key,original_url,timestamp,digest,roster_team,local_file
224KRYNEMCGVEZJ6R3BZGG2IOYI62ZGR,http://www.bsnpr.com:80/jug05.asp?r3=00112&r2=462786RX3B&r=00102&e=,20061208064347,224KRYNEMCGVEZJ6R3BZGG2IOYI62ZGR,,224KRYNEMCGVEZJ6R3BZGG2IOYI62ZGR.html
24RXQQRTBYS3ZDJSEZNMNZSQKJV77L7Q,http://www.bsnpr.com:80/jug05.asp?r3=SQUAX&r2=OLQUXXXGVB&r=00096&e=,20070404075051,24RXQQRTBYS3ZDJSEZNMNZSQKJV77L7Q,,24RXQQRTBYS3ZDJSEZNMNZSQKJV77L7Q.html
25L62TMVO5BSSMM5JGJRSFZHS4BZCZ5D,http://www.bsnpr.com:80/jug05.asp?r3=00208&r2=462766RX2A&r=00075&e=,20061216221534,25L62TMVO5BSSMM5JGJRSFZHS4BZCZ5D,,25L62TMVO5BSSMM5JGJRSFZHS4BZCZ5D.html
25UH6XLPJ235BRHFJ4657THDUBYXLZ45,http://www.bsnpr.com:80/jug05.asp?r2=KENXAWCLXD&r=ZRCVG&e=ISABELA,20051001140706,25UH6XLPJ235BRHFJ4657THDUBYXLZ45,ISABELA,25UH6XLPJ235BRHFJ4657THDUBYXLZ45.html
26JEZ3B2VSI4SO3KCNMJLRLXQ7KOVMRK,http://www.bsnpr.com:80/jug05.asp?r3=NAMLG&r2=FJAGTOKQGG&r=00083&e=,20061207122846,26JEZ3B2VSI4SO3KCNMJLRLXQ7KOVMRK,,26JEZ3B2VSI4SO3KCNMJLRLXQ7KOVMRK.html
26W6QYM7KJHWCA7DOK6KOCSADMXDS4DY,http://www.bsnpr.com:80/jug05.asp?r2=462796RX3G&r3=00257&r=00106&e=SANTURCE,20060528213746,26W6QYM7KJHWCA7DOK6KOCSADMXDS4DY,SANTURCE,26W6QYM7KJHWCA7DOK6KOCSADMXDS4DY.html
27MJHISNALEN6RKGRAKSXPHTL2AQWME7,http://www.bsnpr.com:80/jug05.asp?r3=OJXVC&r2=OKXSWMUWLG&r=00601&e=,20061215015245,27MJHISNALEN6RKGRAKSXPHTL2AQWME7,,27MJHISNALEN6RKGRAKSXPHTL2AQWME7.html
2AUOZIVDC5CQZNW3XYINIAEWFR46WXAS,http://www.bsnpr.com:80/jug05.asp?r2=462716RX07&r3=NOGDK&r=00127&e=SAN+GERMAN,20070224202659,2AUOZIVDC5CQZNW3XYINIAEWFR46WXAS,SAN GERMAN,2AUOZIVDC5CQZNW3XYINIAEWFR46WXAS.html
2BOKXATRPMGJC3Y55M45QBRIZOHTTRTE,http://www.bsnpr.com/jug05.asp?r2=GSPOPSUTYD&r3=LYJAY&r=00539&e=GUAYNABO,20061119225608,2BOKXATRPMGJC3Y55M45QBRIZOHTTRTE,GUAYNABO,2BOKXATRPMGJC3Y55M45QBRIZOHTTRTE.html
2CD4QWXHHD657KKD6WQJ6QYNTADR6W3C,http://www.bsnpr.com:80/jug05.asp?r2=462756RX1S&r=00190&e=PONCE,20050903165547,2CD4QWXHHD657KKD6WQJ6QYNTADR6W3C,PONCE,2CD4QWXHHD657KKD6WQJ6QYNTADR6W3C.html
2CRBTS7H2R5OJGAPDMOLVJKA2NULNQ7L,http://www.bsnpr.com/jug05.asp?r3=WYUJV&r2=OTONCYVGOT&r=00576&e=,20061119221338,2CRBTS7H2R5OJGAPDMOLVJKA2NULNQ7L,,2CRBTS7H2R5OJGAPDMOLVJKA2NULNQ7L.html
2HSAXNZ23W2NEA3XKUPGKHNCM7FWRDUQ,http://www.bsnpr.com:80/jug05.asp?r=00532,20070224202400,2HSAXNZ23W2NEA3XKUPGKHNCM7FWRDUQ,,2HSAXNZ23W2NEA3XKUPGKHNCM7FWRDUQ.html
2IA3M6ZKRB2MXOADBAX5NKZTKNLCRAPN,http://www.bsnpr.com:80/jug05.asp?r3=00185&r2=462756RX1N&r=00044&e=,20061208064222,2IA3M6ZKRB2MXOADBAX5NKZTKNLCRAPN,,2IA3M6ZKRB2MXOADBAX5NKZTKNLCRAPN.html
2JIY5VJXLXGEBACMKH2QSTLV2PZTN4T4,http://www.bsnpr.com:80/jug05.asp?r2=BLBESEULRP&r3=QGUQO&r=00511&e=SAN+GERMAN,20070224202759,2JIY5VJXLXGEBACMKH2QSTLV2PZTN4T4,SAN GERMAN,2JIY5VJXLXGEBACMKH2QSTLV2PZTN4T4.html
2OVDH3OQ5QQ5CIJDAVBEFBQU3QG4KYJI,http://www.bsnpr.com:80/jug05.asp?r2=462766RX2J&r3=00219&r=00111&e=SANTURCE,20060224014915,2OVDH3OQ5QQ5CIJDAVBEFBQU3QG4KYJI,SANTURCE,2OVDH3OQ5QQ5CIJDAVBEFBQU3QG4KYJI.html
2PQCFRKSD5Q5DXIN6QAQ6NX4WCKAN6Z5,http://www.bsnpr.com:80/jug05.asp?r3=LYJAY&r2=GSPOPSUTYD&r=00539&e=,20061006123211,2PQCFRKSD5Q5DXIN6QAQ6NX4WCKAN6Z5,,2PQCFRKSD5Q5DXIN6QAQ6NX4WCKAN6Z5.html
2QB5RCKRXEU2II2YT6OKSR3L4A6CV2QW,http://www.bsnpr.com:80/jug05.asp?r2=462796RX3K&r3=00261&e=ARECIBO,20050418012351,2QB5RCKRXEU2II2YT6OKSR3L4A6CV2QW,ARECIBO,2QB5RCKRXEU2II2YT6OKSR3L4A6CV2QW.html
2R2QQV2OP54AZZUTABV4YNH4AHU3APSD,http://www.bsnpr.com:80/jug05.asp?r3=TVJWS&r2=MWWUSPGWZU&r=00130&e=,20070404013438,2R2QQV2OP54AZZUTABV4YNH4AHU3APSD,,2R2QQV2OP54AZZUTABV4YNH4AHU3APSD.html
2XHAYLTMORBACGXN76RDDOWE43XQRHNH,http://www.bsnpr.com:80/jug05.asp?r2=JCGBPWPGMG&r3=DBRCU&r=00603&e=BAYAMON,20070404074038,2XHAYLTMORBACGXN76RDDOWE43XQRHNH,BAYAMON,2XHAYLTMORBACGXN76RDDOWE43XQRHNH.html
2YDF5CCENOUQYNJVUVFP6OMRKBA7WOMF,http://www.bsnpr.com/jug05.asp?r2=462666RWXQ&r3=00006&r=00001&e=ARECIBO,20061119230752,2YDF5CCENOUQYNJVUVFP6OMRKBA7WOMF,ARECIBO,2YDF5CCENOUQYNJVUVFP6OMRKBA7WOMF.html
326OGTPCOA7MHUQUYIGSGDWJCZDFTQ6Q,http://www.bsnpr.com/jug05.asp?r2=KUTZMIBQHD&r3=SCCBZ&r=00144&e=GUAYNABO,20061119225616,326OGTPCOA7MHUQUYIGSGDWJCZDFTQ6Q,GUAYNABO,326OGTPCOA7MHUQUYIGSGDWJCZDFTQ6Q.html
32MKC36GSSNERITPC67H7NFOMKMEHIFK,http://www.bsnpr.com:80/jug05.asp?r3=+++++&r2=IDMKNHYNVN&r=00565&e=,20060829175159,32MKC36GSSNERITPC67H7NFOMKMEHIFK,,32MKC36GSSNERITPC67H7NFOMKMEHIFK.html
3337JNBLQQG2FQJ3MPBYQH3PTDMCIPPK,http://www.bsnpr.com/jug05.asp?r2=462766RX2A&r3=00208&r=00075&e=ARECIBO,20061119230722,3337JNBLQQG2FQJ3MPBYQH3PTDMCIPPK,ARECIBO,3337JNBLQQG2FQJ3MPBYQH3PTDMCIPPK.html
3474WRVTXQVMXQDDBYRDDRKYBW7BUBIM,http://www.bsnpr.com/jug05.asp?r2=NFGFOVGUNE&r3=EDWFK&r=00034&e=ARECIBO,20061119230826,3474WRVTXQVMXQDDBYRDDRKYBW7BUBIM,ARECIBO,3474WRVTXQVMXQDDBYRDDRKYBW7BUBIM.html
35KVG72HN4EIJECKK6CB4GJE3LYDLZ2G,http://www.bsnpr.com:80/jug05.asp?r2=462766RX26&r3=00204&e=ARECIBO,20050924061105,35KVG72HN4EIJECKK6CB4GJE3LYDLZ2G,ARECIBO,35KVG72HN4EIJECKK6CB4GJE3LYDLZ2G.html
36XTG2UUXO6INKV4B4QMCJ4C3QD6OCHF,http://www.bsnpr.com/jug05.asp?r2=MWWUSPGWZU&r3=TVJWS&r=00130&e=HUMACAO,20061119231310,36XTG2UUXO6INKV4B4QMCJ4C3QD6OCHF,HUMACAO,36XTG2UUXO6INKV4B4QMCJ4C3QD6OCHF.html
3AHY4M6VPGJP7J67FTYBBDXNMZ3C5H6G,http://www.bsnpr.com:80/jug05.asp?r3=00042&r2=462676RWYI&r=00057&e=,20061206190144,3AHY4M6VPGJP7J67FTYBBDXNMZ3C5H6G,,3AHY4M6VPGJP7J67FTYBBDXNMZ3C5H6G.html
3AZ2QNBAD2EWF572H5GCKWZPUFYNNGRG,http://www.bsnpr.com:80/jug05.asp?r3=MESTH&r2=CZLCWDQUEG&r=00502&e=,20061008161836,3AZ2QNBAD2EWF572H5GCKWZPUFYNNGRG,,3AZ2QNBAD2EWF572H5GCKWZPUFYNNGRG.html
3B2VVPNWMY7OWQMWHA3PWSRBRDUOSRSH,http://www.bsnpr.com:80/jug05.asp?r3=00198&r2=462756RX20&r=00006&e=,20061206190234,3B2VVPNWMY7OWQMWHA3PWSRBRDUOSRSH,,3B2VVPNWMY7OWQMWHA3PWSRBRDUOSRSH.html
3CSERW5D5MQUEPYGXSY2GRZ5JJX6LDR7,http://www.bsnpr.com:80/jug05.asp?r2=462776RX2X&r3=00233&e=ARECIBO,20050418013148,3CSERW5D5MQUEPYGXSY2GRZ5JJX6LDR7,ARECIBO,3CSERW5D5MQUEPYGXSY2GRZ5JJX6LDR7.html
3CVWQR6ZE562KVVIWDH6JNNQL7TXDLZA,http://www.bsnpr.com:80/jug05.asp?r=00527,20060618111135,3CVWQR6ZE562KVVIWDH6JNNQL7TXDLZA,,3CVWQR6ZE562KVVIWDH6JNNQL7TXDLZA.html
3EP6ZG5K5OLD56HVDAGT4GP22RB5N5XR,http://www.bsnpr.com:80/jug05.asp?r3=00138&r2=462726RX0L&r=00046&e=,20061206115330,3EP6ZG5K5OLD56HVDAGT4GP22RB5N5XR,,3EP6ZG5K5OLD56HVDAGT4GP22RB5N5XR.html
3ISM74MFTTCOU7626GGLPOZ43Y657XY2,http://www.bsnpr.com:80/jug05.asp?r=00538,20060618111200,3ISM74MFTTCOU7626GGLPOZ43Y657XY2,,3ISM74MFTTCOU7626GGLPOZ43Y657XY2.html
3JHJ5SKP3M7TDVN5NXLMCTX7PFDWZDI5,http://www.bsnpr.com:80/jug05.asp?r3=00121&r2=462716RX07&r=00127&e=,20061210022116,3JHJ5SKP3M7TDVN5NXLMCTX7PFDWZDI5,,3JHJ5SKP3M7TDVN5NXLMCTX7PFDWZDI5.html
3RKPU6AEAN4SRXPSCJOBXRSNFD5TVNE2,http://www.bsnpr.com:80/jug05.asp?r3=QRJGN&r2=WCPCJDEPGL&r=00542&e=,20070404072946,3RKPU6AEAN4SRXPSCJOBXRSNFD5TVNE2,,3RKPU6AEAN4SRXPSCJOBXRSNFD5TVNE2.html
3S3LDL3LIFLIC35HZIAU5WTU5ZWWKAR2,http://www.bsnpr.com:80/jug05.asp?r3=00262&r2=462796RX3L&r=00100&e=,20061009095710,3S3LDL3LIFLIC35HZIAU5WTU5ZWWKAR2,,3S3LDL3LIFLIC35HZIAU5WTU5ZWWKAR2.html
3SSL6HA4T7G2POCBEXDCRZA2EYN4V4B7,http://www.bsnpr.com:80/jug05.asp?r=00021,20070224020905,3SSL6HA4T7G2POCBEXDCRZA2EYN4V4B7,,3SSL6HA4T7G2POCBEXDCRZA2EYN4V4B7.html
3ZMU5VK35ICZZYJOOXJSG5LJFSQH74IF,http://www.bsnpr.com:80/jug05.asp?r3=BXFKF&r2=RRUPKIVAUK&r=00123&e=,20061207025744,3ZMU5VK35ICZZYJOOXJSG5LJFSQH74IF,,3ZMU5VK35ICZZYJOOXJSG5LJFSQH74IF.html
3ZRFCMEW36N6R5LFROMEFREBM6QCZZ6R,http://www.bsnpr.com:80/jug05.asp?r2=462686RWYM&r3=00050&e=BAYAMON,20050501060308,3ZRFCMEW36N6R5LFROMEFREBM6QCZZ6R,BAYAMON,3ZRFCMEW36N6R5LFROMEFREBM6QCZZ6R.html
47BQIH65ECGSXCSVM564DZT4BCAO43KE,http://www.bsnpr.com/jug05.asp?r2=462726RX0H&r3=00133&r=00501&e=MOROVIS,20061119231113,47BQIH65ECGSXCSVM564DZT4BCAO43KE,MOROVIS,47BQIH65ECGSXCSVM564DZT4BCAO43KE.html
4B4CXDVI673OWAWVK4QVEGHISB5DFS2B,http://www.bsnpr.com:80/jug05.asp?r3=00241&r2=462786RX33&r=00118&e=,20060827011831,4B4CXDVI673OWAWVK4QVEGHISB5DFS2B,,4B4CXDVI673OWAWVK4QVEGHISB5DFS2B.html
4BNOZHSP3STE5B64MPJM42NEUTEA73ZG,http://www.bsnpr.com:80/jug05.asp?r2=462706RWZQ&r3=00101&e=ARECIBO,20050924072702,4BNOZHSP3STE5B64MPJM42NEUTEA73ZG,ARECIBO,4BNOZHSP3STE5B64MPJM42NEUTEA73ZG.html
4D433XU2W4XQVHMPYI6WZCRRG5LBL4OS,http://www.bsnpr.com:80/jug05.asp?r3=00039&r2=462676RWYF&r=00110&e=,20061006122431,4D433XU2W4XQVHMPYI6WZCRRG5LBL4OS,,4D433XU2W4XQVHMPYI6WZCRRG5LBL4OS.html
4GR2KEZIZ6TTL4NE32SUWQXBZ7MPGIWZ,http://www.bsnpr.com/jug05.asp?r2=462696RWZ6&r3=00075&r=00559&e=MOROVIS,20061119231056,4GR2KEZIZ6TTL4NE32SUWQXBZ7MPGIWZ,MOROVIS,4GR2KEZIZ6TTL4NE32SUWQXBZ7MPGIWZ.html
4GUJG2XPK6XBTKEC7OERAUCNXWQVTRYY,http://www.bsnpr.com:80/jug05.asp?r=00144,20070224080916,4GUJG2XPK6XBTKEC7OERAUCNXWQVTRYY,,4GUJG2XPK6XBTKEC7OERAUCNXWQVTRYY.html
4HMKR3VCS5XSKIZKFUIYZPUCBIFO7NZX,http://www.bsnpr.com:80/jug05.asp?r3=AUFGZ&r2=QTXDFUTFRQ&r=00154&e=,20061210150635,4HMKR3VCS5XSKIZKFUIYZPUCBIFO7NZX,,4HMKR3VCS5XSKIZKFUIYZPUCBIFO7NZX.html
4JNKUBBV6HHQIM35XOLQ2Y5YTXYB3BAG,http://www.bsnpr.com:80/jug05.asp?r3=QIGCQ&r2=WKYIXVIKDD&r=00554&e=,20061206115716,4JNKUBBV6HHQIM35XOLQ2Y5YTXYB3BAG,,4JNKUBBV6HHQIM35XOLQ2Y5YTXYB3BAG.html
4JSZHMIYIJXVMCBW6IQ62XGFTT552QYN,http://www.bsnpr.com:80/jug05.asp?r3=EXFEJ&r2=IEHKJPQPCI&r=00536&e=,20061010080239,4JSZHMIYIJXVMCBW6IQ62XGFTT552QYN,,4JSZHMIYIJXVMCBW6IQ62XGFTT552QYN.html
4KVW4JVSXWM2MGNK34AJM6YJPK4SSY24,http://www.bsnpr.com:80/jug05.asp?r2=462796RX3F&r3=00254&r=00105&e=SANTURCE,20060224014959,4KVW4JVSXWM2MGNK34AJM6YJPK4SSY24,SANTURCE,4KVW4JVSXWM2MGNK34AJM6YJPK4SSY24.html
4LRJZO252Y4FLS4R7CMXJOSSL72G2N2A,http://www.bsnpr.com:80/jug05.asp?r3=00192&r2=462756RX1U&r=00092&e=,20061006123058,4LRJZO252Y4FLS4R7CMXJOSSL72G2N2A,,4LRJZO252Y4FLS4R7CMXJOSSL72G2N2A.html
4NUFVSHZAKXM6CHHH3JIDIITTXWFK5FS,http://www.bsnpr.com:80/jug05.asp?r3=00247&r2=462786RX39&r=00560&e=,20070404080316,4NUFVSHZAKXM6CHHH3JIDIITTXWFK5FS,,4NUFVSHZAKXM6CHHH3JIDIITTXWFK5FS.html
4RGTBYOWVGFIGL2JNY4KEQODYHYZNU4P,http://www.bsnpr.com:80/jug05.asp?r2=462696RWZC&r=00083&e=CAROLINA,20050409233511,4RGTBYOWVGFIGL2JNY4KEQODYHYZNU4P,CAROLINA,4RGTBYOWVGFIGL2JNY4KEQODYHYZNU4P.html
4S53Y565T6N2GY6VEU3MF3ESQI7TMA4I,http://www.bsnpr.com:80/jug05.asp?r3=NLVVZ&r2=MAOZKUXFDO&r=00522&e=,20061008162153,4S53Y565T6N2GY6VEU3MF3ESQI7TMA4I,,4S53Y565T6N2GY6VEU3MF3ESQI7TMA4I.html
4S5SDHYV6Z32FD7D6ILHBMFTW3T2PCMX,http://www.bsnpr.com:80/jug05.asp?r=00500,20060618110535,4S5SDHYV6Z32FD7D6ILHBMFTW3T2PCMX,,4S5SDHYV6Z32FD7D6ILHBMFTW3T2PCMX.html
4XLBBFFOWPGZVFGGOTBEW2BM2UEG63BY,http://www.bsnpr.com:80/jug05.asp?r3=00185&r2=462756RX1N&r=00044&e=,20070404013906,4XLBBFFOWPGZVFGGOTBEW2BM2UEG63BY,,4XLBBFFOWPGZVFGGOTBEW2BM2UEG63BY.html
4Z7QZT3CNJQL2UII26VMFHAVSACKQESG,http://www.bsnpr.com:80/jug05.asp?r=00572,20070224202310,4Z7QZT3CNJQL2UII26VMFHAVSACKQESG,,4Z7QZT3CNJQL2UII26VMFHAVSACKQESG.html
52PIVQ3GYTVSMNO7OPXNYNJH5K24UEW7,http://www.bsnpr.com:80/jug05.asp?r2=462676RWYF&r3=00039&r=00110&e=SANTURCE,20060828221323,52PIVQ3GYTVSMNO7OPXNYNJH5K24UEW7,SANTURCE,52PIVQ3GYTVSMNO7OPXNYNJH5K24UEW7.html
53JOCRZNGTJKUZIPNNJBYQKPE33GZL72,http://www.bsnpr.com:80/jug05.asp?r2=462736RX12&r3=00158&e=ARECIBO,20050924073701,53JOCRZNGTJKUZIPNNJBYQKPE33GZL72,ARECIBO,53JOCRZNGTJKUZIPNNJBYQKPE33GZL72.html
5CQKZS7SY3ECGX6KDUYVPONSPCXHXN7S,http://www.bsnpr.com:80/jug05.asp?r2=462736RX12&r3=00158&r=00010&e=SAN+GERMAN,20070224202719,5CQKZS7SY3ECGX6KDUYVPONSPCXHXN7S,SAN GERMAN,5CQKZS7SY3ECGX6KDUYVPONSPCXHXN7S.html
5EIMLAUBJVWQ4KUQWS2DMIUEP7J6XTIZ,http://www.bsnpr.com:80/jug05.asp?r3=00195&r2=462756RX1X&r=00031&e=,20070404013935,5EIMLAUBJVWQ4KUQWS2DMIUEP7J6XTIZ,,5EIMLAUBJVWQ4KUQWS2DMIUEP7J6XTIZ.html
5EQBGF6SHJBFJPII3JJCQTNJ7X2CET63,http://www.bsnpr.com:80/jug05.asp?r=00528,20070224202350,5EQBGF6SHJBFJPII3JJCQTNJ7X2CET63,,5EQBGF6SHJBFJPII3JJCQTNJ7X2CET63.html
5FA5KBWATF7MZOAW5ZCQWNWBLYF43CUE,http://www.bsnpr.com:80/jug05.asp?r3=00007&r2=462666RWXR&r=00014&e=,20061215134720,5FA5KBWATF7MZOAW5ZCQWNWBLYF43CUE,,5FA5KBWATF7MZOAW5ZCQWNWBLYF43CUE.html
5HVJJZMVCMUKSLHRO5YSMWWQIKYYPEVX,http://www.bsnpr.com:80/jug05.asp,20050713232542,5HVJJZMVCMUKSLHRO5YSMWWQIKYYPEVX,,5HVJJZMVCMUKSLHRO5YSMWWQIKYYPEVX.html
5HWEZPPCEAIRAZ6NUWCZFZ6FGRRSENHU,http://www.bsnpr.com:80/jug05.asp?r2=462696RWZ6&r=00075&e=CAGUAS,20050906053513,5HWEZPPCEAIRAZ6NUWCZFZ6FGRRSENHU,CAGUAS,5HWEZPPCEAIRAZ6NUWCZFZ6FGRRSENHU.html
5LKXYUJDADGS7MSUZOFC3K4FVQF2IDRG,http://www.bsnpr.com:80/jug05.asp?r2=462736RX0S&r=00145&e=BAYAMON,20050922135649,5LKXYUJDADGS7MSUZOFC3K4FVQF2IDRG,BAYAMON,5LKXYUJDADGS7MSUZOFC3K4FVQF2IDRG.html
5ML6J42U3FEEPWBVFVJCUW65R7NJDAU6,http://www.bsnpr.com:80/jug05.asp?r=00522,20070223161708,5ML6J42U3FEEPWBVFVJCUW65R7NJDAU6,,5ML6J42U3FEEPWBVFVJCUW65R7NJDAU6.html
5MU5VRMTVXJ63LE5TTHJJQSZLLPGQF7Q,http://www.bsnpr.com:80/jug05.asp?r3=+++++&r2=IDMKNHYNVN&r=00565&e=,20070404011401,5MU5VRMTVXJ63LE5TTHJJQSZLLPGQF7Q,,5MU5VRMTVXJ63LE5TTHJJQSZLLPGQF7Q.html
5PVKX4UC26HPVGOVIZXIELXVLRG76HJD,http://www.bsnpr.com:80/jug05.asp?r2=462686RWYP&r=00055&e=CAGUAS,20050903213008,5PVKX4UC26HPVGOVIZXIELXVLRG76HJD,CAGUAS,5PVKX4UC26HPVGOVIZXIELXVLRG76HJD.html
5RXAUEC3QENZ4K4H4BUMVRUAKJIM6ORL,http://www.bsnpr.com:80/jug05.asp?r3=00062&r2=462686RWYV&r=00066&e=,20061007023720,5RXAUEC3QENZ4K4H4BUMVRUAKJIM6ORL,,5RXAUEC3QENZ4K4H4BUMVRUAKJIM6ORL.html
5T5P4BA4XBTUTOLNJZWSBQJBTNUFLHPE,http://www.bsnpr.com:80/jug05.asp?r2=KVRFULQVQD&r=SXFEF&e=ISABELA,20050409234049,5T5P4BA4XBTUTOLNJZWSBQJBTNUFLHPE,ISABELA,5T5P4BA4XBTUTOLNJZWSBQJBTNUFLHPE.html
5UVENR2EQCAHX3RFCITQQMPZKPMTNNZN,http://www.bsnpr.com:80/jug05.asp?r=00104,20070224202330,5UVENR2EQCAHX3RFCITQQMPZKPMTNNZN,,5UVENR2EQCAHX3RFCITQQMPZKPMTNNZN.html
5XQJ37S27CMZYJAG22VS6J5IVZPSI7GH,http://www.bsnpr.com:80/jug05.asp?r2=FJAGTOKQGG&r=NAMLG&e=ISABELA,20050928101221,5XQJ37S27CMZYJAG22VS6J5IVZPSI7GH,ISABELA,5XQJ37S27CMZYJAG22VS6J5IVZPSI7GH.html
5YVG6Z5O3U7DUG47KRU2JYNHTEOQNYTX,http://www.bsnpr.com:80/jug05.asp?r3=00199&r2=462756RX21&r=00082&e=,20061208064021,5YVG6Z5O3U7DUG47KRU2JYNHTEOQNYTX,,5YVG6Z5O3U7DUG47KRU2JYNHTEOQNYTX.html
64KNLFRPIIYGTEJQT4RY6WFDP33RIC4W,http://www.bsnpr.com:80/jug05.asp?r2=OLQUXXXGVB&r=SQUAX&e=PONCE,20051001051615,64KNLFRPIIYGTEJQT4RY6WFDP33RIC4W,PONCE,64KNLFRPIIYGTEJQT4RY6WFDP33RIC4W.html
65DJRPDU67N6ZW4RJXHPR4BIIUI2FLBU,http://www.bsnpr.com:80/jug05.asp?r2=462706RWZQ&r=00101&e=ARECIBO,20050924073312,65DJRPDU67N6ZW4RJXHPR4BIIUI2FLBU,ARECIBO,65DJRPDU67N6ZW4RJXHPR4BIIUI2FLBU.html
66IE3B2FE562V4TW2VBXVD7RMARQGBMO,http://www.bsnpr.com:80/jug05.asp?r3=00011&r2=462666RWXV&r=00004&e=,20061005151722,66IE3B2FE562V4TW2VBXVD7RMARQGBMO,,66IE3B2FE562V4TW2VBXVD7RMARQGBMO.html
6E33P4NQPGURL55DUVROPBRJUQXGHVP7,http://www.bsnpr.com:80/jug05.asp?r3=JQBJK&r2=SCJTNCXIFZ&r=00508&e=,20070404013851,6E33P4NQPGURL55DUVROPBRJUQXGHVP7,,6E33P4NQPGURL55DUVROPBRJUQXGHVP7.html
6EJS4JZJ42VXM25CTNHM7GISGVKMB3JY,http://www.bsnpr.com:80/jug05.asp?r2=462706RWZT&r3=00105&e=COAMO,20050501125353,6EJS4JZJ42VXM25CTNHM7GISGVKMB3JY,COAMO,6EJS4JZJ42VXM25CTNHM7GISGVKMB3JY.html
6ERDULKUZZ6QT5EXZFTRT5K5DXILJ2HX,http://www.bsnpr.com:80/jug05.asp?r2=462766RX2H&r3=00217&r=00529&e=SANTURCE,20061211222615,6ERDULKUZZ6QT5EXZFTRT5K5DXILJ2HX,SANTURCE,6ERDULKUZZ6QT5EXZFTRT5K5DXILJ2HX.html
6GHXMDXVKSFSMOQQOW7F5LQVE73BFC46,http://www.bsnpr.com:80/jug05.asp?r2=462666RWXQ&r3=00006&e=ARECIBO,20050418012459,6GHXMDXVKSFSMOQQOW7F5LQVE73BFC46,ARECIBO,6GHXMDXVKSFSMOQQOW7F5LQVE73BFC46.html
6I6QVYLHQ5WP5JH5FDQVJEH7GPNMKJVV,http://www.bsnpr.com:80/jug05.asp?r3=00040&r2=462676RWYG&r=00019&e=,20061207193824,6I6QVYLHQ5WP5JH5FDQVJEH7GPNMKJVV,,6I6QVYLHQ5WP5JH5FDQVJEH7GPNMKJVV.html
6IXPTSWQZLSBWTLTUFY2WSHKDWVNLMH4,http://www.bsnpr.com:80/jug05.asp?r3=00160&r2=462736RX14&r=00117&e=,20070404075323,6IXPTSWQZLSBWTLTUFY2WSHKDWVNLMH4,,6IXPTSWQZLSBWTLTUFY2WSHKDWVNLMH4.html
6MAWF2L2JJQP7LXOXLBQVGEOMUCXJLED,http://www.bsnpr.com:80/jug05.asp?r=00065,20070224021044,6MAWF2L2JJQP7LXOXLBQVGEOMUCXJLED,,6MAWF2L2JJQP7LXOXLBQVGEOMUCXJLED.html
6NNY4CB6V4ROX2KOAE4EEF6UCBLGY3G3,http://www.bsnpr.com:80/jug05.asp?r2=462756RX1X&r3=00195&e=COAMO,20050501125417,6NNY4CB6V4ROX2KOAE4EEF6UCBLGY3G3,COAMO,6NNY4CB6V4ROX2KOAE4EEF6UCBLGY3G3.html
6PTVPY2MWC2PGQCVGIJG6C57HC3TPV4I,http://www.bsnpr.com:80/jug05.asp?r3=00094&r2=462706RWZK&r=00056&e=,20070404012132,6PTVPY2MWC2PGQCVGIJG6C57HC3TPV4I,,6PTVPY2MWC2PGQCVGIJG6C57HC3TPV4I.html
6PX65SYBS6NKACJRVHIPWZEVSJFWHFFJ,http://www.bsnpr.com:80/jug05.asp?r3=DRTAN&r2=NIHVRSCXDM&r=00131&e=,20061207122836,6PX65SYBS6NKACJRVHIPWZEVSJFWHFFJ,,6PX65SYBS6NKACJRVHIPWZEVSJFWHFFJ.html
6Q7XWZSQTDCW6PSAH26UEMPDSZVS3L75,http://www.bsnpr.com:80/jug05.asp?r=00069,20060618110838,6Q7XWZSQTDCW6PSAH26UEMPDSZVS3L75,,6Q7XWZSQTDCW6PSAH26UEMPDSZVS3L75.html
6SCD4WHU5NHNGIKEQVX52MBP5IZ4JTFW,http://www.bsnpr.com:80/jug05.asp?r3=VQXGQ&r2=QMJABVAHQC&r=00500&e=,20060829191659,6SCD4WHU5NHNGIKEQVX52MBP5IZ4JTFW,,6SCD4WHU5NHNGIKEQVX52MBP5IZ4JTFW.html
6VKRGRPIRXYJ6NUBNB4WW5KYBTZZZ34K,http://www.bsnpr.com:80/jug05.asp?r3=00211&r2=462766RX2D&r=00518&e=,20061208064152,6VKRGRPIRXYJ6NUBNB4WW5KYBTZZZ34K,,6VKRGRPIRXYJ6NUBNB4WW5KYBTZZZ34K.html
73A5O6TQGGZPHHQ53Z2JQMOT2QRFHLOH,http://www.bsnpr.com:80/jug05.asp?r=00095,20060618110957,73A5O6TQGGZPHHQ53Z2JQMOT2QRFHLOH,,73A5O6TQGGZPHHQ53Z2JQMOT2QRFHLOH.html
74UN2P5N53Q423S7ETIWC6Z5LFEC4PLN,http://www.bsnpr.com:80/jug05.asp?r3=00226&r2=462776RX2Q&r=00077&e=,20070404080215,74UN2P5N53Q423S7ETIWC6Z5LFEC4PLN,,74UN2P5N53Q423S7ETIWC6Z5LFEC4PLN.html
76JZ43OPER2YSJSJNTI5WQ2YDSJZQJDA,http://www.bsnpr.com:80/jug05.asp?r2=462756RX1T&r3=00191&r=00091&e=PONCE,20060909091946,76JZ43OPER2YSJSJNTI5WQ2YDSJZQJDA,PONCE,76JZ43OPER2YSJSJNTI5WQ2YDSJZQJDA.html
7AEA6Z42GSLKJWT3TPYCC2ZHCG6XKWNA,http://www.bsnpr.com:80/jug05.asp?r=00052,20060713002107,7AEA6Z42GSLKJWT3TPYCC2ZHCG6XKWNA,,7AEA6Z42GSLKJWT3TPYCC2ZHCG6XKWNA.html
7DQM7ANALDDO4CFSU7QRAOCPPC7VDLML,http://www.bsnpr.com:80/jug05.asp?r2=FMJCFBIPED&r3=VPDKP&e=COAMO,20050501125429,7DQM7ANALDDO4CFSU7QRAOCPPC7VDLML,COAMO,7DQM7ANALDDO4CFSU7QRAOCPPC7VDLML.html
7DQOBE5BVSCYXVOUOISIUMI7RK3CKNFD,http://www.bsnpr.com/jug05.asp?r2=462746RX1H&r3=00179&r=00045&e=COAMO,20061119230613,7DQOBE5BVSCYXVOUOISIUMI7RK3CKNFD,COAMO,7DQOBE5BVSCYXVOUOISIUMI7RK3CKNFD.html
7GP4MFW3IEDZYJ5KAEIEQQXLMAVBZIGS,http://www.bsnpr.com:80/jug05.asp,20050601003810,7GP4MFW3IEDZYJ5KAEIEQQXLMAVBZIGS,,7GP4MFW3IEDZYJ5KAEIEQQXLMAVBZIGS.html
7HP3HYG5PNXPTQEF3HVP344K5EJXMQKJ,http://www.bsnpr.com/jug05.asp?r2=SFHXEXKHZY&r3=HXZMM&r=00527&e=CAGUAS,20061119230948,7HP3HYG5PNXPTQEF3HVP344K5EJXMQKJ,CAGUAS,7HP3HYG5PNXPTQEF3HVP344K5EJXMQKJ.html
7IHGXN437Q3JDQ646MGWCRWIYDFHMXVF,http://www.bsnpr.com:80/jug05.asp?r3=VQQXC&r2=PVUKUVMQOM&r=00087&e=,20061215015333,7IHGXN437Q3JDQ646MGWCRWIYDFHMXVF,,7IHGXN437Q3JDQ646MGWCRWIYDFHMXVF.html
7IMTYDOWGL5DS7KZHCLKYGFQIF5DVOKR,http://www.bsnpr.com:80/jug05.asp?r3=00247&r2=462786RX39&r=00560&e=,20060829074636,7IMTYDOWGL5DS7KZHCLKYGFQIF5DVOKR,,7IMTYDOWGL5DS7KZHCLKYGFQIF5DVOKR.html
7JEG4YYVEMWG7REP24VWGIDD4NWFWNZV,http://www.bsnpr.com:80/jug05.asp?r3=FSWWD&r2=462776RX2V&r=00124&e=,20061006123158,7JEG4YYVEMWG7REP24VWGIDD4NWFWNZV,,7JEG4YYVEMWG7REP24VWGIDD4NWFWNZV.html
7KFLG2CEMZC6BIIUKIDQPR7XJKDBN3NB,http://www.bsnpr.com:80/jug05.asp?r2=462686RWYW&r=00063&e=CAROLINA,20050409232452,7KFLG2CEMZC6BIIUKIDQPR7XJKDBN3NB,CAROLINA,7KFLG2CEMZC6BIIUKIDQPR7XJKDBN3NB.html
7M2YJUTXBUGIUFRXRGL4W3SXEP2LWN4I,http://www.bsnpr.com:80/jug05.asp?r3=00265&r2=462796RX3O&r=00023&e=,20061005150918,7M2YJUTXBUGIUFRXRGL4W3SXEP2LWN4I,,7M2YJUTXBUGIUFRXRGL4W3SXEP2LWN4I.html
7M57JG3GMD73WIC7VKJGICCOV5ND74YJ,http://www.bsnpr.com:80/jug05.asp?r2=462676RWYH&r3=00041&e=COAMO,20050501125329,7M57JG3GMD73WIC7VKJGICCOV5ND74YJ,COAMO,7M57JG3GMD73WIC7VKJGICCOV5ND74YJ.html
7MVCKNVESATR2SXOPRH72ILA3LVPXNHJ,http://www.bsnpr.com:80/jug05.asp?r2=462706RWZP&r3=00100&e=BAYAMON,20050501060325,7MVCKNVESATR2SXOPRH72ILA3LVPXNHJ,BAYAMON,7MVCKNVESATR2SXOPRH72ILA3LVPXNHJ.html
7NLUYSFXS4ISYDS4HI4CFQHR7O7RRZLG,http://www.bsnpr.com:80/jug05.asp?r3=VUWKH&r2=QQUHMPOFDN&r=00061&e=,20061212190229,7NLUYSFXS4ISYDS4HI4CFQHR7O7RRZLG,,7NLUYSFXS4ISYDS4HI4CFQHR7O7RRZLG.html
7VE4DEZXMQ5NCOG7DHS5NUWGKVWAPA63,http://www.bsnpr.com:80/jug05.asp?r3=POOHO&r2=TDTAOSFKIV&r=00506&e=,20070404013456,7VE4DEZXMQ5NCOG7DHS5NUWGKVWAPA63,,7VE4DEZXMQ5NCOG7DHS5NUWGKVWAPA63.html
7WELRKYMX4XG5RE2KEHUEW3TG5YAMPBY,http://www.bsnpr.com/jug05.asp?r2=462746RX1L&r3=00183&r=00088&e=PONCE,20061119231617,7WELRKYMX4XG5RE2KEHUEW3TG5YAMPBY,PONCE,7WELRKYMX4XG5RE2KEHUEW3TG5YAMPBY.html
7ZCEFJPBYPEFAXB4SV7COSQ3EGKIAN6D,http://www.bsnpr.com:80/jug05.asp?r2=462766RX26&r3=00204&e=ARECIBO,20050418012102,7ZCEFJPBYPEFAXB4SV7COSQ3EGKIAN6D,ARECIBO,7ZCEFJPBYPEFAXB4SV7COSQ3EGKIAN6D.html
A3JRPQIMEJM5SDRANHSASVLA5FATRFCX,http://www.bsnpr.com/jug05.asp?r2=462766RX2G&r3=00216&r=00093&e=GUAYNABO,20061119225540,A3JRPQIMEJM5SDRANHSASVLA5FATRFCX,GUAYNABO,A3JRPQIMEJM5SDRANHSASVLA5FATRFCX.html
A5D6ZSPQY2Y6IGITTM5QD4ASTBMMN5NY,http://www.bsnpr.com:80/jug05.asp?r2=QQRXUFBMBV&r3=QSBVQ&e=COAMO,20050501125437,A5D6ZSPQY2Y6IGITTM5QD4ASTBMMN5NY,COAMO,A5D6ZSPQY2Y6IGITTM5QD4ASTBMMN5NY.html
A5OGSZ2WDMU52QEBPZ3L475BDVL3AGDP,http://www.bsnpr.com/jug05.asp?r2=462696RWZ9&r3=00078&r=00074&e=HUMACAO,20061119231416,A5OGSZ2WDMU52QEBPZ3L475BDVL3AGDP,HUMACAO,A5OGSZ2WDMU52QEBPZ3L475BDVL3AGDP.html
A5U45NTXJXYRUJGQI5WB7AC3GZUJJM3C,http://www.bsnpr.com:80/jug05.asp?r2=462776RX2Q&r=00226&e=ISABELA,20050904203219,A5U45NTXJXYRUJGQI5WB7AC3GZUJJM3C,ISABELA,A5U45NTXJXYRUJGQI5WB7AC3GZUJJM3C.html
AA5P6MF2KJADWBKESKUABKL4TMTX7VYI,http://www.bsnpr.com:80/jug05.asp?r3=00005&r2=462656RWXP&r=00085&e=,20061206190118,AA5P6MF2KJADWBKESKUABKL4TMTX7VYI,,AA5P6MF2KJADWBKESKUABKL4TMTX7VYI.html
ABUZ5OHJ4S77ENXKW3OALYQENK3G4UP3,http://www.bsnpr.com:80/jug05.asp?r3=00100&r2=462706RWZP&r=00028&e=,20061207025720,ABUZ5OHJ4S77ENXKW3OALYQENK3G4UP3,,ABUZ5OHJ4S77ENXKW3OALYQENK3G4UP3.html
ADJFZH5H7H4HUARDP6GNTCDGDDH2IPEM,http://www.bsnpr.com:80/jug05.asp?r=00069,20060713001734,ADJFZH5H7H4HUARDP6GNTCDGDDH2IPEM,,ADJFZH5H7H4HUARDP6GNTCDGDDH2IPEM.html
AIU64IVWTUFJTKPAZJIIGO7XM47PQRQJ,http://www.bsnpr.com:80/jug05.asp?r3=00220&r2=462776RX2K&r=00113&e=,20070404014145,AIU64IVWTUFJTKPAZJIIGO7XM47PQRQJ,,AIU64IVWTUFJTKPAZJIIGO7XM47PQRQJ.html
AJ5TERRTSDUUNR5RQMYFLBRIW5MUNSNO,http://www.bsnpr.com:80/jug05.asp?r3=00036&r2=462676RWYC&r=00101&e=,20070404080147,AJ5TERRTSDUUNR5RQMYFLBRIW5MUNSNO,,AJ5TERRTSDUUNR5RQMYFLBRIW5MUNSNO.html
ALTK5HEIPPR2QBLJCSWWPMIJVUAZJFQD,http://www.bsnpr.com/jug05.asp?r2=462746RX1D&r3=00171&r=00073&e=GUAYNABO,20061119225549,ALTK5HEIPPR2QBLJCSWWPMIJVUAZJFQD,GUAYNABO,ALTK5HEIPPR2QBLJCSWWPMIJVUAZJFQD.html
AOB4O3N37WNQOTPGOOSVUIPFLWII7L4P,http://www.bsnpr.com:80/jug05.asp?r3=MMTTC&r2=HJFBCZMZFC&r=00538&e=,20061207025834,AOB4O3N37WNQOTPGOOSVUIPFLWII7L4P,,AOB4O3N37WNQOTPGOOSVUIPFLWII7L4P.html
AOLFHKH4WZAXDQI32AULYMZNJG5DERG3,http://www.bsnpr.com:80/jug05.asp?r3=+++++&r2=EAMPJSURGV&r=00567&e=,20061214131518,AOLFHKH4WZAXDQI32AULYMZNJG5DERG3,,AOLFHKH4WZAXDQI32AULYMZNJG5DERG3.html
ARKJXOCJFTEKLTNNEYWG26DZMJNBM7PN,http://www.bsnpr.com:80/jug05.asp?r3=00204&r2=462766RX26&r=00005&e=,20061206190246,ARKJXOCJFTEKLTNNEYWG26DZMJNBM7PN,,ARKJXOCJFTEKLTNNEYWG26DZMJNBM7PN.html
AUNWOEJ5CNIBA7PSH4237LG4ID5GW4SH,http://www.bsnpr.com:80/jug05.asp?r3=JQBJK&r2=SCJTNCXIFZ&r=00508&e=,20061005151745,AUNWOEJ5CNIBA7PSH4237LG4ID5GW4SH,,AUNWOEJ5CNIBA7PSH4237LG4ID5GW4SH.html
AVBNF2PGIFNSVYUAXVJLVWJG27Z3CATQ,http://www.bsnpr.com:80/jug05.asp?r3=00191&r2=462756RX1T&r=00091&e=,20061206115439,AVBNF2PGIFNSVYUAXVJLVWJG27Z3CATQ,,AVBNF2PGIFNSVYUAXVJLVWJG27Z3CATQ.html
AZDPBW3HDYUREBDJDKPRJFK2X3WHCL4Z,http://www.bsnpr.com:80/jug05.asp?r3=00145&r2=462736RX0S&r=00025&e=,20061212190415,AZDPBW3HDYUREBDJDKPRJFK2X3WHCL4Z,,AZDPBW3HDYUREBDJDKPRJFK2X3WHCL4Z.html
AZUHSHBYD67MKFRCO4IPAY5N2YXQIYR5,http://www.bsnpr.com:80/jug05.asp?r3=00262&r2=462796RX3L&r=00100&e=,20061216221057,AZUHSHBYD67MKFRCO4IPAY5N2YXQIYR5,,AZUHSHBYD67MKFRCO4IPAY5N2YXQIYR5.html
B2666EVC3QAA2VKELZAEF4AR5ASRZA3B,http://www.bsnpr.com:80/jug05.asp?r2=462746RX1D&r=00171&e=ISABELA,20050409233847,B2666EVC3QAA2VKELZAEF4AR5ASRZA3B,ISABELA,B2666EVC3QAA2VKELZAEF4AR5ASRZA3B.html
B3JEUDNX4UZPS4M5OZC25DD6NIRBJGFU,http://www.bsnpr.com:80/jug05.asp?r=00519,20070224020855,B3JEUDNX4UZPS4M5OZC25DD6NIRBJGFU,,B3JEUDNX4UZPS4M5OZC25DD6NIRBJGFU.html
B54EGCEP4JGK6OWRN3SNFMOPGEQ7CI3D,http://www.bsnpr.com:80/jug05.asp?r=00008,20070224095549,B54EGCEP4JGK6OWRN3SNFMOPGEQ7CI3D,,B54EGCEP4JGK6OWRN3SNFMOPGEQ7CI3D.html
B5J2FCFXFHJD6IEG4SB2WVBURB7SEHSI,http://www.bsnpr.com:80/jug05.asp?r3=00137&r2=462726RX0K&r=00055&e=,20061006123039,B5J2FCFXFHJD6IEG4SB2WVBURB7SEHSI,,B5J2FCFXFHJD6IEG4SB2WVBURB7SEHSI.html
B7ZYB2WSGDLGDCJKYBAFS5ZHNHW4BLQB,http://www.bsnpr.com/jug05.asp?r2=FSYJNUXGVK&r3=GRUAE&r=00534&e=MOROVIS,20061119231016,B7ZYB2WSGDLGDCJKYBAFS5ZHNHW4BLQB,MOROVIS,B7ZYB2WSGDLGDCJKYBAFS5ZHNHW4BLQB.html
BBYYENSNZNJ5YNSSICMFQAWKGTSWUN3F,http://www.bsnpr.com:80/jug05.asp?r2=462696RWZ9&r=00078&e=ISABELA,20050409233248,BBYYENSNZNJ5YNSSICMFQAWKGTSWUN3F,ISABELA,BBYYENSNZNJ5YNSSICMFQAWKGTSWUN3F.html
BFDLWBR4IPNMD2BRFLKK2AKKVLPRRHVO,http://www.bsnpr.com:80/jug05.asp?r3=VQQXC&r2=PVUKUVMQOM&r=00087&e=,20061010080339,BFDLWBR4IPNMD2BRFLKK2AKKVLPRRHVO,,BFDLWBR4IPNMD2BRFLKK2AKKVLPRRHVO.html
BFX6IAZ3AWAK34ZEFK4WQ47UP23MUWO6,http://www.bsnpr.com:80/jug05.asp?r=00088,20070223161657,BFX6IAZ3AWAK34ZEFK4WQ47UP23MUWO6,,BFX6IAZ3AWAK34ZEFK4WQ47UP23MUWO6.html
BGQDAWFFN6EVPSWTE2W4W6QBHJS5STYE,http://www.bsnpr.com:80/jug05.asp?r2=MZVWRLQGJV&r3=RHHIP&r=00054&e=BAYAMON,20061206190511,BGQDAWFFN6EVPSWTE2W4W6QBHJS5STYE,BAYAMON,BGQDAWFFN6EVPSWTE2W4W6QBHJS5STYE.html
BHC36RQZF2ZM4CQBOSY4JDIPZADB4PBO,http://www.bsnpr.com:80/jug05.asp?r3=+++++&r2=ZACUMASFSK&r=00561&e=,20061207025708,BHC36RQZF2ZM4CQBOSY4JDIPZADB4PBO,,BHC36RQZF2ZM4CQBOSY4JDIPZADB4PBO.html
BI5XRXDSKCUK3PHYGPVL7UZPGTG65GMC,http://www.bsnpr.com:80/jug05.asp?r3=00162&r2=462746RX16&r=00011&e=,20061008162018,BI5XRXDSKCUK3PHYGPVL7UZPGTG65GMC,,BI5XRXDSKCUK3PHYGPVL7UZPGTG65GMC.html
BOKG4DOD7JJTGAAGTUTRINVNCDG4P7OB,http://www.bsnpr.com:80/jug05.asp?r=00022,20060618110706,BOKG4DOD7JJTGAAGTUTRINVNCDG4P7OB,,BOKG4DOD7JJTGAAGTUTRINVNCDG4P7OB.html
BP625P6R256T3HR3S6UYNS27E52X3K62,http://www.bsnpr.com:80/jug05.asp?r3=SCCBZ&r2=KUTZMIBQHD&r=00144&e=,20061007023544,BP625P6R256T3HR3S6UYNS27E52X3K62,,BP625P6R256T3HR3S6UYNS27E52X3K62.html
BPMLTE2PNCNADCMNZPE3YMU5V3G4WXEH,http://www.bsnpr.com:80/jug05.asp?r3=00200&r2=462756RX22&r=00053&e=,20061206115502,BPMLTE2PNCNADCMNZPE3YMU5V3G4WXEH,,BPMLTE2PNCNADCMNZPE3YMU5V3G4WXEH.html
BSIVXSY7342N5A2KTJUQ64RDEMIUZFBC,http://www.bsnpr.com:80/jug05.asp?r2=462676RWYF&r3=00039&r=00110&e=SANTURCE,20060224014833,BSIVXSY7342N5A2KTJUQ64RDEMIUZFBC,SANTURCE,BSIVXSY7342N5A2KTJUQ64RDEMIUZFBC.html
BWFU6T43ZGLSU7AZTZZKX2QL5RBUT6UU,http://www.bsnpr.com:80/jug05.asp?r3=NLVVZ&r2=MAOZKUXFDO&r=00522&e=,20061206190347,BWFU6T43ZGLSU7AZTZZKX2QL5RBUT6UU,,BWFU6T43ZGLSU7AZTZZKX2QL5RBUT6UU.html
BXMYTAY7KKVZSFGUGAH4MF7NIPVGEQVL,http://www.bsnpr.com:80/jug05.asp?r3=00190&r2=462756RX1S&r=00090&e=,20061206190223,BXMYTAY7KKVZSFGUGAH4MF7NIPVGEQVL,,BXMYTAY7KKVZSFGUGAH4MF7NIPVGEQVL.html
BXRYRLOCF6P4BCGYEUO74VUFJIPWZKYJ,http://www.bsnpr.com/jug05.asp?r2=462746RX1M&r3=CVJWU&r=00126&e=COAMO,20061119230520,BXRYRLOCF6P4BCGYEUO74VUFJIPWZKYJ,COAMO,BXRYRLOCF6P4BCGYEUO74VUFJIPWZKYJ.html
CA74WHSCTQ3ELVQ75ODM5K5DQDCWWRQQ,http://www.bsnpr.com:80/jug05.asp?r2=462656RWXP&r=00005&e=ISABELA,20050409232607,CA74WHSCTQ3ELVQ75ODM5K5DQDCWWRQQ,ISABELA,CA74WHSCTQ3ELVQ75ODM5K5DQDCWWRQQ.html
CALDCV5ILVYV6MWVRKRXPAVPF47PMUGN,http://www.bsnpr.com:80/jug05.asp?r=00151,20070223161647,CALDCV5ILVYV6MWVRKRXPAVPF47PMUGN,,CALDCV5ILVYV6MWVRKRXPAVPF47PMUGN.html
CALG7DSLJ5NHDGD6TWBGLQH4EOTA6MXI,http://www.bsnpr.com/jug05.asp?r2=462686RWYN&r3=00053&r=00545&e=CAGUAS,20061119230859,CALG7DSLJ5NHDGD6TWBGLQH4EOTA6MXI,CAGUAS,CALG7DSLJ5NHDGD6TWBGLQH4EOTA6MXI.html
CAUSURXNBVFPOTZWKLIOKBXZ66G4KGHN,http://www.bsnpr.com:80/jug05.asp?r3=SBEVR&r2=ZBCOCSGWCF&r=00067&e=,20061211012026,CAUSURXNBVFPOTZWKLIOKBXZ66G4KGHN,,CAUSURXNBVFPOTZWKLIOKBXZ66G4KGHN.html
CBVL7RNAXV7WH4HXM4H27MWT3C2GUIMQ,http://www.bsnpr.com:80/jug05.asp?r2=CSYPGGKYEZ&r3=WHJOL&e=BAYAMON,20050501060332,CBVL7RNAXV7WH4HXM4H27MWT3C2GUIMQ,BAYAMON,CBVL7RNAXV7WH4HXM4H27MWT3C2GUIMQ.html
CCLFXIQNAJHRVFAM6C2ASRSYAJYKJZ7P,http://www.bsnpr.com/jug05.asp?r2=462756RX1Y&r3=00196&r=00095&e=PONCE,20061119231610,CCLFXIQNAJHRVFAM6C2ASRSYAJYKJZ7P,PONCE,CCLFXIQNAJHRVFAM6C2ASRSYAJYKJZ7P.html
CD4EPT2JET3A44ZTRP24AKTMXEM7BPQ4,http://www.bsnpr.com:80/jug05.asp?r3=00206&r2=462766RX28&r=00099&e=,20061009100142,CD4EPT2JET3A44ZTRP24AKTMXEM7BPQ4,,CD4EPT2JET3A44ZTRP24AKTMXEM7BPQ4.html
CDECCDHJGNWE242BAFYIEZP44QFMQPWG,http://www.bsnpr.com:80/jug05.asp?r=00527,20060713002254,CDECCDHJGNWE242BAFYIEZP44QFMQPWG,,CDECCDHJGNWE242BAFYIEZP44QFMQPWG.html
CG5IIS7LODD55MH4JLXBSFGHWEGXSNJP,http://www.bsnpr.com:80/jug05.asp?r=00009,20060618110626,CG5IIS7LODD55MH4JLXBSFGHWEGXSNJP,,CG5IIS7LODD55MH4JLXBSFGHWEGXSNJP.html
CGCYWRJ2JYVCX7DVQOLUDXINFYD24CEX,http://www.bsnpr.com:80/jug05.asp?r2=462706RWZQ&r3=00101&e=ARECIBO,20050418012027,CGCYWRJ2JYVCX7DVQOLUDXINFYD24CEX,ARECIBO,CGCYWRJ2JYVCX7DVQOLUDXINFYD24CEX.html
CGESUNFOPPUWBQCY3JAMFNLA4E52IYEH,http://www.bsnpr.com:80/jug05.asp?r3=00010&r2=462666RWXU&r=00003&e=,20061007023520,CGESUNFOPPUWBQCY3JAMFNLA4E52IYEH,,CGESUNFOPPUWBQCY3JAMFNLA4E52IYEH.html
CI2YI2ED3WGSQTNQCR4XCALOF4TMCOMZ,http://www.bsnpr.com:80/jug05.asp?r3=00171&r2=462746RX1D&r=00073&e=,20061006123046,CI2YI2ED3WGSQTNQCR4XCALOF4TMCOMZ,,CI2YI2ED3WGSQTNQCR4XCALOF4TMCOMZ.html
CL6FO4TKHX5SY26A73F3RPLSPE43VBFB,http://www.bsnpr.com/jug05.asp?r2=462746RX1B&r3=00168&r=00008&e=ARECIBO,20061119230646,CL6FO4TKHX5SY26A73F3RPLSPE43VBFB,ARECIBO,CL6FO4TKHX5SY26A73F3RPLSPE43VBFB.html
CLSKQYZPCFZHWFEWCT4O27YPKTYFFY6G,http://www.bsnpr.com:80/jug05.asp?r3=DBRCU&r2=JCGBPWPGMG&r=00603&e=,20061009095646,CLSKQYZPCFZHWFEWCT4O27YPKTYFFY6G,,CLSKQYZPCFZHWFEWCT4O27YPKTYFFY6G.html
CM2RRJOWBBIST57EBITAEIE7QSD7KOFA,http://www.bsnpr.com:80/jug05.asp?r3=QGUQO&r2=BLBESEULRP&r=00147&e=,20061207025848,CM2RRJOWBBIST57EBITAEIE7QSD7KOFA,,CM2RRJOWBBIST57EBITAEIE7QSD7KOFA.html
CNRRT7BERAEP557JWJ6OWQT7JI6U5IXX,http://www.bsnpr.com:80/jug05.asp?r3=00137&r2=462726RX0K&r=00055&e=,20070404011853,CNRRT7BERAEP557JWJ6OWQT7JI6U5IXX,,CNRRT7BERAEP557JWJ6OWQT7JI6U5IXX.html
CNURLHV67D7D6KE7IIORPTEGZD6KJOHP,http://www.bsnpr.com:80/jug05.asp?r2=EIPBMRZZXC&r3=PXLWE&e=SANTURCE,20050507093239,CNURLHV67D7D6KE7IIORPTEGZD6KJOHP,SANTURCE,CNURLHV67D7D6KE7IIORPTEGZD6KJOHP.html
COAVSZJV3YFFN7XOOWGOGOJGP2L7SZZQ,http://www.bsnpr.com/jug05.asp?r3=00260&r2=462796RX3J&r=00107&e=,20061209152333,COAVSZJV3YFFN7XOOWGOGOJGP2L7SZZQ,,COAVSZJV3YFFN7XOOWGOGOJGP2L7SZZQ.html
CU5O6CY67QDOS6EEFBGREF6AJH2MZ7GP,http://www.bsnpr.com/jug05.asp?r2=WCPCJDEPGL&r3=QRJGN&r=00542&e=COAMO,20061119230507,CU5O6CY67QDOS6EEFBGREF6AJH2MZ7GP,COAMO,CU5O6CY67QDOS6EEFBGREF6AJH2MZ7GP.html
CV7BH67Y6KQLF4VHN7IEKURGYJQ3HRCR,http://www.bsnpr.com:80/jug05.asp?r3=QIGCQ&r2=CFWLTOGIIP&r=00528&e=,20061010080315,CV7BH67Y6KQLF4VHN7IEKURGYJQ3HRCR,,CV7BH67Y6KQLF4VHN7IEKURGYJQ3HRCR.html
CXAP7RVQP3SFYMVZ3PIPO2FRVHYH2FOD,http://www.bsnpr.com:80/jug05.asp?r3=00247&r2=462786RX39&r=00560&e=,20061206115555,CXAP7RVQP3SFYMVZ3PIPO2FRVHYH2FOD,,CXAP7RVQP3SFYMVZ3PIPO2FRVHYH2FOD.html
CYMGP3SJHUQAO6KGY6HIA7VIIJ3S4Y2U,http://www.bsnpr.com:80/jug05.asp?r2=462706RWZS&r3=00103&e=COAMO,20050501125317,CYMGP3SJHUQAO6KGY6HIA7VIIJ3S4Y2U,COAMO,CYMGP3SJHUQAO6KGY6HIA7VIIJ3S4Y2U.html
D2KKCFO4RVALLS6ISZDLRDGEVZ6MHHZG,http://www.bsnpr.com:80/jug05.asp?r2=PVUKUVMQOM&r=VQQXC&e=PONCE,20050929030201,D2KKCFO4RVALLS6ISZDLRDGEVZ6MHHZG,PONCE,D2KKCFO4RVALLS6ISZDLRDGEVZ6MHHZG.html
D2MXX667M7VD3GVVBEZ3QBMRAL7OTPXJ,http://www.bsnpr.com:80/jug05.asp?r2=462666RWY3&r=00022&e=BAYAMON,20050409233155,D2MXX667M7VD3GVVBEZ3QBMRAL7OTPXJ,BAYAMON,D2MXX667M7VD3GVVBEZ3QBMRAL7OTPXJ.html
D2ZJIF766A4VQA37LJ5E6UOYMGMFJ46V,http://www.bsnpr.com:80/jug05.asp?r2=462716RX02&r3=00116&e=COAMO,20050501125400,D2ZJIF766A4VQA37LJ5E6UOYMGMFJ46V,COAMO,D2ZJIF766A4VQA37LJ5E6UOYMGMFJ46V.html
D364PDQJOUI2VKYZ5M7JP44QVMA4JZBC,http://www.bsnpr.com:80/jug05.asp?r3=00061&r2=462686RWYU&r=00086&e=,20061007174742,D364PDQJOUI2VKYZ5M7JP44QVMA4JZBC,,D364PDQJOUI2VKYZ5M7JP44QVMA4JZBC.html
D56FEUAUTG7BUF5RJAPTYFXKMUPJWKWW,http://www.bsnpr.com:80/jug05.asp?r3=+++++&r2=ZACUMASFSK&r=00561&e=,20070404080400,D56FEUAUTG7BUF5RJAPTYFXKMUPJWKWW,,D56FEUAUTG7BUF5RJAPTYFXKMUPJWKWW.html
D5INOVNBO6R4EH3XBI677DMGFF6UM7JB,http://www.bsnpr.com:80/jug05.asp?,20060222231109,D5INOVNBO6R4EH3XBI677DMGFF6UM7JB,,D5INOVNBO6R4EH3XBI677DMGFF6UM7JB.html
D6NZIUIE7JGAUINJHCUH6K3FFJSAJ6C3,http://www.bsnpr.com:80/jug05.asp?r2=462766RX2E&r=00212&e=QUEBRADILLAS,20050409233446,D6NZIUIE7JGAUINJHCUH6K3FFJSAJ6C3,QUEBRADILLAS,D6NZIUIE7JGAUINJHCUH6K3FFJSAJ6C3.html
DCUUORXR53U3MXPNSPPEUAQITS64S54A,http://www.bsnpr.com:80/jug05.asp?r2=462696RWZ9&r3=00078&e=COAMO,20050501125348,DCUUORXR53U3MXPNSPPEUAQITS64S54A,COAMO,DCUUORXR53U3MXPNSPPEUAQITS64S54A.html
DFS44H3VIYNN56CC6EMHYBIWCLF4VWHN,http://www.bsnpr.com:80/jug05.asp?r2=462766RX2A&r=00208&e=ISABELA,20050926043452,DFS44H3VIYNN56CC6EMHYBIWCLF4VWHN,ISABELA,DFS44H3VIYNN56CC6EMHYBIWCLF4VWHN.html
DGMRJ7QSAA7CTE27BTKGQGHN7OYLJDJ4,http://www.bsnpr.com:80/jug05.asp?r3=00038&r2=462676RWYE&r=00018&e=,20061211011936,DGMRJ7QSAA7CTE27BTKGQGHN7OYLJDJ4,,DGMRJ7QSAA7CTE27BTKGQGHN7OYLJDJ4.html
DIS7MIUA2SY7D4Q4TQNELCIVSVPNQQAY,http://www.bsnpr.com:80/jug05.asp?r2=462696RWZ6&r3=00075&r=00559&e=SANTURCE,20060528213603,DIS7MIUA2SY7D4Q4TQNELCIVSVPNQQAY,SANTURCE,DIS7MIUA2SY7D4Q4TQNELCIVSVPNQQAY.html
DKCPC4ODM6IBSPLFI7MIFTX6QGN5GODS,http://www.bsnpr.com:80/jug05.asp?r2=462716RX03&r3=00117&e=COAMO,20050819022822,DKCPC4ODM6IBSPLFI7MIFTX6QGN5GODS,COAMO,DKCPC4ODM6IBSPLFI7MIFTX6QGN5GODS.html
DMJLTZYBBCOYFCRYD7EBWDVSKVNUQCTI,http://www.bsnpr.com/jug05.asp?r2=MUBFMJYWYX&r3=ZFGEV&r=00564&e=MOROVIS,20061119231102,DMJLTZYBBCOYFCRYD7EBWDVSKVNUQCTI,MOROVIS,DMJLTZYBBCOYFCRYD7EBWDVSKVNUQCTI.html
DNVSF3RBF3PRBFD54ROY6MREY5XPQIX5,http://www.bsnpr.com:80/jug05.asp?r3=00251&r2=462786RX3D&r=00103&e=,20070404014307,DNVSF3RBF3PRBFD54ROY6MREY5XPQIX5,,DNVSF3RBF3PRBFD54ROY6MREY5XPQIX5.html
DP4UXZIKKGM4OSCDFZSZZOUJQFM5JW4K,http://www.bsnpr.com:80/jug05.asp?r2=XVBVQZAAGU&r3=JYIEJ&e=BAYAMON,20050501060340,DP4UXZIKKGM4OSCDFZSZZOUJQFM5JW4K,BAYAMON,DP4UXZIKKGM4OSCDFZSZZOUJQFM5JW4K.html
DQEWVWSMYH43VS53N4GB72ADNKYIOLCX,http://www.bsnpr.com:80/jug05.asp?r2=WOBFMNCQVQ&r3=WHQFE&r=00108&e=BAYAMON,20061206190536,DQEWVWSMYH43VS53N4GB72ADNKYIOLCX,BAYAMON,DQEWVWSMYH43VS53N4GB72ADNKYIOLCX.html
DRLKQFUXTJ5GCKQQY2UPSLCV6IXSEUTT,http://www.bsnpr.com:80/jug05.asp?r=00109,20060618111024,DRLKQFUXTJ5GCKQQY2UPSLCV6IXSEUTT,,DRLKQFUXTJ5GCKQQY2UPSLCV6IXSEUTT.html
DSZGNK6LSCRUEM6JXA37NKMYMPIBGVGL,http://www.bsnpr.com:80/jug05.asp?r=00503,20060618111110,DSZGNK6LSCRUEM6JXA37NKMYMPIBGVGL,,DSZGNK6LSCRUEM6JXA37NKMYMPIBGVGL.html
DT7W2HY75QPUMXSTFTJQ4EZMLWQ3V7IS,http://www.bsnpr.com:80/jug05.asp?r3=CKWRH&r2=AIDAEEAJHL&r=00602&e=,20061006123149,DT7W2HY75QPUMXSTFTJQ4EZMLWQ3V7IS,,DT7W2HY75QPUMXSTFTJQ4EZMLWQ3V7IS.html
DU3RNW62NCMGEP4P7GNCQHEODKSYLOSF,http://www.bsnpr.com:80/jug05.asp?r3=+++++&r2=CDNFHOKIVJ&r=00572&e=,20061207025655,DU3RNW62NCMGEP4P7GNCQHEODKSYLOSF,,DU3RNW62NCMGEP4P7GNCQHEODKSYLOSF.html
DVNV5CW7P7WFKAXD723HHILGCV5DYHRK,http://www.bsnpr.com:80/jug05.asp?r3=00002&r2=462656RWXM&r=00115&e=,20060427025909,DVNV5CW7P7WFKAXD723HHILGCV5DYHRK,,DVNV5CW7P7WFKAXD723HHILGCV5DYHRK.html
DX37RTGMRSRH3DNRSO3W4FAGWK22EOIG,http://www.bsnpr.com:80/jug05.asp?r2=462756RX1P&r3=00187&r=00009&e=BAYAMON,20070404072923,DX37RTGMRSRH3DNRSO3W4FAGWK22EOIG,BAYAMON,DX37RTGMRSRH3DNRSO3W4FAGWK22EOIG.html
E2WS46EI3YLNSEQKY7DDE4ZMZML7F3IM,http://www.bsnpr.com:80/jug05.asp?r=00055,20060618110810,E2WS46EI3YLNSEQKY7DDE4ZMZML7F3IM,,E2WS46EI3YLNSEQKY7DDE4ZMZML7F3IM.html
E43TZL5RMRMLRL747ZR2ZNZOPZMHQ2US,http://www.bsnpr.com:80/jug05.asp?r3=00100&r2=462706RWZP&r=00028&e=,20061008162205,E43TZL5RMRMLRL747ZR2ZNZOPZMHQ2US,,E43TZL5RMRMLRL747ZR2ZNZOPZMHQ2US.html
E5RJ5BSGJU7WQHLEGVUUJIR75HLU3J4E,http://www.bsnpr.com:80/jug05.asp?r2=462776RX2X&r3=00233&e=ARECIBO,20050906020532,E5RJ5BSGJU7WQHLEGVUUJIR75HLU3J4E,ARECIBO,E5RJ5BSGJU7WQHLEGVUUJIR75HLU3J4E.html
E5THLNZRMSWYVOZE2PRM5H3OEC5W7ZJ5,http://www.bsnpr.com:80/jug05.asp?r2=UPLIDIGNIZ&r3=+++++&r=00566&e=SANTURCE,20060528213853,E5THLNZRMSWYVOZE2PRM5H3OEC5W7ZJ5,SANTURCE,E5THLNZRMSWYVOZE2PRM5H3OEC5W7ZJ5.html
E76TLD7BZSJ6WXA4KXYWDLWOAWFWP2XX,http://www.bsnpr.com:80/jug05.asp?r2=462666RWY3&r=00022&e=BAYAMON,20050923225134,E76TLD7BZSJ6WXA4KXYWDLWOAWFWP2XX,BAYAMON,E76TLD7BZSJ6WXA4KXYWDLWOAWFWP2XX.html
EA7MCDGPMKK7QNHWEHQC3IQPK7ON5NDG,http://www.bsnpr.com:80/jug05.asp?r2=462746RX1B&r3=00168&e=ARECIBO,20050418012922,EA7MCDGPMKK7QNHWEHQC3IQPK7ON5NDG,ARECIBO,EA7MCDGPMKK7QNHWEHQC3IQPK7ON5NDG.html
EBWZWYTP6OPJBYEZPXS5ICGLBPQYXVOV,http://www.bsnpr.com:80/jug05.asp?r2=462776RX2Q&r=00226&e=ISABELA,20050409233723,EBWZWYTP6OPJBYEZPXS5ICGLBPQYXVOV,ISABELA,EBWZWYTP6OPJBYEZPXS5ICGLBPQYXVOV.html
ECJRC5D5437LVSA4WD4NMZ7YODTNPLSR,http://www.bsnpr.com:80/jug05.asp?r2=PVUKUVMQOM&r3=VQQXC&r=00087&e=BAYAMON,20061207025943,ECJRC5D5437LVSA4WD4NMZ7YODTNPLSR,BAYAMON,ECJRC5D5437LVSA4WD4NMZ7YODTNPLSR.html
ECT3TW74XN4LC5CPCXXTADD6Y7UKEAGH,http://www.bsnpr.com:80/jug05.asp?r2=VNRVHEXWCD&r3=ZUPUB&r=00104&e=SANTURCE,20060224015224,ECT3TW74XN4LC5CPCXXTADD6Y7UKEAGH,SANTURCE,ECT3TW74XN4LC5CPCXXTADD6Y7UKEAGH.html
ED2KX73LXD6MOJYGW2E7SCP2GNL53QQV,http://www.bsnpr.com/jug05.asp?r2=462676RWYH&r3=00041&r=00041&e=SAN%20GERMAN,20061119230314,ED2KX73LXD6MOJYGW2E7SCP2GNL53QQV,SAN GERMAN,ED2KX73LXD6MOJYGW2E7SCP2GNL53QQV.html
EGCNOE7KXA462NTH6GFOZYGD4EIC23KC,http://www.bsnpr.com:80/jug05.asp?r3=JVUKZ&r2=OIEMXOXHRA&r=00562&e=,20061010080250,EGCNOE7KXA462NTH6GFOZYGD4EIC23KC,,EGCNOE7KXA462NTH6GFOZYGD4EIC23KC.html
EHDNF4E2WBLH552SDP5QMCDWWSUYXF5V,http://www.bsnpr.com:80/jug05.asp?r3=00156&r2=462736RX11&r=00555&e=,20061214131542,EHDNF4E2WBLH552SDP5QMCDWWSUYXF5V,,EHDNF4E2WBLH552SDP5QMCDWWSUYXF5V.html
EIEKW7RVEBQCZZ4PYTIVGRQEVPLV3VGQ,http://www.bsnpr.com:80/jug05.asp?r2=462736RX12&r3=00158&e=ARECIBO,20050418013536,EIEKW7RVEBQCZZ4PYTIVGRQEVPLV3VGQ,ARECIBO,EIEKW7RVEBQCZZ4PYTIVGRQEVPLV3VGQ.html
EJWTHHLR4RSZEAQUNWUXGZUMU4PLPJ4P,http://www.bsnpr.com:80/jug05.asp?r=00514,20070224080941,EJWTHHLR4RSZEAQUNWUXGZUMU4PLPJ4P,,EJWTHHLR4RSZEAQUNWUXGZUMU4PLPJ4P.html
EKV3MG7QPAOEAHCEWAWHFDRB7L44IT2U,http://www.bsnpr.com/jug05.asp?r2=462736RX10&r3=00155&r=00026&e=COAMO,20061119230512,EKV3MG7QPAOEAHCEWAWHFDRB7L44IT2U,COAMO,EKV3MG7QPAOEAHCEWAWHFDRB7L44IT2U.html
EO76HRKYE7666BKRBTAJ52PVK3I63UNQ,http://www.bsnpr.com:80/jug05.asp?r3=00233&r2=462776RX2X&r=00002&e=,20061208171514,EO76HRKYE7666BKRBTAJ52PVK3I63UNQ,,EO76HRKYE7666BKRBTAJ52PVK3I63UNQ.html
EOKZ6KUM2M3B4KGNGXSQ6TE5MBZX36QJ,http://www.bsnpr.com:80/jug05.asp?r2=462796RX3H&r3=00258&e=COAMO,20050501125424,EOKZ6KUM2M3B4KGNGXSQ6TE5MBZX36QJ,COAMO,EOKZ6KUM2M3B4KGNGXSQ6TE5MBZX36QJ.html
ES62UV3IEJUWFA2P5DZSFXXHPDJO24EO,http://www.bsnpr.com:80/jug05.asp?r2=462686RWYM&r=00050&e=BAYAMON,20050409233807,ES62UV3IEJUWFA2P5DZSFXXHPDJO24EO,BAYAMON,ES62UV3IEJUWFA2P5DZSFXXHPDJO24EO.html
ESSOLSOMECJJK4OYI5JNQCW6B6C2JZQT,http://www.bsnpr.com:80/jug05.asp?r3=00042&r2=462676RWYI&r=00057&e=,20061008161912,ESSOLSOMECJJK4OYI5JNQCW6B6C2JZQT,,ESSOLSOMECJJK4OYI5JNQCW6B6C2JZQT.html
EUBG5A2NN3GBN4TIUCK37N2DIIRQBR67,http://www.bsnpr.com:80/jug05.asp?r3=IICBZ&r2=VQWQOZOXGV&r=00078&e=,20061207025810,EUBG5A2NN3GBN4TIUCK37N2DIIRQBR67,,EUBG5A2NN3GBN4TIUCK37N2DIIRQBR67.html
EVCCDMHOFNCBBJSNZGJBHST6W2UCY3SE,http://www.bsnpr.com:80/jug05.asp?r=00087,20060618110930,EVCCDMHOFNCBBJSNZGJBHST6W2UCY3SE,,EVCCDMHOFNCBBJSNZGJBHST6W2UCY3SE.html
EWFF45YGNE4XFT2CXZOXHZIIRPOWZOZY,http://www.bsnpr.com:80/jug05.asp?r3=SXFEF&r2=KVRFULQVQD&r=00084&e=,20061208171101,EWFF45YGNE4XFT2CXZOXHZIIRPOWZOZY,,EWFF45YGNE4XFT2CXZOXHZIIRPOWZOZY.html
EZCXKRVSRLC2TZXRH3L53OYNIGGILSV5,http://www.bsnpr.com:80/jug05.asp?r3=00216&r2=462766RX2G&r=00093&e=,20061008161610,EZCXKRVSRLC2TZXRH3L53OYNIGGILSV5,,EZCXKRVSRLC2TZXRH3L53OYNIGGILSV5.html
F4F2FZH4QCD4PUO2K54OLMRXU57BV3DJ,http://www.bsnpr.com:80/jug05.asp?r3=00011&r2=462666RWXV&r=00004&e=,20061209025116,F4F2FZH4QCD4PUO2K54OLMRXU57BV3DJ,,F4F2FZH4QCD4PUO2K54OLMRXU57BV3DJ.html
F6AQ7F7VEV5NWCB6ZSQHRKXZQPT475B5,http://www.bsnpr.com:80/jug05.asp?r=00023,20070224080744,F6AQ7F7VEV5NWCB6ZSQHRKXZQPT475B5,,F6AQ7F7VEV5NWCB6ZSQHRKXZQPT475B5.html
F7YUTKJIMIJCM3GW2ZVUX3ONC5DXBT5T,http://www.bsnpr.com:80/jug05.asp?r3=00002&r2=462656RWXM&r=00115&e=,20070404013919,F7YUTKJIMIJCM3GW2ZVUX3ONC5DXBT5T,,F7YUTKJIMIJCM3GW2ZVUX3ONC5DXBT5T.html
FAWXGHEPR35YDHI6D3YASNNN5XYEJPBB,http://www.bsnpr.com:80/jug05.asp?r2=462736RX10&r=00155&e=BAYAMON,20050409233300,FAWXGHEPR35YDHI6D3YASNNN5XYEJPBB,BAYAMON,FAWXGHEPR35YDHI6D3YASNNN5XYEJPBB.html
FAZ26ULGGT4PPWJA2XWGXPYY2WS2HQFJ,http://www.bsnpr.com:80/jug05.asp?r2=462706RWZQ&r3=00101&e=BAYAMON,20050501055847,FAZ26ULGGT4PPWJA2XWGXPYY2WS2HQFJ,BAYAMON,FAZ26ULGGT4PPWJA2XWGXPYY2WS2HQFJ.html
FCAW6OUGH5VOEYOTKPU6X7VDWNHDL5TH,http://www.bsnpr.com/jug05.asp?r2=NUOZLWHHEX&r3=EMRKV&r=00513&e=CAGUAS,20061119230906,FCAW6OUGH5VOEYOTKPU6X7VDWNHDL5TH,CAGUAS,FCAW6OUGH5VOEYOTKPU6X7VDWNHDL5TH.html
FCHLFMX74WUWJD333DWLI7WWLN67CVSC,http://www.bsnpr.com:80/jug05.asp?r3=00254&r2=462796RX3F&r=00105&e=,20061211222437,FCHLFMX74WUWJD333DWLI7WWLN67CVSC,,FCHLFMX74WUWJD333DWLI7WWLN67CVSC.html
FD7CL56WMBQIYRE2CRYX6COI3YDAGFPM,http://www.bsnpr.com:80/jug05.asp?r3=00097&r2=462706RWZM&r=00540&e=,20061006122443,FD7CL56WMBQIYRE2CRYX6COI3YDAGFPM,,FD7CL56WMBQIYRE2CRYX6COI3YDAGFPM.html
FGM3RSTFDA6XANIJI7KI2SHVV7JPYEUT,http://www.bsnpr.com:80/jug05.asp?r3=+++++&r2=HCSGGIFNLF&r=00129&e=,20070404072712,FGM3RSTFDA6XANIJI7KI2SHVV7JPYEUT,,FGM3RSTFDA6XANIJI7KI2SHVV7JPYEUT.html
FGX7J4Y4LWM2TXNFBDHLFR4Q4WX7MJM2,http://www.bsnpr.com:80/jug05.asp?r3=EXFEJ&r2=IEHKJPQPCI&r=00536&e=,20061207025757,FGX7J4Y4LWM2TXNFBDHLFR4Q4WX7MJM2,,FGX7J4Y4LWM2TXNFBDHLFR4Q4WX7MJM2.html
FKXJH3YJIZDNNPLGYRHLPZG4A5P27YNE,http://www.bsnpr.com:80/jug05.asp?r3=XIANC&r2=JZZUWZQBLF&r=00509&e=,20070404075530,FKXJH3YJIZDNNPLGYRHLPZG4A5P27YNE,,FKXJH3YJIZDNNPLGYRHLPZG4A5P27YNE.html
FLZFGKA5D6WDFOQ3WORA7NQOLDLMNANQ,http://www.bsnpr.com:80/jug05.asp?r2=462796RX3K&r3=00261&r=00007&e=ARECIBO,20070328182250,FLZFGKA5D6WDFOQ3WORA7NQOLDLMNANQ,ARECIBO,FLZFGKA5D6WDFOQ3WORA7NQOLDLMNANQ.html
FMJPHKJBRG25ZSK4WRMBJ5XNN5FYDRB5,http://www.bsnpr.com:80/jug05.asp?r2=462736RX10&r=00155&e=BAYAMON,20050928231154,FMJPHKJBRG25ZSK4WRMBJ5XNN5FYDRB5,BAYAMON,FMJPHKJBRG25ZSK4WRMBJ5XNN5FYDRB5.html
FNODFY4X2TJFHUBVV5OLEQQQZUPS4CWY,http://www.bsnpr.com:80/jug05.asp?r2=ARCZIFCHXN&r3=CMIFD&r=NA%20%20%20&e=ARECIBO,20060427041711,FNODFY4X2TJFHUBVV5OLEQQQZUPS4CWY,ARECIBO,FNODFY4X2TJFHUBVV5OLEQQQZUPS4CWY.html
FNPRU6AUXEA5KYRE6LN3XEYRTY3MG2PC,http://www.bsnpr.com:80/jug05.asp?r3=00179&r2=462746RX1H&r=00045&e=,20061005151335,FNPRU6AUXEA5KYRE6LN3XEYRTY3MG2PC,,FNPRU6AUXEA5KYRE6LN3XEYRTY3MG2PC.html
FOSA3TYZY3YTZR3XP23IFAKAEK5GDEVG,http://www.bsnpr.com/jug05.asp?r2=462746RX1G&r3=00178&r=00541&e=GUAYAMA,20061119230228,FOSA3TYZY3YTZR3XP23IFAKAEK5GDEVG,GUAYAMA,FOSA3TYZY3YTZR3XP23IFAKAEK5GDEVG.html
FRHZZ3MKNFWML3GWPUM6CWWOYIHQ7T6X,http://www.bsnpr.com:80/jug05.asp?r3=00183&r2=462746RX1L&r=00088&e=,20070404080202,FRHZZ3MKNFWML3GWPUM6CWWOYIHQ7T6X,,FRHZZ3MKNFWML3GWPUM6CWWOYIHQ7T6X.html
FRVMUEUFQ4DSB32U7M4VEWL4E4S5FHB3,http://www.bsnpr.com:80/jug05.asp?r3=+++++&r2=ZMGPKHZDUO&r=NA+++&e=,20070404072004,FRVMUEUFQ4DSB32U7M4VEWL4E4S5FHB3,,FRVMUEUFQ4DSB32U7M4VEWL4E4S5FHB3.html
FSYRKZZGLZ3SB6643KWHY6TALL6DO3NH,http://www.bsnpr.com:80/jug05.asp?r3=SQUAX&r2=OLQUXXXGVB&r=00096&e=,20061208171526,FSYRKZZGLZ3SB6643KWHY6TALL6DO3NH,,FSYRKZZGLZ3SB6643KWHY6TALL6DO3NH.html
FUKLR54QG6RF3JHGOWVKSCUCFLKHBED7,http://www.bsnpr.com:80/jug05.asp?r2=KENXAWCLXD&r=ZRCVG&e=ISABELA,20050409233557,FUKLR54QG6RF3JHGOWVKSCUCFLKHBED7,ISABELA,FUKLR54QG6RF3JHGOWVKSCUCFLKHBED7.html
FVWOOKLBVKOR2VQU5T23TKRC4P7UJKGP,http://www.bsnpr.com:80/jug05.asp?r2=462696RWZ6&r=00075&e=CAGUAS,20050409233139,FVWOOKLBVKOR2VQU5T23TKRC4P7UJKGP,CAGUAS,FVWOOKLBVKOR2VQU5T23TKRC4P7UJKGP.html
FVYIQX5YV2RMR7NA5GX53KPXA2EBXW5F,http://www.bsnpr.com:80/jug05.asp?r2=462676RWYE&r=00038&e=BAYAMON,20050409233434,FVYIQX5YV2RMR7NA5GX53KPXA2EBXW5F,BAYAMON,FVYIQX5YV2RMR7NA5GX53KPXA2EBXW5F.html
FY7AEH3PMHI3SU35RWDLPZ3IHCVDCY3F,http://www.bsnpr.com:80/jug05.asp?r3=00204&r2=462766RX26&r=00005&e=,20070404012807,FY7AEH3PMHI3SU35RWDLPZ3IHCVDCY3F,,FY7AEH3PMHI3SU35RWDLPZ3IHCVDCY3F.html
FYGNJW23N4MFHJYBQNMUS4UAZ7GVRANK,http://www.bsnpr.com:80/jug05.asp?r3=00171&r2=462746RX1D&r=00073&e=,20070404074939,FYGNJW23N4MFHJYBQNMUS4UAZ7GVRANK,,FYGNJW23N4MFHJYBQNMUS4UAZ7GVRANK.html
FZ4W3YUDJHB2KJMFOG72Y4HDBHT4OYLI,http://www.bsnpr.com:80/jug05.asp?r2=AIDAEEAJHL&r3=CKWRH&r=00602&e=BAYAMON,20061206190459,FZ4W3YUDJHB2KJMFOG72Y4HDBHT4OYLI,BAYAMON,FZ4W3YUDJHB2KJMFOG72Y4HDBHT4OYLI.html
G23DLBXSL3PGEPP24TGMSVCBK47MVAXK,http://www.bsnpr.com:80/jug05.asp?r3=LYJAY&r2=GSPOPSUTYD&r=00539&e=,20070404081133,G23DLBXSL3PGEPP24TGMSVCBK47MVAXK,,G23DLBXSL3PGEPP24TGMSVCBK47MVAXK.html
G2NO2BTTCRC5F634ABL5H6D6X5XVQNGW,http://www.bsnpr.com:80/jug05.asp?r3=NELHP&r2=QCVRXUMZKI&r=00042&e=,20061206190335,G2NO2BTTCRC5F634ABL5H6D6X5XVQNGW,,G2NO2BTTCRC5F634ABL5H6D6X5XVQNGW.html
G3T7QFQEJBPPHVOKGSOILHWU7LILEAC2,http://www.bsnpr.com/jug05.asp?r2=NXZNFEPSXU&r3=VOIQU&r=00052&e=CAGUAS,20061119230918,G3T7QFQEJBPPHVOKGSOILHWU7LILEAC2,CAGUAS,G3T7QFQEJBPPHVOKGSOILHWU7LILEAC2.html
G4BPW66RBDNERRR5D77HWUZG2ZCVSXYQ,http://www.bsnpr.com:80/jug05.asp?r2=462766RX2H&r3=00217&r=00529&e=SAN+GERMAN,20070224202741,G4BPW66RBDNERRR5D77HWUZG2ZCVSXYQ,SAN GERMAN,G4BPW66RBDNERRR5D77HWUZG2ZCVSXYQ.html
G75UPENENQ72YIOSPCP4ANNX47XEMOSE,http://www.bsnpr.com:80/jug05.asp?r=00575,20060618110520,G75UPENENQ72YIOSPCP4ANNX47XEMOSE,,G75UPENENQ72YIOSPCP4ANNX47XEMOSE.html
G7TQTFAI6KTE5BDUBR7BBZUTNXBUMSID,http://www.bsnpr.com:80/jug05.asp?r2=QCVRXUMZKI&r3=NELHP&e=COAMO,20050501125433,G7TQTFAI6KTE5BDUBR7BBZUTNXBUMSID,COAMO,G7TQTFAI6KTE5BDUBR7BBZUTNXBUMSID.html
GBGFBES5LHI2P7J5K6RXIVFKMWSPVG6W,http://www.bsnpr.com:80/jug05.asp?r2=462776RX2Z&r3=00236&r=00520&e=SAN+GERMAN,20070224202750,GBGFBES5LHI2P7J5K6RXIVFKMWSPVG6W,SAN GERMAN,GBGFBES5LHI2P7J5K6RXIVFKMWSPVG6W.html
GBXPLINO5D5TCE5ICW5N2HDMMQIPJ3FE,http://www.bsnpr.com:80/jug05.asp?r3=WHQFE&r2=WOBFMNCQVQ&r=00108&e=,20061006040951,GBXPLINO5D5TCE5ICW5N2HDMMQIPJ3FE,,GBXPLINO5D5TCE5ICW5N2HDMMQIPJ3FE.html
GDKZ2CGQ6K2JFASTGVKDNPDTVC7MTP5N,http://www.bsnpr.com:80/jug05.asp?r2=462786RX3D&r=00251&e=PONCE,20050905142507,GDKZ2CGQ6K2JFASTGVKDNPDTVC7MTP5N,PONCE,GDKZ2CGQ6K2JFASTGVKDNPDTVC7MTP5N.html
GDVIDD7TRWXWYPITSK7NJZGMB6KMQQYW,http://www.bsnpr.com:80/jug05.asp?r=00084,20070224202248,GDVIDD7TRWXWYPITSK7NJZGMB6KMQQYW,,GDVIDD7TRWXWYPITSK7NJZGMB6KMQQYW.html
GH4PV7OXPYZC5AG7YIXGEPBLQNE3CMU5,http://www.bsnpr.com:80/jug05.asp?r2=462796RX3O&r3=00265&e=BAYAMON,20050501060317,GH4PV7OXPYZC5AG7YIXGEPBLQNE3CMU5,BAYAMON,GH4PV7OXPYZC5AG7YIXGEPBLQNE3CMU5.html
GIZQ5WZQS5EOVRN24KLU5JRFW5RKVH52,http://www.bsnpr.com:80/jug05.asp?r=00022,20060713001926,GIZQ5WZQS5EOVRN24KLU5JRFW5RKVH52,,GIZQ5WZQS5EOVRN24KLU5JRFW5RKVH52.html
GN52IZFF5GUKE2X4WDDTD5INWOMYQX26,http://www.bsnpr.com:80/jug05.asp?r3=LYJAY&r2=GSPOPSUTYD&r=00539&e=,20061215073210,GN52IZFF5GUKE2X4WDDTD5INWOMYQX26,,GN52IZFF5GUKE2X4WDDTD5INWOMYQX26.html
GSBSCMUXAPIGNPEX7NJCZGQQFZMFKPVJ,http://www.bsnpr.com:80/jug05.asp?r=00517,20070223232715,GSBSCMUXAPIGNPEX7NJCZGQQFZMFKPVJ,,GSBSCMUXAPIGNPEX7NJCZGQQFZMFKPVJ.html
GU7RCSZFQKMRTUPSWCBHLC2DGXHORBBZ,http://www.bsnpr.com:80/jug05.asp?r3=NEMAV&r2=BSFVOMHNPE&r=00543&e=,20060829174807,GU7RCSZFQKMRTUPSWCBHLC2DGXHORBBZ,,GU7RCSZFQKMRTUPSWCBHLC2DGXHORBBZ.html
GVFVOOCOSVE35ZEC3JJXTWSWQFWGVZOI,http://www.bsnpr.com:80/jug05.asp?r3=00103&r2=462706RWZS&r=00033&e=,20061215015444,GVFVOOCOSVE35ZEC3JJXTWSWQFWGVZOI,,GVFVOOCOSVE35ZEC3JJXTWSWQFWGVZOI.html
GWANWKIBX6IFJXV3MYJRUWJWWQTLUDJ6,http://www.bsnpr.com/jug05.asp?r2=462756RX1U&r3=00192&r=00092&e=PONCE,20061119231515,GWANWKIBX6IFJXV3MYJRUWJWWQTLUDJ6,PONCE,GWANWKIBX6IFJXV3MYJRUWJWWQTLUDJ6.html
H5CXDIHPCLWQS4TNN3GC6AROSX3GZXNS,http://www.bsnpr.com:80/jug05.asp?r3=00002&r2=462656RWXM&r=00115&e=,20061210022128,H5CXDIHPCLWQS4TNN3GC6AROSX3GZXNS,,H5CXDIHPCLWQS4TNN3GC6AROSX3GZXNS.html
H7CZ2G2P247UYTX5K5HAWNPL4D5OKTQ3,http://www.bsnpr.com:80/jug05.asp?r3=BHVDA&r2=LAZPZZSQHB&r=00017&e=,20070404013830,H7CZ2G2P247UYTX5K5HAWNPL4D5OKTQ3,,H7CZ2G2P247UYTX5K5HAWNPL4D5OKTQ3.html
HBN5DFLLXXWLUQ6FNG3QVQTTJF6RFSGV,http://www.bsnpr.com:80/jug05.asp?r=00513,20070223161614,HBN5DFLLXXWLUQ6FNG3QVQTTJF6RFSGV,,HBN5DFLLXXWLUQ6FNG3QVQTTJF6RFSGV.html
HCYBQ5BCFU45B54FHZ2RD27ISHVXZTPH,http://www.bsnpr.com:80/jug05.asp?r3=QRJGN&r2=WCPCJDEPGL&r=00542&e=,20061006040939,HCYBQ5BCFU45B54FHZ2RD27ISHVXZTPH,,HCYBQ5BCFU45B54FHZ2RD27ISHVXZTPH.html
HDT5F5B55XWIKZ7UPNXSCNO5PVG4EJOP,http://www.bsnpr.com/jug05.asp?r2=ZMGPKHZDUO&r3=UIBKF&r=00579&e=ARECIBO,20061119230745,HDT5F5B55XWIKZ7UPNXSCNO5PVG4EJOP,ARECIBO,HDT5F5B55XWIKZ7UPNXSCNO5PVG4EJOP.html
HFN4WNBXROTJII3FWCKMQEUZFK5S3TKX,http://www.bsnpr.com:80/jug05.asp?r3=00219&r2=462766RX2J&r=00111&e=,20061214131317,HFN4WNBXROTJII3FWCKMQEUZFK5S3TKX,,HFN4WNBXROTJII3FWCKMQEUZFK5S3TKX.html
HFTNZQKNWFH4UYEJ73ZIBB7VBLN4JWSE,http://www.bsnpr.com/jug05.asp?r2=JTEPBNWALP&r3=BBHFJ&r=00514&e=CAGUAS,20061119231002,HFTNZQKNWFH4UYEJ73ZIBB7VBLN4JWSE,CAGUAS,HFTNZQKNWFH4UYEJ73ZIBB7VBLN4JWSE.html
HHV4KN7PUH4447CJSJJD2KD7LQNQREN4,http://www.bsnpr.com:80/jug05.asp?r2=462686RWYZ&r=00067&e=CAGUAS,20050409232701,HHV4KN7PUH4447CJSJJD2KD7LQNQREN4,CAGUAS,HHV4KN7PUH4447CJSJJD2KD7LQNQREN4.html
HJAFMBZASHTGGSZZAJ4Q2ZGPS54D75T4,http://www.bsnpr.com:80/jug05.asp?r3=OJXVC&r2=OKXSWMUWLG&r=00601&e=,20061006123223,HJAFMBZASHTGGSZZAJ4Q2ZGPS54D75T4,,HJAFMBZASHTGGSZZAJ4Q2ZGPS54D75T4.html
HLK6M3YFRMJIW3I7WI42VOOH42T7QZC5,http://www.bsnpr.com:80/jug05.asp?r3=00032&r2=462676RWYA&r=00120&e=,20070404080846,HLK6M3YFRMJIW3I7WI42VOOH42T7QZC5,,HLK6M3YFRMJIW3I7WI42VOOH42T7QZC5.html
HN776RSJPLCTCJK24UH4XQCZD2UAMQZG,http://www.bsnpr.com:80/jug05.asp?r3=00138&r2=462726RX0L&r=00046&e=,20070404013424,HN776RSJPLCTCJK24UH4XQCZD2UAMQZG,,HN776RSJPLCTCJK24UH4XQCZD2UAMQZG.html
HQHQZVLV4DERQN5UGUNJPNEF3PBPOJXV,http://www.bsnpr.com:80/jug05.asp?r2=GFPAQCDEDB&r=YISKK&e=PONCE,20050409233223,HQHQZVLV4DERQN5UGUNJPNEF3PBPOJXV,PONCE,HQHQZVLV4DERQN5UGUNJPNEF3PBPOJXV.html
HQZSQMWWBVH3WKIMLJHTMHNCUBGKYNVA,http://www.bsnpr.com:80/jug05.asp?r3=00208&r2=462766RX2A&r=00075&e=,20070404014407,HQZSQMWWBVH3WKIMLJHTMHNCUBGKYNVA,,HQZSQMWWBVH3WKIMLJHTMHNCUBGKYNVA.html
HRRZSVA4FJKVV4Z7ABIPZMJJBL2KHK5M,http://www.bsnpr.com:80/jug05.asp?r3=00155&r2=462736RX10&r=00026&e=,20061007023320,HRRZSVA4FJKVV4Z7ABIPZMJJBL2KHK5M,,HRRZSVA4FJKVV4Z7ABIPZMJJBL2KHK5M.html
HTGUL6N2BLQ6TKPAQMSSKEC37RD2OUQC,http://www.bsnpr.com:80/jug05.asp?r3=00251&r2=462786RX3D&r=00103&e=,20061206115610,HTGUL6N2BLQ6TKPAQMSSKEC37RD2OUQC,,HTGUL6N2BLQ6TKPAQMSSKEC37RD2OUQC.html
HU7JC6L47ZIV3U7AZEDQGRFNVAI3CIEF,http://www.bsnpr.com:80/jug05.asp?r3=00226&r2=462776RX2Q&r=00077&e=,20061211222357,HU7JC6L47ZIV3U7AZEDQGRFNVAI3CIEF,,HU7JC6L47ZIV3U7AZEDQGRFNVAI3CIEF.html
HZ65TUTYGBOZHVDBDOI3S5O7WJJH73KU,http://www.bsnpr.com:80/jug05.asp?r=00094,20060618110943,HZ65TUTYGBOZHVDBDOI3S5O7WJJH73KU,,HZ65TUTYGBOZHVDBDOI3S5O7WJJH73KU.html
I3SZANEQYMW4N3C4IJXVD25M6GE4YTYK,http://www.bsnpr.com:80/jug05.asp?r3=00103&r2=462706RWZS&r=00033&e=,20061005150816,I3SZANEQYMW4N3C4IJXVD25M6GE4YTYK,,I3SZANEQYMW4N3C4IJXVD25M6GE4YTYK.html
I4SVGKRBPMRYDPP4CBW6NWMMQVMRSI4M,http://www.bsnpr.com:80/jug05.asp?r2=462736RX0S&r3=00145&r=00025&e=BAYAMON,20070404011333,I4SVGKRBPMRYDPP4CBW6NWMMQVMRSI4M,BAYAMON,I4SVGKRBPMRYDPP4CBW6NWMMQVMRSI4M.html
I5JGC5NFH5ZW6ZOD2UN6OGAFC7JY3XO3,http://www.bsnpr.com:80/jug05.asp?r2=462676RWYE&r3=00038&e=BAYAMON,20050901174546,I5JGC5NFH5ZW6ZOD2UN6OGAFC7JY3XO3,BAYAMON,I5JGC5NFH5ZW6ZOD2UN6OGAFC7JY3XO3.html
IAXKPL4KY4XKZDSGXJF4KSW62FB5RVPM,http://www.bsnpr.com:80/jug05.asp?r=00020,20060618110655,IAXKPL4KY4XKZDSGXJF4KSW62FB5RVPM,,IAXKPL4KY4XKZDSGXJF4KSW62FB5RVPM.html
IAZ3W4ZWBBNCLLIV2XXRLIJFNLILE6BJ,http://www.bsnpr.com:80/jug05.asp?r3=00094&r2=462706RWZK&r=00056&e=,20061207122642,IAZ3W4ZWBBNCLLIV2XXRLIJFNLILE6BJ,,IAZ3W4ZWBBNCLLIV2XXRLIJFNLILE6BJ.html
IB6QQ3AAU7MHZ32AYBXEEDOMIZUMTQ37,http://www.bsnpr.com:80/jug05.asp?r2=462726RX0Q&r3=00143&e=BAYAMON,20050501060248,IB6QQ3AAU7MHZ32AYBXEEDOMIZUMTQ37,BAYAMON,IB6QQ3AAU7MHZ32AYBXEEDOMIZUMTQ37.html
IEU2HC7YMMBZ3OGPM32AFU5HWJ3LG7N3,http://www.bsnpr.com:80/jug05.asp?r2=462756RX20&r3=00198&e=ARECIBO,20050418013441,IEU2HC7YMMBZ3OGPM32AFU5HWJ3LG7N3,ARECIBO,IEU2HC7YMMBZ3OGPM32AFU5HWJ3LG7N3.html
IEYJ6OEO4V2MP7LQBZGDQUNNM2JX6MUG,http://www.bsnpr.com:80/jug05.asp?r3=MESTH&r2=CZLCWDQUEG&r=00502&e=,20061210150131,IEYJ6OEO4V2MP7LQBZGDQUNNM2JX6MUG,,IEYJ6OEO4V2MP7LQBZGDQUNNM2JX6MUG.html
IFLRJANGIWTSDSGNVKRQTLTQ2MTPI6DN,http://www.bsnpr.com:80/jug05.asp?r2=462676RWYG&r=00040&e=BAYAMON,20050929224515,IFLRJANGIWTSDSGNVKRQTLTQ2MTPI6DN,BAYAMON,IFLRJANGIWTSDSGNVKRQTLTQ2MTPI6DN.html
IGCX7ZQORGTUU77DFLGTVBWN2A5XNGXU,http://www.bsnpr.com:80/jug05.asp?r3=00217&r2=462766RX2H&r=00529&e=,20070404080508,IGCX7ZQORGTUU77DFLGTVBWN2A5XNGXU,,IGCX7ZQORGTUU77DFLGTVBWN2A5XNGXU.html
IGP73JRM4GE3XXON7HY7P36P6YZWK5BG,http://www.bsnpr.com:80/jug05.asp?r3=YISKK&r2=GFPAQCDEDB&r=00097&e=,20061207121703,IGP73JRM4GE3XXON7HY7P36P6YZWK5BG,,IGP73JRM4GE3XXON7HY7P36P6YZWK5BG.html
IHEY2V7LLT37QCOPUL65ADCNSRC7W4EK,http://www.bsnpr.com:80/jug05.asp?r2=VQWQOZOXGV&r=IICBZ&e=ISABELA,20050414064820,IHEY2V7LLT37QCOPUL65ADCNSRC7W4EK,ISABELA,IHEY2V7LLT37QCOPUL65ADCNSRC7W4EK.html
IHKX36GEUMK5HLJT2YMG67F75G2AKQIM,http://www.bsnpr.com:80/jug05.asp?r3=VQXGQ&r2=QMJABVAHQC&r=00500&e=,20061207122911,IHKX36GEUMK5HLJT2YMG67F75G2AKQIM,,IHKX36GEUMK5HLJT2YMG67F75G2AKQIM.html
IJOG233SPNQPQIXZAF54LTKIATKDV42S,http://www.bsnpr.com:80/jug05.asp?r2=462726RX0L&r3=00138&r=00046&e=SANTURCE,20060528213640,IJOG233SPNQPQIXZAF54LTKIATKDV42S,SANTURCE,IJOG233SPNQPQIXZAF54LTKIATKDV42S.html
INU2IW5LYJSW7A7M6EWNZV46OCSCGSWS,http://www.bsnpr.com:80/jug05.asp?r2=462676RWYE&r3=00038&e=BAYAMON,20050501060245,INU2IW5LYJSW7A7M6EWNZV46OCSCGSWS,BAYAMON,INU2IW5LYJSW7A7M6EWNZV46OCSCGSWS.html
IO3XWN2AA64YR76A2CJPC7ICKHVMOEQX,http://www.bsnpr.com:80/jug05.asp?r2=UXVQBCKQAR&r=+++++&e=CAROLINA,20050414064859,IO3XWN2AA64YR76A2CJPC7ICKHVMOEQX,CAROLINA,IO3XWN2AA64YR76A2CJPC7ICKHVMOEQX.html
IQWCT7QMTOGUSSDZ2F3BC37Y4YYTPEWF,http://www.bsnpr.com:80/jug05.asp?r3=00234&r2=462776RX2Y&r=00049&e=,20061212103031,IQWCT7QMTOGUSSDZ2F3BC37Y4YYTPEWF,,IQWCT7QMTOGUSSDZ2F3BC37Y4YYTPEWF.html
IR66GZ5R3SMYJWJ4RDGBKF45AZ3NNGVH,http://www.bsnpr.com:80/jug05.asp?r=00073,20060618110901,IR66GZ5R3SMYJWJ4RDGBKF45AZ3NNGVH,,IR66GZ5R3SMYJWJ4RDGBKF45AZ3NNGVH.html
IRGGZVNV6UXQXBVE2UOW4H7CXG5ZXYXX,http://www.bsnpr.com:80/jug05.asp?r2=PVWYCJKBPH&r3=NBDGR&r=00600&e=SANTURCE,20060528213827,IRGGZVNV6UXQXBVE2UOW4H7CXG5ZXYXX,SANTURCE,IRGGZVNV6UXQXBVE2UOW4H7CXG5ZXYXX.html
IUMPSY2URNPPXIOSWD55G6RLF475HTOW,http://www.bsnpr.com:80/jug05.asp?r3=00033&r2=462676RWYB&r=00051&e=,20061206115305,IUMPSY2URNPPXIOSWD55G6RLF475HTOW,,IUMPSY2URNPPXIOSWD55G6RLF475HTOW.html
IV7OYNXMURMPVHP74LNZ3M57BBA56HQD,http://www.bsnpr.com:80/jug05.asp?r2=OLQUXXXGVB&r=SQUAX&e=PONCE,20050409233346,IV7OYNXMURMPVHP74LNZ3M57BBA56HQD,PONCE,IV7OYNXMURMPVHP74LNZ3M57BBA56HQD.html
IYO73FBKAFSDY2PK7AKUS47WXRCBIUKJ,http://www.bsnpr.com:80/jug05.asp?r3=TVJWS&r2=MWWUSPGWZU&r=00130&e=,20061005151822,IYO73FBKAFSDY2PK7AKUS47WXRCBIUKJ,,IYO73FBKAFSDY2PK7AKUS47WXRCBIUKJ.html
IZVRFKFXCZZO4K3QR2UQCQKIPCXUU4I6,http://www.bsnpr.com:80/jug05.asp?r2=462796RX3L&r=00262&e=PONCE,20050409234512,IZVRFKFXCZZO4K3QR2UQCQKIPCXUU4I6,PONCE,IZVRFKFXCZZO4K3QR2UQCQKIPCXUU4I6.html
J6WAVR23VWRMUUETLOMINKIX3VZDBIIB,http://www.bsnpr.com:80/jug05.asp?r3=YSKUU&r2=MJPRZLCMZJ&r=00016&e=,20061215215345,J6WAVR23VWRMUUETLOMINKIX3VZDBIIB,,J6WAVR23VWRMUUETLOMINKIX3VZDBIIB.html
J7PUGV2JABL36MIAIPGTQROMDNTDNQZW,http://www.bsnpr.com:80/jug05.asp?r=00575,20060713002421,J7PUGV2JABL36MIAIPGTQROMDNTDNQZW,,J7PUGV2JABL36MIAIPGTQROMDNTDNQZW.html
JBIZTKVIMGWQWCIXR2IIVM35ZSP4HKFH,http://www.bsnpr.com:80/jug05.asp?r3=00006&r2=462666RWXQ&r=00001&e=,20061006123024,JBIZTKVIMGWQWCIXR2IIVM35ZSP4HKFH,,JBIZTKVIMGWQWCIXR2IIVM35ZSP4HKFH.html
JE2B336GMZ3WTUJ5PUQBV23ZAOZ4HRKQ,http://www.bsnpr.com:80/jug05.asp?r=00156,20060618111039,JE2B336GMZ3WTUJ5PUQBV23ZAOZ4HRKQ,,JE2B336GMZ3WTUJ5PUQBV23ZAOZ4HRKQ.html
JHS3W542PCVNHKZWZVM5QIQXKJUY7KYV,http://www.bsnpr.com:80/jug05.asp?r3=CTXLO&r2=ASSATNJVES&r=00058&e=,20061005151348,JHS3W542PCVNHKZWZVM5QIQXKJUY7KYV,,JHS3W542PCVNHKZWZVM5QIQXKJUY7KYV.html
JIGXRWCPQCDRUG4JMX45GOQHBS4IEGPL,http://www.bsnpr.com:80/jug05.asp?r2=CSYPGGKYEZ&r=WHJOL&e=BAYAMON,20050409232548,JIGXRWCPQCDRUG4JMX45GOQHBS4IEGPL,BAYAMON,JIGXRWCPQCDRUG4JMX45GOQHBS4IEGPL.html
JIPSTI2KTQBPNP4UF23AHWCMVKA3JNRI,http://www.bsnpr.com:80/jug05.asp?r=00099,20060618111009,JIPSTI2KTQBPNP4UF23AHWCMVKA3JNRI,,JIPSTI2KTQBPNP4UF23AHWCMVKA3JNRI.html
JKIGLVEQYWQGVNF4I3DIJMHFHDSXOUBS,http://www.bsnpr.com:80/jug05.asp?r3=00036&r2=462676RWYC&r=00101&e=,20061211115139,JKIGLVEQYWQGVNF4I3DIJMHFHDSXOUBS,,JKIGLVEQYWQGVNF4I3DIJMHFHDSXOUBS.html
JQZMA4B2SVMUFFEM325BMLPE2O2LYAID,http://www.bsnpr.com:80/jug05.asp?r3=00266&r2=462796RX3P&r=00047&e=,20061207122823,JQZMA4B2SVMUFFEM325BMLPE2O2LYAID,,JQZMA4B2SVMUFFEM325BMLPE2O2LYAID.html
JTOAGJW3OSCNUPB4BTS7Z7LLZXFGBEW4,http://www.bsnpr.com:80/jug05.asp?r3=+++++&r2=ZMGPKHZDUO&r=NA+++&e=,20061206190105,JTOAGJW3OSCNUPB4BTS7Z7LLZXFGBEW4,,JTOAGJW3OSCNUPB4BTS7Z7LLZXFGBEW4.html
JTP2WMD7JWHEWUIJ2DANMK2HUY6WNYFF,http://www.bsnpr.com/jug05.asp?r2=462706RWZM&r3=00097&r=00540&e=GUAYAMA,20061119230249,JTP2WMD7JWHEWUIJ2DANMK2HUY6WNYFF,GUAYAMA,JTP2WMD7JWHEWUIJ2DANMK2HUY6WNYFF.html
JUAUVB5CPVDGQQNYDLC3VU4M6FIWF3DW,http://www.bsnpr.com:80/jug05.asp?r3=00236&r2=462776RX2Z&r=00520&e=,20061006123124,JUAUVB5CPVDGQQNYDLC3VU4M6FIWF3DW,,JUAUVB5CPVDGQQNYDLC3VU4M6FIWF3DW.html
JXQBWJ6LNE6UYX4L7UCC35LYUMRZVJCB,http://www.bsnpr.com:80/jug05.asp?r3=HJLUP&r2=OWARAHQJOW&r=00150&e=,20060829074726,JXQBWJ6LNE6UYX4L7UCC35LYUMRZVJCB,,JXQBWJ6LNE6UYX4L7UCC35LYUMRZVJCB.html
JZ5QWMO3A2DAXSAYAQTDWT55BU5VIQVM,http://www.bsnpr.com:80/jug05.asp?r2=462756RX1Y&r=00196&e=PONCE,20050905100453,JZ5QWMO3A2DAXSAYAQTDWT55BU5VIQVM,PONCE,JZ5QWMO3A2DAXSAYAQTDWT55BU5VIQVM.html
K2PVR54JYQQV3PCPBNWX5DUPNUMEPUZK,http://www.bsnpr.com:80/jug05.asp?r2=462766RX28&r=00206&e=PONCE,20050409232858,K2PVR54JYQQV3PCPBNWX5DUPNUMEPUZK,PONCE,K2PVR54JYQQV3PCPBNWX5DUPNUMEPUZK.html
K34HWPSG7IQT2SDLTSUT3OMYIJDIOYW6,http://www.bsnpr.com:80/jug05.asp?r2=462676RWYC&r3=00036&e=SANTURCE,20050428051538,K34HWPSG7IQT2SDLTSUT3OMYIJDIOYW6,SANTURCE,K34HWPSG7IQT2SDLTSUT3OMYIJDIOYW6.html
K63A4MJX6NWG6UPLUD6BDRLB5OS34XQ4,http://www.bsnpr.com:80/jug05.asp?r3=XIANC&r2=JZZUWZQBLF&r=00509&e=,20061206115753,K63A4MJX6NWG6UPLUD6BDRLB5OS34XQ4,,K63A4MJX6NWG6UPLUD6BDRLB5OS34XQ4.html
KDCRNORSZ3IUJ3DMGODUQIZNDFMAUTWZ,http://www.bsnpr.com:80/jug05.asp?r2=462756RX1Y&r=00196&e=PONCE,20050409232306,KDCRNORSZ3IUJ3DMGODUQIZNDFMAUTWZ,PONCE,KDCRNORSZ3IUJ3DMGODUQIZNDFMAUTWZ.html
KH5WRYYCP5FT6ZJ5BKFL4AR5JHILKURN,http://www.bsnpr.com:80/jug05.asp?r3=SQUAX&r2=OLQUXXXGVB&r=00096&e=,20061009100356,KH5WRYYCP5FT6ZJ5BKFL4AR5JHILKURN,,KH5WRYYCP5FT6ZJ5BKFL4AR5JHILKURN.html
KJQ4XBOWO3GTFJBBSYQGAN52JJDGU4PG,http://www.bsnpr.com:80/jug05.asp?r3=VUWKH&r2=QQUHMPOFDN&r=00061&e=,20061009100408,KJQ4XBOWO3GTFJBBSYQGAN52JJDGU4PG,,KJQ4XBOWO3GTFJBBSYQGAN52JJDGU4PG.html
KVVUZ2DHJUANRGX5X7MWOQV7ZIBDVROZ,http://www.bsnpr.com/jug05.asp?r2=ASSATNJVES&r3=CTXLO&r=00058&e=GUAYNABO,20061119225600,KVVUZ2DHJUANRGX5X7MWOQV7ZIBDVROZ,GUAYNABO,KVVUZ2DHJUANRGX5X7MWOQV7ZIBDVROZ.html
KW6HUWBAUGFMJO2G6KMYTEMA7M2O47XD,http://www.bsnpr.com:80/jug05.asp?r3=RHHIP&r2=MZVWRLQGJV&r=00054&e=,20061010080327,KW6HUWBAUGFMJO2G6KMYTEMA7M2O47XD,,KW6HUWBAUGFMJO2G6KMYTEMA7M2O47XD.html
KWIRNFK7YAP5OYJ3SJV3TBQP6ZLHSDKY,http://www.bsnpr.com:80/jug05.asp?r3=00245&r2=462786RX37&r=00142&e=,20061213195853,KWIRNFK7YAP5OYJ3SJV3TBQP6ZLHSDKY,,KWIRNFK7YAP5OYJ3SJV3TBQP6ZLHSDKY.html
KYFFL2XY5I7M4U6DU2KDQOMZGFR46PMO,http://www.bsnpr.com:80/jug05.asp?r3=00107&r2=462706RWZV&r=00036&e=,20061208064331,KYFFL2XY5I7M4U6DU2KDQOMZGFR46PMO,,KYFFL2XY5I7M4U6DU2KDQOMZGFR46PMO.html
KYGUMFWUBPHVQKIBAP6PPNRRHHSNM3AZ,http://www.bsnpr.com:80/jug05.asp?r3=00136&r2=462726RX0J&r=00121&e=,20061207025732,KYGUMFWUBPHVQKIBAP6PPNRRHHSNM3AZ,,KYGUMFWUBPHVQKIBAP6PPNRRHHSNM3AZ.html
KZEZ3QPRE5Q3UTSKE7R7N5CI62HBDEPB,http://www.bsnpr.com:80/jug05.asp?r2=462716RX03&r3=00117&e=COAMO,20050501125404,KZEZ3QPRE5Q3UTSKE7R7N5CI62HBDEPB,COAMO,KZEZ3QPRE5Q3UTSKE7R7N5CI62HBDEPB.html
L2KAKV3SM4466NRLZR7YKOJAGAVMNXMY,http://www.bsnpr.com:80/jug05.asp?r3=00143&r2=462726RX0Q&r=00020&e=,20061214055008,L2KAKV3SM4466NRLZR7YKOJAGAVMNXMY,,L2KAKV3SM4466NRLZR7YKOJAGAVMNXMY.html
L44W5IY52BYQ57KSJX6FJMDVBAPEILG3,http://www.bsnpr.com:80/jug05.asp?r2=462676RWYF&r3=00039&r=00110&e=SANTURCE,20070404075203,L44W5IY52BYQ57KSJX6FJMDVBAPEILG3,SANTURCE,L44W5IY52BYQ57KSJX6FJMDVBAPEILG3.html
L64PVQ7WOPXUBOTSDTHLM4K54G7DNWFG,http://www.bsnpr.com:80/jug05.asp?r3=00219&r2=462766RX2J&r=00111&e=,20070404075315,L64PVQ7WOPXUBOTSDTHLM4K54G7DNWFG,,L64PVQ7WOPXUBOTSDTHLM4K54G7DNWFG.html
L7N52JO235W67FJA6XA4LSNS3WZQUSIS,http://www.bsnpr.com:80/jug05.asp?r=00003,20060618110609,L7N52JO235W67FJA6XA4LSNS3WZQUSIS,,L7N52JO235W67FJA6XA4LSNS3WZQUSIS.html
LDP4D7FXO7JM77BDUABUXCP3742XSGAO,http://www.bsnpr.com:80/jug05.asp?r2=462676RWYE&r3=00038&r=00018&e=SANTURCE,20060528213615,LDP4D7FXO7JM77BDUABUXCP3742XSGAO,SANTURCE,LDP4D7FXO7JM77BDUABUXCP3742XSGAO.html
LF3D4B6MAV2D43R5UBI2QMXYXLCV6D7Z,http://www.bsnpr.com:80/jug05.asp?r=00502,20060618111057,LF3D4B6MAV2D43R5UBI2QMXYXLCV6D7Z,,LF3D4B6MAV2D43R5UBI2QMXYXLCV6D7Z.html
LF7I4K2P3WIFHST3NYDIY2JLTWKMMMLI,http://www.bsnpr.com:80/jug05.asp?r3=00206&r2=462766RX28&r=00099&e=,20061206115520,LF7I4K2P3WIFHST3NYDIY2JLTWKMMMLI,,LF7I4K2P3WIFHST3NYDIY2JLTWKMMMLI.html
LFYWJ5QNW5FXI3BLR26A5B66XJUVS5XB,http://www.bsnpr.com:80/jug05.asp?r2=462656RWXP&r3=00005&e=ISABELA,20050419220958,LFYWJ5QNW5FXI3BLR26A5B66XJUVS5XB,ISABELA,LFYWJ5QNW5FXI3BLR26A5B66XJUVS5XB.html
LIZ4OLX2GJRNBN43SODEUERDLS2FWGDV,http://www.bsnpr.com:80/jug05.asp?r2=462666RWXQ&r3=00006&e=ARECIBO,20050912220746,LIZ4OLX2GJRNBN43SODEUERDLS2FWGDV,ARECIBO,LIZ4OLX2GJRNBN43SODEUERDLS2FWGDV.html
LLKJBZVPKFIENY4AUVR2DJ5NFGZSCSZP,http://www.bsnpr.com:80/jug05.asp?r3=JQYFO&r2=WRGYNUCCZW&r=00551&e=,20061206115651,LLKJBZVPKFIENY4AUVR2DJ5NFGZSCSZP,,LLKJBZVPKFIENY4AUVR2DJ5NFGZSCSZP.html
LMUTEXOCA5JKB4NXYDYG3BAHNCX6EJWU,http://www.bsnpr.com:80/jug05.asp?r3=00107&r2=462706RWZV&r=00036&e=,20070404075417,LMUTEXOCA5JKB4NXYDYG3BAHNCX6EJWU,,LMUTEXOCA5JKB4NXYDYG3BAHNCX6EJWU.html
LNYVNELY6SGBIBQWFR6JDOMUPJ4ERE7I,http://www.bsnpr.com/jug05.asp?r2=462736RX0U&r3=00147&r=00064&e=CAGUAS,20061119230941,LNYVNELY6SGBIBQWFR6JDOMUPJ4ERE7I,CAGUAS,LNYVNELY6SGBIBQWFR6JDOMUPJ4ERE7I.html
LPD4V3G2ZTLLVE7NCUZFPEZ2W3BUPRHQ,http://www.bsnpr.com/jug05.asp?r2=462676RWYC&r3=00036&r=00101&e=BAYAMON,20061119231140,LPD4V3G2ZTLLVE7NCUZFPEZ2W3BUPRHQ,BAYAMON,LPD4V3G2ZTLLVE7NCUZFPEZ2W3BUPRHQ.html
LPGB76CLEKLJ4IDGFCQWGAJN6SX7JP66,http://www.bsnpr.com:80/jug05.asp?r3=00191&amp,20050419222346,LPGB76CLEKLJ4IDGFCQWGAJN6SX7JP66,,LPGB76CLEKLJ4IDGFCQWGAJN6SX7JP66.html
LPRKDESVNBDQU5W7R42PDOSBQ2AW6WCV,http://www.bsnpr.com:80/jug05.asp?r2=462696RWZ3&r=00072&e=CAROLINA,20050409232924,LPRKDESVNBDQU5W7R42PDOSBQ2AW6WCV,CAROLINA,LPRKDESVNBDQU5W7R42PDOSBQ2AW6WCV.html
LQPDAB2Q3D4D7BICB5PJ225RFUDXDHBM,http://www.bsnpr.com:80/jug05.asp?r3=00022&r2=462666RWY3&r=00510&e=,20070404075042,LQPDAB2Q3D4D7BICB5PJ225RFUDXDHBM,,LQPDAB2Q3D4D7BICB5PJ225RFUDXDHBM.html
LUAYYBQPFHN5SAG5U37DR2Y2FS6VP2RH,http://www.bsnpr.com:80/jug05.asp?r2=462736RX0S&r=00145&e=BAYAMON,20050409233115,LUAYYBQPFHN5SAG5U37DR2Y2FS6VP2RH,BAYAMON,LUAYYBQPFHN5SAG5U37DR2Y2FS6VP2RH.html
LUVRURTLUNM5PIZ542LCH7A262TY3BTG,http://www.bsnpr.com:80/jug05.asp?r2=MJPRZLCMZJ&r3=YSKUU&r=00016&e=BAYAMON,20061208064424,LUVRURTLUNM5PIZ542LCH7A262TY3BTG,BAYAMON,LUVRURTLUNM5PIZ542LCH7A262TY3BTG.html
M24PGHAPKDQ2ABC7QWZYTA46D7A7KJED,http://www.bsnpr.com:80/jug05.asp?r3=00145&r2=462736RX0S&r=00025&e=,20061009095919,M24PGHAPKDQ2ABC7QWZYTA46D7A7KJED,,M24PGHAPKDQ2ABC7QWZYTA46D7A7KJED.html
M3S2BFX4XMBKDMPZMIC5C3KZH3VQSSD5,http://www.bsnpr.com:80/jug05.asp?r2=462736RX10&r3=00155&e=BAYAMON,20050501060313,M3S2BFX4XMBKDMPZMIC5C3KZH3VQSSD5,BAYAMON,M3S2BFX4XMBKDMPZMIC5C3KZH3VQSSD5.html
M5Q2TK3AOSWJJREGKSEVW3DHW75ASWUH,http://www.bsnpr.com:80/jug05.asp?r3=ETHFH&r2=OJZMQCXMNA&r=00512&e=,20061007174946,M5Q2TK3AOSWJJREGKSEVW3DHW75ASWUH,,M5Q2TK3AOSWJJREGKSEVW3DHW75ASWUH.html
M7EEFQNHX2YHFTUM5IOHBD46DJDAJW3K,http://www.bsnpr.com/jug05.asp?r3=OJXVC&r2=OKXSWMUWLG&r=00601&e=,20061119221633,M7EEFQNHX2YHFTUM5IOHBD46DJDAJW3K,,M7EEFQNHX2YHFTUM5IOHBD46DJDAJW3K.html
MAR4SIMYUWFLGCV44NTKZWAITUYYXF4G,http://www.bsnpr.com:80/jug05.asp?r3=CPMHG&r2=QRMQFFHFSK&r=00533&e=,20061211114448,MAR4SIMYUWFLGCV44NTKZWAITUYYXF4G,,MAR4SIMYUWFLGCV44NTKZWAITUYYXF4G.html
MBTCBIVFDBUYU7QS375NL5AXNUUHNTZF,http://www.bsnpr.com:80/jug05.asp?r3=00107&r2=462706RWZV&r=00036&e=,20061009100042,MBTCBIVFDBUYU7QS375NL5AXNUUHNTZF,,MBTCBIVFDBUYU7QS375NL5AXNUUHNTZF.html
MBZVJNJIRHSUPS43N7W5SN375LXNY5WF,http://www.bsnpr.com:80/jug05.asp?r2=462686RWYM&r3=00050&e=BAYAMON,20050831220511,MBZVJNJIRHSUPS43N7W5SN375LXNY5WF,BAYAMON,MBZVJNJIRHSUPS43N7W5SN375LXNY5WF.html
MCPQ6V34JTLP3T5VI5CGE57RV2WXSWJY,http://www.bsnpr.com:80/jug05.asp?r3=00156&r2=462736RX11&r=00555&e=,20070404014010,MCPQ6V34JTLP3T5VI5CGE57RV2WXSWJY,,MCPQ6V34JTLP3T5VI5CGE57RV2WXSWJY.html
MCRFWQESGIXEY7ITCPZU3C2G6BJCUIWN,http://www.bsnpr.com/jug05.asp?r2=BZWRLILFHS&r3=LIKKF&r=00575&e=CAGUAS,20061119230956,MCRFWQESGIXEY7ITCPZU3C2G6BJCUIWN,CAGUAS,MCRFWQESGIXEY7ITCPZU3C2G6BJCUIWN.html
MCVAPK73VLLFJEGAOGLKHLIA34PJFY4N,http://www.bsnpr.com:80/jug05.asp?r=00108,20070224021054,MCVAPK73VLLFJEGAOGLKHLIA34PJFY4N,,MCVAPK73VLLFJEGAOGLKHLIA34PJFY4N.html
MD3BXEXSOE3GUUNIZVIUVR5TF5B5JJ7I,http://www.bsnpr.com:80/jug05.asp?r2=462736RX11&r=00156&e=MAYAGUEZ,20050923004318,MD3BXEXSOE3GUUNIZVIUVR5TF5B5JJ7I,MAYAGUEZ,MD3BXEXSOE3GUUNIZVIUVR5TF5B5JJ7I.html
MFTOPEPG5INGDQQQY2TXVT7EB63YAPMW,http://www.bsnpr.com:80/jug05.asp?r2=462746RX16&r3=00162&e=ARECIBO,20050909184706,MFTOPEPG5INGDQQQY2TXVT7EB63YAPMW,ARECIBO,MFTOPEPG5INGDQQQY2TXVT7EB63YAPMW.html
MHIURWWP7IKRBAAIVHL44LOEUQ3UU4GI,http://www.bsnpr.com:80/jug05.asp?r2=462786RX3D&r=00251&e=PONCE,20050409234148,MHIURWWP7IKRBAAIVHL44LOEUQ3UU4GI,PONCE,MHIURWWP7IKRBAAIVHL44LOEUQ3UU4GI.html
MKLUBA7K2HUVLPRZT7TB62BA3OOLYBOZ,http://www.bsnpr.com:80/jug05.asp?r3=ETHFH&r2=OJZMQCXMNA&r=00512&e=,20061206190322,MKLUBA7K2HUVLPRZT7TB62BA3OOLYBOZ,,MKLUBA7K2HUVLPRZT7TB62BA3OOLYBOZ.html
MLFJXENWFL5K5I7GAJISBE3NNTZXDMM7,http://www.bsnpr.com:80/jug05.asp?r2=462686RWYP&r=00055&e=CAGUAS,20050409234505,MLFJXENWFL5K5I7GAJISBE3NNTZXDMM7,CAGUAS,MLFJXENWFL5K5I7GAJISBE3NNTZXDMM7.html
MLV3SLPFD4SQNMKZLT2K3E3FJP7GFP5N,http://www.bsnpr.com/jug05.asp?r2=462746RX16&r3=00162&r=00011&e=BAYAMON,20061119231127,MLV3SLPFD4SQNMKZLT2K3E3FJP7GFP5N,BAYAMON,MLV3SLPFD4SQNMKZLT2K3E3FJP7GFP5N.html
MMNMA6HA7XVZKVUGQNOKJDINOSNU65VU,http://www.bsnpr.com/jug05.asp?r2=462796RX3L&r3=00262&r=00100&e=GUAYAMA,20061119230139,MMNMA6HA7XVZKVUGQNOKJDINOSNU65VU,GUAYAMA,MMNMA6HA7XVZKVUGQNOKJDINOSNU65VU.html
MNXFNDWI4JN5OYFMN2AR2OJQWT4JZJ6C,http://www.bsnpr.com:80/jug05.asp?r3=00191&amp,20050924074008,MNXFNDWI4JN5OYFMN2AR2OJQWT4JZJ6C,,MNXFNDWI4JN5OYFMN2AR2OJQWT4JZJ6C.html
MQ343KIMNMNNNFO42KARGQW5X7DHR7FQ,http://www.bsnpr.com/jug05.asp?r3=00264&r2=462796RX3N&r=00109&e=,20061119221036,MQ343KIMNMNNNFO42KARGQW5X7DHR7FQ,,MQ343KIMNMNNNFO42KARGQW5X7DHR7FQ.html
MXD6U2OTGSBQKZOQE32PBM2WOW43JFQV,http://www.bsnpr.com:80/jug05.asp?r2=OEZEJQNBIY&r=SUZNL&e=ISABELA,20050409233228,MXD6U2OTGSBQKZOQE32PBM2WOW43JFQV,ISABELA,MXD6U2OTGSBQKZOQE32PBM2WOW43JFQV.html
MXE625DGXU2AGDEASTK4A5S36AGDKPCM,http://www.bsnpr.com:80/jug05.asp?r2=462696RWZ3&r=00072&e=CAROLINA,20050923172340,MXE625DGXU2AGDEASTK4A5S36AGDKPCM,CAROLINA,MXE625DGXU2AGDEASTK4A5S36AGDKPCM.html
MYA6YRHGOOFP7D3BTYRGXNRLR5VDWUIT,http://www.bsnpr.com:80/jug05.asp?r2=NIHVRSCXDM&r3=DRTAN&r=00131&e=BAYAMON,20070404013412,MYA6YRHGOOFP7D3BTYRGXNRLR5VDWUIT,BAYAMON,MYA6YRHGOOFP7D3BTYRGXNRLR5VDWUIT.html
N2KEFDVMP2EWWPT7GWPJPDKLLQ34HAQ5,http://www.bsnpr.com/jug05.asp?r2=XWVSOJZOLS&r3=YTCJJ&r=00504&e=MOROVIS,20061119231041,N2KEFDVMP2EWWPT7GWPJPDKLLQ34HAQ5,MOROVIS,N2KEFDVMP2EWWPT7GWPJPDKLLQ34HAQ5.html
N3FHCQIFSH3LJG7TQQ3HIKNWXL4GDKKC,http://www.bsnpr.com:80/jug05.asp?r2=KUTZMIBQHD&r=SCCBZ&e=ISABELA,20050409233727,N3FHCQIFSH3LJG7TQQ3HIKNWXL4GDKKC,ISABELA,N3FHCQIFSH3LJG7TQQ3HIKNWXL4GDKKC.html
N537Q3O6M3RZPVTPGSVBT76IR7QQN6PF,http://www.bsnpr.com:80/jug05.asp?r2=462686RWYN&r=00053&e=CAGUAS,20050409234016,N537Q3O6M3RZPVTPGSVBT76IR7QQN6PF,CAGUAS,N537Q3O6M3RZPVTPGSVBT76IR7QQN6PF.html
N56CCNSRCCCJYMJE66XRE66DU6DDKVYF,http://www.bsnpr.com:80/jug05.asp?r2=462746RX1F&r3=00174&e=ARECIBO,20050418012414,N56CCNSRCCCJYMJE66XRE66DU6DDKVYF,ARECIBO,N56CCNSRCCCJYMJE66XRE66DU6DDKVYF.html
N7HRTSY237T72IYFFOCL2ZNCHQ3QYZGE,http://www.bsnpr.com:80/jug05.asp?r3=QSBVQ&r2=QQRXUFBMBV&r=00029&e=,20070404012113,N7HRTSY237T72IYFFOCL2ZNCHQ3QYZGE,,N7HRTSY237T72IYFFOCL2ZNCHQ3QYZGE.html
N7OEQXT6XEM2JJADWY2N5FQYWO5SNOFZ,http://www.bsnpr.com:80/jug05.asp?r3=XIANC&r2=JZZUWZQBLF&r=00509&e=,20061010080351,N7OEQXT6XEM2JJADWY2N5FQYWO5SNOFZ,,N7OEQXT6XEM2JJADWY2N5FQYWO5SNOFZ.html
NAUBELMIYFK7BGXIN2XQ6FPHIFRT7Y7Y,http://www.bsnpr.com:80/jug05.asp?r=00095,20060713001810,NAUBELMIYFK7BGXIN2XQ6FPHIFRT7Y7Y,,NAUBELMIYFK7BGXIN2XQ6FPHIFRT7Y7Y.html
ND5OQDV45ZOV5FZM7WKNWEFWHNGU2ASY,http://www.bsnpr.com:80/jug05.asp?r3=00266&r2=462796RX3P&r=00047&e=,20070404074211,ND5OQDV45ZOV5FZM7WKNWEFWHNGU2ASY,,ND5OQDV45ZOV5FZM7WKNWEFWHNGU2ASY.html
NERLS5HFTR3LIYL2CRDTJLW7SDUYQCAO,http://www.bsnpr.com:80/jug05.asp?r2=HYWZQSLVTN&r3=+++++&e=SANTURCE,20050507093243,NERLS5HFTR3LIYL2CRDTJLW7SDUYQCAO,SANTURCE,NERLS5HFTR3LIYL2CRDTJLW7SDUYQCAO.html
NFWQ5KAZMWYIPYC4FO2LENCWWP4F6IV2,http://www.bsnpr.com:80/jug05.asp?r=00044,20060618110745,NFWQ5KAZMWYIPYC4FO2LENCWWP4F6IV2,,NFWQ5KAZMWYIPYC4FO2LENCWWP4F6IV2.html
NIMRGRKSSVLDLNQ2NJW6IEDCWA7TNWKC,http://www.bsnpr.com:80/jug05.asp?r2=462736RX0S&r3=00145&e=BAYAMON,20050501060305,NIMRGRKSSVLDLNQ2NJW6IEDCWA7TNWKC,BAYAMON,NIMRGRKSSVLDLNQ2NJW6IEDCWA7TNWKC.html
NLEBW7HVN2IEELZU4XICMNLBKKJAE46X,http://www.bsnpr.com:80/jug05.asp?r3=00043&r2=462676RWYJ&r=00156&e=,20061206190156,NLEBW7HVN2IEELZU4XICMNLBKKJAE46X,,NLEBW7HVN2IEELZU4XICMNLBKKJAE46X.html
NMMA6KNDPUZBFTLKJ3P3UWBQGQ3NN7R6,http://www.bsnpr.com:80/jug05.asp?r3=00234&r2=462776RX2Y&r=00049&e=,20070404074656,NMMA6KNDPUZBFTLKJ3P3UWBQGQ3NN7R6,,NMMA6KNDPUZBFTLKJ3P3UWBQGQ3NN7R6.html
NN7JTTMZ6RHRGE3WXEVUSAHHYY7FAJU7,http://www.bsnpr.com:80/jug05.asp?r3=00241&r2=462786RX33&r=00118&e=,20070404080547,NN7JTTMZ6RHRGE3WXEVUSAHHYY7FAJU7,,NN7JTTMZ6RHRGE3WXEVUSAHHYY7FAJU7.html
NNDRZCV7PX36772I4R23LMRVMCMY26EA,http://www.bsnpr.com:80/jug05.asp?r2=462666RWXY&r3=00016&e=ARECIBO,20050418012945,NNDRZCV7PX36772I4R23LMRVMCMY26EA,ARECIBO,NNDRZCV7PX36772I4R23LMRVMCMY26EA.html
NSW22E7LEG2LZCIF6FHSYF3CN5TGNOMB,http://www.bsnpr.com:80/jug05.asp?r2=IQKNMRYDAC&r=+++++&e=CAROLINA,20050927040113,NSW22E7LEG2LZCIF6FHSYF3CN5TGNOMB,CAROLINA,NSW22E7LEG2LZCIF6FHSYF3CN5TGNOMB.html
NUJJONG3LP2S3FF2WUHES5IVZ2GELNUB,http://www.bsnpr.com:80/jug05.asp?r2=462736RX11&r=00156&e=MAYAGUEZ,20050409233636,NUJJONG3LP2S3FF2WUHES5IVZ2GELNUB,MAYAGUEZ,NUJJONG3LP2S3FF2WUHES5IVZ2GELNUB.html
NUWR364EYOQBRNZEC73UVXHWWGVXBNLT,http://www.bsnpr.com:80/jug05.asp?r3=RFVTH&r2=RBWYUXRNGI&r=00153&e=,20070404013551,NUWR364EYOQBRNZEC73UVXHWWGVXBNLT,,NUWR364EYOQBRNZEC73UVXHWWGVXBNLT.html
NVWPRSE5S426XKGG5U2Q7DHLOKIJUY4A,http://www.bsnpr.com:80/jug05.asp?r2=462666RWY2&r=00021&e=BAYAMON,20050923233449,NVWPRSE5S426XKGG5U2Q7DHLOKIJUY4A,BAYAMON,NVWPRSE5S426XKGG5U2Q7DHLOKIJUY4A.html
NW6IJJKQJ7TG2NFYAN4M5G7EQDO4BVXB,http://www.bsnpr.com:80/jug05.asp?r=00524,20070224021002,NW6IJJKQJ7TG2NFYAN4M5G7EQDO4BVXB,,NW6IJJKQJ7TG2NFYAN4M5G7EQDO4BVXB.html
NWV7YOXX65VYGBX7CUUFBK5O6PJFUZLZ,http://www.bsnpr.com:80/jug05.asp?r2=462776RX2K&r3=00220&r=00113&e=SANTURCE,20061206115908,NWV7YOXX65VYGBX7CUUFBK5O6PJFUZLZ,SANTURCE,NWV7YOXX65VYGBX7CUUFBK5O6PJFUZLZ.html
NYHOMWLGZTQ4TQTEISJUPQJ64YV6T4F3,http://www.bsnpr.com:80/jug05.asp?r3=JVUKZ&r2=OIEMXOXHRA&r=00562&e=,20061207025822,NYHOMWLGZTQ4TQTEISJUPQJ64YV6T4F3,,NYHOMWLGZTQ4TQTEISJUPQJ64YV6T4F3.html
NYZII2R5KB2GH5HFQAFOHKU6N7MLV7RA,http://www.bsnpr.com/jug05.asp?r2=462716RX02&r3=00116&r=00038&e=CAGUAS,20061119231009,NYZII2R5KB2GH5HFQAFOHKU6N7MLV7RA,CAGUAS,NYZII2R5KB2GH5HFQAFOHKU6N7MLV7RA.html
O32SOJLSD56EWW57ZSPGUYXWH32OCP7U,http://www.bsnpr.com:80/jug05.asp?r2=462706RWZQ&r=00101&e=ARECIBO,20050416000035,O32SOJLSD56EWW57ZSPGUYXWH32OCP7U,ARECIBO,O32SOJLSD56EWW57ZSPGUYXWH32OCP7U.html
O4N5KXS7SQA4XBUAFGUSBDLCWUB2HTGA,http://www.bsnpr.com:80/jug05.asp?r2=462796RX3G&r3=00257&r=00106&e=SANTURCE,20070404011427,O4N5KXS7SQA4XBUAFGUSBDLCWUB2HTGA,SANTURCE,O4N5KXS7SQA4XBUAFGUSBDLCWUB2HTGA.html
O6VD3EUJPWHE2HTEZG7MSPMVM6LPSIXD,http://www.bsnpr.com:80/jug05.asp?r3=00200&r2=462756RX22&r=00053&e=,20060827011803,O6VD3EUJPWHE2HTEZG7MSPMVM6LPSIXD,,O6VD3EUJPWHE2HTEZG7MSPMVM6LPSIXD.html
OAVTDA3G6CFTBITJHURSIDSQHJPOK35A,http://www.bsnpr.com:80/jug05.asp?r3=NELHP&r2=QCVRXUMZKI&r=00042&e=,20060829191622,OAVTDA3G6CFTBITJHURSIDSQHJPOK35A,,OAVTDA3G6CFTBITJHURSIDSQHJPOK35A.html
OFGH3RTTHOQFOD5DLFOO57K4YUG4JLJP,http://www.bsnpr.com:80/jug05.asp?r3=00257&r2=462796RX3G&r=00106&e=,20061207122810,OFGH3RTTHOQFOD5DLFOO57K4YUG4JLJP,,OFGH3RTTHOQFOD5DLFOO57K4YUG4JLJP.html
OFGVIM5Z64CJHK2JQDH2C3ZZ6YQKCSFY,http://www.bsnpr.com:80/jug05.asp?r3=00128&r2=462726RX0E&r=00022&e=,20061009095955,OFGVIM5Z64CJHK2JQDH2C3ZZ6YQKCSFY,,OFGVIM5Z64CJHK2JQDH2C3ZZ6YQKCSFY.html
OFHDFUJEL2LK6ILJJNQ665S2GUDLUNDU,http://www.bsnpr.com:80/jug05.asp?r2=462696RWZF&r=00087&e=ISABELA,20050903014657,OFHDFUJEL2LK6ILJJNQ665S2GUDLUNDU,ISABELA,OFHDFUJEL2LK6ILJJNQ665S2GUDLUNDU.html
OIL4P5WSSVRJCVRZKWKOSVY3SOCJ5WVE,http://www.bsnpr.com:80/jug05.asp?r2=462796RX3G&r3=00257&r=00106&e=SANTURCE,20060224015021,OIL4P5WSSVRJCVRZKWKOSVY3SOCJ5WVE,SANTURCE,OIL4P5WSSVRJCVRZKWKOSVY3SOCJ5WVE.html
OK5AFV4CDY5PC5PDNFF4GOTWJRATWR5N,http://www.bsnpr.com/jug05.asp?r2=FVGQJLPHGG&r3=EYUHM&r=00553&e=MOROVIS,20061119231107,OK5AFV4CDY5PC5PDNFF4GOTWJRATWR5N,MOROVIS,OK5AFV4CDY5PC5PDNFF4GOTWJRATWR5N.html
OLMOV6NQMYWZVY5BCPRL2PUNMXZKAXWB,http://www.bsnpr.com:80/jug05.asp?r3=00199&r2=462756RX21&r=00082&e=,20060825211550,OLMOV6NQMYWZVY5BCPRL2PUNMXZKAXWB,,OLMOV6NQMYWZVY5BCPRL2PUNMXZKAXWB.html
OLR5EYVXDFEMMTLI6Z6ZXEQ5HG6FA5FX,http://www.bsnpr.com:80/jug05.asp?r3=00162&r2=462746RX16&r=00011&e=,20070404073226,OLR5EYVXDFEMMTLI6Z6ZXEQ5HG6FA5FX,,OLR5EYVXDFEMMTLI6Z6ZXEQ5HG6FA5FX.html
ONWWMXZECREHLIGMVPC64YBKELFX67ZZ,http://www.bsnpr.com:80/jug05.asp?r3=00187&r2=462756RX1P&r=00009&e=,20061007175024,ONWWMXZECREHLIGMVPC64YBKELFX67ZZ,,ONWWMXZECREHLIGMVPC64YBKELFX67ZZ.html
OOB6ZMBPI74S3AOWFH5THERK2YWEL3SN,http://www.bsnpr.com:80/jug05.asp?r3=00137&r2=462726RX0K&r=00055&e=,20061207122655,OOB6ZMBPI74S3AOWFH5THERK2YWEL3SN,,OOB6ZMBPI74S3AOWFH5THERK2YWEL3SN.html
OPYWPE7KPQRU47YG46XOVI2U7RBXKP5V,http://www.bsnpr.com:80/jug05.asp?r3=YSKUU&r2=MJPRZLCMZJ&r=00016&e=,20070404073605,OPYWPE7KPQRU47YG46XOVI2U7RBXKP5V,,OPYWPE7KPQRU47YG46XOVI2U7RBXKP5V.html
OSI4XTWSFZQFJTP5VDJPJFPUYVZBA43J,http://www.bsnpr.com:80/jug05.asp?r2=OKXSWMUWLG&r3=OJXVC&r=00601&e=SANTURCE,20070404075340,OSI4XTWSFZQFJTP5VDJPJFPUYVZBA43J,SANTURCE,OSI4XTWSFZQFJTP5VDJPJFPUYVZBA43J.html
OT6NPEQUJQNBED4QDFYQBML3PTNEIAXR,http://www.bsnpr.com:80/jug05.asp?r2=462766RX28&r=00206&e=PONCE,20050908050513,OT6NPEQUJQNBED4QDFYQBML3PTNEIAXR,PONCE,OT6NPEQUJQNBED4QDFYQBML3PTNEIAXR.html
OTFVMV6LUBRJ376AMC3AGR2GWHVVESAT,http://www.bsnpr.com:80/jug05.asp?r3=00010&r2=462666RWXU&r=00003&e=,20061208064301,OTFVMV6LUBRJ376AMC3AGR2GWHVVESAT,,OTFVMV6LUBRJ376AMC3AGR2GWHVVESAT.html
OW43AMPDA3AJXHJKGGMQ5JVW6L7EOZ6N,http://www.bsnpr.com/jug05.asp?r2=462776RX2U&r3=00230&r=00143&e=MOROVIS,20061119231027,OW43AMPDA3AJXHJKGGMQ5JVW6L7EOZ6N,MOROVIS,OW43AMPDA3AJXHJKGGMQ5JVW6L7EOZ6N.html
P23CTPJ6ACP355QGIWC6HW4EFSQZ5ZCJ,http://www.bsnpr.com:80/jug05.asp?r2=462706RWZV&r3=00107&e=COAMO,20050501125356,P23CTPJ6ACP355QGIWC6HW4EFSQZ5ZCJ,COAMO,P23CTPJ6ACP355QGIWC6HW4EFSQZ5ZCJ.html
P2765WQ2YMQTPB66VZI7SKB2J6BQ5VDR,http://www.bsnpr.com:80/jug05.asp?r3=00158&r2=462736RX12&r=00010&e=,20061208064357,P2765WQ2YMQTPB66VZI7SKB2J6BQ5VDR,,P2765WQ2YMQTPB66VZI7SKB2J6BQ5VDR.html
P3TUHA6EUSHBFJ3OBXQBGGLQSDE5PEDF,http://www.bsnpr.com:80/jug05.asp?r3=QGUQO&r2=BLBESEULRP&r=00147&e=,20061007023810,P3TUHA6EUSHBFJ3OBXQBGGLQSDE5PEDF,,P3TUHA6EUSHBFJ3OBXQBGGLQSDE5PEDF.html
P4XQII7D5LS4RFMT54LJZW3WT5BZTLO7,http://www.bsnpr.com:80/jug05.asp?r2=462676RWYF&r3=00039&r=00110&e=SANTURCE,20061207122923,P4XQII7D5LS4RFMT54LJZW3WT5BZTLO7,SANTURCE,P4XQII7D5LS4RFMT54LJZW3WT5BZTLO7.html
P67LWAVCVO4KBDGHQOQMPBC56RZZ66KI,http://www.bsnpr.com:80/jug05.asp?r3=00264&r2=462796RX3N&r=00109&e=,20061210022103,P67LWAVCVO4KBDGHQOQMPBC56RZZ66KI,,P67LWAVCVO4KBDGHQOQMPBC56RZZ66KI.html
P7GUHUGDWVU7SJCYLJ56WJASSKYYOW6O,http://www.bsnpr.com/jug05.asp?r2=ULITXEGTV1&r3=JWSLH&r=00071&e=HUMACAO,20061119231423,P7GUHUGDWVU7SJCYLJ56WJASSKYYOW6O,HUMACAO,P7GUHUGDWVU7SJCYLJ56WJASSKYYOW6O.html
P7MBYYNWTQDUFB4YZRKKNCLKU2PPU322,http://www.bsnpr.com:80/jug05.asp?r3=00022&r2=462666RWY3&r=00510&e=,20061207122630,P7MBYYNWTQDUFB4YZRKKNCLKU2PPU322,,P7MBYYNWTQDUFB4YZRKKNCLKU2PPU322.html
PCLYV3YQGZGZJRQLWE3TFUAVUQFUMJFW,http://www.bsnpr.com:80/jug05.asp?r2=462666RWY2&r3=00021&e=BAYAMON,20050501060233,PCLYV3YQGZGZJRQLWE3TFUAVUQFUMJFW,BAYAMON,PCLYV3YQGZGZJRQLWE3TFUAVUQFUMJFW.html
PEMOEVHWG2ZRDQV3ZQVPPWRPKDCJUV3Y,http://www.bsnpr.com/jug05.asp?r2=TDTAOSFKIV&r3=POOHO&r=00506&e=HUMACAO,20061119231410,PEMOEVHWG2ZRDQV3ZQVPPWRPKDCJUV3Y,HUMACAO,PEMOEVHWG2ZRDQV3ZQVPPWRPKDCJUV3Y.html
PENHN2IRDJW5NM33WRQQCY4CWR6BBO37,http://www.bsnpr.com:80/jug05.asp?r2=462746RX1L&r=00183&e=PONCE,20050409234020,PENHN2IRDJW5NM33WRQQCY4CWR6BBO37,PONCE,PENHN2IRDJW5NM33WRQQCY4CWR6BBO37.html
PIO53XUX6KLRLZGA3472QCZJCT7BS7WN,http://www.bsnpr.com:80/jug05.asp?r3=00200&r2=462756RX22&r=00053&e=,20061007174731,PIO53XUX6KLRLZGA3472QCZJCT7BS7WN,,PIO53XUX6KLRLZGA3472QCZJCT7BS7WN.html
PJ52E5U4QHKIGVCHO6O7IOHI5TAZPHCX,http://www.bsnpr.com:80/jug05.asp?r=00064,20060618110822,PJ52E5U4QHKIGVCHO6O7IOHI5TAZPHCX,,PJ52E5U4QHKIGVCHO6O7IOHI5TAZPHCX.html
PKZ2TQXFZUCQYGZ4EBBVHH6656KWWN6R,http://www.bsnpr.com:80/jug05.asp?r3=QGUQO&r2=BLBESEULRP&r=00147&e=,20070404014428,PKZ2TQXFZUCQYGZ4EBBVHH6656KWWN6R,,PKZ2TQXFZUCQYGZ4EBBVHH6656KWWN6R.html
PM7R6GEX3W4RHGR2CDXLXG7HPJWXNLLI,http://www.bsnpr.com:80/jug05.asp?r2=462676RWYH&r3=00041&r=00041&e=SAN+GERMAN,20070224202650,PM7R6GEX3W4RHGR2CDXLXG7HPJWXNLLI,SAN GERMAN,PM7R6GEX3W4RHGR2CDXLXG7HPJWXNLLI.html
PO5CLIJRGD5KU6FD5WSSOU5JYBSSCOXC,http://www.bsnpr.com:80/jug05.asp?r3=YISKK&r2=GFPAQCDEDB&r=00097&e=,20070404071949,PO5CLIJRGD5KU6FD5WSSOU5JYBSSCOXC,,PO5CLIJRGD5KU6FD5WSSOU5JYBSSCOXC.html
POHHGOJ6B5HX2ZS3MXEU25RA6R7TQ5HI,http://www.bsnpr.com:80/jug05.asp?r2=462766RX2H&r3=00217&r=00529&e=SANTURCE,20060528213655,POHHGOJ6B5HX2ZS3MXEU25RA6R7TQ5HI,SANTURCE,POHHGOJ6B5HX2ZS3MXEU25RA6R7TQ5HI.html
PRNFGPHUORXKQLGVKDQQVKLWPDMHDAKT,http://www.bsnpr.com/jug05.asp?r2=QQUHMPOFDN&r3=IYKRR&r=00061&e=GUAYAMA,20061119230241,PRNFGPHUORXKQLGVKDQQVKLWPDMHDAKT,GUAYAMA,PRNFGPHUORXKQLGVKDQQVKLWPDMHDAKT.html
PSDGHHGJUFZOICUIPJRCBOBQSNQ2HB7F,http://www.bsnpr.com:80/jug05.asp?r3=00062&r2=462686RWYV&r=00066&e=,20061206190209,PSDGHHGJUFZOICUIPJRCBOBQSNQ2HB7F,,PSDGHHGJUFZOICUIPJRCBOBQSNQ2HB7F.html
PSL64YDEA65LQAOHXRE6TCXARPXYBBB7,http://www.bsnpr.com:80/jug05.asp?r=00576,20070224020952,PSL64YDEA65LQAOHXRE6TCXARPXYBBB7,,PSL64YDEA65LQAOHXRE6TCXARPXYBBB7.html
PXDZ3XKPOMXUQC7KQJKZRPVPSGJFSGK3,http://www.bsnpr.com:80/jug05.asp?r3=QSBVQ&r2=QQRXUFBMBV&r=00029&e=,20061008162030,PXDZ3XKPOMXUQC7KQJKZRPVPSGJFSGK3,,PXDZ3XKPOMXUQC7KQJKZRPVPSGJFSGK3.html
PY3VEBVKMI72XYB7QJHQ5K7PUTCKJYMM,http://www.bsnpr.com:80/jug05.asp?r=00030,20060618110719,PY3VEBVKMI72XYB7QJHQ5K7PUTCKJYMM,,PY3VEBVKMI72XYB7QJHQ5K7PUTCKJYMM.html
PZC5IZ4YGL2X4LQUUUM5CPCPDJRKFZO2,http://www.bsnpr.com:80/jug05.asp?r3=00196&r2=462756RX1Y&r=00095&e=,20061216220942,PZC5IZ4YGL2X4LQUUUM5CPCPDJRKFZO2,,PZC5IZ4YGL2X4LQUUUM5CPCPDJRKFZO2.html
Q65WRCY6VZTO36HZXLS5W5JDWGEGYJ42,http://www.bsnpr.com:80/jug05.asp?r2=462756RX21&r=00199&e=ISABELA,20050409232756,Q65WRCY6VZTO36HZXLS5W5JDWGEGYJ42,ISABELA,Q65WRCY6VZTO36HZXLS5W5JDWGEGYJ42.html
Q6FP7R7MMJH2NLRNBWN74ECUBUCIJVCD,http://www.bsnpr.com:80/jug05.asp?r3=00219&r2=462766RX2J&r=00111&e=,20061007174421,Q6FP7R7MMJH2NLRNBWN74ECUBUCIJVCD,,Q6FP7R7MMJH2NLRNBWN74ECUBUCIJVCD.html
Q72HKOFOWH25FEQWFEVO4IWDEVI55EKV,http://www.bsnpr.com:80/jug05.asp?r3=00158&r2=462736RX12&r=00010&e=,20061007174846,Q72HKOFOWH25FEQWFEVO4IWDEVI55EKV,,Q72HKOFOWH25FEQWFEVO4IWDEVI55EKV.html
QAHPSPQSY66V4AUC5AINZR5EU4RH7BRE,http://www.bsnpr.com:80/jug05.asp?r3=FSWWD&r2=462776RX2V&r=00124&e=,20061211115502,QAHPSPQSY66V4AUC5AINZR5EU4RH7BRE,,QAHPSPQSY66V4AUC5AINZR5EU4RH7BRE.html
QCNXXKZ6P5APU2M5SOOZIIECQWMMLDJ2,http://www.bsnpr.com:80/jug05.asp?r=00058,20070224020915,QCNXXKZ6P5APU2M5SOOZIIECQWMMLDJ2,,QCNXXKZ6P5APU2M5SOOZIIECQWMMLDJ2.html
QDAFSEPIC2VTLNMR25MCK2GTGFL5M7HZ,http://www.bsnpr.com:80/jug05.asp?r2=462696RWZF&r=00087&e=ISABELA,20050409234038,QDAFSEPIC2VTLNMR25MCK2GTGFL5M7HZ,ISABELA,QDAFSEPIC2VTLNMR25MCK2GTGFL5M7HZ.html
QEEOXCORGIFBD5VRHRITNMXKJJ5CFNKI,http://www.bsnpr.com:80/jug05.asp?r2=MJPRZLCMZJ&r3=YSKUU&e=BAYAMON,20050501060228,QEEOXCORGIFBD5VRHRITNMXKJJ5CFNKI,BAYAMON,QEEOXCORGIFBD5VRHRITNMXKJJ5CFNKI.html
QEQ732Q6DLT6CSRTN2FTLYFNBNSHAYIC,http://www.bsnpr.com:80/jug05.asp?r3=00190&r2=462756RX1S&r=00090&e=,20070404014024,QEQ732Q6DLT6CSRTN2FTLYFNBNSHAYIC,,QEQ732Q6DLT6CSRTN2FTLYFNBNSHAYIC.html
QFQ2LRH3KSRVGKFL6AYNPVMI5KGFWZHJ,http://www.bsnpr.com:80/jug05.asp?r3=00038&r2=462676RWYE&r=00018&e=,20070404075221,QFQ2LRH3KSRVGKFL6AYNPVMI5KGFWZHJ,,QFQ2LRH3KSRVGKFL6AYNPVMI5KGFWZHJ.html
QGNUMPZZVR66A64JDG2NTUXPCGP5LD4W,http://www.bsnpr.com:80/jug05.asp?r2=462696RWZ9&r=00078&e=ISABELA,20050927081426,QGNUMPZZVR66A64JDG2NTUXPCGP5LD4W,ISABELA,QGNUMPZZVR66A64JDG2NTUXPCGP5LD4W.html
QHVQUYJWPQ5WMLJ4NBPT4Z3YMH5QGOKA,http://www.bsnpr.com:80/jug05.asp?r2=462676RWYF&r3=00039&r=00110&e=SANTURCE,20060528213628,QHVQUYJWPQ5WMLJ4NBPT4Z3YMH5QGOKA,SANTURCE,QHVQUYJWPQ5WMLJ4NBPT4Z3YMH5QGOKA.html
QOGVFEKRXC456LPYOAEP2UTSRFTMJBTG,http://www.bsnpr.com:80/jug05.asp?r2=462726RX0L&r3=00138&r=00046&e=SANTURCE,20060224014854,QOGVFEKRXC456LPYOAEP2UTSRFTMJBTG,SANTURCE,QOGVFEKRXC456LPYOAEP2UTSRFTMJBTG.html
QOUFD3ZQDNF4SBPGZ47ZYGBJRVFLIWHB,http://www.bsnpr.com/jug05.asp?r3=HJLUP&r2=OWARAHQJOW&r=00150&e=,20061119221233,QOUFD3ZQDNF4SBPGZ47ZYGBJRVFLIWHB,,QOUFD3ZQDNF4SBPGZ47ZYGBJRVFLIWHB.html
QSF2XBLEVKDHWD5CBZ4QNN3S24FPIZNZ,http://www.bsnpr.com:80/jug05.asp?r3=00183&r2=462746RX1L&r=00088&e=,20061208064411,QSF2XBLEVKDHWD5CBZ4QNN3S24FPIZNZ,,QSF2XBLEVKDHWD5CBZ4QNN3S24FPIZNZ.html
QUL34LQEGYO2RUGNNREXLLHMYRN53V7I,http://www.bsnpr.com:80/jug05.asp?r3=BXFKF&r2=RRUPKIVAUK&r=00123&e=,20070404014421,QUL34LQEGYO2RUGNNREXLLHMYRN53V7I,,QUL34LQEGYO2RUGNNREXLLHMYRN53V7I.html
QX3LA4KPA7HFWLIVBL3SYPKCCYS5BGTC,http://www.bsnpr.com:80/jug05.asp?r=00052,20060618110758,QX3LA4KPA7HFWLIVBL3SYPKCCYS5BGTC,,QX3LA4KPA7HFWLIVBL3SYPKCCYS5BGTC.html
QXXUJTNSACECCG3VQIOAWAID2H64G24Q,http://www.bsnpr.com:80/jug05.asp?r2=LAZPZZSQHB&r3=BHVDA&r=00017&e=BAYAMON,20061214131250,QXXUJTNSACECCG3VQIOAWAID2H64G24Q,BAYAMON,QXXUJTNSACECCG3VQIOAWAID2H64G24Q.html
QYNSQF4YPTEUXIQAXACZTRCRNANWLRWX,http://www.bsnpr.com:80/jug05.asp?r3=00196&r2=462756RX1Y&r=00095&e=,20061006040802,QYNSQF4YPTEUXIQAXACZTRCRNANWLRWX,,QYNSQF4YPTEUXIQAXACZTRCRNANWLRWX.html
QYYLAIITFM7JPWLRHBD4RDV66QJDV2M2,http://www.bsnpr.com:80/jug05.asp?r2=462686RWYM&r=00050&e=BAYAMON,20050905122327,QYYLAIITFM7JPWLRHBD4RDV66QJDV2M2,BAYAMON,QYYLAIITFM7JPWLRHBD4RDV66QJDV2M2.html
R37INRPK4L5E5KRKJPHHJNVEFLGI5IRU,http://www.bsnpr.com:80/jug05.asp?r2=462726RX0Q&r=00143&e=BAYAMON,20050921065647,R37INRPK4L5E5KRKJPHHJNVEFLGI5IRU,BAYAMON,R37INRPK4L5E5KRKJPHHJNVEFLGI5IRU.html
RBP2W2W44JQFJQYS6YAOQX4F7KNNOACO,http://www.bsnpr.com:80/jug05.asp?r=00539,20060618111220,RBP2W2W44JQFJQYS6YAOQX4F7KNNOACO,,RBP2W2W44JQFJQYS6YAOQX4F7KNNOACO.html
RBPZF3RPA3JARNKJEOIXVNO2DXPGQYM4,http://www.bsnpr.com:80/jug05.asp?r3=00138&r2=462726RX0L&r=00046&e=,20061008162434,RBPZF3RPA3JARNKJEOIXVNO2DXPGQYM4,,RBPZF3RPA3JARNKJEOIXVNO2DXPGQYM4.html
RBW3BEYX3SN2J6546W364ST4LKMJJP6A,http://www.bsnpr.com:80/jug05.asp?r2=462676RWYG&r=00040&e=BAYAMON,20050409233452,RBW3BEYX3SN2J6546W364ST4LKMJJP6A,BAYAMON,RBW3BEYX3SN2J6546W364ST4LKMJJP6A.html
RDT5OI4OLWVCZV4DXISWP7LGD537VVLC,http://www.bsnpr.com:80/jug05.asp?r2=462666RWXV&r3=00011&e=ARECIBO,20050418012700,RDT5OI4OLWVCZV4DXISWP7LGD537VVLC,ARECIBO,RDT5OI4OLWVCZV4DXISWP7LGD537VVLC.html
REBOG6OACQUCTDJ3XU7QGCO3PL6LAQUB,http://www.bsnpr.com:80/jug05.asp?r2=RBWYUXRNGI&r3=+++++&e=BAYAMON,20050501060337,REBOG6OACQUCTDJ3XU7QGCO3PL6LAQUB,BAYAMON,REBOG6OACQUCTDJ3XU7QGCO3PL6LAQUB.html
REC6NOSTJZVKGM3TRL6VOF4AZWVJDSSP,http://www.bsnpr.com:80/jug05.asp?r2=462676RWYC&r3=00036&e=SANTURCE,20050907181919,REC6NOSTJZVKGM3TRL6VOF4AZWVJDSSP,SANTURCE,REC6NOSTJZVKGM3TRL6VOF4AZWVJDSSP.html
RFKOHKHHQB53IPYWYIACXVLKGB2BYC43,http://www.bsnpr.com:80/jug05.asp?r3=VFMVW&r2=RSSASSXGXN&r=00517&e=,20061006123249,RFKOHKHHQB53IPYWYIACXVLKGB2BYC43,,RFKOHKHHQB53IPYWYIACXVLKGB2BYC43.html
RGXUMPW2OJPDVF2YUBUHN5QVCTR4NEF5,http://www.bsnpr.com:80/jug05.asp?r3=+++++&r2=HCSGGIFNLF&r=00129&e=,20061208171309,RGXUMPW2OJPDVF2YUBUHN5QVCTR4NEF5,,RGXUMPW2OJPDVF2YUBUHN5QVCTR4NEF5.html
RHK63LGZWJJO3LGCGO4GI3TCWGUAA42E,http://www.bsnpr.com:80/jug05.asp?r3=00216&r2=462766RX2G&r=00093&e=,20061215014717,RHK63LGZWJJO3LGCGO4GI3TCWGUAA42E,,RHK63LGZWJJO3LGCGO4GI3TCWGUAA42E.html
RHN3SPP5SJDKPKULNHY37CCKM7XWLSFF,http://www.bsnpr.com:80/jug05.asp?r2=TLRPRTYNXO&r=KGAGM&e=PONCE,20050414064747,RHN3SPP5SJDKPKULNHY37CCKM7XWLSFF,PONCE,RHN3SPP5SJDKPKULNHY37CCKM7XWLSFF.html
RKQXB3OQR35NY4OE7SHOVSNKRMNZJLKH,http://www.bsnpr.com:80/jug05.asp?r3=SXFEF&r2=KVRFULQVQD&r=00084&e=,20061006035810,RKQXB3OQR35NY4OE7SHOVSNKRMNZJLKH,,RKQXB3OQR35NY4OE7SHOVSNKRMNZJLKH.html
RLP75JCJM7WQARYUFC7ZOEAM3T5S3BXQ,http://www.bsnpr.com:80/jug05.asp?r3=00128&r2=462726RX0E&r=00022&e=,20061206115318,RLP75JCJM7WQARYUFC7ZOEAM3T5S3BXQ,,RLP75JCJM7WQARYUFC7ZOEAM3T5S3BXQ.html
RRGBZMXX5F24TFDF4PKY53ZBWROVDUMM,http://www.bsnpr.com:80/jug05.asp?r3=VQQXC&r2=PVUKUVMQOM&r=00087&e=,20070404080913,RRGBZMXX5F24TFDF4PKY53ZBWROVDUMM,,RRGBZMXX5F24TFDF4PKY53ZBWROVDUMM.html
RT2JEYWMWDELWL47VDD7GK6SZW6PBQTL,http://www.bsnpr.com:80/jug05.asp?r2=462766RX25&r3=00203&e=COAMO,20050501125422,RT2JEYWMWDELWL47VDD7GK6SZW6PBQTL,COAMO,RT2JEYWMWDELWL47VDD7GK6SZW6PBQTL.html
RTVU3NKUL5FL47QGWMH42PE4V2EUDY45,http://www.bsnpr.com/jug05.asp?r2=462696RWZB&r3=00080&r=00069&e=CAGUAS,20061119230924,RTVU3NKUL5FL47QGWMH42PE4V2EUDY45,CAGUAS,RTVU3NKUL5FL47QGWMH42PE4V2EUDY45.html
RTY67OGG6HYMIY6TXT4DP7WDZGOXSIU7,http://www.bsnpr.com:80/jug05.asp?r=00578,20070224021104,RTY67OGG6HYMIY6TXT4DP7WDZGOXSIU7,,RTY67OGG6HYMIY6TXT4DP7WDZGOXSIU7.html
RUSMOGJANJTFDJFWR37P2N7MLNSALATB,http://www.bsnpr.com:80/jug05.asp?r3=00117&r2=462716RX03&r=00039&e=,20070404081400,RUSMOGJANJTFDJFWR37P2N7MLNSALATB,,RUSMOGJANJTFDJFWR37P2N7MLNSALATB.html
RWHFZQN2UQOYDX27ULWS7AYESZDLH6BX,http://www.bsnpr.com:80/jug05.asp?r=00526,20060618111123,RWHFZQN2UQOYDX27ULWS7AYESZDLH6BX,,RWHFZQN2UQOYDX27ULWS7AYESZDLH6BX.html
S2P7BGXSEGZDRA3VYRSKXG6FFC43I6Y6,http://www.bsnpr.com:80/jug05.asp?r3=0129+&r2=BVQKGAXBXG&r=00552&e=,20061207024835,S2P7BGXSEGZDRA3VYRSKXG6FFC43I6Y6,,S2P7BGXSEGZDRA3VYRSKXG6FFC43I6Y6.html
S7GJJTS2NP22SAV7JLPYRATQP6XR4OVX,http://www.bsnpr.com/jug05.asp?r2=462776RX2Z&r3=00236&r=00520&e=SAN%20GERMAN,20061119230435,S7GJJTS2NP22SAV7JLPYRATQP6XR4OVX,SAN GERMAN,S7GJJTS2NP22SAV7JLPYRATQP6XR4OVX.html
SAYBIKZOI7HE42N3MVVIZOP3L2ICKKEF,http://www.bsnpr.com/jug05.asp?r2=NBEHERXGQF&r3=DYFWD&r=00532&e=CAGUAS,20061119230931,SAYBIKZOI7HE42N3MVVIZOP3L2ICKKEF,CAGUAS,SAYBIKZOI7HE42N3MVVIZOP3L2ICKKEF.html
SESY7L6XG3BM6PNDGAEX7OASFGS7PFBA,http://www.bsnpr.com:80/jug05.asp?r3=00160&r2=462736RX14&r=00117&e=,20060905231932,SESY7L6XG3BM6PNDGAEX7OASFGS7PFBA,,SESY7L6XG3BM6PNDGAEX7OASFGS7PFBA.html
SFXWC3FJNZOHZGVGSYERO4G5TFQ3QXZ7,http://www.bsnpr.com:80/jug05.asp?r3=EWNQQ&r2=RMDNZQUHQC&r=00133&e=,20061211222054,SFXWC3FJNZOHZGVGSYERO4G5TFQ3QXZ7,,SFXWC3FJNZOHZGVGSYERO4G5TFQ3QXZ7.html
SGO2KICBEFTQP6YQH7PHWUSI3LL2EPIU,http://www.bsnpr.com:80/jug05.asp?r2=462756RX20&r3=00198&e=ARECIBO,20050924074420,SGO2KICBEFTQP6YQH7PHWUSI3LL2EPIU,ARECIBO,SGO2KICBEFTQP6YQH7PHWUSI3LL2EPIU.html
SJ4DWEJG2IAS43O6Q4QT4ICRGAUQEFGQ,http://www.bsnpr.com/jug05.asp?r3=00254&r2=462796RX3F&r=00105&e=,20061119221708,SJ4DWEJG2IAS43O6Q4QT4ICRGAUQEFGQ,,SJ4DWEJG2IAS43O6Q4QT4ICRGAUQEFGQ.html
SJ5UTRUFJXRJY2YMSSD47GPFDNGYNQR3,http://www.bsnpr.com/jug05.asp?r2=SCJTNCXIFZ&r3=JQBJK&r=00508&e=GUAYAMA,20061119230234,SJ5UTRUFJXRJY2YMSSD47GPFDNGYNQR3,GUAYAMA,SJ5UTRUFJXRJY2YMSSD47GPFDNGYNQR3.html
SJMXSQJPITSPIYTIWRDDSMMIR4FZPCJ6,http://www.bsnpr.com:80/jug05.asp?r3=00061&r2=462686RWYU&r=00086&e=,20061213110027,SJMXSQJPITSPIYTIWRDDSMMIR4FZPCJ6,,SJMXSQJPITSPIYTIWRDDSMMIR4FZPCJ6.html
SOQFALSA45WMNTCDZZG36LJSCXGTDIVK,http://www.bsnpr.com:80/jug05.asp?r3=00254&r2=462796RX3F&r=00105&e=,20061008161952,SOQFALSA45WMNTCDZZG36LJSCXGTDIVK,,SOQFALSA45WMNTCDZZG36LJSCXGTDIVK.html
SQ4CXQJ5V7OZTHTKMNO33LJIK6F6YNOD,http://www.bsnpr.com:80/jug05.asp?r3=VFMVW&r2=RSSASSXGXN&r=00517&e=,20061206115741,SQ4CXQJ5V7OZTHTKMNO33LJIK6F6YNOD,,SQ4CXQJ5V7OZTHTKMNO33LJIK6F6YNOD.html
SSD7BRBZAERUYPVB2EZF7W2R6MLDJBEN,http://www.bsnpr.com:80/jug05.asp?r=00562,20060618111243,SSD7BRBZAERUYPVB2EZF7W2R6MLDJBEN,,SSD7BRBZAERUYPVB2EZF7W2R6MLDJBEN.html
ST72DGNT5KFQGCI7X33QMJDHTMSNAUWL,http://www.bsnpr.com:80/jug05.asp?r3=NEMAV&r2=BSFVOMHNPE&r=00543&e=,20061210150914,ST72DGNT5KFQGCI7X33QMJDHTMSNAUWL,,ST72DGNT5KFQGCI7X33QMJDHTMSNAUWL.html
SUDAXMSJASOKY3V2XQGVL4CA3DI736HS,http://www.bsnpr.com:80/jug05.asp?r3=QIGCQ&r2=WKYIXVIKDD&r=00554&e=,20060829191634,SUDAXMSJASOKY3V2XQGVL4CA3DI736HS,,SUDAXMSJASOKY3V2XQGVL4CA3DI736HS.html
T33N5VPP73OKGZBKP3J2F3Z5FIFWEM3S,http://www.bsnpr.com/jug05.asp?r2=JCGBPWPGMG&r3=DBRCU&r=00531&e=BAYAMON,20061119231221,T33N5VPP73OKGZBKP3J2F3Z5FIFWEM3S,BAYAMON,T33N5VPP73OKGZBKP3J2F3Z5FIFWEM3S.html
T4MKZFT263X6QKYA2PJGTTFXRDUPGGAO,http://www.bsnpr.com:80/jug05.asp?r3=+++++&r2=BQVZAGRSHM&r=00574&e=,20061206190039,T4MKZFT263X6QKYA2PJGTTFXRDUPGGAO,,T4MKZFT263X6QKYA2PJGTTFXRDUPGGAO.html
T5R5A42FIIUPML2GBK34VSOP3JRZDI2R,http://www.bsnpr.com:80/jug05.asp?r2=462766RX2D&r=00211&e=MAYAGUEZ,20050409233430,T5R5A42FIIUPML2GBK34VSOP3JRZDI2R,MAYAGUEZ,T5R5A42FIIUPML2GBK34VSOP3JRZDI2R.html
T5XAVG3JLAT6L3ZYPI6LRUTKQ3743JZR,http://www.bsnpr.com:80/jug05.asp?r2=LAZPZZSQHB&r3=BHVDA&e=BAYAMON,20050501055851,T5XAVG3JLAT6L3ZYPI6LRUTKQ3743JZR,BAYAMON,T5XAVG3JLAT6L3ZYPI6LRUTKQ3743JZR.html
T6HTWQGJFU3LOWIFAF6NFMSV4UIMBQEN,http://www.bsnpr.com:80/jug05.asp?r3=00021&r2=462666RWY2&r=00021&e=,20061211222545,T6HTWQGJFU3LOWIFAF6NFMSV4UIMBQEN,,T6HTWQGJFU3LOWIFAF6NFMSV4UIMBQEN.html
T7PMDNYU2RYNX7XI6LBQSIASEU3GC5G7,http://www.bsnpr.com:80/jug05.asp?r2=462796RX3F&r3=00254&r=00105&e=SANTURCE,20070404072848,T7PMDNYU2RYNX7XI6LBQSIASEU3GC5G7,SANTURCE,T7PMDNYU2RYNX7XI6LBQSIASEU3GC5G7.html
TBNIOSWHOQCECC2HT475P6ICAE265GIW,http://www.bsnpr.com/jug05.asp?r2=462666RWXR&r3=00007&r=00014&e=ARECIBO,20061119230737,TBNIOSWHOQCECC2HT475P6ICAE265GIW,ARECIBO,TBNIOSWHOQCECC2HT475P6ICAE265GIW.html
TCCEXTQQNDJOFITI4JYYYOLVXLPJRWZO,http://www.bsnpr.com/jug05.asp?r2=BLBESEULRP&r3=QGUQO&r=00511&e=SAN%20GERMAN,20061119230342,TCCEXTQQNDJOFITI4JYYYOLVXLPJRWZO,SAN GERMAN,TCCEXTQQNDJOFITI4JYYYOLVXLPJRWZO.html
TCGZ54UBNJLUO3TUJXYC4TIZ32LK4VZS,http://www.bsnpr.com:80/jug05.asp?r3=+++++&r2=ZACUMASFSK&r=00561&e=,20061010075946,TCGZ54UBNJLUO3TUJXYC4TIZ32LK4VZS,,TCGZ54UBNJLUO3TUJXYC4TIZ32LK4VZS.html
TDOF342TTQWPLPU4ZAG4QRIAE6ZYP342,http://www.bsnpr.com:80/jug05.asp?r2=462686RWYZ&r=00067&e=CAGUAS,20050902223528,TDOF342TTQWPLPU4ZAG4QRIAE6ZYP342,CAGUAS,TDOF342TTQWPLPU4ZAG4QRIAE6ZYP342.html
TDXZKDGDFI7BZU5DSHGPGMOGV6ASGBDK,http://www.bsnpr.com:80/jug05.asp?r3=00033&r2=462676RWYB&r=00051&e=,20070404075238,TDXZKDGDFI7BZU5DSHGPGMOGV6ASGBDK,,TDXZKDGDFI7BZU5DSHGPGMOGV6ASGBDK.html
TEZO3B6L6NXMYJT6EGRCAVCAHVXNFDV6,http://www.bsnpr.com:80/jug05.asp?r3=00211&r2=462766RX2D&r=00518&e=,20070404073125,TEZO3B6L6NXMYJT6EGRCAVCAHVXNFDV6,,TEZO3B6L6NXMYJT6EGRCAVCAHVXNFDV6.html
TJ6ZEZFBDZMY6K3LCVKXL2FOXRUCWTDS,http://www.bsnpr.com/jug05.asp?r2=462796RX3O&r3=00265&r=00023&e=GUAYAMA,20061119230114,TJ6ZEZFBDZMY6K3LCVKXL2FOXRUCWTDS,GUAYAMA,TJ6ZEZFBDZMY6K3LCVKXL2FOXRUCWTDS.html
TJD72H5CRJAXJ4ZEW2RHPUXIHPXCUMNA,http://www.bsnpr.com:80/jug05.asp?r=00086,20070224202321,TJD72H5CRJAXJ4ZEW2RHPUXIHPXCUMNA,,TJD72H5CRJAXJ4ZEW2RHPUXIHPXCUMNA.html
TLN2WWNRBL6XY4A45YJWQACDFPIQMVYK,http://www.bsnpr.com:80/jug05.asp?r3=00217&r2=462766RX2H&r=00529&e=,20061010080149,TLN2WWNRBL6XY4A45YJWQACDFPIQMVYK,,TLN2WWNRBL6XY4A45YJWQACDFPIQMVYK.html
TRGJAS45FFWTODEDDAQ7DONNNVT5F3PV,http://www.bsnpr.com:80/jug05.asp?r2=OEZEJQNBIY&r=SUZNL&e=ISABELA,20050902194620,TRGJAS45FFWTODEDDAQ7DONNNVT5F3PV,ISABELA,TRGJAS45FFWTODEDDAQ7DONNNVT5F3PV.html
TSASY5FXDSXMBL3XQN4A2F2OZNNFLFS2,http://www.bsnpr.com:80/jug05.asp?r3=UHJSY&r2=SYUDIFEUFB&r=00537&e=,20061214185945,TSASY5FXDSXMBL3XQN4A2F2OZNNFLFS2,,TSASY5FXDSXMBL3XQN4A2F2OZNNFLFS2.html
TSYVG4M3P5IN2AMXFRC4UE7CFEZQNBDU,http://www.bsnpr.com:80/jug05.asp?r3=00264&r2=462796RX3N&r=00109&e=,20070404071833,TSYVG4M3P5IN2AMXFRC4UE7CFEZQNBDU,,TSYVG4M3P5IN2AMXFRC4UE7CFEZQNBDU.html
TUHDSWWHHOIDV64SKCKEKGCLUGF6KL73,http://www.bsnpr.com:80/jug05.asp?r3=00155&r2=462736RX10&r=00026&e=,20070404075610,TUHDSWWHHOIDV64SKCKEKGCLUGF6KL73,,TUHDSWWHHOIDV64SKCKEKGCLUGF6KL73.html
TUYDL4K4D5HHTMCYUXPVVBICRQA7XN2K,http://www.bsnpr.com:80/jug05.asp?r=00540,20070224081001,TUYDL4K4D5HHTMCYUXPVVBICRQA7XN2K,,TUYDL4K4D5HHTMCYUXPVVBICRQA7XN2K.html
TYOK2RCIA5MA7PINWUESGXUEEU65GGZP,http://www.bsnpr.com:80/jug05.asp?r3=BHVDA&r2=LAZPZZSQHB&r=00017&e=,20061215135334,TYOK2RCIA5MA7PINWUESGXUEEU65GGZP,,TYOK2RCIA5MA7PINWUESGXUEEU65GGZP.html
TYURZYHR4WFHS6WHLCX54EKYLRPB225T,http://www.bsnpr.com:80/jug05.asp?r2=462726RX0E&r=00128&e=BAYAMON,20050409232628,TYURZYHR4WFHS6WHLCX54EKYLRPB225T,BAYAMON,TYURZYHR4WFHS6WHLCX54EKYLRPB225T.html
U5BHBJ6AWHBWODNAY4F46A4SMJD56WXS,http://www.bsnpr.com:80/jug05.asp?r2=462666RWY2&r=00021&e=BAYAMON,20050409232829,U5BHBJ6AWHBWODNAY4F46A4SMJD56WXS,BAYAMON,U5BHBJ6AWHBWODNAY4F46A4SMJD56WXS.html
U5IBVZPIA7V5VPYKIJV4LW5NHTH7CNJL,http://www.bsnpr.com:80/jug05.asp?r3=EWNQQ&r2=RMDNZQUHQC&r=00133&e=,20070404080242,U5IBVZPIA7V5VPYKIJV4LW5NHTH7CNJL,,U5IBVZPIA7V5VPYKIJV4LW5NHTH7CNJL.html
U6YNTA2E5U2J62LTVDCGOF2UD6VQY3PO,http://www.bsnpr.com:80/jug05.asp?r=00551,20060618111233,U6YNTA2E5U2J62LTVDCGOF2UD6VQY3PO,,U6YNTA2E5U2J62LTVDCGOF2UD6VQY3PO.html
U7DTSYDQ55BZFUYBZILB3HM7EWAX2JAQ,http://www.bsnpr.com:80/jug05.asp?r2=462686RWYN&r=00053&e=CAGUAS,20050903082445,U7DTSYDQ55BZFUYBZILB3HM7EWAX2JAQ,CAGUAS,U7DTSYDQ55BZFUYBZILB3HM7EWAX2JAQ.html
UBXTK545O7V4SLSUCHHO6HB462O5ASC6,http://www.bsnpr.com:80/jug05.asp?r3=00043&r2=462676RWYJ&r=00156&e=,20061010080022,UBXTK545O7V4SLSUCHHO6HB462O5ASC6,,UBXTK545O7V4SLSUCHHO6HB462O5ASC6.html
UCICT5G7KFKHO3FH47YPAS4OORLBTVLW,http://www.bsnpr.com:80/jug05.asp?r3=+++++&r2=IDMKNHYNVN&r=00565&e=,20061215135153,UCICT5G7KFKHO3FH47YPAS4OORLBTVLW,,UCICT5G7KFKHO3FH47YPAS4OORLBTVLW.html
UEF3TZPB5YT5UIMU2MWQLI4OEKHETDVC,http://www.bsnpr.com:80/jug05.asp?r=00071,20060618110849,UEF3TZPB5YT5UIMU2MWQLI4OEKHETDVC,,UEF3TZPB5YT5UIMU2MWQLI4OEKHETDVC.html
UHGV4SFHSK4JU2LOX6A4MTD3QTEDLFQY,http://www.bsnpr.com:80/jug05.asp?r3=00261&r2=462796RX3K&r=00007&e=,20061006040839,UHGV4SFHSK4JU2LOX6A4MTD3QTEDLFQY,,UHGV4SFHSK4JU2LOX6A4MTD3QTEDLFQY.html
UHMVH4OHYPIVR5P63WUVAH45D2U4AA5C,http://www.bsnpr.com:80/jug05.asp?r2=NFGFOVGUNE&r3=3532+&r=00034&e=ARECIBO,20060917070037,UHMVH4OHYPIVR5P63WUVAH45D2U4AA5C,ARECIBO,UHMVH4OHYPIVR5P63WUVAH45D2U4AA5C.html
UKQJRI7TXRNOEED2M3A6K7TDVXIBFGC5,http://www.bsnpr.com:80/jug05.asp?r3=ETHFH&r2=OJZMQCXMNA&r=00512&e=,20070404072113,UKQJRI7TXRNOEED2M3A6K7TDVXIBFGC5,,UKQJRI7TXRNOEED2M3A6K7TDVXIBFGC5.html
ULIJVUL5ORWZWEMESINJST3CXIAKEVYF,http://www.bsnpr.com:80/jug05.asp?r3=00078&r2=462696RWZ9&r=00074&e=,20061006040232,ULIJVUL5ORWZWEMESINJST3CXIAKEVYF,,ULIJVUL5ORWZWEMESINJST3CXIAKEVYF.html
ULWNLFBOO2MHCBMXLZZ33655ZHDZABFH,http://www.bsnpr.com:80/jug05.asp?r3=RFVTH&r2=RBWYUXRNGI&r=00153&e=,20061206115729,ULWNLFBOO2MHCBMXLZZ33655ZHDZABFH,,ULWNLFBOO2MHCBMXLZZ33655ZHDZABFH.html
UO3MLGLVHWHNW6BMU3OGSCID2BHVG7Z3,http://www.bsnpr.com:80/jug05.asp?r2=462766RX2J&r3=00219&r=00111&e=SANTURCE,20060528213707,UO3MLGLVHWHNW6BMU3OGSCID2BHVG7Z3,SANTURCE,UO3MLGLVHWHNW6BMU3OGSCID2BHVG7Z3.html
UOQSUNZJGLG34OHPA6MBD6YCTTDOEKFT,http://www.bsnpr.com:80/jug05.asp?r2=EIPBMRZZXC&r3=PXLWE&r=00155&e=SANTURCE,20060224015147,UOQSUNZJGLG34OHPA6MBD6YCTTDOEKFT,SANTURCE,UOQSUNZJGLG34OHPA6MBD6YCTTDOEKFT.html
UVRCVTHWZLHB4GFD4AEYRHECDEXOOOHC,http://www.bsnpr.com:80/jug05.asp?r2=462796RX3F&r3=00254&r=00105&e=SANTURCE,20060528213734,UVRCVTHWZLHB4GFD4AEYRHECDEXOOOHC,SANTURCE,UVRCVTHWZLHB4GFD4AEYRHECDEXOOOHC.html
UWBSKPCZD6LSUZSIJXLPGMUWXCBMOHR7,http://www.bsnpr.com:80/jug05.asp?r2=462786RX37&r=00245&e=MAYAGUEZ,20050409233949,UWBSKPCZD6LSUZSIJXLPGMUWXCBMOHR7,MAYAGUEZ,UWBSKPCZD6LSUZSIJXLPGMUWXCBMOHR7.html
UYVM356XF4NMD6ZIZ7NVZDCQYMRW65UY,http://www.bsnpr.com/jug05.asp?r2=462686RWYO&r3=00054&r=00089&e=MOROVIS,20061119231048,UYVM356XF4NMD6ZIZ7NVZDCQYMRW65UY,MOROVIS,UYVM356XF4NMD6ZIZ7NVZDCQYMRW65UY.html
UZJGQBFZJY2VQZGAVPM22ZROCTWGROEI,http://www.bsnpr.com:80/jug05.asp?r2=462726RX0Q&r=00143&e=BAYAMON,20050409232809,UZJGQBFZJY2VQZGAVPM22ZROCTWGROEI,BAYAMON,UZJGQBFZJY2VQZGAVPM22ZROCTWGROEI.html
V7JZZCDMLMLRITLOHYEJPEFSRLBEZWXQ,http://www.bsnpr.com/jug05.asp?r2=462706RWZT&r3=00105&r=00035&e=CAGUAS,20061119230852,V7JZZCDMLMLRITLOHYEJPEFSRLBEZWXQ,CAGUAS,V7JZZCDMLMLRITLOHYEJPEFSRLBEZWXQ.html
VD4JHK3NGBT3E5SMT6TQBASSB3F3AGXX,http://www.bsnpr.com:80/jug05.asp?r3=00160&r2=462736RX14&r=00117&e=,20061207122707,VD4JHK3NGBT3E5SMT6TQBASSB3F3AGXX,,VD4JHK3NGBT3E5SMT6TQBASSB3F3AGXX.html
VDKITLB7DIXBXHEG2LGVWGITMY2ZQX6K,http://www.bsnpr.com:80/jug05.asp?r3=00187&r2=462756RX1P&r=00009&e=,20061207122727,VDKITLB7DIXBXHEG2LGVWGITMY2ZQX6K,,VDKITLB7DIXBXHEG2LGVWGITMY2ZQX6K.html
VDQ3XIYTSVKS7BEGCE7A76PWHQXOOW3I,http://www.bsnpr.com:80/jug05.asp?r2=462696RWZD&r=00084&e=QUEBRADILLAS,20050924111818,VDQ3XIYTSVKS7BEGCE7A76PWHQXOOW3I,QUEBRADILLAS,VDQ3XIYTSVKS7BEGCE7A76PWHQXOOW3I.html
VEH5FK7EEDCEA66EOX6R5GIHAJ5DGZQM,http://www.bsnpr.com:80/jug05.asp?r2=462776RX2K&r3=00220&r=00113&e=SANTURCE,20060528213722,VEH5FK7EEDCEA66EOX6R5GIHAJ5DGZQM,SANTURCE,VEH5FK7EEDCEA66EOX6R5GIHAJ5DGZQM.html
VEPQ4B7BK6OTV43WMLPRGTLC56HOSUYT,http://www.bsnpr.com:80/jug05.asp?r3=+++++&r2=BQVZAGRSHM&r=00574&e=,20061009100307,VEPQ4B7BK6OTV43WMLPRGTLC56HOSUYT,,VEPQ4B7BK6OTV43WMLPRGTLC56HOSUYT.html
VGGEFZSQMOFKJK6W4O7BQTJ4REYJ3UGZ,http://www.bsnpr.com:80/jug05.asp?r3=00245&r2=462786RX37&r=00142&e=,20070404081501,VGGEFZSQMOFKJK6W4O7BQTJ4REYJ3UGZ,,VGGEFZSQMOFKJK6W4O7BQTJ4REYJ3UGZ.html
VGQ6X65UI2LTSSFBND7GGYY2FK6HE5SZ,http://www.bsnpr.com:80/jug05.asp?r3=00136&r2=462726RX0J&r=00121&e=,20070404073019,VGQ6X65UI2LTSSFBND7GGYY2FK6HE5SZ,,VGQ6X65UI2LTSSFBND7GGYY2FK6HE5SZ.html
VHXOYXHJXGQKDCNYHOTC3ZB4EPIK6K37,http://www.bsnpr.com:80/jug05.asp?r3=QIGCQ&r2=CFWLTOGIIP&r=00528&e=,20061208064317,VHXOYXHJXGQKDCNYHOTC3ZB4EPIK6K37,,VHXOYXHJXGQKDCNYHOTC3ZB4EPIK6K37.html
VKE2J4CEYOA57P2Q3J3XVEL5SKTT7HOV,http://www.bsnpr.com:80/jug05.asp?r2=GFPAQCDEDB&r=YISKK&e=PONCE,20050930132830,VKE2J4CEYOA57P2Q3J3XVEL5SKTT7HOV,PONCE,VKE2J4CEYOA57P2Q3J3XVEL5SKTT7HOV.html
VMSZ7D46JUGM2LM7BBVUHGMDZDNPII63,http://www.bsnpr.com/jug05.asp?r2=462706RWZS&r3=00103&r=00033&e=COAMO,20061119230626,VMSZ7D46JUGM2LM7BBVUHGMDZDNPII63,COAMO,VMSZ7D46JUGM2LM7BBVUHGMDZDNPII63.html
VO3GIZJYJWPLIVOUPLHEH3OPOMSAYMKS,http://www.bsnpr.com:80/jug05.asp?r3=+++++&r2=CDNFHOKIVJ&r=00572&e=,20061007174507,VO3GIZJYJWPLIVOUPLHEH3OPOMSAYMKS,,VO3GIZJYJWPLIVOUPLHEH3OPOMSAYMKS.html
VQ3DMIY6OE2LMCU2CFUONU25FH3ZZNBD,http://www.bsnpr.com:80/jug05.asp?r2=462756RX21&r=00199&e=ISABELA,20050928091637,VQ3DMIY6OE2LMCU2CFUONU25FH3ZZNBD,ISABELA,VQ3DMIY6OE2LMCU2CFUONU25FH3ZZNBD.html
VTAV4OKF73IFQ2P5WW5DSZTNXJJLCGZC,http://www.bsnpr.com:80/jug05.asp?r3=+++++&r2=OWWSDXQXFX&r=00577&e=,20070404014221,VTAV4OKF73IFQ2P5WW5DSZTNXJJLCGZC,,VTAV4OKF73IFQ2P5WW5DSZTNXJJLCGZC.html
VYXYLIQAPFSO22CFA4ICS4MACMC6BK2A,http://www.bsnpr.com:80/jug05.asp?r2=XVBVQZAAGU&r=JYIEJ&e=BAYAMON,20050414064956,VYXYLIQAPFSO22CFA4ICS4MACMC6BK2A,BAYAMON,VYXYLIQAPFSO22CFA4ICS4MACMC6BK2A.html
W2TZVNQDZPTCIHQK5MW5ZJGE6MRG7J4T,http://www.bsnpr.com:80/jug05.asp?r3=00209&r2=462766RX2B&r=00125&e=,20061206115532,W2TZVNQDZPTCIHQK5MW5ZJGE6MRG7J4T,,W2TZVNQDZPTCIHQK5MW5ZJGE6MRG7J4T.html
W5XXTK44VOUPX62TNBKOMV7R44XTTJIG,http://www.bsnpr.com:80/jug05.asp?r2=NELPXOXMRG&r3=HSJZF&r=NA+++&e=SANTURCE,20060224015215,W5XXTK44VOUPX62TNBKOMV7R44XTTJIG,SANTURCE,W5XXTK44VOUPX62TNBKOMV7R44XTTJIG.html
WBEZFAQRDILUCSNP4BHAKR2RHBOBOFIC,http://www.bsnpr.com:80/jug05.asp?r2=462776RX2K&r3=00220&r=00113&e=SANTURCE,20060224014934,WBEZFAQRDILUCSNP4BHAKR2RHBOBOFIC,SANTURCE,WBEZFAQRDILUCSNP4BHAKR2RHBOBOFIC.html
WBPVB4X44CWXLYG7QQI4YUIKS3NGI2C3,http://www.bsnpr.com:80/jug05.asp?r2=ZBCOCSGWCF&r3=SBEVR&r=00067&e=SANTURCE,20060528213920,WBPVB4X44CWXLYG7QQI4YUIKS3NGI2C3,SANTURCE,WBPVB4X44CWXLYG7QQI4YUIKS3NGI2C3.html
WBUPSKGDK7W2O6M4HJSYZ75OHI4HUF3P,http://www.bsnpr.com/jug05.asp?r2=LKZGZALVMG&r3=HBZZJ&r=00524&e=COAMO,20061119230620,WBUPSKGDK7W2O6M4HJSYZ75OHI4HUF3P,COAMO,WBUPSKGDK7W2O6M4HJSYZ75OHI4HUF3P.html
WE27JX5TS3IFDIHZIXY7PBC6SL6KXDKQ,http://www.bsnpr.com:80/jug05.asp?r3=KGAGM&r2=TLRPRTYNXO&r=00098&e=,20061206115703,WE27JX5TS3IFDIHZIXY7PBC6SL6KXDKQ,,WE27JX5TS3IFDIHZIXY7PBC6SL6KXDKQ.html
WERAKT3VLSPG2THCBDMKGXZSE3X7GOKI,http://www.bsnpr.com:80/jug05.asp?r3=00195&r2=462756RX1X&r=00031&e=,20061206115450,WERAKT3VLSPG2THCBDMKGXZSE3X7GOKI,,WERAKT3VLSPG2THCBDMKGXZSE3X7GOKI.html
WFBVL5LWJWG2DDR3Q23676YRR6F6KMHJ,http://www.bsnpr.com:80/jug05.asp?r3=00155&r2=462736RX10&r=00026&e=,20061206115345,WFBVL5LWJWG2DDR3Q23676YRR6F6KMHJ,,WFBVL5LWJWG2DDR3Q23676YRR6F6KMHJ.html
WGDOK7X3K3P4LJLXPHGFJK5HWU5F3Y3Q,http://www.bsnpr.com:80/jug05.asp?r2=462666RWXV&r3=00011&e=ARECIBO,20050906094201,WGDOK7X3K3P4LJLXPHGFJK5HWU5F3Y3Q,ARECIBO,WGDOK7X3K3P4LJLXPHGFJK5HWU5F3Y3Q.html
WGL2WMUQT4HV7BL4XZ75T75HDM2PRH4W,http://www.bsnpr.com:80/jug05.asp?r=00526,20060713002241,WGL2WMUQT4HV7BL4XZ75T75HDM2PRH4W,,WGL2WMUQT4HV7BL4XZ75T75HDM2PRH4W.html
WIJUFTB24GTELEXOPVHBGTRJCFCRP2EF,http://www.bsnpr.com:80/jug05.asp?r3=00192&r2=462756RX1U&r=00092&e=,20070404075445,WIJUFTB24GTELEXOPVHBGTRJCFCRP2EF,,WIJUFTB24GTELEXOPVHBGTRJCFCRP2EF.html
WIKD6S4LXVY7R4TFTD5YGAEZNLRTE6CJ,http://www.bsnpr.com/jug05.asp?r2=IDMKNHYNVN&r3=XRTZS&r=00565&e=GUAYAMA,20061119230127,WIKD6S4LXVY7R4TFTD5YGAEZNLRTE6CJ,GUAYAMA,WIKD6S4LXVY7R4TFTD5YGAEZNLRTE6CJ.html
WIX5ZAGEW4KZOLJNQ4ERUYPFENWLY5D2,http://www.bsnpr.com:80/jug05.asp?r2=462726RX0Q&r3=00143&e=BAYAMON,20050901024934,WIX5ZAGEW4KZOLJNQ4ERUYPFENWLY5D2,BAYAMON,WIX5ZAGEW4KZOLJNQ4ERUYPFENWLY5D2.html
WKWAD3KWNBUWWIXNUUKUDP4B32CY4PCS,http://www.bsnpr.com:80/jug05.asp?r2=462746RX1F&r3=00174&e=ARECIBO,20050907050251,WKWAD3KWNBUWWIXNUUKUDP4B32CY4PCS,ARECIBO,WKWAD3KWNBUWWIXNUUKUDP4B32CY4PCS.html
WMDRLO4BNVTVQE4DSBKE2A34K6EA2MFJ,http://www.bsnpr.com:80/jug05.asp?r3=00208&r2=462766RX2A&r=00075&e=,20061006123111,WMDRLO4BNVTVQE4DSBKE2A34K6EA2MFJ,,WMDRLO4BNVTVQE4DSBKE2A34K6EA2MFJ.html
WMVUACDBVDZ4WMAS4YBWHQBETG2C4O3N,http://www.bsnpr.com/jug05.asp?r2=462686RWYU&r3=00061&r=00086&e=PONCE,20061119231535,WMVUACDBVDZ4WMAS4YBWHQBETG2C4O3N,PONCE,WMVUACDBVDZ4WMAS4YBWHQBETG2C4O3N.html
WOIXDDT64QYIEKHE4O5Z34UEGCSWFFXG,http://www.bsnpr.com:80/jug05.asp?r=00098,20070223232516,WOIXDDT64QYIEKHE4O5Z34UEGCSWFFXG,,WOIXDDT64QYIEKHE4O5Z34UEGCSWFFXG.html
WQD6Y5RKYOC2WWZ4ANDHIARU4AKS4XDP,http://www.bsnpr.com:80/jug05.asp?r3=00204&r2=462766RX26&r=00005&e=,20061010080138,WQD6Y5RKYOC2WWZ4ANDHIARU4AKS4XDP,,WQD6Y5RKYOC2WWZ4ANDHIARU4AKS4XDP.html
WQXFQSQVCGBTGL2ECWLNLVK33VUTAYTK,http://www.bsnpr.com:80/jug05.asp?r3=NBDGR&r2=PVWYCJKBPH&r=00600&e=,20061209024712,WQXFQSQVCGBTGL2ECWLNLVK33VUTAYTK,,WQXFQSQVCGBTGL2ECWLNLVK33VUTAYTK.html
WUOYHLWONWFOKXJNYFJ3EFUC2SDBITRB,http://www.bsnpr.com:80/jug05.asp?r3=00265&r2=462796RX3O&r=00023&e=,20061206115622,WUOYHLWONWFOKXJNYFJ3EFUC2SDBITRB,,WUOYHLWONWFOKXJNYFJ3EFUC2SDBITRB.html
WYFIU43ZMSRH42YNG2F3NIV6BS4YGG6J,http://www.bsnpr.com:80/jug05.asp?r3=00032&r2=462676RWYA&r=00120&e=,20061206115253,WYFIU43ZMSRH42YNG2F3NIV6BS4YGG6J,,WYFIU43ZMSRH42YNG2F3NIV6BS4YGG6J.html
X222ECTUFKCTNYRN6YREXQPPL5NLEJKD,http://www.bsnpr.com:80/jug05.asp?r3=3532+&r2=NFGFOVGUNE&r=00134&e=,20061211012325,X222ECTUFKCTNYRN6YREXQPPL5NLEJKD,,X222ECTUFKCTNYRN6YREXQPPL5NLEJKD.html
X3MGCLYPG6U7V6WO4DTEAOJYJB7K7ZCY,http://www.bsnpr.com:80/jug05.asp?r3=00261&r2=462796RX3K&r=00007&e=,20061206190259,X3MGCLYPG6U7V6WO4DTEAOJYJB7K7ZCY,,X3MGCLYPG6U7V6WO4DTEAOJYJB7K7ZCY.html
X3WYJNET5I6J3ICKSQ4YGL77ITKOIP77,http://www.bsnpr.com:80/jug05.asp?r2=VNRVHEXWCD&r3=ZUPUB&r=00104&e=SANTURCE,20060528213907,X3WYJNET5I6J3ICKSQ4YGL77ITKOIP77,SANTURCE,X3WYJNET5I6J3ICKSQ4YGL77ITKOIP77.html
X6KNMLFERQFZZLFCE7XBQ3AQSDBIQ64B,http://www.bsnpr.com:80/jug05.asp?r3=+++++&r2=OWWSDXQXFX&r=00577&e=,20061208171610,X6KNMLFERQFZZLFCE7XBQ3AQSDBIQ64B,,X6KNMLFERQFZZLFCE7XBQ3AQSDBIQ64B.html
X6ZA463FII5DC6APRS5S5T3JQH5HXMUL,http://www.bsnpr.com:80/jug05.asp?r2=462796RX3N&r3=00264&r=00109&e=SANTURCE,20060224015057,X6ZA463FII5DC6APRS5S5T3JQH5HXMUL,SANTURCE,X6ZA463FII5DC6APRS5S5T3JQH5HXMUL.html
X7PDTYSIN4ZHYB7NF5VABLRGWHYX4IJF,http://www.bsnpr.com:80/jug05.asp?r3=VBIFB&r2=NXYQYWMCRL&r=00503&e=,20061009095943,X7PDTYSIN4ZHYB7NF5VABLRGWHYX4IJF,,X7PDTYSIN4ZHYB7NF5VABLRGWHYX4IJF.html
XA6KV27RAEAGDJT3U2P6YAQFZYWWAARP,http://www.bsnpr.com/jug05.asp?r2=QRMQFFHFSK&r3=CPMHG&r=00556&e=COAMO,20061119230633,XA6KV27RAEAGDJT3U2P6YAQFZYWWAARP,COAMO,XA6KV27RAEAGDJT3U2P6YAQFZYWWAARP.html
XHR3Q3PFLG3HE4MS37WFAPSMIAOVDA5E,http://www.bsnpr.com:80/jug05.asp?r2=SDSYGKXYYO&r=JDYTN&e=ISABELA,20050414064952,XHR3Q3PFLG3HE4MS37WFAPSMIAOVDA5E,ISABELA,XHR3Q3PFLG3HE4MS37WFAPSMIAOVDA5E.html
XI3Q4EYREJ2FBG45O5M2AHAV64U4E4EY,http://www.bsnpr.com:80/jug05.asp?r2=EIPBMRZZXC&r3=PXLWE&e=SANTURCE,20050924054301,XI3Q4EYREJ2FBG45O5M2AHAV64U4E4EY,SANTURCE,XI3Q4EYREJ2FBG45O5M2AHAV64U4E4EY.html
XJZSTABB5Q33O3VQ2H6EIGIBMHAWBOTZ,http://www.bsnpr.com:80/jug05.asp?r2=JRXCHJLVQK&r3=+++++&e=ARECIBO,20050418013507,XJZSTABB5Q33O3VQ2H6EIGIBMHAWBOTZ,ARECIBO,XJZSTABB5Q33O3VQ2H6EIGIBMHAWBOTZ.html
XLTS2VKBRY7TAJ22DGZATYC25H7WFAPU,http://www.bsnpr.com/jug05.asp?r2=462686RWYM&r3=00050&r=00024&e=CAGUAS,20061119230912,XLTS2VKBRY7TAJ22DGZATYC25H7WFAPU,CAGUAS,XLTS2VKBRY7TAJ22DGZATYC25H7WFAPU.html
XLV42S5R3YDPGY2MOB4UQGZPAT73XWGU,http://www.bsnpr.com:80/jug05.asp?r3=+++++&r2=EAMPJSURGV&r=00567&e=,20070404075247,XLV42S5R3YDPGY2MOB4UQGZPAT73XWGU,,XLV42S5R3YDPGY2MOB4UQGZPAT73XWGU.html
XMQ6BZQP6F7URGISEQMMI7KDCTKJSWQM,http://www.bsnpr.com:80/jug05.asp?r2=462666RWXU&r3=00010&e=ARECIBO,20050418013236,XMQ6BZQP6F7URGISEQMMI7KDCTKJSWQM,ARECIBO,XMQ6BZQP6F7URGISEQMMI7KDCTKJSWQM.html
XNKYBAMTZLFMLQOKMK4DI2BKJK3LBRVD,http://www.bsnpr.com:80/jug05.asp?r3=00199&r2=462756RX21&r=00082&e=,20070404075015,XNKYBAMTZLFMLQOKMK4DI2BKJK3LBRVD,,XNKYBAMTZLFMLQOKMK4DI2BKJK3LBRVD.html
XPLUTDUIRLITBEZ5USQYMEIQYOJX3HUE,http://www.bsnpr.com:80/jug05.asp?r=00018,20060618110640,XPLUTDUIRLITBEZ5USQYMEIQYOJX3HUE,,XPLUTDUIRLITBEZ5USQYMEIQYOJX3HUE.html
XPOZLRZK6XVFJK4YBXXBPYIFGH4FKZ3L,http://www.bsnpr.com:80/jug05.asp?r2=462676RWYG&r3=00040&e=BAYAMON,20050501060300,XPOZLRZK6XVFJK4YBXXBPYIFGH4FKZ3L,BAYAMON,XPOZLRZK6XVFJK4YBXXBPYIFGH4FKZ3L.html
XPWRHRLAZXWCZNSHMTZM63P6T63KJ5OW,http://www.bsnpr.com:80/jug05.asp?r3=00041&r2=462676RWYH&r=00041&e=,20061005151734,XPWRHRLAZXWCZNSHMTZM63P6T63KJ5OW,,XPWRHRLAZXWCZNSHMTZM63P6T63KJ5OW.html
XQEVX456SL2J7JGC4X33LY2CUFTZSDPU,http://www.bsnpr.com:80/jug05.asp?r=00600,20060618111311,XQEVX456SL2J7JGC4X33LY2CUFTZSDPU,,XQEVX456SL2J7JGC4X33LY2CUFTZSDPU.html
XR5OWIQDPAPBXRMSXO4RWKMHUQHFB7O6,http://www.bsnpr.com:80/jug05.asp?r2=462796RX3N&r3=00264&r=00109&e=SANTURCE,20060528213759,XR5OWIQDPAPBXRMSXO4RWKMHUQHFB7O6,SANTURCE,XR5OWIQDPAPBXRMSXO4RWKMHUQHFB7O6.html
XR5U6SRD2VIYSJIXQQC2GA2DLPC7L4BF,http://www.bsnpr.com:80/jug05.asp?r3=00100&r2=462706RWZP&r=00028&e=,20070404080658,XR5U6SRD2VIYSJIXQQC2GA2DLPC7L4BF,,XR5U6SRD2VIYSJIXQQC2GA2DLPC7L4BF.html
XUGLGKRFWBN5A5XD3Y7SD4MAB46JABXF,http://www.bsnpr.com/jug05.asp?r2=AIDAEEAJHL&r3=CKWRH&r=00530&e=BAYAMON,20061119231241,XUGLGKRFWBN5A5XD3Y7SD4MAB46JABXF,BAYAMON,XUGLGKRFWBN5A5XD3Y7SD4MAB46JABXF.html
Y4M22K2FMGKA6TBNAEFVAZXCKEPJEIBL,http://www.bsnpr.com:80/jug05.asp?r2=462676RWYE&r3=00038&r=00018&e=SANTURCE,20060224014805,Y4M22K2FMGKA6TBNAEFVAZXCKEPJEIBL,SANTURCE,Y4M22K2FMGKA6TBNAEFVAZXCKEPJEIBL.html
Y6BFPALJ4FP7LEDITRMO2FQLIXTJ3KDN,http://www.bsnpr.com:80/jug05.asp?r2=462676RWYG&r3=00040&r=00019&e=BAYAMON,20070404013838,Y6BFPALJ4FP7LEDITRMO2FQLIXTJ3KDN,BAYAMON,Y6BFPALJ4FP7LEDITRMO2FQLIXTJ3KDN.html
Y6GTBLAP77C2RSLKOB7WWPYNJX7XBIWC,http://www.bsnpr.com:80/jug05.asp?r2=462736RX0V&r3=00148&e=COAMO,20050501125413,Y6GTBLAP77C2RSLKOB7WWPYNJX7XBIWC,COAMO,Y6GTBLAP77C2RSLKOB7WWPYNJX7XBIWC.html
Y6ZJ26TNUCLWV23HNTHKKKFR6KUF2NUX,http://www.bsnpr.com:80/jug05.asp?r3=PONMQ&r2=NALRCMKUWX&r=00030&e=,20061207122859,Y6ZJ26TNUCLWV23HNTHKKKFR6KUF2NUX,,Y6ZJ26TNUCLWV23HNTHKKKFR6KUF2NUX.html
YAGOOQAUDLPDGF772M6P7PQKDRQJUOSW,http://www.bsnpr.com:80/jug05.asp?r3=00211&r2=462766RX2D&r=00518&e=,20061005151045,YAGOOQAUDLPDGF772M6P7PQKDRQJUOSW,,YAGOOQAUDLPDGF772M6P7PQKDRQJUOSW.html
YCZGF6WSFMLZBISYA3JTKVZNKMX7J6MB,http://www.bsnpr.com:80/jug05.asp?r=00074,20060618110915,YCZGF6WSFMLZBISYA3JTKVZNKMX7J6MB,,YCZGF6WSFMLZBISYA3JTKVZNKMX7J6MB.html
YFZMOVTD4P4HMOMMWNP7IJMUJY3A2PUI,http://www.bsnpr.com:80/jug05.asp?r3=00241&r2=462786RX33&r=00118&e=,20061207122758,YFZMOVTD4P4HMOMMWNP7IJMUJY3A2PUI,,YFZMOVTD4P4HMOMMWNP7IJMUJY3A2PUI.html
YLY2NAPWTEHJ367VBJXA7NCONFV5X6CH,http://www.bsnpr.com:80/jug05.asp?r2=EIPBMRZZXC&r3=PXLWE&r=00155&e=SANTURCE,20060528213814,YLY2NAPWTEHJ367VBJXA7NCONFV5X6CH,SANTURCE,YLY2NAPWTEHJ367VBJXA7NCONFV5X6CH.html
YMC6WNUOEYZBPGLKHZG2D75TLOZ2HF7E,http://www.bsnpr.com/jug05.asp?r2=CUNHYZXRLT&r3=ZGRAX&r=00519&e=CAGUAS,20061119230845,YMC6WNUOEYZBPGLKHZG2D75TLOZ2HF7E,CAGUAS,YMC6WNUOEYZBPGLKHZG2D75TLOZ2HF7E.html
YR6NXMJMVPJAMYKPZKWX5EHVSK57S57T,http://www.bsnpr.com:80/jug05.asp?r3=00266&r2=462796RX3P&r=00047&e=,20061008162005,YR6NXMJMVPJAMYKPZKWX5EHVSK57S57T,,YR6NXMJMVPJAMYKPZKWX5EHVSK57S57T.html
YTESCHFXMWJPQEFT222JBVAEWIKRFPAM,http://www.bsnpr.com:80/jug05.asp?r2=RMDNZQUHQC&r3=EWNQQ&r=00133&e=SANTURCE,20060528213839,YTESCHFXMWJPQEFT222JBVAEWIKRFPAM,SANTURCE,YTESCHFXMWJPQEFT222JBVAEWIKRFPAM.html
YUURDEIZPQQQTBS2J6YXHO2YFMTANX6T,http://www.bsnpr.com:80/jug05.asp?r2=462716RX05&r3=00119&e=COAMO,20050501125408,YUURDEIZPQQQTBS2J6YXHO2YFMTANX6T,COAMO,YUURDEIZPQQQTBS2J6YXHO2YFMTANX6T.html
YW56IODGJMYCPOYIEC5LCSXZAJITFEL6,http://www.bsnpr.com:80/jug05.asp?r3=00226&r2=462776RX2Q&r=00077&e=,20061007023733,YW56IODGJMYCPOYIEC5LCSXZAJITFEL6,,YW56IODGJMYCPOYIEC5LCSXZAJITFEL6.html
YWPGT2BEATFYHWTKTDHW5FKGVRGGWEGC,http://www.bsnpr.com:80/jug05.asp?r=00574,20060618111255,YWPGT2BEATFYHWTKTDHW5FKGVRGGWEGC,,YWPGT2BEATFYHWTKTDHW5FKGVRGGWEGC.html
Z33ZXIIBKLQN6RZPI6WJW6CZDUYL7WIG,http://www.bsnpr.com:80/jug05.asp?r=00003,20060713001913,Z33ZXIIBKLQN6RZPI6WJW6CZDUYL7WIG,,Z33ZXIIBKLQN6RZPI6WJW6CZDUYL7WIG.html
Z3DTPK4BSS47IDMBF5ULW3KUJUGV2HG2,http://www.bsnpr.com/jug05.asp?r2=462666RWY2&r3=00021&r=00021&e=HUMACAO,20061119231347,Z3DTPK4BSS47IDMBF5ULW3KUJUGV2HG2,HUMACAO,Z3DTPK4BSS47IDMBF5ULW3KUJUGV2HG2.html
Z5BSLORCXZZ3AFAI7YCOZ7XUJYJ3ZJCY,http://www.bsnpr.com:80/jug05.asp?r=00562,20060713002358,Z5BSLORCXZZ3AFAI7YCOZ7XUJYJ3ZJCY,,Z5BSLORCXZZ3AFAI7YCOZ7XUJYJ3ZJCY.html
Z6WKCWL46BZ5FZ3B4KEJUOTZYEW4DLZ3,http://www.bsnpr.com:80/jug05.asp?r2=462676RWYE&r=00038&e=BAYAMON,20050926190936,Z6WKCWL46BZ5FZ3B4KEJUOTZYEW4DLZ3,BAYAMON,Z6WKCWL46BZ5FZ3B4KEJUOTZYEW4DLZ3.html
Z7AW6JM5DY5N2IVW7NOW4MIXC2QIFTCI,http://www.bsnpr.com:80/jug05.asp?r2=462746RX16&r3=00162&e=ARECIBO,20050418012507,Z7AW6JM5DY5N2IVW7NOW4MIXC2QIFTCI,ARECIBO,Z7AW6JM5DY5N2IVW7NOW4MIXC2QIFTCI.html
Z7VYJY2AX5P7VFXERCZECXNWDWVSLKF6,http://www.bsnpr.com:80/jug05.asp?r3=00117&r2=462716RX03&r=00039&e=,20061211012310,Z7VYJY2AX5P7VFXERCZECXNWDWVSLKF6,,Z7VYJY2AX5P7VFXERCZECXNWDWVSLKF6.html
ZCZHU2DJNDC5MALYGLDRVBFZ3ZMEIM5H,http://www.bsnpr.com:80/jug05.asp?r3=VBIFB&r2=NXYQYWMCRL&r=00503&e=,20061207193751,ZCZHU2DJNDC5MALYGLDRVBFZ3ZMEIM5H,,ZCZHU2DJNDC5MALYGLDRVBFZ3ZMEIM5H.html
ZFKQ35UTX6IPGMSX3GISBHBMPBO7PPCY,http://www.bsnpr.com:80/jug05.asp?r2=OKXSWMUWLG&r3=OJXVC&r=00601&e=SANTURCE,20060528213551,ZFKQ35UTX6IPGMSX3GISBHBMPBO7PPCY,SANTURCE,ZFKQ35UTX6IPGMSX3GISBHBMPBO7PPCY.html
ZIAVICLYQVEC62MSVIMUC55L2BJHU2UG,http://www.bsnpr.com:80/jug05.asp?r2=MDABMRDBYG&r=+++++&e=MAYAGUEZ,20050409234608,ZIAVICLYQVEC62MSVIMUC55L2BJHU2UG,MAYAGUEZ,ZIAVICLYQVEC62MSVIMUC55L2BJHU2UG.html
ZLJDWQSYZCACQTUUHLXWPD7BB3SY7VK7,http://www.bsnpr.com:80/jug05.asp?r=00034,20060618110733,ZLJDWQSYZCACQTUUHLXWPD7BB3SY7VK7,,ZLJDWQSYZCACQTUUHLXWPD7BB3SY7VK7.html
ZNTFSM2IR6ULV2YN4HRPOOWO4KNX3S77,http://www.bsnpr.com:80/jug05.asp?r3=JQYFO&r2=WRGYNUCCZW&r=00551&e=,20061007023132,ZNTFSM2IR6ULV2YN4HRPOOWO4KNX3S77,,ZNTFSM2IR6ULV2YN4HRPOOWO4KNX3S77.html
ZPEUKRRRDUDKKJT33KFOY4XK35USWHTA,http://www.bsnpr.com:80/jug05.asp?r3=+++++&r2=HBCNDOSLJK&r=00578&e=,20061206190052,ZPEUKRRRDUDKKJT33KFOY4XK35USWHTA,,ZPEUKRRRDUDKKJT33KFOY4XK35USWHTA.html
ZVAASBZAC6Y7GZUZODDQNZ4J5XSZRBEQ,http://www.bsnpr.com:80/jug05.asp?r3=RFVTH&r2=RBWYUXRNGI&r=00153&e=,20061006123235,ZVAASBZAC6Y7GZUZODDQNZ4J5XSZRBEQ,,ZVAASBZAC6Y7GZUZODDQNZ4J5XSZRBEQ.html
ZVHEMIY4TQXOSAYMDABINWXW74NRQLLJ,http://www.bsnpr.com:80/jug05.asp?r2=462756RX1S&r=00190&e=PONCE,20050409234200,ZVHEMIY4TQXOSAYMDABINWXW74NRQLLJ,PONCE,ZVHEMIY4TQXOSAYMDABINWXW74NRQLLJ.html
ZYFRDKALHHHOS4BAI2UAYT5O6YB465S5,http://www.bsnpr.com:80/jug05.asp?r=00007,20060618110546,ZYFRDKALHHHOS4BAI2UAYT5O6YB465S5,,ZYFRDKALHHHOS4BAI2UAYT5O6YB465S5.html
ZZWHXN7DLY2VCUN2OXBTKLQNLNYIGUTG,http://www.bsnpr.com:80/jug05.asp?r3=00193&r2=462756RX1V&r=00094&e=,20061207122747,ZZWHXN7DLY2VCUN2OXBTKLQNLNYIGUTG,,ZZWHXN7DLY2VCUN2OXBTKLQNLNYIGUTG.html
