key,original_url,timestamp,digest,roster_team,local_file
22YS77CHRSJBSM36VGG5H275KRLNVZYA,http://www.bsnpr.com:80/jugador05.asp?r=xxx&r2=ZBCOCSGWCF&e=CAYEY,20050903181404,22YS77CHRSJBSM36VGG5H275KRLNVZYA,CAYEY,22YS77CHRSJBSM36VGG5H275KRLNVZYA.html
25KIZHSNIZTNLMJEHE5W6QYE2J3BAVPN,http://www.bsnpr.com:80/jugador05.asp?r=xxx&r2=462756RX1T&e=PONCE,20050414064835,25KIZHSNIZTNLMJEHE5W6QYE2J3BAVPN,PONCE,25KIZHSNIZTNLMJEHE5W6QYE2J3BAVPN.html
262PRDXVJMYLD4H5YHUYGIYCHJ5TH6N2,http://www.bsnpr.com:80/jugador05.asp?r=xxx&r2=462706RWZX&e=,20050322103346,262PRDXVJMYLD4H5YHUYGIYCHJ5TH6N2,,262PRDXVJMYLD4H5YHUYGIYCHJ5TH6N2.html
2B6GZS6EOXVDDVQ6N3KH3VMBTVURBBY6,http://www.bsnpr.com:80/jugador05.asp?r=xxx&r2=462706RWZN&e=COAMO,20050414064435,2B6GZS6EOXVDDVQ6N3KH3VMBTVURBBY6,COAMO,2B6GZS6EOXVDDVQ6N3KH3VMBTVURBBY6.html
2BK452AXWYTSXBMZ3AYN5L3OWMYWQSSD,http://www.bsnpr.com:80/jugador05.asp?r2=VJKVUBAGXS&e=MAYAGUEZ,20050326205024,2BK452AXWYTSXBMZ3AYN5L3OWMYWQSSD,MAYAGUEZ,2BK452AXWYTSXBMZ3AYN5L3OWMYWQSSD.html
2BXQFVD7VYEHOGN2FO77TU5TJT2MAQQP,http://www.bsnpr.com/jugador05.asp?r=xxx&r2=462756RX1S&e=PONCE,20061119235741,2BXQFVD7VYEHOGN2FO77TU5TJT2MAQQP,PONCE,2BXQFVD7VYEHOGN2FO77TU5TJT2MAQQP.html
2DZ3UZV2WC3GLE7OFAC5R5GMLIU3RDMV,http://www.bsnpr.com:80/jugador05.asp?r=xxx&r2=462666RWXQ&e=ARECIBO,20050414064947,2DZ3UZV2WC3GLE7OFAC5R5GMLIU3RDMV,ARECIBO,2DZ3UZV2WC3GLE7OFAC5R5GMLIU3RDMV.html
2EEEC274GZQ57J2M35JBGE4ACPC65G7L,http://www.bsnpr.com:80/jugador05.asp?r=xxx&r2=462726RX0J&e=SAN+GERMAN,20050907092435,2EEEC274GZQ57J2M35JBGE4ACPC65G7L,SAN GERMAN,2EEEC274GZQ57J2M35JBGE4ACPC65G7L.html
2GBR3EFWIPRUYTOVGXFRJOUMO6LJPEH3,http://www.bsnpr.com/jugador05.asp?r=xxx&r2=LCLADCPJBV&e=CAYEY,20061119234021,2GBR3EFWIPRUYTOVGXFRJOUMO6LJPEH3,CAYEY,2GBR3EFWIPRUYTOVGXFRJOUMO6LJPEH3.html
2II46DRCC4QPCR5Z32TRHJPN26OTZOC5,http://www.bsnpr.com/jugador05.asp?r=xxx&r2=GFPAQCDEDB&e=PONCE,20061119235020,2II46DRCC4QPCR5Z32TRHJPN26OTZOC5,PONCE,2II46DRCC4QPCR5Z32TRHJPN26OTZOC5.html
2IN2QPOH2ISXAVOYQ5GUMTDIBW2MG2HV,http://www.bsnpr.com:80/jugador05.asp?r=xxx&r2=462766RX2D&e=MAYAGUEZ,20050414064732,2IN2QPOH2ISXAVOYQ5GUMTDIBW2MG2HV,MAYAGUEZ,2IN2QPOH2ISXAVOYQ5GUMTDIBW2MG2HV.html
2IPHFVXBJUXOWOKZTN7HJPSM6AMHEKQS,http://www.bsnpr.com:80/jugador05.asp?r=xxx&r2=TEEZXCWXHP&e=ARECIBO,20050415172731,2IPHFVXBJUXOWOKZTN7HJPSM6AMHEKQS,ARECIBO,2IPHFVXBJUXOWOKZTN7HJPSM6AMHEKQS.html
2J2AHMZ24E5UUUDZ2UYARBQLAMUSVT3T,http://www.bsnpr.com:80/jugador05.asp?r=xxx&r2=462686RWYU&e=COAMO,20050414064759,2J2AHMZ24E5UUUDZ2UYARBQLAMUSVT3T,COAMO,2J2AHMZ24E5UUUDZ2UYARBQLAMUSVT3T.html
2JGK23ELIJ5M3CLBTTDLLBMGIIDAXYX6,http://www.bsnpr.com:80/jugador05.asp?r=xxx&r2=462736RX0S&e=,20050322103409,2JGK23ELIJ5M3CLBTTDLLBMGIIDAXYX6,,2JGK23ELIJ5M3CLBTTDLLBMGIIDAXYX6.html
2JL3XE6ZFPAXAR5ZZJEZVEYFKJHLVLRT,http://www.bsnpr.com:80/jugador05.asp?r=xxx&r2=462776RX2V&e=SAN+GERMAN,20050414064735,2JL3XE6ZFPAXAR5ZZJEZVEYFKJHLVLRT,SAN GERMAN,2JL3XE6ZFPAXAR5ZZJEZVEYFKJHLVLRT.html
2LFYBJZN7BH6WC4AKG6UXLT6TKLI4XFM,http://www.bsnpr.com:80/jugador05.asp?r2=462666RWXU&e=ARECIBO,20050321040528,2LFYBJZN7BH6WC4AKG6UXLT6TKLI4XFM,ARECIBO,2LFYBJZN7BH6WC4AKG6UXLT6TKLI4XFM.html
2LWBTJPWDRJ52G3NER5PPQ6DO5QNBNGR,http://www.bsnpr.com/jugador05.asp?r=xxx&r2=462676RWYA&e=SAN%20GERMAN,20061119234904,2LWBTJPWDRJ52G3NER5PPQ6DO5QNBNGR,SAN GERMAN,2LWBTJPWDRJ52G3NER5PPQ6DO5QNBNGR.html
2M3NUKDUSTB6HT6QDE7RZS4MU5TMQU63,http://www.bsnpr.com/jugador05.asp?r=xxx&r2=XVXPNUZYDF&e=ISABELA,20061119234025,2M3NUKDUSTB6HT6QDE7RZS4MU5TMQU63,ISABELA,2M3NUKDUSTB6HT6QDE7RZS4MU5TMQU63.html
2MAAHVP7FTCL2DO5EWWBMVSIBH3FYPQ5,http://www.bsnpr.com:80/jugador05.asp?r=xxx&r2=COSEXFABFV&e=MAYAGUEZ,20050912023338,2MAAHVP7FTCL2DO5EWWBMVSIBH3FYPQ5,MAYAGUEZ,2MAAHVP7FTCL2DO5EWWBMVSIBH3FYPQ5.html
2MDWRHQXZHROW3Y3TIZRV5GRJNCGSWLK,http://www.bsnpr.com/jugador05.asp?r=xxx&r2=462746RX1L&e=PONCE,20061119235254,2MDWRHQXZHROW3Y3TIZRV5GRJNCGSWLK,PONCE,2MDWRHQXZHROW3Y3TIZRV5GRJNCGSWLK.html
2OETL2QRSU3OCSTPPLGN6NJUOWJD3ULV,http://www.bsnpr.com:80/jugador05.asp?r=xxx&r2=XVBVQZAAGU&e=,20050322231357,2OETL2QRSU3OCSTPPLGN6NJUOWJD3ULV,,2OETL2QRSU3OCSTPPLGN6NJUOWJD3ULV.html
2UBBJWEDBIEBXGIWOXAMTG3MEDYQE5RU,http://www.bsnpr.com:80/jugador05.asp?r=xxx&r2=VUWFEZRURI&e=CAYEY,20050911034641,2UBBJWEDBIEBXGIWOXAMTG3MEDYQE5RU,CAYEY,2UBBJWEDBIEBXGIWOXAMTG3MEDYQE5RU.html
2UUQ75QADE2AKRHDQOBWHVW5NN3OBBBS,http://www.bsnpr.com:80/jugador05.asp?r=xxx&r2=462716RX0B&e=CAGUAS,20050414064503,2UUQ75QADE2AKRHDQOBWHVW5NN3OBBBS,CAGUAS,2UUQ75QADE2AKRHDQOBWHVW5NN3OBBBS.html
2VP6R7DIEICELAQ2Y5HA2NMLGHFI4ENB,http://www.bsnpr.com:80/jugador05.asp?r=xxx&r2=462736RX0U&e=,20050322102930,2VP6R7DIEICELAQ2Y5HA2NMLGHFI4ENB,,2VP6R7DIEICELAQ2Y5HA2NMLGHFI4ENB.html
2VQQNZPMK45HUEG6VFI5TDP4STVNKSZJ,http://www.bsnpr.com:80/jugador05.asp?r2=462776RX2S&e=BAYAMON,20050321233447,2VQQNZPMK45HUEG6VFI5TDP4STVNKSZJ,BAYAMON,2VQQNZPMK45HUEG6VFI5TDP4STVNKSZJ.html
2X7WSM2GGHFMRWGC7Z53DAWJOAFESQWS,http://www.bsnpr.com:80/jugador05.asp?r=xxx&r2=APGOREFZVT&e=CAYEY,20050414064839,2X7WSM2GGHFMRWGC7Z53DAWJOAFESQWS,CAYEY,2X7WSM2GGHFMRWGC7Z53DAWJOAFESQWS.html
2XV6NK5BAAJIU5AXMN7OXBQY3PANC6JO,http://www.bsnpr.com:80/jugador05.asp?r=xxx&r2=462776RX2X&e=ARECIBO,20050905044535,2XV6NK5BAAJIU5AXMN7OXBQY3PANC6JO,ARECIBO,2XV6NK5BAAJIU5AXMN7OXBQY3PANC6JO.html
2ZACHGFT7RGPXPTGQLGE6WF3A4UN6EJL,http://www.bsnpr.com/jugador05.asp?r=xxx&r2=462706RWZS&e=COAMO,20061119234826,2ZACHGFT7RGPXPTGQLGE6WF3A4UN6EJL,COAMO,2ZACHGFT7RGPXPTGQLGE6WF3A4UN6EJL.html
34OUT6LBYPMNO4H3Z5IOV56SE542UYT6,http://www.bsnpr.com:80/jugador05.asp?r=xxx&r2=462786RX33&e=SAN+GERMAN,20050414065200,34OUT6LBYPMNO4H3Z5IOV56SE542UYT6,SAN GERMAN,34OUT6LBYPMNO4H3Z5IOV56SE542UYT6.html
353ZPULL3G35D7CP7CM7AYY7TBJ7XNKQ,http://www.bsnpr.com:80/jugador05.asp?r=xxx&r2=ULITXEGTVW&e=,20050322231442,353ZPULL3G35D7CP7CM7AYY7TBJ7XNKQ,,353ZPULL3G35D7CP7CM7AYY7TBJ7XNKQ.html
3CACX6QEXZPV3QAX5SB4GEKGI6GIAJBO,http://www.bsnpr.com:80/jugador05.asp?r=xxx&r2=OLQUXXXGVB&e=PONCE,20050415172826,3CACX6QEXZPV3QAX5SB4GEKGI6GIAJBO,PONCE,3CACX6QEXZPV3QAX5SB4GEKGI6GIAJBO.html
3FHMMQAGGYIXTKV7TUHJY3W3KZZ2VEL4,http://www.bsnpr.com/jugador05.asp?r=xxx&r2=462786RX3B&e=SANTURCE,20061119235725,3FHMMQAGGYIXTKV7TUHJY3W3KZZ2VEL4,SANTURCE,3FHMMQAGGYIXTKV7TUHJY3W3KZZ2VEL4.html
3GKORPJXVXMRSDAV5DDTBQNDYMREWMXH,http://www.bsnpr.com:80/jugador05.asp?r=xxx&r2=462796RX3J&e=SANTURCE,20050414065115,3GKORPJXVXMRSDAV5DDTBQNDYMREWMXH,SANTURCE,3GKORPJXVXMRSDAV5DDTBQNDYMREWMXH.html
3HWS3GQNRX2IZO7DSK6JRQOI3DUIU5BX,http://www.bsnpr.com:80/jugador05.asp?r2=462796RX3L&e=PONCE,20050321233443,3HWS3GQNRX2IZO7DSK6JRQOI3DUIU5BX,PONCE,3HWS3GQNRX2IZO7DSK6JRQOI3DUIU5BX.html
3JQFEISSCBM3NNTB26DTGUWHLJTQ63RZ,http://www.bsnpr.com:80/jugador05.asp?r=xxx&r2=462746RX1F&e=,20050322103906,3JQFEISSCBM3NNTB26DTGUWHLJTQ63RZ,,3JQFEISSCBM3NNTB26DTGUWHLJTQ63RZ.html
3KX6AUUNQKERQM4P2DM5QWHD5ELUACSK,http://www.bsnpr.com:80/jugador05.asp?r=xxx&r2=462686RWYN&e=CAGUAS,20050414064811,3KX6AUUNQKERQM4P2DM5QWHD5ELUACSK,CAGUAS,3KX6AUUNQKERQM4P2DM5QWHD5ELUACSK.html
3NN4MTUNVY7AEBD32JD5ZA2BTZN7J7XV,http://www.bsnpr.com/jugador05.asp?r=xxx&r2=462766RX2D&e=MAYAGUEZ,20061119234257,3NN4MTUNVY7AEBD32JD5ZA2BTZN7J7XV,MAYAGUEZ,3NN4MTUNVY7AEBD32JD5ZA2BTZN7J7XV.html
3SEVAXPAKJNSYGPKMBD3ATYQIULA4OZD,http://www.bsnpr.com:80/jugador05.asp?r2=462706RWZN&e=COAMO,20050321233348,3SEVAXPAKJNSYGPKMBD3ATYQIULA4OZD,COAMO,3SEVAXPAKJNSYGPKMBD3ATYQIULA4OZD.html
3YA2GUO42QT7CHSLBXMA346P2TEX5AXH,http://www.bsnpr.com:80/jugador05.asp?r=xxx&r2=462696RWZD&e=,20050322103853,3YA2GUO42QT7CHSLBXMA346P2TEX5AXH,,3YA2GUO42QT7CHSLBXMA346P2TEX5AXH.html
3YLQGQEX73JOBXW7EZ6YWI73CMZJII3L,http://www.bsnpr.com:80/jugador05.asp?r=xxx&r2=MDABMRDBYG&e=MAYAGUEZ,20050415172855,3YLQGQEX73JOBXW7EZ6YWI73CMZJII3L,MAYAGUEZ,3YLQGQEX73JOBXW7EZ6YWI73CMZJII3L.html
423WBBUE3FZJDDIA7I65R6BLJFOYLLE7,http://www.bsnpr.com:80/jugador05.asp?r=xxx&r2=462706RWZM&e=CAYEY,20050414064659,423WBBUE3FZJDDIA7I65R6BLJFOYLLE7,CAYEY,423WBBUE3FZJDDIA7I65R6BLJFOYLLE7.html
42BSGTUSXW6QAIBHJKW23A6MZLWLOOTR,http://www.bsnpr.com/jugador05.asp?r=xxx&r2=TLRPRTYNXO&e=PONCE,20061119234230,42BSGTUSXW6QAIBHJKW23A6MZLWLOOTR,PONCE,42BSGTUSXW6QAIBHJKW23A6MZLWLOOTR.html
42RVMMFMF52AZHYLAGEJQFPZPQQEZCKN,http://www.bsnpr.com:80/jugador05.asp?r=xxx&r2=462786RX33&e=,20050322231519,42RVMMFMF52AZHYLAGEJQFPZPQQEZCKN,,42RVMMFMF52AZHYLAGEJQFPZPQQEZCKN.html
44L4C7RRRV6LF5WHBPLGT4UQMAPODO74,http://www.bsnpr.com/jugador05.asp?r=xxx&r2=462706RWZN&e=COAMO,20061119235052,44L4C7RRRV6LF5WHBPLGT4UQMAPODO74,COAMO,44L4C7RRRV6LF5WHBPLGT4UQMAPODO74.html
46CF7I22FCDLBKNX4IFHIDS2OCO3UE2T,http://www.bsnpr.com:80/jugador05.asp?r=xxx&r2=462746RX16&e=,20050322103814,46CF7I22FCDLBKNX4IFHIDS2OCO3UE2T,,46CF7I22FCDLBKNX4IFHIDS2OCO3UE2T.html
4AMRLSDC7U5PTJB7MXZ2YBPLTDWW4YWR,http://www.bsnpr.com:80/jugador05.asp?r=xxx&r2=SDSYGKXYYO&e=ISABELA,20050415172703,4AMRLSDC7U5PTJB7MXZ2YBPLTDWW4YWR,ISABELA,4AMRLSDC7U5PTJB7MXZ2YBPLTDWW4YWR.html
4BNUK2SKJ24P2WG3XH2MPIRVYIILX5WA,http://www.bsnpr.com:80/jugador05.asp?r=xxx&r2=WOBFMNCQVQ&e=,20050322230628,4BNUK2SKJ24P2WG3XH2MPIRVYIILX5WA,,4BNUK2SKJ24P2WG3XH2MPIRVYIILX5WA.html
4FFH3W2BUYMJBPYORGLMS3XVGBKZ65TR,http://www.bsnpr.com:80/jugador05.asp?r=xxx&r2=462746RX1L&e=PONCE,20050414064540,4FFH3W2BUYMJBPYORGLMS3XVGBKZ65TR,PONCE,4FFH3W2BUYMJBPYORGLMS3XVGBKZ65TR.html
4IHYFRHEV7YPSPBUEWGSOIZRDQ2SM4G5,http://www.bsnpr.com:80/jugador05.asp?r=xxx&r2=462676RWYH&e=CAGUAS,20050902103923,4IHYFRHEV7YPSPBUEWGSOIZRDQ2SM4G5,CAGUAS,4IHYFRHEV7YPSPBUEWGSOIZRDQ2SM4G5.html
4J2BXNDAXWQKQNCCCHDBALAKTJR4ZHB5,http://www.bsnpr.com:80/jugador05.asp?r=xxx&r2=462766RX27&e=SAN+GERMAN,20050414065151,4J2BXNDAXWQKQNCCCHDBALAKTJR4ZHB5,SAN GERMAN,4J2BXNDAXWQKQNCCCHDBALAKTJR4ZHB5.html
4MPB3JOG3GWNDIX5D77D47SD7MULTC4W,http://www.bsnpr.com:80/jugador05.asp?r=xxx&r2=462786RX39&e=SAN+GERMAN,20050414065208,4MPB3JOG3GWNDIX5D77D47SD7MULTC4W,SAN GERMAN,4MPB3JOG3GWNDIX5D77D47SD7MULTC4W.html
4U6CXYKD26OJK3N3OBNHGDV5QZOWYD7Z,http://www.bsnpr.com:80/jugador05.asp?r=xxx&r2=462786RX35&e=SAN+GERMAN,20050903204328,4U6CXYKD26OJK3N3OBNHGDV5QZOWYD7Z,SAN GERMAN,4U6CXYKD26OJK3N3OBNHGDV5QZOWYD7Z.html
4UM2XNHVLSXR7X5N3RDEZSLRCVNVQO6X,http://www.bsnpr.com:80/jugador05.asp?r=xxx&r2=462776RX2U&e=,20050322231130,4UM2XNHVLSXR7X5N3RDEZSLRCVNVQO6X,,4UM2XNHVLSXR7X5N3RDEZSLRCVNVQO6X.html
4UVZLCKZWKUO3Z2RC2CAMF5UHWFKIFHW,http://www.bsnpr.com:80/jugador05.asp?r=xxx&r2=462696RWZB&e=,20050322103052,4UVZLCKZWKUO3Z2RC2CAMF5UHWFKIFHW,,4UVZLCKZWKUO3Z2RC2CAMF5UHWFKIFHW.html
4XD2UOIBOA7BOVABRXW4IVLEMOTM4TLI,http://www.bsnpr.com/jugador05.asp?r=xxx&r2=462766RX2H&e=ISABELA,20061119233821,4XD2UOIBOA7BOVABRXW4IVLEMOTM4TLI,ISABELA,4XD2UOIBOA7BOVABRXW4IVLEMOTM4TLI.html
4YSDQ2CN3CD2VRO7HMO7GTN3HWHYKV4Q,http://www.bsnpr.com:80/jugador05.asp?r=xxx&r2=462756RX1Y&e=PONCE,20050414064531,4YSDQ2CN3CD2VRO7HMO7GTN3HWHYKV4Q,PONCE,4YSDQ2CN3CD2VRO7HMO7GTN3HWHYKV4Q.html
4ZCLE2ZDQKPC7WWI7EJGU4LXLYMBOEYG,http://www.bsnpr.com:80/jugador05.asp?r=xxx&r2=462716RX01&e=,20050322103833,4ZCLE2ZDQKPC7WWI7EJGU4LXLYMBOEYG,,4ZCLE2ZDQKPC7WWI7EJGU4LXLYMBOEYG.html
536X7ZXYMQTXHP3LU5NKKQ2ZQKXFW3KP,http://www.bsnpr.com:80/jugador05.asp?r2=462706RWZX&e=CAROLINA,20050321233253,536X7ZXYMQTXHP3LU5NKKQ2ZQKXFW3KP,CAROLINA,536X7ZXYMQTXHP3LU5NKKQ2ZQKXFW3KP.html
57PO3QU3KJCQU6JBFMR5XQRARZBA6Q7C,http://www.bsnpr.com:80/jugador05.asp?r=xxx&r2=462736RX12&e=,20050322102722,57PO3QU3KJCQU6JBFMR5XQRARZBA6Q7C,,57PO3QU3KJCQU6JBFMR5XQRARZBA6Q7C.html
5AEASCZZT7THOMX5WKMT2GLNQDCXLGAB,http://www.bsnpr.com:80/jugador05.asp?r2=462666RWXQ&e=ARECIBO,20050321042410,5AEASCZZT7THOMX5WKMT2GLNQDCXLGAB,ARECIBO,5AEASCZZT7THOMX5WKMT2GLNQDCXLGAB.html
5ER6YHBLHGETDU3ANLXE3MZFFMKZQYVN,http://www.bsnpr.com:80/jugador05.asp?r=xxx&r2=462786RX39&e=SAN+GERMAN,20050921002425,5ER6YHBLHGETDU3ANLXE3MZFFMKZQYVN,SAN GERMAN,5ER6YHBLHGETDU3ANLXE3MZFFMKZQYVN.html
5G3GSXIQ5WUQUV4C7Z6WP67WIX5FQCGC,http://www.bsnpr.com:80/jugador05.asp?r=xxx&r2=462776RX2Q&e=QUEBRADILLAS,20050414065232,5G3GSXIQ5WUQUV4C7Z6WP67WIX5FQCGC,QUEBRADILLAS,5G3GSXIQ5WUQUV4C7Z6WP67WIX5FQCGC.html
5GDZHEH3RKWXGAKMM224MBN6LCUXU5K4,http://www.bsnpr.com:80/jugador05.asp?r=xxx&r2=GFPAQCDEDB&e=PONCE,20050414064823,5GDZHEH3RKWXGAKMM224MBN6LCUXU5K4,PONCE,5GDZHEH3RKWXGAKMM224MBN6LCUXU5K4.html
5IWTDLXLQWFTXOXEOSWE6WWUQ6GR76OI,http://www.bsnpr.com:80/jugador05.asp?r=xxx&r2=462786RX3B&e=SANTURCE,20050414064648,5IWTDLXLQWFTXOXEOSWE6WWUQ6GR76OI,SANTURCE,5IWTDLXLQWFTXOXEOSWE6WWUQ6GR76OI.html
5K4S6FG2LUZXMV5MQTZJWVOXZ2IYL6ZD,http://www.bsnpr.com:80/jugador05.asp?r=xxx&r2=ULITXEGTVW&e=COAMO,20050415172819,5K4S6FG2LUZXMV5MQTZJWVOXZ2IYL6ZD,COAMO,5K4S6FG2LUZXMV5MQTZJWVOXZ2IYL6ZD.html
5OSMSXC56ZOKS46QSG6ZFFEKL6CPETSF,http://www.bsnpr.com:80/jugador05.asp?r=xxx&r2=462696RWZC&e=CAROLINA,20050414064752,5OSMSXC56ZOKS46QSG6ZFFEKL6CPETSF,CAROLINA,5OSMSXC56ZOKS46QSG6ZFFEKL6CPETSF.html
5VVA2O3FCBHI774WC3QHIKHNU6ZTIG47,http://www.bsnpr.com:80/jugador05.asp?r=xxx&r2=462736RX0S&e=BAYAMON,20050414064612,5VVA2O3FCBHI774WC3QHIKHNU6ZTIG47,BAYAMON,5VVA2O3FCBHI774WC3QHIKHNU6ZTIG47.html
63OMKILLEVHXCJTWDL3IU7D36GHW63GV,http://www.bsnpr.com/jugador05.asp?r=xxx&r2=462666RWXU&e=ARECIBO,20061119233943,63OMKILLEVHXCJTWDL3IU7D36GHW63GV,ARECIBO,63OMKILLEVHXCJTWDL3IU7D36GHW63GV.html
63RDH4QQPHFW4K6TCZAKL2XC5PSXEQJY,http://www.bsnpr.com/jugador05.asp?r=xxx&r2=462726RX0K&e=CAGUAS,20061119234311,63RDH4QQPHFW4K6TCZAKL2XC5PSXEQJY,CAGUAS,63RDH4QQPHFW4K6TCZAKL2XC5PSXEQJY.html
66R4Z6NRHBKO5EH6QZKPZJFOATB6VSOL,http://www.bsnpr.com/jugador05.asp?r=xxx&r2=462766RX26&e=ARECIBO,20061119234350,66R4Z6NRHBKO5EH6QZKPZJFOATB6VSOL,ARECIBO,66R4Z6NRHBKO5EH6QZKPZJFOATB6VSOL.html
6I3KGY2GOHZBJKZUJJXE2UEAJQLS2YXA,http://www.bsnpr.com:80/jugador05.asp?r=xxx&r2=462746RX1G&e=ISABELA,20050414065028,6I3KGY2GOHZBJKZUJJXE2UEAJQLS2YXA,ISABELA,6I3KGY2GOHZBJKZUJJXE2UEAJQLS2YXA.html
6KNSPFWOOG3YDN5OZLZRTXFFKWFO2OJN,http://www.bsnpr.com:80/jugador05.asp?r2=462716RX03&e=COAMO,20050321233315,6KNSPFWOOG3YDN5OZLZRTXFFKWFO2OJN,COAMO,6KNSPFWOOG3YDN5OZLZRTXFFKWFO2OJN.html
6KUPJIETMVI4TSRKQ3AUM5SKUMEVSODJ,http://www.bsnpr.com:80/jugador05.asp?r=xxx&r2=462696RWZD&e=QUEBRADILLAS,20050907083057,6KUPJIETMVI4TSRKQ3AUM5SKUMEVSODJ,QUEBRADILLAS,6KUPJIETMVI4TSRKQ3AUM5SKUMEVSODJ.html
6NWDJSVJJAN7CFT6R7B2VW4EGA4DWWOU,http://www.bsnpr.com/jugador05.asp?r=xxx&r2=462786RX35&e=SAN%20GERMAN,20061119235111,6NWDJSVJJAN7CFT6R7B2VW4EGA4DWWOU,SAN GERMAN,6NWDJSVJJAN7CFT6R7B2VW4EGA4DWWOU.html
6OSNPNABUDN6CRQGCTCXXPSIXRTMZBEJ,http://www.bsnpr.com:80/jugador05.asp?r=xxx&r2=462786RX3B&e=,20050322231039,6OSNPNABUDN6CRQGCTCXXPSIXRTMZBEJ,,6OSNPNABUDN6CRQGCTCXXPSIXRTMZBEJ.html
6P4JOOTLJBFJVD6C5LSGRQ74KJUV7GXV,http://www.bsnpr.com:80/jugador05.asp?r2=462786RX3D&e=PONCE,20050321233435,6P4JOOTLJBFJVD6C5LSGRQ74KJUV7GXV,PONCE,6P4JOOTLJBFJVD6C5LSGRQ74KJUV7GXV.html
6PI2ZOANRGE6OUKL3HGE3DRYXQIFBF4J,http://www.bsnpr.com/jugador05.asp?r=xxx&r2=462736RX0R&e=ARECIBO,20061119235854,6PI2ZOANRGE6OUKL3HGE3DRYXQIFBF4J,ARECIBO,6PI2ZOANRGE6OUKL3HGE3DRYXQIFBF4J.html
6PKFUPSRC5MS5CMGEVYOK7W57Y6SFGKZ,http://www.bsnpr.com:80/jugador05.asp?r=xxx&r2=462696RWZA&e=,20050322103354,6PKFUPSRC5MS5CMGEVYOK7W57Y6SFGKZ,,6PKFUPSRC5MS5CMGEVYOK7W57Y6SFGKZ.html
6QBBKTXOHDEMXUEEVAPYBL5HA46FBQ43,http://www.bsnpr.com:80/jugador05.asp?r=xxx&r2=462686RWYO&e=PONCE,20050414064728,6QBBKTXOHDEMXUEEVAPYBL5HA46FBQ43,PONCE,6QBBKTXOHDEMXUEEVAPYBL5HA46FBQ43.html
6QM6P6VIGNP3F43OH6UCNKDX4ZHPDVKI,http://www.bsnpr.com:80/jugador05.asp?r=xxx&r2=IQKNMRYDAC&e=,20050322231418,6QM6P6VIGNP3F43OH6UCNKDX4ZHPDVKI,,6QM6P6VIGNP3F43OH6UCNKDX4ZHPDVKI.html
6TCJVNJVI5RXBFR7K44RXMA44H4NQRT6,http://www.bsnpr.com/jugador05.asp?r=xxx&r2=462696RWZD&e=QUEBRADILLAS,20061119234201,6TCJVNJVI5RXBFR7K44RXMA44H4NQRT6,QUEBRADILLAS,6TCJVNJVI5RXBFR7K44RXMA44H4NQRT6.html
6TVJB7X7P3LFPGSOFWI3TLF3RDDUQYIC,http://www.bsnpr.com:80/jugador05.asp?r2=MDABMRDBYG&e=MAYAGUEZ,20050326204832,6TVJB7X7P3LFPGSOFWI3TLF3RDDUQYIC,MAYAGUEZ,6TVJB7X7P3LFPGSOFWI3TLF3RDDUQYIC.html
6YA2IP7YJSXMHCGWJFVV24LL7DTQDAKQ,http://www.bsnpr.com/jugador05.asp?r=xxx&r2=462796RX3H&e=COAMO,20061119235352,6YA2IP7YJSXMHCGWJFVV24LL7DTQDAKQ,COAMO,6YA2IP7YJSXMHCGWJFVV24LL7DTQDAKQ.html
6YX6GIYD7OQIR2T5JCRQMGNQ6CGSMA3U,http://www.bsnpr.com/jugador05.asp?r=xxx&r2=462686RWYQ&e=CAGUAS,20061119235842,6YX6GIYD7OQIR2T5JCRQMGNQ6CGSMA3U,CAGUAS,6YX6GIYD7OQIR2T5JCRQMGNQ6CGSMA3U.html
742QXLRNPO5QV6ILGYGWESAA7RM3PMPF,http://www.bsnpr.com:80/jugador05.asp?r=xxx&r2=OLQUXXXGVB&e=PONCE,20050907235629,742QXLRNPO5QV6ILGYGWESAA7RM3PMPF,PONCE,742QXLRNPO5QV6ILGYGWESAA7RM3PMPF.html
74EU47F3GGUQWU2WMSDQRUG5OZEOUQU6,http://www.bsnpr.com:80/jugador05.asp?r2=462796RX3G&e=SANTURCE,20050321233329,74EU47F3GGUQWU2WMSDQRUG5OZEOUQU6,SANTURCE,74EU47F3GGUQWU2WMSDQRUG5OZEOUQU6.html
75TWIHB4CT4RAAEREEOMC5ZAYDGVUVXW,http://www.bsnpr.com:80/jugador05.asp?r=xxx&r2=ULITXEGTVW&e=COAMO,20050907122537,75TWIHB4CT4RAAEREEOMC5ZAYDGVUVXW,COAMO,75TWIHB4CT4RAAEREEOMC5ZAYDGVUVXW.html
7BCKTF34PEK5QKX62J6LGOVXLZ5EDPI2,http://www.bsnpr.com/jugador05.asp?r=xxx&r2=462796RX3O&e=SANTURCE,20061119235533,7BCKTF34PEK5QKX62J6LGOVXLZ5EDPI2,SANTURCE,7BCKTF34PEK5QKX62J6LGOVXLZ5EDPI2.html
7CRBISF2OTLIE3SLGBXR5EAV3E6ALWJG,http://www.bsnpr.com/jugador05.asp?r=xxx&r2=VJKVUBAGXS&e=MAYAGUEZ,20061119235502,7CRBISF2OTLIE3SLGBXR5EAV3E6ALWJG,MAYAGUEZ,7CRBISF2OTLIE3SLGBXR5EAV3E6ALWJG.html
7D224D55GZA7USFMQLMVVOIXSSSG5BSS,http://www.bsnpr.com:80/jugador05.asp?r=xxx&r2=462786RX33&e=SAN+GERMAN,20050907231818,7D224D55GZA7USFMQLMVVOIXSSSG5BSS,SAN GERMAN,7D224D55GZA7USFMQLMVVOIXSSSG5BSS.html
7EH245HZL4QLTOREM7RMU32JOYSDNPI5,http://www.bsnpr.com/jugador05.asp?r=xxx&r2=462706RWZQ&e=COAMO,20061119234549,7EH245HZL4QLTOREM7RMU32JOYSDNPI5,COAMO,7EH245HZL4QLTOREM7RMU32JOYSDNPI5.html
7EQII7YAPJSALTEIPZAHDH7MSPSHSUTE,http://www.bsnpr.com:80/jugador05.asp?r=xxx&r2=462726RX0H&e=CAYEY,20050414064740,7EQII7YAPJSALTEIPZAHDH7MSPSHSUTE,CAYEY,7EQII7YAPJSALTEIPZAHDH7MSPSHSUTE.html
7FQ5QHRI7EL7GLK6DVCJ4QCWQJDPK25H,http://www.bsnpr.com:80/jugador05.asp?r=xxx&r2=PVUKUVMQOM&e=ARECIBO,20050415172739,7FQ5QHRI7EL7GLK6DVCJ4QCWQJDPK25H,ARECIBO,7FQ5QHRI7EL7GLK6DVCJ4QCWQJDPK25H.html
7KLGOXG7HQEDUC3JHU3MW3NYB35DITWV,http://www.bsnpr.com:80/jugador05.asp?r2=462736RX11&e=MAYAGUEZ,20050326204905,7KLGOXG7HQEDUC3JHU3MW3NYB35DITWV,MAYAGUEZ,7KLGOXG7HQEDUC3JHU3MW3NYB35DITWV.html
7NUWEAWPUJKQ73AYZWDUSOFRKDCWZESS,http://www.bsnpr.com:80/jugador05.asp?r2=462686RWYU&e=PONCE,20050321232826,7NUWEAWPUJKQ73AYZWDUSOFRKDCWZESS,PONCE,7NUWEAWPUJKQ73AYZWDUSOFRKDCWZESS.html
7SJWVTEKNQHA744FOLCI6UDS7AFANU4T,http://www.bsnpr.com:80/jugador05.asp?r=xxx&r2=462796RX3K&e=ARECIBO,20050414064600,7SJWVTEKNQHA744FOLCI6UDS7AFANU4T,ARECIBO,7SJWVTEKNQHA744FOLCI6UDS7AFANU4T.html
7UVFQYKBV7OIDO4OAN4O3LOOYTTUOJ6Y,http://www.bsnpr.com/jugador05.asp?r=xxx&r2=462736RX12&e=SAN%20GERMAN,20061119233851,7UVFQYKBV7OIDO4OAN4O3LOOYTTUOJ6Y,SAN GERMAN,7UVFQYKBV7OIDO4OAN4O3LOOYTTUOJ6Y.html
7UVLMWHJD7IFRE2YNBHFJQABPZGZ4DOF,http://www.bsnpr.com:80/jugador05.asp?r2=FEIBBITGCL&e=CAROLINA,20050321233542,7UVLMWHJD7IFRE2YNBHFJQABPZGZ4DOF,CAROLINA,7UVLMWHJD7IFRE2YNBHFJQABPZGZ4DOF.html
7VGBUIESS7HR5Z6TO2BEQQ767IV32WYY,http://www.bsnpr.com:80/jugador05.asp?r=xxx&r2=462756RX1V&e=,20050322103055,7VGBUIESS7HR5Z6TO2BEQQ767IV32WYY,,7VGBUIESS7HR5Z6TO2BEQQ767IV32WYY.html
7WBVVEFJNO5HQTIDCO4Q2YKKWAO57A2W,http://www.bsnpr.com:80/jugador05.asp?r=xxx&r2=VFKKIUTCCX&e=COAMO,20050903211037,7WBVVEFJNO5HQTIDCO4Q2YKKWAO57A2W,COAMO,7WBVVEFJNO5HQTIDCO4Q2YKKWAO57A2W.html
7WLWBB5QR7PL2VTKANHK7DGL37TS25SQ,http://www.bsnpr.com:80/jugador05.asp?r2=462676RWYH&e=COAMO,20050321042450,7WLWBB5QR7PL2VTKANHK7DGL37TS25SQ,COAMO,7WLWBB5QR7PL2VTKANHK7DGL37TS25SQ.html
7WQXCL3ZQ3XDRP5A2KPKJR52DWGNRCPP,http://www.bsnpr.com/jugador05.asp?r=xxx&r2=VNVDFVOFKE&e=CAYEY,20061119235300,7WQXCL3ZQ3XDRP5A2KPKJR52DWGNRCPP,CAYEY,7WQXCL3ZQ3XDRP5A2KPKJR52DWGNRCPP.html
7XEQ6S7VYLBZLOA7EVQEVM2V56Q3Y3PR,http://www.bsnpr.com:80/jugador05.asp?r=xxx&r2=462716RX0B&e=,20050322102926,7XEQ6S7VYLBZLOA7EVQEVM2V56Q3Y3PR,,7XEQ6S7VYLBZLOA7EVQEVM2V56Q3Y3PR.html
7YWIHNXMW46RRHVOCYIRX76D6MSQK5M5,http://www.bsnpr.com:80/jugador05.asp?r=xxx&r2=TEEZXCWXHP&e=ARECIBO,20050906223910,7YWIHNXMW46RRHVOCYIRX76D6MSQK5M5,ARECIBO,7YWIHNXMW46RRHVOCYIRX76D6MSQK5M5.html
7ZNOYSIVUHGBRMND6K5NBWRFATIMBI5D,http://www.bsnpr.com:80/jugador05.asp?r=xxx&r2=GFPAQCDEDB&e=,20050322231422,7ZNOYSIVUHGBRMND6K5NBWRFATIMBI5D,,7ZNOYSIVUHGBRMND6K5NBWRFATIMBI5D.html
A3DXBBJTJXGEGMQYH2H24MOXPMBL2YDG,http://www.bsnpr.com:80/jugador05.asp?r=xxx&r2=462666RWXR&e=,20050321233251,A3DXBBJTJXGEGMQYH2H24MOXPMBL2YDG,,A3DXBBJTJXGEGMQYH2H24MOXPMBL2YDG.html
A72SRZK2ZLHTAAUS73TXJIAJ3NVJDWNF,http://www.bsnpr.com:80/jugador05.asp?r=xxx&r2=462766RX2B&e=,20050322103115,A72SRZK2ZLHTAAUS73TXJIAJ3NVJDWNF,,A72SRZK2ZLHTAAUS73TXJIAJ3NVJDWNF.html
AB26URUODZR2CFBWKSKWQ4QKNZP7P2B5,http://www.bsnpr.com:80/jugador05.asp?r=xxx&r2=UXVQBCKQAR&e=,20050322230923,AB26URUODZR2CFBWKSKWQ4QKNZP7P2B5,,AB26URUODZR2CFBWKSKWQ4QKNZP7P2B5.html
ACNWBL5EBJ7P5TU4TLIZVWNNJXTEFDQQ,http://www.bsnpr.com:80/jugador05.asp?r=xxx&r2=462756RX20&e=ARECIBO,20050414065031,ACNWBL5EBJ7P5TU4TLIZVWNNJXTEFDQQ,ARECIBO,ACNWBL5EBJ7P5TU4TLIZVWNNJXTEFDQQ.html
AEYUGNVZ4N6OV6UQOPNATJ6SRB5F4SAY,http://www.bsnpr.com:80/jugador05.asp?r=xxx&r2=462776RX2Q&e=,20050322102839,AEYUGNVZ4N6OV6UQOPNATJ6SRB5F4SAY,,AEYUGNVZ4N6OV6UQOPNATJ6SRB5F4SAY.html
AFQTW3E4L3QGTQBJ4ZLPCNLWJZ42T5XW,http://www.bsnpr.com/jugador05.asp?r=xxx&r2=462726RX0D&e=CAROLINA,20061119235759,AFQTW3E4L3QGTQBJ4ZLPCNLWJZ42T5XW,CAROLINA,AFQTW3E4L3QGTQBJ4ZLPCNLWJZ42T5XW.html
AJSAJTEYM2CFNFQE5VNCPIPLOOARKPID,http://www.bsnpr.com/jugador05.asp?r=xxx&r2=462766RX2A&e=ISABELA,20061119234242,AJSAJTEYM2CFNFQE5VNCPIPLOOARKPID,ISABELA,AJSAJTEYM2CFNFQE5VNCPIPLOOARKPID.html
ALKSN56HLIZH5PD5GYYOI4Z4I7ZMVC3U,http://www.bsnpr.com:80/jugador05.asp?r=xxx&r2=462736RX11&e=MAYAGUEZ,20050910031516,ALKSN56HLIZH5PD5GYYOI4Z4I7ZMVC3U,MAYAGUEZ,ALKSN56HLIZH5PD5GYYOI4Z4I7ZMVC3U.html
ALNUEPH65SX2V5O6BXOS3JC7DPIPDA55,http://www.bsnpr.com:80/jugador05.asp?r=xxx&r2=462726RX0J&e=,20050322103520,ALNUEPH65SX2V5O6BXOS3JC7DPIPDA55,,ALNUEPH65SX2V5O6BXOS3JC7DPIPDA55.html
ALRNTKXNDN72YFY4TKQFI6YFJODSBPTT,http://www.bsnpr.com:80/jugador05.asp?r2=462776RX2K&e=SANTURCE,20050321233215,ALRNTKXNDN72YFY4TKQFI6YFJODSBPTT,SANTURCE,ALRNTKXNDN72YFY4TKQFI6YFJODSBPTT.html
AMBTJ6T4CQW3QJBFOPFYVF6ENYTY4Z6T,http://www.bsnpr.com:80/jugador05.asp?r=xxx&r2=QCVRXUMZKI&e=,20050322231142,AMBTJ6T4CQW3QJBFOPFYVF6ENYTY4Z6T,,AMBTJ6T4CQW3QJBFOPFYVF6ENYTY4Z6T.html
AOJHMNEUCI4BZEF6V72RCSPKVSVVETQV,http://www.bsnpr.com:80/jugador05.asp?r2=BYCOEJSEXK&e=ARECIBO,20050321233520,AOJHMNEUCI4BZEF6V72RCSPKVSVVETQV,ARECIBO,AOJHMNEUCI4BZEF6V72RCSPKVSVVETQV.html
ATAZ7HTPABMNHYKOKBWDWLBNXER4DXYL,http://www.bsnpr.com:80/jugador05.asp?r=xxx&r2=XVBVQZAAGU&e=BAYAMON,20050910104630,ATAZ7HTPABMNHYKOKBWDWLBNXER4DXYL,BAYAMON,ATAZ7HTPABMNHYKOKBWDWLBNXER4DXYL.html
AUROCGMODDBAC7ZWGONXEZ44H622FTSB,http://www.bsnpr.com:80/jugador05.asp?r=xxx&r2=VNRVHEXWCD&e=SANTURCE,20050909163418,AUROCGMODDBAC7ZWGONXEZ44H622FTSB,SANTURCE,AUROCGMODDBAC7ZWGONXEZ44H622FTSB.html
AWRARD3YWJSU3UCFNGINIWJQAYUNINIE,http://www.bsnpr.com:80/jugador05.asp?r=xxx&r2=VMVBLCRUQN&e=,20050322230624,AWRARD3YWJSU3UCFNGINIWJQAYUNINIE,,AWRARD3YWJSU3UCFNGINIWJQAYUNINIE.html
AZCFBFPCT35OOUAXJXLI474JEDHEKOKA,http://www.bsnpr.com:80/jugador05.asp?r=xxx&r2=462746RX1G&e=,20050322102732,AZCFBFPCT35OOUAXJXLI474JEDHEKOKA,,AZCFBFPCT35OOUAXJXLI474JEDHEKOKA.html
B2DB6R5FAA2KRVRYDMILCSOP7TW2XARR,http://www.bsnpr.com:80/jugador05.asp?r=xxx&r2=462716RX03&e=COAMO,20050414064527,B2DB6R5FAA2KRVRYDMILCSOP7TW2XARR,COAMO,B2DB6R5FAA2KRVRYDMILCSOP7TW2XARR.html
B2T6HK3HISSB6OA6QFP47LAM7ZCWQXKB,http://www.bsnpr.com/jugador05.asp?r=xxx&r2=462766RX28&e=PONCE,20061119234156,B2T6HK3HISSB6OA6QFP47LAM7ZCWQXKB,PONCE,B2T6HK3HISSB6OA6QFP47LAM7ZCWQXKB.html
B3BKHCKVDIVTS6J6JT57BS44ONJQT6HC,http://www.bsnpr.com/jugador05.asp?r=xxx&r2=JQDFUJBFUW&e=SAN%20GERMAN,20061119235346,B3BKHCKVDIVTS6J6JT57BS44ONJQT6HC,SAN GERMAN,B3BKHCKVDIVTS6J6JT57BS44ONJQT6HC.html
B3BRX7GR6ILRI4LV23OP35YW3QAPNLTQ,http://www.bsnpr.com:80/jugador05.asp?r=xxx&r2=VAKWNGFMXW&e=ISABELA,20050415172806,B3BRX7GR6ILRI4LV23OP35YW3QAPNLTQ,ISABELA,B3BRX7GR6ILRI4LV23OP35YW3QAPNLTQ.html
B5N6IVNPFBJ4FOXITOLTIQRGCGEBFB5X,http://www.bsnpr.com/jugador05.asp?r=xxx&r2=462736RX11&e=MAYAGUEZ,20061119235613,B5N6IVNPFBJ4FOXITOLTIQRGCGEBFB5X,MAYAGUEZ,B5N6IVNPFBJ4FOXITOLTIQRGCGEBFB5X.html
BADJUBB53SX2O4VGL5XHAX5GLP7PJQZU,http://www.bsnpr.com:80/jugador05.asp?r=xxx&r2=462676RWYA&e=,20050322103106,BADJUBB53SX2O4VGL5XHAX5GLP7PJQZU,,BADJUBB53SX2O4VGL5XHAX5GLP7PJQZU.html
BD3UFUUSURUSLTNMKRF25S5XRECZ6C47,http://www.bsnpr.com:80/jugador05.asp?r2=462796RX3J&e=SANTURCE,20050321233040,BD3UFUUSURUSLTNMKRF25S5XRECZ6C47,SANTURCE,BD3UFUUSURUSLTNMKRF25S5XRECZ6C47.html
BE6SK47RZZNR2XPZQSVGEENJPBBLUHGW,http://www.bsnpr.com:80/jugador05.asp?r=xxx&r2=VUWFEZRURI&e=CAYEY,20050415172710,BE6SK47RZZNR2XPZQSVGEENJPBBLUHGW,CAYEY,BE6SK47RZZNR2XPZQSVGEENJPBBLUHGW.html
BF6E3OC6SKYBY7J2CTTKAH67J4OM5ELI,http://www.bsnpr.com/jugador05.asp?r=xxx&r2=462766RX25&e=QUEBRADILLAS,20061119233925,BF6E3OC6SKYBY7J2CTTKAH67J4OM5ELI,QUEBRADILLAS,BF6E3OC6SKYBY7J2CTTKAH67J4OM5ELI.html
BGHB2SDPKQH53NE6WFBJLBT2HFYCA2SM,http://www.bsnpr.com:80/jugador05.asp?r=xxx&r2=462786RX36&e=,20050322231430,BGHB2SDPKQH53NE6WFBJLBT2HFYCA2SM,,BGHB2SDPKQH53NE6WFBJLBT2HFYCA2SM.html
BGPD453UYVO6PX5JRWSINTOHCXOCMJYY,http://www.bsnpr.com/jugador05.asp?r=xxx&r2=462716RX05&e=COAMO,20061119235950,BGPD453UYVO6PX5JRWSINTOHCXOCMJYY,COAMO,BGPD453UYVO6PX5JRWSINTOHCXOCMJYY.html
BIZTJ7RN7BCIUPBZLCAHT3MIPPSGAQGP,http://www.bsnpr.com:80/jugador05.asp?r=xxx&r2=462686RWYP&e=CAGUAS,20050414064411,BIZTJ7RN7BCIUPBZLCAHT3MIPPSGAQGP,CAGUAS,BIZTJ7RN7BCIUPBZLCAHT3MIPPSGAQGP.html
BL6GAFX2WJ7536ANLZAHN4L5HEII7WP3,http://www.bsnpr.com:80/jugador05.asp?r=xxx&r2=EIPBMRZZXC&e=SANTURCE,20050414065131,BL6GAFX2WJ7536ANLZAHN4L5HEII7WP3,SANTURCE,BL6GAFX2WJ7536ANLZAHN4L5HEII7WP3.html
BLTZK3XVTWIWEWF7A3WQO5E63TB4VM6J,http://www.bsnpr.com/jugador05.asp?r=xxx&r2=ULITXEGTVW&e=COAMO,20061119234500,BLTZK3XVTWIWEWF7A3WQO5E63TB4VM6J,COAMO,BLTZK3XVTWIWEWF7A3WQO5E63TB4VM6J.html
BO4LLLSG3LJ6E6COKI7V37WBPZ2YYOSY,http://www.bsnpr.com:80/jugador05.asp?r=xxx&r2=462776RX2K&e=,20050322103417,BO4LLLSG3LJ6E6COKI7V37WBPZ2YYOSY,,BO4LLLSG3LJ6E6COKI7V37WBPZ2YYOSY.html
BSOG6PRFDBJC4YXLYYS2XM2RCML4RUDV,http://www.bsnpr.com:80/jugador05.asp?r=xxx&r2=462666RWY2&e=BAYAMON,20050905165817,BSOG6PRFDBJC4YXLYYS2XM2RCML4RUDV,BAYAMON,BSOG6PRFDBJC4YXLYYS2XM2RCML4RUDV.html
BU7ZSF7XAMKE6QUWTNVXIRWZD7PBGGP3,http://www.bsnpr.com:80/jugador05.asp?r=xxx&r2=462776RX2X&e=,20050322231354,BU7ZSF7XAMKE6QUWTNVXIRWZD7PBGGP3,,BU7ZSF7XAMKE6QUWTNVXIRWZD7PBGGP3.html
BZ4LPBMJPTJLOGY6V7CKQIY4ZQHHYTI4,http://www.bsnpr.com/jugador05.asp?r=xxx&r2=EIPBMRZZXC&e=SANTURCE,20061119234623,BZ4LPBMJPTJLOGY6V7CKQIY4ZQHHYTI4,SANTURCE,BZ4LPBMJPTJLOGY6V7CKQIY4ZQHHYTI4.html
BZ53AIBZO5XVDBUHHSSD6FP7NMVRXK5X,http://www.bsnpr.com:80/jugador05.asp?r=xxx&r2=TEEZXCWXHP&e=,20050322231149,BZ53AIBZO5XVDBUHHSSD6FP7NMVRXK5X,,BZ53AIBZO5XVDBUHHSSD6FP7NMVRXK5X.html
BZG7CGGNAVJ5DXCRKDOXUB2EFH4CXBDB,http://www.bsnpr.com:80/jugador05.asp?r=xxx&r2=FEIBBITGCL&e=CAROLINA,20050414065136,BZG7CGGNAVJ5DXCRKDOXUB2EFH4CXBDB,CAROLINA,BZG7CGGNAVJ5DXCRKDOXUB2EFH4CXBDB.html
BZROUPN2UCJLI5GVORRK7X5UNFJWFSBC,http://www.bsnpr.com:80/jugador05.asp?r=xxx&r2=462786RX39&e=,20050322231311,BZROUPN2UCJLI5GVORRK7X5UNFJWFSBC,,BZROUPN2UCJLI5GVORRK7X5UNFJWFSBC.html
C2PDPE4MSJBE2IRV4MJAO64QAZ7RMY2Q,http://www.bsnpr.com:80/jugador05.asp?r2=462686RWYW&e=CAROLINA,20050321233020,C2PDPE4MSJBE2IRV4MJAO64QAZ7RMY2Q,CAROLINA,C2PDPE4MSJBE2IRV4MJAO64QAZ7RMY2Q.html
C36ZUY24NDXRQ2PR5DYKXYXEIOSJGIYY,http://www.bsnpr.com:80/jugador05.asp?r=xxx&r2=462676RWYE&e=BAYAMON,20050414064720,C36ZUY24NDXRQ2PR5DYKXYXEIOSJGIYY,BAYAMON,C36ZUY24NDXRQ2PR5DYKXYXEIOSJGIYY.html
C7FESFZSL7Y2I5XYRPKRD3ZBMNPOIBCC,http://www.bsnpr.com:80/jugador05.asp?r2=QCVRXUMZKI&e=COAMO,20050321232950,C7FESFZSL7Y2I5XYRPKRD3ZBMNPOIBCC,COAMO,C7FESFZSL7Y2I5XYRPKRD3ZBMNPOIBCC.html
CBAVR33OMMY23FFEPWYRA7NMVDOX4MQN,http://www.bsnpr.com:80/jugador05.asp?r=xxx&r2=462676RWY7&e=,20050322103547,CBAVR33OMMY23FFEPWYRA7NMVDOX4MQN,,CBAVR33OMMY23FFEPWYRA7NMVDOX4MQN.html
CCINUREJ2E3F2ZWF27WHTIJSXSDRPIQZ,http://www.bsnpr.com:80/jugador05.asp?r=xxx&r2=462676RWYE&e=,20050322103038,CCINUREJ2E3F2ZWF27WHTIJSXSDRPIQZ,,CCINUREJ2E3F2ZWF27WHTIJSXSDRPIQZ.html
CEVWOMUDAJ7FEWD5QWA6NMF2CKCRBKWR,http://www.bsnpr.com:80/jugador05.asp?r=xxx&r2=462686RWYQ&e=CAGUAS,20050414064808,CEVWOMUDAJ7FEWD5QWA6NMF2CKCRBKWR,CAGUAS,CEVWOMUDAJ7FEWD5QWA6NMF2CKCRBKWR.html
CGJCHNUMZGCM2AU6PC5CNV6QM3IB2JQF,http://www.bsnpr.com/jugador05.asp?r=xxx&r2=SDSYGKXYYO&e=ISABELA,20061119235046,CGJCHNUMZGCM2AU6PC5CNV6QM3IB2JQF,ISABELA,CGJCHNUMZGCM2AU6PC5CNV6QM3IB2JQF.html
CJEMM4M7TRJ6HZTI5NPEGHZGZOUADHPM,http://www.bsnpr.com:80/jugador05.asp?r=xxx&r2=VNVDFVOFKE&e=CAYEY,20050909183607,CJEMM4M7TRJ6HZTI5NPEGHZGZOUADHPM,CAYEY,CJEMM4M7TRJ6HZTI5NPEGHZGZOUADHPM.html
CJHGMARUFIU2PATJJ3WRFTMGZOOTROCJ,http://www.bsnpr.com:80/jugador05.asp?r=xxx&r2=462726RX0P&e=,20050322103619,CJHGMARUFIU2PATJJ3WRFTMGZOOTROCJ,,CJHGMARUFIU2PATJJ3WRFTMGZOOTROCJ.html
CK7XKM2W6YCCIGIPUWBYVAQPWLVA62RL,http://www.bsnpr.com/jugador05.asp?r=xxx&r2=TEEZXCWXHP&e=ARECIBO,20061119234105,CK7XKM2W6YCCIGIPUWBYVAQPWLVA62RL,ARECIBO,CK7XKM2W6YCCIGIPUWBYVAQPWLVA62RL.html
CKGIFS4R7H534EAF24TARSDB42G6EKB7,http://www.bsnpr.com:80/jugador05.asp?r=xxx&r2=462746RX1F&e=ARECIBO,20050414064656,CKGIFS4R7H534EAF24TARSDB42G6EKB7,ARECIBO,CKGIFS4R7H534EAF24TARSDB42G6EKB7.html
CKMS54EX4LL7J55KSITXGKT2HDYLQJAR,http://www.bsnpr.com:80/jugador05.asp?r=xxx&r2=462726RX0Q&e=BAYAMON,20050912113303,CKMS54EX4LL7J55KSITXGKT2HDYLQJAR,BAYAMON,CKMS54EX4LL7J55KSITXGKT2HDYLQJAR.html
CLC7OWXAQ32XSXQCUO37WFVRTVXKG4X5,http://www.bsnpr.com:80/jugador05.asp?r=xxx&r2=462756RX1S&e=PONCE,20050414064704,CLC7OWXAQ32XSXQCUO37WFVRTVXKG4X5,PONCE,CLC7OWXAQ32XSXQCUO37WFVRTVXKG4X5.html
CLLUZHL6KMCVRUR2LJZLM7WJTQK56J35,http://www.bsnpr.com:80/jugador05.asp?r=xxx&r2=462796RX3O&e=SANTURCE,20050905232325,CLLUZHL6KMCVRUR2LJZLM7WJTQK56J35,SANTURCE,CLLUZHL6KMCVRUR2LJZLM7WJTQK56J35.html
CMYIZUAYQFKUN3CKJMDK5SOXOBLEHWCJ,http://www.bsnpr.com/jugador05.asp?r=xxx&r2=QCVRXUMZKI&e=MAYAGUEZ,20061119234225,CMYIZUAYQFKUN3CKJMDK5SOXOBLEHWCJ,MAYAGUEZ,CMYIZUAYQFKUN3CKJMDK5SOXOBLEHWCJ.html
CO5IRM633HMUYPTMKRCYR6KNUCK4VGZG,http://www.bsnpr.com:80/jugador05.asp?r=xxx&r2=462716RX05&e=,20050322103632,CO5IRM633HMUYPTMKRCYR6KNUCK4VGZG,,CO5IRM633HMUYPTMKRCYR6KNUCK4VGZG.html
CPFCW72I64MKMQEBMKOZXHNSFEYXZCLB,http://www.bsnpr.com/jugador05.asp?r=xxx&r2=462666RWXR&e=ARECIBO,20061119234055,CPFCW72I64MKMQEBMKOZXHNSFEYXZCLB,ARECIBO,CPFCW72I64MKMQEBMKOZXHNSFEYXZCLB.html
CW3EWZLOER3V24N6J2EIYJOSFIDSZRYQ,http://www.bsnpr.com/jugador05.asp?r=xxx&r2=MZVWRLQGJV&e=QUEBRADILLAS,20061119234636,CW3EWZLOER3V24N6J2EIYJOSFIDSZRYQ,QUEBRADILLAS,CW3EWZLOER3V24N6J2EIYJOSFIDSZRYQ.html
CXTEKR3Q5G7BBGQOPSTZPNSJYHCGQM7N,http://www.bsnpr.com/jugador05.asp?r=xxx&r2=NXZNFEPSXU&e=CAGUAS,20061119235132,CXTEKR3Q5G7BBGQOPSTZPNSJYHCGQM7N,CAGUAS,CXTEKR3Q5G7BBGQOPSTZPNSJYHCGQM7N.html
D333RO22RHLCNUZWW6U7WLTRLV4PYWQ4,http://www.bsnpr.com/jugador05.asp?r=xxx&r2=462666RWXV&e=ARECIBO,20061119235715,D333RO22RHLCNUZWW6U7WLTRLV4PYWQ4,ARECIBO,D333RO22RHLCNUZWW6U7WLTRLV4PYWQ4.html
D4OVXGAXA2R3PTVFFGYED2PVD6BSZHDO,http://www.bsnpr.com:80/jugador05.asp?r=xxx&r2=QCVRXUMZKI&e=MAYAGUEZ,20050908012433,D4OVXGAXA2R3PTVFFGYED2PVD6BSZHDO,MAYAGUEZ,D4OVXGAXA2R3PTVFFGYED2PVD6BSZHDO.html
D5GKP5AAV4SEYEPPLOKMR7BKLGKC547W,http://www.bsnpr.com/jugador05.asp?r=xxx&r2=COSEXFABFV&e=MAYAGUEZ,20061119234712,D5GKP5AAV4SEYEPPLOKMR7BKLGKC547W,MAYAGUEZ,D5GKP5AAV4SEYEPPLOKMR7BKLGKC547W.html
D7WCOYDSFXI4GLNYQFXREPPH4Z5IBAIS,http://www.bsnpr.com:80/jugador05.asp?r=xxx&r2=462686RWYZ&e=,20050322102857,D7WCOYDSFXI4GLNYQFXREPPH4Z5IBAIS,,D7WCOYDSFXI4GLNYQFXREPPH4Z5IBAIS.html
DAMYIX6NT7U3YFLYSXVGCH2PK7KKUJFJ,http://www.bsnpr.com:80/jugador05.asp?r=xxx&r2=462736RX11&e=MAYAGUEZ,20050414065100,DAMYIX6NT7U3YFLYSXVGCH2PK7KKUJFJ,MAYAGUEZ,DAMYIX6NT7U3YFLYSXVGCH2PK7KKUJFJ.html
DBDK6ZFJGDVU3A26HY4K7RWLMW3U3TD6,http://www.bsnpr.com/jugador05.asp?r=xxx&r2=RFQUYLDBBQ&e=CAYEY,20061119234010,DBDK6ZFJGDVU3A26HY4K7RWLMW3U3TD6,CAYEY,DBDK6ZFJGDVU3A26HY4K7RWLMW3U3TD6.html
DEYCHD7XAV66FBNRGB4HAEJCU5UQRJHP,http://www.bsnpr.com/jugador05.asp?r=xxx&r2=462776RX2U&e=CAGUAS,20061119235026,DEYCHD7XAV66FBNRGB4HAEJCU5UQRJHP,CAGUAS,DEYCHD7XAV66FBNRGB4HAEJCU5UQRJHP.html
DF4KBYX32LBAHS7AO6GREST3YMANSRY3,http://www.bsnpr.com/jugador05.asp?r=xxx&r2=462776RX2Q&e=QUEBRADILLAS,20061119235357,DF4KBYX32LBAHS7AO6GREST3YMANSRY3,QUEBRADILLAS,DF4KBYX32LBAHS7AO6GREST3YMANSRY3.html
DFPLWSZWRXWGUOELYJI2SR4PHZZGHRQE,http://www.bsnpr.com:80/jugador05.asp?r=xxx&r2=462736RX0R&e=,20050322103144,DFPLWSZWRXWGUOELYJI2SR4PHZZGHRQE,,DFPLWSZWRXWGUOELYJI2SR4PHZZGHRQE.html
DFW7IQ73775YMSX2TMEGNRYC3JUKWWC6,http://www.bsnpr.com:80/jugador05.asp?r2=462706RWZV&e=COAMO,20050321232807,DFW7IQ73775YMSX2TMEGNRYC3JUKWWC6,COAMO,DFW7IQ73775YMSX2TMEGNRYC3JUKWWC6.html
DHVSMLP5GU4B644QNWNJCUEYWCZIWBF6,http://www.bsnpr.com:80/jugador05.asp?r=xxx&r2=462736RX0R&e=ARECIBO,20050908103131,DHVSMLP5GU4B644QNWNJCUEYWCZIWBF6,ARECIBO,DHVSMLP5GU4B644QNWNJCUEYWCZIWBF6.html
DIVYSQCK3MGE7XXUEHIPQE4BFLF7DUTC,http://www.bsnpr.com:80/jugador05.asp?r=xxx&r2=462666RWXU&e=,20050321232546,DIVYSQCK3MGE7XXUEHIPQE4BFLF7DUTC,,DIVYSQCK3MGE7XXUEHIPQE4BFLF7DUTC.html
DJKDMOUE26GUATGWXREBO746BTLOIDAX,http://www.bsnpr.com:80/jugador05.asp?r2=462766RX26&e=ARECIBO,20050321233015,DJKDMOUE26GUATGWXREBO746BTLOIDAX,ARECIBO,DJKDMOUE26GUATGWXREBO746BTLOIDAX.html
DKVFRUTMGZAN5EHNNTY7AC2WYJAKFHLY,http://www.bsnpr.com:80/jugador05.asp?r=xxx&r2=VNRVHEXWCD&e=SANTURCE,20050415172911,DKVFRUTMGZAN5EHNNTY7AC2WYJAKFHLY,SANTURCE,DKVFRUTMGZAN5EHNNTY7AC2WYJAKFHLY.html
DOANE5JKCPAYTGIWPADLHWEATCFC6NDT,http://www.bsnpr.com:80/jugador05.asp?r=xxx&r2=MJPRZLCMZJ&e=,20050322231229,DOANE5JKCPAYTGIWPADLHWEATCFC6NDT,,DOANE5JKCPAYTGIWPADLHWEATCFC6NDT.html
DSECFC3KBJK3I2JK3L54QJF4JFTHXOHB,http://www.bsnpr.com:80/jugador05.asp?r=xxx&r2=462716RX02&e=COAMO,20050414064627,DSECFC3KBJK3I2JK3L54QJF4JFTHXOHB,COAMO,DSECFC3KBJK3I2JK3L54QJF4JFTHXOHB.html
DSU63IG4DDKHPJU7NA4BRA7XTO5VXRRA,http://www.bsnpr.com:80/jugador05.asp?r2=462766RX28&e=PONCE,20050321233337,DSU63IG4DDKHPJU7NA4BRA7XTO5VXRRA,PONCE,DSU63IG4DDKHPJU7NA4BRA7XTO5VXRRA.html
DTENSKCFQMFBU7SMVCYJCHLGMX7VTSVI,http://www.bsnpr.com/jugador05.asp?r=xxx&r2=462756RX20&e=ARECIBO,20061119234706,DTENSKCFQMFBU7SMVCYJCHLGMX7VTSVI,ARECIBO,DTENSKCFQMFBU7SMVCYJCHLGMX7VTSVI.html
DUVLAN24BYOWL4ZNXWM64FF3PZFIL7VN,http://www.bsnpr.com:80/jugador05.asp?r=xxx&r2=UXVQBCKQAR&e=CAROLINA,20050415172903,DUVLAN24BYOWL4ZNXWM64FF3PZFIL7VN,CAROLINA,DUVLAN24BYOWL4ZNXWM64FF3PZFIL7VN.html
DVYZTHFARI6NCHY3EEAEMCQSQR46ITTL,http://www.bsnpr.com:80/jugador05.asp?r=xxx&r2=LCLADCPJBV&e=,20050322230903,DVYZTHFARI6NCHY3EEAEMCQSQR46ITTL,,DVYZTHFARI6NCHY3EEAEMCQSQR46ITTL.html
DWJQOISYMBLL2QDCMN5LPMUK2VUVE33C,http://www.bsnpr.com/jugador05.asp?r=xxx&r2=462786RX39&e=SAN%20GERMAN,20061119234450,DWJQOISYMBLL2QDCMN5LPMUK2VUVE33C,SAN GERMAN,DWJQOISYMBLL2QDCMN5LPMUK2VUVE33C.html
DYNOQ6ANCPCZK6GZBWA5DFIDBYIBRUOC,http://www.bsnpr.com:80/jugador05.asp?r=xxx&r2=462696RWZ4&e=ISABELA,20050414064928,DYNOQ6ANCPCZK6GZBWA5DFIDBYIBRUOC,ISABELA,DYNOQ6ANCPCZK6GZBWA5DFIDBYIBRUOC.html
DYTEIMFOTMYNZXTCJPS3LLZV7MKWURHW,http://www.bsnpr.com:80/jugador05.asp?r=xxx&r2=462706RWZT&e=COAMO,20050414064452,DYTEIMFOTMYNZXTCJPS3LLZV7MKWURHW,COAMO,DYTEIMFOTMYNZXTCJPS3LLZV7MKWURHW.html
E2IQRQX2UW7SQMJJSDKX7CEIOMDJUW4Q,http://www.bsnpr.com:80/jugador05.asp?r=xxx&r2=WCUDOVMNAR&e=QUEBRADILLAS,20050415172935,E2IQRQX2UW7SQMJJSDKX7CEIOMDJUW4Q,QUEBRADILLAS,E2IQRQX2UW7SQMJJSDKX7CEIOMDJUW4Q.html
E2RTTN73VNXALRAYJ2VBUYCQULVHWT4O,http://www.bsnpr.com:80/jugador05.asp?r=xxx&r2=RQHBJHFUYT&e=,20050322231237,E2RTTN73VNXALRAYJ2VBUYCQULVHWT4O,,E2RTTN73VNXALRAYJ2VBUYCQULVHWT4O.html
E3GRC5IEI4GWEJNZWWDLI3KY72YESSTG,http://www.bsnpr.com/jugador05.asp?r=xxx&r2=WCUDOVMNAR&e=QUEBRADILLAS,20061119235042,E3GRC5IEI4GWEJNZWWDLI3KY72YESSTG,QUEBRADILLAS,E3GRC5IEI4GWEJNZWWDLI3KY72YESSTG.html
E74MRYIRUUUED7SZUVAAA6G4N3EYSEJM,http://www.bsnpr.com:80/jugador05.asp?r2=NCATVSVOSZ&e=MAYAGUEZ,20050326204835,E74MRYIRUUUED7SZUVAAA6G4N3EYSEJM,MAYAGUEZ,E74MRYIRUUUED7SZUVAAA6G4N3EYSEJM.html
EAFX57EF4BYBLUXUIN7PXMKAM72HFD33,http://www.bsnpr.com:80/jugador05.asp?r=xxx&r2=462766RX26&e=,20050322103719,EAFX57EF4BYBLUXUIN7PXMKAM72HFD33,,EAFX57EF4BYBLUXUIN7PXMKAM72HFD33.html
EAY7Z7Q7BBAF5RUPS2SQEBMTNPUSR6JU,http://www.bsnpr.com:80/jugador05.asp?r=xxx&r2=462666RWXR&e=ARECIBO,20050414064940,EAY7Z7Q7BBAF5RUPS2SQEBMTNPUSR6JU,ARECIBO,EAY7Z7Q7BBAF5RUPS2SQEBMTNPUSR6JU.html
EGQ7HPT4F3V5MX755LKRBXOKCNCXDKVV,http://www.bsnpr.com/jugador05.asp?r=xxx&r2=462746RX16&e=ARECIBO,20061119234805,EGQ7HPT4F3V5MX755LKRBXOKCNCXDKVV,ARECIBO,EGQ7HPT4F3V5MX755LKRBXOKCNCXDKVV.html
EHVDF6Z3IQXYAHZNVJU73AJH5VSWRCVF,http://www.bsnpr.com/jugador05.asp?r=xxx&r2=462726RX0F&e=QUEBRADILLAS,20061119234016,EHVDF6Z3IQXYAHZNVJU73AJH5VSWRCVF,QUEBRADILLAS,EHVDF6Z3IQXYAHZNVJU73AJH5VSWRCVF.html
ELFH33SQDWZILTUI6GJSTTID3K5R7GH7,http://www.bsnpr.com:80/jugador05.asp?r=xxx&r2=462696RWZ9&e=ISABELA,20050414064547,ELFH33SQDWZILTUI6GJSTTID3K5R7GH7,ISABELA,ELFH33SQDWZILTUI6GJSTTID3K5R7GH7.html
EN2T5OQ2XFUQUXMGLZTPQMIQP6ZGDRSD,http://www.bsnpr.com/jugador05.asp?r=xxx&r2=462696RWZA&e=SAN%20GERMAN,20061119235156,EN2T5OQ2XFUQUXMGLZTPQMIQP6ZGDRSD,SAN GERMAN,EN2T5OQ2XFUQUXMGLZTPQMIQP6ZGDRSD.html
ENM6C6YILXXZQZCZ63I3NMWT265PCQRY,http://www.bsnpr.com:80/jugador05.asp?r=xxx&r2=462666RWY3&e=BAYAMON,20050414064920,ENM6C6YILXXZQZCZ63I3NMWT265PCQRY,BAYAMON,ENM6C6YILXXZQZCZ63I3NMWT265PCQRY.html
EO7QZMUSHN4VN3Y3BMXVAGHTS43RSLVA,http://www.bsnpr.com:80/jugador05.asp?r=xxx&r2=462666RWXU&e=ARECIBO,20050414064844,EO7QZMUSHN4VN3Y3BMXVAGHTS43RSLVA,ARECIBO,EO7QZMUSHN4VN3Y3BMXVAGHTS43RSLVA.html
EOCYZYTDKAY2PZQWYOR6V6LPKZP5Q5CC,http://www.bsnpr.com:80/jugador05.asp?r2=EIPBMRZZXC&e=SANTURCE,20050321233345,EOCYZYTDKAY2PZQWYOR6V6LPKZP5Q5CC,SANTURCE,EOCYZYTDKAY2PZQWYOR6V6LPKZP5Q5CC.html
EQHBXJP34WVEZ4K7ZXSSHWJUCVMGYFOF,http://www.bsnpr.com/jugador05.asp?r=xxx&r2=APGOREFZVT&e=CAYEY,20061119234817,EQHBXJP34WVEZ4K7ZXSSHWJUCVMGYFOF,CAYEY,EQHBXJP34WVEZ4K7ZXSSHWJUCVMGYFOF.html
ERFS26B6BUSB37UKK6RCRGMCYQBCRWLY,http://www.bsnpr.com:80/jugador05.asp?r2=TLRPRTYNXO&e=PONCE,20050321233020,ERFS26B6BUSB37UKK6RCRGMCYQBCRWLY,PONCE,ERFS26B6BUSB37UKK6RCRGMCYQBCRWLY.html
ERXKVWEG5VPOLW25C3TRZCHMSNYTCWD6,http://www.bsnpr.com/jugador05.asp?r=xxx&r2=462676RWYB&e=SAN%20GERMAN,20061119234427,ERXKVWEG5VPOLW25C3TRZCHMSNYTCWD6,SAN GERMAN,ERXKVWEG5VPOLW25C3TRZCHMSNYTCWD6.html
ETMF5TAFXCVBWNTFSAF6SEYPFXKZ3MQY,http://www.bsnpr.com/jugador05.asp?r=xxx&r2=VUWFEZRURI&e=CAYEY,20061119235821,ETMF5TAFXCVBWNTFSAF6SEYPFXKZ3MQY,CAYEY,ETMF5TAFXCVBWNTFSAF6SEYPFXKZ3MQY.html
EUKWPEZ277NYZZAIVHBFVAWVZKWGZYLQ,http://www.bsnpr.com:80/jugador05.asp?r=xxx&r2=462756RX1P&e=CAYEY,20050414064715,EUKWPEZ277NYZZAIVHBFVAWVZKWGZYLQ,CAYEY,EUKWPEZ277NYZZAIVHBFVAWVZKWGZYLQ.html
EYO7DMFJ3VOHM3PG764DEOBWD3SF7BEA,http://www.bsnpr.com:80/jugador05.asp?r=xxx&r2=462736RX0Z&e=BAYAMON,20050913032439,EYO7DMFJ3VOHM3PG764DEOBWD3SF7BEA,BAYAMON,EYO7DMFJ3VOHM3PG764DEOBWD3SF7BEA.html
EYYW6ERDAJ7P7TG4DHROCCT6XXE5LBSY,http://www.bsnpr.com:80/jugador05.asp?r=xxx&r2=462796RX3O&e=SANTURCE,20050414065124,EYYW6ERDAJ7P7TG4DHROCCT6XXE5LBSY,SANTURCE,EYYW6ERDAJ7P7TG4DHROCCT6XXE5LBSY.html
F26T3CUKQ2KF54BYWI2SVWSVJFDGLOPZ,http://www.bsnpr.com:80/jugador05.asp?r2=462786RX37&e=MAYAGUEZ,20050326204941,F26T3CUKQ2KF54BYWI2SVWSVJFDGLOPZ,MAYAGUEZ,F26T3CUKQ2KF54BYWI2SVWSVJFDGLOPZ.html
F3JJTM3ETOIMLFT33RKMN23ZIIWL3BB3,http://www.bsnpr.com/jugador05.asp?r=xxx&r2=462726RX0H&e=CAYEY,20061119235340,F3JJTM3ETOIMLFT33RKMN23ZIIWL3BB3,CAYEY,F3JJTM3ETOIMLFT33RKMN23ZIIWL3BB3.html
F3TBGAC33X6MY6JU5C4N5543COTSKJEB,http://www.bsnpr.com:80/jugador05.asp?r=xxx&r2=TLRPRTYNXO&e=,20050322231047,F3TBGAC33X6MY6JU5C4N5543COTSKJEB,,F3TBGAC33X6MY6JU5C4N5543COTSKJEB.html
F5GH3NEYAO3LAOYKDMXZXJK4OBG7XNI7,http://www.bsnpr.com:80/jugador05.asp?r2=462746RX1L&e=PONCE,20050321233208,F5GH3NEYAO3LAOYKDMXZXJK4OBG7XNI7,PONCE,F5GH3NEYAO3LAOYKDMXZXJK4OBG7XNI7.html
F6PIMKEWISKC4RABWYOIDDR33ASCZG3O,http://www.bsnpr.com:80/jugador05.asp?r=xxx&r2=462796RX3L&e=,20050322231133,F6PIMKEWISKC4RABWYOIDDR33ASCZG3O,,F6PIMKEWISKC4RABWYOIDDR33ASCZG3O.html
F7BRTFVOGBOS454DFEXRHICALG6XOIUD,http://www.bsnpr.com:80/jugador05.asp?r2=OLQUXXXGVB&e=PONCE,20050321233425,F7BRTFVOGBOS454DFEXRHICALG6XOIUD,PONCE,F7BRTFVOGBOS454DFEXRHICALG6XOIUD.html
F7VUPWJHTRVIUNXBDEIHMSTUV4REZGOF,http://www.bsnpr.com:80/jugador05.asp?r2=VFKKIUTCCX&e=COAMO,20050321233451,F7VUPWJHTRVIUNXBDEIHMSTUV4REZGOF,COAMO,F7VUPWJHTRVIUNXBDEIHMSTUV4REZGOF.html
F7VWCN3MM754NX6W3NAYGXCXTKYJ3FGF,http://www.bsnpr.com:80/jugador05.asp?r=xxx&r2=462736RX0R&e=ARECIBO,20050414065016,F7VWCN3MM754NX6W3NAYGXCXTKYJ3FGF,ARECIBO,F7VWCN3MM754NX6W3NAYGXCXTKYJ3FGF.html
FAB75MY6J6NESN47KPZC656PTHVEVWE5,http://www.bsnpr.com:80/jugador05.asp?r=xxx&r2=462676RWYH&e=CAGUAS,20050414064852,FAB75MY6J6NESN47KPZC656PTHVEVWE5,CAGUAS,FAB75MY6J6NESN47KPZC656PTHVEVWE5.html
FBPZUDNBEIARM7YBE7QIJQ6FNDCR7ZVR,http://www.bsnpr.com:80/jugador05.asp?r=xxx&r2=462766RX2A&e=,20050322103542,FBPZUDNBEIARM7YBE7QIJQ6FNDCR7ZVR,,FBPZUDNBEIARM7YBE7QIJQ6FNDCR7ZVR.html
FDPIQMQ5BBTJ4C262AJNLHNOEEP6LQ2E,http://www.bsnpr.com:80/jugador05.asp?r=xxx&r2=GPJZCWMDJH&e=ISABELA,20050415172727,FDPIQMQ5BBTJ4C262AJNLHNOEEP6LQ2E,ISABELA,FDPIQMQ5BBTJ4C262AJNLHNOEEP6LQ2E.html
FDQHOOKLKFKZ45MSHXBLLFXR7TXLTLU2,http://www.bsnpr.com:80/jugador05.asp?r=xxx&r2=462706RWZV&e=,20050322102923,FDQHOOKLKFKZ45MSHXBLLFXR7TXLTLU2,,FDQHOOKLKFKZ45MSHXBLLFXR7TXLTLU2.html
FFAQBVZT6G6PLT2ZLHG644ORUDGXM2JL,http://www.bsnpr.com/jugador05.asp?r=xxx&r2=462736RX0S&e=BAYAMON,20061119235217,FFAQBVZT6G6PLT2ZLHG644ORUDGXM2JL,BAYAMON,FFAQBVZT6G6PLT2ZLHG644ORUDGXM2JL.html
FGIH3JYB32C35B55SMSQNRMTA3GTL3X7,http://www.bsnpr.com:80/jugador05.asp?r=xxx&r2=462756RX1V&e=PONCE,20050414065003,FGIH3JYB32C35B55SMSQNRMTA3GTL3X7,PONCE,FGIH3JYB32C35B55SMSQNRMTA3GTL3X7.html
FJVZMUZEQNWSJE6RHWHNXYZZAIGECINH,http://www.bsnpr.com:80/jugador05.asp?r2=462776RX2X&e=ARECIBO,20050321232647,FJVZMUZEQNWSJE6RHWHNXYZZAIGECINH,ARECIBO,FJVZMUZEQNWSJE6RHWHNXYZZAIGECINH.html
FLDCC6ZGD7NHKQHKSOM5WMBIOE2S6YJS,http://www.bsnpr.com:80/jugador05.asp?r=xxx&r2=462696RWZ6&e=,20050322103102,FLDCC6ZGD7NHKQHKSOM5WMBIOE2S6YJS,,FLDCC6ZGD7NHKQHKSOM5WMBIOE2S6YJS.html
FNXEUCYFN5IALYTPIKSHEZ33TUE4LFWT,http://www.bsnpr.com:80/jugador05.asp?r=xxx&r2=462766RX27&e=,20050322102608,FNXEUCYFN5IALYTPIKSHEZ33TUE4LFWT,,FNXEUCYFN5IALYTPIKSHEZ33TUE4LFWT.html
FO7SAXZU2OYXE42VN2K75MP3OMFVQGBZ,http://www.bsnpr.com:80/jugador05.asp?r=xxx&r2=462706RWZX&e=CAROLINA,20050414065055,FO7SAXZU2OYXE42VN2K75MP3OMFVQGBZ,CAROLINA,FO7SAXZU2OYXE42VN2K75MP3OMFVQGBZ.html
FRLBQXW7E4CB6ZJTKTIRSPMTN3J4AHD5,http://www.bsnpr.com:80/jugador05.asp?r=xxx&r2=PVUKUVMQOM&e=,20050322230652,FRLBQXW7E4CB6ZJTKTIRSPMTN3J4AHD5,,FRLBQXW7E4CB6ZJTKTIRSPMTN3J4AHD5.html
FS6X4OVI77IRP6SC2NNFYAHMFPY5FVCX,http://www.bsnpr.com:80/jugador05.asp?r=xxx&r2=462766RX2B&e=QUEBRADILLAS,20050414065224,FS6X4OVI77IRP6SC2NNFYAHMFPY5FVCX,QUEBRADILLAS,FS6X4OVI77IRP6SC2NNFYAHMFPY5FVCX.html
FTX5Z4IHQBHVDV4GBLAC5NYQJSCYOMBJ,http://www.bsnpr.com:80/jugador05.asp?r=xxx&r2=462696RWZA&e=SAN+GERMAN,20050914031839,FTX5Z4IHQBHVDV4GBLAC5NYQJSCYOMBJ,SAN GERMAN,FTX5Z4IHQBHVDV4GBLAC5NYQJSCYOMBJ.html
FW7JF4HI4RP5UD5PJCVJBI37KLIV3K4E,http://www.bsnpr.com/jugador05.asp?r=xxx&r2=XVBVQZAAGU&e=BAYAMON,20061119235335,FW7JF4HI4RP5UD5PJCVJBI37KLIV3K4E,BAYAMON,FW7JF4HI4RP5UD5PJCVJBI37KLIV3K4E.html
FYE6EAYKLXFM7PQKULQLAJ4ABQ2GH2Q4,http://www.bsnpr.com:80/jugador05.asp?r=xxx&r2=462656RWXM&e=,20050321233159,FYE6EAYKLXFM7PQKULQLAJ4ABQ2GH2Q4,,FYE6EAYKLXFM7PQKULQLAJ4ABQ2GH2Q4.html
G2H2DVZKZKNEM5VPPNOU6NOSBGT5CT24,http://www.bsnpr.com:80/jugador05.asp?r2=462666RWY3&e=BAYAMON,20050321040716,G2H2DVZKZKNEM5VPPNOU6NOSBGT5CT24,BAYAMON,G2H2DVZKZKNEM5VPPNOU6NOSBGT5CT24.html
G53YOCAD37SXDF3Z5UNY4OWCZXU6FPN3,http://www.bsnpr.com/jugador05.asp?r=xxx&r2=NCATVSVOSZ&e=MAYAGUEZ,20061119235150,G53YOCAD37SXDF3Z5UNY4OWCZXU6FPN3,MAYAGUEZ,G53YOCAD37SXDF3Z5UNY4OWCZXU6FPN3.html
G5QSKXWUB6KMBE5EAJ7OKIHPI5ZTGGRD,http://www.bsnpr.com:80/jugador05.asp?r=xxx&r2=SDSYGKXYYO&e=,20050322230853,G5QSKXWUB6KMBE5EAJ7OKIHPI5ZTGGRD,,G5QSKXWUB6KMBE5EAJ7OKIHPI5ZTGGRD.html
GA6WL3CEFUAYCCK6Z4XZDHSMGXFNNJUQ,http://www.bsnpr.com:80/jugador05.asp?r2=462716RX05&e=COAMO,20050321233210,GA6WL3CEFUAYCCK6Z4XZDHSMGXFNNJUQ,COAMO,GA6WL3CEFUAYCCK6Z4XZDHSMGXFNNJUQ.html
GDKPHSQ3UUEQ2YFLKHYKARCQCNQX7LMO,http://www.bsnpr.com:80/jugador05.asp?r=xxx&r2=462786RX35&e=,20050322230600,GDKPHSQ3UUEQ2YFLKHYKARCQCNQX7LMO,,GDKPHSQ3UUEQ2YFLKHYKARCQCNQX7LMO.html
GEV3GNNGS7TUXV44SPZII4R6R5QMERTT,http://www.bsnpr.com:80/jugador05.asp?r=xxx&r2=MZVWRLQGJV&e=,20050322230926,GEV3GNNGS7TUXV44SPZII4R6R5QMERTT,,GEV3GNNGS7TUXV44SPZII4R6R5QMERTT.html
GGXP4NPKR6PPODCMTARG6PQLB5E4XDFX,http://www.bsnpr.com:80/jugador05.asp?r=xxx&r2=462796RX3N&e=SANTURCE,20050414065119,GGXP4NPKR6PPODCMTARG6PQLB5E4XDFX,SANTURCE,GGXP4NPKR6PPODCMTARG6PQLB5E4XDFX.html
GGYYSOGOO77CX4FMZXNIFOEBTN75VOJI,http://www.bsnpr.com:80/jugador05.asp?r=xxx&r2=462656RWXM&e=ARECIBO,20050905150921,GGYYSOGOO77CX4FMZXNIFOEBTN75VOJI,ARECIBO,GGYYSOGOO77CX4FMZXNIFOEBTN75VOJI.html
GH2J2DLSKRLWG2Z42OD3IHXFJAO5HITC,http://www.bsnpr.com/jugador05.asp?r=xxx&r2=462726RX0N&e=ISABELA,20061119234328,GH2J2DLSKRLWG2Z42OD3IHXFJAO5HITC,ISABELA,GH2J2DLSKRLWG2Z42OD3IHXFJAO5HITC.html
GI7S6WXFRRBQITMB2S7V32B5GOEZUSWZ,http://www.bsnpr.com:80/jugador05.asp?r2=462726RX0Q&e=BAYAMON,20050321233458,GI7S6WXFRRBQITMB2S7V32B5GOEZUSWZ,BAYAMON,GI7S6WXFRRBQITMB2S7V32B5GOEZUSWZ.html
GJ7GADG4ISTLLJ22JN2MNFH6YZA66HO2,http://www.bsnpr.com:80/jugador05.asp?r=xxx&r2=462776RX2X&e=ARECIBO,20050414065044,GJ7GADG4ISTLLJ22JN2MNFH6YZA66HO2,ARECIBO,GJ7GADG4ISTLLJ22JN2MNFH6YZA66HO2.html
GKW25IVP5BODR3UT7KVBZIBJ7622RNBD,http://www.bsnpr.com:80/jugador05.asp?r=xxx&r2=FEIBBITGCL&e=,20050322231350,GKW25IVP5BODR3UT7KVBZIBJ7622RNBD,,GKW25IVP5BODR3UT7KVBZIBJ7622RNBD.html
GNC4TCTAMUBMABYQ65GQQBHISWVPD5DD,http://www.bsnpr.com:80/jugador05.asp?r=xxx&r2=462736RX10&e=,20050322103402,GNC4TCTAMUBMABYQ65GQQBHISWVPD5DD,,GNC4TCTAMUBMABYQ65GQQBHISWVPD5DD.html
GRF46HSM2V63U7GSWX3LS65SVC6YBV3T,http://www.bsnpr.com/jugador05.asp?r=xxx&r2=462676RWYG&e=BAYAMON,20061119234212,GRF46HSM2V63U7GSWX3LS65SVC6YBV3T,BAYAMON,GRF46HSM2V63U7GSWX3LS65SVC6YBV3T.html
GRKEVBJL2QJDCGBUDB43D5VIWT26AENK,http://www.bsnpr.com/jugador05.asp?r=xxx&r2=462666RWY2&e=BAYAMON,20061119235312,GRKEVBJL2QJDCGBUDB43D5VIWT26AENK,BAYAMON,GRKEVBJL2QJDCGBUDB43D5VIWT26AENK.html
GSZKXHN4C6KGQ6FFV5FQ6Y576RYFQXWH,http://www.bsnpr.com:80/jugador05.asp?r2=462746RX16&e=ARECIBO,20050321233233,GSZKXHN4C6KGQ6FFV5FQ6Y576RYFQXWH,ARECIBO,GSZKXHN4C6KGQ6FFV5FQ6Y576RYFQXWH.html
GUHS55MYOHKHUNQMUDX6UFNSGLBXG5HB,http://www.bsnpr.com/jugador05.asp?r=xxx&r2=FEIBBITGCL&e=CAROLINA,20061119235454,GUHS55MYOHKHUNQMUDX6UFNSGLBXG5HB,CAROLINA,GUHS55MYOHKHUNQMUDX6UFNSGLBXG5HB.html
GV5PIG6KANYRHBIWMQDPAOHHULF37ZGK,http://www.bsnpr.com:80/jugador05.asp?r=xxx&r2=462726RX0P&e=ISABELA,20050414064944,GV5PIG6KANYRHBIWMQDPAOHHULF37ZGK,ISABELA,GV5PIG6KANYRHBIWMQDPAOHHULF37ZGK.html
GVRR2WZQYWJMYU2ELN6CHH2YFIG5LQ2Z,http://www.bsnpr.com:80/jugador05.asp?r=xxx&r2=MDABMRDBYG&e=,20050322230649,GVRR2WZQYWJMYU2ELN6CHH2YFIG5LQ2Z,,GVRR2WZQYWJMYU2ELN6CHH2YFIG5LQ2Z.html
GXY675JVLR2VSM3YQEAOV3NNDBN3EXNN,http://www.bsnpr.com:80/jugador05.asp?r=xxx&r2=APGOREFZVT&e=CAYEY,20050904200222,GXY675JVLR2VSM3YQEAOV3NNDBN3EXNN,CAYEY,GXY675JVLR2VSM3YQEAOV3NNDBN3EXNN.html
GXZDWTXJQ5JJE6KGYFUJLXAYKEQG3ARQ,http://www.bsnpr.com:80/jugador05.asp?r=xxx&r2=VQWQOZOXGV&e=PONCE,20050415172811,GXZDWTXJQ5JJE6KGYFUJLXAYKEQG3ARQ,PONCE,GXZDWTXJQ5JJE6KGYFUJLXAYKEQG3ARQ.html
GZOOYXX2SBKZBUUOH2WR36THU2RZPUP5,http://www.bsnpr.com/jugador05.asp?r=xxx&r2=462676RWYH&e=CAGUAS,20061119234918,GZOOYXX2SBKZBUUOH2WR36THU2RZPUP5,CAGUAS,GZOOYXX2SBKZBUUOH2WR36THU2RZPUP5.html
H2LV7NFA7MSG6I2JSPK4JV5KPNLNXVJN,http://www.bsnpr.com:80/jugador05.asp?r=xxx&r2=462716RX01&e=CAROLINA,20050414064724,H2LV7NFA7MSG6I2JSPK4JV5KPNLNXVJN,CAROLINA,H2LV7NFA7MSG6I2JSPK4JV5KPNLNXVJN.html
H4HALVHOTB2CBESJD654JFWQRNNHLOFS,http://www.bsnpr.com:80/jugador05.asp?r=xxx&r2=462766RX28&e=,20050322103025,H4HALVHOTB2CBESJD654JFWQRNNHLOFS,,H4HALVHOTB2CBESJD654JFWQRNNHLOFS.html
H5SYJXIYJVPWUXQVKPU6MFMBXHXNMFRE,http://www.bsnpr.com/jugador05.asp?r=xxx&r2=462736RX0U&e=CAYEY,20061119234738,H5SYJXIYJVPWUXQVKPU6MFMBXHXNMFRE,CAYEY,H5SYJXIYJVPWUXQVKPU6MFMBXHXNMFRE.html
H5ZRS2QU4VMNHIUZJTGEAVMIMCYCAHXT,http://www.bsnpr.com/jugador05.asp?r=xxx&r2=462746RX1B&e=ARECIBO,20061119235224,H5ZRS2QU4VMNHIUZJTGEAVMIMCYCAHXT,ARECIBO,H5ZRS2QU4VMNHIUZJTGEAVMIMCYCAHXT.html
HA2OW5CCWKD6PW6J6E333PM4BJLWCEGT,http://www.bsnpr.com:80/jugador05.asp?r=xxx&r2=462666RWY2&e=,20050322103219,HA2OW5CCWKD6PW6J6E333PM4BJLWCEGT,,HA2OW5CCWKD6PW6J6E333PM4BJLWCEGT.html
HBGQPE7JD6ZLR4WCFAQ7J4G7DNHIVQN3,http://www.bsnpr.com:80/jugador05.asp?r=xxx&r2=462666RWXV&e=,20050321233247,HBGQPE7JD6ZLR4WCFAQ7J4G7DNHIVQN3,,HBGQPE7JD6ZLR4WCFAQ7J4G7DNHIVQN3.html
HBKY46GZVLY5J5ZODVIDK5MDW3N7PJ4C,http://www.bsnpr.com:80/jugador05.asp?r=xxx&r2=462786RX37&e=MAYAGUEZ,20050904105931,HBKY46GZVLY5J5ZODVIDK5MDW3N7PJ4C,MAYAGUEZ,HBKY46GZVLY5J5ZODVIDK5MDW3N7PJ4C.html
HBWQ2YOAWUX36S62TFYJZDDBEDY4NWXL,http://www.bsnpr.com:80/jugador05.asp?r=xxx&r2=462766RX28&e=PONCE,20050414064456,HBWQ2YOAWUX36S62TFYJZDDBEDY4NWXL,PONCE,HBWQ2YOAWUX36S62TFYJZDDBEDY4NWXL.html
HC2JDMDUNXH3NB246FTF3D43ODSIQKNB,http://www.bsnpr.com/jugador05.asp?r=xxx&r2=462756RX1T&e=PONCE,20061119235442,HC2JDMDUNXH3NB246FTF3D43ODSIQKNB,PONCE,HC2JDMDUNXH3NB246FTF3D43ODSIQKNB.html
HEBVSPIME3MWSKHEAJ7Z74AZEKMRXJ3C,http://www.bsnpr.com/jugador05.asp?r=xxx&r2=462716RX01&e=CAROLINA,20061119235324,HEBVSPIME3MWSKHEAJ7Z74AZEKMRXJ3C,CAROLINA,HEBVSPIME3MWSKHEAJ7Z74AZEKMRXJ3C.html
HEDI5B7S4LIV4DXKDG7OORQZH6BOTTNY,http://www.bsnpr.com:80/jugador05.asp?r2=462716RX02&e=COAMO,20050321233032,HEDI5B7S4LIV4DXKDG7OORQZH6BOTTNY,COAMO,HEDI5B7S4LIV4DXKDG7OORQZH6BOTTNY.html
HFTMVL6J2IF3HJNMHUWG77XGVRNETLPM,http://www.bsnpr.com:80/jugador05.asp?r=xxx&r2=462666RWXQ&e=,20050321233109,HFTMVL6J2IF3HJNMHUWG77XGVRNETLPM,,HFTMVL6J2IF3HJNMHUWG77XGVRNETLPM.html
HHVBRYHK4INXXZPBMZARHQZBCAZOVMW2,http://www.bsnpr.com/jugador05.asp?r=xxx&r2=462706RWZX&e=CAROLINA,20061119234853,HHVBRYHK4INXXZPBMZARHQZBCAZOVMW2,CAROLINA,HHVBRYHK4INXXZPBMZARHQZBCAZOVMW2.html
HJ7T7EUQFJ6LMEAGGTQBTVVDIWHBO7TF,http://www.bsnpr.com:80/jugador05.asp?r=xxx&r2=462696RWZA&e=SAN+GERMAN,20050414065144,HJ7T7EUQFJ6LMEAGGTQBTVVDIWHBO7TF,SAN GERMAN,HJ7T7EUQFJ6LMEAGGTQBTVVDIWHBO7TF.html
HKKXBRBVRCYDULBJCNOVSLEKKZ7EK2F6,http://www.bsnpr.com/jugador05.asp?r=xxx&r2=VQWQOZOXGV&e=PONCE,20061119235139,HKKXBRBVRCYDULBJCNOVSLEKKZ7EK2F6,PONCE,HKKXBRBVRCYDULBJCNOVSLEKKZ7EK2F6.html
HLF3QBJITSO6PSKRJNKMOKX2GPPHVC5J,http://www.bsnpr.com:80/jugador05.asp?r=xxx&r2=462676RWYC&e=SANTURCE,20050414064432,HLF3QBJITSO6PSKRJNKMOKX2GPPHVC5J,SANTURCE,HLF3QBJITSO6PSKRJNKMOKX2GPPHVC5J.html
HMHZPHAP57OELLPPJQO362NWJV3YQ5O2,http://www.bsnpr.com:80/jugador05.asp?r2=VNRVHEXWCD&e=SANTURCE,20050321232917,HMHZPHAP57OELLPPJQO362NWJV3YQ5O2,SANTURCE,HMHZPHAP57OELLPPJQO362NWJV3YQ5O2.html
HMSQXAI4K625BMSEWDQIZVBQGQMB6KZW,http://www.bsnpr.com:80/jugador05.asp?r2=462726RX0E&e=BAYAMON,20050321233038,HMSQXAI4K625BMSEWDQIZVBQGQMB6KZW,BAYAMON,HMSQXAI4K625BMSEWDQIZVBQGQMB6KZW.html
HOADSIKT5KKNL3SWFUNG5BPHX3RCEQ6F,http://www.bsnpr.com:80/jugador05.asp?r=xxx&r2=LCLADCPJBV&e=CAYEY,20050415172719,HOADSIKT5KKNL3SWFUNG5BPHX3RCEQ6F,CAYEY,HOADSIKT5KKNL3SWFUNG5BPHX3RCEQ6F.html
HPX4J4TA2DUOMCRZCLZRP65CLDVTYETU,http://www.bsnpr.com/jugador05.asp?r=xxx&r2=462776RX2S&e=ISABELA,20061119235905,HPX4J4TA2DUOMCRZCLZRP65CLDVTYETU,ISABELA,HPX4J4TA2DUOMCRZCLZRP65CLDVTYETU.html
HRAWWIBYYZ2LCXJZRYCK3SXFWRUIH4DW,http://www.bsnpr.com:80/jugador05.asp?r=xxx&r2=462666RWXW&e=SAN+GERMAN,20050414064616,HRAWWIBYYZ2LCXJZRYCK3SXFWRUIH4DW,SAN GERMAN,HRAWWIBYYZ2LCXJZRYCK3SXFWRUIH4DW.html
HTA5P3GC7PLATXLZJT6US4DYDT7FF2QX,http://www.bsnpr.com:80/jugador05.asp?r=xxx&r2=IQKNMRYDAC&e=CAROLINA,20050415172851,HTA5P3GC7PLATXLZJT6US4DYDT7FF2QX,CAROLINA,HTA5P3GC7PLATXLZJT6US4DYDT7FF2QX.html
HW3AECTSWXTTEMYLOHDQWQUNFKJRIC27,http://www.bsnpr.com/jugador05.asp?r=xxx&r2=462676RWYF&e=SANTURCE,20061119234718,HW3AECTSWXTTEMYLOHDQWQUNFKJRIC27,SANTURCE,HW3AECTSWXTTEMYLOHDQWQUNFKJRIC27.html
HZXLN44KCLLVLVDR4SYWBH47DAUMNMG6,http://www.bsnpr.com:80/jugador05.asp?r=xxx&r2=462756RX22&e=,20050322102537,HZXLN44KCLLVLVDR4SYWBH47DAUMNMG6,,HZXLN44KCLLVLVDR4SYWBH47DAUMNMG6.html
I236X3WNJNBJHHMGHXPRPT4ARFSPLT55,http://www.bsnpr.com:80/jugador05.asp?r2=FMJCFBIPED&e=COAMO,20050321232906,I236X3WNJNBJHHMGHXPRPT4ARFSPLT55,COAMO,I236X3WNJNBJHHMGHXPRPT4ARFSPLT55.html
I2SEA2AG42I7OYAQATG6X5ZQOWELWCDU,http://www.bsnpr.com:80/jugador05.asp?r=xxx&r2=GPJZCWMDJH&e=,20050322230809,I2SEA2AG42I7OYAQATG6X5ZQOWELWCDU,,I2SEA2AG42I7OYAQATG6X5ZQOWELWCDU.html
I2YUUPX2AITN2C2XHGTJBWZ7HP4WVMOV,http://www.bsnpr.com:80/jugador05.asp?r=xxx&r2=462686RWYM&e=BAYAMON,20050414064623,I2YUUPX2AITN2C2XHGTJBWZ7HP4WVMOV,BAYAMON,I2YUUPX2AITN2C2XHGTJBWZ7HP4WVMOV.html
I4DO4RWEAGCFSYVKA5KKW5S7AQJCN4FC,http://www.bsnpr.com:80/jugador05.asp?r=xxx&r2=462676RWYH&e=,20050322102652,I4DO4RWEAGCFSYVKA5KKW5S7AQJCN4FC,,I4DO4RWEAGCFSYVKA5KKW5S7AQJCN4FC.html
I4XP6TYL6PIVXZ7SHQA2DKQWCWRS4JF3,http://www.bsnpr.com/jugador05.asp?r=xxx&r2=462766RX2B&e=QUEBRADILLAS,20061119234533,I4XP6TYL6PIVXZ7SHQA2DKQWCWRS4JF3,QUEBRADILLAS,I4XP6TYL6PIVXZ7SHQA2DKQWCWRS4JF3.html
IAQLBAGQJCV3C7PDASDJKXABRI5EXU2K,http://www.bsnpr.com:80/jugador05.asp?r=xxx&r2=462746RX1G&e=ISABELA,20050907191115,IAQLBAGQJCV3C7PDASDJKXABRI5EXU2K,ISABELA,IAQLBAGQJCV3C7PDASDJKXABRI5EXU2K.html
IDEIRS2ZLS7AOUNRJLU6XIA2XFPVE7MZ,http://www.bsnpr.com/jugador05.asp?r=xxx&r2=462796RX3N&e=SANTURCE,20061119234749,IDEIRS2ZLS7AOUNRJLU6XIA2XFPVE7MZ,SANTURCE,IDEIRS2ZLS7AOUNRJLU6XIA2XFPVE7MZ.html
IEBKMBHIC2GSDL4YO2OYUCGT3JHCKIQM,http://www.bsnpr.com/jugador05.asp?r=xxx&r2=462746RX1D&e=ISABELA,20061119235016,IEBKMBHIC2GSDL4YO2OYUCGT3JHCKIQM,ISABELA,IEBKMBHIC2GSDL4YO2OYUCGT3JHCKIQM.html
IF6DTNZRYA6D64SHGEFMVIBHMAMUHANI,http://www.bsnpr.com:80/jugador05.asp?r=xxx&r2=462756RX1P&e=,20050322103703,IF6DTNZRYA6D64SHGEFMVIBHMAMUHANI,,IF6DTNZRYA6D64SHGEFMVIBHMAMUHANI.html
IGNCDLADTODP2H7ID7AXPQ4WSOSIM4KX,http://www.bsnpr.com:80/jugador05.asp?r=xxx&r2=462696RWZ4&e=,20050322103420,IGNCDLADTODP2H7ID7AXPQ4WSOSIM4KX,,IGNCDLADTODP2H7ID7AXPQ4WSOSIM4KX.html
IHWG5DVSPFT2XTU7Z7VF7SRIWKZC2MGZ,http://www.bsnpr.com:80/jugador05.asp?r=xxx&r2=462686RWYU&e=,20050322103307,IHWG5DVSPFT2XTU7Z7VF7SRIWKZC2MGZ,,IHWG5DVSPFT2XTU7Z7VF7SRIWKZC2MGZ.html
IIDNYDSAZNVAJQGL37ESRWNYB4G5T7K4,http://www.bsnpr.com:80/jugador05.asp?r2=462686RWYO&e=PONCE,20050321041632,IIDNYDSAZNVAJQGL37ESRWNYB4G5T7K4,PONCE,IIDNYDSAZNVAJQGL37ESRWNYB4G5T7K4.html
IJ6FE33UJVQ574NPLDFZXU4ZME56CLDO,http://www.bsnpr.com:80/jugador05.asp?r2=462726RX0D&e=CAROLINA,20050321232651,IJ6FE33UJVQ574NPLDFZXU4ZME56CLDO,CAROLINA,IJ6FE33UJVQ574NPLDFZXU4ZME56CLDO.html
IJAE35DOJYL3QYBHFSBK2OZOQRHCSLYN,http://www.bsnpr.com:80/jugador05.asp?r=xxx&r2=462706RWZX&e=CAROLINA,20050907015319,IJAE35DOJYL3QYBHFSBK2OZOQRHCSLYN,CAROLINA,IJAE35DOJYL3QYBHFSBK2OZOQRHCSLYN.html
IJSM7JVHILMBKUMQUPATBPBZX7VOCSZA,http://www.bsnpr.com:80/jugador05.asp?r=xxx&r2=TLRPRTYNXO&e=PONCE,20050905112840,IJSM7JVHILMBKUMQUPATBPBZX7VOCSZA,PONCE,IJSM7JVHILMBKUMQUPATBPBZX7VOCSZA.html
IKTYOVYFC5CP4LE7V7V7WYCNN5ZUOEEF,http://www.bsnpr.com:80/jugador05.asp?r=xxx&r2=462706RWZM&e=,20050322102531,IKTYOVYFC5CP4LE7V7V7WYCNN5ZUOEEF,,IKTYOVYFC5CP4LE7V7V7WYCNN5ZUOEEF.html
ILVKWTZWRFQARJPJMJCPO2SFXAC3KSF4,http://www.bsnpr.com:80/jugador05.asp?r2=462706RWZQ&e=ARECIBO,20050321232528,ILVKWTZWRFQARJPJMJCPO2SFXAC3KSF4,ARECIBO,ILVKWTZWRFQARJPJMJCPO2SFXAC3KSF4.html
ILZSI77E7CHZGD2X3MYRPZWDSROHBTFJ,http://www.bsnpr.com:80/jugador05.asp?r=xxx&r2=462686RWYZ&e=CAGUAS,20050414064744,ILZSI77E7CHZGD2X3MYRPZWDSROHBTFJ,CAGUAS,ILZSI77E7CHZGD2X3MYRPZWDSROHBTFJ.html
IOPO72Q5PXSSBOSRZHQYQIS25NMHM3KS,http://www.bsnpr.com:80/jugador05.asp?r=xxx&r2=WCUDOVMNAR&e=,20050322231445,IOPO72Q5PXSSBOSRZHQYQIS25NMHM3KS,,IOPO72Q5PXSSBOSRZHQYQIS25NMHM3KS.html
IRBKCCHY5PO2U2RF4SAOCL2AQEM3WPLY,http://www.bsnpr.com:80/jugador05.asp?r2=462736RX12&e=ARECIBO,20050321233007,IRBKCCHY5PO2U2RF4SAOCL2AQEM3WPLY,ARECIBO,IRBKCCHY5PO2U2RF4SAOCL2AQEM3WPLY.html
ISUTTB3BAGXNP5MLXSKYW5GX5PCVTIRR,http://www.bsnpr.com/jugador05.asp?r=xxx&r2=462686RWYP&e=CAGUAS,20061119235636,ISUTTB3BAGXNP5MLXSKYW5GX5PCVTIRR,CAGUAS,ISUTTB3BAGXNP5MLXSKYW5GX5PCVTIRR.html
ITHSEN5V57CUUHBXNOWGQ4COGJP6YXJD,http://www.bsnpr.com/jugador05.asp?r=xxx&r2=462786RX37&e=MAYAGUEZ,20061119233901,ITHSEN5V57CUUHBXNOWGQ4COGJP6YXJD,MAYAGUEZ,ITHSEN5V57CUUHBXNOWGQ4COGJP6YXJD.html
IW7XBEBMD3VVNN6MFJH3UXJ6NWS55B6L,http://www.bsnpr.com:80/jugador05.asp?r2=462756RX1T&e=PONCE,20050321232810,IW7XBEBMD3VVNN6MFJH3UXJ6NWS55B6L,PONCE,IW7XBEBMD3VVNN6MFJH3UXJ6NWS55B6L.html
IWYRZWBIDFER7AZRATVZUT55N2O7APWQ,http://www.bsnpr.com:80/jugador05.asp?r=xxx&r2=VQWQOZOXGV&e=,20050322231437,IWYRZWBIDFER7AZRATVZUT55N2O7APWQ,,IWYRZWBIDFER7AZRATVZUT55N2O7APWQ.html
J423SGDTUHOS4NEF7KZHKLVP3TGV3LKP,http://www.bsnpr.com/jugador05.asp?r=xxx&r2=462666RWY3&e=BAYAMON,20061119235513,J423SGDTUHOS4NEF7KZHKLVP3TGV3LKP,BAYAMON,J423SGDTUHOS4NEF7KZHKLVP3TGV3LKP.html
J4DAOOKVSFIJITM4B4NLJ43V22AIHE25,http://www.bsnpr.com:80/jugador05.asp?r2=PVUKUVMQOM&e=PONCE,20050321232738,J4DAOOKVSFIJITM4B4NLJ43V22AIHE25,PONCE,J4DAOOKVSFIJITM4B4NLJ43V22AIHE25.html
J6RXALC43A4OP4IPDB3OBNYXTZFJ7AQ7,http://www.bsnpr.com:80/jugador05.asp?r=xxx&r2=462786RX36&e=SAN+GERMAN,20050414065204,J6RXALC43A4OP4IPDB3OBNYXTZFJ7AQ7,SAN GERMAN,J6RXALC43A4OP4IPDB3OBNYXTZFJ7AQ7.html
JBBFET7RSNLDKOANESJWO3UAPW3IAXO7,http://www.bsnpr.com:80/jugador05.asp?r=xxx&r2=462766RX26&e=ARECIBO,20050911023458,JBBFET7RSNLDKOANESJWO3UAPW3IAXO7,ARECIBO,JBBFET7RSNLDKOANESJWO3UAPW3IAXO7.html
JCAKVDAW55U5V5HOZEDRBPP3QGYTFNUU,http://www.bsnpr.com:80/jugador05.asp?r=xxx&r2=LAZPZZSQHB&e=BAYAMON,20050415172714,JCAKVDAW55U5V5HOZEDRBPP3QGYTFNUU,BAYAMON,JCAKVDAW55U5V5HOZEDRBPP3QGYTFNUU.html
JNLRQ3SIL3Z2TVSLR7JBPV27YI6QYID6,http://www.bsnpr.com/jugador05.asp?r=xxx&r2=462696RWZB&e=CAYEY,20061119233758,JNLRQ3SIL3Z2TVSLR7JBPV27YI6QYID6,CAYEY,JNLRQ3SIL3Z2TVSLR7JBPV27YI6QYID6.html
JQHM3BJUI5ZKZT3IV6KYKEMMH6OOSUGE,http://www.bsnpr.com:80/jugador05.asp?r2=GFPAQCDEDB&e=PONCE,20050321232945,JQHM3BJUI5ZKZT3IV6KYKEMMH6OOSUGE,PONCE,JQHM3BJUI5ZKZT3IV6KYKEMMH6OOSUGE.html
JSUWZELI7MKBF45XYF7Q4V6XCVNDZOES,http://www.bsnpr.com/jugador05.asp?r=xxx&r2=IQKNMRYDAC&e=CAROLINA,20061119235827,JSUWZELI7MKBF45XYF7Q4V6XCVNDZOES,CAROLINA,JSUWZELI7MKBF45XYF7Q4V6XCVNDZOES.html
JUAFMLTRVWUS7JS2SI4QKH6VO5LDIKU3,http://www.bsnpr.com:80/jugador05.asp?r2=WOBFMNCQVQ&e=SANTURCE,20050321233212,JUAFMLTRVWUS7JS2SI4QKH6VO5LDIKU3,SANTURCE,JUAFMLTRVWUS7JS2SI4QKH6VO5LDIKU3.html
JXF7CY5NIPGF6K4364MQKMM2OVSEIYSO,http://www.bsnpr.com/jugador05.asp?r=xxx&r2=462756RX1Y&e=PONCE,20061119235806,JXF7CY5NIPGF6K4364MQKMM2OVSEIYSO,PONCE,JXF7CY5NIPGF6K4364MQKMM2OVSEIYSO.html
JZYV7DVRAHODDG6RRZ4QEZZ3M3SWZA52,http://www.bsnpr.com:80/jugador05.asp?r=xxx&r2=462686RWYN&e=,20050322103818,JZYV7DVRAHODDG6RRZ4QEZZ3M3SWZA52,,JZYV7DVRAHODDG6RRZ4QEZZ3M3SWZA52.html
K64JDAYW3PYATXXT5QB33FAILTERPKDP,http://www.bsnpr.com:80/jugador05.asp?r=xxx&r2=RQHBJHFUYT&e=CAYEY,20050906200925,K64JDAYW3PYATXXT5QB33FAILTERPKDP,CAYEY,K64JDAYW3PYATXXT5QB33FAILTERPKDP.html
KA2Y3GILDT3HEUGSFS7SYW7NFCHE5MD6,http://www.bsnpr.com:80/jugador05.asp?r=xxx&r2=462766RX2J&e=SANTURCE,20050414065104,KA2Y3GILDT3HEUGSFS7SYW7NFCHE5MD6,SANTURCE,KA2Y3GILDT3HEUGSFS7SYW7NFCHE5MD6.html
KAIXP2ZSXAOODMXAPCCLOCVR2W2X4SI7,http://www.bsnpr.com:80/jugador05.asp?r=xxx&r2=462726RX0F&e=QUEBRADILLAS,20050414065216,KAIXP2ZSXAOODMXAPCCLOCVR2W2X4SI7,QUEBRADILLAS,KAIXP2ZSXAOODMXAPCCLOCVR2W2X4SI7.html
KC4XLYZO36XGKSO7ENSDB2IRCVG3CZKP,http://www.bsnpr.com:80/jugador05.asp?r2=462746RX1B&e=ARECIBO,20050321233130,KC4XLYZO36XGKSO7ENSDB2IRCVG3CZKP,ARECIBO,KC4XLYZO36XGKSO7ENSDB2IRCVG3CZKP.html
KEGPGRAQU32KGG6WVYN6AXNT3XYNINMW,http://www.bsnpr.com:80/jugador05.asp?r=xxx&r2=462656RWXN&e=CAYEY,20050414064832,KEGPGRAQU32KGG6WVYN6AXNT3XYNINMW,CAYEY,KEGPGRAQU32KGG6WVYN6AXNT3XYNINMW.html
KF2RXRQJKQSYPRU4B2OVNY7Z5QIGRKLC,http://www.bsnpr.com:80/jugador05.asp?r=xxx&r2=QCVRXUMZKI&e=MAYAGUEZ,20050415172653,KF2RXRQJKQSYPRU4B2OVNY7Z5QIGRKLC,MAYAGUEZ,KF2RXRQJKQSYPRU4B2OVNY7Z5QIGRKLC.html
KFKTHIXYJM6OZRIP7OHJYVXF5A6XGBDZ,http://www.bsnpr.com:80/jugador05.asp?r=xxx&r2=VJKVUBAGXS&e=MAYAGUEZ,20050415172906,KFKTHIXYJM6OZRIP7OHJYVXF5A6XGBDZ,MAYAGUEZ,KFKTHIXYJM6OZRIP7OHJYVXF5A6XGBDZ.html
KGBJD3N7NBEKFR7HUQ5UCC55UI3I2KTF,http://www.bsnpr.com:80/jugador05.asp?r=xxx&r2=LAZPZZSQHB&e=,20050322231145,KGBJD3N7NBEKFR7HUQ5UCC55UI3I2KTF,,KGBJD3N7NBEKFR7HUQ5UCC55UI3I2KTF.html
KGUBKLU2BA7MOW6YUG6DZTG3OOWWKN4Z,http://www.bsnpr.com:80/jugador05.asp?r=xxx&r2=462676RWYB&e=SAN+GERMAN,20050920100633,KGUBKLU2BA7MOW6YUG6DZTG3OOWWKN4Z,SAN GERMAN,KGUBKLU2BA7MOW6YUG6DZTG3OOWWKN4Z.html
KIUV256G5U5CZG7GE44522A6JI22HRMJ,http://www.bsnpr.com/jugador05.asp?r=xxx&r2=462766RX2E&e=QUEBRADILLAS,20061119233920,KIUV256G5U5CZG7GE44522A6JI22HRMJ,QUEBRADILLAS,KIUV256G5U5CZG7GE44522A6JI22HRMJ.html
KLVT4ZAK2SQJU4TIH6RUBDJYY7XW4DAO,http://www.bsnpr.com:80/jugador05.asp?r=xxx&r2=VAKWNGFMXW&e=,20050322231233,KLVT4ZAK2SQJU4TIH6RUBDJYY7XW4DAO,,KLVT4ZAK2SQJU4TIH6RUBDJYY7XW4DAO.html
KNMAZWTSDATCN6I6PTHQYZ6NAAABBE4P,http://www.bsnpr.com/jugador05.asp?r=xxx&r2=462776RX2V&e=SAN%20GERMAN,20061119234237,KNMAZWTSDATCN6I6PTHQYZ6NAAABBE4P,SAN GERMAN,KNMAZWTSDATCN6I6PTHQYZ6NAAABBE4P.html
KOXLWO32MEJZT4QENFCBK4J36KZAUM4B,http://www.bsnpr.com:80/jugador05.asp?r=xxx&r2=PTJNVMVMKT&e=,20050322231455,KOXLWO32MEJZT4QENFCBK4J36KZAUM4B,,KOXLWO32MEJZT4QENFCBK4J36KZAUM4B.html
KUTGEKOXUEJFZHYJ3VMGXNC25L2X72X5,http://www.bsnpr.com/jugador05.asp?r=xxx&r2=RQHBJHFUYT&e=CAYEY,20061119233915,KUTGEKOXUEJFZHYJ3VMGXNC25L2X72X5,CAYEY,KUTGEKOXUEJFZHYJ3VMGXNC25L2X72X5.html
KVILURVISEN65JPDJ3MJPMEIRS5OQDKT,http://www.bsnpr.com:80/jugador05.asp?r=xxx&r2=462766RX25&e=QUEBRADILLAS,20050414065220,KVILURVISEN65JPDJ3MJPMEIRS5OQDKT,QUEBRADILLAS,KVILURVISEN65JPDJ3MJPMEIRS5OQDKT.html
KWDKEEK5U34JTM4QO5VDOZ34GI57QFIR,http://www.bsnpr.com:80/jugador05.asp?r2=462756RX1X&e=COAMO,20050321232855,KWDKEEK5U34JTM4QO5VDOZ34GI57QFIR,COAMO,KWDKEEK5U34JTM4QO5VDOZ34GI57QFIR.html
KX45H5HY2KSLO54A7PWM3B6P66BWZM3G,http://www.bsnpr.com:80/jugador05.asp?r2=462766RX2D&e=MAYAGUEZ,20050326204936,KX45H5HY2KSLO54A7PWM3B6P66BWZM3G,MAYAGUEZ,KX45H5HY2KSLO54A7PWM3B6P66BWZM3G.html
L3ERJ546S6CHD4ES6EKRT7PSM7IVHVBB,http://www.bsnpr.com:80/jugador05.asp?r=xxx&r2=462696RWZ6&e=CAGUAS,20050414064500,L3ERJ546S6CHD4ES6EKRT7PSM7IVHVBB,CAGUAS,L3ERJ546S6CHD4ES6EKRT7PSM7IVHVBB.html
L4SMQKBQR2B2ORS46W7M2MTOFJAJGOYU,http://www.bsnpr.com:80/jugador05.asp?r=xxx&r2=462756RX1S&e=,20050322103201,L4SMQKBQR2B2ORS46W7M2MTOFJAJGOYU,,L4SMQKBQR2B2ORS46W7M2MTOFJAJGOYU.html
L57NGA4SHQ4UFB2VCSB7FP4PPLBZ2K7Y,http://www.bsnpr.com:80/jugador05.asp?r=xxx&r2=462736RX11&e=,20050322103133,L57NGA4SHQ4UFB2VCSB7FP4PPLBZ2K7Y,,L57NGA4SHQ4UFB2VCSB7FP4PPLBZ2K7Y.html
L652OTF3DUJPUH5DHBQHVYUYOIAZ52QI,http://www.bsnpr.com:80/jugador05.asp?r=xxx&r2=462776RX2K&e=SANTURCE,20050414064608,L652OTF3DUJPUH5DHBQHVYUYOIAZ52QI,SANTURCE,L652OTF3DUJPUH5DHBQHVYUYOIAZ52QI.html
L6CKV2TYVJX42KKZXQPW2NW5XYAMHJZ7,http://www.bsnpr.com:80/jugador05.asp?r=xxx&r2=MZVWRLQGJV&e=QUEBRADILLAS,20050415172931,L6CKV2TYVJX42KKZXQPW2NW5XYAMHJZ7,QUEBRADILLAS,L6CKV2TYVJX42KKZXQPW2NW5XYAMHJZ7.html
L6FEAFIWUWYFRNB5NUQTEVPAJNMEQ6Z5,http://www.bsnpr.com:80/jugador05.asp?r=xxx&r2=WOBFMNCQVQ&e=SANTURCE,20050903174709,L6FEAFIWUWYFRNB5NUQTEVPAJNMEQ6Z5,SANTURCE,L6FEAFIWUWYFRNB5NUQTEVPAJNMEQ6Z5.html
LCY6W6T7QBQDGFX3N2MTYWY46ULUYRRP,http://www.bsnpr.com:80/jugador05.asp?r=xxx&r2=462796RX3K&e=,20050322230616,LCY6W6T7QBQDGFX3N2MTYWY46ULUYRRP,,LCY6W6T7QBQDGFX3N2MTYWY46ULUYRRP.html
LDV3SZSJKPAVZDXF4EAPLRJMU2KXPN4E,http://www.bsnpr.com:80/jugador05.asp?r=xxx&r2=462686RWYQ&e=CAGUAS,20050905155141,LDV3SZSJKPAVZDXF4EAPLRJMU2KXPN4E,CAGUAS,LDV3SZSJKPAVZDXF4EAPLRJMU2KXPN4E.html
LECLQOLM3TLKSLIXY4B67AJDN4X7CFQQ,http://www.bsnpr.com:80/jugador05.asp?r2=462796RX3F&e=SANTURCE,20050321232823,LECLQOLM3TLKSLIXY4B67AJDN4X7CFQQ,SANTURCE,LECLQOLM3TLKSLIXY4B67AJDN4X7CFQQ.html
LGKNMBSWQ7W2NGQJPQTAJDHZZSFD72RF,http://www.bsnpr.com:80/jugador05.asp?r=xxx&r2=462686RWYV&e=CAYEY,20050414064816,LGKNMBSWQ7W2NGQJPQTAJDHZZSFD72RF,CAYEY,LGKNMBSWQ7W2NGQJPQTAJDHZZSFD72RF.html
LL5CFARYV475XYDSY77574AVLJ3L2YOV,http://www.bsnpr.com/jugador05.asp?r=xxx&r2=462796RX3K&e=ARECIBO,20061119234538,LL5CFARYV475XYDSY77574AVLJ3L2YOV,ARECIBO,LL5CFARYV475XYDSY77574AVLJ3L2YOV.html
LLP4K3MNSSAKF47YXLDGBTWRNCAE523L,http://www.bsnpr.com/jugador05.asp?r=xxx&r2=462796RX3J&e=SANTURCE,20061119234132,LLP4K3MNSSAKF47YXLDGBTWRNCAE523L,SANTURCE,LLP4K3MNSSAKF47YXLDGBTWRNCAE523L.html
LLUJ5GWBZWI6HZ6PAJYPKFIP55EVLRYY,http://www.bsnpr.com:80/jugador05.asp?r=xxx&r2=462726RX0K&e=CAGUAS,20050414064635,LLUJ5GWBZWI6HZ6PAJYPKFIP55EVLRYY,CAGUAS,LLUJ5GWBZWI6HZ6PAJYPKFIP55EVLRYY.html
LMJ2I7VRM5VECR7P2TFOMJIUGIHCTWEC,http://www.bsnpr.com:80/jugador05.asp?r2=462676RWYF&e=SANTURCE,20050321040936,LMJ2I7VRM5VECR7P2TFOMJIUGIHCTWEC,SANTURCE,LMJ2I7VRM5VECR7P2TFOMJIUGIHCTWEC.html
LOVBD3HWZEW7AWZOIVSAFVVG2WZ5Z5AE,http://www.bsnpr.com:80/jugador05.asp?r=xxx&r2=VUWFEZRURI&e=,20050322230910,LOVBD3HWZEW7AWZOIVSAFVVG2WZ5Z5AE,,LOVBD3HWZEW7AWZOIVSAFVVG2WZ5Z5AE.html
LOYX66CO3PO76IAZXI3BGBY6WISHB2ZV,http://www.bsnpr.com:80/jugador05.asp?r=xxx&r2=JQDFUJBFUW&e=,20050322230658,LOYX66CO3PO76IAZXI3BGBY6WISHB2ZV,,LOYX66CO3PO76IAZXI3BGBY6WISHB2ZV.html
LU2HRDOTUOQC2HKDMIEFHIBBKFS76TBM,http://www.bsnpr.com/jugador05.asp?r=xxx&r2=462786RX33&e=SAN%20GERMAN,20061119234416,LU2HRDOTUOQC2HKDMIEFHIBBKFS76TBM,SAN GERMAN,LU2HRDOTUOQC2HKDMIEFHIBBKFS76TBM.html
LUKYUFJAHHUPX3HKHS3XKDPDGNZTYKGE,http://www.bsnpr.com:80/jugador05.asp?r=xxx&r2=462676RWYA&e=SAN+GERMAN,20050414064620,LUKYUFJAHHUPX3HKHS3XKDPDGNZTYKGE,SAN GERMAN,LUKYUFJAHHUPX3HKHS3XKDPDGNZTYKGE.html
LWHBY6OPHVFJGUEUPFTPV7SFRQ4CFALA,http://www.bsnpr.com:80/jugador05.asp?r=xxx&r2=462696RWZB&e=CAYEY,20050414065000,LWHBY6OPHVFJGUEUPFTPV7SFRQ4CFALA,CAYEY,LWHBY6OPHVFJGUEUPFTPV7SFRQ4CFALA.html
M3RGW5FE6PP77CEQNWJONYXSYW7S6VM7,http://www.bsnpr.com:80/jugador05.asp?r=xxx&r2=462796RX3N&e=,20050322231115,M3RGW5FE6PP77CEQNWJONYXSYW7S6VM7,,M3RGW5FE6PP77CEQNWJONYXSYW7S6VM7.html
M3T7VQXKLH2H7SCY7FREOODA342ZXB3A,http://www.bsnpr.com:80/jugador05.asp?r=xxx&r2=FMJCFBIPED&e=,20050322230621,M3T7VQXKLH2H7SCY7FREOODA342ZXB3A,,M3T7VQXKLH2H7SCY7FREOODA342ZXB3A.html
M4DQBNSNHBVHUNJ3PIA6PEGY5BVHEDYV,http://www.bsnpr.com:80/jugador05.asp?r=xxx&r2=462776RX2Z&e=SAN+GERMAN,20050414065156,M4DQBNSNHBVHUNJ3PIA6PEGY5BVHEDYV,SAN GERMAN,M4DQBNSNHBVHUNJ3PIA6PEGY5BVHEDYV.html
M6AEIUYTRMDV4EOKKN3LX47RDXFOE7VX,http://www.bsnpr.com:80/jugador05.asp?r2=462756RX1Y&e=PONCE,20050321233318,M6AEIUYTRMDV4EOKKN3LX47RDXFOE7VX,PONCE,M6AEIUYTRMDV4EOKKN3LX47RDXFOE7VX.html
M6BPVLERCUUP7MRUPHTHOYXGKBXB3GVU,http://www.bsnpr.com:80/jugador05.asp?r=xxx&r2=462796RX3J&e=,20050322231214,M6BPVLERCUUP7MRUPHTHOYXGKBXB3GVU,,M6BPVLERCUUP7MRUPHTHOYXGKBXB3GVU.html
M7DTGNIT7NSYQHJPGNJN3QGEDV6HQBMA,http://www.bsnpr.com/jugador05.asp?r=xxx&r2=462706RWZT&e=COAMO,20061119234341,M7DTGNIT7NSYQHJPGNJN3QGEDV6HQBMA,COAMO,M7DTGNIT7NSYQHJPGNJN3QGEDV6HQBMA.html
MAKACAWGON5FHDNJ3BJVGPCDEAJW2V3K,http://www.bsnpr.com:80/jugador05.asp?r2=462756RX1S&e=PONCE,20050321233213,MAKACAWGON5FHDNJ3BJVGPCDEAJW2V3K,PONCE,MAKACAWGON5FHDNJ3BJVGPCDEAJW2V3K.html
MF4WOAWCTIM27P3TLWYT4U7HXT67XRUE,http://www.bsnpr.com/jugador05.asp?r=xxx&r2=462656RWXM&e=ARECIBO,20061119235751,MF4WOAWCTIM27P3TLWYT4U7HXT67XRUE,ARECIBO,MF4WOAWCTIM27P3TLWYT4U7HXT67XRUE.html
MFVXU3PZSS4XB3KPHNL2UIQONDAPTZW6,http://www.bsnpr.com/jugador05.asp?r=xxx&r2=462666RWXQ&e=ARECIBO,20061119233809,MFVXU3PZSS4XB3KPHNL2UIQONDAPTZW6,ARECIBO,MFVXU3PZSS4XB3KPHNL2UIQONDAPTZW6.html
MLLCCOY3MHCQ6I5TXZ465UYJJERDFSNV,http://www.bsnpr.com:80/jugador05.asp?r2=462796RX3O&e=SANTURCE,20050321233105,MLLCCOY3MHCQ6I5TXZ465UYJJERDFSNV,SANTURCE,MLLCCOY3MHCQ6I5TXZ465UYJJERDFSNV.html
MNUXCRQH34KPLGY4IQUQYHKGYCGBU4OH,http://www.bsnpr.com/jugador05.asp?r=xxx&r2=462696RWZC&e=CAROLINA,20061119234641,MNUXCRQH34KPLGY4IQUQYHKGYCGBU4OH,CAROLINA,MNUXCRQH34KPLGY4IQUQYHKGYCGBU4OH.html
MP7MT6OOFTDJSXQFACB53E7EBTZ3JXON,http://www.bsnpr.com:80/jugador05.asp?r2=462736RX0S&e=BAYAMON,20050321232903,MP7MT6OOFTDJSXQFACB53E7EBTZ3JXON,BAYAMON,MP7MT6OOFTDJSXQFACB53E7EBTZ3JXON.html
MRQYZWLFJCVEO6EM4J5ROXVSTY2UHINY,http://www.bsnpr.com:80/jugador05.asp?r=xxx&r2=462766RX26&e=ARECIBO,20050414065035,MRQYZWLFJCVEO6EM4J5ROXVSTY2UHINY,ARECIBO,MRQYZWLFJCVEO6EM4J5ROXVSTY2UHINY.html
MXCX4ZZI56YUSJ7AIZAAGHPPPLWXP2YJ,http://www.bsnpr.com:80/jugador05.asp?r=xxx&r2=462796RX3L&e=PONCE,20050414065007,MXCX4ZZI56YUSJ7AIZAAGHPPPLWXP2YJ,PONCE,MXCX4ZZI56YUSJ7AIZAAGHPPPLWXP2YJ.html
MYDJO74EE2EPGD75JLHCIJ64RN3ZCZXI,http://www.bsnpr.com/jugador05.asp?r=xxx&r2=VFKKIUTCCX&e=COAMO,20061119233953,MYDJO74EE2EPGD75JLHCIJ64RN3ZCZXI,COAMO,MYDJO74EE2EPGD75JLHCIJ64RN3ZCZXI.html
MYF56BLMEJFSF7GRQSADDZKKQ72T3NJ7,http://www.bsnpr.com:80/jugador05.asp?r=xxx&r2=NPVAPJSFZS&e=CAGUAS,20050415172754,MYF56BLMEJFSF7GRQSADDZKKQ72T3NJ7,CAGUAS,MYF56BLMEJFSF7GRQSADDZKKQ72T3NJ7.html
N62ASULWYDILIQGIAOMHLQPCRXYPFNKF,http://www.bsnpr.com:80/jugador05.asp?r=xxx&r2=462726RX0F&e=,20050322102942,N62ASULWYDILIQGIAOMHLQPCRXYPFNKF,,N62ASULWYDILIQGIAOMHLQPCRXYPFNKF.html
N672HIWSEL4EJMEGUMCQDM4KM5KRD5MQ,http://www.bsnpr.com:80/jugador05.asp?r=xxx&r2=462766RX2H&e=,20050322102657,N672HIWSEL4EJMEGUMCQDM4KM5KRD5MQ,,N672HIWSEL4EJMEGUMCQDM4KM5KRD5MQ.html
N7ERG4EETB7PZGPORTIRTAYAMNZ3VY5Y,http://www.bsnpr.com/jugador05.asp?r=xxx&r2=VMVBLCRUQN&e=ISABELA,20061119234411,N7ERG4EETB7PZGPORTIRTAYAMNZ3VY5Y,ISABELA,N7ERG4EETB7PZGPORTIRTAYAMNZ3VY5Y.html
NAP53L5KLUL52JOYEQPLI7S3QCZTL73D,http://www.bsnpr.com:80/jugador05.asp?r=xxx&r2=462796RX3G&e=SANTURCE,20050414064414,NAP53L5KLUL52JOYEQPLI7S3QCZTL73D,SANTURCE,NAP53L5KLUL52JOYEQPLI7S3QCZTL73D.html
NCQA7FEN4TS6KAKJ2KZS25U4PAXQT3KZ,http://www.bsnpr.com/jugador05.asp?r=xxx&r2=462796RX3G&e=SANTURCE,20061119235557,NCQA7FEN4TS6KAKJ2KZS25U4PAXQT3KZ,SANTURCE,NCQA7FEN4TS6KAKJ2KZS25U4PAXQT3KZ.html
NDLC2BUQR2OGTUGEDRKFVKDGWDHTZDE4,http://www.bsnpr.com/jugador05.asp?r=xxx&r2=462726RX0E&e=ISABELA,20061119235832,NDLC2BUQR2OGTUGEDRKFVKDGWDHTZDE4,ISABELA,NDLC2BUQR2OGTUGEDRKFVKDGWDHTZDE4.html
NDWARZZS2VEE2WBN3KRXY23EC26BJYMI,http://www.bsnpr.com:80/jugador05.asp?r=xxx&r2=462796RX3J&e=SANTURCE,20050914074632,NDWARZZS2VEE2WBN3KRXY23EC26BJYMI,SANTURCE,NDWARZZS2VEE2WBN3KRXY23EC26BJYMI.html
NE2OJ3VSVSCIBLHKZZJR5OMJHDIBIEPS,http://www.bsnpr.com:80/jugador05.asp?r=xxx&r2=462686RWYM&e=,20050322102611,NE2OJ3VSVSCIBLHKZZJR5OMJHDIBIEPS,,NE2OJ3VSVSCIBLHKZZJR5OMJHDIBIEPS.html
NI5YWTBK4XSSSODHBNADXNNMBGIVW36X,http://www.bsnpr.com:80/jugador05.asp?r=xxx&r2=462696RWZD&e=QUEBRADILLAS,20050414065212,NI5YWTBK4XSSSODHBNADXNNMBGIVW36X,QUEBRADILLAS,NI5YWTBK4XSSSODHBNADXNNMBGIVW36X.html
NIVQ5PSN4NAIPGPGQ4CBYZ6QQ7X7XWWJ,http://www.bsnpr.com:80/jugador05.asp?r=xxx&r2=RFQUYLDBBQ&e=CAYEY,20050415172758,NIVQ5PSN4NAIPGPGQ4CBYZ6QQ7X7XWWJ,CAYEY,NIVQ5PSN4NAIPGPGQ4CBYZ6QQ7X7XWWJ.html
NIYT7NJW6A7XOJSIM5B5ZYWOMUAMQQ4M,http://www.bsnpr.com/jugador05.asp?r=xxx&r2=462676RWYC&e=SANTURCE,20061119235507,NIYT7NJW6A7XOJSIM5B5ZYWOMUAMQQ4M,SANTURCE,NIYT7NJW6A7XOJSIM5B5ZYWOMUAMQQ4M.html
NMRENN3B3QTWVHYTMYOV4LXDN4QVPPV4,http://www.bsnpr.com:80/jugador05.asp?r=xxx&r2=NCATVSVOSZ&e=MAYAGUEZ,20050415172859,NMRENN3B3QTWVHYTMYOV4LXDN4QVPPV4,MAYAGUEZ,NMRENN3B3QTWVHYTMYOV4LXDN4QVPPV4.html
NN3EXXY5VKJASKJ5YUXUOBIN7OSTQ56V,http://www.bsnpr.com/jugador05.asp?r=xxx&r2=462686RWYO&e=PONCE,20061119234111,NN3EXXY5VKJASKJ5YUXUOBIN7OSTQ56V,PONCE,NN3EXXY5VKJASKJ5YUXUOBIN7OSTQ56V.html
NNHXORZXP7OFE5ERLUEJJ6KTKJMVPIAL,http://www.bsnpr.com/jugador05.asp?r=xxx&r2=462686RWYW&e=CAROLINA,20061119235916,NNHXORZXP7OFE5ERLUEJJ6KTKJMVPIAL,CAROLINA,NNHXORZXP7OFE5ERLUEJJ6KTKJMVPIAL.html
NOUOJSAAGYCBMC55J2KPD4A7KEE33B3J,http://www.bsnpr.com:80/jugador05.asp?r=xxx&r2=462736RX0Z&e=,20050322102758,NOUOJSAAGYCBMC55J2KPD4A7KEE33B3J,,NOUOJSAAGYCBMC55J2KPD4A7KEE33B3J.html
NP54TBWDE6CX5PD63CWVLSTRFWMHTQBM,http://www.bsnpr.com/jugador05.asp?r=xxx&r2=462696RWZ9&e=ISABELA,20061119235414,NP54TBWDE6CX5PD63CWVLSTRFWMHTQBM,ISABELA,NP54TBWDE6CX5PD63CWVLSTRFWMHTQBM.html
NQOAU2DL3LUCL5XG4EVFY4EV2Q5RYDZN,http://www.bsnpr.com:80/jugador05.asp?r=xxx&r2=462726RX0E&e=,20050322103606,NQOAU2DL3LUCL5XG4EVFY4EV2Q5RYDZN,,NQOAU2DL3LUCL5XG4EVFY4EV2Q5RYDZN.html
NQPRGYOQEF3N7F2JRELUYR7TMM4VSYVG,http://www.bsnpr.com:80/jugador05.asp?r2=462756RX20&e=ARECIBO,20050321233134,NQPRGYOQEF3N7F2JRELUYR7TMM4VSYVG,ARECIBO,NQPRGYOQEF3N7F2JRELUYR7TMM4VSYVG.html
NSLF4URY6KQQDRSGDKVAFSK2BTKVKXPI,http://www.bsnpr.com:80/jugador05.asp?r=xxx&r2=NXZNFEPSXU&e=CAGUAS,20050415172649,NSLF4URY6KQQDRSGDKVAFSK2BTKVKXPI,CAGUAS,NSLF4URY6KQQDRSGDKVAFSK2BTKVKXPI.html
NSZJRP5KTT24E5LNLXZUU3NF3LR5UWE2,http://www.bsnpr.com:80/jugador05.asp?r=xxx&r2=462776RX2Z&e=,20050322230641,NSZJRP5KTT24E5LNLXZUU3NF3LR5UWE2,,NSZJRP5KTT24E5LNLXZUU3NF3LR5UWE2.html
NUP2SCXLOT4QMUCOKZJEBA4MXRNQO5YI,http://www.bsnpr.com:80/jugador05.asp?r2=462766RX2J&e=SANTURCE,20050321232533,NUP2SCXLOT4QMUCOKZJEBA4MXRNQO5YI,SANTURCE,NUP2SCXLOT4QMUCOKZJEBA4MXRNQO5YI.html
NUZ5HBZFPRONPXHHAXF2VSO6PXKYOF7P,http://www.bsnpr.com:80/jugador05.asp?r=xxx&r2=MDABMRDBYG&e=MAYAGUEZ,20050902103549,NUZ5HBZFPRONPXHHAXF2VSO6PXKYOF7P,MAYAGUEZ,NUZ5HBZFPRONPXHHAXF2VSO6PXKYOF7P.html
NV5RTOTHSTKCPHTFZWW7ERA45HSOT7AT,http://www.bsnpr.com/jugador05.asp?r=xxx&r2=462686RWYZ&e=CAGUAS,20061119235620,NV5RTOTHSTKCPHTFZWW7ERA45HSOT7AT,CAGUAS,NV5RTOTHSTKCPHTFZWW7ERA45HSOT7AT.html
NZ3CJCIDXZTEACFF4TAGUBHGQCWS67HK,http://www.bsnpr.com:80/jugador05.asp?r2=462676RWYC&e=SANTURCE,20050321041610,NZ3CJCIDXZTEACFF4TAGUBHGQCWS67HK,SANTURCE,NZ3CJCIDXZTEACFF4TAGUBHGQCWS67HK.html
O2JBPRQ7KH2Z2XJD5BTFO6PGDCRTYH7K,http://www.bsnpr.com:80/jugador05.asp?r2=COSEXFABFV&e=MAYAGUEZ,20050326204933,O2JBPRQ7KH2Z2XJD5BTFO6PGDCRTYH7K,MAYAGUEZ,O2JBPRQ7KH2Z2XJD5BTFO6PGDCRTYH7K.html
O4ZCEC3CG2GZ5RVQ32I3BTFST35K3YU4,http://www.bsnpr.com:80/jugador05.asp?r=xxx&r2=EIPBMRZZXC&e=SANTURCE,20050913094209,O4ZCEC3CG2GZ5RVQ32I3BTFST35K3YU4,SANTURCE,O4ZCEC3CG2GZ5RVQ32I3BTFST35K3YU4.html
O5AAUST74XO3GKLN2UWBJBM7MJBJLONN,http://www.bsnpr.com:80/jugador05.asp?r=xxx&r2=462756RX1U&e=PONCE,20050414064447,O5AAUST74XO3GKLN2UWBJBM7MJBJLONN,PONCE,O5AAUST74XO3GKLN2UWBJBM7MJBJLONN.html
O6OHPAYFRYMR46GBXTT5Z7ABITPBYSD3,http://www.bsnpr.com/jugador05.asp?r=xxx&r2=WOBFMNCQVQ&e=SANTURCE,20061119235144,O6OHPAYFRYMR46GBXTT5Z7ABITPBYSD3,SANTURCE,O6OHPAYFRYMR46GBXTT5Z7ABITPBYSD3.html
O72UC6SWF3EIT6FMWFXT54IR5E472ONC,http://www.bsnpr.com:80/jugador05.asp?r=xxx&r2=462706RWZS&e=COAMO,20050414064555,O72UC6SWF3EIT6FMWFXT54IR5E472ONC,COAMO,O72UC6SWF3EIT6FMWFXT54IR5E472ONC.html
O7X6TJJSBV5277LYTRLVWAE5BUN7MUP2,http://www.bsnpr.com:80/jugador05.asp?r=xxx&r2=462716RX05&e=COAMO,20050414064552,O7X6TJJSBV5277LYTRLVWAE5BUN7MUP2,COAMO,O7X6TJJSBV5277LYTRLVWAE5BUN7MUP2.html
OFFYMIDE6CVMRT64XK2MZEQL2AXFS6BA,http://www.bsnpr.com:80/jugador05.asp?r=xxx&r2=462676RWYF&e=SANTURCE,20050414064652,OFFYMIDE6CVMRT64XK2MZEQL2AXFS6BA,SANTURCE,OFFYMIDE6CVMRT64XK2MZEQL2AXFS6BA.html
OGKR2TCHELCYQLJMZPXJA5ZZE7RHQFLF,http://www.bsnpr.com/jugador05.asp?r=xxx&r2=462676RWY7&e=BAYAMON,20061119235203,OGKR2TCHELCYQLJMZPXJA5ZZE7RHQFLF,BAYAMON,OGKR2TCHELCYQLJMZPXJA5ZZE7RHQFLF.html
OHTHYSTTGVUWI5DENTAAFHASDIDCNY5E,http://www.bsnpr.com:80/jugador05.asp?r=xxx&r2=462706RWZS&e=,20050322102548,OHTHYSTTGVUWI5DENTAAFHASDIDCNY5E,,OHTHYSTTGVUWI5DENTAAFHASDIDCNY5E.html
OIATLFFIYAI2RY3JBQOFBAKYWZW3ODAD,http://www.bsnpr.com:80/jugador05.asp?r=xxx&r2=462796RX3N&e=SANTURCE,20050907172736,OIATLFFIYAI2RY3JBQOFBAKYWZW3ODAD,SANTURCE,OIATLFFIYAI2RY3JBQOFBAKYWZW3ODAD.html
OJPRH5ANPAAZRBU7AKCMHOHFDEJVFKDV,http://www.bsnpr.com:80/jugador05.asp?r=xxx&r2=462686RWYP&e=,20050322103400,OJPRH5ANPAAZRBU7AKCMHOHFDEJVFKDV,,OJPRH5ANPAAZRBU7AKCMHOHFDEJVFKDV.html
ONJV7AL5SHHDS7KJNEBKVVD2BXZFALPZ,http://www.bsnpr.com:80/jugador05.asp?r=xxx&r2=462696RWZB&e=CAYEY,20050920231524,ONJV7AL5SHHDS7KJNEBKVVD2BXZFALPZ,CAYEY,ONJV7AL5SHHDS7KJNEBKVVD2BXZFALPZ.html
ONNOG4PIFNAMNHLBZOU627STEAQTKBMN,http://www.bsnpr.com:80/jugador05.asp?r=xxx&r2=462746RX1D&e=ISABELA,20050414064640,ONNOG4PIFNAMNHLBZOU627STEAQTKBMN,ISABELA,ONNOG4PIFNAMNHLBZOU627STEAQTKBMN.html
OPI5NDVPQHN2FMBHATBGEMDXMQIOJXRC,http://www.bsnpr.com:80/jugador05.asp?r=xxx&r2=XVXPNUZYDF&e=ISABELA,20050415172846,OPI5NDVPQHN2FMBHATBGEMDXMQIOJXRC,ISABELA,OPI5NDVPQHN2FMBHATBGEMDXMQIOJXRC.html
ORA7BBJJZAPNM73TC6PM3ZFDI2BS33DS,http://www.bsnpr.com:80/jugador05.asp?r=xxx&r2=462746RX1L&e=,20050322102659,ORA7BBJJZAPNM73TC6PM3ZFDI2BS33DS,,ORA7BBJJZAPNM73TC6PM3ZFDI2BS33DS.html
OZ62RMY5EAHMUFWDY5QITTBPN6LRBJX3,http://www.bsnpr.com:80/jugador05.asp?r=xxx&r2=JQDFUJBFUW&e=SAN+GERMAN,20050415172919,OZ62RMY5EAHMUFWDY5QITTBPN6LRBJX3,SAN GERMAN,OZ62RMY5EAHMUFWDY5QITTBPN6LRBJX3.html
P56LJAOQX7JHHDAGBRNIDPGNCFVKK6QU,http://www.bsnpr.com/jugador05.asp?r=xxx&r2=462686RWYN&e=CAGUAS,20061119234121,P56LJAOQX7JHHDAGBRNIDPGNCFVKK6QU,CAGUAS,P56LJAOQX7JHHDAGBRNIDPGNCFVKK6QU.html
P6A356GT3WIU73KRKRYX4W56T4I4PTZZ,http://www.bsnpr.com/jugador05.asp?r=xxx&r2=462706RWZV&e=COAMO,20061119234958,P6A356GT3WIU73KRKRYX4W56T4I4PTZZ,COAMO,P6A356GT3WIU73KRKRYX4W56T4I4PTZZ.html
P7ADDJJVJNYEAXGGRU4VQS5PV7H3VWVR,http://www.bsnpr.com/jugador05.asp?r=xxx&r2=462756RX1P&e=CAYEY,20061119234251,P7ADDJJVJNYEAXGGRU4VQS5PV7H3VWVR,CAYEY,P7ADDJJVJNYEAXGGRU4VQS5PV7H3VWVR.html
PB3TL4X52LZNRH62HF3RRRZJ5DYSKUON,http://www.bsnpr.com:80/jugador05.asp?r=xxx&r2=462666RWXW&e=,20050321233304,PB3TL4X52LZNRH62HF3RRRZJ5DYSKUON,,PB3TL4X52LZNRH62HF3RRRZJ5DYSKUON.html
PKP4KXAAO4LEI5TXO7G7GK5H3PJFUKI7,http://www.bsnpr.com/jugador05.asp?r=xxx&r2=462666RWXW&e=SAN%20GERMAN,20061119234145,PKP4KXAAO4LEI5TXO7G7GK5H3PJFUKI7,SAN GERMAN,PKP4KXAAO4LEI5TXO7G7GK5H3PJFUKI7.html
PLHYZBRCSPQAKNDGHA7FZP2SETZRQ3DF,http://www.bsnpr.com:80/jugador05.asp?r=xxx&r2=462676RWYG&e=BAYAMON,20050414064924,PLHYZBRCSPQAKNDGHA7FZP2SETZRQ3DF,BAYAMON,PLHYZBRCSPQAKNDGHA7FZP2SETZRQ3DF.html
POBQ53WXK5AFLF6BWSHESXT4D4KEF4PE,http://www.bsnpr.com:80/jugador05.asp?r=xxx&r2=XVXPNUZYDF&e=,20050322231028,POBQ53WXK5AFLF6BWSHESXT4D4KEF4PE,,POBQ53WXK5AFLF6BWSHESXT4D4KEF4PE.html
POKEZSN7MT3CQ3ZUGJULUJD7RDWB7HSP,http://www.bsnpr.com:80/jugador05.asp?r2=TEEZXCWXHP&e=ARECIBO,20050321233405,POKEZSN7MT3CQ3ZUGJULUJD7RDWB7HSP,ARECIBO,POKEZSN7MT3CQ3ZUGJULUJD7RDWB7HSP.html
PSRWEBZ3WQWXVPDHFLUYJXFNNK6GHYVW,http://www.bsnpr.com:80/jugador05.asp?r=xxx&r2=VNVDFVOFKE&e=,20050322230706,PSRWEBZ3WQWXVPDHFLUYJXFNNK6GHYVW,,PSRWEBZ3WQWXVPDHFLUYJXFNNK6GHYVW.html
PTFJ4YIIU4S7KQTJFE4XSYU7EMNXPURH,http://www.bsnpr.com:80/jugador05.asp?r=xxx&r2=462696RWZ3&e=CAROLINA,20050906182541,PTFJ4YIIU4S7KQTJFE4XSYU7EMNXPURH,CAROLINA,PTFJ4YIIU4S7KQTJFE4XSYU7EMNXPURH.html
PVBH5O6WRIMMZSC4WZIIXDV4537HW2LZ,http://www.bsnpr.com:80/jugador05.asp?r=xxx&r2=VFKKIUTCCX&e=COAMO,20050415172751,PVBH5O6WRIMMZSC4WZIIXDV4537HW2LZ,COAMO,PVBH5O6WRIMMZSC4WZIIXDV4537HW2LZ.html
PY3EJFQUMIBSVIYR47LFPGKZHMFAMW5D,http://www.bsnpr.com:80/jugador05.asp?r=xxx&r2=462706RWZP&e=,20050322103706,PY3EJFQUMIBSVIYR47LFPGKZHMFAMW5D,,PY3EJFQUMIBSVIYR47LFPGKZHMFAMW5D.html
PZW6NVTTHTNYJRK7WUSWORGUVAIKJTD5,http://www.bsnpr.com:80/jugador05.asp?r=xxx&r2=462756RX1V&e=PONCE,20050911081909,PZW6NVTTHTNYJRK7WUSWORGUVAIKJTD5,PONCE,PZW6NVTTHTNYJRK7WUSWORGUVAIKJTD5.html
Q5ILFJDSL2YV43F6QE2CRUKZOHXVBRDP,http://www.bsnpr.com:80/jugador05.asp?r=xxx&r2=462766RX2D&e=,20050322103209,Q5ILFJDSL2YV43F6QE2CRUKZOHXVBRDP,,Q5ILFJDSL2YV43F6QE2CRUKZOHXVBRDP.html
Q5KNS4PFJYVPTNIE7TGTKKRKQJLHUCLP,http://www.bsnpr.com:80/jugador05.asp?r2=UXVQBCKQAR&e=CAROLINA,20050321233408,Q5KNS4PFJYVPTNIE7TGTKKRKQJLHUCLP,CAROLINA,Q5KNS4PFJYVPTNIE7TGTKKRKQJLHUCLP.html
QAIIKSSYOA25OEFG6CTBS4IWQCEUG226,http://www.bsnpr.com:80/jugador05.asp?r=xxx&r2=462696RWZ9&e=,20050322103230,QAIIKSSYOA25OEFG6CTBS4IWQCEUG226,,QAIIKSSYOA25OEFG6CTBS4IWQCEUG226.html
QAWWYQX7R7OAICV3SZUAPBPETEKE3O4O,http://www.bsnpr.com:80/jugador05.asp?r=xxx&r2=462756RX1U&e=,20050322103358,QAWWYQX7R7OAICV3SZUAPBPETEKE3O4O,,QAWWYQX7R7OAICV3SZUAPBPETEKE3O4O.html
QCFK25O4FIJVE7EBSCKMSUOR2APP7ARU,http://www.bsnpr.com:80/jugador05.asp?r2=XVBVQZAAGU&e=BAYAMON,20050321232839,QCFK25O4FIJVE7EBSCKMSUOR2APP7ARU,BAYAMON,QCFK25O4FIJVE7EBSCKMSUOR2APP7ARU.html
QDJNA3KDIVAQ5MTQE3SH4NJTMHNUOJTG,http://www.bsnpr.com:80/jugador05.asp?r=xxx&r2=462726RX0D&e=,20050322102802,QDJNA3KDIVAQ5MTQE3SH4NJTMHNUOJTG,,QDJNA3KDIVAQ5MTQE3SH4NJTMHNUOJTG.html
QEDI6IPQCVUX3KC3BLFYWUKQDO7OHSGH,http://www.bsnpr.com:80/jugador05.asp?r=xxx&r2=462666RWXY&e=ARECIBO,20050414064912,QEDI6IPQCVUX3KC3BLFYWUKQDO7OHSGH,ARECIBO,QEDI6IPQCVUX3KC3BLFYWUKQDO7OHSGH.html
QEKN2D4NY3P62ZZVFPB43BX7HAHAIEK5,http://www.bsnpr.com:80/jugador05.asp?r=xxx&r2=462746RX1B&e=ARECIBO,20050414064511,QEKN2D4NY3P62ZZVFPB43BX7HAHAIEK5,ARECIBO,QEKN2D4NY3P62ZZVFPB43BX7HAHAIEK5.html
QFM2OG6WFRENXTVZP4SJ5VKPIDGJD4WQ,http://www.bsnpr.com/jugador05.asp?r=xxx&r2=462726RX0Q&e=BAYAMON,20061119233834,QFM2OG6WFRENXTVZP4SJ5VKPIDGJD4WQ,BAYAMON,QFM2OG6WFRENXTVZP4SJ5VKPIDGJD4WQ.html
QJX3E62UDROK33KOH6YFUE7YUNKN66PK,http://www.bsnpr.com:80/jugador05.asp?r=xxx&r2=OLQUXXXGVB&e=,20050322230918,QJX3E62UDROK33KOH6YFUE7YUNKN66PK,,QJX3E62UDROK33KOH6YFUE7YUNKN66PK.html
QL66J7A3C4LESQIDLECG6RNOVVLFAQMM,http://www.bsnpr.com/jugador05.asp?r=xxx&r2=462696RWZ6&e=CAGUAS,20061119234800,QL66J7A3C4LESQIDLECG6RNOVVLFAQMM,CAGUAS,QL66J7A3C4LESQIDLECG6RNOVVLFAQMM.html
QLX4XEGW73EKYL3FBLN4EKQVROISSKUP,http://www.bsnpr.com:80/jugador05.asp?r=xxx&r2=462776RX2S&e=ISABELA,20050414064643,QLX4XEGW73EKYL3FBLN4EKQVROISSKUP,ISABELA,QLX4XEGW73EKYL3FBLN4EKQVROISSKUP.html
QLYRKN2VKGS6SAR27A5YVB3KV7AE3LVS,http://www.bsnpr.com/jugador05.asp?r=xxx&r2=PVUKUVMQOM&e=ARECIBO,20061119235126,QLYRKN2VKGS6SAR27A5YVB3KV7AE3LVS,ARECIBO,QLYRKN2VKGS6SAR27A5YVB3KV7AE3LVS.html
QNGVFFL3GFGLDK3LUDUWSEGKLZCGL3MI,http://www.bsnpr.com/jugador05.asp?r=xxx&r2=462726RX0J&e=SAN%20GERMAN,20061119234505,QNGVFFL3GFGLDK3LUDUWSEGKLZCGL3MI,SAN GERMAN,QNGVFFL3GFGLDK3LUDUWSEGKLZCGL3MI.html
QNM2B4NKY36PX6RTFHWZZSUGZK6WBFMM,http://www.bsnpr.com:80/jugador05.asp?r=xxx&r2=VMVBLCRUQN&e=ISABELA,20050415172839,QNM2B4NKY36PX6RTFHWZZSUGZK6WBFMM,ISABELA,QNM2B4NKY36PX6RTFHWZZSUGZK6WBFMM.html
QOYTAYUYAQ74HZ3IQZPF35AO6WXB4W2G,http://www.bsnpr.com:80/jugador05.asp?r=xxx&r2=462686RWYW&e=CAROLINA,20050414065048,QOYTAYUYAQ74HZ3IQZPF35AO6WXB4W2G,CAROLINA,QOYTAYUYAQ74HZ3IQZPF35AO6WXB4W2G.html
QQFPTFOGP3WZTAXKSHBW5SYZ2CWV2VHH,http://www.bsnpr.com:80/jugador05.asp?r2=462736RX0V&e=COAMO,20050321233129,QQFPTFOGP3WZTAXKSHBW5SYZ2CWV2VHH,COAMO,QQFPTFOGP3WZTAXKSHBW5SYZ2CWV2VHH.html
QR33FIVGT2WR7MHYYSOLVCPHA4ADPRSC,http://www.bsnpr.com/jugador05.asp?r=xxx&r2=462696RWZ4&e=ISABELA,20061119235654,QR33FIVGT2WR7MHYYSOLVCPHA4ADPRSC,ISABELA,QR33FIVGT2WR7MHYYSOLVCPHA4ADPRSC.html
QS6MJKA5UY7TNNA4CFYEGCZOELOSIL4G,http://www.bsnpr.com/jugador05.asp?r=xxx&r2=462706RWZP&e=CAYEY,20061119234612,QS6MJKA5UY7TNNA4CFYEGCZOELOSIL4G,CAYEY,QS6MJKA5UY7TNNA4CFYEGCZOELOSIL4G.html
QTI2BKDJA255BKFBEU2O6EVIRLJOT7SQ,http://www.bsnpr.com:80/jugador05.asp?r=xxx&r2=462656RWXN&e=,20050321233016,QTI2BKDJA255BKFBEU2O6EVIRLJOT7SQ,,QTI2BKDJA255BKFBEU2O6EVIRLJOT7SQ.html
QTWMJDQW65IONZDD73DRPY75R23A3CWR,http://www.bsnpr.com:80/jugador05.asp?r=xxx&r2=462656RWXM&e=ARECIBO,20050414064903,QTWMJDQW65IONZDD73DRPY75R23A3CWR,ARECIBO,QTWMJDQW65IONZDD73DRPY75R23A3CWR.html
QUS4HU4RPC6J73GLHE32FI6AAZLFHNPY,http://www.bsnpr.com:80/jugador05.asp?r2=462796RX3N&e=SANTURCE,20050321232734,QUS4HU4RPC6J73GLHE32FI6AAZLFHNPY,SANTURCE,QUS4HU4RPC6J73GLHE32FI6AAZLFHNPY.html
QXN4OUA4LLH3ANBZZVMHDU6K3C4WEFZ3,http://www.bsnpr.com:80/jugador05.asp?r=xxx&r2=462726RX0J&e=SAN+GERMAN,20050414065148,QXN4OUA4LLH3ANBZZVMHDU6K3C4WEFZ3,SAN GERMAN,QXN4OUA4LLH3ANBZZVMHDU6K3C4WEFZ3.html
QXNLVY3UJEJA2N74BZKILIVFNKK2MIDX,http://www.bsnpr.com:80/jugador05.asp?r=xxx&r2=462726RX0Q&e=BAYAMON,20050414065011,QXNLVY3UJEJA2N74BZKILIVFNKK2MIDX,BAYAMON,QXNLVY3UJEJA2N74BZKILIVFNKK2MIDX.html
QYIQC6CDFUZOMIPIK37YNEVMJPK3Q7GT,http://www.bsnpr.com:80/jugador05.asp?r=xxx&r2=462796RX3O&e=,20050322231410,QYIQC6CDFUZOMIPIK37YNEVMJPK3Q7GT,,QYIQC6CDFUZOMIPIK37YNEVMJPK3Q7GT.html
QYUZVU2SHZPUKWWHB6IVDUQQ32X53HOK,http://www.bsnpr.com:80/jugador05.asp?r=xxx&r2=462746RX16&e=ARECIBO,20050414065024,QYUZVU2SHZPUKWWHB6IVDUQQ32X53HOK,ARECIBO,QYUZVU2SHZPUKWWHB6IVDUQQ32X53HOK.html
QZFQUMUQZH4KMDOIANUI3NK435C545DA,http://www.bsnpr.com/jugador05.asp?r=xxx&r2=462766RX27&e=SAN%20GERMAN,20061119234838,QZFQUMUQZH4KMDOIANUI3NK435C545DA,SAN GERMAN,QZFQUMUQZH4KMDOIANUI3NK435C545DA.html
R3N53HR5AKGUK5HZST6AQSBGGEQQEK2V,http://www.bsnpr.com:80/jugador05.asp?r=xxx&r2=VFKKIUTCCX&e=,20050322230955,R3N53HR5AKGUK5HZST6AQSBGGEQQEK2V,,R3N53HR5AKGUK5HZST6AQSBGGEQQEK2V.html
R3XUPAUAJVMW34RABJWYJHSGAS447YYZ,http://www.bsnpr.com:80/jugador05.asp?r=xxx&r2=462706RWZQ&e=,20050322102823,R3XUPAUAJVMW34RABJWYJHSGAS447YYZ,,R3XUPAUAJVMW34RABJWYJHSGAS447YYZ.html
R42L35Q7T2FQLVWDZ22QJ4TYV6MDAGZ5,http://www.bsnpr.com:80/jugador05.asp?r=xxx&r2=462786RX35&e=SAN+GERMAN,20050414064755,R42L35Q7T2FQLVWDZ22QJ4TYV6MDAGZ5,SAN GERMAN,R42L35Q7T2FQLVWDZ22QJ4TYV6MDAGZ5.html
R45H3GN4TJQX5LXNC3IXRZUJVL6S7ZSZ,http://www.bsnpr.com:80/jugador05.asp?r=xxx&r2=462776RX2V&e=,20050322230710,R45H3GN4TJQX5LXNC3IXRZUJVL6S7ZSZ,,R45H3GN4TJQX5LXNC3IXRZUJVL6S7ZSZ.html
R4GG5BMVQGKY2VQFBUL7OPBN3YGFBPOH,http://www.bsnpr.com:80/jugador05.asp?r=xxx&r2=462796RX3F&e=,20050322231002,R4GG5BMVQGKY2VQFBUL7OPBN3YGFBPOH,,R4GG5BMVQGKY2VQFBUL7OPBN3YGFBPOH.html
RAXIDVPFIMNPSW7JAUO3NKYLTOKQZCIU,http://www.bsnpr.com/jugador05.asp?r=xxx&r2=MJPRZLCMZJ&e=BAYAMON,20061119234515,RAXIDVPFIMNPSW7JAUO3NKYLTOKQZCIU,BAYAMON,RAXIDVPFIMNPSW7JAUO3NKYLTOKQZCIU.html
RJX3N5QH4EACAT6EKYTQJT2UEZFX2HCC,http://www.bsnpr.com:80/jugador05.asp?r=xxx&r2=SDSYGKXYYO&e=ISABELA,20050904070028,RJX3N5QH4EACAT6EKYTQJT2UEZFX2HCC,ISABELA,RJX3N5QH4EACAT6EKYTQJT2UEZFX2HCC.html
RLTK4NJXCO2WCJYUPZDYQYNU36QK66I4,http://www.bsnpr.com:80/jugador05.asp?r=xxx&r2=462676RWYB&e=SAN+GERMAN,20050414065139,RLTK4NJXCO2WCJYUPZDYQYNU36QK66I4,SAN GERMAN,RLTK4NJXCO2WCJYUPZDYQYNU36QK66I4.html
RM34RY5G776QU4ST4KICTFU73B3QKJCB,http://www.bsnpr.com:80/jugador05.asp?r=xxx&r2=462736RX12&e=SAN+GERMAN,20050414064712,RM34RY5G776QU4ST4KICTFU73B3QKJCB,SAN GERMAN,RM34RY5G776QU4ST4KICTFU73B3QKJCB.html
RMDSMS3543BSUVXXRPMQTQH3NE53BPJK,http://www.bsnpr.com:80/jugador05.asp?r=xxx&r2=462766RX2A&e=ISABELA,20050414064516,RMDSMS3543BSUVXXRPMQTQH3NE53BPJK,ISABELA,RMDSMS3543BSUVXXRPMQTQH3NE53BPJK.html
RMPVKVPLTN4HKPBWV5NUTRDIZCF5JA56,http://www.bsnpr.com:80/jugador05.asp?r2=IQKNMRYDAC&e=CAROLINA,20050321233400,RMPVKVPLTN4HKPBWV5NUTRDIZCF5JA56,CAROLINA,RMPVKVPLTN4HKPBWV5NUTRDIZCF5JA56.html
RVIVRNNPM7TSMGSSDJISUZ7A7HCOLBE4,http://www.bsnpr.com/jugador05.asp?r=xxx&r2=LSWDWANJPU&e=QUEBRADILLAS,20061119235528,RVIVRNNPM7TSMGSSDJISUZ7A7HCOLBE4,QUEBRADILLAS,RVIVRNNPM7TSMGSSDJISUZ7A7HCOLBE4.html
RVU2TNS6CQ77QSKBJDGMU7WGYGWEF7A7,http://www.bsnpr.com:80/jugador05.asp?r=xxx&r2=XVBVQZAAGU&e=BAYAMON,20050415172842,RVU2TNS6CQ77QSKBJDGMU7WGYGWEF7A7,BAYAMON,RVU2TNS6CQ77QSKBJDGMU7WGYGWEF7A7.html
RVXTRON5IJT4ES4EXXN2DO3VJG53QUXW,http://www.bsnpr.com:80/jugador05.asp?r=xxx&r2=462686RWYV&e=,20050322102714,RVXTRON5IJT4ES4EXXN2DO3VJG53QUXW,,RVXTRON5IJT4ES4EXXN2DO3VJG53QUXW.html
RW2VHSU4ZLZMPVLQHDXOCWJI74FJDN4J,http://www.bsnpr.com:80/jugador05.asp?r=xxx&r2=462706RWZN&e=,20050322103342,RW2VHSU4ZLZMPVLQHDXOCWJI74FJDN4J,,RW2VHSU4ZLZMPVLQHDXOCWJI74FJDN4J.html
S2QBF6OMHQLYRJZEUUGAP7K4FRDF3VI7,http://www.bsnpr.com:80/jugador05.asp?r=xxx&r2=LCLADCPJBV&e=CAYEY,20050914142609,S2QBF6OMHQLYRJZEUUGAP7K4FRDF3VI7,CAYEY,S2QBF6OMHQLYRJZEUUGAP7K4FRDF3VI7.html
S32JZY46MZMZRQ5UJVJPAXH27YNFGOLC,http://www.bsnpr.com/jugador05.asp?r=xxx&r2=462736RX10&e=BAYAMON,20061119234439,S32JZY46MZMZRQ5UJVJPAXH27YNFGOLC,BAYAMON,S32JZY46MZMZRQ5UJVJPAXH27YNFGOLC.html
S54LPRB4P6BRUH5JQG3SRSK2OTBELPAC,http://www.bsnpr.com:80/jugador05.asp?r2=462796RX3K&e=ARECIBO,20050321233220,S54LPRB4P6BRUH5JQG3SRSK2OTBELPAC,ARECIBO,S54LPRB4P6BRUH5JQG3SRSK2OTBELPAC.html
S5RD6PRYNXRXYLAJ7MDYJ3OINW5GNWQD,http://www.bsnpr.com:80/jugador05.asp?r=xxx&r2=NXZNFEPSXU&e=,20050322231501,S5RD6PRYNXRXYLAJ7MDYJ3OINW5GNWQD,,S5RD6PRYNXRXYLAJ7MDYJ3OINW5GNWQD.html
SANLBSYCWK6JZGR3XMKYAFOT3GCS3SGO,http://www.bsnpr.com:80/jugador05.asp?r=xxx&r2=462766RX2E&e=QUEBRADILLAS,20050414065228,SANLBSYCWK6JZGR3XMKYAFOT3GCS3SGO,QUEBRADILLAS,SANLBSYCWK6JZGR3XMKYAFOT3GCS3SGO.html
SB4KBIWJNISHENHHVSHJYQUFQ7DQBFT2,http://www.bsnpr.com:80/jugador05.asp?r=xxx&r2=NPVAPJSFZS&e=,20050322231036,SB4KBIWJNISHENHHVSHJYQUFQ7DQBFT2,,SB4KBIWJNISHENHHVSHJYQUFQ7DQBFT2.html
SBDQEH3CKFIH4PXOIRGTBLXLT7AFTRQY,http://www.bsnpr.com:80/jugador05.asp?r=xxx&r2=462796RX3F&e=SANTURCE,20050414065111,SBDQEH3CKFIH4PXOIRGTBLXLT7AFTRQY,SANTURCE,SBDQEH3CKFIH4PXOIRGTBLXLT7AFTRQY.html
SBRCE4PXZ476REJ4NEFKS2BGZWCJ2ZX2,http://www.bsnpr.com:80/jugador05.asp?r2=462706RWZS&e=COAMO,20050321233121,SBRCE4PXZ476REJ4NEFKS2BGZWCJ2ZX2,COAMO,SBRCE4PXZ476REJ4NEFKS2BGZWCJ2ZX2.html
SCMCKB4JFILUXGZOPWTFFIEWTDBGDZXX,http://www.bsnpr.com:80/jugador05.asp?r=xxx&r2=VMVBLCRUQN&e=ISABELA,20050909160433,SCMCKB4JFILUXGZOPWTFFIEWTDBGDZXX,ISABELA,SCMCKB4JFILUXGZOPWTFFIEWTDBGDZXX.html
SD65RHVAZQ7HPZPLVAXWCJEC3JEG6R6U,http://www.bsnpr.com:80/jugador05.asp?r=xxx&r2=462746RX1D&e=,20050322103356,SD65RHVAZQ7HPZPLVAXWCJEC3JEG6R6U,,SD65RHVAZQ7HPZPLVAXWCJEC3JEG6R6U.html
SFIV4D7OG2NTN7AVNO77PTGWEU4T452P,http://www.bsnpr.com/jugador05.asp?r=xxx&r2=VAKWNGFMXW&e=ISABELA,20061119234618,SFIV4D7OG2NTN7AVNO77PTGWEU4T452P,ISABELA,SFIV4D7OG2NTN7AVNO77PTGWEU4T452P.html
SGXRB7XFL3VT4XU2WOP4FCTYIBF56FYB,http://www.bsnpr.com/jugador05.asp?r=xxx&r2=FMJCFBIPED&e=COAMO,20061119235735,SGXRB7XFL3VT4XU2WOP4FCTYIBF56FYB,COAMO,SGXRB7XFL3VT4XU2WOP4FCTYIBF56FYB.html
SJ5QS7YGEA2IJJU2INX646BAWVKSQ2PZ,http://www.bsnpr.com:80/jugador05.asp?r=xxx&r2=462766RX25&e=,20050322103037,SJ5QS7YGEA2IJJU2INX646BAWVKSQ2PZ,,SJ5QS7YGEA2IJJU2INX646BAWVKSQ2PZ.html
SJDHKWRNHCRWCBDUOWM5MCJXWHMO6XLY,http://www.bsnpr.com:80/jugador05.asp?r=xxx&r2=462786RX37&e=MAYAGUEZ,20050414065108,SJDHKWRNHCRWCBDUOWM5MCJXWHMO6XLY,MAYAGUEZ,SJDHKWRNHCRWCBDUOWM5MCJXWHMO6XLY.html
SKXELACYG3O6HPMK6YTLPLSOEREQXW7P,http://www.bsnpr.com:80/jugador05.asp?r=xxx&r2=462736RX0U&e=CAYEY,20050414064932,SKXELACYG3O6HPMK6YTLPLSOEREQXW7P,CAYEY,SKXELACYG3O6HPMK6YTLPLSOEREQXW7P.html
SL7L2K2C2UXUAATGHLAZR6ITFJAHLJE7,http://www.bsnpr.com:80/jugador05.asp?r=xxx&r2=462706RWZQ&e=COAMO,20050414064443,SL7L2K2C2UXUAATGHLAZR6ITFJAHLJE7,COAMO,SL7L2K2C2UXUAATGHLAZR6ITFJAHLJE7.html
SLJ3DQX5ERNSNIHQ5IEVCXIDAZQEJDZQ,http://www.bsnpr.com:80/jugador05.asp?r2=462786RX3B&e=SANTURCE,20050321233352,SLJ3DQX5ERNSNIHQ5IEVCXIDAZQEJDZQ,SANTURCE,SLJ3DQX5ERNSNIHQ5IEVCXIDAZQEJDZQ.html
SMOA2EOXILL4Z6IMPMIRBRFPXIB4R2TR,http://www.bsnpr.com:80/jugador05.asp?r=xxx&r2=462786RX3D&e=PONCE,20050414064848,SMOA2EOXILL4Z6IMPMIRBRFPXIB4R2TR,PONCE,SMOA2EOXILL4Z6IMPMIRBRFPXIB4R2TR.html
SO5LZQ3MDOCIBW7IMERTWGNAGGUPOZ7I,http://www.bsnpr.com/jugador05.asp?r=xxx&r2=462736RX0Z&e=BAYAMON,20061119235031,SO5LZQ3MDOCIBW7IMERTWGNAGGUPOZ7I,BAYAMON,SO5LZQ3MDOCIBW7IMERTWGNAGGUPOZ7I.html
SQ2X3CJBK3J4LAQSZS7TXIBM7VZLXZ64,http://www.bsnpr.com:80/jugador05.asp?r=xxx&r2=VNRVHEXWCD&e=,20050322231217,SQ2X3CJBK3J4LAQSZS7TXIBM7VZLXZ64,,SQ2X3CJBK3J4LAQSZS7TXIBM7VZLXZ64.html
SSODZQW7HRW2LZMKPFJD4Q44PAGECQMC,http://www.bsnpr.com:80/jugador05.asp?r=xxx&r2=COSEXFABFV&e=MAYAGUEZ,20050414065128,SSODZQW7HRW2LZMKPFJD4Q44PAGECQMC,MAYAGUEZ,SSODZQW7HRW2LZMKPFJD4Q44PAGECQMC.html
SYC33MNFKXR335WMG442BSGXZKXF45IY,http://www.bsnpr.com:80/jugador05.asp?r=xxx&r2=462696RWZC&e=,20050322103322,SYC33MNFKXR335WMG442BSGXZKXF45IY,,SYC33MNFKXR335WMG442BSGXZKXF45IY.html
T3XR6VLNZCU24DSCRWXZ6SGJECTJGRHA,http://www.bsnpr.com:80/jugador05.asp?r=xxx&r2=462666RWY3&e=,20050322102620,T3XR6VLNZCU24DSCRWXZ6SGJECTJGRHA,,T3XR6VLNZCU24DSCRWXZ6SGJECTJGRHA.html
TA4EFHD6KZQNPTFZHJKBNYKWEWFUITU5,http://www.bsnpr.com:80/jugador05.asp?r=xxx&r2=NXZNFEPSXU&e=CAGUAS,20050913124735,TA4EFHD6KZQNPTFZHJKBNYKWEWFUITU5,CAGUAS,TA4EFHD6KZQNPTFZHJKBNYKWEWFUITU5.html
TAZBRB7NWVEA5XVFDWJBTOH6XND7P5CY,http://www.bsnpr.com:80/jugador05.asp?r2=LAZPZZSQHB&e=BAYAMON,20050321233247,TAZBRB7NWVEA5XVFDWJBTOH6XND7P5CY,BAYAMON,TAZBRB7NWVEA5XVFDWJBTOH6XND7P5CY.html
TBQJHUOW2RLZKRMDPA4W7TKK7YLIQFH7,http://www.bsnpr.com:80/jugador05.asp?r=xxx&r2=MJPRZLCMZJ&e=BAYAMON,20050415172802,TBQJHUOW2RLZKRMDPA4W7TKK7YLIQFH7,BAYAMON,TBQJHUOW2RLZKRMDPA4W7TKK7YLIQFH7.html
TD7CWYBS7L3T6I6LMVN3AQFEIQ2X2XJK,http://www.bsnpr.com:80/jugador05.asp?r=xxx&r2=462796RX3G&e=,20050322231319,TD7CWYBS7L3T6I6LMVN3AQFEIQ2X2XJK,,TD7CWYBS7L3T6I6LMVN3AQFEIQ2X2XJK.html
TDENNKAXGPQU5CC5KPRXJJ77Y63K3U76,http://www.bsnpr.com/jugador05.asp?r=xxx&r2=ZBCOCSGWCF&e=CAYEY,20061119235121,TDENNKAXGPQU5CC5KPRXJJ77Y63K3U76,CAYEY,TDENNKAXGPQU5CC5KPRXJJ77Y63K3U76.html
TEMBG242NGTPZP752P45EAYJD5UI4PHM,http://www.bsnpr.com:80/jugador05.asp?r=xxx&r2=462676RWY7&e=BAYAMON,20050414064631,TEMBG242NGTPZP752P45EAYJD5UI4PHM,BAYAMON,TEMBG242NGTPZP752P45EAYJD5UI4PHM.html
TFIC2OM7CMABQQOHTHULQ4DJQOXXNG7Q,http://www.bsnpr.com:80/jugador05.asp?r=xxx&r2=462686RWYW&e=CAROLINA,20050914063918,TFIC2OM7CMABQQOHTHULQ4DJQOXXNG7Q,CAROLINA,TFIC2OM7CMABQQOHTHULQ4DJQOXXNG7Q.html
TFYY2MG6N2LFDRTE23IC6YA5DIFDES6S,http://www.bsnpr.com/jugador05.asp?r=xxx&r2=462786RX36&e=SAN%20GERMAN,20061119234654,TFYY2MG6N2LFDRTE23IC6YA5DIFDES6S,SAN GERMAN,TFYY2MG6N2LFDRTE23IC6YA5DIFDES6S.html
TGJREC2LQ6MP3NLP7Q6RB32PG2WVQKLS,http://www.bsnpr.com:80/jugador05.asp?r=xxx&r2=462756RX1Y&e=,20050322103353,TGJREC2LQ6MP3NLP7Q6RB32PG2WVQKLS,,TGJREC2LQ6MP3NLP7Q6RB32PG2WVQKLS.html
TNLYC6QRFGSP5H6RAAMRVL7XPQ4R2WKD,http://www.bsnpr.com:80/jugador05.asp?r=xxx&r2=462796RX3H&e=COAMO,20050414064544,TNLYC6QRFGSP5H6RAAMRVL7XPQ4R2WKD,COAMO,TNLYC6QRFGSP5H6RAAMRVL7XPQ4R2WKD.html
TO5IVODFEA66NY5YVF47EWM5FOEF2IIL,http://www.bsnpr.com:80/jugador05.asp?r=xxx&r2=462756RX22&e=CAYEY,20050414064536,TO5IVODFEA66NY5YVF47EWM5FOEF2IIL,CAYEY,TO5IVODFEA66NY5YVF47EWM5FOEF2IIL.html
TP2EDVVGI6EXKCNMOBNXEMQPJXHHPZU2,http://www.bsnpr.com:80/jugador05.asp?r=xxx&r2=LSWDWANJPU&e=QUEBRADILLAS,20050415172927,TP2EDVVGI6EXKCNMOBNXEMQPJXHHPZU2,QUEBRADILLAS,TP2EDVVGI6EXKCNMOBNXEMQPJXHHPZU2.html
TUUNKW5HVKBGKIU7E5QTEVMWD22SLUWD,http://www.bsnpr.com:80/jugador05.asp?r=xxx&r2=VJKVUBAGXS&e=,20050322231338,TUUNKW5HVKBGKIU7E5QTEVMWD22SLUWD,,TUUNKW5HVKBGKIU7E5QTEVMWD22SLUWD.html
TWZMFYASNYYJKYASNCGPXJSMBNLCBJAJ,http://www.bsnpr.com:80/jugador05.asp?r=xxx&r2=462726RX0K&e=,20050322102718,TWZMFYASNYYJKYASNCGPXJSMBNLCBJAJ,,TWZMFYASNYYJKYASNCGPXJSMBNLCBJAJ.html
TXLWDX6PZSYRIDCM7ACY6KQLIZ2H6QBK,http://www.bsnpr.com:80/jugador05.asp?r=xxx&r2=462686RWYW&e=,20050322103406,TXLWDX6PZSYRIDCM7ACY6KQLIZ2H6QBK,,TXLWDX6PZSYRIDCM7ACY6KQLIZ2H6QBK.html
TZMAOOM4R7LSK3KOLLFH5DYWPBDOOLEU,http://www.bsnpr.com:80/jugador05.asp?r=xxx&r2=IQKNMRYDAC&e=CAROLINA,20050902173914,TZMAOOM4R7LSK3KOLLFH5DYWPBDOOLEU,CAROLINA,TZMAOOM4R7LSK3KOLLFH5DYWPBDOOLEU.html
U33XUVJXUMYXEZ6H6KKDUBT2BCRKAXYE,http://www.bsnpr.com:80/jugador05.asp?r=xxx&r2=LAZPZZSQHB&e=BAYAMON,20050912122329,U33XUVJXUMYXEZ6H6KKDUBT2BCRKAXYE,BAYAMON,U33XUVJXUMYXEZ6H6KKDUBT2BCRKAXYE.html
U7BRMW3ATRZKZJUJDTSJSIZAB4UR3HHX,http://www.bsnpr.com/jugador05.asp?r=xxx&r2=462706RWZM&e=CAYEY,20061119235547,U7BRMW3ATRZKZJUJDTSJSIZAB4UR3HHX,CAYEY,U7BRMW3ATRZKZJUJDTSJSIZAB4UR3HHX.html
UBXGLCAF6DKATB43ZNSVKC74TFGM6ZF2,http://www.bsnpr.com:80/jugador05.asp?r=xxx&r2=462776RX2Z&e=SAN+GERMAN,20050905184334,UBXGLCAF6DKATB43ZNSVKC74TFGM6ZF2,SAN GERMAN,UBXGLCAF6DKATB43ZNSVKC74TFGM6ZF2.html
UDLP5OMAO5JQTDYYTSWZ64HO3D3P3DV3,http://www.bsnpr.com/jugador05.asp?r=xxx&r2=462776RX2K&e=SANTURCE,20061119235927,UDLP5OMAO5JQTDYYTSWZ64HO3D3P3DV3,SANTURCE,UDLP5OMAO5JQTDYYTSWZ64HO3D3P3DV3.html
UEJWIGO5EUR2QYGXAUURSQOQP3C7PCD5,http://www.bsnpr.com:80/jugador05.asp?r=xxx&r2=RQHBJHFUYT&e=CAYEY,20050415172815,UEJWIGO5EUR2QYGXAUURSQOQP3C7PCD5,CAYEY,UEJWIGO5EUR2QYGXAUURSQOQP3C7PCD5.html
UEQHAMUQP5NYOU5GVBZL763XPVV63EFY,http://www.bsnpr.com:80/jugador05.asp?r=xxx&r2=COSEXFABFV&e=,20050322231254,UEQHAMUQP5NYOU5GVBZL763XPVV63EFY,,UEQHAMUQP5NYOU5GVBZL763XPVV63EFY.html
UEYKFVGJ6KNLRC7ZF5OPBGEPZDVP3HSX,http://www.bsnpr.com:80/jugador05.asp?r2=462676RWYG&e=BAYAMON,20050321041751,UEYKFVGJ6KNLRC7ZF5OPBGEPZDVP3HSX,BAYAMON,UEYKFVGJ6KNLRC7ZF5OPBGEPZDVP3HSX.html
UHSA4TNI3M2Y7MEZH2WGUIRW7ELBZX73,http://www.bsnpr.com/jugador05.asp?r=xxx&r2=462656RWXN&e=CAYEY,20061119234049,UHSA4TNI3M2Y7MEZH2WGUIRW7ELBZX73,CAYEY,UHSA4TNI3M2Y7MEZH2WGUIRW7ELBZX73.html
UIG2FFHMFLU4VO3TWULEJVM2GFRY3GQU,http://www.bsnpr.com:80/jugador05.asp?r=xxx&r2=462786RX37&e=,20050322230930,UIG2FFHMFLU4VO3TWULEJVM2GFRY3GQU,,UIG2FFHMFLU4VO3TWULEJVM2GFRY3GQU.html
UIV7G7TFF562SVJC3VEKESGVMF6IKBPO,http://www.bsnpr.com:80/jugador05.asp?r=xxx&r2=462696RWZ3&e=,20050322103339,UIV7G7TFF562SVJC3VEKESGVMF6IKBPO,,UIV7G7TFF562SVJC3VEKESGVMF6IKBPO.html
UPJVLTU2NEP2UCD5TS7ECMFZXGOKPIVR,http://www.bsnpr.com/jugador05.asp?r=xxx&r2=462786RX3D&e=PONCE,20061119235427,UPJVLTU2NEP2UCD5TS7ECMFZXGOKPIVR,PONCE,UPJVLTU2NEP2UCD5TS7ECMFZXGOKPIVR.html
US6SAT7KCW6ZPUPLVX66XU7G5YGDUEQ2,http://www.bsnpr.com:80/jugador05.asp?r=xxx&r2=JQDFUJBFUW&e=SAN+GERMAN,20050910073024,US6SAT7KCW6ZPUPLVX66XU7G5YGDUEQ2,SAN GERMAN,US6SAT7KCW6ZPUPLVX66XU7G5YGDUEQ2.html
UTLFCEXPTYWN3GJA5AOZAVBIAJPKXXKE,http://www.bsnpr.com:80/jugador05.asp?r2=462706RWZT&e=COAMO,20050321233340,UTLFCEXPTYWN3GJA5AOZAVBIAJPKXXKE,COAMO,UTLFCEXPTYWN3GJA5AOZAVBIAJPKXXKE.html
UV3CIX6UM52DX6QJAQMMIEJYVDN6MGBO,http://www.bsnpr.com:80/jugador05.asp?r=xxx&r2=GPJZCWMDJH&e=ISABELA,20050907101825,UV3CIX6UM52DX6QJAQMMIEJYVDN6MGBO,ISABELA,UV3CIX6UM52DX6QJAQMMIEJYVDN6MGBO.html
UWAOLRWWTCUMENIRE22A7JZKYFOO5S3U,http://www.bsnpr.com:80/jugador05.asp?r2=462666RWY2&e=BAYAMON,20050321042242,UWAOLRWWTCUMENIRE22A7JZKYFOO5S3U,BAYAMON,UWAOLRWWTCUMENIRE22A7JZKYFOO5S3U.html
V3XL2EQIG3BQ4VBQSKGDRMQMQGTHKRC6,http://www.bsnpr.com/jugador05.asp?r=xxx&r2=462746RX1F&e=ARECIBO,20061119234732,V3XL2EQIG3BQ4VBQSKGDRMQMQGTHKRC6,ARECIBO,V3XL2EQIG3BQ4VBQSKGDRMQMQGTHKRC6.html
V6S5JLCJB5FAJ7XDJDE5M3Q6D5DTIPGV,http://www.bsnpr.com:80/jugador05.asp?r2=462686RWYM&e=BAYAMON,20050321041305,V6S5JLCJB5FAJ7XDJDE5M3Q6D5DTIPGV,BAYAMON,V6S5JLCJB5FAJ7XDJDE5M3Q6D5DTIPGV.html
VB6HMVHCXYM25NGRAASZWFO6N3RE45XP,http://www.bsnpr.com/jugador05.asp?r=xxx&r2=462666RWXY&e=ARECIBO,20061119234401,VB6HMVHCXYM25NGRAASZWFO6N3RE45XP,ARECIBO,VB6HMVHCXYM25NGRAASZWFO6N3RE45XP.html
VBSJEERYVYE2F6JYZYA4XCV4UXWOB3FF,http://www.bsnpr.com/jugador05.asp?r=xxx&r2=462756RX1V&e=PONCE,20061119234522,VBSJEERYVYE2F6JYZYA4XCV4UXWOB3FF,PONCE,VBSJEERYVYE2F6JYZYA4XCV4UXWOB3FF.html
VHGUK62XKRIBDJEWDZRBMXQRKJQ2DZAE,http://www.bsnpr.com:80/jugador05.asp?r=xxx&r2=462676RWYG&e=,20050322103513,VHGUK62XKRIBDJEWDZRBMXQRKJQ2DZAE,,VHGUK62XKRIBDJEWDZRBMXQRKJQ2DZAE.html
VHUBPN4H3AEDK5B6D4VERJQS2RAU7RPK,http://www.bsnpr.com:80/jugador05.asp?r=xxx&r2=TLRPRTYNXO&e=PONCE,20050415172722,VHUBPN4H3AEDK5B6D4VERJQS2RAU7RPK,PONCE,VHUBPN4H3AEDK5B6D4VERJQS2RAU7RPK.html
VHZJWYI7B23KUCJAXX7QNRJ7F3U2DTQH,http://www.bsnpr.com:80/jugador05.asp?r=xxx&r2=462666RWY2&e=BAYAMON,20050414064916,VHZJWYI7B23KUCJAXX7QNRJ7F3U2DTQH,BAYAMON,VHZJWYI7B23KUCJAXX7QNRJ7F3U2DTQH.html
VJDJGNU7VDZWTQXSULOIIIHDNY64T3PL,http://www.bsnpr.com:80/jugador05.asp?r2=462706RWZP&e=BAYAMON,20050321233412,VJDJGNU7VDZWTQXSULOIIIHDNY64T3PL,BAYAMON,VJDJGNU7VDZWTQXSULOIIIHDNY64T3PL.html
VLPJCVTMVAZNLUEEOO7ETMXHYUJTJZF4,http://www.bsnpr.com/jugador05.asp?r=xxx&r2=NPVAPJSFZS&e=CAGUAS,20061119235848,VLPJCVTMVAZNLUEEOO7ETMXHYUJTJZF4,CAGUAS,VLPJCVTMVAZNLUEEOO7ETMXHYUJTJZF4.html
VLTZJOI5FPKIPPW7YT5UX5U243IJGS3B,http://www.bsnpr.com:80/jugador05.asp?r=xxx&r2=462726RX0D&e=CAROLINA,20050414064604,VLTZJOI5FPKIPPW7YT5UX5U243IJGS3B,CAROLINA,VLTZJOI5FPKIPPW7YT5UX5U243IJGS3B.html
VM3QFM65HRY3UHOOFEBXAJWJC7PJB3FL,http://www.bsnpr.com/jugador05.asp?r=xxx&r2=462676RWYE&e=BAYAMON,20061119234947,VM3QFM65HRY3UHOOFEBXAJWJC7PJB3FL,BAYAMON,VM3QFM65HRY3UHOOFEBXAJWJC7PJB3FL.html
VMA5WQHD4W6JADVPLEU4HKNQV4LPDQGN,http://www.bsnpr.com/jugador05.asp?r=xxx&r2=462776RX2Z&e=SAN%20GERMAN,20061119235403,VMA5WQHD4W6JADVPLEU4HKNQV4LPDQGN,SAN GERMAN,VMA5WQHD4W6JADVPLEU4HKNQV4LPDQGN.html
VMZZFAXHABGVV6K2M2LWTFKDTLNWVDRN,http://www.bsnpr.com:80/jugador05.asp?r=xxx&r2=RFQUYLDBBQ&e=,20050322230820,VMZZFAXHABGVV6K2M2LWTFKDTLNWVDRN,,VMZZFAXHABGVV6K2M2LWTFKDTLNWVDRN.html
VNS62DOQLW3CKC7BARZ2R3NRYIMU7Q6Q,http://www.bsnpr.com:80/jugador05.asp?r=xxx&r2=ZBCOCSGWCF&e=,20050322231203,VNS62DOQLW3CKC7BARZ2R3NRYIMU7Q6Q,,VNS62DOQLW3CKC7BARZ2R3NRYIMU7Q6Q.html
VR24G4VXCSPFX4GWXHVEY3V4NANBWTH6,http://www.bsnpr.com/jugador05.asp?r=xxx&r2=462746RX1G&e=ISABELA,20061119234630,VR24G4VXCSPFX4GWXHVEY3V4NANBWTH6,ISABELA,VR24G4VXCSPFX4GWXHVEY3V4NANBWTH6.html
VRZE2TFOUFDNAQFSXQJFPNK5ZCHJWWEP,http://www.bsnpr.com:80/jugador05.asp?r2=462696RWZC&e=CAROLINA,20050321232947,VRZE2TFOUFDNAQFSXQJFPNK5ZCHJWWEP,CAROLINA,VRZE2TFOUFDNAQFSXQJFPNK5ZCHJWWEP.html
VSQMV7BPEY7ANWUEP5B5ZBEH6U5W7RFP,http://www.bsnpr.com:80/jugador05.asp?r=xxx&r2=APGOREFZVT&e=,20050322230644,VSQMV7BPEY7ANWUEP5B5ZBEH6U5W7RFP,,VSQMV7BPEY7ANWUEP5B5ZBEH6U5W7RFP.html
VSZ45X6CLQYWRNYW3DUIAGR3R3LLCPHD,http://www.bsnpr.com/jugador05.asp?r=xxx&r2=462686RWYV&e=CAYEY,20061119235437,VSZ45X6CLQYWRNYW3DUIAGR3R3LLCPHD,CAYEY,VSZ45X6CLQYWRNYW3DUIAGR3R3LLCPHD.html
VVBYOC5KOGWCY4L3X6MSYCOBZEL4DLIW,http://www.bsnpr.com:80/jugador05.asp?r=xxx&r2=462726RX0H&e=,20050322103059,VVBYOC5KOGWCY4L3X6MSYCOBZEL4DLIW,,VVBYOC5KOGWCY4L3X6MSYCOBZEL4DLIW.html
VWEFYQ57N6UOVFLWV7TRG7EENIB4BAVE,http://www.bsnpr.com:80/jugador05.asp?r=xxx&r2=462796RX3H&e=,20050322230610,VWEFYQ57N6UOVFLWV7TRG7EENIB4BAVE,,VWEFYQ57N6UOVFLWV7TRG7EENIB4BAVE.html
VYBGBGG267NGQ7OM4E73XIXN2VBJ6HJR,http://www.bsnpr.com:80/jugador05.asp?r=xxx&r2=EIPBMRZZXC&e=,20050322231043,VYBGBGG267NGQ7OM4E73XIXN2VBJ6HJR,,VYBGBGG267NGQ7OM4E73XIXN2VBJ6HJR.html
VYOQWJD3SEOMWUSGYIQU4SWSTIH63DMP,http://www.bsnpr.com/jugador05.asp?r=xxx&r2=462796RX3L&e=PONCE,20061119235242,VYOQWJD3SEOMWUSGYIQU4SWSTIH63DMP,PONCE,VYOQWJD3SEOMWUSGYIQU4SWSTIH63DMP.html
VYXWPGZTAWI3VS26JPZ4O52HTKWAHRL2,http://www.bsnpr.com/jugador05.asp?r=xxx&r2=462716RX03&e=COAMO,20061119233937,VYXWPGZTAWI3VS26JPZ4O52HTKWAHRL2,COAMO,VYXWPGZTAWI3VS26JPZ4O52HTKWAHRL2.html
VYZV2LJIXLBAA3IKC2T3KWPBSGPCQYM6,http://www.bsnpr.com:80/jugador05.asp?r=xxx&r2=462746RX1B&e=,20050322103110,VYZV2LJIXLBAA3IKC2T3KWPBSGPCQYM6,,VYZV2LJIXLBAA3IKC2T3KWPBSGPCQYM6.html
VZJKXVILUXRTKALMZLCAPGF4X3GUAOUF,http://www.bsnpr.com:80/jugador05.asp?r=xxx&r2=NCATVSVOSZ&e=,20050322231509,VZJKXVILUXRTKALMZLCAPGF4X3GUAOUF,,VZJKXVILUXRTKALMZLCAPGF4X3GUAOUF.html
VZXHJVP3CFNCBEN3YLBQ6GWNBO42TQTC,http://www.bsnpr.com:80/jugador05.asp?r=xxx&r2=LSWDWANJPU&e=,20050322231457,VZXHJVP3CFNCBEN3YLBQ6GWNBO42TQTC,,VZXHJVP3CFNCBEN3YLBQ6GWNBO42TQTC.html
W2EK2L7YVMQT467ICFHIQEAS4DWSJSLP,http://www.bsnpr.com/jugador05.asp?r=xxx&r2=462726RX0P&e=ISABELA,20061119234600,W2EK2L7YVMQT467ICFHIQEAS4DWSJSLP,ISABELA,W2EK2L7YVMQT467ICFHIQEAS4DWSJSLP.html
W7UJDYBMH42GYC7VQNMNOL7QYHSZIZVV,http://www.bsnpr.com:80/jugador05.asp?r=xxx&r2=VNVDFVOFKE&e=CAYEY,20050415172831,W7UJDYBMH42GYC7VQNMNOL7QYHSZIZVV,CAYEY,W7UJDYBMH42GYC7VQNMNOL7QYHSZIZVV.html
WAMCDANIHLK5EK2PVIIHRZVNY7LM3H23,http://www.bsnpr.com/jugador05.asp?r=xxx&r2=VNRVHEXWCD&e=SANTURCE,20061119235419,WAMCDANIHLK5EK2PVIIHRZVNY7LM3H23,SANTURCE,WAMCDANIHLK5EK2PVIIHRZVNY7LM3H23.html
WCG4ONOEUSXCFR2Z3M73KDM6WKBSJZ6Y,http://www.bsnpr.com:80/jugador05.asp?r=xxx&r2=462726RX0E&e=ISABELA,20050414064507,WCG4ONOEUSXCFR2Z3M73KDM6WKBSJZ6Y,ISABELA,WCG4ONOEUSXCFR2Z3M73KDM6WKBSJZ6Y.html
WCPOBUIQQCY7H5I2PWEFQILJGMAWZO54,http://www.bsnpr.com:80/jugador05.asp?r=xxx&r2=462716RX03&e=,20050322103303,WCPOBUIQQCY7H5I2PWEFQILJGMAWZO54,,WCPOBUIQQCY7H5I2PWEFQILJGMAWZO54.html
WH3DOL6QUXW275COSL67IM2OL34LAKFF,http://www.bsnpr.com:80/jugador05.asp?r=xxx&r2=462666RWXY&e=,20050322103902,WH3DOL6QUXW275COSL67IM2OL34LAKFF,,WH3DOL6QUXW275COSL67IM2OL34LAKFF.html
WHGAJXS3YNFOLMXGISKXRCPARSBTCQXO,http://www.bsnpr.com:80/jugador05.asp?r=xxx&r2=462676RWYC&e=,20050322103517,WHGAJXS3YNFOLMXGISKXRCPARSBTCQXO,,WHGAJXS3YNFOLMXGISKXRCPARSBTCQXO.html
WLARNY23F26WGOUP6ELLQKIA52NXJO7N,http://www.bsnpr.com:80/jugador05.asp?r=xxx&r2=462786RX3D&e=,20050322231527,WLARNY23F26WGOUP6ELLQKIA52NXJO7N,,WLARNY23F26WGOUP6ELLQKIA52NXJO7N.html
WN25GAPWBJBV6NLRLEJTUSPW2WI3CQSJ,http://www.bsnpr.com:80/jugador05.asp?r=xxx&r2=462776RX2S&e=,20050322103040,WN25GAPWBJBV6NLRLEJTUSPW2WI3CQSJ,,WN25GAPWBJBV6NLRLEJTUSPW2WI3CQSJ.html
WNDBWIDOHBFRR3KYAHCJIXGKN2VPO3YJ,http://www.bsnpr.com:80/jugador05.asp?r=xxx&r2=ZBCOCSGWCF&e=CAYEY,20050415172835,WNDBWIDOHBFRR3KYAHCJIXGKN2VPO3YJ,CAYEY,WNDBWIDOHBFRR3KYAHCJIXGKN2VPO3YJ.html
WNNIYGPI7R5CCIIYINQJTQP7AVY5PFMK,http://www.bsnpr.com/jugador05.asp?r=xxx&r2=PTJNVMVMKT&e=SAN%20GERMAN,20061119235307,WNNIYGPI7R5CCIIYINQJTQP7AVY5PFMK,SAN GERMAN,WNNIYGPI7R5CCIIYINQJTQP7AVY5PFMK.html
WO274DLILFNMZVXHKYMNQY2PIINIBW3H,http://www.bsnpr.com:80/jugador05.asp?r=xxx&r2=462666RWXR&e=ARECIBO,20050902185133,WO274DLILFNMZVXHKYMNQY2PIINIBW3H,ARECIBO,WO274DLILFNMZVXHKYMNQY2PIINIBW3H.html
WOHWYCY6WNBCIHTT4TA2LI55XQ6R4HV5,http://www.bsnpr.com:80/jugador05.asp?r2=462666RWXV&e=ARECIBO,20050321041405,WOHWYCY6WNBCIHTT4TA2LI55XQ6R4HV5,ARECIBO,WOHWYCY6WNBCIHTT4TA2LI55XQ6R4HV5.html
WOPGA6F36CCVRTYOSOI6CZ7JGW325OCY,http://www.bsnpr.com:80/jugador05.asp?r2=462756RX1U&e=PONCE,20050321233205,WOPGA6F36CCVRTYOSOI6CZ7JGW325OCY,PONCE,WOPGA6F36CCVRTYOSOI6CZ7JGW325OCY.html
WUJNAWQ4UOEFTW2LD6IEZZSKFZAMM5QF,http://www.bsnpr.com/jugador05.asp?r=xxx&r2=LAZPZZSQHB&e=BAYAMON,20061119233845,WUJNAWQ4UOEFTW2LD6IEZZSKFZAMM5QF,BAYAMON,WUJNAWQ4UOEFTW2LD6IEZZSKFZAMM5QF.html
WVDFPN6HDWDIQ5PRVMTFWN4E7BSCCCTY,http://www.bsnpr.com:80/jugador05.asp?r=xxx&r2=462706RWZP&e=CAYEY,20050414064803,WVDFPN6HDWDIQ5PRVMTFWN4E7BSCCCTY,CAYEY,WVDFPN6HDWDIQ5PRVMTFWN4E7BSCCCTY.html
WYS76MNE2AQZNPMFMBXEIAYRI5WD57XJ,http://www.bsnpr.com:80/jugador05.asp?r=xxx&r2=462686RWYQ&e=,20050322103609,WYS76MNE2AQZNPMFMBXEIAYRI5WD57XJ,,WYS76MNE2AQZNPMFMBXEIAYRI5WD57XJ.html
X3AF6FJHS2XVKMBEKT5HUUUICD7L4EM3,http://www.bsnpr.com:80/jugador05.asp?r=xxx&r2=FEIBBITGCL&e=CAROLINA,20050908101111,X3AF6FJHS2XVKMBEKT5HUUUICD7L4EM3,CAROLINA,X3AF6FJHS2XVKMBEKT5HUUUICD7L4EM3.html
X62XPARWNZFSBEYNERVELTPOJSTWPRF2,http://www.bsnpr.com:80/jugador05.asp?r2=462796RX3H&e=COAMO,20050321233123,X62XPARWNZFSBEYNERVELTPOJSTWPRF2,COAMO,X62XPARWNZFSBEYNERVELTPOJSTWPRF2.html
XAFZUMPBIDOMOESQWZN2E7YCB36DCURA,http://www.bsnpr.com:80/jugador05.asp?r=xxx&r2=462766RX2H&e=ISABELA,20050414065040,XAFZUMPBIDOMOESQWZN2E7YCB36DCURA,ISABELA,XAFZUMPBIDOMOESQWZN2E7YCB36DCURA.html
XDJJSZLKQLF55Y6T76R7GV4I7JCUALZR,http://www.bsnpr.com:80/jugador05.asp?r=xxx&r2=462706RWZV&e=COAMO,20050414064908,XDJJSZLKQLF55Y6T76R7GV4I7JCUALZR,COAMO,XDJJSZLKQLF55Y6T76R7GV4I7JCUALZR.html
XE4HET2JMNG2T4JFYRISCZ7KXB7FMP2T,http://www.bsnpr.com/jugador05.asp?r=xxx&r2=462716RX02&e=COAMO,20061119235938,XE4HET2JMNG2T4JFYRISCZ7KXB7FMP2T,COAMO,XE4HET2JMNG2T4JFYRISCZ7KXB7FMP2T.html
XGLAXPK7XYA576FNMPSWKJZ4BHCPPKN7,http://www.bsnpr.com:80/jugador05.asp?r=xxx&r2=462666RWXV&e=ARECIBO,20050414064855,XGLAXPK7XYA576FNMPSWKJZ4BHCPPKN7,ARECIBO,XGLAXPK7XYA576FNMPSWKJZ4BHCPPKN7.html
XGLDJFRE3R5XFF56ZMVKC3O5PODUKU7I,http://www.bsnpr.com:80/jugador05.asp?r=xxx&r2=462676RWYB&e=,20050322103018,XGLDJFRE3R5XFF56ZMVKC3O5PODUKU7I,,XGLDJFRE3R5XFF56ZMVKC3O5PODUKU7I.html
XGNOZCOSCFYBZKK7VV2MTYQBTRGVYQSQ,http://www.bsnpr.com:80/jugador05.asp?r=xxx&r2=462686RWYO&e=,20050322103002,XGNOZCOSCFYBZKK7VV2MTYQBTRGVYQSQ,,XGNOZCOSCFYBZKK7VV2MTYQBTRGVYQSQ.html
XHFW2KT5VSB57VETT7FUVKWCKYF3PYUV,http://www.bsnpr.com:80/jugador05.asp?r=xxx&r2=FMJCFBIPED&e=COAMO,20050414064519,XHFW2KT5VSB57VETT7FUVKWCKYF3PYUV,COAMO,XHFW2KT5VSB57VETT7FUVKWCKYF3PYUV.html
XJ4TBI2DYVBGEGUSO6VEOLUQAJ2T3CPI,http://www.bsnpr.com/jugador05.asp?r=xxx&r2=462686RWYM&e=BAYAMON,20061119235626,XJ4TBI2DYVBGEGUSO6VEOLUQAJ2T3CPI,BAYAMON,XJ4TBI2DYVBGEGUSO6VEOLUQAJ2T3CPI.html
XM2UU5TWJVGEV7XTUU5OTS3N2UOTW5JO,http://www.bsnpr.com/jugador05.asp?r=xxx&r2=462776RX2X&e=ARECIBO,20061119235602,XM2UU5TWJVGEV7XTUU5OTS3N2UOTW5JO,ARECIBO,XM2UU5TWJVGEV7XTUU5OTS3N2UOTW5JO.html
XRIOKKDVXBZICVXISJY7QHG4TZDTROAY,http://www.bsnpr.com:80/jugador05.asp?r=xxx&r2=462756RX1T&e=PONCE,20050904210203,XRIOKKDVXBZICVXISJY7QHG4TZDTROAY,PONCE,XRIOKKDVXBZICVXISJY7QHG4TZDTROAY.html
XRXV6VFRMJRXP7ROVM5CSVT35DIGRYP5,http://www.bsnpr.com:80/jugador05.asp?r=xxx&r2=462716RX02&e=,20050322102640,XRXV6VFRMJRXP7ROVM5CSVT35DIGRYP5,,XRXV6VFRMJRXP7ROVM5CSVT35DIGRYP5.html
XWIR2IPBZSQREKN63SPQIIAW3G3L3IIQ,http://www.bsnpr.com:80/jugador05.asp?r2=462756RX1V&e=PONCE,20050321233127,XWIR2IPBZSQREKN63SPQIIAW3G3L3IIQ,PONCE,XWIR2IPBZSQREKN63SPQIIAW3G3L3IIQ.html
XXK6NTOARYWBGFNTJTY4O5QAFPS2ZOGI,http://www.bsnpr.com/jugador05.asp?r=xxx&r2=MDABMRDBYG&e=MAYAGUEZ,20061119233827,XXK6NTOARYWBGFNTJTY4O5QAFPS2ZOGI,MAYAGUEZ,XXK6NTOARYWBGFNTJTY4O5QAFPS2ZOGI.html
XYA5LPG7V7JUXGBZMPRJUY4546CV62DR,http://www.bsnpr.com:80/jugador05.asp?r=xxx&r2=462756RX20&e=,20050322103747,XYA5LPG7V7JUXGBZMPRJUY4546CV62DR,,XYA5LPG7V7JUXGBZMPRJUY4546CV62DR.html
XZOQLZ5FKV3BJICTVNT2MM74JPLAGW7X,http://www.bsnpr.com:80/jugador05.asp?r=xxx&r2=462726RX0Q&e=,20050322102633,XZOQLZ5FKV3BJICTVNT2MM74JPLAGW7X,,XZOQLZ5FKV3BJICTVNT2MM74JPLAGW7X.html
Y2JHL5G6FA4HAIEQKZFLYOKLFFWUFZAB,http://www.bsnpr.com/jugador05.asp?r=xxx&r2=462756RX1U&e=PONCE,20061119234031,Y2JHL5G6FA4HAIEQKZFLYOKLFFWUFZAB,PONCE,Y2JHL5G6FA4HAIEQKZFLYOKLFFWUFZAB.html
Y2R3YFYLK4FJJJQ5U3NYT4ZULCBJWD3M,http://www.bsnpr.com:80/jugador05.asp?r2=462736RX10&e=BAYAMON,20050321233318,Y2R3YFYLK4FJJJQ5U3NYT4ZULCBJWD3M,BAYAMON,Y2R3YFYLK4FJJJQ5U3NYT4ZULCBJWD3M.html
Y4R6X2BVJLOTNVBMA5VBKPJGP2EWUGWP,http://www.bsnpr.com/jugador05.asp?r=xxx&r2=462756RX22&e=CAYEY,20061119233958,Y4R6X2BVJLOTNVBMA5VBKPJGP2EWUGWP,CAYEY,Y4R6X2BVJLOTNVBMA5VBKPJGP2EWUGWP.html
Y6UF4M62AACPYT3FIUXK7DGM4TFHORA4,http://www.bsnpr.com:80/jugador05.asp?r=xxx&r2=462786RX36&e=SAN+GERMAN,20050911232434,Y6UF4M62AACPYT3FIUXK7DGM4TFHORA4,SAN GERMAN,Y6UF4M62AACPYT3FIUXK7DGM4TFHORA4.html
Y7JZZFIZD43RIEV2QTFCE3GHUDSIVRTX,http://www.bsnpr.com/jugador05.asp?r=xxx&r2=462766RX2J&e=SANTURCE,20061119235058,Y7JZZFIZD43RIEV2QTFCE3GHUDSIVRTX,SANTURCE,Y7JZZFIZD43RIEV2QTFCE3GHUDSIVRTX.html
YGCRE6DR6GLOKJWLES7YOCB7V4P3MKGS,http://www.bsnpr.com:80/jugador05.asp?r2=462716RX01&e=CAROLINA,20050321233513,YGCRE6DR6GLOKJWLES7YOCB7V4P3MKGS,CAROLINA,YGCRE6DR6GLOKJWLES7YOCB7V4P3MKGS.html
YIMKW3TXRN5ESXMMO4I3HXZZKW3E26H4,http://www.bsnpr.com/jugador05.asp?r=xxx&r2=GPJZCWMDJH&e=ISABELA,20061119235815,YIMKW3TXRN5ESXMMO4I3HXZZKW3E26H4,ISABELA,YIMKW3TXRN5ESXMMO4I3HXZZKW3E26H4.html
YN2IA7VS64MIWIIJXKIDOZM2JOJ5ILEE,http://www.bsnpr.com:80/jugador05.asp?r2=462746RX1F&e=ARECIBO,20050321233043,YN2IA7VS64MIWIIJXKIDOZM2JOJ5ILEE,ARECIBO,YN2IA7VS64MIWIIJXKIDOZM2JOJ5ILEE.html
YPRVAXDG73TN4BIA6IBDPPL7BJUIV3NU,http://www.bsnpr.com/jugador05.asp?r=xxx&r2=OLQUXXXGVB&e=PONCE,20061119234322,YPRVAXDG73TN4BIA6IBDPPL7BJUIV3NU,PONCE,YPRVAXDG73TN4BIA6IBDPPL7BJUIV3NU.html
YRHUILXYAVTYEVBVUBUMSIQA44AXLG62,http://www.bsnpr.com:80/jugador05.asp?r2=462766RX25&e=COAMO,20050321232954,YRHUILXYAVTYEVBVUBUMSIQA44AXLG62,COAMO,YRHUILXYAVTYEVBVUBUMSIQA44AXLG62.html
YSNFCBBNUFEGQTPP6TPJGMLZ5BEUSYOW,http://www.bsnpr.com:80/jugador05.asp?r=xxx&r2=462726RX0N&e=,20050322103129,YSNFCBBNUFEGQTPP6TPJGMLZ5BEUSYOW,,YSNFCBBNUFEGQTPP6TPJGMLZ5BEUSYOW.html
YSWCBIBHXV5REYL3DNN6ML72NSVTGPCN,http://www.bsnpr.com:80/jugador05.asp?r=xxx&r2=462736RX10&e=BAYAMON,20050414064524,YSWCBIBHXV5REYL3DNN6ML72NSVTGPCN,BAYAMON,YSWCBIBHXV5REYL3DNN6ML72NSVTGPCN.html
YTOAWJ4BJ45H5PZCFCO5BLOMPEOJ3DIW,http://www.bsnpr.com:80/jugador05.asp?r=xxx&r2=462696RWZ3&e=CAROLINA,20050414065051,YTOAWJ4BJ45H5PZCFCO5BLOMPEOJ3DIW,CAROLINA,YTOAWJ4BJ45H5PZCFCO5BLOMPEOJ3DIW.html
YTTEETHQ7ZFKE3WVVUTGLUSWMZOIZMT2,http://www.bsnpr.com:80/jugador05.asp?r=xxx&r2=462726RX0N&e=ISABELA,20050414064935,YTTEETHQ7ZFKE3WVVUTGLUSWMZOIZMT2,ISABELA,YTTEETHQ7ZFKE3WVVUTGLUSWMZOIZMT2.html
YWEG6TJLBWHTYJNEYSJXOXKS5IVO5AYN,http://www.bsnpr.com:80/jugador05.asp?r=xxx&r2=PTJNVMVMKT&e=SAN+GERMAN,20050415172923,YWEG6TJLBWHTYJNEYSJXOXKS5IVO5AYN,SAN GERMAN,YWEG6TJLBWHTYJNEYSJXOXKS5IVO5AYN.html
YXF6DRHWRKJEG6W3C4N6V4NXHLYKXD6W,http://www.bsnpr.com:80/jugador05.asp?r2=462676RWYE&e=BAYAMON,20050321042428,YXF6DRHWRKJEG6W3C4N6V4NXHLYKXD6W,BAYAMON,YXF6DRHWRKJEG6W3C4N6V4NXHLYKXD6W.html
YYOMCVADU4DW4Q3FK2PXIWG27TOPVP2Z,http://www.bsnpr.com/jugador05.asp?r=xxx&r2=UXVQBCKQAR&e=CAROLINA,20061119235648,YYOMCVADU4DW4Q3FK2PXIWG27TOPVP2Z,CAROLINA,YYOMCVADU4DW4Q3FK2PXIWG27TOPVP2Z.html
YZ3TJR7PTG4F4VQUGLOKFVWKTVIU5NFW,http://www.bsnpr.com/jugador05.asp?r=xxx&r2=462686RWYU&e=COAMO,20061119234455,YZ3TJR7PTG4F4VQUGLOKFVWKTVIU5NFW,COAMO,YZ3TJR7PTG4F4VQUGLOKFVWKTVIU5NFW.html
Z27YGTLEMRYTKCUQRNSOTBRD4B35J5RZ,http://www.bsnpr.com:80/jugador05.asp?r2=462696RWZ3&e=CAROLINA,20050321233243,Z27YGTLEMRYTKCUQRNSOTBRD4B35J5RZ,CAROLINA,Z27YGTLEMRYTKCUQRNSOTBRD4B35J5RZ.html
ZE2S77NTDTTLAOQRP4ADJJVE2GHSMHC7,http://www.bsnpr.com:80/jugador05.asp?r=xxx&r2=462706RWZT&e=,20050322103743,ZE2S77NTDTTLAOQRP4ADJJVE2GHSMHC7,,ZE2S77NTDTTLAOQRP4ADJJVE2GHSMHC7.html
ZGXOQY5KOR3PUTF4JWN6ZKJTV3JQAKUE,http://www.bsnpr.com:80/jugador05.asp?r=xxx&r2=WOBFMNCQVQ&e=SANTURCE,20050415172915,ZGXOQY5KOR3PUTF4JWN6ZKJTV3JQAKUE,SANTURCE,ZGXOQY5KOR3PUTF4JWN6ZKJTV3JQAKUE.html
ZK34VZ6IDDIRPYRF444M7W2UDMYTMENZ,http://www.bsnpr.com:80/jugador05.asp?r=xxx&r2=462766RX2J&e=,20050322103226,ZK34VZ6IDDIRPYRF444M7W2UDMYTMENZ,,ZK34VZ6IDDIRPYRF444M7W2UDMYTMENZ.html
ZLIYX4VMDIDJC4CUVCMUKUS4ENHA4VUD,http://www.bsnpr.com:80/jugador05.asp?r=xxx&r2=462756RX1T&e=,20050322102751,ZLIYX4VMDIDJC4CUVCMUKUS4ENHA4VUD,,ZLIYX4VMDIDJC4CUVCMUKUS4ENHA4VUD.html
ZN6ZPHNYTSTSI7FRYO62SGUEF2HUQ7JA,http://www.bsnpr.com:80/jugador05.asp?r2=MJPRZLCMZJ&e=BAYAMON,20050321232831,ZN6ZPHNYTSTSI7FRYO62SGUEF2HUQ7JA,BAYAMON,ZN6ZPHNYTSTSI7FRYO62SGUEF2HUQ7JA.html
ZQZD6PPH7EGSIQ4NRHCE45Q27KHJF6W2,http://www.bsnpr.com/jugador05.asp?r=xxx&r2=462796RX3F&e=SANTURCE,20061119234036,ZQZD6PPH7EGSIQ4NRHCE45Q27KHJF6W2,SANTURCE,ZQZD6PPH7EGSIQ4NRHCE45Q27KHJF6W2.html
ZRNBS2OFBWMJFTQPLFBSHYGUHTJVF2II,http://www.bsnpr.com:80/jugador05.asp?r=xxx&r2=462776RX2U&e=CAGUAS,20050414064827,ZRNBS2OFBWMJFTQPLFBSHYGUHTJVF2II,CAGUAS,ZRNBS2OFBWMJFTQPLFBSHYGUHTJVF2II.html
ZSNNG6NEUS245NHUVVGVBVZ4CJMS46CE,http://www.bsnpr.com/jugador05.asp?r=xxx&r2=462716RX0B&e=CAGUAS,20061119234941,ZSNNG6NEUS245NHUVVGVBVZ4CJMS46CE,CAGUAS,ZSNNG6NEUS245NHUVVGVBVZ4CJMS46CE.html
ZUQPDOL5YPXPKFKG2MXLUFYK64F3HYQB,http://www.bsnpr.com:80/jugador05.asp?r=xxx&r2=462766RX2E&e=,20050322103909,ZUQPDOL5YPXPKFKG2MXLUFYK64F3HYQB,,ZUQPDOL5YPXPKFKG2MXLUFYK64F3HYQB.html
ZVC3GTN5F37E6RNTHCYU3RZK2MSSBWSN,http://www.bsnpr.com/jugador05.asp?r=xxx&r2=462696RWZ3&e=CAROLINA,20061119235708,ZVC3GTN5F37E6RNTHCYU3RZK2MSSBWSN,CAROLINA,ZVC3GTN5F37E6RNTHCYU3RZK2MSSBWSN.html
ZVVFU6ZKIA6BO3UQGTDMCGMD27YN7IY5,http://www.bsnpr.com:80/jugador05.asp?r=xxx&r2=462736RX0Z&e=BAYAMON,20050414065020,ZVVFU6ZKIA6BO3UQGTDMCGMD27YN7IY5,BAYAMON,ZVVFU6ZKIA6BO3UQGTDMCGMD27YN7IY5.html
ZZSIZ4POQLUXGBJOZ5SXXHDRABV37CRU,http://www.bsnpr.com:80/jugador05.asp?r=xxx&r2=462676RWYF&e=,20050322103122,ZZSIZ4POQLUXGBJOZ5SXXHDRABV37CRU,,ZZSIZ4POQLUXGBJOZ5SXXHDRABV37CRU.html
