script,capture_year,digest,r,timestamp,local_file,gated
gamestatwide.asp,2001,XFLYDBQIKCOMYGONVBC54DE4MESZYOF6,BS21057,20010622192428,2001_20010622192428_XFLYDBQI.html,no
gamestatwide.asp,2001,ESRVRVRPJDAMLQPSIYJH3MDUPMSU3QIS,BS21059,20010702194031,2001_20010702194031_ESRVRVRP.html,no
gamestatwide.asp,2001,VAVRXS5VR5O5EVMBWIS4RDMQDUCGYVN3,,20010708051552,2001_20010708051552_VAVRXS5V.html,no
gamestatwide.asp,2001,XDMQBCNR3AGCWIGB6SA2NKTI6OBR76OM,BS21057,20010726155853,2001_20010726155853_XDMQBCNR.html,no
gamestatwide.asp,2001,JOC6ZCINOKRHSZOVW63DZQ6Q4NVL5N3E,BS21060,20010726160414,2001_20010726160414_JOC6ZCIN.html,no
gamestatwide.asp,2001,U23ZJICCNYU4CBNSW4CVU5HHKJKC74QW,BS21040,20010726162357,2001_20010726162357_U23ZJICC.html,no
gamestatwide.asp,2001,FWTSF26WHHF4NF3A4RNDYEPZIHOHX5A6,BS21037,20010726162422,2001_20010726162422_FWTSF26W.html,no
gamestatwide.asp,2001,MKD7GFOFEDYMXILNYC7ATOWELRRB73BJ,BS21051,20010726162927,2001_20010726162927_MKD7GFOF.html,no
gamestatwide.asp,2001,DPHKSQ6DPFI5RBIVLBGVDA7RRPZMEZTI,BS21011,20010729002453,2001_20010729002453_DPHKSQ6D.html,no
gamestatwide.asp,2001,UIIJNAA57FVL3VENE5U7MEF3AMC5EPK6,BS21072,20010730190638,2001_20010730190638_UIIJNAA5.html,no
gamestatwide.asp,2001,XO347ZDIOLARDMWYYKVTCWZDDEC262BH,BS21076,20010730191055,2001_20010730191055_XO347ZDI.html,no
gamestatwide.asp,2001,6SAHLS2WM5SZBSSHMURD4GON74EN3SCO,BS21095,20010730191131,2001_20010730191131_6SAHLS2W.html,no
gamestatwide.asp,2001,6MV7CFCFE4SC6LCEXZQX7ISYAOTETMJO,BS21100,20010730191543,2001_20010730191543_6MV7CFCF.html,no
gamestatwide.asp,2001,KVTIKNE2FEHNZNVQUTJNUFQTPX4P4R5D,BS21113,20010730191857,2001_20010730191857_KVTIKNE2.html,no
gamestatwide.asp,2001,KPYFHFW5W3XDOY23NFMO7SS6UPW5X2YC,BS21027,20010730203218,2001_20010730203218_KPYFHFW5.html,no
gamestatwide.asp,2001,STGL5UFMCMFDVQ6B2Q65K36MFZDE5IRZ,BS21034,20010730203658,2001_20010730203658_STGL5UFM.html,no
gamestatwide.asp,2001,5FV6ABQAIAGIHB4TDEOS533NUHUZWDLD,BS21043,20010730204302,2001_20010730204302_5FV6ABQA.html,no
gamestatwide.asp,2001,PSBFX7TYS7QE7PUVMUSV6VZCIH33IGUS,BS21052,20010730204921,2001_20010730204921_PSBFX7TY.html,no
gamestatwide.asp,2001,34SBPGCYCU46SKFK2WFASG7QCVQEE3V7,BS21128,20010731222813,2001_20010731222813_34SBPGCY.html,no
gamestatwide.asp,2001,AQS5VE7U33OFHTAWXEK5CJDFYKW6QUTQ,BS21134,20010731222950,2001_20010731222950_AQS5VE7U.html,no
gamestatwide.asp,2001,WAUHVRRIPK22KRFWPI7SY7LJONTFJ36F,BS21135,20010731223112,2001_20010731223112_WAUHVRRI.html,no
gamestatwide.asp,2001,DISZYUWR7BZKKJ4GYD2G7C7HGK72H3I3,BS21139,20010731224516,2001_20010731224516_DISZYUWR.html,no
gamestatwide.asp,2001,DIGLYRPU5SB2NNQWB2BLX3GXR7BYQYIE,BS21140,20010731224636,2001_20010731224636_DIGLYRPU.html,no
gamestatwide.asp,2001,FRONKX6XV6R6PBD66344JLYX64TC5A77,BS21141,20010731224810,2001_20010731224810_FRONKX6X.html,no
gamestatwide.asp,2001,VMOYHAAB34AAKPA3TCJOCHUY6FGOL22P,BS21143,20010731225104,2001_20010731225104_VMOYHAAB.html,no
gamestatwide.asp,2001,HCO6HJL3NGJFHFSKTYNH77DKGG6YE5FP,BS21190,20010803080738,2001_20010803080738_HCO6HJL3.html,no
gamestatwide.asp,2001,NYZSO3UNHLVZALR7YD533SLYFT7PVFLI,BS21186,20010814094151,2001_20010814094151_NYZSO3UN.html,no
gamestatwide.asp,2001,TJFGKNRXSYAJA3SXTRUFQJFHUYALW5Y6,BS21200,20010901043406,2001_20010901043406_TJFGKNRX.html,no
gamestatwide.asp,2001,OBIHLMTARK2WC5URDXMFIBOCTW2R7VNJ,BS21228,20010901045814,2001_20010901045814_OBIHLMTA.html,no
gamestatwide.asp,2001,IIAA5SNQJUHX6KRDYDC3LFALT5SDC6CO,BS21238,20010901050921,2001_20010901050921_IIAA5SNQ.html,no
gamestatwide.asp,2001,V2LJFVBF77YKPJNBBAZK5F3EXBNT3KPD,BS21151,20010901052315,2001_20010901052315_V2LJFVBF.html,no
gamestatwide.asp,2001,KXZGARYTCJS4L5KZ4W2MS6L7EMVEZFTM,BS21186,20010901052947,2001_20010901052947_KXZGARYT.html,no
gamestatwide.asp,2001,Z4NV65CBNUURMSRS7LYJM2KNKRY2SXT2,BS21200,20010917105006,2001_20010917105006_Z4NV65CB.html,no
gamestatwide.asp,2001,HXYXQUIYLO43KKWUDIRRGCIRAO4GPTNS,BS21228,20010917105704,2001_20010917105704_HXYXQUIY.html,no
gamestatwide.asp,2001,ZV2WH3YUEVPLMSTXQK7CZPTPI3JTSGXL,BS21233,20010917110131,2001_20010917110131_ZV2WH3YU.html,no
gamestatwide.asp,2001,T3YWVCXL5IXJSY2IUABCOOJC7HL6UKAH,BS21238,20010917110812,2001_20010917110812_T3YWVCXL.html,no
gamestatwide.asp,2001,ZWNPFMWWUYR4UR26QMDN642JFK2N7SZ6,BS21025,20011005085046,2001_20011005085046_ZWNPFMWW.html,no
gamestatwide.asp,2001,W6PJX3OHVNZI5KISRPKYD72CSBEPPYGF,BS21020,20011005085740,2001_20011005085740_W6PJX3OH.html,no
gamestatwide.asp,2001,PU5PBQZCHOLOEAJUM7FPYQQ67XQ2EOQW,BS21039,20011005092005,2001_20011005092005_PU5PBQZC.html,no
gamestatwide.asp,2001,7YWMSGIC3ZEIMJ7LWWAIUYUQZ55PQIWC,BS21062,20011005092920,2001_20011005092920_7YWMSGIC.html,no
gamestatwide.asp,2001,NNBCRSCOZT6CLJMGOLTUNGLGOP7TFUGI,BS21055,20011005093119,2001_20011005093119_NNBCRSCO.html,no
gamestatwide.asp,2001,GHVBOACT6GR7EVJYJ3YFDLEC73VZKQZX,BS21065,20011005095115,2001_20011005095115_GHVBOACT.html,no
gamestatwide.asp,2001,ZJXIE4AEGUBPCUQXJ6BBU2GGSRAUYAYR,BS21086,20011005095306,2001_20011005095306_ZJXIE4AE.html,no
gamestatwide.asp,2001,N4KDATUTZQRT4QFHAO3H6XMVSFDN5OLT,BS21081,20011005102254,2001_20011005102254_N4KDATUT.html,no
gamestatwide.asp,2001,CVKK7EA4X72T6OUA2FOA3LZZDGNJSTJN,BS21093,20011005123351,2001_20011005123351_CVKK7EA4.html,no
gamestatwide.asp,2001,3KID56NTBNT6VJWNYNYZCBOJYRBDSYRU,BS21001,20011005142001,2001_20011005142001_3KID56NT.html,no
gamestatwide.asp,2001,NZDHLQBOILAMUOLT2L4YOVAZPXMR5P4F,BS21304,20011020072326,2001_20011020072326_NZDHLQBO.html,no
gamestatwide.asp,2001,VV34PXBTDZ3Y5B3TDS6TRK2ZRGIOGNFX,BS21303,20011020072803,2001_20011020072803_VV34PXBT.html,no
gamestatwide.asp,2001,NPA5F5Q7WU2L6KJTOF52RCAA3IQDVYQX,BS21305,20011020073637,2001_20011020073637_NPA5F5Q7.html,no
gamestatwide.asp,2001,APZJ34YR64OYEART7C4IXGDB4TY2PLOC,BS21307,20011020074608,2001_20011020074608_APZJ34YR.html,no
gamestatwide.asp,2001,GKDE34EYOS5GPOKXLDXJ2ZHK2TOFVV7O,BS21308,20011020074738,2001_20011020074738_GKDE34EY.html,no
gamestatwide.asp,2001,LE4U4GOYQBVYUSDWYNTAQGRQMONSQILX,BS21309,20011020100200,2001_20011020100200_LE4U4GOY.html,no
gamestatwide.asp,2001,I66PENTVVU2DYIT2PTPJR5ONHUVPT5HZ,BS21310,20011020101511,2001_20011020101511_I66PENTV.html,no
gamestatwide.asp,2001,EKWHJ2L2SCAICD2YNLHMYEV7CVQ3NJ5C,BS21311,20011020102052,2001_20011020102052_EKWHJ2L2.html,no
gamestatwide.asp,2001,KGVO4HLJ34EAVZIBBMP3BBMDYRSAGDHP,BS21312,20011020102732,2001_20011020102732_KGVO4HLJ.html,no
gamestatwide.asp,2001,DAQT7VUQ2AT4J63VLGIUHPRJLE33OLME,BS21196,20011101174305,2001_20011101174305_DAQT7VUQ.html,no
gamestatwide.asp,2001,H5CSYMSSYWBKFJYGT3IIVO5CF4E3ST4P,BS21125,20011101174916,2001_20011101174916_H5CSYMSS.html,no
gamestatwide.asp,2001,WZAXMXK6KDXUWMJR7V67B4GNO3DCUVHD,BS21204,20011101175700,2001_20011101175700_WZAXMXK6.html,no
gamestatwide.asp,2001,N4GME6AWCJ6BG57UWGVQ33IGGHL4FMZA,BS21312,20011101175905,2001_20011101175905_N4GME6AW.html,no
gamestatwide.asp,2001,GF32NXVKDVZLWSJII6YKMINC6NV2Z6EN,BS21310,20011101180100,2001_20011101180100_GF32NXVK.html,no
gamestatwide.asp,2001,6VUZ5E4CWJYKY3VFDFPXOPT5BNOVOZ3A,BS21308,20011101180253,2001_20011101180253_6VUZ5E4C.html,no
gamestatwide.asp,2001,ZHUELKLZSZTNVPYFSZD662RQZNERKKJ4,BS21208,20011101180354,2001_20011101180354_ZHUELKLZ.html,no
gamestatwide.asp,2001,PUJIDDHDHE6EPDNVFMIKWOLD6KUUTABL,BS21135,20011101180510,2001_20011101180510_PUJIDDHD.html,no
gamestatwide.asp,2001,2RQUHY5NVODGC2GHW6YIZ3KIQZPAFWJS,BS21212,20011101181030,2001_20011101181030_2RQUHY5N.html,no
gamestatwide.asp,2001,QWW7LBJP2LXWVM362MEYTXEWZBMFKERX,BS21152,20011101181536,2001_20011101181536_QWW7LBJP.html,no
gamestatwide.asp,2001,RXLPNJHNOMFMTFHZHUO3GD6DO3T3LFRE,BS21220,20011101181706,2001_20011101181706_RXLPNJHN.html,no
gamestatwide.asp,2001,WFWCBT3RRJGLHXYRNCN3WYADZJIVMQWR,BS21400,20011101181733,2001_20011101181733_WFWCBT3R.html,no
gamestatwide.asp,2001,MHYZXG65ZWOV4MXC3OQJZMYGBJUH6UVX,BS21165,20011101181818,2001_20011101181818_MHYZXG65.html,no
gamestatwide.asp,2001,KX6X63Q7LQIAVW4GEHWER27QHLQMQ5DQ,BS21155,20011101181850,2001_20011101181850_KX6X63Q7.html,no
gamestatwide.asp,2001,YNZ26XZLSDENYH5Z7SR6YVC2BA7QOXSN,BS21216,20011101181954,2001_20011101181954_YNZ26XZL.html,no
gamestatwide.asp,2001,3ZK3WKIHRGJXHVOMUKN2XNMTJDJ2ZZWL,BS21401,20011101182246,2001_20011101182246_3ZK3WKIH.html,no
gamestatwide.asp,2001,I2V3QHD6TUJETLSVHVKCTNNSSRZ2HY7M,BS21402,20011101182315,2001_20011101182315_I2V3QHD6.html,no
gamestatwide.asp,2001,D6YG5EKSPK2TL76R72GE7DY6WUAROJMM,BS21403,20011101182419,2001_20011101182419_D6YG5EKS.html,no
gamestatwide.asp,2001,MYHJWOXR35WWJKJPWLULM5USLP554VLD,BS21224,20011101182914,2001_20011101182914_MYHJWOXR.html,no
gamestatwide.asp,2001,MDD4Z5RWJRMWWCGQSQWAGWHUWO6BFNAA,BS21169,20011101182923,2001_20011101182923_MDD4Z5RW.html,no
gamestatwide.asp,2001,SCBQCC243NHOGRJG2QPGZFMFS2DOD67K,BS21232,20011101182959,2001_20011101182959_SCBQCC24.html,no
gamestatwide.asp,2001,UCIFTGU7KAGVZAABOEEM7IP6DV4DXP5T,BS21176,20011101183536,2001_20011101183536_UCIFTGU7.html,no
gamestatwide.asp,2001,57Z3QP26GA7EZ5UVEK2TZC2ENZIAPD24,BS21188,20011101183537,2001_20011101183537_57Z3QP26.html,no
gamestatwide.asp,2001,7M3TXDOP4IAUMUCKGCCU74UHZEVSNKUP,BS21103,20011101183604,2001_20011101183604_7M3TXDOP.html,no
gamestatwide.asp,2001,P2XFDK3UXH3LI4MPZXF5YX2ACNU3SKA4,BS21184,20011101183731,2001_20011101183731_P2XFDK3U.html,no
gamestatwide.asp,2001,GZGHDQPJVM77CD75NSPCIC2R57DD5E6L,BS21236,20011101183808,2001_20011101183808_GZGHDQPJ.html,no
gamestatwide.asp,2001,GP2QKQBK5U3BBBUPM66S3CXMACJUIJVK,BS21304,20011101184326,2001_20011101184326_GP2QKQBK.html,no
gamestatwide.asp,2001,CKTX36MTV4XS7EJWNENFIJKGX7J53PQU,BS21108,20011101184531,2001_20011101184531_CKTX36MT.html,no
gamestatwide.asp,2001,MURICO4AMLPQB7RO6ERB7AI6ISZVUXCP,BS21115,20011101184707,2001_20011101184707_MURICO4A.html,no
gamestatwide.asp,2001,6UEEGVK7BIU6TALWGMQRIQ6BH6PZCQW3,BS21192,20011101184719,2001_20011101184719_6UEEGVK7.html,no
gamestatwide.asp,2001,6K7EIC3CGA74EFRZZ23VJF24E4UEZ224,BS21030,20011111211052,2001_20011111211052_6K7EIC3C.html,no
gamestatwide.asp,2001,EZIB72JKBNDEEQWEXSRAZL2OELN7ZMBH,BS21010,20011111211650,2001_20011111211650_EZIB72JK.html,no
gamestatwide.asp,2001,IV73SOSSHWLB4LDRI3QFGIVJ5JZC2HX4,BS21012,20011111212851,2001_20011111212851_IV73SOSS.html,no
gamestatwide.asp,2001,5NLVT6ZWIAUECZT3ACFCBF4QYPBW2I4Q,BS21013,20011111213347,2001_20011111213347_5NLVT6ZW.html,no
gamestatwide.asp,2001,FT42IGQ6SPSRVFVF5QF2UINNE2DT6YE5,BS21022,20011111213541,2001_20011111213541_FT42IGQ6.html,no
gamestatwide.asp,2001,GGHY2YAYSKYTM557CHLMZ2IB2TYHJJYM,BS21002,20011111213643,2001_20011111213643_GGHY2YAY.html,no
gamestatwide.asp,2001,72PWQDVEL5XPKB3RNKLX2OGSUEOSOUJ3,BS21003,20011111213858,2001_20011111213858_72PWQDVE.html,no
gamestatwide.asp,2001,WIRZY2NEDHEIGNJURJZPE5EKQMQEPLXD,BS21015,20011111214704,2001_20011111214704_WIRZY2NE.html,no
gamestatwide.asp,2001,WJNT5EQGVQW6EWWXKHSBK4YC4E4FGHVZ,BS21034,20011111215250,2001_20011111215250_WJNT5EQG.html,no
gamestatwide.asp,2001,S2S4PQF4VMHQ2HRHJPAVRUWDL2SXQR6A,BS21016,20011111215632,2001_20011111215632_S2S4PQF4.html,no
gamestatwide.asp,2001,PAJ5Y7XICMY4OPHTHURTQZ3CYZBMMBIW,BS21007,20011111220100,2001_20011111220100_PAJ5Y7XI.html,no
gamestatwide.asp,2001,XPSMCVDMQONVQ4CW64WPOH6SU3M47WU5,BS21028,20011111221259,2001_20011111221259_XPSMCVDM.html,no
gamestatwide.asp,2001,3QAIGHH3APL2TTYIGAWMX5IGUELFYRG6,BS21008,20011111222028,2001_20011111222028_3QAIGHH3.html,no
gamestatwide.asp,2001,2CZU6ESTSTZ2LLDC5LCRFD66SLTYC23T,BS21046,20011120224804,2001_20011120224804_2CZU6EST.html,no
gamestatwide.asp,2001,OSLNJCAJ6IHDAQF552RS7N3PM4JL5YX4,BS21035,20011120224953,2001_20011120224953_OSLNJCAJ.html,no
gamestatwide.asp,2001,P5ZEW3FFLIF2FPDXOLTJOOFPIQONTMJG,BS21041,20011120231733,2001_20011120231733_P5ZEW3FF.html,no
gamestatwide.asp,2001,PTGBR6357YLFBMZ2APUDX3M63ALNS3UD,BS21082,20011125213226,2001_20011125213226_PTGBR635.html,no
gamestatwide.asp,2001,YAJH2VT3RVLCDBGNGYGWKHKS7KTSRK2L,BS21087,20011125213848,2001_20011125213848_YAJH2VT3.html,no
gamestatwide.asp,2001,QV5ZVCNH67TBQR6Z5N36ZQZ6DUSGCGH3,BS21100,20011125214139,2001_20011125214139_QV5ZVCNH.html,no
gamestatwide.asp,2001,2WAB4FUCYYS2DALY3V4MFBYQYO54MMMT,BS21006,20011125215016,2001_20011125215016_2WAB4FUC.html,no
gamestatwide.asp,2001,OW4MKHB6NSJ3NKQOW6RY5EKSMDVTRUO5,BS21019,20011125215624,2001_20011125215624_OW4MKHB6.html,no
gamestatwide.asp,2001,7YSCTF3YA5LVPUGXR2B27NTUCBCXKYU2,BS21105,20011125220055,2001_20011125220055_7YSCTF3Y.html,no
gamestatwide.asp,2001,4HPQO5DC6QPBH7OXVKTK2NXABG3GFWAZ,BS21111,20011125220603,2001_20011125220603_4HPQO5DC.html,no
gamestatwide.asp,2001,GH25VDZPKML6NZRFYV2HYGM7R6LLI5DD,BS21032,20011125221949,2001_20011125221949_GH25VDZP.html,no
gamestatwide.asp,2001,JBWXSX2D52KE476LD4BJGSHEUIILJMET,BS21134,20011126000503,2001_20011126000503_JBWXSX2D.html,no
gamestatwide.asp,2001,ZMRAVD66UBZS5Z73ECSMTIWMDLJIEPWH,BS21142,20011126001118,2001_20011126001118_ZMRAVD66.html,no
gamestatwide.asp,2001,UV2VTLP6SZT3HMKQ52HGTQ3HK6UNCKHT,BS21145,20011126002101,2001_20011126002101_UV2VTLP6.html,no
gamestatwide.asp,2001,XQWBQCKXA2Y26U43QD4XR33AXRAMLKQ5,BS21072,20011126003749,2001_20011126003749_XQWBQCKX.html,no
gamestatwide.asp,2001,LFZWZ6YBV7GZ6T5NEBZTYPX6PQGERQAV,BS21306,20011201085750,2001_20011201085750_LFZWZ6YB.html,no
gamestatwide.asp,2001,KZEELPNPANNIRSAGTHFRAJ5MFCPMEH7Q,BS21309,20011201121839,2001_20011201121839_KZEELPNP.html,no
gamestatwide.asp,2001,QT5S2ALGQXIYSBYPWOZRELQGVXHYBSNF,BS21209,20011201122655,2001_20011201122655_QT5S2ALG.html,no
gamestatwide.asp,2001,4TOXTT5JJ5SJR24N2C65N5WKFA6OEJEK,BS21213,20011201123503,2001_20011201123503_4TOXTT5J.html,no
gamestatwide.asp,2001,RANBXUZIJSMUETDEAJMUEWA22QPM2CK4,BS21311,20011201123614,2001_20011201123614_RANBXUZI.html,no
gamestatwide.asp,2001,2N7C2BZK2KS7CGPHB3J2AK3WHACCJ2J2,BS21160,20011201124558,2001_20011201124558_2N7C2BZK.html,no
gamestatwide.asp,2001,6P3KDWH2D7G4PHTN4VYUXL6XZOU2F6SH,BS21167,20011201125437,2001_20011201125437_6P3KDWH2.html,no
gamestatwide.asp,2001,WWPIV2GNKNB6NAPVC56BSQETBL3OG73D,BS21225,20011201130428,2001_20011201130428_WWPIV2GN.html,no
gamestatwide.asp,2001,APMBJJE7DW5IJQSI2HG2AGJBTB4K57PI,BS21171,20011201130642,2001_20011201130642_APMBJJE7.html,no
gamestatwide.asp,2001,EY6MEXODAXDBDQRNFQUWPEZ7FLJKUQ4O,BS21185,20011201131532,2001_20011201131532_EY6MEXOD.html,no
gamestatwide.asp,2001,H2PBKF2HV4DKYSCJIHHH2MWAQZUQDAA4,BS21229,20011201132404,2001_20011201132404_H2PBKF2H.html,no
gamestatwide.asp,2001,N25LON7MV3TE2Y46S4RKLADMJVXQLW5Q,BS21189,20011201132448,2001_20011201132448_N25LON7M.html,no
gamestatwide.asp,2001,TUVPL2ISR6CHCDH3YM4XRH4UCLU2HB4B,BS21237,20011201133020,2001_20011201133020_TUVPL2IS.html,no
gamestatwide.asp,2001,QLSPHOW6BBMJ27XCOEISACN4J26ECW5I,BS21193,20011201133900,2001_20011201133900_QLSPHOW6.html,no
gamestatwide.asp,2001,RZICB3Z2WX3PD4Z4DNLLDW7CVSC2VB5J,BS21301,20011201134040,2001_20011201134040_RZICB3Z2.html,no
gamestatwide.asp,2001,MTUEIKBRNIX5CCKYXAXOHXMPHUEYSOQE,BS21300,20011212155923,2001_20011212155923_MTUEIKBR.html,no
gamestatwide.asp,2001,CWUBADHPC2SCSFIJQYB33V7OLGV67MG6,BS21011,20011218001103,2001_20011218001103_CWUBADHP.html,no
gamestatwide.asp,2001,WYVG5CLFP5AFCA6SW2K3MZP3FUWAT3FZ,BS21027,20011218001850,2001_20011218001850_WYVG5CLF.html,no
gamestatwide.asp,2001,R7FD5LIXLWAZFKIPPVTMO3TZ4DFZNMUX,BS21113,20011223134006,2001_20011223134006_R7FD5LIX.html,no
gamestatwide.asp,2001,5CTS6XQZRYT24N2XVHUVV57VJJCRBZSH,BS21128,20011223134834,2001_20011223134834_5CTS6XQZ.html,no
gamestatwide.asp,2001,ECMTCBBEBXNYS4AW4CQBAIB467J3KS3I,BS21137,20011223135524,2001_20011223135524_ECMTCBBE.html,no
gamestatwide.asp,2001,NIL4FUJIH327IJJFN35TM73BFBZDYXDB,BS21139,20011223140833,2001_20011223140833_NIL4FUJI.html,no
gamestatwide.asp,2001,SEPZ5CXISGINUCHZS36FIXOBWM33M65J,BS21148,20011223142231,2001_20011223142231_SEPZ5CXI.html,no
gamestatwide.asp,2001,CKOLYOV5H2WRGQM23YCB5UPQZSZGDVCD,BS21157,20011223144456,2001_20011223144456_CKOLYOV5.html,no
gamestatwide.asp,2001,KNXKOBM7FDUJB3C3HE6HENFHAD2QDRRQ,BS21190,20011223150631,2001_20011223150631_KNXKOBM7.html,no
gamestatwide.asp,2001,ACHUJGT6MDPT7OPCRGY22QTYXCYINDYR,BS21194,20011223152022,2001_20011223152022_ACHUJGT6.html,no
gamestatwide.asp,2001,O4U47DPWGFUC5QVLRGSHLI5CC65YXJSS,BS21043,20011223153051,2001_20011223153051_O4U47DPW.html,no
gamestatwide.asp,2001,YMVHVBSPXZ3CVXT5745AIJRLZAWURCSX,BS21197,20011223153255,2001_20011223153255_YMVHVBSP.html,no
gamestatwide.asp,2001,UOT3LWFRR46NPXVUGF36XNKRXEWAFBPD,BS21048,20011223155113,2001_20011223155113_UOT3LWFR.html,no
gamestatwide.asp,2001,BVET76HVVPQUZ7JHSJLRAPRO3FPX4WUD,BS21072,20011223160824,2001_20011223160824_BVET76HV.html,no
gamestatwide.asp,2001,7OBXZBUYFGMNXAYUX42ZYTX3PXD64YHF,BS21210,20011223160921,2001_20011223160921_7OBXZBUY.html,no
gamestatwide.asp,2001,EPDB3QINWMS7ZOHPDDSMDSEUHMAY3N67,BS21076,20011223162049,2001_20011223162049_EPDB3QIN.html,no
gamestatwide.asp,2001,5IRFQJALTGNO6HDEWXEATKPP7LUHV54L,BS21095,20011223163438,2001_20011223163438_5IRFQJAL.html,no
gamestatwide.asp,2001,LFBJRFIBBOR7QJTZ4A7WIL7GVVZFFLRN,BS21076,20011224142830,2001_20011224142830_LFBJRFIB.html,no
gamestatwide.asp,2001,HP37XUV35HUOPRE75MKEF7UPICWCX5WO,BS21085,20011224142921,2001_20011224142921_HP37XUV3.html,no
gamestatwide.asp,2001,VSGHH5565BBJDBQU63JJLSXS6W56CUWW,BS21091,20011224143334,2001_20011224143334_VSGHH556.html,no
gamestatwide.asp,2001,QNQSZCQVWJA7CJZM6BUDQCSSOZQC6SEF,BS21011,20011224143551,2001_20011224143551_QNQSZCQV.html,no
gamestatwide.asp,2001,Z7ELXYFKFY2C5IKD3QKO3J5CJMX5E6PM,BS21027,20011224143831,2001_20011224143831_Z7ELXYFK.html,no
gamestatwide.asp,2001,UOIJU5VV3MMVOTBJEFUYCXIJG2BHGCTO,BS21023,20011224144317,2001_20011224144317_UOIJU5VV.html,no
gamestatwide.asp,2001,YSITNMTDJJQYOPM57U7P4BA3FSD4423G,BS21095,20011224144642,2001_20011224144642_YSITNMTD.html,no
gamestatwide.asp,2001,766AKF7DS6ULD5TCFLJDAOBSJB4FIMK4,BS21109,20011224144727,2001_20011224144727_766AKF7D.html,no
gamestatwide.asp,2001,NNUZA2Z67BTELIU7KJTCOMNILSBE5QYD,BS21048,20011224144744,2001_20011224144744_NNUZA2Z6.html,no
gamestatwide.asp,2001,45XYTBDQLGQHJP7FEXJDIFEEIZIWPJA5,BS21052,20011224145000,2001_20011224145000_45XYTBDQ.html,no
gamestatwide.asp,2001,KYIJMRKBKTSTXJPAHGNTCM5CDS4BEBVV,BS21043,20011224145023,2001_20011224145023_KYIJMRKB.html,no
gamestatwide.asp,2001,35EVC32KOQBSZ7FQ5DGABEAQ5BMYOKFK,BS21061,20011224150001,2001_20011224150001_35EVC32K.html,no
gamestatwide.asp,2001,F6R66U6N6FOPWC5CGEQWRZDYUM7WOMYQ,BS21005,20011224150148,2001_20011224150148_F6R66U6N.html,no
gamestatwide.asp,2001,O2N5VTQEQHB66GX6LIM5SHVPCV5BTUBY,BS21238,20011224200933,2001_20011224200933_O2N5VTQE.html,no
gamestatwide.asp,2001,6WSJJE7MOVSYS3FUFXIT6LQI3SUHMU2I,BS21173,20011224201540,2001_20011224201540_6WSJJE7M.html,no
gamestatwide.asp,2001,Y4O43HD62NM32U6LQWHSXJEFDYOZBAAJ,BS21190,20011224202442,2001_20011224202442_Y4O43HD6.html,no
gamestatwide.asp,2001,PDRKBBDKNWD4AQLVUXKAUAGBN2E4ZCQP,BS21121,20011224204130,2001_20011224204130_PDRKBBDK.html,no
gamestatwide.asp,2001,3SFOZF4ZMCUOEMRDBU32L2RARTD26EPG,BS21128,20011224204721,2001_20011224204721_3SFOZF4Z.html,no
gamestatwide.asp,2001,GWD52MA7LHVCEPABJUUKMRO7OKFONFDQ,BS21137,20011224204813,2001_20011224204813_GWD52MA7.html,no
gamestatwide.asp,2001,TOQUYFJC4WVJZYBPIXCI3NA6LZUIIGNR,BS21205,20011224205521,2001_20011224205521_TOQUYFJC.html,no
gamestatwide.asp,2001,NNCXAEKJ2E2THNKICFYEB65UJN5F5HOH,BS21148,20011224210305,2001_20011224210305_NNCXAEKJ.html,no
gamestatwide.asp,2001,C5R5CUXAE7G3VGAYUNUNWN4HQSYD5EZY,BS21151,20011224210909,2001_20011224210909_C5R5CUXA.html,no
gamestatwide.asp,2001,K5IKOTQ642ZUZBZUGDKX3EUL74II6I62,BS21157,20011224211047,2001_20011224211047_K5IKOTQ6.html,no
gamestatwide.asp,2001,7R7GGQ2K6GPM4KUST66JATRGCF3IVKO7,BS21038,20011226004435,2001_20011226004435_7R7GGQ2K.html,no
gamestatwide.asp,2001,J5WK6Q6XNLMYMG736HGA2NDEQXKYKXRM,BS21026,20011226014037,2001_20011226014037_J5WK6Q6X.html,no
gamestatwide.asp,2001,PYXPQEILYYCCCXYHNYJHN2SZZQ33RLHI,BS21036,20011226014704,2001_20011226014704_PYXPQEIL.html,no
gamestatwide.asp,2001,HKCOSG2ZTBKCR3WRXQ2JMAWKRH2VK5XM,BS21009,20011226135044,2001_20011226135044_HKCOSG2Z.html,no
gamestatwide.asp,2001,4Q5T4GOHFF4JLIXMOVV3KEYDUCDRPYVV,BS21014,20011226142227,2001_20011226142227_4Q5T4GOH.html,no
gamestatwide.asp,2001,X57WRTOGXVQAQFZWIKJ4EEQLDRPVXWP5,BS21017,20011226143620,2001_20011226143620_X57WRTOG.html,no
gamestatwide.asp,2001,4M7GZLOIL6XD2OJEPQSVYUHKP4Q4PUDZ,BS21049,20011226221131,2001_20011226221131_4M7GZLOI.html,no
gamestatwide.asp,2001,PR5OGCGBM2HLTFTXIQ6AOB4UOHD7WXYE,BS21053,20011226224109,2001_20011226224109_PR5OGCGB.html,no
gamestatwide.asp,2001,3A2ZQQ4A756PPZDOWJIJNX3IQT4WBUMZ,BS21044,20011226224930,2001_20011226224930_3A2ZQQ4A.html,no
gamestatwide.asp,2001,VMQWRNOG54DLK2LGFXWI7G47EE53RBE4,BS21047,20011226230043,2001_20011226230043_VMQWRNOG.html,no
gamestatwide.asp,2002,DVHNM6SOWVBBQ3FXRULLZFR2KLBUL5W7,BS21127,20020215233912,2002_20020215233912_DVHNM6SO.html,no
gamestatwide.asp,2002,3FLRGCBALUFFSNHQJDMU7ZHQRSTENDXD,BS21116,20020215234139,2002_20020215234139_3FLRGCBA.html,no
gamestatwide.asp,2002,MMWFYSOQGJONIJD4MYQKL66UNNDFJM5D,BS21201,20020220060202,2002_20020220060202_MMWFYSOQ.html,no
gamestatwide.asp,2002,NM6MKBHD2O35TE5DY35CPIUYPENFOLWT,BS21153,20020220062305,2002_20020220062305_NM6MKBHD.html,no
gamestatwide.asp,2002,E4Z5YCPXFKACZCNR2HH7HHLJKECLN5PP,BS21221,20020221152025,2002_20020221152025_E4Z5YCPX.html,no
gamestatwide.asp,2002,2EHBNZJM3OVNU2WXRBBBDCE4EEJFGDTD,BS21205,20020417020902,2002_20020417020902_2EHBNZJM.html,no
gamestatwide.asp,2002,W4XFRFFUQAITXCTQUG4TWC63OEHCYZJU,BS21218,20020417022554,2002_20020417022554_W4XFRFFU.html,no
gamestatwide.asp,2002,SEB7HKNSL6BZKM4YH4MGHU5B6N5VUKIT,BS21100,20020420111555,2002_20020420111555_SEB7HKNS.html,no
gamestatwide.asp,2002,WRYNRONR7C6HR4WT5RISEKGGX4RBDTBT,BS21132,20020423092128,2002_20020423092128_WRYNRONR.html,no
gamestatwide.asp,2002,OGYDVWJA46UDWD72ODFNGTATR2H5O62D,BS21024,20020423093257,2002_20020423093257_OGYDVWJA.html,no
gamestatwide.asp,2002,TEJXEL2HUOQC6DTXW47XS5XIIVWBJN44,BS21018,20020423093620,2002_20020423093620_TEJXEL2H.html,no
gamestatwide.asp,2002,EQRLGEYVDFH2IVCWHYSVOYELSNFSY6AG,BS21042,20020423093844,2002_20020423093844_EQRLGEYV.html,no
gamestatwide.asp,2002,B3KGCBC75EG7H7V3TDQNKHUBG2623VHA,BS21068,20020423094043,2002_20020423094043_B3KGCBC7.html,no
gamestatwide.asp,2002,GCDYEX22GWNJOODVAHCEHZDCM3HK4M6X,BS21045,20020423094208,2002_20020423094208_GCDYEX22.html,no
gamestatwide.asp,2002,DW4DIU7ALSGKMF6CNOJ334CBPGDXDDMB,BS21080,20020423094548,2002_20020423094548_DW4DIU7A.html,no
gamestatwide.asp,2002,DFOBT3WEBFNRDKTJYILAG6IYXKINVYSQ,BS21158,20020424203541,2002_20020424203541_DFOBT3WE.html,no
gamestatwide.asp,2002,3DSFAZXSGYEGK4RN3R6QNXUFFBFRESMR,BS21168,20020424203849,2002_20020424203849_3DSFAZXS.html,no
gamestatwide.asp,2002,W5CUB7YCT5CBFWRRIQY4OMZ5QVKN42PM,BS21235,20020424205207,2002_20020424205207_W5CUB7YC.html,no
gamestatwide.asp,2002,TCEUGMBSRUC2KZZWSNR372JQ24H26EZ7,BS21050,20020429160329,2002_20020429160329_TCEUGMBS.html,no
gamestatwide.asp,2002,LY5FIGGXNSTOUBEKIY3XJ4F7AJLDEKNM,BS21033,20020429161424,2002_20020429161424_LY5FIGGX.html,no
gamestatwide.asp,2002,YLNMZX2A2LGDNAB6JNANLEPMH5PERCPB,BS21004,20020429161809,2002_20020429161809_YLNMZX2A.html,no
gamestatwide.asp,2002,XMY26FPEBKAC7JJMJR6BHTM7KIO3I3WJ,BS21226,20020430215326,2002_20020430215326_XMY26FPE.html,no
gamestatwide.asp,2002,MHL7IMYG43PW5V3RD3VMXEQKZEKHMOLL,BS21172,20020430220019,2002_20020430220019_MHL7IMYG.html,no
gamestatwide.asp,2002,E52F3FEN3YPLQHWRSLTXN5Y6JOUIKJQO,BS21123,20020430220251,2002_20020430220251_E52F3FEN.html,no
gamestatwide.asp,2002,Z43DJLTV524HLUJMJYWDADSP3ICYPWNX,BS21206,20020430220745,2002_20020430220745_Z43DJLTV.html,no
gamestatwide.asp,2002,FCT5EQSDAWWNLIV6HBBHKCHMJFINTLLK,BS22014,20020511190811,2002_20020511190811_FCT5EQSD.html,no
gamestatwide.asp,2002,X2DQZNXCQ4DICXPP3SFLEGKJNX3YEFTV,BS22020,20020511191724,2002_20020511191724_X2DQZNXC.html,no
gamestatwide.asp,2002,VE5LY5MXVLV4D3HE5WATIVB6EXAY3MFB,BS22012,20020511191954,2002_20020511191954_VE5LY5MX.html,no
gamestatwide.asp,2002,5VBE4334FTAQP346EV6HC365K5F454HD,BS22010,20020511192035,2002_20020511192035_5VBE4334.html,no
gamestatwide.asp,2002,WV5ML2MKGZO6X63HHZAK6T6KBAQIZZWB,BS22197,20020512095209,2002_20020512095209_WV5ML2MK.html,no
gamestatwide.asp,2002,2D2UCU2QB7WFMRHKIO4K6VBENJD4QGIT,BS22025,20020512095250,2002_20020512095250_2D2UCU2Q.html,no
gamestatwide.asp,2002,2FSSMKSU3OZDYJLZ4GX44MEFZPBNPNVN,BS22021,20020512100026,2002_20020512100026_2FSSMKSU.html,no
gamestatwide.asp,2002,V2J7XJLVIP3EVUZ6TJ722OAS7L7BBCGQ,BS22022,20020512100108,2002_20020512100108_V2J7XJLV.html,no
gamestatwide.asp,2002,MD44CG4ETP2DKPODSRGGNSHJEHFDSK5V,BS21127,20020523002812,2002_20020523002812_MD44CG4E.html,no
gamestatwide.asp,2002,2XGQUF6K7NG5UQ5ATEFNBO4XVRDKIVB7,BS22033,20020529091635,2002_20020529091635_2XGQUF6K.html,no
gamestatwide.asp,2002,4V4HMWGCSYQBC4FYVERHVXJMJSAZOR6N,BS22050,20020529092332,2002_20020529092332_4V4HMWGC.html,no
gamestatwide.asp,2002,A2BUIR4XEUZJJHNJG52ZVSU5ZIFKLKAS,BS22077,20020529092854,2002_20020529092854_A2BUIR4X.html,no
gamestatwide.asp,2002,WNHF7C4H3GCSS7SSOLEPATCB2DHZLU6T,BS22027,20020529093003,2002_20020529093003_WNHF7C4H.html,no
gamestatwide.asp,2002,XD7P7X5ZIZWZIQKSQOU2RGBVYBXHCOZ2,BS22031,20020529093030,2002_20020529093030_XD7P7X5Z.html,no
gamestatwide.asp,2002,KUDDAW7LWT5FLCO7EDFZRD2GEBXX7CSA,BS22029,20020529093104,2002_20020529093104_KUDDAW7L.html,no
gamestatwide.asp,2002,A5FKHFHAGA5QM4CUDEASD7ASZAQLTCY6,BS22072,20020608001709,2002_20020608001709_A5FKHFHA.html,no
gamestatwide.asp,2002,RXFLEG7BKAOHBIUVHLGWZKUT4AGDKQU5,BS22076,20020608004007,2002_20020608004007_RXFLEG7B.html,no
gamestatwide.asp,2002,OBEQXV3JCLLQQZAECOJ4LLDU43LLLYUQ,BS22081,20020608005033,2002_20020608005033_OBEQXV3J.html,no
gamestatwide.asp,2002,HGIBDDLIAKHYYF3XQT35RCB6BMN7PWEB,BS22078,20020608005205,2002_20020608005205_HGIBDDLI.html,no
gamestatwide.asp,2002,OJLPFTVE2LC3OURR67RLIJZXFLW262I6,BS22090,20020608010231,2002_20020608010231_OJLPFTVE.html,no
gamestatwide.asp,2002,EKD2RW3IBMJRANQWOP63EYW5Z4VH4YRQ,BS22092,20020608010233,2002_20020608010233_EKD2RW3I.html,no
gamestatwide.asp,2002,W2QOGBN24DECG5MWMGA5ZPYDFHCJXJBW,BS22094,20020608010757,2002_20020608010757_W2QOGBN2.html,no
gamestatwide.asp,2002,2Y4CLJBIDZOGB2XTK37SXGCTS2JIQEQQ,BS22097,20020608011845,2002_20020608011845_2Y4CLJBI.html,no
gamestatwide.asp,2002,Q4VO2BSURQMBTQDLEN4NPXNAOHV5XAVI,BS22096,20020608012536,2002_20020608012536_Q4VO2BSU.html,no
gamestatwide.asp,2002,56YXBLSQYTW2LIEKVBF27EJH7GTPXRSZ,BS22084,20020609162238,2002_20020609162238_56YXBLSQ.html,no
gamestatwide.asp,2002,X4SEGJKV7UKJ6RAYQ4TD7YAGD3OKQ2JR,BS22085,20020609162631,2002_20020609162631_X4SEGJKV.html,no
gamestatwide.asp,2002,K2QGMJD5GFRWB5YWSYGYWDB5ADGXXJCL,BS22086,20020609163839,2002_20020609163839_K2QGMJD5.html,no
gamestatwide.asp,2002,3WZNAJZHJMCGOTNXDP75R4Q5OISXFLF3,BS22040,20020611215937,2002_20020611215937_3WZNAJZH.html,no
gamestatwide.asp,2002,QNYQ2YYLG2UY7T2U4EZF44PV7TDUAD4S,BS22089,20020611220045,2002_20020611220045_QNYQ2YYL.html,no
gamestatwide.asp,2002,X4NNDCSRRGZUWSNWUPEJGGUB4O6L64XV,BS22088,20020611220127,2002_20020611220127_X4NNDCSR.html,no
gamestatwide.asp,2002,5ORMJ7F6NRXSZJ7EOJBJGK2TEDGHOZ7B,BS22032,20020611221106,2002_20020611221106_5ORMJ7F6.html,no
gamestatwide.asp,2002,XGYDBN7J2M5WROD3D5F7S6AH4NQU7PMC,BS22054,20020611221237,2002_20020611221237_XGYDBN7J.html,no
gamestatwide.asp,2002,SBZHBLKDJTAVEPSUAST2ZMB2AXBE3WGP,BS22046,20020611222739,2002_20020611222739_SBZHBLKD.html,no
gamestatwide.asp,2002,ZJMPPUP6E76MRD7QHMYZUNYTMY6DOLBP,BS22197,20020611222752,2002_20020611222752_ZJMPPUP6.html,no
gamestatwide.asp,2002,XOCTKTXFWPWZ5A6DJQ746BBDIM73GSG6,BS22003,20020611223430,2002_20020611223430_XOCTKTXF.html,no
gamestatwide.asp,2002,2YLSCKMLHO24WVSLQVI6UNPLP5X3FXZF,BS22087,20020611223540,2002_20020611223540_2YLSCKML.html,no
gamestatwide.asp,2002,4RLNE2D2S6CTTDHTMU5LEBFJ7PTBG2QM,BS22100,20020612023431,2002_20020612023431_4RLNE2D2.html,no
gamestatwide.asp,2002,MAPNKA7ITFIRCSLPMAY5YS3M6IKO5HCP,BS22107,20020613174147,2002_20020613174147_MAPNKA7I.html,no
gamestatwide.asp,2002,X33FZECDUTJ33QKY5JWW6NVGSLEZJ7CV,BS22108,20020613174430,2002_20020613174430_X33FZECD.html,no
gamestatwide.asp,2002,F4PCLTK4BGVCCUOUAF25DQYJ7Q6OXSKS,BS22109,20020613174817,2002_20020613174817_F4PCLTK4.html,no
gamestatwide.asp,2002,JBN4XSIVV55NDZOFJR5PLWWL6B2GQ2JE,BS22111,20020613175101,2002_20020613175101_JBN4XSIV.html,no
gamestatwide.asp,2002,LODSO3PJQ7L2LVJ5NVE26XBQB34EO2NB,BS22112,20020613175316,2002_20020613175316_LODSO3PJ.html,no
gamestatwide.asp,2002,DSYCRQ3N2P6S4SSAMUGMU2DJ6CW255UF,BS22113,20020613175833,2002_20020613175833_DSYCRQ3N.html,no
gamestatwide.asp,2002,JGKM4GTMX5CAQKW7WLQIZXGHNWIAZRAG,BS22114,20020613180148,2002_20020613180148_JGKM4GTM.html,no
gamestatwide.asp,2002,PKM5XZFR6S5YJDSKK7LQ2QWRDSOKL2C7,BS22117,20020613180432,2002_20020613180432_PKM5XZFR.html,no
gamestatwide.asp,2002,PQB6EXABGP2G5AIYYH6MWJF33SYUKFTG,BS22053,20020616010029,2002_20020616010029_PQB6EXAB.html,no
gamestatwide.asp,2002,6CAJAGOK6NDCX35B2QSYSVOMIYRTVNJR,BS22047,20020616010303,2002_20020616010303_6CAJAGOK.html,no
gamestatwide.asp,2002,5S6Y3SBRCU7XOFMHO63IEFVLD5ZXCTUZ,BS22089,20020616011100,2002_20020616011100_5S6Y3SBR.html,no
gamestatwide.asp,2002,325PUIYWY2CCS3XTBKOF7E5YU7HCMYAB,BS22062,20020616011219,2002_20020616011219_325PUIYW.html,no
gamestatwide.asp,2002,65MPSVLXO6EFW3CYK62JMKCDDBRTGQQE,BS22072,20020616011332,2002_20020616011332_65MPSVLX.html,no
gamestatwide.asp,2002,6ZCGH2CSK6H5GKEH47UY3TQBQE4NRMUH,BS22003,20020616011545,2002_20020616011545_6ZCGH2CS.html,no
gamestatwide.asp,2002,43BQ75YECT6URSGKUM63WQNSYP5W4M3Y,BS22079,20020616011748,2002_20020616011748_43BQ75YE.html,no
gamestatwide.asp,2002,KSNZLA26DRRA6OUTMZJJTMVESDJGA3G4,BS22115,20020616011817,2002_20020616011817_KSNZLA26.html,no
gamestatwide.asp,2002,3NUWGICQ6RSODMLV6Q7GZ23YD7MDKM32,BS22092,20020616011858,2002_20020616011858_3NUWGICQ.html,no
gamestatwide.asp,2002,SIB2TG5GGT3IECHAX457BSOHUV72N5WG,BS22110,20020616012024,2002_20020616012024_SIB2TG5G.html,no
gamestatwide.asp,2002,6FFS3Z4ABFU4FFVLRSDXHCDESDBZWPP4,BS22123,20020616012131,2002_20020616012131_6FFS3Z4A.html,no
gamestatwide.asp,2002,M4VIMDZFONCM3SG7L62SC7PRXEJ7A4TD,BS22015,20020616014258,2002_20020616014258_M4VIMDZF.html,no
gamestatwide.asp,2002,FCQNYYRQWR4CCVGTWST27ZU4EGL52N2M,BS22001,20020616014401,2002_20020616014401_FCQNYYRQ.html,no
gamestatwide.asp,2002,JSB4O45BYLF4QAGCWSWA7XZJ5E6MPSFM,BS22008,20020616014723,2002_20020616014723_JSB4O45B.html,no
gamestatwide.asp,2002,7K7GNUYLX6IL5XURP4BHG7GSYPRS53DB,BS22028,20020616014802,2002_20020616014802_7K7GNUYL.html,no
gamestatwide.asp,2002,6IRHZJ6JT7NXUAW5XCNKKGBWVKB4GMJY,BS22058,20020617194742,2002_20020617194742_6IRHZJ6J.html,no
gamestatwide.asp,2002,I5OJU5CJHZPRY3CMRNNEH67H5JL5WO54,BS22121,20020624195246,2002_20020624195246_I5OJU5CJ.html,no
gamestatwide.asp,2002,WFMMAPQCIVOAUVELJGCXKZXQSFWIG5J5,BS22120,20020624200027,2002_20020624200027_WFMMAPQC.html,no
gamestatwide.asp,2002,AEV77JYLJNWZHQL6NREPTLMCZMXW7EZH,BS22061,20020624200041,2002_20020624200041_AEV77JYL.html,no
gamestatwide.asp,2002,TYSIGJ6WPM2DV5VMEH7NPHBHVDIGN7WW,BS21005,20020624200110,2002_20020624200110_TYSIGJ6W.html,no
gamestatwide.asp,2002,KXR6Z5NUM74RTRWYXP65DN5KGUPS4VL2,BS22126,20020624200151,2002_20020624200151_KXR6Z5NU.html,no
gamestatwide.asp,2002,XUQHRFDUKP7CD3QB7RJPKTIJDKD4HZQ6,BS22122,20020624200157,2002_20020624200157_XUQHRFDU.html,no
gamestatwide.asp,2002,EAGPWSCMGLGQNWZON4UWJJPJXT64BLZJ,BS22065,20020624200446,2002_20020624200446_EAGPWSCM.html,no
gamestatwide.asp,2002,YKEUHEVZINJL2646LK3D5X4DWO26UQBT,BS22070,20020624200533,2002_20020624200533_YKEUHEVZ.html,no
gamestatwide.asp,2002,LRYQ32HE4NUKGMZQWKIWQFCEGFRH7EIA,BS22124,20020624200853,2002_20020624200853_LRYQ32HE.html,no
gamestatwide.asp,2002,OEVWVPBUD576KUXQIOFWPEVPPHTHXXA4,BS22123,20020624200932,2002_20020624200932_OEVWVPBU.html,no
gamestatwide.asp,2002,F2EGPPBUNFHKK7HWMHRHPYBFNDU7TJAL,BS21011,20020624201026,2002_20020624201026_F2EGPPBU.html,no
gamestatwide.asp,2002,ZE25ZIS54ERGOMNG36JED57VWVVPICIL,BS22086,20020624201144,2002_20020624201144_ZE25ZIS5.html,no
gamestatwide.asp,2002,OLIIADA4L3MKWJPO6CBXZL3JP6JTKZLV,BS22125,20020624201207,2002_20020624201207_OLIIADA4.html,no
gamestatwide.asp,2002,BHU4UCR7FNFXBQ27JQYF6TJFUEZJLKS5,BS22024,20020624201245,2002_20020624201245_BHU4UCR7.html,no
gamestatwide.asp,2002,PL74WLAT7RTNAZFSAR7MT2C27KE3K2SV,BS21023,20020624201306,2002_20020624201306_PL74WLAT.html,no
gamestatwide.asp,2002,2MS73AMLCKWO5BEPR2SWNZ6VWRA5AUJO,BS22080,20020624201342,2002_20020624201342_2MS73AML.html,no
gamestatwide.asp,2002,ZPGAW5XFMPYI4EKCUJLGU26GEDFYUYL2,BS22076,20020624201350,2002_20020624201350_ZPGAW5XF.html,no
gamestatwide.asp,2002,AY724FH6GWATNUQYAYPSEDOQY4HS7F2U,BS22126,20020624201422,2002_20020624201422_AY724FH6.html,no
gamestatwide.asp,2002,XYKXJVPWEOCXK5J35HVYIUPYHDBN3ID4,BS22017,20020624201458,2002_20020624201458_XYKXJVPW.html,no
gamestatwide.asp,2002,HIZTMYUCETNQ3U3LJGJMTKOX3NFVJFOM,BS22113,20020625025727,2002_20020625025727_HIZTMYUC.html,no
gamestatwide.asp,2002,A5LWBQLFK77VBWW2GJ2UHCPBNDGYWPHH,BS21095,20020625220317,2002_20020625220317_A5LWBQLF.html,no
gamestatwide.asp,2002,2NQNJLBFWSIB3YAULNFQDPIYMLAAYB33,BS21218,20020625220354,2002_20020625220354_2NQNJLBF.html,no
gamestatwide.asp,2002,VG7BZ2PSUDDTEWOS5COPA5Q73TOZOKIQ,BS21113,20020625220606,2002_20020625220606_VG7BZ2PS.html,no
gamestatwide.asp,2002,MBFKSMJ3T7YPPE6WOA4QSOL6EHPNQYWZ,BS21225,20020625220731,2002_20020625220731_MBFKSMJ3.html,no
gamestatwide.asp,2002,J56MX6MCGBCDSF2PCSDVVJ6JERHROKNK,BS21034,20020625221245,2002_20020625221245_J56MX6MC.html,no
gamestatwide.asp,2002,DOBLCJ3Y2FDWFJ4NWSBQIXUG5TA7PRR6,BS21027,20020625221339,2002_20020625221339_DOBLCJ3Y.html,no
gamestatwide.asp,2002,WWGQHDFVZDHEZ5SXCZNDOWAHE5VDODIV,BS21210,20020625221402,2002_20020625221402_WWGQHDFV.html,no
gamestatwide.asp,2002,ZGBPWOM2MCOAAGYVWSMPFTDASQORTP7X,BS21128,20020625221416,2002_20020625221416_ZGBPWOM2.html,no
gamestatwide.asp,2002,QGDXJ7HLDORPX7N6UXMAU4WZFPS2NIY3,BS21228,20020625221444,2002_20020625221444_QGDXJ7HL.html,no
gamestatwide.asp,2002,6PITG6WGNRVKNBB7IH45BPG6YBRINYNO,BS21148,20020625221728,2002_20020625221728_6PITG6WG.html,no
gamestatwide.asp,2002,XWPAQKXVI3F6EN4FBKQK3DAS26LGYKOA,BS21222,20020625221745,2002_20020625221745_XWPAQKXV.html,no
gamestatwide.asp,2002,KNM7453ZLJURMG3JYHTEXZMACRLXNQCV,BS21238,20020625221819,2002_20020625221819_KNM7453Z.html,no
gamestatwide.asp,2002,BOS42UIZTVGPOSKXBTPQFQOKUZ3YBMCX,BS21190,20020625222136,2002_20020625222136_BOS42UIZ.html,no
gamestatwide.asp,2002,2UFL6JFDMJDLVKY2VMNC3W2XKV5HGZN6,BS21072,20020625222316,2002_20020625222316_2UFL6JFD.html,no
gamestatwide.asp,2002,M4QBJUMAO5GBNU37HPRXVJKHNV5GHO4I,BS21048,20020625222343,2002_20020625222343_M4QBJUMA.html,no
gamestatwide.asp,2002,RAY3CA22ZVBB66HOBIKNMIQ6LY2TIYLM,BS21043,20020625222623,2002_20020625222623_RAY3CA22.html,no
gamestatwide.asp,2002,KWQF5AK47JS7N2DUSPQGJG2VMXFD7FEI,BS21052,20020625222658,2002_20020625222658_KWQF5AK4.html,no
gamestatwide.asp,2002,TLUIC47PK2F573NZO5D47MHS7I6TKL55,BS21076,20020625222757,2002_20020625222757_TLUIC47P.html,no
gamestatwide.asp,2002,CX5IL4C7755BA2SKDFMC65ER556NWXR7,BS21233,20020625222812,2002_20020625222812_CX5IL4C7.html,no
gamestatwide.asp,2002,AYDLSRYML5BCXWCKU7LB6YSXZXPPC3YI,BS21186,20020625222850,2002_20020625222850_AYDLSRYM.html,no
gamestatwide.asp,2002,JSCV4R35BUDLHATA5HY55BXYFVFFT2OX,BS21157,20020625222934,2002_20020625222934_JSCV4R35.html,no
gamestatwide.asp,2002,KTVB5S43BRHAKBAZDGPTCR6ZO227JYGT,BS21200,20020625223256,2002_20020625223256_KTVB5S43.html,no
gamestatwide.asp,2002,7PEXPXKGCAHTIBD4GEIENK5BMTHWR5QP,BS22082,20020625232522,2002_20020625232522_7PEXPXKG.html,no
gamestatwide.asp,2002,2NQCQ5S2ZJGPE3XRFCXE4MIA4BOJYCOM,BS22002,20020625232806,2002_20020625232806_2NQCQ5S2.html,no
gamestatwide.asp,2002,R52GYFI5DMG26OWPYA46L4WJZ3IVTVL7,BS22083,20020625232908,2002_20020625232908_R52GYFI5.html,no
gamestatwide.asp,2002,JYDEKS37KOWLLZB6HM6RZVIBVJ3BN6FN,BS22090,20020625233141,2002_20020625233141_JYDEKS37.html,no
gamestatwide.asp,2002,54NZUOQYAXSBWWL47DQWG3JHQFMZFHHC,BS22016,20020625233301,2002_20020625233301_54NZUOQY.html,no
gamestatwide.asp,2002,CUG4MONZ72N5NDOOZOVFX2ETBZTMA6AC,BS22037,20020625233603,2002_20020625233603_CUG4MONZ.html,no
gamestatwide.asp,2002,CKKZJWWOY3DLDVQ2DMM7ECVCB4W27UFR,BS22097,20020625233650,2002_20020625233650_CKKZJWWO.html,no
gamestatwide.asp,2002,LINMCH6RQXPGZTDGXM2555GAL2OUCP5V,BS22118,20020625233821,2002_20020625233821_LINMCH6R.html,no
gamestatwide.asp,2002,M6IDIMYSFAMNK7QJG5775BWWE2GH6RRZ,BS22063,20020625234214,2002_20020625234214_M6IDIMYS.html,no
gamestatwide.asp,2002,ORR5M4UQKM4ED6ZIQ7HXHN6OSEHWLHCA,BS22044,20020625234417,2002_20020625234417_ORR5M4UQ.html,no
gamestatwide.asp,2002,OJKMJUY245RPTMB2LZWT6QTQF2M2NRTE,BS22057,20020625234508,2002_20020625234508_OJKMJUY2.html,no
gamestatwide.asp,2002,PBAMEG63XYI4OS6YA3JYW2GKBFGOXWK4,BS22128,20020627041921,2002_20020627041921_PBAMEG63.html,no
gamestatwide.asp,2002,MH4R3IYDHOFUE5LC7OKIICUX26X6Q2GD,BS22129,20020627042034,2002_20020627042034_MH4R3IYD.html,no
gamestatwide.asp,2002,7NC6W6NHGPVHMVZAO6BNVUEC7MXHIICY,BS22130,20020627042225,2002_20020627042225_7NC6W6NH.html,no
gamestatwide.asp,2002,QGMGAQJQURALSI3RUUZ6KFPTIWN33WHC,BS22132,20020627042229,2002_20020627042229_QGMGAQJQ.html,no
gamestatwide.asp,2002,B4V4JHNB7HXMM4FJVAMS7PJVJTAILDH3,BS22133,20020627042436,2002_20020627042436_B4V4JHNB.html,no
gamestatwide.asp,2002,TAWFHOPFTXJDRNL3N2GEX6QVQWJ7KPUL,BS22131,20020627042506,2002_20020627042506_TAWFHOPF.html,no
gamestatwide.asp,2002,CT27BW6EGYTAODUQ4OKEKDXCNJAPW6OK,BS22134,20020627042638,2002_20020627042638_CT27BW6E.html,no
gamestatwide.asp,2002,6ZLC6WXW5VJRBQBB5LCVYRJHEVEDCIJS,BS22133,20020627042807,2002_20020627042807_6ZLC6WXW.html,no
gamestatwide.asp,2002,UEMNQ5KR4DYHPBKXZX5AXTBGMBXNFTJ6,BS22135,20020627042836,2002_20020627042836_UEMNQ5KR.html,no
gamestatwide.asp,2002,NRV3WMW435MXRPYNBX6VCMICOB4XFO3Z,BS22127,20020627042941,2002_20020627042941_NRV3WMW4.html,no
gamestatwide.asp,2002,E65CHTQET2MWDYCE2KH7C6LTLEV27XTA,BS22042,20020627043230,2002_20020627043230_E65CHTQE.html,no
gamestatwide.asp,2002,TKYV73ROJHGIHILK4VPUIZU5TIJRDKI7,BS22136,20020627043356,2002_20020627043356_TKYV73RO.html,no
gamestatwide.asp,2002,PYMLLH2MKLAAOPGHRKGFUTE3XF46S5WX,BS22034,20020627043411,2002_20020627043411_PYMLLH2M.html,no
gamestatwide.asp,2002,S2KPXDDGIQ6BARI34O6GMKLME5BAVG26,BS22134,20020627043523,2002_20020627043523_S2KPXDDG.html,no
gamestatwide.asp,2002,RJHNRUILZW5ZCLAFZO3VV7MA4IF4E4CL,BS22048,20020627043553,2002_20020627043553_RJHNRUIL.html,no
gamestatwide.asp,2002,VCYXVXR47HWUZQUCN5XRJMWB4T7GTLBD,BS22137,20020627043556,2002_20020627043556_VCYXVXR4.html,no
gamestatwide.asp,2002,URJBH4KLOEJ7REM3DKC3D6YB7A75DAVJ,BS22055,20020627044111,2002_20020627044111_URJBH4KL.html,no
gamestatwide.asp,2002,VCXKAOE5SXUJX64NXQQZE5X7EY65B2FJ,BS22071,20020627044513,2002_20020627044513_VCXKAOE5.html,no
gamestatwide.asp,2002,HLU4P4ZMNK7HF4VSFEH7IA2XWBSUIUGS,BS22078,20020627044639,2002_20020627044639_HLU4P4ZM.html,no
gamestatwide.asp,2002,5ZRXOOMTLUADDSHGSHR2QZLXYA45SYCI,BS22084,20020627045100,2002_20020627045100_5ZRXOOMT.html,no
gamestatwide.asp,2002,G7GAFNNTXCI757G352CU6ULGPKFWEQXG,BS22094,20020627045207,2002_20020627045207_G7GAFNNT.html,no
gamestatwide.asp,2002,2YYUQINXTIFSHAXSPH6UWXZNO6R34LQ7,BS22107,20020627045439,2002_20020627045439_2YYUQINX.html,no
gamestatwide.asp,2002,3KLOUKSNWLMNICOVYHXZSA3YMYZKEUXA,BS22112,20020627045633,2002_20020627045633_3KLOUKSN.html,no
gamestatwide.asp,2002,X5XTMAMSOOKTLDFSSYQ7MOSVFGQZIIAW,BS22019,20020627045718,2002_20020627045718_X5XTMAMS.html,no
gamestatwide.asp,2002,ZEJCVOVSYTLELWA7J423YDAOGZBBHPUJ,BS22103,20020627045722,2002_20020627045722_ZEJCVOVS.html,no
gamestatwide.asp,2002,JXOMOBAO2EMLFAPQ7UAODP6SRSHUAO3P,BS22007,20020627045731,2002_20020627045731_JXOMOBAO.html,no
gamestatwide.asp,2002,CLJZ4T2ENE3JKICACQXAZBM4V4E7X2WU,BS22124,20020627045821,2002_20020627045821_CLJZ4T2E.html,no
gamestatwide.asp,2002,SBMDOSI3SJIU5T4UYY74MCEKWNCQ4LXJ,BS22018,20020627050002,2002_20020627050002_SBMDOSI3.html,no
gamestatwide.asp,2002,W5RK6HDIWTOKG6FJSIP4YYCI6CDWYDAF,BS22011,20020627050006,2002_20020627050006_W5RK6HDI.html,no
gamestatwide.asp,2002,3EU3PD5IBJELHGLGULBRTI5VQ367BSQM,BS22098,20020627050031,2002_20020627050031_3EU3PD5I.html,no
gamestatwide.asp,2002,ONQU46H3P23JTWC3FDUHXO2ZWL7TAMI6,BS22125,20020627050350,2002_20020627050350_ONQU46H3.html,no
gamestatwide.asp,2002,5IQ3MT33HQHBXMCOQI4ZUTRT2FSYCKTW,BS22131,20020627050411,2002_20020627050411_5IQ3MT33.html,no
gamestatwide.asp,2002,QNYXE3J742PAQT732J3NWDHCLY2DGACK,BS22030,20020627081112,2002_20020627081112_QNYXE3J7.html,no
gamestatwide.asp,2002,GD5KGJQTWRFJ4TLNTARWEHK4IVHXGKQQ,BS22087,20020627081752,2002_20020627081752_GD5KGJQT.html,no
gamestatwide.asp,2002,DVHKOSTICU36GFWZ5CDGTML6UD47LQI2,BS22073,20020627082114,2002_20020627082114_DVHKOSTI.html,no
gamestatwide.asp,2002,DDCWUA5PR2SKC2VSR46QEWMJBSZ64XHH,BS22099,20020627082133,2002_20020627082133_DDCWUA5P.html,no
gamestatwide.asp,2002,6BPB4JXUSTI653BXGAO2RHJQTPMWXMNX,BS22128,20020629080319,2002_20020629080319_6BPB4JXU.html,no
gamestatwide.asp,2002,LEWHCTISLEFOGKL32MDWOE3QC5D7HWF5,BS22109,20020629082316,2002_20020629082316_LEWHCTIS.html,no
gamestatwide.asp,2002,MOLABBTLQG6GKOOMOXD3XAGSPJPRSJXF,BS22068,20020629090304,2002_20020629090304_MOLABBTL.html,no
gamestatwide.asp,2002,ZOF2XWYJNZAIGCBCAK5SAPRFOQRRB756,BS22064,20020629090351,2002_20020629090351_ZOF2XWYJ.html,no
gamestatwide.asp,2002,5DKNON7ZS2LN63FMF75EKULBRROYBU7J,BS22074,20020629090736,2002_20020629090736_5DKNON7Z.html,no
gamestatwide.asp,2002,WRIQOEMTZ5VUOZXFE3JOGXHZTGY6NWFN,BS22096,20020629090857,2002_20020629090857_WRIQOEMT.html,no
gamestatwide.asp,2002,PNNNYS2ZLHUVKUARCOERFC6FGP5GUMAT,BS22111,20020629090948,2002_20020629090948_PNNNYS2Z.html,no
gamestatwide.asp,2002,54IXUN3IBKK2GAJPWOOSOH2I4QSUKOEP,BS22006,20020629091452,2002_20020629091452_54IXUN3I.html,no
gamestatwide.asp,2002,L5GKYL5SW6N6BK2UGV3PJ4YGXKSBMHUS,BS22139,20020629091520,2002_20020629091520_L5GKYL5S.html,no
gamestatwide.asp,2002,NOFGZ6XA2XORMZQHITA5MC3K77CBLJ4E,BS22120,20020703124802,2002_20020703124802_NOFGZ6XA.html,no
gamestatwide.asp,2002,M4WJV33AKIOIO73PMI2LYFZWLSIWAXRJ,BS22168,20020703152953,2002_20020703152953_M4WJV33A.html,no
gamestatwide.asp,2002,44ZP2I37Z4D2MPRZENBA2DAEUF2MPYQO,BS22153,20020703153000,2002_20020703153000_44ZP2I37.html,no
gamestatwide.asp,2002,V35ITVSKLTUDT3V3LZERE5QKKELYHGTV,BS22177,20020711082104,2002_20020711082104_V35ITVSK.html,no
gamestatwide.asp,2002,NLGXIP63P2BXUELFAEB3PUDUX4XDRPSC,BS22180,20020711082419,2002_20020711082419_NLGXIP63.html,no
gamestatwide.asp,2002,3XT45DYFVDU7IPMNBRKQRKB747RQAGUX,BS22181,20020711082907,2002_20020711082907_3XT45DYF.html,no
gamestatwide.asp,2002,XJITGYPA4ZV7LQGGOX5A2SNC3SWWEBVD,BS22184,20020711083043,2002_20020711083043_XJITGYPA.html,no
gamestatwide.asp,2002,7OK7GXFNKDG5BIQ2O7TCDNC4AOK57JZE,BS22182,20020711083129,2002_20020711083129_7OK7GXFN.html,no
gamestatwide.asp,2002,FBUKNYDV2KGEC6CNHGD6TZUKEMFADWLY,BS22186,20020711083426,2002_20020711083426_FBUKNYDV.html,no
gamestatwide.asp,2002,ZV5LOYO7PBNQEVIPPW7P75R5GBXR74CS,BS22187,20020711083432,2002_20020711083432_ZV5LOYO7.html,no
gamestatwide.asp,2002,N2YYOH7WUIUYCYRPKOP7JTFFNRUDPSK7,BS22188,20020711083958,2002_20020711083958_N2YYOH7W.html,no
gamestatwide.asp,2002,KO43LBPC67VOJMT6ODIQJEBTTT6UJZZH,BS22191,20020711084156,2002_20020711084156_KO43LBPC.html,no
gamestatwide.asp,2002,PVUELFLKDI62JR2M3JX2GIZ544EWFL3T,BS22190,20020711084445,2002_20020711084445_PVUELFLK.html,no
gamestatwide.asp,2002,345FQSJMDJZLBZ2U2HFSDZYGYIV4BNYM,BS22193,20020711084820,2002_20020711084820_345FQSJM.html,no
gamestatwide.asp,2002,ME274OILDFDKIJDPYXXBMQR5F2URV5MZ,BS22195,20020711084825,2002_20020711084825_ME274OIL.html,no
gamestatwide.asp,2002,3RQDSP3DGIXRWQXHXKEIPJMRKQCMDPGG,BS22154,20020711084920,2002_20020711084920_3RQDSP3D.html,no
gamestatwide.asp,2002,CMWQR545U4KJOGVK44J3MUUEESLXBUQP,BS22196,20020711085103,2002_20020711085103_CMWQR545.html,no
gamestatwide.asp,2002,D2ZR7OOPLU4FLCNDAHT4QBQRPYZUJTZH,BS22194,20020711085105,2002_20020711085105_D2ZR7OOP.html,no
gamestatwide.asp,2002,CIUPV33ZMEFTFBADR63RKER2JOUO5XLX,BS22145,20020711085129,2002_20020711085129_CIUPV33Z.html,no
gamestatwide.asp,2002,KPQ3W3VPYIKBE2QETFFUQO4QBC2WLTNP,BS22170,20020711085351,2002_20020711085351_KPQ3W3VP.html,no
gamestatwide.asp,2002,XCWP6KDL54J5L3TCUT6L6FNMD2YYO5KH,BS22172,20020711085356,2002_20020711085356_XCWP6KDL.html,no
gamestatwide.asp,2002,GS57ZIFJWYLDTKRUDNR5CNRBQ67SPRFJ,BS22171,20020711085615,2002_20020711085615_GS57ZIFJ.html,no
gamestatwide.asp,2002,JWJZCEAA5PEYDVMDSJPB242XIHQIKCVL,BS22175,20020711090158,2002_20020711090158_JWJZCEAA.html,no
gamestatwide.asp,2002,WCRS6M2LZ5M5K5X527WG266MLZ7Z7MJN,BS22174,20020711090246,2002_20020711090246_WCRS6M2L.html,no
gamestatwide.asp,2002,4BEAXE7SXZSQWNUFWBFHDBPTUM2S3J5K,BS22176,20020711090419,2002_20020711090419_4BEAXE7S.html,no
gamestatwide.asp,2002,IZEAZ2NI3JXRD4EWGTN3C4DXYHHJKSN7,BS22192,20020713051022,2002_20020713051022_IZEAZ2NI.html,no
gamestatwide.asp,2002,SRCUGQNONNIC3NM75BC2PRBQFUKEALP4,BS22195,20020713051353,2002_20020713051353_SRCUGQNO.html,no
gamestatwide.asp,2002,ZMI6Y7AC2FMN4UC7WETB7TNNRN6I726X,BS22190,20020713052501,2002_20020713052501_ZMI6Y7AC.html,no
gamestatwide.asp,2002,OYE6GFNA2UVUFPHMD2VAM3U6E55RSGQG,BS21222,20020714044149,2002_20020714044149_OYE6GFNA.html,no
gamestatwide.asp,2002,F6HJGCMXU5RMHY7EU7HSNKDAMBHDO4X2,BS21072,20020714044411,2002_20020714044411_F6HJGCMX.html,no
gamestatwide.asp,2002,7BNDMWDY7GR34NOU2DF2GDIJGIPUDVMG,BS21233,20020714044423,2002_20020714044423_7BNDMWDY.html,no
gamestatwide.asp,2002,IOC43YJO4OOR3TKC3BDNXIWC7KNN2ZB2,BS21091,20020714044534,2002_20020714044534_IOC43YJO.html,no
gamestatwide.asp,2002,23G7EDC6T3T46C33OMUEKGDJ4ENCKYJE,BS21023,20020714044624,2002_20020714044624_23G7EDC6.html,no
gamestatwide.asp,2002,VPFP3CWYZIWXRHL4E6F22AWWQN7IC55D,BS21027,20020714044731,2002_20020714044731_VPFP3CWY.html,no
gamestatwide.asp,2002,UEEKH4WUFZHSPKQS52SP5FLTYZKS64IN,BS21173,20020714044748,2002_20020714044748_UEEKH4WU.html,no
gamestatwide.asp,2002,ZCLS2EAPXSMVDQS2EFRTE6226PMUPKX4,BS21190,20020714044807,2002_20020714044807_ZCLS2EAP.html,no
gamestatwide.asp,2002,QBZMIKKPUU2NVXAQHGUETFY3LGFR6UUQ,BS21100,20020714044839,2002_20020714044839_QBZMIKKP.html,no
gamestatwide.asp,2002,HRVUUJMCKRGT7FXARU4NMCYQATUIS3HG,BS21095,20020714044917,2002_20020714044917_HRVUUJMC.html,no
gamestatwide.asp,2002,BYFQSUVTFKRWUABXQ7JXBGYL7L4CQWDG,BS21238,20020714044958,2002_20020714044958_BYFQSUVT.html,no
gamestatwide.asp,2002,SMIERH75PKYWZBTLPQRJLBXUGPZRTHS5,BS21186,20020714045102,2002_20020714045102_SMIERH75.html,no
gamestatwide.asp,2002,MK35OZMX2OXCWOQN2JOFSEEL2FEOQYDF,BS21043,20020714045154,2002_20020714045154_MK35OZMX.html,no
gamestatwide.asp,2002,KXS6VMD7LM2H5Z3BCIA3O7XZZCT3VTON,BS21052,20020714045224,2002_20020714045224_KXS6VMD7.html,no
gamestatwide.asp,2002,6L6HFDRHOZTY4VUUTJKJGORISJPBVCVV,BS21205,20020714045511,2002_20020714045511_6L6HFDRH.html,no
gamestatwide.asp,2002,MBBGRDKLQ6CZP3GAAXG6EUNAZSBTQON4,BS21139,20020714045613,2002_20020714045613_MBBGRDKL.html,no
gamestatwide.asp,2002,IEXU6VUPKFVYAQXT6QDJ2UAKNH4YERKX,BS21197,20020714045656,2002_20020714045656_IEXU6VUP.html,no
gamestatwide.asp,2002,RD54F6TM35UTOL7FXA2E63E7BHLUP6MI,BS21214,20020714045812,2002_20020714045812_RD54F6TM.html,no
gamestatwide.asp,2002,RGEHPH2W64H3VNPDBVHIUQTJMHGWMCOX,BS21061,20020714045853,2002_20020714045853_RGEHPH2W.html,no
gamestatwide.asp,2002,VYTFL2SKXD3RTPLX4IQW3SQAZT6K422C,BS22164,20020715180000,2002_20020715180000_VYTFL2SK.html,no
gamestatwide.asp,2002,CIWPHQ3BMCWDC7ITTHLF3YEDH3VZJJNG,BS22179,20020715180140,2002_20020715180140_CIWPHQ3B.html,no
gamestatwide.asp,2002,NDUN6MFSZT3YWRKFCJLENUGG6FLRZRSN,BS22153,20020715180415,2002_20020715180415_NDUN6MFS.html,no
gamestatwide.asp,2002,NGJCVAOKJ5HPPPI4ADB3ME4VTSTFCVJE,BS22139,20020715181609,2002_20020715181609_NGJCVAOK.html,no
gamestatwide.asp,2002,KZLBP6HJWLELZMNXNKP2IAP75LEIQBG5,BS22062,20020802085304,2002_20020802085304_KZLBP6HJ.html,no
gamestatwide.asp,2002,2KTCRTIKZXILRBHBUASVKVPG7TNX3KQE,BS22082,20020802085509,2002_20020802085509_2KTCRTIK.html,no
gamestatwide.asp,2002,V5DIG4ITYUQOXBYAE3TFF44ZYUBES2MO,BS22091,20020802090649,2002_20020802090649_V5DIG4IT.html,no
gamestatwide.asp,2002,BFQREPAN5YJU62DBYIKREFTNKWJBKMQK,BS22160,20020802093705,2002_20020802093705_BFQREPAN.html,no
gamestatwide.asp,2002,P4YQWIP2TDNJG63ZON4FRZY562FDXPGD,BS22188,20020802095428,2002_20020802095428_P4YQWIP2.html,no
gamestatwide.asp,2002,YXM2CWE2D2DF5L4MI4E5U5MICUZACZ3N,BS22201,20020802095528,2002_20020802095528_YXM2CWE2.html,no
gamestatwide.asp,2002,5WO5LO5JEKFPDIPCUZIML5D3PSPUC4ZI,BS22210,20020802100154,2002_20020802100154_5WO5LO5J.html,no
gamestatwide.asp,2002,2OOYP5BVI2ATD4ZV6B2B44BEYSNQXAPO,BS22221,20020802100726,2002_20020802100726_2OOYP5BV.html,no
gamestatwide.asp,2002,OH7BMRAIM5ORFTYU5VKNGVWJD7JHCS46,BS22238,20020802101036,2002_20020802101036_OH7BMRAI.html,no
gamestatwide.asp,2002,XBJK3JKRIFZWJEUBKY5XUVEXHRSVDT3M,BS22239,20020802102347,2002_20020802102347_XBJK3JKR.html,no
gamestatwide.asp,2002,BE7BNISPIEZBRUZXJCLWYSTDI2PR2S2M,BS22001,20020816080022,2002_20020816080022_BE7BNISP.html,no
gamestatwide.asp,2002,FOHDN7MTFHVA56BV73YG6KZJJ7XI4D6W,BS21139,20020816082353,2002_20020816082353_FOHDN7MT.html,no
gamestatwide.asp,2002,PCJ7CPBBWHREDV7JVUHFYOCVWFVAOY4H,BS21151,20020816082954,2002_20020816082954_PCJ7CPBB.html,no
gamestatwide.asp,2002,JWRPD447LLK2GXSVUZAPITG5KEU66NKG,BS22052,20020822032412,2002_20020822032412_JWRPD447.html,no
gamestatwide.asp,2002,XR4WXLKHHWS46DI75AGEG7KMHSLVG3OV,BS22051,20020822032739,2002_20020822032739_XR4WXLKH.html,no
gamestatwide.asp,2002,65WP3AY6H646Q2VWD3AEL3Y3ZNWFULOZ,BS22152,20020822032820,2002_20020822032820_65WP3AY6.html,no
gamestatwide.asp,2002,CHR5LXQO7S2N3NV6NGUU32MGK4ZDK2SY,BS22212,20020822032830,2002_20020822032830_CHR5LXQO.html,no
gamestatwide.asp,2002,RBOLXDBZTZ33C25IWEL2MJIPMBJP73H5,BS22216,20020822033000,2002_20020822033000_RBOLXDBZ.html,no
gamestatwide.asp,2002,HXTBAUOFI3HMURZMLNOEYRB4RITAUEZ5,BS22401,20020822033227,2002_20020822033227_HXTBAUOF.html,no
gamestatwide.asp,2002,PZ7D4EGQHZKYS3PID5XTQRVRH5GAQFZK,BS22402,20020822033228,2002_20020822033228_PZ7D4EGQ.html,no
gamestatwide.asp,2002,IREY3YSUJIRTUSQ3EV2ZGXUTZSHBXIKL,BS22205,20020822033404,2002_20020822033404_IREY3YSU.html,no
gamestatwide.asp,2002,V6XCYTNXM2A6XYQ4XXXOQOLTY4MRBGF4,BS22157,20020822033828,2002_20020822033828_V6XCYTNX.html,no
gamestatwide.asp,2002,J7WGGKBEFEQEJ6SV3XYLWN7LLPJTBN4T,BS22108,20020822034104,2002_20020822034104_J7WGGKBE.html,no
gamestatwide.asp,2002,TLOMQI7AJVUMM55R72UNCBCEGI3F4UKX,BS22060,20020822034148,2002_20020822034148_TLOMQI7A.html,no
gamestatwide.asp,2002,OAIMSFCC6SEQF3LGZYFCDYBAJGTBODDD,BS22159,20020822034231,2002_20020822034231_OAIMSFCC.html,no
gamestatwide.asp,2002,TQQSIJ4XBGOILXTPSIXEATVQ62H5HXKC,BS22067,20020822034801,2002_20020822034801_TQQSIJ4X.html,no
gamestatwide.asp,2002,R67L5TNI2SOR4LE2BMATZ3DS2CZQ5WOL,BS22227,20020822034837,2002_20020822034837_R67L5TNI.html,no
gamestatwide.asp,2002,2HNHY7TDND5AQASDZVU5IYWCOOO7E6UC,BS22223,20020822034940,2002_20020822034940_2HNHY7TD.html,no
gamestatwide.asp,2002,DIOJQAQWQYNTZBRQHSMPJWGZWPFB3MCC,BS22081,20020822035150,2002_20020822035150_DIOJQAQW.html,no
gamestatwide.asp,2002,QNJDIKCYT4UEKSER6QJAOZFTDIPDMRCC,BS22231,20020822035217,2002_20020822035217_QNJDIKCY.html,no
gamestatwide.asp,2002,H6KVUO5DQZV6KSCVATMBH3V3ELBLJB5C,BS22085,20020822035823,2002_20020822035823_H6KVUO5D.html,no
gamestatwide.asp,2002,RXMAQ6XJJWFSREEHYTCUZCKAW7QK472P,BS22041,20020822035958,2002_20020822035958_RXMAQ6XJ.html,no
gamestatwide.asp,2002,2P4QPEAKXAXK7OXAYMUYBTQ5NLXICQ3I,BS22136,20020822040150,2002_20020822040150_2P4QPEAK.html,no
gamestatwide.asp,2002,6UKWPDTZTJ4SN762CTLWJIBWIB7MD3FN,BS22200,20020822040352,2002_20020822040352_6UKWPDTZ.html,no
gamestatwide.asp,2002,KP3QO6OWC6DLNWIZFN73743RTJET5OF2,BS22147,20020822040734,2002_20020822040734_KP3QO6OW.html,no
gamestatwide.asp,2002,GQV75QFZGQG3DLH4IZDR4MPS4YLTRR22,BS22036,20020822040812,2002_20020822040812_GQV75QFZ.html,no
gamestatwide.asp,2002,ULARDE3IN5I6CUCVGXBIBOT5EUUYS5PC,BS22095,20020822040821,2002_20020822040821_ULARDE3I.html,no
gamestatwide.asp,2002,ACBZZ5ZCR3NYDHJNTU5QFAB5ATEDA5YA,BS22307,20020822040858,2002_20020822040858_ACBZZ5ZC.html,no
gamestatwide.asp,2002,QHCGRJ5Z2T7JRDIZD24IDUWGZSE7QHYV,BS22142,20020822040909,2002_20020822040909_QHCGRJ5Z.html,no
gamestatwide.asp,2002,HFWOKVSYJP352JBAS7H3QFPHDQBDVVGB,BS22091,20020822041018,2002_20020822041018_HFWOKVSY.html,no
gamestatwide.asp,2002,IALW7SRQGTAF5JGFDQM3COHJ4GLDGMQO,BS22400,20020822041217,2002_20020822041217_IALW7SRQ.html,no
gamestatwide.asp,2002,BFGMU7R3425IBYQ7GSLJST2UGUMSOW4P,BS22178,20020822092443,2002_20020822092443_BFGMU7R3.html,no
gamestatwide.asp,2002,XVOM46S4ZXJIVHPMZBEKSTDXUEPAPBYL,BS22301,20020822092805,2002_20020822092805_XVOM46S4.html,no
gamestatwide.asp,2002,PLSTCE2KBLJVFDTNPUNERDGXLRA3NJPE,BS22046,20020822093136,2002_20020822093136_PLSTCE2K.html,no
gamestatwide.asp,2002,7ONVV7E63HPFYTHPTN224FNYUNFYLJVZ,BS22049,20020823145950,2002_20020823145950_7ONVV7E6.html,no
gamestatwide.asp,2002,5B6R5SMSNVDECC3FTNFIL3235GLH7V2J,BS22102,20020823150456,2002_20020823150456_5B6R5SMS.html,no
gamestatwide.asp,2002,4XERJHTUOWGNJXLOUBVJEXKLIVVUMB6O,BS22023,20020823151040,2002_20020823151040_4XERJHTU.html,no
gamestatwide.asp,2002,RZMTWQS7OY3HCZZXA4EX25A3IHSJDAU3,BS22056,20020823151318,2002_20020823151318_RZMTWQS7.html,no
gamestatwide.asp,2002,VIPKQFS37AUZTDXDKOPVL42UCQBUUQUR,BS22106,20020823151509,2002_20020823151509_VIPKQFS3.html,no
gamestatwide.asp,2002,ATBA3W6LT22STSZHTNFNLVCWJS4LEERZ,BS22026,20020823151857,2002_20020823151857_ATBA3W6L.html,no
gamestatwide.asp,2002,VG2K2JMIBSZJNKRLK5JF5ANZLGHXQWO2,BS22032,20020823152053,2002_20020823152053_VG2K2JMI.html,no
gamestatwide.asp,2002,T2LGQPDQZ2M7DIACHODR6ISU4RCFFDJN,BS22069,20020823153038,2002_20020823153038_T2LGQPDQ.html,no
gamestatwide.asp,2002,JSGKT6JNABRLPMMMDLOL6KLYBCB7447R,BS22009,20020823153242,2002_20020823153242_JSGKT6JN.html,no
gamestatwide.asp,2002,IOE6UBVZYGBXTKQDGYTHXFUIBQIT54OQ,BS22039,20020823153253,2002_20020823153253_IOE6UBVZ.html,no
gamestatwide.asp,2002,WD2ARNIV73PSI7WVD5MJOGF5SWBJNYLG,BS22066,20020823153426,2002_20020823153426_WD2ARNIV.html,no
gamestatwide.asp,2002,MNMKEWTIMUSPSMMO5PUEY64TJJKAPJ5H,BS22010,20020823153529,2002_20020823153529_MNMKEWTI.html,no
gamestatwide.asp,2002,347F32OEOUEMYQSBCCCU3LWQ5HFOJB25,BS22043,20020823154225,2002_20020823154225_347F32OE.html,no
gamestatwide.asp,2002,NM4NI4J6BLVKG246TE3JQ6FHJQ6GDTGM,BS22058,20020823160656,2002_20020823160656_NM4NI4J6.html,no
gamestatwide.asp,2002,5WOJIGBUAVVQ4Y64O5SAKE6UEVDKRFGC,BS22165,20020825114316,2002_20020825114316_5WOJIGBU.html,no
gamestatwide.asp,2002,RSBZFPQM52K5Q467Y3OWMKJFBMP4P3XT,BS22127,20020825114545,2002_20020825114545_RSBZFPQM.html,no
gamestatwide.asp,2002,4FFAKMVCXLOXUXS3SH62QCF6RQ5X7SAU,BS22138,20020825120028,2002_20020825120028_4FFAKMVC.html,no
gamestatwide.asp,2002,VANVVKEXLHR37J2DYP5OOXXQAYL75AOE,BS22162,20020825121022,2002_20020825121022_VANVVKEX.html,no
gamestatwide.asp,2002,ZDYWUSAMYDIUWTHGBLEQ5LTMUDTYV2BW,BS22156,20020825121027,2002_20020825121027_ZDYWUSAM.html,no
gamestatwide.asp,2002,JYSSVFUIYZNAEUNZMAE2RW6DBQMQFLGV,BS22148,20020825121258,2002_20020825121258_JYSSVFUI.html,no
gamestatwide.asp,2002,Q3JYSW3MPCJCF5NLSG5TNBWVHDXTYC5R,BS22132,20020825121337,2002_20020825121337_Q3JYSW3M.html,no
gamestatwide.asp,2002,TBAPQWIVHUUYYZOGGYPMBFEVNDUHKM22,BS22198,20020826082134,2002_20020826082134_TBAPQWIV.html,no
gamestatwide.asp,2002,2J3MZYQWADUV6CJIO5BLC3QDGGZTYI5N,BS22213,20020826082532,2002_20020826082532_2J3MZYQW.html,no
gamestatwide.asp,2002,GPQ6L5X7AQY2Q2MGPHL6VJTWWJAEZKRV,BS22169,20020826082926,2002_20020826082926_GPQ6L5X7.html,no
gamestatwide.asp,2002,YW3HUFO5A7I2PDDJ5PG2H6H4TI2NURXH,BS22215,20020826083016,2002_20020826083016_YW3HUFO5.html,no
gamestatwide.asp,2002,JD63CNL423QQWWI27MQUHWSWWCDPERHR,BS22173,20020826084223,2002_20020826084223_JD63CNL4.html,no
gamestatwide.asp,2002,VFG4RL6GR7WW6RGW3QKVB3THRIE4OKXU,BS22210,20020826084450,2002_20020826084450_VFG4RL6G.html,no
gamestatwide.asp,2002,7OMMRY7C3SE6SEUPCXNOGQKVYFLYCKQ6,BS22218,20020826084730,2002_20020826084730_7OMMRY7C.html,no
gamestatwide.asp,2002,HTV5QNP6O5K7RSXUO25FQGMGZLZU2HI4,BS22204,20020826084753,2002_20020826084753_HTV5QNP6.html,no
gamestatwide.asp,2002,LEJGHKH6G22DSZS7TZ6II6ZEBAQB46WD,BS22220,20020826084914,2002_20020826084914_LEJGHKH6.html,no
gamestatwide.asp,2002,LGJPH4B76MFM2OBG3GGUCTR4I73CWWPN,BS22179,20020826092733,2002_20020826092733_LGJPH4B7.html,no
gamestatwide.asp,2002,FCEKAMCY7IS52Q2VQQYY344CTDGPAHZV,BS22183,20020826150440,2002_20020826150440_FCEKAMCY.html,no
gamestatwide.asp,2002,JBLVYSSKHSRUEWC25PJB5V62E2V33YIY,BS22308,20020827144247,2002_20020827144247_JBLVYSSK.html,no
gamestatwide.asp,2002,RFBFLFWHU4MQUJWCM37XOYUU52CF2HB2,BS22234,20020827144438,2002_20020827144438_RFBFLFWH.html,no
gamestatwide.asp,2002,4D2XZDDUMGTHPGQA2ZXVRIMHQWJQQKZ3,BS22304,20020827145752,2002_20020827145752_4D2XZDDU.html,no
gamestatwide.asp,2002,5V2HWBQTKWGCHRBFA3FHH7EKDQGZVBER,BS22236,20020827145940,2002_20020827145940_5V2HWBQT.html,no
gamestatwide.asp,2002,EQQEUNM7L6CZMA2HS54FVDGK2PHWFNHA,BS22237,20020827145946,2002_20020827145946_EQQEUNM7.html,no
gamestatwide.asp,2002,2B5O2IZPAGLPFTIISPHDONXBS6RCEBMD,BS22310,20020827150047,2002_20020827150047_2B5O2IZP.html,no
gamestatwide.asp,2002,EMJZE3S4PC6T4TPLKZTMEE6URXRI7TCZ,BS22228,20020827150136,2002_20020827150136_EMJZE3S4.html,no
gamestatwide.asp,2002,CR6MYFGREHPIN2IXI54XQF3LGD7WTQL5,BS22225,20020827150146,2002_20020827150146_CR6MYFGR.html,no
gamestatwide.asp,2002,LVU6HZQUNPRSHR2JYD7THK4UE67IHMXB,BS22302,20020827150605,2002_20020827150605_LVU6HZQU.html,no
gamestatwide.asp,2002,ISGXS262V2SD4KUKO4CJ75P6ADJED5OZ,BS22230,20020827150624,2002_20020827150624_ISGXS262.html,no
gamestatwide.asp,2002,CAX636W55VCYJPCW6Y5PKMKC63HFMPRR,BS22239,20020827151449,2002_20020827151449_CAX636W5.html,no
gamestatwide.asp,2002,3MINBNLGYXFT5ELHFDLKOK4F3QHSPUH4,BS22235,20020919233226,2002_20020919233226_3MINBNLG.html,no
gamestatwide.asp,2002,WZRCIGFX43F7QJB7J54UDTWH3PAVQBRS,BS22040,20020919233513,2002_20020919233513_WZRCIGFX.html,no
gamestatwide.asp,2002,XWKRUDJ3HFJGVQQD2D4YIUOMNBD3T24Z,BS22217,20020919233858,2002_20020919233858_XWKRUDJ3.html,no
gamestatwide.asp,2002,UBHQJEMTK4AY42CIRDTBNVAQZEQNLGGT,BS22226,20020919234306,2002_20020919234306_UBHQJEMT.html,no
gamestatwide.asp,2002,7KMFBNF7GAG452CVJ2FO4GHA2DY7OQQP,BS22224,20020919234622,2002_20020919234622_7KMFBNF7.html,no
gamestatwide.asp,2002,FEYUQQHJCIKCCGDHBCONJFTIMXB7WJCT,BS22045,20020919235621,2002_20020919235621_FEYUQQHJ.html,no
gamestatwide.asp,2002,HP3HQPPLXTAAN57U5BOPTBVPKZNWA3U2,BS22038,20020919235945,2002_20020919235945_HP3HQPPL.html,no
gamestatwide.asp,2002,2SENMRM6TWNOXR2JSEOTKWXGFZWA6D27,BS22403,20020920000735,2002_20020920000735_2SENMRM6.html,no
gamestatwide.asp,2002,NIENZEELCKXOZ6FKWYPY3WCE366F4YJD,BS22404,20020920001520,2002_20020920001520_NIENZEEL.html,no
gamestatwide.asp,2002,Y5LAX67ZEA4JVAPFDYLIEU4C7KK4IVR7,BS22406,20020920001814,2002_20020920001814_Y5LAX67Z.html,no
gamestatwide.asp,2002,IMDNRKBNFRA7DZIAQAWFBTJAZGAUZN22,BS22119,20020920002734,2002_20020920002734_IMDNRKBN.html,no
gamestatwide.asp,2002,2WRYCTEYNN5JMACM7RPVXXLMYBZYILY2,BS22143,20020920004410,2002_20020920004410_2WRYCTEY.html,no
gamestatwide.asp,2002,JNVUQKVVYBGEWO73GYOCPUHEPMQAOTKZ,BS22150,20020920005015,2002_20020920005015_JNVUQKVV.html,no
gamestatwide.asp,2002,UN3CJCXS4K4AVPYBKHGFDYZO6AZUIBN2,BS22149,20020920005854,2002_20020920005854_UN3CJCXS.html,no
gamestatwide.asp,2002,I7QXLAAWMOT4YFB6L34ZNB7GYRNAWNUU,BS22189,20020920010719,2002_20020920010719_I7QXLAAW.html,no
gamestatwide.asp,2002,RNDLGPSOLCREFZULCDZIFFELNNSXMTMH,BS22004,20020920011609,2002_20020920011609_RNDLGPSO.html,no
gamestatwide.asp,2002,V65LK36AO7RV4UKHXMJT3MMTHRDSNPN6,BS22203,20020920011910,2002_20020920011910_V65LK36A.html,no
gamestatwide.asp,2002,OJCCIE2ZE2C6YYRWTR7ISUEC3SBCZRT6,BS22201,20020920012133,2002_20020920012133_OJCCIE2Z.html,no
gamestatwide.asp,2002,NA5UZ7Z4NOQJ2K2PMF4ELIQMSWLWOXUC,BS22009,20020921144226,2002_20020921144226_NA5UZ7Z4.html,no
gamestatwide.asp,2002,CEJPD6WSLZZ3CT6ZSFSD5G7TRDT7EMNT,BS21034,20020921161629,2002_20020921161629_CEJPD6WS.html,no
gamestatwide.asp,2002,QYDLZTSJ27HQBSRHUVZ6PHDGS6ODNGSH,BS21157,20020921162429,2002_20020921162429_QYDLZTSJ.html,no
gamestatwide.asp,2002,WSXUY35E5IVG7BCBQYDKV4XJDBRGI47R,BS21085,20020921164048,2002_20020921164048_WSXUY35E.html,no
gamestatwide.asp,2002,7XUP5PTB6F67BQ3OXMBDOZRY64FW24BL,BS21194,20020921164101,2002_20020921164101_7XUP5PTB.html,no
gamestatwide.asp,2002,CZPLUGNU4LKZ4UW3JGQKDSWXMIHVHPCC,BS21005,20020921164810,2002_20020921164810_CZPLUGNU.html,no
gamestatwide.asp,2002,3N2BAGUYQUGI6FGE3B6UTEXNRELJVDBO,BS21128,20020921164839,2002_20020921164839_3N2BAGUY.html,no
gamestatwide.asp,2002,KDDVI3EL7BORYATDH7QJ5ONG2FJKAR2Q,BS21225,20020921165344,2002_20020921165344_KDDVI3EL.html,no
gamestatwide.asp,2002,WS2V76M7OQDT4EMWENWBHN7GMUQRVHMR,BS21228,20020922034920,2002_20020922034920_WS2V76M7.html,no
gamestatwide.asp,2002,LRE5OJPYGG3YBPO3ZRSS5VST4I672YO3,BS22217,20021004112302,2002_20021004112302_LRE5OJPY.html,no
gamestatwide.asp,2002,P75ERCZYJRRKSHZC2DVZRBXOVW44FE3J,BS21194,20021106225826,2002_20021106225826_P75ERCZY.html,no
gamestatwide.asp,2002,E3BF6LSK2LZCLFEZXJ25PH2LEBPLNJ5B,BS21205,20021106231340,2002_20021106231340_E3BF6LSK.html,no
gamestatwide.asp,2002,D653WYTYGRVCDSMOIG3D2ZERBVFU36KA,BS22312,20021107033215,2002_20021107033215_D653WYTY.html,no
gamestatwide.asp,2002,FAAEQIIGMU44VOWR76MMRSFRLRIKAYS4,BS22233,20021107033837,2002_20021107033837_FAAEQIIG.html,no
gamestatwide.asp,2002,XJ36ZCIK2VSWYVW3ARDTL5RDHQCNIF5I,BS22208,20021107034028,2002_20021107034028_XJ36ZCIK.html,no
gamestatwide.asp,2002,IDE24GTFCKZHPCN4ZFRFE4EIVSUVUF7V,BS22405,20021107034227,2002_20021107034227_IDE24GTF.html,no
gamestatwide.asp,2002,BLIKHBARCN2LJYGQR6N4KXLWV422TX3F,BS22005,20021112160150,2002_20021112160150_BLIKHBAR.html,no
gamestatwide.asp,2002,PJOKB2GYQXF6EVAGIOJT4FGKVQHZH47R,BS22059,20021112160227,2002_20021112160227_PJOKB2GY.html,no
gamestatwide.asp,2002,IA6MMGH57I3XFLHONVEJ72IG4CUHWNHC,BS22035,20021112160320,2002_20021112160320_IA6MMGH5.html,no
gamestatwide.asp,2002,UWMWXLAWWCWOD2PQ7AQB2F5IVR2AMQJR,BS22100,20021112160336,2002_20021112160336_UWMWXLAW.html,no
gamestatwide.asp,2002,I2YURKXUHNUA3XUEORZLC6OVMYS45I2P,BS22093,20021112160600,2002_20021112160600_I2YURKXU.html,no
gamestatwide.asp,2002,VLFLD3XL57PVTV3IYRDC434ZPHWG4Y7S,BS22075,20021112160720,2002_20021112160720_VLFLD3XL.html,no
gamestatwide.asp,2002,GQJRQOREWB7NSIRVHKAC3KI2THRHCHNN,BS22088,20021112160819,2002_20021112160819_GQJRQORE.html,no
gamestatwide.asp,2002,CSOIPYFYW6IDQ7B4VKBYWHX2ANDM3BB2,BS22013,20021112160830,2002_20021112160830_CSOIPYFY.html,no
gamestatwide.asp,2002,REW4PUN75P5HFTFTYJYM57QOLKNKVOH5,BS22014,20021112160856,2002_20021112160856_REW4PUN7.html,no
gamestatwide.asp,2002,X4LTLPO4GZMCKC5WUBGBU2PIJ5VQLV4S,BS22155,20021114134732,2002_20021114134732_X4LTLPO4.html,no
gamestatwide.asp,2002,SD2ZJUF34TYP23YWCHZCMEAOXPAOHTHN,BS22158,20021114135031,2002_20021114135031_SD2ZJUF3.html,no
gamestatwide.asp,2002,D3VRZZ72U7QF22YCFKEPGTUUEOSG5466,BS22192,20021114135053,2002_20021114135053_D3VRZZ72.html,no
gamestatwide.asp,2002,PAHPQPFTH5AYXAVX2QZ3M46LCLT3WGKZ,BS22206,20021114135057,2002_20021114135057_PAHPQPFT.html,no
gamestatwide.asp,2002,VR746JELO3GUTE237DNMTOGVCF7PGKPW,BS22144,20021114135127,2002_20021114135127_VR746JEL.html,no
gamestatwide.asp,2002,BFS74WNANA4WYCRNZSGGYNIPNS7JPUGS,BS22121,20021114135219,2002_20021114135219_BFS74WNA.html,no
gamestatwide.asp,2002,62QYO4P436JOS5S6UZMMGHKLFTLEHHGX,BS22146,20021114135242,2002_20021114135242_62QYO4P4.html,no
gamestatwide.asp,2002,OT466422ANUDO3GEC6LK7LRRMFRQR3T3,BS22163,20021114135521,2002_20021114135521_OT466422.html,no
gamestatwide.asp,2002,J4OKHKJ5AJJ6EQRRM3I7PVGEI3DARHAK,BS22161,20021114135820,2002_20021114135820_J4OKHKJ5.html,no
gamestatwide.asp,2002,345PLV6OFVSVBSP3CZLQHLRNBTC3UFYH,BS22209,20021114135905,2002_20021114135905_345PLV6O.html,no
gamestatwide.asp,2002,JZ7XS6QFQDMCH7RGC4LKULCATFPTRQBG,BS22122,20021114135953,2002_20021114135953_JZ7XS6QF.html,no
gamestatwide.asp,2002,EFRGHDID4ULXOU2U2BJDK46ZDCVJLVY7,BS22207,20021114140128,2002_20021114140128_EFRGHDID.html,no
gamestatwide.asp,2002,AVKGBQXK4WTZPMPM6JSLTD437MI7AAVO,BS22135,20021114140256,2002_20021114140256_AVKGBQXK.html,no
gamestatwide.asp,2002,WYZ4NSSVF2CIC7NGO5LOCWNAXBBJVWKM,BS22151,20021114140317,2002_20021114140317_WYZ4NSSV.html,no
gamestatwide.asp,2002,LL7NNDKTZVH2CNZHNYF6GZJW2RAU6SJB,BS22141,20021114140611,2002_20021114140611_LL7NNDKT.html,no
gamestatwide.asp,2002,Y6SDCZ7PBGLRV7U6QZPTFGSEGS3MN45A,BS22129,20021114140906,2002_20021114140906_Y6SDCZ7P.html,no
gamestatwide.asp,2002,W5D5AYZC3ZBTJJDTBKXNJ335EGFFTX3S,BS22140,20021114140913,2002_20021114140913_W5D5AYZC.html,no
gamestatwide.asp,2002,CS26XY3WSBOPUUMULKPI53ZQR4BEOFSL,BS22166,20021114141144,2002_20021114141144_CS26XY3W.html,no
gamestatwide.asp,2002,A4CF2L256BQYGUHQWW2HMY4HN2YRDHTL,BS22130,20021114141146,2002_20021114141146_A4CF2L25.html,no
gamestatwide.asp,2002,HUW4K5FARIUJTP2DXQ5SDY57WIYSIIPC,BS22305,20021116063258,2002_20021116063258_HUW4K5FA.html,no
gamestatwide.asp,2002,IGURZTUDIQZOYRFZEVAHINDGFM3SF3XG,BS22232,20021116063930,2002_20021116063930_IGURZTUD.html,no
gamestatwide.asp,2002,5RSJOEYT4ZYMSUAL73RFXS7RBWFIRKTU,BS22222,20021116065335,2002_20021116065335_5RSJOEYT.html,no
gamestatwide.asp,2002,7W6VMSECMTIIJW7ZY5WMFX6LG2DAEPL7,BS21109,20021116141221,2002_20021116141221_7W6VMSEC.html,no
gamestatwide.asp,2002,4MAXKQP2BCDQ5NKFM4LDG6DQPUHB7ZLM,BS21137,20021116141423,2002_20021116141423_4MAXKQP2.html,no
gamestatwide.asp,2002,Y6QFVIUMGKAMIU5UIUHFXL6SIXSKHU5O,BS21121,20021116141825,2002_20021116141825_Y6QFVIUM.html,no
gamestatwide.asp,2002,POZDZBK462SRZN7HZUNJNEH4U53TPISV,BS21048,20021116142215,2002_20021116142215_POZDZBK4.html,no
gamestatwide.asp,2002,EBONANTOKAQWUFQH4YKMN3TW7ACVCWT6,BS21076,20021116142515,2002_20021116142515_EBONANTO.html,no
gamestatwide.asp,2002,TC5OLR5OBRC3PQBPJGVQSFUE23G2V6GR,BS22016,20021130021845,2002_20021130021845_TC5OLR5O.html,no
gamestatwide.asp,2002,3RBMYV5SSTUTHIMM22WXHCGLOAWBRSSV,BS22229,20021204023354,2002_20021204023354_3RBMYV5S.html,no
gamestatwide.asp,2002,YTGLPCWVUKPVJZEPTLOE342465TTITPS,BS22071,20021207215704,2002_20021207215704_YTGLPCWV.html,no
gamestatwide.asp,2003,XOWD5WKWEDPVWQ7PONFVY3CY2IILGBZR,BS21200,20030104193842,2003_20030104193842_XOWD5WKW.html,no
gamestatwide.asp,2003,5UI3JYJZDLY7NV34BK6PVYEZRUJUWMY5,BS21148,20030104193851,2003_20030104193851_5UI3JYJZ.html,no
gamestatwide.asp,2003,T3EDUKU4O3CZU2CYHOCVKO2BJGH5MUJF,BS21151,20030104194527,2003_20030104194527_T3EDUKU4.html,no
gamestatwide.asp,2003,QIGL5M5J6AICP4SONCEDIXFUJOC5GEBW,BS21011,20030104194624,2003_20030104194624_QIGL5M5J.html,no
gamestatwide.asp,2003,BMUQNWENSGNZNRSDPMDY7NYJE7C6CKHL,BS21016,20030104195550,2003_20030104195550_BMUQNWEN.html,no
gamestatwide.asp,2003,3TMA4G7KIA7DJDEP5SBC5P2TRRB7OWW7,BS22054,20030116061623,2003_20030116061623_3TMA4G7K.html,no
gamestatwide.asp,2003,BONGCSXXJKWFYVEU6K337FAP7J3R3GHE,BS22219,20030119013103,2003_20030119013103_BONGCSXX.html,no
gamestatwide.asp,2003,UX6BRQE7YKY5HZB2I7YVMNTUF4QF54EG,BS22185,20030119013226,2003_20030119013226_UX6BRQE7.html,no
gamestatwide.asp,2003,PVGHJFK7JC4EHQKC5VL5ORNL6U4PK6VE,BS22221,20030119013403,2003_20030119013403_PVGHJFK7.html,no
gamestatwide.asp,2003,OX3CGGE57ICLXN7TKOBF7YEKQTL5FAKT,BS22167,20030119013617,2003_20030119013617_OX3CGGE5.html,no
gamestatwide.asp,2003,FGB4XLUCBBU6JSMIYOCJQF3KTQWT7J2J,BS22306,20030121080725,2003_20030121080725_FGB4XLUC.html,no
gamestatwide.asp,2003,RHAJKR3LQVLJX427DEGYPO63GJ4DHYL2,BS22300,20030121080928,2003_20030121080928_RHAJKR3L.html,no
gamestatwide.asp,2003,2CYLBGHLWX6M4C2MSYHHO3OBHEAEKFHI,BS22309,20030121082131,2003_20030121082131_2CYLBGHL.html,no
gamestatwide.asp,2003,X4FK53G6OYLGRLWGBVH7CVPDL6URVUGO,BS22240,20030121082456,2003_20030121082456_X4FK53G6.html,no
gamestatwide.asp,2003,KYHAZNGNLMIOEMQ6QW5OATTFKCQZCNXX,BS22000,20030121100814,2003_20030121100814_KYHAZNGN.html,no
gamestatwide.asp,2003,O6VCCTQQYYDCNGSRYEFD7IBNQY232PHK,BS22114,20030317125032,2003_20030317125032_O6VCCTQQ.html,no
gamestatwide.asp,2003,LXEY3CH57NLX5VN6ZXLQWHS2VVQZZ6TO,BS22116,20030317125230,2003_20030317125230_LXEY3CH5.html,no
gamestatwide.asp,2003,S3AOTKH2FFTH4FDWJ4LKB6KWLGW7ETWZ,BS22117,20030317130729,2003_20030317130729_S3AOTKH2.html,no
gamestatwide.asp,2003,YLHBISWGZWEBTEPLGX34736KTPGL53OE,BS22238,20030321064405,2003_20030321064405_YLHBISWG.html,no
gamestatwide.asp,2003,YGRZ3WUCMXCFZH4WHTZKCCGVLM4WVNBD,BS22214,20030321065036,2003_20030321065036_YGRZ3WUC.html,no
gamestatwide.asp,2003,NSZUXL5I3EVSD5JGL7UJSYFQBSI7M6DX,BS22303,20030321065451,2003_20030321065451_NSZUXL5I.html,no
gamestatwide.asp,2003,UGJIBJP6LBXBLNRCAWRKBQ7O63NFRQVS,BS22164,20030321065756,2003_20030321065756_UGJIBJP6.html,no
gamestatwide.asp,2003,7Q3GZXWI23SSXFSWXML3ZAFOBEYWDBRZ,BS22202,20030321065757,2003_20030321065757_7Q3GZXWI.html,no
gamestatwide.asp,2003,LZZVNUC3ORRBETLL5C6I3S3AVILCEXVI,BS22211,20030327152721,2003_20030327152721_LZZVNUC3.html,no
gamestatwide.asp,2003,AZOSGY6DX5O5QKR6OFM5LK7M7N2EGNWL,BS23002,20030514004639,2003_20030514004639_AZOSGY6D.html,no
gamestatwide.asp,2003,4XS2TXWNTOCHTMMLBHE4A24IWJVUVGHU,BS23002,20030514004814,2003_20030514004814_4XS2TXWN.html,no
gamestatwide.asp,2003,2BIGB5LJMHIBVXX24EHQAF4GSLN2QLXZ,BS23024,20030516123122,2003_20030516123122_2BIGB5LJ.html,no
gamestatwide.asp,2003,Q4XFAKFKUFM46ECAYA76RSWQ23YSL4RM,BS23004,20030516123455,2003_20030516123455_Q4XFAKFK.html,no
gamestatwide.asp,2003,ZTYX6QFA53WSTKSJXIIHGIWG3F35Q6HL,BS23006,20030516123543,2003_20030516123543_ZTYX6QFA.html,no
gamestatwide.asp,2003,QD67XA4YSZORFF72OGBFEKSYGLHK2XOV,BS23007,20030516123634,2003_20030516123634_QD67XA4Y.html,no
gamestatwide.asp,2003,UL5ZCAKDDOUFHLER3QQURS7OZ6WGZLUK,BS23025,20030516123647,2003_20030516123647_UL5ZCAKD.html,no
gamestatwide.asp,2003,4NWEENPCO3GG4TN5H5PPKA53BVEVKEU6,BS23009,20030516123718,2003_20030516123718_4NWEENPC.html,no
gamestatwide.asp,2003,2C2HGU5623V56EU6HLDMNTTAKLDP4JNF,BS23026,20030516123723,2003_20030516123723_2C2HGU56.html,no
gamestatwide.asp,2003,3BYQTPZS5JHHFCXXS5BVEAJQHJXC2MCV,BS23008,20030516123744,2003_20030516123744_3BYQTPZS.html,no
gamestatwide.asp,2003,CFW5MOMFSIZM7FULN5ASIHWLIV4RSNTW,BS23043,20030516123751,2003_20030516123751_CFW5MOMF.html,no
gamestatwide.asp,2003,OFLRIO7QI64HUZHTZEM37KNCF6NZ5MXW,BS23045,20030516123817,2003_20030516123817_OFLRIO7Q.html,no
gamestatwide.asp,2003,HVHPRTJ32I2DB5RJVHM4KSNYQJQSWSAC,BS23046,20030516123832,2003_20030516123832_HVHPRTJ3.html,no
gamestatwide.asp,2003,W6WP56WVCBYVL72LGL6ZD7WOOSGHYD6N,BS23028,20030516123910,2003_20030516123910_W6WP56WV.html,no
gamestatwide.asp,2003,AGDN62REHMBNBIKT2UAWTMOUC5B5VYZ7,BS23027,20030516123943,2003_20030516123943_AGDN62RE.html,no
gamestatwide.asp,2003,ZEJV2MUPYNNPMDJE3CPYONU5FC2E3QAL,BS23029,20030516123956,2003_20030516123956_ZEJV2MUP.html,no
gamestatwide.asp,2003,DIR4XG2Y3RBKUJGYX6DUNIGULNQKYWLO,BS23030,20030516124007,2003_20030516124007_DIR4XG2Y.html,no
gamestatwide.asp,2003,GIW5FHKVCHZOAEGKSENMFSW72DYHVIYS,BS23049,20030516124157,2003_20030516124157_GIW5FHKV.html,no
gamestatwide.asp,2003,VH4SC332RZJOJDAGRVRWLWTFSKXHGFAL,BS23032,20030516124222,2003_20030516124222_VH4SC332.html,no
gamestatwide.asp,2003,RWXI7FONZPB7XTBGGYCMMUIZQ2IB2TWA,BS23013,20030516124249,2003_20030516124249_RWXI7FON.html,no
gamestatwide.asp,2003,E7BYYAORIVQUH4XFG7M4OK5AGGKZ42BW,BS23050,20030516124256,2003_20030516124256_E7BYYAOR.html,no
gamestatwide.asp,2003,NPNR3O4M3TR5L6EIMM3FTMLJ4WUQRVJV,BS23033,20030516124300,2003_20030516124300_NPNR3O4M.html,no
gamestatwide.asp,2003,QEG4MWF7IXTU4P4GUDJ2A3NX4A52HVDC,BS23014,20030516124432,2003_20030516124432_QEG4MWF7.html,no
gamestatwide.asp,2003,I7RLVOPF6IUUWAFT7HOEWTRXZK7QHFCV,BS23034,20030516124520,2003_20030516124520_I7RLVOPF.html,no
gamestatwide.asp,2003,NBRWY7ZOK7WFT4UVXLBIPAKFJGCKTRFQ,BS23037,20030516124553,2003_20030516124553_NBRWY7ZO.html,no
gamestatwide.asp,2003,ZTQ7Q2CAU54AHQATMSPPJJI4DCF2D5F7,BS23052,20030516124620,2003_20030516124620_ZTQ7Q2CA.html,no
gamestatwide.asp,2003,WIHU7BLEAUVZEKAXOKJXMEYCUHUMJJ5W,BS23019,20030516124624,2003_20030516124624_WIHU7BLE.html,no
gamestatwide.asp,2003,OLHUQTFZ2JDLPRZVO3O33MS22IRGTQWR,BS23021,20030516124654,2003_20030516124654_OLHUQTFZ.html,no
gamestatwide.asp,2003,HOCCBMKZZMFDJMZN2KTCXZSP47JIB64I,BS23056,20030516124657,2003_20030516124657_HOCCBMKZ.html,no
gamestatwide.asp,2003,XXUNP26JKOBX33UCPIJMJOORTGPD3M2C,BS23039,20030516124731,2003_20030516124731_XXUNP26J.html,no
gamestatwide.asp,2003,UNWCPWHNECPK75TP4FM542X35JIUBTQZ,BS23053,20030516124750,2003_20030516124750_UNWCPWHN.html,no
gamestatwide.asp,2003,GSAGGGBO735AFSU7G523FMHXRSSA2KX7,BS23017,20030516124821,2003_20030516124821_GSAGGGBO.html,no
gamestatwide.asp,2003,RT6QNOPFEVOKRBYOCKO7HHE4RS7PW7HD,BS23022,20030516124831,2003_20030516124831_RT6QNOPF.html,no
gamestatwide.asp,2003,CYKWYZZQSZ5Q5Y6SXTTIDNH5PTJAKPDZ,BS23035,20030516124853,2003_20030516124853_CYKWYZZQ.html,no
gamestatwide.asp,2003,LFLV4JFSF7KAXOIM7PTXQEAHOUMC2V4O,BS23040,20030516125035,2003_20030516125035_LFLV4JFS.html,no
gamestatwide.asp,2003,IADA32SQGHNXCIZG4XVSJJBDQVNWKRWR,BS23023,20030517221029,2003_20030517221029_IADA32SQ.html,no
gamestatwide.asp,2003,RFRQTY7BAIOB6DBIXBO4SKBEOX6RIILB,BS23042,20030517221043,2003_20030517221043_RFRQTY7B.html,no
gamestatwide.asp,2003,Z7OSQIOLPJVYXAPZ6Q2LKOGFBCYJSSA6,BS23012,20030517222249,2003_20030517222249_Z7OSQIOL.html,no
gamestatwide.asp,2003,HSEISUMIV5YYTCUDCJ5IYWK3AEA5MD4V,BS23005,20030517235827,2003_20030517235827_HSEISUMI.html,no
gamestatwide.asp,2003,HKLCTV4MXKKLIZAN23CK6ARSOWHNMC3A,BS23018,20030522065738,2003_20030522065738_HKLCTV4M.html,no
gamestatwide.asp,2003,PNKPCWFZD4PWWJKYKPZPJ3EQFOXLFXVN,BS23036,20030526225337,2003_20030526225337_PNKPCWFZ.html,no
gamestatwide.asp,2003,NKBBTG6NAXXG7P6TRQARN7RV3Q6C4HFP,BS23129,20030609221934,2003_20030609221934_NKBBTG6N.html,no
gamestatwide.asp,2003,Q4MAEBE3XLAAOSTB5UNDHRZVCRNWSCYL,BS23131,20030609222131,2003_20030609222131_Q4MAEBE3.html,no
gamestatwide.asp,2003,4IVODJ6TNH6VFNZOPXRK3EKFGER2J5MF,BS23130,20030609222152,2003_20030609222152_4IVODJ6T.html,no
gamestatwide.asp,2003,OSITZYEYWQGPSGATNMTKJUAWZQ2N6VXN,BS23010,20030610222138,2003_20030610222138_OSITZYEY.html,no
gamestatwide.asp,2003,FMW7ISDJRHOEY4L3S3OGP33OZP3WJYUQ,BS23020,20030611062732,2003_20030611062732_FMW7ISDJ.html,no
gamestatwide.asp,2003,EWBNO2456P4ZHLJNFSHV2PKNNPL3GFWP,BS23044,20030611083512,2003_20030611083512_EWBNO245.html,no
gamestatwide.asp,2003,4QPSH5PHESP5EIE5AOM6CCCHW3A2CV4J,BS23038,20030611084514,2003_20030611084514_4QPSH5PH.html,no
gamestatwide.asp,2003,WED3L3RP6H7JJOEMFYDHQFPOPWQHK3LV,BS23048,20030611084553,2003_20030611084553_WED3L3RP.html,no
gamestatwide.asp,2003,AXPSPIUJNSH6TFZVI4XBOYVESRNZ7OPP,BS23054,20030611112955,2003_20030611112955_AXPSPIUJ.html,no
gamestatwide.asp,2003,LRBAZQCZSS4AXMCHRV3KPWFWVAPR75AZ,BS23070,20030611113238,2003_20030611113238_LRBAZQCZ.html,no
gamestatwide.asp,2003,BZC2IWSQVMYAPGN25Q2R47VTZD54DKCB,BS23055,20030611113409,2003_20030611113409_BZC2IWSQ.html,no
gamestatwide.asp,2003,4TCJBXNXNOIHULETP4ON4VUS7HS6775B,BS23060,20030611113554,2003_20030611113554_4TCJBXNX.html,no
gamestatwide.asp,2003,WVLIJJ2WIKQB6C24Q7M77CGNZXFWU6YY,BS23058,20030611113729,2003_20030611113729_WVLIJJ2W.html,no
gamestatwide.asp,2003,4DRYYDG7YVVADKJ6QW64HB7XA5J56JXG,BS23064,20030611114108,2003_20030611114108_4DRYYDG7.html,no
gamestatwide.asp,2003,C2LJUWPTKKCMXKCNX6C4KBVU3FGIVSNY,BS23085,20030611130216,2003_20030611130216_C2LJUWPT.html,no
gamestatwide.asp,2003,PX3EE3774B74NQ74BKLRKKPGYKXOKWKH,BS23084,20030611130250,2003_20030611130250_PX3EE377.html,no
gamestatwide.asp,2003,BWDZOGCZISGY237QD5H7IFZYUQJQFRIR,BS23089,20030611130611,2003_20030611130611_BWDZOGCZ.html,no
gamestatwide.asp,2003,NEOMUTSPKFHZPEFC3CRN7D4QXZIQI33F,BS23077,20030611130721,2003_20030611130721_NEOMUTSP.html,no
gamestatwide.asp,2003,CXT7622XHNFDNKV5UNGTOBHT4STKFY24,BS23090,20030611130729,2003_20030611130729_CXT7622X.html,no
gamestatwide.asp,2003,XCLL4L5Y566Y5NFJAKAJCBQGLYPZCU25,BS23081,20030611131026,2003_20030611131026_XCLL4L5Y.html,no
gamestatwide.asp,2003,F4LMARZIAOSIAWTNTVB7R22BQLEUYAOV,BS23082,20030611131028,2003_20030611131028_F4LMARZI.html,no
gamestatwide.asp,2003,33XV6WYJUIZ47VU5466T2X7URDOGF7R7,BS23111,20030611154008,2003_20030611154008_33XV6WYJ.html,no
gamestatwide.asp,2003,TQR5PROLPCPOPYIVPNOJ7GOHPU4ZFMED,BS23099,20030611154123,2003_20030611154123_TQR5PROL.html,no
gamestatwide.asp,2003,5N4VO3LIFJBOT5DYOSFBYCABUIII325A,BS23113,20030611161524,2003_20030611161524_5N4VO3LI.html,no
gamestatwide.asp,2003,ZGQTVG4POILFXRRDWNMM4ULHESBU4KHB,BS23104,20030611161624,2003_20030611161624_ZGQTVG4P.html,no
gamestatwide.asp,2003,NZO6QW5WP75GGPNMUZC366ZSAN2KNH7K,BS23103,20030611161754,2003_20030611161754_NZO6QW5W.html,no
gamestatwide.asp,2003,SIQXFWIJ3LREKOQQHOZ3MKAVN5ZAYVEK,BS23105,20030611162111,2003_20030611162111_SIQXFWIJ.html,no
gamestatwide.asp,2003,TJIEC4E5MIF2DCUGRCF6A2YJ2QXHO7EU,BS23093,20030611162147,2003_20030611162147_TJIEC4E5.html,no
gamestatwide.asp,2003,2EDQUXPUGIFIDPRF5RJUJATVTXDM34GQ,BS23095,20030611162154,2003_20030611162154_2EDQUXPU.html,no
gamestatwide.asp,2003,XW6DWAXRCGFZ2F3UQANKYMBII4GLSVKN,BS23106,20030611162246,2003_20030611162246_XW6DWAXR.html,no
gamestatwide.asp,2003,DXYP3ACOUBO2PDCLJPWU2OKCHJ6M42Z7,BS23122,20030611175729,2003_20030611175729_DXYP3ACO.html,no
gamestatwide.asp,2003,LK27FCLR2J4RAG333WIVFHHR26RYJBRM,BS23123,20030611175746,2003_20030611175746_LK27FCLR.html,no
gamestatwide.asp,2003,OVSYY7JCIYZEMTE6PJ2W62LS77ZECNAM,BS23136,20030611175903,2003_20030611175903_OVSYY7JC.html,no
gamestatwide.asp,2003,7HNQEBABEH3FMF766W3KXMCFC7G6P2NF,BS23125,20030611180148,2003_20030611180148_7HNQEBAB.html,no
gamestatwide.asp,2003,ZR2L7R5GYJNZN6XN5ZZWWANZRQ2W5DE7,BS23133,20030611180308,2003_20030611180308_ZR2L7R5G.html,no
gamestatwide.asp,2003,7ADEUWKH5GTLKYM27DDJZYKIART2QO6F,BS23115,20030611180318,2003_20030611180318_7ADEUWKH.html,no
gamestatwide.asp,2003,EBU6RLOXBZW4IZ2TPYKOXIANAVSGFRLY,BS23114,20030611180345,2003_20030611180345_EBU6RLOX.html,no
gamestatwide.asp,2003,VSARL6MYUXDFWFMYT45N4TS6VNHPTYYR,BS23129,20030611180428,2003_20030611180428_VSARL6MY.html,no
gamestatwide.asp,2003,O64NSMGKFFDMXPTUDC73AUDMN7FOVHPA,BS23128,20030611180438,2003_20030611180438_O64NSMGK.html,no
gamestatwide.asp,2003,ZDZKHZQO7VKKSW3BTHC4XH2RRQRWEJ5F,BS23130,20030611180448,2003_20030611180448_ZDZKHZQO.html,no
gamestatwide.asp,2003,UULV5FTTPBFN5GRVYYBICZVGKND76HHD,BS23116,20030611180520,2003_20030611180520_UULV5FTT.html,no
gamestatwide.asp,2003,D4TXPSQ44XRFVLMQUGX2THWRIAQZWILV,BS23117,20030611180540,2003_20030611180540_D4TXPSQ4.html,no
gamestatwide.asp,2003,BPDLCI2QG4FZEFQZHNZI6SAOWLK5JNL3,BS23120,20030611181446,2003_20030611181446_BPDLCI2Q.html,no
gamestatwide.asp,2003,UYHICWFSQEHJ2RLYEVRXTTZSTTGW27J5,BS23147,20030611202753,2003_20030611202753_UYHICWFS.html,no
gamestatwide.asp,2003,N3SFQOZCA435PX6TLBYXL2ZAKO2O6M75,BS23137,20030611202844,2003_20030611202844_N3SFQOZC.html,no
gamestatwide.asp,2003,QTWBXY7DYNFC52E3A6RJD2PY3SQUPDSN,BS23150,20030611203126,2003_20030611203126_QTWBXY7D.html,no
gamestatwide.asp,2003,JD37PAMLQLLZR2MUDYQT7BZ7GMCZW6DG,BS23151,20030611203217,2003_20030611203217_JD37PAML.html,no
gamestatwide.asp,2003,LC3G4D4IWXIWE4G7QENYJZUOGHIPODQA,BS23153,20030611203331,2003_20030611203331_LC3G4D4I.html,no
gamestatwide.asp,2003,ARP5DYKXFSOYLMSCBACIHK43OB6W63RS,BS23141,20030611203407,2003_20030611203407_ARP5DYKX.html,no
gamestatwide.asp,2003,J7FFOWKRYSQ3RWICHQGEUOHBYBLOSCQQ,BS23144,20030611203713,2003_20030611203713_J7FFOWKR.html,no
gamestatwide.asp,2003,P3L7AG6JOKD5OW2MTJOVW2H6CHS3S2UQ,BS23143,20030611203753,2003_20030611203753_P3L7AG6J.html,no
gamestatwide.asp,2003,EDTDDZVFB7BDMBX3RVHJN6EPP6SFVATK,BS23145,20030611204020,2003_20030611204020_EDTDDZVF.html,no
gamestatwide.asp,2003,XRNTDF7BV2LTZIJDXEIUCXFAKWGL2EYL,BS23150,20030612105102,2003_20030612105102_XRNTDF7B.html,no
gamestatwide.asp,2003,2P5EUFCLGXYHKCNYS6UKNKO75S5VFQG7,BS23152,20030612105551,2003_20030612105551_2P5EUFCL.html,no
gamestatwide.asp,2003,SNREQIZW3KP4TKHDFJARLDN7LYXZXEDD,BS23151,20030612105820,2003_20030612105820_SNREQIZW.html,no
gamestatwide.asp,2003,DOZIDE7MI7EEMO325ILE7FQMU7WHOLGP,BS23149,20030612105829,2003_20030612105829_DOZIDE7M.html,no
gamestatwide.asp,2003,FNQV4KIPWC42DWV3AUF3HA4WSXKFPYHO,BS23153,20030612105933,2003_20030612105933_FNQV4KIP.html,no
gamestatwide.asp,2003,37AV7URRBDXIUCML3G62AREKCE6WLIQY,BS23107,20030612202327,2003_20030612202327_37AV7URR.html,no
gamestatwide.asp,2003,QROI367O7NZ7TPV52MOBAWESYTHVFYBD,BS23003,20030612202837,2003_20030612202837_QROI367O.html,no
gamestatwide.asp,2003,7YGO75OBMORPRX2JJ6KVX6MJGUNSCJR5,BS23063,20030612203129,2003_20030612203129_7YGO75OB.html,no
gamestatwide.asp,2003,WDVSNNSD54J2PMZ5Y4WSHH37ACPPN2EY,BS23086,20030612203213,2003_20030612203213_WDVSNNSD.html,no
gamestatwide.asp,2003,35RION32IIM7BUAZX7ESEE2XK3OG527H,BS23094,20030612203248,2003_20030612203248_35RION32.html,no
gamestatwide.asp,2003,W432FZP47JXPRV5GX2ZEFJI4Z42CDIAE,BS23068,20030612203528,2003_20030612203528_W432FZP4.html,no
gamestatwide.asp,2003,U6VENHFFDLMNJN3UOB2KTWL2E4IVR5E2,BS23124,20030612213156,2003_20030612213156_U6VENHFF.html,no
gamestatwide.asp,2003,EF227AEZGCI5HA57HI77QSFRGSITBGIG,BS23140,20030623223716,2003_20030623223716_EF227AEZ.html,no
gamestatwide.asp,2003,SXPKH2OTIGX2A6HFMKOYZL3PE4ORBTYN,BS23147,20030623224126,2003_20030623224126_SXPKH2OT.html,no
gamestatwide.asp,2003,5RIURTE4DYCQOTB3ZYY7SPYWYK5MX5H6,BS23160,20030623225118,2003_20030623225118_5RIURTE4.html,no
gamestatwide.asp,2003,7UFTKJVT3JKDLAWLYM4XDBNLPVWR6RSL,BS23164,20030623225238,2003_20030623225238_7UFTKJVT.html,no
gamestatwide.asp,2003,SMP6YU3IRBOUWJB3DGVN4PJH4ZWPT43T,BS23169,20030623230033,2003_20030623230033_SMP6YU3I.html,no
gamestatwide.asp,2003,RR25TLIK2DX6O6V5FC7LPTIEPHYJRYKW,BS23170,20030624001256,2003_20030624001256_RR25TLIK.html,no
gamestatwide.asp,2003,JSWOZT6FZZ5FGUISBOEGCENHTY2AF5TP,BS23001,20030624180558,2003_20030624180558_JSWOZT6F.html,no
gamestatwide.asp,2003,CZTZ3O6WO5ZDHXQNNYO2P5IBRD53J7KZ,BS23011,20030624181811,2003_20030624181811_CZTZ3O6W.html,no
gamestatwide.asp,2003,4KHSVCI2BAG3SRL366BN4ITJAWSJ3FPV,BS23031,20030624183328,2003_20030624183328_4KHSVCI2.html,no
gamestatwide.asp,2003,O4AOT5LJLLG6PAJR6ZRIFU75NA4ZNV7B,BS23061,20030624190041,2003_20030624190041_O4AOT5LJ.html,no
gamestatwide.asp,2003,FNOZDJPAV5OAA3KVMUFEZUKTBTA3SE5K,BS23066,20030624190535,2003_20030624190535_FNOZDJPA.html,no
gamestatwide.asp,2003,VN4WDFYJAQGVSKYQMV6ZIVYAECRGMVA2,BS23069,20030624190706,2003_20030624190706_VN4WDFYJ.html,no
gamestatwide.asp,2003,NBXGSZGBI2345JCVXIKJ65JWYSNF37ZA,BS23074,20030624191539,2003_20030624191539_NBXGSZGB.html,no
gamestatwide.asp,2003,XUAQOZT2PP7QGB7MNTSEZHBJ7UIDQRZG,BS23078,20030624191953,2003_20030624191953_XUAQOZT2.html,no
gamestatwide.asp,2003,B6GZVGMK4OKDICBVJ47EHJX2472F6DR3,BS23083,20030624192339,2003_20030624192339_B6GZVGMK.html,no
gamestatwide.asp,2003,MQV5AFAFZWGY5GTXPGIOWTR5ZCCOUPHE,BS23098,20030624193245,2003_20030624193245_MQV5AFAF.html,no
gamestatwide.asp,2003,BKIAQQUZOMWPAHFNP5C6E4IDGBOHKOMY,BS23110,20030624194706,2003_20030624194706_BKIAQQUZ.html,no
gamestatwide.asp,2003,YY7OF32VRAUCOWH6HB5UPW3LUVKTA6YR,BS23131,20030624200703,2003_20030624200703_YY7OF32V.html,no
gamestatwide.asp,2003,OAL2BUQURTW7A5VS2YHDIHVS3ZRYQ5ML,BS23134,20030624200824,2003_20030624200824_OAL2BUQU.html,no
gamestatwide.asp,2003,TJ54KMHO4XADKE6KKMGT2FDMAB7CKEEE,BS23175,20030626182134,2003_20030626182134_TJ54KMHO.html,no
gamestatwide.asp,2003,5UZJF7TFCREKIO6CR4RHGO4XAMDT52DD,BS23182,20030626182315,2003_20030626182315_5UZJF7TF.html,no
gamestatwide.asp,2003,UVZUCVAC4PSOM2H7SHSN7Q46HNA4WJGM,BS23184,20030626182629,2003_20030626182629_UVZUCVAC.html,no
gamestatwide.asp,2003,TEEVQ4JGLFO63I7N2TCSX3BN2VBUY3VT,BS23173,20030626182800,2003_20030626182800_TEEVQ4JG.html,no
gamestatwide.asp,2003,YTGT6MGDCDNMOGN7PRHXQN7RZHX7GO3O,BS23041,20030627143530,2003_20030627143530_YTGT6MGD.html,no
gamestatwide.asp,2003,2ZBTI7DZ3IEA2NYW5DJAS7G6256JHTDX,BS23062,20030627150505,2003_20030627150505_2ZBTI7DZ.html,no
gamestatwide.asp,2003,SSRJM4GADI3SLCO46DFEMVS32TXBA2KV,BS23067,20030630075454,2003_20030630075454_SSRJM4GA.html,no
gamestatwide.asp,2003,OK3TIOOWHQJ4NW4HVB6DE3JJRDAJAYMJ,BS23071,20030630080509,2003_20030630080509_OK3TIOOW.html,no
gamestatwide.asp,2003,AL2644YI377PYLW25ZCDXYB7GH4DC2ZW,BS23072,20030630081044,2003_20030630081044_AL2644YI.html,no
gamestatwide.asp,2003,64KS7QZ5ZS4MFKGR6NZIYZX4MINCGLKO,BS23073,20030630081232,2003_20030630081232_64KS7QZ5.html,no
gamestatwide.asp,2003,MEJPA3YBFRNJHI6UX7PYGGBPJKBBBR6I,BS23079,20030630081358,2003_20030630081358_MEJPA3YB.html,no
gamestatwide.asp,2003,EDBFTBHMC56HNQNICQDYFPP5ZYGYVKUH,BS23076,20030630081412,2003_20030630081412_EDBFTBHM.html,no
gamestatwide.asp,2003,QDGHNCFRN4O4L3KIVZEA7CWWJYLUIFC4,BS23080,20030630081948,2003_20030630081948_QDGHNCFR.html,no
gamestatwide.asp,2003,Z6ERGFDHCOSU3YX2AMOZL3PPOGEJ53GS,BS23087,20030630083730,2003_20030630083730_Z6ERGFDH.html,no
gamestatwide.asp,2003,UAAPQWEWRMOANMUQ2FCRZH5QZT4USH2T,BS23091,20030630084154,2003_20030630084154_UAAPQWEW.html,no
gamestatwide.asp,2003,7AJKMAMF73T7WXE2OI7SNNSTPKVDGH67,BS23092,20030630084640,2003_20030630084640_7AJKMAMF.html,no
gamestatwide.asp,2003,WG5NGCEBKY637QOPGF73DQ6EJ56V5CBD,BS23096,20030630084941,2003_20030630084941_WG5NGCEB.html,no
gamestatwide.asp,2003,HE76C4SKT5BITZWXERUHOLOPXT7ABVPX,BS23100,20030630090509,2003_20030630090509_HE76C4SK.html,no
gamestatwide.asp,2003,ZTDW6YUC3RVVY7TMGDPCT3II6Y6CJBCT,BS23108,20030630091340,2003_20030630091340_ZTDW6YUC.html,no
gamestatwide.asp,2003,EETGEF7IBMLWLYCGSLPJTAOVDJQBFQUT,BS23109,20030630091707,2003_20030630091707_EETGEF7I.html,no
gamestatwide.asp,2003,OO3LAPECEWCGXYNEOMXUM7XLMPYQPS4E,BS23112,20030630091808,2003_20030630091808_OO3LAPEC.html,no
gamestatwide.asp,2003,TRS5CQMXZRL2DNIS3UKFA2SI3TKUOB3C,BS23118,20030630092601,2003_20030630092601_TRS5CQMX.html,no
gamestatwide.asp,2003,DZJWAYDT7Z5PXBYXVILUUEXL5J5IZPDT,BS23121,20030630093542,2003_20030630093542_DZJWAYDT.html,no
gamestatwide.asp,2003,2PMJPXFXEAGOND76BJT5VLRCGDKPDJKP,BS23132,20030630094831,2003_20030630094831_2PMJPXFX.html,no
gamestatwide.asp,2003,ONKYHQWIWDU76N3R2UACS5TGCOELBX3Y,BS23146,20030630101553,2003_20030630101553_ONKYHQWI.html,no
gamestatwide.asp,2003,C63LQRWST7EMPJJUAILTMMHPPL7ZGF72,BS23152,20030630101917,2003_20030630101917_C63LQRWS.html,no
gamestatwide.asp,2003,V5IFBAGNWLL25OVTJMTTB75IK64XLYPB,BS23157,20030630102852,2003_20030630102852_V5IFBAGN.html,no
gamestatwide.asp,2003,MFTARGAMVAETWKPMD66FR5JW74LIGEY2,BS23159,20030630103245,2003_20030630103245_MFTARGAM.html,no
gamestatwide.asp,2003,X4EZFKCWEMEL3WZRX77HC6HMRFBOGM7U,BS23161,20030630103513,2003_20030630103513_X4EZFKCW.html,no
gamestatwide.asp,2003,7PGSVHWTMDLJAUKLJONDPIJZJPX2HACR,BS23162,20030630103554,2003_20030630103554_7PGSVHWT.html,no
gamestatwide.asp,2003,ZQEKGDZIWJ4RLMJLG7Q6Q4HX3DNRHKDC,BS23163,20030630103814,2003_20030630103814_ZQEKGDZI.html,no
gamestatwide.asp,2003,FS4UGSGBYGRRFMDMKU5QSV2EWMR5HJAK,BS23167,20030630104016,2003_20030630104016_FS4UGSGB.html,no
gamestatwide.asp,2003,V5P3IOA3VWARYEXI77YWOWJVXEYOLUMU,BS23172,20030630104631,2003_20030630104631_V5P3IOA3.html,no
gamestatwide.asp,2003,ZVBPSOWU64QA2XDKYMDS24U24ZP5WF7D,BS23177,20030630105352,2003_20030630105352_ZVBPSOWU.html,no
gamestatwide.asp,2003,FLGBWSWXJAR5GCBKXOPXLGNGGVMLWHUT,BS23179,20030630105758,2003_20030630105758_FLGBWSWX.html,no
gamestatwide.asp,2003,QGSS2Q7RVOMWVF46P4G2ORGT6ZC7GKXP,BS23180,20030630110251,2003_20030630110251_QGSS2Q7R.html,no
gamestatwide.asp,2003,HAKJKI2OIKWBBNUPD6JRTNYLYFQTAG5O,BS23185,20030630110901,2003_20030630110901_HAKJKI2O.html,no
gamestatwide.asp,2003,AEFRUC63U5RUUBX6F4L32G46IL6UR73Q,BS23183,20030630110936,2003_20030630110936_AEFRUC63.html,no
gamestatwide.asp,2003,LYJFCP2QUJOB7XKOZKAS4HRMKLEGCOLH,BS23188,20030630111241,2003_20030630111241_LYJFCP2Q.html,no
gamestatwide.asp,2003,36KM5ADWXE2RZOCLZ3IRZJCOWFNQ573K,BS23186,20030630111247,2003_20030630111247_36KM5ADW.html,no
gamestatwide.asp,2003,UO7GJ6232QTVY3ZZHVGSGCTHQYSYFXGT,BS23192,20030701220840,2003_20030701220840_UO7GJ623.html,no
gamestatwide.asp,2003,OCPNZX75P5I7SPJBKUZWAECP7ZFEDIWD,BS23189,20030702023433,2003_20030702023433_OCPNZX75.html,no
gamestatwide.asp,2003,QUECK7TEF64FZJFCFPJ6P623XJEKZ4JP,BS23191,20030702024416,2003_20030702024416_QUECK7TE.html,no
gamestatwide.asp,2003,SWHMI6DCJX4FZH65F7KDWAH6HML6J7SE,BS23149,20030704133025,2003_20030704133025_SWHMI6DC.html,no
gamestatwide.asp,2003,RL3ZYB3QL3IJX5WZJA3JM453NTXGY52Z,BS23178,20030704141910,2003_20030704141910_RL3ZYB3Q.html,no
gamestatwide.asp,2003,N5JVWO67RREKUP7652FIYGOJFBOL3PMJ,BS23184,20030704143243,2003_20030704143243_N5JVWO67.html,no
gamestatwide.asp,2003,362RNLGAEHRRBCUH2HMJO4YCCUS42ILA,BS23185,20030704143559,2003_20030704143559_362RNLGA.html,no
gamestatwide.asp,2003,OAXCDL7PEPVH37AOU465Y73HQO56VZTR,BS23194,20030704145619,2003_20030704145619_OAXCDL7P.html,no
gamestatwide.asp,2003,NACH7G6HSVOJF4UPULCFLQG7JAVASZFN,BS23193,20030704145750,2003_20030704145750_NACH7G6H.html,no
gamestatwide.asp,2003,CJB6LHURBWWB5NPLJGLH45WGFF7J7GFN,BS23196,20030704150649,2003_20030704150649_CJB6LHUR.html,no
gamestatwide.asp,2003,A5PBVZNX2J3BAEBVZJ4LH7MBB5OGZVTW,BS23195,20030704150759,2003_20030704150759_A5PBVZNX.html,no
gamestatwide.asp,2003,3LCVFXKCP5CX2OOYO5XXKYPMFS7KNHQI,BS23197,20030704151057,2003_20030704151057_3LCVFXKC.html,no
gamestatwide.asp,2003,JGIIU36QLMNIZ2JVEZNLF7GXI7LQO7CZ,BS23198,20030704151536,2003_20030704151536_JGIIU36Q.html,no
gamestatwide.asp,2003,QGYZ5O3CK7KSMIRF3NJHWITNIUASZZC2,BS23199,20030704151613,2003_20030704151613_QGYZ5O3C.html,no
gamestatwide.asp,2003,3S24HDMH6CERVMLRW7PQPEFKIIPBNHHH,BS23202,20030704152528,2003_20030704152528_3S24HDMH.html,no
gamestatwide.asp,2003,QDZUZ7WSNMXK4PDO4NSROWM5LDWJNZK4,BS23403,20030801211230,2003_20030801211230_QDZUZ7WS.html,no
gamestatwide.asp,2003,A2O5U33BC5UF6MBW2KSK4OOJQVROOH7O,BS23047,20030816021800,2003_20030816021800_A2O5U33B.html,no
gamestatwide.asp,2003,J7EGNVZX6RKGCJAOMOSA7SYASKV2O5WA,BS23138,20030816022116,2003_20030816022116_J7EGNVZX.html,no
gamestatwide.asp,2003,HOOYD2LVKMG77AVGWJ6CHTVFVHRIMDWB,BS23101,20030816022902,2003_20030816022902_HOOYD2LV.html,no
gamestatwide.asp,2003,GCMOKGDM2FILKVLMHAD4FGQENZUTPQBW,BS23135,20030816023102,2003_20030816023102_GCMOKGDM.html,no
gamestatwide.asp,2003,JX7GLYJLU4G2E5DQTA2NKVZAUIYWFW4G,BS23233,20030820233145,2003_20030820233145_JX7GLYJL.html,no
gamestatwide.asp,2003,7VFQPGKUYALDK5BDWG5PCX3VPCXTVXQT,BS23239,20030820233207,2003_20030820233207_7VFQPGKU.html,no
gamestatwide.asp,2003,TH35JFP23PXCI4LRV3WFJK23I64RE4PO,BS23203,20030820233325,2003_20030820233325_TH35JFP2.html,no
gamestatwide.asp,2003,UMSZ4LUVOPO7JALX5WA2PFCAHJ4RGT2Y,BS23205,20030820233326,2003_20030820233326_UMSZ4LUV.html,no
gamestatwide.asp,2003,XQKTZ2BATRNMG7SZB63JPPQUQJBLXOP7,BS23300,20030820233430,2003_20030820233430_XQKTZ2BA.html,no
gamestatwide.asp,2003,OBEZSXONWHKYMHVD4O2NMNVMX4VHP7GR,BS23171,20030820233447,2003_20030820233447_OBEZSXON.html,no
gamestatwide.asp,2003,RALFLQQYNFZBI4ZHK3ZKETOZCXEPE5HN,BS23403,20030820233503,2003_20030820233503_RALFLQQY.html,no
gamestatwide.asp,2003,PR6FIXQ5ABHJXWBLDWXHMDHBPR3BH645,BS23204,20030820233518,2003_20030820233518_PR6FIXQ5.html,no
gamestatwide.asp,2003,2CT5LYD36AYTJRHWKZNMCKMZG5GAE3RS,BS23402,20030820233626,2003_20030820233626_2CT5LYD3.html,no
gamestatwide.asp,2003,K2Z2KXQFQI2GXD532KPKAT4QCPRITW7N,BS23192,20030820233829,2003_20030820233829_K2Z2KXQF.html,no
gamestatwide.asp,2003,CBDLI2M5IYRME3I63FFOU663VLWNOTKB,BS23220,20030820233936,2003_20030820233936_CBDLI2M5.html,no
gamestatwide.asp,2003,GNXPAHBIVTTFRTYKBG24NMROLXVWRRHZ,BS23400,20030820233936,2003_20030820233936_GNXPAHBI.html,no
gamestatwide.asp,2003,QFRRA46K4KQTFHAB4IJ5RFVOTVDIMNI6,BS23215,20030820234127,2003_20030820234127_QFRRA46K.html,no
gamestatwide.asp,2003,67XW4WCF6SLZYNYU3ETDEVLPJKI3FR4Q,BS23306,20030820234149,2003_20030820234149_67XW4WCF.html,no
gamestatwide.asp,2003,UULXDT4YEC63KWHCCIBXFUK2KIVOZB3Q,BS23158,20030829232343,2003_20030829232343_UULXDT4Y.html,no
gamestatwide.asp,2003,CQAR2TVXR2M7OT3BFZNBYDRCZIEHZQWO,BS23225,20030829232739,2003_20030829232739_CQAR2TVX.html,no
gamestatwide.asp,2003,PWRSZMVQEHU7ZEE22UD2VCM5FKPYZLW7,BS23307,20030829232811,2003_20030829232811_PWRSZMVQ.html,no
gamestatwide.asp,2003,ALA3RKVWYG5NNRA53GNJSKBVRD36BJGE,BS23305,20030829232954,2003_20030829232954_ALA3RKVW.html,no
gamestatwide.asp,2003,4WMKVO5D2GRDSTE5P52EZJMOZ7CPNQ24,BS23234,20030829233016,2003_20030829233016_4WMKVO5D.html,no
gamestatwide.asp,2003,LT2RYITKJ7W4TPPXYP2DLGVK67KJPID7,BS23309,20030829233156,2003_20030829233156_LT2RYITK.html,no
gamestatwide.asp,2003,2UFOQE5NTS7CBKC7326K25LMNJKX7E6J,BS23057,20030829233316,2003_20030829233316_2UFOQE5N.html,no
gamestatwide.asp,2003,P45TKF3DULFFGQ3QBZGOND66DZMIZ3NC,BS23218,20030829233354,2003_20030829233354_P45TKF3D.html,no
gamestatwide.asp,2003,DGR25HPKYBFEIYQB4AQLQPSHRYMAYSMJ,BS23238,20030829233411,2003_20030829233411_DGR25HPK.html,no
gamestatwide.asp,2003,7UCMXIAFNPVUKJE5DV2NRUOKLNMPLLGB,BS23126,20030829233527,2003_20030829233527_7UCMXIAF.html,no
gamestatwide.asp,2003,IGHBENWPPVZCDRDW3IJZO5Z5DQFNVPSH,BS23156,20030829233626,2003_20030829233626_IGHBENWP.html,no
gamestatwide.asp,2003,OPWE6VOUY5JK73XB56AF4JQ7ZBJ5VCCH,BS23059,20030829233736,2003_20030829233736_OPWE6VOU.html,no
gamestatwide.asp,2003,QMEVBBTC2D2HZBSKI6ZUWEKP7CSMQZTW,BS23088,20030829233807,2003_20030829233807_QMEVBBTC.html,no
gamestatwide.asp,2003,I7UCXBZXCQEOLGPI6C3ZHL6P7NGOOSXQ,BS23075,20030829235059,2003_20030829235059_I7UCXBZX.html,no
gamestatwide.asp,2003,MSUZN454MYP72XAGVPNLQMZ2TJG3P5JJ,BS23187,20030901214844,2003_20030901214844_MSUZN454.html,no
gamestatwide.asp,2003,HODG7UCMJW7JKMNZFYL4JK2U7ECOLS67,BS23190,20030901215117,2003_20030901215117_HODG7UCM.html,no
gamestatwide.asp,2003,DOAMQNLLT6AJMKLRWZJR4IDC6TNFCBL7,BS23214,20030901215150,2003_20030901215150_DOAMQNLL.html,no
gamestatwide.asp,2003,VQCSRO63QPAWPOPRAXCEBDRMS5UKQDUC,BS23230,20030901215207,2003_20030901215207_VQCSRO63.html,no
gamestatwide.asp,2003,NOTOBULR6YCXFXZ77R54WMNFPGFB2543,BS23213,20030901215349,2003_20030901215349_NOTOBULR.html,no
gamestatwide.asp,2003,FQVSWNNTRQNNJMBPTG6KB2MKF2RIICY7,BS23097,20030901215452,2003_20030901215452_FQVSWNNT.html,no
gamestatwide.asp,2003,SJOSXJ2LGUEFCK27T6Z3ILKXZTGGW6JC,BS23229,20030901215552,2003_20030901215552_SJOSXJ2L.html,no
gamestatwide.asp,2003,LBMSOLIAY7VUYTI4QEQDUGDU6TWKROEP,BS23191,20030901215639,2003_20030901215639_LBMSOLIA.html,no
gamestatwide.asp,2003,XKRM6COA3HOSZ6TBBB26URCYVFS52J7K,BS23224,20030906204642,2003_20030906204642_XKRM6COA.html,no
gamestatwide.asp,2003,3XS36QKUFEIMRAAYUH4ZIHRINQP6UTTL,BS23176,20030930202431,2003_20030930202431_3XS36QKU.html,no
gamestatwide.asp,2003,TVWFMCNYSC4HYTVPT56BH4OGKVNRSAMT,BS23222,20030930233008,2003_20030930233008_TVWFMCNY.html,no
gamestatwide.asp,2003,HUKILS7S2O4SGMK2S7RWVXZWREH2ETCI,BS23232,20031001004312,2003_20031001004312_HUKILS7S.html,no
gamestatwide.asp,2003,LNMHVDBVBEQDHFYFKCNQGTKZCTJC2OHC,BS23210,20031020101222,2003_20031020101222_LNMHVDBV.html,no
gamestatwide.asp,2003,E6UAMU4UMYJBKBFYNXOKIF42GTTVSJHO,BS23016,20031020132331,2003_20031020132331_E6UAMU4U.html,no
gamestatwide.asp,2003,S3S5BMKLH2UKK4QSN4IQDGSFG3F3LEXI,BS23039,20031020141016,2003_20031020141016_S3S5BMKL.html,no
gamestatwide.asp,2003,4HBZNKL6DEPWL3YOO2BHN77WOU76GKSL,BS23051,20031024064436,2003_20031024064436_4HBZNKL6.html,no
gamestatwide.asp,2003,NDIWY7UKEZIVG7PGQ7C4TIOBMH4JGHKS,BS23139,20031027121956,2003_20031027121956_NDIWY7UK.html,no
gamestatwide.asp,2003,UO7T725ZMECI26WSPGGEVD4YMEYICQYZ,BS23015,20031027123039,2003_20031027123039_UO7T725Z.html,no
gamestatwide.asp,2003,65IEGORRBAQMYFINZ6DKOPQZBFMY7DHJ,BS23223,20031101090634,2003_20031101090634_65IEGORR.html,no
gamestatwide.asp,2003,UNMJYFQKHZZJWDAM5P3MJ7RCR3AZ55E2,BS23231,20031101090714,2003_20031101090714_UNMJYFQK.html,no
gamestatwide.asp,2003,IZ5PUZRP2NJMMNFF2JM23T3DO2YERPMJ,BS23227,20031101091016,2003_20031101091016_IZ5PUZRP.html,no
gamestatwide.asp,2003,EMYDJB6WBJOSHOJXUFV6HU3ZB2SSZH2Y,BS23302,20031101091202,2003_20031101091202_EMYDJB6W.html,no
gamestatwide.asp,2003,XZSXVP7QDPUTSZSRQI5MBMT42OUMJ6AF,BS23304,20031101091424,2003_20031101091424_XZSXVP7Q.html,no
gamestatwide.asp,2003,5RKJJFJLMHFBUNFV27KOBJ3EWIKIUFQ3,BS23236,20031101091455,2003_20031101091455_5RKJJFJL.html,no
gamestatwide.asp,2003,7HQHHBF4ZCYBWWEGAXUH3TCE572GT3FK,BS23308,20031101091632,2003_20031101091632_7HQHHBF4.html,no
gamestatwide.asp,2003,GQYHTJTDUVCLHBJQMK2PLHM2LRJE2HRF,BS23310,20031101091946,2003_20031101091946_GQYHTJTD.html,no
gamestatwide.asp,2003,MKHSB5SNWE5E75ZZFX7F4FIFET74GDAH,BS23207,20031101092528,2003_20031101092528_MKHSB5SN.html,no
gamestatwide.asp,2003,ZLOE37O6BMOBFWTEKO4NFMNOS3DYUFKV,BS23212,20031101092709,2003_20031101092709_ZLOE37O6.html,no
gamestatwide.asp,2003,WVYUKTB3HXEORXQ76POEDAEXNS3YAXOM,BS23119,20031101194749,2003_20031101194749_WVYUKTB3.html,no
gamestatwide.asp,2003,H7DBFC3M524U4NZXH5UH2XUX7C5QC2DR,BS23142,20031101195042,2003_20031101195042_H7DBFC3M.html,no
gamestatwide.asp,2003,YNKE4BUIUYOJURYUJO3XTUORCI2YQALR,BS23189,20031101213528,2003_20031101213528_YNKE4BUI.html,no
gamestatwide.asp,2003,VVLQDU6EZNMXQRIORGSHNXP3PEURZ3OS,BS23208,20031108175534,2003_20031108175534_VVLQDU6E.html,no
gamestatwide.asp,2003,I4LGJXIHOPE6WRRGGBESGDFJRL6ET6TW,BS23211,20031108175953,2003_20031108175953_I4LGJXIH.html,no
gamestatwide.asp,2003,EV34JI2EVVTIYQ7VOBUNWGX72CZALW5H,BS23219,20031108180428,2003_20031108180428_EV34JI2E.html,no
gamestatwide.asp,2003,R4YULWHCQGCCMTEP6TP7PMXKZW6QR2CS,BS23228,20031108181138,2003_20031108181138_R4YULWHC.html,no
gamestatwide.asp,2003,EABOAAUONPGJKLLFVX74GAMWGXQMY4YO,BS23301,20031108181741,2003_20031108181741_EABOAAUO.html,no
gamestatwide.asp,2003,FO5OS5OFURIOFHDVDCV5NPYYQL3LT7XC,BS23155,20031108181933,2003_20031108181933_FO5OS5OF.html,no
gamestatwide.asp,2003,WS5B3U3TWKCXRUBOBBRS5XRIJQFI2J7C,BS23154,20031108182023,2003_20031108182023_WS5B3U3T.html,no
gamestatwide.asp,2003,RMWLFHNTLU3SUJOYSWKYBW75Y23E2RMV,BS23166,20031108183231,2003_20031108183231_RMWLFHNT.html,no
gamestatwide.asp,2003,IONOVDU6GW3273XD36PJ4GN6WBXBT6V4,BS23200,20031108184850,2003_20031108184850_IONOVDU6.html,no
gamestatwide.asp,2003,Z2MB6SDMWMPIKWWETE2TCDE2TILGSZLG,BS23201,20031108185023,2003_20031108185023_Z2MB6SDM.html,no
gamestatwide.asp,2003,OYGYY4EDL6EODEBTY675NX73K4J7VNAS,BS23065,20031206020547,2003_20031206020547_OYGYY4ED.html,no
gamestatwide.asp,2003,TEG5MRHNHRT3YDWX7TPUMNSZL7M3CRAN,BS23102,20031219195650,2003_20031219195650_TEG5MRHN.html,no
gamestatwide.asp,2003,TKECEUXE6AWAWXYACXSREQVP7NQXJF3U,BS23181,20031219204847,2003_20031219204847_TKECEUXE.html,no
gamestatwide.asp,2003,GASJVW7JAEINULO3M6A5M32RGHY2QKIQ,BS23174,20031219205037,2003_20031219205037_GASJVW7J.html,no
gamestatwide.asp,2003,JCYNCB2KC7GMCA5ZL2J7CA2MCXG7MIFA,BS23235,20031229001210,2003_20031229001210_JCYNCB2K.html,no
gamestatwide.asp,2003,ONRW2WQP7PPZAZSYA4L7C2B2JNULQXLP,BS23401,20031229003359,2003_20031229003359_ONRW2WQP.html,no
gamestatwide.asp,2003,XGVZZTNOCYEUR6OIJTAEVV5POTLC4S2V,BS23217,20031229011757,2003_20031229011757_XGVZZTNO.html,no
gamestatwide.asp,2004,MG673ZI35DDD4LZ4EMHBN4JYKOIGMIIR,BS23209,20040104230945,2004_20040104230945_MG673ZI3.html,no
gamestatwide.asp,2004,DOON2JIDQKLEGWNJ66IMNLHYFSJR4MGI,BS23206,20040105091545,2004_20040105091545_DOON2JID.html,no
gamestatwide.asp,2004,KRDY7FBMP6DOVUSXUNPOBHPELTSN44RJ,BS23216,20040105092219,2004_20040105092219_KRDY7FBM.html,no
gamestatwide.asp,2004,7HNKXQW4Y7BCT7C3VTR5ZT5OOPXFYZBI,BS23226,20040105092732,2004_20040105092732_7HNKXQW4.html,no
gamestatwide.asp,2004,Q2V7PSTJLCYWVJFI2K556URZC52MY25W,BS23165,20040112232916,2004_20040112232916_Q2V7PSTJ.html,no
gamestatwide.asp,2004,WNASPIZIPCXG6PBJYURV5H4GLQZPZZRW,BS23168,20040112233544,2004_20040112233544_WNASPIZI.html,no
