bsnpr_id,season,franchise_id,games,points,players_source_url,jug05_source_url,jug05_team_raw,jug05_retrieved_at
35,1996,cariduros_fajardo,12,20,https://web.archive.org/web/20080803163146id_/http://bsnpr.com:80/jugadores/jugador.asp?id=35&e=,https://web.archive.org/web/20061208064347id_/http://www.bsnpr.com:80/jug05.asp?r3=00112&r2=462786RX3B&r=00102&e=,FAJARDO,2026-09-10T01:53:41Z
35,1997,cariduros_fajardo,8,33,https://web.archive.org/web/20080803163146id_/http://bsnpr.com:80/jugadores/jugador.asp?id=35&e=,https://web.archive.org/web/20061208064347id_/http://www.bsnpr.com:80/jug05.asp?r3=00112&r2=462786RX3B&r=00102&e=,FAJARDO,2026-09-10T01:53:41Z
35,1998,cangrejeros_santurce,10,17,https://web.archive.org/web/20080803163146id_/http://bsnpr.com:80/jugadores/jugador.asp?id=35&e=,https://web.archive.org/web/20061208064347id_/http://www.bsnpr.com:80/jug05.asp?r3=00112&r2=462786RX3B&r=00102&e=,SANTURCE,2026-09-10T01:53:41Z
35,1999,cangrejeros_santurce,14,34,https://web.archive.org/web/20080803163146id_/http://bsnpr.com:80/jugadores/jugador.asp?id=35&e=,https://web.archive.org/web/20061208064347id_/http://www.bsnpr.com:80/jug05.asp?r3=00112&r2=462786RX3B&r=00102&e=,SANTURCE,2026-09-10T01:53:41Z
35,2000,cangrejeros_santurce,10,5,https://web.archive.org/web/20080803163146id_/http://bsnpr.com:80/jugadores/jugador.asp?id=35&e=,https://web.archive.org/web/20061208064347id_/http://www.bsnpr.com:80/jug05.asp?r3=00112&r2=462786RX3B&r=00102&e=,SANTURCE,2026-09-10T01:53:41Z
35,2002,cangrejeros_santurce,11,20,https://web.archive.org/web/20080803163146id_/http://bsnpr.com:80/jugadores/jugador.asp?id=35&e=,https://web.archive.org/web/20061208064347id_/http://www.bsnpr.com:80/jug05.asp?r3=00112&r2=462786RX3B&r=00102&e=,SANTURCE,2026-09-10T01:53:41Z
35,2003,cangrejeros_santurce,17,38,https://web.archive.org/web/20080803163146id_/http://bsnpr.com:80/jugadores/jugador.asp?id=35&e=,https://web.archive.org/web/20061208064347id_/http://www.bsnpr.com:80/jug05.asp?r3=00112&r2=462786RX3B&r=00102&e=,SANTURCE,2026-09-10T01:53:41Z
35,2004,cangrejeros_santurce,10,18,https://web.archive.org/web/20080803163146id_/http://bsnpr.com:80/jugadores/jugador.asp?id=35&e=,https://web.archive.org/web/20061208064347id_/http://www.bsnpr.com:80/jug05.asp?r3=00112&r2=462786RX3B&r=00102&e=,SANTURCE,2026-09-10T01:53:41Z
37,2002,indios_mayaguez,13,217,https://web.archive.org/web/20170715120606id_/http://www.bsnpr.com:80/jugadores/jugador.asp?id=37&e=,https://web.archive.org/web/20061212190415id_/http://www.bsnpr.com:80/jug05.asp?r3=00145&r2=462736RX0S&r=00025&e=,MAYAGUEZ,2026-09-10T01:56:41Z
37,2003,indios_mayaguez,30,482,https://web.archive.org/web/20170715120606id_/http://www.bsnpr.com:80/jugadores/jugador.asp?id=37&e=,https://web.archive.org/web/20061212190415id_/http://www.bsnpr.com:80/jug05.asp?r3=00145&r2=462736RX0S&r=00025&e=,MAYAGUEZ,2026-09-10T01:56:41Z
37,2004,indios_mayaguez,22,398,https://web.archive.org/web/20170715120606id_/http://www.bsnpr.com:80/jugadores/jugador.asp?id=37&e=,https://web.archive.org/web/20061212190415id_/http://www.bsnpr.com:80/jug05.asp?r3=00145&r2=462736RX0S&r=00025&e=,MAYAGUEZ,2026-09-10T01:56:41Z
49,1999,criollos_caguas,8,11,https://web.archive.org/web/20080501072254id_/http://www.bsnpr.com:80/jugadores/jugador.asp?id=49&e=11,https://web.archive.org/web/20061119230859id_/http://www.bsnpr.com/jug05.asp?r2=462686RWYN&r3=00053&r=00545&e=CAGUAS,CAGUAS,2026-09-10T01:57:29Z
49,2002,criollos_caguas,22,38,https://web.archive.org/web/20080501072254id_/http://www.bsnpr.com:80/jugadores/jugador.asp?id=49&e=11,https://web.archive.org/web/20061119230859id_/http://www.bsnpr.com/jug05.asp?r2=462686RWYN&r3=00053&r=00545&e=CAGUAS,CAGUAS,2026-09-10T01:57:29Z
49,2003,criollos_caguas,22,77,https://web.archive.org/web/20080501072254id_/http://www.bsnpr.com:80/jugadores/jugador.asp?id=49&e=11,https://web.archive.org/web/20061119230859id_/http://www.bsnpr.com/jug05.asp?r2=462686RWYN&r3=00053&r=00545&e=CAGUAS,CAGUAS,2026-09-10T01:57:29Z
49,2004,criollos_caguas,23,24,https://web.archive.org/web/20080501072254id_/http://www.bsnpr.com:80/jugadores/jugador.asp?id=49&e=11,https://web.archive.org/web/20061119230859id_/http://www.bsnpr.com/jug05.asp?r2=462686RWYN&r3=00053&r=00545&e=CAGUAS,CAGUAS,2026-09-10T01:57:29Z
50,1992,leones_ponce,14,13,https://web.archive.org/web/20130428000600id_/http://www.bsnpr.com:80/jugadores/jugador.asp?id=50&e=,https://web.archive.org/web/20060224014959id_/http://www.bsnpr.com:80/jug05.asp?r2=462796RX3F&r3=00254&r=00105&e=SANTURCE,PONCE,2026-09-10T01:55:01Z
50,1993,,33,248,https://web.archive.org/web/20130428000600id_/http://www.bsnpr.com:80/jugadores/jugador.asp?id=50&e=,https://web.archive.org/web/20060224014959id_/http://www.bsnpr.com:80/jug05.asp?r2=462796RX3F&r3=00254&r=00105&e=SANTURCE,AGUADILLA,2026-09-10T01:55:01Z
50,1994,,25,121,https://web.archive.org/web/20130428000600id_/http://www.bsnpr.com:80/jugadores/jugador.asp?id=50&e=,https://web.archive.org/web/20060224014959id_/http://www.bsnpr.com:80/jug05.asp?r2=462796RX3F&r3=00254&r=00105&e=SANTURCE,AGUADILLA,2026-09-10T01:55:01Z
50,1995,,32,294,https://web.archive.org/web/20130428000600id_/http://www.bsnpr.com:80/jugadores/jugador.asp?id=50&e=,https://web.archive.org/web/20060224014959id_/http://www.bsnpr.com:80/jug05.asp?r2=462796RX3F&r3=00254&r=00105&e=SANTURCE,AGUADILLA,2026-09-10T01:55:01Z
50,1996,,34,546,https://web.archive.org/web/20130428000600id_/http://www.bsnpr.com:80/jugadores/jugador.asp?id=50&e=,https://web.archive.org/web/20060224014959id_/http://www.bsnpr.com:80/jug05.asp?r2=462796RX3F&r3=00254&r=00105&e=SANTURCE,AGUADILLA,2026-09-10T01:55:01Z
50,1997,,15,256,https://web.archive.org/web/20130428000600id_/http://www.bsnpr.com:80/jugadores/jugador.asp?id=50&e=,https://web.archive.org/web/20060224014959id_/http://www.bsnpr.com:80/jug05.asp?r2=462796RX3F&r3=00254&r=00105&e=SANTURCE,AGUADILLA,2026-09-10T01:55:01Z
50,1998,mets_guaynabo,25,264,https://web.archive.org/web/20130428000600id_/http://www.bsnpr.com:80/jugadores/jugador.asp?id=50&e=,https://web.archive.org/web/20060224014959id_/http://www.bsnpr.com:80/jug05.asp?r2=462796RX3F&r3=00254&r=00105&e=SANTURCE,GUAYNABO,2026-09-10T01:55:01Z
50,1999,mets_guaynabo,29,547,https://web.archive.org/web/20130428000600id_/http://www.bsnpr.com:80/jugadores/jugador.asp?id=50&e=,https://web.archive.org/web/20060224014959id_/http://www.bsnpr.com:80/jug05.asp?r2=462796RX3F&r3=00254&r=00105&e=SANTURCE,GUAYNABO,2026-09-10T01:55:01Z
50,2001,cangrejeros_santurce,26,251,https://web.archive.org/web/20130428000600id_/http://www.bsnpr.com:80/jugadores/jugador.asp?id=50&e=,https://web.archive.org/web/20060224014959id_/http://www.bsnpr.com:80/jug05.asp?r2=462796RX3F&r3=00254&r=00105&e=SANTURCE,SANTURCE,2026-09-10T01:55:01Z
50,2003,cangrejeros_santurce,21,213,https://web.archive.org/web/20130428000600id_/http://www.bsnpr.com:80/jugadores/jugador.asp?id=50&e=,https://web.archive.org/web/20060224014959id_/http://www.bsnpr.com:80/jug05.asp?r2=462796RX3F&r3=00254&r=00105&e=SANTURCE,SANTURCE,2026-09-10T01:55:01Z
50,2004,cangrejeros_santurce,30,313,https://web.archive.org/web/20130428000600id_/http://www.bsnpr.com:80/jugadores/jugador.asp?id=50&e=,https://web.archive.org/web/20060224014959id_/http://www.bsnpr.com:80/jug05.asp?r2=462796RX3F&r3=00254&r=00105&e=SANTURCE,SANTURCE,2026-09-10T01:55:01Z
50,2005,cangrejeros_santurce,31,328,https://web.archive.org/web/20130428000600id_/http://www.bsnpr.com:80/jugadores/jugador.asp?id=50&e=,https://web.archive.org/web/20060224014959id_/http://www.bsnpr.com:80/jug05.asp?r2=462796RX3F&r3=00254&r=00105&e=SANTURCE,SANTURCE,2026-09-10T01:55:01Z
73,2000,vaqueros_bayamon,8,9,https://web.archive.org/web/20080406040813id_/http://www.bsnpr.com:80/jugadores/jugador.asp?id=73&e=10,https://web.archive.org/web/20061119230826id_/http://www.bsnpr.com/jug05.asp?r2=NFGFOVGUNE&r3=EDWFK&r=00034&e=ARECIBO,BAYAMON,2026-09-10T01:54:15Z
73,2001,vaqueros_bayamon,11,60,https://web.archive.org/web/20080406040813id_/http://www.bsnpr.com:80/jugadores/jugador.asp?id=73&e=10,https://web.archive.org/web/20061119230826id_/http://www.bsnpr.com/jug05.asp?r2=NFGFOVGUNE&r3=EDWFK&r=00034&e=ARECIBO,BAYAMON,2026-09-10T01:54:15Z
73,2002,vaqueros_bayamon,20,87,https://web.archive.org/web/20080406040813id_/http://www.bsnpr.com:80/jugadores/jugador.asp?id=73&e=10,https://web.archive.org/web/20061119230826id_/http://www.bsnpr.com/jug05.asp?r2=NFGFOVGUNE&r3=EDWFK&r=00034&e=ARECIBO,BAYAMON,2026-09-10T01:54:15Z
81,2002,maratonistas_coamo,2,22,https://web.archive.org/web/20071211045931id_/http://bsnpr.com:80/jugadores/jugador.asp?id=81&e=,https://web.archive.org/web/20070404012113id_/http://www.bsnpr.com:80/jug05.asp?r3=QSBVQ&r2=QQRXUFBMBV&r=00029&e=,COAMO,2026-09-10T02:12:19Z
87,1999,criollos_caguas,19,37,https://web.archive.org/web/20180424203035id_/http://www.bsnpr.com/jugadores/jugador.asp?id=87&e,https://web.archive.org/web/20060713002107id_/http://www.bsnpr.com:80/jug05.asp?r=00052,CAGUAS,2026-09-10T01:55:51Z
87,2000,criollos_caguas,3,3,https://web.archive.org/web/20180424203035id_/http://www.bsnpr.com/jugadores/jugador.asp?id=87&e,https://web.archive.org/web/20060713002107id_/http://www.bsnpr.com:80/jug05.asp?r=00052,CAGUAS,2026-09-10T01:55:51Z
87,2004,criollos_caguas,21,172,https://web.archive.org/web/20180424203035id_/http://www.bsnpr.com/jugadores/jugador.asp?id=87&e,https://web.archive.org/web/20060713002107id_/http://www.bsnpr.com:80/jug05.asp?r=00052,CAGUAS,2026-09-10T01:55:51Z
93,2003,titanes_morovis,29,114,https://web.archive.org/web/20090110001639id_/http://www.bsnpr.com:80/jugadores/jugador.asp?id=93&e=,https://web.archive.org/web/20061119230228id_/http://www.bsnpr.com/jug05.asp?r2=462746RX1G&r3=00178&r=00541&e=GUAYAMA,MOROVIS,2026-09-10T01:59:40Z
93,2004,piratas_quebradillas,29,126,https://web.archive.org/web/20090110001639id_/http://www.bsnpr.com:80/jugadores/jugador.asp?id=93&e=,https://web.archive.org/web/20061119230228id_/http://www.bsnpr.com/jug05.asp?r2=462746RX1G&r3=00178&r=00541&e=GUAYAMA,QUEBRADILLAS,2026-09-10T01:59:40Z
118,1995,mets_guaynabo,24,51,https://web.archive.org/web/20090713001227id_/http://www.bsnpr.com:80/jugadores/jugador.asp?id=118&e=7,https://web.archive.org/web/20070404080846id_/http://www.bsnpr.com:80/jug05.asp?r3=00032&r2=462676RWYA&r=00120&e=,GUAYNABO,2026-09-10T02:11:49Z
118,1996,mets_guaynabo,29,123,https://web.archive.org/web/20090713001227id_/http://www.bsnpr.com:80/jugadores/jugador.asp?id=118&e=7,https://web.archive.org/web/20070404080846id_/http://www.bsnpr.com:80/jug05.asp?r3=00032&r2=462676RWYA&r=00120&e=,GUAYNABO,2026-09-10T02:11:49Z
118,1997,mets_guaynabo,32,235,https://web.archive.org/web/20090713001227id_/http://www.bsnpr.com:80/jugadores/jugador.asp?id=118&e=7,https://web.archive.org/web/20070404080846id_/http://www.bsnpr.com:80/jug05.asp?r3=00032&r2=462676RWYA&r=00120&e=,GUAYNABO,2026-09-10T02:11:49Z
118,1998,mets_guaynabo,24,251,https://web.archive.org/web/20090713001227id_/http://www.bsnpr.com:80/jugadores/jugador.asp?id=118&e=7,https://web.archive.org/web/20070404080846id_/http://www.bsnpr.com:80/jug05.asp?r3=00032&r2=462676RWYA&r=00120&e=,GUAYNABO,2026-09-10T02:11:49Z
118,1999,polluelos_aibonito,30,420,https://web.archive.org/web/20090713001227id_/http://www.bsnpr.com:80/jugadores/jugador.asp?id=118&e=7,https://web.archive.org/web/20070404080846id_/http://www.bsnpr.com:80/jug05.asp?r3=00032&r2=462676RWYA&r=00120&e=,AIBONITO,2026-09-10T02:11:49Z
118,2000,brujos_guayama,22,231,https://web.archive.org/web/20090713001227id_/http://www.bsnpr.com:80/jugadores/jugador.asp?id=118&e=7,https://web.archive.org/web/20070404080846id_/http://www.bsnpr.com:80/jug05.asp?r3=00032&r2=462676RWYA&r=00120&e=,GUAYAMA,2026-09-10T02:11:49Z
118,2001,brujos_guayama,9,88,https://web.archive.org/web/20090713001227id_/http://www.bsnpr.com:80/jugadores/jugador.asp?id=118&e=7,https://web.archive.org/web/20070404080846id_/http://www.bsnpr.com:80/jug05.asp?r3=00032&r2=462676RWYA&r=00120&e=,GUAYAMA,2026-09-10T02:11:49Z
118,2002,titanes_morovis,18,124,https://web.archive.org/web/20090713001227id_/http://www.bsnpr.com:80/jugadores/jugador.asp?id=118&e=7,https://web.archive.org/web/20070404080846id_/http://www.bsnpr.com:80/jug05.asp?r3=00032&r2=462676RWYA&r=00120&e=,MOROVIS,2026-09-10T02:11:49Z
118,2003,vaqueros_bayamon,26,76,https://web.archive.org/web/20090713001227id_/http://www.bsnpr.com:80/jugadores/jugador.asp?id=118&e=7,https://web.archive.org/web/20070404080846id_/http://www.bsnpr.com:80/jug05.asp?r3=00032&r2=462676RWYA&r=00120&e=,BAYAMON,2026-09-10T02:11:49Z
118,2004,atleticos_san_german,30,237,https://web.archive.org/web/20090713001227id_/http://www.bsnpr.com:80/jugadores/jugador.asp?id=118&e=7,https://web.archive.org/web/20070404080846id_/http://www.bsnpr.com:80/jug05.asp?r3=00032&r2=462676RWYA&r=00120&e=,SAN GERMAN,2026-09-10T02:11:49Z
120,1997,mets_guaynabo,32,175,https://web.archive.org/web/20091209192040id_/http://www.bsnpr.com:80/jugadores/jugador.asp?id=120&e=,https://web.archive.org/web/20061119230941id_/http://www.bsnpr.com/jug05.asp?r2=462736RX0U&r3=00147&r=00064&e=CAGUAS,GUAYNABO,2026-09-10T02:02:15Z
120,1998,mets_guaynabo,29,299,https://web.archive.org/web/20091209192040id_/http://www.bsnpr.com:80/jugadores/jugador.asp?id=120&e=,https://web.archive.org/web/20061119230941id_/http://www.bsnpr.com/jug05.asp?r2=462736RX0U&r3=00147&r=00064&e=CAGUAS,GUAYNABO,2026-09-10T02:02:15Z
120,1999,polluelos_aibonito,30,291,https://web.archive.org/web/20091209192040id_/http://www.bsnpr.com:80/jugadores/jugador.asp?id=120&e=,https://web.archive.org/web/20061119230941id_/http://www.bsnpr.com/jug05.asp?r2=462736RX0U&r3=00147&r=00064&e=CAGUAS,AIBONITO,2026-09-10T02:02:15Z
120,2001,brujos_guayama,12,222,https://web.archive.org/web/20091209192040id_/http://www.bsnpr.com:80/jugadores/jugador.asp?id=120&e=,https://web.archive.org/web/20061119230941id_/http://www.bsnpr.com/jug05.asp?r2=462736RX0U&r3=00147&r=00064&e=CAGUAS,GUAYAMA,2026-09-10T02:02:15Z
120,2002,titanes_morovis,15,130,https://web.archive.org/web/20091209192040id_/http://www.bsnpr.com:80/jugadores/jugador.asp?id=120&e=,https://web.archive.org/web/20061119230941id_/http://www.bsnpr.com/jug05.asp?r2=462736RX0U&r3=00147&r=00064&e=CAGUAS,MOROVIS,2026-09-10T02:02:15Z
120,2003,indios_mayaguez,12,73,https://web.archive.org/web/20091209192040id_/http://www.bsnpr.com:80/jugadores/jugador.asp?id=120&e=,https://web.archive.org/web/20061119230941id_/http://www.bsnpr.com/jug05.asp?r2=462736RX0U&r3=00147&r=00064&e=CAGUAS,MAYAGUEZ,2026-09-10T02:02:15Z
120,2003,titanes_morovis,14,142,https://web.archive.org/web/20091209192040id_/http://www.bsnpr.com:80/jugadores/jugador.asp?id=120&e=,https://web.archive.org/web/20061119230941id_/http://www.bsnpr.com/jug05.asp?r2=462736RX0U&r3=00147&r=00064&e=CAGUAS,MOROVIS,2026-09-10T02:02:15Z
120,2004,cangrejeros_santurce,29,190,https://web.archive.org/web/20091209192040id_/http://www.bsnpr.com:80/jugadores/jugador.asp?id=120&e=,https://web.archive.org/web/20061119230941id_/http://www.bsnpr.com/jug05.asp?r2=462736RX0U&r3=00147&r=00064&e=CAGUAS,SANTURCE,2026-09-10T02:02:15Z
135,1999,mets_guaynabo,29,447,https://web.archive.org/web/20140122195630id_/http://www.bsnpr.com:80/jugadores/jugador.asp?id=135&e=,https://web.archive.org/web/20061005151722id_/http://www.bsnpr.com:80/jug05.asp?r3=00011&r2=462666RWXV&r=00004&e=,GUAYNABO,2026-09-10T01:55:25Z
135,2001,capitanes_arecibo,21,272,https://web.archive.org/web/20140122195630id_/http://www.bsnpr.com:80/jugadores/jugador.asp?id=135&e=,https://web.archive.org/web/20061005151722id_/http://www.bsnpr.com:80/jug05.asp?r3=00011&r2=462666RWXV&r=00004&e=,ARECIBO,2026-09-10T01:55:25Z
135,2002,capitanes_arecibo,30,467,https://web.archive.org/web/20140122195630id_/http://www.bsnpr.com:80/jugadores/jugador.asp?id=135&e=,https://web.archive.org/web/20061005151722id_/http://www.bsnpr.com:80/jug05.asp?r3=00011&r2=462666RWXV&r=00004&e=,ARECIBO,2026-09-10T01:55:25Z
135,2003,capitanes_arecibo,30,536,https://web.archive.org/web/20140122195630id_/http://www.bsnpr.com:80/jugadores/jugador.asp?id=135&e=,https://web.archive.org/web/20061005151722id_/http://www.bsnpr.com:80/jug05.asp?r3=00011&r2=462666RWXV&r=00004&e=,ARECIBO,2026-09-10T01:55:25Z
135,2004,capitanes_arecibo,19,311,https://web.archive.org/web/20140122195630id_/http://www.bsnpr.com:80/jugadores/jugador.asp?id=135&e=,https://web.archive.org/web/20061005151722id_/http://www.bsnpr.com:80/jug05.asp?r3=00011&r2=462666RWXV&r=00004&e=,ARECIBO,2026-09-10T01:55:25Z
136,1993,criollos_caguas,34,356,https://web.archive.org/web/20080501071021id_/http://www.bsnpr.com:80/jugadores/jugador.asp?id=136&e=13,https://web.archive.org/web/20061206190144id_/http://www.bsnpr.com:80/jug05.asp?r3=00042&r2=462676RWYI&r=00057&e=,CAGUAS,2026-09-10T01:54:20Z
136,1994,criollos_caguas,29,151,https://web.archive.org/web/20080501071021id_/http://www.bsnpr.com:80/jugadores/jugador.asp?id=136&e=13,https://web.archive.org/web/20061206190144id_/http://www.bsnpr.com:80/jug05.asp?r3=00042&r2=462676RWYI&r=00057&e=,CAGUAS,2026-09-10T01:54:20Z
136,1995,criollos_caguas,27,104,https://web.archive.org/web/20080501071021id_/http://www.bsnpr.com:80/jugadores/jugador.asp?id=136&e=13,https://web.archive.org/web/20061206190144id_/http://www.bsnpr.com:80/jug05.asp?r3=00042&r2=462676RWYI&r=00057&e=,CAGUAS,2026-09-10T01:54:20Z
136,1996,criollos_caguas,33,277,https://web.archive.org/web/20080501071021id_/http://www.bsnpr.com:80/jugadores/jugador.asp?id=136&e=13,https://web.archive.org/web/20061206190144id_/http://www.bsnpr.com:80/jug05.asp?r3=00042&r2=462676RWYI&r=00057&e=,CAGUAS,2026-09-10T01:54:20Z
136,1997,criollos_caguas,31,241,https://web.archive.org/web/20080501071021id_/http://www.bsnpr.com:80/jugadores/jugador.asp?id=136&e=13,https://web.archive.org/web/20061206190144id_/http://www.bsnpr.com:80/jug05.asp?r3=00042&r2=462676RWYI&r=00057&e=,CAGUAS,2026-09-10T01:54:20Z
136,1998,criollos_caguas,30,217,https://web.archive.org/web/20080501071021id_/http://www.bsnpr.com:80/jugadores/jugador.asp?id=136&e=13,https://web.archive.org/web/20061206190144id_/http://www.bsnpr.com:80/jug05.asp?r3=00042&r2=462676RWYI&r=00057&e=,CAGUAS,2026-09-10T01:54:20Z
136,1999,criollos_caguas,31,175,https://web.archive.org/web/20080501071021id_/http://www.bsnpr.com:80/jugadores/jugador.asp?id=136&e=13,https://web.archive.org/web/20061206190144id_/http://www.bsnpr.com:80/jug05.asp?r3=00042&r2=462676RWYI&r=00057&e=,CAGUAS,2026-09-10T01:54:20Z
136,2000,criollos_caguas,27,131,https://web.archive.org/web/20080501071021id_/http://www.bsnpr.com:80/jugadores/jugador.asp?id=136&e=13,https://web.archive.org/web/20061206190144id_/http://www.bsnpr.com:80/jug05.asp?r3=00042&r2=462676RWYI&r=00057&e=,CAGUAS,2026-09-10T01:54:20Z
136,2002,criollos_caguas,30,250,https://web.archive.org/web/20080501071021id_/http://www.bsnpr.com:80/jugadores/jugador.asp?id=136&e=13,https://web.archive.org/web/20061206190144id_/http://www.bsnpr.com:80/jug05.asp?r3=00042&r2=462676RWYI&r=00057&e=,CAGUAS,2026-09-10T01:54:20Z
136,2003,criollos_caguas,15,105,https://web.archive.org/web/20080501071021id_/http://www.bsnpr.com:80/jugadores/jugador.asp?id=136&e=13,https://web.archive.org/web/20061206190144id_/http://www.bsnpr.com:80/jug05.asp?r3=00042&r2=462676RWYI&r=00057&e=,CAGUAS,2026-09-10T01:54:20Z
136,2004,,12,159,https://web.archive.org/web/20080501071021id_/http://www.bsnpr.com:80/jugadores/jugador.asp?id=136&e=13,https://web.archive.org/web/20061206190144id_/http://www.bsnpr.com:80/jug05.asp?r3=00042&r2=462676RWYI&r=00057&e=,CAYEY,2026-09-10T01:54:20Z
143,1992,brujos_guayama,12,10,https://web.archive.org/web/20090411231151id_/http://www.bsnpr.com:80/jugadores/jugador.asp?id=143&e=11,https://web.archive.org/web/20061119230613id_/http://www.bsnpr.com/jug05.asp?r2=462746RX1H&r3=00179&r=00045&e=COAMO,GUAYAMA,2026-09-10T01:55:54Z
143,1993,brujos_guayama,13,21,https://web.archive.org/web/20090411231151id_/http://www.bsnpr.com:80/jugadores/jugador.asp?id=143&e=11,https://web.archive.org/web/20061119230613id_/http://www.bsnpr.com/jug05.asp?r2=462746RX1H&r3=00179&r=00045&e=COAMO,GUAYAMA,2026-09-10T01:55:54Z
143,1994,brujos_guayama,24,181,https://web.archive.org/web/20090411231151id_/http://www.bsnpr.com:80/jugadores/jugador.asp?id=143&e=11,https://web.archive.org/web/20061119230613id_/http://www.bsnpr.com/jug05.asp?r2=462746RX1H&r3=00179&r=00045&e=COAMO,GUAYAMA,2026-09-10T01:55:54Z
143,1995,brujos_guayama,26,135,https://web.archive.org/web/20090411231151id_/http://www.bsnpr.com:80/jugadores/jugador.asp?id=143&e=11,https://web.archive.org/web/20061119230613id_/http://www.bsnpr.com/jug05.asp?r2=462746RX1H&r3=00179&r=00045&e=COAMO,GUAYAMA,2026-09-10T01:55:54Z
143,1996,cariduros_fajardo,17,189,https://web.archive.org/web/20090411231151id_/http://www.bsnpr.com:80/jugadores/jugador.asp?id=143&e=11,https://web.archive.org/web/20061119230613id_/http://www.bsnpr.com/jug05.asp?r2=462746RX1H&r3=00179&r=00045&e=COAMO,FAJARDO,2026-09-10T01:55:54Z
143,1997,polluelos_aibonito,29,145,https://web.archive.org/web/20090411231151id_/http://www.bsnpr.com:80/jugadores/jugador.asp?id=143&e=11,https://web.archive.org/web/20061119230613id_/http://www.bsnpr.com/jug05.asp?r2=462746RX1H&r3=00179&r=00045&e=COAMO,AIBONITO,2026-09-10T01:55:54Z
143,1998,polluelos_aibonito,8,33,https://web.archive.org/web/20090411231151id_/http://www.bsnpr.com:80/jugadores/jugador.asp?id=143&e=11,https://web.archive.org/web/20061119230613id_/http://www.bsnpr.com/jug05.asp?r2=462746RX1H&r3=00179&r=00045&e=COAMO,AIBONITO,2026-09-10T01:55:54Z
143,1999,polluelos_aibonito,26,237,https://web.archive.org/web/20090411231151id_/http://www.bsnpr.com:80/jugadores/jugador.asp?id=143&e=11,https://web.archive.org/web/20061119230613id_/http://www.bsnpr.com/jug05.asp?r2=462746RX1H&r3=00179&r=00045&e=COAMO,AIBONITO,2026-09-10T01:55:54Z
143,2000,polluelos_aibonito,26,238,https://web.archive.org/web/20090411231151id_/http://www.bsnpr.com:80/jugadores/jugador.asp?id=143&e=11,https://web.archive.org/web/20061119230613id_/http://www.bsnpr.com/jug05.asp?r2=462746RX1H&r3=00179&r=00045&e=COAMO,AIBONITO,2026-09-10T01:55:54Z
143,2002,,20,221,https://web.archive.org/web/20090411231151id_/http://www.bsnpr.com:80/jugadores/jugador.asp?id=143&e=11,https://web.archive.org/web/20061119230613id_/http://www.bsnpr.com/jug05.asp?r2=462746RX1H&r3=00179&r=00045&e=COAMO,CAYEY,2026-09-10T01:55:54Z
143,2003,vaqueros_bayamon,18,61,https://web.archive.org/web/20090411231151id_/http://www.bsnpr.com:80/jugadores/jugador.asp?id=143&e=11,https://web.archive.org/web/20061119230613id_/http://www.bsnpr.com/jug05.asp?r2=462746RX1H&r3=00179&r=00045&e=COAMO,BAYAMON,2026-09-10T01:55:54Z
143,2003,titanes_morovis,12,135,https://web.archive.org/web/20090411231151id_/http://www.bsnpr.com:80/jugadores/jugador.asp?id=143&e=11,https://web.archive.org/web/20061119230613id_/http://www.bsnpr.com/jug05.asp?r2=462746RX1H&r3=00179&r=00045&e=COAMO,MOROVIS,2026-09-10T01:55:54Z
143,2004,maratonistas_coamo,26,266,https://web.archive.org/web/20090411231151id_/http://www.bsnpr.com:80/jugadores/jugador.asp?id=143&e=11,https://web.archive.org/web/20061119230613id_/http://www.bsnpr.com/jug05.asp?r2=462746RX1H&r3=00179&r=00045&e=COAMO,COAMO,2026-09-10T01:55:54Z
144,2003,gigantes_carolina,30,400,https://web.archive.org/web/20091004045433id_/http://www.bsnpr.com:80/jugadores/jugador.asp?id=144&e=,https://web.archive.org/web/20061007174742id_/http://www.bsnpr.com:80/jug05.asp?r3=00061&r2=462686RWYU&r=00086&e=,CAROLINA,2026-09-10T01:58:11Z
144,2004,maratonistas_coamo,20,168,https://web.archive.org/web/20091004045433id_/http://www.bsnpr.com:80/jugadores/jugador.asp?id=144&e=,https://web.archive.org/web/20061007174742id_/http://www.bsnpr.com:80/jug05.asp?r3=00061&r2=462686RWYU&r=00086&e=,COAMO,2026-09-10T01:58:11Z
148,2002,leones_ponce,3,6,https://web.archive.org/web/20171030093558id_/http://www.bsnpr.com/jugadores/jugador.asp?id=148,https://web.archive.org/web/20061206115703id_/http://www.bsnpr.com:80/jug05.asp?r3=KGAGM&r2=TLRPRTYNXO&r=00098&e=,PONCE,2026-09-10T02:07:25Z
151,2004,criollos_caguas,27,133,https://web.archive.org/web/20140122195645id_/http://www.bsnpr.com:80/jugadores/jugador.asp?id=151&e=,https://web.archive.org/web/20070224021044id_/http://www.bsnpr.com:80/jug05.asp?r=00065,CAGUAS,2026-09-10T02:10:29Z
158,2003,indios_mayaguez,11,9,https://web.archive.org/web/20170715113537id_/http://www.bsnpr.com:80/jugadores/jugador.asp?id=158&e=,https://web.archive.org/web/20061207193751id_/http://www.bsnpr.com:80/jug05.asp?r3=VBIFB&r2=NXYQYWMCRL&r=00503&e=,MAYAGUEZ,2026-09-10T02:09:17Z
193,1994,vaqueros_bayamon,13,11,https://web.archive.org/web/20130612084140id_/http://www.bsnpr.com:80/jugadores/jugador.asp?id=193&e=14,https://web.archive.org/web/20061119230512id_/http://www.bsnpr.com/jug05.asp?r2=462736RX10&r3=00155&r=00026&e=COAMO,BAYAMON,2026-09-10T01:59:01Z
193,1995,vaqueros_bayamon,12,60,https://web.archive.org/web/20130612084140id_/http://www.bsnpr.com:80/jugadores/jugador.asp?id=193&e=14,https://web.archive.org/web/20061119230512id_/http://www.bsnpr.com/jug05.asp?r2=462736RX10&r3=00155&r=00026&e=COAMO,BAYAMON,2026-09-10T01:59:01Z
193,1996,vaqueros_bayamon,26,134,https://web.archive.org/web/20130612084140id_/http://www.bsnpr.com:80/jugadores/jugador.asp?id=193&e=14,https://web.archive.org/web/20061119230512id_/http://www.bsnpr.com/jug05.asp?r2=462736RX10&r3=00155&r=00026&e=COAMO,BAYAMON,2026-09-10T01:59:01Z
193,1997,vaqueros_bayamon,20,66,https://web.archive.org/web/20130612084140id_/http://www.bsnpr.com:80/jugadores/jugador.asp?id=193&e=14,https://web.archive.org/web/20061119230512id_/http://www.bsnpr.com/jug05.asp?r2=462736RX10&r3=00155&r=00026&e=COAMO,BAYAMON,2026-09-10T01:59:01Z
193,1998,vaqueros_bayamon,15,103,https://web.archive.org/web/20130612084140id_/http://www.bsnpr.com:80/jugadores/jugador.asp?id=193&e=14,https://web.archive.org/web/20061119230512id_/http://www.bsnpr.com/jug05.asp?r2=462736RX10&r3=00155&r=00026&e=COAMO,BAYAMON,2026-09-10T01:59:01Z
193,1999,vaqueros_bayamon,21,114,https://web.archive.org/web/20130612084140id_/http://www.bsnpr.com:80/jugadores/jugador.asp?id=193&e=14,https://web.archive.org/web/20061119230512id_/http://www.bsnpr.com/jug05.asp?r2=462736RX10&r3=00155&r=00026&e=COAMO,BAYAMON,2026-09-10T01:59:01Z
193,2000,vaqueros_bayamon,2,25,https://web.archive.org/web/20130612084140id_/http://www.bsnpr.com:80/jugadores/jugador.asp?id=193&e=14,https://web.archive.org/web/20061119230512id_/http://www.bsnpr.com/jug05.asp?r2=462736RX10&r3=00155&r=00026&e=COAMO,BAYAMON,2026-09-10T01:59:01Z
193,2001,vaqueros_bayamon,14,181,https://web.archive.org/web/20130612084140id_/http://www.bsnpr.com:80/jugadores/jugador.asp?id=193&e=14,https://web.archive.org/web/20061119230512id_/http://www.bsnpr.com/jug05.asp?r2=462736RX10&r3=00155&r=00026&e=COAMO,BAYAMON,2026-09-10T01:59:01Z
193,2001,maratonistas_coamo,7,83,https://web.archive.org/web/20130612084140id_/http://www.bsnpr.com:80/jugadores/jugador.asp?id=193&e=14,https://web.archive.org/web/20061119230512id_/http://www.bsnpr.com/jug05.asp?r2=462736RX10&r3=00155&r=00026&e=COAMO,COAMO,2026-09-10T01:59:01Z
193,2003,indios_mayaguez,21,319,https://web.archive.org/web/20130612084140id_/http://www.bsnpr.com:80/jugadores/jugador.asp?id=193&e=14,https://web.archive.org/web/20061119230512id_/http://www.bsnpr.com/jug05.asp?r2=462736RX10&r3=00155&r=00026&e=COAMO,MAYAGUEZ,2026-09-10T01:59:01Z
193,2004,indios_mayaguez,13,136,https://web.archive.org/web/20130612084140id_/http://www.bsnpr.com:80/jugadores/jugador.asp?id=193&e=14,https://web.archive.org/web/20061119230512id_/http://www.bsnpr.com/jug05.asp?r2=462736RX10&r3=00155&r=00026&e=COAMO,MAYAGUEZ,2026-09-10T01:59:01Z
217,1995,vaqueros_bayamon,3,0,https://web.archive.org/web/20090710220945id_/http://www.bsnpr.com:80/jugadores/jugador.asp?id=217&e=,https://web.archive.org/web/20070224020905id_/http://www.bsnpr.com:80/jug05.asp?r=00021,BAYAMON,2026-09-10T02:09:57Z
217,1996,vaqueros_bayamon,8,19,https://web.archive.org/web/20090710220945id_/http://www.bsnpr.com:80/jugadores/jugador.asp?id=217&e=,https://web.archive.org/web/20070224020905id_/http://www.bsnpr.com:80/jug05.asp?r=00021,BAYAMON,2026-09-10T02:09:57Z
217,1997,vaqueros_bayamon,8,26,https://web.archive.org/web/20090710220945id_/http://www.bsnpr.com:80/jugadores/jugador.asp?id=217&e=,https://web.archive.org/web/20070224020905id_/http://www.bsnpr.com:80/jug05.asp?r=00021,BAYAMON,2026-09-10T02:09:57Z
217,1998,vaqueros_bayamon,11,20,https://web.archive.org/web/20090710220945id_/http://www.bsnpr.com:80/jugadores/jugador.asp?id=217&e=,https://web.archive.org/web/20070224020905id_/http://www.bsnpr.com:80/jug05.asp?r=00021,BAYAMON,2026-09-10T02:09:57Z
217,1999,vaqueros_bayamon,17,19,https://web.archive.org/web/20090710220945id_/http://www.bsnpr.com:80/jugadores/jugador.asp?id=217&e=,https://web.archive.org/web/20070224020905id_/http://www.bsnpr.com:80/jug05.asp?r=00021,BAYAMON,2026-09-10T02:09:57Z
217,2002,atleticos_san_german,20,49,https://web.archive.org/web/20090710220945id_/http://www.bsnpr.com:80/jugadores/jugador.asp?id=217&e=,https://web.archive.org/web/20070224020905id_/http://www.bsnpr.com:80/jug05.asp?r=00021,SAN GERMAN,2026-09-10T02:09:57Z
217,2003,vaqueros_bayamon,12,32,https://web.archive.org/web/20090710220945id_/http://www.bsnpr.com:80/jugadores/jugador.asp?id=217&e=,https://web.archive.org/web/20070224020905id_/http://www.bsnpr.com:80/jug05.asp?r=00021,BAYAMON,2026-09-10T02:09:57Z
217,2003,,6,28,https://web.archive.org/web/20090710220945id_/http://www.bsnpr.com:80/jugadores/jugador.asp?id=217&e=,https://web.archive.org/web/20070224020905id_/http://www.bsnpr.com:80/jug05.asp?r=00021,CAYEY,2026-09-10T02:09:57Z
217,2003,titanes_morovis,1,5,https://web.archive.org/web/20090710220945id_/http://www.bsnpr.com:80/jugadores/jugador.asp?id=217&e=,https://web.archive.org/web/20070224020905id_/http://www.bsnpr.com:80/jug05.asp?r=00021,MOROVIS,2026-09-10T02:09:57Z
217,2004,vaqueros_bayamon,10,44,https://web.archive.org/web/20090710220945id_/http://www.bsnpr.com:80/jugadores/jugador.asp?id=217&e=,https://web.archive.org/web/20070224020905id_/http://www.bsnpr.com:80/jug05.asp?r=00021,BAYAMON,2026-09-10T02:09:57Z
217,2004,gallitos_isabela,7,32,https://web.archive.org/web/20090710220945id_/http://www.bsnpr.com:80/jugadores/jugador.asp?id=217&e=,https://web.archive.org/web/20070224020905id_/http://www.bsnpr.com:80/jug05.asp?r=00021,ISABELA,2026-09-10T02:09:57Z
236,1999,polluelos_aibonito,2,0,https://web.archive.org/web/20090830021433id_/http://bsnpr.com:80/jugadores/jugador.asp?id=236&e=,https://web.archive.org/web/20061006122443id_/http://www.bsnpr.com:80/jug05.asp?r3=00097&r2=462706RWZM&r=00540&e=,AIBONITO,2026-09-10T01:59:30Z
236,2000,polluelos_aibonito,5,4,https://web.archive.org/web/20090830021433id_/http://bsnpr.com:80/jugadores/jugador.asp?id=236&e=,https://web.archive.org/web/20061006122443id_/http://www.bsnpr.com:80/jug05.asp?r3=00097&r2=462706RWZM&r=00540&e=,AIBONITO,2026-09-10T01:59:30Z
236,2002,,19,28,https://web.archive.org/web/20090830021433id_/http://bsnpr.com:80/jugadores/jugador.asp?id=236&e=,https://web.archive.org/web/20061006122443id_/http://www.bsnpr.com:80/jug05.asp?r3=00097&r2=462706RWZM&r=00540&e=,CAYEY,2026-09-10T01:59:30Z
236,2003,,16,37,https://web.archive.org/web/20090830021433id_/http://bsnpr.com:80/jugadores/jugador.asp?id=236&e=,https://web.archive.org/web/20061006122443id_/http://www.bsnpr.com:80/jug05.asp?r3=00097&r2=462706RWZM&r=00540&e=,CAYEY,2026-09-10T01:59:30Z
236,2004,,24,92,https://web.archive.org/web/20090830021433id_/http://bsnpr.com:80/jugadores/jugador.asp?id=236&e=,https://web.archive.org/web/20061006122443id_/http://www.bsnpr.com:80/jug05.asp?r3=00097&r2=462706RWZM&r=00540&e=,CAYEY,2026-09-10T01:59:30Z
238,1992,polluelos_aibonito,11,14,https://web.archive.org/web/20080410091503id_/http://www.bsnpr.com:80/jugadores/jugador.asp?id=238&e=,https://web.archive.org/web/20061208064152id_/http://www.bsnpr.com:80/jug05.asp?r3=00211&r2=462766RX2D&r=00518&e=,AIBONITO,2026-09-10T01:55:43Z
238,1993,polluelos_aibonito,21,31,https://web.archive.org/web/20080410091503id_/http://www.bsnpr.com:80/jugadores/jugador.asp?id=238&e=,https://web.archive.org/web/20061208064152id_/http://www.bsnpr.com:80/jug05.asp?r3=00211&r2=462766RX2D&r=00518&e=,AIBONITO,2026-09-10T01:55:43Z
238,1994,indios_mayaguez,30,117,https://web.archive.org/web/20080410091503id_/http://www.bsnpr.com:80/jugadores/jugador.asp?id=238&e=,https://web.archive.org/web/20061208064152id_/http://www.bsnpr.com:80/jug05.asp?r3=00211&r2=462766RX2D&r=00518&e=,MAYAGUEZ,2026-09-10T01:55:43Z
238,1995,indios_mayaguez,23,27,https://web.archive.org/web/20080410091503id_/http://www.bsnpr.com:80/jugadores/jugador.asp?id=238&e=,https://web.archive.org/web/20061208064152id_/http://www.bsnpr.com:80/jug05.asp?r3=00211&r2=462766RX2D&r=00518&e=,MAYAGUEZ,2026-09-10T01:55:43Z
238,1996,indios_mayaguez,24,25,https://web.archive.org/web/20080410091503id_/http://www.bsnpr.com:80/jugadores/jugador.asp?id=238&e=,https://web.archive.org/web/20061208064152id_/http://www.bsnpr.com:80/jug05.asp?r3=00211&r2=462766RX2D&r=00518&e=,MAYAGUEZ,2026-09-10T01:55:43Z
238,2001,capitanes_arecibo,17,42,https://web.archive.org/web/20080410091503id_/http://www.bsnpr.com:80/jugadores/jugador.asp?id=238&e=,https://web.archive.org/web/20061208064152id_/http://www.bsnpr.com:80/jug05.asp?r3=00211&r2=462766RX2D&r=00518&e=,ARECIBO,2026-09-10T01:55:43Z
238,2002,piratas_quebradillas,20,29,https://web.archive.org/web/20080410091503id_/http://www.bsnpr.com:80/jugadores/jugador.asp?id=238&e=,https://web.archive.org/web/20061208064152id_/http://www.bsnpr.com:80/jug05.asp?r3=00211&r2=462766RX2D&r=00518&e=,QUEBRADILLAS,2026-09-10T01:55:43Z
238,2003,piratas_quebradillas,20,33,https://web.archive.org/web/20080410091503id_/http://www.bsnpr.com:80/jugadores/jugador.asp?id=238&e=,https://web.archive.org/web/20061208064152id_/http://www.bsnpr.com:80/jug05.asp?r3=00211&r2=462766RX2D&r=00518&e=,QUEBRADILLAS,2026-09-10T01:55:43Z
238,2004,indios_mayaguez,12,10,https://web.archive.org/web/20080410091503id_/http://www.bsnpr.com:80/jugadores/jugador.asp?id=238&e=,https://web.archive.org/web/20061208064152id_/http://www.bsnpr.com:80/jug05.asp?r3=00211&r2=462766RX2D&r=00518&e=,MAYAGUEZ,2026-09-10T01:55:43Z
284,1997,,8,15,https://web.archive.org/web/20180829212304id_/https://www.bsnpr.com/jugadores/jugador.asp?id=284&e,https://web.archive.org/web/20061208064331id_/http://www.bsnpr.com:80/jug05.asp?r3=00107&r2=462706RWZV&r=00036&e=,AGUADILLA,2026-09-10T02:01:58Z
284,1998,indios_mayaguez,18,110,https://web.archive.org/web/20180829212304id_/https://www.bsnpr.com/jugadores/jugador.asp?id=284&e,https://web.archive.org/web/20061208064331id_/http://www.bsnpr.com:80/jug05.asp?r3=00107&r2=462706RWZV&r=00036&e=,MAYAGUEZ,2026-09-10T02:01:58Z
284,1999,maratonistas_coamo,28,164,https://web.archive.org/web/20180829212304id_/https://www.bsnpr.com/jugadores/jugador.asp?id=284&e,https://web.archive.org/web/20061208064331id_/http://www.bsnpr.com:80/jug05.asp?r3=00107&r2=462706RWZV&r=00036&e=,COAMO,2026-09-10T02:01:58Z
284,2001,maratonistas_coamo,25,447,https://web.archive.org/web/20180829212304id_/https://www.bsnpr.com/jugadores/jugador.asp?id=284&e,https://web.archive.org/web/20061208064331id_/http://www.bsnpr.com:80/jug05.asp?r3=00107&r2=462706RWZV&r=00036&e=,COAMO,2026-09-10T02:01:58Z
284,2003,maratonistas_coamo,30,762,https://web.archive.org/web/20180829212304id_/https://www.bsnpr.com/jugadores/jugador.asp?id=284&e,https://web.archive.org/web/20061208064331id_/http://www.bsnpr.com:80/jug05.asp?r3=00107&r2=462706RWZV&r=00036&e=,COAMO,2026-09-10T02:01:58Z
284,2004,maratonistas_coamo,28,571,https://web.archive.org/web/20180829212304id_/https://www.bsnpr.com/jugadores/jugador.asp?id=284&e,https://web.archive.org/web/20061208064331id_/http://www.bsnpr.com:80/jug05.asp?r3=00107&r2=462706RWZV&r=00036&e=,COAMO,2026-09-10T02:01:58Z
320,1996,brujos_guayama,16,31,https://web.archive.org/web/20080410091522id_/http://www.bsnpr.com:80/jugadores/jugador.asp?id=320&e=,https://web.archive.org/web/20050903213008id_/http://www.bsnpr.com:80/jug05.asp?r2=462686RWYP&r=00055&e=CAGUAS,GUAYAMA,2026-09-10T01:47:43Z
320,1997,brujos_guayama,12,28,https://web.archive.org/web/20080410091522id_/http://www.bsnpr.com:80/jugadores/jugador.asp?id=320&e=,https://web.archive.org/web/20050903213008id_/http://www.bsnpr.com:80/jug05.asp?r2=462686RWYP&r=00055&e=CAGUAS,GUAYAMA,2026-09-10T01:47:43Z
320,1998,brujos_guayama,11,12,https://web.archive.org/web/20080410091522id_/http://www.bsnpr.com:80/jugadores/jugador.asp?id=320&e=,https://web.archive.org/web/20050903213008id_/http://www.bsnpr.com:80/jug05.asp?r2=462686RWYP&r=00055&e=CAGUAS,GUAYAMA,2026-09-10T01:47:43Z
320,1999,brujos_guayama,31,98,https://web.archive.org/web/20080410091522id_/http://www.bsnpr.com:80/jugadores/jugador.asp?id=320&e=,https://web.archive.org/web/20050903213008id_/http://www.bsnpr.com:80/jug05.asp?r2=462686RWYP&r=00055&e=CAGUAS,GUAYAMA,2026-09-10T01:47:43Z
320,2001,brujos_guayama,26,231,https://web.archive.org/web/20080410091522id_/http://www.bsnpr.com:80/jugadores/jugador.asp?id=320&e=,https://web.archive.org/web/20050903213008id_/http://www.bsnpr.com:80/jug05.asp?r2=462686RWYP&r=00055&e=CAGUAS,GUAYAMA,2026-09-10T01:47:43Z
320,2002,gallitos_isabela,18,165,https://web.archive.org/web/20080410091522id_/http://www.bsnpr.com:80/jugadores/jugador.asp?id=320&e=,https://web.archive.org/web/20050903213008id_/http://www.bsnpr.com:80/jug05.asp?r2=462686RWYP&r=00055&e=CAGUAS,ISABELA,2026-09-10T01:47:43Z
320,2002,titanes_morovis,11,19,https://web.archive.org/web/20080410091522id_/http://www.bsnpr.com:80/jugadores/jugador.asp?id=320&e=,https://web.archive.org/web/20050903213008id_/http://www.bsnpr.com:80/jug05.asp?r2=462686RWYP&r=00055&e=CAGUAS,MOROVIS,2026-09-10T01:47:43Z
320,2003,gallitos_isabela,30,248,https://web.archive.org/web/20080410091522id_/http://www.bsnpr.com:80/jugadores/jugador.asp?id=320&e=,https://web.archive.org/web/20050903213008id_/http://www.bsnpr.com:80/jug05.asp?r2=462686RWYP&r=00055&e=CAGUAS,ISABELA,2026-09-10T01:47:43Z
320,2004,criollos_caguas,26,82,https://web.archive.org/web/20080410091522id_/http://www.bsnpr.com:80/jugadores/jugador.asp?id=320&e=,https://web.archive.org/web/20050903213008id_/http://www.bsnpr.com:80/jug05.asp?r2=462686RWYP&r=00055&e=CAGUAS,CAGUAS,2026-09-10T01:47:43Z
335,1991,criollos_caguas,6,8,https://web.archive.org/web/20091209055642id_/http://www.bsnpr.com:80/jugadores/jugador.asp?id=335&e=,https://web.archive.org/web/20061206115305id_/http://www.bsnpr.com:80/jug05.asp?r3=00033&r2=462676RWYB&r=00051&e=,CAGUAS,2026-09-10T02:01:09Z
335,1992,criollos_caguas,30,166,https://web.archive.org/web/20091209055642id_/http://www.bsnpr.com:80/jugadores/jugador.asp?id=335&e=,https://web.archive.org/web/20061206115305id_/http://www.bsnpr.com:80/jug05.asp?r3=00033&r2=462676RWYB&r=00051&e=,CAGUAS,2026-09-10T02:01:09Z
335,1995,criollos_caguas,11,69,https://web.archive.org/web/20091209055642id_/http://www.bsnpr.com:80/jugadores/jugador.asp?id=335&e=,https://web.archive.org/web/20061206115305id_/http://www.bsnpr.com:80/jug05.asp?r3=00033&r2=462676RWYB&r=00051&e=,CAGUAS,2026-09-10T02:01:09Z
335,1996,polluelos_aibonito,34,263,https://web.archive.org/web/20091209055642id_/http://www.bsnpr.com:80/jugadores/jugador.asp?id=335&e=,https://web.archive.org/web/20061206115305id_/http://www.bsnpr.com:80/jug05.asp?r3=00033&r2=462676RWYB&r=00051&e=,AIBONITO,2026-09-10T02:01:09Z
335,1997,polluelos_aibonito,31,324,https://web.archive.org/web/20091209055642id_/http://www.bsnpr.com:80/jugadores/jugador.asp?id=335&e=,https://web.archive.org/web/20061206115305id_/http://www.bsnpr.com:80/jug05.asp?r3=00033&r2=462676RWYB&r=00051&e=,AIBONITO,2026-09-10T02:01:09Z
335,1998,polluelos_aibonito,28,455,https://web.archive.org/web/20091209055642id_/http://www.bsnpr.com:80/jugadores/jugador.asp?id=335&e=,https://web.archive.org/web/20061206115305id_/http://www.bsnpr.com:80/jug05.asp?r3=00033&r2=462676RWYB&r=00051&e=,AIBONITO,2026-09-10T02:01:09Z
335,1999,polluelos_aibonito,29,636,https://web.archive.org/web/20091209055642id_/http://www.bsnpr.com:80/jugadores/jugador.asp?id=335&e=,https://web.archive.org/web/20061206115305id_/http://www.bsnpr.com:80/jug05.asp?r3=00033&r2=462676RWYB&r=00051&e=,AIBONITO,2026-09-10T02:01:09Z
335,2000,leones_ponce,28,301,https://web.archive.org/web/20091209055642id_/http://www.bsnpr.com:80/jugadores/jugador.asp?id=335&e=,https://web.archive.org/web/20061206115305id_/http://www.bsnpr.com:80/jug05.asp?r3=00033&r2=462676RWYB&r=00051&e=,PONCE,2026-09-10T02:01:09Z
335,2001,maratonistas_coamo,14,222,https://web.archive.org/web/20091209055642id_/http://www.bsnpr.com:80/jugadores/jugador.asp?id=335&e=,https://web.archive.org/web/20061206115305id_/http://www.bsnpr.com:80/jug05.asp?r3=00033&r2=462676RWYB&r=00051&e=,COAMO,2026-09-10T02:01:09Z
335,2002,vaqueros_bayamon,28,190,https://web.archive.org/web/20091209055642id_/http://www.bsnpr.com:80/jugadores/jugador.asp?id=335&e=,https://web.archive.org/web/20061206115305id_/http://www.bsnpr.com:80/jug05.asp?r3=00033&r2=462676RWYB&r=00051&e=,BAYAMON,2026-09-10T02:01:09Z
335,2003,vaqueros_bayamon,24,381,https://web.archive.org/web/20091209055642id_/http://www.bsnpr.com:80/jugadores/jugador.asp?id=335&e=,https://web.archive.org/web/20061206115305id_/http://www.bsnpr.com:80/jug05.asp?r3=00033&r2=462676RWYB&r=00051&e=,BAYAMON,2026-09-10T02:01:09Z
335,2004,atleticos_san_german,20,168,https://web.archive.org/web/20091209055642id_/http://www.bsnpr.com:80/jugadores/jugador.asp?id=335&e=,https://web.archive.org/web/20061206115305id_/http://www.bsnpr.com:80/jug05.asp?r3=00033&r2=462676RWYB&r=00051&e=,SAN GERMAN,2026-09-10T02:01:09Z
357,1991,mets_guaynabo,7,16,https://web.archive.org/web/20080229015214id_/http://www.bsnpr.com:80/jugadores/jugador.asp?id=357&e=5,https://web.archive.org/web/20061212103031id_/http://www.bsnpr.com:80/jug05.asp?r3=00234&r2=462776RX2Y&r=00049&e=,GUAYNABO,2026-09-10T02:01:01Z
357,1992,mets_guaynabo,19,30,https://web.archive.org/web/20080229015214id_/http://www.bsnpr.com:80/jugadores/jugador.asp?id=357&e=5,https://web.archive.org/web/20061212103031id_/http://www.bsnpr.com:80/jug05.asp?r3=00234&r2=462776RX2Y&r=00049&e=,GUAYNABO,2026-09-10T02:01:01Z
357,1993,,32,170,https://web.archive.org/web/20080229015214id_/http://www.bsnpr.com:80/jugadores/jugador.asp?id=357&e=5,https://web.archive.org/web/20061212103031id_/http://www.bsnpr.com:80/jug05.asp?r3=00234&r2=462776RX2Y&r=00049&e=,CABO ROJO,2026-09-10T02:01:01Z
357,1994,indios_mayaguez,27,185,https://web.archive.org/web/20080229015214id_/http://www.bsnpr.com:80/jugadores/jugador.asp?id=357&e=5,https://web.archive.org/web/20061212103031id_/http://www.bsnpr.com:80/jug05.asp?r3=00234&r2=462776RX2Y&r=00049&e=,MAYAGUEZ,2026-09-10T02:01:01Z
357,1995,atleticos_san_german,27,193,https://web.archive.org/web/20080229015214id_/http://www.bsnpr.com:80/jugadores/jugador.asp?id=357&e=5,https://web.archive.org/web/20061212103031id_/http://www.bsnpr.com:80/jug05.asp?r3=00234&r2=462776RX2Y&r=00049&e=,SAN GERMAN,2026-09-10T02:01:01Z
357,1996,atleticos_san_german,26,108,https://web.archive.org/web/20080229015214id_/http://www.bsnpr.com:80/jugadores/jugador.asp?id=357&e=5,https://web.archive.org/web/20061212103031id_/http://www.bsnpr.com:80/jug05.asp?r3=00234&r2=462776RX2Y&r=00049&e=,SAN GERMAN,2026-09-10T02:01:01Z
357,1997,titanes_morovis,31,221,https://web.archive.org/web/20080229015214id_/http://www.bsnpr.com:80/jugadores/jugador.asp?id=357&e=5,https://web.archive.org/web/20061212103031id_/http://www.bsnpr.com:80/jug05.asp?r3=00234&r2=462776RX2Y&r=00049&e=,MOROVIS,2026-09-10T02:01:01Z
357,1998,titanes_morovis,30,240,https://web.archive.org/web/20080229015214id_/http://www.bsnpr.com:80/jugadores/jugador.asp?id=357&e=5,https://web.archive.org/web/20061212103031id_/http://www.bsnpr.com:80/jug05.asp?r3=00234&r2=462776RX2Y&r=00049&e=,MOROVIS,2026-09-10T02:01:01Z
357,1999,titanes_morovis,29,137,https://web.archive.org/web/20080229015214id_/http://www.bsnpr.com:80/jugadores/jugador.asp?id=357&e=5,https://web.archive.org/web/20061212103031id_/http://www.bsnpr.com:80/jug05.asp?r3=00234&r2=462776RX2Y&r=00049&e=,MOROVIS,2026-09-10T02:01:01Z
357,2000,cangrejeros_santurce,27,64,https://web.archive.org/web/20080229015214id_/http://www.bsnpr.com:80/jugadores/jugador.asp?id=357&e=5,https://web.archive.org/web/20061212103031id_/http://www.bsnpr.com:80/jug05.asp?r3=00234&r2=462776RX2Y&r=00049&e=,SANTURCE,2026-09-10T02:01:01Z
357,2002,,23,196,https://web.archive.org/web/20080229015214id_/http://www.bsnpr.com:80/jugadores/jugador.asp?id=357&e=5,https://web.archive.org/web/20061212103031id_/http://www.bsnpr.com:80/jug05.asp?r3=00234&r2=462776RX2Y&r=00049&e=,CAYEY,2026-09-10T02:01:01Z
357,2003,atleticos_san_german,30,233,https://web.archive.org/web/20080229015214id_/http://www.bsnpr.com:80/jugadores/jugador.asp?id=357&e=5,https://web.archive.org/web/20061212103031id_/http://www.bsnpr.com:80/jug05.asp?r3=00234&r2=462776RX2Y&r=00049&e=,SAN GERMAN,2026-09-10T02:01:01Z
357,2004,atleticos_san_german,27,193,https://web.archive.org/web/20080229015214id_/http://www.bsnpr.com:80/jugadores/jugador.asp?id=357&e=5,https://web.archive.org/web/20061212103031id_/http://www.bsnpr.com:80/jug05.asp?r3=00234&r2=462776RX2Y&r=00049&e=,SAN GERMAN,2026-09-10T02:01:01Z
382,1992,piratas_quebradillas,12,41,https://web.archive.org/web/20170715121156id_/http://www.bsnpr.com:80/jugadores/jugador.asp?id=382&e=,https://web.archive.org/web/20060827011831id_/http://www.bsnpr.com:80/jug05.asp?r3=00241&r2=462786RX33&r=00118&e=,QUEBRADILLAS,2026-09-10T01:54:47Z
382,1993,piratas_quebradillas,34,339,https://web.archive.org/web/20170715121156id_/http://www.bsnpr.com:80/jugadores/jugador.asp?id=382&e=,https://web.archive.org/web/20060827011831id_/http://www.bsnpr.com:80/jug05.asp?r3=00241&r2=462786RX33&r=00118&e=,QUEBRADILLAS,2026-09-10T01:54:47Z
382,1994,piratas_quebradillas,30,235,https://web.archive.org/web/20170715121156id_/http://www.bsnpr.com:80/jugadores/jugador.asp?id=382&e=,https://web.archive.org/web/20060827011831id_/http://www.bsnpr.com:80/jug05.asp?r3=00241&r2=462786RX33&r=00118&e=,QUEBRADILLAS,2026-09-10T01:54:47Z
382,1995,maratonistas_coamo,31,451,https://web.archive.org/web/20170715121156id_/http://www.bsnpr.com:80/jugadores/jugador.asp?id=382&e=,https://web.archive.org/web/20060827011831id_/http://www.bsnpr.com:80/jug05.asp?r3=00241&r2=462786RX33&r=00118&e=,COAMO,2026-09-10T01:54:47Z
382,1996,,29,381,https://web.archive.org/web/20170715121156id_/http://www.bsnpr.com:80/jugadores/jugador.asp?id=382&e=,https://web.archive.org/web/20060827011831id_/http://www.bsnpr.com:80/jug05.asp?r3=00241&r2=462786RX33&r=00118&e=,VILLALBA,2026-09-10T01:54:47Z
382,1997,,32,609,https://web.archive.org/web/20170715121156id_/http://www.bsnpr.com:80/jugadores/jugador.asp?id=382&e=,https://web.archive.org/web/20060827011831id_/http://www.bsnpr.com:80/jug05.asp?r3=00241&r2=462786RX33&r=00118&e=,VILLALBA,2026-09-10T01:54:47Z
382,1998,,29,601,https://web.archive.org/web/20170715121156id_/http://www.bsnpr.com:80/jugadores/jugador.asp?id=382&e=,https://web.archive.org/web/20060827011831id_/http://www.bsnpr.com:80/jug05.asp?r3=00241&r2=462786RX33&r=00118&e=,VILLALBA,2026-09-10T01:54:47Z
382,1999,maratonistas_coamo,29,444,https://web.archive.org/web/20170715121156id_/http://www.bsnpr.com:80/jugadores/jugador.asp?id=382&e=,https://web.archive.org/web/20060827011831id_/http://www.bsnpr.com:80/jug05.asp?r3=00241&r2=462786RX33&r=00118&e=,COAMO,2026-09-10T01:54:47Z
382,2002,atleticos_san_german,28,638,https://web.archive.org/web/20170715121156id_/http://www.bsnpr.com:80/jugadores/jugador.asp?id=382&e=,https://web.archive.org/web/20060827011831id_/http://www.bsnpr.com:80/jug05.asp?r3=00241&r2=462786RX33&r=00118&e=,SAN GERMAN,2026-09-10T01:54:47Z
382,2003,atleticos_san_german,19,430,https://web.archive.org/web/20170715121156id_/http://www.bsnpr.com:80/jugadores/jugador.asp?id=382&e=,https://web.archive.org/web/20060827011831id_/http://www.bsnpr.com:80/jug05.asp?r3=00241&r2=462786RX33&r=00118&e=,SAN GERMAN,2026-09-10T01:54:47Z
382,2004,atleticos_san_german,29,697,https://web.archive.org/web/20170715121156id_/http://www.bsnpr.com:80/jugadores/jugador.asp?id=382&e=,https://web.archive.org/web/20060827011831id_/http://www.bsnpr.com:80/jug05.asp?r3=00241&r2=462786RX33&r=00118&e=,SAN GERMAN,2026-09-10T01:54:47Z
385,2003,gigantes_carolina,18,31,https://web.archive.org/web/20090829072403id_/http://bsnpr.com:80/jugadores/jugador.asp?id=385&e=,https://web.archive.org/web/20061119231416id_/http://www.bsnpr.com/jug05.asp?r2=462696RWZ9&r3=00078&r=00074&e=HUMACAO,CAROLINA,2026-09-10T01:56:15Z
385,2004,vaqueros_bayamon,5,2,https://web.archive.org/web/20090829072403id_/http://bsnpr.com:80/jugadores/jugador.asp?id=385&e=,https://web.archive.org/web/20061119231416id_/http://www.bsnpr.com/jug05.asp?r2=462696RWZ9&r3=00078&r=00074&e=HUMACAO,BAYAMON,2026-09-10T01:56:15Z
385,2004,gallitos_isabela,4,10,https://web.archive.org/web/20090829072403id_/http://bsnpr.com:80/jugadores/jugador.asp?id=385&e=,https://web.archive.org/web/20061119231416id_/http://www.bsnpr.com/jug05.asp?r2=462696RWZ9&r3=00078&r=00074&e=HUMACAO,ISABELA,2026-09-10T01:56:15Z
386,2004,cangrejeros_santurce,5,3,https://web.archive.org/web/20091206130013id_/http://www.bsnpr.com:80/jugadores/jugador.asp?id=386&e=,https://web.archive.org/web/20061206190536id_/http://www.bsnpr.com:80/jug05.asp?r2=WOBFMNCQVQ&r3=WHQFE&r=00108&e=BAYAMON,SANTURCE,2026-09-10T01:58:27Z
392,2002,titanes_morovis,7,17,https://web.archive.org/web/20140122200704id_/http://www.bsnpr.com:80/jugadores/jugador.asp?id=392&e=,https://web.archive.org/web/20060618110626id_/http://www.bsnpr.com:80/jug05.asp?r=00009,MOROVIS,2026-09-10T01:57:42Z
392,2003,titanes_morovis,22,198,https://web.archive.org/web/20140122200704id_/http://www.bsnpr.com:80/jugadores/jugador.asp?id=392&e=,https://web.archive.org/web/20060618110626id_/http://www.bsnpr.com:80/jug05.asp?r=00009,MOROVIS,2026-09-10T01:57:42Z
392,2004,gigantes_carolina,27,219,https://web.archive.org/web/20140122200704id_/http://www.bsnpr.com:80/jugadores/jugador.asp?id=392&e=,https://web.archive.org/web/20060618110626id_/http://www.bsnpr.com:80/jug05.asp?r=00009,CAROLINA,2026-09-10T01:57:42Z
445,2000,criollos_caguas,1,0,https://web.archive.org/web/20090422184947id_/http://www.bsnpr.com:80/jugadores/jugador.asp?id=445&e=9,https://web.archive.org/web/20070224020855id_/http://www.bsnpr.com:80/jug05.asp?r=00519,CAGUAS,2026-09-10T02:10:44Z
498,1988,atleticos_san_german,14,46,https://web.archive.org/web/20180221123707id_/http://www.bsnpr.com/jugadores/jugador.asp?id=498,https://web.archive.org/web/20060909091946id_/http://www.bsnpr.com:80/jug05.asp?r2=462756RX1T&r3=00191&r=00091&e=PONCE,SAN GERMAN,2026-09-10T01:55:49Z
498,1989,atleticos_san_german,30,219,https://web.archive.org/web/20180221123707id_/http://www.bsnpr.com/jugadores/jugador.asp?id=498,https://web.archive.org/web/20060909091946id_/http://www.bsnpr.com:80/jug05.asp?r2=462756RX1T&r3=00191&r=00091&e=PONCE,SAN GERMAN,2026-09-10T01:55:49Z
498,1990,atleticos_san_german,17,137,https://web.archive.org/web/20180221123707id_/http://www.bsnpr.com/jugadores/jugador.asp?id=498,https://web.archive.org/web/20060909091946id_/http://www.bsnpr.com:80/jug05.asp?r2=462756RX1T&r3=00191&r=00091&e=PONCE,SAN GERMAN,2026-09-10T01:55:49Z
498,1991,atleticos_san_german,30,590,https://web.archive.org/web/20180221123707id_/http://www.bsnpr.com/jugadores/jugador.asp?id=498,https://web.archive.org/web/20060909091946id_/http://www.bsnpr.com:80/jug05.asp?r2=462756RX1T&r3=00191&r=00091&e=PONCE,SAN GERMAN,2026-09-10T01:55:49Z
498,1992,atleticos_san_german,23,529,https://web.archive.org/web/20180221123707id_/http://www.bsnpr.com/jugadores/jugador.asp?id=498,https://web.archive.org/web/20060909091946id_/http://www.bsnpr.com:80/jug05.asp?r2=462756RX1T&r3=00191&r=00091&e=PONCE,SAN GERMAN,2026-09-10T01:55:49Z
498,1993,atleticos_san_german,31,647,https://web.archive.org/web/20180221123707id_/http://www.bsnpr.com/jugadores/jugador.asp?id=498,https://web.archive.org/web/20060909091946id_/http://www.bsnpr.com:80/jug05.asp?r2=462756RX1T&r3=00191&r=00091&e=PONCE,SAN GERMAN,2026-09-10T01:55:49Z
498,1994,atleticos_san_german,26,465,https://web.archive.org/web/20180221123707id_/http://www.bsnpr.com/jugadores/jugador.asp?id=498,https://web.archive.org/web/20060909091946id_/http://www.bsnpr.com:80/jug05.asp?r2=462756RX1T&r3=00191&r=00091&e=PONCE,SAN GERMAN,2026-09-10T01:55:49Z
498,1995,atleticos_san_german,13,331,https://web.archive.org/web/20180221123707id_/http://www.bsnpr.com/jugadores/jugador.asp?id=498,https://web.archive.org/web/20060909091946id_/http://www.bsnpr.com:80/jug05.asp?r2=462756RX1T&r3=00191&r=00091&e=PONCE,SAN GERMAN,2026-09-10T01:55:49Z
498,1996,atleticos_san_german,33,849,https://web.archive.org/web/20180221123707id_/http://www.bsnpr.com/jugadores/jugador.asp?id=498,https://web.archive.org/web/20060909091946id_/http://www.bsnpr.com:80/jug05.asp?r2=462756RX1T&r3=00191&r=00091&e=PONCE,SAN GERMAN,2026-09-10T01:55:49Z
498,1997,atleticos_san_german,30,799,https://web.archive.org/web/20180221123707id_/http://www.bsnpr.com/jugadores/jugador.asp?id=498,https://web.archive.org/web/20060909091946id_/http://www.bsnpr.com:80/jug05.asp?r2=462756RX1T&r3=00191&r=00091&e=PONCE,SAN GERMAN,2026-09-10T01:55:49Z
498,1998,atleticos_san_german,17,411,https://web.archive.org/web/20180221123707id_/http://www.bsnpr.com/jugadores/jugador.asp?id=498,https://web.archive.org/web/20060909091946id_/http://www.bsnpr.com:80/jug05.asp?r2=462756RX1T&r3=00191&r=00091&e=PONCE,SAN GERMAN,2026-09-10T01:55:49Z
498,1999,atleticos_san_german,21,532,https://web.archive.org/web/20180221123707id_/http://www.bsnpr.com/jugadores/jugador.asp?id=498,https://web.archive.org/web/20060909091946id_/http://www.bsnpr.com:80/jug05.asp?r2=462756RX1T&r3=00191&r=00091&e=PONCE,SAN GERMAN,2026-09-10T01:55:49Z
498,2000,atleticos_san_german,24,535,https://web.archive.org/web/20180221123707id_/http://www.bsnpr.com/jugadores/jugador.asp?id=498,https://web.archive.org/web/20060909091946id_/http://www.bsnpr.com:80/jug05.asp?r2=462756RX1T&r3=00191&r=00091&e=PONCE,SAN GERMAN,2026-09-10T01:55:49Z
498,2003,leones_ponce,21,492,https://web.archive.org/web/20180221123707id_/http://www.bsnpr.com/jugadores/jugador.asp?id=498,https://web.archive.org/web/20060909091946id_/http://www.bsnpr.com:80/jug05.asp?r2=462756RX1T&r3=00191&r=00091&e=PONCE,PONCE,2026-09-10T01:55:49Z
498,2004,leones_ponce,28,513,https://web.archive.org/web/20180221123707id_/http://www.bsnpr.com/jugadores/jugador.asp?id=498,https://web.archive.org/web/20060909091946id_/http://www.bsnpr.com:80/jug05.asp?r2=462756RX1T&r3=00191&r=00091&e=PONCE,PONCE,2026-09-10T01:55:49Z
509,1990,vaqueros_bayamon,3,6,https://web.archive.org/web/20080803173052id_/http://bsnpr.com:80/jugadores/jugador.asp?id=509&e=,https://web.archive.org/web/20070328182250id_/http://www.bsnpr.com:80/jug05.asp?r2=462796RX3K&r3=00261&r=00007&e=ARECIBO,BAYAMON,2026-09-10T02:11:19Z
509,1991,vaqueros_bayamon,6,9,https://web.archive.org/web/20080803173052id_/http://bsnpr.com:80/jugadores/jugador.asp?id=509&e=,https://web.archive.org/web/20070328182250id_/http://www.bsnpr.com:80/jug05.asp?r2=462796RX3K&r3=00261&r=00007&e=ARECIBO,BAYAMON,2026-09-10T02:11:19Z
509,1992,vaqueros_bayamon,11,29,https://web.archive.org/web/20080803173052id_/http://bsnpr.com:80/jugadores/jugador.asp?id=509&e=,https://web.archive.org/web/20070328182250id_/http://www.bsnpr.com:80/jug05.asp?r2=462796RX3K&r3=00261&r=00007&e=ARECIBO,BAYAMON,2026-09-10T02:11:19Z
509,1993,mets_guaynabo,33,223,https://web.archive.org/web/20080803173052id_/http://bsnpr.com:80/jugadores/jugador.asp?id=509&e=,https://web.archive.org/web/20070328182250id_/http://www.bsnpr.com:80/jug05.asp?r2=462796RX3K&r3=00261&r=00007&e=ARECIBO,GUAYNABO,2026-09-10T02:11:19Z
509,1994,mets_guaynabo,25,276,https://web.archive.org/web/20080803173052id_/http://bsnpr.com:80/jugadores/jugador.asp?id=509&e=,https://web.archive.org/web/20070328182250id_/http://www.bsnpr.com:80/jug05.asp?r2=462796RX3K&r3=00261&r=00007&e=ARECIBO,GUAYNABO,2026-09-10T02:11:19Z
509,1995,mets_guaynabo,23,314,https://web.archive.org/web/20080803173052id_/http://bsnpr.com:80/jugadores/jugador.asp?id=509&e=,https://web.archive.org/web/20070328182250id_/http://www.bsnpr.com:80/jug05.asp?r2=462796RX3K&r3=00261&r=00007&e=ARECIBO,GUAYNABO,2026-09-10T02:11:19Z
509,1996,mets_guaynabo,19,202,https://web.archive.org/web/20080803173052id_/http://bsnpr.com:80/jugadores/jugador.asp?id=509&e=,https://web.archive.org/web/20070328182250id_/http://www.bsnpr.com:80/jug05.asp?r2=462796RX3K&r3=00261&r=00007&e=ARECIBO,GUAYNABO,2026-09-10T02:11:19Z
509,1997,gallitos_isabela,22,385,https://web.archive.org/web/20080803173052id_/http://bsnpr.com:80/jugadores/jugador.asp?id=509&e=,https://web.archive.org/web/20070328182250id_/http://www.bsnpr.com:80/jug05.asp?r2=462796RX3K&r3=00261&r=00007&e=ARECIBO,ISABELA,2026-09-10T02:11:19Z
509,1998,gallitos_isabela,30,482,https://web.archive.org/web/20080803173052id_/http://bsnpr.com:80/jugadores/jugador.asp?id=509&e=,https://web.archive.org/web/20070328182250id_/http://www.bsnpr.com:80/jug05.asp?r2=462796RX3K&r3=00261&r=00007&e=ARECIBO,ISABELA,2026-09-10T02:11:19Z
509,1999,mets_guaynabo,3,36,https://web.archive.org/web/20080803173052id_/http://bsnpr.com:80/jugadores/jugador.asp?id=509&e=,https://web.archive.org/web/20070328182250id_/http://www.bsnpr.com:80/jug05.asp?r2=462796RX3K&r3=00261&r=00007&e=ARECIBO,GUAYNABO,2026-09-10T02:11:19Z
509,2000,criollos_caguas,15,120,https://web.archive.org/web/20080803173052id_/http://bsnpr.com:80/jugadores/jugador.asp?id=509&e=,https://web.archive.org/web/20070328182250id_/http://www.bsnpr.com:80/jug05.asp?r2=462796RX3K&r3=00261&r=00007&e=ARECIBO,CAGUAS,2026-09-10T02:11:19Z
509,2002,vaqueros_bayamon,24,106,https://web.archive.org/web/20080803173052id_/http://bsnpr.com:80/jugadores/jugador.asp?id=509&e=,https://web.archive.org/web/20070328182250id_/http://www.bsnpr.com:80/jug05.asp?r2=462796RX3K&r3=00261&r=00007&e=ARECIBO,BAYAMON,2026-09-10T02:11:19Z
509,2003,cangrejeros_santurce,29,290,https://web.archive.org/web/20080803173052id_/http://bsnpr.com:80/jugadores/jugador.asp?id=509&e=,https://web.archive.org/web/20070328182250id_/http://www.bsnpr.com:80/jug05.asp?r2=462796RX3K&r3=00261&r=00007&e=ARECIBO,SANTURCE,2026-09-10T02:11:19Z
509,2004,cangrejeros_santurce,26,219,https://web.archive.org/web/20080803173052id_/http://bsnpr.com:80/jugadores/jugador.asp?id=509&e=,https://web.archive.org/web/20070328182250id_/http://www.bsnpr.com:80/jug05.asp?r2=462796RX3K&r3=00261&r=00007&e=ARECIBO,SANTURCE,2026-09-10T02:11:19Z
542,2003,piratas_quebradillas,10,34,https://web.archive.org/web/20080411054400id_/http://www.bsnpr.com:80/jugadores/jugador.asp?id=542&e=,https://web.archive.org/web/20050409233446id_/http://www.bsnpr.com:80/jug05.asp?r2=462766RX2E&r=00212&e=QUEBRADILLAS,QUEBRADILLAS,2026-09-10T01:48:50Z
542,2004,piratas_quebradillas,23,69,https://web.archive.org/web/20080411054400id_/http://www.bsnpr.com:80/jugadores/jugador.asp?id=542&e=,https://web.archive.org/web/20050409233446id_/http://www.bsnpr.com:80/jug05.asp?r2=462766RX2E&r=00212&e=QUEBRADILLAS,QUEBRADILLAS,2026-09-10T01:48:50Z
555,1986,cariduros_fajardo,4,6,https://web.archive.org/web/20080411054901id_/http://www.bsnpr.com:80/jugadores/jugador.asp?id=555&e=,https://web.archive.org/web/20061009100142id_/http://www.bsnpr.com:80/jug05.asp?r3=00206&r2=462766RX28&r=00099&e=,FAJARDO,2026-09-10T01:57:37Z
555,1989,indios_canovanas,11,24,https://web.archive.org/web/20080411054901id_/http://www.bsnpr.com:80/jugadores/jugador.asp?id=555&e=,https://web.archive.org/web/20061009100142id_/http://www.bsnpr.com:80/jug05.asp?r3=00206&r2=462766RX28&r=00099&e=,CANOVANAS,2026-09-10T01:57:37Z
555,1990,indios_canovanas,28,166,https://web.archive.org/web/20080411054901id_/http://www.bsnpr.com:80/jugadores/jugador.asp?id=555&e=,https://web.archive.org/web/20061009100142id_/http://www.bsnpr.com:80/jug05.asp?r3=00206&r2=462766RX28&r=00099&e=,CANOVANAS,2026-09-10T01:57:37Z
555,1991,indios_canovanas,30,268,https://web.archive.org/web/20080411054901id_/http://www.bsnpr.com:80/jugadores/jugador.asp?id=555&e=,https://web.archive.org/web/20061009100142id_/http://www.bsnpr.com:80/jug05.asp?r3=00206&r2=462766RX28&r=00099&e=,CANOVANAS,2026-09-10T01:57:37Z
555,1992,brujos_guayama,34,284,https://web.archive.org/web/20080411054901id_/http://www.bsnpr.com:80/jugadores/jugador.asp?id=555&e=,https://web.archive.org/web/20061009100142id_/http://www.bsnpr.com:80/jug05.asp?r3=00206&r2=462766RX28&r=00099&e=,GUAYAMA,2026-09-10T01:57:37Z
555,1993,brujos_guayama,15,110,https://web.archive.org/web/20080411054901id_/http://www.bsnpr.com:80/jugadores/jugador.asp?id=555&e=,https://web.archive.org/web/20061009100142id_/http://www.bsnpr.com:80/jug05.asp?r3=00206&r2=462766RX28&r=00099&e=,GUAYAMA,2026-09-10T01:57:37Z
555,1995,brujos_guayama,32,395,https://web.archive.org/web/20080411054901id_/http://www.bsnpr.com:80/jugadores/jugador.asp?id=555&e=,https://web.archive.org/web/20061009100142id_/http://www.bsnpr.com:80/jug05.asp?r3=00206&r2=462766RX28&r=00099&e=,GUAYAMA,2026-09-10T01:57:37Z
555,1996,capitanes_arecibo,32,352,https://web.archive.org/web/20080411054901id_/http://www.bsnpr.com:80/jugadores/jugador.asp?id=555&e=,https://web.archive.org/web/20061009100142id_/http://www.bsnpr.com:80/jug05.asp?r3=00206&r2=462766RX28&r=00099&e=,ARECIBO,2026-09-10T01:57:37Z
555,1997,criollos_caguas,31,295,https://web.archive.org/web/20080411054901id_/http://www.bsnpr.com:80/jugadores/jugador.asp?id=555&e=,https://web.archive.org/web/20061009100142id_/http://www.bsnpr.com:80/jug05.asp?r3=00206&r2=462766RX28&r=00099&e=,CAGUAS,2026-09-10T01:57:37Z
555,1998,criollos_caguas,30,218,https://web.archive.org/web/20080411054901id_/http://www.bsnpr.com:80/jugadores/jugador.asp?id=555&e=,https://web.archive.org/web/20061009100142id_/http://www.bsnpr.com:80/jug05.asp?r3=00206&r2=462766RX28&r=00099&e=,CAGUAS,2026-09-10T01:57:37Z
555,1999,criollos_caguas,25,147,https://web.archive.org/web/20080411054901id_/http://www.bsnpr.com:80/jugadores/jugador.asp?id=555&e=,https://web.archive.org/web/20061009100142id_/http://www.bsnpr.com:80/jug05.asp?r3=00206&r2=462766RX28&r=00099&e=,CAGUAS,2026-09-10T01:57:37Z
555,1999,piratas_quebradillas,2,4,https://web.archive.org/web/20080411054901id_/http://www.bsnpr.com:80/jugadores/jugador.asp?id=555&e=,https://web.archive.org/web/20061009100142id_/http://www.bsnpr.com:80/jug05.asp?r3=00206&r2=462766RX28&r=00099&e=,QUEBRADILLAS,2026-09-10T01:57:37Z
555,2000,cangrejeros_santurce,28,89,https://web.archive.org/web/20080411054901id_/http://www.bsnpr.com:80/jugadores/jugador.asp?id=555&e=,https://web.archive.org/web/20061009100142id_/http://www.bsnpr.com:80/jug05.asp?r3=00206&r2=462766RX28&r=00099&e=,SANTURCE,2026-09-10T01:57:37Z
555,2003,criollos_caguas,22,149,https://web.archive.org/web/20080411054901id_/http://www.bsnpr.com:80/jugadores/jugador.asp?id=555&e=,https://web.archive.org/web/20061009100142id_/http://www.bsnpr.com:80/jug05.asp?r3=00206&r2=462766RX28&r=00099&e=,CAGUAS,2026-09-10T01:57:37Z
555,2003,leones_ponce,1,7,https://web.archive.org/web/20080411054901id_/http://www.bsnpr.com:80/jugadores/jugador.asp?id=555&e=,https://web.archive.org/web/20061009100142id_/http://www.bsnpr.com:80/jug05.asp?r3=00206&r2=462766RX28&r=00099&e=,PONCE,2026-09-10T01:57:37Z
555,2004,leones_ponce,26,156,https://web.archive.org/web/20080411054901id_/http://www.bsnpr.com:80/jugadores/jugador.asp?id=555&e=,https://web.archive.org/web/20061009100142id_/http://www.bsnpr.com:80/jug05.asp?r3=00206&r2=462766RX28&r=00099&e=,PONCE,2026-09-10T01:57:37Z
574,1996,piratas_quebradillas,27,231,https://web.archive.org/web/20170715120228id_/http://www.bsnpr.com:80/jugadores/jugador.asp?id=574&e=,https://web.archive.org/web/20061208171514id_/http://www.bsnpr.com:80/jug05.asp?r3=00233&r2=462776RX2X&r=00002&e=,QUEBRADILLAS,2026-09-10T01:59:06Z
574,1997,piratas_quebradillas,17,109,https://web.archive.org/web/20170715120228id_/http://www.bsnpr.com:80/jugadores/jugador.asp?id=574&e=,https://web.archive.org/web/20061208171514id_/http://www.bsnpr.com:80/jug05.asp?r3=00233&r2=462776RX2X&r=00002&e=,QUEBRADILLAS,2026-09-10T01:59:06Z
574,1999,piratas_quebradillas,28,288,https://web.archive.org/web/20170715120228id_/http://www.bsnpr.com:80/jugadores/jugador.asp?id=574&e=,https://web.archive.org/web/20061208171514id_/http://www.bsnpr.com:80/jug05.asp?r3=00233&r2=462776RX2X&r=00002&e=,QUEBRADILLAS,2026-09-10T01:59:06Z
574,2000,atleticos_san_german,28,455,https://web.archive.org/web/20170715120228id_/http://www.bsnpr.com:80/jugadores/jugador.asp?id=574&e=,https://web.archive.org/web/20061208171514id_/http://www.bsnpr.com:80/jug05.asp?r3=00233&r2=462776RX2X&r=00002&e=,SAN GERMAN,2026-09-10T01:59:06Z
574,2002,atleticos_san_german,29,703,https://web.archive.org/web/20170715120228id_/http://www.bsnpr.com:80/jugadores/jugador.asp?id=574&e=,https://web.archive.org/web/20061208171514id_/http://www.bsnpr.com:80/jug05.asp?r3=00233&r2=462776RX2X&r=00002&e=,SAN GERMAN,2026-09-10T01:59:06Z
574,2003,atleticos_san_german,4,78,https://web.archive.org/web/20170715120228id_/http://www.bsnpr.com:80/jugadores/jugador.asp?id=574&e=,https://web.archive.org/web/20061208171514id_/http://www.bsnpr.com:80/jug05.asp?r3=00233&r2=462776RX2X&r=00002&e=,SAN GERMAN,2026-09-10T01:59:06Z
624,1996,brujos_guayama,15,15,https://web.archive.org/web/20140122200729id_/http://www.bsnpr.com:80/jugadores/jugador.asp?id=624&e=,https://web.archive.org/web/20061009095710id_/http://www.bsnpr.com:80/jug05.asp?r3=00262&r2=462796RX3L&r=00100&e=,GUAYAMA,2026-09-10T01:54:41Z
624,1997,brujos_guayama,17,30,https://web.archive.org/web/20140122200729id_/http://www.bsnpr.com:80/jugadores/jugador.asp?id=624&e=,https://web.archive.org/web/20061009095710id_/http://www.bsnpr.com:80/jug05.asp?r3=00262&r2=462796RX3L&r=00100&e=,GUAYAMA,2026-09-10T01:54:41Z
624,1998,brujos_guayama,26,92,https://web.archive.org/web/20140122200729id_/http://www.bsnpr.com:80/jugadores/jugador.asp?id=624&e=,https://web.archive.org/web/20061009095710id_/http://www.bsnpr.com:80/jug05.asp?r3=00262&r2=462796RX3L&r=00100&e=,GUAYAMA,2026-09-10T01:54:41Z
624,1999,brujos_guayama,28,156,https://web.archive.org/web/20140122200729id_/http://www.bsnpr.com:80/jugadores/jugador.asp?id=624&e=,https://web.archive.org/web/20061009095710id_/http://www.bsnpr.com:80/jug05.asp?r3=00262&r2=462796RX3L&r=00100&e=,GUAYAMA,2026-09-10T01:54:41Z
624,2002,cangrejeros_santurce,29,143,https://web.archive.org/web/20140122200729id_/http://www.bsnpr.com:80/jugadores/jugador.asp?id=624&e=,https://web.archive.org/web/20061009095710id_/http://www.bsnpr.com:80/jug05.asp?r3=00262&r2=462796RX3L&r=00100&e=,SANTURCE,2026-09-10T01:54:41Z
624,2003,cangrejeros_santurce,30,169,https://web.archive.org/web/20140122200729id_/http://www.bsnpr.com:80/jugadores/jugador.asp?id=624&e=,https://web.archive.org/web/20061009095710id_/http://www.bsnpr.com:80/jug05.asp?r3=00262&r2=462796RX3L&r=00100&e=,SANTURCE,2026-09-10T01:54:41Z
624,2004,cangrejeros_santurce,30,173,https://web.archive.org/web/20140122200729id_/http://www.bsnpr.com:80/jugadores/jugador.asp?id=624&e=,https://web.archive.org/web/20061009095710id_/http://www.bsnpr.com:80/jug05.asp?r3=00262&r2=462796RX3L&r=00100&e=,SANTURCE,2026-09-10T01:54:41Z
697,1994,maratonistas_coamo,10,14,https://web.archive.org/web/20091209191937id_/http://www.bsnpr.com:80/jugadores/jugador.asp?id=697&e=,https://web.archive.org/web/20061119231009id_/http://www.bsnpr.com/jug05.asp?r2=462716RX02&r3=00116&r=00038&e=CAGUAS,COAMO,2026-09-10T02:03:06Z
697,1995,maratonistas_coamo,31,291,https://web.archive.org/web/20091209191937id_/http://www.bsnpr.com:80/jugadores/jugador.asp?id=697&e=,https://web.archive.org/web/20061119231009id_/http://www.bsnpr.com/jug05.asp?r2=462716RX02&r3=00116&r=00038&e=CAGUAS,COAMO,2026-09-10T02:03:06Z
697,1996,,30,259,https://web.archive.org/web/20091209191937id_/http://www.bsnpr.com:80/jugadores/jugador.asp?id=697&e=,https://web.archive.org/web/20061119231009id_/http://www.bsnpr.com/jug05.asp?r2=462716RX02&r3=00116&r=00038&e=CAGUAS,VILLALBA,2026-09-10T02:03:06Z
697,1997,,32,398,https://web.archive.org/web/20091209191937id_/http://www.bsnpr.com:80/jugadores/jugador.asp?id=697&e=,https://web.archive.org/web/20061119231009id_/http://www.bsnpr.com/jug05.asp?r2=462716RX02&r3=00116&r=00038&e=CAGUAS,VILLALBA,2026-09-10T02:03:06Z
697,1998,,28,403,https://web.archive.org/web/20091209191937id_/http://www.bsnpr.com:80/jugadores/jugador.asp?id=697&e=,https://web.archive.org/web/20061119231009id_/http://www.bsnpr.com/jug05.asp?r2=462716RX02&r3=00116&r=00038&e=CAGUAS,VILLALBA,2026-09-10T02:03:06Z
697,1999,indios_mayaguez,20,364,https://web.archive.org/web/20091209191937id_/http://www.bsnpr.com:80/jugadores/jugador.asp?id=697&e=,https://web.archive.org/web/20061119231009id_/http://www.bsnpr.com/jug05.asp?r2=462716RX02&r3=00116&r=00038&e=CAGUAS,MAYAGUEZ,2026-09-10T02:03:06Z
697,2002,indios_mayaguez,18,107,https://web.archive.org/web/20091209191937id_/http://www.bsnpr.com:80/jugadores/jugador.asp?id=697&e=,https://web.archive.org/web/20061119231009id_/http://www.bsnpr.com/jug05.asp?r2=462716RX02&r3=00116&r=00038&e=CAGUAS,MAYAGUEZ,2026-09-10T02:03:06Z
697,2003,maratonistas_coamo,31,245,https://web.archive.org/web/20091209191937id_/http://www.bsnpr.com:80/jugadores/jugador.asp?id=697&e=,https://web.archive.org/web/20061119231009id_/http://www.bsnpr.com/jug05.asp?r2=462716RX02&r3=00116&r=00038&e=CAGUAS,COAMO,2026-09-10T02:03:06Z
697,2004,maratonistas_coamo,27,367,https://web.archive.org/web/20091209191937id_/http://www.bsnpr.com:80/jugadores/jugador.asp?id=697&e=,https://web.archive.org/web/20061119231009id_/http://www.bsnpr.com/jug05.asp?r2=462716RX02&r3=00116&r=00038&e=CAGUAS,COAMO,2026-09-10T02:03:06Z
704,2000,maratonistas_coamo,13,34,https://web.archive.org/web/20170715121350id_/http://www.bsnpr.com:80/jugadores/jugador.asp?id=704&e=,https://web.archive.org/web/20060618110520id_/http://www.bsnpr.com:80/jug05.asp?r=00575,COAMO,2026-09-10T01:59:54Z
704,2001,maratonistas_coamo,26,339,https://web.archive.org/web/20170715121350id_/http://www.bsnpr.com:80/jugadores/jugador.asp?id=704&e=,https://web.archive.org/web/20060618110520id_/http://www.bsnpr.com:80/jug05.asp?r=00575,COAMO,2026-09-10T01:59:54Z
713,2004,cangrejeros_santurce,6,12,https://web.archive.org/web/20070829040625id_/http://www.bsnpr.com:80/jugadores/jugador.asp?id=713&e=,https://web.archive.org/web/20060224015224id_/http://www.bsnpr.com:80/jug05.asp?r2=VNRVHEXWCD&r3=ZUPUB&r=00104&e=SANTURCE,SANTURCE,2026-09-10T01:58:51Z
713,2005,cangrejeros_santurce,7,9,https://web.archive.org/web/20070829040625id_/http://www.bsnpr.com:80/jugadores/jugador.asp?id=713&e=,https://web.archive.org/web/20060224015224id_/http://www.bsnpr.com:80/jug05.asp?r2=VNRVHEXWCD&r3=ZUPUB&r=00104&e=SANTURCE,SANTURCE,2026-09-10T01:58:51Z
742,2004,leones_ponce,10,17,https://web.archive.org/web/20071211045905id_/http://www.bsnpr.com:80/jugadores/jugador.asp?id=742&e=,https://web.archive.org/web/20070404075051id_/http://www.bsnpr.com:80/jug05.asp?r3=SQUAX&r2=OLQUXXXGVB&r=00096&e=,PONCE,2026-09-10T02:09:39Z
757,1991,polluelos_aibonito,16,147,https://web.archive.org/web/20091207221748id_/http://www.bsnpr.com:80/jugadores/jugador.asp?id=757&e=9,https://web.archive.org/web/20061207193824id_/http://www.bsnpr.com:80/jug05.asp?r3=00040&r2=462676RWYG&r=00019&e=,AIBONITO,2026-09-10T01:55:31Z
757,1996,vaqueros_bayamon,21,280,https://web.archive.org/web/20091207221748id_/http://www.bsnpr.com:80/jugadores/jugador.asp?id=757&e=9,https://web.archive.org/web/20061207193824id_/http://www.bsnpr.com:80/jug05.asp?r3=00040&r2=462676RWYG&r=00019&e=,BAYAMON,2026-09-10T01:55:31Z
757,1997,vaqueros_bayamon,27,544,https://web.archive.org/web/20091207221748id_/http://www.bsnpr.com:80/jugadores/jugador.asp?id=757&e=9,https://web.archive.org/web/20061207193824id_/http://www.bsnpr.com:80/jug05.asp?r3=00040&r2=462676RWYG&r=00019&e=,BAYAMON,2026-09-10T01:55:31Z
757,1998,vaqueros_bayamon,30,635,https://web.archive.org/web/20091207221748id_/http://www.bsnpr.com:80/jugadores/jugador.asp?id=757&e=9,https://web.archive.org/web/20061207193824id_/http://www.bsnpr.com:80/jug05.asp?r3=00040&r2=462676RWYG&r=00019&e=,BAYAMON,2026-09-10T01:55:31Z
757,1999,vaqueros_bayamon,28,607,https://web.archive.org/web/20091207221748id_/http://www.bsnpr.com:80/jugadores/jugador.asp?id=757&e=9,https://web.archive.org/web/20061207193824id_/http://www.bsnpr.com:80/jug05.asp?r3=00040&r2=462676RWYG&r=00019&e=,BAYAMON,2026-09-10T01:55:31Z
757,2000,vaqueros_bayamon,22,418,https://web.archive.org/web/20091207221748id_/http://www.bsnpr.com:80/jugadores/jugador.asp?id=757&e=9,https://web.archive.org/web/20061207193824id_/http://www.bsnpr.com:80/jug05.asp?r3=00040&r2=462676RWYG&r=00019&e=,BAYAMON,2026-09-10T01:55:31Z
757,2002,vaqueros_bayamon,24,484,https://web.archive.org/web/20091207221748id_/http://www.bsnpr.com:80/jugadores/jugador.asp?id=757&e=9,https://web.archive.org/web/20061207193824id_/http://www.bsnpr.com:80/jug05.asp?r3=00040&r2=462676RWYG&r=00019&e=,BAYAMON,2026-09-10T01:55:31Z
757,2003,vaqueros_bayamon,23,251,https://web.archive.org/web/20091207221748id_/http://www.bsnpr.com:80/jugadores/jugador.asp?id=757&e=9,https://web.archive.org/web/20061207193824id_/http://www.bsnpr.com:80/jug05.asp?r3=00040&r2=462676RWYG&r=00019&e=,BAYAMON,2026-09-10T01:55:31Z
757,2004,vaqueros_bayamon,30,541,https://web.archive.org/web/20091207221748id_/http://www.bsnpr.com:80/jugadores/jugador.asp?id=757&e=9,https://web.archive.org/web/20061207193824id_/http://www.bsnpr.com:80/jug05.asp?r3=00040&r2=462676RWYG&r=00019&e=,BAYAMON,2026-09-10T01:55:31Z
763,1996,leones_ponce,14,33,https://web.archive.org/web/20090713002149id_/http://www.bsnpr.com:80/jugadores/jugador.asp?id=763&e=7,https://web.archive.org/web/20061206115502id_/http://www.bsnpr.com:80/jug05.asp?r3=00200&r2=462756RX22&r=00053&e=,PONCE,2026-09-10T01:57:12Z
763,1997,leones_ponce,14,29,https://web.archive.org/web/20090713002149id_/http://www.bsnpr.com:80/jugadores/jugador.asp?id=763&e=7,https://web.archive.org/web/20061206115502id_/http://www.bsnpr.com:80/jug05.asp?r3=00200&r2=462756RX22&r=00053&e=,PONCE,2026-09-10T01:57:12Z
763,1998,leones_ponce,22,135,https://web.archive.org/web/20090713002149id_/http://www.bsnpr.com:80/jugadores/jugador.asp?id=763&e=7,https://web.archive.org/web/20061206115502id_/http://www.bsnpr.com:80/jug05.asp?r3=00200&r2=462756RX22&r=00053&e=,PONCE,2026-09-10T01:57:12Z
763,1999,leones_ponce,20,204,https://web.archive.org/web/20090713002149id_/http://www.bsnpr.com:80/jugadores/jugador.asp?id=763&e=7,https://web.archive.org/web/20061206115502id_/http://www.bsnpr.com:80/jug05.asp?r3=00200&r2=462756RX22&r=00053&e=,PONCE,2026-09-10T01:57:12Z
763,2002,indios_mayaguez,4,5,https://web.archive.org/web/20090713002149id_/http://www.bsnpr.com:80/jugadores/jugador.asp?id=763&e=7,https://web.archive.org/web/20061206115502id_/http://www.bsnpr.com:80/jug05.asp?r3=00200&r2=462756RX22&r=00053&e=,MAYAGUEZ,2026-09-10T01:57:12Z
763,2003,,22,185,https://web.archive.org/web/20090713002149id_/http://www.bsnpr.com:80/jugadores/jugador.asp?id=763&e=7,https://web.archive.org/web/20061206115502id_/http://www.bsnpr.com:80/jug05.asp?r3=00200&r2=462756RX22&r=00053&e=,CAYEY,2026-09-10T01:57:12Z
763,2003,leones_ponce,5,2,https://web.archive.org/web/20090713002149id_/http://www.bsnpr.com:80/jugadores/jugador.asp?id=763&e=7,https://web.archive.org/web/20061206115502id_/http://www.bsnpr.com:80/jug05.asp?r3=00200&r2=462756RX22&r=00053&e=,PONCE,2026-09-10T01:57:12Z
763,2004,,28,393,https://web.archive.org/web/20090713002149id_/http://www.bsnpr.com:80/jugadores/jugador.asp?id=763&e=7,https://web.archive.org/web/20061206115502id_/http://www.bsnpr.com:80/jug05.asp?r3=00200&r2=462756RX22&r=00053&e=,CAYEY,2026-09-10T01:57:12Z
773,2002,leones_ponce,13,60,https://web.archive.org/web/20170715120412id_/http://www.bsnpr.com:80/jugadores/jugador.asp?id=773&e=,https://web.archive.org/web/20061006123058id_/http://www.bsnpr.com:80/jug05.asp?r3=00192&r2=462756RX1U&r=00092&e=,PONCE,2026-09-10T01:55:03Z
773,2003,leones_ponce,6,22,https://web.archive.org/web/20170715120412id_/http://www.bsnpr.com:80/jugadores/jugador.asp?id=773&e=,https://web.archive.org/web/20061006123058id_/http://www.bsnpr.com:80/jug05.asp?r3=00192&r2=462756RX1U&r=00092&e=,PONCE,2026-09-10T01:55:03Z
773,2004,leones_ponce,27,183,https://web.archive.org/web/20170715120412id_/http://www.bsnpr.com:80/jugadores/jugador.asp?id=773&e=,https://web.archive.org/web/20061006123058id_/http://www.bsnpr.com:80/jug05.asp?r3=00192&r2=462756RX1U&r=00092&e=,PONCE,2026-09-10T01:55:03Z
777,1993,criollos_caguas,34,285,https://web.archive.org/web/20080325084937id_/http://www.bsnpr.com:80/jugadores/jugador.asp?id=777&e=14,https://web.archive.org/web/20060618110655id_/http://www.bsnpr.com:80/jug05.asp?r=00020,CAGUAS,2026-09-10T02:00:44Z
777,1994,criollos_caguas,29,111,https://web.archive.org/web/20080325084937id_/http://www.bsnpr.com:80/jugadores/jugador.asp?id=777&e=14,https://web.archive.org/web/20060618110655id_/http://www.bsnpr.com:80/jug05.asp?r=00020,CAGUAS,2026-09-10T02:00:44Z
777,1995,criollos_caguas,18,125,https://web.archive.org/web/20080325084937id_/http://www.bsnpr.com:80/jugadores/jugador.asp?id=777&e=14,https://web.archive.org/web/20060618110655id_/http://www.bsnpr.com:80/jug05.asp?r=00020,CAGUAS,2026-09-10T02:00:44Z
777,1996,criollos_caguas,34,307,https://web.archive.org/web/20080325084937id_/http://www.bsnpr.com:80/jugadores/jugador.asp?id=777&e=14,https://web.archive.org/web/20060618110655id_/http://www.bsnpr.com:80/jug05.asp?r=00020,CAGUAS,2026-09-10T02:00:44Z
777,1997,criollos_caguas,32,273,https://web.archive.org/web/20080325084937id_/http://www.bsnpr.com:80/jugadores/jugador.asp?id=777&e=14,https://web.archive.org/web/20060618110655id_/http://www.bsnpr.com:80/jug05.asp?r=00020,CAGUAS,2026-09-10T02:00:44Z
777,1998,criollos_caguas,25,158,https://web.archive.org/web/20080325084937id_/http://www.bsnpr.com:80/jugadores/jugador.asp?id=777&e=14,https://web.archive.org/web/20060618110655id_/http://www.bsnpr.com:80/jug05.asp?r=00020,CAGUAS,2026-09-10T02:00:44Z
777,1999,criollos_caguas,32,342,https://web.archive.org/web/20080325084937id_/http://www.bsnpr.com:80/jugadores/jugador.asp?id=777&e=14,https://web.archive.org/web/20060618110655id_/http://www.bsnpr.com:80/jug05.asp?r=00020,CAGUAS,2026-09-10T02:00:44Z
777,2000,criollos_caguas,28,89,https://web.archive.org/web/20080325084937id_/http://www.bsnpr.com:80/jugadores/jugador.asp?id=777&e=14,https://web.archive.org/web/20060618110655id_/http://www.bsnpr.com:80/jug05.asp?r=00020,CAGUAS,2026-09-10T02:00:44Z
777,2002,,22,185,https://web.archive.org/web/20080325084937id_/http://www.bsnpr.com:80/jugadores/jugador.asp?id=777&e=14,https://web.archive.org/web/20060618110655id_/http://www.bsnpr.com:80/jug05.asp?r=00020,CAYEY,2026-09-10T02:00:44Z
777,2003,indios_mayaguez,3,0,https://web.archive.org/web/20080325084937id_/http://www.bsnpr.com:80/jugadores/jugador.asp?id=777&e=14,https://web.archive.org/web/20060618110655id_/http://www.bsnpr.com:80/jug05.asp?r=00020,MAYAGUEZ,2026-09-10T02:00:44Z
777,2003,atleticos_san_german,11,106,https://web.archive.org/web/20080325084937id_/http://www.bsnpr.com:80/jugadores/jugador.asp?id=777&e=14,https://web.archive.org/web/20060618110655id_/http://www.bsnpr.com:80/jug05.asp?r=00020,SAN GERMAN,2026-09-10T02:00:44Z
777,2004,maratonistas_coamo,10,51,https://web.archive.org/web/20080325084937id_/http://www.bsnpr.com:80/jugadores/jugador.asp?id=777&e=14,https://web.archive.org/web/20060618110655id_/http://www.bsnpr.com:80/jug05.asp?r=00020,COAMO,2026-09-10T02:00:44Z
808,1995,cariduros_fajardo,7,16,https://web.archive.org/web/20091004045524id_/http://www.bsnpr.com:80/jugadores/jugador.asp?id=808&e=,https://web.archive.org/web/20061006123158id_/http://www.bsnpr.com:80/jug05.asp?r3=FSWWD&r2=462776RX2V&r=00124&e=,FAJARDO,2026-09-10T01:56:03Z
808,1998,cariduros_fajardo,18,165,https://web.archive.org/web/20091004045524id_/http://www.bsnpr.com:80/jugadores/jugador.asp?id=808&e=,https://web.archive.org/web/20061006123158id_/http://www.bsnpr.com:80/jug05.asp?r3=FSWWD&r2=462776RX2V&r=00124&e=,FAJARDO,2026-09-10T01:56:03Z
808,2000,gallitos_isabela,23,174,https://web.archive.org/web/20091004045524id_/http://www.bsnpr.com:80/jugadores/jugador.asp?id=808&e=,https://web.archive.org/web/20061006123158id_/http://www.bsnpr.com:80/jug05.asp?r3=FSWWD&r2=462776RX2V&r=00124&e=,ISABELA,2026-09-10T01:56:03Z
808,2001,gallitos_isabela,12,86,https://web.archive.org/web/20091004045524id_/http://www.bsnpr.com:80/jugadores/jugador.asp?id=808&e=,https://web.archive.org/web/20061006123158id_/http://www.bsnpr.com:80/jug05.asp?r3=FSWWD&r2=462776RX2V&r=00124&e=,ISABELA,2026-09-10T01:56:03Z
808,2002,,22,164,https://web.archive.org/web/20091004045524id_/http://www.bsnpr.com:80/jugadores/jugador.asp?id=808&e=,https://web.archive.org/web/20061006123158id_/http://www.bsnpr.com:80/jug05.asp?r3=FSWWD&r2=462776RX2V&r=00124&e=,CAYEY,2026-09-10T01:56:03Z
808,2002,piratas_quebradillas,8,33,https://web.archive.org/web/20091004045524id_/http://www.bsnpr.com:80/jugadores/jugador.asp?id=808&e=,https://web.archive.org/web/20061006123158id_/http://www.bsnpr.com:80/jug05.asp?r3=FSWWD&r2=462776RX2V&r=00124&e=,QUEBRADILLAS,2026-09-10T01:56:03Z
808,2003,piratas_quebradillas,29,206,https://web.archive.org/web/20091004045524id_/http://www.bsnpr.com:80/jugadores/jugador.asp?id=808&e=,https://web.archive.org/web/20061006123158id_/http://www.bsnpr.com:80/jug05.asp?r3=FSWWD&r2=462776RX2V&r=00124&e=,QUEBRADILLAS,2026-09-10T01:56:03Z
808,2004,indios_mayaguez,25,122,https://web.archive.org/web/20091004045524id_/http://www.bsnpr.com:80/jugadores/jugador.asp?id=808&e=,https://web.archive.org/web/20061006123158id_/http://www.bsnpr.com:80/jug05.asp?r3=FSWWD&r2=462776RX2V&r=00124&e=,MAYAGUEZ,2026-09-10T01:56:03Z
869,2000,capitanes_arecibo,5,12,https://web.archive.org/web/20140122201124id_/http://www.bsnpr.com:80/jugadores/jugador.asp?id=869&e=,https://web.archive.org/web/20061119225600id_/http://www.bsnpr.com/jug05.asp?r2=ASSATNJVES&r3=CTXLO&r=00058&e=GUAYNABO,ARECIBO,2026-09-10T02:01:50Z
869,2001,gigantes_carolina,14,24,https://web.archive.org/web/20140122201124id_/http://www.bsnpr.com:80/jugadores/jugador.asp?id=869&e=,https://web.archive.org/web/20061119225600id_/http://www.bsnpr.com/jug05.asp?r2=ASSATNJVES&r3=CTXLO&r=00058&e=GUAYNABO,CAROLINA,2026-09-10T02:01:50Z
869,2002,gigantes_carolina,19,40,https://web.archive.org/web/20140122201124id_/http://www.bsnpr.com:80/jugadores/jugador.asp?id=869&e=,https://web.archive.org/web/20061119225600id_/http://www.bsnpr.com/jug05.asp?r2=ASSATNJVES&r3=CTXLO&r=00058&e=GUAYNABO,CAROLINA,2026-09-10T02:01:50Z
932,2003,gigantes_carolina,8,65,https://web.archive.org/web/20110717025736id_/http://www.bsnpr.com:80/jugadores/jugador.asp?id=932&e=2,https://web.archive.org/web/20061206190209id_/http://www.bsnpr.com:80/jug05.asp?r3=00062&r2=462686RWYV&r=00066&e=,CAROLINA,2026-09-10T02:04:09Z
932,2004,gigantes_carolina,6,47,https://web.archive.org/web/20110717025736id_/http://www.bsnpr.com:80/jugadores/jugador.asp?id=932&e=2,https://web.archive.org/web/20061206190209id_/http://www.bsnpr.com:80/jug05.asp?r3=00062&r2=462686RWYV&r=00066&e=,CAROLINA,2026-09-10T02:04:09Z
952,2002,indios_mayaguez,2,3,https://web.archive.org/web/20130428001411id_/http://www.bsnpr.com:80/jugadores/jugador.asp?id=952&e=,https://web.archive.org/web/20050927081426id_/http://www.bsnpr.com:80/jug05.asp?r2=462696RWZ9&r=00078&e=ISABELA,MAYAGUEZ,2026-09-10T01:52:03Z
985,1999,gallitos_isabela,24,222,https://web.archive.org/web/20090110024201id_/http://www.bsnpr.com:80/jugadores/jugador.asp?id=985&e=,https://web.archive.org/web/20050929224515id_/http://www.bsnpr.com:80/jug05.asp?r2=462676RWYG&r=00040&e=BAYAMON,ISABELA,2026-09-10T01:49:57Z
985,2000,titanes_morovis,5,41,https://web.archive.org/web/20090110024201id_/http://www.bsnpr.com:80/jugadores/jugador.asp?id=985&e=,https://web.archive.org/web/20050929224515id_/http://www.bsnpr.com:80/jug05.asp?r2=462676RWYG&r=00040&e=BAYAMON,MOROVIS,2026-09-10T01:49:57Z
985,2002,vaqueros_bayamon,1,4,https://web.archive.org/web/20090110024201id_/http://www.bsnpr.com:80/jugadores/jugador.asp?id=985&e=,https://web.archive.org/web/20050929224515id_/http://www.bsnpr.com:80/jug05.asp?r2=462676RWYG&r=00040&e=BAYAMON,BAYAMON,2026-09-10T01:49:57Z
985,2003,maratonistas_coamo,24,195,https://web.archive.org/web/20090110024201id_/http://www.bsnpr.com:80/jugadores/jugador.asp?id=985&e=,https://web.archive.org/web/20050929224515id_/http://www.bsnpr.com:80/jug05.asp?r2=462676RWYG&r=00040&e=BAYAMON,COAMO,2026-09-10T01:49:57Z
985,2004,maratonistas_coamo,30,251,https://web.archive.org/web/20090110024201id_/http://www.bsnpr.com:80/jugadores/jugador.asp?id=985&e=,https://web.archive.org/web/20050929224515id_/http://www.bsnpr.com:80/jug05.asp?r2=462676RWYG&r=00040&e=BAYAMON,COAMO,2026-09-10T01:49:57Z
986,2002,capitanes_arecibo,7,160,https://web.archive.org/web/20090110115043id_/http://www.bsnpr.com:80/jugadores/jugador.asp?id=986&e=,https://web.archive.org/web/20050922135649id_/http://www.bsnpr.com:80/jug05.asp?r2=462736RX0S&r=00145&e=BAYAMON,ARECIBO,2026-09-10T01:47:41Z
986,2003,gallitos_isabela,8,68,https://web.archive.org/web/20090110115043id_/http://www.bsnpr.com:80/jugadores/jugador.asp?id=986&e=,https://web.archive.org/web/20050922135649id_/http://www.bsnpr.com:80/jug05.asp?r2=462736RX0S&r=00145&e=BAYAMON,ISABELA,2026-09-10T01:47:41Z
986,2004,gigantes_carolina,28,536,https://web.archive.org/web/20090110115043id_/http://www.bsnpr.com:80/jugadores/jugador.asp?id=986&e=,https://web.archive.org/web/20050922135649id_/http://www.bsnpr.com:80/jug05.asp?r2=462736RX0S&r=00145&e=BAYAMON,CAROLINA,2026-09-10T01:47:41Z
986,2005,capitanes_arecibo,4,19,https://web.archive.org/web/20090110115043id_/http://www.bsnpr.com:80/jugadores/jugador.asp?id=986&e=,https://web.archive.org/web/20050922135649id_/http://www.bsnpr.com:80/jug05.asp?r2=462736RX0S&r=00145&e=BAYAMON,ARECIBO,2026-09-10T01:47:41Z
989,1987,brujos_guayama,24,573,https://web.archive.org/web/20070825200128id_/http://www.bsnpr.com:80/jugadores/jugador.asp?id=989&e=,https://web.archive.org/web/20060618111039id_/http://www.bsnpr.com:80/jug05.asp?r=00156,GUAYAMA,2026-09-10T02:01:21Z
989,1988,brujos_guayama,33,787,https://web.archive.org/web/20070825200128id_/http://www.bsnpr.com:80/jugadores/jugador.asp?id=989&e=,https://web.archive.org/web/20060618111039id_/http://www.bsnpr.com:80/jug05.asp?r=00156,GUAYAMA,2026-09-10T02:01:21Z
989,1989,brujos_guayama,30,643,https://web.archive.org/web/20070825200128id_/http://www.bsnpr.com:80/jugadores/jugador.asp?id=989&e=,https://web.archive.org/web/20060618111039id_/http://www.bsnpr.com:80/jug05.asp?r=00156,GUAYAMA,2026-09-10T02:01:21Z
989,1990,brujos_guayama,30,685,https://web.archive.org/web/20070825200128id_/http://www.bsnpr.com:80/jugadores/jugador.asp?id=989&e=,https://web.archive.org/web/20060618111039id_/http://www.bsnpr.com:80/jug05.asp?r=00156,GUAYAMA,2026-09-10T02:01:21Z
989,1991,brujos_guayama,30,681,https://web.archive.org/web/20070825200128id_/http://www.bsnpr.com:80/jugadores/jugador.asp?id=989&e=,https://web.archive.org/web/20060618111039id_/http://www.bsnpr.com:80/jug05.asp?r=00156,GUAYAMA,2026-09-10T02:01:21Z
989,1992,brujos_guayama,22,448,https://web.archive.org/web/20070825200128id_/http://www.bsnpr.com:80/jugadores/jugador.asp?id=989&e=,https://web.archive.org/web/20060618111039id_/http://www.bsnpr.com:80/jug05.asp?r=00156,GUAYAMA,2026-09-10T02:01:21Z
989,1993,brujos_guayama,32,682,https://web.archive.org/web/20070825200128id_/http://www.bsnpr.com:80/jugadores/jugador.asp?id=989&e=,https://web.archive.org/web/20060618111039id_/http://www.bsnpr.com:80/jug05.asp?r=00156,GUAYAMA,2026-09-10T02:01:21Z
989,1994,brujos_guayama,30,674,https://web.archive.org/web/20070825200128id_/http://www.bsnpr.com:80/jugadores/jugador.asp?id=989&e=,https://web.archive.org/web/20060618111039id_/http://www.bsnpr.com:80/jug05.asp?r=00156,GUAYAMA,2026-09-10T02:01:21Z
989,1995,brujos_guayama,17,312,https://web.archive.org/web/20070825200128id_/http://www.bsnpr.com:80/jugadores/jugador.asp?id=989&e=,https://web.archive.org/web/20060618111039id_/http://www.bsnpr.com:80/jug05.asp?r=00156,GUAYAMA,2026-09-10T02:01:21Z
989,1996,brujos_guayama,34,691,https://web.archive.org/web/20070825200128id_/http://www.bsnpr.com:80/jugadores/jugador.asp?id=989&e=,https://web.archive.org/web/20060618111039id_/http://www.bsnpr.com:80/jug05.asp?r=00156,GUAYAMA,2026-09-10T02:01:21Z
989,1997,brujos_guayama,28,580,https://web.archive.org/web/20070825200128id_/http://www.bsnpr.com:80/jugadores/jugador.asp?id=989&e=,https://web.archive.org/web/20060618111039id_/http://www.bsnpr.com:80/jug05.asp?r=00156,GUAYAMA,2026-09-10T02:01:21Z
989,1998,brujos_guayama,30,587,https://web.archive.org/web/20070825200128id_/http://www.bsnpr.com:80/jugadores/jugador.asp?id=989&e=,https://web.archive.org/web/20060618111039id_/http://www.bsnpr.com:80/jug05.asp?r=00156,GUAYAMA,2026-09-10T02:01:21Z
989,1999,brujos_guayama,28,486,https://web.archive.org/web/20070825200128id_/http://www.bsnpr.com:80/jugadores/jugador.asp?id=989&e=,https://web.archive.org/web/20060618111039id_/http://www.bsnpr.com:80/jug05.asp?r=00156,GUAYAMA,2026-09-10T02:01:21Z
989,2000,brujos_guayama,28,564,https://web.archive.org/web/20070825200128id_/http://www.bsnpr.com:80/jugadores/jugador.asp?id=989&e=,https://web.archive.org/web/20060618111039id_/http://www.bsnpr.com:80/jug05.asp?r=00156,GUAYAMA,2026-09-10T02:01:21Z
989,2001,brujos_guayama,14,307,https://web.archive.org/web/20070825200128id_/http://www.bsnpr.com:80/jugadores/jugador.asp?id=989&e=,https://web.archive.org/web/20060618111039id_/http://www.bsnpr.com:80/jug05.asp?r=00156,GUAYAMA,2026-09-10T02:01:21Z
989,2002,criollos_caguas,30,450,https://web.archive.org/web/20070825200128id_/http://www.bsnpr.com:80/jugadores/jugador.asp?id=989&e=,https://web.archive.org/web/20060618111039id_/http://www.bsnpr.com:80/jug05.asp?r=00156,CAGUAS,2026-09-10T02:01:21Z
989,2003,criollos_caguas,30,424,https://web.archive.org/web/20070825200128id_/http://www.bsnpr.com:80/jugadores/jugador.asp?id=989&e=,https://web.archive.org/web/20060618111039id_/http://www.bsnpr.com:80/jug05.asp?r=00156,CAGUAS,2026-09-10T02:01:21Z
989,2004,capitanes_arecibo,30,215,https://web.archive.org/web/20070825200128id_/http://www.bsnpr.com:80/jugadores/jugador.asp?id=989&e=,https://web.archive.org/web/20060618111039id_/http://www.bsnpr.com:80/jug05.asp?r=00156,ARECIBO,2026-09-10T02:01:21Z
1011,1987,leones_ponce,19,87,https://web.archive.org/web/20190210044842id_/https://www.bsnpr.com/jugadores/jugador.asp?id=1011&e,https://web.archive.org/web/20060618110943id_/http://www.bsnpr.com:80/jug05.asp?r=00094,PONCE,2026-09-10T02:00:39Z
1011,1988,leones_ponce,30,183,https://web.archive.org/web/20190210044842id_/https://www.bsnpr.com/jugadores/jugador.asp?id=1011&e,https://web.archive.org/web/20060618110943id_/http://www.bsnpr.com:80/jug05.asp?r=00094,PONCE,2026-09-10T02:00:39Z
1011,1989,leones_ponce,30,377,https://web.archive.org/web/20190210044842id_/https://www.bsnpr.com/jugadores/jugador.asp?id=1011&e,https://web.archive.org/web/20060618110943id_/http://www.bsnpr.com:80/jug05.asp?r=00094,PONCE,2026-09-10T02:00:39Z
1011,1990,leones_ponce,24,286,https://web.archive.org/web/20190210044842id_/https://www.bsnpr.com/jugadores/jugador.asp?id=1011&e,https://web.archive.org/web/20060618110943id_/http://www.bsnpr.com:80/jug05.asp?r=00094,PONCE,2026-09-10T02:00:39Z
1011,1991,leones_ponce,30,419,https://web.archive.org/web/20190210044842id_/https://www.bsnpr.com/jugadores/jugador.asp?id=1011&e,https://web.archive.org/web/20060618110943id_/http://www.bsnpr.com:80/jug05.asp?r=00094,PONCE,2026-09-10T02:00:39Z
1011,1992,leones_ponce,21,329,https://web.archive.org/web/20190210044842id_/https://www.bsnpr.com/jugadores/jugador.asp?id=1011&e,https://web.archive.org/web/20060618110943id_/http://www.bsnpr.com:80/jug05.asp?r=00094,PONCE,2026-09-10T02:00:39Z
1011,1993,leones_ponce,34,617,https://web.archive.org/web/20190210044842id_/https://www.bsnpr.com/jugadores/jugador.asp?id=1011&e,https://web.archive.org/web/20060618110943id_/http://www.bsnpr.com:80/jug05.asp?r=00094,PONCE,2026-09-10T02:00:39Z
1011,1994,leones_ponce,26,384,https://web.archive.org/web/20190210044842id_/https://www.bsnpr.com/jugadores/jugador.asp?id=1011&e,https://web.archive.org/web/20060618110943id_/http://www.bsnpr.com:80/jug05.asp?r=00094,PONCE,2026-09-10T02:00:39Z
1011,1995,leones_ponce,16,268,https://web.archive.org/web/20190210044842id_/https://www.bsnpr.com/jugadores/jugador.asp?id=1011&e,https://web.archive.org/web/20060618110943id_/http://www.bsnpr.com:80/jug05.asp?r=00094,PONCE,2026-09-10T02:00:39Z
1011,1996,leones_ponce,33,504,https://web.archive.org/web/20190210044842id_/https://www.bsnpr.com/jugadores/jugador.asp?id=1011&e,https://web.archive.org/web/20060618110943id_/http://www.bsnpr.com:80/jug05.asp?r=00094,PONCE,2026-09-10T02:00:39Z
1011,1997,leones_ponce,28,472,https://web.archive.org/web/20190210044842id_/https://www.bsnpr.com/jugadores/jugador.asp?id=1011&e,https://web.archive.org/web/20060618110943id_/http://www.bsnpr.com:80/jug05.asp?r=00094,PONCE,2026-09-10T02:00:39Z
1011,1998,leones_ponce,30,475,https://web.archive.org/web/20190210044842id_/https://www.bsnpr.com/jugadores/jugador.asp?id=1011&e,https://web.archive.org/web/20060618110943id_/http://www.bsnpr.com:80/jug05.asp?r=00094,PONCE,2026-09-10T02:00:39Z
1011,2000,leones_ponce,18,195,https://web.archive.org/web/20190210044842id_/https://www.bsnpr.com/jugadores/jugador.asp?id=1011&e,https://web.archive.org/web/20060618110943id_/http://www.bsnpr.com:80/jug05.asp?r=00094,PONCE,2026-09-10T02:00:39Z
1011,2004,leones_ponce,29,324,https://web.archive.org/web/20190210044842id_/https://www.bsnpr.com/jugadores/jugador.asp?id=1011&e,https://web.archive.org/web/20060618110943id_/http://www.bsnpr.com:80/jug05.asp?r=00094,PONCE,2026-09-10T02:00:39Z
1025,1998,cangrejeros_santurce,14,32,https://web.archive.org/web/20140122195610id_/http://www.bsnpr.com:80/jugadores/jugador.asp?id=1025&e=,https://web.archive.org/web/20070404014307id_/http://www.bsnpr.com:80/jug05.asp?r3=00251&r2=462786RX3D&r=00103&e=,SANTURCE,2026-09-10T02:11:01Z
1025,1999,cangrejeros_santurce,24,82,https://web.archive.org/web/20140122195610id_/http://www.bsnpr.com:80/jugadores/jugador.asp?id=1025&e=,https://web.archive.org/web/20070404014307id_/http://www.bsnpr.com:80/jug05.asp?r3=00251&r2=462786RX3D&r=00103&e=,SANTURCE,2026-09-10T02:11:01Z
1025,2000,cangrejeros_santurce,15,32,https://web.archive.org/web/20140122195610id_/http://www.bsnpr.com:80/jugadores/jugador.asp?id=1025&e=,https://web.archive.org/web/20070404014307id_/http://www.bsnpr.com:80/jug05.asp?r3=00251&r2=462786RX3D&r=00103&e=,SANTURCE,2026-09-10T02:11:01Z
1025,2004,cangrejeros_santurce,30,201,https://web.archive.org/web/20140122195610id_/http://www.bsnpr.com:80/jugadores/jugador.asp?id=1025&e=,https://web.archive.org/web/20070404014307id_/http://www.bsnpr.com:80/jug05.asp?r3=00251&r2=462786RX3D&r=00103&e=,SANTURCE,2026-09-10T02:11:01Z
1063,1992,gigantes_carolina,17,42,https://web.archive.org/web/20090110181606id_/http://www.bsnpr.com:80/jugadores/jugador.asp?id=1063&e=,https://web.archive.org/web/20061119225540id_/http://www.bsnpr.com/jug05.asp?r2=462766RX2G&r3=00216&r=00093&e=GUAYNABO,CAROLINA,2026-09-10T01:56:13Z
1063,1993,gigantes_carolina,30,363,https://web.archive.org/web/20090110181606id_/http://www.bsnpr.com:80/jugadores/jugador.asp?id=1063&e=,https://web.archive.org/web/20061119225540id_/http://www.bsnpr.com/jug05.asp?r2=462766RX2G&r3=00216&r=00093&e=GUAYNABO,CAROLINA,2026-09-10T01:56:13Z
1063,1994,capitalinos_san_juan,26,366,https://web.archive.org/web/20090110181606id_/http://www.bsnpr.com:80/jugadores/jugador.asp?id=1063&e=,https://web.archive.org/web/20061119225540id_/http://www.bsnpr.com/jug05.asp?r2=462766RX2G&r3=00216&r=00093&e=GUAYNABO,SAN JUAN,2026-09-10T01:56:13Z
1063,1995,gigantes_carolina,31,790,https://web.archive.org/web/20090110181606id_/http://www.bsnpr.com:80/jugadores/jugador.asp?id=1063&e=,https://web.archive.org/web/20061119225540id_/http://www.bsnpr.com/jug05.asp?r2=462766RX2G&r3=00216&r=00093&e=GUAYNABO,CAROLINA,2026-09-10T01:56:13Z
1063,1996,gigantes_carolina,26,487,https://web.archive.org/web/20090110181606id_/http://www.bsnpr.com:80/jugadores/jugador.asp?id=1063&e=,https://web.archive.org/web/20061119225540id_/http://www.bsnpr.com/jug05.asp?r2=462766RX2G&r3=00216&r=00093&e=GUAYNABO,CAROLINA,2026-09-10T01:56:13Z
1063,1997,capitanes_arecibo,32,455,https://web.archive.org/web/20090110181606id_/http://www.bsnpr.com:80/jugadores/jugador.asp?id=1063&e=,https://web.archive.org/web/20061119225540id_/http://www.bsnpr.com/jug05.asp?r2=462766RX2G&r3=00216&r=00093&e=GUAYNABO,ARECIBO,2026-09-10T01:56:13Z
1063,1998,atleticos_san_german,28,454,https://web.archive.org/web/20090110181606id_/http://www.bsnpr.com:80/jugadores/jugador.asp?id=1063&e=,https://web.archive.org/web/20061119225540id_/http://www.bsnpr.com/jug05.asp?r2=462766RX2G&r3=00216&r=00093&e=GUAYNABO,SAN GERMAN,2026-09-10T01:56:13Z
1063,1999,atleticos_san_german,32,380,https://web.archive.org/web/20090110181606id_/http://www.bsnpr.com:80/jugadores/jugador.asp?id=1063&e=,https://web.archive.org/web/20061119225540id_/http://www.bsnpr.com/jug05.asp?r2=462766RX2G&r3=00216&r=00093&e=GUAYNABO,SAN GERMAN,2026-09-10T01:56:13Z
1063,2000,piratas_quebradillas,28,434,https://web.archive.org/web/20090110181606id_/http://www.bsnpr.com:80/jugadores/jugador.asp?id=1063&e=,https://web.archive.org/web/20061119225540id_/http://www.bsnpr.com/jug05.asp?r2=462766RX2G&r3=00216&r=00093&e=GUAYNABO,QUEBRADILLAS,2026-09-10T01:56:13Z
1063,2002,piratas_quebradillas,30,462,https://web.archive.org/web/20090110181606id_/http://www.bsnpr.com:80/jugadores/jugador.asp?id=1063&e=,https://web.archive.org/web/20061119225540id_/http://www.bsnpr.com/jug05.asp?r2=462766RX2G&r3=00216&r=00093&e=GUAYNABO,QUEBRADILLAS,2026-09-10T01:56:13Z
1063,2003,piratas_quebradillas,25,327,https://web.archive.org/web/20090110181606id_/http://www.bsnpr.com:80/jugadores/jugador.asp?id=1063&e=,https://web.archive.org/web/20061119225540id_/http://www.bsnpr.com/jug05.asp?r2=462766RX2G&r3=00216&r=00093&e=GUAYNABO,QUEBRADILLAS,2026-09-10T01:56:13Z
1063,2004,leones_ponce,30,205,https://web.archive.org/web/20090110181606id_/http://www.bsnpr.com:80/jugadores/jugador.asp?id=1063&e=,https://web.archive.org/web/20061119225540id_/http://www.bsnpr.com/jug05.asp?r2=462766RX2G&r3=00216&r=00093&e=GUAYNABO,PONCE,2026-09-10T01:56:13Z
1064,2002,vaqueros_bayamon,13,169,https://web.archive.org/web/20140122195620id_/http://www.bsnpr.com:80/jugadores/jugador.asp?id=1064&e=,https://web.archive.org/web/20061215215345id_/http://www.bsnpr.com:80/jug05.asp?r3=YSKUU&r2=MJPRZLCMZJ&r=00016&e=,BAYAMON,2026-09-10T02:01:14Z
1064,2004,vaqueros_bayamon,4,52,https://web.archive.org/web/20140122195620id_/http://www.bsnpr.com:80/jugadores/jugador.asp?id=1064&e=,https://web.archive.org/web/20061215215345id_/http://www.bsnpr.com:80/jug05.asp?r3=YSKUU&r2=MJPRZLCMZJ&r=00016&e=,BAYAMON,2026-09-10T02:01:14Z
1127,1992,criollos_caguas,22,47,https://web.archive.org/web/20110412235156id_/http://www.bsnpr.com:80/jugadores/jugador.asp?id=1127&e=14,https://web.archive.org/web/20050924073312id_/http://www.bsnpr.com:80/jug05.asp?r2=462706RWZQ&r=00101&e=ARECIBO,CAGUAS,2026-09-10T01:47:56Z
1127,1993,criollos_caguas,34,256,https://web.archive.org/web/20110412235156id_/http://www.bsnpr.com:80/jugadores/jugador.asp?id=1127&e=14,https://web.archive.org/web/20050924073312id_/http://www.bsnpr.com:80/jug05.asp?r2=462706RWZQ&r=00101&e=ARECIBO,CAGUAS,2026-09-10T01:47:56Z
1127,1994,indios_mayaguez,30,322,https://web.archive.org/web/20110412235156id_/http://www.bsnpr.com:80/jugadores/jugador.asp?id=1127&e=14,https://web.archive.org/web/20050924073312id_/http://www.bsnpr.com:80/jug05.asp?r2=462706RWZQ&r=00101&e=ARECIBO,MAYAGUEZ,2026-09-10T01:47:56Z
1127,1995,indios_mayaguez,25,267,https://web.archive.org/web/20110412235156id_/http://www.bsnpr.com:80/jugadores/jugador.asp?id=1127&e=14,https://web.archive.org/web/20050924073312id_/http://www.bsnpr.com:80/jug05.asp?r2=462706RWZQ&r=00101&e=ARECIBO,MAYAGUEZ,2026-09-10T01:47:56Z
1127,1996,santeros_aguada,33,434,https://web.archive.org/web/20110412235156id_/http://www.bsnpr.com:80/jugadores/jugador.asp?id=1127&e=14,https://web.archive.org/web/20050924073312id_/http://www.bsnpr.com:80/jug05.asp?r2=462706RWZQ&r=00101&e=ARECIBO,AGUADA,2026-09-10T01:47:56Z
1127,1997,capitanes_arecibo,34,269,https://web.archive.org/web/20110412235156id_/http://www.bsnpr.com:80/jugadores/jugador.asp?id=1127&e=14,https://web.archive.org/web/20050924073312id_/http://www.bsnpr.com:80/jug05.asp?r2=462706RWZQ&r=00101&e=ARECIBO,ARECIBO,2026-09-10T01:47:56Z
1127,1998,capitanes_arecibo,30,279,https://web.archive.org/web/20110412235156id_/http://www.bsnpr.com:80/jugadores/jugador.asp?id=1127&e=14,https://web.archive.org/web/20050924073312id_/http://www.bsnpr.com:80/jug05.asp?r2=462706RWZQ&r=00101&e=ARECIBO,ARECIBO,2026-09-10T01:47:56Z
1127,1999,capitanes_arecibo,32,418,https://web.archive.org/web/20110412235156id_/http://www.bsnpr.com:80/jugadores/jugador.asp?id=1127&e=14,https://web.archive.org/web/20050924073312id_/http://www.bsnpr.com:80/jug05.asp?r2=462706RWZQ&r=00101&e=ARECIBO,ARECIBO,2026-09-10T01:47:56Z
1127,2000,capitanes_arecibo,28,392,https://web.archive.org/web/20110412235156id_/http://www.bsnpr.com:80/jugadores/jugador.asp?id=1127&e=14,https://web.archive.org/web/20050924073312id_/http://www.bsnpr.com:80/jug05.asp?r2=462706RWZQ&r=00101&e=ARECIBO,ARECIBO,2026-09-10T01:47:56Z
1127,2001,capitanes_arecibo,24,312,https://web.archive.org/web/20110412235156id_/http://www.bsnpr.com:80/jugadores/jugador.asp?id=1127&e=14,https://web.archive.org/web/20050924073312id_/http://www.bsnpr.com:80/jug05.asp?r2=462706RWZQ&r=00101&e=ARECIBO,ARECIBO,2026-09-10T01:47:56Z
1127,2002,vaqueros_bayamon,24,146,https://web.archive.org/web/20110412235156id_/http://www.bsnpr.com:80/jugadores/jugador.asp?id=1127&e=14,https://web.archive.org/web/20050924073312id_/http://www.bsnpr.com:80/jug05.asp?r2=462706RWZQ&r=00101&e=ARECIBO,BAYAMON,2026-09-10T01:47:56Z
1127,2003,vaqueros_bayamon,23,270,https://web.archive.org/web/20110412235156id_/http://www.bsnpr.com:80/jugadores/jugador.asp?id=1127&e=14,https://web.archive.org/web/20050924073312id_/http://www.bsnpr.com:80/jug05.asp?r2=462706RWZQ&r=00101&e=ARECIBO,BAYAMON,2026-09-10T01:47:56Z
1127,2004,vaqueros_bayamon,30,337,https://web.archive.org/web/20110412235156id_/http://www.bsnpr.com:80/jugadores/jugador.asp?id=1127&e=14,https://web.archive.org/web/20050924073312id_/http://www.bsnpr.com:80/jug05.asp?r2=462706RWZQ&r=00101&e=ARECIBO,BAYAMON,2026-09-10T01:47:56Z
1234,2002,indios_mayaguez,14,39,https://web.archive.org/web/20190220003341id_/https://www.bsnpr.com/jugadores/jugador.asp?id=1234,https://web.archive.org/web/20060528213827id_/http://www.bsnpr.com:80/jug05.asp?r2=PVWYCJKBPH&r3=NBDGR&r=00600&e=SANTURCE,MAYAGUEZ,2026-09-10T02:01:07Z
1249,2004,piratas_quebradillas,23,329,https://web.archive.org/web/20090911012339id_/http://www.bsnpr.com:80/jugadores/jugador.asp?id=1249&e=,https://web.archive.org/web/20061206190511id_/http://www.bsnpr.com:80/jug05.asp?r2=MZVWRLQGJV&r3=RHHIP&r=00054&e=BAYAMON,QUEBRADILLAS,2026-09-10T01:56:59Z
1272,1992,brujos_guayama,12,12,https://web.archive.org/web/20091209192016id_/http://www.bsnpr.com:80/jugadores/jugador.asp?id=1272&e=,https://web.archive.org/web/20061206115330id_/http://www.bsnpr.com:80/jug05.asp?r3=00138&r2=462726RX0L&r=00046&e=,GUAYAMA,2026-09-10T01:54:34Z
1272,1993,brujos_guayama,25,73,https://web.archive.org/web/20091209192016id_/http://www.bsnpr.com:80/jugadores/jugador.asp?id=1272&e=,https://web.archive.org/web/20061206115330id_/http://www.bsnpr.com:80/jug05.asp?r3=00138&r2=462726RX0L&r=00046&e=,GUAYAMA,2026-09-10T01:54:34Z
1272,1994,brujos_guayama,30,220,https://web.archive.org/web/20091209192016id_/http://www.bsnpr.com:80/jugadores/jugador.asp?id=1272&e=,https://web.archive.org/web/20061206115330id_/http://www.bsnpr.com:80/jug05.asp?r3=00138&r2=462726RX0L&r=00046&e=,GUAYAMA,2026-09-10T01:54:34Z
1272,1995,brujos_guayama,32,244,https://web.archive.org/web/20091209192016id_/http://www.bsnpr.com:80/jugadores/jugador.asp?id=1272&e=,https://web.archive.org/web/20061206115330id_/http://www.bsnpr.com:80/jug05.asp?r3=00138&r2=462726RX0L&r=00046&e=,GUAYAMA,2026-09-10T01:54:34Z
1272,1996,brujos_guayama,32,164,https://web.archive.org/web/20091209192016id_/http://www.bsnpr.com:80/jugadores/jugador.asp?id=1272&e=,https://web.archive.org/web/20061206115330id_/http://www.bsnpr.com:80/jug05.asp?r3=00138&r2=462726RX0L&r=00046&e=,GUAYAMA,2026-09-10T01:54:34Z
1272,1997,brujos_guayama,32,214,https://web.archive.org/web/20091209192016id_/http://www.bsnpr.com:80/jugadores/jugador.asp?id=1272&e=,https://web.archive.org/web/20061206115330id_/http://www.bsnpr.com:80/jug05.asp?r3=00138&r2=462726RX0L&r=00046&e=,GUAYAMA,2026-09-10T01:54:34Z
1272,1998,brujos_guayama,28,145,https://web.archive.org/web/20091209192016id_/http://www.bsnpr.com:80/jugadores/jugador.asp?id=1272&e=,https://web.archive.org/web/20061206115330id_/http://www.bsnpr.com:80/jug05.asp?r3=00138&r2=462726RX0L&r=00046&e=,GUAYAMA,2026-09-10T01:54:34Z
1272,1999,brujos_guayama,30,281,https://web.archive.org/web/20091209192016id_/http://www.bsnpr.com:80/jugadores/jugador.asp?id=1272&e=,https://web.archive.org/web/20061206115330id_/http://www.bsnpr.com:80/jug05.asp?r3=00138&r2=462726RX0L&r=00046&e=,GUAYAMA,2026-09-10T01:54:34Z
1272,2000,brujos_guayama,28,195,https://web.archive.org/web/20091209192016id_/http://www.bsnpr.com:80/jugadores/jugador.asp?id=1272&e=,https://web.archive.org/web/20061206115330id_/http://www.bsnpr.com:80/jug05.asp?r3=00138&r2=462726RX0L&r=00046&e=,GUAYAMA,2026-09-10T01:54:34Z
1272,2001,brujos_guayama,26,352,https://web.archive.org/web/20091209192016id_/http://www.bsnpr.com:80/jugadores/jugador.asp?id=1272&e=,https://web.archive.org/web/20061206115330id_/http://www.bsnpr.com:80/jug05.asp?r3=00138&r2=462726RX0L&r=00046&e=,GUAYAMA,2026-09-10T01:54:34Z
1272,2002,gallitos_isabela,26,508,https://web.archive.org/web/20091209192016id_/http://www.bsnpr.com:80/jugadores/jugador.asp?id=1272&e=,https://web.archive.org/web/20061206115330id_/http://www.bsnpr.com:80/jug05.asp?r3=00138&r2=462726RX0L&r=00046&e=,ISABELA,2026-09-10T01:54:34Z
1272,2003,gallitos_isabela,30,465,https://web.archive.org/web/20091209192016id_/http://www.bsnpr.com:80/jugadores/jugador.asp?id=1272&e=,https://web.archive.org/web/20061206115330id_/http://www.bsnpr.com:80/jug05.asp?r3=00138&r2=462726RX0L&r=00046&e=,ISABELA,2026-09-10T01:54:34Z
1272,2004,gallitos_isabela,29,437,https://web.archive.org/web/20091209192016id_/http://www.bsnpr.com:80/jugadores/jugador.asp?id=1272&e=,https://web.archive.org/web/20061206115330id_/http://www.bsnpr.com:80/jug05.asp?r3=00138&r2=462726RX0L&r=00046&e=,ISABELA,2026-09-10T01:54:34Z
1279,2000,cangrejeros_santurce,2,0,https://web.archive.org/web/20070829041800id_/http://www.bsnpr.com:80/jugadores/jugador.asp?id=1279&e=,https://web.archive.org/web/20061206115532id_/http://www.bsnpr.com:80/jug05.asp?r3=00209&r2=462766RX2B&r=00125&e=,SANTURCE,2026-09-10T02:07:12Z
1279,2001,gigantes_carolina,26,156,https://web.archive.org/web/20070829041800id_/http://www.bsnpr.com:80/jugadores/jugador.asp?id=1279&e=,https://web.archive.org/web/20061206115532id_/http://www.bsnpr.com:80/jug05.asp?r3=00209&r2=462766RX2B&r=00125&e=,CAROLINA,2026-09-10T02:07:12Z
1279,2002,gigantes_carolina,30,258,https://web.archive.org/web/20070829041800id_/http://www.bsnpr.com:80/jugadores/jugador.asp?id=1279&e=,https://web.archive.org/web/20061206115532id_/http://www.bsnpr.com:80/jug05.asp?r3=00209&r2=462766RX2B&r=00125&e=,CAROLINA,2026-09-10T02:07:12Z
1279,2003,piratas_quebradillas,22,88,https://web.archive.org/web/20070829041800id_/http://www.bsnpr.com:80/jugadores/jugador.asp?id=1279&e=,https://web.archive.org/web/20061206115532id_/http://www.bsnpr.com:80/jug05.asp?r3=00209&r2=462766RX2B&r=00125&e=,QUEBRADILLAS,2026-09-10T02:07:12Z
1279,2004,piratas_quebradillas,30,457,https://web.archive.org/web/20070829041800id_/http://www.bsnpr.com:80/jugadores/jugador.asp?id=1279&e=,https://web.archive.org/web/20061206115532id_/http://www.bsnpr.com:80/jug05.asp?r3=00209&r2=462766RX2B&r=00125&e=,QUEBRADILLAS,2026-09-10T02:07:12Z
1284,2000,gigantes_carolina,15,45,https://web.archive.org/web/20080411054818id_/http://www.bsnpr.com:80/jugadores/jugador.asp?id=1284&e=,https://web.archive.org/web/20061119231056id_/http://www.bsnpr.com/jug05.asp?r2=462696RWZ6&r3=00075&r=00559&e=MOROVIS,CAROLINA,2026-09-10T01:54:51Z
1284,2001,titanes_morovis,19,80,https://web.archive.org/web/20080411054818id_/http://www.bsnpr.com:80/jugadores/jugador.asp?id=1284&e=,https://web.archive.org/web/20061119231056id_/http://www.bsnpr.com/jug05.asp?r2=462696RWZ6&r3=00075&r=00559&e=MOROVIS,MOROVIS,2026-09-10T01:54:51Z
1284,2003,gigantes_carolina,30,283,https://web.archive.org/web/20080411054818id_/http://www.bsnpr.com:80/jugadores/jugador.asp?id=1284&e=,https://web.archive.org/web/20061119231056id_/http://www.bsnpr.com/jug05.asp?r2=462696RWZ6&r3=00075&r=00559&e=MOROVIS,CAROLINA,2026-09-10T01:54:51Z
1284,2004,criollos_caguas,17,72,https://web.archive.org/web/20080411054818id_/http://www.bsnpr.com:80/jugadores/jugador.asp?id=1284&e=,https://web.archive.org/web/20061119231056id_/http://www.bsnpr.com/jug05.asp?r2=462696RWZ6&r3=00075&r=00559&e=MOROVIS,CAGUAS,2026-09-10T01:54:51Z
1284,2004,piratas_quebradillas,11,51,https://web.archive.org/web/20080411054818id_/http://www.bsnpr.com:80/jugadores/jugador.asp?id=1284&e=,https://web.archive.org/web/20061119231056id_/http://www.bsnpr.com/jug05.asp?r2=462696RWZ6&r3=00075&r=00559&e=MOROVIS,QUEBRADILLAS,2026-09-10T01:54:51Z
1286,1991,cariduros_fajardo,30,223,https://web.archive.org/web/20080228053258id_/http://www.bsnpr.com:80/jugadores/jugador.asp?id=1286&e=5,https://web.archive.org/web/20070404075323id_/http://www.bsnpr.com:80/jug05.asp?r3=00160&r2=462736RX14&r=00117&e=,FAJARDO,2026-09-10T02:10:26Z
1286,1992,cariduros_fajardo,33,306,https://web.archive.org/web/20080228053258id_/http://www.bsnpr.com:80/jugadores/jugador.asp?id=1286&e=5,https://web.archive.org/web/20070404075323id_/http://www.bsnpr.com:80/jug05.asp?r3=00160&r2=462736RX14&r=00117&e=,FAJARDO,2026-09-10T02:10:26Z
1286,1993,cariduros_fajardo,32,367,https://web.archive.org/web/20080228053258id_/http://www.bsnpr.com:80/jugadores/jugador.asp?id=1286&e=5,https://web.archive.org/web/20070404075323id_/http://www.bsnpr.com:80/jug05.asp?r3=00160&r2=462736RX14&r=00117&e=,FAJARDO,2026-09-10T02:10:26Z
1286,1994,cariduros_fajardo,28,403,https://web.archive.org/web/20080228053258id_/http://www.bsnpr.com:80/jugadores/jugador.asp?id=1286&e=5,https://web.archive.org/web/20070404075323id_/http://www.bsnpr.com:80/jug05.asp?r3=00160&r2=462736RX14&r=00117&e=,FAJARDO,2026-09-10T02:10:26Z
1286,1995,cariduros_fajardo,32,418,https://web.archive.org/web/20080228053258id_/http://www.bsnpr.com:80/jugadores/jugador.asp?id=1286&e=5,https://web.archive.org/web/20070404075323id_/http://www.bsnpr.com:80/jug05.asp?r3=00160&r2=462736RX14&r=00117&e=,FAJARDO,2026-09-10T02:10:26Z
1286,1996,cariduros_fajardo,34,420,https://web.archive.org/web/20080228053258id_/http://www.bsnpr.com:80/jugadores/jugador.asp?id=1286&e=5,https://web.archive.org/web/20070404075323id_/http://www.bsnpr.com:80/jug05.asp?r3=00160&r2=462736RX14&r=00117&e=,FAJARDO,2026-09-10T02:10:26Z
1286,1997,cariduros_fajardo,28,325,https://web.archive.org/web/20080228053258id_/http://www.bsnpr.com:80/jugadores/jugador.asp?id=1286&e=5,https://web.archive.org/web/20070404075323id_/http://www.bsnpr.com:80/jug05.asp?r3=00160&r2=462736RX14&r=00117&e=,FAJARDO,2026-09-10T02:10:26Z
1286,1998,leones_ponce,30,222,https://web.archive.org/web/20080228053258id_/http://www.bsnpr.com:80/jugadores/jugador.asp?id=1286&e=5,https://web.archive.org/web/20070404075323id_/http://www.bsnpr.com:80/jug05.asp?r3=00160&r2=462736RX14&r=00117&e=,PONCE,2026-09-10T02:10:26Z
1286,1999,leones_ponce,32,168,https://web.archive.org/web/20080228053258id_/http://www.bsnpr.com:80/jugadores/jugador.asp?id=1286&e=5,https://web.archive.org/web/20070404075323id_/http://www.bsnpr.com:80/jug05.asp?r3=00160&r2=462736RX14&r=00117&e=,PONCE,2026-09-10T02:10:26Z
1286,2000,polluelos_aibonito,28,323,https://web.archive.org/web/20080228053258id_/http://www.bsnpr.com:80/jugadores/jugador.asp?id=1286&e=5,https://web.archive.org/web/20070404075323id_/http://www.bsnpr.com:80/jug05.asp?r3=00160&r2=462736RX14&r=00117&e=,AIBONITO,2026-09-10T02:10:26Z
1286,2002,,18,138,https://web.archive.org/web/20080228053258id_/http://www.bsnpr.com:80/jugadores/jugador.asp?id=1286&e=5,https://web.archive.org/web/20070404075323id_/http://www.bsnpr.com:80/jug05.asp?r3=00160&r2=462736RX14&r=00117&e=,CAYEY,2026-09-10T02:10:26Z
1286,2003,indios_mayaguez,22,27,https://web.archive.org/web/20080228053258id_/http://www.bsnpr.com:80/jugadores/jugador.asp?id=1286&e=5,https://web.archive.org/web/20070404075323id_/http://www.bsnpr.com:80/jug05.asp?r3=00160&r2=462736RX14&r=00117&e=,MAYAGUEZ,2026-09-10T02:10:26Z
1286,2004,leones_ponce,21,26,https://web.archive.org/web/20080228053258id_/http://www.bsnpr.com:80/jugadores/jugador.asp?id=1286&e=5,https://web.archive.org/web/20070404075323id_/http://www.bsnpr.com:80/jug05.asp?r3=00160&r2=462736RX14&r=00117&e=,PONCE,2026-09-10T02:10:26Z
1293,1993,criollos_caguas,26,160,https://web.archive.org/web/20090422185032id_/http://www.bsnpr.com:80/jugadores/jugador.asp?id=1293&e=9,https://web.archive.org/web/20061008162018id_/http://www.bsnpr.com:80/jug05.asp?r3=00162&r2=462746RX16&r=00011&e=,CAGUAS,2026-09-10T01:57:04Z
1293,1994,criollos_caguas,16,55,https://web.archive.org/web/20090422185032id_/http://www.bsnpr.com:80/jugadores/jugador.asp?id=1293&e=9,https://web.archive.org/web/20061008162018id_/http://www.bsnpr.com:80/jug05.asp?r3=00162&r2=462746RX16&r=00011&e=,CAGUAS,2026-09-10T01:57:04Z
1293,1995,criollos_caguas,31,227,https://web.archive.org/web/20090422185032id_/http://www.bsnpr.com:80/jugadores/jugador.asp?id=1293&e=9,https://web.archive.org/web/20061008162018id_/http://www.bsnpr.com:80/jug05.asp?r3=00162&r2=462746RX16&r=00011&e=,CAGUAS,2026-09-10T01:57:04Z
1293,1996,criollos_caguas,31,302,https://web.archive.org/web/20090422185032id_/http://www.bsnpr.com:80/jugadores/jugador.asp?id=1293&e=9,https://web.archive.org/web/20061008162018id_/http://www.bsnpr.com:80/jug05.asp?r3=00162&r2=462746RX16&r=00011&e=,CAGUAS,2026-09-10T01:57:04Z
1293,1997,criollos_caguas,32,329,https://web.archive.org/web/20090422185032id_/http://www.bsnpr.com:80/jugadores/jugador.asp?id=1293&e=9,https://web.archive.org/web/20061008162018id_/http://www.bsnpr.com:80/jug05.asp?r3=00162&r2=462746RX16&r=00011&e=,CAGUAS,2026-09-10T01:57:04Z
1293,1998,criollos_caguas,27,123,https://web.archive.org/web/20090422185032id_/http://www.bsnpr.com:80/jugadores/jugador.asp?id=1293&e=9,https://web.archive.org/web/20061008162018id_/http://www.bsnpr.com:80/jug05.asp?r3=00162&r2=462746RX16&r=00011&e=,CAGUAS,2026-09-10T01:57:04Z
1293,2000,criollos_caguas,25,120,https://web.archive.org/web/20090422185032id_/http://www.bsnpr.com:80/jugadores/jugador.asp?id=1293&e=9,https://web.archive.org/web/20061008162018id_/http://www.bsnpr.com:80/jug05.asp?r3=00162&r2=462746RX16&r=00011&e=,CAGUAS,2026-09-10T01:57:04Z
1293,2002,criollos_caguas,23,328,https://web.archive.org/web/20090422185032id_/http://www.bsnpr.com:80/jugadores/jugador.asp?id=1293&e=9,https://web.archive.org/web/20061008162018id_/http://www.bsnpr.com:80/jug05.asp?r3=00162&r2=462746RX16&r=00011&e=,CAGUAS,2026-09-10T01:57:04Z
1293,2003,criollos_caguas,10,98,https://web.archive.org/web/20090422185032id_/http://www.bsnpr.com:80/jugadores/jugador.asp?id=1293&e=9,https://web.archive.org/web/20061008162018id_/http://www.bsnpr.com:80/jug05.asp?r3=00162&r2=462746RX16&r=00011&e=,CAGUAS,2026-09-10T01:57:04Z
1293,2003,indios_mayaguez,20,116,https://web.archive.org/web/20090422185032id_/http://www.bsnpr.com:80/jugadores/jugador.asp?id=1293&e=9,https://web.archive.org/web/20061008162018id_/http://www.bsnpr.com:80/jug05.asp?r3=00162&r2=462746RX16&r=00011&e=,MAYAGUEZ,2026-09-10T01:57:04Z
1293,2004,indios_mayaguez,26,383,https://web.archive.org/web/20090422185032id_/http://www.bsnpr.com:80/jugadores/jugador.asp?id=1293&e=9,https://web.archive.org/web/20061008162018id_/http://www.bsnpr.com:80/jug05.asp?r3=00162&r2=462746RX16&r=00011&e=,MAYAGUEZ,2026-09-10T01:57:04Z
1385,2003,gallitos_isabela,3,1,https://web.archive.org/web/20130428000839id_/http://www.bsnpr.com:80/jugadores/jugador.asp?id=1385&e=,https://web.archive.org/web/20061119231113id_/http://www.bsnpr.com/jug05.asp?r2=462726RX0H&r3=00133&r=00501&e=MOROVIS,ISABELA,2026-09-10T01:54:45Z
1385,2004,,17,69,https://web.archive.org/web/20130428000839id_/http://www.bsnpr.com:80/jugadores/jugador.asp?id=1385&e=,https://web.archive.org/web/20061119231113id_/http://www.bsnpr.com/jug05.asp?r2=462726RX0H&r3=00133&r=00501&e=MOROVIS,CAYEY,2026-09-10T01:54:45Z
1411,2004,gallitos_isabela,17,270,https://web.archive.org/web/20160214153825id_/http://bsnpr.com/jugadores/jugador.asp?id=1411,https://web.archive.org/web/20060618110535id_/http://www.bsnpr.com:80/jug05.asp?r=00500,ISABELA,2026-09-10T01:55:12Z
1429,2004,,17,412,https://web.archive.org/web/20090429221318id_/http://www.bsnpr.com:80/jugadores/jugador.asp?id=1429&e=14,https://web.archive.org/web/20070223161647id_/http://www.bsnpr.com:80/jug05.asp?r=00151,CAYEY,2026-09-10T02:10:53Z
1429,2004,indios_mayaguez,5,101,https://web.archive.org/web/20090429221318id_/http://www.bsnpr.com:80/jugadores/jugador.asp?id=1429&e=14,https://web.archive.org/web/20070223161647id_/http://www.bsnpr.com:80/jug05.asp?r=00151,MAYAGUEZ,2026-09-10T02:10:53Z
1442,1997,vaqueros_bayamon,15,111,https://web.archive.org/web/20070828230728id_/http://www.bsnpr.com:80/jugadores/jugador.asp?id=1442&e=,https://web.archive.org/web/20050409232452id_/http://www.bsnpr.com:80/jug05.asp?r2=462686RWYW&r=00063&e=CAROLINA,BAYAMON,2026-09-10T01:48:11Z
1442,1998,vaqueros_bayamon,28,298,https://web.archive.org/web/20070828230728id_/http://www.bsnpr.com:80/jugadores/jugador.asp?id=1442&e=,https://web.archive.org/web/20050409232452id_/http://www.bsnpr.com:80/jug05.asp?r2=462686RWYW&r=00063&e=CAROLINA,BAYAMON,2026-09-10T01:48:11Z
1442,1999,vaqueros_bayamon,29,353,https://web.archive.org/web/20070828230728id_/http://www.bsnpr.com:80/jugadores/jugador.asp?id=1442&e=,https://web.archive.org/web/20050409232452id_/http://www.bsnpr.com:80/jug05.asp?r2=462686RWYW&r=00063&e=CAROLINA,BAYAMON,2026-09-10T01:48:11Z
1442,2000,vaqueros_bayamon,24,456,https://web.archive.org/web/20070828230728id_/http://www.bsnpr.com:80/jugadores/jugador.asp?id=1442&e=,https://web.archive.org/web/20050409232452id_/http://www.bsnpr.com:80/jug05.asp?r2=462686RWYW&r=00063&e=CAROLINA,BAYAMON,2026-09-10T01:48:11Z
1442,2002,,9,154,https://web.archive.org/web/20070828230728id_/http://www.bsnpr.com:80/jugadores/jugador.asp?id=1442&e=,https://web.archive.org/web/20050409232452id_/http://www.bsnpr.com:80/jug05.asp?r2=462686RWYW&r=00063&e=CAROLINA,CAYEY,2026-09-10T01:48:11Z
1442,2002,atleticos_san_german,0,0,https://web.archive.org/web/20070828230728id_/http://www.bsnpr.com:80/jugadores/jugador.asp?id=1442&e=,https://web.archive.org/web/20050409232452id_/http://www.bsnpr.com:80/jug05.asp?r2=462686RWYW&r=00063&e=CAROLINA,SAN GERMAN,2026-09-10T01:48:11Z
1442,2003,indios_mayaguez,25,328,https://web.archive.org/web/20070828230728id_/http://www.bsnpr.com:80/jugadores/jugador.asp?id=1442&e=,https://web.archive.org/web/20050409232452id_/http://www.bsnpr.com:80/jug05.asp?r2=462686RWYW&r=00063&e=CAROLINA,MAYAGUEZ,2026-09-10T01:48:11Z
1442,2004,vaqueros_bayamon,14,95,https://web.archive.org/web/20070828230728id_/http://www.bsnpr.com:80/jugadores/jugador.asp?id=1442&e=,https://web.archive.org/web/20050409232452id_/http://www.bsnpr.com:80/jug05.asp?r2=462686RWYW&r=00063&e=CAROLINA,BAYAMON,2026-09-10T01:48:11Z
1462,1987,indios_canovanas,12,34,https://web.archive.org/web/20070829035055id_/http://www.bsnpr.com:80/jugadores/jugador.asp?id=1462&e=,https://web.archive.org/web/20061119230314id_/http://www.bsnpr.com/jug05.asp?r2=462676RWYH&r3=00041&r=00041&e=SAN%20GERMAN,CANOVANAS,2026-09-10T01:58:53Z
1462,1988,indios_canovanas,27,82,https://web.archive.org/web/20070829035055id_/http://www.bsnpr.com:80/jugadores/jugador.asp?id=1462&e=,https://web.archive.org/web/20061119230314id_/http://www.bsnpr.com/jug05.asp?r2=462676RWYH&r3=00041&r=00041&e=SAN%20GERMAN,CANOVANAS,2026-09-10T01:58:53Z
1462,1989,indios_canovanas,30,184,https://web.archive.org/web/20070829035055id_/http://www.bsnpr.com:80/jugadores/jugador.asp?id=1462&e=,https://web.archive.org/web/20061119230314id_/http://www.bsnpr.com/jug05.asp?r2=462676RWYH&r3=00041&r=00041&e=SAN%20GERMAN,CANOVANAS,2026-09-10T01:58:53Z
1462,1990,indios_canovanas,27,127,https://web.archive.org/web/20070829035055id_/http://www.bsnpr.com:80/jugadores/jugador.asp?id=1462&e=,https://web.archive.org/web/20061119230314id_/http://www.bsnpr.com/jug05.asp?r2=462676RWYH&r3=00041&r=00041&e=SAN%20GERMAN,CANOVANAS,2026-09-10T01:58:53Z
1462,1991,atleticos_san_german,30,334,https://web.archive.org/web/20070829035055id_/http://www.bsnpr.com:80/jugadores/jugador.asp?id=1462&e=,https://web.archive.org/web/20061119230314id_/http://www.bsnpr.com/jug05.asp?r2=462676RWYH&r3=00041&r=00041&e=SAN%20GERMAN,SAN GERMAN,2026-09-10T01:58:53Z
1462,1992,atleticos_san_german,33,542,https://web.archive.org/web/20070829035055id_/http://www.bsnpr.com:80/jugadores/jugador.asp?id=1462&e=,https://web.archive.org/web/20061119230314id_/http://www.bsnpr.com/jug05.asp?r2=462676RWYH&r3=00041&r=00041&e=SAN%20GERMAN,SAN GERMAN,2026-09-10T01:58:53Z
1462,1993,atleticos_san_german,33,398,https://web.archive.org/web/20070829035055id_/http://www.bsnpr.com:80/jugadores/jugador.asp?id=1462&e=,https://web.archive.org/web/20061119230314id_/http://www.bsnpr.com/jug05.asp?r2=462676RWYH&r3=00041&r=00041&e=SAN%20GERMAN,SAN GERMAN,2026-09-10T01:58:53Z
1462,1994,atleticos_san_german,26,246,https://web.archive.org/web/20070829035055id_/http://www.bsnpr.com:80/jugadores/jugador.asp?id=1462&e=,https://web.archive.org/web/20061119230314id_/http://www.bsnpr.com/jug05.asp?r2=462676RWYH&r3=00041&r=00041&e=SAN%20GERMAN,SAN GERMAN,2026-09-10T01:58:53Z
1462,1995,criollos_caguas,32,691,https://web.archive.org/web/20070829035055id_/http://www.bsnpr.com:80/jugadores/jugador.asp?id=1462&e=,https://web.archive.org/web/20061119230314id_/http://www.bsnpr.com/jug05.asp?r2=462676RWYH&r3=00041&r=00041&e=SAN%20GERMAN,CAGUAS,2026-09-10T01:58:53Z
1462,1996,criollos_caguas,34,753,https://web.archive.org/web/20070829035055id_/http://www.bsnpr.com:80/jugadores/jugador.asp?id=1462&e=,https://web.archive.org/web/20061119230314id_/http://www.bsnpr.com/jug05.asp?r2=462676RWYH&r3=00041&r=00041&e=SAN%20GERMAN,CAGUAS,2026-09-10T01:58:53Z
1462,1997,criollos_caguas,28,570,https://web.archive.org/web/20070829035055id_/http://www.bsnpr.com:80/jugadores/jugador.asp?id=1462&e=,https://web.archive.org/web/20061119230314id_/http://www.bsnpr.com/jug05.asp?r2=462676RWYH&r3=00041&r=00041&e=SAN%20GERMAN,CAGUAS,2026-09-10T01:58:53Z
1462,1998,criollos_caguas,23,276,https://web.archive.org/web/20070829035055id_/http://www.bsnpr.com:80/jugadores/jugador.asp?id=1462&e=,https://web.archive.org/web/20061119230314id_/http://www.bsnpr.com/jug05.asp?r2=462676RWYH&r3=00041&r=00041&e=SAN%20GERMAN,CAGUAS,2026-09-10T01:58:53Z
1462,1999,piratas_quebradillas,23,329,https://web.archive.org/web/20070829035055id_/http://www.bsnpr.com:80/jugadores/jugador.asp?id=1462&e=,https://web.archive.org/web/20061119230314id_/http://www.bsnpr.com/jug05.asp?r2=462676RWYH&r3=00041&r=00041&e=SAN%20GERMAN,QUEBRADILLAS,2026-09-10T01:58:53Z
1462,2000,piratas_quebradillas,10,55,https://web.archive.org/web/20070829035055id_/http://www.bsnpr.com:80/jugadores/jugador.asp?id=1462&e=,https://web.archive.org/web/20061119230314id_/http://www.bsnpr.com/jug05.asp?r2=462676RWYH&r3=00041&r=00041&e=SAN%20GERMAN,QUEBRADILLAS,2026-09-10T01:58:53Z
1462,2002,criollos_caguas,30,431,https://web.archive.org/web/20070829035055id_/http://www.bsnpr.com:80/jugadores/jugador.asp?id=1462&e=,https://web.archive.org/web/20061119230314id_/http://www.bsnpr.com/jug05.asp?r2=462676RWYH&r3=00041&r=00041&e=SAN%20GERMAN,CAGUAS,2026-09-10T01:58:53Z
1462,2003,criollos_caguas,30,378,https://web.archive.org/web/20070829035055id_/http://www.bsnpr.com:80/jugadores/jugador.asp?id=1462&e=,https://web.archive.org/web/20061119230314id_/http://www.bsnpr.com/jug05.asp?r2=462676RWYH&r3=00041&r=00041&e=SAN%20GERMAN,CAGUAS,2026-09-10T01:58:53Z
1462,2004,criollos_caguas,29,270,https://web.archive.org/web/20070829035055id_/http://www.bsnpr.com:80/jugadores/jugador.asp?id=1462&e=,https://web.archive.org/web/20061119230314id_/http://www.bsnpr.com/jug05.asp?r2=462676RWYH&r3=00041&r=00041&e=SAN%20GERMAN,CAGUAS,2026-09-10T01:58:53Z
1466,2004,vaqueros_bayamon,11,34,https://web.archive.org/web/20070829042851id_/http://www.bsnpr.com:80/jugadores/jugador.asp?id=1466&e=,https://web.archive.org/web/20050501060340id_/http://www.bsnpr.com:80/jug05.asp?r2=XVBVQZAAGU&r3=JYIEJ&e=BAYAMON,BAYAMON,2026-09-10T01:49:00Z
1497,2002,leones_ponce,10,45,https://web.archive.org/web/20100310231433id_/http://bsnpr.com:80/jugadores/jugador.asp?id=1497&e=7,https://web.archive.org/web/20070224021002id_/http://www.bsnpr.com:80/jug05.asp?r=00524,PONCE,2026-09-10T02:12:32Z
1498,2003,piratas_quebradillas,19,42,https://web.archive.org/web/20091209190556id_/http://www.bsnpr.com:80/jugadores/jugador.asp?id=1498&e=,https://web.archive.org/web/20061119231027id_/http://www.bsnpr.com/jug05.asp?r2=462776RX2U&r3=00230&r=00143&e=MOROVIS,QUEBRADILLAS,2026-09-10T02:03:36Z
1498,2004,criollos_caguas,10,10,https://web.archive.org/web/20091209190556id_/http://www.bsnpr.com:80/jugadores/jugador.asp?id=1498&e=,https://web.archive.org/web/20061119231027id_/http://www.bsnpr.com/jug05.asp?r2=462776RX2U&r3=00230&r=00143&e=MOROVIS,CAGUAS,2026-09-10T02:03:36Z
1512,1999,piratas_quebradillas,9,2,https://web.archive.org/web/20100227055903id_/http://www.bsnpr.com:80/jugadores/jugador.asp?id=1512&e=8,https://web.archive.org/web/20061119231048id_/http://www.bsnpr.com/jug05.asp?r2=462686RWYO&r3=00054&r=00089&e=MOROVIS,QUEBRADILLAS,2026-09-10T02:06:48Z
1512,2000,criollos_caguas,2,0,https://web.archive.org/web/20100227055903id_/http://www.bsnpr.com:80/jugadores/jugador.asp?id=1512&e=8,https://web.archive.org/web/20061119231048id_/http://www.bsnpr.com/jug05.asp?r2=462686RWYO&r3=00054&r=00089&e=MOROVIS,CAGUAS,2026-09-10T02:06:48Z
1512,2000,piratas_quebradillas,0,0,https://web.archive.org/web/20100227055903id_/http://www.bsnpr.com:80/jugadores/jugador.asp?id=1512&e=8,https://web.archive.org/web/20061119231048id_/http://www.bsnpr.com/jug05.asp?r2=462686RWYO&r3=00054&r=00089&e=MOROVIS,QUEBRADILLAS,2026-09-10T02:06:48Z
1512,2002,criollos_caguas,24,212,https://web.archive.org/web/20100227055903id_/http://www.bsnpr.com:80/jugadores/jugador.asp?id=1512&e=8,https://web.archive.org/web/20061119231048id_/http://www.bsnpr.com/jug05.asp?r2=462686RWYO&r3=00054&r=00089&e=MOROVIS,CAGUAS,2026-09-10T02:06:48Z
1512,2003,criollos_caguas,19,209,https://web.archive.org/web/20100227055903id_/http://www.bsnpr.com:80/jugadores/jugador.asp?id=1512&e=8,https://web.archive.org/web/20061119231048id_/http://www.bsnpr.com/jug05.asp?r2=462686RWYO&r3=00054&r=00089&e=MOROVIS,CAGUAS,2026-09-10T02:06:48Z
1512,2004,gallitos_isabela,6,43,https://web.archive.org/web/20100227055903id_/http://www.bsnpr.com:80/jugadores/jugador.asp?id=1512&e=8,https://web.archive.org/web/20061119231048id_/http://www.bsnpr.com/jug05.asp?r2=462686RWYO&r3=00054&r=00089&e=MOROVIS,ISABELA,2026-09-10T02:06:48Z
1550,2001,atleticos_san_german,0,0,https://web.archive.org/web/20170715113531id_/http://www.bsnpr.com:80/jugadores/jugador.asp?id=1550&e=,https://web.archive.org/web/20060528213655id_/http://www.bsnpr.com:80/jug05.asp?r2=462766RX2H&r3=00217&r=00529&e=SANTURCE,SAN GERMAN,2026-09-10T02:04:03Z
1550,2002,piratas_quebradillas,16,14,https://web.archive.org/web/20170715113531id_/http://www.bsnpr.com:80/jugadores/jugador.asp?id=1550&e=,https://web.archive.org/web/20060528213655id_/http://www.bsnpr.com:80/jug05.asp?r2=462766RX2H&r3=00217&r=00529&e=SANTURCE,QUEBRADILLAS,2026-09-10T02:04:03Z
1550,2003,piratas_quebradillas,0,0,https://web.archive.org/web/20170715113531id_/http://www.bsnpr.com:80/jugadores/jugador.asp?id=1550&e=,https://web.archive.org/web/20060528213655id_/http://www.bsnpr.com:80/jug05.asp?r2=462766RX2H&r3=00217&r=00529&e=SANTURCE,QUEBRADILLAS,2026-09-10T02:04:03Z
1550,2004,gallitos_isabela,15,26,https://web.archive.org/web/20170715113531id_/http://www.bsnpr.com:80/jugadores/jugador.asp?id=1550&e=,https://web.archive.org/web/20060528213655id_/http://www.bsnpr.com:80/jug05.asp?r2=462766RX2H&r3=00217&r=00529&e=SANTURCE,ISABELA,2026-09-10T02:04:03Z
1562,2002,vaqueros_bayamon,16,55,https://web.archive.org/web/20140122195655id_/http://www.bsnpr.com:80/jugadores/jugador.asp?id=1562&e=,https://web.archive.org/web/20061119231617id_/http://www.bsnpr.com/jug05.asp?r2=462746RX1L&r3=00183&r=00088&e=PONCE,BAYAMON,2026-09-10T01:56:11Z
1562,2003,vaqueros_bayamon,17,66,https://web.archive.org/web/20140122195655id_/http://www.bsnpr.com:80/jugadores/jugador.asp?id=1562&e=,https://web.archive.org/web/20061119231617id_/http://www.bsnpr.com/jug05.asp?r2=462746RX1L&r3=00183&r=00088&e=PONCE,BAYAMON,2026-09-10T01:56:11Z
1562,2003,titanes_morovis,13,163,https://web.archive.org/web/20140122195655id_/http://www.bsnpr.com:80/jugadores/jugador.asp?id=1562&e=,https://web.archive.org/web/20061119231617id_/http://www.bsnpr.com/jug05.asp?r2=462746RX1L&r3=00183&r=00088&e=PONCE,MOROVIS,2026-09-10T01:56:11Z
1562,2004,gallitos_isabela,9,66,https://web.archive.org/web/20140122195655id_/http://www.bsnpr.com:80/jugadores/jugador.asp?id=1562&e=,https://web.archive.org/web/20061119231617id_/http://www.bsnpr.com/jug05.asp?r2=462746RX1L&r3=00183&r=00088&e=PONCE,ISABELA,2026-09-10T01:56:11Z
1562,2004,leones_ponce,5,25,https://web.archive.org/web/20140122195655id_/http://www.bsnpr.com:80/jugadores/jugador.asp?id=1562&e=,https://web.archive.org/web/20061119231617id_/http://www.bsnpr.com/jug05.asp?r2=462746RX1L&r3=00183&r=00088&e=PONCE,PONCE,2026-09-10T01:56:11Z
1570,2004,vaqueros_bayamon,11,20,https://web.archive.org/web/20090819210337id_/http://bsnpr.com:80/jugadores/jugador.asp?id=1570&e=,https://web.archive.org/web/20070404013830id_/http://www.bsnpr.com:80/jug05.asp?r3=BHVDA&r2=LAZPZZSQHB&r=00017&e=,BAYAMON,2026-09-10T02:11:45Z
1575,1980,titanes_morovis,29,725,https://web.archive.org/web/20090110113911id_/http://www.bsnpr.com:80/jugadores/jugador.asp?id=1575&e=,https://web.archive.org/web/20070224095549id_/http://www.bsnpr.com:80/jug05.asp?r=00008,MOROVIS,2026-09-10T02:10:48Z
1575,1981,titanes_morovis,33,913,https://web.archive.org/web/20090110113911id_/http://www.bsnpr.com:80/jugadores/jugador.asp?id=1575&e=,https://web.archive.org/web/20070224095549id_/http://www.bsnpr.com:80/jug05.asp?r=00008,MOROVIS,2026-09-10T02:10:48Z
1575,1982,titanes_morovis,33,834,https://web.archive.org/web/20090110113911id_/http://www.bsnpr.com:80/jugadores/jugador.asp?id=1575&e=,https://web.archive.org/web/20070224095549id_/http://www.bsnpr.com:80/jug05.asp?r=00008,MOROVIS,2026-09-10T02:10:48Z
1575,1983,titanes_morovis,33,645,https://web.archive.org/web/20090110113911id_/http://www.bsnpr.com:80/jugadores/jugador.asp?id=1575&e=,https://web.archive.org/web/20070224095549id_/http://www.bsnpr.com:80/jug05.asp?r=00008,MOROVIS,2026-09-10T02:10:48Z
1575,1984,titanes_morovis,29,555,https://web.archive.org/web/20090110113911id_/http://www.bsnpr.com:80/jugadores/jugador.asp?id=1575&e=,https://web.archive.org/web/20070224095549id_/http://www.bsnpr.com:80/jug05.asp?r=00008,MOROVIS,2026-09-10T02:10:48Z
1575,1985,titanes_morovis,33,647,https://web.archive.org/web/20090110113911id_/http://www.bsnpr.com:80/jugadores/jugador.asp?id=1575&e=,https://web.archive.org/web/20070224095549id_/http://www.bsnpr.com:80/jug05.asp?r=00008,MOROVIS,2026-09-10T02:10:48Z
1575,1986,titanes_morovis,30,573,https://web.archive.org/web/20090110113911id_/http://www.bsnpr.com:80/jugadores/jugador.asp?id=1575&e=,https://web.archive.org/web/20070224095549id_/http://www.bsnpr.com:80/jug05.asp?r=00008,MOROVIS,2026-09-10T02:10:48Z
1575,1987,titanes_morovis,30,534,https://web.archive.org/web/20090110113911id_/http://www.bsnpr.com:80/jugadores/jugador.asp?id=1575&e=,https://web.archive.org/web/20070224095549id_/http://www.bsnpr.com:80/jug05.asp?r=00008,MOROVIS,2026-09-10T02:10:48Z
1575,1988,titanes_morovis,33,771,https://web.archive.org/web/20090110113911id_/http://www.bsnpr.com:80/jugadores/jugador.asp?id=1575&e=,https://web.archive.org/web/20070224095549id_/http://www.bsnpr.com:80/jug05.asp?r=00008,MOROVIS,2026-09-10T02:10:48Z
1575,1989,titanes_morovis,29,490,https://web.archive.org/web/20090110113911id_/http://www.bsnpr.com:80/jugadores/jugador.asp?id=1575&e=,https://web.archive.org/web/20070224095549id_/http://www.bsnpr.com:80/jug05.asp?r=00008,MOROVIS,2026-09-10T02:10:48Z
1575,1990,titanes_morovis,30,618,https://web.archive.org/web/20090110113911id_/http://www.bsnpr.com:80/jugadores/jugador.asp?id=1575&e=,https://web.archive.org/web/20070224095549id_/http://www.bsnpr.com:80/jug05.asp?r=00008,MOROVIS,2026-09-10T02:10:48Z
1575,1991,titanes_morovis,30,581,https://web.archive.org/web/20090110113911id_/http://www.bsnpr.com:80/jugadores/jugador.asp?id=1575&e=,https://web.archive.org/web/20070224095549id_/http://www.bsnpr.com:80/jug05.asp?r=00008,MOROVIS,2026-09-10T02:10:48Z
1575,1992,titanes_morovis,29,613,https://web.archive.org/web/20090110113911id_/http://www.bsnpr.com:80/jugadores/jugador.asp?id=1575&e=,https://web.archive.org/web/20070224095549id_/http://www.bsnpr.com:80/jug05.asp?r=00008,MOROVIS,2026-09-10T02:10:48Z
1575,1993,titanes_morovis,34,795,https://web.archive.org/web/20090110113911id_/http://www.bsnpr.com:80/jugadores/jugador.asp?id=1575&e=,https://web.archive.org/web/20070224095549id_/http://www.bsnpr.com:80/jug05.asp?r=00008,MOROVIS,2026-09-10T02:10:48Z
1575,1994,titanes_morovis,30,603,https://web.archive.org/web/20090110113911id_/http://www.bsnpr.com:80/jugadores/jugador.asp?id=1575&e=,https://web.archive.org/web/20070224095549id_/http://www.bsnpr.com:80/jug05.asp?r=00008,MOROVIS,2026-09-10T02:10:48Z
1575,1995,titanes_morovis,24,474,https://web.archive.org/web/20090110113911id_/http://www.bsnpr.com:80/jugadores/jugador.asp?id=1575&e=,https://web.archive.org/web/20070224095549id_/http://www.bsnpr.com:80/jug05.asp?r=00008,MOROVIS,2026-09-10T02:10:48Z
1575,1996,titanes_morovis,19,332,https://web.archive.org/web/20090110113911id_/http://www.bsnpr.com:80/jugadores/jugador.asp?id=1575&e=,https://web.archive.org/web/20070224095549id_/http://www.bsnpr.com:80/jug05.asp?r=00008,MOROVIS,2026-09-10T02:10:48Z
1575,1997,titanes_morovis,32,540,https://web.archive.org/web/20090110113911id_/http://www.bsnpr.com:80/jugadores/jugador.asp?id=1575&e=,https://web.archive.org/web/20070224095549id_/http://www.bsnpr.com:80/jug05.asp?r=00008,MOROVIS,2026-09-10T02:10:48Z
1575,1998,titanes_morovis,30,302,https://web.archive.org/web/20090110113911id_/http://www.bsnpr.com:80/jugadores/jugador.asp?id=1575&e=,https://web.archive.org/web/20070224095549id_/http://www.bsnpr.com:80/jug05.asp?r=00008,MOROVIS,2026-09-10T02:10:48Z
1575,1999,cangrejeros_santurce,30,168,https://web.archive.org/web/20090110113911id_/http://www.bsnpr.com:80/jugadores/jugador.asp?id=1575&e=,https://web.archive.org/web/20070224095549id_/http://www.bsnpr.com:80/jug05.asp?r=00008,SANTURCE,2026-09-10T02:10:48Z
1575,2000,cangrejeros_santurce,20,37,https://web.archive.org/web/20090110113911id_/http://www.bsnpr.com:80/jugadores/jugador.asp?id=1575&e=,https://web.archive.org/web/20070224095549id_/http://www.bsnpr.com:80/jug05.asp?r=00008,SANTURCE,2026-09-10T02:10:48Z
1575,2002,titanes_morovis,30,232,https://web.archive.org/web/20090110113911id_/http://www.bsnpr.com:80/jugadores/jugador.asp?id=1575&e=,https://web.archive.org/web/20070224095549id_/http://www.bsnpr.com:80/jug05.asp?r=00008,MOROVIS,2026-09-10T02:10:48Z
1575,2003,titanes_morovis,26,115,https://web.archive.org/web/20090110113911id_/http://www.bsnpr.com:80/jugadores/jugador.asp?id=1575&e=,https://web.archive.org/web/20070224095549id_/http://www.bsnpr.com:80/jug05.asp?r=00008,MOROVIS,2026-09-10T02:10:48Z
1575,2004,gigantes_carolina,27,83,https://web.archive.org/web/20090110113911id_/http://www.bsnpr.com:80/jugadores/jugador.asp?id=1575&e=,https://web.archive.org/web/20070224095549id_/http://www.bsnpr.com:80/jug05.asp?r=00008,CAROLINA,2026-09-10T02:10:48Z
1613,1997,brujos_guayama,6,41,https://web.archive.org/web/20091209193450id_/http://www.bsnpr.com:80/jugadores/jugador.asp?id=1613&e=,https://web.archive.org/web/20070404013551id_/http://www.bsnpr.com:80/jug05.asp?r3=RFVTH&r2=RBWYUXRNGI&r=00153&e=,GUAYAMA,2026-09-10T02:12:30Z
1613,1999,titanes_morovis,7,65,https://web.archive.org/web/20091209193450id_/http://www.bsnpr.com:80/jugadores/jugador.asp?id=1613&e=,https://web.archive.org/web/20070404013551id_/http://www.bsnpr.com:80/jug05.asp?r3=RFVTH&r2=RBWYUXRNGI&r=00153&e=,MOROVIS,2026-09-10T02:12:30Z
1613,2000,gallitos_isabela,10,139,https://web.archive.org/web/20091209193450id_/http://www.bsnpr.com:80/jugadores/jugador.asp?id=1613&e=,https://web.archive.org/web/20070404013551id_/http://www.bsnpr.com:80/jug05.asp?r3=RFVTH&r2=RBWYUXRNGI&r=00153&e=,ISABELA,2026-09-10T02:12:30Z
1613,2004,vaqueros_bayamon,16,133,https://web.archive.org/web/20091209193450id_/http://www.bsnpr.com:80/jugadores/jugador.asp?id=1613&e=,https://web.archive.org/web/20070404013551id_/http://www.bsnpr.com:80/jug05.asp?r3=RFVTH&r2=RBWYUXRNGI&r=00153&e=,BAYAMON,2026-09-10T02:12:30Z
1628,2004,gigantes_carolina,13,199,https://web.archive.org/web/20091006104719id_/http://www.bsnpr.com:80/jugadores/jugador.asp?id=1628&e=,https://web.archive.org/web/20061211012026id_/http://www.bsnpr.com:80/jug05.asp?r3=SBEVR&r2=ZBCOCSGWCF&r=00067&e=,CAROLINA,2026-09-10T01:57:32Z
1660,1993,vaqueros_bayamon,33,163,https://web.archive.org/web/20090110135722id_/http://www.bsnpr.com:80/jugadores/jugador.asp?id=1660&e=,https://web.archive.org/web/20050501125413id_/http://www.bsnpr.com:80/jug05.asp?r2=462736RX0V&r3=00148&e=COAMO,BAYAMON,2026-09-10T01:53:25Z
1660,1994,capitalinos_san_juan,29,314,https://web.archive.org/web/20090110135722id_/http://www.bsnpr.com:80/jugadores/jugador.asp?id=1660&e=,https://web.archive.org/web/20050501125413id_/http://www.bsnpr.com:80/jug05.asp?r2=462736RX0V&r3=00148&e=COAMO,SAN JUAN,2026-09-10T01:53:25Z
1660,1995,vaqueros_bayamon,32,244,https://web.archive.org/web/20090110135722id_/http://www.bsnpr.com:80/jugadores/jugador.asp?id=1660&e=,https://web.archive.org/web/20050501125413id_/http://www.bsnpr.com:80/jug05.asp?r2=462736RX0V&r3=00148&e=COAMO,BAYAMON,2026-09-10T01:53:25Z
1660,1996,vaqueros_bayamon,34,339,https://web.archive.org/web/20090110135722id_/http://www.bsnpr.com:80/jugadores/jugador.asp?id=1660&e=,https://web.archive.org/web/20050501125413id_/http://www.bsnpr.com:80/jug05.asp?r2=462736RX0V&r3=00148&e=COAMO,BAYAMON,2026-09-10T01:53:25Z
1660,1997,vaqueros_bayamon,26,165,https://web.archive.org/web/20090110135722id_/http://www.bsnpr.com:80/jugadores/jugador.asp?id=1660&e=,https://web.archive.org/web/20050501125413id_/http://www.bsnpr.com:80/jug05.asp?r2=462736RX0V&r3=00148&e=COAMO,BAYAMON,2026-09-10T01:53:25Z
1660,1998,vaqueros_bayamon,30,200,https://web.archive.org/web/20090110135722id_/http://www.bsnpr.com:80/jugadores/jugador.asp?id=1660&e=,https://web.archive.org/web/20050501125413id_/http://www.bsnpr.com:80/jug05.asp?r2=462736RX0V&r3=00148&e=COAMO,BAYAMON,2026-09-10T01:53:25Z
1660,1999,vaqueros_bayamon,30,261,https://web.archive.org/web/20090110135722id_/http://www.bsnpr.com:80/jugadores/jugador.asp?id=1660&e=,https://web.archive.org/web/20050501125413id_/http://www.bsnpr.com:80/jug05.asp?r2=462736RX0V&r3=00148&e=COAMO,BAYAMON,2026-09-10T01:53:25Z
1660,2000,vaqueros_bayamon,24,170,https://web.archive.org/web/20090110135722id_/http://www.bsnpr.com:80/jugadores/jugador.asp?id=1660&e=,https://web.archive.org/web/20050501125413id_/http://www.bsnpr.com:80/jug05.asp?r2=462736RX0V&r3=00148&e=COAMO,BAYAMON,2026-09-10T01:53:25Z
1660,2002,indios_mayaguez,29,305,https://web.archive.org/web/20090110135722id_/http://www.bsnpr.com:80/jugadores/jugador.asp?id=1660&e=,https://web.archive.org/web/20050501125413id_/http://www.bsnpr.com:80/jug05.asp?r2=462736RX0V&r3=00148&e=COAMO,MAYAGUEZ,2026-09-10T01:53:25Z
1660,2003,indios_mayaguez,28,211,https://web.archive.org/web/20090110135722id_/http://www.bsnpr.com:80/jugadores/jugador.asp?id=1660&e=,https://web.archive.org/web/20050501125413id_/http://www.bsnpr.com:80/jug05.asp?r2=462736RX0V&r3=00148&e=COAMO,MAYAGUEZ,2026-09-10T01:53:25Z
1660,2004,vaqueros_bayamon,28,99,https://web.archive.org/web/20090110135722id_/http://www.bsnpr.com:80/jugadores/jugador.asp?id=1660&e=,https://web.archive.org/web/20050501125413id_/http://www.bsnpr.com:80/jug05.asp?r2=462736RX0V&r3=00148&e=COAMO,BAYAMON,2026-09-10T01:53:25Z
1685,1999,maratonistas_coamo,15,354,https://web.archive.org/web/20100310065704id_/http://bsnpr.com:80/jugadores/jugador.asp?id=1685&e=7,https://web.archive.org/web/20061207122823id_/http://www.bsnpr.com:80/jug05.asp?r3=00266&r2=462796RX3P&r=00047&e=,COAMO,2026-09-10T02:01:32Z
1685,2003,cangrejeros_santurce,30,605,https://web.archive.org/web/20100310065704id_/http://bsnpr.com:80/jugadores/jugador.asp?id=1685&e=7,https://web.archive.org/web/20061207122823id_/http://www.bsnpr.com:80/jug05.asp?r3=00266&r2=462796RX3P&r=00047&e=,SANTURCE,2026-09-10T02:01:32Z
1685,2004,cangrejeros_santurce,29,476,https://web.archive.org/web/20100310065704id_/http://bsnpr.com:80/jugadores/jugador.asp?id=1685&e=7,https://web.archive.org/web/20061207122823id_/http://www.bsnpr.com:80/jug05.asp?r3=00266&r2=462796RX3P&r=00047&e=,SANTURCE,2026-09-10T02:01:32Z
1739,2002,,22,45,https://web.archive.org/web/20170715113542id_/http://www.bsnpr.com:80/jugadores/jugador.asp?id=1739&e=,https://web.archive.org/web/20060618110838id_/http://www.bsnpr.com:80/jug05.asp?r=00069,CAYEY,2026-09-10T01:55:38Z
1739,2003,,30,101,https://web.archive.org/web/20170715113542id_/http://www.bsnpr.com:80/jugadores/jugador.asp?id=1739&e=,https://web.archive.org/web/20060618110838id_/http://www.bsnpr.com:80/jug05.asp?r=00069,CAYEY,2026-09-10T01:55:38Z
1739,2004,,29,183,https://web.archive.org/web/20170715113542id_/http://www.bsnpr.com:80/jugadores/jugador.asp?id=1739&e=,https://web.archive.org/web/20060618110838id_/http://www.bsnpr.com:80/jug05.asp?r=00069,CAYEY,2026-09-10T01:55:38Z
1753,2000,polluelos_aibonito,10,71,https://web.archive.org/web/20080803172233id_/http://bsnpr.com:80/jugadores/jugador.asp?id=1753&e=,https://web.archive.org/web/20061213195853id_/http://www.bsnpr.com:80/jug05.asp?r3=00245&r2=462786RX37&r=00142&e=,AIBONITO,2026-09-10T02:01:55Z
1753,2002,,6,49,https://web.archive.org/web/20080803172233id_/http://bsnpr.com:80/jugadores/jugador.asp?id=1753&e=,https://web.archive.org/web/20061213195853id_/http://www.bsnpr.com:80/jug05.asp?r3=00245&r2=462786RX37&r=00142&e=,CAYEY,2026-09-10T02:01:55Z
1753,2002,atleticos_san_german,19,132,https://web.archive.org/web/20080803172233id_/http://bsnpr.com:80/jugadores/jugador.asp?id=1753&e=,https://web.archive.org/web/20061213195853id_/http://www.bsnpr.com:80/jug05.asp?r3=00245&r2=462786RX37&r=00142&e=,SAN GERMAN,2026-09-10T02:01:55Z
1753,2003,atleticos_san_german,24,133,https://web.archive.org/web/20080803172233id_/http://bsnpr.com:80/jugadores/jugador.asp?id=1753&e=,https://web.archive.org/web/20061213195853id_/http://www.bsnpr.com:80/jug05.asp?r3=00245&r2=462786RX37&r=00142&e=,SAN GERMAN,2026-09-10T02:01:55Z
1753,2004,indios_mayaguez,20,39,https://web.archive.org/web/20080803172233id_/http://bsnpr.com:80/jugadores/jugador.asp?id=1753&e=,https://web.archive.org/web/20061213195853id_/http://www.bsnpr.com:80/jug05.asp?r3=00245&r2=462786RX37&r=00142&e=,MAYAGUEZ,2026-09-10T02:01:55Z
1759,1988,piratas_quebradillas,29,542,https://web.archive.org/web/20190209180827id_/https://www.bsnpr.com/jugadores/jugador.asp?id=1759&e,https://web.archive.org/web/20061216221534id_/http://www.bsnpr.com:80/jug05.asp?r3=00208&r2=462766RX2A&r=00075&e=,QUEBRADILLAS,2026-09-10T01:53:43Z
1759,1989,piratas_quebradillas,27,652,https://web.archive.org/web/20190209180827id_/https://www.bsnpr.com/jugadores/jugador.asp?id=1759&e,https://web.archive.org/web/20061216221534id_/http://www.bsnpr.com:80/jug05.asp?r3=00208&r2=462766RX2A&r=00075&e=,QUEBRADILLAS,2026-09-10T01:53:43Z
1759,1990,piratas_quebradillas,29,867,https://web.archive.org/web/20190209180827id_/https://www.bsnpr.com/jugadores/jugador.asp?id=1759&e,https://web.archive.org/web/20061216221534id_/http://www.bsnpr.com:80/jug05.asp?r3=00208&r2=462766RX2A&r=00075&e=,QUEBRADILLAS,2026-09-10T01:53:43Z
1759,1994,piratas_quebradillas,29,733,https://web.archive.org/web/20190209180827id_/https://www.bsnpr.com/jugadores/jugador.asp?id=1759&e,https://web.archive.org/web/20061216221534id_/http://www.bsnpr.com:80/jug05.asp?r3=00208&r2=462766RX2A&r=00075&e=,QUEBRADILLAS,2026-09-10T01:53:43Z
1759,1995,piratas_quebradillas,28,649,https://web.archive.org/web/20190209180827id_/https://www.bsnpr.com/jugadores/jugador.asp?id=1759&e,https://web.archive.org/web/20061216221534id_/http://www.bsnpr.com:80/jug05.asp?r3=00208&r2=462766RX2A&r=00075&e=,QUEBRADILLAS,2026-09-10T01:53:43Z
1759,1996,piratas_quebradillas,32,765,https://web.archive.org/web/20190209180827id_/https://www.bsnpr.com/jugadores/jugador.asp?id=1759&e,https://web.archive.org/web/20061216221534id_/http://www.bsnpr.com:80/jug05.asp?r3=00208&r2=462766RX2A&r=00075&e=,QUEBRADILLAS,2026-09-10T01:53:43Z
1759,1997,piratas_quebradillas,31,699,https://web.archive.org/web/20190209180827id_/https://www.bsnpr.com/jugadores/jugador.asp?id=1759&e,https://web.archive.org/web/20061216221534id_/http://www.bsnpr.com:80/jug05.asp?r3=00208&r2=462766RX2A&r=00075&e=,QUEBRADILLAS,2026-09-10T01:53:43Z
1759,1998,piratas_quebradillas,29,724,https://web.archive.org/web/20190209180827id_/https://www.bsnpr.com/jugadores/jugador.asp?id=1759&e,https://web.archive.org/web/20061216221534id_/http://www.bsnpr.com:80/jug05.asp?r3=00208&r2=462766RX2A&r=00075&e=,QUEBRADILLAS,2026-09-10T01:53:43Z
1759,1999,criollos_caguas,23,594,https://web.archive.org/web/20190209180827id_/https://www.bsnpr.com/jugadores/jugador.asp?id=1759&e,https://web.archive.org/web/20061216221534id_/http://www.bsnpr.com:80/jug05.asp?r3=00208&r2=462766RX2A&r=00075&e=,CAGUAS,2026-09-10T01:53:43Z
1759,2000,criollos_caguas,27,589,https://web.archive.org/web/20190209180827id_/https://www.bsnpr.com/jugadores/jugador.asp?id=1759&e,https://web.archive.org/web/20061216221534id_/http://www.bsnpr.com:80/jug05.asp?r3=00208&r2=462766RX2A&r=00075&e=,CAGUAS,2026-09-10T01:53:43Z
1759,2002,leones_ponce,17,215,https://web.archive.org/web/20190209180827id_/https://www.bsnpr.com/jugadores/jugador.asp?id=1759&e,https://web.archive.org/web/20061216221534id_/http://www.bsnpr.com:80/jug05.asp?r3=00208&r2=462766RX2A&r=00075&e=,PONCE,2026-09-10T01:53:43Z
1759,2003,leones_ponce,29,346,https://web.archive.org/web/20190209180827id_/https://www.bsnpr.com/jugadores/jugador.asp?id=1759&e,https://web.archive.org/web/20061216221534id_/http://www.bsnpr.com:80/jug05.asp?r3=00208&r2=462766RX2A&r=00075&e=,PONCE,2026-09-10T01:53:43Z
1759,2004,gallitos_isabela,28,413,https://web.archive.org/web/20190209180827id_/https://www.bsnpr.com/jugadores/jugador.asp?id=1759&e,https://web.archive.org/web/20061216221534id_/http://www.bsnpr.com:80/jug05.asp?r3=00208&r2=462766RX2A&r=00075&e=,ISABELA,2026-09-10T01:53:43Z
1760,1991,maratonistas_coamo,26,87,https://web.archive.org/web/20100225110954id_/http://www.bsnpr.com:80/jugadores/jugador.asp?id=1760&e=9,https://web.archive.org/web/20060618111024id_/http://www.bsnpr.com:80/jug05.asp?r=00109,COAMO,2026-09-10T01:58:29Z
1760,1992,maratonistas_coamo,32,129,https://web.archive.org/web/20100225110954id_/http://www.bsnpr.com:80/jugadores/jugador.asp?id=1760&e=9,https://web.archive.org/web/20060618111024id_/http://www.bsnpr.com:80/jug05.asp?r=00109,COAMO,2026-09-10T01:58:29Z
1760,1993,,34,522,https://web.archive.org/web/20100225110954id_/http://www.bsnpr.com:80/jugadores/jugador.asp?id=1760&e=9,https://web.archive.org/web/20060618111024id_/http://www.bsnpr.com:80/jug05.asp?r=00109,AGUADILLA,2026-09-10T01:58:29Z
1760,1994,,30,372,https://web.archive.org/web/20100225110954id_/http://www.bsnpr.com:80/jugadores/jugador.asp?id=1760&e=9,https://web.archive.org/web/20060618111024id_/http://www.bsnpr.com:80/jug05.asp?r=00109,AGUADILLA,2026-09-10T01:58:29Z
1760,1995,,32,540,https://web.archive.org/web/20100225110954id_/http://www.bsnpr.com:80/jugadores/jugador.asp?id=1760&e=9,https://web.archive.org/web/20060618111024id_/http://www.bsnpr.com:80/jug05.asp?r=00109,AGUADILLA,2026-09-10T01:58:29Z
1760,1996,,30,481,https://web.archive.org/web/20100225110954id_/http://www.bsnpr.com:80/jugadores/jugador.asp?id=1760&e=9,https://web.archive.org/web/20060618111024id_/http://www.bsnpr.com:80/jug05.asp?r=00109,AGUADILLA,2026-09-10T01:58:29Z
1760,1997,,27,361,https://web.archive.org/web/20100225110954id_/http://www.bsnpr.com:80/jugadores/jugador.asp?id=1760&e=9,https://web.archive.org/web/20060618111024id_/http://www.bsnpr.com:80/jug05.asp?r=00109,AGUADILLA,2026-09-10T01:58:29Z
1760,1998,cangrejeros_santurce,30,408,https://web.archive.org/web/20100225110954id_/http://www.bsnpr.com:80/jugadores/jugador.asp?id=1760&e=9,https://web.archive.org/web/20060618111024id_/http://www.bsnpr.com:80/jug05.asp?r=00109,SANTURCE,2026-09-10T01:58:29Z
1760,1999,cangrejeros_santurce,21,331,https://web.archive.org/web/20100225110954id_/http://www.bsnpr.com:80/jugadores/jugador.asp?id=1760&e=9,https://web.archive.org/web/20060618111024id_/http://www.bsnpr.com:80/jug05.asp?r=00109,SANTURCE,2026-09-10T01:58:29Z
1760,2000,cangrejeros_santurce,24,310,https://web.archive.org/web/20100225110954id_/http://www.bsnpr.com:80/jugadores/jugador.asp?id=1760&e=9,https://web.archive.org/web/20060618111024id_/http://www.bsnpr.com:80/jug05.asp?r=00109,SANTURCE,2026-09-10T01:58:29Z
1760,2003,cangrejeros_santurce,23,420,https://web.archive.org/web/20100225110954id_/http://www.bsnpr.com:80/jugadores/jugador.asp?id=1760&e=9,https://web.archive.org/web/20060618111024id_/http://www.bsnpr.com:80/jug05.asp?r=00109,SANTURCE,2026-09-10T01:58:29Z
1760,2004,cangrejeros_santurce,27,419,https://web.archive.org/web/20100225110954id_/http://www.bsnpr.com:80/jugadores/jugador.asp?id=1760&e=9,https://web.archive.org/web/20060618111024id_/http://www.bsnpr.com:80/jug05.asp?r=00109,SANTURCE,2026-09-10T01:58:29Z
1766,1995,vaqueros_bayamon,15,22,https://web.archive.org/web/20090830021428id_/http://bsnpr.com:80/jugadores/jugador.asp?id=1766&e=,https://web.archive.org/web/20061206190246id_/http://www.bsnpr.com:80/jug05.asp?r3=00204&r2=462766RX26&r=00005&e=,BAYAMON,2026-09-10T01:56:32Z
1766,1996,vaqueros_bayamon,16,32,https://web.archive.org/web/20090830021428id_/http://bsnpr.com:80/jugadores/jugador.asp?id=1766&e=,https://web.archive.org/web/20061206190246id_/http://www.bsnpr.com:80/jug05.asp?r3=00204&r2=462766RX26&r=00005&e=,BAYAMON,2026-09-10T01:56:32Z
1766,1997,polluelos_aibonito,32,169,https://web.archive.org/web/20090830021428id_/http://bsnpr.com:80/jugadores/jugador.asp?id=1766&e=,https://web.archive.org/web/20061206190246id_/http://www.bsnpr.com:80/jug05.asp?r3=00204&r2=462766RX26&r=00005&e=,AIBONITO,2026-09-10T01:56:32Z
1766,1998,polluelos_aibonito,24,89,https://web.archive.org/web/20090830021428id_/http://bsnpr.com:80/jugadores/jugador.asp?id=1766&e=,https://web.archive.org/web/20061206190246id_/http://www.bsnpr.com:80/jug05.asp?r3=00204&r2=462766RX26&r=00005&e=,AIBONITO,2026-09-10T01:56:32Z
1766,2000,leones_ponce,18,18,https://web.archive.org/web/20090830021428id_/http://bsnpr.com:80/jugadores/jugador.asp?id=1766&e=,https://web.archive.org/web/20061206190246id_/http://www.bsnpr.com:80/jug05.asp?r3=00204&r2=462766RX26&r=00005&e=,PONCE,2026-09-10T01:56:32Z
1766,2003,capitanes_arecibo,21,145,https://web.archive.org/web/20090830021428id_/http://bsnpr.com:80/jugadores/jugador.asp?id=1766&e=,https://web.archive.org/web/20061206190246id_/http://www.bsnpr.com:80/jug05.asp?r3=00204&r2=462766RX26&r=00005&e=,ARECIBO,2026-09-10T01:56:32Z
1766,2003,leones_ponce,6,27,https://web.archive.org/web/20090830021428id_/http://bsnpr.com:80/jugadores/jugador.asp?id=1766&e=,https://web.archive.org/web/20061206190246id_/http://www.bsnpr.com:80/jug05.asp?r3=00204&r2=462766RX26&r=00005&e=,PONCE,2026-09-10T01:56:32Z
1766,2004,capitanes_arecibo,28,164,https://web.archive.org/web/20090830021428id_/http://bsnpr.com:80/jugadores/jugador.asp?id=1766&e=,https://web.archive.org/web/20061206190246id_/http://www.bsnpr.com:80/jug05.asp?r3=00204&r2=462766RX26&r=00005&e=,ARECIBO,2026-09-10T01:56:32Z
1771,2001,leones_ponce,3,0,https://web.archive.org/web/20091209192745id_/http://www.bsnpr.com:80/jugadores/jugador.asp?id=1771&e=,https://web.archive.org/web/20061207121703id_/http://www.bsnpr.com:80/jug05.asp?r3=YISKK&r2=GFPAQCDEDB&r=00097&e=,PONCE,2026-09-10T02:00:52Z
1771,2004,leones_ponce,10,19,https://web.archive.org/web/20091209192745id_/http://www.bsnpr.com:80/jugadores/jugador.asp?id=1771&e=,https://web.archive.org/web/20061207121703id_/http://www.bsnpr.com:80/jug05.asp?r3=YISKK&r2=GFPAQCDEDB&r=00097&e=,PONCE,2026-09-10T02:00:52Z
1791,2002,piratas_quebradillas,12,24,https://web.archive.org/web/20090829072340id_/http://bsnpr.com:80/jugadores/jugador.asp?id=1791&e=,https://web.archive.org/web/20070404080215id_/http://www.bsnpr.com:80/jug05.asp?r3=00226&r2=462776RX2Q&r=00077&e=,QUEBRADILLAS,2026-09-10T02:10:33Z
1791,2003,piratas_quebradillas,20,47,https://web.archive.org/web/20090829072340id_/http://bsnpr.com:80/jugadores/jugador.asp?id=1791&e=,https://web.archive.org/web/20070404080215id_/http://www.bsnpr.com:80/jug05.asp?r3=00226&r2=462776RX2Q&r=00077&e=,QUEBRADILLAS,2026-09-10T02:10:33Z
1791,2004,piratas_quebradillas,22,346,https://web.archive.org/web/20090829072340id_/http://bsnpr.com:80/jugadores/jugador.asp?id=1791&e=,https://web.archive.org/web/20070404080215id_/http://www.bsnpr.com:80/jug05.asp?r3=00226&r2=462776RX2Q&r=00077&e=,QUEBRADILLAS,2026-09-10T02:10:33Z
1836,2002,criollos_caguas,23,56,https://web.archive.org/web/20210320073121id_/https://www.bsnpr.com/jugadores/jugador.asp?id=1836&e=,https://web.archive.org/web/20060427041711id_/http://www.bsnpr.com:80/jug05.asp?r2=ARCZIFCHXN&r3=CMIFD&r=NA%20%20%20&e=ARECIBO,CAGUAS,2026-09-10T01:59:34Z
1836,2003,criollos_caguas,30,368,https://web.archive.org/web/20210320073121id_/https://www.bsnpr.com/jugadores/jugador.asp?id=1836&e=,https://web.archive.org/web/20060427041711id_/http://www.bsnpr.com:80/jug05.asp?r2=ARCZIFCHXN&r3=CMIFD&r=NA%20%20%20&e=ARECIBO,CAGUAS,2026-09-10T01:59:34Z
1836,2004,criollos_caguas,29,584,https://web.archive.org/web/20210320073121id_/https://www.bsnpr.com/jugadores/jugador.asp?id=1836&e=,https://web.archive.org/web/20060427041711id_/http://www.bsnpr.com:80/jug05.asp?r2=ARCZIFCHXN&r3=CMIFD&r=NA%20%20%20&e=ARECIBO,CAGUAS,2026-09-10T01:59:34Z
1895,1994,capitanes_arecibo,9,6,https://web.archive.org/web/20130428000115id_/http://www.bsnpr.com:80/jugadores/jugador.asp?id=1895&e=,https://web.archive.org/web/20061007023520id_/http://www.bsnpr.com:80/jug05.asp?r3=00010&r2=462666RWXU&r=00003&e=,ARECIBO,2026-09-10T01:57:46Z
1895,1995,capitanes_arecibo,13,37,https://web.archive.org/web/20130428000115id_/http://www.bsnpr.com:80/jugadores/jugador.asp?id=1895&e=,https://web.archive.org/web/20061007023520id_/http://www.bsnpr.com:80/jug05.asp?r3=00010&r2=462666RWXU&r=00003&e=,ARECIBO,2026-09-10T01:57:46Z
1895,1996,capitanes_arecibo,7,7,https://web.archive.org/web/20130428000115id_/http://www.bsnpr.com:80/jugadores/jugador.asp?id=1895&e=,https://web.archive.org/web/20061007023520id_/http://www.bsnpr.com:80/jug05.asp?r3=00010&r2=462666RWXU&r=00003&e=,ARECIBO,2026-09-10T01:57:46Z
1895,1997,capitanes_arecibo,17,98,https://web.archive.org/web/20130428000115id_/http://www.bsnpr.com:80/jugadores/jugador.asp?id=1895&e=,https://web.archive.org/web/20061007023520id_/http://www.bsnpr.com:80/jug05.asp?r3=00010&r2=462666RWXU&r=00003&e=,ARECIBO,2026-09-10T01:57:46Z
1895,1998,capitanes_arecibo,14,33,https://web.archive.org/web/20130428000115id_/http://www.bsnpr.com:80/jugadores/jugador.asp?id=1895&e=,https://web.archive.org/web/20061007023520id_/http://www.bsnpr.com:80/jug05.asp?r3=00010&r2=462666RWXU&r=00003&e=,ARECIBO,2026-09-10T01:57:46Z
1895,1999,capitanes_arecibo,32,314,https://web.archive.org/web/20130428000115id_/http://www.bsnpr.com:80/jugadores/jugador.asp?id=1895&e=,https://web.archive.org/web/20061007023520id_/http://www.bsnpr.com:80/jug05.asp?r3=00010&r2=462666RWXU&r=00003&e=,ARECIBO,2026-09-10T01:57:46Z
1895,2000,capitanes_arecibo,17,219,https://web.archive.org/web/20130428000115id_/http://www.bsnpr.com:80/jugadores/jugador.asp?id=1895&e=,https://web.archive.org/web/20061007023520id_/http://www.bsnpr.com:80/jug05.asp?r3=00010&r2=462666RWXU&r=00003&e=,ARECIBO,2026-09-10T01:57:46Z
1895,2001,capitanes_arecibo,26,307,https://web.archive.org/web/20130428000115id_/http://www.bsnpr.com:80/jugadores/jugador.asp?id=1895&e=,https://web.archive.org/web/20061007023520id_/http://www.bsnpr.com:80/jug05.asp?r3=00010&r2=462666RWXU&r=00003&e=,ARECIBO,2026-09-10T01:57:46Z
1895,2002,capitanes_arecibo,27,277,https://web.archive.org/web/20130428000115id_/http://www.bsnpr.com:80/jugadores/jugador.asp?id=1895&e=,https://web.archive.org/web/20061007023520id_/http://www.bsnpr.com:80/jug05.asp?r3=00010&r2=462666RWXU&r=00003&e=,ARECIBO,2026-09-10T01:57:46Z
1895,2003,capitanes_arecibo,30,426,https://web.archive.org/web/20130428000115id_/http://www.bsnpr.com:80/jugadores/jugador.asp?id=1895&e=,https://web.archive.org/web/20061007023520id_/http://www.bsnpr.com:80/jug05.asp?r3=00010&r2=462666RWXU&r=00003&e=,ARECIBO,2026-09-10T01:57:46Z
1895,2004,capitanes_arecibo,30,412,https://web.archive.org/web/20130428000115id_/http://www.bsnpr.com:80/jugadores/jugador.asp?id=1895&e=,https://web.archive.org/web/20061007023520id_/http://www.bsnpr.com:80/jug05.asp?r3=00010&r2=462666RWXU&r=00003&e=,ARECIBO,2026-09-10T01:57:46Z
1948,2002,atleticos_san_german,10,3,https://web.archive.org/web/20091004043908id_/http://www.bsnpr.com:80/jugadores/jugador.asp?id=1948&e=,https://web.archive.org/web/20061206190335id_/http://www.bsnpr.com:80/jug05.asp?r3=NELHP&r2=QCVRXUMZKI&r=00042&e=,SAN GERMAN,2026-09-10T01:59:49Z
1948,2004,indios_mayaguez,15,30,https://web.archive.org/web/20091004043908id_/http://www.bsnpr.com:80/jugadores/jugador.asp?id=1948&e=,https://web.archive.org/web/20061206190335id_/http://www.bsnpr.com:80/jug05.asp?r3=NELHP&r2=QCVRXUMZKI&r=00042&e=,MAYAGUEZ,2026-09-10T01:59:49Z
1970,1990,capitanes_arecibo,22,61,https://web.archive.org/web/20090517055847id_/http://bsnpr.com:80/jugadores/jugador.asp?id=1970&e=,https://web.archive.org/web/20060224014915id_/http://www.bsnpr.com:80/jug05.asp?r2=462766RX2J&r3=00219&r=00111&e=SANTURCE,ARECIBO,2026-09-10T01:53:59Z
1970,1991,capitanes_arecibo,7,12,https://web.archive.org/web/20090517055847id_/http://bsnpr.com:80/jugadores/jugador.asp?id=1970&e=,https://web.archive.org/web/20060224014915id_/http://www.bsnpr.com:80/jug05.asp?r2=462766RX2J&r3=00219&r=00111&e=SANTURCE,ARECIBO,2026-09-10T01:53:59Z
1970,1992,piratas_quebradillas,33,340,https://web.archive.org/web/20090517055847id_/http://bsnpr.com:80/jugadores/jugador.asp?id=1970&e=,https://web.archive.org/web/20060224014915id_/http://www.bsnpr.com:80/jug05.asp?r2=462766RX2J&r3=00219&r=00111&e=SANTURCE,QUEBRADILLAS,2026-09-10T01:53:59Z
1970,1993,piratas_quebradillas,33,470,https://web.archive.org/web/20090517055847id_/http://bsnpr.com:80/jugadores/jugador.asp?id=1970&e=,https://web.archive.org/web/20060224014915id_/http://www.bsnpr.com:80/jug05.asp?r2=462766RX2J&r3=00219&r=00111&e=SANTURCE,QUEBRADILLAS,2026-09-10T01:53:59Z
1970,1994,piratas_quebradillas,30,439,https://web.archive.org/web/20090517055847id_/http://bsnpr.com:80/jugadores/jugador.asp?id=1970&e=,https://web.archive.org/web/20060224014915id_/http://www.bsnpr.com:80/jug05.asp?r2=462766RX2J&r3=00219&r=00111&e=SANTURCE,QUEBRADILLAS,2026-09-10T01:53:59Z
1970,1995,piratas_quebradillas,18,217,https://web.archive.org/web/20090517055847id_/http://bsnpr.com:80/jugadores/jugador.asp?id=1970&e=,https://web.archive.org/web/20060224014915id_/http://www.bsnpr.com:80/jug05.asp?r2=462766RX2J&r3=00219&r=00111&e=SANTURCE,QUEBRADILLAS,2026-09-10T01:53:59Z
1970,1996,piratas_quebradillas,23,410,https://web.archive.org/web/20090517055847id_/http://bsnpr.com:80/jugadores/jugador.asp?id=1970&e=,https://web.archive.org/web/20060224014915id_/http://www.bsnpr.com:80/jug05.asp?r2=462766RX2J&r3=00219&r=00111&e=SANTURCE,QUEBRADILLAS,2026-09-10T01:53:59Z
1970,1997,piratas_quebradillas,27,484,https://web.archive.org/web/20090517055847id_/http://bsnpr.com:80/jugadores/jugador.asp?id=1970&e=,https://web.archive.org/web/20060224014915id_/http://www.bsnpr.com:80/jug05.asp?r2=462766RX2J&r3=00219&r=00111&e=SANTURCE,QUEBRADILLAS,2026-09-10T01:53:59Z
1970,1998,piratas_quebradillas,16,298,https://web.archive.org/web/20090517055847id_/http://bsnpr.com:80/jugadores/jugador.asp?id=1970&e=,https://web.archive.org/web/20060224014915id_/http://www.bsnpr.com:80/jug05.asp?r2=462766RX2J&r3=00219&r=00111&e=SANTURCE,QUEBRADILLAS,2026-09-10T01:53:59Z
1970,1999,piratas_quebradillas,23,386,https://web.archive.org/web/20090517055847id_/http://bsnpr.com:80/jugadores/jugador.asp?id=1970&e=,https://web.archive.org/web/20060224014915id_/http://www.bsnpr.com:80/jug05.asp?r2=462766RX2J&r3=00219&r=00111&e=SANTURCE,QUEBRADILLAS,2026-09-10T01:53:59Z
1970,2000,piratas_quebradillas,28,527,https://web.archive.org/web/20090517055847id_/http://bsnpr.com:80/jugadores/jugador.asp?id=1970&e=,https://web.archive.org/web/20060224014915id_/http://www.bsnpr.com:80/jug05.asp?r2=462766RX2J&r3=00219&r=00111&e=SANTURCE,QUEBRADILLAS,2026-09-10T01:53:59Z
1970,2002,piratas_quebradillas,28,602,https://web.archive.org/web/20090517055847id_/http://bsnpr.com:80/jugadores/jugador.asp?id=1970&e=,https://web.archive.org/web/20060224014915id_/http://www.bsnpr.com:80/jug05.asp?r2=462766RX2J&r3=00219&r=00111&e=SANTURCE,QUEBRADILLAS,2026-09-10T01:53:59Z
1970,2003,piratas_quebradillas,22,399,https://web.archive.org/web/20090517055847id_/http://bsnpr.com:80/jugadores/jugador.asp?id=1970&e=,https://web.archive.org/web/20060224014915id_/http://www.bsnpr.com:80/jug05.asp?r2=462766RX2J&r3=00219&r=00111&e=SANTURCE,QUEBRADILLAS,2026-09-10T01:53:59Z
1970,2004,indios_mayaguez,24,372,https://web.archive.org/web/20090517055847id_/http://bsnpr.com:80/jugadores/jugador.asp?id=1970&e=,https://web.archive.org/web/20060224014915id_/http://www.bsnpr.com:80/jug05.asp?r2=462766RX2J&r3=00219&r=00111&e=SANTURCE,MAYAGUEZ,2026-09-10T01:53:59Z
1970,2005,cangrejeros_santurce,27,392,https://web.archive.org/web/20090517055847id_/http://bsnpr.com:80/jugadores/jugador.asp?id=1970&e=,https://web.archive.org/web/20060224014915id_/http://www.bsnpr.com:80/jug05.asp?r2=462766RX2J&r3=00219&r=00111&e=SANTURCE,SANTURCE,2026-09-10T01:53:59Z
1992,1994,piratas_quebradillas,8,16,https://web.archive.org/web/20110412235216id_/http://www.bsnpr.com:80/jugadores/jugador.asp?id=1992&e=14,https://web.archive.org/web/20070404014145id_/http://www.bsnpr.com:80/jug05.asp?r3=00220&r2=462776RX2K&r=00113&e=,QUEBRADILLAS,2026-09-10T02:10:39Z
1992,1995,polluelos_aibonito,29,362,https://web.archive.org/web/20110412235216id_/http://www.bsnpr.com:80/jugadores/jugador.asp?id=1992&e=14,https://web.archive.org/web/20070404014145id_/http://www.bsnpr.com:80/jug05.asp?r3=00220&r2=462776RX2K&r=00113&e=,AIBONITO,2026-09-10T02:10:39Z
1992,1996,piratas_quebradillas,34,266,https://web.archive.org/web/20110412235216id_/http://www.bsnpr.com:80/jugadores/jugador.asp?id=1992&e=14,https://web.archive.org/web/20070404014145id_/http://www.bsnpr.com:80/jug05.asp?r3=00220&r2=462776RX2K&r=00113&e=,QUEBRADILLAS,2026-09-10T02:10:39Z
1992,1997,piratas_quebradillas,32,369,https://web.archive.org/web/20110412235216id_/http://www.bsnpr.com:80/jugadores/jugador.asp?id=1992&e=14,https://web.archive.org/web/20070404014145id_/http://www.bsnpr.com:80/jug05.asp?r3=00220&r2=462776RX2K&r=00113&e=,QUEBRADILLAS,2026-09-10T02:10:39Z
1992,1998,piratas_quebradillas,29,326,https://web.archive.org/web/20110412235216id_/http://www.bsnpr.com:80/jugadores/jugador.asp?id=1992&e=14,https://web.archive.org/web/20070404014145id_/http://www.bsnpr.com:80/jug05.asp?r3=00220&r2=462776RX2K&r=00113&e=,QUEBRADILLAS,2026-09-10T02:10:39Z
1992,1999,piratas_quebradillas,31,371,https://web.archive.org/web/20110412235216id_/http://www.bsnpr.com:80/jugadores/jugador.asp?id=1992&e=14,https://web.archive.org/web/20070404014145id_/http://www.bsnpr.com:80/jug05.asp?r3=00220&r2=462776RX2K&r=00113&e=,QUEBRADILLAS,2026-09-10T02:10:39Z
1992,2000,piratas_quebradillas,28,504,https://web.archive.org/web/20110412235216id_/http://www.bsnpr.com:80/jugadores/jugador.asp?id=1992&e=14,https://web.archive.org/web/20070404014145id_/http://www.bsnpr.com:80/jug05.asp?r3=00220&r2=462776RX2K&r=00113&e=,QUEBRADILLAS,2026-09-10T02:10:39Z
1992,2002,piratas_quebradillas,26,558,https://web.archive.org/web/20110412235216id_/http://www.bsnpr.com:80/jugadores/jugador.asp?id=1992&e=14,https://web.archive.org/web/20070404014145id_/http://www.bsnpr.com:80/jug05.asp?r3=00220&r2=462776RX2K&r=00113&e=,QUEBRADILLAS,2026-09-10T02:10:39Z
1992,2003,piratas_quebradillas,27,510,https://web.archive.org/web/20110412235216id_/http://www.bsnpr.com:80/jugadores/jugador.asp?id=1992&e=14,https://web.archive.org/web/20070404014145id_/http://www.bsnpr.com:80/jug05.asp?r3=00220&r2=462776RX2K&r=00113&e=,QUEBRADILLAS,2026-09-10T02:10:39Z
1992,2004,indios_mayaguez,21,267,https://web.archive.org/web/20110412235216id_/http://www.bsnpr.com:80/jugadores/jugador.asp?id=1992&e=14,https://web.archive.org/web/20070404014145id_/http://www.bsnpr.com:80/jug05.asp?r3=00220&r2=462776RX2K&r=00113&e=,MAYAGUEZ,2026-09-10T02:10:39Z
1995,2002,criollos_caguas,23,53,https://web.archive.org/web/20170715115934id_/http://www.bsnpr.com:80/jugadores/jugador.asp?id=1995&e=,https://web.archive.org/web/20061119230912id_/http://www.bsnpr.com/jug05.asp?r2=462686RWYM&r3=00050&r=00024&e=CAGUAS,CAGUAS,2026-09-10T02:08:19Z
1995,2003,criollos_caguas,25,199,https://web.archive.org/web/20170715115934id_/http://www.bsnpr.com:80/jugadores/jugador.asp?id=1995&e=,https://web.archive.org/web/20061119230912id_/http://www.bsnpr.com/jug05.asp?r2=462686RWYM&r3=00050&r=00024&e=CAGUAS,CAGUAS,2026-09-10T02:08:19Z
1995,2004,criollos_caguas,29,511,https://web.archive.org/web/20170715115934id_/http://www.bsnpr.com:80/jugadores/jugador.asp?id=1995&e=,https://web.archive.org/web/20061119230912id_/http://www.bsnpr.com/jug05.asp?r2=462686RWYM&r3=00050&r=00024&e=CAGUAS,CAGUAS,2026-09-10T02:08:19Z
2000,2001,brujos_guayama,14,48,https://web.archive.org/web/20080501072453id_/http://www.bsnpr.com:80/jugadores/jugador.asp?id=2000&e=13,https://web.archive.org/web/20061212190229id_/http://www.bsnpr.com:80/jug05.asp?r3=VUWKH&r2=QQUHMPOFDN&r=00061&e=,GUAYAMA,2026-09-10T01:56:09Z
2000,2002,capitanes_arecibo,1,0,https://web.archive.org/web/20080501072453id_/http://www.bsnpr.com:80/jugadores/jugador.asp?id=2000&e=13,https://web.archive.org/web/20061212190229id_/http://www.bsnpr.com:80/jug05.asp?r3=VUWKH&r2=QQUHMPOFDN&r=00061&e=,ARECIBO,2026-09-10T01:56:09Z
2028,2000,vaqueros_bayamon,15,93,https://web.archive.org/web/20130428000129id_/http://www.bsnpr.com:80/jugadores/jugador.asp?id=2028&e=,https://web.archive.org/web/20060427025909id_/http://www.bsnpr.com:80/jug05.asp?r3=00002&r2=462656RWXM&r=00115&e=,BAYAMON,2026-09-10T01:58:38Z
2028,2002,capitanes_arecibo,24,346,https://web.archive.org/web/20130428000129id_/http://www.bsnpr.com:80/jugadores/jugador.asp?id=2028&e=,https://web.archive.org/web/20060427025909id_/http://www.bsnpr.com:80/jug05.asp?r3=00002&r2=462656RWXM&r=00115&e=,ARECIBO,2026-09-10T01:58:38Z
2028,2003,capitanes_arecibo,19,295,https://web.archive.org/web/20130428000129id_/http://www.bsnpr.com:80/jugadores/jugador.asp?id=2028&e=,https://web.archive.org/web/20060427025909id_/http://www.bsnpr.com:80/jug05.asp?r3=00002&r2=462656RWXM&r=00115&e=,ARECIBO,2026-09-10T01:58:38Z
2028,2004,capitanes_arecibo,8,110,https://web.archive.org/web/20130428000129id_/http://www.bsnpr.com:80/jugadores/jugador.asp?id=2028&e=,https://web.archive.org/web/20060427025909id_/http://www.bsnpr.com:80/jug05.asp?r3=00002&r2=462656RWXM&r=00115&e=,ARECIBO,2026-09-10T01:58:38Z
2037,2002,indios_mayaguez,24,501,https://web.archive.org/web/20201209030505id_/https://www.bsnpr.com/jugadores/jugador.asp?id=2037&e=,https://web.archive.org/web/20061208064021id_/http://www.bsnpr.com:80/jug05.asp?r3=00199&r2=462756RX21&r=00082&e=,MAYAGUEZ,2026-09-10T01:55:22Z
2037,2003,indios_mayaguez,9,160,https://web.archive.org/web/20201209030505id_/https://www.bsnpr.com/jugadores/jugador.asp?id=2037&e=,https://web.archive.org/web/20061208064021id_/http://www.bsnpr.com:80/jug05.asp?r3=00199&r2=462756RX21&r=00082&e=,MAYAGUEZ,2026-09-10T01:55:22Z
2037,2003,leones_ponce,18,285,https://web.archive.org/web/20201209030505id_/https://www.bsnpr.com/jugadores/jugador.asp?id=2037&e=,https://web.archive.org/web/20061208064021id_/http://www.bsnpr.com:80/jug05.asp?r3=00199&r2=462756RX21&r=00082&e=,PONCE,2026-09-10T01:55:22Z
2037,2004,capitanes_arecibo,21,357,https://web.archive.org/web/20201209030505id_/https://www.bsnpr.com/jugadores/jugador.asp?id=2037&e=,https://web.archive.org/web/20061208064021id_/http://www.bsnpr.com:80/jug05.asp?r3=00199&r2=462756RX21&r=00082&e=,ARECIBO,2026-09-10T01:55:22Z
2057,2004,gallitos_isabela,26,350,https://web.archive.org/web/20090110034244id_/http://www.bsnpr.com:80/jugadores/jugador.asp?id=2057&e=,https://web.archive.org/web/20060618110706id_/http://www.bsnpr.com:80/jug05.asp?r=00022,ISABELA,2026-09-10T01:57:07Z
2067,1998,cariduros_fajardo,24,30,https://web.archive.org/web/20140122195735id_/http://www.bsnpr.com:80/jugadores/jugador.asp?id=2067&e=,https://web.archive.org/web/20061119230520id_/http://www.bsnpr.com/jug05.asp?r2=462746RX1M&r3=CVJWU&r=00126&e=COAMO,FAJARDO,2026-09-10T01:57:27Z
2067,1999,titanes_morovis,11,28,https://web.archive.org/web/20140122195735id_/http://www.bsnpr.com:80/jugadores/jugador.asp?id=2067&e=,https://web.archive.org/web/20061119230520id_/http://www.bsnpr.com/jug05.asp?r2=462746RX1M&r3=CVJWU&r=00126&e=COAMO,MOROVIS,2026-09-10T01:57:27Z
2067,2001,titanes_morovis,23,94,https://web.archive.org/web/20140122195735id_/http://www.bsnpr.com:80/jugadores/jugador.asp?id=2067&e=,https://web.archive.org/web/20061119230520id_/http://www.bsnpr.com/jug05.asp?r2=462746RX1M&r3=CVJWU&r=00126&e=COAMO,MOROVIS,2026-09-10T01:57:27Z
2067,2002,titanes_morovis,8,38,https://web.archive.org/web/20140122195735id_/http://www.bsnpr.com:80/jugadores/jugador.asp?id=2067&e=,https://web.archive.org/web/20061119230520id_/http://www.bsnpr.com/jug05.asp?r2=462746RX1M&r3=CVJWU&r=00126&e=COAMO,MOROVIS,2026-09-10T01:57:27Z
2074,1994,atleticos_san_german,21,31,https://web.archive.org/web/20100216125742id_/http://www.bsnpr.com:80/jugadores/jugador.asp?id=2074&e=5,https://web.archive.org/web/20060618110957id_/http://www.bsnpr.com:80/jug05.asp?r=00095,SAN GERMAN,2026-09-10T01:55:46Z
2074,1995,atleticos_san_german,30,150,https://web.archive.org/web/20100216125742id_/http://www.bsnpr.com:80/jugadores/jugador.asp?id=2074&e=5,https://web.archive.org/web/20060618110957id_/http://www.bsnpr.com:80/jug05.asp?r=00095,SAN GERMAN,2026-09-10T01:55:46Z
2074,1996,atleticos_san_german,34,300,https://web.archive.org/web/20100216125742id_/http://www.bsnpr.com:80/jugadores/jugador.asp?id=2074&e=5,https://web.archive.org/web/20060618110957id_/http://www.bsnpr.com:80/jug05.asp?r=00095,SAN GERMAN,2026-09-10T01:55:46Z
2074,1997,atleticos_san_german,30,318,https://web.archive.org/web/20100216125742id_/http://www.bsnpr.com:80/jugadores/jugador.asp?id=2074&e=5,https://web.archive.org/web/20060618110957id_/http://www.bsnpr.com:80/jug05.asp?r=00095,SAN GERMAN,2026-09-10T01:55:46Z
2074,1998,atleticos_san_german,25,301,https://web.archive.org/web/20100216125742id_/http://www.bsnpr.com:80/jugadores/jugador.asp?id=2074&e=5,https://web.archive.org/web/20060618110957id_/http://www.bsnpr.com:80/jug05.asp?r=00095,SAN GERMAN,2026-09-10T01:55:46Z
2074,1999,atleticos_san_german,29,448,https://web.archive.org/web/20100216125742id_/http://www.bsnpr.com:80/jugadores/jugador.asp?id=2074&e=5,https://web.archive.org/web/20060618110957id_/http://www.bsnpr.com:80/jug05.asp?r=00095,SAN GERMAN,2026-09-10T01:55:46Z
2074,2003,leones_ponce,23,325,https://web.archive.org/web/20100216125742id_/http://www.bsnpr.com:80/jugadores/jugador.asp?id=2074&e=5,https://web.archive.org/web/20060618110957id_/http://www.bsnpr.com:80/jug05.asp?r=00095,PONCE,2026-09-10T01:55:46Z
2074,2004,leones_ponce,29,531,https://web.archive.org/web/20100216125742id_/http://www.bsnpr.com:80/jugadores/jugador.asp?id=2074&e=5,https://web.archive.org/web/20060618110957id_/http://www.bsnpr.com:80/jug05.asp?r=00095,PONCE,2026-09-10T01:55:46Z
2090,1992,leones_ponce,11,4,https://web.archive.org/web/20200215225342id_/https://www.bsnpr.com/jugadores/jugador.asp?id=2090,https://web.archive.org/web/20060528213746id_/http://www.bsnpr.com:80/jug05.asp?r2=462796RX3G&r3=00257&r=00106&e=SANTURCE,PONCE,2026-09-10T01:53:47Z
2090,1993,leones_ponce,30,101,https://web.archive.org/web/20200215225342id_/https://www.bsnpr.com/jugadores/jugador.asp?id=2090,https://web.archive.org/web/20060528213746id_/http://www.bsnpr.com:80/jug05.asp?r2=462796RX3G&r3=00257&r=00106&e=SANTURCE,PONCE,2026-09-10T01:53:47Z
2090,1994,leones_ponce,19,55,https://web.archive.org/web/20200215225342id_/https://www.bsnpr.com/jugadores/jugador.asp?id=2090,https://web.archive.org/web/20060528213746id_/http://www.bsnpr.com:80/jug05.asp?r2=462796RX3G&r3=00257&r=00106&e=SANTURCE,PONCE,2026-09-10T01:53:47Z
2090,1995,leones_ponce,23,233,https://web.archive.org/web/20200215225342id_/https://www.bsnpr.com/jugadores/jugador.asp?id=2090,https://web.archive.org/web/20060528213746id_/http://www.bsnpr.com:80/jug05.asp?r2=462796RX3G&r3=00257&r=00106&e=SANTURCE,PONCE,2026-09-10T01:53:47Z
2090,1996,cariduros_fajardo,24,181,https://web.archive.org/web/20200215225342id_/https://www.bsnpr.com/jugadores/jugador.asp?id=2090,https://web.archive.org/web/20060528213746id_/http://www.bsnpr.com:80/jug05.asp?r2=462796RX3G&r3=00257&r=00106&e=SANTURCE,FAJARDO,2026-09-10T01:53:47Z
2090,1997,cariduros_fajardo,16,214,https://web.archive.org/web/20200215225342id_/https://www.bsnpr.com/jugadores/jugador.asp?id=2090,https://web.archive.org/web/20060528213746id_/http://www.bsnpr.com:80/jug05.asp?r2=462796RX3G&r3=00257&r=00106&e=SANTURCE,FAJARDO,2026-09-10T01:53:47Z
2090,1998,gallitos_isabela,28,274,https://web.archive.org/web/20200215225342id_/https://www.bsnpr.com/jugadores/jugador.asp?id=2090,https://web.archive.org/web/20060528213746id_/http://www.bsnpr.com:80/jug05.asp?r2=462796RX3G&r3=00257&r=00106&e=SANTURCE,ISABELA,2026-09-10T01:53:47Z
2090,1999,cangrejeros_santurce,16,190,https://web.archive.org/web/20200215225342id_/https://www.bsnpr.com/jugadores/jugador.asp?id=2090,https://web.archive.org/web/20060528213746id_/http://www.bsnpr.com:80/jug05.asp?r2=462796RX3G&r3=00257&r=00106&e=SANTURCE,SANTURCE,2026-09-10T01:53:47Z
2090,2000,cangrejeros_santurce,27,200,https://web.archive.org/web/20200215225342id_/https://www.bsnpr.com/jugadores/jugador.asp?id=2090,https://web.archive.org/web/20060528213746id_/http://www.bsnpr.com:80/jug05.asp?r2=462796RX3G&r3=00257&r=00106&e=SANTURCE,SANTURCE,2026-09-10T01:53:47Z
2090,2003,cangrejeros_santurce,15,112,https://web.archive.org/web/20200215225342id_/https://www.bsnpr.com/jugadores/jugador.asp?id=2090,https://web.archive.org/web/20060528213746id_/http://www.bsnpr.com:80/jug05.asp?r2=462796RX3G&r3=00257&r=00106&e=SANTURCE,SANTURCE,2026-09-10T01:53:47Z
2090,2004,cangrejeros_santurce,24,168,https://web.archive.org/web/20200215225342id_/https://www.bsnpr.com/jugadores/jugador.asp?id=2090,https://web.archive.org/web/20060528213746id_/http://www.bsnpr.com:80/jug05.asp?r2=462796RX3G&r3=00257&r=00106&e=SANTURCE,SANTURCE,2026-09-10T01:53:47Z
2145,1999,cangrejeros_santurce,10,11,https://web.archive.org/web/20140122195742id_/http://www.bsnpr.com:80/jugadores/jugador.asp?id=2145&e=,https://web.archive.org/web/20061215015245id_/http://www.bsnpr.com:80/jug05.asp?r3=OJXVC&r2=OKXSWMUWLG&r=00601&e=,SANTURCE,2026-09-10T01:53:50Z
2146,2003,maratonistas_coamo,23,57,https://web.archive.org/web/20130428000919id_/http://www.bsnpr.com:80/jugadores/jugador.asp?id=2146&e=,https://web.archive.org/web/20070224202659id_/http://www.bsnpr.com:80/jug05.asp?r2=462716RX07&r3=NOGDK&r=00127&e=SAN+GERMAN,COAMO,2026-09-10T02:09:42Z
2174,2004,atleticos_san_german,30,277,https://web.archive.org/web/20090517060121id_/http://www.bsnpr.com:80/jugadores/jugador.asp?id=2174&e=,https://web.archive.org/web/20050414064952id_/http://www.bsnpr.com:80/jug05.asp?r2=SDSYGKXYYO&r=JDYTN&e=ISABELA,SAN GERMAN,2026-09-10T01:53:14Z
2201,1993,piratas_quebradillas,24,126,https://web.archive.org/web/20080325084900id_/http://www.bsnpr.com:80/jugadores/jugador.asp?id=2201&e=12,https://web.archive.org/web/20070224202719id_/http://www.bsnpr.com:80/jug05.asp?r2=462736RX12&r3=00158&r=00010&e=SAN+GERMAN,QUEBRADILLAS,2026-09-10T02:10:08Z
2201,1994,piratas_quebradillas,19,101,https://web.archive.org/web/20080325084900id_/http://www.bsnpr.com:80/jugadores/jugador.asp?id=2201&e=12,https://web.archive.org/web/20070224202719id_/http://www.bsnpr.com:80/jug05.asp?r2=462736RX12&r3=00158&r=00010&e=SAN+GERMAN,QUEBRADILLAS,2026-09-10T02:10:08Z
2201,1995,piratas_quebradillas,19,107,https://web.archive.org/web/20080325084900id_/http://www.bsnpr.com:80/jugadores/jugador.asp?id=2201&e=12,https://web.archive.org/web/20070224202719id_/http://www.bsnpr.com:80/jug05.asp?r2=462736RX12&r3=00158&r=00010&e=SAN+GERMAN,QUEBRADILLAS,2026-09-10T02:10:08Z
2201,1996,piratas_quebradillas,31,263,https://web.archive.org/web/20080325084900id_/http://www.bsnpr.com:80/jugadores/jugador.asp?id=2201&e=12,https://web.archive.org/web/20070224202719id_/http://www.bsnpr.com:80/jug05.asp?r2=462736RX12&r3=00158&r=00010&e=SAN+GERMAN,QUEBRADILLAS,2026-09-10T02:10:08Z
2201,1997,piratas_quebradillas,16,64,https://web.archive.org/web/20080325084900id_/http://www.bsnpr.com:80/jugadores/jugador.asp?id=2201&e=12,https://web.archive.org/web/20070224202719id_/http://www.bsnpr.com:80/jug05.asp?r2=462736RX12&r3=00158&r=00010&e=SAN+GERMAN,QUEBRADILLAS,2026-09-10T02:10:08Z
2201,1999,indios_mayaguez,31,218,https://web.archive.org/web/20080325084900id_/http://www.bsnpr.com:80/jugadores/jugador.asp?id=2201&e=12,https://web.archive.org/web/20070224202719id_/http://www.bsnpr.com:80/jug05.asp?r2=462736RX12&r3=00158&r=00010&e=SAN+GERMAN,MAYAGUEZ,2026-09-10T02:10:08Z
2201,2003,indios_mayaguez,29,109,https://web.archive.org/web/20080325084900id_/http://www.bsnpr.com:80/jugadores/jugador.asp?id=2201&e=12,https://web.archive.org/web/20070224202719id_/http://www.bsnpr.com:80/jug05.asp?r2=462736RX12&r3=00158&r=00010&e=SAN+GERMAN,MAYAGUEZ,2026-09-10T02:10:08Z
2201,2004,indios_mayaguez,27,273,https://web.archive.org/web/20080325084900id_/http://www.bsnpr.com:80/jugadores/jugador.asp?id=2201&e=12,https://web.archive.org/web/20070224202719id_/http://www.bsnpr.com:80/jug05.asp?r2=462736RX12&r3=00158&r=00010&e=SAN+GERMAN,MAYAGUEZ,2026-09-10T02:10:08Z
2290,1992,mets_guaynabo,8,3,https://web.archive.org/web/20170715121633id_/http://www.bsnpr.com:80/jugadores/jugador.asp?id=2290&e=,https://web.archive.org/web/20061208064222id_/http://www.bsnpr.com:80/jug05.asp?r3=00185&r2=462756RX1N&r=00044&e=,GUAYNABO,2026-09-10T01:53:57Z
2290,1993,mets_guaynabo,9,19,https://web.archive.org/web/20170715121633id_/http://www.bsnpr.com:80/jugadores/jugador.asp?id=2290&e=,https://web.archive.org/web/20061208064222id_/http://www.bsnpr.com:80/jug05.asp?r3=00185&r2=462756RX1N&r=00044&e=,GUAYNABO,2026-09-10T01:53:57Z
2290,1994,titanes_morovis,16,27,https://web.archive.org/web/20170715121633id_/http://www.bsnpr.com:80/jugadores/jugador.asp?id=2290&e=,https://web.archive.org/web/20061208064222id_/http://www.bsnpr.com:80/jug05.asp?r3=00185&r2=462756RX1N&r=00044&e=,MOROVIS,2026-09-10T01:53:57Z
2290,1995,titanes_morovis,27,68,https://web.archive.org/web/20170715121633id_/http://www.bsnpr.com:80/jugadores/jugador.asp?id=2290&e=,https://web.archive.org/web/20061208064222id_/http://www.bsnpr.com:80/jug05.asp?r3=00185&r2=462756RX1N&r=00044&e=,MOROVIS,2026-09-10T01:53:57Z
2290,1996,titanes_morovis,34,291,https://web.archive.org/web/20170715121633id_/http://www.bsnpr.com:80/jugadores/jugador.asp?id=2290&e=,https://web.archive.org/web/20061208064222id_/http://www.bsnpr.com:80/jug05.asp?r3=00185&r2=462756RX1N&r=00044&e=,MOROVIS,2026-09-10T01:53:57Z
2290,1997,titanes_morovis,32,301,https://web.archive.org/web/20170715121633id_/http://www.bsnpr.com:80/jugadores/jugador.asp?id=2290&e=,https://web.archive.org/web/20061208064222id_/http://www.bsnpr.com:80/jug05.asp?r3=00185&r2=462756RX1N&r=00044&e=,MOROVIS,2026-09-10T01:53:57Z
2290,1998,titanes_morovis,30,297,https://web.archive.org/web/20170715121633id_/http://www.bsnpr.com:80/jugadores/jugador.asp?id=2290&e=,https://web.archive.org/web/20061208064222id_/http://www.bsnpr.com:80/jug05.asp?r3=00185&r2=462756RX1N&r=00044&e=,MOROVIS,2026-09-10T01:53:57Z
2290,1999,titanes_morovis,30,361,https://web.archive.org/web/20170715121633id_/http://www.bsnpr.com:80/jugadores/jugador.asp?id=2290&e=,https://web.archive.org/web/20061208064222id_/http://www.bsnpr.com:80/jug05.asp?r3=00185&r2=462756RX1N&r=00044&e=,MOROVIS,2026-09-10T01:53:57Z
2290,2000,titanes_morovis,28,348,https://web.archive.org/web/20170715121633id_/http://www.bsnpr.com:80/jugadores/jugador.asp?id=2290&e=,https://web.archive.org/web/20061208064222id_/http://www.bsnpr.com:80/jug05.asp?r3=00185&r2=462756RX1N&r=00044&e=,MOROVIS,2026-09-10T01:53:57Z
2290,2001,titanes_morovis,23,445,https://web.archive.org/web/20170715121633id_/http://www.bsnpr.com:80/jugadores/jugador.asp?id=2290&e=,https://web.archive.org/web/20061208064222id_/http://www.bsnpr.com:80/jug05.asp?r3=00185&r2=462756RX1N&r=00044&e=,MOROVIS,2026-09-10T01:53:57Z
2290,2002,titanes_morovis,30,644,https://web.archive.org/web/20170715121633id_/http://www.bsnpr.com:80/jugadores/jugador.asp?id=2290&e=,https://web.archive.org/web/20061208064222id_/http://www.bsnpr.com:80/jug05.asp?r3=00185&r2=462756RX1N&r=00044&e=,MOROVIS,2026-09-10T01:53:57Z
2290,2003,titanes_morovis,16,301,https://web.archive.org/web/20170715121633id_/http://www.bsnpr.com:80/jugadores/jugador.asp?id=2290&e=,https://web.archive.org/web/20061208064222id_/http://www.bsnpr.com:80/jug05.asp?r3=00185&r2=462756RX1N&r=00044&e=,MOROVIS,2026-09-10T01:53:57Z
2290,2004,vaqueros_bayamon,30,430,https://web.archive.org/web/20170715121633id_/http://www.bsnpr.com:80/jugadores/jugador.asp?id=2290&e=,https://web.archive.org/web/20061208064222id_/http://www.bsnpr.com:80/jug05.asp?r3=00185&r2=462756RX1N&r=00044&e=,BAYAMON,2026-09-10T01:53:57Z
