franchise_id,season,season_source,template,section,jersey_number,name_raw,name_order,height_cm,position_raw,birth_year_2digit,age,approx_birth_year,nationality_raw,years_from,years_to,former_team_raw,eurobasket_player_id,latinbasket_player_id,profile_url,completeness,source_id,source_url,retrieved_at,confidence
atenienses_manati,2015,capture_year,widget,starting_five,,Lorrenzo Wade,given_first,198,F,,30,1985,,,,,,116395,http://basketball.latinbasket.com/player/Lorrenzo_Wade/Puerto-Rico/Atenienses_de_Manati/116395,full,latinbasket,http://basketball.latinbasket.com:80/team/Puerto-Rico/Atenienses_de_Manati/1963,20150513020841,single-source
atenienses_manati,2015,capture_year,widget,starting_five,,Carmelo Lee,given_first,201,F,,38,1977,,,,,,49026,http://basketball.latinbasket.com/player/Carmelo_Lee/Puerto-Rico/Atenienses_de_Manati/49026,full,latinbasket,http://basketball.latinbasket.com:80/team/Puerto-Rico/Atenienses_de_Manati/1963,20150513020841,single-source
atenienses_manati,2015,capture_year,widget,starting_five,,Ricardo Sanchez,given_first,212,C/F,,28,1987,,,,,,41221,http://basketball.latinbasket.com/player/Ricardo_Sanchez/Puerto-Rico/Atenienses_de_Manati/41221,full,latinbasket,http://basketball.latinbasket.com:80/team/Puerto-Rico/Atenienses_de_Manati/1963,20150513020841,single-source
atenienses_manati,2015,capture_year,widget,starting_five,,Jonathan Garcia,given_first,183,G,,28,1987,,,,,,101328,http://basketball.latinbasket.com/player/Jonathan_Garcia/Puerto-Rico/Atenienses_de_Manati/101328,full,latinbasket,http://basketball.latinbasket.com:80/team/Puerto-Rico/Atenienses_de_Manati/1963,20150513020841,single-source
atenienses_manati,2015,capture_year,widget,starting_five,,Ricardo Melendez,given_first,179,PG,,32,1983,,,,,,55073,http://basketball.latinbasket.com/player/Ricardo_Melendez/Puerto-Rico/Atenienses_de_Manati/55073,full,latinbasket,http://basketball.latinbasket.com:80/team/Puerto-Rico/Atenienses_de_Manati/1963,20150513020841,single-source
atenienses_manati,2015,capture_year,widget,reserve,,Dominique Jones,given_first,193,G,,27,1988,,,,,,136037,http://basketball.latinbasket.com/player/Dominique_Jones/Puerto-Rico/Atenienses_de_Manati/136037,full,latinbasket,http://basketball.latinbasket.com:80/team/Puerto-Rico/Atenienses_de_Manati/1963,20150513020841,single-source
atenienses_manati,2015,capture_year,widget,reserve,,Ekenechukwu Ibekwe,given_first,206,F/C,,30,1985,,,,,,61166,http://basketball.latinbasket.com/player/Ekenechukwu_Ibekwe/Puerto-Rico/Atenienses_de_Manati/61166,full,latinbasket,http://basketball.latinbasket.com:80/team/Puerto-Rico/Atenienses_de_Manati/1963,20150513020841,single-source
atenienses_manati,2015,capture_year,widget,reserve,,Jerome James,given_first,216,C,,40,1975,,,,,,24823,http://basketball.latinbasket.com/player/Jerome_James/Puerto-Rico/Atenienses_de_Manati/24823,full,latinbasket,http://basketball.latinbasket.com:80/team/Puerto-Rico/Atenienses_de_Manati/1963,20150513020841,single-source
atenienses_manati,2015,capture_year,widget,reserve,,Joseph Soto,given_first,190,G,,22,1993,,,,,,340918,http://basketball.latinbasket.com/player/Joseph_Soto/Puerto-Rico/Atenienses_de_Manati/340918,full,latinbasket,http://basketball.latinbasket.com:80/team/Puerto-Rico/Atenienses_de_Manati/1963,20150513020841,single-source
atenienses_manati,2015,capture_year,widget,reserve,,Maalik Wayns,given_first,185,PG,,24,1991,,,,,,155288,http://basketball.latinbasket.com/player/Maalik_Wayns/Puerto-Rico/Atenienses_de_Manati/155288,full,latinbasket,http://basketball.latinbasket.com:80/team/Puerto-Rico/Atenienses_de_Manati/1963,20150513020841,single-source
atenienses_manati,2016,capture_year,widget,starting_five,7,Dallas Logan,given_first,193,G,,33,1983,,,,,,65392,http://basketball.latinbasket.com/player/Dallas-Logan/Puerto-Rico/Atenienses-de-Manati/65392,full,latinbasket,http://basketball.latinbasket.com:80/team/Puerto-Rico/Atenienses-de-Manati/1963,20160811092940,single-source
atenienses_manati,2016,capture_year,widget,starting_five,0,Jose Cruz Solla,given_first,201,F,,24,1992,,,,,,387840,http://basketball.latinbasket.com/player/Jose-Cruz-Solla/Puerto-Rico/Atenienses-de-Manati/387840,full,latinbasket,http://basketball.latinbasket.com:80/team/Puerto-Rico/Atenienses-de-Manati/1963,20160811092940,single-source
atenienses_manati,2016,capture_year,widget,reserve,13,Gabriel Ruiz,given_first,198,F/C,,32,1984,,,,,,118930,http://basketball.latinbasket.com/player/Gabriel-Ruiz/Puerto-Rico/Atenienses-de-Manati/118930,full,latinbasket,http://basketball.latinbasket.com:80/team/Puerto-Rico/Atenienses-de-Manati/1963,20160811092940,single-source
atenienses_manati,2016,capture_year,widget,starting_five,6,Andrew James Ogilvy,given_first,211,C,,28,1988,,,,,,73704,http://basketball.latinbasket.com/player/Andrew-James-Ogilvy/Puerto-Rico/Atenienses-de-Manati/73704,full,latinbasket,http://basketball.latinbasket.com:80/team/Puerto-Rico/Atenienses-de-Manati/1963,20160811092940,single-source
atenienses_manati,2016,capture_year,widget,starting_five,14,Alexis Colon,given_first,,,,,,,,,,,222232,http://basketball.latinbasket.com/player/Alexis-Colon/Puerto-Rico/Atenienses-de-Manati/222232,full,latinbasket,http://basketball.latinbasket.com:80/team/Puerto-Rico/Atenienses-de-Manati/1963,20160811092940,single-source
atenienses_manati,2016,capture_year,widget,starting_five,8,Omar Alvarado,given_first,180,PG,,32,1984,,,,,,55079,http://basketball.latinbasket.com/player/Omar-Alvarado/Puerto-Rico/Atenienses-de-Manati/55079,full,latinbasket,http://basketball.latinbasket.com:80/team/Puerto-Rico/Atenienses-de-Manati/1963,20160811092940,single-source
atenienses_manati,2016,capture_year,widget,reserve,22,Ricardo Melendez,given_first,179,G,,32,1984,,,,,,55073,http://basketball.latinbasket.com/player/Ricardo-Melendez/Puerto-Rico/Atenienses-de-Manati/55073,full,latinbasket,http://basketball.latinbasket.com:80/team/Puerto-Rico/Atenienses-de-Manati/1963,20160811092940,single-source
atenienses_manati,2016,capture_year,widget,reserve,11,Luis Medina,given_first,,,,,,,,,,,328087,http://basketball.latinbasket.com/player/Luis-Medina/Puerto-Rico/Atenienses-de-Manati/328087,full,latinbasket,http://basketball.latinbasket.com:80/team/Puerto-Rico/Atenienses-de-Manati/1963,20160811092940,single-source
atenienses_manati,2017,capture_year,photo_strip,teaser,,Nathanael Crispin,given_first,,,,,,,,,,,1323,http://basketball.latinbasket.com/player/Nathanael-Crispin/Puerto-Rico/Atenienses-de-Manati/1323,partial,latinbasket,http://basketball.latinbasket.com/team/Puerto-Rico/Atenienses-de-Manati/1963,20170703134800,single-source
atenienses_manati,2017,capture_year,photo_strip,teaser,,Orlando Santiago,given_first,,,,,,,,,,,9562,http://basketball.latinbasket.com/player/Orlando-Santiago/Puerto-Rico/Atenienses-de-Manati/9562,partial,latinbasket,http://basketball.latinbasket.com/team/Puerto-Rico/Atenienses-de-Manati/1963,20170703134800,single-source
atenienses_manati,2017,capture_year,photo_strip,teaser,,Raymond Dalmau,given_first,,,,,,,,,,,16692,http://basketball.latinbasket.com/player/Raymond-Dalmau/Puerto-Rico/Atenienses-de-Manati/16692,partial,latinbasket,http://basketball.latinbasket.com/team/Puerto-Rico/Atenienses-de-Manati/1963,20170703134800,single-source
atenienses_manati,2017,capture_year,photo_strip,teaser,,Jerome Moiso,given_first,,,,,,,,,,,17956,http://basketball.latinbasket.com/player/Jerome-Moiso/Puerto-Rico/Atenienses-de-Manati/17956,partial,latinbasket,http://basketball.latinbasket.com/team/Puerto-Rico/Atenienses-de-Manati/1963,20170703134800,single-source
atenienses_manati,2017,capture_year,photo_strip,teaser,,Ian Lockhart,given_first,,,,,,,,,,,22391,http://basketball.latinbasket.com/player/Ian-Lockhart/Puerto-Rico/Atenienses-de-Manati/22391,partial,latinbasket,http://basketball.latinbasket.com/team/Puerto-Rico/Atenienses-de-Manati/1963,20170703134800,single-source
atleticos_san_german,2009,year_param,flat_bo,roster,1,Pellot-Rosa Jesse,surname_first,193,G,84,,,USA,,,,50790,,http://www.eurobasket.com/player.asp?Cntry=PUR&PlayerID=50790,full,latinbasket,http://basketball.latinbasket.com:80/team/Puerto-Rico/Atleticos-de-San-German/1957?Year=2009,20160401114423,single-source
atleticos_san_german,2009,year_param,flat_bo,roster,21,Dyer Alphonse,surname_first,213,C,85,,,USA-PUR,,,,54205,,http://www.eurobasket.com/player.asp?Cntry=PUR&PlayerID=54205,full,latinbasket,http://basketball.latinbasket.com:80/team/Puerto-Rico/Atleticos-de-San-German/1957?Year=2009,20160401114423,single-source
atleticos_san_german,2009,year_param,flat_bo,roster,11,Osimani Martin,surname_first,194,G,81,,,URU,,,,23852,,http://www.eurobasket.com/player.asp?Cntry=PUR&PlayerID=23852,full,latinbasket,http://basketball.latinbasket.com:80/team/Puerto-Rico/Atleticos-de-San-German/1957?Year=2009,20160401114423,single-source
atleticos_san_german,2009,year_param,flat_bo,roster,15,Wolkowisky Ruben,surname_first,207,C,73,,,ARG-POL,,,,7173,,http://www.eurobasket.com/player.asp?Cntry=PUR&PlayerID=7173,full,latinbasket,http://basketball.latinbasket.com:80/team/Puerto-Rico/Atleticos-de-San-German/1957?Year=2009,20160401114423,single-source
atleticos_san_german,2009,year_param,flat_bo,roster,16,De Jesus Manuel,surname_first,206,C,83,,,PUR,,,,40766,,http://www.eurobasket.com/player.asp?Cntry=PUR&PlayerID=40766,full,latinbasket,http://basketball.latinbasket.com:80/team/Puerto-Rico/Atleticos-de-San-German/1957?Year=2009,20160401114423,single-source
atleticos_san_german,2009,year_param,flat_bo,roster,8,Alvarado Omar,surname_first,180,G,83,,,PUR,,,,55079,,http://www.eurobasket.com/player.asp?Cntry=PUR&PlayerID=55079,full,latinbasket,http://basketball.latinbasket.com:80/team/Puerto-Rico/Atleticos-de-San-German/1957?Year=2009,20160401114423,single-source
atleticos_san_german,2009,year_param,flat_bo,roster,20,Mendez Osvaldo,surname_first,188,G,82,,,PUR,,,,59898,,http://www.eurobasket.com/player.asp?Cntry=PUR&PlayerID=59898,full,latinbasket,http://basketball.latinbasket.com:80/team/Puerto-Rico/Atleticos-de-San-German/1957?Year=2009,20160401114423,single-source
atleticos_san_german,2009,year_param,flat_bo,roster,7,Paniagua Angel,surname_first,204,F/C,75,,,PUR,,,,16908,,http://www.eurobasket.com/player.asp?Cntry=PUR&PlayerID=16908,full,latinbasket,http://basketball.latinbasket.com:80/team/Puerto-Rico/Atleticos-de-San-German/1957?Year=2009,20160401114423,single-source
atleticos_san_german,2009,year_param,flat_bo,roster,2,Martinez Freddie,surname_first,196,F/G,76,,,PUR,,,,19802,,http://www.eurobasket.com/player.asp?Cntry=PUR&PlayerID=19802,full,latinbasket,http://basketball.latinbasket.com:80/team/Puerto-Rico/Atleticos-de-San-German/1957?Year=2009,20160401114423,single-source
atleticos_san_german,2009,year_param,flat_bo,roster,13,Ruiz Gabriel,surname_first,198,F/C,83,,,PUR,,,,118930,,http://www.eurobasket.com/player.asp?Cntry=PUR&PlayerID=118930,full,latinbasket,http://basketball.latinbasket.com:80/team/Puerto-Rico/Atleticos-de-San-German/1957?Year=2009,20160401114423,single-source
atleticos_san_german,2009,year_param,flat_bo,roster,4,Ramirez Luis Steven,surname_first,180,G,86,,,PUR,,,,173052,,http://www.eurobasket.com/player.asp?Cntry=PUR&PlayerID=173052,full,latinbasket,http://basketball.latinbasket.com:80/team/Puerto-Rico/Atleticos-de-San-German/1957?Year=2009,20160401114423,single-source
atleticos_san_german,2009,year_param,flat_bo,roster,12,Andino Guillermo,surname_first,186,G,88,,,PUR,,,,104877,,http://www.eurobasket.com/player.asp?Cntry=PUR&PlayerID=104877,full,latinbasket,http://basketball.latinbasket.com:80/team/Puerto-Rico/Atleticos-de-San-German/1957?Year=2009,20160401114423,single-source
atleticos_san_german,2009,year_param,flat_bo,roster,23,Martinez Carlos,surname_first,191,G,88,,,PUR,,,,107437,,http://www.eurobasket.com/player.asp?Cntry=PUR&PlayerID=107437,full,latinbasket,http://basketball.latinbasket.com:80/team/Puerto-Rico/Atleticos-de-San-German/1957?Year=2009,20160401114423,single-source
atleticos_san_german,2010,year_param,flat_bo,roster,33,Wilson Monty,surname_first,197,F,73,,,USA,,,,4555,,http://www.eurobasket.com/player.asp?Cntry=PUR&PlayerID=4555,full,latinbasket,http://basketball.latinbasket.com:80/team/Puerto-Rico/Atleticos-de-San-German/1957?Year=2010,20160331180338,single-source
atleticos_san_german,2010,year_param,flat_bo,roster,12,Cooperland Daniel,surname_first,177,G,84,,,USA-PUR,,,,31635,,http://www.eurobasket.com/player.asp?Cntry=PUR&PlayerID=31635,full,latinbasket,http://basketball.latinbasket.com:80/team/Puerto-Rico/Atleticos-de-San-German/1957?Year=2010,20160331180338,single-source
atleticos_san_german,2010,year_param,flat_bo,roster,21,Dyer Alphonse,surname_first,213,C,85,,,USA-PUR,,,,54205,,http://www.eurobasket.com/player.asp?Cntry=PUR&PlayerID=54205,full,latinbasket,http://basketball.latinbasket.com:80/team/Puerto-Rico/Atleticos-de-San-German/1957?Year=2010,20160331180338,single-source
atleticos_san_german,2010,year_param,flat_bo,roster,22,Villegas Johwen,surname_first,193,G,85,,,PUR,,,,64961,,http://www.eurobasket.com/player.asp?Cntry=PUR&PlayerID=64961,full,latinbasket,http://basketball.latinbasket.com:80/team/Puerto-Rico/Atleticos-de-San-German/1957?Year=2010,20160331180338,single-source
atleticos_san_german,2010,year_param,flat_bo,roster,09,Abraham Ryann,surname_first,178,G,87,,,PUR,,,,71460,,http://www.eurobasket.com/player.asp?Cntry=PUR&PlayerID=71460,full,latinbasket,http://basketball.latinbasket.com:80/team/Puerto-Rico/Atleticos-de-San-German/1957?Year=2010,20160331180338,single-source
atleticos_san_german,2010,year_param,flat_bo,roster,33,Hickerson LeRoy,surname_first,196,G,82,,,USA,,,,82126,,http://www.eurobasket.com/player.asp?Cntry=PUR&PlayerID=82126,full,latinbasket,http://basketball.latinbasket.com:80/team/Puerto-Rico/Atleticos-de-San-German/1957?Year=2010,20160331180338,single-source
atleticos_san_german,2010,year_param,flat_bo,roster,02,Melvin Marcus,surname_first,203,F,82,,,IRI,,,,39011,,http://www.eurobasket.com/player.asp?Cntry=PUR&PlayerID=39011,full,latinbasket,http://basketball.latinbasket.com:80/team/Puerto-Rico/Atleticos-de-San-German/1957?Year=2010,20160331180338,single-source
atleticos_san_german,2010,year_param,flat_bo,roster,13,Ruiz Gabriel,surname_first,198,F/C,83,,,PUR,,,,118930,,http://www.eurobasket.com/player.asp?Cntry=PUR&PlayerID=118930,full,latinbasket,http://basketball.latinbasket.com:80/team/Puerto-Rico/Atleticos-de-San-German/1957?Year=2010,20160331180338,single-source
atleticos_san_german,2010,year_param,flat_bo,roster,07,Orta Raul,surname_first,196,G,85,,,VEN-PUR,,,,47349,,http://www.eurobasket.com/player.asp?Cntry=PUR&PlayerID=47349,full,latinbasket,http://basketball.latinbasket.com:80/team/Puerto-Rico/Atleticos-de-San-German/1957?Year=2010,20160331180338,single-source
atleticos_san_german,2010,year_param,flat_bo,roster,32,Strong Carlos,surname_first,191,G,87,,,USA,,,,115097,,http://www.eurobasket.com/player.asp?Cntry=PUR&PlayerID=115097,full,latinbasket,http://basketball.latinbasket.com:80/team/Puerto-Rico/Atleticos-de-San-German/1957?Year=2010,20160331180338,single-source
atleticos_san_german,2010,year_param,flat_bo,roster,34,Lassiter Bryant,surname_first,178,G,87,,,USA-PUR,,,,141607,,http://www.eurobasket.com/player.asp?Cntry=PUR&PlayerID=141607,full,latinbasket,http://basketball.latinbasket.com:80/team/Puerto-Rico/Atleticos-de-San-German/1957?Year=2010,20160331180338,single-source
atleticos_san_german,2010,year_param,flat_bo,roster,11,Rosa-Clemente Luis,surname_first,203,F/C,82,,,USA-PUR,,,,39952,,http://www.eurobasket.com/player.asp?Cntry=PUR&PlayerID=39952,full,latinbasket,http://basketball.latinbasket.com:80/team/Puerto-Rico/Atleticos-de-San-German/1957?Year=2010,20160331180338,single-source
atleticos_san_german,2010,year_param,flat_bo,roster,16,Andino Guillermo,surname_first,186,G,88,,,PUR,,,,104877,,http://www.eurobasket.com/player.asp?Cntry=PUR&PlayerID=104877,full,latinbasket,http://basketball.latinbasket.com:80/team/Puerto-Rico/Atleticos-de-San-German/1957?Year=2010,20160331180338,single-source
atleticos_san_german,2010,year_param,flat_bo,roster,23,Andino Jose,surname_first,198,G/F,89,,,PUR,,,,149203,,http://www.eurobasket.com/player.asp?Cntry=PUR&PlayerID=149203,full,latinbasket,http://basketball.latinbasket.com:80/team/Puerto-Rico/Atleticos-de-San-German/1957?Year=2010,20160331180338,single-source
atleticos_san_german,2010,year_param,flat_bo,roster,04,Ramirez Luis Steven,surname_first,180,G,86,,,PUR,,,,173052,,http://www.eurobasket.com/player.asp?Cntry=PUR&PlayerID=173052,full,latinbasket,http://basketball.latinbasket.com:80/team/Puerto-Rico/Atleticos-de-San-German/1957?Year=2010,20160331180338,single-source
atleticos_san_german,2010,year_param,flat_bo,roster,08,Mercado Ismael,surname_first,,,,,,PUR,,,,194775,,http://www.eurobasket.com/player.asp?Cntry=PUR&PlayerID=194775,full,latinbasket,http://basketball.latinbasket.com:80/team/Puerto-Rico/Atleticos-de-San-German/1957?Year=2010,20160331180338,single-source
atleticos_san_german,2011,year_param,flat_bo,roster,12,Copeland Donald,surname_first,177,PG,84,,,,,,,31635,,http://www.eurobasket.com/player.asp?Cntry=PUR&PlayerID=31635,full,latinbasket,http://basketball.latinbasket.com:80/team/Puerto-Rico/Atleticos-de-San-German/1957?Year=2011,20160401120859,single-source
atleticos_san_german,2011,year_param,flat_bo,roster,,Rice Darius,surname_first,208,F,82,,,,,,,38755,,http://www.eurobasket.com/player.asp?Cntry=PUR&PlayerID=38755,full,latinbasket,http://basketball.latinbasket.com:80/team/Puerto-Rico/Atleticos-de-San-German/1957?Year=2011,20160401120859,single-source
atleticos_san_german,2011,year_param,flat_bo,roster,14,Pellot-Rosa Jesse,surname_first,193,G,84,,,,,,,50790,,http://www.eurobasket.com/player.asp?Cntry=PUR&PlayerID=50790,full,latinbasket,http://basketball.latinbasket.com:80/team/Puerto-Rico/Atleticos-de-San-German/1957?Year=2011,20160401120859,single-source
atleticos_san_german,2011,year_param,flat_bo,roster,15,Dyer Alphonse,surname_first,213,F/C,85,,,,,,,54205,,http://www.eurobasket.com/player.asp?Cntry=PUR&PlayerID=54205,full,latinbasket,http://basketball.latinbasket.com:80/team/Puerto-Rico/Atleticos-de-San-German/1957?Year=2011,20160401120859,single-source
atleticos_san_german,2011,year_param,flat_bo,roster,7,Strong Carlos,surname_first,191,G,87,,,,,,,115097,,http://www.eurobasket.com/player.asp?Cntry=PUR&PlayerID=115097,full,latinbasket,http://basketball.latinbasket.com:80/team/Puerto-Rico/Atleticos-de-San-German/1957?Year=2011,20160401120859,single-source
atleticos_san_german,2011,year_param,flat_bo,roster,13,Ruiz Gabriel,surname_first,198,F/C,83,,,,,,,118930,,http://www.eurobasket.com/player.asp?Cntry=PUR&PlayerID=118930,full,latinbasket,http://basketball.latinbasket.com:80/team/Puerto-Rico/Atleticos-de-San-German/1957?Year=2011,20160401120859,single-source
atleticos_san_german,2011,year_param,flat_bo,roster,20,Melendez Ricardo,surname_first,180,G,83,,,,,,,55073,,http://www.eurobasket.com/player.asp?Cntry=PUR&PlayerID=55073,full,latinbasket,http://basketball.latinbasket.com:80/team/Puerto-Rico/Atleticos-de-San-German/1957?Year=2011,20160401120859,single-source
atleticos_san_german,2011,year_param,flat_bo,roster,16,Zayas Hector,surname_first,196,F,81,,,,,,,23562,,http://www.eurobasket.com/player.asp?Cntry=PUR&PlayerID=23562,full,latinbasket,http://basketball.latinbasket.com:80/team/Puerto-Rico/Atleticos-de-San-German/1957?Year=2011,20160401120859,single-source
atleticos_san_german,2011,year_param,flat_bo,roster,8,Orta Raul,surname_first,196,G,85,,,,,,,47349,,http://www.eurobasket.com/player.asp?Cntry=PUR&PlayerID=47349,full,latinbasket,http://basketball.latinbasket.com:80/team/Puerto-Rico/Atleticos-de-San-German/1957?Year=2011,20160401120859,single-source
atleticos_san_german,2011,year_param,flat_bo,roster,52,Lloreda Jaime,surname_first,201,F/C,80,,,,,,,22312,,http://www.eurobasket.com/player.asp?Cntry=PUR&PlayerID=22312,full,latinbasket,http://basketball.latinbasket.com:80/team/Puerto-Rico/Atleticos-de-San-German/1957?Year=2011,20160401120859,single-source
atleticos_san_german,2011,year_param,flat_bo,roster,9,Abraham Ryann,surname_first,178,PG,87,,,,,,,71460,,http://www.eurobasket.com/player.asp?Cntry=PUR&PlayerID=71460,full,latinbasket,http://basketball.latinbasket.com:80/team/Puerto-Rico/Atleticos-de-San-German/1957?Year=2011,20160401120859,single-source
atleticos_san_german,2012,year_param,flat_bo,roster,,Pinkney Kevinn,surname_first,207,F,83,,,,,,,43945,,http://www.eurobasket.com/player.asp?Cntry=PUR&PlayerID=43945,full,latinbasket,http://basketball.latinbasket.com:80/team/Puerto-Rico/Atleticos-de-San-German/1957?Year=2012,20160331154649,single-source
atleticos_san_german,2012,year_param,flat_bo,roster,1,Pellot-Rosa Jesse,surname_first,193,G,84,,,,,,,50790,,http://www.eurobasket.com/player.asp?Cntry=PUR&PlayerID=50790,full,latinbasket,http://basketball.latinbasket.com:80/team/Puerto-Rico/Atleticos-de-San-German/1957?Year=2012,20160331154649,single-source
atleticos_san_german,2012,year_param,flat_bo,roster,6,Rivera Filiberto,surname_first,190,PG,82,,,,,,,23572,,http://www.eurobasket.com/player.asp?Cntry=PUR&PlayerID=23572,full,latinbasket,http://basketball.latinbasket.com:80/team/Puerto-Rico/Atleticos-de-San-German/1957?Year=2012,20160331154649,single-source
atleticos_san_german,2012,year_param,flat_bo,roster,22,Strong Carlos,surname_first,191,G,87,,,,,,,115097,,http://www.eurobasket.com/player.asp?Cntry=PUR&PlayerID=115097,full,latinbasket,http://basketball.latinbasket.com:80/team/Puerto-Rico/Atleticos-de-San-German/1957?Year=2012,20160331154649,single-source
atleticos_san_german,2012,year_param,flat_bo,roster,12,Rodriguez Joey,surname_first,178,PG,88,,,,,,,136228,,http://www.eurobasket.com/player.asp?Cntry=PUR&PlayerID=136228,full,latinbasket,http://basketball.latinbasket.com:80/team/Puerto-Rico/Atleticos-de-San-German/1957?Year=2012,20160331154649,single-source
atleticos_san_german,2012,year_param,flat_bo,roster,,Garnett Marlon,surname_first,188,G,75,,,,,,,20940,,http://www.eurobasket.com/player.asp?Cntry=PUR&PlayerID=20940,full,latinbasket,http://basketball.latinbasket.com:80/team/Puerto-Rico/Atleticos-de-San-German/1957?Year=2012,20160331154649,single-source
atleticos_san_german,2012,year_param,flat_bo,roster,8,Orta Raul,surname_first,196,G,85,,,,,,,47349,,http://www.eurobasket.com/player.asp?Cntry=PUR&PlayerID=47349,full,latinbasket,http://basketball.latinbasket.com:80/team/Puerto-Rico/Atleticos-de-San-German/1957?Year=2012,20160331154649,single-source
atleticos_san_german,2012,year_param,flat_bo,roster,,Portalatin Wayne,surname_first,208,C,88,,,,,,,136464,,http://www.eurobasket.com/player.asp?Cntry=PUR&PlayerID=136464,full,latinbasket,http://basketball.latinbasket.com:80/team/Puerto-Rico/Atleticos-de-San-German/1957?Year=2012,20160331154649,single-source
atleticos_san_german,2012,year_param,flat_bo,roster,24,Guitian Jose,surname_first,207,F,87,,,,,,,174062,,http://www.eurobasket.com/player.asp?Cntry=PUR&PlayerID=174062,full,latinbasket,http://basketball.latinbasket.com:80/team/Puerto-Rico/Atleticos-de-San-German/1957?Year=2012,20160331154649,single-source
atleticos_san_german,2012,year_param,flat_bo,roster,50,De Jesus Manuel,surname_first,206,C/F,83,,,,,,,40766,,http://www.eurobasket.com/player.asp?Cntry=PUR&PlayerID=40766,full,latinbasket,http://basketball.latinbasket.com:80/team/Puerto-Rico/Atleticos-de-San-German/1957?Year=2012,20160331154649,single-source
atleticos_san_german,2012,year_param,flat_bo,roster,13,Ruiz Gabriel,surname_first,198,F/C,83,,,,,,,118930,,http://www.eurobasket.com/player.asp?Cntry=PUR&PlayerID=118930,full,latinbasket,http://basketball.latinbasket.com:80/team/Puerto-Rico/Atleticos-de-San-German/1957?Year=2012,20160331154649,single-source
atleticos_san_german,2012,year_param,flat_bo,roster,8,Rosas Samuel,surname_first,180,PG,85,,,,,,,55370,,http://www.eurobasket.com/player.asp?Cntry=PUR&PlayerID=55370,full,latinbasket,http://basketball.latinbasket.com:80/team/Puerto-Rico/Atleticos-de-San-German/1957?Year=2012,20160331154649,single-source
atleticos_san_german,2012,year_param,flat_bo,roster,11,Nieves Joel,surname_first,191,G,87,,,,,,,74202,,http://www.eurobasket.com/player.asp?Cntry=PUR&PlayerID=74202,full,latinbasket,http://basketball.latinbasket.com:80/team/Puerto-Rico/Atleticos-de-San-German/1957?Year=2012,20160331154649,single-source
atleticos_san_german,2013,year_param,flat_bo,roster,,Strong Carlos,surname_first,191,G,87,,,,,,,115097,,http://www.eurobasket.com/player.asp?Cntry=PUR&PlayerID=115097,full,latinbasket,http://basketball.latinbasket.com:80/team/Puerto-Rico/Atleticos-de-San-German/1957?Year=2013,20160331154330,single-source
atleticos_san_german,2013,year_param,flat_bo,roster,,Greene Donte,surname_first,206,F,88,,,,,,,126558,,http://www.eurobasket.com/player.asp?Cntry=PUR&PlayerID=126558,full,latinbasket,http://basketball.latinbasket.com:80/team/Puerto-Rico/Atleticos-de-San-German/1957?Year=2013,20160331154330,single-source
atleticos_san_german,2013,year_param,flat_bo,roster,,Fontan Jio,surname_first,183,PG,90,,,,,,,163510,,http://www.eurobasket.com/player.asp?Cntry=PUR&PlayerID=163510,full,latinbasket,http://basketball.latinbasket.com:80/team/Puerto-Rico/Atleticos-de-San-German/1957?Year=2013,20160331154330,single-source
atleticos_san_german,2013,year_param,flat_bo,roster,,Garcia Charles,surname_first,206,F,88,,,,,,,189436,,http://www.eurobasket.com/player.asp?Cntry=PUR&PlayerID=189436,full,latinbasket,http://basketball.latinbasket.com:80/team/Puerto-Rico/Atleticos-de-San-German/1957?Year=2013,20160331154330,single-source
atleticos_san_german,2013,year_param,flat_bo,roster,,Early Jeff,surname_first,185,PG,88,,,,,,,221688,,http://www.eurobasket.com/player.asp?Cntry=PUR&PlayerID=221688,full,latinbasket,http://basketball.latinbasket.com:80/team/Puerto-Rico/Atleticos-de-San-German/1957?Year=2013,20160331154330,single-source
atleticos_san_german,2013,year_param,flat_bo,roster,,Guitian Jose,surname_first,207,F,87,,,,,,,174062,,http://www.eurobasket.com/player.asp?Cntry=PUR&PlayerID=174062,full,latinbasket,http://basketball.latinbasket.com:80/team/Puerto-Rico/Atleticos-de-San-German/1957?Year=2013,20160331154330,single-source
atleticos_san_german,2013,year_param,flat_bo,roster,0,Rodriguez Joey,surname_first,178,PG,88,,,,,,,136228,,http://www.eurobasket.com/player.asp?Cntry=PUR&PlayerID=136228,full,latinbasket,http://basketball.latinbasket.com:80/team/Puerto-Rico/Atleticos-de-San-German/1957?Year=2013,20160331154330,single-source
atleticos_san_german,2013,year_param,flat_bo,roster,,Portalatin Wayne,surname_first,208,C,87,,,,,,,136464,,http://www.eurobasket.com/player.asp?Cntry=PUR&PlayerID=136464,full,latinbasket,http://basketball.latinbasket.com:80/team/Puerto-Rico/Atleticos-de-San-German/1957?Year=2013,20160331154330,single-source
atleticos_san_german,2013,year_param,flat_bo,roster,,Liz Victor,surname_first,188,G/F,88,,,,,,,74343,,http://www.eurobasket.com/player.asp?Cntry=PUR&PlayerID=74343,full,latinbasket,http://basketball.latinbasket.com:80/team/Puerto-Rico/Atleticos-de-San-German/1957?Year=2013,20160331154330,single-source
atleticos_san_german,2013,year_param,flat_bo,roster,,Lebron Jorge,surname_first,188,G,86,,,,,,,71462,,http://www.eurobasket.com/player.asp?Cntry=PUR&PlayerID=71462,full,latinbasket,http://basketball.latinbasket.com:80/team/Puerto-Rico/Atleticos-de-San-German/1957?Year=2013,20160331154330,single-source
atleticos_san_german,2013,year_param,flat_bo,roster,,Perez Owens,surname_first,,,92,,,,,,,201969,,http://www.eurobasket.com/player.asp?Cntry=PUR&PlayerID=201969,full,latinbasket,http://basketball.latinbasket.com:80/team/Puerto-Rico/Atleticos-de-San-German/1957?Year=2013,20160331154330,single-source
atleticos_san_german,2013,year_param,flat_bo,roster,9,Diaz Leandro,surname_first,,,,,,,,,,223169,,http://www.eurobasket.com/player.asp?Cntry=PUR&PlayerID=223169,full,latinbasket,http://basketball.latinbasket.com:80/team/Puerto-Rico/Atleticos-de-San-German/1957?Year=2013,20160331154330,single-source
atleticos_san_german,2013,year_param,flat_bo,roster,,Berrios Kevin,surname_first,,,,,,,,,,283234,,http://www.eurobasket.com/player.asp?Cntry=PUR&PlayerID=283234,full,latinbasket,http://basketball.latinbasket.com:80/team/Puerto-Rico/Atleticos-de-San-German/1957?Year=2013,20160331154330,single-source
atleticos_san_german,2013,year_param,flat_bo,roster,5,Rosas Samuel,surname_first,180,PG,85,,,,,,,55370,,http://www.eurobasket.com/player.asp?Cntry=PUR&PlayerID=55370,full,latinbasket,http://basketball.latinbasket.com:80/team/Puerto-Rico/Atleticos-de-San-German/1957?Year=2013,20160331154330,single-source
atleticos_san_german,2014,capture_year,widget,starting_five,,Jesus Verdejo,given_first,193,G,,29,1985,,,,,,47351,http://basketball.latinbasket.com/player/Jesus_Verdejo/Puerto-Rico/Atleticos_de_San_German/47351,full,latinbasket,http://basketball.latinbasket.com:80/team/Puerto-Rico/Atleticos_de_San_German/1957,20141027173403,single-source
atleticos_san_german,2014,capture_year,widget,starting_five,,LeRoy Hickerson,given_first,196,G,,32,1982,,,,,,82126,http://basketball.latinbasket.com/player/LeRoy_Hickerson/Puerto-Rico/Atleticos_de_San_German/82126,full,latinbasket,http://basketball.latinbasket.com:80/team/Puerto-Rico/Atleticos_de_San_German/1957,20141027173403,single-source
atleticos_san_german,2014,capture_year,widget,starting_five,,Wayne Portalatin,given_first,208,C,,27,1987,,,,,,136464,http://basketball.latinbasket.com/player/Wayne_Portalatin/Puerto-Rico/Atleticos_de_San_German/136464,full,latinbasket,http://basketball.latinbasket.com:80/team/Puerto-Rico/Atleticos_de_San_German/1957,20141027173403,single-source
atleticos_san_german,2014,capture_year,widget,starting_five,,Rafael Cruz,given_first,186,PG,,35,1979,,,,,,40632,http://basketball.latinbasket.com/player/Rafael_Cruz/Puerto-Rico/Atleticos_de_San_German/40632,full,latinbasket,http://basketball.latinbasket.com:80/team/Puerto-Rico/Atleticos_de_San_German/1957,20141027173403,single-source
atleticos_san_german,2014,capture_year,widget,starting_five,,Kenneth Ortiz,given_first,183,PG,,23,1991,,,,,,189353,http://basketball.latinbasket.com/player/Kenneth_Ortiz/Puerto-Rico/Atleticos_de_San_German/189353,full,latinbasket,http://basketball.latinbasket.com:80/team/Puerto-Rico/Atleticos_de_San_German/1957,20141027173403,single-source
atleticos_san_german,2014,capture_year,widget,reserve,,Angel Rosa-Clemente,given_first,206,F/C,,30,1984,,,,,,48960,http://basketball.latinbasket.com/player/Angel_Rosa-Clemente/Puerto-Rico/Atleticos_de_San_German/48960,full,latinbasket,http://basketball.latinbasket.com:80/team/Puerto-Rico/Atleticos_de_San_German/1957,20141027173403,single-source
atleticos_san_german,2015,year_param,flat_bo,roster,35,Chaney Richard,surname_first,196,G,84,,,,,,,52053,,http://www.eurobasket.com/player.asp?Cntry=PUR&PlayerID=52053,full,latinbasket,http://basketball.latinbasket.com:80/team/Puerto-Rico/Atleticos-de-San-German/1957?Year=2015,20160330150110,single-source
atleticos_san_german,2015,year_param,flat_bo,roster,15,Cintron Cortes Raymond,surname_first,183,PG,90,,,,,,,132028,,http://www.eurobasket.com/player.asp?Cntry=PUR&PlayerID=132028,full,latinbasket,http://basketball.latinbasket.com:80/team/Puerto-Rico/Atleticos-de-San-German/1957?Year=2015,20160330150110,single-source
atleticos_san_german,2015,year_param,flat_bo,roster,9,Mitchell Tony,surname_first,203,F,92,,,,,,,225364,,http://www.eurobasket.com/player.asp?Cntry=PUR&PlayerID=225364,full,latinbasket,http://basketball.latinbasket.com:80/team/Puerto-Rico/Atleticos-de-San-German/1957?Year=2015,20160330150110,single-source
atleticos_san_german,2015,year_param,flat_bo,roster,5,Rosas Samuel,surname_first,180,PG,85,,,,,,,55370,,http://www.eurobasket.com/player.asp?Cntry=PUR&PlayerID=55370,full,latinbasket,http://basketball.latinbasket.com:80/team/Puerto-Rico/Atleticos-de-San-German/1957?Year=2015,20160330150110,single-source
atleticos_san_german,2015,year_param,flat_bo,roster,4,Lopez-Sosa Carlos,surname_first,208,F,90,,,,,,,130483,,http://www.eurobasket.com/player.asp?Cntry=PUR&PlayerID=130483,full,latinbasket,http://basketball.latinbasket.com:80/team/Puerto-Rico/Atleticos-de-San-German/1957?Year=2015,20160330150110,single-source
atleticos_san_german,2015,year_param,flat_bo,roster,11,Martinez Will,surname_first,188,G,,,,,,,,327407,,http://www.eurobasket.com/player.asp?Cntry=PUR&PlayerID=327407,full,latinbasket,http://basketball.latinbasket.com:80/team/Puerto-Rico/Atleticos-de-San-German/1957?Year=2015,20160330150110,single-source
atleticos_san_german,2015,year_param,flat_bo,roster,22,Santiago Benito,surname_first,198,F,,,,,,,,170587,,http://www.eurobasket.com/player.asp?Cntry=PUR&PlayerID=170587,full,latinbasket,http://basketball.latinbasket.com:80/team/Puerto-Rico/Atleticos-de-San-German/1957?Year=2015,20160330150110,single-source
atleticos_san_german,2015,year_param,flat_bo,roster,1,Ortiz Kenneth,surname_first,183,PG,91,,,,,,,189353,,http://www.eurobasket.com/player.asp?Cntry=PUR&PlayerID=189353,full,latinbasket,http://basketball.latinbasket.com:80/team/Puerto-Rico/Atleticos-de-San-German/1957?Year=2015,20160330150110,single-source
atleticos_san_german,2015,year_param,flat_bo,roster,13,Valdez Carlos,surname_first,201,F,,,,,,,,237111,,http://www.eurobasket.com/player.asp?Cntry=PUR&PlayerID=237111,full,latinbasket,http://basketball.latinbasket.com:80/team/Puerto-Rico/Atleticos-de-San-German/1957?Year=2015,20160330150110,single-source
atleticos_san_german,2015,year_param,flat_bo,roster,55,Gierbolini Joel,surname_first,203,F,89,,,,,,,162245,,http://www.eurobasket.com/player.asp?Cntry=PUR&PlayerID=162245,full,latinbasket,http://basketball.latinbasket.com:80/team/Puerto-Rico/Atleticos-de-San-German/1957?Year=2015,20160330150110,single-source
atleticos_san_german,2015,year_param,flat_bo,roster,15,Verdejo Jesus,surname_first,193,G,85,,,,,,,47351,,http://www.eurobasket.com/player.asp?Cntry=PUR&PlayerID=47351,full,latinbasket,http://basketball.latinbasket.com:80/team/Puerto-Rico/Atleticos-de-San-German/1957?Year=2015,20160330150110,single-source
atleticos_san_german,2015,year_param,flat_bo,roster,6,Figueroa Carlos,surname_first,197,G,88,,,,,,,107436,,http://www.eurobasket.com/player.asp?Cntry=PUR&PlayerID=107436,full,latinbasket,http://basketball.latinbasket.com:80/team/Puerto-Rico/Atleticos-de-San-German/1957?Year=2015,20160330150110,single-source
atleticos_san_german,2016,year_param,flat_bo,roster,15,Cintron Cortes Raymond,surname_first,183,PG,90,,,,,,,,132028,http://basketball.latinbasket.com/player/Raymond-Cintron-Cortes/Puerto Rico/Atleticos-de-San-German/132028,full,latinbasket,http://basketball.latinbasket.com:80/team/Puerto-Rico/Atleticos-de-San-German/1957?Year=2016,20160330140340,single-source
atleticos_san_german,2016,year_param,flat_bo,roster,23,Bishop Tony,surname_first,201,F,89,,,,,,,,175936,http://basketball.latinbasket.com/player/Tony-Bishop/USA/Atleticos-de-San-German/175936,full,latinbasket,http://basketball.latinbasket.com:80/team/Puerto-Rico/Atleticos-de-San-German/1957?Year=2016,20160330140340,single-source
atleticos_san_german,2016,year_param,flat_bo,roster,14,Browne Gary,surname_first,185,G,93,,,,,,,,180028,http://basketball.latinbasket.com/player/Gary-Browne/Panama/Atleticos-de-San-German/180028,full,latinbasket,http://basketball.latinbasket.com:80/team/Puerto-Rico/Atleticos-de-San-German/1957?Year=2016,20160330140340,single-source
atleticos_san_german,2016,year_param,flat_bo,roster,35,Lopez Matt,surname_first,213,C,92,,,,,,,,202106,http://basketball.latinbasket.com/player/Matt-Lopez/Puerto Rico/Atleticos-de-San-German/202106,full,latinbasket,http://basketball.latinbasket.com:80/team/Puerto-Rico/Atleticos-de-San-German/1957?Year=2016,20160330140340,single-source
atleticos_san_german,2016,year_param,flat_bo,roster,26,Ocasio Jonathan,surname_first,203,G/F,92,,,,,,,,313160,http://basketball.latinbasket.com/player/Jonathan-Ocasio/Puerto Rico/Atleticos-de-San-German/313160,full,latinbasket,http://basketball.latinbasket.com:80/team/Puerto-Rico/Atleticos-de-San-German/1957?Year=2016,20160330140340,single-source
atleticos_san_german,2016,year_param,flat_bo,roster,11,Martinez Correa Will,surname_first,188,G,,,,,,,,,327407,http://basketball.latinbasket.com/player/Will-Martinez-Correa/USA/Atleticos-de-San-German/327407,full,latinbasket,http://basketball.latinbasket.com:80/team/Puerto-Rico/Atleticos-de-San-German/1957?Year=2016,20160330140340,single-source
atleticos_san_german,2016,year_param,flat_bo,roster,,Samhan Omar,surname_first,211,C,88,,,,,,,,116853,http://basketball.latinbasket.com/player/Omar-Samhan/USA/Atleticos-de-San-German/116853,full,latinbasket,http://basketball.latinbasket.com:80/team/Puerto-Rico/Atleticos-de-San-German/1957?Year=2016,20160330140340,single-source
atleticos_san_german,2016,year_param,flat_bo,roster,21,Batista Leonel,surname_first,206,C,86,,,,,,,,81984,http://basketball.latinbasket.com/player/Leonel-Batista/USA/Atleticos-de-San-German/81984,full,latinbasket,http://basketball.latinbasket.com:80/team/Puerto-Rico/Atleticos-de-San-German/1957?Year=2016,20160330140340,single-source
atleticos_san_german,2016,year_param,flat_bo,roster,4,Lopez-Sosa Carlos,surname_first,208,F,90,,,,,,,,130483,http://basketball.latinbasket.com/player/Carlos-Lopez-Sosa/Cuba/Atleticos-de-San-German/130483,full,latinbasket,http://basketball.latinbasket.com:80/team/Puerto-Rico/Atleticos-de-San-German/1957?Year=2016,20160330140340,single-source
atleticos_san_german,2016,year_param,flat_bo,roster,13,Carter Maurice,surname_first,183,G,83,,,,,,,,46672,http://basketball.latinbasket.com/player/Maurice-Carter/Puerto Rico/Atleticos-de-San-German/46672,full,latinbasket,http://basketball.latinbasket.com:80/team/Puerto-Rico/Atleticos-de-San-German/1957?Year=2016,20160330140340,single-source
atleticos_san_german,2016,year_param,flat_bo,roster,,Valdez Carlos,surname_first,201,F,,,,,,,,,237111,http://basketball.latinbasket.com/player/Carlos-Valdez/Dominican Republic/Atleticos-de-San-German/237111,full,latinbasket,http://basketball.latinbasket.com:80/team/Puerto-Rico/Atleticos-de-San-German/1957?Year=2016,20160330140340,single-source
atleticos_san_german,2016,year_param,flat_bo,roster,25,Josiah Jahvari,surname_first,193,G,93,,,,,,,,277479,http://basketball.latinbasket.com/player/Jahvari-Josiah/Dominican Republic/Atleticos-de-San-German/277479,full,latinbasket,http://basketball.latinbasket.com:80/team/Puerto-Rico/Atleticos-de-San-German/1957?Year=2016,20160330140340,single-source
atleticos_san_german,2016,year_param,flat_bo,roster,28,Romero Ismael,surname_first,203,C,91,,,,,,,,225319,http://basketball.latinbasket.com/player/Ismael-Romero/USA/Atleticos-de-San-German/225319,full,latinbasket,http://basketball.latinbasket.com:80/team/Puerto-Rico/Atleticos-de-San-German/1957?Year=2016,20160330140340,single-source
atleticos_san_german,2016,year_param,flat_bo,roster,22,Santiago Benito,surname_first,198,F,,,,,,,,,170587,http://basketball.latinbasket.com/player/Benito-Santiago/Cuba/Atleticos-de-San-German/170587,full,latinbasket,http://basketball.latinbasket.com:80/team/Puerto-Rico/Atleticos-de-San-German/1957?Year=2016,20160330140340,single-source
atleticos_san_german,2016,year_param,flat_bo,roster,24,de Jesus Felix,surname_first,180,G,92,,,,,,,,362842,http://basketball.latinbasket.com/player/Felix-de-Jesus/Puerto Rico/Atleticos-de-San-German/362842,full,latinbasket,http://basketball.latinbasket.com:80/team/Puerto-Rico/Atleticos-de-San-German/1957?Year=2016,20160330140340,single-source
atleticos_san_german,2016,year_param,flat_bo,roster,7,Torres Samuel,surname_first,,,,,,,,,,,363697,http://basketball.latinbasket.com/player/Samuel-Torres/Puerto Rico/Atleticos-de-San-German/363697,full,latinbasket,http://basketball.latinbasket.com:80/team/Puerto-Rico/Atleticos-de-San-German/1957?Year=2016,20160330140340,single-source
atleticos_san_german,2017,capture_year,flat_age,roster,11,Isaac Sosa Carrion,given_first,190,G,,27,1990,,17,17,Quimsa,,,"javascript:aFP('132029','Sosa Carrion Isaac');",full,latinbasket,http://basketball.latinbasket.com:80/team/Puerto-Rico/Atleticos-de-San-German/1957?Page=1,20170803204823,single-source
atleticos_san_german,2017,capture_year,flat_age,roster,4,Carlos Lopez-Sosa,given_first,208,F,,27,1990,,17,17,Delaware 87ers (D-League),,,"javascript:aFP('130483','Lopez-Sosa Carlos');",full,latinbasket,http://basketball.latinbasket.com:80/team/Puerto-Rico/Atleticos-de-San-German/1957?Page=1,20170803204823,single-source
atleticos_san_german,2017,capture_year,flat_age,roster,55,Onzie Branch,given_first,198,F,,25,1992,,17,17,Isabela,,,"javascript:aFP('265858','Branch Onzie');",full,latinbasket,http://basketball.latinbasket.com:80/team/Puerto-Rico/Atleticos-de-San-German/1957?Page=1,20170803204823,single-source
atleticos_san_german,2017,capture_year,flat_age,roster,45,Courtney Fells,given_first,196,F/G,,30,1987,,17,17,Westchester K. (D-League),,,"javascript:aFP('89600','Fells Courtney');",full,latinbasket,http://basketball.latinbasket.com:80/team/Puerto-Rico/Atleticos-de-San-German/1957?Page=1,20170803204823,single-source
atleticos_san_german,2017,capture_year,flat_age,roster,25,Paul Graham,given_first,196,SG,,31,1986,,17,17,Bayamon,,,"javascript:aFP('90694','Graham Paul');",full,latinbasket,http://basketball.latinbasket.com:80/team/Puerto-Rico/Atleticos-de-San-German/1957?Page=1,20170803204823,single-source
atleticos_san_german,2017,capture_year,flat_age,roster,15,Alex Franklin,given_first,198,G/F,,29,1988,,17,17,Bayamon,,,"javascript:aFP('116307','Franklin Alex');",full,latinbasket,http://basketball.latinbasket.com:80/team/Puerto-Rico/Atleticos-de-San-German/1957?Page=1,20170803204823,single-source
atleticos_san_german,2017,capture_year,flat_age,roster,8,Carlos Figueroa,given_first,201,F,,29,1988,,17,17,Halcones,,,"javascript:aFP('107436','Figueroa Carlos');",full,latinbasket,http://basketball.latinbasket.com:80/team/Puerto-Rico/Atleticos-de-San-German/1957?Page=1,20170803204823,single-source
atleticos_san_german,2017,capture_year,flat_age,roster,23,William Cruz,given_first,180,PG,,22,1995,,17,17,Broward CC (JUCO),,,"javascript:aFP('217566','Cruz William');",full,latinbasket,http://basketball.latinbasket.com:80/team/Puerto-Rico/Atleticos-de-San-German/1957?Page=1,20170803204823,single-source
atleticos_san_german,2017,capture_year,flat_age,roster,9,Esteban Cordero,given_first,,,,23,1994,,17,17,PR-Rio Piedras '17,,,"javascript:aFP('228267','Cordero Esteban');",full,latinbasket,http://basketball.latinbasket.com:80/team/Puerto-Rico/Atleticos-de-San-German/1957?Page=1,20170803204823,single-source
atleticos_san_german,2017,capture_year,flat_age,roster,18,Tyler Polo,given_first,201,F,,30,1987,,17,17,Bayamon,,,"javascript:aFP('123826','Polo Tyler');",full,latinbasket,http://basketball.latinbasket.com:80/team/Puerto-Rico/Atleticos-de-San-German/1957?Page=1,20170803204823,single-source
atleticos_san_german,2017,capture_year,flat_age,roster,6,Carlos Martinez,given_first,191,G,,28,1989,,17,17,Aguada,,,"javascript:aFP('107437','Martinez Carlos');",full,latinbasket,http://basketball.latinbasket.com:80/team/Puerto-Rico/Atleticos-de-San-German/1957?Page=1,20170803204823,single-source
atleticos_san_german,2017,capture_year,flat_age,roster,12,Kevin Berrios,given_first,202,F/C,,23,1994,,13,17,Junior Team,,,"javascript:aFP('283234','Berrios Kevin');",full,latinbasket,http://basketball.latinbasket.com:80/team/Puerto-Rico/Atleticos-de-San-German/1957?Page=1,20170803204823,single-source
atleticos_san_german,2017,capture_year,flat_age,roster,17,Gabriel Ruiz,given_first,198,F/C,,33,1984,,17,17,Manati,,,"javascript:aFP('118930','Ruiz Gabriel');",full,latinbasket,http://basketball.latinbasket.com:80/team/Puerto-Rico/Atleticos-de-San-German/1957?Page=1,20170803204823,single-source
atleticos_san_german,2018,capture_year,flat_age,roster,42,Alex Franklin,given_first,198,G/F,,29,1989,,18,18,Toros,,,"javascript:aFP('116307','Franklin Alex');",full,latinbasket,http://basketball.latinbasket.com/team/Puerto-Rico/Atleticos-de-San-German/1957?Page=1,20180521021055,single-source
atleticos_san_german,2018,capture_year,flat_age,roster,22,Isaac Sosa Carrion,given_first,190,G,,28,1990,,18,18,Panteras,,,"javascript:aFP('132029','Sosa Carrion Isaac');",full,latinbasket,http://basketball.latinbasket.com/team/Puerto-Rico/Atleticos-de-San-German/1957?Page=1,20180521021055,single-source
atleticos_san_german,2018,capture_year,flat_age,roster,31,Raphiael Putney,given_first,207,F,,28,1990,,18,18,Erie Bay H.,,,"javascript:aFP('188279','Putney Raphiael');",full,latinbasket,http://basketball.latinbasket.com/team/Puerto-Rico/Atleticos-de-San-German/1957?Page=1,20180521021055,single-source
atleticos_san_german,2018,capture_year,flat_age,roster,8,Onzie Branch,given_first,198,F,,26,1992,,17,18,Isabela,,,"javascript:aFP('265858','Branch Onzie');",full,latinbasket,http://basketball.latinbasket.com/team/Puerto-Rico/Atleticos-de-San-German/1957?Page=1,20180521021055,single-source
atleticos_san_german,2018,capture_year,flat_age,roster,21,Carlos Lopez-Sosa,given_first,208,F,,27,1991,,18,18,Ponce,,,"javascript:aFP('130483','Lopez-Sosa Carlos');",full,latinbasket,http://basketball.latinbasket.com/team/Puerto-Rico/Atleticos-de-San-German/1957?Page=1,20180521021055,single-source
atleticos_san_german,2018,capture_year,flat_age,roster,1,Sammy Mojica,given_first,190,G,,,,,18,18,Ponce,,,"javascript:aFP('343247','Mojica Sammy');",full,latinbasket,http://basketball.latinbasket.com/team/Puerto-Rico/Atleticos-de-San-German/1957?Page=1,20180521021055,single-source
atleticos_san_german,2018,capture_year,flat_age,roster,43,Chris Brady,given_first,208,C,,22,1996,,18,18,Hanau,,,"javascript:aFP('302217','Brady Chris');",full,latinbasket,http://basketball.latinbasket.com/team/Puerto-Rico/Atleticos-de-San-German/1957?Page=1,20180521021055,single-source
atleticos_san_german,2018,capture_year,flat_age,roster,31,Diego Maldonado,given_first,193,G,,,,,18,18,Hanau,,,"javascript:aFP('312906','Maldonado Diego');",full,latinbasket,http://basketball.latinbasket.com/team/Puerto-Rico/Atleticos-de-San-German/1957?Page=1,20180521021055,single-source
atleticos_san_german,2018,capture_year,flat_age,roster,32,O.J. Mayo,given_first,193,G,,30,1988,,18,18,Milwaukee B.,,,"javascript:aFP('126563','Mayo O.J.');",full,latinbasket,http://basketball.latinbasket.com/team/Puerto-Rico/Atleticos-de-San-German/1957?Page=1,20180521021055,single-source
atleticos_san_german,2018,capture_year,flat_age,roster,5,Angel Rivera,given_first,173,G,,23,1995,,18,18,Hughes (OH),,,"javascript:aFP('339937','Rivera Angel');",full,latinbasket,http://basketball.latinbasket.com/team/Puerto-Rico/Atleticos-de-San-German/1957?Page=1,20180521021055,single-source
atleticos_san_german,2018,capture_year,flat_age,roster,0,Rasham Suarez,given_first,190,G,,25,1993,,18,18,Mayaguez,,,"javascript:aFP('201970','Suarez Rasham');",full,latinbasket,http://basketball.latinbasket.com/team/Puerto-Rico/Atleticos-de-San-German/1957?Page=1,20180521021055,single-source
atleticos_san_german,2018,capture_year,flat_age,roster,9,Esteban Cordero,given_first,,,,24,1994,,17,18,Mayaguez,,,"javascript:aFP('228267','Cordero Esteban');",full,latinbasket,http://basketball.latinbasket.com/team/Puerto-Rico/Atleticos-de-San-German/1957?Page=1,20180521021055,single-source
atleticos_san_german,2018,capture_year,flat_age,roster,20,William Orozco,given_first,201,F,,32,1986,,18,18,Toros,,,"javascript:aFP('47366','Orozco William');",full,latinbasket,http://basketball.latinbasket.com/team/Puerto-Rico/Atleticos-de-San-German/1957?Page=1,20180521021055,single-source
atleticos_san_german,2018,capture_year,flat_age,roster,17,Gabriel Ruiz,given_first,198,F/C,,34,1984,,17,18,Manati,,,"javascript:aFP('118930','Ruiz Gabriel');",full,latinbasket,http://basketball.latinbasket.com/team/Puerto-Rico/Atleticos-de-San-German/1957?Page=1,20180521021055,single-source
atleticos_san_german,2019,capture_year,widget,starting_five,2,Guillermo Diaz,given_first,188,G,,34,1985,,,,,,53559,https://basketball.latinbasket.com/player/Guillermo-Diaz/Puerto-Rico/Atleticos-de-San-German/53559,full,latinbasket,https://basketball.latinbasket.com/team/Puerto-Rico/Atleticos-de-San-German/1957,20190721090532,single-source
atleticos_san_german,2019,capture_year,widget,starting_five,4,Eugene Phelps,given_first,198,F,,29,1990,,,,,,163932,https://basketball.latinbasket.com/player/Eugene-Phelps/Puerto-Rico/Atleticos-de-San-German/163932,full,latinbasket,https://basketball.latinbasket.com/team/Puerto-Rico/Atleticos-de-San-German/1957,20190721090532,single-source
atleticos_san_german,2019,capture_year,widget,starting_five,15,Onzie Branch,given_first,198,F,,27,1992,,,,,,265858,https://basketball.latinbasket.com/player/Onzie-Branch/Puerto-Rico/Atleticos-de-San-German/265858,full,latinbasket,https://basketball.latinbasket.com/team/Puerto-Rico/Atleticos-de-San-German/1957,20190721090532,single-source
atleticos_san_german,2019,capture_year,widget,starting_five,20,Elias Ayuso,given_first,190,SG,,42,1977,,,,,,5792,https://basketball.latinbasket.com/player/Elias-Ayuso/Puerto-Rico/Atleticos-de-San-German/5792,full,latinbasket,https://basketball.latinbasket.com/team/Puerto-Rico/Atleticos-de-San-German/1957,20190721090532,single-source
atleticos_san_german,2019,capture_year,widget,starting_five,14,Gary Browne,given_first,185,G,,26,1993,,,,,,180028,https://basketball.latinbasket.com/player/Gary-Browne/Puerto-Rico/Atleticos-de-San-German/180028,full,latinbasket,https://basketball.latinbasket.com/team/Puerto-Rico/Atleticos-de-San-German/1957,20190721090532,single-source
atleticos_san_german,2019,capture_year,widget,reserve,9,Jonathan Ocasio,given_first,203,G/F,,26,1993,,,,,,313160,https://basketball.latinbasket.com/player/Jonathan-Ocasio/Puerto-Rico/Atleticos-de-San-German/313160,full,latinbasket,https://basketball.latinbasket.com/team/Puerto-Rico/Atleticos-de-San-German/1957,20190721090532,single-source
atleticos_san_german,2019,capture_year,widget,reserve,24,Chane Behanan,given_first,198,F,,26,1993,,,,,,182824,https://basketball.latinbasket.com/player/Chane-Behanan/Puerto-Rico/Atleticos-de-San-German/182824,full,latinbasket,https://basketball.latinbasket.com/team/Puerto-Rico/Atleticos-de-San-German/1957,20190721090532,single-source
atleticos_san_german,2019,capture_year,widget,reserve,34,Jeremy Tyler,given_first,208,F,,28,1991,,,,,,132227,https://basketball.latinbasket.com/player/Jeremy-Tyler/Puerto-Rico/Atleticos-de-San-German/132227,full,latinbasket,https://basketball.latinbasket.com/team/Puerto-Rico/Atleticos-de-San-German/1957,20190721090532,single-source
atleticos_san_german,2019,capture_year,widget,reserve,21,Nate Butler Lind,given_first,198,SF,,30,1989,,,,,,130481,https://basketball.latinbasket.com/player/Nate-Butler-Lind/Puerto-Rico/Atleticos-de-San-German/130481,full,latinbasket,https://basketball.latinbasket.com/team/Puerto-Rico/Atleticos-de-San-German/1957,20190721090532,single-source
atleticos_san_german,2019,capture_year,widget,reserve,31,Diego Maldonado,given_first,193,G,,24,1995,,,,,,312906,https://basketball.latinbasket.com/player/Diego-Maldonado/Puerto-Rico/Atleticos-de-San-German/312906,full,latinbasket,https://basketball.latinbasket.com/team/Puerto-Rico/Atleticos-de-San-German/1957,20190721090532,single-source
brujos_guayama,2013,capture_year,photo_strip,teaser,,Raul Orta,given_first,,,,,,,,,,,47349,http://basketball.latinbasket.com/player/Raul_Orta/Puerto-Rico/Brujos_de_Guayama/47349,partial,latinbasket,http://basketball.latinbasket.com:80/team/Puerto-Rico/Brujos_de_Guayama/2634,20131120212030,single-source
brujos_guayama,2013,capture_year,photo_strip,teaser,,Joel Nieves,given_first,,,,,,,,,,,74202,http://basketball.latinbasket.com/player/Joel_Nieves/Puerto-Rico/Brujos_de_Guayama/74202,partial,latinbasket,http://basketball.latinbasket.com:80/team/Puerto-Rico/Brujos_de_Guayama/2634,20131120212030,single-source
brujos_guayama,2013,capture_year,photo_strip,teaser,,Andres Torres,given_first,,,,,,,,,,,107908,http://basketball.latinbasket.com/player/Andres_Torres/Puerto-Rico/Brujos_de_Guayama/107908,partial,latinbasket,http://basketball.latinbasket.com:80/team/Puerto-Rico/Brujos_de_Guayama/2634,20131120212030,single-source
brujos_guayama,2013,capture_year,photo_strip,teaser,,Christopher Vega,given_first,,,,,,,,,,,49295,http://basketball.latinbasket.com/player/Christopher_Vega/Puerto-Rico/Brujos_de_Guayama/49295,partial,latinbasket,http://basketball.latinbasket.com:80/team/Puerto-Rico/Brujos_de_Guayama/2634,20131120212030,single-source
brujos_guayama,2013,capture_year,photo_strip,teaser,,Michael Washington,given_first,,,,,,,,,,,112414,http://basketball.latinbasket.com/player/Michael_Washington/Puerto-Rico/Brujos_de_Guayama/112414,partial,latinbasket,http://basketball.latinbasket.com:80/team/Puerto-Rico/Brujos_de_Guayama/2634,20131120212030,single-source
brujos_guayama,2014,capture_year,photo_strip,teaser,,Darnell Hinson,given_first,,,,,,,,,,,55147,http://basketball.latinbasket.com/player/Darnell_Hinson/Puerto-Rico/Brujos_de_Guayama/55147,partial,latinbasket,http://basketball.latinbasket.com:80/team/Puerto-Rico/Brujos_de_Guayama/2634,20141231140645,single-source
brujos_guayama,2014,capture_year,photo_strip,teaser,,Juan Coronado,given_first,,,,,,,,,,,74405,http://basketball.latinbasket.com/player/Juan_Coronado/Puerto-Rico/Brujos_de_Guayama/74405,partial,latinbasket,http://basketball.latinbasket.com:80/team/Puerto-Rico/Brujos_de_Guayama/2634,20141231140645,single-source
brujos_guayama,2014,capture_year,photo_strip,teaser,,Al Thornton,given_first,,,,,,,,,,,61177,http://basketball.latinbasket.com/player/Al_Thornton/Puerto-Rico/Brujos_de_Guayama/61177,partial,latinbasket,http://basketball.latinbasket.com:80/team/Puerto-Rico/Brujos_de_Guayama/2634,20141231140645,single-source
brujos_guayama,2014,capture_year,photo_strip,teaser,,Peter Ramos,given_first,,,,,,,,,,,41355,http://basketball.latinbasket.com/player/Peter_Ramos/Puerto-Rico/Brujos_de_Guayama/41355,partial,latinbasket,http://basketball.latinbasket.com:80/team/Puerto-Rico/Brujos_de_Guayama/2634,20141231140645,single-source
brujos_guayama,2014,capture_year,photo_strip,teaser,,Raul Orta,given_first,,,,,,,,,,,47349,http://basketball.latinbasket.com/player/Raul_Orta/Puerto-Rico/Brujos_de_Guayama/47349,partial,latinbasket,http://basketball.latinbasket.com:80/team/Puerto-Rico/Brujos_de_Guayama/2634,20141231140645,single-source
brujos_guayama,2015,capture_year,widget,starting_five,,Alejandro Carmona,given_first,194,G/F,,32,1983,,,,,,40944,http://basketball.latinbasket.com/player/Alejandro_Carmona/Puerto-Rico/Brujos_de_Guayama/40944,full,latinbasket,http://basketball.latinbasket.com:80/team/Puerto-Rico/Brujos_de_Guayama/2634,20150421134809,single-source
brujos_guayama,2015,capture_year,widget,starting_five,,Josh Harrellson,given_first,208,F,,26,1989,,,,,,162348,http://basketball.latinbasket.com/player/Josh_Harrellson/Puerto-Rico/Brujos_de_Guayama/162348,full,latinbasket,http://basketball.latinbasket.com:80/team/Puerto-Rico/Brujos_de_Guayama/2634,20150421134809,single-source
brujos_guayama,2015,capture_year,widget,starting_five,,Peter Ramos,given_first,222,C,,30,1985,,,,,,41355,http://basketball.latinbasket.com/player/Peter_Ramos/Puerto-Rico/Brujos_de_Guayama/41355,full,latinbasket,http://basketball.latinbasket.com:80/team/Puerto-Rico/Brujos_de_Guayama/2634,20150421134809,single-source
brujos_guayama,2015,capture_year,widget,starting_five,,Juan Coronado,given_first,193,G,,32,1983,,,,,,74405,http://basketball.latinbasket.com/player/Juan_Coronado/Puerto-Rico/Brujos_de_Guayama/74405,full,latinbasket,http://basketball.latinbasket.com:80/team/Puerto-Rico/Brujos_de_Guayama/2634,20150421134809,single-source
brujos_guayama,2015,capture_year,widget,starting_five,,Darnell Hinson,given_first,185,G,,35,1980,,,,,,55147,http://basketball.latinbasket.com/player/Darnell_Hinson/Puerto-Rico/Brujos_de_Guayama/55147,full,latinbasket,http://basketball.latinbasket.com:80/team/Puerto-Rico/Brujos_de_Guayama/2634,20150421134809,single-source
brujos_guayama,2015,capture_year,widget,reserve,,Devin Ebanks,given_first,206,F,,26,1989,,,,,,163070,http://basketball.latinbasket.com/player/Devin_Ebanks/Puerto-Rico/Brujos_de_Guayama/163070,full,latinbasket,http://basketball.latinbasket.com:80/team/Puerto-Rico/Brujos_de_Guayama/2634,20150421134809,single-source
brujos_guayama,2015,capture_year,widget,reserve,,Rob Jones,given_first,196,F,,26,1989,,,,,,136579,http://basketball.latinbasket.com/player/Rob_Jones/Puerto-Rico/Brujos_de_Guayama/136579,full,latinbasket,http://basketball.latinbasket.com:80/team/Puerto-Rico/Brujos_de_Guayama/2634,20150421134809,single-source
brujos_guayama,2015,capture_year,widget,reserve,,Taylor Williams,given_first,201,PF,,25,1990,,,,,,174899,http://basketball.latinbasket.com/player/Taylor_Williams/Puerto-Rico/Brujos_de_Guayama/174899,full,latinbasket,http://basketball.latinbasket.com:80/team/Puerto-Rico/Brujos_de_Guayama/2634,20150421134809,single-source
brujos_guayama,2015,capture_year,widget,reserve,,Benjamin Colon,given_first,201,F,,31,1984,,,,,,114397,http://basketball.latinbasket.com/player/Benjamin_Colon/Puerto-Rico/Brujos_de_Guayama/114397,full,latinbasket,http://basketball.latinbasket.com:80/team/Puerto-Rico/Brujos_de_Guayama/2634,20150421134809,single-source
brujos_guayama,2015,capture_year,widget,reserve,,Andres Torres,given_first,177,PG,,26,1989,,,,,,107908,http://basketball.latinbasket.com/player/Andres_Torres/Puerto-Rico/Brujos_de_Guayama/107908,full,latinbasket,http://basketball.latinbasket.com:80/team/Puerto-Rico/Brujos_de_Guayama/2634,20150421134809,single-source
brujos_guayama,2016,capture_year,widget,starting_five,9,Erick Rodriguez,given_first,190,G,,37,1979,,,,,,16544,http://basketball.latinbasket.com/player/Erick-Rodriguez/Puerto-Rico/Brujos-de-Guayama/16544,full,latinbasket,http://basketball.latinbasket.com:80/team/Puerto-Rico/Brujos-de-Guayama/2634?,20160813195450,single-source
brujos_guayama,2016,capture_year,widget,reserve,22,Carlos Strong,given_first,193,G,,28,1988,,,,,,115097,http://basketball.latinbasket.com/player/Carlos-Strong/Puerto-Rico/Brujos-de-Guayama/115097,full,latinbasket,http://basketball.latinbasket.com:80/team/Puerto-Rico/Brujos-de-Guayama/2634?,20160813195450,single-source
brujos_guayama,2016,capture_year,widget,starting_five,8,Brandon Thomas,given_first,198,G/F,,32,1984,,,,,,108455,http://basketball.latinbasket.com/player/Brandon-Thomas/Puerto-Rico/Brujos-de-Guayama/108455,full,latinbasket,http://basketball.latinbasket.com:80/team/Puerto-Rico/Brujos-de-Guayama/2634?,20160813195450,single-source
brujos_guayama,2016,capture_year,widget,reserve,23,Carlos Santiago,given_first,195,F/G,,20,1996,,,,,,302840,http://basketball.latinbasket.com/player/Carlos-Santiago/Puerto-Rico/Brujos-de-Guayama/302840,full,latinbasket,http://basketball.latinbasket.com:80/team/Puerto-Rico/Brujos-de-Guayama/2634?,20160813195450,single-source
brujos_guayama,2016,capture_year,widget,starting_five,11,Ricardo Sanchez,given_first,212,C/F,,29,1987,,,,,,41221,http://basketball.latinbasket.com/player/Ricardo-Sanchez/Puerto-Rico/Brujos-de-Guayama/41221,full,latinbasket,http://basketball.latinbasket.com:80/team/Puerto-Rico/Brujos-de-Guayama/2634?,20160813195450,single-source
brujos_guayama,2016,capture_year,widget,reserve,17,Enrique Ramos,given_first,202,C,,26,1990,,,,,,132760,http://basketball.latinbasket.com/player/Enrique-Ramos/Puerto-Rico/Brujos-de-Guayama/132760,full,latinbasket,http://basketball.latinbasket.com:80/team/Puerto-Rico/Brujos-de-Guayama/2634?,20160813195450,single-source
brujos_guayama,2016,capture_year,widget,starting_five,0,Kyle Vinales,given_first,185,G,,24,1992,,,,,,233279,http://basketball.latinbasket.com/player/Kyle-Vinales/Puerto-Rico/Brujos-de-Guayama/233279,full,latinbasket,http://basketball.latinbasket.com:80/team/Puerto-Rico/Brujos-de-Guayama/2634?,20160813195450,single-source
brujos_guayama,2016,capture_year,widget,reserve,13,Juan Pineiro,given_first,193,G,,26,1990,,,,,,191904,http://basketball.latinbasket.com/player/Juan-Pineiro/Puerto-Rico/Brujos-de-Guayama/191904,full,latinbasket,http://basketball.latinbasket.com:80/team/Puerto-Rico/Brujos-de-Guayama/2634?,20160813195450,single-source
brujos_guayama,2016,capture_year,widget,starting_five,,Julio Torres,given_first,190,,,24,1992,,,,,,,,partial,latinbasket,http://basketball.latinbasket.com:80/team/Puerto-Rico/Brujos-de-Guayama/2634?,20160813195450,single-source
brujos_guayama,2016,capture_year,widget,starting_five,6,Darnell Hinson,given_first,185,G,,36,1980,,,,,,55147,http://basketball.latinbasket.com/player/Darnell-Hinson/Puerto-Rico/Brujos-de-Guayama/55147,full,latinbasket,http://basketball.latinbasket.com:80/team/Puerto-Rico/Brujos-de-Guayama/2634?,20160813195450,single-source
brujos_guayama,2016,capture_year,widget,reserve,5,Samuel Rosas,given_first,180,PG,,31,1985,,,,,,55370,http://basketball.latinbasket.com/player/Samuel-Rosas/Puerto-Rico/Brujos-de-Guayama/55370,full,latinbasket,http://basketball.latinbasket.com:80/team/Puerto-Rico/Brujos-de-Guayama/2634?,20160813195450,single-source
brujos_guayama,2016,capture_year,widget,starting_five,,Luis Diaz,given_first,185,,,24,1992,,,,,,,,partial,latinbasket,http://basketball.latinbasket.com:80/team/Puerto-Rico/Brujos-de-Guayama/2634?,20160813195450,single-source
brujos_guayama,2017,capture_year,flat_age,roster,0,Kyle Vinales,given_first,185,G,,25,1992,,17,17,C Africain,,,"javascript:aFP('233279','Vinales Kyle');",full,latinbasket,http://basketball.latinbasket.com:80/team/Puerto-Rico/Brujos-de-Guayama/2634?Page=1,20170711054328,single-source
brujos_guayama,2017,capture_year,flat_age,roster,30,Marcus Fillyaw,given_first,185,PG,,22,1995,,17,17,Kentucky M. (IBA-PBL),,,"javascript:aFP('295387','Fillyaw Marcus');",full,latinbasket,http://basketball.latinbasket.com:80/team/Puerto-Rico/Brujos-de-Guayama/2634?Page=1,20170711054328,single-source
brujos_guayama,2017,capture_year,flat_age,roster,50,Kleon Penn,given_first,213,C,,30,1987,,17,17,Metros STGO,,,"javascript:aFP('109587','Penn Kleon');",full,latinbasket,http://basketball.latinbasket.com:80/team/Puerto-Rico/Brujos-de-Guayama/2634?Page=1,20170711054328,single-source
brujos_guayama,2017,capture_year,flat_age,roster,25,Julio Torres,given_first,190,G,,25,1992,,13,17,Junior Team,,,"javascript:aFP('363844','Torres Julio');",full,latinbasket,http://basketball.latinbasket.com:80/team/Puerto-Rico/Brujos-de-Guayama/2634?Page=1,20170711054328,single-source
brujos_guayama,2017,capture_year,flat_age,roster,35,Lorrenzo Wade,given_first,201,F,,31,1986,,17,17,Ferrocarril,,,"javascript:aFP('116395','Wade Lorrenzo');",full,latinbasket,http://basketball.latinbasket.com:80/team/Puerto-Rico/Brujos-de-Guayama/2634?Page=1,20170711054328,single-source
brujos_guayama,2017,capture_year,flat_age,roster,35,Chris Cayole,given_first,201,F,,32,1985,,17,17,La Union,,,"javascript:aFP('122721','Cayole Chris');",full,latinbasket,http://basketball.latinbasket.com:80/team/Puerto-Rico/Brujos-de-Guayama/2634?Page=1,20170711054328,single-source
brujos_guayama,2017,capture_year,flat_age,roster,6,Darnell Hinson,given_first,185,G,,37,1980,,14,17,Vienna,,,"javascript:aFP('55147','Hinson Darnell');",full,latinbasket,http://basketball.latinbasket.com:80/team/Puerto-Rico/Brujos-de-Guayama/2634?Page=1,20170711054328,single-source
brujos_guayama,2017,capture_year,flat_age,roster,55,DeJuan Marrero,given_first,198,F,,24,1993,,17,17,Fajardo,,,"javascript:aFP('265796','Marrero DeJuan');",full,latinbasket,http://basketball.latinbasket.com:80/team/Puerto-Rico/Brujos-de-Guayama/2634?Page=1,20170711054328,single-source
brujos_guayama,2017,capture_year,flat_age,roster,21,Damien Wilkins,given_first,198,G,,37,1980,,17,17,Greensboro S. (D-League),,,"javascript:aFP('37967','Wilkins Damien');",full,latinbasket,http://basketball.latinbasket.com:80/team/Puerto-Rico/Brujos-de-Guayama/2634?Page=1,20170711054328,single-source
brujos_guayama,2017,capture_year,flat_age,roster,14,Al Thornton,given_first,203,F,,33,1984,,17,17,Gaiteros,,,"javascript:aFP('61177','Thornton Al');",full,latinbasket,http://basketball.latinbasket.com:80/team/Puerto-Rico/Brujos-de-Guayama/2634?Page=1,20170711054328,single-source
brujos_guayama,2017,capture_year,flat_age,roster,1,Gian Clavell,given_first,193,G,,23,1994,,17,17,NW Kansas Tech (JUCO),,,"javascript:aFP('295534','Clavell Gian');",full,latinbasket,http://basketball.latinbasket.com:80/team/Puerto-Rico/Brujos-de-Guayama/2634?Page=1,20170711054328,single-source
brujos_guayama,2017,capture_year,flat_age,roster,33,Joel Nieves,given_first,191,G,,31,1986,,17,17,Arecibo,,,"javascript:aFP('74202','Nieves Joel');",full,latinbasket,http://basketball.latinbasket.com:80/team/Puerto-Rico/Brujos-de-Guayama/2634?Page=1,20170711054328,single-source
brujos_guayama,2017,capture_year,flat_age,roster,8,Juan Pineiro,given_first,193,G,,27,1990,,16,17,Pinar del Rio,,,"javascript:aFP('191904','Pineiro Juan');",full,latinbasket,http://basketball.latinbasket.com:80/team/Puerto-Rico/Brujos-de-Guayama/2634?Page=1,20170711054328,single-source
brujos_guayama,2017,capture_year,flat_age,roster,17,Enrique Ramos,given_first,202,C,,27,1990,,16,17,Ciego de Avila,,,"javascript:aFP('132760','Ramos Enrique');",full,latinbasket,http://basketball.latinbasket.com:80/team/Puerto-Rico/Brujos-de-Guayama/2634?Page=1,20170711054328,single-source
brujos_guayama,2017,capture_year,flat_age,roster,2,Luis Diaz,given_first,185,G,,25,1992,,16,17,Junior Team,,,"javascript:aFP('387841','Diaz Luis');",full,latinbasket,http://basketball.latinbasket.com:80/team/Puerto-Rico/Brujos-de-Guayama/2634?Page=1,20170711054328,single-source
brujos_guayama,2019,capture_year,widget,starting_five,7,Miguel Ali Berdiel,given_first,198,G,,35,1984,,,,,,17283,https://basketball.latinbasket.com/player/Miguel-Ali-Berdiel/Puerto-Rico/Brujos-de-Guayama/17283,full,latinbasket,https://basketball.latinbasket.com/team/Puerto-Rico/Brujos-de-Guayama/2634,20190721093624,single-source
brujos_guayama,2019,capture_year,widget,starting_five,42,Tai Wesley,given_first,201,F,,33,1986,,,,,,67358,https://basketball.latinbasket.com/player/Tai-Wesley/Puerto-Rico/Brujos-de-Guayama/67358,full,latinbasket,https://basketball.latinbasket.com/team/Puerto-Rico/Brujos-de-Guayama/2634,20190721093624,single-source
brujos_guayama,2019,capture_year,widget,starting_five,33,Brandon Costner,given_first,206,F,,32,1987,,,,,,64897,https://basketball.latinbasket.com/player/Brandon-Costner/Puerto-Rico/Brujos-de-Guayama/64897,full,latinbasket,https://basketball.latinbasket.com/team/Puerto-Rico/Brujos-de-Guayama/2634,20190721093624,single-source
brujos_guayama,2019,capture_year,widget,starting_five,32,Marcus Fillyaw,given_first,185,PG,,24,1995,,,,,,295387,https://basketball.latinbasket.com/player/Marcus-Fillyaw/Puerto-Rico/Brujos-de-Guayama/295387,full,latinbasket,https://basketball.latinbasket.com/team/Puerto-Rico/Brujos-de-Guayama/2634,20190721093624,single-source
brujos_guayama,2019,capture_year,widget,starting_five,,Julio Torres,given_first,190,,,27,1992,,,,,,,,partial,latinbasket,https://basketball.latinbasket.com/team/Puerto-Rico/Brujos-de-Guayama/2634,20190721093624,single-source
brujos_guayama,2019,capture_year,widget,starting_five,6,Javier Gonzalez,given_first,185,PG,,30,1989,,,,,,136599,https://basketball.latinbasket.com/player/Javier-Gonzalez/Puerto-Rico/Brujos-de-Guayama/136599,full,latinbasket,https://basketball.latinbasket.com/team/Puerto-Rico/Brujos-de-Guayama/2634,20190721093624,single-source
brujos_guayama,2019,capture_year,widget,reserve,2,Christopher Ortiz,given_first,203,F,,26,1993,,,,,,202105,https://basketball.latinbasket.com/player/Christopher-Ortiz/Puerto-Rico/Brujos-de-Guayama/202105,full,latinbasket,https://basketball.latinbasket.com/team/Puerto-Rico/Brujos-de-Guayama/2634,20190721093624,single-source
brujos_guayama,2019,capture_year,widget,reserve,25,Melsahn Basabe,given_first,201,PF,,27,1992,,,,,,208361,https://basketball.latinbasket.com/player/Melsahn-Basabe/Puerto-Rico/Brujos-de-Guayama/208361,full,latinbasket,https://basketball.latinbasket.com/team/Puerto-Rico/Brujos-de-Guayama/2634,20190721093624,single-source
brujos_guayama,2019,capture_year,widget,reserve,15,Kleon Penn,given_first,213,C,,32,1987,,,,,,109587,https://basketball.latinbasket.com/player/Kleon-Penn/Puerto-Rico/Brujos-de-Guayama/109587,full,latinbasket,https://basketball.latinbasket.com/team/Puerto-Rico/Brujos-de-Guayama/2634,20190721093624,single-source
brujos_guayama,2019,capture_year,widget,reserve,18,Juan Pineiro,given_first,193,G,,29,1990,,,,,,191904,https://basketball.latinbasket.com/player/Juan-Pineiro/Puerto-Rico/Brujos-de-Guayama/191904,full,latinbasket,https://basketball.latinbasket.com/team/Puerto-Rico/Brujos-de-Guayama/2634,20190721093624,single-source
brujos_guayama,2019,capture_year,widget,reserve,0,Kyle Vinales,given_first,185,G,,27,1992,,,,,,233279,https://basketball.latinbasket.com/player/Kyle-Vinales/Puerto-Rico/Brujos-de-Guayama/233279,full,latinbasket,https://basketball.latinbasket.com/team/Puerto-Rico/Brujos-de-Guayama/2634,20190721093624,single-source
caciques_humacao,2009,year_param,flat_bo,roster,44,Meeking Antonio,surname_first,203,F,81,,,USA,,,,40910,,http://www.eurobasket.com/player.asp?Cntry=PUR&PlayerID=40910,full,latinbasket,http://basketball.latinbasket.com:80/team/Puerto-Rico/Caciques_de_Humacao/1901?Year=2009,20140504034146,single-source
caciques_humacao,2009,year_param,flat_bo,roster,34,Life James,surname_first,194,G,83,,,USA-PUR,,,,91154,,http://www.eurobasket.com/player.asp?Cntry=PUR&PlayerID=91154,full,latinbasket,http://basketball.latinbasket.com:80/team/Puerto-Rico/Caciques_de_Humacao/1901?Year=2009,20140504034146,single-source
caciques_humacao,2009,year_param,flat_bo,roster,50,Looby Kurt,surname_first,208,F/C,84,,,ANT-USA,,,,64449,,http://www.eurobasket.com/player.asp?Cntry=PUR&PlayerID=64449,full,latinbasket,http://basketball.latinbasket.com:80/team/Puerto-Rico/Caciques_de_Humacao/1901?Year=2009,20140504034146,single-source
caciques_humacao,2009,year_param,flat_bo,roster,10,Guzman Ansel,surname_first,175,G,84,,,PUR,,,,76116,,http://www.eurobasket.com/player.asp?Cntry=PUR&PlayerID=76116,full,latinbasket,http://basketball.latinbasket.com:80/team/Puerto-Rico/Caciques_de_Humacao/1901?Year=2009,20140504034146,single-source
caciques_humacao,2009,year_param,flat_bo,roster,15,Ayala Sadell,surname_first,190,G,85,,,PUR,,,,40629,,http://www.eurobasket.com/player.asp?Cntry=PUR&PlayerID=40629,full,latinbasket,http://basketball.latinbasket.com:80/team/Puerto-Rico/Caciques_de_Humacao/1901?Year=2009,20140504034146,single-source
caciques_humacao,2009,year_param,flat_bo,roster,14,Rosa-Clemente Luis,surname_first,203,F/C,82,,,USA-PUR,,,,39952,,http://www.eurobasket.com/player.asp?Cntry=PUR&PlayerID=39952,full,latinbasket,http://basketball.latinbasket.com:80/team/Puerto-Rico/Caciques_de_Humacao/1901?Year=2009,20140504034146,single-source
caciques_humacao,2009,year_param,flat_bo,roster,11,Orozco William,surname_first,207,F,85,,,PUR,,,,47366,,http://www.eurobasket.com/player.asp?Cntry=PUR&PlayerID=47366,full,latinbasket,http://basketball.latinbasket.com:80/team/Puerto-Rico/Caciques_de_Humacao/1901?Year=2009,20140504034146,single-source
caciques_humacao,2009,year_param,flat_bo,roster,21,Jackson Curtis,surname_first,,,,,,PUR,,,,173059,,http://www.eurobasket.com/player.asp?Cntry=PUR&PlayerID=173059,full,latinbasket,http://basketball.latinbasket.com:80/team/Puerto-Rico/Caciques_de_Humacao/1901?Year=2009,20140504034146,single-source
caciques_humacao,2009,year_param,flat_bo,roster,31,Guitian Jose,surname_first,207,F,87,,,USA-PUR,,,,174062,,http://www.eurobasket.com/player.asp?Cntry=PUR&PlayerID=174062,full,latinbasket,http://basketball.latinbasket.com:80/team/Puerto-Rico/Caciques_de_Humacao/1901?Year=2009,20140504034146,single-source
caciques_humacao,2009,year_param,flat_bo,roster,1,Torres Dario,surname_first,179,G,87,,,PUR,,,,125178,,http://www.eurobasket.com/player.asp?Cntry=PUR&PlayerID=125178,full,latinbasket,http://basketball.latinbasket.com:80/team/Puerto-Rico/Caciques_de_Humacao/1901?Year=2009,20140504034146,single-source
caciques_humacao,2010,year_param,flat_bo,roster,32,Mays James,surname_first,206,F,86,,,USA,,,,72652,,http://www.eurobasket.com/player.asp?Cntry=PUR&PlayerID=72652,full,latinbasket,http://basketball.latinbasket.com:80/team/Puerto-Rico/Caciques_de_Humacao/1901?Year=2010,20140504034152,single-source
caciques_humacao,2010,year_param,flat_bo,roster,24,Guitian Jose,surname_first,207,F,87,,,USA-PUR,,,,174062,,http://www.eurobasket.com/player.asp?Cntry=PUR&PlayerID=174062,full,latinbasket,http://basketball.latinbasket.com:80/team/Puerto-Rico/Caciques_de_Humacao/1901?Year=2010,20140504034152,single-source
caciques_humacao,2010,year_param,flat_bo,roster,34,Almodovar Josue,surname_first,193,F,,,,USA,,,,175305,,http://www.eurobasket.com/player.asp?Cntry=PUR&PlayerID=175305,full,latinbasket,http://basketball.latinbasket.com:80/team/Puerto-Rico/Caciques_de_Humacao/1901?Year=2010,20140504034152,single-source
caciques_humacao,2010,year_param,flat_bo,roster,8,Jackson Curtis,surname_first,183,G,87,,,PUR,,,,173059,,http://www.eurobasket.com/player.asp?Cntry=PUR&PlayerID=173059,full,latinbasket,http://basketball.latinbasket.com:80/team/Puerto-Rico/Caciques_de_Humacao/1901?Year=2010,20140504034152,single-source
caciques_humacao,2010,year_param,flat_bo,roster,18,Nieves Joel,surname_first,190,G,,,,PUR,,,,74202,,http://www.eurobasket.com/player.asp?Cntry=PUR&PlayerID=74202,full,latinbasket,http://basketball.latinbasket.com:80/team/Puerto-Rico/Caciques_de_Humacao/1901?Year=2010,20140504034152,single-source
caciques_humacao,2010,year_param,flat_bo,roster,25,Salgado Luis,surname_first,201,F/C,80,,,PUR,,,,59858,,http://www.eurobasket.com/player.asp?Cntry=PUR&PlayerID=59858,full,latinbasket,http://basketball.latinbasket.com:80/team/Puerto-Rico/Caciques_de_Humacao/1901?Year=2010,20140504034152,single-source
caciques_humacao,2010,year_param,flat_bo,roster,07,Berdiel Ali,surname_first,198,G,83,,,PUR,,,,17283,,http://www.eurobasket.com/player.asp?Cntry=PUR&PlayerID=17283,full,latinbasket,http://basketball.latinbasket.com:80/team/Puerto-Rico/Caciques_de_Humacao/1901?Year=2010,20140504034152,single-source
caciques_humacao,2010,year_param,flat_bo,roster,08,Hiraldo Cristopher,surname_first,180,G,78,,,PUR,,,,20444,,http://www.eurobasket.com/player.asp?Cntry=PUR&PlayerID=20444,full,latinbasket,http://basketball.latinbasket.com:80/team/Puerto-Rico/Caciques_de_Humacao/1901?Year=2010,20140504034152,single-source
caciques_humacao,2010,year_param,flat_bo,roster,50,Penn Kleon,surname_first,211,C,86,,,IVB,,,,109587,,http://www.eurobasket.com/player.asp?Cntry=PUR&PlayerID=109587,full,latinbasket,http://basketball.latinbasket.com:80/team/Puerto-Rico/Caciques_de_Humacao/1901?Year=2010,20140504034152,single-source
caciques_humacao,2010,year_param,flat_bo,roster,15,Ayala Sadell,surname_first,193,G,85,,,PUR,,,,40629,,http://www.eurobasket.com/player.asp?Cntry=PUR&PlayerID=40629,full,latinbasket,http://basketball.latinbasket.com:80/team/Puerto-Rico/Caciques_de_Humacao/1901?Year=2010,20140504034152,single-source
caciques_humacao,2010,year_param,flat_bo,roster,88,Millsap John,surname_first,198,F,82,,,USA,,,,43077,,http://www.eurobasket.com/player.asp?Cntry=PUR&PlayerID=43077,full,latinbasket,http://basketball.latinbasket.com:80/team/Puerto-Rico/Caciques_de_Humacao/1901?Year=2010,20140504034152,single-source
caciques_humacao,2010,year_param,flat_bo,roster,22,Watson Michael,surname_first,186,G,80,,,USA-PUR,,,,40028,,http://www.eurobasket.com/player.asp?Cntry=PUR&PlayerID=40028,full,latinbasket,http://basketball.latinbasket.com:80/team/Puerto-Rico/Caciques_de_Humacao/1901?Year=2010,20140504034152,single-source
caciques_humacao,2010,year_param,flat_bo,roster,32,Morales Jean Carlos,surname_first,207,C,87,,,PUR,,,,71446,,http://www.eurobasket.com/player.asp?Cntry=PUR&PlayerID=71446,full,latinbasket,http://basketball.latinbasket.com:80/team/Puerto-Rico/Caciques_de_Humacao/1901?Year=2010,20140504034152,single-source
caciques_humacao,2010,year_param,flat_bo,roster,05,Lebron Jorge,surname_first,188,G,86,,,PUR,,,,71462,,http://www.eurobasket.com/player.asp?Cntry=PUR&PlayerID=71462,full,latinbasket,http://basketball.latinbasket.com:80/team/Puerto-Rico/Caciques_de_Humacao/1901?Year=2010,20140504034152,single-source
caciques_humacao,2010,year_param,flat_bo,roster,34,Erazo Armando,surname_first,183,G,87,,,PUR,,,,102164,,http://www.eurobasket.com/player.asp?Cntry=PUR&PlayerID=102164,full,latinbasket,http://basketball.latinbasket.com:80/team/Puerto-Rico/Caciques_de_Humacao/1901?Year=2010,20140504034152,single-source
caciques_humacao,2010,year_param,flat_bo,roster,11,Orozco William,surname_first,207,F,85,,,PUR,,,,47366,,http://www.eurobasket.com/player.asp?Cntry=PUR&PlayerID=47366,full,latinbasket,http://basketball.latinbasket.com:80/team/Puerto-Rico/Caciques_de_Humacao/1901?Year=2010,20140504034152,single-source
caciques_humacao,2010,year_param,flat_bo,roster,12,Lopez Jose,surname_first,196,F,88,,,PUR,,,,149205,,http://www.eurobasket.com/player.asp?Cntry=PUR&PlayerID=149205,full,latinbasket,http://basketball.latinbasket.com:80/team/Puerto-Rico/Caciques_de_Humacao/1901?Year=2010,20140504034152,single-source
caciques_humacao,2010,year_param,flat_bo,roster,,Carmona Benigno,surname_first,186,G,91,,,PUR,,,,194773,,http://www.eurobasket.com/player.asp?Cntry=PUR&PlayerID=194773,full,latinbasket,http://basketball.latinbasket.com:80/team/Puerto-Rico/Caciques_de_Humacao/1901?Year=2010,20140504034152,single-source
caciques_humacao,2011,year_param,flat_bo,roster,04,Henderson Michael,surname_first,196,F,84,,,,,,,90373,,http://www.eurobasket.com/player.asp?Cntry=PUR&PlayerID=90373,full,latinbasket,http://basketball.latinbasket.com:80/team/Puerto-Rico/Caciques_de_Humacao/1901?Year=2011,20140504033923,single-source
caciques_humacao,2011,year_param,flat_bo,roster,05,Life James,surname_first,194,G,83,,,,,,,91154,,http://www.eurobasket.com/player.asp?Cntry=PUR&PlayerID=91154,full,latinbasket,http://basketball.latinbasket.com:80/team/Puerto-Rico/Caciques_de_Humacao/1901?Year=2011,20140504033923,single-source
caciques_humacao,2011,year_param,flat_bo,roster,16,Penn Kleon,surname_first,211,C,86,,,,,,,109587,,http://www.eurobasket.com/player.asp?Cntry=PUR&PlayerID=109587,full,latinbasket,http://basketball.latinbasket.com:80/team/Puerto-Rico/Caciques_de_Humacao/1901?Year=2011,20140504033923,single-source
caciques_humacao,2011,year_param,flat_bo,roster,07,Garcia Jonathan,surname_first,183,G,87,,,,,,,101328,,http://www.eurobasket.com/player.asp?Cntry=PUR&PlayerID=101328,full,latinbasket,http://basketball.latinbasket.com:80/team/Puerto-Rico/Caciques_de_Humacao/1901?Year=2011,20140504033923,single-source
caciques_humacao,2011,year_param,flat_bo,roster,08,Santiago Vladimir,surname_first,,,,,,,,,,222218,,http://www.eurobasket.com/player.asp?Cntry=PUR&PlayerID=222218,full,latinbasket,http://basketball.latinbasket.com:80/team/Puerto-Rico/Caciques_de_Humacao/1901?Year=2011,20140504033923,single-source
caciques_humacao,2011,year_param,flat_bo,roster,18,Konecny Mark,surname_first,198,F/C,78,,,,,,,55535,,http://www.eurobasket.com/player.asp?Cntry=PUR&PlayerID=55535,full,latinbasket,http://basketball.latinbasket.com:80/team/Puerto-Rico/Caciques_de_Humacao/1901?Year=2011,20140504033923,single-source
caciques_humacao,2011,year_param,flat_bo,roster,11,Erazo Armando,surname_first,183,PG,87,,,,,,,102164,,http://www.eurobasket.com/player.asp?Cntry=PUR&PlayerID=102164,full,latinbasket,http://basketball.latinbasket.com:80/team/Puerto-Rico/Caciques_de_Humacao/1901?Year=2011,20140504033923,single-source
caciques_humacao,2011,year_param,flat_bo,roster,06,Robinson Brandon,surname_first,202,F,81,,,,,,,46519,,http://www.eurobasket.com/player.asp?Cntry=PUR&PlayerID=46519,full,latinbasket,http://basketball.latinbasket.com:80/team/Puerto-Rico/Caciques_de_Humacao/1901?Year=2011,20140504033923,single-source
caciques_humacao,2012,year_param,flat_bo,roster,,McCants Rashad,surname_first,193,G/F,84,,,,,,,35639,,http://www.eurobasket.com/player.asp?Cntry=PUR&PlayerID=35639,full,latinbasket,http://basketball.latinbasket.com:80/team/Puerto-Rico/Caciques_de_Humacao/1901?Year=2012,20140504033943,single-source
caciques_humacao,2012,year_param,flat_bo,roster,,Marquez Jed,surname_first,192,G,88,,,,,,,239946,,http://www.eurobasket.com/player.asp?Cntry=PUR&PlayerID=239946,full,latinbasket,http://basketball.latinbasket.com:80/team/Puerto-Rico/Caciques_de_Humacao/1901?Year=2012,20140504033943,single-source
caciques_humacao,2012,year_param,flat_bo,roster,,Life James,surname_first,194,G,83,,,,,,,91154,,http://www.eurobasket.com/player.asp?Cntry=PUR&PlayerID=91154,full,latinbasket,http://basketball.latinbasket.com:80/team/Puerto-Rico/Caciques_de_Humacao/1901?Year=2012,20140504033943,single-source
caciques_humacao,2012,year_param,flat_bo,roster,,Katuka Joseph,surname_first,210,C,88,,,,,,,127753,,http://www.eurobasket.com/player.asp?Cntry=PUR&PlayerID=127753,full,latinbasket,http://basketball.latinbasket.com:80/team/Puerto-Rico/Caciques_de_Humacao/1901?Year=2012,20140504033943,single-source
caciques_humacao,2012,year_param,flat_bo,roster,6,Sanchez Kennel,surname_first,195,G/F,83,,,,,,,46832,,http://www.eurobasket.com/player.asp?Cntry=PUR&PlayerID=46832,full,latinbasket,http://basketball.latinbasket.com:80/team/Puerto-Rico/Caciques_de_Humacao/1901?Year=2012,20140504033943,single-source
caciques_humacao,2012,year_param,flat_bo,roster,21,Dyer Alphonse,surname_first,213,F/C,85,,,,,,,54205,,http://www.eurobasket.com/player.asp?Cntry=PUR&PlayerID=54205,full,latinbasket,http://basketball.latinbasket.com:80/team/Puerto-Rico/Caciques_de_Humacao/1901?Year=2012,20140504033943,single-source
caciques_humacao,2012,year_param,flat_bo,roster,7,Garcia Jonathan,surname_first,183,G,87,,,,,,,101328,,http://www.eurobasket.com/player.asp?Cntry=PUR&PlayerID=101328,full,latinbasket,http://basketball.latinbasket.com:80/team/Puerto-Rico/Caciques_de_Humacao/1901?Year=2012,20140504033943,single-source
caciques_humacao,2012,year_param,flat_bo,roster,52,Leon Nick,surname_first,181,PG,88,,,,,,,116210,,http://www.eurobasket.com/player.asp?Cntry=PUR&PlayerID=116210,full,latinbasket,http://basketball.latinbasket.com:80/team/Puerto-Rico/Caciques_de_Humacao/1901?Year=2012,20140504033943,single-source
caciques_humacao,2012,year_param,flat_bo,roster,41,Valenzuela Hector,surname_first,204,C,82,,,,,,,32909,,http://www.eurobasket.com/player.asp?Cntry=PUR&PlayerID=32909,full,latinbasket,http://basketball.latinbasket.com:80/team/Puerto-Rico/Caciques_de_Humacao/1901?Year=2012,20140504033943,single-source
caciques_humacao,2012,year_param,flat_bo,roster,12,Lopez Jose,surname_first,196,F,88,,,,,,,149205,,http://www.eurobasket.com/player.asp?Cntry=PUR&PlayerID=149205,full,latinbasket,http://basketball.latinbasket.com:80/team/Puerto-Rico/Caciques_de_Humacao/1901?Year=2012,20140504033943,single-source
caciques_humacao,2012,year_param,flat_bo,roster,8,Santiago Bladimyr,surname_first,198,F,,,,,,,,222468,,http://www.eurobasket.com/player.asp?Cntry=PUR&PlayerID=222468,full,latinbasket,http://basketball.latinbasket.com:80/team/Puerto-Rico/Caciques_de_Humacao/1901?Year=2012,20140504033943,single-source
caciques_humacao,2013,year_param,flat_bo,roster,,Scott Seth,surname_first,208,F/C,81,,,,,,,38854,,http://www.eurobasket.com/player.asp?Cntry=PUR&PlayerID=38854,full,latinbasket,http://basketball.latinbasket.com:80/team/Puerto-Rico/Caciques_de_Humacao/1901?Year=2013,20140504034205,single-source
caciques_humacao,2013,year_param,flat_bo,roster,,Clemente Denis,surname_first,183,PG,86,,,,,,,71452,,http://www.eurobasket.com/player.asp?Cntry=PUR&PlayerID=71452,full,latinbasket,http://basketball.latinbasket.com:80/team/Puerto-Rico/Caciques_de_Humacao/1901?Year=2013,20140504034205,single-source
caciques_humacao,2013,year_param,flat_bo,roster,,Horne Jamelle,surname_first,200,F,88,,,,,,,135213,,http://www.eurobasket.com/player.asp?Cntry=PUR&PlayerID=135213,full,latinbasket,http://basketball.latinbasket.com:80/team/Puerto-Rico/Caciques_de_Humacao/1901?Year=2013,20140504034205,single-source
caciques_humacao,2013,year_param,flat_bo,roster,,Carmona Alejandro,surname_first,194,G/F,83,,,,,,,40944,,http://www.eurobasket.com/player.asp?Cntry=PUR&PlayerID=40944,full,latinbasket,http://basketball.latinbasket.com:80/team/Puerto-Rico/Caciques_de_Humacao/1901?Year=2013,20140504034205,single-source
caciques_humacao,2013,year_param,flat_bo,roster,,Sanchez Kennel,surname_first,195,G/F,83,,,,,,,46832,,http://www.eurobasket.com/player.asp?Cntry=PUR&PlayerID=46832,full,latinbasket,http://basketball.latinbasket.com:80/team/Puerto-Rico/Caciques_de_Humacao/1901?Year=2013,20140504034205,single-source
caciques_humacao,2013,year_param,flat_bo,roster,,Graham Paul,surname_first,192,G,85,,,,,,,90694,,http://www.eurobasket.com/player.asp?Cntry=PUR&PlayerID=90694,full,latinbasket,http://basketball.latinbasket.com:80/team/Puerto-Rico/Caciques_de_Humacao/1901?Year=2013,20140504034205,single-source
caciques_humacao,2013,year_param,flat_bo,roster,,Penn Kleon,surname_first,213,C,86,,,,,,,109587,,http://www.eurobasket.com/player.asp?Cntry=PUR&PlayerID=109587,full,latinbasket,http://basketball.latinbasket.com:80/team/Puerto-Rico/Caciques_de_Humacao/1901?Year=2013,20140504034205,single-source
caciques_humacao,2013,year_param,flat_bo,roster,45,Valenzuela Hector,surname_first,204,C,82,,,,,,,32909,,http://www.eurobasket.com/player.asp?Cntry=PUR&PlayerID=32909,full,latinbasket,http://basketball.latinbasket.com:80/team/Puerto-Rico/Caciques_de_Humacao/1901?Year=2013,20140504034205,single-source
caciques_humacao,2013,year_param,flat_bo,roster,,Soto Christian,surname_first,203,F,87,,,,,,,90298,,http://www.eurobasket.com/player.asp?Cntry=PUR&PlayerID=90298,full,latinbasket,http://basketball.latinbasket.com:80/team/Puerto-Rico/Caciques_de_Humacao/1901?Year=2013,20140504034205,single-source
caciques_humacao,2013,year_param,flat_bo,roster,22,Lopez Jose,surname_first,196,F,88,,,,,,,149205,,http://www.eurobasket.com/player.asp?Cntry=PUR&PlayerID=149205,full,latinbasket,http://basketball.latinbasket.com:80/team/Puerto-Rico/Caciques_de_Humacao/1901?Year=2013,20140504034205,single-source
caciques_humacao,2014,capture_year,photo_strip,teaser,,Ansel Guzman,given_first,,,,,,,,,,,76116,http://basketball.latinbasket.com/player/Ansel_Guzman/Puerto-Rico/Caciques_de_Humacao/76116,partial,latinbasket,http://basketball.latinbasket.com:80/team/Puerto-Rico/Caciques_de_Humacao/1901,20141220070201,single-source
caciques_humacao,2014,capture_year,photo_strip,teaser,,Samuel Rosas,given_first,,,,,,,,,,,55370,http://basketball.latinbasket.com/player/Samuel_Rosas/Puerto-Rico/Caciques_de_Humacao/55370,partial,latinbasket,http://basketball.latinbasket.com:80/team/Puerto-Rico/Caciques_de_Humacao/1901,20141220070201,single-source
caciques_humacao,2014,capture_year,photo_strip,teaser,,Roberto Nieves,given_first,,,,,,,,,,,15937,http://basketball.latinbasket.com/player/Roberto_Nieves/Puerto-Rico/Caciques_de_Humacao/15937,partial,latinbasket,http://basketball.latinbasket.com:80/team/Puerto-Rico/Caciques_de_Humacao/1901,20141220070201,single-source
caciques_humacao,2014,capture_year,photo_strip,teaser,,Marquin Chandler,given_first,,,,,,,,,,,990,http://basketball.latinbasket.com/player/Marquin_Chandler/Puerto-Rico/Caciques_de_Humacao/990,partial,latinbasket,http://basketball.latinbasket.com:80/team/Puerto-Rico/Caciques_de_Humacao/1901,20141220070201,single-source
caciques_humacao,2014,capture_year,photo_strip,teaser,,Christopher Vega,given_first,,,,,,,,,,,49295,http://basketball.latinbasket.com/player/Christopher_Vega/Puerto-Rico/Caciques_de_Humacao/49295,partial,latinbasket,http://basketball.latinbasket.com:80/team/Puerto-Rico/Caciques_de_Humacao/1901,20141220070201,single-source
caciques_humacao,2015,capture_year,widget,starting_five,,Frank Gaines,given_first,190,G,,25,1990,,,,,,162795,http://basketball.latinbasket.com/player/Frank_Gaines/Puerto-Rico/Caciques_de_Humacao/162795,full,latinbasket,http://basketball.latinbasket.com:80/team/Puerto-Rico/Caciques_de_Humacao/1901?,20150516202507,single-source
caciques_humacao,2015,capture_year,widget,starting_five,,Ollie Bailey,given_first,201,G/F,,30,1985,,,,,,39065,http://basketball.latinbasket.com/player/Ollie_Bailey/Puerto-Rico/Caciques_de_Humacao/39065,full,latinbasket,http://basketball.latinbasket.com:80/team/Puerto-Rico/Caciques_de_Humacao/1901?,20150516202507,single-source
caciques_humacao,2015,capture_year,widget,starting_five,,Devon Collier,given_first,203,PF,,24,1991,,,,,,209761,http://basketball.latinbasket.com/player/Devon_Collier/Puerto-Rico/Caciques_de_Humacao/209761,full,latinbasket,http://basketball.latinbasket.com:80/team/Puerto-Rico/Caciques_de_Humacao/1901?,20150516202507,single-source
caciques_humacao,2015,capture_year,widget,starting_five,,Francis Jonathan Han,given_first,185,PG,,28,1987,,,,,,90622,http://basketball.latinbasket.com/player/Francis_Jonathan_Han/Puerto-Rico/Caciques_de_Humacao/90622,full,latinbasket,http://basketball.latinbasket.com:80/team/Puerto-Rico/Caciques_de_Humacao/1901?,20150516202507,single-source
caciques_humacao,2015,capture_year,widget,starting_five,,Ruben Cotto,given_first,182,G,,26,1989,,,,,,132186,http://basketball.latinbasket.com/player/Ruben_Cotto/Puerto-Rico/Caciques_de_Humacao/132186,full,latinbasket,http://basketball.latinbasket.com:80/team/Puerto-Rico/Caciques_de_Humacao/1901?,20150516202507,single-source
caciques_humacao,2015,capture_year,widget,reserve,,Dane Johnson,given_first,208,C,,29,1986,,,,,,136762,http://basketball.latinbasket.com/player/Dane_Johnson/Puerto-Rico/Caciques_de_Humacao/136762,full,latinbasket,http://basketball.latinbasket.com:80/team/Puerto-Rico/Caciques_de_Humacao/1901?,20150516202507,single-source
caciques_humacao,2015,capture_year,widget,reserve,,Noel Felix,given_first,205,C/F,,34,1981,,,,,,31786,http://basketball.latinbasket.com/player/Noel_Felix/Puerto-Rico/Caciques_de_Humacao/31786,full,latinbasket,http://basketball.latinbasket.com:80/team/Puerto-Rico/Caciques_de_Humacao/1901?,20150516202507,single-source
caciques_humacao,2015,capture_year,widget,reserve,,Marcus Cousin,given_first,211,C,,29,1986,,,,,,58533,http://basketball.latinbasket.com/player/Marcus_Cousin/Puerto-Rico/Caciques_de_Humacao/58533,full,latinbasket,http://basketball.latinbasket.com:80/team/Puerto-Rico/Caciques_de_Humacao/1901?,20150516202507,single-source
caciques_humacao,2015,capture_year,widget,reserve,,Dan Jennings,given_first,206,F,,25,1990,,,,,,184183,http://basketball.latinbasket.com/player/Dan_Jennings/Puerto-Rico/Caciques_de_Humacao/184183,full,latinbasket,http://basketball.latinbasket.com:80/team/Puerto-Rico/Caciques_de_Humacao/1901?,20150516202507,single-source
caciques_humacao,2015,capture_year,widget,reserve,,Ryann Abraham,given_first,178,PG,,28,1987,,,,,,71460,http://basketball.latinbasket.com/player/Ryann_Abraham/Puerto-Rico/Caciques_de_Humacao/71460,full,latinbasket,http://basketball.latinbasket.com:80/team/Puerto-Rico/Caciques_de_Humacao/1901?,20150516202507,single-source
caciques_humacao,2016,capture_year,widget,starting_five,20,William Orozco,given_first,201,F,,30,1986,,,,,,47366,http://basketball.latinbasket.com/player/William-Orozco/Puerto-Rico/Caciques-de-Humacao/47366,full,latinbasket,http://basketball.latinbasket.com:80/team/Puerto-Rico/Caciques-de-Humacao/1901?,20160813193526,single-source
caciques_humacao,2016,capture_year,widget,reserve,24,Ferdinand Morales,given_first,197,F,,50,1966,,,,,,28484,http://basketball.latinbasket.com/player/Ferdinand-Morales/Puerto-Rico/Caciques-de-Humacao/28484,full,latinbasket,http://basketball.latinbasket.com:80/team/Puerto-Rico/Caciques-de-Humacao/1901?,20160813193526,single-source
caciques_humacao,2016,capture_year,widget,starting_five,15,Jack Michael Martinez,given_first,201,F,,34,1982,,,,,,31881,http://basketball.latinbasket.com/player/Jack-Michael-Martinez/Puerto-Rico/Caciques-de-Humacao/31881,full,latinbasket,http://basketball.latinbasket.com:80/team/Puerto-Rico/Caciques-de-Humacao/1901?,20160813193526,single-source
caciques_humacao,2016,capture_year,widget,starting_five,32,Will McDonald,given_first,211,C,,36,1980,,,,,,39665,http://basketball.latinbasket.com/player/Will-McDonald/Puerto-Rico/Caciques-de-Humacao/39665,full,latinbasket,http://basketball.latinbasket.com:80/team/Puerto-Rico/Caciques-de-Humacao/1901?,20160813193526,single-source
caciques_humacao,2016,capture_year,widget,reserve,11,Luis Villafane,given_first,208,C/F,,35,1981,,,,,,28086,http://basketball.latinbasket.com/player/Luis-Villafane/Puerto-Rico/Caciques-de-Humacao/28086,full,latinbasket,http://basketball.latinbasket.com:80/team/Puerto-Rico/Caciques-de-Humacao/1901?,20160813193526,single-source
caciques_humacao,2016,capture_year,widget,starting_five,23,Carl English,given_first,192,G,,35,1981,,,,,,15378,http://basketball.latinbasket.com/player/Carl-English/Puerto-Rico/Caciques-de-Humacao/15378,full,latinbasket,http://basketball.latinbasket.com:80/team/Puerto-Rico/Caciques-de-Humacao/1901?,20160813193526,single-source
caciques_humacao,2016,capture_year,widget,reserve,14,Edwin Ubiles,given_first,198,F/G,,29,1987,,,,,,116311,http://basketball.latinbasket.com/player/Edwin-Ubiles/Puerto-Rico/Caciques-de-Humacao/116311,full,latinbasket,http://basketball.latinbasket.com:80/team/Puerto-Rico/Caciques-de-Humacao/1901?,20160813193526,single-source
caciques_humacao,2016,capture_year,widget,starting_five,7,Cliff Duran,given_first,191,G,,26,1990,,,,,,122057,http://basketball.latinbasket.com/player/Cliff-Duran/Puerto-Rico/Caciques-de-Humacao/122057,full,latinbasket,http://basketball.latinbasket.com:80/team/Puerto-Rico/Caciques-de-Humacao/1901?,20160813193526,single-source
caciques_humacao,2016,capture_year,widget,reserve,0,Rasham Suarez,given_first,190,G,,23,1993,,,,,,201970,http://basketball.latinbasket.com/player/Rasham-Suarez/Puerto-Rico/Caciques-de-Humacao/201970,full,latinbasket,http://basketball.latinbasket.com:80/team/Puerto-Rico/Caciques-de-Humacao/1901?,20160813193526,single-source
caciques_humacao,2016,capture_year,widget,reserve,55,Onzie Branch,given_first,,,,,,,,,,,265858,http://basketball.latinbasket.com/player/Onzie-Branch/Puerto-Rico/Caciques-de-Humacao/265858,full,latinbasket,http://basketball.latinbasket.com:80/team/Puerto-Rico/Caciques-de-Humacao/1901?,20160813193526,single-source
caciques_humacao,2017,capture_year,widget,starting_five,4,Felix de Jesus,given_first,180,G,,24,1993,,,,,,362842,http://basketball.latinbasket.com/player/Felix-de-Jesus/Puerto-Rico/Gallitos-de-Isabela/362842,full,latinbasket,http://basketball.latinbasket.com/team/Puerto-Rico/Gallitos-de-Isabela/1901,20171104075738,single-source
caciques_humacao,2017,capture_year,widget,reserve,5,Ferdinand Morales,given_first,193,F,,29,1988,,,,,,105403,http://basketball.latinbasket.com/player/Ferdinand-Morales/Puerto-Rico/Gallitos-de-Isabela/105403,full,latinbasket,http://basketball.latinbasket.com/team/Puerto-Rico/Gallitos-de-Isabela/1901,20171104075738,single-source
caciques_humacao,2017,capture_year,widget,starting_five,8,Wil Martinez,given_first,188,G,,25,1992,,,,,,327407,http://basketball.latinbasket.com/player/Wil-Martinez/Puerto-Rico/Gallitos-de-Isabela/327407,full,latinbasket,http://basketball.latinbasket.com/team/Puerto-Rico/Gallitos-de-Isabela/1901,20171104075738,single-source
caciques_humacao,2017,capture_year,widget,starting_five,16,Manuel De Jesus,given_first,206,C/F,,34,1983,,,,,,40766,http://basketball.latinbasket.com/player/Manuel-De-Jesus/Puerto-Rico/Gallitos-de-Isabela/40766,full,latinbasket,http://basketball.latinbasket.com/team/Puerto-Rico/Gallitos-de-Isabela/1901,20171104075738,single-source
caciques_humacao,2017,capture_year,widget,starting_five,14,Raymond Cintron Cortes,given_first,183,PG,,27,1990,,,,,,132028,http://basketball.latinbasket.com/player/Raymond-Cintron-Cortes/Puerto-Rico/Gallitos-de-Isabela/132028,full,latinbasket,http://basketball.latinbasket.com/team/Puerto-Rico/Gallitos-de-Isabela/1901,20171104075738,single-source
caciques_humacao,2017,capture_year,widget,starting_five,10,Ansel Guzman,given_first,174,PG,,33,1984,,,,,,76116,http://basketball.latinbasket.com/player/Ansel-Guzman/Puerto-Rico/Gallitos-de-Isabela/76116,full,latinbasket,http://basketball.latinbasket.com/team/Puerto-Rico/Gallitos-de-Isabela/1901,20171104075738,single-source
caciques_humacao,2017,capture_year,widget,reserve,25,Yudniel Perez,given_first,189,G,,33,1984,,,,,,72750,http://basketball.latinbasket.com/player/Yudniel-Perez/Puerto-Rico/Gallitos-de-Isabela/72750,full,latinbasket,http://basketball.latinbasket.com/team/Puerto-Rico/Gallitos-de-Isabela/1901,20171104075738,single-source
cangrejeros_santurce,2009,year_param,flat_bo,roster,10,Ayuso Larry,surname_first,190,G,77,,,USA-PUR,,,,5792,,http://www.eurobasket.com/player.asp?Cntry=PUR&PlayerID=5792,full,latinbasket,http://basketball.latinbasket.com:80/team/Puerto-Rico/Cangrejeros_de_Santurce/2635?Year=2009,20140110084821,single-source
cangrejeros_santurce,2009,year_param,flat_bo,roster,54,Nelson Edward,surname_first,203,F,82,,,USA,,,,43467,,http://www.eurobasket.com/player.asp?Cntry=PUR&PlayerID=43467,full,latinbasket,http://basketball.latinbasket.com:80/team/Puerto-Rico/Cangrejeros_de_Santurce/2635?Year=2009,20140110084821,single-source
cangrejeros_santurce,2009,year_param,flat_bo,roster,50,Narvaez Manuel,surname_first,211,C,81,,,PUR,,,,47367,,http://www.eurobasket.com/player.asp?Cntry=PUR&PlayerID=47367,full,latinbasket,http://basketball.latinbasket.com:80/team/Puerto-Rico/Cangrejeros_de_Santurce/2635?Year=2009,20140110084821,single-source
cangrejeros_santurce,2009,year_param,flat_bo,roster,32,Santiago Eddin 'Guayito',surname_first,185,G,79,,,PUR,,,,9563,,http://www.eurobasket.com/player.asp?Cntry=PUR&PlayerID=9563,full,latinbasket,http://basketball.latinbasket.com:80/team/Puerto-Rico/Cangrejeros_de_Santurce/2635?Year=2009,20140110084821,single-source
cangrejeros_santurce,2009,year_param,flat_bo,roster,20,Dalmau Ricardo,surname_first,188,G,77,,,PUR,,,,16679,,http://www.eurobasket.com/player.asp?Cntry=PUR&PlayerID=16679,full,latinbasket,http://basketball.latinbasket.com:80/team/Puerto-Rico/Cangrejeros_de_Santurce/2635?Year=2009,20140110084821,single-source
cangrejeros_santurce,2009,year_param,flat_bo,roster,42,Rivas Luis,surname_first,200,F,80,,,VEN-PUR,,,,17285,,http://www.eurobasket.com/player.asp?Cntry=PUR&PlayerID=17285,full,latinbasket,http://basketball.latinbasket.com:80/team/Puerto-Rico/Cangrejeros_de_Santurce/2635?Year=2009,20140110084821,single-source
cangrejeros_santurce,2009,year_param,flat_bo,roster,11,Berdiel Ali,surname_first,198,G,83,,,PUR,,,,17283,,http://www.eurobasket.com/player.asp?Cntry=PUR&PlayerID=17283,full,latinbasket,http://basketball.latinbasket.com:80/team/Puerto-Rico/Cangrejeros_de_Santurce/2635?Year=2009,20140110084821,single-source
cangrejeros_santurce,2009,year_param,flat_bo,roster,34,Gonzalez Chris,surname_first,203,G/F,85,,,USA,,,,92519,,http://www.eurobasket.com/player.asp?Cntry=PUR&PlayerID=92519,full,latinbasket,http://basketball.latinbasket.com:80/team/Puerto-Rico/Cangrejeros_de_Santurce/2635?Year=2009,20140110084821,single-source
cangrejeros_santurce,2009,year_param,flat_bo,roster,25,Gonzalez Miguel,surname_first,183,G,84,,,USA-PUR,,,,102799,,http://www.eurobasket.com/player.asp?Cntry=PUR&PlayerID=102799,full,latinbasket,http://basketball.latinbasket.com:80/team/Puerto-Rico/Cangrejeros_de_Santurce/2635?Year=2009,20140110084821,single-source
cangrejeros_santurce,2009,year_param,flat_bo,roster,18,Rivera Christian,surname_first,208,C,83,,,PUR,,,,59859,,http://www.eurobasket.com/player.asp?Cntry=PUR&PlayerID=59859,full,latinbasket,http://basketball.latinbasket.com:80/team/Puerto-Rico/Cangrejeros_de_Santurce/2635?Year=2009,20140110084821,single-source
cangrejeros_santurce,2009,year_param,flat_bo,roster,8,Venzen Gilberto,surname_first,194,F,77,,,PUR,,,,15940,,http://www.eurobasket.com/player.asp?Cntry=PUR&PlayerID=15940,full,latinbasket,http://basketball.latinbasket.com:80/team/Puerto-Rico/Cangrejeros_de_Santurce/2635?Year=2009,20140110084821,single-source
cangrejeros_santurce,2010,year_param,flat_bo,roster,54,Gainous Marqis,surname_first,206,F,76,,,USA,,,,30208,,http://www.eurobasket.com/player.asp?Cntry=PUR&PlayerID=30208,full,latinbasket,http://basketball.latinbasket.com:80/team/Puerto-Rico/Cangrejeros_de_Santurce/2635?Year=2010,20140110084826,single-source
cangrejeros_santurce,2010,year_param,flat_bo,roster,54,Sweetney Michael,surname_first,203,F,82,,,USA,,,,37465,,http://www.eurobasket.com/player.asp?Cntry=PUR&PlayerID=37465,full,latinbasket,http://basketball.latinbasket.com:80/team/Puerto-Rico/Cangrejeros_de_Santurce/2635?Year=2010,20140110084826,single-source
cangrejeros_santurce,2010,year_param,flat_bo,roster,14,Sanchez Ricky,surname_first,212,C/F,87,,,MEX,,,,41221,,http://www.eurobasket.com/player.asp?Cntry=PUR&PlayerID=41221,full,latinbasket,http://basketball.latinbasket.com:80/team/Puerto-Rico/Cangrejeros_de_Santurce/2635?Year=2010,20140110084826,single-source
cangrejeros_santurce,2010,year_param,flat_bo,roster,15,Hodge Walter,surname_first,183,G,86,,,IVO-PUR,,,,71458,,http://www.eurobasket.com/player.asp?Cntry=PUR&PlayerID=71458,full,latinbasket,http://basketball.latinbasket.com:80/team/Puerto-Rico/Cangrejeros_de_Santurce/2635?Year=2010,20140110084826,single-source
cangrejeros_santurce,2010,year_param,flat_bo,roster,25,Nieves Roberto,surname_first,194,G,82,,,PUR,,,,15937,,http://www.eurobasket.com/player.asp?Cntry=PUR&PlayerID=15937,full,latinbasket,http://basketball.latinbasket.com:80/team/Puerto-Rico/Cangrejeros_de_Santurce/2635?Year=2010,20140110084826,single-source
cangrejeros_santurce,2010,year_param,flat_bo,roster,32,Santiago Eddin 'Guayito',surname_first,185,G,79,,,PUR,,,,9563,,http://www.eurobasket.com/player.asp?Cntry=PUR&PlayerID=9563,full,latinbasket,http://basketball.latinbasket.com:80/team/Puerto-Rico/Cangrejeros_de_Santurce/2635?Year=2010,20140110084826,single-source
cangrejeros_santurce,2010,year_param,flat_bo,roster,10,Pagan Wilfredo,surname_first,184,G,76,,,USA-PUR,,,,30599,,http://www.eurobasket.com/player.asp?Cntry=PUR&PlayerID=30599,full,latinbasket,http://basketball.latinbasket.com:80/team/Puerto-Rico/Cangrejeros_de_Santurce/2635?Year=2010,20140110084826,single-source
cangrejeros_santurce,2010,year_param,flat_bo,roster,54,Daniels Chris,surname_first,211,C,84,,,USA,,,,72660,,http://www.eurobasket.com/player.asp?Cntry=PUR&PlayerID=72660,full,latinbasket,http://basketball.latinbasket.com:80/team/Puerto-Rico/Cangrejeros_de_Santurce/2635?Year=2010,20140110084826,single-source
cangrejeros_santurce,2010,year_param,flat_bo,roster,20,Dalmau Ricardo,surname_first,188,G,77,,,PUR,,,,16679,,http://www.eurobasket.com/player.asp?Cntry=PUR&PlayerID=16679,full,latinbasket,http://basketball.latinbasket.com:80/team/Puerto-Rico/Cangrejeros_de_Santurce/2635?Year=2010,20140110084826,single-source
cangrejeros_santurce,2010,year_param,flat_bo,roster,34,Gonzalez Christopher,surname_first,203,G/F,85,,,USA-PUR,,,,92519,,http://www.eurobasket.com/player.asp?Cntry=PUR&PlayerID=92519,full,latinbasket,http://basketball.latinbasket.com:80/team/Puerto-Rico/Cangrejeros_de_Santurce/2635?Year=2010,20140110084826,single-source
cangrejeros_santurce,2010,year_param,flat_bo,roster,01,Gonzalez Miguel,surname_first,183,G,84,,,USA-PUR,,,,102799,,http://www.eurobasket.com/player.asp?Cntry=PUR&PlayerID=102799,full,latinbasket,http://basketball.latinbasket.com:80/team/Puerto-Rico/Cangrejeros_de_Santurce/2635?Year=2010,20140110084826,single-source
cangrejeros_santurce,2010,year_param,flat_bo,roster,31,Colon Benjamin,surname_first,201,F,84,,,USA-PUR,,,,114397,,http://www.eurobasket.com/player.asp?Cntry=PUR&PlayerID=114397,full,latinbasket,http://basketball.latinbasket.com:80/team/Puerto-Rico/Cangrejeros_de_Santurce/2635?Year=2010,20140110084826,single-source
cangrejeros_santurce,2010,year_param,flat_bo,roster,,Cruz Dane,surname_first,178,G,86,,,USA-PUR,,,,125021,,http://www.eurobasket.com/player.asp?Cntry=PUR&PlayerID=125021,full,latinbasket,http://basketball.latinbasket.com:80/team/Puerto-Rico/Cangrejeros_de_Santurce/2635?Year=2010,20140110084826,single-source
cangrejeros_santurce,2010,year_param,flat_bo,roster,44,Konechy Mark,surname_first,211,C,83,,,USA-PUR,,,,125129,,http://www.eurobasket.com/player.asp?Cntry=PUR&PlayerID=125129,full,latinbasket,http://basketball.latinbasket.com:80/team/Puerto-Rico/Cangrejeros_de_Santurce/2635?Year=2010,20140110084826,single-source
cangrejeros_santurce,2010,year_param,flat_bo,roster,51,Romero Jonathan,surname_first,192,G/F,84,,,MEX,,,,129730,,http://www.eurobasket.com/player.asp?Cntry=PUR&PlayerID=129730,full,latinbasket,http://basketball.latinbasket.com:80/team/Puerto-Rico/Cangrejeros_de_Santurce/2635?Year=2010,20140110084826,single-source
cangrejeros_santurce,2010,year_param,flat_bo,roster,17,Rodriguez Christopher,surname_first,203,C,,,,DOM,,,,194477,,http://www.eurobasket.com/player.asp?Cntry=PUR&PlayerID=194477,full,latinbasket,http://basketball.latinbasket.com:80/team/Puerto-Rico/Cangrejeros_de_Santurce/2635?Year=2010,20140110084826,single-source
cangrejeros_santurce,2010,year_param,flat_bo,roster,18,Rivera Christian,surname_first,208,C,83,,,PUR,,,,59859,,http://www.eurobasket.com/player.asp?Cntry=PUR&PlayerID=59859,full,latinbasket,http://basketball.latinbasket.com:80/team/Puerto-Rico/Cangrejeros_de_Santurce/2635?Year=2010,20140110084826,single-source
cangrejeros_santurce,2010,year_param,flat_bo,roster,11,Ortiz Fernando,surname_first,196,F/G,77,,,PUR,,,,19264,,http://www.eurobasket.com/player.asp?Cntry=PUR&PlayerID=19264,full,latinbasket,http://basketball.latinbasket.com:80/team/Puerto-Rico/Cangrejeros_de_Santurce/2635?Year=2010,20140110084826,single-source
cangrejeros_santurce,2010,year_param,flat_bo,roster,11,Villafane Luis,surname_first,208,C/F,81,,,PUR,,,,28086,,http://www.eurobasket.com/player.asp?Cntry=PUR&PlayerID=28086,full,latinbasket,http://basketball.latinbasket.com:80/team/Puerto-Rico/Cangrejeros_de_Santurce/2635?Year=2010,20140110084826,single-source
cangrejeros_santurce,2010,year_param,flat_bo,roster,,Torres Dario,surname_first,179,G,87,,,PUR,,,,125178,,http://www.eurobasket.com/player.asp?Cntry=PUR&PlayerID=125178,full,latinbasket,http://basketball.latinbasket.com:80/team/Puerto-Rico/Cangrejeros_de_Santurce/2635?Year=2010,20140110084826,single-source
cangrejeros_santurce,2010,year_param,flat_bo,roster,,Acevedo Joseph,surname_first,,,,,,PUR,,,,194781,,http://www.eurobasket.com/player.asp?Cntry=PUR&PlayerID=194781,full,latinbasket,http://basketball.latinbasket.com:80/team/Puerto-Rico/Cangrejeros_de_Santurce/2635?Year=2010,20140110084826,single-source
cangrejeros_santurce,2011,year_param,flat_bo,roster,10,Pagan Wilfredo,surname_first,184,G,76,,,,,,,30599,,http://www.eurobasket.com/player.asp?Cntry=PUR&PlayerID=30599,full,latinbasket,http://basketball.latinbasket.com:80/team/Puerto-Rico/Cangrejeros_de_Santurce/2635?Year=2011,20140110084831,single-source
cangrejeros_santurce,2011,year_param,flat_bo,roster,08,Chaney Richard,surname_first,196,G,84,,,,,,,52053,,http://www.eurobasket.com/player.asp?Cntry=PUR&PlayerID=52053,full,latinbasket,http://basketball.latinbasket.com:80/team/Puerto-Rico/Cangrejeros_de_Santurce/2635?Year=2011,20140110084831,single-source
cangrejeros_santurce,2011,year_param,flat_bo,roster,12,Nieves Roberto,surname_first,194,G,82,,,,,,,15937,,http://www.eurobasket.com/player.asp?Cntry=PUR&PlayerID=15937,full,latinbasket,http://basketball.latinbasket.com:80/team/Puerto-Rico/Cangrejeros_de_Santurce/2635?Year=2011,20140110084831,single-source
cangrejeros_santurce,2011,year_param,flat_bo,roster,20,Morales Luis Damian,surname_first,191,F,88,,,,,,,107439,,http://www.eurobasket.com/player.asp?Cntry=PUR&PlayerID=107439,full,latinbasket,http://basketball.latinbasket.com:80/team/Puerto-Rico/Cangrejeros_de_Santurce/2635?Year=2011,20140110084831,single-source
cangrejeros_santurce,2011,year_param,flat_bo,roster,11,Villafane Luis,surname_first,208,C/F,81,,,,,,,28086,,http://www.eurobasket.com/player.asp?Cntry=PUR&PlayerID=28086,full,latinbasket,http://basketball.latinbasket.com:80/team/Puerto-Rico/Cangrejeros_de_Santurce/2635?Year=2011,20140110084831,single-source
cangrejeros_santurce,2011,year_param,flat_bo,roster,15,Sanchez Ricky,surname_first,212,C/F,87,,,,,,,41221,,http://www.eurobasket.com/player.asp?Cntry=PUR&PlayerID=41221,full,latinbasket,http://basketball.latinbasket.com:80/team/Puerto-Rico/Cangrejeros_de_Santurce/2635?Year=2011,20140110084831,single-source
cangrejeros_santurce,2011,year_param,flat_bo,roster,17,Benison Cameron,surname_first,198,F,82,,,,,,,31936,,http://www.eurobasket.com/player.asp?Cntry=PUR&PlayerID=31936,full,latinbasket,http://basketball.latinbasket.com:80/team/Puerto-Rico/Cangrejeros_de_Santurce/2635?Year=2011,20140110084831,single-source
cangrejeros_santurce,2011,year_param,flat_bo,roster,16,Falcon Alexander,surname_first,200,F,74,,,,,,,12038,,http://www.eurobasket.com/player.asp?Cntry=PUR&PlayerID=12038,full,latinbasket,http://basketball.latinbasket.com:80/team/Puerto-Rico/Cangrejeros_de_Santurce/2635?Year=2011,20140110084831,single-source
cangrejeros_santurce,2011,year_param,flat_bo,roster,04,Gonzalez Miguel,surname_first,183,G,84,,,,,,,102799,,http://www.eurobasket.com/player.asp?Cntry=PUR&PlayerID=102799,full,latinbasket,http://basketball.latinbasket.com:80/team/Puerto-Rico/Cangrejeros_de_Santurce/2635?Year=2011,20140110084831,single-source
cangrejeros_santurce,2011,year_param,flat_bo,roster,09,Soto Christian,surname_first,203,F,87,,,,,,,90298,,http://www.eurobasket.com/player.asp?Cntry=PUR&PlayerID=90298,full,latinbasket,http://basketball.latinbasket.com:80/team/Puerto-Rico/Cangrejeros_de_Santurce/2635?Year=2011,20140110084831,single-source
cangrejeros_santurce,2013,year_param,flat_bo,roster,,Young Ian,surname_first,191,PG,81,,,,,,,52483,,http://www.eurobasket.com/player.asp?Cntry=PUR&PlayerID=52483,full,latinbasket,http://basketball.latinbasket.com:80/team/Puerto-Rico/Cangrejeros_de_Santurce/2635?Year=2013,20140110084836,single-source
cangrejeros_santurce,2013,year_param,flat_bo,roster,,Polo Tyler,surname_first,201,F,,,,,,,,123826,,http://www.eurobasket.com/player.asp?Cntry=PUR&PlayerID=123826,full,latinbasket,http://basketball.latinbasket.com:80/team/Puerto-Rico/Cangrejeros_de_Santurce/2635?Year=2013,20140110084836,single-source
cangrejeros_santurce,2013,year_param,flat_bo,roster,,Addison Matt,surname_first,172,PG,87,,,,,,,248366,,http://www.eurobasket.com/player.asp?Cntry=PUR&PlayerID=248366,full,latinbasket,http://basketball.latinbasket.com:80/team/Puerto-Rico/Cangrejeros_de_Santurce/2635?Year=2013,20140110084836,single-source
cangrejeros_santurce,2013,year_param,flat_bo,roster,,Pagan Wilfredo,surname_first,184,PG,76,,,,,,,30599,,http://www.eurobasket.com/player.asp?Cntry=PUR&PlayerID=30599,full,latinbasket,http://basketball.latinbasket.com:80/team/Puerto-Rico/Cangrejeros_de_Santurce/2635?Year=2013,20140110084836,single-source
cangrejeros_santurce,2013,year_param,flat_bo,roster,,Orozco William,surname_first,201,F,85,,,,,,,47366,,http://www.eurobasket.com/player.asp?Cntry=PUR&PlayerID=47366,full,latinbasket,http://basketball.latinbasket.com:80/team/Puerto-Rico/Cangrejeros_de_Santurce/2635?Year=2013,20140110084836,single-source
cangrejeros_santurce,2013,year_param,flat_bo,roster,,Villegas Samuel,surname_first,198,G/F,83,,,,,,,20450,,http://www.eurobasket.com/player.asp?Cntry=PUR&PlayerID=20450,full,latinbasket,http://basketball.latinbasket.com:80/team/Puerto-Rico/Cangrejeros_de_Santurce/2635?Year=2013,20140110084836,single-source
cangrejeros_santurce,2013,year_param,flat_bo,roster,,Villafane Luis,surname_first,208,C/F,81,,,,,,,28086,,http://www.eurobasket.com/player.asp?Cntry=PUR&PlayerID=28086,full,latinbasket,http://basketball.latinbasket.com:80/team/Puerto-Rico/Cangrejeros_de_Santurce/2635?Year=2013,20140110084836,single-source
cangrejeros_santurce,2013,year_param,flat_bo,roster,,Falcon Alexander,surname_first,200,F,74,,,,,,,12038,,http://www.eurobasket.com/player.asp?Cntry=PUR&PlayerID=12038,full,latinbasket,http://basketball.latinbasket.com:80/team/Puerto-Rico/Cangrejeros_de_Santurce/2635?Year=2013,20140110084836,single-source
cangrejeros_santurce,2013,year_param,flat_bo,roster,,Nieves Roberto,surname_first,194,G,82,,,,,,,15937,,http://www.eurobasket.com/player.asp?Cntry=PUR&PlayerID=15937,full,latinbasket,http://basketball.latinbasket.com:80/team/Puerto-Rico/Cangrejeros_de_Santurce/2635?Year=2013,20140110084836,single-source
cangrejeros_santurce,2013,year_param,flat_bo,roster,,Gonzalez Angel,surname_first,,,,,,,,,,283235,,http://www.eurobasket.com/player.asp?Cntry=PUR&PlayerID=283235,full,latinbasket,http://basketball.latinbasket.com:80/team/Puerto-Rico/Cangrejeros_de_Santurce/2635?Year=2013,20140110084836,single-source
cangrejeros_santurce,2013,year_param,flat_bo,roster,,Acevedo Angel,surname_first,,,,,,,,,,283237,,http://www.eurobasket.com/player.asp?Cntry=PUR&PlayerID=283237,full,latinbasket,http://basketball.latinbasket.com:80/team/Puerto-Rico/Cangrejeros_de_Santurce/2635?Year=2013,20140110084836,single-source
cangrejeros_santurce,2014,capture_year,widget,starting_five,,Javier Mojica,given_first,190,SG,,30,1984,,,,,,46640,http://basketball.latinbasket.com/player/Javier_Mojica/Puerto-Rico/Cangrejeros_de_Santurce/46640,full,latinbasket,http://basketball.latinbasket.com:80/team/Puerto-Rico/Cangrejeros_de_Santurce/2635,20141016232747,single-source
cangrejeros_santurce,2014,capture_year,widget,starting_five,,Alexander Galindo,given_first,200,PF,,29,1985,,,,,,55082,http://basketball.latinbasket.com/player/Alexander_Galindo/Puerto-Rico/Cangrejeros_de_Santurce/55082,full,latinbasket,http://basketball.latinbasket.com:80/team/Puerto-Rico/Cangrejeros_de_Santurce/2635,20141016232747,single-source
cangrejeros_santurce,2014,capture_year,widget,starting_five,,Daniel Santiago,given_first,216,C,,38,1976,,,,,,26390,http://basketball.latinbasket.com/player/Daniel_Santiago/Puerto-Rico/Cangrejeros_de_Santurce/26390,full,latinbasket,http://basketball.latinbasket.com:80/team/Puerto-Rico/Cangrejeros_de_Santurce/2635,20141016232747,single-source
cangrejeros_santurce,2014,capture_year,widget,starting_five,,Javier Gonzalez,given_first,186,G,,42,1972,,,,,,34176,http://basketball.latinbasket.com/player/Javier_Gonzalez/Puerto-Rico/Cangrejeros_de_Santurce/34176,full,latinbasket,http://basketball.latinbasket.com:80/team/Puerto-Rico/Cangrejeros_de_Santurce/2635,20141016232747,single-source
cangrejeros_santurce,2014,capture_year,widget,starting_five,,Christian Dalmau,given_first,194,G,,37,1977,,,,,,9323,http://basketball.latinbasket.com/player/Christian_Dalmau/Puerto-Rico/Cangrejeros_de_Santurce/9323,full,latinbasket,http://basketball.latinbasket.com:80/team/Puerto-Rico/Cangrejeros_de_Santurce/2635,20141016232747,single-source
cangrejeros_santurce,2014,capture_year,widget,reserve,,Tyler Polo,given_first,,,,,,,,,,,123826,http://basketball.latinbasket.com/player/Tyler_Polo/Puerto-Rico/Cangrejeros_de_Santurce/123826,full,latinbasket,http://basketball.latinbasket.com:80/team/Puerto-Rico/Cangrejeros_de_Santurce/2635,20141016232747,single-source
cangrejeros_santurce,2014,capture_year,widget,reserve,,Nikko Acosta,given_first,205,F,,25,1989,,,,,,233670,http://basketball.latinbasket.com/player/Nikko_Acosta/Puerto-Rico/Cangrejeros_de_Santurce/233670,full,latinbasket,http://basketball.latinbasket.com:80/team/Puerto-Rico/Cangrejeros_de_Santurce/2635,20141016232747,single-source
cangrejeros_santurce,2014,capture_year,widget,reserve,,Luis Villafane,given_first,208,C/F,,33,1981,,,,,,28086,http://basketball.latinbasket.com/player/Luis_Villafane/Puerto-Rico/Cangrejeros_de_Santurce/28086,full,latinbasket,http://basketball.latinbasket.com:80/team/Puerto-Rico/Cangrejeros_de_Santurce/2635,20141016232747,single-source
cangrejeros_santurce,2014,capture_year,widget,reserve,,Angel Ayala,given_first,,,,,,,,,,,244922,http://basketball.latinbasket.com/player/Angel_Ayala/Puerto-Rico/Cangrejeros_de_Santurce/244922,full,latinbasket,http://basketball.latinbasket.com:80/team/Puerto-Rico/Cangrejeros_de_Santurce/2635,20141016232747,single-source
cangrejeros_santurce,2014,capture_year,widget,reserve,,Andres Rodriguez,given_first,184,PG,,33,1981,,,,,,27865,http://basketball.latinbasket.com/player/Andres_Rodriguez/Puerto-Rico/Cangrejeros_de_Santurce/27865,full,latinbasket,http://basketball.latinbasket.com:80/team/Puerto-Rico/Cangrejeros_de_Santurce/2635,20141016232747,single-source
cangrejeros_santurce,2015,capture_year,widget,starting_five,,Javier Gonzalez,given_first,186,G,,43,1972,,,,,,34176,http://basketball.latinbasket.com/player/Javier_Gonzalez/Puerto-Rico/Cangrejeros_de_Santurce/34176,full,latinbasket,http://basketball.latinbasket.com:80/team/Puerto-Rico/Cangrejeros_de_Santurce/2635,20150516202755,single-source
cangrejeros_santurce,2015,capture_year,widget,starting_five,,Brian Conklin,given_first,198,F,,26,1989,,,,,,163712,http://basketball.latinbasket.com/player/Brian_Conklin/Puerto-Rico/Cangrejeros_de_Santurce/163712,full,latinbasket,http://basketball.latinbasket.com:80/team/Puerto-Rico/Cangrejeros_de_Santurce/2635,20150516202755,single-source
cangrejeros_santurce,2015,capture_year,widget,starting_five,,Leon Williams,given_first,203,C/F,,29,1986,,,,,,65243,http://basketball.latinbasket.com/player/Leon_Williams/Puerto-Rico/Cangrejeros_de_Santurce/65243,full,latinbasket,http://basketball.latinbasket.com:80/team/Puerto-Rico/Cangrejeros_de_Santurce/2635,20150516202755,single-source
cangrejeros_santurce,2015,capture_year,widget,starting_five,,Javier Mojica,given_first,190,SG,,31,1984,,,,,,46640,http://basketball.latinbasket.com/player/Javier_Mojica/Puerto-Rico/Cangrejeros_de_Santurce/46640,full,latinbasket,http://basketball.latinbasket.com:80/team/Puerto-Rico/Cangrejeros_de_Santurce/2635,20150516202755,single-source
cangrejeros_santurce,2015,capture_year,widget,starting_five,,Carlos Arroyo,given_first,188,PG,,36,1979,,,,,,30678,http://basketball.latinbasket.com/player/Carlos_Arroyo/Puerto-Rico/Cangrejeros_de_Santurce/30678,full,latinbasket,http://basketball.latinbasket.com:80/team/Puerto-Rico/Cangrejeros_de_Santurce/2635,20150516202755,single-source
cangrejeros_santurce,2015,capture_year,widget,reserve,,Jeffrey Burgos,given_first,198,F,,21,1994,,,,,,180011,http://basketball.latinbasket.com/player/Jeffrey_Burgos/Puerto-Rico/Cangrejeros_de_Santurce/180011,full,latinbasket,http://basketball.latinbasket.com:80/team/Puerto-Rico/Cangrejeros_de_Santurce/2635,20150516202755,single-source
cangrejeros_santurce,2015,capture_year,widget,reserve,,Antonio Latimer,given_first,204,F/G,,37,1978,,,,,,5838,http://basketball.latinbasket.com/player/Antonio_Latimer/Puerto-Rico/Cangrejeros_de_Santurce/5838,full,latinbasket,http://basketball.latinbasket.com:80/team/Puerto-Rico/Cangrejeros_de_Santurce/2635,20150516202755,single-source
cangrejeros_santurce,2015,capture_year,widget,reserve,,Jeffrion Aubry,given_first,205,C,,39,1976,,,,,,15098,http://basketball.latinbasket.com/player/Jeffrion_Aubry/Puerto-Rico/Cangrejeros_de_Santurce/15098,full,latinbasket,http://basketball.latinbasket.com:80/team/Puerto-Rico/Cangrejeros_de_Santurce/2635,20150516202755,single-source
cangrejeros_santurce,2015,capture_year,widget,reserve,,Angel Ayala,given_first,,,,,,,,,,,244922,http://basketball.latinbasket.com/player/Angel_Ayala/Puerto-Rico/Cangrejeros_de_Santurce/244922,full,latinbasket,http://basketball.latinbasket.com:80/team/Puerto-Rico/Cangrejeros_de_Santurce/2635,20150516202755,single-source
cangrejeros_santurce,2015,capture_year,widget,reserve,,Jeff Early,given_first,190,G,,27,1988,,,,,,221688,http://basketball.latinbasket.com/player/Jeff_Early/Puerto-Rico/Cangrejeros_de_Santurce/221688,full,latinbasket,http://basketball.latinbasket.com:80/team/Puerto-Rico/Cangrejeros_de_Santurce/2635,20150516202755,single-source
cangrejeros_santurce,2016,capture_year,widget,starting_five,3,Michael Rosario,given_first,190,SG,,25,1991,,,,,,163356,http://basketball.latinbasket.com/player/Michael-Rosario/Puerto-Rico/Cangrejeros-de-Santurce/163356,full,latinbasket,http://basketball.latinbasket.com:80/team/Puerto-Rico/Cangrejeros_de_Santurce/2635,20160918132100,single-source
cangrejeros_santurce,2016,capture_year,widget,reserve,55,Joel Gierbolini,given_first,203,F,,26,1990,,,,,,162245,http://basketball.latinbasket.com/player/Joel-Gierbolini/Puerto-Rico/Cangrejeros-de-Santurce/162245,full,latinbasket,http://basketball.latinbasket.com:80/team/Puerto-Rico/Cangrejeros_de_Santurce/2635,20160918132100,single-source
cangrejeros_santurce,2016,capture_year,widget,starting_five,18,Khyle Marshall,given_first,198,F,,24,1992,,,,,,204258,http://basketball.latinbasket.com/player/Khyle-Marshall/Puerto-Rico/Cangrejeros-de-Santurce/204258,full,latinbasket,http://basketball.latinbasket.com:80/team/Puerto-Rico/Cangrejeros_de_Santurce/2635,20160918132100,single-source
cangrejeros_santurce,2016,capture_year,widget,reserve,15,Christian Soto,given_first,203,F,,28,1988,,,,,,90298,http://basketball.latinbasket.com/player/Christian-Soto/Puerto-Rico/Cangrejeros-de-Santurce/90298,full,latinbasket,http://basketball.latinbasket.com:80/team/Puerto-Rico/Cangrejeros_de_Santurce/2635,20160918132100,single-source
cangrejeros_santurce,2016,capture_year,widget,starting_five,27,Johan Petro,given_first,214,C,,30,1986,,,,,,41844,http://basketball.latinbasket.com/player/Johan-Petro/Puerto-Rico/Cangrejeros-de-Santurce/41844,full,latinbasket,http://basketball.latinbasket.com:80/team/Puerto-Rico/Cangrejeros_de_Santurce/2635,20160918132100,single-source
cangrejeros_santurce,2016,capture_year,widget,reserve,23,Nikko Acosta,given_first,205,F,,27,1989,,,,,,233670,http://basketball.latinbasket.com/player/Nikko-Acosta/Puerto-Rico/Cangrejeros-de-Santurce/233670,full,latinbasket,http://basketball.latinbasket.com:80/team/Puerto-Rico/Cangrejeros_de_Santurce/2635,20160918132100,single-source
cangrejeros_santurce,2016,capture_year,widget,starting_five,44,Javier Mojica,given_first,190,SG,,32,1984,,,,,,46640,http://basketball.latinbasket.com/player/Javier-Mojica/Puerto-Rico/Cangrejeros-de-Santurce/46640,full,latinbasket,http://basketball.latinbasket.com:80/team/Puerto-Rico/Cangrejeros_de_Santurce/2635,20160918132100,single-source
cangrejeros_santurce,2016,capture_year,widget,reserve,22,Jeff Early,given_first,190,G,,28,1988,,,,,,221688,http://basketball.latinbasket.com/player/Jeff-Early/Puerto-Rico/Cangrejeros-de-Santurce/221688,full,latinbasket,http://basketball.latinbasket.com:80/team/Puerto-Rico/Cangrejeros_de_Santurce/2635,20160918132100,single-source
cangrejeros_santurce,2016,capture_year,widget,starting_five,,Angel Ayala,given_first,193,,,25,1991,,,,,,,,partial,latinbasket,http://basketball.latinbasket.com:80/team/Puerto-Rico/Cangrejeros_de_Santurce/2635,20160918132100,single-source
cangrejeros_santurce,2016,capture_year,widget,starting_five,,Douglas Mills,given_first,188,,,26,1990,,,,,,,,partial,latinbasket,http://basketball.latinbasket.com:80/team/Puerto-Rico/Cangrejeros_de_Santurce/2635,20160918132100,single-source
cangrejeros_santurce,2016,capture_year,widget,starting_five,14,Kevin Hamilton,given_first,193,PG,,32,1984,,,,,,53827,http://basketball.latinbasket.com/player/Kevin-Hamilton/Puerto-Rico/Cangrejeros-de-Santurce/53827,full,latinbasket,http://basketball.latinbasket.com:80/team/Puerto-Rico/Cangrejeros_de_Santurce/2635,20160918132100,single-source
cangrejeros_santurce,2016,capture_year,widget,reserve,10,Ansel Guzman,given_first,174,PG,,32,1984,,,,,,76116,http://basketball.latinbasket.com/player/Ansel-Guzman/Puerto-Rico/Cangrejeros-de-Santurce/76116,full,latinbasket,http://basketball.latinbasket.com:80/team/Puerto-Rico/Cangrejeros_de_Santurce/2635,20160918132100,single-source
capitanes_arecibo,2009,year_param,flat_bo,roster,53,Fizer Marcus,surname_first,203,F,78,,,USA,,,,13402,,http://www.eurobasket.com/player.asp?Cntry=PUR&PlayerID=13402,full,latinbasket,http://basketball.latinbasket.com:80/team/Puerto-Rico/Capitanes_de_Arecibo/2187?Year=2009,20150110124304,single-source
capitanes_arecibo,2009,year_param,flat_bo,roster,42,Aubry Jeff,surname_first,205,C,76,,,USA-PUR,,,,15098,,http://www.eurobasket.com/player.asp?Cntry=PUR&PlayerID=15098,full,latinbasket,http://basketball.latinbasket.com:80/team/Puerto-Rico/Capitanes_de_Arecibo/2187?Year=2009,20150110124304,single-source
capitanes_arecibo,2009,year_param,flat_bo,roster,10,Pagan Wilfredo,surname_first,184,G,76,,,USA-PUR,,,,30599,,http://www.eurobasket.com/player.asp?Cntry=PUR&PlayerID=30599,full,latinbasket,http://basketball.latinbasket.com:80/team/Puerto-Rico/Capitanes_de_Arecibo/2187?Year=2009,20150110124304,single-source
capitanes_arecibo,2009,year_param,flat_bo,roster,31,Rivera Carlos,surname_first,187,G,83,,,PUR,,,,61200,,http://www.eurobasket.com/player.asp?Cntry=PUR&PlayerID=61200,full,latinbasket,http://basketball.latinbasket.com:80/team/Puerto-Rico/Capitanes_de_Arecibo/2187?Year=2009,20150110124304,single-source
capitanes_arecibo,2009,year_param,flat_bo,roster,33,Figueroa Angel,surname_first,196,G/F,81,,,PUR,,,,21469,,http://www.eurobasket.com/player.asp?Cntry=PUR&PlayerID=21469,full,latinbasket,http://basketball.latinbasket.com:80/team/Puerto-Rico/Capitanes_de_Arecibo/2187?Year=2009,20150110124304,single-source
capitanes_arecibo,2009,year_param,flat_bo,roster,13,Cruz Rafael,surname_first,187,G,79,,,PUR,,,,40632,,http://www.eurobasket.com/player.asp?Cntry=PUR&PlayerID=40632,full,latinbasket,http://basketball.latinbasket.com:80/team/Puerto-Rico/Capitanes_de_Arecibo/2187?Year=2009,20150110124304,single-source
capitanes_arecibo,2009,year_param,flat_bo,roster,17,Vega Christopher,surname_first,182,G,84,,,PUR,,,,49295,,http://www.eurobasket.com/player.asp?Cntry=PUR&PlayerID=49295,full,latinbasket,http://basketball.latinbasket.com:80/team/Puerto-Rico/Capitanes_de_Arecibo/2187?Year=2009,20150110124304,single-source
capitanes_arecibo,2009,year_param,flat_bo,roster,18,Cortes David,surname_first,190,G/F,81,,,PUR,,,,4477,,http://www.eurobasket.com/player.asp?Cntry=PUR&PlayerID=4477,full,latinbasket,http://basketball.latinbasket.com:80/team/Puerto-Rico/Capitanes_de_Arecibo/2187?Year=2009,20150110124304,single-source
capitanes_arecibo,2009,year_param,flat_bo,roster,14,Rivera Raul,surname_first,215,C,82,,,DOM-PUR,,,,41433,,http://www.eurobasket.com/player.asp?Cntry=PUR&PlayerID=41433,full,latinbasket,http://basketball.latinbasket.com:80/team/Puerto-Rico/Capitanes_de_Arecibo/2187?Year=2009,20150110124304,single-source
capitanes_arecibo,2009,year_param,flat_bo,roster,11,Ricardo Osiris,surname_first,209,C,77,,,DOM-PUR,,,,25711,,http://www.eurobasket.com/player.asp?Cntry=PUR&PlayerID=25711,full,latinbasket,http://basketball.latinbasket.com:80/team/Puerto-Rico/Capitanes_de_Arecibo/2187?Year=2009,20150110124304,single-source
capitanes_arecibo,2009,year_param,flat_bo,roster,20,Villegas Johwen,surname_first,193,G,85,,,PUR,,,,64961,,http://www.eurobasket.com/player.asp?Cntry=PUR&PlayerID=64961,full,latinbasket,http://basketball.latinbasket.com:80/team/Puerto-Rico/Capitanes_de_Arecibo/2187?Year=2009,20150110124304,single-source
capitanes_arecibo,2009,year_param,flat_bo,roster,7,Ramirez Edgardo,surname_first,193,G/F,86,,,PUR,,,,102243,,http://www.eurobasket.com/player.asp?Cntry=PUR&PlayerID=102243,full,latinbasket,http://basketball.latinbasket.com:80/team/Puerto-Rico/Capitanes_de_Arecibo/2187?Year=2009,20150110124304,single-source
capitanes_arecibo,2009,year_param,flat_bo,roster,21,Rosa-Clemente Angel,surname_first,206,F/C,84,,,PUR,,,,48960,,http://www.eurobasket.com/player.asp?Cntry=PUR&PlayerID=48960,full,latinbasket,http://basketball.latinbasket.com:80/team/Puerto-Rico/Capitanes_de_Arecibo/2187?Year=2009,20150110124304,single-source
capitanes_arecibo,2009,year_param,flat_bo,roster,22,Watson Michael,surname_first,186,G,80,,,USA-PUR,,,,40028,,http://www.eurobasket.com/player.asp?Cntry=PUR&PlayerID=40028,full,latinbasket,http://basketball.latinbasket.com:80/team/Puerto-Rico/Capitanes_de_Arecibo/2187?Year=2009,20150110124304,single-source
capitanes_arecibo,2009,year_param,flat_bo,roster,50,Hernandez Samuel,surname_first,198,F,86,,,PUR,,,,55081,,http://www.eurobasket.com/player.asp?Cntry=PUR&PlayerID=55081,full,latinbasket,http://basketball.latinbasket.com:80/team/Puerto-Rico/Capitanes_de_Arecibo/2187?Year=2009,20150110124304,single-source
capitanes_arecibo,2010,year_param,flat_bo,roster,14,Rivera Raul,surname_first,215,C,82,,,DOM-PUR,,,,41433,,http://www.eurobasket.com/player.asp?Cntry=PUR&PlayerID=41433,full,latinbasket,http://basketball.latinbasket.com:80/team/Puerto-Rico/Capitanes_de_Arecibo/2187?Year=2010,20150110124312,single-source
capitanes_arecibo,2010,year_param,flat_bo,roster,08,Alvarado Omar,surname_first,180,G,83,,,PUR,,,,55079,,http://www.eurobasket.com/player.asp?Cntry=PUR&PlayerID=55079,full,latinbasket,http://basketball.latinbasket.com:80/team/Puerto-Rico/Capitanes_de_Arecibo/2187?Year=2010,20150110124312,single-source
capitanes_arecibo,2010,year_param,flat_bo,roster,18,Cortes David,surname_first,190,G/F,81,,,PUR,,,,4477,,http://www.eurobasket.com/player.asp?Cntry=PUR&PlayerID=4477,full,latinbasket,http://basketball.latinbasket.com:80/team/Puerto-Rico/Capitanes_de_Arecibo/2187?Year=2010,20150110124312,single-source
capitanes_arecibo,2010,year_param,flat_bo,roster,05,Rodriguez Andres,surname_first,182,G,81,,,PUR,,,,27865,,http://www.eurobasket.com/player.asp?Cntry=PUR&PlayerID=27865,full,latinbasket,http://basketball.latinbasket.com:80/team/Puerto-Rico/Capitanes_de_Arecibo/2187?Year=2010,20150110124312,single-source
capitanes_arecibo,2010,year_param,flat_bo,roster,10,Ayuso Larry,surname_first,190,G,77,,,USA-PUR,,,,5792,,http://www.eurobasket.com/player.asp?Cntry=PUR&PlayerID=5792,full,latinbasket,http://basketball.latinbasket.com:80/team/Puerto-Rico/Capitanes_de_Arecibo/2187?Year=2010,20150110124312,single-source
capitanes_arecibo,2010,year_param,flat_bo,roster,09,Reyes Angelo,surname_first,205,F/C,81,,,USA-PUR,,,,55083,,http://www.eurobasket.com/player.asp?Cntry=PUR&PlayerID=55083,full,latinbasket,http://basketball.latinbasket.com:80/team/Puerto-Rico/Capitanes_de_Arecibo/2187?Year=2010,20150110124312,single-source
capitanes_arecibo,2010,year_param,flat_bo,roster,42,Aubry Jeffrion,surname_first,205,C,76,,,USA-PUR,,,,15098,,http://www.eurobasket.com/player.asp?Cntry=PUR&PlayerID=15098,full,latinbasket,http://basketball.latinbasket.com:80/team/Puerto-Rico/Capitanes_de_Arecibo/2187?Year=2010,20150110124312,single-source
capitanes_arecibo,2010,year_param,flat_bo,roster,31,Johnson Haakim,surname_first,201,C,,,,USA,,,,172084,,http://www.eurobasket.com/player.asp?Cntry=PUR&PlayerID=172084,full,latinbasket,http://basketball.latinbasket.com:80/team/Puerto-Rico/Capitanes_de_Arecibo/2187?Year=2010,20150110124312,single-source
capitanes_arecibo,2010,year_param,flat_bo,roster,34,Rosario Jose 'YoYo',surname_first,194,F/C,73,,,DOM-PUR,,,,9322,,http://www.eurobasket.com/player.asp?Cntry=PUR&PlayerID=9322,full,latinbasket,http://basketball.latinbasket.com:80/team/Puerto-Rico/Capitanes_de_Arecibo/2187?Year=2010,20150110124312,single-source
capitanes_arecibo,2010,year_param,flat_bo,roster,,Vidot Grimaldi Jr,surname_first,183,G,84,,,PUR,,,,59834,,http://www.eurobasket.com/player.asp?Cntry=PUR&PlayerID=59834,full,latinbasket,http://basketball.latinbasket.com:80/team/Puerto-Rico/Capitanes_de_Arecibo/2187?Year=2010,20150110124312,single-source
capitanes_arecibo,2010,year_param,flat_bo,roster,07,Ramirez Edgardo,surname_first,193,G/F,86,,,PUR,,,,102243,,http://www.eurobasket.com/player.asp?Cntry=PUR&PlayerID=102243,full,latinbasket,http://basketball.latinbasket.com:80/team/Puerto-Rico/Capitanes_de_Arecibo/2187?Year=2010,20150110124312,single-source
capitanes_arecibo,2010,year_param,flat_bo,roster,17,Burgos Jerome,surname_first,183,G,89,,,PUR,,,,132185,,http://www.eurobasket.com/player.asp?Cntry=PUR&PlayerID=132185,full,latinbasket,http://basketball.latinbasket.com:80/team/Puerto-Rico/Capitanes_de_Arecibo/2187?Year=2010,20150110124312,single-source
capitanes_arecibo,2010,year_param,flat_bo,roster,15,Latimer Antonio,surname_first,204,F/G,78,,,PUR,,,,5838,,http://www.eurobasket.com/player.asp?Cntry=PUR&PlayerID=5838,full,latinbasket,http://basketball.latinbasket.com:80/team/Puerto-Rico/Capitanes_de_Arecibo/2187?Year=2010,20150110124312,single-source
capitanes_arecibo,2010,year_param,flat_bo,roster,13,Cruz Rafael,surname_first,187,G,79,,,PUR,,,,40632,,http://www.eurobasket.com/player.asp?Cntry=PUR&PlayerID=40632,full,latinbasket,http://basketball.latinbasket.com:80/team/Puerto-Rico/Capitanes_de_Arecibo/2187?Year=2010,20150110124312,single-source
capitanes_arecibo,2010,year_param,flat_bo,roster,,Wells Bonzi,surname_first,196,F,76,,,USA,,,,19699,,http://www.eurobasket.com/player.asp?Cntry=PUR&PlayerID=19699,full,latinbasket,http://basketball.latinbasket.com:80/team/Puerto-Rico/Capitanes_de_Arecibo/2187?Year=2010,20150110124312,single-source
capitanes_arecibo,2011,year_param,flat_bo,roster,10,Ayuso Larry,surname_first,190,G,77,,,,,,,5792,,http://www.eurobasket.com/player.asp?Cntry=PUR&PlayerID=5792,full,latinbasket,http://basketball.latinbasket.com:80/team/Puerto-Rico/Capitanes_de_Arecibo/2187?Year=2011,20150110124318,single-source
capitanes_arecibo,2011,year_param,flat_bo,roster,06,Aubry Jeffrion,surname_first,205,C,76,,,,,,,15098,,http://www.eurobasket.com/player.asp?Cntry=PUR&PlayerID=15098,full,latinbasket,http://basketball.latinbasket.com:80/team/Puerto-Rico/Capitanes_de_Arecibo/2187?Year=2011,20150110124318,single-source
capitanes_arecibo,2011,year_param,flat_bo,roster,08,Alvarado Omar,surname_first,180,G,83,,,,,,,55079,,http://www.eurobasket.com/player.asp?Cntry=PUR&PlayerID=55079,full,latinbasket,http://basketball.latinbasket.com:80/team/Puerto-Rico/Capitanes_de_Arecibo/2187?Year=2011,20150110124318,single-source
capitanes_arecibo,2011,year_param,flat_bo,roster,15,Latimer Antonio,surname_first,204,F/G,78,,,,,,,5838,,http://www.eurobasket.com/player.asp?Cntry=PUR&PlayerID=5838,full,latinbasket,http://basketball.latinbasket.com:80/team/Puerto-Rico/Capitanes_de_Arecibo/2187?Year=2011,20150110124318,single-source
capitanes_arecibo,2011,year_param,flat_bo,roster,18,Ruiz David,surname_first,195,F,82,,,,,,,82701,,http://www.eurobasket.com/player.asp?Cntry=PUR&PlayerID=82701,full,latinbasket,http://basketball.latinbasket.com:80/team/Puerto-Rico/Capitanes_de_Arecibo/2187?Year=2011,20150110124318,single-source
capitanes_arecibo,2011,year_param,flat_bo,roster,12,Pinnock Danilo,surname_first,196,G,83,,,,,,,46241,,http://www.eurobasket.com/player.asp?Cntry=PUR&PlayerID=46241,full,latinbasket,http://basketball.latinbasket.com:80/team/Puerto-Rico/Capitanes_de_Arecibo/2187?Year=2011,20150110124318,single-source
capitanes_arecibo,2011,year_param,flat_bo,roster,13,Cruz Rafael,surname_first,187,G,79,,,,,,,40632,,http://www.eurobasket.com/player.asp?Cntry=PUR&PlayerID=40632,full,latinbasket,http://basketball.latinbasket.com:80/team/Puerto-Rico/Capitanes_de_Arecibo/2187?Year=2011,20150110124318,single-source
capitanes_arecibo,2011,year_param,flat_bo,roster,09,Santiago Daniel,surname_first,216,C,76,,,,,,,26390,,http://www.eurobasket.com/player.asp?Cntry=PUR&PlayerID=26390,full,latinbasket,http://basketball.latinbasket.com:80/team/Puerto-Rico/Capitanes_de_Arecibo/2187?Year=2011,20150110124318,single-source
capitanes_arecibo,2011,year_param,flat_bo,roster,12,Rivera Manuel,surname_first,,,,,,,,,,75102,,http://www.eurobasket.com/player.asp?Cntry=PUR&PlayerID=75102,full,latinbasket,http://basketball.latinbasket.com:80/team/Puerto-Rico/Capitanes_de_Arecibo/2187?Year=2011,20150110124318,single-source
capitanes_arecibo,2011,year_param,flat_bo,roster,30,Bracey Bryan,surname_first,201,F,78,,,,,,,31628,,http://www.eurobasket.com/player.asp?Cntry=PUR&PlayerID=31628,full,latinbasket,http://basketball.latinbasket.com:80/team/Puerto-Rico/Capitanes_de_Arecibo/2187?Year=2011,20150110124318,single-source
capitanes_arecibo,2011,year_param,flat_bo,roster,7,Ramirez Edgardo,surname_first,193,G/F,86,,,,,,,102243,,http://www.eurobasket.com/player.asp?Cntry=PUR&PlayerID=102243,full,latinbasket,http://basketball.latinbasket.com:80/team/Puerto-Rico/Capitanes_de_Arecibo/2187?Year=2011,20150110124318,single-source
capitanes_arecibo,2011,year_param,flat_bo,roster,11,Orozco William,surname_first,201,F,85,,,,,,,47366,,http://www.eurobasket.com/player.asp?Cntry=PUR&PlayerID=47366,full,latinbasket,http://basketball.latinbasket.com:80/team/Puerto-Rico/Capitanes_de_Arecibo/2187?Year=2011,20150110124318,single-source
capitanes_arecibo,2011,year_param,flat_bo,roster,12,Nieves Joel,surname_first,190,G,,,,,,,,74202,,http://www.eurobasket.com/player.asp?Cntry=PUR&PlayerID=74202,full,latinbasket,http://basketball.latinbasket.com:80/team/Puerto-Rico/Capitanes_de_Arecibo/2187?Year=2011,20150110124318,single-source
capitanes_arecibo,2012,year_param,flat_bo,roster,24,Pinnock Danilo,surname_first,196,G,83,,,,,,,46241,,http://www.eurobasket.com/player.asp?Cntry=PUR&PlayerID=46241,full,latinbasket,http://basketball.latinbasket.com:80/team/Puerto-Rico/Capitanes_de_Arecibo/2187?Year=2012,20150110124323,single-source
capitanes_arecibo,2012,year_param,flat_bo,roster,10,Ayuso Larry,surname_first,190,G,77,,,,,,,5792,,http://www.eurobasket.com/player.asp?Cntry=PUR&PlayerID=5792,full,latinbasket,http://basketball.latinbasket.com:80/team/Puerto-Rico/Capitanes_de_Arecibo/2187?Year=2012,20150110124323,single-source
capitanes_arecibo,2012,year_param,flat_bo,roster,25,Santiago Daniel,surname_first,216,C,76,,,,,,,26390,,http://www.eurobasket.com/player.asp?Cntry=PUR&PlayerID=26390,full,latinbasket,http://basketball.latinbasket.com:80/team/Puerto-Rico/Capitanes_de_Arecibo/2187?Year=2012,20150110124323,single-source
capitanes_arecibo,2012,year_param,flat_bo,roster,22,Apodaca Rick,surname_first,193,G,80,,,,,,,38734,,http://www.eurobasket.com/player.asp?Cntry=PUR&PlayerID=38734,full,latinbasket,http://basketball.latinbasket.com:80/team/Puerto-Rico/Capitanes_de_Arecibo/2187?Year=2012,20150110124323,single-source
capitanes_arecibo,2012,year_param,flat_bo,roster,13,Cruz Rafael,surname_first,187,PG,79,,,,,,,40632,,http://www.eurobasket.com/player.asp?Cntry=PUR&PlayerID=40632,full,latinbasket,http://basketball.latinbasket.com:80/team/Puerto-Rico/Capitanes_de_Arecibo/2187?Year=2012,20150110124323,single-source
capitanes_arecibo,2012,year_param,flat_bo,roster,15,Latimer Antonio,surname_first,204,F/G,78,,,,,,,5838,,http://www.eurobasket.com/player.asp?Cntry=PUR&PlayerID=5838,full,latinbasket,http://basketball.latinbasket.com:80/team/Puerto-Rico/Capitanes_de_Arecibo/2187?Year=2012,20150110124323,single-source
capitanes_arecibo,2012,year_param,flat_bo,roster,,Garces Ruben,surname_first,206,C/F,73,,,,,,,11629,,http://www.eurobasket.com/player.asp?Cntry=PUR&PlayerID=11629,full,latinbasket,http://basketball.latinbasket.com:80/team/Puerto-Rico/Capitanes_de_Arecibo/2187?Year=2012,20150110124323,single-source
capitanes_arecibo,2012,year_param,flat_bo,roster,21,Rosa-Clemente Angel,surname_first,206,F/C,84,,,,,,,48960,,http://www.eurobasket.com/player.asp?Cntry=PUR&PlayerID=48960,full,latinbasket,http://basketball.latinbasket.com:80/team/Puerto-Rico/Capitanes_de_Arecibo/2187?Year=2012,20150110124323,single-source
capitanes_arecibo,2012,year_param,flat_bo,roster,22,Melendez Ricardo,surname_first,179,PG,83,,,,,,,55073,,http://www.eurobasket.com/player.asp?Cntry=PUR&PlayerID=55073,full,latinbasket,http://basketball.latinbasket.com:80/team/Puerto-Rico/Capitanes_de_Arecibo/2187?Year=2012,20150110124323,single-source
capitanes_arecibo,2012,year_param,flat_bo,roster,8,Alvarado Omar,surname_first,180,PG,83,,,,,,,55079,,http://www.eurobasket.com/player.asp?Cntry=PUR&PlayerID=55079,full,latinbasket,http://basketball.latinbasket.com:80/team/Puerto-Rico/Capitanes_de_Arecibo/2187?Year=2012,20150110124323,single-source
capitanes_arecibo,2012,year_param,flat_bo,roster,7,Ramirez Edgardo,surname_first,193,G/F,86,,,,,,,102243,,http://www.eurobasket.com/player.asp?Cntry=PUR&PlayerID=102243,full,latinbasket,http://basketball.latinbasket.com:80/team/Puerto-Rico/Capitanes_de_Arecibo/2187?Year=2012,20150110124323,single-source
capitanes_arecibo,2012,year_param,flat_bo,roster,32,Santiago Eddin 'Guayito',surname_first,185,G,79,,,,,,,9563,,http://www.eurobasket.com/player.asp?Cntry=PUR&PlayerID=9563,full,latinbasket,http://basketball.latinbasket.com:80/team/Puerto-Rico/Capitanes_de_Arecibo/2187?Year=2012,20150110124323,single-source
capitanes_arecibo,2013,year_param,flat_bo,roster,,Ramos Peter John,surname_first,222,C,85,,,,,,,41355,,http://www.eurobasket.com/player.asp?Cntry=PUR&PlayerID=41355,full,latinbasket,http://basketball.latinbasket.com:80/team/Puerto-Rico/Capitanes_de_Arecibo/2187?Year=2013,20150110124328,single-source
capitanes_arecibo,2013,year_param,flat_bo,roster,7,Graham Stephen,surname_first,198,F/G,82,,,,,,,44158,,http://www.eurobasket.com/player.asp?Cntry=PUR&PlayerID=44158,full,latinbasket,http://basketball.latinbasket.com:80/team/Puerto-Rico/Capitanes_de_Arecibo/2187?Year=2013,20150110124328,single-source
capitanes_arecibo,2013,year_param,flat_bo,roster,12,Graham Joey,surname_first,200,G/F,82,,,,,,,44180,,http://www.eurobasket.com/player.asp?Cntry=PUR&PlayerID=44180,full,latinbasket,http://basketball.latinbasket.com:80/team/Puerto-Rico/Capitanes_de_Arecibo/2187?Year=2013,20150110124328,single-source
capitanes_arecibo,2013,year_param,flat_bo,roster,1,Diaz Guillermo,surname_first,188,G,85,,,,,,,53559,,http://www.eurobasket.com/player.asp?Cntry=PUR&PlayerID=53559,full,latinbasket,http://basketball.latinbasket.com:80/team/Puerto-Rico/Capitanes_de_Arecibo/2187?Year=2013,20150110124328,single-source
capitanes_arecibo,2013,year_param,flat_bo,roster,8,Vassallo Angel Daniel,surname_first,198,G/F,86,,,,,,,56666,,http://www.eurobasket.com/player.asp?Cntry=PUR&PlayerID=56666,full,latinbasket,http://basketball.latinbasket.com:80/team/Puerto-Rico/Capitanes_de_Arecibo/2187?Year=2013,20150110124328,single-source
capitanes_arecibo,2013,year_param,flat_bo,roster,18,Cortes Ruiz David,surname_first,194,F,82,,,,,,,82701,,http://www.eurobasket.com/player.asp?Cntry=PUR&PlayerID=82701,full,latinbasket,http://basketball.latinbasket.com:80/team/Puerto-Rico/Capitanes_de_Arecibo/2187?Year=2013,20150110124328,single-source
capitanes_arecibo,2013,year_param,flat_bo,roster,3,Graterol Windi,surname_first,204,C,86,,,,,,,100914,,http://www.eurobasket.com/player.asp?Cntry=PUR&PlayerID=100914,full,latinbasket,http://basketball.latinbasket.com:80/team/Puerto-Rico/Capitanes_de_Arecibo/2187?Year=2013,20150110124328,single-source
capitanes_arecibo,2013,year_param,flat_bo,roster,6,Escalera Carlos,surname_first,190,G,79,,,,,,,32563,,http://www.eurobasket.com/player.asp?Cntry=PUR&PlayerID=32563,full,latinbasket,http://basketball.latinbasket.com:80/team/Puerto-Rico/Capitanes_de_Arecibo/2187?Year=2013,20150110124328,single-source
capitanes_arecibo,2013,year_param,flat_bo,roster,,Rodriguez Carlos,surname_first,183,F,83,,,,,,,77199,,http://www.eurobasket.com/player.asp?Cntry=PUR&PlayerID=77199,full,latinbasket,http://basketball.latinbasket.com:80/team/Puerto-Rico/Capitanes_de_Arecibo/2187?Year=2013,20150110124328,single-source
capitanes_arecibo,2013,year_param,flat_bo,roster,9,Soto Josue,surname_first,183,G,88,,,,,,,64970,,http://www.eurobasket.com/player.asp?Cntry=PUR&PlayerID=64970,full,latinbasket,http://basketball.latinbasket.com:80/team/Puerto-Rico/Capitanes_de_Arecibo/2187?Year=2013,20150110124328,single-source
capitanes_arecibo,2013,year_param,flat_bo,roster,23,Verdejo Jesus,surname_first,193,G,85,,,,,,,47351,,http://www.eurobasket.com/player.asp?Cntry=PUR&PlayerID=47351,full,latinbasket,http://basketball.latinbasket.com:80/team/Puerto-Rico/Capitanes_de_Arecibo/2187?Year=2013,20150110124328,single-source
capitanes_arecibo,2013,year_param,flat_bo,roster,6,Rosa-Clemente Angel,surname_first,206,F/C,84,,,,,,,48960,,http://www.eurobasket.com/player.asp?Cntry=PUR&PlayerID=48960,full,latinbasket,http://basketball.latinbasket.com:80/team/Puerto-Rico/Capitanes_de_Arecibo/2187?Year=2013,20150110124328,single-source
capitanes_arecibo,2013,year_param,flat_bo,roster,13,Cruz Rafael,surname_first,186,PG,79,,,,,,,40632,,http://www.eurobasket.com/player.asp?Cntry=PUR&PlayerID=40632,full,latinbasket,http://basketball.latinbasket.com:80/team/Puerto-Rico/Capitanes_de_Arecibo/2187?Year=2013,20150110124328,single-source
capitanes_arecibo,2013,year_param,flat_bo,roster,7,Ramirez Edgardo,surname_first,193,G/F,86,,,,,,,102243,,http://www.eurobasket.com/player.asp?Cntry=PUR&PlayerID=102243,full,latinbasket,http://basketball.latinbasket.com:80/team/Puerto-Rico/Capitanes_de_Arecibo/2187?Year=2013,20150110124328,single-source
capitanes_arecibo,2013,year_param,flat_bo,roster,,Pacheco William,surname_first,,,,,,,,,,283227,,http://www.eurobasket.com/player.asp?Cntry=PUR&PlayerID=283227,full,latinbasket,http://basketball.latinbasket.com:80/team/Puerto-Rico/Capitanes_de_Arecibo/2187?Year=2013,20150110124328,single-source
capitanes_arecibo,2013,year_param,flat_bo,roster,,Desiderio Angel,surname_first,,,,,,,,,,283231,,http://www.eurobasket.com/player.asp?Cntry=PUR&PlayerID=283231,full,latinbasket,http://basketball.latinbasket.com:80/team/Puerto-Rico/Capitanes_de_Arecibo/2187?Year=2013,20150110124328,single-source
capitanes_arecibo,2014,capture_year,widget,starting_five,,David Cortes,given_first,190,G/F,,33,1981,,,,,,4477,http://basketball.latinbasket.com/player/David_Cortes/Puerto-Rico/Capitanes_de_Arecibo/4477,full,latinbasket,http://basketball.latinbasket.com:80/team/Puerto-Rico/Capitanes_de_Arecibo/2187,20141015195216,single-source
capitanes_arecibo,2014,capture_year,widget,starting_five,,Renaldo Balkman,given_first,201,F,,30,1984,,,,,,61212,http://basketball.latinbasket.com/player/Renaldo_Balkman/Puerto-Rico/Capitanes_de_Arecibo/61212,full,latinbasket,http://basketball.latinbasket.com:80/team/Puerto-Rico/Capitanes_de_Arecibo/2187,20141015195216,single-source
capitanes_arecibo,2014,capture_year,widget,starting_five,,Garret Siler,given_first,213,C,,28,1986,,,,,,107106,http://basketball.latinbasket.com/player/Garret_Siler/Puerto-Rico/Capitanes_de_Arecibo/107106,full,latinbasket,http://basketball.latinbasket.com:80/team/Puerto-Rico/Capitanes_de_Arecibo/2187,20141015195216,single-source
capitanes_arecibo,2014,capture_year,widget,starting_five,,Guillermo Diaz,given_first,188,G,,29,1985,,,,,,53559,http://basketball.latinbasket.com/player/Guillermo_Diaz/Puerto-Rico/Capitanes_de_Arecibo/53559,full,latinbasket,http://basketball.latinbasket.com:80/team/Puerto-Rico/Capitanes_de_Arecibo/2187,20141015195216,single-source
capitanes_arecibo,2014,capture_year,widget,starting_five,,Leandro Garcia Morales,given_first,188,PG,,34,1980,,,,,,39048,http://basketball.latinbasket.com/player/Leandro_Garcia_Morales/Puerto-Rico/Capitanes_de_Arecibo/39048,full,latinbasket,http://basketball.latinbasket.com:80/team/Puerto-Rico/Capitanes_de_Arecibo/2187,20141015195216,single-source
capitanes_arecibo,2014,capture_year,widget,reserve,,Michael Alvarado,given_first,188,G,,22,1992,,,,,,201974,http://basketball.latinbasket.com/player/Michael_Alvarado/Puerto-Rico/Capitanes_de_Arecibo/201974,full,latinbasket,http://basketball.latinbasket.com:80/team/Puerto-Rico/Capitanes_de_Arecibo/2187,20141015195216,single-source
capitanes_arecibo,2014,capture_year,widget,reserve,,Angel Alamo,given_first,206,F,,29,1985,,,,,,113972,http://basketball.latinbasket.com/player/Angel_Alamo/Puerto-Rico/Capitanes_de_Arecibo/113972,full,latinbasket,http://basketball.latinbasket.com:80/team/Puerto-Rico/Capitanes_de_Arecibo/2187,20141015195216,single-source
capitanes_arecibo,2014,capture_year,widget,reserve,,Orin O'Bryant,given_first,211,C,,27,1987,,,,,,208258,http://basketball.latinbasket.com/player/Orin_OBryant/Puerto-Rico/Capitanes_de_Arecibo/208258,full,latinbasket,http://basketball.latinbasket.com:80/team/Puerto-Rico/Capitanes_de_Arecibo/2187,20141015195216,single-source
capitanes_arecibo,2014,capture_year,widget,reserve,,Alvin Cruz,given_first,186,PG,,32,1982,,,,,,25619,http://basketball.latinbasket.com/player/Alvin_Cruz/Puerto-Rico/Capitanes_de_Arecibo/25619,full,latinbasket,http://basketball.latinbasket.com:80/team/Puerto-Rico/Capitanes_de_Arecibo/2187,20141015195216,single-source
capitanes_arecibo,2014,capture_year,widget,reserve,,Francis Jonathan Han,given_first,185,PG,,27,1987,,,,,,90622,http://basketball.latinbasket.com/player/Francis_Jonathan_Han/Puerto-Rico/Capitanes_de_Arecibo/90622,full,latinbasket,http://basketball.latinbasket.com:80/team/Puerto-Rico/Capitanes_de_Arecibo/2187,20141015195216,single-source
capitanes_arecibo,2016,capture_year,widget,starting_five,2,Coty Clarke,given_first,201,F,,24,1992,,,,,,259226,http://basketball.latinbasket.com/player/Coty-Clarke/Puerto-Rico/Capitanes-de-Arecibo/259226,full,latinbasket,http://basketball.latinbasket.com:80/team/Puerto-Rico/Capitanes-de-Arecibo/2187,20160709120133,single-source
capitanes_arecibo,2016,capture_year,widget,reserve,30,Joel Jones,given_first,196,G/F,,35,1981,,,,,,46391,http://basketball.latinbasket.com/player/Joel-Jones/Puerto-Rico/Capitanes-de-Arecibo/46391,full,latinbasket,http://basketball.latinbasket.com:80/team/Puerto-Rico/Capitanes-de-Arecibo/2187,20160709120133,single-source
capitanes_arecibo,2016,capture_year,widget,starting_five,,David Huertas,given_first,195,,,29,1987,,,,,,,,partial,latinbasket,http://basketball.latinbasket.com:80/team/Puerto-Rico/Capitanes-de-Arecibo/2187,20160709120133,single-source
capitanes_arecibo,2016,capture_year,widget,starting_five,,Cuthbert Victor,given_first,197,,,33,1983,,,,,,,,partial,latinbasket,http://basketball.latinbasket.com:80/team/Puerto-Rico/Capitanes-de-Arecibo/2187,20160709120133,single-source
capitanes_arecibo,2016,capture_year,widget,starting_five,13,Renaldo Balkman,given_first,203,F,,32,1984,,,,,,61212,http://basketball.latinbasket.com/player/Renaldo-Balkman/Puerto-Rico/Capitanes-de-Arecibo/61212,full,latinbasket,http://basketball.latinbasket.com:80/team/Puerto-Rico/Capitanes-de-Arecibo/2187,20160709120133,single-source
capitanes_arecibo,2016,capture_year,widget,reserve,6,Joel Rodriguez,given_first,195,F,,19,1997,,,,,,363273,http://basketball.latinbasket.com/player/Joel-Rodriguez/Puerto-Rico/Capitanes-de-Arecibo/363273,full,latinbasket,http://basketball.latinbasket.com:80/team/Puerto-Rico/Capitanes-de-Arecibo/2187,20160709120133,single-source
capitanes_arecibo,2016,capture_year,widget,starting_five,25,Cady Lalanne,given_first,208,C,,24,1992,,,,,,234911,http://basketball.latinbasket.com/player/Cady-Lalanne/Puerto-Rico/Capitanes-de-Arecibo/234911,full,latinbasket,http://basketball.latinbasket.com:80/team/Puerto-Rico/Capitanes-de-Arecibo/2187,20160709120133,single-source
capitanes_arecibo,2016,capture_year,widget,reserve,19,Davon Jefferson,given_first,204,F,,29,1987,,,,,,136052,http://basketball.latinbasket.com/player/Davon-Jefferson/Puerto-Rico/Capitanes-de-Arecibo/136052,full,latinbasket,http://basketball.latinbasket.com:80/team/Puerto-Rico/Capitanes-de-Arecibo/2187,20160709120133,single-source
capitanes_arecibo,2016,capture_year,widget,starting_five,,Angel Alamo,given_first,206,,,31,1985,,,,,,,,partial,latinbasket,http://basketball.latinbasket.com:80/team/Puerto-Rico/Capitanes-de-Arecibo/2187,20160709120133,single-source
capitanes_arecibo,2016,capture_year,widget,starting_five,2,Guillermo Diaz,given_first,188,G,,31,1985,,,,,,53559,http://basketball.latinbasket.com/player/Guillermo-Diaz/Puerto-Rico/Capitanes-de-Arecibo/53559,full,latinbasket,http://basketball.latinbasket.com:80/team/Puerto-Rico/Capitanes-de-Arecibo/2187,20160709120133,single-source
capitanes_arecibo,2016,capture_year,widget,reserve,12,Joel Nieves,given_first,191,G,,30,1986,,,,,,74202,http://basketball.latinbasket.com/player/Joel-Nieves/Puerto-Rico/Capitanes-de-Arecibo/74202,full,latinbasket,http://basketball.latinbasket.com:80/team/Puerto-Rico/Capitanes-de-Arecibo/2187,20160709120133,single-source
capitanes_arecibo,2016,capture_year,widget,starting_five,,David Cortez,given_first,190,,,34,1982,,,,,,,,partial,latinbasket,http://basketball.latinbasket.com:80/team/Puerto-Rico/Capitanes-de-Arecibo/2187,20160709120133,single-source
capitanes_arecibo,2016,capture_year,widget,starting_five,6,Walter Hodge,given_first,183,PG,,29,1987,,,,,,71458,http://basketball.latinbasket.com/player/Walter-Hodge/Puerto-Rico/Capitanes-de-Arecibo/71458,full,latinbasket,http://basketball.latinbasket.com:80/team/Puerto-Rico/Capitanes-de-Arecibo/2187,20160709120133,single-source
capitanes_arecibo,2016,capture_year,widget,reserve,28,Alvin Cruz,given_first,186,PG,,34,1982,,,,,,25619,http://basketball.latinbasket.com/player/Alvin-Cruz/Puerto-Rico/Capitanes-de-Arecibo/25619,full,latinbasket,http://basketball.latinbasket.com:80/team/Puerto-Rico/Capitanes-de-Arecibo/2187,20160709120133,single-source
capitanes_arecibo,2016,capture_year,widget,starting_five,,Denis Clemente,given_first,183,,,30,1986,,,,,,,,partial,latinbasket,http://basketball.latinbasket.com:80/team/Puerto-Rico/Capitanes-de-Arecibo/2187,20160709120133,single-source
capitanes_arecibo,2017,year_param,flat_bo,roster,16,Clemente Denis,surname_first,183,PG,86,,,,,,,,71452,http://basketball.latinbasket.com/player/Denis-Clemente/Puerto Rico/Capitanes-de-Arecibo/71452,full,latinbasket,http://basketball.latinbasket.com/team/Puerto-Rico/Capitanes-de-Arecibo/2187?Year=2016-2017,20170703152251,single-source
capitanes_arecibo,2017,year_param,flat_bo,roster,7,Alamo Angel,surname_first,206,F,85,,,,,,,,113972,http://basketball.latinbasket.com/player/Angel-Alamo/Puerto Rico/Capitanes-de-Arecibo/113972,full,latinbasket,http://basketball.latinbasket.com/team/Puerto-Rico/Capitanes-de-Arecibo/2187?Year=2016-2017,20170703152251,single-source
capitanes_arecibo,2017,year_param,flat_bo,roster,35,Matias Angel,surname_first,193,F,92,,,,,,,,181574,http://basketball.latinbasket.com/player/Angel-Matias/Puerto Rico/Capitanes-de-Arecibo/181574,full,latinbasket,http://basketball.latinbasket.com/team/Puerto-Rico/Capitanes-de-Arecibo/2187?Year=2016-2017,20170703152251,single-source
capitanes_arecibo,2017,year_param,flat_bo,roster,25,Lalanne Cady,surname_first,208,C,92,,,,,,,,234911,http://basketball.latinbasket.com/player/Cady-Lalanne/Puerto Rico/Capitanes-de-Arecibo/234911,full,latinbasket,http://basketball.latinbasket.com/team/Puerto-Rico/Capitanes-de-Arecibo/2187?Year=2016-2017,20170703152251,single-source
capitanes_arecibo,2017,year_param,flat_bo,roster,18,Cortez David,surname_first,190,G/F,81,,,,,,,,4477,http://basketball.latinbasket.com/player/David-Cortez/USA/Capitanes-de-Arecibo/4477,full,latinbasket,http://basketball.latinbasket.com/team/Puerto-Rico/Capitanes-de-Arecibo/2187?Year=2016-2017,20170703152251,single-source
capitanes_arecibo,2017,year_param,flat_bo,roster,32,Balkman Renaldo,surname_first,203,F,84,,,,,,,,61212,http://basketball.latinbasket.com/player/Renaldo-Balkman/Puerto Rico/Capitanes-de-Arecibo/61212,full,latinbasket,http://basketball.latinbasket.com/team/Puerto-Rico/Capitanes-de-Arecibo/2187?Year=2016-2017,20170703152251,single-source
capitanes_arecibo,2017,year_param,flat_bo,roster,50,Valencia Florentino,surname_first,196,F,85,,,,,,,,61752,http://basketball.latinbasket.com/player/Florentino-Valencia/Puerto Rico/Capitanes-de-Arecibo/61752,full,latinbasket,http://basketball.latinbasket.com/team/Puerto-Rico/Capitanes-de-Arecibo/2187?Year=2016-2017,20170703152251,single-source
capitanes_arecibo,2017,year_param,flat_bo,roster,5,Behanan Chane,surname_first,198,F,92,,,,,,,,182824,http://basketball.latinbasket.com/player/Chane-Behanan/Puerto Rico/Capitanes-de-Arecibo/182824,full,latinbasket,http://basketball.latinbasket.com/team/Puerto-Rico/Capitanes-de-Arecibo/2187?Year=2016-2017,20170703152251,single-source
capitanes_arecibo,2017,year_param,flat_bo,roster,42,Rodriguez Joel,surname_first,195,F,96,,,,,,,,363273,http://basketball.latinbasket.com/player/Joel-Rodriguez/USA/Capitanes-de-Arecibo/363273,full,latinbasket,http://basketball.latinbasket.com/team/Puerto-Rico/Capitanes-de-Arecibo/2187?Year=2016-2017,20170703152251,single-source
capitanes_arecibo,2017,year_param,flat_bo,roster,33,Huertas David,surname_first,195,G/F,87,,,,,,,,64969,http://basketball.latinbasket.com/player/David-Huertas/Puerto Rico/Capitanes-de-Arecibo/64969,full,latinbasket,http://basketball.latinbasket.com/team/Puerto-Rico/Capitanes-de-Arecibo/2187?Year=2016-2017,20170703152251,single-source
capitanes_arecibo,2017,year_param,flat_bo,roster,28,Cruz Alvin,surname_first,186,PG,82,,,,,,,,25619,http://basketball.latinbasket.com/player/Alvin-Cruz/Puerto Rico/Capitanes-de-Arecibo/25619,full,latinbasket,http://basketball.latinbasket.com/team/Puerto-Rico/Capitanes-de-Arecibo/2187?Year=2016-2017,20170703152251,single-source
capitanes_arecibo,2017,year_param,flat_bo,roster,40,Toro Freddy,surname_first,201,F,88,,,,,,,,78423,http://basketball.latinbasket.com/player/Freddy-Toro/Puerto Rico/Capitanes-de-Arecibo/78423,full,latinbasket,http://basketball.latinbasket.com/team/Puerto-Rico/Capitanes-de-Arecibo/2187?Year=2016-2017,20170703152251,single-source
capitanes_arecibo,2017,year_param,flat_bo,roster,30,Jones Joel,surname_first,196,G/F,81,,,,,,,,46391,http://basketball.latinbasket.com/player/Joel-Jones/Venezuela/Capitanes-de-Arecibo/46391,full,latinbasket,http://basketball.latinbasket.com/team/Puerto-Rico/Capitanes-de-Arecibo/2187?Year=2016-2017,20170703152251,single-source
capitanes_arecibo,2017,year_param,flat_bo,roster,9,Strong Carlos,surname_first,193,G,87,,,,,,,,115097,http://basketball.latinbasket.com/player/Carlos-Strong/Puerto Rico/Capitanes-de-Arecibo/115097,full,latinbasket,http://basketball.latinbasket.com/team/Puerto-Rico/Capitanes-de-Arecibo/2187?Year=2016-2017,20170703152251,single-source
capitanes_arecibo,2017,year_param,flat_bo,roster,1,Diaz Guillermo,surname_first,188,G,85,,,,,,,,53559,http://basketball.latinbasket.com/player/Guillermo-Diaz/Puerto Rico/Capitanes-de-Arecibo/53559,full,latinbasket,http://basketball.latinbasket.com/team/Puerto-Rico/Capitanes-de-Arecibo/2187?Year=2016-2017,20170703152251,single-source
capitanes_arecibo,2017,year_param,flat_bo,roster,31,Soto Christian,surname_first,203,F,87,,,,,,,,90298,http://basketball.latinbasket.com/player/Christian-Soto/Puerto Rico/Capitanes-de-Arecibo/90298,full,latinbasket,http://basketball.latinbasket.com/team/Puerto-Rico/Capitanes-de-Arecibo/2187?Year=2016-2017,20170703152251,single-source
capitanes_arecibo,2017,year_param,flat_bo,roster,30,Pizarro Christian,surname_first,,G,95,,,,,,,,225987,http://basketball.latinbasket.com/player/Christian-Pizarro/Puerto Rico/Capitanes-de-Arecibo/225987,full,latinbasket,http://basketball.latinbasket.com/team/Puerto-Rico/Capitanes-de-Arecibo/2187?Year=2016-2017,20170703152251,single-source
capitanes_arecibo,2017,year_param,flat_bo,roster,20,Vazquez Jason,surname_first,192,G/F,95,,,,,,,,302836,http://basketball.latinbasket.com/player/Jason-Vazquez/Puerto Rico/Capitanes-de-Arecibo/302836,full,latinbasket,http://basketball.latinbasket.com/team/Puerto-Rico/Capitanes-de-Arecibo/2187?Year=2016-2017,20170703152251,single-source
capitanes_arecibo,2018,year_param,flat_bo,roster,16,Clemente Denis,surname_first,183,PG,86,,,,,,,,71452,http://basketball.latinbasket.com/player/Denis-Clemente/Puerto Rico/Capitanes-de-Arecibo/71452,full,latinbasket,http://basketball.latinbasket.com/team/Puerto-Rico/Capitanes-de-Arecibo/2187?Page=1&Year=2017-2018,20171115170726,single-source
capitanes_arecibo,2018,year_param,flat_bo,roster,25,Jefferson Davon,surname_first,204,F,86,,,,,,,,136052,http://basketball.latinbasket.com/player/Davon-Jefferson/Puerto Rico/Capitanes-de-Arecibo/136052,full,latinbasket,http://basketball.latinbasket.com/team/Puerto-Rico/Capitanes-de-Arecibo/2187?Page=1&Year=2017-2018,20171115170726,single-source
capitanes_arecibo,2018,year_param,flat_bo,roster,5,Elonu Chinemelu,surname_first,206,F/C,87,,,,,,,,111876,http://basketball.latinbasket.com/player/Chinemelu-Elonu/USA/Capitanes-de-Arecibo/111876,full,latinbasket,http://basketball.latinbasket.com/team/Puerto-Rico/Capitanes-de-Arecibo/2187?Page=1&Year=2017-2018,20171115170726,single-source
capitanes_arecibo,2018,year_param,flat_bo,roster,15,Hodge Walter,surname_first,183,PG,86,,,,,,,,71458,http://basketball.latinbasket.com/player/Walter-Hodge/Nigeria/Capitanes-de-Arecibo/71458,full,latinbasket,http://basketball.latinbasket.com/team/Puerto-Rico/Capitanes-de-Arecibo/2187?Page=1&Year=2017-2018,20171115170726,single-source
capitanes_arecibo,2018,year_param,flat_bo,roster,33,Huertas David,surname_first,195,G/F,87,,,,,,,,64969,http://basketball.latinbasket.com/player/David-Huertas/Puerto Rico/Capitanes-de-Arecibo/64969,full,latinbasket,http://basketball.latinbasket.com/team/Puerto-Rico/Capitanes-de-Arecibo/2187?Page=1&Year=2017-2018,20171115170726,single-source
capitanes_arecibo,2018,year_param,flat_bo,roster,50,Valencia Florentino,surname_first,196,F,85,,,,,,,,61752,http://basketball.latinbasket.com/player/Florentino-Valencia/Puerto Rico/Capitanes-de-Arecibo/61752,full,latinbasket,http://basketball.latinbasket.com/team/Puerto-Rico/Capitanes-de-Arecibo/2187?Page=1&Year=2017-2018,20171115170726,single-source
capitanes_arecibo,2018,year_param,flat_bo,roster,7,Alamo Angel,surname_first,206,F,85,,,,,,,,113972,http://basketball.latinbasket.com/player/Angel-Alamo/Puerto Rico/Capitanes-de-Arecibo/113972,full,latinbasket,http://basketball.latinbasket.com/team/Puerto-Rico/Capitanes-de-Arecibo/2187?Page=1&Year=2017-2018,20171115170726,single-source
capitanes_arecibo,2018,year_param,flat_bo,roster,35,Matias Angel,surname_first,193,F,92,,,,,,,,181574,http://basketball.latinbasket.com/player/Angel-Matias/Puerto Rico/Capitanes-de-Arecibo/181574,full,latinbasket,http://basketball.latinbasket.com/team/Puerto-Rico/Capitanes-de-Arecibo/2187?Page=1&Year=2017-2018,20171115170726,single-source
capitanes_arecibo,2018,year_param,flat_bo,roster,31,Soto Christian,surname_first,203,F,87,,,,,,,,90298,http://basketball.latinbasket.com/player/Christian-Soto/Puerto Rico/Capitanes-de-Arecibo/90298,full,latinbasket,http://basketball.latinbasket.com/team/Puerto-Rico/Capitanes-de-Arecibo/2187?Page=1&Year=2017-2018,20171115170726,single-source
capitanes_arecibo,2018,year_param,flat_bo,roster,42,Rodriguez Joel,surname_first,195,F,96,,,,,,,,363273,http://basketball.latinbasket.com/player/Joel-Rodriguez/Puerto Rico/Capitanes-de-Arecibo/363273,full,latinbasket,http://basketball.latinbasket.com/team/Puerto-Rico/Capitanes-de-Arecibo/2187?Page=1&Year=2017-2018,20171115170726,single-source
capitanes_arecibo,2018,year_param,flat_bo,roster,18,Cortez David,surname_first,190,G/F,81,,,,,,,,4477,http://basketball.latinbasket.com/player/David-Cortez/Puerto Rico/Capitanes-de-Arecibo/4477,full,latinbasket,http://basketball.latinbasket.com/team/Puerto-Rico/Capitanes-de-Arecibo/2187?Page=1&Year=2017-2018,20171115170726,single-source
capitanes_arecibo,2018,year_param,flat_bo,roster,28,Cruz Alvin,surname_first,186,PG,82,,,,,,,,25619,http://basketball.latinbasket.com/player/Alvin-Cruz/Puerto Rico/Capitanes-de-Arecibo/25619,full,latinbasket,http://basketball.latinbasket.com/team/Puerto-Rico/Capitanes-de-Arecibo/2187?Page=1&Year=2017-2018,20171115170726,single-source
capitanes_arecibo,2018,year_param,flat_bo,roster,40,Toro Freddy,surname_first,201,F,88,,,,,,,,78423,http://basketball.latinbasket.com/player/Freddy-Toro/Puerto Rico/Capitanes-de-Arecibo/78423,full,latinbasket,http://basketball.latinbasket.com/team/Puerto-Rico/Capitanes-de-Arecibo/2187?Page=1&Year=2017-2018,20171115170726,single-source
capitanes_arecibo,2018,year_param,flat_bo,roster,30,Pizarro Christian,surname_first,,G,95,,,,,,,,225987,http://basketball.latinbasket.com/player/Christian-Pizarro/Venezuela/Capitanes-de-Arecibo/225987,full,latinbasket,http://basketball.latinbasket.com/team/Puerto-Rico/Capitanes-de-Arecibo/2187?Page=1&Year=2017-2018,20171115170726,single-source
capitanes_arecibo,2019,capture_year,widget,starting_five,1,Victor Rudd,given_first,205,F,,28,1991,,,,,,183859,https://basketball.latinbasket.com/player/Victor-Rudd/Puerto-Rico/Capitanes-de-Arecibo/183859,full,latinbasket,https://basketball.latinbasket.com/team/Puerto-Rico/Capitanes-de-Arecibo/2187,20190325112059,single-source
capitanes_arecibo,2019,capture_year,widget,starting_five,2,Trey Gilder,given_first,206,PF,,34,1985,,,,,,115721,https://basketball.latinbasket.com/player/Trey-Gilder/Puerto-Rico/Capitanes-de-Arecibo/115721,full,latinbasket,https://basketball.latinbasket.com/team/Puerto-Rico/Capitanes-de-Arecibo/2187,20190325112059,single-source
capitanes_arecibo,2019,capture_year,widget,reserve,34,Rakeem Christmas,given_first,206,F,,27,1992,,,,,,176020,https://basketball.latinbasket.com/player/Rakeem-Christmas/Puerto-Rico/Capitanes-de-Arecibo/176020,full,latinbasket,https://basketball.latinbasket.com/team/Puerto-Rico/Capitanes-de-Arecibo/2187,20190325112059,single-source
capitanes_arecibo,2019,capture_year,widget,starting_five,23,Carlos Lopez-Sosa,given_first,208,F,,28,1991,,,,,,130483,https://basketball.latinbasket.com/player/Carlos-Lopez-Sosa/Puerto-Rico/Capitanes-de-Arecibo/130483,full,latinbasket,https://basketball.latinbasket.com/team/Puerto-Rico/Capitanes-de-Arecibo/2187,20190325112059,single-source
capitanes_arecibo,2019,capture_year,widget,reserve,32,Elijah Holman,given_first,208,F/C,,30,1989,,,,,,136305,https://basketball.latinbasket.com/player/Elijah-Holman/Puerto-Rico/Capitanes-de-Arecibo/136305,full,latinbasket,https://basketball.latinbasket.com/team/Puerto-Rico/Capitanes-de-Arecibo/2187,20190325112059,single-source
capitanes_arecibo,2019,capture_year,widget,starting_five,,Andre Emmett,given_first,196,,,36,1983,,,,,,,,partial,latinbasket,https://basketball.latinbasket.com/team/Puerto-Rico/Capitanes-de-Arecibo/2187,20190325112059,single-source
capitanes_arecibo,2019,capture_year,widget,starting_five,30,Christian Pizarro,given_first,180,G,,24,1995,,,,,,225987,https://basketball.latinbasket.com/player/Christian-Pizarro/Puerto-Rico/Capitanes-de-Arecibo/225987,full,latinbasket,https://basketball.latinbasket.com/team/Puerto-Rico/Capitanes-de-Arecibo/2187,20190325112059,single-source
capitanes_arecibo,2019,capture_year,widget,starting_five,25,Raymond Cintron Cortes,given_first,183,PG,,29,1990,,,,,,132028,https://basketball.latinbasket.com/player/Raymond-Cintron-Cortes/Puerto-Rico/Capitanes-de-Arecibo/132028,full,latinbasket,https://basketball.latinbasket.com/team/Puerto-Rico/Capitanes-de-Arecibo/2187,20190325112059,single-source
capitanes_arecibo,2019,capture_year,widget,reserve,42,Wilfredo Rodriguez,given_first,198,F,,24,1995,,,,,,254127,https://basketball.latinbasket.com/player/Wilfredo-Rodriguez/Puerto-Rico/Capitanes-de-Arecibo/254127,full,latinbasket,https://basketball.latinbasket.com/team/Puerto-Rico/Capitanes-de-Arecibo/2187,20190325112059,single-source
capitanes_arecibo,2019,capture_year,widget,reserve,22,Johwen Villegas,given_first,193,F,,33,1986,,,,,,64961,https://basketball.latinbasket.com/player/Johwen-Villegas/Puerto-Rico/Capitanes-de-Arecibo/64961,full,latinbasket,https://basketball.latinbasket.com/team/Puerto-Rico/Capitanes-de-Arecibo/2187,20190325112059,single-source
capitanes_arecibo,2019,capture_year,widget,reserve,16,Denis Clemente,given_first,183,PG,,32,1987,,,,,,71452,https://basketball.latinbasket.com/player/Denis-Clemente/Puerto-Rico/Capitanes-de-Arecibo/71452,full,latinbasket,https://basketball.latinbasket.com/team/Puerto-Rico/Capitanes-de-Arecibo/2187,20190325112059,single-source
cariduros_fajardo,2013,capture_year,photo_strip,teaser,,Tyrone Washington,given_first,,,,,,,,,,,19017,http://basketball.latinbasket.com/player/Tyrone_Washington/Puerto-Rico/Cariduros_de_Fajardo/19017,partial,latinbasket,http://basketball.latinbasket.com:80/team/Puerto-Rico/Cariduros_de_Fajardo/10934,20131117123345,single-source
cariduros_fajardo,2013,capture_year,photo_strip,teaser,,Shelby Chaney,given_first,,,,,,,,,,,133710,http://basketball.latinbasket.com/player/Shelby_Chaney/Puerto-Rico/Cariduros_de_Fajardo/133710,partial,latinbasket,http://basketball.latinbasket.com:80/team/Puerto-Rico/Cariduros_de_Fajardo/10934,20131117123345,single-source
cariduros_fajardo,2013,capture_year,photo_strip,teaser,,Rafael Marrero,given_first,,,,,,,,,,,32044,http://basketball.latinbasket.com/player/Rafael_Marrero/Puerto-Rico/Cariduros_de_Fajardo/32044,partial,latinbasket,http://basketball.latinbasket.com:80/team/Puerto-Rico/Cariduros_de_Fajardo/10934,20131117123345,single-source
cariduros_fajardo,2013,capture_year,photo_strip,teaser,,Mario Sanchez,given_first,,,,,,,,,,,47343,http://basketball.latinbasket.com/player/Mario_Sanchez/Puerto-Rico/Cariduros_de_Fajardo/47343,partial,latinbasket,http://basketball.latinbasket.com:80/team/Puerto-Rico/Cariduros_de_Fajardo/10934,20131117123345,single-source
cariduros_fajardo,2013,capture_year,photo_strip,teaser,,Miguel Rodriguez,given_first,,,,,,,,,,,40756,http://basketball.latinbasket.com/player/Miguel_Rodriguez/Puerto-Rico/Cariduros_de_Fajardo/40756,partial,latinbasket,http://basketball.latinbasket.com:80/team/Puerto-Rico/Cariduros_de_Fajardo/10934,20131117123345,single-source
cariduros_fajardo,2017,capture_year,flat_age,roster,10,Elias Ayuso,given_first,190,SG,,40,1977,,17,17,Guayama,,,"javascript:aFP('5792','Ayuso Elias');",full,latinbasket,http://basketball.latinbasket.com/team/Puerto-Rico/Cariduros_de_Fajardo/10934?Page=1,20171104130224,single-source
cariduros_fajardo,2017,capture_year,flat_age,roster,9,Damion James,given_first,201,F,,30,1987,,17,17,Toros,,,"javascript:aFP('107450','James Damion');",full,latinbasket,http://basketball.latinbasket.com/team/Puerto-Rico/Cariduros_de_Fajardo/10934?Page=1,20171104130224,single-source
cariduros_fajardo,2017,capture_year,flat_age,roster,7,Carlos Arroyo,given_first,188,PG,,38,1979,,17,17,Ponce,,,"javascript:aFP('30678','Arroyo Carlos');",full,latinbasket,http://basketball.latinbasket.com/team/Puerto-Rico/Cariduros_de_Fajardo/10934?Page=1,20171104130224,single-source
cariduros_fajardo,2017,capture_year,flat_age,roster,12,Miguel Ali Berdiel,given_first,198,G,,33,1984,,17,17,Bayamon,,,"javascript:aFP('17283','Berdiel Miguel Ali');",full,latinbasket,http://basketball.latinbasket.com/team/Puerto-Rico/Cariduros_de_Fajardo/10934?Page=1,20171104130224,single-source
cariduros_fajardo,2017,capture_year,flat_age,roster,31,Nathan Peavy,given_first,203,F,,32,1985,,17,17,Manati,,,"javascript:aFP('40515','Peavy Nathan');",full,latinbasket,http://basketball.latinbasket.com/team/Puerto-Rico/Cariduros_de_Fajardo/10934?Page=1,20171104130224,single-source
cariduros_fajardo,2017,capture_year,flat_age,roster,6,Chris Ortiz,given_first,203,F,,24,1993,,17,17,Etha,,,"javascript:aFP('359580','Ortiz Chris');",full,latinbasket,http://basketball.latinbasket.com/team/Puerto-Rico/Cariduros_de_Fajardo/10934?Page=1,20171104130224,single-source
cariduros_fajardo,2017,capture_year,flat_age,roster,8,Xavier Zambrana,given_first,193,G/F,,26,1991,,17,17,Bayamon,,,"javascript:aFP('156086','Zambrana Xavier');",full,latinbasket,http://basketball.latinbasket.com/team/Puerto-Rico/Cariduros_de_Fajardo/10934?Page=1,20171104130224,single-source
cariduros_fajardo,2017,capture_year,flat_age,roster,14,Alexis Colon,given_first,196,F/G,,,,,17,17,Panteras,,,"javascript:aFP('222232','Colon Alexis');",full,latinbasket,http://basketball.latinbasket.com/team/Puerto-Rico/Cariduros_de_Fajardo/10934?Page=1,20171104130224,single-source
cariduros_fajardo,2017,capture_year,flat_age,roster,22,Ricardo Melendez,given_first,179,SG,,34,1983,,17,17,Caballos,,,"javascript:aFP('55073','Melendez Ricardo');",full,latinbasket,http://basketball.latinbasket.com/team/Puerto-Rico/Cariduros_de_Fajardo/10934?Page=1,20171104130224,single-source
cariduros_fajardo,2017,capture_year,flat_age,roster,21,Filiberto Rivera,given_first,189,PG,,35,1982,,17,17,Fuerza Regia,,,"javascript:aFP('23572','Rivera Filiberto');",full,latinbasket,http://basketball.latinbasket.com/team/Puerto-Rico/Cariduros_de_Fajardo/10934?Page=1,20171104130224,single-source
cariduros_fajardo,2017,capture_year,flat_age,roster,11,Luis Villafane,given_first,208,C/F,,36,1981,,17,17,Isabela,,,"javascript:aFP('28086','Villafane Luis');",full,latinbasket,http://basketball.latinbasket.com/team/Puerto-Rico/Cariduros_de_Fajardo/10934?Page=1,20171104130224,single-source
cariduros_fajardo,2017,capture_year,flat_age,roster,25,Steven Miro Bonefont,given_first,190,G,,26,1991,,17,17,Huracanes PP,,,"javascript:aFP('132030','Miro Bonefont Steven');",full,latinbasket,http://basketball.latinbasket.com/team/Puerto-Rico/Cariduros_de_Fajardo/10934?Page=1,20171104130224,single-source
cariduros_fajardo,2018,capture_year,widget,starting_five,12,Miguel Ali Berdiel,given_first,198,G,,34,1984,,,,,,17283,https://basketball.latinbasket.com/player/Miguel-Ali-Berdiel/Puerto-Rico/Cariduros-de-Fajardo/17283,full,latinbasket,https://basketball.latinbasket.com/team/Puerto-Rico/Cariduros-de-Fajardo/10934,20181012124202,single-source
cariduros_fajardo,2018,capture_year,widget,reserve,2,Jeffrey Burgos,given_first,198,F,,24,1994,,,,,,180011,https://basketball.latinbasket.com/player/Jeffrey-Burgos/Puerto-Rico/Cariduros-de-Fajardo/180011,full,latinbasket,https://basketball.latinbasket.com/team/Puerto-Rico/Cariduros-de-Fajardo/10934,20181012124202,single-source
cariduros_fajardo,2018,capture_year,widget,starting_five,,Kevin Young,given_first,203,F,,28,1990,,,,,,163977,https://basketball.latinbasket.com/player/Kevin-Young/Puerto-Rico/Cariduros-de-Fajardo/163977,full,latinbasket,https://basketball.latinbasket.com/team/Puerto-Rico/Cariduros-de-Fajardo/10934,20181012124202,single-source
cariduros_fajardo,2018,capture_year,widget,reserve,33,Reginald Buckner,given_first,206,F,,27,1991,,,,,,183134,https://basketball.latinbasket.com/player/Reginald-Buckner/Puerto-Rico/Cariduros-de-Fajardo/183134,full,latinbasket,https://basketball.latinbasket.com/team/Puerto-Rico/Cariduros-de-Fajardo/10934,20181012124202,single-source
cariduros_fajardo,2018,capture_year,widget,starting_five,10,Elias Ayuso,given_first,190,SG,,41,1977,,,,,,5792,https://basketball.latinbasket.com/player/Elias-Ayuso/Puerto-Rico/Cariduros-de-Fajardo/5792,full,latinbasket,https://basketball.latinbasket.com/team/Puerto-Rico/Cariduros-de-Fajardo/10934,20181012124202,single-source
cariduros_fajardo,2018,capture_year,widget,starting_five,21,Filiberto Rivera,given_first,189,PG,,36,1982,,,,,,23572,https://basketball.latinbasket.com/player/Filiberto-Rivera/Puerto-Rico/Cariduros-de-Fajardo/23572,full,latinbasket,https://basketball.latinbasket.com/team/Puerto-Rico/Cariduros-de-Fajardo/10934,20181012124202,single-source
cariduros_fajardo,2018,capture_year,widget,starting_five,7,Carlos Arroyo,given_first,188,PG,,39,1979,,,,,,30678,https://basketball.latinbasket.com/player/Carlos-Arroyo/Puerto-Rico/Cariduros-de-Fajardo/30678,full,latinbasket,https://basketball.latinbasket.com/team/Puerto-Rico/Cariduros-de-Fajardo/10934,20181012124202,single-source
cariduros_fajardo,2019,capture_year,widget,starting_five,11,Evander Ortiz,given_first,178,G,,22,1997,,,,,,355587,https://basketball.latinbasket.com/player/Evander-Ortiz/Puerto-Rico/Cariduros-de-Fajardo/355587,full,latinbasket,https://basketball.latinbasket.com/team/Puerto-Rico/Cariduros-de-Fajardo/10934,20190721093627,single-source
cariduros_fajardo,2019,capture_year,widget,starting_five,1,Derek Reese,given_first,201,F,,25,1994,,,,,,266477,https://basketball.latinbasket.com/player/Derek-Reese/Puerto-Rico/Cariduros-de-Fajardo/266477,full,latinbasket,https://basketball.latinbasket.com/team/Puerto-Rico/Cariduros-de-Fajardo/10934,20190721093627,single-source
cariduros_fajardo,2019,capture_year,widget,starting_five,30,Enrique Ramos,given_first,202,C,,29,1990,,,,,,132760,https://basketball.latinbasket.com/player/Enrique-Ramos/Puerto-Rico/Cariduros-de-Fajardo/132760,full,latinbasket,https://basketball.latinbasket.com/team/Puerto-Rico/Cariduros-de-Fajardo/10934,20190721093627,single-source
cariduros_fajardo,2019,capture_year,widget,starting_five,28,Jahvari Josiah,given_first,193,G,,26,1993,,,,,,277479,https://basketball.latinbasket.com/player/Jahvari-Josiah/Puerto-Rico/Cariduros-de-Fajardo/277479,full,latinbasket,https://basketball.latinbasket.com/team/Puerto-Rico/Cariduros-de-Fajardo/10934,20190721093627,single-source
cariduros_fajardo,2019,capture_year,widget,starting_five,2,Tjader Fernandez,given_first,178,PG,,25,1994,,,,,,387838,https://basketball.latinbasket.com/player/Tjader-Fernandez/Puerto-Rico/Cariduros-de-Fajardo/387838,full,latinbasket,https://basketball.latinbasket.com/team/Puerto-Rico/Cariduros-de-Fajardo/10934,20190721093627,single-source
cariduros_fajardo,2019,capture_year,widget,reserve,55,Luis Diaz,given_first,185,G,,27,1992,,,,,,387841,https://basketball.latinbasket.com/player/Luis-Diaz/Puerto-Rico/Cariduros-de-Fajardo/387841,full,latinbasket,https://basketball.latinbasket.com/team/Puerto-Rico/Cariduros-de-Fajardo/10934,20190721093627,single-source
cariduros_fajardo,2019,capture_year,widget,reserve,24,Jeffrey Burgos,given_first,198,F,,25,1994,,,,,,180011,https://basketball.latinbasket.com/player/Jeffrey-Burgos/Puerto-Rico/Cariduros-de-Fajardo/180011,full,latinbasket,https://basketball.latinbasket.com/team/Puerto-Rico/Cariduros-de-Fajardo/10934,20190721093627,single-source
cariduros_fajardo,2019,capture_year,widget,reserve,30,Ramon Calderon,given_first,208,C,,24,1995,,,,,,225990,https://basketball.latinbasket.com/player/Ramon-Calderon/Puerto-Rico/Cariduros-de-Fajardo/225990,full,latinbasket,https://basketball.latinbasket.com/team/Puerto-Rico/Cariduros-de-Fajardo/10934,20190721093627,single-source
cariduros_fajardo,2019,capture_year,widget,reserve,12,Jorge Matos,given_first,185,G,,27,1992,,,,,,387839,https://basketball.latinbasket.com/player/Jorge-Matos/Puerto-Rico/Cariduros-de-Fajardo/387839,full,latinbasket,https://basketball.latinbasket.com/team/Puerto-Rico/Cariduros-de-Fajardo/10934,20190721093627,single-source
cariduros_fajardo,2019,capture_year,widget,reserve,10,Max Amaro,given_first,178,G,,23,1996,,,,,,355127,https://basketball.latinbasket.com/player/Max-Amaro/Puerto-Rico/Cariduros-de-Fajardo/355127,full,latinbasket,https://basketball.latinbasket.com/team/Puerto-Rico/Cariduros-de-Fajardo/10934,20190721093627,single-source
cariduros_fajardo,2020,capture_year,widget,starting_five,0,Jahvari Josiah,given_first,193,G,,27,1993,,,,,,277479,https://basketball.latinbasket.com/player/Jahvari-Josiah/Puerto-Rico/Cariduros-de-Fajardo/277479,full,latinbasket,https://basketball.latinbasket.com/team/Puerto-Rico/Cariduros-de-Fajardo/10934,20200530072933,single-source
cariduros_fajardo,2020,capture_year,widget,starting_five,1,Derek Reese,given_first,201,F,,26,1994,,,,,,266477,https://basketball.latinbasket.com/player/Derek-Reese/Puerto-Rico/Cariduros-de-Fajardo/266477,full,latinbasket,https://basketball.latinbasket.com/team/Puerto-Rico/Cariduros-de-Fajardo/10934,20200530072933,single-source
cariduros_fajardo,2020,capture_year,widget,starting_five,30,Enrique Ramos,given_first,202,C,,30,1990,,,,,,132760,https://basketball.latinbasket.com/player/Enrique-Ramos/Puerto-Rico/Cariduros-de-Fajardo/132760,full,latinbasket,https://basketball.latinbasket.com/team/Puerto-Rico/Cariduros-de-Fajardo/10934,20200530072933,single-source
cariduros_fajardo,2020,capture_year,widget,starting_five,10,Gerardo Suero,given_first,196,G,,31,1989,,,,,,233125,https://basketball.latinbasket.com/player/Gerardo-Suero/Puerto-Rico/Cariduros-de-Fajardo/233125,full,latinbasket,https://basketball.latinbasket.com/team/Puerto-Rico/Cariduros-de-Fajardo/10934,20200530072933,single-source
cariduros_fajardo,2020,capture_year,widget,starting_five,9,Russ Smith,given_first,183,PG,,29,1991,,,,,,208531,https://basketball.latinbasket.com/player/Russ-Smith/Puerto-Rico/Cariduros-de-Fajardo/208531,full,latinbasket,https://basketball.latinbasket.com/team/Puerto-Rico/Cariduros-de-Fajardo/10934,20200530072933,single-source
cariduros_fajardo,2020,capture_year,widget,reserve,2,Evander Ortiz,given_first,178,G,,22,1998,,,,,,355587,https://basketball.latinbasket.com/player/Evander-Ortiz/Puerto-Rico/Cariduros-de-Fajardo/355587,full,latinbasket,https://basketball.latinbasket.com/team/Puerto-Rico/Cariduros-de-Fajardo/10934,20200530072933,single-source
cariduros_fajardo,2020,capture_year,widget,reserve,23,Jose Gines,given_first,185,G,,20,2000,,,,,,550035,https://basketball.latinbasket.com/player/Jose-Gines/Puerto-Rico/Cariduros-de-Fajardo/550035,full,latinbasket,https://basketball.latinbasket.com/team/Puerto-Rico/Cariduros-de-Fajardo/10934,20200530072933,single-source
cariduros_fajardo,2020,capture_year,widget,reserve,31,Jorge Matos,given_first,185,G,,28,1992,,,,,,387839,https://basketball.latinbasket.com/player/Jorge-Matos/Puerto-Rico/Cariduros-de-Fajardo/387839,full,latinbasket,https://basketball.latinbasket.com/team/Puerto-Rico/Cariduros-de-Fajardo/10934,20200530072933,single-source
cariduros_fajardo,2020,capture_year,widget,reserve,22,Ricardo Melendez,given_first,179,SG,,36,1984,,,,,,55073,https://basketball.latinbasket.com/player/Ricardo-Melendez/Puerto-Rico/Cariduros-de-Fajardo/55073,full,latinbasket,https://basketball.latinbasket.com/team/Puerto-Rico/Cariduros-de-Fajardo/10934,20200530072933,single-source
cariduros_fajardo,2020,capture_year,widget,reserve,5,Max Amaro,given_first,178,PG,,24,1996,,,,,,355127,https://basketball.latinbasket.com/player/Max-Amaro/Puerto-Rico/Cariduros-de-Fajardo/355127,full,latinbasket,https://basketball.latinbasket.com/team/Puerto-Rico/Cariduros-de-Fajardo/10934,20200530072933,single-source
criollos_caguas,2014,capture_year,photo_strip,teaser,,Marcos Ruiz,given_first,,,,,,,,,,,67301,http://basketball.latinbasket.com/player/Marcos_Ruiz/Puerto-Rico/Criollos_de_Caguas/67301,partial,latinbasket,http://basketball.latinbasket.com:80/team/Puerto-Rico/Criollos_de_Caguas/6951,20140122055531,single-source
criollos_caguas,2014,capture_year,photo_strip,teaser,,Pavel Melendez,given_first,,,,,,,,,,,40761,http://basketball.latinbasket.com/player/Pavel_Melendez/Puerto-Rico/Criollos_de_Caguas/40761,partial,latinbasket,http://basketball.latinbasket.com:80/team/Puerto-Rico/Criollos_de_Caguas/6951,20140122055531,single-source
criollos_caguas,2014,capture_year,photo_strip,teaser,,Roberto Carlos Herrera,given_first,,,,,,,,,,,5912,http://basketball.latinbasket.com/player/Roberto_Carlos_Herrera/Puerto-Rico/Criollos_de_Caguas/5912,partial,latinbasket,http://basketball.latinbasket.com:80/team/Puerto-Rico/Criollos_de_Caguas/6951,20140122055531,single-source
criollos_caguas,2014,capture_year,photo_strip,teaser,,Luis Brignoni,given_first,,,,,,,,,,,66487,http://basketball.latinbasket.com/player/Luis_Brignoni/Puerto-Rico/Criollos_de_Caguas/66487,partial,latinbasket,http://basketball.latinbasket.com:80/team/Puerto-Rico/Criollos_de_Caguas/6951,20140122055531,single-source
criollos_caguas,2014,capture_year,photo_strip,teaser,,Arnaldo Lopez,given_first,,,,,,,,,,,71447,http://basketball.latinbasket.com/player/Arnaldo_Lopez/Puerto-Rico/Criollos_de_Caguas/71447,partial,latinbasket,http://basketball.latinbasket.com:80/team/Puerto-Rico/Criollos_de_Caguas/6951,20140122055531,single-source
indios_mayaguez,2013,capture_year,widget,starting_five,,Cliff Duran,given_first,191,G,,24,1989,,,,,,122057,http://basketball.latinbasket.com/player/Cliff_Duran/Puerto-Rico/Indios_de_Mayaguez/122057,full,latinbasket,http://basketball.latinbasket.com:80/team/Puerto-Rico/Indios_de_Mayaguez/10936,20131117123350,single-source
indios_mayaguez,2013,capture_year,widget,starting_five,,Benito Santiago,given_first,,,,,,,,,,,170587,http://basketball.latinbasket.com/player/Benito_Santiago/Puerto-Rico/Indios_de_Mayaguez/170587,full,latinbasket,http://basketball.latinbasket.com:80/team/Puerto-Rico/Indios_de_Mayaguez/10936,20131117123350,single-source
indios_mayaguez,2013,capture_year,widget,starting_five,,Jeffrion Aubry,given_first,205,C,,37,1976,,,,,,15098,http://basketball.latinbasket.com/player/Jeffrion_Aubry/Puerto-Rico/Indios_de_Mayaguez/15098,full,latinbasket,http://basketball.latinbasket.com:80/team/Puerto-Rico/Indios_de_Mayaguez/10936,20131117123350,single-source
indios_mayaguez,2013,capture_year,widget,starting_five,,Ruben Cotto,given_first,182,G,,24,1989,,,,,,132186,http://basketball.latinbasket.com/player/Ruben_Cotto/Puerto-Rico/Indios_de_Mayaguez/132186,full,latinbasket,http://basketball.latinbasket.com:80/team/Puerto-Rico/Indios_de_Mayaguez/10936,20131117123350,single-source
indios_mayaguez,2013,capture_year,widget,starting_five,,Luis Steven Ramirez,given_first,181,PG,,26,1987,,,,,,197243,http://basketball.latinbasket.com/player/Luis_Steven_Ramirez/Puerto-Rico/Indios_de_Mayaguez/197243,full,latinbasket,http://basketball.latinbasket.com:80/team/Puerto-Rico/Indios_de_Mayaguez/10936,20131117123350,single-source
indios_mayaguez,2013,capture_year,widget,reserve,,Markus Mitchell,given_first,201,F,,27,1986,,,,,,91176,http://basketball.latinbasket.com/player/Markus_Mitchell/Puerto-Rico/Indios_de_Mayaguez/91176,full,latinbasket,http://basketball.latinbasket.com:80/team/Puerto-Rico/Indios_de_Mayaguez/10936,20131117123350,single-source
indios_mayaguez,2014,capture_year,widget,starting_five,,Damien Wilkins,given_first,201,G/F,,34,1980,,,,,,37967,http://basketball.latinbasket.com/player/Damien_Wilkins/Puerto-Rico/Indios_de_Mayaguez/37967,full,latinbasket,http://basketball.latinbasket.com:80/team/Puerto-Rico/Indios_de_Mayaguez/10936,20140918102201,single-source
indios_mayaguez,2014,capture_year,widget,starting_five,,Alex Franklin,given_first,196,PF,,26,1988,,,,,,116307,http://basketball.latinbasket.com/player/Alex_Franklin/Puerto-Rico/Indios_de_Mayaguez/116307,full,latinbasket,http://basketball.latinbasket.com:80/team/Puerto-Rico/Indios_de_Mayaguez/10936,20140918102201,single-source
indios_mayaguez,2014,capture_year,widget,starting_five,,Jeffrion Aubry,given_first,205,C,,38,1976,,,,,,15098,http://basketball.latinbasket.com/player/Jeffrion_Aubry/Puerto-Rico/Indios_de_Mayaguez/15098,full,latinbasket,http://basketball.latinbasket.com:80/team/Puerto-Rico/Indios_de_Mayaguez/10936,20140918102201,single-source
indios_mayaguez,2014,capture_year,widget,starting_five,,Ruben Cotto,given_first,182,G,,25,1989,,,,,,132186,http://basketball.latinbasket.com/player/Ruben_Cotto/Puerto-Rico/Indios_de_Mayaguez/132186,full,latinbasket,http://basketball.latinbasket.com:80/team/Puerto-Rico/Indios_de_Mayaguez/10936,20140918102201,single-source
indios_mayaguez,2014,capture_year,widget,starting_five,,Cliff Duran,given_first,191,G,,25,1989,,,,,,122057,http://basketball.latinbasket.com/player/Cliff_Duran/Puerto-Rico/Indios_de_Mayaguez/122057,full,latinbasket,http://basketball.latinbasket.com:80/team/Puerto-Rico/Indios_de_Mayaguez/10936,20140918102201,single-source
indios_mayaguez,2014,capture_year,widget,reserve,,Rick Apodaca,given_first,193,G,,34,1980,,,,,,38734,http://basketball.latinbasket.com/player/Rick_Apodaca/Puerto-Rico/Indios_de_Mayaguez/38734,full,latinbasket,http://basketball.latinbasket.com:80/team/Puerto-Rico/Indios_de_Mayaguez/10936,20140918102201,single-source
indios_mayaguez,2014,capture_year,widget,reserve,,Luis Damian Morales,given_first,191,F,,26,1988,,,,,,107439,http://basketball.latinbasket.com/player/Luis_Damian_Morales/Puerto-Rico/Indios_de_Mayaguez/107439,full,latinbasket,http://basketball.latinbasket.com:80/team/Puerto-Rico/Indios_de_Mayaguez/10936,20140918102201,single-source
indios_mayaguez,2014,capture_year,widget,reserve,,Markus Mitchell,given_first,201,F,,28,1986,,,,,,91176,http://basketball.latinbasket.com/player/Markus_Mitchell/Puerto-Rico/Indios_de_Mayaguez/91176,full,latinbasket,http://basketball.latinbasket.com:80/team/Puerto-Rico/Indios_de_Mayaguez/10936,20140918102201,single-source
indios_mayaguez,2014,capture_year,widget,reserve,,Andres Ortiz,given_first,191,G,,28,1986,,,,,,69528,http://basketball.latinbasket.com/player/Andres_Ortiz/Puerto-Rico/Indios_de_Mayaguez/69528,full,latinbasket,http://basketball.latinbasket.com:80/team/Puerto-Rico/Indios_de_Mayaguez/10936,20140918102201,single-source
indios_mayaguez,2014,capture_year,widget,reserve,,Luis Steven Ramirez,given_first,181,PG,,27,1987,,,,,,197243,http://basketball.latinbasket.com/player/Luis_Steven_Ramirez/Puerto-Rico/Indios_de_Mayaguez/197243,full,latinbasket,http://basketball.latinbasket.com:80/team/Puerto-Rico/Indios_de_Mayaguez/10936,20140918102201,single-source
indios_mayaguez,2015,capture_year,widget,starting_five,,Tyshawn Taylor,given_first,191,G,,25,1990,,,,,,161781,http://basketball.latinbasket.com/player/Tyshawn_Taylor/Puerto-Rico/Indios_de_Mayaguez/161781,full,latinbasket,http://basketball.latinbasket.com:80/team/Puerto-Rico/Indios_de_Mayaguez/10936,20150516181941,single-source
indios_mayaguez,2015,capture_year,widget,starting_five,,Romero Osby,given_first,202,PF,,25,1990,,,,,,163506,http://basketball.latinbasket.com/player/Romero_Osby/Puerto-Rico/Indios_de_Mayaguez/163506,full,latinbasket,http://basketball.latinbasket.com:80/team/Puerto-Rico/Indios_de_Mayaguez/10936,20150516181941,single-source
indios_mayaguez,2015,capture_year,widget,starting_five,,Elton Brown,given_first,206,C,,32,1983,,,,,,36141,http://basketball.latinbasket.com/player/Elton_Brown/Puerto-Rico/Indios_de_Mayaguez/36141,full,latinbasket,http://basketball.latinbasket.com:80/team/Puerto-Rico/Indios_de_Mayaguez/10936,20150516181941,single-source
indios_mayaguez,2015,capture_year,widget,starting_five,,Cliff Duran,given_first,191,G,,26,1989,,,,,,122057,http://basketball.latinbasket.com/player/Cliff_Duran/Puerto-Rico/Indios_de_Mayaguez/122057,full,latinbasket,http://basketball.latinbasket.com:80/team/Puerto-Rico/Indios_de_Mayaguez/10936,20150516181941,single-source
indios_mayaguez,2015,capture_year,widget,starting_five,,Filiberto Rivera,given_first,190,PG,,33,1982,,,,,,23572,http://basketball.latinbasket.com/player/Filiberto_Rivera/Puerto-Rico/Indios_de_Mayaguez/23572,full,latinbasket,http://basketball.latinbasket.com:80/team/Puerto-Rico/Indios_de_Mayaguez/10936,20150516181941,single-source
indios_mayaguez,2015,capture_year,widget,reserve,,Carlos Strong,given_first,193,G,,28,1987,,,,,,115097,http://basketball.latinbasket.com/player/Carlos_Strong/Puerto-Rico/Indios_de_Mayaguez/115097,full,latinbasket,http://basketball.latinbasket.com:80/team/Puerto-Rico/Indios_de_Mayaguez/10936,20150516181941,single-source
indios_mayaguez,2015,capture_year,widget,reserve,,Damien Wilkins,given_first,198,G,,35,1980,,,,,,37967,http://basketball.latinbasket.com/player/Damien_Wilkins/Puerto-Rico/Indios_de_Mayaguez/37967,full,latinbasket,http://basketball.latinbasket.com:80/team/Puerto-Rico/Indios_de_Mayaguez/10936,20150516181941,single-source
indios_mayaguez,2015,capture_year,widget,reserve,,Adam Parada,given_first,213,C,,34,1981,,,,,,36201,http://basketball.latinbasket.com/player/Adam_Parada/Puerto-Rico/Indios_de_Mayaguez/36201,full,latinbasket,http://basketball.latinbasket.com:80/team/Puerto-Rico/Indios_de_Mayaguez/10936,20150516181941,single-source
indios_mayaguez,2015,capture_year,widget,reserve,,Andres Ortiz,given_first,191,G,,29,1986,,,,,,69528,http://basketball.latinbasket.com/player/Andres_Ortiz/Puerto-Rico/Indios_de_Mayaguez/69528,full,latinbasket,http://basketball.latinbasket.com:80/team/Puerto-Rico/Indios_de_Mayaguez/10936,20150516181941,single-source
indios_mayaguez,2015,capture_year,widget,reserve,,Gilberto Acevedo,given_first,,,,,,,,,,,222343,http://basketball.latinbasket.com/player/Gilberto_Acevedo/Puerto-Rico/Indios_de_Mayaguez/222343,full,latinbasket,http://basketball.latinbasket.com:80/team/Puerto-Rico/Indios_de_Mayaguez/10936,20150516181941,single-source
indios_mayaguez,2016,capture_year,widget,starting_five,40,Kevin Young,given_first,203,F,,26,1990,,,,,,163977,http://basketball.latinbasket.com/player/Kevin-Young/Puerto-Rico/Indios-de-Mayaguez/163977,full,latinbasket,http://basketball.latinbasket.com:80/team/Puerto-Rico/Indios-de-Mayaguez/10936,20161220062544,single-source
indios_mayaguez,2016,capture_year,widget,reserve,9,Enrique Trenche,given_first,190,G/F,,26,1990,,,,,,363091,http://basketball.latinbasket.com/player/Enrique-Trenche/Puerto-Rico/Indios-de-Mayaguez/363091,full,latinbasket,http://basketball.latinbasket.com:80/team/Puerto-Rico/Indios-de-Mayaguez/10936,20161220062544,single-source
indios_mayaguez,2016,capture_year,widget,starting_five,42,Florentino Valencia,given_first,196,F,,31,1985,,,,,,61752,http://basketball.latinbasket.com/player/Florentino-Valencia/Puerto-Rico/Indios-de-Mayaguez/61752,full,latinbasket,http://basketball.latinbasket.com:80/team/Puerto-Rico/Indios-de-Mayaguez/10936,20161220062544,single-source
indios_mayaguez,2016,capture_year,widget,reserve,2,Hans Thun,given_first,196,G,,25,1991,,,,,,313231,http://basketball.latinbasket.com/player/Hans-Thun/Puerto-Rico/Indios-de-Mayaguez/313231,full,latinbasket,http://basketball.latinbasket.com:80/team/Puerto-Rico/Indios-de-Mayaguez/10936,20161220062544,single-source
indios_mayaguez,2016,capture_year,widget,starting_five,15,Alexander Galindo,given_first,200,PF,,31,1985,,,,,,55082,http://basketball.latinbasket.com/player/Alexander-Galindo/Puerto-Rico/Indios-de-Mayaguez/55082,full,latinbasket,http://basketball.latinbasket.com:80/team/Puerto-Rico/Indios-de-Mayaguez/10936,20161220062544,single-source
indios_mayaguez,2016,capture_year,widget,starting_five,5,Trevor Gaskins,given_first,188,G,,27,1989,,,,,,136362,http://basketball.latinbasket.com/player/Trevor-Gaskins/Puerto-Rico/Indios-de-Mayaguez/136362,full,latinbasket,http://basketball.latinbasket.com:80/team/Puerto-Rico/Indios-de-Mayaguez/10936,20161220062544,single-source
indios_mayaguez,2016,capture_year,widget,reserve,12,Gabriel Belardo,given_first,188,G,,27,1989,,,,,,163382,http://basketball.latinbasket.com/player/Gabriel-Belardo/Puerto-Rico/Indios-de-Mayaguez/163382,full,latinbasket,http://basketball.latinbasket.com:80/team/Puerto-Rico/Indios-de-Mayaguez/10936,20161220062544,single-source
indios_mayaguez,2016,capture_year,widget,starting_five,6,Luis Steven Ramirez,given_first,181,PG,,30,1986,,,,,,197243,http://basketball.latinbasket.com/player/Luis-Steven-Ramirez/Puerto-Rico/Indios-de-Mayaguez/197243,full,latinbasket,http://basketball.latinbasket.com:80/team/Puerto-Rico/Indios-de-Mayaguez/10936,20161220062544,single-source
indios_mayaguez,2016,capture_year,widget,reserve,10,Giovanni Jimenez,given_first,187,PG,,34,1982,,,,,,17288,http://basketball.latinbasket.com/player/Giovanni-Jimenez/Puerto-Rico/Indios-de-Mayaguez/17288,full,latinbasket,http://basketball.latinbasket.com:80/team/Puerto-Rico/Indios-de-Mayaguez/10936,20161220062544,single-source
indios_mayaguez,2017,capture_year,flat_age,roster,9,Trey Freeman,given_first,188,PG,,25,1992,,17,17,Grand Rapids D. (NBA-G-League),,,"javascript:aFP('233265','Freeman Trey');",full,latinbasket,http://basketball.latinbasket.com/team/Puerto-Rico/Indios_de_Mayaguez/10936?Page=1,20171104080231,single-source
indios_mayaguez,2017,capture_year,flat_age,roster,4,Jose Rodriguez,given_first,201,F,,25,1992,,17,17,Plaza,,,"javascript:aFP('306362','Rodriguez Jose');",full,latinbasket,http://basketball.latinbasket.com/team/Puerto-Rico/Indios_de_Mayaguez/10936?Page=1,20171104080231,single-source
indios_mayaguez,2017,capture_year,flat_age,roster,21,Nate Butler Lind,given_first,198,SG,,28,1989,,17,17,Aguilas,,,"javascript:aFP('130481','Butler Lind Nate');",full,latinbasket,http://basketball.latinbasket.com/team/Puerto-Rico/Indios_de_Mayaguez/10936?Page=1,20171104080231,single-source
indios_mayaguez,2017,capture_year,flat_age,roster,28,Philip Fournier,given_first,193,,,,,,17,17,Toronto (),,,"javascript:aFP('343056','Fournier Philip');",full,latinbasket,http://basketball.latinbasket.com/team/Puerto-Rico/Indios_de_Mayaguez/10936?Page=1,20171104080231,single-source
indios_mayaguez,2017,capture_year,flat_age,roster,6,Luis Steven Ramirez,given_first,181,PG,,31,1986,,16,17,Manati,,,"javascript:aFP('197243','Ramirez Luis Steven');",full,latinbasket,http://basketball.latinbasket.com/team/Puerto-Rico/Indios_de_Mayaguez/10936?Page=1,20171104080231,single-source
indios_mayaguez,2017,capture_year,flat_age,roster,15,Rasham Suarez,given_first,190,G,,25,1992,,17,17,Rapla,,,"javascript:aFP('201970','Suarez Rasham');",full,latinbasket,http://basketball.latinbasket.com/team/Puerto-Rico/Indios_de_Mayaguez/10936?Page=1,20171104080231,single-source
indios_mayaguez,2017,capture_year,flat_age,roster,25,Carlos Arroyo,given_first,188,G,,,,,17,17,Chowan '17,,,"javascript:aFP('306969','Arroyo Carlos');",full,latinbasket,http://basketball.latinbasket.com/team/Puerto-Rico/Indios_de_Mayaguez/10936?Page=1,20171104080231,single-source
indios_mayaguez,2017,capture_year,flat_age,roster,14,Jerome Caraballo,given_first,,,,22,1995,,17,17,PR-Mayaguez '16,,,"javascript:aFP('228276','Caraballo Jerome');",full,latinbasket,http://basketball.latinbasket.com/team/Puerto-Rico/Indios_de_Mayaguez/10936?Page=1,20171104080231,single-source
indios_mayaguez,2019,capture_year,widget,starting_five,21,Justin Reyes,given_first,193,G/F,,24,1995,,,,,,340337,https://basketball.latinbasket.com/player/Justin-Reyes/Puerto-Rico/Indios-de-Mayaguez/340337,full,latinbasket,https://basketball.latinbasket.com/team/Puerto-Rico/Indios-de-Mayaguez/10936,20190721092113,single-source
indios_mayaguez,2019,capture_year,widget,starting_five,23,Jordan Glynn,given_first,200,F,,30,1989,,,,,,189546,https://basketball.latinbasket.com/player/Jordan-Glynn/Puerto-Rico/Indios-de-Mayaguez/189546,full,latinbasket,https://basketball.latinbasket.com/team/Puerto-Rico/Indios-de-Mayaguez/10936,20190721092113,single-source
indios_mayaguez,2019,capture_year,widget,starting_five,10,Isaiah Manderson,given_first,208,F,,25,1994,,,,,,333447,https://basketball.latinbasket.com/player/Isaiah-Manderson/Puerto-Rico/Indios-de-Mayaguez/333447,full,latinbasket,https://basketball.latinbasket.com/team/Puerto-Rico/Indios-de-Mayaguez/10936,20190721092113,single-source
indios_mayaguez,2019,capture_year,widget,starting_five,30,Christian Pizarro,given_first,180,G,,24,1995,,,,,,225987,https://basketball.latinbasket.com/player/Christian-Pizarro/Puerto-Rico/Indios-de-Mayaguez/225987,full,latinbasket,https://basketball.latinbasket.com/team/Puerto-Rico/Indios-de-Mayaguez/10936,20190721092113,single-source
indios_mayaguez,2019,capture_year,widget,reserve,28,Pedro Fournier,given_first,191,G,,21,1998,,,,,,507903,https://basketball.latinbasket.com/player/Pedro-Fournier/Puerto-Rico/Indios-de-Mayaguez/507903,full,latinbasket,https://basketball.latinbasket.com/team/Puerto-Rico/Indios-de-Mayaguez/10936,20190721092113,single-source
indios_mayaguez,2019,capture_year,widget,starting_five,24,Jared Ruiz,given_first,188,G,,26,1993,,,,,,363075,https://basketball.latinbasket.com/player/Jared-Ruiz/Puerto-Rico/Indios-de-Mayaguez/363075,full,latinbasket,https://basketball.latinbasket.com/team/Puerto-Rico/Indios-de-Mayaguez/10936,20190721092113,single-source
indios_mayaguez,2019,capture_year,widget,reserve,12,Anthony Benson,given_first,191,G,,24,1995,,,,,,418136,https://basketball.latinbasket.com/player/Anthony-Benson/Puerto-Rico/Indios-de-Mayaguez/418136,full,latinbasket,https://basketball.latinbasket.com/team/Puerto-Rico/Indios-de-Mayaguez/10936,20190721092113,single-source
indios_mayaguez,2019,capture_year,widget,reserve,14,Jerome Caraballo,given_first,196,F,,24,1995,,,,,,228276,https://basketball.latinbasket.com/player/Jerome-Caraballo/Puerto-Rico/Indios-de-Mayaguez/228276,full,latinbasket,https://basketball.latinbasket.com/team/Puerto-Rico/Indios-de-Mayaguez/10936,20190721092113,single-source
indios_mayaguez,2019,capture_year,widget,reserve,9,Juan Ramon Rivas,given_first,203,F,,24,1995,,,,,,300518,https://basketball.latinbasket.com/player/Juan-Ramon-Rivas/Puerto-Rico/Indios-de-Mayaguez/300518,full,latinbasket,https://basketball.latinbasket.com/team/Puerto-Rico/Indios-de-Mayaguez/10936,20190721092113,single-source
indios_mayaguez,2019,capture_year,widget,reserve,25,Carlos Arroyo,given_first,188,G,,23,1996,,,,,,306969,https://basketball.latinbasket.com/player/Carlos-Arroyo/Puerto-Rico/Indios-de-Mayaguez/306969,full,latinbasket,https://basketball.latinbasket.com/team/Puerto-Rico/Indios-de-Mayaguez/10936,20190721092113,single-source
leones_ponce,2009,year_param,flat_bo,roster,55,Nailon Lee,surname_first,204,F,75,,,USA,,,,20307,,http://www.eurobasket.com/player.asp?Cntry=PUR&PlayerID=20307,full,latinbasket,http://basketball.latinbasket.com:80/team/Puerto-Rico/Leones_de_Ponce/1954?Year=2009,20140122015854,single-source
leones_ponce,2009,year_param,flat_bo,roster,50,Dixon Nigel,surname_first,210,C/F,80,,,USA,,,,64796,,http://www.eurobasket.com/player.asp?Cntry=PUR&PlayerID=64796,full,latinbasket,http://basketball.latinbasket.com:80/team/Puerto-Rico/Leones_de_Ponce/1954?Year=2009,20140122015854,single-source
leones_ponce,2009,year_param,flat_bo,roster,22,Melendez Ricardo,surname_first,180,G,83,,,PUR,,,,55073,,http://www.eurobasket.com/player.asp?Cntry=PUR&PlayerID=55073,full,latinbasket,http://basketball.latinbasket.com:80/team/Puerto-Rico/Leones_de_Ponce/1954?Year=2009,20140122015854,single-source
leones_ponce,2009,year_param,flat_bo,roster,10,Hatton Roberto Jose,surname_first,187,G,76,,,PUR,,,,22742,,http://www.eurobasket.com/player.asp?Cntry=PUR&PlayerID=22742,full,latinbasket,http://basketball.latinbasket.com:80/team/Puerto-Rico/Leones_de_Ponce/1954?Year=2009,20140122015854,single-source
leones_ponce,2009,year_param,flat_bo,roster,15,Colon Gabriel,surname_first,200,G/F,84,,,PUR,,,,47348,,http://www.eurobasket.com/player.asp?Cntry=PUR&PlayerID=47348,full,latinbasket,http://basketball.latinbasket.com:80/team/Puerto-Rico/Leones_de_Ponce/1954?Year=2009,20140122015854,single-source
leones_ponce,2009,year_param,flat_bo,roster,7,Orta Raul,surname_first,196,G,85,,,VEN-PUR,,,,47349,,http://www.eurobasket.com/player.asp?Cntry=PUR&PlayerID=47349,full,latinbasket,http://basketball.latinbasket.com:80/team/Puerto-Rico/Leones_de_Ponce/1954?Year=2009,20140122015854,single-source
leones_ponce,2009,year_param,flat_bo,roster,18,Rosario Jose 'YoYo',surname_first,194,F/C,73,,,DOM-PUR,,,,9322,,http://www.eurobasket.com/player.asp?Cntry=PUR&PlayerID=9322,full,latinbasket,http://basketball.latinbasket.com:80/team/Puerto-Rico/Leones_de_Ponce/1954?Year=2009,20140122015854,single-source
leones_ponce,2009,year_param,flat_bo,roster,5,Lebron Jorge,surname_first,188,G,86,,,PUR,,,,71462,,http://www.eurobasket.com/player.asp?Cntry=PUR&PlayerID=71462,full,latinbasket,http://basketball.latinbasket.com:80/team/Puerto-Rico/Leones_de_Ponce/1954?Year=2009,20140122015854,single-source
leones_ponce,2009,year_param,flat_bo,roster,20,Zayas Hector,surname_first,201,F,81,,,PUR,,,,23562,,http://www.eurobasket.com/player.asp?Cntry=PUR&PlayerID=23562,full,latinbasket,http://basketball.latinbasket.com:80/team/Puerto-Rico/Leones_de_Ponce/1954?Year=2009,20140122015854,single-source
leones_ponce,2009,year_param,flat_bo,roster,,Vicens Juan,surname_first,,,,,,PUR,,,,77484,,http://www.eurobasket.com/player.asp?Cntry=PUR&PlayerID=77484,full,latinbasket,http://basketball.latinbasket.com:80/team/Puerto-Rico/Leones_de_Ponce/1954?Year=2009,20140122015854,single-source
leones_ponce,2010,year_param,flat_bo,roster,88,Nailon Lee,surname_first,204,F,75,,,USA,,,,20307,,http://www.eurobasket.com/player.asp?Cntry=PUR&PlayerID=20307,full,latinbasket,http://basketball.latinbasket.com:80/team/Puerto-Rico/Leones_de_Ponce/1954?Year=2010,20140122015859,single-source
leones_ponce,2010,year_param,flat_bo,roster,55,Rodgers Leon,surname_first,199,F,80,,,USA,,,,27718,,http://www.eurobasket.com/player.asp?Cntry=PUR&PlayerID=27718,full,latinbasket,http://basketball.latinbasket.com:80/team/Puerto-Rico/Leones_de_Ponce/1954?Year=2010,20140122015859,single-source
leones_ponce,2010,year_param,flat_bo,roster,55,Johnson DerMarr,surname_first,206,G,80,,,USA,,,,28445,,http://www.eurobasket.com/player.asp?Cntry=PUR&PlayerID=28445,full,latinbasket,http://basketball.latinbasket.com:80/team/Puerto-Rico/Leones_de_Ponce/1954?Year=2010,20140122015859,single-source
leones_ponce,2010,year_param,flat_bo,roster,10,Hatton Roberto Jose,surname_first,187,G,76,,,PUR,,,,22742,,http://www.eurobasket.com/player.asp?Cntry=PUR&PlayerID=22742,full,latinbasket,http://basketball.latinbasket.com:80/team/Puerto-Rico/Leones_de_Ponce/1954?Year=2010,20140122015859,single-source
leones_ponce,2010,year_param,flat_bo,roster,28,Cruz Alvin,surname_first,186,G,82,,,PUR,,,,25619,,http://www.eurobasket.com/player.asp?Cntry=PUR&PlayerID=25619,full,latinbasket,http://basketball.latinbasket.com:80/team/Puerto-Rico/Leones_de_Ponce/1954?Year=2010,20140122015859,single-source
leones_ponce,2010,year_param,flat_bo,roster,15,Colon Gabriel,surname_first,200,G/F,84,,,PUR,,,,47348,,http://www.eurobasket.com/player.asp?Cntry=PUR&PlayerID=47348,full,latinbasket,http://basketball.latinbasket.com:80/team/Puerto-Rico/Leones_de_Ponce/1954?Year=2010,20140122015859,single-source
leones_ponce,2010,year_param,flat_bo,roster,22,Melendez Ricardo,surname_first,180,G,83,,,PUR,,,,55073,,http://www.eurobasket.com/player.asp?Cntry=PUR&PlayerID=55073,full,latinbasket,http://basketball.latinbasket.com:80/team/Puerto-Rico/Leones_de_Ponce/1954?Year=2010,20140122015859,single-source
leones_ponce,2010,year_param,flat_bo,roster,50,Narvaez Manuel,surname_first,211,C,81,,,PUR,,,,47367,,http://www.eurobasket.com/player.asp?Cntry=PUR&PlayerID=47367,full,latinbasket,http://basketball.latinbasket.com:80/team/Puerto-Rico/Leones_de_Ponce/1954?Year=2010,20140122015859,single-source
leones_ponce,2010,year_param,flat_bo,roster,88,Brown Andre,surname_first,205,F/C,81,,,USA,,,,31564,,http://www.eurobasket.com/player.asp?Cntry=PUR&PlayerID=31564,full,latinbasket,http://basketball.latinbasket.com:80/team/Puerto-Rico/Leones_de_Ponce/1954?Year=2010,20140122015859,single-source
leones_ponce,2010,year_param,flat_bo,roster,24,De Jesus Manuel,surname_first,206,C/F,83,,,PUR,,,,40766,,http://www.eurobasket.com/player.asp?Cntry=PUR&PlayerID=40766,full,latinbasket,http://basketball.latinbasket.com:80/team/Puerto-Rico/Leones_de_Ponce/1954?Year=2010,20140122015859,single-source
leones_ponce,2010,year_param,flat_bo,roster,20,Zayas Hector,surname_first,196,F,81,,,PUR,,,,23562,,http://www.eurobasket.com/player.asp?Cntry=PUR&PlayerID=23562,full,latinbasket,http://basketball.latinbasket.com:80/team/Puerto-Rico/Leones_de_Ponce/1954?Year=2010,20140122015859,single-source
leones_ponce,2010,year_param,flat_bo,roster,30,Cruz Gabriel,surname_first,188,G,83,,,PUR,,,,49126,,http://www.eurobasket.com/player.asp?Cntry=PUR&PlayerID=49126,full,latinbasket,http://basketball.latinbasket.com:80/team/Puerto-Rico/Leones_de_Ponce/1954?Year=2010,20140122015859,single-source
leones_ponce,2010,year_param,flat_bo,roster,05,Figueroa Carlos,surname_first,197,G,88,,,PUR,,,,107436,,http://www.eurobasket.com/player.asp?Cntry=PUR&PlayerID=107436,full,latinbasket,http://basketball.latinbasket.com:80/team/Puerto-Rico/Leones_de_Ponce/1954?Year=2010,20140122015859,single-source
leones_ponce,2010,year_param,flat_bo,roster,33,Falcon Alexander,surname_first,200,F,74,,,PUR,,,,12038,,http://www.eurobasket.com/player.asp?Cntry=PUR&PlayerID=12038,full,latinbasket,http://basketball.latinbasket.com:80/team/Puerto-Rico/Leones_de_Ponce/1954?Year=2010,20140122015859,single-source
leones_ponce,2010,year_param,flat_bo,roster,,Vicens Juan,surname_first,,,,,,PUR,,,,77484,,http://www.eurobasket.com/player.asp?Cntry=PUR&PlayerID=77484,full,latinbasket,http://basketball.latinbasket.com:80/team/Puerto-Rico/Leones_de_Ponce/1954?Year=2010,20140122015859,single-source
leones_ponce,2013,year_param,flat_bo,roster,,Fortuna Elpidio,surname_first,188,G,85,,,,,,,65080,,http://www.eurobasket.com/player.asp?Cntry=PUR&PlayerID=65080,full,latinbasket,http://basketball.latinbasket.com:80/team/Puerto-Rico/Leones_de_Ponce/1954?Year=2013,20140122015914,single-source
leones_ponce,2013,year_param,flat_bo,roster,,Apodaca Rick,surname_first,193,G,80,,,,,,,38734,,http://www.eurobasket.com/player.asp?Cntry=PUR&PlayerID=38734,full,latinbasket,http://basketball.latinbasket.com:80/team/Puerto-Rico/Leones_de_Ponce/1954?Year=2013,20140122015914,single-source
leones_ponce,2013,year_param,flat_bo,roster,,Rivera Carlos,surname_first,187,PG,83,,,,,,,61200,,http://www.eurobasket.com/player.asp?Cntry=PUR&PlayerID=61200,full,latinbasket,http://basketball.latinbasket.com:80/team/Puerto-Rico/Leones_de_Ponce/1954?Year=2013,20140122015914,single-source
leones_ponce,2013,year_param,flat_bo,roster,,Gierbolini Joel,surname_first,203,F,89,,,,,,,162245,,http://www.eurobasket.com/player.asp?Cntry=PUR&PlayerID=162245,full,latinbasket,http://basketball.latinbasket.com:80/team/Puerto-Rico/Leones_de_Ponce/1954?Year=2013,20140122015914,single-source
leones_ponce,2013,year_param,flat_bo,roster,,De Leon Brian,surname_first,206,F,89,,,,,,,170084,,http://www.eurobasket.com/player.asp?Cntry=PUR&PlayerID=170084,full,latinbasket,http://basketball.latinbasket.com:80/team/Puerto-Rico/Leones_de_Ponce/1954?Year=2013,20140122015914,single-source
leones_ponce,2013,year_param,flat_bo,roster,,Gaston Chris,surname_first,201,F,,,,,,,,187613,,http://www.eurobasket.com/player.asp?Cntry=PUR&PlayerID=187613,full,latinbasket,http://basketball.latinbasket.com:80/team/Puerto-Rico/Leones_de_Ponce/1954?Year=2013,20140122015914,single-source
leones_ponce,2013,year_param,flat_bo,roster,,Lopez Ivan,surname_first,208,C/F,85,,,,,,,40630,,http://www.eurobasket.com/player.asp?Cntry=PUR&PlayerID=40630,full,latinbasket,http://basketball.latinbasket.com:80/team/Puerto-Rico/Leones_de_Ponce/1954?Year=2013,20140122015914,single-source
leones_ponce,2013,year_param,flat_bo,roster,,Rodriguez Jonathan,surname_first,196,F,87,,,,,,,115163,,http://www.eurobasket.com/player.asp?Cntry=PUR&PlayerID=115163,full,latinbasket,http://basketball.latinbasket.com:80/team/Puerto-Rico/Leones_de_Ponce/1954?Year=2013,20140122015914,single-source
leones_ponce,2013,year_param,flat_bo,roster,,Kortright Jonathan,surname_first,188,G,85,,,,,,,125182,,http://www.eurobasket.com/player.asp?Cntry=PUR&PlayerID=125182,full,latinbasket,http://basketball.latinbasket.com:80/team/Puerto-Rico/Leones_de_Ponce/1954?Year=2013,20140122015914,single-source
leones_ponce,2013,year_param,flat_bo,roster,,Santiago Eddin 'Guayito',surname_first,185,G,79,,,,,,,9563,,http://www.eurobasket.com/player.asp?Cntry=PUR&PlayerID=9563,full,latinbasket,http://basketball.latinbasket.com:80/team/Puerto-Rico/Leones_de_Ponce/1954?Year=2013,20140122015914,single-source
leones_ponce,2013,year_param,flat_bo,roster,,Figueroa Carlos,surname_first,197,G,88,,,,,,,107436,,http://www.eurobasket.com/player.asp?Cntry=PUR&PlayerID=107436,full,latinbasket,http://basketball.latinbasket.com:80/team/Puerto-Rico/Leones_de_Ponce/1954?Year=2013,20140122015914,single-source
leones_ponce,2013,year_param,flat_bo,roster,,Colon Gabriel,surname_first,200,G/F,84,,,,,,,47348,,http://www.eurobasket.com/player.asp?Cntry=PUR&PlayerID=47348,full,latinbasket,http://basketball.latinbasket.com:80/team/Puerto-Rico/Leones_de_Ponce/1954?Year=2013,20140122015914,single-source
leones_ponce,2013,year_param,flat_bo,roster,,de Jesus Jazreel,surname_first,186,G,,,,,,,,227544,,http://www.eurobasket.com/player.asp?Cntry=PUR&PlayerID=227544,full,latinbasket,http://basketball.latinbasket.com:80/team/Puerto-Rico/Leones_de_Ponce/1954?Year=2013,20140122015914,single-source
leones_ponce,2013,year_param,flat_bo,roster,,Vicens Juan,surname_first,,,,,,,,,,77484,,http://www.eurobasket.com/player.asp?Cntry=PUR&PlayerID=77484,full,latinbasket,http://basketball.latinbasket.com:80/team/Puerto-Rico/Leones_de_Ponce/1954?Year=2013,20140122015914,single-source
leones_ponce,2014,capture_year,widget,starting_five,,Eddin 'Guayito' Santiago,given_first,185,G,,35,1979,,,,,,9563,http://basketball.latinbasket.com/player/Eddin_Guayito_Santiago/Puerto-Rico/Leones_de_Ponce/9563,full,latinbasket,http://basketball.latinbasket.com:80/team/Puerto-Rico/Leones_de_Ponce/1954,20141015195236,single-source
leones_ponce,2014,capture_year,widget,starting_five,,Angel Daniel Vassallo,given_first,198,G/F,,28,1986,,,,,,56666,http://basketball.latinbasket.com/player/Angel_Daniel_Vassallo/Puerto-Rico/Leones_de_Ponce/56666,full,latinbasket,http://basketball.latinbasket.com:80/team/Puerto-Rico/Leones_de_Ponce/1954,20141015195236,single-source
leones_ponce,2014,capture_year,widget,starting_five,,Ikechukwu Diogu,given_first,204,C/F,,31,1983,,,,,,36470,http://basketball.latinbasket.com/player/Ikechukwu_Diogu/Puerto-Rico/Leones_de_Ponce/36470,full,latinbasket,http://basketball.latinbasket.com:80/team/Puerto-Rico/Leones_de_Ponce/1954,20141015195236,single-source
leones_ponce,2014,capture_year,widget,starting_five,,Michael Rosario,given_first,190,G,,24,1990,,,,,,163356,http://basketball.latinbasket.com/player/Michael_Rosario/Puerto-Rico/Leones_de_Ponce/163356,full,latinbasket,http://basketball.latinbasket.com:80/team/Puerto-Rico/Leones_de_Ponce/1954,20141015195236,single-source
leones_ponce,2014,capture_year,widget,starting_five,,Carlos Rivera,given_first,187,PG,,31,1983,,,,,,61200,http://basketball.latinbasket.com/player/Carlos_Rivera/Puerto-Rico/Leones_de_Ponce/61200,full,latinbasket,http://basketball.latinbasket.com:80/team/Puerto-Rico/Leones_de_Ponce/1954,20141015195236,single-source
leones_ponce,2014,capture_year,widget,reserve,,Manuel De Jesus,given_first,206,C/F,,31,1983,,,,,,40766,http://basketball.latinbasket.com/player/Manuel_De_Jesus/Puerto-Rico/Leones_de_Ponce/40766,full,latinbasket,http://basketball.latinbasket.com:80/team/Puerto-Rico/Leones_de_Ponce/1954,20141015195236,single-source
leones_ponce,2014,capture_year,widget,reserve,,Carlos Figueroa,given_first,197,G,,26,1988,,,,,,107436,http://basketball.latinbasket.com/player/Carlos_Figueroa/Puerto-Rico/Leones_de_Ponce/107436,full,latinbasket,http://basketball.latinbasket.com:80/team/Puerto-Rico/Leones_de_Ponce/1954,20141015195236,single-source
leones_ponce,2014,capture_year,widget,reserve,,Giovanni Jimenez,given_first,187,PG,,32,1982,,,,,,17288,http://basketball.latinbasket.com/player/Giovanni_Jimenez/Puerto-Rico/Leones_de_Ponce/17288,full,latinbasket,http://basketball.latinbasket.com:80/team/Puerto-Rico/Leones_de_Ponce/1954,20141015195236,single-source
leones_ponce,2016,capture_year,photo_strip,teaser,,Andres Guibert,given_first,,,,,,,,,,,465,http://basketball.latinbasket.com/player/Andres-Guibert/Puerto_Rico/Leones_de_Ponce/465,partial,latinbasket,http://basketball.latinbasket.com:80/team/Puerto-Rico/Leones-de-Ponce/1954?,20161229064452,single-source
leones_ponce,2016,capture_year,photo_strip,teaser,,Jameel Heywood,given_first,,,,,,,,,,,649,http://basketball.latinbasket.com/player/Jameel-Heywood/Puerto_Rico/Leones_de_Ponce/649,partial,latinbasket,http://basketball.latinbasket.com:80/team/Puerto-Rico/Leones-de-Ponce/1954?,20161229064452,single-source
leones_ponce,2016,capture_year,photo_strip,teaser,,Joe Murray,given_first,,,,,,,,,,,848,http://basketball.latinbasket.com/player/Joe-Murray/Puerto_Rico/Leones_de_Ponce/848,partial,latinbasket,http://basketball.latinbasket.com:80/team/Puerto-Rico/Leones-de-Ponce/1954?,20161229064452,single-source
leones_ponce,2016,capture_year,photo_strip,teaser,,Javier Colon,given_first,,,,,,,,,,,3683,http://basketball.latinbasket.com/player/Javier-Colon/Puerto_Rico/Leones_de_Ponce/3683,partial,latinbasket,http://basketball.latinbasket.com:80/team/Puerto-Rico/Leones-de-Ponce/1954?,20161229064452,single-source
leones_ponce,2016,capture_year,photo_strip,teaser,,Mandy' Bocachica,given_first,,,,,,,,,,,13701,http://basketball.latinbasket.com/player/Mandy-Bocachica/Puerto_Rico/Leones_de_Ponce/13701,partial,latinbasket,http://basketball.latinbasket.com:80/team/Puerto-Rico/Leones-de-Ponce/1954?,20161229064452,single-source
leones_ponce,2017,year_param,flat_bo,roster,1,Warrick Hakim,surname_first,206,F/C,82,,,,,,,,37470,http://basketball.latinbasket.com/player/Hakim-Warrick/Puerto Rico/Leones-de-Ponce/37470,full,latinbasket,http://basketball.latinbasket.com/team/Puerto-Rico/Leones-de-Ponce/1954?Year=2016-2017,20170703122929,single-source
leones_ponce,2017,year_param,flat_bo,roster,35,Dawson Eric,surname_first,206,F/C,84,,,,,,,,102828,http://basketball.latinbasket.com/player/Eric-Dawson/USA/Leones-de-Ponce/102828,full,latinbasket,http://basketball.latinbasket.com/team/Puerto-Rico/Leones-de-Ponce/1954?Year=2016-2017,20170703122929,single-source
leones_ponce,2017,year_param,flat_bo,roster,30,Emory Carlos,surname_first,196,F,91,,,,,,,,213573,http://basketball.latinbasket.com/player/Carlos-Emory/USA/Leones-de-Ponce/213573,full,latinbasket,http://basketball.latinbasket.com/team/Puerto-Rico/Leones-de-Ponce/1954?Year=2016-2017,20170703122929,single-source
leones_ponce,2017,year_param,flat_bo,roster,24,Liz Victor,surname_first,188,SG,86,,,,,,,,74343,http://basketball.latinbasket.com/player/Victor-Liz/Puerto Rico/Leones-de-Ponce/74343,full,latinbasket,http://basketball.latinbasket.com/team/Puerto-Rico/Leones-de-Ponce/1954?Year=2016-2017,20170703122929,single-source
leones_ponce,2017,year_param,flat_bo,roster,3,Torres Andres,surname_first,177,PG,89,,,,,,,,107908,http://basketball.latinbasket.com/player/Andres-Torres/Dominican Republic/Leones-de-Ponce/107908,full,latinbasket,http://basketball.latinbasket.com/team/Puerto-Rico/Leones-de-Ponce/1954?Year=2016-2017,20170703122929,single-source
leones_ponce,2017,year_param,flat_bo,roster,2,Belardo Gabriel,surname_first,188,G,89,,,,,,,,163382,http://basketball.latinbasket.com/player/Gabriel-Belardo/Puerto Rico/Leones-de-Ponce/163382,full,latinbasket,http://basketball.latinbasket.com/team/Puerto-Rico/Leones-de-Ponce/1954?Year=2016-2017,20170703122929,single-source
leones_ponce,2017,year_param,flat_bo,roster,23,Reese Derek,surname_first,201,F,93,,,,,,,,266477,http://basketball.latinbasket.com/player/Derek-Reese/USA/Leones-de-Ponce/266477,full,latinbasket,http://basketball.latinbasket.com/team/Puerto-Rico/Leones-de-Ponce/1954?Year=2016-2017,20170703122929,single-source
leones_ponce,2017,year_param,flat_bo,roster,7,Gonzalez Eliel,surname_first,188,G,95,,,,,,,,217571,http://basketball.latinbasket.com/player/Eliel-Gonzalez/Puerto Rico/Leones-de-Ponce/217571,full,latinbasket,http://basketball.latinbasket.com/team/Puerto-Rico/Leones-de-Ponce/1954?Year=2016-2017,20170703122929,single-source
leones_ponce,2017,year_param,flat_bo,roster,22,Morales Darius,surname_first,207,C/F,90,,,,,,,,179743,http://basketball.latinbasket.com/player/Darius-Morales/Puerto Rico/Leones-de-Ponce/179743,full,latinbasket,http://basketball.latinbasket.com/team/Puerto-Rico/Leones-de-Ponce/1954?Year=2016-2017,20170703122929,single-source
leones_ponce,2017,year_param,flat_bo,roster,15,Colon Gabriel,surname_first,200,G/F,84,,,,,,,,47348,http://basketball.latinbasket.com/player/Gabriel-Colon/Puerto Rico/Leones-de-Ponce/47348,full,latinbasket,http://basketball.latinbasket.com/team/Puerto-Rico/Leones-de-Ponce/1954?Year=2016-2017,20170703122929,single-source
leones_ponce,2017,year_param,flat_bo,roster,40,Vassallo Angel Daniel,surname_first,198,G/F,86,,,,,,,,56666,http://basketball.latinbasket.com/player/Angel-Daniel-Vassallo/Puerto Rico/Leones-de-Ponce/56666,full,latinbasket,http://basketball.latinbasket.com/team/Puerto-Rico/Leones-de-Ponce/1954?Year=2016-2017,20170703122929,single-source
leones_ponce,2017,year_param,flat_bo,roster,,Vicens Juan,surname_first,,,,,,,,,,,77484,http://basketball.latinbasket.com/player/Juan-Vicens/Puerto Rico/Leones-de-Ponce/77484,full,latinbasket,http://basketball.latinbasket.com/team/Puerto-Rico/Leones-de-Ponce/1954?Year=2016-2017,20170703122929,single-source
leones_ponce,2017,year_param,flat_bo,roster,33,Pellot Emmanuel,surname_first,203,F,93,,,,,,,,391314,http://basketball.latinbasket.com/player/Emmanuel-Pellot/Puerto Rico/Leones-de-Ponce/391314,full,latinbasket,http://basketball.latinbasket.com/team/Puerto-Rico/Leones-de-Ponce/1954?Year=2016-2017,20170703122929,single-source
leones_ponce,2018,capture_year,widget,starting_five,8,Angel Daniel Vassallo,given_first,198,G/F,,32,1986,,,,,,56666,https://basketball.latinbasket.com/player/Angel-Daniel-Vassallo/Puerto-Rico/Leones-de-Ponce/56666,full,latinbasket,https://basketball.latinbasket.com/team/Puerto-Rico/Leones-de-Ponce/1954,20181012123736,single-source
leones_ponce,2018,capture_year,widget,reserve,35,Edwin Ubiles,given_first,198,F/G,,31,1987,,,,,,116311,https://basketball.latinbasket.com/player/Edwin-Ubiles/Puerto-Rico/Leones-de-Ponce/116311,full,latinbasket,https://basketball.latinbasket.com/team/Puerto-Rico/Leones-de-Ponce/1954,20181012123736,single-source
leones_ponce,2018,capture_year,widget,starting_five,55,Adrian Uter,given_first,201,F/C,,33,1985,,,,,,71464,https://basketball.latinbasket.com/player/Adrian-Uter/Puerto-Rico/Leones-de-Ponce/71464,full,latinbasket,https://basketball.latinbasket.com/team/Puerto-Rico/Leones-de-Ponce/1954,20181012123736,single-source
leones_ponce,2018,capture_year,widget,reserve,23,Derek Reese,given_first,201,F,,24,1994,,,,,,266477,https://basketball.latinbasket.com/player/Derek-Reese/Puerto-Rico/Leones-de-Ponce/266477,full,latinbasket,https://basketball.latinbasket.com/team/Puerto-Rico/Leones-de-Ponce/1954,20181012123736,single-source
leones_ponce,2018,capture_year,widget,starting_five,36,Peter Ramos,given_first,222,C,,33,1985,,,,,,41355,https://basketball.latinbasket.com/player/Peter-Ramos/Puerto-Rico/Leones-de-Ponce/41355,full,latinbasket,https://basketball.latinbasket.com/team/Puerto-Rico/Leones-de-Ponce/1954,20181012123736,single-source
leones_ponce,2018,capture_year,widget,reserve,,Jose Arroyo-Felix,given_first,203,F,,22,1996,,,,,,336010,https://basketball.latinbasket.com/player/Jose-Arroyo-Felix/Puerto-Rico/Leones-de-Ponce/336010,full,latinbasket,https://basketball.latinbasket.com/team/Puerto-Rico/Leones-de-Ponce/1954,20181012123736,single-source
leones_ponce,2018,capture_year,widget,starting_five,15,Gabriel Colon,given_first,200,G/F,,33,1985,,,,,,47348,https://basketball.latinbasket.com/player/Gabriel-Colon/Puerto-Rico/Leones-de-Ponce/47348,full,latinbasket,https://basketball.latinbasket.com/team/Puerto-Rico/Leones-de-Ponce/1954,20181012123736,single-source
leones_ponce,2018,capture_year,widget,reserve,7,Cliff Duran,given_first,191,G,,29,1989,,,,,,122057,https://basketball.latinbasket.com/player/Cliff-Duran/Puerto-Rico/Leones-de-Ponce/122057,full,latinbasket,https://basketball.latinbasket.com/team/Puerto-Rico/Leones-de-Ponce/1954,20181012123736,single-source
leones_ponce,2018,capture_year,widget,starting_five,24,Victor Liz,given_first,193,SG,,32,1986,,,,,,74343,https://basketball.latinbasket.com/player/Victor-Liz/Puerto-Rico/Leones-de-Ponce/74343,full,latinbasket,https://basketball.latinbasket.com/team/Puerto-Rico/Leones-de-Ponce/1954,20181012123736,single-source
leones_ponce,2018,capture_year,widget,reserve,2,Andres Torres,given_first,177,PG,,29,1989,,,,,,107908,https://basketball.latinbasket.com/player/Andres-Torres/Puerto-Rico/Leones-de-Ponce/107908,full,latinbasket,https://basketball.latinbasket.com/team/Puerto-Rico/Leones-de-Ponce/1954,20181012123736,single-source
leones_ponce,2018,capture_year,widget,starting_five,,Terrence Curry,given_first,182,,,25,1993,,,,,,,,partial,latinbasket,https://basketball.latinbasket.com/team/Puerto-Rico/Leones-de-Ponce/1954,20181012123736,single-source
leones_ponce,2019,capture_year,widget,starting_five,40,Angel Daniel Vassallo,given_first,198,G/F,,33,1986,,,,,,56666,https://basketball.latinbasket.com/player/Angel-Daniel-Vassallo/Puerto-Rico/Leones-de-Ponce/56666,full,latinbasket,https://basketball.latinbasket.com/team/Puerto-Rico/Leones-de-Ponce/1954,20190721092056,single-source
leones_ponce,2019,capture_year,widget,starting_five,55,Adrian Uter,given_first,201,F/C,,34,1985,,,,,,71464,https://basketball.latinbasket.com/player/Adrian-Uter/Puerto-Rico/Leones-de-Ponce/71464,full,latinbasket,https://basketball.latinbasket.com/team/Puerto-Rico/Leones-de-Ponce/1954,20190721092056,single-source
leones_ponce,2019,capture_year,widget,starting_five,17,Jose Guitian,given_first,207,F,,32,1987,,,,,,174062,https://basketball.latinbasket.com/player/Jose-Guitian/Puerto-Rico/Leones-de-Ponce/174062,full,latinbasket,https://basketball.latinbasket.com/team/Puerto-Rico/Leones-de-Ponce/1954,20190721092056,single-source
leones_ponce,2019,capture_year,widget,starting_five,24,Victor Liz,given_first,193,SG,,33,1986,,,,,,74343,https://basketball.latinbasket.com/player/Victor-Liz/Puerto-Rico/Leones-de-Ponce/74343,full,latinbasket,https://basketball.latinbasket.com/team/Puerto-Rico/Leones-de-Ponce/1954,20190721092056,single-source
leones_ponce,2019,capture_year,widget,starting_five,31,Carlos Rivera,given_first,187,PG,,36,1983,,,,,,61200,https://basketball.latinbasket.com/player/Carlos-Rivera/Puerto-Rico/Leones-de-Ponce/61200,full,latinbasket,https://basketball.latinbasket.com/team/Puerto-Rico/Leones-de-Ponce/1954,20190721092056,single-source
leones_ponce,2019,capture_year,widget,reserve,32,Will Daniels,given_first,202,F,,33,1986,,,,,,61747,https://basketball.latinbasket.com/player/Will-Daniels/Puerto-Rico/Leones-de-Ponce/61747,full,latinbasket,https://basketball.latinbasket.com/team/Puerto-Rico/Leones-de-Ponce/1954,20190721092056,single-source
leones_ponce,2019,capture_year,widget,reserve,22,Jose Arroyo-Felix,given_first,203,F,,22,1997,,,,,,336010,https://basketball.latinbasket.com/player/Jose-Arroyo-Felix/Puerto-Rico/Leones-de-Ponce/336010,full,latinbasket,https://basketball.latinbasket.com/team/Puerto-Rico/Leones-de-Ponce/1954,20190721092056,single-source
leones_ponce,2019,capture_year,widget,reserve,36,Peter Ramos,given_first,222,C,,34,1985,,,,,,41355,https://basketball.latinbasket.com/player/Peter-Ramos/Puerto-Rico/Leones-de-Ponce/41355,full,latinbasket,https://basketball.latinbasket.com/team/Puerto-Rico/Leones-de-Ponce/1954,20190721092056,single-source
leones_ponce,2019,capture_year,widget,reserve,2,DeJuan Marrero,given_first,198,F,,26,1993,,,,,,265796,https://basketball.latinbasket.com/player/DeJuan-Marrero/Puerto-Rico/Leones-de-Ponce/265796,full,latinbasket,https://basketball.latinbasket.com/team/Puerto-Rico/Leones-de-Ponce/1954,20190721092056,single-source
leones_ponce,2019,capture_year,widget,reserve,25,Luis Lopez,given_first,182,G,,21,1998,,,,,,254129,https://basketball.latinbasket.com/player/Luis-Lopez/Puerto-Rico/Leones-de-Ponce/254129,full,latinbasket,https://basketball.latinbasket.com/team/Puerto-Rico/Leones-de-Ponce/1954,20190721092056,single-source
leones_ponce,2020,capture_year,widget,starting_five,22,Haanif Cheatham,given_first,,,,,,,,,,,337780,https://basketball.latinbasket.com/player/Haanif-Cheatham/Puerto-Rico/Leones-de-Ponce/337780,full,latinbasket,https://basketball.latinbasket.com/team/Puerto-Rico/Leones_de_Ponce/1954,20201120205546,single-source
leones_ponce,2020,capture_year,widget,starting_five,40,Angel Daniel Vassallo,given_first,,,,,,,,,,,56666,https://basketball.latinbasket.com/player/Angel-Daniel-Vassallo/Puerto-Rico/Leones-de-Ponce/56666,full,latinbasket,https://basketball.latinbasket.com/team/Puerto-Rico/Leones_de_Ponce/1954,20201120205546,single-source
leones_ponce,2020,capture_year,widget,starting_five,7,Tre Scott,given_first,,,,,,,,,,,366917,https://basketball.latinbasket.com/player/Tre-Scott/Puerto-Rico/Leones-de-Ponce/366917,full,latinbasket,https://basketball.latinbasket.com/team/Puerto-Rico/Leones_de_Ponce/1954,20201120205546,single-source
leones_ponce,2020,capture_year,widget,starting_five,24,Victor Liz,given_first,,,,,,,,,,,74343,https://basketball.latinbasket.com/player/Victor-Liz/Puerto-Rico/Leones-de-Ponce/74343,full,latinbasket,https://basketball.latinbasket.com/team/Puerto-Rico/Leones_de_Ponce/1954,20201120205546,single-source
leones_ponce,2020,capture_year,widget,starting_five,31,Carlos Rivera,given_first,,,,,,,,,,,61200,https://basketball.latinbasket.com/player/Carlos-Rivera/Puerto-Rico/Leones-de-Ponce/61200,full,latinbasket,https://basketball.latinbasket.com/team/Puerto-Rico/Leones_de_Ponce/1954,20201120205546,single-source
leones_ponce,2020,capture_year,widget,reserve,95,Tony Mitchell,given_first,,,,,,,,,,,225364,https://basketball.latinbasket.com/player/Tony-Mitchell/Puerto-Rico/Leones-de-Ponce/225364,full,latinbasket,https://basketball.latinbasket.com/team/Puerto-Rico/Leones_de_Ponce/1954,20201120205546,single-source
leones_ponce,2020,capture_year,widget,reserve,23,Carlos Lopez-Sosa,given_first,,,,,,,,,,,130483,https://basketball.latinbasket.com/player/Carlos-Lopez-Sosa/Puerto-Rico/Leones-de-Ponce/130483,full,latinbasket,https://basketball.latinbasket.com/team/Puerto-Rico/Leones_de_Ponce/1954,20201120205546,single-source
leones_ponce,2020,capture_year,widget,reserve,35,Matt Lopez,given_first,,,,,,,,,,,202106,https://basketball.latinbasket.com/player/Matt-Lopez/Puerto-Rico/Leones-de-Ponce/202106,full,latinbasket,https://basketball.latinbasket.com/team/Puerto-Rico/Leones_de_Ponce/1954,20201120205546,single-source
leones_ponce,2020,capture_year,widget,reserve,2,EJ Crawford,given_first,,,,,,,,,,,413743,https://basketball.latinbasket.com/player/EJ-Crawford/Puerto-Rico/Leones-de-Ponce/413743,full,latinbasket,https://basketball.latinbasket.com/team/Puerto-Rico/Leones_de_Ponce/1954,20201120205546,single-source
leones_ponce,2020,capture_year,widget,reserve,12,Jorge Pacheco-Ortiz,given_first,,,,,,,,,,,297865,https://basketball.latinbasket.com/player/Jorge-Pacheco-Ortiz/Puerto-Rico/Leones-de-Ponce/297865,full,latinbasket,https://basketball.latinbasket.com/team/Puerto-Rico/Leones_de_Ponce/1954,20201120205546,single-source
maratonistas_coamo,2014,capture_year,photo_strip,teaser,,Raymond Cintron Cortes,given_first,,,,,,,,,,,132028,http://basketball.latinbasket.com/player/Raymond_Cintron_Cortes/Puerto-Rico/Maratonistas_de_Coamo/132028,partial,latinbasket,http://basketball.latinbasket.com:80/team/Puerto-Rico/Maratonistas_de_Coamo/1976,20141221074114,single-source
maratonistas_coamo,2014,capture_year,photo_strip,teaser,,Carlos Martinez,given_first,,,,,,,,,,,25576,http://basketball.latinbasket.com/player/Carlos_Martinez/Puerto-Rico/Maratonistas_de_Coamo/25576,partial,latinbasket,http://basketball.latinbasket.com:80/team/Puerto-Rico/Maratonistas_de_Coamo/1976,20141221074114,single-source
maratonistas_coamo,2014,capture_year,photo_strip,teaser,,Benito Santiago,given_first,,,,,,,,,,,170587,http://basketball.latinbasket.com/player/Benito_Santiago/Puerto-Rico/Maratonistas_de_Coamo/170587,partial,latinbasket,http://basketball.latinbasket.com:80/team/Puerto-Rico/Maratonistas_de_Coamo/1976,20141221074114,single-source
maratonistas_coamo,2014,capture_year,photo_strip,teaser,,Joey Rodriguez,given_first,,,,,,,,,,,136228,http://basketball.latinbasket.com/player/Joey_Rodriguez/Puerto-Rico/Maratonistas_de_Coamo/136228,partial,latinbasket,http://basketball.latinbasket.com:80/team/Puerto-Rico/Maratonistas_de_Coamo/1976,20141221074114,single-source
maratonistas_coamo,2014,capture_year,photo_strip,teaser,,Jeffrey Burgos,given_first,,,,,,,,,,,180011,http://basketball.latinbasket.com/player/Jeffrey_Burgos/Puerto-Rico/Maratonistas_de_Coamo/180011,partial,latinbasket,http://basketball.latinbasket.com:80/team/Puerto-Rico/Maratonistas_de_Coamo/1976,20141221074114,single-source
maratonistas_coamo,2015,capture_year,widget,starting_five,,Reginald Buckner,given_first,206,F,,24,1991,,,,,,183134,http://basketball.latinbasket.com/player/Reginald_Buckner/Puerto-Rico/Maratonistas_de_Coamo/183134,full,latinbasket,http://basketball.latinbasket.com:80/team/Puerto-Rico/Maratonistas_de_Coamo/1976,20150516113803,single-source
maratonistas_coamo,2015,capture_year,widget,starting_five,,Luis Hernandez,given_first,198,F,,27,1988,,,,,,194771,http://basketball.latinbasket.com/player/Luis_Hernandez/Puerto-Rico/Maratonistas_de_Coamo/194771,full,latinbasket,http://basketball.latinbasket.com:80/team/Puerto-Rico/Maratonistas_de_Coamo/1976,20150516113803,single-source
maratonistas_coamo,2015,capture_year,widget,starting_five,,Justin Keenan,given_first,202,F/C,,27,1988,,,,,,147330,http://basketball.latinbasket.com/player/Justin_Keenan/Puerto-Rico/Maratonistas_de_Coamo/147330,full,latinbasket,http://basketball.latinbasket.com:80/team/Puerto-Rico/Maratonistas_de_Coamo/1976,20150516113803,single-source
maratonistas_coamo,2015,capture_year,widget,starting_five,,Maurice Carter,given_first,183,G,,32,1983,,,,,,46672,http://basketball.latinbasket.com/player/Maurice_Carter/Puerto-Rico/Maratonistas_de_Coamo/46672,full,latinbasket,http://basketball.latinbasket.com:80/team/Puerto-Rico/Maratonistas_de_Coamo/1976,20150516113803,single-source
maratonistas_coamo,2015,capture_year,widget,starting_five,,Omar Alvarado,given_first,180,PG,,32,1983,,,,,,55079,http://basketball.latinbasket.com/player/Omar_Alvarado/Puerto-Rico/Maratonistas_de_Coamo/55079,full,latinbasket,http://basketball.latinbasket.com:80/team/Puerto-Rico/Maratonistas_de_Coamo/1976,20150516113803,single-source
maratonistas_coamo,2015,capture_year,widget,reserve,,Gilberto Clavell,given_first,200,F,,26,1989,,,,,,107442,http://basketball.latinbasket.com/player/Gilberto_Clavell/Puerto-Rico/Maratonistas_de_Coamo/107442,full,latinbasket,http://basketball.latinbasket.com:80/team/Puerto-Rico/Maratonistas_de_Coamo/1976,20150516113803,single-source
maratonistas_coamo,2015,capture_year,widget,reserve,,Jose Guitian,given_first,207,F,,28,1987,,,,,,174062,http://basketball.latinbasket.com/player/Jose_Guitian/Puerto-Rico/Maratonistas_de_Coamo/174062,full,latinbasket,http://basketball.latinbasket.com:80/team/Puerto-Rico/Maratonistas_de_Coamo/1976,20150516113803,single-source
maratonistas_coamo,2015,capture_year,widget,reserve,,Wayne Portalatin,given_first,208,C,,28,1987,,,,,,136464,http://basketball.latinbasket.com/player/Wayne_Portalatin/Puerto-Rico/Maratonistas_de_Coamo/136464,full,latinbasket,http://basketball.latinbasket.com:80/team/Puerto-Rico/Maratonistas_de_Coamo/1976,20150516113803,single-source
maratonistas_coamo,2015,capture_year,widget,reserve,,Jamel Fuentes,given_first,193,G,,24,1991,,,,,,234157,http://basketball.latinbasket.com/player/Jamel_Fuentes/Puerto-Rico/Maratonistas_de_Coamo/234157,full,latinbasket,http://basketball.latinbasket.com:80/team/Puerto-Rico/Maratonistas_de_Coamo/1976,20150516113803,single-source
maratonistas_coamo,2015,capture_year,widget,reserve,,Alex Abreu,given_first,178,PG,,24,1991,,,,,,204263,http://basketball.latinbasket.com/player/Alex_Abreu/Puerto-Rico/Maratonistas_de_Coamo/204263,full,latinbasket,http://basketball.latinbasket.com:80/team/Puerto-Rico/Maratonistas_de_Coamo/1976,20150516113803,single-source
mets_guaynabo,2013,capture_year,widget,starting_five,,Antonio Latimer,given_first,204,F/G,,35,1978,,,,,,5838,http://basketball.latinbasket.com/player/Antonio_Latimer/Puerto-Rico/Mets_de_Guaynabo/5838,full,latinbasket,http://basketball.latinbasket.com:80/team/Puerto-Rico/Mets_de_Guaynabo/9280,20131122110300,single-source
mets_guaynabo,2013,capture_year,widget,starting_five,,Manuel Antonio Narvaez,given_first,211,C,,32,1981,,,,,,47367,http://basketball.latinbasket.com/player/Manuel_Antonio_Narvaez/Puerto-Rico/Mets_de_Guaynabo/47367,full,latinbasket,http://basketball.latinbasket.com:80/team/Puerto-Rico/Mets_de_Guaynabo/9280,20131122110300,single-source
mets_guaynabo,2013,capture_year,widget,starting_five,,Daniel Santiago,given_first,216,C,,37,1976,,,,,,26390,http://basketball.latinbasket.com/player/Daniel_Santiago/Puerto-Rico/Mets_de_Guaynabo/26390,full,latinbasket,http://basketball.latinbasket.com:80/team/Puerto-Rico/Mets_de_Guaynabo/9280,20131122110300,single-source
mets_guaynabo,2013,capture_year,widget,starting_five,,Christian Dalmau,given_first,194,G,,36,1977,,,,,,9323,http://basketball.latinbasket.com/player/Christian_Dalmau/Puerto-Rico/Mets_de_Guaynabo/9323,full,latinbasket,http://basketball.latinbasket.com:80/team/Puerto-Rico/Mets_de_Guaynabo/9280,20131122110300,single-source
mets_guaynabo,2013,capture_year,widget,starting_five,,Larry Ayuso,given_first,190,G,,36,1977,,,,,,5792,http://basketball.latinbasket.com/player/Larry_Ayuso/Puerto-Rico/Mets_de_Guaynabo/5792,full,latinbasket,http://basketball.latinbasket.com:80/team/Puerto-Rico/Mets_de_Guaynabo/9280,20131122110300,single-source
mets_guaynabo,2013,capture_year,widget,reserve,,Ferdinand Morales,given_first,,,,,,,,,,,105403,http://basketball.latinbasket.com/player/Ferdinand_Morales/Puerto-Rico/Mets_de_Guaynabo/105403,full,latinbasket,http://basketball.latinbasket.com:80/team/Puerto-Rico/Mets_de_Guaynabo/9280,20131122110300,single-source
mets_guaynabo,2013,capture_year,widget,reserve,,Carlos Valdez,given_first,,,,,,,,,,,237111,http://basketball.latinbasket.com/player/Carlos_Valdez/Puerto-Rico/Mets_de_Guaynabo/237111,full,latinbasket,http://basketball.latinbasket.com:80/team/Puerto-Rico/Mets_de_Guaynabo/9280,20131122110300,single-source
mets_guaynabo,2013,capture_year,widget,reserve,,Gaby Belardo,given_first,188,G,,24,1989,,,,,,163382,http://basketball.latinbasket.com/player/Gaby_Belardo/Puerto-Rico/Mets_de_Guaynabo/163382,full,latinbasket,http://basketball.latinbasket.com:80/team/Puerto-Rico/Mets_de_Guaynabo/9280,20131122110300,single-source
mets_guaynabo,2015,capture_year,widget,starting_five,,Elias Ayuso,given_first,190,SG,,38,1977,,,,,,5792,http://basketball.latinbasket.com/player/Elias_Ayuso/Puerto-Rico/Mets_de_Guaynabo/5792,full,latinbasket,http://basketball.latinbasket.com:80/team/Puerto-Rico/Mets_de_Guaynabo/9280?,20150517050747,single-source
mets_guaynabo,2015,capture_year,widget,starting_five,,Will Daniels,given_first,203,F,,29,1986,,,,,,61747,http://basketball.latinbasket.com/player/Will_Daniels/Puerto-Rico/Mets_de_Guaynabo/61747,full,latinbasket,http://basketball.latinbasket.com:80/team/Puerto-Rico/Mets_de_Guaynabo/9280?,20150517050747,single-source
mets_guaynabo,2015,capture_year,widget,starting_five,,Jorge Bryan Diaz,given_first,210,C,,26,1989,,,,,,188753,http://basketball.latinbasket.com/player/Jorge_Bryan_Diaz/Puerto-Rico/Mets_de_Guaynabo/188753,full,latinbasket,http://basketball.latinbasket.com:80/team/Puerto-Rico/Mets_de_Guaynabo/9280?,20150517050747,single-source
mets_guaynabo,2015,capture_year,widget,starting_five,,Rick Apodaca,given_first,193,G,,35,1980,,,,,,38734,http://basketball.latinbasket.com/player/Rick_Apodaca/Puerto-Rico/Mets_de_Guaynabo/38734,full,latinbasket,http://basketball.latinbasket.com:80/team/Puerto-Rico/Mets_de_Guaynabo/9280?,20150517050747,single-source
mets_guaynabo,2015,capture_year,widget,starting_five,,Rasham Suarez,given_first,190,G,,23,1992,,,,,,201970,http://basketball.latinbasket.com/player/Rasham_Suarez/Puerto-Rico/Mets_de_Guaynabo/201970,full,latinbasket,http://basketball.latinbasket.com:80/team/Puerto-Rico/Mets_de_Guaynabo/9280?,20150517050747,single-source
mets_guaynabo,2015,capture_year,widget,reserve,,Mickael Pietrus,given_first,198,G/F,,33,1982,,,,,,18296,http://basketball.latinbasket.com/player/Mickael_Pietrus/Puerto-Rico/Mets_de_Guaynabo/18296,full,latinbasket,http://basketball.latinbasket.com:80/team/Puerto-Rico/Mets_de_Guaynabo/9280?,20150517050747,single-source
mets_guaynabo,2015,capture_year,widget,reserve,,Tomas Vazquez-Simmons,given_first,202,F,,26,1989,,,,,,135854,http://basketball.latinbasket.com/player/Tomas_Vazquez-Simmons/Puerto-Rico/Mets_de_Guaynabo/135854,full,latinbasket,http://basketball.latinbasket.com:80/team/Puerto-Rico/Mets_de_Guaynabo/9280?,20150517050747,single-source
mets_guaynabo,2015,capture_year,widget,reserve,,Angel Garcia,given_first,209,C,,27,1988,,,,,,77454,http://basketball.latinbasket.com/player/Angel_Garcia/Puerto-Rico/Mets_de_Guaynabo/77454,full,latinbasket,http://basketball.latinbasket.com:80/team/Puerto-Rico/Mets_de_Guaynabo/9280?,20150517050747,single-source
mets_guaynabo,2015,capture_year,widget,reserve,,Richard Chaney,given_first,196,G,,31,1984,,,,,,52053,http://basketball.latinbasket.com/player/Richard_Chaney/Puerto-Rico/Mets_de_Guaynabo/52053,full,latinbasket,http://basketball.latinbasket.com:80/team/Puerto-Rico/Mets_de_Guaynabo/9280?,20150517050747,single-source
mets_guaynabo,2015,capture_year,widget,reserve,,Cedric Jackson,given_first,191,G,,29,1986,,,,,,73260,http://basketball.latinbasket.com/player/Cedric_Jackson/Puerto-Rico/Mets_de_Guaynabo/73260,full,latinbasket,http://basketball.latinbasket.com:80/team/Puerto-Rico/Mets_de_Guaynabo/9280?,20150517050747,single-source
mets_guaynabo,2020,capture_year,widget,starting_five,5,Daniel Hamilton,given_first,201,SG,,24,1996,,,,,,332887,https://basketball.latinbasket.com/player/Daniel-Hamilton/Puerto-Rico/Mets-de-Guaynabo/332887,full,latinbasket,https://basketball.latinbasket.com/team/Puerto-Rico/Mets-de-Guaynabo/9280,20200716011902,single-source
mets_guaynabo,2020,capture_year,widget,starting_five,77,Angel Alamo,given_first,206,F,,35,1985,,,,,,113972,https://basketball.latinbasket.com/player/Angel-Alamo/Puerto-Rico/Mets-de-Guaynabo/113972,full,latinbasket,https://basketball.latinbasket.com/team/Puerto-Rico/Mets-de-Guaynabo/9280,20200716011902,single-source
mets_guaynabo,2020,capture_year,widget,starting_five,25,Rakeem Christmas,given_first,206,F,,28,1992,,,,,,176020,https://basketball.latinbasket.com/player/Rakeem-Christmas/Puerto-Rico/Mets-de-Guaynabo/176020,full,latinbasket,https://basketball.latinbasket.com/team/Puerto-Rico/Mets-de-Guaynabo/9280,20200716011902,single-source
mets_guaynabo,2020,capture_year,widget,reserve,,Lonnie Rivera,given_first,198,F,,23,1997,,,,,,333248,https://basketball.latinbasket.com/player/Lonnie-Rivera/Puerto-Rico/Mets-de-Guaynabo/333248,full,latinbasket,https://basketball.latinbasket.com/team/Puerto-Rico/Mets-de-Guaynabo/9280,20200716011902,single-source
mets_guaynabo,2020,capture_year,widget,starting_five,7,Miguel Ali Berdiel,given_first,198,G,,36,1984,,,,,,17283,https://basketball.latinbasket.com/player/Miguel-Ali-Berdiel/Puerto-Rico/Mets-de-Guaynabo/17283,full,latinbasket,https://basketball.latinbasket.com/team/Puerto-Rico/Mets-de-Guaynabo/9280,20200716011902,single-source
mets_guaynabo,2020,capture_year,widget,starting_five,10,Francis Jonathan Han,given_first,185,PG,,33,1987,,,,,,90622,https://basketball.latinbasket.com/player/Francis-Jonathan-Han/Puerto-Rico/Mets-de-Guaynabo/90622,full,latinbasket,https://basketball.latinbasket.com/team/Puerto-Rico/Mets-de-Guaynabo/9280,20200716011902,single-source
mets_guaynabo,2020,capture_year,widget,reserve,8,Weyinmi Rose,given_first,196,G/F,,33,1987,,,,,,91594,https://basketball.latinbasket.com/player/Weyinmi-Rose/Puerto-Rico/Mets-de-Guaynabo/91594,full,latinbasket,https://basketball.latinbasket.com/team/Puerto-Rico/Mets-de-Guaynabo/9280,20200716011902,single-source
mets_guaynabo,2020,capture_year,widget,reserve,30,Carlos Emory,given_first,196,F,,28,1992,,,,,,213573,https://basketball.latinbasket.com/player/Carlos-Emory/Puerto-Rico/Mets-de-Guaynabo/213573,full,latinbasket,https://basketball.latinbasket.com/team/Puerto-Rico/Mets-de-Guaynabo/9280,20200716011902,single-source
mets_guaynabo,2020,capture_year,widget,reserve,27,Rafael Perez,given_first,193,G/F,,38,1982,,,,,,55881,https://basketball.latinbasket.com/player/Rafael-Perez/Puerto-Rico/Mets-de-Guaynabo/55881,full,latinbasket,https://basketball.latinbasket.com/team/Puerto-Rico/Mets-de-Guaynabo/9280,20200716011902,single-source
mets_guaynabo,2020,capture_year,widget,reserve,0,Tyquan Rolon,given_first,190,G,,25,1995,,,,,,330427,https://basketball.latinbasket.com/player/Tyquan-Rolon/Puerto-Rico/Mets-de-Guaynabo/330427,full,latinbasket,https://basketball.latinbasket.com/team/Puerto-Rico/Mets-de-Guaynabo/9280,20200716011902,single-source
piratas_quebradillas,2014,capture_year,photo_strip,teaser,,Ricardo Sanchez,given_first,,,,,,,,,,,41221,http://basketball.latinbasket.com/player/Ricardo_Sanchez/Puerto-Rico/Pirates_de_Quebradillas/41221,partial,latinbasket,http://basketball.latinbasket.com:80/team/Puerto-Rico/Pirates_de_Quebradillas/1963?,20141023042329,single-source
piratas_quebradillas,2014,capture_year,photo_strip,teaser,,Carmelo Lee,given_first,,,,,,,,,,,49026,http://basketball.latinbasket.com/player/Carmelo_Lee/Puerto-Rico/Pirates_de_Quebradillas/49026,partial,latinbasket,http://basketball.latinbasket.com:80/team/Puerto-Rico/Pirates_de_Quebradillas/1963?,20141023042329,single-source
piratas_quebradillas,2014,capture_year,photo_strip,teaser,,Jonathan Garcia,given_first,,,,,,,,,,,101328,http://basketball.latinbasket.com/player/Jonathan_Garcia/Puerto-Rico/Pirates_de_Quebradillas/101328,partial,latinbasket,http://basketball.latinbasket.com:80/team/Puerto-Rico/Pirates_de_Quebradillas/1963?,20141023042329,single-source
piratas_quebradillas,2014,capture_year,photo_strip,teaser,,Lorenzo Mata Real,given_first,,,,,,,,,,,89410,http://basketball.latinbasket.com/player/Lorenzo_Mata_Real/Puerto-Rico/Pirates_de_Quebradillas/89410,partial,latinbasket,http://basketball.latinbasket.com:80/team/Puerto-Rico/Pirates_de_Quebradillas/1963?,20141023042329,single-source
piratas_quebradillas,2014,capture_year,photo_strip,teaser,,Andre Emmett,given_first,,,,,,,,,,,39052,http://basketball.latinbasket.com/player/Andre_Emmett/Puerto-Rico/Pirates_de_Quebradillas/39052,partial,latinbasket,http://basketball.latinbasket.com:80/team/Puerto-Rico/Pirates_de_Quebradillas/1963?,20141023042329,single-source
piratas_quebradillas,2015,capture_year,widget,starting_five,,Tyler Wilkerson,given_first,203,F,,27,1988,,,,,,114822,http://basketball.latinbasket.com/player/Tyler_Wilkerson/Puerto-Rico/Piratas_de_Quebradillas/114822,full,latinbasket,http://basketball.latinbasket.com:80/team/Puerto-Rico/Piratas_de_Quebradillas/20147,20150416045639,single-source
piratas_quebradillas,2015,capture_year,widget,starting_five,,Malcolm Thomas,given_first,206,F,,27,1988,,,,,,136981,http://basketball.latinbasket.com/player/Malcolm_Thomas/Puerto-Rico/Piratas_de_Quebradillas/136981,full,latinbasket,http://basketball.latinbasket.com:80/team/Puerto-Rico/Piratas_de_Quebradillas/20147,20150416045639,single-source
piratas_quebradillas,2015,capture_year,widget,starting_five,,Angelo Reyes,given_first,205,F/C,,34,1981,,,,,,55083,http://basketball.latinbasket.com/player/Angelo_Reyes/Puerto-Rico/Piratas_de_Quebradillas/55083,full,latinbasket,http://basketball.latinbasket.com:80/team/Puerto-Rico/Piratas_de_Quebradillas/20147,20150416045639,single-source
piratas_quebradillas,2015,capture_year,widget,starting_five,,Eniel Polynice,given_first,195,G,,27,1988,,,,,,116785,http://basketball.latinbasket.com/player/Eniel_Polynice/Puerto-Rico/Piratas_de_Quebradillas/116785,full,latinbasket,http://basketball.latinbasket.com:80/team/Puerto-Rico/Piratas_de_Quebradillas/20147,20150416045639,single-source
piratas_quebradillas,2015,capture_year,widget,starting_five,,Ansel Guzman,given_first,174,PG,,31,1984,,,,,,76116,http://basketball.latinbasket.com/player/Ansel_Guzman/Puerto-Rico/Piratas_de_Quebradillas/76116,full,latinbasket,http://basketball.latinbasket.com:80/team/Puerto-Rico/Piratas_de_Quebradillas/20147,20150416045639,single-source
piratas_quebradillas,2015,capture_year,widget,reserve,,Luis Ramirez,given_first,,,,,,,,,,,111380,http://basketball.latinbasket.com/player/Luis_Ramirez/Puerto-Rico/Piratas_de_Quebradillas/111380,full,latinbasket,http://basketball.latinbasket.com:80/team/Puerto-Rico/Piratas_de_Quebradillas/20147,20150416045639,single-source
piratas_quebradillas,2015,capture_year,widget,reserve,,William Orozco,given_first,201,F,,30,1985,,,,,,47366,http://basketball.latinbasket.com/player/William_Orozco/Puerto-Rico/Piratas_de_Quebradillas/47366,full,latinbasket,http://basketball.latinbasket.com:80/team/Puerto-Rico/Piratas_de_Quebradillas/20147,20150416045639,single-source
piratas_quebradillas,2015,capture_year,widget,reserve,,Orin O'Bryant,given_first,211,C,,28,1987,,,,,,208258,http://basketball.latinbasket.com/player/Orin_OBryant/Puerto-Rico/Piratas_de_Quebradillas/208258,full,latinbasket,http://basketball.latinbasket.com:80/team/Puerto-Rico/Piratas_de_Quebradillas/20147,20150416045639,single-source
piratas_quebradillas,2015,capture_year,widget,reserve,,Paul Graham,given_first,196,SG,,30,1985,,,,,,90694,http://basketball.latinbasket.com/player/Paul_Graham/Puerto-Rico/Piratas_de_Quebradillas/90694,full,latinbasket,http://basketball.latinbasket.com:80/team/Puerto-Rico/Piratas_de_Quebradillas/20147,20150416045639,single-source
piratas_quebradillas,2015,capture_year,widget,reserve,,Ron Howard,given_first,196,G,,33,1982,,,,,,4639,http://basketball.latinbasket.com/player/Ron_Howard/Puerto-Rico/Piratas_de_Quebradillas/4639,full,latinbasket,http://basketball.latinbasket.com:80/team/Puerto-Rico/Piratas_de_Quebradillas/20147,20150416045639,single-source
piratas_quebradillas,2016,capture_year,widget,starting_five,9,Christian Dalmau,given_first,194,G,,38,1978,,,,,,9323,http://basketball.latinbasket.com/player/Christian-Dalmau/Puerto-Rico/Piratas-de-Quebradillas/9323,full,latinbasket,http://basketball.latinbasket.com:80/team/Puerto-Rico/Piratas-de-Quebradillas/20147,20160712151212,single-source
piratas_quebradillas,2016,capture_year,widget,reserve,24,Richard Chaney,given_first,196,G,,32,1984,,,,,,52053,http://basketball.latinbasket.com/player/Richard-Chaney/Puerto-Rico/Piratas-de-Quebradillas/52053,full,latinbasket,http://basketball.latinbasket.com:80/team/Puerto-Rico/Piratas-de-Quebradillas/20147,20160712151212,single-source
piratas_quebradillas,2016,capture_year,widget,starting_five,4,Carmelo Lee,given_first,201,F,,39,1977,,,,,,49026,http://basketball.latinbasket.com/player/Carmelo-Lee/Puerto-Rico/Piratas-de-Quebradillas/49026,full,latinbasket,http://basketball.latinbasket.com:80/team/Puerto-Rico/Piratas-de-Quebradillas/20147,20160712151212,single-source
piratas_quebradillas,2016,capture_year,widget,reserve,32,Jordan Glynn,given_first,200,F,,27,1989,,,,,,189546,http://basketball.latinbasket.com/player/Jordan-Glynn/Puerto-Rico/Piratas-de-Quebradillas/189546,full,latinbasket,http://basketball.latinbasket.com:80/team/Puerto-Rico/Piratas-de-Quebradillas/20147,20160712151212,single-source
piratas_quebradillas,2016,capture_year,widget,starting_five,10,Jorge Bryan Diaz,given_first,210,C,,26,1990,,,,,,188753,http://basketball.latinbasket.com/player/Jorge-Bryan-Diaz/Puerto-Rico/Piratas-de-Quebradillas/188753,full,latinbasket,http://basketball.latinbasket.com:80/team/Puerto-Rico/Piratas-de-Quebradillas/20147,20160712151212,single-source
piratas_quebradillas,2016,capture_year,widget,reserve,33,Angel Garcia,given_first,209,C,,28,1988,,,,,,77454,http://basketball.latinbasket.com/player/Angel-Garcia/Puerto-Rico/Piratas-de-Quebradillas/77454,full,latinbasket,http://basketball.latinbasket.com:80/team/Puerto-Rico/Piratas-de-Quebradillas/20147,20160712151212,single-source
piratas_quebradillas,2016,capture_year,widget,starting_five,10,Elias Ayuso,given_first,190,SG,,39,1977,,,,,,5792,http://basketball.latinbasket.com/player/Elias-Ayuso/Puerto-Rico/Piratas-de-Quebradillas/5792,full,latinbasket,http://basketball.latinbasket.com:80/team/Puerto-Rico/Piratas-de-Quebradillas/20147,20160712151212,single-source
piratas_quebradillas,2016,capture_year,widget,reserve,25,Yudniel Perez,given_first,189,G,,32,1984,,,,,,72750,http://basketball.latinbasket.com/player/Yudniel-Perez/Puerto-Rico/Piratas-de-Quebradillas/72750,full,latinbasket,http://basketball.latinbasket.com:80/team/Puerto-Rico/Piratas-de-Quebradillas/20147,20160712151212,single-source
piratas_quebradillas,2016,capture_year,widget,starting_five,,Jared Ruiz,given_first,188,,,23,1993,,,,,,,,partial,latinbasket,http://basketball.latinbasket.com:80/team/Puerto-Rico/Piratas-de-Quebradillas/20147,20160712151212,single-source
piratas_quebradillas,2016,capture_year,widget,starting_five,,Robert Vega,given_first,188,,,22,1994,,,,,,,,partial,latinbasket,http://basketball.latinbasket.com:80/team/Puerto-Rico/Piratas-de-Quebradillas/20147,20160712151212,single-source
piratas_quebradillas,2016,capture_year,widget,starting_five,12,Kevin Lisch,given_first,188,G,,30,1986,,,,,,91843,http://basketball.latinbasket.com/player/Kevin-Lisch/Puerto-Rico/Piratas-de-Quebradillas/91843,full,latinbasket,http://basketball.latinbasket.com:80/team/Puerto-Rico/Piratas-de-Quebradillas/20147,20160712151212,single-source
piratas_quebradillas,2016,capture_year,widget,reserve,20,Ernesto Rodriguez,given_first,178,G,,25,1991,,,,,,336584,http://basketball.latinbasket.com/player/Ernesto-Rodriguez/Puerto-Rico/Piratas-de-Quebradillas/336584,full,latinbasket,http://basketball.latinbasket.com:80/team/Puerto-Rico/Piratas-de-Quebradillas/20147,20160712151212,single-source
piratas_quebradillas,2016,capture_year,widget,starting_five,,Brian Rosario,given_first,180,,,20,1996,,,,,,,,partial,latinbasket,http://basketball.latinbasket.com:80/team/Puerto-Rico/Piratas-de-Quebradillas/20147,20160712151212,single-source
piratas_quebradillas,2017,capture_year,flat_age,roster,44,Javier Mojica,given_first,190,SG,,33,1984,,17,17,Defensor,,,"javascript:aFP('46640','Mojica Javier');",full,latinbasket,http://basketball.latinbasket.com/team/Puerto-Rico/Piratas_de_Quebradillas/20147?Page=1,20171105001102,single-source
piratas_quebradillas,2017,capture_year,flat_age,roster,24,Richard Chaney,given_first,196,G,,33,1984,,17,17,Bigua,,,"javascript:aFP('52053','Chaney Richard');",full,latinbasket,http://basketball.latinbasket.com/team/Puerto-Rico/Piratas_de_Quebradillas/20147?Page=1,20171105001102,single-source
piratas_quebradillas,2017,capture_year,flat_age,roster,27,Ernesto Rodriguez,given_first,178,G,,26,1991,,16,17,Guaynabo,,,"javascript:aFP('336584','Rodriguez Ernesto');",full,latinbasket,http://basketball.latinbasket.com/team/Puerto-Rico/Piratas_de_Quebradillas/20147?Page=1,20171105001102,single-source
piratas_quebradillas,2017,capture_year,flat_age,roster,7,Jonathan Garcia,given_first,183,G,,29,1988,,17,17,Ponce,,,"javascript:aFP('101328','Garcia Jonathan');",full,latinbasket,http://basketball.latinbasket.com/team/Puerto-Rico/Piratas_de_Quebradillas/20147?Page=1,20171105001102,single-source
piratas_quebradillas,2017,capture_year,flat_age,roster,6,Joel Gierbolini,given_first,203,F,,27,1990,,17,17,Isabela,,,"javascript:aFP('162245','Gierbolini Joel');",full,latinbasket,http://basketball.latinbasket.com/team/Puerto-Rico/Piratas_de_Quebradillas/20147?Page=1,20171105001102,single-source
piratas_quebradillas,2017,capture_year,flat_age,roster,10,Giovanni Jimenez,given_first,187,PG,,35,1982,,17,17,Mayaguez,,,"javascript:aFP('17288','Jimenez Giovanni');",full,latinbasket,http://basketball.latinbasket.com/team/Puerto-Rico/Piratas_de_Quebradillas/20147?Page=1,20171105001102,single-source
piratas_quebradillas,2017,capture_year,flat_age,roster,13,Angel Rosa-Clemente,given_first,206,F/C,,33,1984,,17,17,Brujos Izalco,,,"javascript:aFP('48960','Rosa-Clemente Angel');",full,latinbasket,http://basketball.latinbasket.com/team/Puerto-Rico/Piratas_de_Quebradillas/20147?Page=1,20171105001102,single-source
piratas_quebradillas,2017,capture_year,flat_age,roster,22,Brian Rosario,given_first,180,G,,21,1996,,16,17,Junior Team,,,"javascript:aFP('391316','Rosario Brian');",full,latinbasket,http://basketball.latinbasket.com/team/Puerto-Rico/Piratas_de_Quebradillas/20147?Page=1,20171105001102,single-source
piratas_quebradillas,2018,capture_year,widget,starting_five,12,Alejandro Carmona,given_first,194,G/F,,35,1983,,,,,,40944,https://basketball.latinbasket.com/player/Alejandro-Carmona/Puerto-Rico/Piratas-de-Quebradillas/40944,full,latinbasket,https://basketball.latinbasket.com/team/Puerto-Rico/Piratas-de-Quebradillas/20147,20181012123815,single-source
piratas_quebradillas,2018,capture_year,widget,reserve,7,Jonathan Garcia,given_first,183,G,,30,1988,,,,,,101328,https://basketball.latinbasket.com/player/Jonathan-Garcia/Puerto-Rico/Piratas-de-Quebradillas/101328,full,latinbasket,https://basketball.latinbasket.com/team/Puerto-Rico/Piratas-de-Quebradillas/20147,20181012123815,single-source
piratas_quebradillas,2018,capture_year,widget,starting_five,,Reyshawn Terry,given_first,203,F,,34,1984,,,,,,89701,https://basketball.latinbasket.com/player/Reyshawn-Terry/Puerto-Rico/Piratas-de-Quebradillas/89701,full,latinbasket,https://basketball.latinbasket.com/team/Puerto-Rico/Piratas-de-Quebradillas/20147,20181012123815,single-source
piratas_quebradillas,2018,capture_year,widget,reserve,15,Luis Hernandez,given_first,198,F,,30,1988,,,,,,194771,https://basketball.latinbasket.com/player/Luis-Hernandez/Puerto-Rico/Piratas-de-Quebradillas/194771,full,latinbasket,https://basketball.latinbasket.com/team/Puerto-Rico/Piratas-de-Quebradillas/20147,20181012123815,single-source
piratas_quebradillas,2018,capture_year,widget,starting_five,,Angel Alamo,given_first,206,,,33,1985,,,,,,,,partial,latinbasket,https://basketball.latinbasket.com/team/Puerto-Rico/Piratas-de-Quebradillas/20147,20181012123815,single-source
piratas_quebradillas,2018,capture_year,widget,starting_five,12,Jorge Bryan Diaz,given_first,210,C,,28,1990,,,,,,188753,https://basketball.latinbasket.com/player/Jorge-Bryan-Diaz/Puerto-Rico/Piratas-de-Quebradillas/188753,full,latinbasket,https://basketball.latinbasket.com/team/Puerto-Rico/Piratas-de-Quebradillas/20147,20181012123815,single-source
piratas_quebradillas,2018,capture_year,widget,reserve,18,Tyler Polo,given_first,201,F,,31,1987,,,,,,123826,https://basketball.latinbasket.com/player/Tyler-Polo/Puerto-Rico/Piratas-de-Quebradillas/123826,full,latinbasket,https://basketball.latinbasket.com/team/Puerto-Rico/Piratas-de-Quebradillas/20147,20181012123815,single-source
piratas_quebradillas,2018,capture_year,widget,starting_five,5,Michael Rosario,given_first,190,SG,,27,1991,,,,,,163356,https://basketball.latinbasket.com/player/Michael-Rosario/Puerto-Rico/Piratas-de-Quebradillas/163356,full,latinbasket,https://basketball.latinbasket.com/team/Puerto-Rico/Piratas-de-Quebradillas/20147,20181012123815,single-source
piratas_quebradillas,2018,capture_year,widget,reserve,22,Ricardo Melendez,given_first,179,SG,,35,1983,,,,,,55073,https://basketball.latinbasket.com/player/Ricardo-Melendez/Puerto-Rico/Piratas-de-Quebradillas/55073,full,latinbasket,https://basketball.latinbasket.com/team/Puerto-Rico/Piratas-de-Quebradillas/20147,20181012123815,single-source
piratas_quebradillas,2018,capture_year,widget,starting_five,1,Corey Fisher,given_first,186,PG,,30,1988,,,,,,136179,https://basketball.latinbasket.com/player/Corey-Fisher/Puerto-Rico/Piratas-de-Quebradillas/136179,full,latinbasket,https://basketball.latinbasket.com/team/Puerto-Rico/Piratas-de-Quebradillas/20147,20181012123815,single-source
piratas_quebradillas,2018,capture_year,widget,reserve,27,Ernesto Rodriguez,given_first,178,G,,27,1991,,,,,,336584,https://basketball.latinbasket.com/player/Ernesto-Rodriguez/Puerto-Rico/Piratas-de-Quebradillas/336584,full,latinbasket,https://basketball.latinbasket.com/team/Puerto-Rico/Piratas-de-Quebradillas/20147,20181012123815,single-source
piratas_quebradillas,2019,capture_year,widget,starting_five,12,Alejandro Carmona,given_first,194,G/F,,36,1983,,,,,,40944,https://basketball.latinbasket.com/player/Alejandro-Carmona/Puerto-Rico/Piratas-de-Quebradillas/40944,full,latinbasket,https://basketball.latinbasket.com/team/Puerto-Rico/Piratas-de-Quebradillas/20147,20190721090530,single-source
piratas_quebradillas,2019,capture_year,widget,starting_five,15,Luis Hernandez,given_first,206,F,,31,1988,,,,,,194771,https://basketball.latinbasket.com/player/Luis-Hernandez/Puerto-Rico/Piratas-de-Quebradillas/194771,full,latinbasket,https://basketball.latinbasket.com/team/Puerto-Rico/Piratas-de-Quebradillas/20147,20190721090530,single-source
piratas_quebradillas,2019,capture_year,widget,reserve,19,Erick Rosado,given_first,203,F,,21,1998,,,,,,437022,https://basketball.latinbasket.com/player/Erick-Rosado/Puerto-Rico/Piratas-de-Quebradillas/437022,full,latinbasket,https://basketball.latinbasket.com/team/Puerto-Rico/Piratas-de-Quebradillas/20147,20190721090530,single-source
piratas_quebradillas,2019,capture_year,widget,starting_five,21,Jorge Bryan Diaz,given_first,210,C,,29,1990,,,,,,188753,https://basketball.latinbasket.com/player/Jorge-Bryan-Diaz/Puerto-Rico/Piratas-de-Quebradillas/188753,full,latinbasket,https://basketball.latinbasket.com/team/Puerto-Rico/Piratas-de-Quebradillas/20147,20190721090530,single-source
piratas_quebradillas,2019,capture_year,widget,starting_five,5,Michael Rosario,given_first,190,SG,,28,1991,,,,,,163356,https://basketball.latinbasket.com/player/Michael-Rosario/Puerto-Rico/Piratas-de-Quebradillas/163356,full,latinbasket,https://basketball.latinbasket.com/team/Puerto-Rico/Piratas-de-Quebradillas/20147,20190721090530,single-source
piratas_quebradillas,2019,capture_year,widget,starting_five,9,Melo Trimble,given_first,190,G,,24,1995,,,,,,329242,https://basketball.latinbasket.com/player/Melo-Trimble/Puerto-Rico/Piratas-de-Quebradillas/329242,full,latinbasket,https://basketball.latinbasket.com/team/Puerto-Rico/Piratas-de-Quebradillas/20147,20190721090530,single-source
piratas_quebradillas,2019,capture_year,widget,reserve,14,Alexis Colon,given_first,196,F/G,,26,1993,,,,,,222232,https://basketball.latinbasket.com/player/Alexis-Colon/Puerto-Rico/Piratas-de-Quebradillas/222232,full,latinbasket,https://basketball.latinbasket.com/team/Puerto-Rico/Piratas-de-Quebradillas/20147,20190721090530,single-source
piratas_quebradillas,2019,capture_year,widget,reserve,25,Cady Lalanne,given_first,208,C,,27,1992,,,,,,234911,https://basketball.latinbasket.com/player/Cady-Lalanne/Puerto-Rico/Piratas-de-Quebradillas/234911,full,latinbasket,https://basketball.latinbasket.com/team/Puerto-Rico/Piratas-de-Quebradillas/20147,20190721090530,single-source
piratas_quebradillas,2019,capture_year,widget,reserve,42,Alex Franklin,given_first,198,G/F,,31,1988,,,,,,116307,https://basketball.latinbasket.com/player/Alex-Franklin/Puerto-Rico/Piratas-de-Quebradillas/116307,full,latinbasket,https://basketball.latinbasket.com/team/Puerto-Rico/Piratas-de-Quebradillas/20147,20190721090530,single-source
piratas_quebradillas,2019,capture_year,widget,reserve,0,Tu Holloway,given_first,183,G,,29,1990,,,,,,162790,https://basketball.latinbasket.com/player/Tu-Holloway/Puerto-Rico/Piratas-de-Quebradillas/162790,full,latinbasket,https://basketball.latinbasket.com/team/Puerto-Rico/Piratas-de-Quebradillas/20147,20190721090530,single-source
santeros_aguada,2016,year_param,flat_bo,roster,,De Jesus Jezreel,surname_first,185,G,91,,,,,,,,326703,http://basketball.latinbasket.com/player/Jezreel-De-Jesus/Puerto Rico/Santeros-de-Aguada/326703,full,latinbasket,http://basketball.latinbasket.com:80/team/Puerto-Rico/Santeros-de-Aguada/1976?Year=2016,20160517211325,single-source
santeros_aguada,2016,year_param,flat_bo,roster,2,Mendoza Rigoberto,surname_first,190,G,92,,,,,,,,297398,http://basketball.latinbasket.com/player/Rigoberto-Mendoza/Puerto Rico/Santeros-de-Aguada/297398,full,latinbasket,http://basketball.latinbasket.com:80/team/Puerto-Rico/Santeros-de-Aguada/1976?Year=2016,20160517211325,single-source
santeros_aguada,2016,year_param,flat_bo,roster,,Clavell Gilberto,surname_first,200,F,89,,,,,,,,107442,http://basketball.latinbasket.com/player/Gilberto-Clavell/Dominican Republic/Santeros-de-Aguada/107442,full,latinbasket,http://basketball.latinbasket.com:80/team/Puerto-Rico/Santeros-de-Aguada/1976?Year=2016,20160517211325,single-source
santeros_aguada,2016,year_param,flat_bo,roster,15,Hernandez Luis,surname_first,198,F,88,,,,,,,,194771,http://basketball.latinbasket.com/player/Luis-Hernandez/Puerto Rico/Santeros-de-Aguada/194771,full,latinbasket,http://basketball.latinbasket.com:80/team/Puerto-Rico/Santeros-de-Aguada/1976?Year=2016,20160517211325,single-source
santeros_aguada,2016,year_param,flat_bo,roster,11,Abreu Alex,surname_first,180,PG,91,,,,,,,,204263,http://basketball.latinbasket.com/player/Alex-Abreu/Puerto Rico/Santeros-de-Aguada/204263,full,latinbasket,http://basketball.latinbasket.com:80/team/Puerto-Rico/Santeros-de-Aguada/1976?Year=2016,20160517211325,single-source
santeros_aguada,2016,year_param,flat_bo,roster,4,Byars Derrick,surname_first,201,G/F,84,,,,,,,,45659,http://basketball.latinbasket.com/player/Derrick-Byars/Puerto Rico/Santeros-de-Aguada/45659,full,latinbasket,http://basketball.latinbasket.com:80/team/Puerto-Rico/Santeros-de-Aguada/1976?Year=2016,20160517211325,single-source
santeros_aguada,2016,year_param,flat_bo,roster,22,Portalatin Wayne,surname_first,208,C,87,,,,,,,,136464,http://basketball.latinbasket.com/player/Wayne-Portalatin/Ivory Coast/Santeros-de-Aguada/136464,full,latinbasket,http://basketball.latinbasket.com:80/team/Puerto-Rico/Santeros-de-Aguada/1976?Year=2016,20160517211325,single-source
santeros_aguada,2016,year_param,flat_bo,roster,12,Belardo Gabriel,surname_first,188,G,89,,,,,,,,163382,http://basketball.latinbasket.com/player/Gabriel-Belardo/Puerto Rico/Santeros-de-Aguada/163382,full,latinbasket,http://basketball.latinbasket.com:80/team/Puerto-Rico/Santeros-de-Aguada/1976?Year=2016,20160517211325,single-source
santeros_aguada,2016,year_param,flat_bo,roster,24,Guitian Jose,surname_first,207,F,87,,,,,,,,174062,http://basketball.latinbasket.com/player/Jose-Guitian/USA/Santeros-de-Aguada/174062,full,latinbasket,http://basketball.latinbasket.com:80/team/Puerto-Rico/Santeros-de-Aguada/1976?Year=2016,20160517211325,single-source
santeros_aguada,2016,year_param,flat_bo,roster,21,Behanan Chane,surname_first,198,F,92,,,,,,,,182824,http://basketball.latinbasket.com/player/Chane-Behanan/Puerto Rico/Santeros-de-Aguada/182824,full,latinbasket,http://basketball.latinbasket.com:80/team/Puerto-Rico/Santeros-de-Aguada/1976?Year=2016,20160517211325,single-source
santeros_aguada,2016,year_param,flat_bo,roster,6,Martinez Carlos,surname_first,191,G,88,,,,,,,,107437,http://basketball.latinbasket.com/player/Carlos-Martinez/USA/Santeros-de-Aguada/107437,full,latinbasket,http://basketball.latinbasket.com:80/team/Puerto-Rico/Santeros-de-Aguada/1976?Year=2016,20160517211325,single-source
santeros_aguada,2016,year_param,flat_bo,roster,8,Figueroa Carlos Manual,surname_first,202,F,81,,,,,,,,40656,http://basketball.latinbasket.com/player/Carlos-Manual-Figueroa/Puerto Rico/Santeros-de-Aguada/40656,full,latinbasket,http://basketball.latinbasket.com:80/team/Puerto-Rico/Santeros-de-Aguada/1976?Year=2016,20160517211325,single-source
santeros_aguada,2016,year_param,flat_bo,roster,10,Fernandez Tjader,surname_first,178,PG,94,,,,,,,,387838,http://basketball.latinbasket.com/player/Tjader-Fernandez/Puerto Rico/Santeros-de-Aguada/387838,full,latinbasket,http://basketball.latinbasket.com:80/team/Puerto-Rico/Santeros-de-Aguada/1976?Year=2016,20160517211325,single-source
santeros_aguada,2016,year_param,flat_bo,roster,30,Matos Jorge,surname_first,185,G,92,,,,,,,,387839,http://basketball.latinbasket.com/player/Jorge-Matos/Puerto Rico/Santeros-de-Aguada/387839,full,latinbasket,http://basketball.latinbasket.com:80/team/Puerto-Rico/Santeros-de-Aguada/1976?Year=2016,20160517211325,single-source
santeros_aguada,2016,year_param,flat_bo,roster,32,Cruz Solla Jose,surname_first,201,F,92,,,,,,,,387840,http://basketball.latinbasket.com/player/Jose-Cruz-Solla/Puerto Rico/Santeros-de-Aguada/387840,full,latinbasket,http://basketball.latinbasket.com:80/team/Puerto-Rico/Santeros-de-Aguada/1976?Year=2016,20160517211325,single-source
santeros_aguada,2017,capture_year,flat_age,roster,10,Raul Orta,given_first,196,G,,32,1985,,17,17,Marinos,,,"javascript:aFP('47349','Orta Raul');",full,latinbasket,http://basketball.latinbasket.com/team/Puerto-Rico/Santeros_de_Aguada/1976?Page=1,20171115063608,single-source
santeros_aguada,2017,capture_year,flat_age,roster,35,Matt Lopez,given_first,213,C,,25,1992,,17,17,Yamagata,,,"javascript:aFP('202106','Lopez Matt');",full,latinbasket,http://basketball.latinbasket.com/team/Puerto-Rico/Santeros_de_Aguada/1976?Page=1,20171115063608,single-source
santeros_aguada,2017,capture_year,flat_age,roster,4,Tjader Fernandez,given_first,178,PG,,23,1994,,16,17,San German,,,"javascript:aFP('387838','Fernandez Tjader');",full,latinbasket,http://basketball.latinbasket.com/team/Puerto-Rico/Santeros_de_Aguada/1976?Page=1,20171115063608,single-source
santeros_aguada,2017,capture_year,flat_age,roster,30,Jorge Matos,given_first,185,G,,25,1992,,16,17,Junior Team,,,"javascript:aFP('387839','Matos Jorge');",full,latinbasket,http://basketball.latinbasket.com/team/Puerto-Rico/Santeros_de_Aguada/1976?Page=1,20171115063608,single-source
santeros_aguada,2017,capture_year,flat_age,roster,14,Gilberto Clavell,given_first,200,F,,28,1989,,17,17,Galil Gilboa,,,"javascript:aFP('107442','Clavell Gilberto');",full,latinbasket,http://basketball.latinbasket.com/team/Puerto-Rico/Santeros_de_Aguada/1976?Page=1,20171115063608,single-source
santeros_aguada,2017,capture_year,flat_age,roster,45,Owens Perez,given_first,203,F,,25,1992,,17,17,Santurce,,,"javascript:aFP('201969','Perez Owens');",full,latinbasket,http://basketball.latinbasket.com/team/Puerto-Rico/Santeros_de_Aguada/1976?Page=1,20171115063608,single-source
santeros_aguada,2018,capture_year,widget,starting_five,30,Carlos Emory,given_first,196,F,,26,1992,,,,,,213573,https://basketball.latinbasket.com/player/Carlos-Emory/Puerto-Rico/Santeros-de-Aguada/213573,full,latinbasket,https://basketball.latinbasket.com/team/Puerto-Rico/Santeros-de-Aguada/1976,20181012124014,single-source
santeros_aguada,2018,capture_year,widget,reserve,45,Owens Perez,given_first,203,F,,26,1992,,,,,,201969,https://basketball.latinbasket.com/player/Owens-Perez/Puerto-Rico/Santeros-de-Aguada/201969,full,latinbasket,https://basketball.latinbasket.com/team/Puerto-Rico/Santeros-de-Aguada/1976,20181012124014,single-source
santeros_aguada,2018,capture_year,widget,starting_five,33,Christopher Gaston,given_first,201,PF,,29,1989,,,,,,187613,https://basketball.latinbasket.com/player/Christopher-Gaston/Puerto-Rico/Santeros-de-Aguada/187613,full,latinbasket,https://basketball.latinbasket.com/team/Puerto-Rico/Santeros-de-Aguada/1976,20181012124014,single-source
santeros_aguada,2018,capture_year,widget,starting_five,35,Matt Lopez,given_first,213,C,,26,1992,,,,,,202106,https://basketball.latinbasket.com/player/Matt-Lopez/Puerto-Rico/Santeros-de-Aguada/202106,full,latinbasket,https://basketball.latinbasket.com/team/Puerto-Rico/Santeros-de-Aguada/1976,20181012124014,single-source
santeros_aguada,2018,capture_year,widget,reserve,12,Yancy Gates,given_first,206,C/F,,29,1989,,,,,,163197,https://basketball.latinbasket.com/player/Yancy-Gates/Puerto-Rico/Santeros-de-Aguada/163197,full,latinbasket,https://basketball.latinbasket.com/team/Puerto-Rico/Santeros-de-Aguada/1976,20181012124014,single-source
santeros_aguada,2018,capture_year,widget,starting_five,14,Gilberto Clavell,given_first,200,F,,29,1989,,,,,,107442,https://basketball.latinbasket.com/player/Gilberto-Clavell/Puerto-Rico/Santeros-de-Aguada/107442,full,latinbasket,https://basketball.latinbasket.com/team/Puerto-Rico/Santeros-de-Aguada/1976,20181012124014,single-source
santeros_aguada,2018,capture_year,widget,reserve,7,Francis Jonathan Han,given_first,185,PG,,31,1987,,,,,,90622,https://basketball.latinbasket.com/player/Francis-Jonathan-Han/Puerto-Rico/Santeros-de-Aguada/90622,full,latinbasket,https://basketball.latinbasket.com/team/Puerto-Rico/Santeros-de-Aguada/1976,20181012124014,single-source
santeros_aguada,2018,capture_year,widget,starting_five,2,Kevin Maura,given_first,173,PG,,23,1995,,,,,,394445,https://basketball.latinbasket.com/player/Kevin-Maura/Puerto-Rico/Santeros-de-Aguada/394445,full,latinbasket,https://basketball.latinbasket.com/team/Puerto-Rico/Santeros-de-Aguada/1976,20181012124014,single-source
santeros_aguada,2018,capture_year,widget,reserve,10,Ansel Guzman,given_first,174,PG,,34,1984,,,,,,76116,https://basketball.latinbasket.com/player/Ansel-Guzman/Puerto-Rico/Santeros-de-Aguada/76116,full,latinbasket,https://basketball.latinbasket.com/team/Puerto-Rico/Santeros-de-Aguada/1976,20181012124014,single-source
santeros_aguada,2019,capture_year,widget,starting_five,10,John Holland,given_first,195,F/G,,30,1989,,,,,,135574,https://basketball.latinbasket.com/player/John-Holland/Puerto-Rico/Santeros-de-Aguada/135574,full,latinbasket,https://basketball.latinbasket.com/team/Puerto-Rico/Santeros-de-Aguada/1976,20190721090536,single-source
santeros_aguada,2019,capture_year,widget,starting_five,33,Christopher Gaston,given_first,201,PF,,30,1989,,,,,,187613,https://basketball.latinbasket.com/player/Christopher-Gaston/Puerto-Rico/Santeros-de-Aguada/187613,full,latinbasket,https://basketball.latinbasket.com/team/Puerto-Rico/Santeros-de-Aguada/1976,20190721090536,single-source
santeros_aguada,2019,capture_year,widget,starting_five,50,Joseph Jones,given_first,206,C/F,,33,1986,,,,,,65084,https://basketball.latinbasket.com/player/Joseph-Jones/Puerto-Rico/Santeros-de-Aguada/65084,full,latinbasket,https://basketball.latinbasket.com/team/Puerto-Rico/Santeros-de-Aguada/1976,20190721090536,single-source
santeros_aguada,2019,capture_year,widget,starting_five,13,Jonathan Rodriguez,given_first,196,G/F,,31,1988,,,,,,115163,https://basketball.latinbasket.com/player/Jonathan-Rodriguez/Puerto-Rico/Santeros-de-Aguada/115163,full,latinbasket,https://basketball.latinbasket.com/team/Puerto-Rico/Santeros-de-Aguada/1976,20190721090536,single-source
santeros_aguada,2019,capture_year,widget,starting_five,2,Rigoberto Mendoza,given_first,190,G,,27,1992,,,,,,297398,https://basketball.latinbasket.com/player/Rigoberto-Mendoza/Puerto-Rico/Santeros-de-Aguada/297398,full,latinbasket,https://basketball.latinbasket.com/team/Puerto-Rico/Santeros-de-Aguada/1976,20190721090536,single-source
santeros_aguada,2019,capture_year,widget,reserve,15,Nathanael Santiago,given_first,201,F,,20,1999,,,,,,436991,https://basketball.latinbasket.com/player/Nathanael-Santiago/Puerto-Rico/Santeros-de-Aguada/436991,full,latinbasket,https://basketball.latinbasket.com/team/Puerto-Rico/Santeros-de-Aguada/1976,20190721090536,single-source
santeros_aguada,2019,capture_year,widget,reserve,17,Gabriel Ruiz,given_first,198,F/C,,35,1984,,,,,,118930,https://basketball.latinbasket.com/player/Gabriel-Ruiz/Puerto-Rico/Santeros-de-Aguada/118930,full,latinbasket,https://basketball.latinbasket.com/team/Puerto-Rico/Santeros-de-Aguada/1976,20190721090536,single-source
santeros_aguada,2019,capture_year,widget,reserve,32,Ricardo Sanchez,given_first,212,PF,,32,1987,,,,,,41221,https://basketball.latinbasket.com/player/Ricardo-Sanchez/Puerto-Rico/Santeros-de-Aguada/41221,full,latinbasket,https://basketball.latinbasket.com/team/Puerto-Rico/Santeros-de-Aguada/1976,20190721090536,single-source
santeros_aguada,2019,capture_year,widget,reserve,23,Tyquan Rolon,given_first,190,G,,24,1995,,,,,,330427,https://basketball.latinbasket.com/player/Tyquan-Rolon/Puerto-Rico/Santeros-de-Aguada/330427,full,latinbasket,https://basketball.latinbasket.com/team/Puerto-Rico/Santeros-de-Aguada/1976,20190721090536,single-source
santeros_aguada,2019,capture_year,widget,reserve,7,Kevin Maura,given_first,173,PG,,23,1996,,,,,,394445,https://basketball.latinbasket.com/player/Kevin-Maura/Puerto-Rico/Santeros-de-Aguada/394445,full,latinbasket,https://basketball.latinbasket.com/team/Puerto-Rico/Santeros-de-Aguada/1976,20190721090536,single-source
vaqueros_bayamon,2013,capture_year,widget,starting_five,,Omar Alvarado,given_first,180,PG,,30,1983,,,,,,55079,http://basketball.latinbasket.com/player/Omar_Alvarado/Puerto-Rico/Vaqueros_de_Bayamon/55079,full,latinbasket,http://basketball.latinbasket.com:80/team/Puerto-Rico/Vaqueros_de_Bayamon/1677,20131122110707,single-source
vaqueros_bayamon,2013,capture_year,widget,starting_five,,Javier Mojica,given_first,190,G,,29,1984,,,,,,46640,http://basketball.latinbasket.com/player/Javier_Mojica/Puerto-Rico/Vaqueros_de_Bayamon/46640,full,latinbasket,http://basketball.latinbasket.com:80/team/Puerto-Rico/Vaqueros_de_Bayamon/1677,20131122110707,single-source
vaqueros_bayamon,2013,capture_year,widget,starting_five,,Luis Hernandez,given_first,198,F,,25,1988,,,,,,197717,http://basketball.latinbasket.com/player/Luis_Hernandez/Puerto-Rico/Vaqueros_de_Bayamon/197717,full,latinbasket,http://basketball.latinbasket.com:80/team/Puerto-Rico/Vaqueros_de_Bayamon/1677,20131122110707,single-source
vaqueros_bayamon,2013,capture_year,widget,starting_five,,Raymond Barbosa,given_first,188,G,,29,1984,,,,,,32098,http://basketball.latinbasket.com/player/Raymond_Barbosa/Puerto-Rico/Vaqueros_de_Bayamon/32098,full,latinbasket,http://basketball.latinbasket.com:80/team/Puerto-Rico/Vaqueros_de_Bayamon/1677,20131122110707,single-source
vaqueros_bayamon,2013,capture_year,widget,starting_five,,Ryann Abraham,given_first,178,PG,,26,1987,,,,,,71460,http://basketball.latinbasket.com/player/Ryann_Abraham/Puerto-Rico/Vaqueros_de_Bayamon/71460,full,latinbasket,http://basketball.latinbasket.com:80/team/Puerto-Rico/Vaqueros_de_Bayamon/1677,20131122110707,single-source
vaqueros_bayamon,2013,capture_year,widget,reserve,,David Imes,given_first,201,F,,24,1989,,,,,,187883,http://basketball.latinbasket.com/player/David_Imes/Puerto-Rico/Vaqueros_de_Bayamon/187883,full,latinbasket,http://basketball.latinbasket.com:80/team/Puerto-Rico/Vaqueros_de_Bayamon/1677,20131122110707,single-source
vaqueros_bayamon,2013,capture_year,widget,reserve,,Alphonse Dyer,given_first,213,F/C,,28,1985,,,,,,54205,http://basketball.latinbasket.com/player/Alphonse_Dyer/Puerto-Rico/Vaqueros_de_Bayamon/54205,full,latinbasket,http://basketball.latinbasket.com:80/team/Puerto-Rico/Vaqueros_de_Bayamon/1677,20131122110707,single-source
vaqueros_bayamon,2014,capture_year,photo_strip,teaser,,Larry Ayuso,given_first,,,,,,,,,,,5792,http://basketball.latinbasket.com/player/Larry_Ayuso/Puerto-Rico/Vaqueros_de_Bayamon/5792,partial,latinbasket,http://basketball.latinbasket.com:80/team/Puerto-Rico/Vaqueros_de_Bayamon/1677,20141220231707,single-source
vaqueros_bayamon,2014,capture_year,photo_strip,teaser,,Kleon Penn,given_first,,,,,,,,,,,109587,http://basketball.latinbasket.com/player/Kleon_Penn/Puerto-Rico/Vaqueros_de_Bayamon/109587,partial,latinbasket,http://basketball.latinbasket.com:80/team/Puerto-Rico/Vaqueros_de_Bayamon/1677,20141220231707,single-source
vaqueros_bayamon,2014,capture_year,photo_strip,teaser,,Filiberto Rivera,given_first,,,,,,,,,,,23572,http://basketball.latinbasket.com/player/Filiberto_Rivera/Puerto-Rico/Vaqueros_de_Bayamon/23572,partial,latinbasket,http://basketball.latinbasket.com:80/team/Puerto-Rico/Vaqueros_de_Bayamon/1677,20141220231707,single-source
vaqueros_bayamon,2014,capture_year,photo_strip,teaser,,Gary Wilkinson,given_first,,,,,,,,,,,105729,http://basketball.latinbasket.com/player/Gary_Wilkinson/Puerto-Rico/Vaqueros_de_Bayamon/105729,partial,latinbasket,http://basketball.latinbasket.com:80/team/Puerto-Rico/Vaqueros_de_Bayamon/1677,20141220231707,single-source
vaqueros_bayamon,2014,capture_year,photo_strip,teaser,,Ryann Abraham,given_first,,,,,,,,,,,71460,http://basketball.latinbasket.com/player/Ryann_Abraham/Puerto-Rico/Vaqueros_de_Bayamon/71460,partial,latinbasket,http://basketball.latinbasket.com:80/team/Puerto-Rico/Vaqueros_de_Bayamon/1677,20141220231707,single-source
vaqueros_bayamon,2015,year_param,flat_bo,roster,13,McGhee Aaron,surname_first,203,F/C,79,,,,,,,36280,,http://www.eurobasket.com/player.asp?Cntry=PUR&PlayerID=36280,full,latinbasket,http://basketball.latinbasket.com:80/team/Puerto-Rico/Vaqueros-de-Bayamon/1677?Year=2015,20160517223025,single-source
vaqueros_bayamon,2015,year_param,flat_bo,roster,42,Valencia Florentino,surname_first,196,F,85,,,,,,,61752,,http://www.eurobasket.com/player.asp?Cntry=PUR&PlayerID=61752,full,latinbasket,http://basketball.latinbasket.com:80/team/Puerto-Rico/Vaqueros-de-Bayamon/1677?Year=2015,20160517223025,single-source
vaqueros_bayamon,2015,year_param,flat_bo,roster,55,Williams Terrence,surname_first,198,F/G,87,,,,,,,99073,,http://www.eurobasket.com/player.asp?Cntry=PUR&PlayerID=99073,full,latinbasket,http://basketball.latinbasket.com:80/team/Puerto-Rico/Vaqueros-de-Bayamon/1677?Year=2015,20160517223025,single-source
vaqueros_bayamon,2015,year_param,flat_bo,roster,0,Vinales Kyle,surname_first,185,G,92,,,,,,,233279,,http://www.eurobasket.com/player.asp?Cntry=PUR&PlayerID=233279,full,latinbasket,http://basketball.latinbasket.com:80/team/Puerto-Rico/Vaqueros-de-Bayamon/1677?Year=2015,20160517223025,single-source
vaqueros_bayamon,2015,year_param,flat_bo,roster,32,Santiago Eddin 'Guayito',surname_first,185,G,79,,,,,,,9563,,http://www.eurobasket.com/player.asp?Cntry=PUR&PlayerID=9563,full,latinbasket,http://basketball.latinbasket.com:80/team/Puerto-Rico/Vaqueros-de-Bayamon/1677?Year=2015,20160517223025,single-source
vaqueros_bayamon,2015,year_param,flat_bo,roster,50,Penn Kleon,surname_first,213,C,86,,,,,,,109587,,http://www.eurobasket.com/player.asp?Cntry=PUR&PlayerID=109587,full,latinbasket,http://basketball.latinbasket.com:80/team/Puerto-Rico/Vaqueros-de-Bayamon/1677?Year=2015,20160517223025,single-source
vaqueros_bayamon,2015,year_param,flat_bo,roster,18,Polo Tyler,surname_first,201,F,,,,,,,,123826,,http://www.eurobasket.com/player.asp?Cntry=PUR&PlayerID=123826,full,latinbasket,http://basketball.latinbasket.com:80/team/Puerto-Rico/Vaqueros-de-Bayamon/1677?Year=2015,20160517223025,single-source
vaqueros_bayamon,2015,year_param,flat_bo,roster,,Tucker Dar,surname_first,193,SF,88,,,,,,,135949,,http://www.eurobasket.com/player.asp?Cntry=PUR&PlayerID=135949,full,latinbasket,http://basketball.latinbasket.com:80/team/Puerto-Rico/Vaqueros-de-Bayamon/1677?Year=2015,20160517223025,single-source
vaqueros_bayamon,2015,year_param,flat_bo,roster,45,Garcia Charles,surname_first,208,F,88,,,,,,,189436,,http://www.eurobasket.com/player.asp?Cntry=PUR&PlayerID=189436,full,latinbasket,http://basketball.latinbasket.com:80/team/Puerto-Rico/Vaqueros-de-Bayamon/1677?Year=2015,20160517223025,single-source
vaqueros_bayamon,2015,year_param,flat_bo,roster,24,Villegas Samuel,surname_first,198,G/F,83,,,,,,,20450,,http://www.eurobasket.com/player.asp?Cntry=PUR&PlayerID=20450,full,latinbasket,http://basketball.latinbasket.com:80/team/Puerto-Rico/Vaqueros-de-Bayamon/1677?Year=2015,20160517223025,single-source
vaqueros_bayamon,2015,year_param,flat_bo,roster,23,Abraham Ryann,surname_first,178,PG,87,,,,,,,71460,,http://www.eurobasket.com/player.asp?Cntry=PUR&PlayerID=71460,full,latinbasket,http://basketball.latinbasket.com:80/team/Puerto-Rico/Vaqueros-de-Bayamon/1677?Year=2015,20160517223025,single-source
vaqueros_bayamon,2015,year_param,flat_bo,roster,20,Morales Eric,surname_first,,,,,,,,,,362829,,http://www.eurobasket.com/player.asp?Cntry=PUR&PlayerID=362829,full,latinbasket,http://basketball.latinbasket.com:80/team/Puerto-Rico/Vaqueros-de-Bayamon/1677?Year=2015,20160517223025,single-source
vaqueros_bayamon,2016,capture_year,widget,starting_five,23,Francisco Garcia,given_first,201,F/G,,34,1982,,,,,,52702,http://basketball.latinbasket.com/player/Francisco-Garcia/Puerto-Rico/Vaqueros-de-Bayamon/52702,full,latinbasket,http://basketball.latinbasket.com:80/team/Puerto-Rico/Vaqueros-de-Bayamon/1677,20160918155639,single-source
vaqueros_bayamon,2016,capture_year,widget,reserve,10,Jesse Pellot-Rosa,given_first,193,G,,32,1984,,,,,,50790,http://basketball.latinbasket.com/player/Jesse-Pellot-Rosa/Puerto-Rico/Vaqueros-de-Bayamon/50790,full,latinbasket,http://basketball.latinbasket.com:80/team/Puerto-Rico/Vaqueros-de-Bayamon/1677,20160918155639,single-source
vaqueros_bayamon,2016,capture_year,widget,starting_five,1,Jeleel Akindele,given_first,216,C,,33,1983,,,,,,63756,http://basketball.latinbasket.com/player/Jeleel-Akindele/Puerto-Rico/Vaqueros-de-Bayamon/63756,full,latinbasket,http://basketball.latinbasket.com:80/team/Puerto-Rico/Vaqueros-de-Bayamon/1677,20160918155639,single-source
vaqueros_bayamon,2016,capture_year,widget,reserve,24,Samuel Villegas,given_first,198,G/F,,33,1983,,,,,,20450,http://basketball.latinbasket.com/player/Samuel-Villegas/Puerto-Rico/Vaqueros-de-Bayamon/20450,full,latinbasket,http://basketball.latinbasket.com:80/team/Puerto-Rico/Vaqueros-de-Bayamon/1677,20160918155639,single-source
vaqueros_bayamon,2016,capture_year,widget,starting_five,,Tyler Polo,given_first,201,,,29,1987,,,,,,,,partial,latinbasket,http://basketball.latinbasket.com:80/team/Puerto-Rico/Vaqueros-de-Bayamon/1677,20160918155639,single-source
vaqueros_bayamon,2016,capture_year,widget,starting_five,36,Peter Ramos,given_first,222,C,,31,1985,,,,,,41355,http://basketball.latinbasket.com/player/Peter-Ramos/Puerto-Rico/Vaqueros-de-Bayamon/41355,full,latinbasket,http://basketball.latinbasket.com:80/team/Puerto-Rico/Vaqueros-de-Bayamon/1677,20160918155639,single-source
vaqueros_bayamon,2016,capture_year,widget,reserve,42,Alex Franklin,given_first,198,G/F,,28,1988,,,,,,116307,http://basketball.latinbasket.com/player/Alex-Franklin/Puerto-Rico/Vaqueros-de-Bayamon/116307,full,latinbasket,http://basketball.latinbasket.com:80/team/Puerto-Rico/Vaqueros-de-Bayamon/1677,20160918155639,single-source
vaqueros_bayamon,2016,capture_year,widget,starting_five,,Orin O'Bryant,given_first,211,,,28,1988,,,,,,,,partial,latinbasket,http://basketball.latinbasket.com:80/team/Puerto-Rico/Vaqueros-de-Bayamon/1677,20160918155639,single-source
vaqueros_bayamon,2016,capture_year,widget,starting_five,7,Miguel Ali Berdiel,given_first,198,G,,32,1984,,,,,,17283,http://basketball.latinbasket.com/player/Miguel-Ali-Berdiel/Puerto-Rico/Vaqueros-de-Bayamon/17283,full,latinbasket,http://basketball.latinbasket.com:80/team/Puerto-Rico/Vaqueros-de-Bayamon/1677,20160918155639,single-source
vaqueros_bayamon,2016,capture_year,widget,reserve,2,Clay Tucker,given_first,196,G,,36,1980,,,,,,33531,http://basketball.latinbasket.com/player/Clay-Tucker/Puerto-Rico/Vaqueros-de-Bayamon/33531,full,latinbasket,http://basketball.latinbasket.com:80/team/Puerto-Rico/Vaqueros-de-Bayamon/1677,20160918155639,single-source
vaqueros_bayamon,2016,capture_year,widget,starting_five,8,Andres Torres,given_first,177,PG,,27,1989,,,,,,107908,http://basketball.latinbasket.com/player/Andres-Torres/Puerto-Rico/Vaqueros-de-Bayamon/107908,full,latinbasket,http://basketball.latinbasket.com:80/team/Puerto-Rico/Vaqueros-de-Bayamon/1677,20160918155639,single-source
vaqueros_bayamon,2016,capture_year,widget,reserve,13,Jorge Sanabria,given_first,191,G,,22,1994,,,,,,362893,http://basketball.latinbasket.com/player/Jorge-Sanabria/Puerto-Rico/Vaqueros-de-Bayamon/362893,full,latinbasket,http://basketball.latinbasket.com:80/team/Puerto-Rico/Vaqueros-de-Bayamon/1677,20160918155639,single-source
vaqueros_bayamon,2016,capture_year,widget,starting_five,,Victor Carattini,given_first,170,,,24,1992,,,,,,,,partial,latinbasket,http://basketball.latinbasket.com:80/team/Puerto-Rico/Vaqueros-de-Bayamon/1677,20160918155639,single-source
vaqueros_bayamon,2017,capture_year,flat_age,roster,11,Christian Dalmau,given_first,194,G,,40,1977,,17,17,Quebradillas,,,"javascript:aFP('9323','Dalmau Christian');",full,latinbasket,http://basketball.latinbasket.com/team/Puerto-Rico/Vaqueros_de_Bayamon/1677?Page=1,20171104223840,single-source
vaqueros_bayamon,2017,capture_year,flat_age,roster,68,Javier Gonzalez,given_first,185,PG,,28,1989,,16,17,Maccabi Ashdod,,,"javascript:aFP('136599','Gonzalez Javier');",full,latinbasket,http://basketball.latinbasket.com/team/Puerto-Rico/Vaqueros_de_Bayamon/1677?Page=1,20171104223840,single-source
vaqueros_bayamon,2017,capture_year,flat_age,roster,22,Johwen Villegas,given_first,193,F,,32,1985,,17,17,Trouville,,,"javascript:aFP('64961','Villegas Johwen');",full,latinbasket,http://basketball.latinbasket.com/team/Puerto-Rico/Vaqueros_de_Bayamon/1677?Page=1,20171104223840,single-source
vaqueros_bayamon,2017,capture_year,flat_age,roster,2,Frankie Ramos,given_first,,,,,,,17,17,Guayama,,,"javascript:aFP('222228','Ramos Frankie');",full,latinbasket,http://basketball.latinbasket.com/team/Puerto-Rico/Vaqueros_de_Bayamon/1677?Page=1,20171104223840,single-source
vaqueros_bayamon,2017,capture_year,flat_age,roster,13,Jorge Sanabria,given_first,191,G,,24,1993,,17,17,Santos,,,"javascript:aFP('362893','Sanabria Jorge');",full,latinbasket,http://basketball.latinbasket.com/team/Puerto-Rico/Vaqueros_de_Bayamon/1677?Page=1,20171104223840,single-source
vaqueros_bayamon,2017,capture_year,flat_age,roster,25,Johanel Caraballo,given_first,196,C,,,,,17,17,NW Kansas Tech '13,,,"javascript:aFP('295532','Caraballo Johanel');",full,latinbasket,http://basketball.latinbasket.com/team/Puerto-Rico/Vaqueros_de_Bayamon/1677?Page=1,20171104223840,single-source
vaqueros_bayamon,2017,capture_year,flat_age,roster,0,Orin O'Bryant,given_first,211,C,,30,1987,,16,17,Quebradillas,,,"javascript:aFP('208258','O'Bryant Orin');",full,latinbasket,http://basketball.latinbasket.com/team/Puerto-Rico/Vaqueros_de_Bayamon/1677?Page=1,20171104223840,single-source
vaqueros_bayamon,2018,capture_year,widget,starting_five,7,Damion James,given_first,201,F,,31,1987,,,,,,107450,https://basketball.latinbasket.com/player/Damion-James/Puerto-Rico/Vaqueros-de-Bayamon/107450,full,latinbasket,https://basketball.latinbasket.com/team/Puerto-Rico/Vaqueros-de-Bayamon/1677,20181012124041,single-source
vaqueros_bayamon,2018,capture_year,widget,reserve,2,Benjamin Colon,given_first,201,F,,33,1985,,,,,,114397,https://basketball.latinbasket.com/player/Benjamin-Colon/Puerto-Rico/Vaqueros-de-Bayamon/114397,full,latinbasket,https://basketball.latinbasket.com/team/Puerto-Rico/Vaqueros-de-Bayamon/1677,20181012124041,single-source
vaqueros_bayamon,2018,capture_year,widget,starting_five,22,Benito Santiago,given_first,198,F,,29,1989,,,,,,170587,https://basketball.latinbasket.com/player/Benito-Santiago/Puerto-Rico/Vaqueros-de-Bayamon/170587,full,latinbasket,https://basketball.latinbasket.com/team/Puerto-Rico/Vaqueros-de-Bayamon/1677,20181012124041,single-source
vaqueros_bayamon,2018,capture_year,widget,reserve,19,Alexander Galindo,given_first,200,PF,,33,1985,,,,,,55082,https://basketball.latinbasket.com/player/Alexander-Galindo/Puerto-Rico/Vaqueros-de-Bayamon/55082,full,latinbasket,https://basketball.latinbasket.com/team/Puerto-Rico/Vaqueros-de-Bayamon/1677,20181012124041,single-source
vaqueros_bayamon,2018,capture_year,widget,starting_five,6,Ikechukwu Diogu,given_first,204,F/C,,35,1983,,,,,,36470,https://basketball.latinbasket.com/player/Ikechukwu-Diogu/Puerto-Rico/Vaqueros-de-Bayamon/36470,full,latinbasket,https://basketball.latinbasket.com/team/Puerto-Rico/Vaqueros-de-Bayamon/1677,20181012124041,single-source
vaqueros_bayamon,2018,capture_year,widget,reserve,31,Christian Soto,given_first,203,F,,30,1988,,,,,,90298,https://basketball.latinbasket.com/player/Christian-Soto/Puerto-Rico/Vaqueros-de-Bayamon/90298,full,latinbasket,https://basketball.latinbasket.com/team/Puerto-Rico/Vaqueros-de-Bayamon/1677,20181012124041,single-source
vaqueros_bayamon,2018,capture_year,widget,starting_five,44,Javier Mojica,given_first,190,SG,,34,1984,,,,,,46640,https://basketball.latinbasket.com/player/Javier-Mojica/Puerto-Rico/Vaqueros-de-Bayamon/46640,full,latinbasket,https://basketball.latinbasket.com/team/Puerto-Rico/Vaqueros-de-Bayamon/1677,20181012124041,single-source
vaqueros_bayamon,2018,capture_year,widget,reserve,1,Joseph Soto,given_first,190,G,,25,1993,,,,,,340918,https://basketball.latinbasket.com/player/Joseph-Soto/Puerto-Rico/Vaqueros-de-Bayamon/340918,full,latinbasket,https://basketball.latinbasket.com/team/Puerto-Rico/Vaqueros-de-Bayamon/1677,20181012124041,single-source
vaqueros_bayamon,2018,capture_year,widget,starting_five,6,Javier Gonzalez,given_first,185,PG,,29,1989,,,,,,136599,https://basketball.latinbasket.com/player/Javier-Gonzalez/Puerto-Rico/Vaqueros-de-Bayamon/136599,full,latinbasket,https://basketball.latinbasket.com/team/Puerto-Rico/Vaqueros-de-Bayamon/1677,20181012124041,single-source
vaqueros_bayamon,2018,capture_year,widget,reserve,14,Victor Carattini,given_first,170,G,,26,1992,,,,,,355586,https://basketball.latinbasket.com/player/Victor-Carattini/Puerto-Rico/Vaqueros-de-Bayamon/355586,full,latinbasket,https://basketball.latinbasket.com/team/Puerto-Rico/Vaqueros-de-Bayamon/1677,20181012124041,single-source
vaqueros_bayamon,2019,capture_year,widget,starting_five,22,Benito Santiago,given_first,198,F,,30,1989,,,,,,170587,https://basketball.latinbasket.com/player/Benito-Santiago/Puerto-Rico/Vaqueros-de-Bayamon/170587,full,latinbasket,https://basketball.latinbasket.com/team/Puerto-Rico/Vaqueros-de-Bayamon/1677,20190701050249,single-source
vaqueros_bayamon,2019,capture_year,widget,reserve,13,Angel Rodriguez,given_first,193,F,,26,1993,,,,,,392423,https://basketball.latinbasket.com/player/Angel-Rodriguez/Puerto-Rico/Vaqueros-de-Bayamon/392423,full,latinbasket,https://basketball.latinbasket.com/team/Puerto-Rico/Vaqueros-de-Bayamon/1677,20190701050249,single-source
vaqueros_bayamon,2019,capture_year,widget,starting_five,,Ismael Romero,given_first,203,C,,28,1991,,,,,,225319,https://basketball.latinbasket.com/player/Ismael-Romero/Puerto-Rico/Vaqueros-de-Bayamon/225319,full,latinbasket,https://basketball.latinbasket.com/team/Puerto-Rico/Vaqueros-de-Bayamon/1677,20190701050249,single-source
vaqueros_bayamon,2019,capture_year,widget,starting_five,11,Greg Smith,given_first,208,C,,28,1991,,,,,,189871,https://basketball.latinbasket.com/player/Greg-Smith/Puerto-Rico/Vaqueros-de-Bayamon/189871,full,latinbasket,https://basketball.latinbasket.com/team/Puerto-Rico/Vaqueros-de-Bayamon/1677,20190701050249,single-source
vaqueros_bayamon,2019,capture_year,widget,starting_five,44,Javier Mojica,given_first,190,SG,,34,1985,,,,,,46640,https://basketball.latinbasket.com/player/Javier-Mojica/Puerto-Rico/Vaqueros-de-Bayamon/46640,full,latinbasket,https://basketball.latinbasket.com/team/Puerto-Rico/Vaqueros-de-Bayamon/1677,20190701050249,single-source
vaqueros_bayamon,2019,capture_year,widget,reserve,20,Alexis Negron,given_first,193,SG,,20,1999,,,,,,368828,https://basketball.latinbasket.com/player/Alexis-Negron/Puerto-Rico/Vaqueros-de-Bayamon/368828,full,latinbasket,https://basketball.latinbasket.com/team/Puerto-Rico/Vaqueros-de-Bayamon/1677,20190701050249,single-source
vaqueros_bayamon,2019,capture_year,widget,starting_five,7,Francis Jonathan Han,given_first,185,PG,,32,1987,,,,,,90622,https://basketball.latinbasket.com/player/Francis-Jonathan-Han/Puerto-Rico/Vaqueros-de-Bayamon/90622,full,latinbasket,https://basketball.latinbasket.com/team/Puerto-Rico/Vaqueros-de-Bayamon/1677,20190701050249,single-source
vaqueros_bayamon,2019,capture_year,widget,reserve,2,Benjamin Colon,given_first,201,F,,34,1985,,,,,,114397,https://basketball.latinbasket.com/player/Benjamin-Colon/Puerto-Rico/Vaqueros-de-Bayamon/114397,full,latinbasket,https://basketball.latinbasket.com/team/Puerto-Rico/Vaqueros-de-Bayamon/1677,20190701050249,single-source
vaqueros_bayamon,2019,capture_year,widget,reserve,8,Coty Clarke,given_first,201,F,,27,1992,,,,,,259226,https://basketball.latinbasket.com/player/Coty-Clarke/Puerto-Rico/Vaqueros-de-Bayamon/259226,full,latinbasket,https://basketball.latinbasket.com/team/Puerto-Rico/Vaqueros-de-Bayamon/1677,20190701050249,single-source
vaqueros_bayamon,2019,capture_year,widget,reserve,1,Joseph Soto,given_first,190,G,,26,1993,,,,,,340918,https://basketball.latinbasket.com/player/Joseph-Soto/Puerto-Rico/Vaqueros-de-Bayamon/340918,full,latinbasket,https://basketball.latinbasket.com/team/Puerto-Rico/Vaqueros-de-Bayamon/1677,20190701050249,single-source
