obs_source,player_raw,club_raw,season,candidate_ids,candidate_names,reason
historic_scoring_champions.csv,ANTHONY FARMER,PONCE,1999,171|172,"Farmer, Anthony | Farmer, Anthony","multiple name candidates, none corroborated by season"
player_season_stats_2001_2004.csv,"Ayala, A.",Gigantes de Carolina,2001,2895|48|77,"Ayala Serrano, Angel | Ayala De jesus, Alexander | Ayala Delgado, Amaury","multiple name candidates, none corroborated by season"
player_season_stats_2001_2004.csv,"Bocachica, C.",Toritos de Cayey,2002,356|358,"Bocachica, Cesar | Bocachica Salvador, Cesar Miguel","multiple name candidates, none corroborated by season"
player_season_stats_2001_2004.csv,"Camacho, L.",Polluelos de Aibonito,2001,1455|1538,"Camacho Perez, Louie yan | Camacho Rosado, Luis o.","multiple name candidates, none corroborated by season"
player_season_stats_2001_2004.csv,"Caraballo, J.",Maratonistas de Coamo,2001,1181|13122|13151|971,"Caraballo Sepulveda, Johnny | Caraballo Sepulveda, Jerome | Caraballo Ithier, Johanel | Caraballo Bardot, Jaime","multiple name candidates, none corroborated by season"
player_season_stats_2001_2004.csv,"Caraballo, J.",Maratonistas de Coamo,2003,1181|13122|13151|971,"Caraballo Sepulveda, Johnny | Caraballo Sepulveda, Jerome | Caraballo Ithier, Johanel | Caraballo Bardot, Jaime","multiple name candidates, none corroborated by season"
player_season_stats_2001_2004.csv,"Colon, A.",Criollos de Caguas,2001,100|125|2682,"Colon Medina, Angel | Colon, Angel l. | Colon, Alexis","multiple name candidates, none corroborated by season"
player_season_stats_2001_2004.csv,"Colon, A.",Criollos de Caguas,2002,100|125|2682,"Colon Medina, Angel | Colon, Angel l. | Colon, Alexis","multiple name candidates, none corroborated by season"
player_season_stats_2001_2004.csv,"Colon, F.",Piratas de Quebradillas,2001,711|737,"Colon Oquendo, Francisco | Colon Ortiz, Francisco","multiple name candidates, none corroborated by season"
player_season_leaders_2000_2002.csv,"Colon, Francisco",QUEBR,2002,711|737,"Colon Oquendo, Francisco | Colon Ortiz, Francisco","multiple name candidates, none corroborated by season"
player_season_leaders.csv,"Cruz, Alvin",Vaqueros,2020,73|74,"Cruz, Estadísticas Jugador | Cruz Torres, Alvin","multiple name candidates, none corroborated by season"
player_season_stats_2001_2004.csv,"Delgado, A.",Leones de Ponce,2001,155|177|178,"Delgado, Anibal | Delgado, Antonio | Delgado, Antonio","multiple name candidates, none corroborated by season"
player_season_stats_2001_2004.csv,"Diaz, R.",Maratonistas de Coamo,2002,1864|1917|1935|1951|2027|2051,"Diaz Russi, Rafael | Diaz Calderon, Ramon | Diaz, Ramon ernesto | Diaz Diaz, Ray | Diaz, Richie | Diaz Rios, Roberto","multiple name candidates, none corroborated by season"
historic_scoring_champions.csv,EDWIN PELLOT,ISABELA,1991,2388|553,"Pellot Rosa, Edwin | Pellot Rosa, Edwin","multiple name candidates, none corroborated by season"
player_season_stats_2001_2004.csv,"Farmer, A.",Criollos de Caguas,2001,171|172,"Farmer, Anthony | Farmer, Anthony","multiple name candidates, none corroborated by season"
player_season_stats_2001_2004.csv,"Farmer, A.",Maratonistas de Coamo,2003,171|172,"Farmer, Anthony | Farmer, Anthony","multiple name candidates, none corroborated by season"
player_season_leaders_2000_2002.csv,"Farmer, Tony",CAGUA,2001,171|172,"Farmer, Anthony | Farmer, Anthony","multiple name candidates, none corroborated by season"
player_season_stats_2001_2004.csv,"Fernandez, E.",Gigantes de Carolina,2002,1645|2034|463|620,"Fernandez Peña, Estadísticas Jugador | Fernandez, Estadísticas Jugador | Fernandez, Estadísticas Jugador | Fernandez, Erick","multiple name candidates, none corroborated by season"
player_season_stats_2001_2004.csv,"Garcia, E.",Indios de Mayaguez,2001,2075|2473|2487|2520|587|639|810|858,"Garcia Zayas, Estadísticas Jugador | Garcia, Estadísticas Jugador | Garcia Santos, Estadísticas Jugador | Garcia, Estadísticas Jugador | Garcia Rodriguez, Elmyr | Garcia, Esteban | Garcia Matta, Estadísticas Jugador | Garcia Lozada, Estadísticas Jugador","multiple name candidates, none corroborated by season"
player_season_stats_2001_2004.csv,"Garcia, E.",Indios de Mayaguez,2002,2075|2473|2487|2520|587|639|810|858,"Garcia Zayas, Estadísticas Jugador | Garcia, Estadísticas Jugador | Garcia Santos, Estadísticas Jugador | Garcia, Estadísticas Jugador | Garcia Rodriguez, Elmyr | Garcia, Esteban | Garcia Matta, Estadísticas Jugador | Garcia Lozada, Estadísticas Jugador","multiple name candidates, none corroborated by season"
player_season_stats_2001_2004.csv,"Garcia, E.",Cangrejeros de Santurce,2003,2075|2473|2487|2520|587|639|810|858,"Garcia Zayas, Estadísticas Jugador | Garcia, Estadísticas Jugador | Garcia Santos, Estadísticas Jugador | Garcia, Estadísticas Jugador | Garcia Rodriguez, Elmyr | Garcia, Esteban | Garcia Matta, Estadísticas Jugador | Garcia Lozada, Estadísticas Jugador","multiple name candidates, none corroborated by season"
player_season_stats_2001_2004.csv,"Gonzalez, J.",Piratas de Quebradillas,2001,1002|1006|1034|1122|1145|1189|1202|2513,"Gonzalez Sanchez, Jason j. | Gonzalez Otero, Javier | Gonzalez, Jesus | Gonzalez Aleman, Jorge javier | Gonzalez Carrasco, Jose | Gonzalez Rodriguez, Jose a. | Gonzalez, Jose a. | González López, Javier","multiple name candidates, none corroborated by season"
player_season_stats_2001_2004.csv,"Hernandez, J.",Polluelos de Aibonito,2001,1007|1044|1229|2806|997,"Hernandez Morales, Javier | Hernandez, Jesus r. | Hernandez Gonzalez, Jose horacio | Hernandez, Jonathan | Hernandez Hahn, Jason","multiple name candidates, none corroborated by season"
player_season_stats_2001_2004.csv,"Jackson, G.",Gigantes de Carolina,2002,822|823,"Jackson Quiñonez, Gregg | Jackson Quiñonez, Gregg","multiple name candidates, none corroborated by season"
player_season_stats_2001_2004.csv,"Johnson, D.",Cangrejeros de Santurce,2001,12924|13002|2431|2676,"Johnson, Daniel | Johnson, Dane | Johnson, Demarco | Johnson, Dalron Lamar","multiple name candidates, none corroborated by season"
player_season_leaders.csv,"Johnson, DeMarco",Vaqueros,2010,2430|2431,"Johnson, Estadísticas Jugador | Johnson, Demarco","multiple name candidates, none corroborated by season"
player_season_stats_2001_2004.csv,"Lopez, A.",Polluelos de Aibonito,2001,126|229|27|7|8,"Lopez Perez, Angel l. | Lopez, Arturo | Lopez Rosario, Alberto | Lopez Jaime, Adalberto | Lopez Arroyo, Adalberto","multiple name candidates, none corroborated by season"
player_season_stats_2001_2004.csv,"Lopez, A.",Capitanes de Arecibo,2002,126|229|27|7|8,"Lopez Perez, Angel l. | Lopez, Arturo | Lopez Rosario, Alberto | Lopez Jaime, Adalberto | Lopez Arroyo, Adalberto","multiple name candidates, none corroborated by season"
player_season_stats_2001_2004.csv,"Lopez, A.",Titanes de Morovis,2003,126|229|27|7|8,"Lopez Perez, Angel l. | Lopez, Arturo | Lopez Rosario, Alberto | Lopez Jaime, Adalberto | Lopez Arroyo, Adalberto","multiple name candidates, none corroborated by season"
player_season_stats_2001_2004.csv,"Lopez, J.",Cangrejeros de Santurce,2001,1090|1128|1199|1200|1276|1308|2396|2619|2712,"Lopez Clark, Jonas | Lopez Guzman, Jorge o. | Lopez Quiñones, Jose a. | Lopez Quiñones, Jose a. | Lopez Guzman, Jose raul | Lopez Velez, Juan | Lopez, Juan | Lopez, Jose Enrique | Lopez Lora, Jose R.","multiple name candidates, none corroborated by season"
player_season_stats_2001_2004.csv,"Lopez, J.",Gallitos de Isabela,2001,1090|1128|1199|1200|1276|1308|2396|2619|2712,"Lopez Clark, Jonas | Lopez Guzman, Jorge o. | Lopez Quiñones, Jose a. | Lopez Quiñones, Jose a. | Lopez Guzman, Jose raul | Lopez Velez, Juan | Lopez, Juan | Lopez, Jose Enrique | Lopez Lora, Jose R.","multiple name candidates, none corroborated by season"
player_season_stats_2001_2004.csv,"Marrero, R.",Titanes de Morovis,2001,1874|1921,"Marrero Colon, Rafael | Marrero, Ramon","multiple name candidates, none corroborated by season"
player_season_stats_2001_2004.csv,"Marrero, R.",Titanes de Morovis,2002,1874|1921,"Marrero Colon, Rafael | Marrero, Ramon","multiple name candidates, none corroborated by season"
player_season_stats_2001_2004.csv,"Martinez, C.",Titanes de Morovis,2001,2588|294|295|330,"Martinez, Carlos | Martinez Vega, Carlos | Martinez Vega, Carlos | Martinez Torres, Carlos b.","multiple name candidates, none corroborated by season"
player_season_stats_2001_2004.csv,"Martinez, C.",Leones de Ponce,2002,2588|294|295|330,"Martinez, Carlos | Martinez Vega, Carlos | Martinez Vega, Carlos | Martinez Torres, Carlos b.","multiple name candidates, none corroborated by season"
player_season_stats_2001_2004.csv,"Martinez, H.",Gallitos de Isabela,2002,844|900,"Martinez Saez, Harry | Martinez Ruiz, Hilario","multiple name candidates, none corroborated by season"
player_season_stats_2001_2004.csv,"Martinez, R.",Leones de Ponce,2001,1875|1876|1965,"Martinez, Rafael | Martinez Ruiz, Rafael | Martínez Rivera, Raymond","multiple name candidates, none corroborated by season"
player_season_stats_2001_2004.csv,"Martinez, R.",Titanes de Morovis,2002,1875|1876|1965,"Martinez, Rafael | Martinez Ruiz, Rafael | Martínez Rivera, Raymond","multiple name candidates, none corroborated by season"
player_season_stats_2001_2004.csv,"Matias, A.",Titanes de Morovis,2002,105|13066,"Matias, Angel | Matias De Leon, Angel L.","multiple name candidates, none corroborated by season"
player_season_stats_2001_2004.csv,"Melendez, F.",Indios de Mayaguez,2001,694|707,"Melendez, Fernando | Melendez, Flor jr.","multiple name candidates, none corroborated by season"
player_season_leaders.csv,"Melendez, Ricardo",Cariduros,2019,1994|1995,"Melendez Gautier, Ricardo | Melendez Huertas, Ricardo","multiple name candidates, none corroborated by season"
player_season_stats_2001_2004.csv,"Miller, I.",Maratonistas de Coamo,2001,925|926,"Miller Muriel, Isaac | Miller Muriel, Isaac","multiple name candidates, none corroborated by season"
player_season_stats_2001_2004.csv,"Miller, I.",Maratonistas de Coamo,2002,925|926,"Miller Muriel, Isaac | Miller Muriel, Isaac","multiple name candidates, none corroborated by season"
player_season_stats_2001_2004.csv,"Miller, I.",Maratonistas de Coamo,2003,925|926,"Miller Muriel, Isaac | Miller Muriel, Isaac","multiple name candidates, none corroborated by season"
player_season_stats_2001_2004.csv,"Miller, K.",Vaqueros de Bayamon,2001,1401|1402,"Miller, Kenneth | Miller, Kenneth","multiple name candidates, none corroborated by season"
player_season_stats_2001_2004.csv,"Montalvo, J.",Leones de Ponce,2001,1036|1057|1269,"Montalvo, Jesus | Montalvo, Joe | Montalvo Gaudino, Jose r.","multiple name candidates, none corroborated by season"
player_season_stats_2001_2004.csv,"Morales, A.",Piratas de Quebradillas,2001,12958|182|29|63,"Morales, Angel | Morales, Antonio | Morales Irizarry, Alberto | Morales Rivera, Alfredo","multiple name candidates, none corroborated by season"
player_season_stats_2001_2004.csv,"Morales, F.",Leones de Ponce,2001,2726|685,"Morales Soto, Ferdinand | Morales Martinez, Ferdinand","multiple name candidates, none corroborated by season"
player_season_stats_2001_2004.csv,"Morales, F.",Indios de Mayaguez,2002,2726|685,"Morales Soto, Ferdinand | Morales Martinez, Ferdinand","multiple name candidates, none corroborated by season"
player_season_leaders_2000_2002.csv,"Morales, Ferdinand",PONCE,2001,2726|685,"Morales Soto, Ferdinand | Morales Martinez, Ferdinand","multiple name candidates, none corroborated by season"
player_season_stats_2001_2004.csv,"Nieves, J.",Capitanes de Arecibo,2001,1175|13179|2375,"Nieves Rodriguez, Jose | Nieves Archibald, Juan C. | Nieves Perez, Joel","multiple name candidates, none corroborated by season"
player_season_stats_2001_2004.csv,"Nieves, J.",Criollos de Caguas,2001,1175|13179|2375,"Nieves Rodriguez, Jose | Nieves Archibald, Juan C. | Nieves Perez, Joel","multiple name candidates, none corroborated by season"
player_season_stats_2001_2004.csv,"Nieves, J.",Criollos de Caguas,2002,1175|13179|2375,"Nieves Rodriguez, Jose | Nieves Archibald, Juan C. | Nieves Perez, Joel","multiple name candidates, none corroborated by season"
player_season_leaders.csv,"Ortiz, Chris",Brujos,2021,13057|377,"Ortiz, Chris | Ortiz, Chris","multiple name candidates, none corroborated by season"
player_season_stats_2001_2004.csv,"Ortiz, J.",Cangrejeros de Santurce,2001,1153|1271|13257|2694|2722,"Ortiz Lleras, Jose | Ortiz Rijos, Jose Rafael | Ortiz Alicea, Jose | Ortiz, Johan | Ortiz, Jose","multiple name candidates, none corroborated by season"
player_season_stats_2001_2004.csv,"Ortiz, J.",Cangrejeros de Santurce,2003,1153|1271|13257|2694|2722,"Ortiz Lleras, Jose | Ortiz Rijos, Jose Rafael | Ortiz Alicea, Jose | Ortiz, Johan | Ortiz, Jose","multiple name candidates, none corroborated by season"
player_season_leaders_2000_2002.csv,"Ortiz, Jose",SANTU,2001,1153|1271|13257|2722,"Ortiz Lleras, Jose | Ortiz Rijos, Jose Rafael | Ortiz Alicea, Jose | Ortiz, Jose","multiple name candidates, none corroborated by season"
player_season_leaders_2000_2002.csv,"Ortiz, Jose",SANTU,2002,1153|1271|13257|2722,"Ortiz Lleras, Jose | Ortiz Rijos, Jose Rafael | Ortiz Alicea, Jose | Ortiz, Jose","multiple name candidates, none corroborated by season"
player_season_leaders.csv,"Ortiz, Jose",Gigantes,2021,1153|1271|13257|2722,"Ortiz Lleras, Jose | Ortiz Rijos, Jose Rafael | Ortiz Alicea, Jose | Ortiz, Jose","multiple name candidates, none corroborated by season"
player_season_stats_2001_2004.csv,"Ortiz, R.",Vaqueros de Bayamon,2001,1937|1969|1983|1999|2023|2068|2709,"Ortiz Morris, Ramon luis | Ortiz, Raymond | Ortiz, Reyes | Ortiz Espada, Ricardo | Ortiz, Richard | Ortiz Laboard, Roberto | Ortiz, Ricardo","multiple name candidates, none corroborated by season"
player_season_stats_2001_2004.csv,"Ortiz, R.",Indios de Mayaguez,2001,1937|1969|1983|1999|2023|2068|2709,"Ortiz Morris, Ramon luis | Ortiz, Raymond | Ortiz, Reyes | Ortiz Espada, Ricardo | Ortiz, Richard | Ortiz Laboard, Roberto | Ortiz, Ricardo","multiple name candidates, none corroborated by season"
player_season_stats_2001_2004.csv,"Ortiz, R.",Leones de Ponce,2002,1937|1969|1983|1999|2023|2068|2709,"Ortiz Morris, Ramon luis | Ortiz, Raymond | Ortiz, Reyes | Ortiz Espada, Ricardo | Ortiz, Richard | Ortiz Laboard, Roberto | Ortiz, Ricardo","multiple name candidates, none corroborated by season"
player_season_leaders.csv,"Pellot, Edwin",Gallitos,1986,2388|553,"Pellot Rosa, Edwin | Pellot Rosa, Edwin","multiple name candidates, none corroborated by season"
player_season_stats_2001_2004.csv,"Rivera, A.",Polluelos de Aibonito,2001,110|128|13176|192|20,"Rivera, Angel | Rivera Vazquez, Angel l. | Rivera Cuencas, Angel | Rivera, Antonio | Rivera, Ahmed","multiple name candidates, none corroborated by season"
player_season_stats_2001_2004.csv,"Rivera, A.",Criollos de Caguas,2001,110|128|13176|192|20,"Rivera, Angel | Rivera Vazquez, Angel l. | Rivera Cuencas, Angel | Rivera, Antonio | Rivera, Ahmed","multiple name candidates, none corroborated by season"
player_season_stats_2001_2004.csv,"Rivera, A.",Maratonistas de Coamo,2001,110|128|13176|192|20,"Rivera, Angel | Rivera Vazquez, Angel l. | Rivera Cuencas, Angel | Rivera, Antonio | Rivera, Ahmed","multiple name candidates, none corroborated by season"
player_season_stats_2001_2004.csv,"Rivera, A.",Criollos de Caguas,2002,110|128|13176|192|20,"Rivera, Angel | Rivera Vazquez, Angel l. | Rivera Cuencas, Angel | Rivera, Antonio | Rivera, Ahmed","multiple name candidates, none corroborated by season"
player_season_stats_2001_2004.csv,"Rivera, A.",Toritos de Cayey,2002,110|128|13176|192|20,"Rivera, Angel | Rivera Vazquez, Angel l. | Rivera Cuencas, Angel | Rivera, Antonio | Rivera, Ahmed","multiple name candidates, none corroborated by season"
player_season_stats_2001_2004.csv,"Rivera, D.",Brujos de Guayama,2001,420|421|456|458|484,"Rivera Cintron, Daniel | Rivera Desiderio, Daniel | Rivera Ramos, David | Rivera Rodriguez, David n. | Rivera Brown, Domingo","multiple name candidates, none corroborated by season"
player_season_leaders.csv,"Rivera, Felix",,1986,13223|674|675|682,"Rivera Vega, Félix | Rivera Martinez, Felix | Rivera Melendez, Felix | Rivera Mirabal, Felix Rene","multiple name candidates, none corroborated by season"
player_season_leaders.csv,"Rivera, Félix",Grises,2021,13223|674|675|682,"Rivera Vega, Félix | Rivera Martinez, Felix | Rivera Melendez, Felix | Rivera Mirabal, Felix Rene","multiple name candidates, none corroborated by season"
player_season_stats_2001_2004.csv,"Rivera, H.",Criollos de Caguas,2001,848|895,"Rivera Ortiz, Hecmar | Rivera Santiago, Heriberto","multiple name candidates, none corroborated by season"
player_season_stats_2001_2004.csv,"Rivera, H.",Gallitos de Isabela,2001,848|895,"Rivera Ortiz, Hecmar | Rivera Santiago, Heriberto","multiple name candidates, none corroborated by season"
player_season_stats_2001_2004.csv,"Rivera, L.",Maratonistas de Coamo,2001,13172|13288|13334|1494|1495|1542,"Rivera Beltrán, Luis | Rivera, Lonnie | Rivera Rosario, Luis A | Rivera, Luis | Rivera Sonfront, Luis | Rivera Gonzalez, Luis ramon","multiple name candidates, none corroborated by season"
player_season_stats_2001_2004.csv,"Rivera, R.",Capitanes de Arecibo,2001,13074|13218|1886|1955|1956|1957|1975|2069|2093|2117|2800,"Rivera Lozada, Rafael | Rivera Pagan, Robin | Rivera, Rafael | Rivera, Ray | Rivera, Ray | Rivera Pantojas, Ray | Rivera, Reinaldo | Rivera Cespedez, Roberto | Rivera Alvarez, Roman | Rivera, Rudy | Rivera, Rafael","multiple name candidates, none corroborated by season"
player_season_stats_2001_2004.csv,"Rivera, R.",Maratonistas de Coamo,2001,13074|13218|1886|1955|1956|1957|1975|2069|2093|2117|2800,"Rivera Lozada, Rafael | Rivera Pagan, Robin | Rivera, Rafael | Rivera, Ray | Rivera, Ray | Rivera Pantojas, Ray | Rivera, Reinaldo | Rivera Cespedez, Roberto | Rivera Alvarez, Roman | Rivera, Rudy | Rivera, Rafael","multiple name candidates, none corroborated by season"
player_season_stats_2001_2004.csv,"Rivera, R.",Maratonistas de Coamo,2002,13074|13218|1886|1955|1956|1957|1975|2069|2093|2117|2800,"Rivera Lozada, Rafael | Rivera Pagan, Robin | Rivera, Rafael | Rivera, Ray | Rivera, Ray | Rivera Pantojas, Ray | Rivera, Reinaldo | Rivera Cespedez, Roberto | Rivera Alvarez, Roman | Rivera, Rudy | Rivera, Rafael","multiple name candidates, none corroborated by season"
player_season_leaders.csv,"Robinson, Thomas",Cangrejeros,2021,13297|13304,"Robinson, Thomas | Robinson, Thomas","multiple name candidates, none corroborated by season"
player_season_stats_2001_2004.csv,"Rodriguez, I.",Capitanes de Arecibo,2001,917|943,"Rodriguez Archilla, Ignacio valentino | Rodriguez Hernandez, Israel","multiple name candidates, none corroborated by season"
player_season_stats_2001_2004.csv,"Rodriguez, J.",Vaqueros de Bayamon,2001,1009|1039|1085|1166|1192|1259|1270|12996|13055|13068|1319|1340|1343|1358|2516|2670|2698|2792|983,"Rodriguez Ortiz, Javier | Rodriguez Gonzalez, Jesus | Rodriguez Rios, Johnny | Rodriguez Franco, Jose | Rodriguez Gonzalez, Jose a. | Rodriguez Martinez, Jose n. | Rodriguez Rivera, Jose r. | Rodriguez, Joel | Rodriguez, Jose G. | Rodriguez Rivera, Joel M. | Rodriguez Jackson, Juan | Rodriguez Rodriguez, Juan eduardo | Rodriguez Alvarez, Juan j. | Rodriguez Garcia, Julian | Rodriguez, Jonathan | Rodriguez, Jorge | Rodriguez, Joey | Rodriguez, Jose Glenn | Rodriguez Maldonado, Jaime a.","multiple name candidates, none corroborated by season"
player_season_stats_2001_2004.csv,"Rodriguez, J.",Titanes de Morovis,2001,1009|1039|1085|1166|1192|1259|1270|12996|13055|13068|1319|1340|1343|1358|2516|2670|2698|2792|983,"Rodriguez Ortiz, Javier | Rodriguez Gonzalez, Jesus | Rodriguez Rios, Johnny | Rodriguez Franco, Jose | Rodriguez Gonzalez, Jose a. | Rodriguez Martinez, Jose n. | Rodriguez Rivera, Jose r. | Rodriguez, Joel | Rodriguez, Jose G. | Rodriguez Rivera, Joel M. | Rodriguez Jackson, Juan | Rodriguez Rodriguez, Juan eduardo | Rodriguez Alvarez, Juan j. | Rodriguez Garcia, Julian | Rodriguez, Jonathan | Rodriguez, Jorge | Rodriguez, Joey | Rodriguez, Jose Glenn | Rodriguez Maldonado, Jaime a.","multiple name candidates, none corroborated by season"
player_season_stats_2001_2004.csv,"Rodriguez, J.",Gigantes de Carolina,2002,1009|1039|1085|1166|1192|1259|1270|12996|13055|13068|1319|1340|1343|1358|2516|2670|2698|2792|983,"Rodriguez Ortiz, Javier | Rodriguez Gonzalez, Jesus | Rodriguez Rios, Johnny | Rodriguez Franco, Jose | Rodriguez Gonzalez, Jose a. | Rodriguez Martinez, Jose n. | Rodriguez Rivera, Jose r. | Rodriguez, Joel | Rodriguez, Jose G. | Rodriguez Rivera, Joel M. | Rodriguez Jackson, Juan | Rodriguez Rodriguez, Juan eduardo | Rodriguez Alvarez, Juan j. | Rodriguez Garcia, Julian | Rodriguez, Jonathan | Rodriguez, Jorge | Rodriguez, Joey | Rodriguez, Jose Glenn | Rodriguez Maldonado, Jaime a.","multiple name candidates, none corroborated by season"
player_season_stats_2001_2004.csv,"Rodriguez, M.",Titanes de Morovis,2001,13134|1559|1585|1653,"Rodriguez, Michael | Rodriguez Molina, Manuel | Rodriguez Flores, Mario e. | Rodriguez Deliz, Miguel","multiple name candidates, none corroborated by season"
player_season_stats_2001_2004.csv,"Rosario, J.",Brujos de Guayama,2001,1114|1167|1320|1348|1374|981,"Rosario, Jorge | Rosario, Jose | Rosario, Juan | Rosario Roman, Juan l. | Rosario, Julio | Rosario, Jaime","multiple name candidates, none corroborated by season"
player_season_stats_2001_2004.csv,"Rosario, J.",Gallitos de Isabela,2002,1114|1167|1320|1348|1374|981,"Rosario, Jorge | Rosario, Jose | Rosario, Juan | Rosario Roman, Juan l. | Rosario, Julio | Rosario, Jaime","multiple name candidates, none corroborated by season"
player_season_stats_2001_2004.csv,"Rosario, R.",Polluelos de Aibonito,2001,2008|2009|2114,"Rosario, Rich | Rosario, Rich | Rosario Amador, Ruben","multiple name candidates, none corroborated by season"
player_season_stats_2001_2004.csv,"Rosario, R.",Cangrejeros de Santurce,2001,2008|2009|2114,"Rosario, Rich | Rosario, Rich | Rosario Amador, Ruben","multiple name candidates, none corroborated by season"
player_season_stats_2001_2004.csv,"Sanchez, M.",Titanes de Morovis,2001,1581|1582|1656,"Sanchez Pares, Mario | Sanchez Rivera, Mario | Sanchez, Miguel","multiple name candidates, none corroborated by season"
player_season_stats_2001_2004.csv,"Santiago, J.",Titanes de Morovis,2002,12918|1338,"Santiago, Jeffrey | Santiago Gonzalez, Juan carlos","multiple name candidates, none corroborated by season"
player_season_stats_2001_2004.csv,"Santiago, M.",Titanes de Morovis,2001,1592|1683,"Santiago, Mark w. | Santiago Figueroa, Moises","multiple name candidates, none corroborated by season"
player_season_stats_2001_2004.csv,"Santiago, M.",Titanes de Morovis,2002,1592|1683,"Santiago, Mark w. | Santiago Figueroa, Moises","multiple name candidates, none corroborated by season"
player_season_stats_2001_2004.csv,"Santiago, R.",Brujos de Guayama,2001,1889|1930|2083,"Santiago, Rafael | Santiago, Ramon | Santiago, Rodolfo","multiple name candidates, none corroborated by season"
player_season_stats_2001_2004.csv,"Santiago, R.",Capitanes de Arecibo,2002,1889|1930|2083,"Santiago, Rafael | Santiago, Ramon | Santiago, Rodolfo","multiple name candidates, none corroborated by season"
player_season_stats_2001_2004.csv,"Santos, J.",Titanes de Morovis,2001,1169|1170|1198|1322,"Santos Lanzot, Jose | Santos Lanzot, Jose | Santos Garcia, Jose a. | Santos, Juan","multiple name candidates, none corroborated by season"
player_season_stats_2001_2004.csv,"Santos, J.",Titanes de Morovis,2002,1169|1170|1198|1322,"Santos Lanzot, Jose | Santos Lanzot, Jose | Santos Garcia, Jose a. | Santos, Juan","multiple name candidates, none corroborated by season"
player_season_leaders.csv,"Smith, Greg",Vaqueros,2019,12925|13199,"Smith, Greg | Smith, Greg","multiple name candidates, none corroborated by season"
player_season_leaders.csv,"Sosa, Isaac",Atleticos,2019,2818|2819,"Sosa Carrion, Isaac | Sosa Carrion, Isaac","multiple name candidates, none corroborated by season"
player_season_leaders.csv,"Sosa, Isaac",Cangrejeros,2021,2818|2819,"Sosa Carrion, Isaac | Sosa Carrion, Isaac","multiple name candidates, none corroborated by season"
player_season_stats_2001_2004.csv,"Soto, R.",Gigantes de Carolina,2002,2002|2909,"Soto Tirado, Ricardo | Soto Toro, Roberto J.","multiple name candidates, none corroborated by season"
player_season_stats_2001_2004.csv,"Strickland, M.",Gigantes de Carolina,2002,1587|1588,"Strickland, Mark | Strickland, Mark","multiple name candidates, none corroborated by season"
player_season_stats_2001_2004.csv,"Torres, D.",Polluelos de Aibonito,2001,459|480|490,"Torres, Dax | Torres, Diego | Torres, Douglas","multiple name candidates, none corroborated by season"
player_season_stats_2001_2004.csv,"Torres, G.",Gigantes de Carolina,2001,788|789|790,"Torres Dougherty, George | Torres Perez, George | Torres Rivera, George","multiple name candidates, none corroborated by season"
player_season_leaders.csv,"Torres, George",Cariduros,1986,788|789|790,"Torres Dougherty, George | Torres Perez, George | Torres Rivera, George","multiple name candidates, none corroborated by season"
player_season_stats_2001_2004.csv,"Travieso, C.",Vaqueros de Bayamon,2001,344|345|346|347,"Travieso Peña, Carmelo | Travieso Peña, Carmelo | Travieso Peña, Carmelo | Travieso Peña, Carmelo","multiple name candidates, none corroborated by season"
player_season_leaders_2000_2002.csv,"Travieso, Carmelo",BAYAM,2001,344|345|346|347,"Travieso Peña, Carmelo | Travieso Peña, Carmelo | Travieso Peña, Carmelo | Travieso Peña, Carmelo","multiple name candidates, none corroborated by season"
player_season_leaders_2000_2002.csv,"Travieso, Carmelo",BAYAM,2002,344|345|346|347,"Travieso Peña, Carmelo | Travieso Peña, Carmelo | Travieso Peña, Carmelo | Travieso Peña, Carmelo","multiple name candidates, none corroborated by season"
player_season_stats_2001_2004.csv,"Aponte, E.",Vaqueros de Bayamon,2001,1614|594,"Aponte Guzmán, Estadísticas Jugador | Aponte, Estadísticas Jugador",multiple players match name + season span
player_season_stats_2001_2004.csv,"Martinez, E.",Capitanes de Arecibo,2001,579|763|860,"Martinez, Estadísticas Jugador | Martinez Arroyo, Estadísticas Jugador | Martinez Canales, Estadísticas Jugador",multiple players match name + season span
player_season_stats_2001_2004.csv,"Padilla, E.",Vaqueros de Bayamon,2001,509|800,"Padilla Rivera, Estadísticas Jugador | Padilla Rivera, Estadísticas Jugador",multiple players match name + season span
player_season_stats_2001_2004.csv,"Rivera, E.",Gigantes de Carolina,2001,1214|1373|1948|236|320|49|578|755,"Rivera Martinez, Estadísticas Jugador | Rivera Maldonado, Estadísticas Jugador | Rivera Ramos, Estadísticas Jugador | Rivera Ortiz, Estadísticas Jugador | Rivera Camacho, Estadísticas Jugador | Rivera Cruz, Estadísticas Jugador | Rivera Lopez, Estadísticas Jugador | Rivera Palmer, Estadísticas Jugador",multiple players match name + season span
player_season_stats_2001_2004.csv,"Rodriguez, E.",Polluelos de Aibonito,2001,1284|624,"Rodriguez Rodriguez, Estadísticas Jugador | Rodriguez Mandes, Erick",multiple players match name + season span
player_season_stats_2001_2004.csv,"Rodriguez, E.",Maratonistas de Coamo,2001,1284|624,"Rodriguez Rodriguez, Estadísticas Jugador | Rodriguez Mandes, Erick",multiple players match name + season span
player_season_stats_2001_2004.csv,"Rodriguez, E.",Cangrejeros de Santurce,2003,1284|1339|624,"Rodriguez Rodriguez, Estadísticas Jugador | Rodriguez Colon, Estadísticas Jugador | Rodriguez Mandes, Erick",multiple players match name + season span
player_season_stats_2001_2004.csv,"Santiago, E.",Vaqueros de Bayamon,2001,1760|2000|411|502|555,"Santiago Cordero, Estadísticas Jugador | Santiago Acosta, Estadísticas Jugador | Santiago Semidey, Estadísticas Jugador | Santiago Cordero, Eddin | Santiago Rivera, Estadísticas Jugador",multiple players match name + season span
player_season_stats_2001_2004.csv,"Santiago, E.",Cangrejeros de Santurce,2001,1760|2000|411|502|555,"Santiago Cordero, Estadísticas Jugador | Santiago Acosta, Estadísticas Jugador | Santiago Semidey, Estadísticas Jugador | Santiago Cordero, Eddin | Santiago Rivera, Estadísticas Jugador",multiple players match name + season span
player_season_stats_2001_2004.csv,"Soto, E.",Indios de Mayaguez,2001,2021|651,"Soto Estrada, Estadísticas Jugador | Soto Diaz, Eugenio Felipe",multiple players match name + season span
player_season_stats_2001_2004.csv,"Soto, E.",Leones de Ponce,2001,2021|651,"Soto Estrada, Estadísticas Jugador | Soto Diaz, Eugenio Felipe",multiple players match name + season span
player_season_stats_2001_2004.csv,"Soto, E.",Titanes de Morovis,2001,2021|651,"Soto Estrada, Estadísticas Jugador | Soto Diaz, Eugenio Felipe",multiple players match name + season span
player_season_stats_2001_2004.csv,"Soto, E.",Titanes de Morovis,2002,2021|651,"Soto Estrada, Estadísticas Jugador | Soto Diaz, Eugenio Felipe",multiple players match name + season span
player_season_stats_2001_2004.csv,"Soto, E.",Leones de Ponce,2002,2021|651,"Soto Estrada, Estadísticas Jugador | Soto Diaz, Eugenio Felipe",multiple players match name + season span
player_season_stats_2001_2004.csv,"Soto, E.",Leones de Ponce,2003,2021|651,"Soto Estrada, Estadísticas Jugador | Soto Diaz, Eugenio Felipe",multiple players match name + season span
player_season_stats_2001_2004.csv,"Agosto, J.",Leones de Ponce,2001,,,no canonical name match
player_season_stats_2001_2004.csv,"Alamo, O.",Piratas de Quebradillas,2001,,,no canonical name match
player_season_stats_2001_2004.csv,"Alamo, O.",Gallitos de Isabela,2002,,,no canonical name match
player_season_leaders_2000_2002.csv,Alicea,MOROV,2000,,,no canonical name match
player_season_leaders_2000_2002.csv,"Allende, Luis",CAGUA,2001,,,no canonical name match
player_season_leaders_2000_2002.csv,Allison,AIBON,2000,,,no canonical name match
player_season_stats_2001_2004.csv,"Alomar, H.",Toritos de Cayey,2002,,,no canonical name match
player_season_leaders.csv,"Andujar, Erlyn A.","Maratonistas, Coamo",2007,,,no canonical name match
player_season_leaders.csv,"Aponte, Enrique ""q",,1986,,,no canonical name match
player_season_leaders_2000_2002.csv,Arroyo,SANTU,2000,,,no canonical name match
player_season_stats_2001_2004.csv,"Aska, J.",Gigantes de Carolina,2001,,,no canonical name match
player_season_stats_2001_2004.csv,"Aska, J.",Gigantes de Carolina,2002,,,no canonical name match
player_season_leaders_2000_2002.csv,"Aubry, Jeff",SANTU,2001,,,no canonical name match
player_season_leaders_2000_2002.csv,"Aubry, Jeffrey",SANTU,2002,,,no canonical name match
player_season_leaders.csv,"Avila, Victor Man",Atleticos,2008,,,no canonical name match
player_season_stats_2001_2004.csv,"Aviles, G.",Brujos de Guayama,2001,,,no canonical name match
player_season_leaders.csv,"Ayala, Sadell",Caciques,2010,,,no canonical name match
player_season_leaders_2000_2002.csv,Ayuso,SAN G,2000,,,no canonical name match
player_season_leaders.csv,"Ayuso, Elias 'Lar",Capitanes,2012,,,no canonical name match
player_season_leaders.csv,"Ayuso, Elias 'Lar",Mets,2013,,,no canonical name match
player_season_leaders.csv,"Ayuso, Elias 'Lar",Vaqueros,2014,,,no canonical name match
player_season_leaders.csv,"Ayuso, Elias 'Lar",Atleticos,2019,,,no canonical name match
player_season_stats_2001_2004.csv,"Bailey, C.",Brujos de Guayama,2001,,,no canonical name match
player_season_stats_2001_2004.csv,"Bailey, C.",Maratonistas de Coamo,2003,,,no canonical name match
player_season_stats_2001_2004.csv,"Barroso, J.",Capitanes de Arecibo,2002,,,no canonical name match
player_season_leaders_2000_2002.csv,Benjamin,CAGUA,2000,,,no canonical name match
player_season_leaders_2000_2002.csv,Benson,GUAYA,2000,,,no canonical name match
player_season_stats_2001_2004.csv,"Berdiel, A.",Maratonistas de Coamo,2001,,,no canonical name match
player_season_leaders.csv,"Berdiel, Miguel 'Al",Mets,2020,,,no canonical name match
player_season_stats_2001_2004.csv,"Berges, P.",Polluelos de Aibonito,2001,,,no canonical name match
player_season_stats_2001_2004.csv,"Berges, P.",Criollos de Caguas,2002,,,no canonical name match
player_season_stats_2001_2004.csv,"Bocachica, A.",Cangrejeros de Santurce,2001,,,no canonical name match
player_season_leaders_2000_2002.csv,Borges,COAMO,2000,,,no canonical name match
player_season_stats_2001_2004.csv,"Borrell, L.",Indios de Mayaguez,2001,,,no canonical name match
player_season_leaders.csv,"Brignoni, Luis Jr.",Brujos,2008,,,no canonical name match
player_season_stats_2001_2004.csv,"Brow, F.",Titanes de Morovis,2003,,,no canonical name match
player_season_leaders_2000_2002.csv,Brown,ARECI,2000,,,no canonical name match
player_season_stats_2001_2004.csv,"Brown, T.",Indios de Mayaguez,2001,,,no canonical name match
player_season_stats_2001_2004.csv,"Brown, T.",Indios de Mayaguez,2002,,,no canonical name match
player_season_leaders_2000_2002.csv,"Brown, Tyler",MAYAG,2002,,,no canonical name match
player_season_leaders.csv,"Brown, Tyler","Gigantes, Carolina",2007,,,no canonical name match
player_season_stats_2001_2004.csv,"Burgos, G.",Criollos de Caguas,2001,,,no canonical name match
player_season_stats_2001_2004.csv,"Burgos, G.",Toritos de Cayey,2002,,,no canonical name match
player_season_stats_2001_2004.csv,"Butler Jr., M.",Titanes de Morovis,2003,,,no canonical name match
player_season_stats_2001_2004.csv,"Butler, M.",Cangrejeros de Santurce,2001,,,no canonical name match
player_season_stats_2001_2004.csv,"Butler, M.",Titanes de Morovis,2002,,,no canonical name match
player_season_stats_2001_2004.csv,"Butler, M.",Titanes de Morovis,2003,,,no canonical name match
player_season_leaders_2000_2002.csv,"Butler, Mario",MOROV,2002,,,no canonical name match
player_season_leaders.csv,"Butler, Mario Albe",Titanes,1986,,,no canonical name match
player_season_stats_2001_2004.csv,"Carrasquillo, T.",Criollos de Caguas,2001,,,no canonical name match
player_season_stats_2001_2004.csv,"Carrasquillo, T.",Criollos de Caguas,2002,,,no canonical name match
player_season_stats_2001_2004.csv,"Carrawell, C.",Toritos de Cayey,2002,,,no canonical name match
player_season_leaders_2000_2002.csv,Carter,GUAYA,2000,,,no canonical name match
player_season_stats_2001_2004.csv,"Carter, J.",Brujos de Guayama,2001,,,no canonical name match
player_season_stats_2001_2004.csv,"Carter, J.",Indios de Mayaguez,2001,,,no canonical name match
player_season_stats_2001_2004.csv,"Carter, J.",Criollos de Caguas,2002,,,no canonical name match
player_season_leaders_2000_2002.csv,"Carter, James",MAYAG,2001,,,no canonical name match
player_season_leaders_2000_2002.csv,"Carter, James",CAGUA,2002,,,no canonical name match
player_season_stats_2001_2004.csv,"Casablanca, F.",Maratonistas de Coamo,2001,,,no canonical name match
player_season_stats_2001_2004.csv,"Casablanca, F.",Maratonistas de Coamo,2002,,,no canonical name match
player_season_stats_2001_2004.csv,"Casablanca, F.",Maratonistas de Coamo,2003,,,no canonical name match
player_season_stats_2001_2004.csv,"Casado, G.",Cangrejeros de Santurce,2003,,,no canonical name match
player_season_leaders_2000_2002.csv,Casian0,SAN G,2000,,,no canonical name match
player_season_stats_2001_2004.csv,"Chiaramello, O.",Capitanes de Arecibo,2001,,,no canonical name match
player_season_stats_2001_2004.csv,"Chiaramello, O.",Capitanes de Arecibo,2002,,,no canonical name match
player_season_leaders_2000_2002.csv,Clark,MAYAG,2000,,,no canonical name match
player_season_stats_2001_2004.csv,"Collado, R.",Leones de Ponce,2001,,,no canonical name match
player_season_stats_2001_2004.csv,"Collado, R.",Indios de Mayaguez,2002,,,no canonical name match
player_season_stats_2001_2004.csv,"Collazo, C.",Titanes de Morovis,2003,,,no canonical name match
player_season_leaders_2000_2002.csv,Colon,PONCE,2000,,,no canonical name match
player_season_leaders.csv,"Colon, Angel Luis","Brujos, Guayama",2007,,,no canonical name match
player_season_stats_2001_2004.csv,"Corales, E.",Titanes de Morovis,2003,,,no canonical name match
player_season_leaders.csv,"Correa, Wesley ""we",Titanes,1986,,,no canonical name match
player_season_stats_2001_2004.csv,"Crispin, N.",Gallitos de Isabela,2001,,,no canonical name match
player_season_stats_2001_2004.csv,"Crispin, N.",Gallitos de Isabela,2002,,,no canonical name match
player_season_leaders.csv,"Cruz, Angel 'Ang",,1986,,,no canonical name match
player_season_leaders.csv,"Cruz, Ismael Yom",Leones,2021,,,no canonical name match
player_season_leaders_2000_2002.csv,Curbelo,QUEBR,2000,,,no canonical name match
player_season_stats_2001_2004.csv,"Curbelo, J.",Piratas de Quebradillas,2001,,,no canonical name match
player_season_leaders_2000_2002.csv,"Curbelo, Joel",QUEBR,2001,,,no canonical name match
player_season_leaders_2000_2002.csv,"Curbelo, Joel",QUEBR,2002,,,no canonical name match
player_season_leaders_2000_2002.csv,Dalmau,QUEBR,2000,,,no canonical name match
player_season_leaders_2000_2002.csv,Dalmau,COAMO,2000,,,no canonical name match
player_season_leaders_2000_2002.csv,Davila,BAYAM,2000,,,no canonical name match
player_season_leaders.csv,"Davila, Luis ""tin""",,1986,,,no canonical name match
player_season_leaders_2000_2002.csv,Davis,MOROV,2000,,,no canonical name match
player_season_leaders_2000_2002.csv,De Jesus,MAYAG,2000,,,no canonical name match
player_season_stats_2001_2004.csv,"De Jesus, A.",Brujos de Guayama,2001,,,no canonical name match
player_season_stats_2001_2004.csv,"De Jesus, A.",Indios de Mayaguez,2001,,,no canonical name match
player_season_stats_2001_2004.csv,"De Jesus, A.",Titanes de Morovis,2002,,,no canonical name match
player_season_stats_2001_2004.csv,"De Jesus, A.",Titanes de Morovis,2003,,,no canonical name match
player_season_leaders.csv,"De Jesus, Manuel",Atleticos,2008,,,no canonical name match
player_season_leaders.csv,"De Jesus, Manuel",Atleticos,2012,,,no canonical name match
player_season_stats_2001_2004.csv,"Deem, A.",Maratonistas de Coamo,2001,,,no canonical name match
player_season_stats_2001_2004.csv,"Deen, A.",Maratonistas de Coamo,2002,,,no canonical name match
player_season_leaders.csv,"Diaz, Jorge Brya",Piratas,2014,,,no canonical name match
player_season_leaders.csv,"Diaz, Jorge Brya",,2018,,,no canonical name match
player_season_leaders.csv,"Diaz, Jorge Brya",Piratas,2019,,,no canonical name match
player_season_leaders.csv,"Diaz, Jose a. ""t",Gigantes,1986,,,no canonical name match
player_season_leaders_2000_2002.csv,Donaldson,MAYAG,2000,,,no canonical name match
player_season_leaders.csv,"Díaz, Jorge Bria",Piratas,2021,,,no canonical name match
player_season_stats_2001_2004.csv,"Echevaria, A.",Leones de Ponce,2002,,,no canonical name match
player_season_stats_2001_2004.csv,"Echevarria, T.",Brujos de Guayama,2001,,,no canonical name match
player_season_stats_2001_2004.csv,"Echevarria, T.",Maratonistas de Coamo,2002,,,no canonical name match
player_season_leaders.csv,"Ere, Ebi","Gigantes, Carolina",2007,,,no canonical name match
player_season_leaders.csv,"Ere, Ebi",Gigantes,2008,,,no canonical name match
player_season_leaders.csv,"Ere, Ebi",Gigantes,2009,,,no canonical name match
player_season_leaders.csv,"Ere, Ebi",Caciques,2014,,,no canonical name match
player_season_leaders_2000_2002.csv,"Fajardo, Shariff",SAN G,2001,,,no canonical name match
player_season_leaders_2000_2002.csv,"Falcon, Alex",SANTU,2001,,,no canonical name match
player_season_leaders_2000_2002.csv,Farmer,PONCE,2000,,,no canonical name match
player_season_stats_2001_2004.csv,"Febres, A.",Titanes de Morovis,2003,,,no canonical name match
player_season_leaders.csv,"Figueroa, Angel Luis","Capitanes, Arecibo",2007,,,no canonical name match
player_season_leaders.csv,"Figueroa, Angel Luis",Capitanes,2008,,,no canonical name match
player_season_leaders.csv,"Figueroa, Angel Luis",Capitanes,2009,,,no canonical name match
player_season_leaders.csv,"Figueroa, Angel Luis",Mets,2010,,,no canonical name match
player_season_leaders.csv,"Figueroa, Angel Luis",Piratas,2012,,,no canonical name match
player_season_leaders.csv,"Figueroa, Angel Luis",Brujos,2013,,,no canonical name match
player_season_leaders.csv,"Figueroa, Bernardo",,1986,,,no canonical name match
player_season_leaders.csv,"Fortuna, Manuel",Leones,2013,,,no canonical name match
player_season_stats_2001_2004.csv,"Frazer, R.",Maratonistas de Coamo,2001,,,no canonical name match
player_season_leaders.csv,"Frazer, Rolando",,1986,,,no canonical name match
player_season_leaders.csv,"Freije, Matt",Leones,2008,,,no canonical name match
player_season_leaders.csv,"Freije, Matt",Criollos,2009,,,no canonical name match
player_season_leaders.csv,"Fuentes, Oscar",,1986,,,no canonical name match
historic_scoring_champions.csv,GEORGIE TORRES,FAJARDO,1977,,,no canonical name match
historic_scoring_champions.csv,GEORGIE TORRES,FAJARDO,1978,,,no canonical name match
historic_scoring_champions.csv,GEORGIE TORRES,FAJARDO,1979,,,no canonical name match
historic_scoring_champions.csv,GEORGIE TORRES,FAJARDO,1984,,,no canonical name match
historic_scoring_champions.csv,GEORGIE TORRES,FAJARDO,1985,,,no canonical name match
historic_scoring_champions.csv,GEORGIE TORRES,FAJARDO,1986,,,no canonical name match
historic_scoring_champions.csv,GEORGIE TORRES,FAJARDO,1987,,,no canonical name match
player_season_leaders_2000_2002.csv,Goldston,ARECI,2000,,,no canonical name match
player_season_stats_2001_2004.csv,"Gonzalez, T.",Gallitos de Isabela,2001,,,no canonical name match
player_season_leaders.csv,"Green, Davin",Gallitos,2010,,,no canonical name match
player_season_leaders.csv,"Guzman, Arnaldo",Mets,1986,,,no canonical name match
player_season_stats_2001_2004.csv,"Guzman, L.",Gallitos de Isabela,2001,,,no canonical name match
player_season_leaders.csv,"Han, Francis Jo",Criollos,2009,,,no canonical name match
player_season_leaders.csv,"Han, Francis Jo",Gallitos,2010,,,no canonical name match
player_season_leaders.csv,"Han, Francis Jo",Santeros,2018,,,no canonical name match
player_season_leaders.csv,"Han, Francis Jo",Vaqueros,2019,,,no canonical name match
player_season_leaders.csv,"Han, Francis Jo",Mets,2020,,,no canonical name match
player_season_leaders.csv,"Han, Francis Jo",Mets,2021,,,no canonical name match
player_season_leaders_2000_2002.csv,Hatton,SAN G,2000,,,no canonical name match
player_season_stats_2001_2004.csv,"Hatton, B.",Leones de Ponce,2001,,,no canonical name match
player_season_stats_2001_2004.csv,"Hatton, B.",Leones de Ponce,2002,,,no canonical name match
player_season_stats_2001_2004.csv,"Hatton, B.",Leones de Ponce,2003,,,no canonical name match
player_season_leaders_2000_2002.csv,"Hatton, Bobby",PONCE,2001,,,no canonical name match
player_season_leaders.csv,"Hatton, Roberto Jo",Capitanes,2008,,,no canonical name match
player_season_leaders.csv,"Hatton, Roberto Jo",Leones,2010,,,no canonical name match
player_season_leaders.csv,"Hatton, Roberto Jose",,2007,,,no canonical name match
player_season_leaders_2000_2002.csv,"Haywood, Jamal",PONCE,2001,,,no canonical name match
player_season_stats_2001_2004.csv,"Hidalgo, C.",Polluelos de Aibonito,2001,,,no canonical name match
player_season_stats_2001_2004.csv,"Hill, K.",Capitanes de Arecibo,2001,,,no canonical name match
player_season_stats_2001_2004.csv,"Hiraldo, C.",Toritos de Cayey,2002,,,no canonical name match
player_season_leaders_2000_2002.csv,"Hiraldo, Christophe",CAYEY,2002,,,no canonical name match
player_season_leaders.csv,"Hiraldo, Christopher",,2007,,,no canonical name match
player_season_leaders.csv,"Holloway, Terrell 'T",Piratas,2021,,,no canonical name match
player_season_leaders_2000_2002.csv,Honeycut,ISABE,2000,,,no canonical name match
player_season_leaders_2000_2002.csv,"Houroutunier, Rolando",SANTU,2001,,,no canonical name match
player_season_stats_2001_2004.csv,"Hourrutiner, R.",Cangrejeros de Santurce,2001,,,no canonical name match
player_season_stats_2001_2004.csv,"Hourrutunier, R.",Cangrejeros de Santurce,2003,,,no canonical name match
player_season_leaders.csv,"Ithier, Vicente",Indios,1986,,,no canonical name match
historic_scoring_champions.csv,JOEL CURBELO,CAROLINA,1995,,,no canonical name match
player_season_leaders_2000_2002.csv,Jackson,BAYAM,2000,,,no canonical name match
player_season_stats_2001_2004.csv,"Johnson, R.",Piratas de Quebradillas,2001,,,no canonical name match
player_season_stats_2001_2004.csv,"Johnson, R.",Titanes de Morovis,2003,,,no canonical name match
player_season_stats_2001_2004.csv,"Jourdon, K.",Leones de Ponce,2001,,,no canonical name match
player_season_stats_2001_2004.csv,"Jourdon, K.",Leones de Ponce,2002,,,no canonical name match
player_season_stats_2001_2004.csv,"Jourdon, K.",Leones de Ponce,2003,,,no canonical name match
player_season_leaders.csv,"Jourdon, Keenan","Indios, Mayaguez",2007,,,no canonical name match
player_season_leaders.csv,"Jourdon, Keenan",Capitanes,2008,,,no canonical name match
player_season_leaders_2000_2002.csv,Ketner,CAGUA,2000,,,no canonical name match
player_season_stats_2001_2004.csv,"Latson, T.",Indios de Mayaguez,2001,,,no canonical name match
player_season_leaders.csv,"Lee, Alfred 'Bu",Leones,1986,,,no canonical name match
player_season_leaders.csv,"Lee, Carmelo An","Conquistadores, Guaynabo",2007,,,no canonical name match
player_season_leaders.csv,"Lee, Carmelo An",Conquistadores,2008,,,no canonical name match
player_season_leaders.csv,"Lee, Carmelo An",Vaqueros,2010,,,no canonical name match
player_season_leaders.csv,"Lee, Carmelo An",Piratas,2013,,,no canonical name match
player_season_leaders.csv,"Lee, Carmelo An",Piratas,2014,,,no canonical name match
player_season_leaders_2000_2002.csv,"Leeks, Kenny",ISABE,2001,,,no canonical name match
player_season_stats_2001_2004.csv,"Liriano, A.",Titanes de Morovis,2003,,,no canonical name match
player_season_leaders_2000_2002.csv,Lockhart,QUEBR,2000,,,no canonical name match
player_season_leaders_2000_2002.csv,Long,GUAYA,2000,,,no canonical name match
player_season_leaders_2000_2002.csv,"Lopez, Angel M.",CAYEY,2002,,,no canonical name match
player_season_leaders.csv,"Lopez, Carlos 'Ya",Atleticos,2018,,,no canonical name match
player_season_leaders.csv,"Lopez, Carlos 'Ya",Capitanes,2019,,,no canonical name match
player_season_stats_2001_2004.csv,"Lozada, Z.",Polluelos de Aibonito,2001,,,no canonical name match
player_season_stats_2001_2004.csv,"Lozano, J.",Polluelos de Aibonito,2001,,,no canonical name match
player_season_stats_2001_2004.csv,"Lozano, Z.",Toritos de Cayey,2002,,,no canonical name match
player_season_stats_2001_2004.csv,"Luna, M.",Maratonistas de Coamo,2001,,,no canonical name match
player_season_stats_2001_2004.csv,"Luna, M.",Maratonistas de Coamo,2002,,,no canonical name match
player_season_leaders_2000_2002.csv,"Mackey, Malcom",SAN G,2001,,,no canonical name match
player_season_leaders_2000_2002.csv,Mackie,PONCE,2000,,,no canonical name match
player_season_leaders.csv,"Martinez, Freddie",,2007,,,no canonical name match
player_season_leaders.csv,"Martinez, Jack Micha",Conquistadores,2008,,,no canonical name match
player_season_leaders.csv,"Maura, Kevin 'K.J",Cariduros,2021,,,no canonical name match
player_season_leaders.csv,"Mayo, Ovinton 'O",,2018,,,no canonical name match
player_season_leaders_2000_2002.csv,Mcdonald,GUAYN,2000,,,no canonical name match
player_season_stats_2001_2004.csv,"Medrano, G.",Titanes de Morovis,2002,,,no canonical name match
player_season_stats_2001_2004.csv,"Melendez Jr., F.",Indios de Mayaguez,2002,,,no canonical name match
player_season_stats_2001_2004.csv,"Melendez, O.",Polluelos de Aibonito,2001,,,no canonical name match
player_season_stats_2001_2004.csv,"Melendez, O.",Toritos de Cayey,2002,,,no canonical name match
player_season_leaders_2000_2002.csv,"Melendez, Orlando",AIBON,2001,,,no canonical name match
player_season_leaders.csv,"Melendez, Orlando",,2007,,,no canonical name match
player_season_stats_2001_2004.csv,"Melendez, P.",Piratas de Quebradillas,2001,,,no canonical name match
player_season_leaders.csv,"Meléndez, Ricardo 'R",Cariduros,2020,,,no canonical name match
player_season_stats_2001_2004.csv,"Meyers, G.",Indios de Mayaguez,2001,,,no canonical name match
player_season_leaders_2000_2002.csv,"Miller, Ira",COAMO,2001,,,no canonical name match
player_season_leaders_2000_2002.csv,Mincy,BAYAM,2000,,,no canonical name match
player_season_leaders.csv,"Morales, Elisamuel","Conquistadores, Guaynabo",2007,,,no canonical name match
player_season_leaders.csv,"Morales, Luis Damia",Indios,2014,,,no canonical name match
player_season_leaders.csv,"Morales, Mario 'Qui",Mets,1986,,,no canonical name match
player_season_stats_2001_2004.csv,"Murray, J.",Polluelos de Aibonito,2001,,,no canonical name match
player_season_stats_2001_2004.csv,"Murray, J.",Toritos de Cayey,2002,,,no canonical name match
player_season_leaders.csv,"Narvaez, Manuel Ant","Maratonistas, Coamo",2007,,,no canonical name match
player_season_leaders.csv,"Narvaez, Manuel Ant",Leones,2010,,,no canonical name match
player_season_leaders.csv,"Narvaez, Manuel Ant",Mets,2012,,,no canonical name match
player_season_leaders_2000_2002.csv,Nieves,CAROL,2000,,,no canonical name match
player_season_leaders_2000_2002.csv,Nieves,CAGUA,2000,,,no canonical name match
player_season_leaders_2000_2002.csv,"Nieves, Josue",CAGUA,2001,,,no canonical name match
player_season_leaders_2000_2002.csv,"Nieves, Josue",CAGUA,2002,,,no canonical name match
player_season_stats_2001_2004.csv,"Novas, R.",Vaqueros de Bayamon,2001,,,no canonical name match
player_season_stats_2001_2004.csv,"Novas, R.",Maratonistas de Coamo,2001,,,no canonical name match
player_season_stats_2001_2004.csv,"Ocasio, H.",Toritos de Cayey,2002,,,no canonical name match
player_season_leaders_2000_2002.csv,Ortiz,SANTU,2000,,,no canonical name match
player_season_stats_2001_2004.csv,"Ortiz, F.",Indios de Mayaguez,2001,,,no canonical name match
player_season_stats_2001_2004.csv,"Ortiz, F.",Indios de Mayaguez,2002,,,no canonical name match
player_season_stats_2001_2004.csv,"Ortiz, F.",Maratonistas de Coamo,2002,,,no canonical name match
player_season_stats_2001_2004.csv,"Ortiz, F.",Maratonistas de Coamo,2003,,,no canonical name match
player_season_stats_2001_2004.csv,"Ortiz, I.",Maratonistas de Coamo,2003,,,no canonical name match
player_season_leaders_2000_2002.csv,"Padilla, Edgar",BAYAM,2001,,,no canonical name match
player_season_leaders_2000_2002.csv,"Padilla, Edgar",BAYAM,2002,,,no canonical name match
player_season_leaders.csv,"Padilla, Edgar",,2007,,,no canonical name match
player_season_leaders.csv,"Padilla, Edgar",Leones,2008,,,no canonical name match
player_season_leaders_2000_2002.csv,Pagan,MOROV,2000,,,no canonical name match
player_season_stats_2001_2004.csv,"Paniagua, A.",Brujos de Guayama,2001,,,no canonical name match
player_season_stats_2001_2004.csv,"Paniagua, A.",Gallitos de Isabela,2002,,,no canonical name match
player_season_leaders.csv,"Parillon, Steve",Brujos,2008,,,no canonical name match
player_season_stats_2001_2004.csv,"Payano, C.",Vaqueros de Bayamon,2001,,,no canonical name match
player_season_stats_2001_2004.csv,"Payano, C.",Maratonistas de Coamo,2001,,,no canonical name match
player_season_leaders_2000_2002.csv,"Payano, Carlos",BAYAM,2001,,,no canonical name match
player_season_leaders.csv,"Payano, Carlos R.","Capitanes, Arecibo",2007,,,no canonical name match
player_season_leaders_2000_2002.csv,"Perez, Felix Javi",ARECI,2002,,,no canonical name match
player_season_leaders.csv,"Perez, Rafael Alb",Gallitos,2010,,,no canonical name match
player_season_stats_2001_2004.csv,"Pizarro, I.",Gigantes de Carolina,2001,,,no canonical name match
player_season_leaders.csv,"Priutt, Shawn",Gallitos,2010,,,no canonical name match
player_season_leaders_2000_2002.csv,Quinones,ISABE,2000,,,no canonical name match
player_season_leaders_2000_2002.csv,"Quinonez, Joel",ISABE,2002,,,no canonical name match
player_season_leaders.csv,"Quiñonez, Jose 'Will",Criollos,1986,,,no canonical name match
historic_scoring_champions.csv,ROLANDO FRAZER,AIBONITO,1981,,,no canonical name match
historic_scoring_champions.csv,ROLANDO FRAZER,AIBONITO,1982,,,no canonical name match
player_season_leaders.csv,"Ramirez, Luis Steve",Indios,2012,,,no canonical name match
player_season_leaders.csv,"Ramirez, Luis Steve",Indios,2014,,,no canonical name match
player_season_leaders.csv,"Ramos, Ramon",,1986,,,no canonical name match
player_season_stats_2001_2004.csv,"Ricardo, O.",Leones de Ponce,2001,,,no canonical name match
player_season_stats_2001_2004.csv,"Ricardo, O.",Leones de Ponce,2002,,,no canonical name match
player_season_stats_2001_2004.csv,"Ricardo, O.",Leones de Ponce,2003,,,no canonical name match
player_season_leaders_2000_2002.csv,"Ricardo, Osiris",PONCE,2001,,,no canonical name match
player_season_leaders_2000_2002.csv,"Ricardo, Osiris",PONCE,2002,,,no canonical name match
player_season_stats_2001_2004.csv,"Richard, J.",Vaqueros de Bayamon,2001,,,no canonical name match
player_season_leaders_2000_2002.csv,"Richard, Jaja",BAYAM,2001,,,no canonical name match
player_season_stats_2001_2004.csv,"Richards, J.",Vaqueros de Bayamon,2001,,,no canonical name match
player_season_stats_2001_2004.csv,"Richards, J.",Maratonistas de Coamo,2003,,,no canonical name match
player_season_leaders.csv,"Rios, Roberto 'B",Atleticos,1986,,,no canonical name match
player_season_stats_2001_2004.csv,"Rivas, L.",Criollos de Caguas,2001,,,no canonical name match
player_season_stats_2001_2004.csv,"Rivas, L.",Criollos de Caguas,2002,,,no canonical name match
player_season_leaders.csv,"Rivas, Luis A.",,2007,,,no canonical name match
player_season_leaders.csv,"Rivas, Luis A.",Cangrejeros,2008,,,no canonical name match
player_season_leaders.csv,"Rivas, Luis A.",Gallitos,2010,,,no canonical name match
player_season_leaders_2000_2002.csv,Rivera,ARECI,2000,,,no canonical name match
player_season_leaders.csv,"Rivera, Carlos Rub",Capitanes,2008,,,no canonical name match
player_season_leaders.csv,"Rivera, Carlos Rub",Indios,2012,,,no canonical name match
player_season_leaders.csv,"Rivera, Carlos Rub",Leones,2013,,,no canonical name match
player_season_leaders.csv,"Rivera, Carlos Rub",Leones,2014,,,no canonical name match
player_season_leaders.csv,"Rivera, Carlos Rub",Leones,2018,,,no canonical name match
player_season_leaders.csv,"Rivera, Carlos Rub",Leones,2020,,,no canonical name match
player_season_leaders.csv,"Rivera, Carlos Rub",Leones,2021,,,no canonical name match
player_season_leaders.csv,"Rivera, Jose Luis",Gallitos,2010,,,no canonical name match
player_season_stats_2001_2004.csv,"Roca, J.",Gigantes de Carolina,2001,,,no canonical name match
player_season_leaders_2000_2002.csv,Rodriguez,AIBON,2000,,,no canonical name match
player_season_leaders.csv,"Rodriguez, Angel Dani",Vaqueros,2021,,,no canonical name match
player_season_stats_2001_2004.csv,"Rosa, L.",Leones de Ponce,2002,,,no canonical name match
player_season_leaders.csv,"Rosario, Jose R.",,2007,,,no canonical name match
player_season_stats_2001_2004.csv,"Rosario, L.",Toritos de Cayey,2002,,,no canonical name match
player_season_stats_2001_2004.csv,"Ruiz, I.",Piratas de Quebradillas,2001,,,no canonical name match
player_season_stats_2001_2004.csv,"Salgado, G.",Vaqueros de Bayamon,2001,,,no canonical name match
player_season_stats_2001_2004.csv,"Salgado, G.",Gallitos de Isabela,2002,,,no canonical name match
player_season_leaders_2000_2002.csv,Santiago,BAYAM,2000,,,no canonical name match
player_season_leaders_2000_2002.csv,Santiago,SANTU,2000,,,no canonical name match
player_season_leaders.csv,"Santiago, Angel 'Cac",,1986,,,no canonical name match
player_season_leaders.csv,"Santiago, Daniel 'Da",Capitanes,2012,,,no canonical name match
player_season_leaders.csv,"Santiago, Daniel 'Da",Cangrejeros,2014,,,no canonical name match
player_season_leaders_2000_2002.csv,"Santiago, Edwin",SANTU,2001,,,no canonical name match
player_season_leaders_2000_2002.csv,"Santiago, Edwin",SANTU,2002,,,no canonical name match
player_season_leaders.csv,"Santiago, Edwin","Vaqueros, Bayamon",2007,,,no canonical name match
player_season_leaders.csv,"Santiago, Jr., Benito",Vaqueros,2020,,,no canonical name match
player_season_leaders.csv,"Santiago, Jr., Benito",,2021,,,no canonical name match
player_season_leaders_2000_2002.csv,"Santiago, Orlando",SANTU,2001,,,no canonical name match
player_season_leaders_2000_2002.csv,"Santiago, Orlando",SANTU,2002,,,no canonical name match
player_season_leaders.csv,"Santos, William ""b",Gallitos,1986,,,no canonical name match
player_season_stats_2001_2004.csv,"Shamsid Deen, A.",Maratonistas de Coamo,2001,,,no canonical name match
player_season_leaders.csv,"Sheppard, Kevin Alph",Conquistadores,2008,,,no canonical name match
player_season_leaders_2000_2002.csv,Simms,MOROV,2000,,,no canonical name match
player_season_leaders_2000_2002.csv,"Simms, Willie",ISABE,2002,,,no canonical name match
player_season_stats_2001_2004.csv,"Simpkins, D.",Criollos de Caguas,2002,,,no canonical name match
player_season_leaders_2000_2002.csv,"Simpkins, Dickie",CAGUA,2002,,,no canonical name match
player_season_leaders_2000_2002.csv,Simpson,CAROL,2000,,,no canonical name match
player_season_leaders_2000_2002.csv,Stewart,SAN G,2000,,,no canonical name match
player_season_stats_2001_2004.csv,"Sweet, A.",Maratonistas de Coamo,2002,,,no canonical name match
player_season_leaders_2000_2002.csv,"Taylor, Erick",SAN G,2002,,,no canonical name match
player_season_stats_2001_2004.csv,"Torres, P.",Criollos de Caguas,2001,,,no canonical name match
player_season_leaders_2000_2002.csv,Travieso,MOROV,2000,,,no canonical name match
player_season_leaders.csv,"Trimble, Romelo 'Me",Piratas,2019,,,no canonical name match
player_season_leaders_2000_2002.csv,"Trimingham, Leon",SANTU,2001,,,no canonical name match
player_season_stats_2001_2004.csv,"Trimminhan, L.",Cangrejeros de Santurce,2001,,,no canonical name match
player_season_leaders_2000_2002.csv,Turner,ARECI,2000,,,no canonical name match
player_season_leaders.csv,"Vassallo, Angel Dani",Mets,2012,,,no canonical name match
player_season_leaders.csv,"Vassallo, Angel Dani",Capitanes,2013,,,no canonical name match
player_season_leaders.csv,"Vassallo, Angel Dani",Leones,2014,,,no canonical name match
player_season_leaders.csv,"Vassallo, Angel Dani",Leones,2019,,,no canonical name match
player_season_leaders.csv,"Vassallo, Ángel Dani",Leones,2020,,,no canonical name match
player_season_leaders.csv,"Vazquez, Christian",Cariduros,2008,,,no canonical name match
player_season_leaders_2000_2002.csv,"Vazquez, De Juan",ISABE,2002,,,no canonical name match
player_season_leaders_2000_2002.csv,Vega,CAGUA,2000,,,no canonical name match
player_season_leaders.csv,"Vega, Christophe",Vaqueros,2008,,,no canonical name match
player_season_stats_2001_2004.csv,"Venzen, G.",Polluelos de Aibonito,2001,,,no canonical name match
player_season_stats_2001_2004.csv,"Venzen, G.",Gallitos de Isabela,2001,,,no canonical name match
player_season_stats_2001_2004.csv,"Venzen, G.",Toritos de Cayey,2002,,,no canonical name match
player_season_leaders.csv,"Victor, Isaiah",Grises,2008,,,no canonical name match
player_season_stats_2001_2004.csv,"Vizcarrondo, C.",Gigantes de Carolina,2001,,,no canonical name match
player_season_stats_2001_2004.csv,"Vizcarrondo, C.",Titanes de Morovis,2002,,,no canonical name match
historic_scoring_champions.csv,WILLIE SIMMS,MOROVIS,2000,,,no canonical name match
player_season_stats_2001_2004.csv,"Watkins, J.",Maratonistas de Coamo,2002,,,no canonical name match
player_season_stats_2001_2004.csv,"Western, F.",Vaqueros de Bayamon,2001,,,no canonical name match
player_season_leaders.csv,"Western, Franklin",Vaqueros,2010,,,no canonical name match
player_season_leaders_2000_2002.csv,"Western, Franklyn",BAYAM,2001,,,no canonical name match
player_season_stats_2001_2004.csv,"Wharton, J.",Maratonistas de Coamo,2002,,,no canonical name match
player_season_stats_2001_2004.csv,"Wiley, J.",Brujos de Guayama,2001,,,no canonical name match
player_season_leaders.csv,"Williams, Leon Verno",Cangrejeros,2013,,,no canonical name match
player_season_leaders.csv,"Williams, Leon Verno",Cangrejeros,2014,,,no canonical name match
player_season_leaders_2000_2002.csv,Wilson,COAMO,2000,,,no canonical name match
player_season_leaders_2000_2002.csv,"Wilson, Monti",AIBON,2001,,,no canonical name match
player_season_leaders.csv,"Wilson, Monty",,2007,,,no canonical name match
player_season_leaders.csv,"Wilson, Monty",,2008,,,no canonical name match
player_season_leaders.csv,"Wilson, Monty",Conquistadores,2009,,,no canonical name match
historic_scoring_champions.csv,ADOLFO PORRATA,SAN JUAN,1967,10,"Porrata Doria, Adolfo","unique name match, season not in known career span (or player has no profile yet)"
player_season_leaders.csv,"Abreu, Alex",Santeros,2019,12998,"Abreu Vazquez, Alex","unique name match, season not in known career span (or player has no profile yet)"
player_season_leaders.csv,"Abreu, Álex",Cariduros,2021,12998,"Abreu Vazquez, Alex","unique name match, season not in known career span (or player has no profile yet)"
player_season_stats_2001_2004.csv,"Acevedo, J.",Gallitos de Isabela,2001,1132,"Acevedo, Jose","unique name match, season not in known career span (or player has no profile yet)"
player_season_leaders.csv,"Akindele, Jeleel",Vaqueros,2020,13035,"Akindele, Jeleel","unique name match, season not in known career span (or player has no profile yet)"
player_season_stats_2001_2004.csv,"Alicea, P.",Capitanes de Arecibo,2001,1774,"Alicea Rodriguez, Pablo","unique name match, season not in known career span (or player has no profile yet)"
player_season_stats_2001_2004.csv,"Alicea, P.",Titanes de Morovis,2001,1774,"Alicea Rodriguez, Pablo","unique name match, season not in known career span (or player has no profile yet)"
player_season_stats_2001_2004.csv,"Alicea, P.",Gallitos de Isabela,2002,1774,"Alicea Rodriguez, Pablo","unique name match, season not in known career span (or player has no profile yet)"
player_season_stats_2001_2004.csv,"Allende, L.",Criollos de Caguas,2001,13290,"Allende, Leandro","unique name match, season not in known career span (or player has no profile yet)"
player_season_stats_2001_2004.csv,"Allende, L.",Criollos de Caguas,2002,13290,"Allende, Leandro","unique name match, season not in known career span (or player has no profile yet)"
player_season_stats_2001_2004.csv,"Alomar, C.",Gigantes de Carolina,2001,271,"Alomar, Carlos","unique name match, season not in known career span (or player has no profile yet)"
player_season_stats_2001_2004.csv,"Alomar, C.",Leones de Ponce,2003,271,"Alomar, Carlos","unique name match, season not in known career span (or player has no profile yet)"
player_season_leaders.csv,"Alonzo, Noe",Caciques,2012,2754,"Alonzo Chavez, Noe","unique name match, season not in known career span (or player has no profile yet)"
player_season_stats_2001_2004.csv,"Amaro, E.",Brujos de Guayama,2001,593,"Amaro, Emanuel","unique name match, season not in known career span (or player has no profile yet)"
player_season_leaders.csv,"Aminu, Alade",Atleticos,2021,13308,"Aminu, Alade","unique name match, season not in known career span (or player has no profile yet)"
player_season_leaders.csv,"Andújar, Emmanuel '",Cariduros,2021,13104,"Andujar Ortiz, Emmanuel","unique name match, season not in known career span (or player has no profile yet)"
player_season_stats_2001_2004.csv,"Aponte, R.",Brujos de Guayama,2001,2045,"Aponte Flecha, Roberto","unique name match, season not in known career span (or player has no profile yet)"
player_season_stats_2001_2004.csv,"Arroyo, A.",Cangrejeros de Santurce,2001,24,"Arroyo, Alberto","unique name match, season not in known career span (or player has no profile yet)"
player_season_stats_2001_2004.csv,"Arroyo, A.",Cangrejeros de Santurce,2003,24,"Arroyo, Alberto","unique name match, season not in known career span (or player has no profile yet)"
player_season_leaders.csv,"Arroyo, Carlos A.",Leones,2019,273,"Arroyo Bermúdez, Carlos A.","unique name match, season not in known career span (or player has no profile yet)"
player_season_stats_2001_2004.csv,"Arrufat, E.",Piratas de Quebradillas,2001,528,"Arrufat Albarran, Eduardo","unique name match, season not in known career span (or player has no profile yet)"
player_season_stats_2001_2004.csv,"Arrufat, E.",Leones de Ponce,2003,528,"Arrufat Albarran, Eduardo","unique name match, season not in known career span (or player has no profile yet)"
player_season_leaders_2000_2002.csv,"Arrufat, Eduardo",QUEBR,2001,528,"Arrufat Albarran, Eduardo","unique name match, season not in known career span (or player has no profile yet)"
player_season_leaders.csv,"Ashley, Brandon",Indios,2020,13260,"Ashley, Brandon","unique name match, season not in known career span (or player has no profile yet)"
player_season_leaders.csv,"Austin, Isaiah",Mets,2020,13269,"Austin, Isaiah","unique name match, season not in known career span (or player has no profile yet)"
player_season_stats_2001_2004.csv,"Aviles, L.",Gigantes de Carolina,2002,1530,"Aviles Delgado, Luis gabriel","unique name match, season not in known career span (or player has no profile yet)"
player_season_leaders.csv,"Ballinger, Adam",,2007,2346,"Ballinger, Adam","unique name match, season not in known career span (or player has no profile yet)"
player_season_stats_2001_2004.csv,"Barnes, L.",Maratonistas de Coamo,2001,1417,"Barnes, Lamont","unique name match, season not in known career span (or player has no profile yet)"
player_season_stats_2001_2004.csv,"Barrientos, A.",Capitanes de Arecibo,2001,234,"Barrientos Valle, Axel","unique name match, season not in known career span (or player has no profile yet)"
player_season_leaders.csv,"Bass, Paris",Atleticos,2020,13271,"Bass, Paris","unique name match, season not in known career span (or player has no profile yet)"
player_season_leaders.csv,"Bass, Paris",Atleticos,2021,13271,"Bass, Paris","unique name match, season not in known career span (or player has no profile yet)"
player_season_leaders.csv,"Belardo, Gabriel J.",Brujos,2020,2815,"Belardo Del Rio, Gabriel J.","unique name match, season not in known career span (or player has no profile yet)"
player_season_stats_2001_2004.csv,"Benson, M.",Brujos de Guayama,2001,1590,"Benson Carrasco, Mark Anthony","unique name match, season not in known career span (or player has no profile yet)"
player_season_stats_2001_2004.csv,"Benson, M.",Cangrejeros de Santurce,2001,1590,"Benson Carrasco, Mark Anthony","unique name match, season not in known career span (or player has no profile yet)"
player_season_leaders_2000_2002.csv,"Benson, Mark",SANTU,2001,1590,"Benson Carrasco, Mark Anthony","unique name match, season not in known career span (or player has no profile yet)"
player_season_leaders_2000_2002.csv,"Benson, Mark",GUAYA,2001,1590,"Benson Carrasco, Mark Anthony","unique name match, season not in known career span (or player has no profile yet)"
player_season_leaders_2000_2002.csv,"Benson, Mark",SANTU,2002,1590,"Benson Carrasco, Mark Anthony","unique name match, season not in known career span (or player has no profile yet)"
player_season_leaders.csv,"Berdiel, Miguel Ali",Brujos,2019,1666,"Berdiel Aponte, Miguel Ali","unique name match, season not in known career span (or player has no profile yet)"
player_season_leaders.csv,"Bishop, Tony",Cangrejeros,2021,13015,"Bishop, Tony","unique name match, season not in known career span (or player has no profile yet)"
player_season_stats_2001_2004.csv,"Bonilla, K.",Criollos de Caguas,2001,1394,"Bonilla Diaz, Kelvin","unique name match, season not in known career span (or player has no profile yet)"
player_season_stats_2001_2004.csv,"Bonilla, K.",Gigantes de Carolina,2002,1394,"Bonilla Diaz, Kelvin","unique name match, season not in known career span (or player has no profile yet)"
player_season_stats_2001_2004.csv,"Bonner, A.",Leones de Ponce,2002,160,"Bonner Evans, Anthony","unique name match, season not in known career span (or player has no profile yet)"
player_season_leaders_2000_2002.csv,"Bonner, Anthony",PONCE,2002,160,"Bonner Evans, Anthony","unique name match, season not in known career span (or player has no profile yet)"
player_season_stats_2001_2004.csv,"Borges, D.",Maratonistas de Coamo,2003,462,"Borges Perez, Dean","unique name match, season not in known career span (or player has no profile yet)"
player_season_stats_2001_2004.csv,"Borgos, R.",Gigantes de Carolina,2001,2007,"Borgos, Rich","unique name match, season not in known career span (or player has no profile yet)"
player_season_stats_2001_2004.csv,"Borgos, R.",Gigantes de Carolina,2002,2007,"Borgos, Rich","unique name match, season not in known career span (or player has no profile yet)"
player_season_leaders.csv,"Brady, Chris",Santeros,2020,13173,"Brady, Chris","unique name match, season not in known career span (or player has no profile yet)"
player_season_leaders.csv,"Branch, Onzie",Atleticos,2020,12969,"Branch, Onzie","unique name match, season not in known career span (or player has no profile yet)"
player_season_stats_2001_2004.csv,"Bravo, A.",Gallitos de Isabela,2001,228,"Bravo, Arturo","unique name match, season not in known career span (or player has no profile yet)"
player_season_leaders.csv,"Brown, Ernest",,2007,633,"Brown Stubbs, Ernest","unique name match, season not in known career span (or player has no profile yet)"
player_season_leaders.csv,"Burgess, Chris",,2012,374,"Burgess, Estadísticas Jugador","unique name match, season not in known career span (or player has no profile yet)"
historic_scoring_champions.csv,CARL SIMPSON,CAROLINA,2001,270,"Simpson, Carl","unique name match, season not in known career span (or player has no profile yet)"
player_season_stats_2001_2004.csv,"Caanen, W.",Leones de Ponce,2003,2300,"Caanen Cruz, Wilhelmus","unique name match, season not in known career span (or player has no profile yet)"
player_season_leaders_2000_2002.csv,"Caanen, Wilhelmus",SAN G,2001,2300,"Caanen Cruz, Wilhelmus","unique name match, season not in known career span (or player has no profile yet)"
player_season_stats_2001_2004.csv,"Calderon, A.",Capitanes de Arecibo,2001,124,"Calderon, Angel l.","unique name match, season not in known career span (or player has no profile yet)"
player_season_stats_2001_2004.csv,"Calderon, J.",Capitanes de Arecibo,2002,1237,"Calderon, Jose l.","unique name match, season not in known career span (or player has no profile yet)"
player_season_stats_2001_2004.csv,"Calderon, Y.",Capitanes de Arecibo,2002,2333,"Calderon Sierra, Yorell","unique name match, season not in known career span (or player has no profile yet)"
player_season_stats_2001_2004.csv,"Carrasquillo, A.",Criollos de Caguas,2001,196,"Carrasquillo Rivera, Antonio","unique name match, season not in known career span (or player has no profile yet)"
player_season_stats_2001_2004.csv,"Carrasquillo, A.",Criollos de Caguas,2002,196,"Carrasquillo Rivera, Antonio","unique name match, season not in known career span (or player has no profile yet)"
player_season_stats_2001_2004.csv,"Carrasquillo, A.",Titanes de Morovis,2003,196,"Carrasquillo Rivera, Antonio","unique name match, season not in known career span (or player has no profile yet)"
player_season_leaders_2000_2002.csv,"Carrasquillo, Antonio",CAGUA,2001,196,"Carrasquillo Rivera, Antonio","unique name match, season not in known career span (or player has no profile yet)"
player_season_stats_2001_2004.csv,"Cepeda, J.",Gigantes de Carolina,2001,990,"Cepeda Martinez, James","unique name match, season not in known career span (or player has no profile yet)"
player_season_stats_2001_2004.csv,"Chiclana, J.",Gigantes de Carolina,2001,1089,"Chiclana Carlo, Jonas","unique name match, season not in known career span (or player has no profile yet)"
player_season_stats_2001_2004.csv,"Christian, J.",Capitanes de Arecibo,2002,1243,"Christian Sanchez, Jose Luis","unique name match, season not in known career span (or player has no profile yet)"
player_season_leaders.csv,"Christmas, Rakeem",Mets,2020,13263,"Christmas, Rakeem","unique name match, season not in known career span (or player has no profile yet)"
player_season_stats_2001_2004.csv,"Cidre, G.",Capitanes de Arecibo,2001,831,"Cidre, Guillermo","unique name match, season not in known career span (or player has no profile yet)"
player_season_leaders.csv,"Cintron, Raymond",Capitanes,2019,2826,"Cintron Cortes, Raymond","unique name match, season not in known career span (or player has no profile yet)"
player_season_leaders.csv,"Cintrón, Raymond",Capitanes,2020,2826,"Cintron Cortes, Raymond","unique name match, season not in known career span (or player has no profile yet)"
player_season_stats_2001_2004.csv,"Clark, S.",Maratonistas de Coamo,2002,2169,"Clark, Shelly","unique name match, season not in known career span (or player has no profile yet)"
player_season_leaders.csv,"Clarke, Coty",Piratas,2020,13107,"Clarke, Coty","unique name match, season not in known career span (or player has no profile yet)"
player_season_leaders.csv,"Clavell, Gilberto",Santeros,2020,2701,"Clavell, Gilberto","unique name match, season not in known career span (or player has no profile yet)"
player_season_leaders.csv,"Clavell, Gilberto",Cariduros,2021,2701,"Clavell, Gilberto","unique name match, season not in known career span (or player has no profile yet)"
player_season_leaders.csv,"Clemente, Denis",Capitanes,2019,2702,"Clemente, Denis","unique name match, season not in known career span (or player has no profile yet)"
player_season_leaders.csv,"Clemente, Denis",Capitanes,2020,2702,"Clemente, Denis","unique name match, season not in known career span (or player has no profile yet)"
player_season_leaders.csv,"Collier, Devon",Indios,2019,12927,"Collier, Devon","unique name match, season not in known career span (or player has no profile yet)"
player_season_leaders.csv,"Collins, De angelo",Leones,2010,460,"Collins, De angelo","unique name match, season not in known career span (or player has no profile yet)"
player_season_leaders.csv,"Colon, Benjamin",Vaqueros,2019,2336,"Colon Mojica, Benjamin","unique name match, season not in known career span (or player has no profile yet)"
player_season_stats_2001_2004.csv,"Colon, P.",Piratas de Quebradillas,2001,1797,"Colon, Pedro","unique name match, season not in known career span (or player has no profile yet)"
player_season_stats_2001_2004.csv,"Colon, P.",Capitanes de Arecibo,2002,1797,"Colon, Pedro","unique name match, season not in known career span (or player has no profile yet)"
player_season_leaders.csv,"Costner, Brandon",,2018,13045,"Costner, Brandon","unique name match, season not in known career span (or player has no profile yet)"
player_season_stats_2001_2004.csv,"Cotte, J.",Capitanes de Arecibo,2001,1077,"Cotte Martinez, John","unique name match, season not in known career span (or player has no profile yet)"
player_season_stats_2001_2004.csv,"Cotte, J.",Toritos de Cayey,2002,1077,"Cotte Martinez, John","unique name match, season not in known career span (or player has no profile yet)"
historic_scoring_champions.csv,DOMINGO GONZALEZ,SAN JUAN,1954,483,"Gonzalez, Domingo","unique name match, season not in known career span (or player has no profile yet)"
player_season_stats_2001_2004.csv,"Daily, K.",Titanes de Morovis,2003,1406,"Daily, Kevin","unique name match, season not in known career span (or player has no profile yet)"
player_season_leaders_2000_2002.csv,"Dalmau, Raymond",QUEBR,2001,1962,"Dalmau Perez, Raymond","unique name match, season not in known career span (or player has no profile yet)"
player_season_leaders_2000_2002.csv,"Dalmau, Raymond",QUEBR,2002,1962,"Dalmau Perez, Raymond","unique name match, season not in known career span (or player has no profile yet)"
player_season_leaders.csv,"Daniels, Will",Brujos,2020,12964,"Daniels, Will","unique name match, season not in known career span (or player has no profile yet)"
player_season_stats_2001_2004.csv,"Davila, F.",Brujos de Guayama,2001,666,"Davila Ortiz, Felix","unique name match, season not in known career span (or player has no profile yet)"
player_season_stats_2001_2004.csv,"Davila, F.",Indios de Mayaguez,2001,666,"Davila Ortiz, Felix","unique name match, season not in known career span (or player has no profile yet)"
player_season_stats_2001_2004.csv,"Davila, M.",Criollos de Caguas,2001,1642,"Davila Marti, Miguel","unique name match, season not in known career span (or player has no profile yet)"
player_season_stats_2001_2004.csv,"Davila, M.",Indios de Mayaguez,2002,1642,"Davila Marti, Miguel","unique name match, season not in known career span (or player has no profile yet)"
player_season_leaders_2000_2002.csv,"Davila, Miguel",CAGUA,2001,1642,"Davila Marti, Miguel","unique name match, season not in known career span (or player has no profile yet)"
player_season_leaders_2000_2002.csv,"Davila, Miguel",MAYAG,2002,1642,"Davila Marti, Miguel","unique name match, season not in known career span (or player has no profile yet)"
player_season_stats_2001_2004.csv,"Davis, N.",Titanes de Morovis,2001,1693,"Davis Jackson, Nathanael","unique name match, season not in known career span (or player has no profile yet)"
player_season_stats_2001_2004.csv,"Davis, N.",Titanes de Morovis,2002,1693,"Davis Jackson, Nathanael","unique name match, season not in known career span (or player has no profile yet)"
player_season_stats_2001_2004.csv,"Davis, N.",Titanes de Morovis,2003,1693,"Davis Jackson, Nathanael","unique name match, season not in known career span (or player has no profile yet)"
player_season_leaders_2000_2002.csv,"Davis, Nick",MOROV,2001,1693,"Davis Jackson, Nathanael","unique name match, season not in known career span (or player has no profile yet)"
player_season_leaders_2000_2002.csv,"Davis, Nick",MOROV,2002,1693,"Davis Jackson, Nathanael","unique name match, season not in known career span (or player has no profile yet)"
player_season_leaders.csv,"De Jesus, Jezreel",,2018,2823,"De Jesús, Jezreel","unique name match, season not in known career span (or player has no profile yet)"
player_season_leaders.csv,"De Jesus, Jezreel",Indios,2019,2823,"De Jesús, Jezreel","unique name match, season not in known career span (or player has no profile yet)"
player_season_leaders.csv,"De Jesús, Jezreel",Capitanes,2021,2823,"De Jesús, Jezreel","unique name match, season not in known career span (or player has no profile yet)"
player_season_leaders.csv,"Delk, Tony",,2008,2470,"Delk, Estadísticas Jugador","unique name match, season not in known career span (or player has no profile yet)"
player_season_leaders.csv,"Diaz, Guillermo",Atleticos,2019,2666,"Diaz, Guillermo","unique name match, season not in known career span (or player has no profile yet)"
player_season_leaders.csv,"Diaz, Guillermo",Cariduros,2021,2666,"Diaz, Guillermo","unique name match, season not in known career span (or player has no profile yet)"
player_season_leaders_2000_2002.csv,"Diaz, Rafael",COAMO,2002,1864,"Diaz Russi, Rafael","unique name match, season not in known career span (or player has no profile yet)"
player_season_stats_2001_2004.csv,"Dionisio, M.",Capitanes de Arecibo,2002,1644,"Dionisio Rivera, Miguel","unique name match, season not in known career span (or player has no profile yet)"
player_season_stats_2001_2004.csv,"Domenech, I.",Cangrejeros de Santurce,2001,923,"Domenech, Irving","unique name match, season not in known career span (or player has no profile yet)"
player_season_leaders.csv,"Duran, Cliff",Vaqueros,2021,2367,"Duran Colon, Cliff","unique name match, season not in known career span (or player has no profile yet)"
historic_scoring_champions.csv,EDGAR LEON,FAJARDO,1988,507,"León, Edgar","unique name match, season not in known career span (or player has no profile yet)"
historic_scoring_champions.csv,EDGAR LEON,FAJARDO,1990,507,"León, Edgar","unique name match, season not in known career span (or player has no profile yet)"
historic_scoring_champions.csv,EVELIO DROZ,BAYAMON,1959,655,"Droz Ramos, Evelio","unique name match, season not in known career span (or player has no profile yet)"
player_season_stats_2001_2004.csv,"Echevarria, A.",Brujos de Guayama,2001,209,"Echevarria Diaz, Armando","unique name match, season not in known career span (or player has no profile yet)"
player_season_stats_2001_2004.csv,"Echevarria, A.",Leones de Ponce,2001,209,"Echevarria Diaz, Armando","unique name match, season not in known career span (or player has no profile yet)"
player_season_stats_2001_2004.csv,"Echevarria, A.",Maratonistas de Coamo,2002,209,"Echevarria Diaz, Armando","unique name match, season not in known career span (or player has no profile yet)"
player_season_leaders.csv,"Elonu, Chinemelu",Capitanes,2020,13031,"Elonu, Chinemelu","unique name match, season not in known career span (or player has no profile yet)"
player_season_leaders.csv,"Elonu, Chinemelu",Capitanes,2021,13031,"Elonu, Chinemelu","unique name match, season not in known career span (or player has no profile yet)"
player_season_leaders.csv,"Emory, Carlos",Piratas,2021,2838,"Emory, Carlos","unique name match, season not in known career span (or player has no profile yet)"
player_season_leaders.csv,"Erazo, Josue",Atleticos,2020,13233,"Erazo Torres, Josue","unique name match, season not in known career span (or player has no profile yet)"
historic_scoring_champions.csv,FRANK CORTES,SAN JUAN,1971,745,"Cortes Quiñones, Frank","unique name match, season not in known career span (or player has no profile yet)"
historic_scoring_champions.csv,FUFI SANTORI,UPR,1952,1176,"Santori Coll, Jose","unique name match, season not in known career span (or player has no profile yet)"
player_season_stats_2001_2004.csv,"Facey, V.",Titanes de Morovis,2001,2233,"Facey Mendez, Vicente","unique name match, season not in known career span (or player has no profile yet)"
player_season_stats_2001_2004.csv,"Facey, V.",Maratonistas de Coamo,2002,2233,"Facey Mendez, Vicente","unique name match, season not in known career span (or player has no profile yet)"
player_season_stats_2001_2004.csv,"Facey, V.",Maratonistas de Coamo,2003,2233,"Facey Mendez, Vicente","unique name match, season not in known career span (or player has no profile yet)"
player_season_stats_2001_2004.csv,"Falu, A.",Gallitos de Isabela,2001,179,"Falú Allende, Antonio","unique name match, season not in known career span (or player has no profile yet)"
player_season_stats_2001_2004.csv,"Falu, A.",Gallitos de Isabela,2002,179,"Falú Allende, Antonio","unique name match, season not in known career span (or player has no profile yet)"
player_season_leaders_2000_2002.csv,"Fernandez, Erick",CAROL,2002,620,"Fernandez, Erick","unique name match, season not in known career span (or player has no profile yet)"
player_season_leaders.csv,"Fernandez, Tjader",Cariduros,2019,13079,"Fernandez Garcia, Tjader","unique name match, season not in known career span (or player has no profile yet)"
player_season_leaders.csv,"Fernández, Tjader",Atleticos,2020,13079,"Fernandez Garcia, Tjader","unique name match, season not in known career span (or player has no profile yet)"
player_season_leaders.csv,"Fernández, Tjader",Atleticos,2021,13079,"Fernandez Garcia, Tjader","unique name match, season not in known career span (or player has no profile yet)"
player_season_leaders.csv,"Fillyaw, Marcus",Brujos,2019,13131,"Fillyaw, Marcus","unique name match, season not in known career span (or player has no profile yet)"
player_season_leaders.csv,"Fillyaw, Marcus",Brujos,2020,13131,"Fillyaw, Marcus","unique name match, season not in known career span (or player has no profile yet)"
player_season_leaders.csv,"Flores, Daniel",Titanes,1986,416,"Flores Morales, Daniel","unique name match, season not in known career span (or player has no profile yet)"
player_season_leaders.csv,"Franklin, Alexander",Brujos,2021,2766,"Franklin, Alexander","unique name match, season not in known career span (or player has no profile yet)"
player_season_leaders.csv,"Gale Jr., Michael",Indios,2010,2613,"Gale Jr., Michael","unique name match, season not in known career span (or player has no profile yet)"
player_season_leaders.csv,"Gallardo, Julio",Indios,1986,1365,"Gallardo Quijano, Julio","unique name match, season not in known career span (or player has no profile yet)"
player_season_stats_2001_2004.csv,"Garcia, I.",Gigantes de Carolina,2002,961,"Garcia Saenz, Ivan m.","unique name match, season not in known career span (or player has no profile yet)"
player_season_leaders.csv,"Garcia, Jonathan",Piratas,2019,1094,"Garcia Bermudez, Jonathan","unique name match, season not in known career span (or player has no profile yet)"
player_season_leaders.csv,"Garcia, Leandro",Capitanes,2014,12923,"Garcia Morales, Leandro","unique name match, season not in known career span (or player has no profile yet)"
player_season_stats_2001_2004.csv,"Garcia, Y.",Capitanes de Arecibo,2001,2331,"Garcia Perez, Yan","unique name match, season not in known career span (or player has no profile yet)"
player_season_stats_2001_2004.csv,"Garcia, Y.",Gigantes de Carolina,2002,2331,"Garcia Perez, Yan","unique name match, season not in known career span (or player has no profile yet)"
player_season_leaders.csv,"Gaston, Chris",Santeros,2019,2821,"Gaston, Chris","unique name match, season not in known career span (or player has no profile yet)"
player_season_leaders.csv,"Gaston, Chris",Atleticos,2020,2821,"Gaston, Chris","unique name match, season not in known career span (or player has no profile yet)"
player_season_stats_2001_2004.csv,"Gates, P.",Criollos de Caguas,2002,1844,"Gates Santiago, Prentiss","unique name match, season not in known career span (or player has no profile yet)"
player_season_leaders_2000_2002.csv,"Gee, Jarrod",CAYEY,2002,995,"Gee, Jarrod","unique name match, season not in known career span (or player has no profile yet)"
player_season_leaders.csv,"Glenn, Robert",Cariduros,2019,13213,"Glenn, Robert","unique name match, season not in known career span (or player has no profile yet)"
player_season_leaders.csv,"Graham, Zach",,2014,2916,"Graham, Zach","unique name match, season not in known career span (or player has no profile yet)"
player_season_stats_2001_2004.csv,"Guibert, A.",Indios de Mayaguez,2001,84,"Guibert Sangerton, Andres","unique name match, season not in known career span (or player has no profile yet)"
player_season_leaders.csv,"Hamilton, Daniel",Mets,2020,13262,"Hamilton, Daniel","unique name match, season not in known career span (or player has no profile yet)"
player_season_leaders.csv,"Harper, Aaron",Capitanes,2020,13247,"Harper, Aaron","unique name match, season not in known career span (or player has no profile yet)"
player_season_stats_2001_2004.csv,"Harrison, G.",Titanes de Morovis,2001,816,"Harrison Custodio, Glenn m.","unique name match, season not in known career span (or player has no profile yet)"
player_season_leaders.csv,"Hernandez, Hector",Atleticos,2014,12926,"Hernandez Gallegos, Hector","unique name match, season not in known career span (or player has no profile yet)"
player_season_leaders.csv,"Hernandez, Luis",Piratas,2019,2637,"Hernandez Matias, Luis","unique name match, season not in known career span (or player has no profile yet)"
player_season_leaders.csv,"Herrera, Roberto","Indios, Mayaguez",2007,2056,"Herrera, Roberto","unique name match, season not in known career span (or player has no profile yet)"
player_season_stats_2001_2004.csv,"Higgs, N.",Capitanes de Arecibo,2001,1691,"Higgs, Nate","unique name match, season not in known career span (or player has no profile yet)"
player_season_leaders_2000_2002.csv,"Higgs, Nate",ARECI,2001,1691,"Higgs, Nate","unique name match, season not in known career span (or player has no profile yet)"
player_season_leaders_2000_2002.csv,"Higgs, Nate",CAROL,2002,1691,"Higgs, Nate","unique name match, season not in known career span (or player has no profile yet)"
player_season_leaders.csv,"Hodge Jr., Walter",Capitanes,2021,2514,"Hodge Jr., Walter","unique name match, season not in known career span (or player has no profile yet)"
player_season_leaders.csv,"Howard, Jordan",Brujos,2020,13200,"Howard, Jordan","unique name match, season not in known career span (or player has no profile yet)"
player_season_stats_2001_2004.csv,"Howard, S.",Capitanes de Arecibo,2002,2181,"Howard, Stephen","unique name match, season not in known career span (or player has no profile yet)"
historic_scoring_champions.csv,JAIME FRONTERA,ARECIBO,1966,974,"Frontera Colley, Jaime","unique name match, season not in known career span (or player has no profile yet)"
historic_scoring_champions.csv,JIM MALDONADO,ARECIBO,1983,1046,"Maldonado Chabot, Jim","unique name match, season not in known career span (or player has no profile yet)"
historic_scoring_champions.csv,JOHNNY BAEZ,RIO PIEDRAS,1957,1088,"Baez, Johnny","unique name match, season not in known career span (or player has no profile yet)"
historic_scoring_champions.csv,JOHNNY BAEZ,RIO PIEDRAS,1961,1088,"Baez, Johnny","unique name match, season not in known career span (or player has no profile yet)"
historic_scoring_champions.csv,JOHNNY BAEZ,SANTURCE,1964,1088,"Baez, Johnny","unique name match, season not in known career span (or player has no profile yet)"
player_season_stats_2001_2004.csv,"Jackson, R.",Titanes de Morovis,2001,1972,"Jackson Perkins, Reginald","unique name match, season not in known career span (or player has no profile yet)"
player_season_stats_2001_2004.csv,"Jackson, R.",Gallitos de Isabela,2002,1972,"Jackson Perkins, Reginald","unique name match, season not in known career span (or player has no profile yet)"
player_season_leaders.csv,"Jefferson, Cory",Atleticos,2020,13266,"Jefferson, Cory","unique name match, season not in known career span (or player has no profile yet)"
player_season_leaders.csv,"Johnson, Daniel",Piratas,2014,12924,"Johnson, Daniel","unique name match, season not in known career span (or player has no profile yet)"
player_season_leaders.csv,"Jones, Joseph",Santeros,2019,2877,"Jones, Joseph","unique name match, season not in known career span (or player has no profile yet)"
player_season_leaders.csv,"Josiah, Jahvari",Cariduros,2019,13076,"Josiah, Jahvari","unique name match, season not in known career span (or player has no profile yet)"
player_season_leaders.csv,"Josiah, Jahvari",Cariduros,2020,13076,"Josiah, Jahvari","unique name match, season not in known career span (or player has no profile yet)"
player_season_stats_2001_2004.csv,"King, K.",Piratas de Quebradillas,2001,1414,"King, Kirk","unique name match, season not in known career span (or player has no profile yet)"
player_season_leaders_2000_2002.csv,"King, Kirk",QUEBR,2001,1414,"King, Kirk","unique name match, season not in known career span (or player has no profile yet)"
player_season_leaders.csv,"Krauser, Carl",Indios,2008,2467,"Krauser Mays, Carl","unique name match, season not in known career span (or player has no profile yet)"
player_season_stats_2001_2004.csv,"Laguer, A.",Maratonistas de Coamo,2003,166,"Laguer, Anthony","unique name match, season not in known career span (or player has no profile yet)"
player_season_leaders.csv,"Lamizana, Herve",Vaqueros,2012,2693,"Lamizana, Herve","unique name match, season not in known career span (or player has no profile yet)"
player_season_leaders.csv,"Lanauze, Juan Jose",Mets,1986,2625,"Lanauze, Juan Jose","unique name match, season not in known career span (or player has no profile yet)"
player_season_leaders.csv,"Laury, David",Brujos,2019,13130,"Laury, David","unique name match, season not in known career span (or player has no profile yet)"
player_season_leaders.csv,"Ledo, Ricardo",,2018,13105,"Ledo, Ricardo","unique name match, season not in known career span (or player has no profile yet)"
player_season_stats_2001_2004.csv,"Leeks, K.",Gallitos de Isabela,2001,1398,"Leeks, Ken","unique name match, season not in known career span (or player has no profile yet)"
player_season_leaders.csv,"Lemon, Stedmon",Santeros,2019,13208,"Lemon, Stedmon","unique name match, season not in known career span (or player has no profile yet)"
player_season_leaders.csv,"Leon, Edgar",Cariduros,1986,507,"León, Edgar","unique name match, season not in known career span (or player has no profile yet)"
player_season_stats_2001_2004.csv,"Leon, F.",Maratonistas de Coamo,2001,738,"Leon Cruz, Francisco","unique name match, season not in known career span (or player has no profile yet)"
player_season_leaders.csv,"Leon, Francisco",Leones,1986,738,"Leon Cruz, Francisco","unique name match, season not in known career span (or player has no profile yet)"
player_season_leaders.csv,"Liz, Victor",Leones,2019,2778,"Liz, Victor","unique name match, season not in known career span (or player has no profile yet)"
player_season_leaders.csv,"Liz, Víctor",Leones,2021,2778,"Liz, Victor","unique name match, season not in known career span (or player has no profile yet)"
player_season_stats_2001_2004.csv,"Long, A.",Brujos de Guayama,2001,225,"Long, Art","unique name match, season not in known career span (or player has no profile yet)"
player_season_leaders.csv,"Lopez, Federico",Mets,1986,660,"Lopez Camacho, Federico","unique name match, season not in known career span (or player has no profile yet)"
player_season_stats_2001_2004.csv,"Lopez, M.",Polluelos de Aibonito,2001,12939,"Lopez, Matt","unique name match, season not in known career span (or player has no profile yet)"
player_season_stats_2001_2004.csv,"Lopez, M.",Toritos de Cayey,2002,12939,"Lopez, Matt","unique name match, season not in known career span (or player has no profile yet)"
player_season_stats_2001_2004.csv,"Lopez, M.",Titanes de Morovis,2003,12939,"Lopez, Matt","unique name match, season not in known career span (or player has no profile yet)"
historic_scoring_champions.csv,MARIO MORALES,GUAYNABO,1980,1584,"Morales Micheo, Mario","unique name match, season not in known career span (or player has no profile yet)"
historic_scoring_champions.csv,MARIO MORALES,GUAYNABO,1993,1584,"Morales Micheo, Mario","unique name match, season not in known career span (or player has no profile yet)"
historic_scoring_champions.csv,MARTIN ANZA,BAYAMON,1963,1594,"Anza, Martin","unique name match, season not in known career span (or player has no profile yet)"
player_season_stats_2001_2004.csv,"Machado, A.",Gallitos de Isabela,2001,13,"Machado Torres, Adrian","unique name match, season not in known career span (or player has no profile yet)"
player_season_stats_2001_2004.csv,"Machado, A.",Gallitos de Isabela,2002,13,"Machado Torres, Adrian","unique name match, season not in known career span (or player has no profile yet)"
player_season_leaders.csv,"Malcom, Ernesto",Atleticos,1986,634,"Malcom, Ernesto","unique name match, season not in known career span (or player has no profile yet)"
player_season_leaders.csv,"Maldonado, Jim",Capitanes,1986,1046,"Maldonado Chabot, Jim","unique name match, season not in known career span (or player has no profile yet)"
player_season_stats_2001_2004.csv,"Marrero, M.",Cangrejeros de Santurce,2003,1679,"Marrero, Moises","unique name match, season not in known career span (or player has no profile yet)"
player_season_stats_2001_2004.csv,"Martinez, F.",Indios de Mayaguez,2001,724,"Martinez Lara, Francisco","unique name match, season not in known career span (or player has no profile yet)"
player_season_stats_2001_2004.csv,"Martinez, F.",Leones de Ponce,2003,724,"Martinez Lara, Francisco","unique name match, season not in known career span (or player has no profile yet)"
player_season_leaders.csv,"Martinez, Wil",Indios,2019,12981,"Martinez, Wil","unique name match, season not in known career span (or player has no profile yet)"
player_season_leaders.csv,"Martínez, Wil",Gigantes,2021,12981,"Martinez, Wil","unique name match, season not in known career span (or player has no profile yet)"
player_season_leaders.csv,"Matias, Angel L.",Capitanes,2019,13066,"Matias De Leon, Angel L.","unique name match, season not in known career span (or player has no profile yet)"
player_season_leaders.csv,"Mays, James",Caciques,2010,2636,"Mays, James","unique name match, season not in known career span (or player has no profile yet)"
player_season_leaders.csv,"McCauley, Ben",Brujos,2020,13253,"McCauley, Ben","unique name match, season not in known career span (or player has no profile yet)"
player_season_leaders.csv,"McCauley, Ben",Brujos,2021,13253,"McCauley, Ben","unique name match, season not in known career span (or player has no profile yet)"
player_season_stats_2001_2004.csv,"Medrano, J.",Titanes de Morovis,2001,1125,"Medrano Ñunez, Jorge l.","unique name match, season not in known career span (or player has no profile yet)"
player_season_stats_2001_2004.csv,"Medrano, J.",Titanes de Morovis,2002,1125,"Medrano Ñunez, Jorge l.","unique name match, season not in known career span (or player has no profile yet)"
player_season_leaders_2000_2002.csv,"Medrano, Jorge",MOROV,2002,1125,"Medrano Ñunez, Jorge l.","unique name match, season not in known career span (or player has no profile yet)"
player_season_stats_2001_2004.csv,"Mendez, M.",Titanes de Morovis,2003,1646,"Mendez Ugarte, Miguel","unique name match, season not in known career span (or player has no profile yet)"
player_season_stats_2001_2004.csv,"Mendez, O.",Leones de Ponce,2001,1754,"Mendez Guilbert, Orlando","unique name match, season not in known career span (or player has no profile yet)"
player_season_leaders.csv,"Mendoza, Rigoberto",Cariduros,2021,13050,"Mendoza De la Rosa, Rigoberto","unique name match, season not in known career span (or player has no profile yet)"
player_season_leaders.csv,"Mickeal, Pete",,2014,2896,"Mickeal, Pete","unique name match, season not in known career span (or player has no profile yet)"
player_season_leaders.csv,"Minnerath, Nick",Leones,2019,13202,"Minnerath, Nick","unique name match, season not in known career span (or player has no profile yet)"
player_season_leaders.csv,"Mojica, Javier",Vaqueros,2020,2355,"Mojica Izquierdo, Javier","unique name match, season not in known career span (or player has no profile yet)"
player_season_stats_2001_2004.csv,"Montes, R.",Brujos de Guayama,2001,2063,"Montes, Roberto","unique name match, season not in known career span (or player has no profile yet)"
player_season_stats_2001_2004.csv,"Morgan, J.",Capitanes de Arecibo,2002,1017,"Morgan, Jayson","unique name match, season not in known career span (or player has no profile yet)"
player_season_stats_2001_2004.csv,"Muniz, A.",Gallitos de Isabela,2002,52,"Muniz Villanueva, Alexis","unique name match, season not in known career span (or player has no profile yet)"
player_season_leaders.csv,"Murphy, Jordan",Leones,2021,13307,"Murphy, Jordan","unique name match, season not in known career span (or player has no profile yet)"
player_season_stats_2001_2004.csv,"Myers, G.",Gigantes de Carolina,2001,834,"Myers Houghton, Guillermo","unique name match, season not in known career span (or player has no profile yet)"
player_season_stats_2001_2004.csv,"Myers, G.",Maratonistas de Coamo,2002,834,"Myers Houghton, Guillermo","unique name match, season not in known career span (or player has no profile yet)"
player_season_stats_2001_2004.csv,"Myers, G.",Gallitos de Isabela,2002,834,"Myers Houghton, Guillermo","unique name match, season not in known career span (or player has no profile yet)"
player_season_stats_2001_2004.csv,"Myers, G.",Maratonistas de Coamo,2003,834,"Myers Houghton, Guillermo","unique name match, season not in known career span (or player has no profile yet)"
player_season_stats_2001_2004.csv,"Neumann, H.",Gigantes de Carolina,2001,892,"Neumann Cruzval, Henry","unique name match, season not in known career span (or player has no profile yet)"
player_season_stats_2001_2004.csv,"Nieves, I.",Gigantes de Carolina,2001,955,"Nieves Otero, Ivan","unique name match, season not in known career span (or player has no profile yet)"
player_season_stats_2001_2004.csv,"Nieves, I.",Leones de Ponce,2002,955,"Nieves Otero, Ivan","unique name match, season not in known career span (or player has no profile yet)"
player_season_stats_2001_2004.csv,"Nieves, I.",Titanes de Morovis,2003,955,"Nieves Otero, Ivan","unique name match, season not in known career span (or player has no profile yet)"
player_season_stats_2001_2004.csv,"Nolan, N.",Indios de Mayaguez,2001,1729,"Nolan Roberts, Norman Lewis","unique name match, season not in known career span (or player has no profile yet)"
player_season_leaders_2000_2002.csv,"Nolan, Norman",MAYAG,2001,1729,"Nolan Roberts, Norman Lewis","unique name match, season not in known career span (or player has no profile yet)"
player_season_leaders.csv,"Nunnally, James",,2014,12929,"Nunnally, James","unique name match, season not in known career span (or player has no profile yet)"
player_season_leaders.csv,"Nuñez, Angel",Mets,2021,13285,"Nuñez, Angel","unique name match, season not in known career span (or player has no profile yet)"
player_season_leaders.csv,"Ocasio, Jonathan",Grises,2021,12992,"Ocasio Tulloch, Jonathan","unique name match, season not in known career span (or player has no profile yet)"
player_season_leaders.csv,"Ofoegbu, Ike",Indios,2010,2634,"Ofoegbu, Ike","unique name match, season not in known career span (or player has no profile yet)"
player_season_leaders.csv,"Ofoegbu, Ike",,2018,2634,"Ofoegbu, Ike","unique name match, season not in known career span (or player has no profile yet)"
player_season_leaders.csv,"Ortiz, David",Capitanes,1986,454,"Ortiz Valle, David","unique name match, season not in known career span (or player has no profile yet)"
player_season_stats_2001_2004.csv,"Ortiz, P.",Maratonistas de Coamo,2001,1812,"Ortiz, Pedro","unique name match, season not in known career span (or player has no profile yet)"
player_season_stats_2001_2004.csv,"Ortiz, V.",Indios de Mayaguez,2002,2261,"Ortiz Espada, Victor irving","unique name match, season not in known career span (or player has no profile yet)"
player_season_stats_2001_2004.csv,"Ortiz, V.",Maratonistas de Coamo,2002,2261,"Ortiz Espada, Victor irving","unique name match, season not in known career span (or player has no profile yet)"
historic_scoring_champions.csv,PACHIN VICENS,PONCE,1958,1327,"Vicens Sastre, Juan","unique name match, season not in known career span (or player has no profile yet)"
player_season_leaders.csv,"Pacheco, Bradley",Maratonistas,1986,253,"Pacheco Nevares, Bradley","unique name match, season not in known career span (or player has no profile yet)"
player_season_leaders.csv,"Pacheco, Georgie",Brujos,2021,13275,"Pacheco Ortiz, Georgie","unique name match, season not in known career span (or player has no profile yet)"
player_season_stats_2001_2004.csv,"Padilla, G.",Indios de Mayaguez,2001,802,"Padilla Flores, Gil","unique name match, season not in known career span (or player has no profile yet)"
player_season_leaders.csv,"Paige, Jaysean",Indios,2021,13280,"Paige, Jaysean","unique name match, season not in known career span (or player has no profile yet)"
player_season_leaders.csv,"Parker-Rivera, Timajh",Gigantes,2021,13282,"Parker-Rivera, Timajh","unique name match, season not in known career span (or player has no profile yet)"
player_season_leaders.csv,"Patterson, Lamar",Piratas,2020,13154,"Patterson, Lamar","unique name match, season not in known career span (or player has no profile yet)"
player_season_leaders.csv,"Penn, Kleon",Brujos,2019,2615,"Penn, Kleon","unique name match, season not in known career span (or player has no profile yet)"
player_season_leaders.csv,"Penn, Kleon",Brujos,2020,2615,"Penn, Kleon","unique name match, season not in known career span (or player has no profile yet)"
player_season_stats_2001_2004.csv,"Perez, F.",Piratas de Quebradillas,2001,680,"Perez Rivera, Felix Javier","unique name match, season not in known career span (or player has no profile yet)"
player_season_stats_2001_2004.csv,"Perez, F.",Capitanes de Arecibo,2002,680,"Perez Rivera, Felix Javier","unique name match, season not in known career span (or player has no profile yet)"
player_season_leaders_2000_2002.csv,"Perez, Felix",QUEBR,2001,680,"Perez Rivera, Felix Javier","unique name match, season not in known career span (or player has no profile yet)"
player_season_leaders.csv,"Phelps, Eugene",,2014,2910,"Phelps, Eugene","unique name match, season not in known career span (or player has no profile yet)"
player_season_leaders.csv,"Pittman, Dexter",Caciques,2014,12920,"Pittman, Dexter","unique name match, season not in known career span (or player has no profile yet)"
player_season_leaders.csv,"Pizarro, Christian",Capitanes,2019,13125,"Pizarro Rios, Christian Jomar","unique name match, season not in known career span (or player has no profile yet)"
player_season_leaders.csv,"Pizarro, Christian",Indios,2021,13125,"Pizarro Rios, Christian Jomar","unique name match, season not in known career span (or player has no profile yet)"
player_season_leaders.csv,"Piñeiro, Juan Pablo",Brujos,2019,13051,"Piñeiro, Juan Pablo","unique name match, season not in known career span (or player has no profile yet)"
player_season_leaders.csv,"Piñeiro, Juan Pablo",Brujos,2020,13051,"Piñeiro, Juan Pablo","unique name match, season not in known career span (or player has no profile yet)"
player_season_stats_2001_2004.csv,"Plummer, K.",Gallitos de Isabela,2002,1404,"Plummer, Kenny","unique name match, season not in known career span (or player has no profile yet)"
player_season_leaders.csv,"Powell, Josh",,2012,2756,"Powell, Josh","unique name match, season not in known career span (or player has no profile yet)"
player_season_leaders.csv,"Powell, Josh",Santeros,2018,2756,"Powell, Josh","unique name match, season not in known career span (or player has no profile yet)"
player_season_leaders.csv,"Putney, Raphiael",,2018,13162,"Putney, Raphiael","unique name match, season not in known career span (or player has no profile yet)"
player_season_stats_2001_2004.csv,"Quijano, F.",Gigantes de Carolina,2002,728,"Quijano Rivera, Francisco","unique name match, season not in known career span (or player has no profile yet)"
player_season_stats_2001_2004.csv,"Quinonez, J.",Gallitos de Isabela,2001,1157,"Quiñonez Figueroa, Jose","unique name match, season not in known career span (or player has no profile yet)"
player_season_stats_2001_2004.csv,"Quinonez, J.",Gallitos de Isabela,2002,1157,"Quiñonez Figueroa, Jose","unique name match, season not in known career span (or player has no profile yet)"
historic_scoring_champions.csv,RAFAEL VALLE,SAN JUAN,1956,1892,"Valle, Rafael","unique name match, season not in known career span (or player has no profile yet)"
historic_scoring_champions.csv,RAUL FELICIANO,UPR,1948,1943,"Feliciano Rodriguez, Raul","unique name match, season not in known career span (or player has no profile yet)"
historic_scoring_champions.csv,RAUL FELICIANO,UPR,1949,1943,"Feliciano Rodriguez, Raul","unique name match, season not in known career span (or player has no profile yet)"
historic_scoring_champions.csv,RAUL FELICIANO,UPR,1950,1943,"Feliciano Rodriguez, Raul","unique name match, season not in known career span (or player has no profile yet)"
historic_scoring_champions.csv,RAUL FELICIANO,UPR,1951,1943,"Feliciano Rodriguez, Raul","unique name match, season not in known career span (or player has no profile yet)"
historic_scoring_champions.csv,RAUL FELICIANO,UPR,1952,1943,"Feliciano Rodriguez, Raul","unique name match, season not in known career span (or player has no profile yet)"
historic_scoring_champions.csv,RAUL FELICIANO,UPR,1953,1943,"Feliciano Rodriguez, Raul","unique name match, season not in known career span (or player has no profile yet)"
historic_scoring_champions.csv,RAUL FELICIANO,RIO PIEDRAS,1955,1943,"Feliciano Rodriguez, Raul","unique name match, season not in known career span (or player has no profile yet)"
player_season_stats_2001_2004.csv,"Ramirez, S.",Leones de Ponce,2001,2176,"Ramirez Martinez, Soterio","unique name match, season not in known career span (or player has no profile yet)"
player_season_stats_2001_2004.csv,"Ramirez, S.",Indios de Mayaguez,2002,2176,"Ramirez Martinez, Soterio","unique name match, season not in known career span (or player has no profile yet)"
player_season_leaders.csv,"Ramos, Enrique",Cariduros,2019,13056,"Ramos Abad, Enrique","unique name match, season not in known career span (or player has no profile yet)"
player_season_leaders.csv,"Reese, Derek",Cariduros,2020,13113,"Reese, Derek","unique name match, season not in known career span (or player has no profile yet)"
player_season_leaders.csv,"Reese, Derek",Gigantes,2021,13113,"Reese, Derek","unique name match, season not in known career span (or player has no profile yet)"
player_season_leaders.csv,"Renfroe, Alex",Leones,2021,13192,"Renfroe, Alex","unique name match, season not in known career span (or player has no profile yet)"
player_season_leaders.csv,"Reyes, Justin",Indios,2021,13229,"Reyes, Justin","unique name match, season not in known career span (or player has no profile yet)"
player_season_leaders.csv,"Rhett, MJ",Capitanes,2019,13216,"Rhett, MJ","unique name match, season not in known career span (or player has no profile yet)"
player_season_leaders_2000_2002.csv,"Rivera, Eddie",ISABE,2001,895,"Rivera Santiago, Heriberto","unique name match, season not in known career span (or player has no profile yet)"
player_season_leaders_2000_2002.csv,"Rivera, Erick",CAROL,2001,629,"Rivera Marin, Erick leonel","unique name match, season not in known career span (or player has no profile yet)"
player_season_leaders.csv,"Rivera, Francisco",Maratonistas,1986,729,"Rivera Cordero, Francisco","unique name match, season not in known career span (or player has no profile yet)"
player_season_leaders.csv,"Rivera, Jorge",Vaqueros,1986,1127,"Rivera Motta, Jorge Luis","unique name match, season not in known career span (or player has no profile yet)"
player_season_leaders.csv,"Rivera, Juan ramon",Leones,1986,1356,"Rivera Diaz, Juan ramon","unique name match, season not in known career span (or player has no profile yet)"
player_season_stats_2001_2004.csv,"Rivera, O.",Capitanes de Arecibo,2001,1740,"Rivera Hernandez, Omar","unique name match, season not in known career span (or player has no profile yet)"
player_season_stats_2001_2004.csv,"Rivera, O.",Capitanes de Arecibo,2002,1740,"Rivera Hernandez, Omar","unique name match, season not in known career span (or player has no profile yet)"
player_season_stats_2001_2004.csv,"Rivera, P.",Maratonistas de Coamo,2003,1782,"Rivera, Pablo","unique name match, season not in known career span (or player has no profile yet)"
player_season_leaders.csv,"Rodriguez, Jose G.",Brujos,2019,13055,"Rodriguez, Jose G.","unique name match, season not in known career span (or player has no profile yet)"
player_season_leaders.csv,"Rodriguez, Jose G.",Brujos,2020,13055,"Rodriguez, Jose G.","unique name match, season not in known career span (or player has no profile yet)"
player_season_leaders.csv,"Rodriguez, Jose G.",Piratas,2021,13055,"Rodriguez, Jose G.","unique name match, season not in known career span (or player has no profile yet)"
player_season_leaders.csv,"Rodriguez, Wilfredo '",Capitanes,2020,13170,"Rodriguez Valentin, Wilfredo","unique name match, season not in known career span (or player has no profile yet)"
player_season_leaders.csv,"Rodríguez, Jonathan",Santeros,2020,2516,"Rodriguez, Jonathan","unique name match, season not in known career span (or player has no profile yet)"
player_season_leaders.csv,"Rodríguez, Jonathan",Cariduros,2021,2516,"Rodriguez, Jonathan","unique name match, season not in known career span (or player has no profile yet)"
player_season_stats_2001_2004.csv,"Rolon, J.",Capitanes de Arecibo,2001,1010,"Rolon, Javier","unique name match, season not in known career span (or player has no profile yet)"
player_season_stats_2001_2004.csv,"Rolon, J.",Capitanes de Arecibo,2002,1010,"Rolon, Javier","unique name match, season not in known career span (or player has no profile yet)"
player_season_leaders.csv,"Rolón, Tyquan",Mets,2021,13220,"Rolón, Tyquan","unique name match, season not in known career span (or player has no profile yet)"
player_season_stats_2001_2004.csv,"Romer, A.",Gigantes de Carolina,2001,134,"Romer Canario, Angel luis","unique name match, season not in known career span (or player has no profile yet)"
player_season_stats_2001_2004.csv,"Rosa, F.",Cangrejeros de Santurce,2003,730,"Rosa, Francisco","unique name match, season not in known career span (or player has no profile yet)"
player_season_leaders_2000_2002.csv,"Rosario, Jose",ISABE,2002,1167,"Rosario, Jose","unique name match, season not in known career span (or player has no profile yet)"
player_season_leaders.csv,"Rosario, Michael",Piratas,2019,2859,"Rosario, Michael","unique name match, season not in known career span (or player has no profile yet)"
player_season_leaders.csv,"Rosario, Mike",Piratas,2021,2859,"Rosario, Michael","unique name match, season not in known career span (or player has no profile yet)"
player_season_leaders.csv,"Rudd, Victor",Capitanes,2019,13210,"Rudd, Victor","unique name match, season not in known career span (or player has no profile yet)"
player_season_leaders.csv,"Rudd, Victor",Cariduros,2021,13210,"Rudd, Victor","unique name match, season not in known career span (or player has no profile yet)"
player_season_leaders.csv,"Ruiz, Jared",Indios,2020,12942,"Ruiz Melendez, Jared","unique name match, season not in known career span (or player has no profile yet)"
player_season_leaders.csv,"Russell, Walker",Piratas,2010,2620,"Russell Jr., Walker","unique name match, season not in known career span (or player has no profile yet)"
player_season_stats_2001_2004.csv,"Santiago, O.",Cangrejeros de Santurce,2001,13067,"Santiago Colon, Ogel A.","unique name match, season not in known career span (or player has no profile yet)"
player_season_stats_2001_2004.csv,"Santiago, O.",Cangrejeros de Santurce,2003,13067,"Santiago Colon, Ogel A.","unique name match, season not in known career span (or player has no profile yet)"
player_season_stats_2001_2004.csv,"Santos, X.",Gallitos de Isabela,2001,2328,"Santos, Xionel","unique name match, season not in known career span (or player has no profile yet)"
player_season_stats_2001_2004.csv,"Santos, X.",Gallitos de Isabela,2002,2328,"Santos, Xionel","unique name match, season not in known career span (or player has no profile yet)"
player_season_stats_2001_2004.csv,"Simms, W.",Gallitos de Isabela,2002,2314,"Simms, William","unique name match, season not in known career span (or player has no profile yet)"
player_season_stats_2001_2004.csv,"Simpson, C.",Gigantes de Carolina,2001,270,"Simpson, Carl","unique name match, season not in known career span (or player has no profile yet)"
player_season_leaders_2000_2002.csv,"Simpson, Carl",CAROL,2001,270,"Simpson, Carl","unique name match, season not in known career span (or player has no profile yet)"
player_season_leaders.csv,"Smith, Donta",Cangrejeros,2021,2569,"Smith, Donta","unique name match, season not in known career span (or player has no profile yet)"
player_season_leaders.csv,"Smith, Russ",Cariduros,2020,13255,"Smith, Russ","unique name match, season not in known career span (or player has no profile yet)"
player_season_stats_2001_2004.csv,"Soler, J.",Gallitos de Isabela,2002,1375,"Soler, Julio","unique name match, season not in known career span (or player has no profile yet)"
player_season_leaders.csv,"Sosa, Jose",Mets,1986,1171,"Sosa Oliveras, Jose","unique name match, season not in known career span (or player has no profile yet)"
player_season_stats_2001_2004.csv,"Soto, H.",Titanes de Morovis,2001,911,"Soto Ayala, Hugo","unique name match, season not in known career span (or player has no profile yet)"
player_season_leaders.csv,"Stockton, David",Mets,2021,13286,"Stockton, David","unique name match, season not in known career span (or player has no profile yet)"
player_season_leaders.csv,"Suarez, Rasham",Indios,2019,12961,"Suarez Donis, Rasham","unique name match, season not in known career span (or player has no profile yet)"
player_season_leaders.csv,"Suero, Gerardo",Vaqueros,2019,13209,"Suero, Gerardo","unique name match, season not in known career span (or player has no profile yet)"
player_season_leaders.csv,"Suero, Gerardo",Cariduros,2020,13209,"Suero, Gerardo","unique name match, season not in known career span (or player has no profile yet)"
player_season_leaders.csv,"Suero, Gerardo",Grises,2021,13209,"Suero, Gerardo","unique name match, season not in known career span (or player has no profile yet)"
player_season_leaders.csv,"Sweetney, Michael",Vaqueros,2012,2651,"Sweetney, Michael","unique name match, season not in known career span (or player has no profile yet)"
historic_scoring_champions.csv,TEO CRUZ,SANTURCE,1960,2200,"Cruz Downs, Teofilo","unique name match, season not in known career span (or player has no profile yet)"
historic_scoring_champions.csv,TEO CRUZ,SANTURCE,1962,2200,"Cruz Downs, Teofilo","unique name match, season not in known career span (or player has no profile yet)"
player_season_leaders.csv,"Taylor, Tyshawn",,2014,2888,"Taylor, Tyshawn","unique name match, season not in known career span (or player has no profile yet)"
player_season_leaders.csv,"Terry, Reyshawn",,2018,13000,"Terry, Reyshawn","unique name match, season not in known career span (or player has no profile yet)"
player_season_leaders.csv,"Terry, Reyshawn",Vaqueros,2020,13000,"Terry, Reyshawn","unique name match, season not in known career span (or player has no profile yet)"
player_season_stats_2001_2004.csv,"Thomas, A.",Capitanes de Arecibo,2002,21,"Thomas, Aki","unique name match, season not in known career span (or player has no profile yet)"
player_season_leaders.csv,"Thompson, Deon",Leones,2021,13306,"Thompson, Deon","unique name match, season not in known career span (or player has no profile yet)"
player_season_leaders.csv,"Torres, Eddie",Piratas,1986,501,"Torres Espinosa, Eddie","unique name match, season not in known career span (or player has no profile yet)"
player_season_leaders.csv,"Torres, Orlando",Brujos,1986,1758,"Torres Lopez, Orlando","unique name match, season not in known career span (or player has no profile yet)"
player_season_leaders.csv,"Tyler, Jeremy",Indios,2020,13227,"Tyler, Jeremy","unique name match, season not in known career span (or player has no profile yet)"
player_season_leaders.csv,"Uter, Adrian",Leones,2019,2866,"Uter, Adrian","unique name match, season not in known career span (or player has no profile yet)"
player_season_leaders.csv,"Uter, Adrian",Vaqueros,2021,2866,"Uter, Adrian","unique name match, season not in known career span (or player has no profile yet)"
player_season_stats_2001_2004.csv,"Valentin, O.",Polluelos de Aibonito,2001,1743,"Valentin, Omar e.","unique name match, season not in known career span (or player has no profile yet)"
player_season_leaders.csv,"Vargas, Gregory",Brujos,2014,2887,"Vargas, Gregory","unique name match, season not in known career span (or player has no profile yet)"
player_season_leaders.csv,"Vassallo, Danny",Capitanes,1986,434,"Vassallo Ocasio, Danny","unique name match, season not in known career span (or player has no profile yet)"
player_season_stats_2001_2004.csv,"Vazquez, D.",Indios de Mayaguez,2001,424,"Vazquez Rivera, Daniel","unique name match, season not in known career span (or player has no profile yet)"
player_season_stats_2001_2004.csv,"Vazquez, D.",Gallitos de Isabela,2002,424,"Vazquez Rivera, Daniel","unique name match, season not in known career span (or player has no profile yet)"
player_season_stats_2001_2004.csv,"Vazquez, J.",Gallitos de Isabela,2002,13138,"Vazquez Candelaria, Jason S.","unique name match, season not in known career span (or player has no profile yet)"
player_season_leaders.csv,"Vidot, Grimaldi",Capitanes,1986,827,"Vidot Hernandez, Grimaldi","unique name match, season not in known career span (or player has no profile yet)"
player_season_stats_2001_2004.csv,"Voce, G.",Brujos de Guayama,2001,776,"Voce Mcleod, Gary","unique name match, season not in known career span (or player has no profile yet)"
player_season_stats_2001_2004.csv,"Voce, G.",Gigantes de Carolina,2002,776,"Voce Mcleod, Gary","unique name match, season not in known career span (or player has no profile yet)"
player_season_stats_2001_2004.csv,"Voce, G.",Cangrejeros de Santurce,2003,776,"Voce Mcleod, Gary","unique name match, season not in known career span (or player has no profile yet)"
player_season_leaders.csv,"Wafer, Vakeaton """,Indios,2014,12919,"Wafer, Vakeaton","unique name match, season not in known career span (or player has no profile yet)"
player_season_leaders.csv,"Walker, Antoine",Mets,2010,2629,"Walker, Antoine","unique name match, season not in known career span (or player has no profile yet)"
player_season_stats_2001_2004.csv,"Watson, A.",Maratonistas de Coamo,2001,191,"Watson, Antonio","unique name match, season not in known career span (or player has no profile yet)"
player_season_leaders.csv,"Wesley, Tai",Brujos,2019,13198,"Wesley, Tai","unique name match, season not in known career span (or player has no profile yet)"
player_season_stats_2001_2004.csv,"White, J.",Gigantes de Carolina,2001,1287,"White, Joseph","unique name match, season not in known career span (or player has no profile yet)"
player_season_stats_2001_2004.csv,"White, J.",Gigantes de Carolina,2002,1287,"White, Joseph","unique name match, season not in known career span (or player has no profile yet)"
player_season_leaders_2000_2002.csv,"White, Joe",CAROL,2001,1287,"White, Joseph","unique name match, season not in known career span (or player has no profile yet)"
player_season_leaders_2000_2002.csv,"White, Joe",CAROL,2002,1287,"White, Joseph","unique name match, season not in known career span (or player has no profile yet)"
player_season_leaders.csv,"Wilkinson, Gary",Vaqueros,2014,2768,"Wilkinson, Gary","unique name match, season not in known career span (or player has no profile yet)"
player_season_leaders.csv,"Williams, Devin",,2018,13161,"Williams, Devin","unique name match, season not in known career span (or player has no profile yet)"
player_season_leaders.csv,"Williams, Marcus",,2018,2586,"Williams, Marcus","unique name match, season not in known career span (or player has no profile yet)"
player_season_stats_2001_2004.csv,"Wilson, M.",Polluelos de Aibonito,2001,1632,"Wilson Maldonado, Michael darell","unique name match, season not in known career span (or player has no profile yet)"
player_season_stats_2001_2004.csv,"Wilson, M.",Cangrejeros de Santurce,2003,1632,"Wilson Maldonado, Michael darell","unique name match, season not in known career span (or player has no profile yet)"
player_season_leaders.csv,"Wingate, Major",Caciques,2010,2452,"Wingate, Estadísticas Jugador","unique name match, season not in known career span (or player has no profile yet)"
player_season_leaders.csv,"Young, Mike",,2018,13167,"Young, Mike","unique name match, season not in known career span (or player has no profile yet)"
