game_id,season,date,team_raw,jersey,player_raw,bsnpr_id,minutes,fg2m,fg2a,fg3m,fg3a,ftm,fta,oreb,dreb,reb,ast,stl,blk,pf,tov,pts,confidence,source_id,source_url,retrieved_at
BS21001,2001,2001-05-16,BAYAMON,0,"Richard, Jaja",,32,6,9,0,0,3,7,4,2,6,1,2,2,3,3,15,single-source,wayback_bsnpr_games,https://web.archive.org/web/20011005142001id_/http://www.bsnpr.com:80/gamestatwide.asp?r=BS21001&grupo=,2026-09-08T15:37:09Z
BS21001,2001,2001-05-16,BAYAMON,12,"Padilla, Edgar",,22,3,4,1,3,0,1,0,2,2,1,1,0,4,2,9,single-source,wayback_bsnpr_games,https://web.archive.org/web/20011005142001id_/http://www.bsnpr.com:80/gamestatwide.asp?r=BS21001&grupo=,2026-09-08T15:37:09Z
BS21001,2001,2001-05-16,BAYAMON,15,"Latimer, Antonio",193,26,3,11,0,2,3,4,1,5,6,2,0,0,0,1,9,single-source,wayback_bsnpr_games,https://web.archive.org/web/20011005142001id_/http://www.bsnpr.com:80/gamestatwide.asp?r=BS21001&grupo=,2026-09-08T15:37:09Z
BS21001,2001,2001-05-16,BAYAMON,17,"Mincy, Jerome",1032,20,4,8,0,1,4,6,0,3,3,0,0,0,4,2,12,single-source,wayback_bsnpr_games,https://web.archive.org/web/20011005142001id_/http://www.bsnpr.com:80/gamestatwide.asp?r=BS21001&grupo=,2026-09-08T15:37:09Z
BS21001,2001,2001-05-16,BAYAMON,32,"Santiago, Eddin",502,18,2,3,0,0,0,0,0,1,1,1,0,0,1,1,4,single-source,wayback_bsnpr_games,https://web.archive.org/web/20011005142001id_/http://www.bsnpr.com:80/gamestatwide.asp?r=BS21001&grupo=,2026-09-08T15:37:09Z
BS21001,2001,2001-05-16,BAYAMON,4,"Western, Franklyn",,35,4,10,0,0,3,4,2,5,7,1,2,0,0,1,11,single-source,wayback_bsnpr_games,https://web.archive.org/web/20011005142001id_/http://www.bsnpr.com:80/gamestatwide.asp?r=BS21001&grupo=,2026-09-08T15:37:09Z
BS21001,2001,2001-05-16,BAYAMON,5,"Ortiz, Reyes",,15,2,2,1,2,2,2,0,0,0,0,0,0,4,1,9,single-source,wayback_bsnpr_games,https://web.archive.org/web/20011005142001id_/http://www.bsnpr.com:80/gamestatwide.asp?r=BS21001&grupo=,2026-09-08T15:37:09Z
BS21001,2001,2001-05-16,BAYAMON,6,"Travieso, Carmelo",,25,4,5,1,6,0,0,1,4,5,1,1,0,3,6,11,single-source,wayback_bsnpr_games,https://web.archive.org/web/20011005142001id_/http://www.bsnpr.com:80/gamestatwide.asp?r=BS21001&grupo=,2026-09-08T15:37:09Z
BS21001,2001,2001-05-16,BAYAMON,9,"Salgado, Gustavo",,7,1,3,0,0,0,0,2,0,2,1,1,1,0,0,2,single-source,wayback_bsnpr_games,https://web.archive.org/web/20011005142001id_/http://www.bsnpr.com:80/gamestatwide.asp?r=BS21001&grupo=,2026-09-08T15:37:09Z
BS21001,2001,2001-05-16,SANTURCE,1,"Lopez, Jose",,5,0,1,0,0,2,2,1,1,2,0,0,0,3,1,2,single-source,wayback_bsnpr_games,https://web.archive.org/web/20011005142001id_/http://www.bsnpr.com:80/gamestatwide.asp?r=BS21001&grupo=,2026-09-08T15:37:09Z
BS21001,2001,2001-05-16,SANTURCE,12,"Houroutunier, Rolando",,24,3,4,0,2,3,4,2,1,3,3,0,0,2,1,9,single-source,wayback_bsnpr_games,https://web.archive.org/web/20011005142001id_/http://www.bsnpr.com:80/gamestatwide.asp?r=BS21001&grupo=,2026-09-08T15:37:09Z
BS21001,2001,2001-05-16,SANTURCE,31,"Rosario, Rich",,9,2,3,0,0,0,1,1,0,1,0,0,0,0,1,4,single-source,wayback_bsnpr_games,https://web.archive.org/web/20011005142001id_/http://www.bsnpr.com:80/gamestatwide.asp?r=BS21001&grupo=,2026-09-08T15:37:09Z
BS21001,2001,2001-05-16,SANTURCE,33,"Falcon, Alex",,18,6,6,0,0,1,2,2,3,5,2,0,0,3,2,13,single-source,wayback_bsnpr_games,https://web.archive.org/web/20011005142001id_/http://www.bsnpr.com:80/gamestatwide.asp?r=BS21001&grupo=,2026-09-08T15:37:09Z
BS21001,2001,2001-05-16,SANTURCE,4,"Ortiz, Jose",,28,6,15,0,2,1,1,0,9,9,3,1,2,3,2,13,single-source,wayback_bsnpr_games,https://web.archive.org/web/20011005142001id_/http://www.bsnpr.com:80/gamestatwide.asp?r=BS21001&grupo=,2026-09-08T15:37:09Z
BS21001,2001,2001-05-16,SANTURCE,42,"Aubry, Jeffrey",,9,1,2,0,0,0,0,2,3,5,1,0,1,4,0,2,single-source,wayback_bsnpr_games,https://web.archive.org/web/20011005142001id_/http://www.bsnpr.com:80/gamestatwide.asp?r=BS21001&grupo=,2026-09-08T15:37:09Z
BS21001,2001,2001-05-16,SANTURCE,44,"Bocachica, Armando",,13,1,3,1,1,0,0,2,0,2,0,0,0,2,2,5,single-source,wayback_bsnpr_games,https://web.archive.org/web/20011005142001id_/http://www.bsnpr.com:80/gamestatwide.asp?r=BS21001&grupo=,2026-09-08T15:37:09Z
BS21001,2001,2001-05-16,SANTURCE,5,"Santiago, Orlando",,33,4,4,3,6,3,5,0,1,1,10,4,0,1,1,20,single-source,wayback_bsnpr_games,https://web.archive.org/web/20011005142001id_/http://www.bsnpr.com:80/gamestatwide.asp?r=BS21001&grupo=,2026-09-08T15:37:09Z
BS21001,2001,2001-05-16,SANTURCE,55,"Butler, Mario",,4,0,1,0,0,0,0,0,0,0,0,0,0,1,2,0,single-source,wayback_bsnpr_games,https://web.archive.org/web/20011005142001id_/http://www.bsnpr.com:80/gamestatwide.asp?r=BS21001&grupo=,2026-09-08T15:37:09Z
BS21001,2001,2001-05-16,SANTURCE,7,"Arroyo, Carlos",273,28,6,10,0,3,3,3,0,3,3,4,0,0,2,3,15,single-source,wayback_bsnpr_games,https://web.archive.org/web/20011005142001id_/http://www.bsnpr.com:80/gamestatwide.asp?r=BS21001&grupo=,2026-09-08T15:37:09Z
BS21001,2001,2001-05-16,SANTURCE,8,"Johnson, Dave",444,26,6,6,0,3,0,0,1,9,10,2,0,1,3,1,12,single-source,wayback_bsnpr_games,https://web.archive.org/web/20011005142001id_/http://www.bsnpr.com:80/gamestatwide.asp?r=BS21001&grupo=,2026-09-08T15:37:09Z
BS21001,2001,2001-05-16,SANTURCE,9,"Santiago, Edwin",,3,0,0,0,0,0,0,0,0,0,0,0,0,0,0,0,single-source,wayback_bsnpr_games,https://web.archive.org/web/20011005142001id_/http://www.bsnpr.com:80/gamestatwide.asp?r=BS21001&grupo=,2026-09-08T15:37:09Z
BS21002,2001,2020-05-16,CAGUAS,14,"Allende, Luis",,31,3,4,2,5,3,6,1,0,1,2,0,2,1,3,15,single-source,wayback_bsnpr_games,https://web.archive.org/web/20011111213643id_/http://www.bsnpr.com:80/gamestatwide.asp?r=BS21002,2026-09-08T15:38:44Z
BS21002,2001,2020-05-16,CAGUAS,15,"Rivas, Luis",,15,2,4,0,0,3,4,3,1,4,0,0,0,4,0,7,single-source,wayback_bsnpr_games,https://web.archive.org/web/20011111213643id_/http://www.bsnpr.com:80/gamestatwide.asp?r=BS21002,2026-09-08T15:38:44Z
BS21002,2001,2020-05-16,CAGUAS,20,"Rivera, Hecmar",,7,1,1,0,0,0,0,2,0,2,1,0,0,1,2,2,single-source,wayback_bsnpr_games,https://web.archive.org/web/20011111213643id_/http://www.bsnpr.com:80/gamestatwide.asp?r=BS21002,2026-09-08T15:38:44Z
BS21002,2001,2020-05-16,CAGUAS,21,"Rodriguez, Andres",87,2,0,0,0,0,0,0,0,0,0,0,0,0,0,0,0,single-source,wayback_bsnpr_games,https://web.archive.org/web/20011111213643id_/http://www.bsnpr.com:80/gamestatwide.asp?r=BS21002,2026-09-08T15:38:44Z
BS21002,2001,2020-05-16,CAGUAS,22,"Nieves, Josue",,13,2,5,1,6,0,0,0,1,1,0,1,0,2,1,7,single-source,wayback_bsnpr_games,https://web.archive.org/web/20011111213643id_/http://www.bsnpr.com:80/gamestatwide.asp?r=BS21002,2026-09-08T15:38:44Z
BS21002,2001,2020-05-16,CAGUAS,25,"Carrasquillo, Antonio",,29,5,6,2,2,0,0,2,9,11,0,1,0,2,3,16,single-source,wayback_bsnpr_games,https://web.archive.org/web/20011111213643id_/http://www.bsnpr.com:80/gamestatwide.asp?r=BS21002,2026-09-08T15:38:44Z
BS21002,2001,2020-05-16,CAGUAS,32,"Sanchez, Ricardo",,2,0,0,0,1,0,0,0,0,0,0,0,0,0,0,0,single-source,wayback_bsnpr_games,https://web.archive.org/web/20011111213643id_/http://www.bsnpr.com:80/gamestatwide.asp?r=BS21002,2026-09-08T15:38:44Z
BS21002,2001,2020-05-16,CAGUAS,34,"Bonilla, Kelvin",,2,1,1,0,1,0,0,0,0,0,0,0,0,0,0,2,single-source,wayback_bsnpr_games,https://web.archive.org/web/20011111213643id_/http://www.bsnpr.com:80/gamestatwide.asp?r=BS21002,2026-09-08T15:38:44Z
BS21002,2001,2020-05-16,CAGUAS,35,"Lopez, Ramsey",,2,0,0,0,0,2,2,0,0,0,0,0,0,0,1,2,single-source,wayback_bsnpr_games,https://web.archive.org/web/20011111213643id_/http://www.bsnpr.com:80/gamestatwide.asp?r=BS21002,2026-09-08T15:38:44Z
BS21002,2001,2020-05-16,CAGUAS,4,"Colon, Angel",,25,6,9,0,1,2,2,0,0,0,2,3,0,4,2,14,single-source,wayback_bsnpr_games,https://web.archive.org/web/20011111213643id_/http://www.bsnpr.com:80/gamestatwide.asp?r=BS21002,2026-09-08T15:38:44Z
BS21002,2001,2020-05-16,CAGUAS,5,"Rivera, Ahmed",,2,0,0,0,0,0,0,0,2,2,0,0,0,0,0,0,single-source,wayback_bsnpr_games,https://web.archive.org/web/20011111213643id_/http://www.bsnpr.com:80/gamestatwide.asp?r=BS21002,2026-09-08T15:38:44Z
BS21002,2001,2020-05-16,CAGUAS,6,"Burgos, Gary J",,5,1,1,0,0,0,0,0,1,1,0,0,0,2,1,2,single-source,wayback_bsnpr_games,https://web.archive.org/web/20011111213643id_/http://www.bsnpr.com:80/gamestatwide.asp?r=BS21002,2026-09-08T15:38:44Z
BS21002,2001,2020-05-16,CAGUAS,7,"Davila, Michelo",1660,33,0,4,1,3,0,0,0,3,3,5,0,0,2,3,3,single-source,wayback_bsnpr_games,https://web.archive.org/web/20011111213643id_/http://www.bsnpr.com:80/gamestatwide.asp?r=BS21002,2026-09-08T15:38:44Z
BS21002,2001,2020-05-16,CAGUAS,8,"Farmer, Tony",,32,6,8,3,11,7,9,1,7,8,6,2,0,1,0,28,single-source,wayback_bsnpr_games,https://web.archive.org/web/20011111213643id_/http://www.bsnpr.com:80/gamestatwide.asp?r=BS21002,2026-09-08T15:38:44Z
BS21002,2001,2020-05-16,COAMO,10,"Rivera, Filiberto",704,30,4,6,0,2,2,2,0,0,0,6,4,1,1,2,10,single-source,wayback_bsnpr_games,https://web.archive.org/web/20011111213643id_/http://www.bsnpr.com:80/gamestatwide.asp?r=BS21002,2026-09-08T15:38:44Z
BS21002,2001,2020-05-16,COAMO,12,"Miller, Ira",,20,2,2,1,2,0,0,0,2,2,1,0,0,2,1,7,single-source,wayback_bsnpr_games,https://web.archive.org/web/20011111213643id_/http://www.bsnpr.com:80/gamestatwide.asp?r=BS21002,2026-09-08T15:38:44Z
BS21002,2001,2020-05-16,COAMO,13,"Leon, Francisco",,3,0,0,0,0,0,0,0,0,0,0,0,0,1,1,0,single-source,wayback_bsnpr_games,https://web.archive.org/web/20011111213643id_/http://www.bsnpr.com:80/gamestatwide.asp?r=BS21002,2026-09-08T15:38:44Z
BS21002,2001,2020-05-16,COAMO,14,"Frazer, Rolando",,8,0,1,0,0,0,2,1,0,1,0,0,1,1,0,0,single-source,wayback_bsnpr_games,https://web.archive.org/web/20011111213643id_/http://www.bsnpr.com:80/gamestatwide.asp?r=BS21002,2026-09-08T15:38:44Z
BS21002,2001,2020-05-16,COAMO,15,"Luna, Manuel",,2,0,1,0,1,0,0,0,0,0,1,0,0,0,0,0,single-source,wayback_bsnpr_games,https://web.archive.org/web/20011111213643id_/http://www.bsnpr.com:80/gamestatwide.asp?r=BS21002,2026-09-08T15:38:44Z
BS21002,2001,2020-05-16,COAMO,16,"Rivera, Angel",,9,1,1,0,0,4,6,1,2,3,1,1,0,4,1,6,single-source,wayback_bsnpr_games,https://web.archive.org/web/20011111213643id_/http://www.bsnpr.com:80/gamestatwide.asp?r=BS21002,2026-09-08T15:38:44Z
BS21002,2001,2020-05-16,COAMO,17,"Watson, Antonio",,30,8,17,0,0,1,2,8,3,11,0,1,0,3,7,17,single-source,wayback_bsnpr_games,https://web.archive.org/web/20011111213643id_/http://www.bsnpr.com:80/gamestatwide.asp?r=BS21002,2026-09-08T15:38:44Z
BS21002,2001,2020-05-16,COAMO,4,"Caraballo, Jose",,2,1,2,0,1,0,0,2,0,2,0,0,0,0,0,2,single-source,wayback_bsnpr_games,https://web.archive.org/web/20011111213643id_/http://www.bsnpr.com:80/gamestatwide.asp?r=BS21002,2026-09-08T15:38:44Z
BS21002,2001,2020-05-16,COAMO,44,"Casablanca, Fernando",,10,3,4,0,0,3,4,1,3,4,0,0,0,3,0,9,single-source,wayback_bsnpr_games,https://web.archive.org/web/20011111213643id_/http://www.bsnpr.com:80/gamestatwide.asp?r=BS21002,2026-09-08T15:38:44Z
BS21002,2001,2020-05-16,COAMO,5,"Rios, Roberto",2076,12,1,2,0,2,0,0,1,0,1,1,2,0,1,1,2,single-source,wayback_bsnpr_games,https://web.archive.org/web/20011111213643id_/http://www.bsnpr.com:80/gamestatwide.asp?r=BS21002,2026-09-08T15:38:44Z
BS21002,2001,2020-05-16,COAMO,6,"Escalera, Carlos",284,38,2,9,1,7,0,0,1,7,8,3,1,1,3,5,7,single-source,wayback_bsnpr_games,https://web.archive.org/web/20011111213643id_/http://www.bsnpr.com:80/gamestatwide.asp?r=BS21002,2026-09-08T15:38:44Z
BS21002,2001,2020-05-16,COAMO,8,"Ortiz, Pedro",,2,0,1,0,0,0,0,0,0,0,0,0,0,0,0,0,single-source,wayback_bsnpr_games,https://web.archive.org/web/20011111213643id_/http://www.bsnpr.com:80/gamestatwide.asp?r=BS21002,2026-09-08T15:38:44Z
BS21002,2001,2020-05-16,COAMO,9,"Payano, Carlos",,34,8,10,1,6,1,2,1,6,7,3,2,1,2,2,20,single-source,wayback_bsnpr_games,https://web.archive.org/web/20011111213643id_/http://www.bsnpr.com:80/gamestatwide.asp?r=BS21002,2026-09-08T15:38:44Z
BS21003,2001,2001-05-17,AIBONITO,10,"Melendez, Orlando",,29,5,7,0,3,0,1,2,7,9,1,0,1,4,3,10,single-source,wayback_bsnpr_games,https://web.archive.org/web/20011111213858id_/http://www.bsnpr.com:80/gamestatwide.asp?r=BS21003,2026-09-08T15:38:46Z
BS21003,2001,2001-05-17,AIBONITO,12,"Hernandez, Jason",,20,1,2,3,4,2,4,0,0,0,2,0,0,2,2,13,single-source,wayback_bsnpr_games,https://web.archive.org/web/20011111213858id_/http://www.bsnpr.com:80/gamestatwide.asp?r=BS21003,2026-09-08T15:38:46Z
BS21003,2001,2001-05-17,AIBONITO,16,"Murray, Joe",1286,32,1,5,0,0,2,6,4,6,10,2,0,0,4,5,4,single-source,wayback_bsnpr_games,https://web.archive.org/web/20011111213858id_/http://www.bsnpr.com:80/gamestatwide.asp?r=BS21003,2026-09-08T15:38:46Z
BS21003,2001,2001-05-17,AIBONITO,17,"Wilson, Monti",,38,6,9,3,7,3,6,2,10,12,4,1,1,4,1,24,single-source,wayback_bsnpr_games,https://web.archive.org/web/20011111213858id_/http://www.bsnpr.com:80/gamestatwide.asp?r=BS21003,2026-09-08T15:38:46Z
BS21003,2001,2001-05-17,AIBONITO,18,"Rivera, Axel",,8,1,3,0,0,0,0,0,3,3,0,0,0,2,1,2,single-source,wayback_bsnpr_games,https://web.archive.org/web/20011111213858id_/http://www.bsnpr.com:80/gamestatwide.asp?r=BS21003,2026-09-08T15:38:46Z
BS21003,2001,2001-05-17,AIBONITO,4,"Lopez, Michael",143,32,8,12,0,0,3,4,1,3,4,4,3,0,2,2,19,single-source,wayback_bsnpr_games,https://web.archive.org/web/20011111213858id_/http://www.bsnpr.com:80/gamestatwide.asp?r=BS21003,2026-09-08T15:38:46Z
BS21003,2001,2001-05-17,AIBONITO,8,"Hiraldo, Christopher",,11,1,2,1,3,0,0,0,0,0,1,0,0,0,0,5,single-source,wayback_bsnpr_games,https://web.archive.org/web/20011111213858id_/http://www.bsnpr.com:80/gamestatwide.asp?r=BS21003,2026-09-08T15:38:46Z
BS21003,2001,2001-05-17,AIBONITO,9,"Rodriguez, Erick",624,30,2,6,2,7,0,2,1,1,2,0,2,0,3,3,10,single-source,wayback_bsnpr_games,https://web.archive.org/web/20011111213858id_/http://www.bsnpr.com:80/gamestatwide.asp?r=BS21003,2026-09-08T15:38:46Z
BS21003,2001,2001-05-17,ISABELA,10,"Santos, Xiomer",,6,0,0,0,1,0,0,0,0,0,0,1,0,0,0,0,single-source,wayback_bsnpr_games,https://web.archive.org/web/20011111213858id_/http://www.bsnpr.com:80/gamestatwide.asp?r=BS21003,2026-09-08T15:38:46Z
BS21003,2001,2001-05-17,ISABELA,11,"Quinonez, Joel",,37,5,8,2,8,5,6,2,2,4,2,1,0,3,1,21,single-source,wayback_bsnpr_games,https://web.archive.org/web/20011111213858id_/http://www.bsnpr.com:80/gamestatwide.asp?r=BS21003,2026-09-08T15:38:46Z
BS21003,2001,2001-05-17,ISABELA,12,"Lopez, Jose",,15,1,7,0,0,5,6,2,3,5,0,1,0,0,1,7,single-source,wayback_bsnpr_games,https://web.archive.org/web/20011111213858id_/http://www.bsnpr.com:80/gamestatwide.asp?r=BS21003,2026-09-08T15:38:46Z
BS21003,2001,2001-05-17,ISABELA,13,"Fernandez, Erick",,21,1,4,0,3,0,0,2,3,5,2,0,0,5,2,2,single-source,wayback_bsnpr_games,https://web.archive.org/web/20011111213858id_/http://www.bsnpr.com:80/gamestatwide.asp?r=BS21003,2026-09-08T15:38:46Z
BS21003,2001,2001-05-17,ISABELA,2,"Rivera, Eddie",,27,4,7,1,2,3,4,0,2,2,0,2,0,4,3,14,single-source,wayback_bsnpr_games,https://web.archive.org/web/20011111213858id_/http://www.bsnpr.com:80/gamestatwide.asp?r=BS21003,2026-09-08T15:38:46Z
BS21003,2001,2001-05-17,ISABELA,23,"Benzen, Gilberto",,36,2,6,2,4,2,2,2,2,4,1,1,1,1,2,12,single-source,wayback_bsnpr_games,https://web.archive.org/web/20011111213858id_/http://www.bsnpr.com:80/gamestatwide.asp?r=BS21003,2026-09-08T15:38:46Z
BS21003,2001,2001-05-17,ISABELA,45,"Lee, Kenny",,37,7,12,0,0,1,1,5,10,15,0,0,2,3,4,15,single-source,wayback_bsnpr_games,https://web.archive.org/web/20011111213858id_/http://www.bsnpr.com:80/gamestatwide.asp?r=BS21003,2026-09-08T15:38:46Z
BS21003,2001,2001-05-17,ISABELA,48,"Machado, Adrian",,21,2,2,3,9,0,0,0,7,7,1,0,1,5,2,13,single-source,wayback_bsnpr_games,https://web.archive.org/web/20011111213858id_/http://www.bsnpr.com:80/gamestatwide.asp?r=BS21003,2026-09-08T15:38:46Z
BS21005,2001,2001-05-17,GUAYAMA,10,"Rivera, Carlos",338,16,1,3,0,0,0,0,0,2,2,2,1,0,2,1,2,single-source,wayback_bsnpr_games,https://web.archive.org/web/20011224150148id_/http://www.bsnpr.com:80/gamestatwide.asp?r=BS21005&grupo=,2026-09-08T15:41:14Z
BS21005,2001,2001-05-17,GUAYAMA,11,"Carter, James",,40,5,12,1,3,4,4,0,1,1,5,0,0,4,3,17,single-source,wayback_bsnpr_games,https://web.archive.org/web/20011224150148id_/http://www.bsnpr.com:80/gamestatwide.asp?r=BS21005&grupo=,2026-09-08T15:41:14Z
BS21005,2001,2001-05-17,GUAYAMA,13,"Benson, Mark",,19,0,2,4,7,0,0,2,2,4,0,0,0,0,1,12,single-source,wayback_bsnpr_games,https://web.archive.org/web/20011224150148id_/http://www.bsnpr.com:80/gamestatwide.asp?r=BS21005&grupo=,2026-09-08T15:41:14Z
BS21005,2001,2001-05-17,GUAYAMA,14,"Voce, Gary",,20,3,5,0,0,3,4,1,5,6,1,0,0,1,0,9,single-source,wayback_bsnpr_games,https://web.archive.org/web/20011224150148id_/http://www.bsnpr.com:80/gamestatwide.asp?r=BS21005&grupo=,2026-09-08T15:41:14Z
BS21005,2001,2001-05-17,GUAYAMA,15,"Rivera, David",,19,2,3,1,3,0,0,3,2,5,3,0,0,4,2,7,single-source,wayback_bsnpr_games,https://web.archive.org/web/20011224150148id_/http://www.bsnpr.com:80/gamestatwide.asp?r=BS21005&grupo=,2026-09-08T15:41:14Z
BS21005,2001,2001-05-17,GUAYAMA,18,"Rosario, Jose",,21,4,9,0,0,1,1,1,3,4,1,0,0,3,2,9,single-source,wayback_bsnpr_games,https://web.archive.org/web/20011224150148id_/http://www.bsnpr.com:80/gamestatwide.asp?r=BS21005&grupo=,2026-09-08T15:41:14Z
BS21005,2001,2001-05-17,GUAYAMA,33,"Paniagua, Angel",,28,4,6,2,4,1,2,1,5,6,1,0,0,3,3,15,single-source,wayback_bsnpr_games,https://web.archive.org/web/20011224150148id_/http://www.bsnpr.com:80/gamestatwide.asp?r=BS21005&grupo=,2026-09-08T15:41:14Z
BS21005,2001,2001-05-17,GUAYAMA,55,"Weily, Joe",,37,5,11,0,0,5,5,1,6,7,0,0,0,4,3,15,single-source,wayback_bsnpr_games,https://web.archive.org/web/20011224150148id_/http://www.bsnpr.com:80/gamestatwide.asp?r=BS21005&grupo=,2026-09-08T15:41:14Z
BS21005,2001,2001-05-17,SAN GERMAN,1,"Jackson, Leroy",1442,35,8,11,0,2,2,6,5,4,9,2,0,0,1,3,18,single-source,wayback_bsnpr_games,https://web.archive.org/web/20011224150148id_/http://www.bsnpr.com:80/gamestatwide.asp?r=BS21005&grupo=,2026-09-08T15:41:14Z
BS21005,2001,2001-05-17,SAN GERMAN,13,"Fajardo, Sharrif",,26,1,4,0,1,3,4,0,4,4,1,0,0,1,2,5,single-source,wayback_bsnpr_games,https://web.archive.org/web/20011224150148id_/http://www.bsnpr.com:80/gamestatwide.asp?r=BS21005&grupo=,2026-09-08T15:41:14Z
BS21005,2001,2001-05-17,SAN GERMAN,17,"Dalmau, Christian",382,40,8,12,3,8,1,3,2,1,3,6,2,1,3,2,26,single-source,wayback_bsnpr_games,https://web.archive.org/web/20011224150148id_/http://www.bsnpr.com:80/gamestatwide.asp?r=BS21005&grupo=,2026-09-08T15:41:14Z
BS21005,2001,2001-05-17,SAN GERMAN,18,"Barea, Irving",,8,1,2,0,0,0,0,0,3,3,0,0,0,1,0,2,single-source,wayback_bsnpr_games,https://web.archive.org/web/20011224150148id_/http://www.bsnpr.com:80/gamestatwide.asp?r=BS21005&grupo=,2026-09-08T15:41:14Z
BS21005,2001,2001-05-17,SAN GERMAN,20,"Ayuso, Larry",574,35,4,8,5,8,2,2,1,7,8,3,0,0,0,1,25,single-source,wayback_bsnpr_games,https://web.archive.org/web/20011224150148id_/http://www.bsnpr.com:80/gamestatwide.asp?r=BS21005&grupo=,2026-09-08T15:41:14Z
BS21005,2001,2001-05-17,SAN GERMAN,21,"Febres, Arnaldo",,11,0,1,0,0,0,2,0,2,2,0,0,0,1,1,0,single-source,wayback_bsnpr_games,https://web.archive.org/web/20011224150148id_/http://www.bsnpr.com:80/gamestatwide.asp?r=BS21005&grupo=,2026-09-08T15:41:14Z
BS21005,2001,2001-05-17,SAN GERMAN,26,"Zayas, Gerardo",795,6,0,0,0,0,0,0,0,0,0,0,0,0,4,1,0,single-source,wayback_bsnpr_games,https://web.archive.org/web/20011224150148id_/http://www.bsnpr.com:80/gamestatwide.asp?r=BS21005&grupo=,2026-09-08T15:41:14Z
BS21005,2001,2001-05-17,SAN GERMAN,32,"Lazor, Robert",2037,34,4,10,0,2,4,4,6,5,11,0,0,0,3,0,12,single-source,wayback_bsnpr_games,https://web.archive.org/web/20011224150148id_/http://www.bsnpr.com:80/gamestatwide.asp?r=BS21005&grupo=,2026-09-08T15:41:14Z
BS21005,2001,2001-05-17,SAN GERMAN,7,"Quinonez, Nelson",,5,0,0,1,2,0,0,0,0,0,0,0,0,2,0,3,single-source,wayback_bsnpr_games,https://web.archive.org/web/20011224150148id_/http://www.bsnpr.com:80/gamestatwide.asp?r=BS21005&grupo=,2026-09-08T15:41:14Z
BS21006,2001,2001-05-18,BAYAMON,0,"Richard, Jaja",,37,5,10,0,0,0,0,2,5,7,1,0,3,4,3,10,single-source,wayback_bsnpr_games,https://web.archive.org/web/20011125215016id_/http://www.bsnpr.com:80/gamestatwide.asp?r=BS21006&grupo=,2026-09-08T15:39:13Z
BS21006,2001,2001-05-18,BAYAMON,12,"Padilla, Edgar",,28,2,3,1,1,2,2,1,5,6,10,0,0,4,1,9,single-source,wayback_bsnpr_games,https://web.archive.org/web/20011125215016id_/http://www.bsnpr.com:80/gamestatwide.asp?r=BS21006&grupo=,2026-09-08T15:39:13Z
BS21006,2001,2001-05-18,BAYAMON,13,"Leon, Edgar",,2,0,2,0,0,0,0,1,0,1,0,0,0,1,1,0,single-source,wayback_bsnpr_games,https://web.archive.org/web/20011125215016id_/http://www.bsnpr.com:80/gamestatwide.asp?r=BS21006&grupo=,2026-09-08T15:39:13Z
BS21006,2001,2001-05-18,BAYAMON,15,"Latimer, Antonio",193,31,2,6,0,2,1,2,3,5,8,2,0,0,0,1,5,single-source,wayback_bsnpr_games,https://web.archive.org/web/20011125215016id_/http://www.bsnpr.com:80/gamestatwide.asp?r=BS21006&grupo=,2026-09-08T15:39:13Z
BS21006,2001,2001-05-18,BAYAMON,17,"Mincy, Jerome",1032,14,1,3,0,0,5,6,1,1,2,0,0,0,4,2,7,single-source,wayback_bsnpr_games,https://web.archive.org/web/20011125215016id_/http://www.bsnpr.com:80/gamestatwide.asp?r=BS21006&grupo=,2026-09-08T15:39:13Z
BS21006,2001,2001-05-18,BAYAMON,32,"Santiago, Eddin",502,12,2,3,0,0,0,0,0,1,1,1,2,0,0,2,4,single-source,wayback_bsnpr_games,https://web.archive.org/web/20011125215016id_/http://www.bsnpr.com:80/gamestatwide.asp?r=BS21006&grupo=,2026-09-08T15:39:13Z
BS21006,2001,2001-05-18,BAYAMON,4,"Western, Franklyn",,36,9,18,0,0,1,2,1,6,7,4,2,1,1,4,19,single-source,wayback_bsnpr_games,https://web.archive.org/web/20011125215016id_/http://www.bsnpr.com:80/gamestatwide.asp?r=BS21006&grupo=,2026-09-08T15:39:13Z
BS21006,2001,2001-05-18,BAYAMON,5,"Ortiz, Reyes",,6,1,1,0,1,0,0,1,0,1,1,0,0,0,0,2,single-source,wayback_bsnpr_games,https://web.archive.org/web/20011125215016id_/http://www.bsnpr.com:80/gamestatwide.asp?r=BS21006&grupo=,2026-09-08T15:39:13Z
BS21006,2001,2001-05-18,BAYAMON,6,"Travieso, Carmelo",,34,5,8,3,7,0,0,0,4,4,0,0,0,3,2,19,single-source,wayback_bsnpr_games,https://web.archive.org/web/20011125215016id_/http://www.bsnpr.com:80/gamestatwide.asp?r=BS21006&grupo=,2026-09-08T15:39:13Z
BS21006,2001,2001-05-18,GUAYAMA,10,"Rivera, Carlos",338,5,0,1,2,3,0,0,0,0,0,1,0,0,0,1,6,single-source,wayback_bsnpr_games,https://web.archive.org/web/20011125215016id_/http://www.bsnpr.com:80/gamestatwide.asp?r=BS21006&grupo=,2026-09-08T15:39:13Z
BS21006,2001,2001-05-18,GUAYAMA,11,"Carter, James",,36,2,11,0,3,5,6,1,3,4,5,0,0,1,3,9,single-source,wayback_bsnpr_games,https://web.archive.org/web/20011125215016id_/http://www.bsnpr.com:80/gamestatwide.asp?r=BS21006&grupo=,2026-09-08T15:39:13Z
BS21006,2001,2001-05-18,GUAYAMA,13,"Benson, Mark",,35,5,11,4,8,2,2,3,3,6,0,4,0,0,3,24,single-source,wayback_bsnpr_games,https://web.archive.org/web/20011125215016id_/http://www.bsnpr.com:80/gamestatwide.asp?r=BS21006&grupo=,2026-09-08T15:39:13Z
BS21006,2001,2001-05-18,GUAYAMA,14,"Voce, Gary",,31,1,5,0,2,0,0,1,8,9,1,0,0,4,0,2,single-source,wayback_bsnpr_games,https://web.archive.org/web/20011125215016id_/http://www.bsnpr.com:80/gamestatwide.asp?r=BS21006&grupo=,2026-09-08T15:39:13Z
BS21006,2001,2001-05-18,GUAYAMA,15,"Rivera, David",,17,3,5,0,0,1,2,1,0,1,0,1,0,1,1,7,single-source,wayback_bsnpr_games,https://web.archive.org/web/20011125215016id_/http://www.bsnpr.com:80/gamestatwide.asp?r=BS21006&grupo=,2026-09-08T15:39:13Z
BS21006,2001,2001-05-18,GUAYAMA,17,"Colon, Giovanny",,4,0,1,0,1,0,0,0,0,0,0,1,0,0,0,0,single-source,wayback_bsnpr_games,https://web.archive.org/web/20011125215016id_/http://www.bsnpr.com:80/gamestatwide.asp?r=BS21006&grupo=,2026-09-08T15:39:13Z
BS21006,2001,2001-05-18,GUAYAMA,18,"Rosario, Jose",,23,2,8,0,0,1,1,4,1,5,1,0,0,3,1,5,single-source,wayback_bsnpr_games,https://web.archive.org/web/20011125215016id_/http://www.bsnpr.com:80/gamestatwide.asp?r=BS21006&grupo=,2026-09-08T15:39:13Z
BS21006,2001,2001-05-18,GUAYAMA,33,"Paniagua, Angel",,23,2,3,2,4,0,0,2,4,6,3,1,0,1,3,10,single-source,wayback_bsnpr_games,https://web.archive.org/web/20011125215016id_/http://www.bsnpr.com:80/gamestatwide.asp?r=BS21006&grupo=,2026-09-08T15:39:13Z
BS21006,2001,2001-05-18,GUAYAMA,55,"Wiley, Joe",,26,2,5,0,0,1,2,1,5,6,0,0,2,4,4,5,single-source,wayback_bsnpr_games,https://web.archive.org/web/20011125215016id_/http://www.bsnpr.com:80/gamestatwide.asp?r=BS21006&grupo=,2026-09-08T15:39:13Z
BS21007,2001,2001-05-18,COAMO,10,"Rivera, Filiberto",704,28,3,6,1,3,2,2,0,0,0,1,2,0,2,0,11,single-source,wayback_bsnpr_games,https://web.archive.org/web/20011111220100id_/http://www.bsnpr.com:80/gamestatwide.asp?r=BS21007,2026-09-08T15:38:54Z
BS21007,2001,2001-05-18,COAMO,11,"Rivera, Luis",,8,0,0,0,0,1,2,0,0,0,0,0,0,1,1,1,single-source,wayback_bsnpr_games,https://web.archive.org/web/20011111220100id_/http://www.bsnpr.com:80/gamestatwide.asp?r=BS21007,2026-09-08T15:38:54Z
BS21007,2001,2001-05-18,COAMO,12,"Miller, Ira",,10,0,1,1,3,1,2,0,2,2,0,0,0,1,2,4,single-source,wayback_bsnpr_games,https://web.archive.org/web/20011111220100id_/http://www.bsnpr.com:80/gamestatwide.asp?r=BS21007,2026-09-08T15:38:54Z
BS21007,2001,2001-05-18,COAMO,13,"Leon, Francisco",,6,0,0,0,0,0,0,0,0,0,0,0,0,2,2,0,single-source,wayback_bsnpr_games,https://web.archive.org/web/20011111220100id_/http://www.bsnpr.com:80/gamestatwide.asp?r=BS21007,2026-09-08T15:38:54Z
BS21007,2001,2001-05-18,COAMO,14,"Frazer, Rolando",,11,2,2,0,0,0,0,1,1,2,0,0,0,2,0,4,single-source,wayback_bsnpr_games,https://web.archive.org/web/20011111220100id_/http://www.bsnpr.com:80/gamestatwide.asp?r=BS21007,2026-09-08T15:38:54Z
BS21007,2001,2001-05-18,COAMO,16,"Rivera, Angel",,12,0,1,0,1,2,2,0,1,1,0,0,0,4,2,2,single-source,wayback_bsnpr_games,https://web.archive.org/web/20011111220100id_/http://www.bsnpr.com:80/gamestatwide.asp?r=BS21007,2026-09-08T15:38:54Z
BS21007,2001,2001-05-18,COAMO,17,"Watson, Antonio",,36,4,7,1,2,6,7,0,4,4,1,0,1,2,3,17,single-source,wayback_bsnpr_games,https://web.archive.org/web/20011111220100id_/http://www.bsnpr.com:80/gamestatwide.asp?r=BS21007,2026-09-08T15:38:54Z
BS21007,2001,2001-05-18,COAMO,4,"Caraballo, Jose",,3,1,1,0,1,4,4,0,0,0,1,2,0,1,3,6,single-source,wayback_bsnpr_games,https://web.archive.org/web/20011111220100id_/http://www.bsnpr.com:80/gamestatwide.asp?r=BS21007,2026-09-08T15:38:54Z
BS21007,2001,2001-05-18,COAMO,44,"Casablanca, Fernando",,3,0,0,0,0,0,0,0,0,0,0,0,0,0,1,0,single-source,wayback_bsnpr_games,https://web.archive.org/web/20011111220100id_/http://www.bsnpr.com:80/gamestatwide.asp?r=BS21007,2026-09-08T15:38:54Z
BS21007,2001,2001-05-18,COAMO,5,"Rios, Roberto",2076,8,0,2,2,2,1,2,1,0,1,0,0,0,2,1,7,single-source,wayback_bsnpr_games,https://web.archive.org/web/20011111220100id_/http://www.bsnpr.com:80/gamestatwide.asp?r=BS21007,2026-09-08T15:38:54Z
BS21007,2001,2001-05-18,COAMO,6,"Escalera, Carlos",284,32,2,6,1,5,2,4,1,0,1,7,2,0,2,3,9,single-source,wayback_bsnpr_games,https://web.archive.org/web/20011111220100id_/http://www.bsnpr.com:80/gamestatwide.asp?r=BS21007,2026-09-08T15:38:54Z
BS21007,2001,2001-05-18,COAMO,7,"Berdiel, Miguel",1666,8,0,3,0,1,0,0,0,0,0,2,1,0,1,1,0,single-source,wayback_bsnpr_games,https://web.archive.org/web/20011111220100id_/http://www.bsnpr.com:80/gamestatwide.asp?r=BS21007,2026-09-08T15:38:54Z
BS21007,2001,2001-05-18,COAMO,9,"Payano, Carlos",,35,3,5,2,8,2,2,1,3,4,2,1,0,5,4,14,single-source,wayback_bsnpr_games,https://web.archive.org/web/20011111220100id_/http://www.bsnpr.com:80/gamestatwide.asp?r=BS21007,2026-09-08T15:38:54Z
BS21007,2001,2001-05-18,PONCE,10,"Hatton, Bobby Joe",2074,11,2,2,0,1,0,0,0,1,1,1,2,0,0,0,4,single-source,wayback_bsnpr_games,https://web.archive.org/web/20011111220100id_/http://www.bsnpr.com:80/gamestatwide.asp?r=BS21007,2026-09-08T15:38:54Z
BS21007,2001,2001-05-18,PONCE,11,"Casiano, Eddie",498,34,7,12,2,6,8,9,0,3,3,3,2,0,2,5,28,single-source,wayback_bsnpr_games,https://web.archive.org/web/20011111220100id_/http://www.bsnpr.com:80/gamestatwide.asp?r=BS21007,2026-09-08T15:38:54Z
BS21007,2001,2001-05-18,PONCE,12,"Ricardo, Osiris",,9,0,0,0,0,0,0,0,4,4,0,0,1,2,0,0,single-source,wayback_bsnpr_games,https://web.archive.org/web/20011111220100id_/http://www.bsnpr.com:80/gamestatwide.asp?r=BS21007,2026-09-08T15:38:54Z
BS21007,2001,2001-05-18,PONCE,14,"Delgado, Anibal",,3,0,1,0,0,0,0,0,0,0,0,0,0,2,1,0,single-source,wayback_bsnpr_games,https://web.archive.org/web/20011111220100id_/http://www.bsnpr.com:80/gamestatwide.asp?r=BS21007,2026-09-08T15:38:54Z
BS21007,2001,2001-05-18,PONCE,15,"Colon, Gabriel",773,1,2,2,0,0,0,0,1,1,2,0,0,0,0,0,4,single-source,wayback_bsnpr_games,https://web.archive.org/web/20011111220100id_/http://www.bsnpr.com:80/gamestatwide.asp?r=BS21007,2026-09-08T15:38:54Z
BS21007,2001,2001-05-18,PONCE,16,"Martinez, Rafael",,12,1,1,0,1,2,2,0,3,3,1,0,0,3,0,4,single-source,wayback_bsnpr_games,https://web.archive.org/web/20011111220100id_/http://www.bsnpr.com:80/gamestatwide.asp?r=BS21007,2026-09-08T15:38:54Z
BS21007,2001,2001-05-18,PONCE,25,"Morales, Ferdinand",,36,5,10,0,3,5,7,7,5,12,3,2,0,4,2,15,single-source,wayback_bsnpr_games,https://web.archive.org/web/20011111220100id_/http://www.bsnpr.com:80/gamestatwide.asp?r=BS21007,2026-09-08T15:38:54Z
BS21007,2001,2001-05-18,PONCE,4,"Colon, Antonio",,39,6,12,1,2,4,5,1,4,5,9,3,0,5,6,19,single-source,wayback_bsnpr_games,https://web.archive.org/web/20011111220100id_/http://www.bsnpr.com:80/gamestatwide.asp?r=BS21007,2026-09-08T15:38:54Z
BS21007,2001,2001-05-18,PONCE,6,"Lockhart, Ian",914,30,2,8,0,0,1,2,7,4,11,0,0,0,4,3,5,single-source,wayback_bsnpr_games,https://web.archive.org/web/20011111220100id_/http://www.bsnpr.com:80/gamestatwide.asp?r=BS21007,2026-09-08T15:38:54Z
BS21007,2001,2001-05-18,PONCE,69,"Echevarria, Antonio",,17,4,6,0,0,1,1,4,3,7,2,1,0,2,0,9,single-source,wayback_bsnpr_games,https://web.archive.org/web/20011111220100id_/http://www.bsnpr.com:80/gamestatwide.asp?r=BS21007,2026-09-08T15:38:54Z
BS21007,2001,2001-05-18,PONCE,7,"Orta, Raul",1946,1,1,1,0,0,0,0,0,0,0,0,0,0,0,0,2,single-source,wayback_bsnpr_games,https://web.archive.org/web/20011111220100id_/http://www.bsnpr.com:80/gamestatwide.asp?r=BS21007,2026-09-08T15:38:54Z
BS21007,2001,2001-05-18,PONCE,8,"Ramirez, Sean",,7,2,2,0,1,0,0,0,1,1,0,0,2,1,2,4,single-source,wayback_bsnpr_games,https://web.archive.org/web/20011111220100id_/http://www.bsnpr.com:80/gamestatwide.asp?r=BS21007,2026-09-08T15:38:54Z
BS21008,2001,2001-05-18,ARECIBO,09,"Garcia, Jan",,22,7,9,0,2,3,5,1,0,1,0,2,0,3,1,17,single-source,wayback_bsnpr_games,https://web.archive.org/web/20011111222028id_/http://www.bsnpr.com:80/gamestatwide.asp?r=BS21008,2026-09-08T15:38:58Z
BS21008,2001,2001-05-18,ARECIBO,10,"Cidre, Guillermo",,2,0,1,0,0,0,0,1,0,1,0,0,0,0,0,0,single-source,wayback_bsnpr_games,https://web.archive.org/web/20011111222028id_/http://www.bsnpr.com:80/gamestatwide.asp?r=BS21008,2026-09-08T15:38:58Z
BS21008,2001,2001-05-18,ARECIBO,14,"Rivera, Jorge",1127,24,8,12,0,1,1,4,1,4,5,1,1,1,1,1,17,single-source,wayback_bsnpr_games,https://web.archive.org/web/20011111222028id_/http://www.bsnpr.com:80/gamestatwide.asp?r=BS21008,2026-09-08T15:38:58Z
BS21008,2001,2001-05-18,ARECIBO,17,"Martinez, Elionel",579,4,0,1,0,1,0,0,0,0,0,0,0,0,2,1,0,single-source,wayback_bsnpr_games,https://web.archive.org/web/20011111222028id_/http://www.bsnpr.com:80/gamestatwide.asp?r=BS21008,2026-09-08T15:38:58Z
BS21008,2001,2001-05-18,ARECIBO,18,"Cortes, David",448,10,0,1,0,0,2,2,1,1,2,0,0,1,0,0,2,single-source,wayback_bsnpr_games,https://web.archive.org/web/20011111222028id_/http://www.bsnpr.com:80/gamestatwide.asp?r=BS21008,2026-09-08T15:38:58Z
BS21008,2001,2001-05-18,ARECIBO,20,"Rivera, Roman",,3,0,2,0,0,1,2,0,1,1,0,2,0,2,2,1,single-source,wayback_bsnpr_games,https://web.archive.org/web/20011111222028id_/http://www.bsnpr.com:80/gamestatwide.asp?r=BS21008,2026-09-08T15:38:58Z
BS21008,2001,2001-05-18,ARECIBO,21,"Rivera, Omar",,4,0,0,0,0,0,0,0,0,0,0,0,0,0,0,0,single-source,wayback_bsnpr_games,https://web.archive.org/web/20011111222028id_/http://www.bsnpr.com:80/gamestatwide.asp?r=BS21008,2026-09-08T15:38:58Z
BS21008,2001,2001-05-18,ARECIBO,22,"Rodriguez, Israel",,1,0,0,0,0,0,0,0,0,0,0,1,0,0,0,0,single-source,wayback_bsnpr_games,https://web.archive.org/web/20011111222028id_/http://www.bsnpr.com:80/gamestatwide.asp?r=BS21008,2026-09-08T15:38:58Z
BS21008,2001,2001-05-18,ARECIBO,25,"Hill, Kris",1416,28,6,6,0,3,1,1,4,6,10,6,1,0,3,4,13,single-source,wayback_bsnpr_games,https://web.archive.org/web/20011111222028id_/http://www.bsnpr.com:80/gamestatwide.asp?r=BS21008,2026-09-08T15:38:58Z
BS21008,2001,2001-05-18,ARECIBO,31,"Cruz, Rafael",1895,23,2,5,0,1,4,6,0,4,4,6,2,0,1,6,8,single-source,wayback_bsnpr_games,https://web.archive.org/web/20011111222028id_/http://www.bsnpr.com:80/gamestatwide.asp?r=BS21008,2026-09-08T15:38:58Z
BS21008,2001,2001-05-18,ARECIBO,32,"Calderon, Axel",,14,2,2,0,0,1,2,2,1,3,0,0,0,3,0,5,single-source,wayback_bsnpr_games,https://web.archive.org/web/20011111222028id_/http://www.bsnpr.com:80/gamestatwide.asp?r=BS21008,2026-09-08T15:38:58Z
BS21008,2001,2001-05-18,ARECIBO,33,"Rolon, Javier",,23,5,8,0,2,0,0,2,0,2,1,0,0,1,1,10,single-source,wayback_bsnpr_games,https://web.archive.org/web/20011111222028id_/http://www.bsnpr.com:80/gamestatwide.asp?r=BS21008,2026-09-08T15:38:58Z
BS21008,2001,2001-05-18,ARECIBO,7,"Cotte, John",,19,1,4,1,4,0,2,2,2,4,4,2,0,0,0,5,single-source,wayback_bsnpr_games,https://web.archive.org/web/20011111222028id_/http://www.bsnpr.com:80/gamestatwide.asp?r=BS21008,2026-09-08T15:38:58Z
BS21008,2001,2001-05-18,ARECIBO,8,"Figueroa, Angel",135,23,6,10,0,4,4,5,5,3,8,0,0,0,1,0,16,single-source,wayback_bsnpr_games,https://web.archive.org/web/20011111222028id_/http://www.bsnpr.com:80/gamestatwide.asp?r=BS21008,2026-09-08T15:38:58Z
BS21008,2001,2001-05-18,CAROLINA,11,"Aska, Joseph",,16,3,5,0,1,0,0,1,2,3,0,1,0,4,4,6,single-source,wayback_bsnpr_games,https://web.archive.org/web/20011111222028id_/http://www.bsnpr.com:80/gamestatwide.asp?r=BS21008,2026-09-08T15:38:58Z
BS21008,2001,2001-05-18,CAROLINA,12,"Alomar, Carlos",,8,0,2,0,1,1,2,0,0,0,0,0,0,0,0,1,single-source,wayback_bsnpr_games,https://web.archive.org/web/20011111222028id_/http://www.bsnpr.com:80/gamestatwide.asp?r=BS21008,2026-09-08T15:38:58Z
BS21008,2001,2001-05-18,CAROLINA,14,"Valenzuela, Hector",869,8,2,4,0,0,0,0,0,0,0,1,0,0,0,1,4,single-source,wayback_bsnpr_games,https://web.archive.org/web/20011111222028id_/http://www.bsnpr.com:80/gamestatwide.asp?r=BS21008,2026-09-08T15:38:58Z
BS21008,2001,2001-05-18,CAROLINA,15,"Ayala, Alexander",,13,1,1,1,1,0,0,1,2,3,1,0,0,4,3,5,single-source,wayback_bsnpr_games,https://web.archive.org/web/20011111222028id_/http://www.bsnpr.com:80/gamestatwide.asp?r=BS21008,2026-09-08T15:38:58Z
BS21008,2001,2001-05-18,CAROLINA,16,"Cepeda, James",,17,4,7,0,0,1,2,3,0,3,0,1,0,2,1,9,single-source,wayback_bsnpr_games,https://web.archive.org/web/20011111222028id_/http://www.bsnpr.com:80/gamestatwide.asp?r=BS21008,2026-09-08T15:38:58Z
BS21008,2001,2001-05-18,CAROLINA,17,"White, Joe",,19,2,8,0,0,3,4,3,2,5,1,1,1,2,0,7,single-source,wayback_bsnpr_games,https://web.archive.org/web/20011111222028id_/http://www.bsnpr.com:80/gamestatwide.asp?r=BS21008,2026-09-08T15:38:58Z
BS21008,2001,2001-05-18,CAROLINA,18,"Simpson, Carl",,32,6,10,1,2,1,2,2,4,6,1,0,1,1,2,16,single-source,wayback_bsnpr_games,https://web.archive.org/web/20011111222028id_/http://www.bsnpr.com:80/gamestatwide.asp?r=BS21008,2026-09-08T15:38:58Z
BS21008,2001,2001-05-18,CAROLINA,4,"Torres, Georgie",,25,1,3,0,5,0,0,0,1,1,4,2,0,2,3,2,single-source,wayback_bsnpr_games,https://web.archive.org/web/20011111222028id_/http://www.bsnpr.com:80/gamestatwide.asp?r=BS21008,2026-09-08T15:38:58Z
BS21008,2001,2001-05-18,CAROLINA,5,"Nieves, Ivan",954,17,3,5,2,7,0,0,1,1,2,2,2,0,2,2,12,single-source,wayback_bsnpr_games,https://web.archive.org/web/20011111222028id_/http://www.bsnpr.com:80/gamestatwide.asp?r=BS21008,2026-09-08T15:38:58Z
BS21008,2001,2001-05-18,CAROLINA,6,"Borgos, Rich",,16,2,2,0,0,1,1,0,2,2,3,1,0,4,3,5,single-source,wayback_bsnpr_games,https://web.archive.org/web/20011111222028id_/http://www.bsnpr.com:80/gamestatwide.asp?r=BS21008,2026-09-08T15:38:58Z
BS21008,2001,2001-05-18,CAROLINA,7,"Romer, Angel",,14,1,3,0,0,2,3,2,3,5,1,0,0,3,3,4,single-source,wayback_bsnpr_games,https://web.archive.org/web/20011111222028id_/http://www.bsnpr.com:80/gamestatwide.asp?r=BS21008,2026-09-08T15:38:58Z
BS21008,2001,2001-05-18,CAROLINA,8,"Rodriguez, Armando",,15,1,2,1,2,1,1,0,2,2,0,0,1,1,0,6,single-source,wayback_bsnpr_games,https://web.archive.org/web/20011111222028id_/http://www.bsnpr.com:80/gamestatwide.asp?r=BS21008,2026-09-08T15:38:58Z
BS21009,2001,2001-05-18,CAGUAS,11,"Nieves, Josue",,14,1,3,0,6,0,0,0,1,1,0,0,0,0,0,2,single-source,wayback_bsnpr_games,https://web.archive.org/web/20011226135044id_/http://www.bsnpr.com:80/gamestatwide.asp?r=BS21009,2026-09-08T15:41:44Z
BS21009,2001,2001-05-18,CAGUAS,14,"Allende, Luis",,34,3,7,1,7,2,2,0,2,2,4,0,1,4,4,11,single-source,wayback_bsnpr_games,https://web.archive.org/web/20011226135044id_/http://www.bsnpr.com:80/gamestatwide.asp?r=BS21009,2026-09-08T15:41:44Z
BS21009,2001,2001-05-18,CAGUAS,15,"Rivas, Luis",,12,3,6,0,0,0,0,2,1,3,0,0,0,4,1,6,single-source,wayback_bsnpr_games,https://web.archive.org/web/20011226135044id_/http://www.bsnpr.com:80/gamestatwide.asp?r=BS21009,2026-09-08T15:41:44Z
BS21009,2001,2001-05-18,CAGUAS,25,"Carrasquillo, Antonio",,38,3,9,0,2,4,6,7,9,16,2,2,3,3,1,10,single-source,wayback_bsnpr_games,https://web.archive.org/web/20011226135044id_/http://www.bsnpr.com:80/gamestatwide.asp?r=BS21009,2026-09-08T15:41:44Z
BS21009,2001,2001-05-18,CAGUAS,4,"Colon, Angel",,37,5,11,3,6,5,7,1,3,4,3,2,1,3,2,24,single-source,wayback_bsnpr_games,https://web.archive.org/web/20011226135044id_/http://www.bsnpr.com:80/gamestatwide.asp?r=BS21009,2026-09-08T15:41:44Z
BS21009,2001,2001-05-18,CAGUAS,6,"Burgos, Gary J",,5,0,1,0,0,0,0,1,0,1,0,1,0,0,1,0,single-source,wayback_bsnpr_games,https://web.archive.org/web/20011226135044id_/http://www.bsnpr.com:80/gamestatwide.asp?r=BS21009,2026-09-08T15:41:44Z
BS21009,2001,2001-05-18,CAGUAS,7,"Davila, Michelo",1660,44,2,9,3,8,0,0,5,6,11,9,0,0,3,4,13,single-source,wayback_bsnpr_games,https://web.archive.org/web/20011226135044id_/http://www.bsnpr.com:80/gamestatwide.asp?r=BS21009,2026-09-08T15:41:44Z
BS21009,2001,2001-05-18,CAGUAS,8,"Farmer, Tony",,41,3,6,7,13,3,3,4,11,15,0,1,0,3,1,30,single-source,wayback_bsnpr_games,https://web.archive.org/web/20011226135044id_/http://www.bsnpr.com:80/gamestatwide.asp?r=BS21009,2026-09-08T15:41:44Z
BS21009,2001,2001-05-18,QUEBRADILLAS,10,"Jimenez, Giovanni",812,9,0,1,0,1,0,0,0,0,0,0,0,0,1,0,0,single-source,wayback_bsnpr_games,https://web.archive.org/web/20011226135044id_/http://www.bsnpr.com:80/gamestatwide.asp?r=BS21009,2026-09-08T15:41:44Z
BS21009,2001,2001-05-18,QUEBRADILLAS,11,"Curbelo, Joel",,1,0,0,1,1,1,2,0,0,0,0,0,0,1,0,4,single-source,wayback_bsnpr_games,https://web.archive.org/web/20011226135044id_/http://www.bsnpr.com:80/gamestatwide.asp?r=BS21009,2026-09-08T15:41:44Z
BS21009,2001,2001-05-18,QUEBRADILLAS,13,"Gonzalez, Javier",,13,1,2,0,1,0,0,1,0,1,0,2,0,0,1,2,single-source,wayback_bsnpr_games,https://web.archive.org/web/20011226135044id_/http://www.bsnpr.com:80/gamestatwide.asp?r=BS21009,2026-09-08T15:41:44Z
BS21009,2001,2001-05-18,QUEBRADILLAS,14,"Kins, Kirk",,44,14,19,0,1,5,8,4,14,18,1,1,4,2,1,33,single-source,wayback_bsnpr_games,https://web.archive.org/web/20011226135044id_/http://www.bsnpr.com:80/gamestatwide.asp?r=BS21009,2026-09-08T15:41:44Z
BS21009,2001,2001-05-18,QUEBRADILLAS,15,"Perez, Feliz",,37,4,9,0,0,1,1,5,14,19,2,1,5,4,3,9,single-source,wayback_bsnpr_games,https://web.archive.org/web/20011226135044id_/http://www.bsnpr.com:80/gamestatwide.asp?r=BS21009,2026-09-08T15:41:44Z
BS21009,2001,2001-05-18,QUEBRADILLAS,5,"Dalmau, Richie",1970,42,7,17,1,6,4,6,0,7,7,7,2,0,4,1,21,single-source,wayback_bsnpr_games,https://web.archive.org/web/20011226135044id_/http://www.bsnpr.com:80/gamestatwide.asp?r=BS21009,2026-09-08T15:41:44Z
BS21009,2001,2001-05-18,QUEBRADILLAS,6,"Arrufat, Eduardo",,30,0,0,2,5,0,0,0,1,1,0,0,0,1,0,6,single-source,wayback_bsnpr_games,https://web.archive.org/web/20011226135044id_/http://www.bsnpr.com:80/gamestatwide.asp?r=BS21009,2026-09-08T15:41:44Z
BS21009,2001,2001-05-18,QUEBRADILLAS,7,"Dalmau, Ricardo",1992,44,5,14,1,6,4,5,3,1,4,3,0,0,4,7,17,single-source,wayback_bsnpr_games,https://web.archive.org/web/20011226135044id_/http://www.bsnpr.com:80/gamestatwide.asp?r=BS21009,2026-09-08T15:41:44Z
BS21009,2001,2001-05-18,QUEBRADILLAS,9,"Melendez, Pavel",,5,1,1,0,0,0,0,0,0,0,0,0,0,0,0,2,single-source,wayback_bsnpr_games,https://web.archive.org/web/20011226135044id_/http://www.bsnpr.com:80/gamestatwide.asp?r=BS21009,2026-09-08T15:41:44Z
BS21010,2001,2001-05-19,MAYAGUEZ,12,"Vega, Orlando",1759,30,10,16,4,6,0,0,4,2,6,2,2,3,1,1,32,single-source,wayback_bsnpr_games,https://web.archive.org/web/20011111211650id_/http://www.bsnpr.com:80/gamestatwide.asp?r=BS21010,2026-09-08T15:38:37Z
BS21010,2001,2001-05-19,MAYAGUEZ,13,"Brown, Tyler",,27,9,10,1,4,0,0,2,2,4,4,1,0,3,3,21,single-source,wayback_bsnpr_games,https://web.archive.org/web/20011111211650id_/http://www.bsnpr.com:80/gamestatwide.asp?r=BS21010,2026-09-08T15:38:37Z
BS21010,2001,2001-05-19,MAYAGUEZ,14,"Borrel, Lazaro",,40,9,18,0,0,3,3,1,9,10,6,1,1,0,0,21,single-source,wayback_bsnpr_games,https://web.archive.org/web/20011111211650id_/http://www.bsnpr.com:80/gamestatwide.asp?r=BS21010,2026-09-08T15:38:37Z
BS21010,2001,2001-05-19,MAYAGUEZ,15,"Ortiz, Ramon",1924,7,1,3,0,0,0,0,1,0,1,2,1,0,3,0,2,single-source,wayback_bsnpr_games,https://web.archive.org/web/20011111211650id_/http://www.bsnpr.com:80/gamestatwide.asp?r=BS21010,2026-09-08T15:38:37Z
BS21010,2001,2001-05-19,MAYAGUEZ,17,"Martinez, Freddie",,7,0,0,0,0,0,0,0,0,0,0,0,0,1,0,0,single-source,wayback_bsnpr_games,https://web.archive.org/web/20011111211650id_/http://www.bsnpr.com:80/gamestatwide.asp?r=BS21010,2026-09-08T15:38:37Z
BS21010,2001,2001-05-19,MAYAGUEZ,18,"Vazquez, De Juan",,9,2,2,0,0,0,0,1,0,1,0,0,0,1,0,4,single-source,wayback_bsnpr_games,https://web.archive.org/web/20011111211650id_/http://www.bsnpr.com:80/gamestatwide.asp?r=BS21010,2026-09-08T15:38:37Z
BS21010,2001,2001-05-19,MAYAGUEZ,19,"Latson, T.l.",,30,6,7,0,0,3,7,1,7,8,3,0,0,4,3,15,single-source,wayback_bsnpr_games,https://web.archive.org/web/20011111211650id_/http://www.bsnpr.com:80/gamestatwide.asp?r=BS21010,2026-09-08T15:38:37Z
BS21010,2001,2001-05-19,MAYAGUEZ,4,"De Jesus, Angel",,31,0,3,0,1,7,8,0,3,3,11,5,0,2,3,7,single-source,wayback_bsnpr_games,https://web.archive.org/web/20011111211650id_/http://www.bsnpr.com:80/gamestatwide.asp?r=BS21010,2026-09-08T15:38:37Z
BS21010,2001,2001-05-19,MAYAGUEZ,5,"Barea, Jose Juan",1234,3,0,1,0,1,0,0,0,0,0,0,0,0,0,0,0,single-source,wayback_bsnpr_games,https://web.archive.org/web/20011111211650id_/http://www.bsnpr.com:80/gamestatwide.asp?r=BS21010,2026-09-08T15:38:37Z
BS21010,2001,2001-05-19,MAYAGUEZ,6,"Garcia, Elmir",,16,3,4,1,5,2,2,0,1,1,0,1,0,2,2,11,single-source,wayback_bsnpr_games,https://web.archive.org/web/20011111211650id_/http://www.bsnpr.com:80/gamestatwide.asp?r=BS21010,2026-09-08T15:38:37Z
BS21010,2001,2001-05-19,MOROVIS,1,"Rodriguez, Joseph",,1,0,0,0,0,0,0,0,0,0,0,0,0,1,0,0,single-source,wayback_bsnpr_games,https://web.archive.org/web/20011111211650id_/http://www.bsnpr.com:80/gamestatwide.asp?r=BS21010,2026-09-08T15:38:37Z
BS21010,2001,2001-05-19,MOROVIS,10,"Pagan, Wilfredo",2290,33,7,12,1,6,4,6,3,6,9,3,2,0,3,2,21,single-source,wayback_bsnpr_games,https://web.archive.org/web/20011111211650id_/http://www.bsnpr.com:80/gamestatwide.asp?r=BS21010,2026-09-08T15:38:37Z
BS21010,2001,2001-05-19,MOROVIS,11,"Rodriguez, Miguel",,16,1,1,1,1,0,0,1,2,3,0,0,0,1,0,5,single-source,wayback_bsnpr_games,https://web.archive.org/web/20011111211650id_/http://www.bsnpr.com:80/gamestatwide.asp?r=BS21010,2026-09-08T15:38:37Z
BS21010,2001,2001-05-19,MOROVIS,12,"Soto, Eric",,2,0,0,0,0,0,0,0,0,0,0,0,0,1,1,0,single-source,wayback_bsnpr_games,https://web.archive.org/web/20011111211650id_/http://www.bsnpr.com:80/gamestatwide.asp?r=BS21010,2026-09-08T15:38:37Z
BS21010,2001,2001-05-19,MOROVIS,16,"Facey, Vicente",,16,1,3,0,0,0,0,1,1,2,0,0,0,2,1,2,single-source,wayback_bsnpr_games,https://web.archive.org/web/20011111211650id_/http://www.bsnpr.com:80/gamestatwide.asp?r=BS21010,2026-09-08T15:38:37Z
BS21010,2001,2001-05-19,MOROVIS,20,"Nieves, Roberto",2067,11,1,1,0,0,1,2,0,0,0,1,0,0,3,2,3,single-source,wayback_bsnpr_games,https://web.archive.org/web/20011111211650id_/http://www.bsnpr.com:80/gamestatwide.asp?r=BS21010,2026-09-08T15:38:37Z
BS21010,2001,2001-05-19,MOROVIS,21,"Harrison, Glen",,7,0,0,0,0,2,2,2,1,3,0,0,0,1,1,2,single-source,wayback_bsnpr_games,https://web.archive.org/web/20011111211650id_/http://www.bsnpr.com:80/gamestatwide.asp?r=BS21010,2026-09-08T15:38:37Z
BS21010,2001,2001-05-19,MOROVIS,24,"Marrero, Rafael",,16,5,5,0,1,1,1,0,1,1,3,1,0,2,3,11,single-source,wayback_bsnpr_games,https://web.archive.org/web/20011111211650id_/http://www.bsnpr.com:80/gamestatwide.asp?r=BS21010,2026-09-08T15:38:37Z
BS21010,2001,2001-05-19,MOROVIS,33,"Medrano, Jorge",,40,8,11,1,3,6,7,0,9,9,2,1,0,4,7,25,single-source,wayback_bsnpr_games,https://web.archive.org/web/20011111211650id_/http://www.bsnpr.com:80/gamestatwide.asp?r=BS21010,2026-09-08T15:38:37Z
BS21010,2001,2001-05-19,MOROVIS,5,"Santiago, Moises",,4,0,1,0,1,0,0,0,0,0,1,1,0,0,1,0,single-source,wayback_bsnpr_games,https://web.archive.org/web/20011111211650id_/http://www.bsnpr.com:80/gamestatwide.asp?r=BS21010,2026-09-08T15:38:37Z
BS21010,2001,2001-05-19,MOROVIS,7,"Alicea, Pablo",,26,2,4,2,8,0,0,0,1,1,5,2,0,3,1,10,single-source,wayback_bsnpr_games,https://web.archive.org/web/20011111211650id_/http://www.bsnpr.com:80/gamestatwide.asp?r=BS21010,2026-09-08T15:38:37Z
BS21010,2001,2001-05-19,MOROVIS,8,"Martinez, Carlos",,28,3,6,3,6,2,2,1,2,3,3,0,0,2,3,17,single-source,wayback_bsnpr_games,https://web.archive.org/web/20011111211650id_/http://www.bsnpr.com:80/gamestatwide.asp?r=BS21010,2026-09-08T15:38:37Z
BS21011,2001,2001-05-19,PONCE,1,"Morales, Ferdinand",,28,3,4,1,2,5,6,1,4,5,0,1,0,2,1,14,single-source,wayback_bsnpr_games,https://web.archive.org/web/20011218001103id_/http://www.bsnpr.com:80/gamestatwide.asp?r=BS21011&GRUPO=PO99&SERIE=4,2026-09-08T15:40:07Z
BS21011,2001,2001-05-19,PONCE,1,"Morales, Ferdinand",,28,3,4,1,2,5,6,1,4,5,0,1,0,2,1,14,single-source,wayback_bsnpr_games,https://web.archive.org/web/20011224143551id_/http://www.bsnpr.com:80/gamestatwide.asp?r=BS21011&grupo=,2026-09-08T15:40:55Z
BS21011,2001,2001-05-19,PONCE,10,"Hatton, Bobby",,14,1,1,0,3,0,0,0,0,0,2,1,0,1,1,2,single-source,wayback_bsnpr_games,https://web.archive.org/web/20011218001103id_/http://www.bsnpr.com:80/gamestatwide.asp?r=BS21011&GRUPO=PO99&SERIE=4,2026-09-08T15:40:07Z
BS21011,2001,2001-05-19,PONCE,10,"Hatton, Bobby",,14,1,1,0,3,0,0,0,0,0,2,1,0,1,1,2,single-source,wayback_bsnpr_games,https://web.archive.org/web/20011224143551id_/http://www.bsnpr.com:80/gamestatwide.asp?r=BS21011&grupo=,2026-09-08T15:40:55Z
BS21011,2001,2001-05-19,PONCE,11,"Casiano, Eddie",498,33,7,10,4,15,8,9,1,0,1,2,0,0,1,3,34,single-source,wayback_bsnpr_games,https://web.archive.org/web/20011218001103id_/http://www.bsnpr.com:80/gamestatwide.asp?r=BS21011&GRUPO=PO99&SERIE=4,2026-09-08T15:40:07Z
BS21011,2001,2001-05-19,PONCE,11,"Casiano, Eddie",498,33,7,10,4,15,8,9,1,0,1,2,0,0,1,3,34,single-source,wayback_bsnpr_games,https://web.archive.org/web/20011224143551id_/http://www.bsnpr.com:80/gamestatwide.asp?r=BS21011&grupo=,2026-09-08T15:40:55Z
BS21011,2001,2001-05-19,PONCE,12,"Ricardo, Osiris",,25,1,1,0,0,0,0,4,4,8,1,0,1,4,2,2,single-source,wayback_bsnpr_games,https://web.archive.org/web/20011218001103id_/http://www.bsnpr.com:80/gamestatwide.asp?r=BS21011&GRUPO=PO99&SERIE=4,2026-09-08T15:40:07Z
BS21011,2001,2001-05-19,PONCE,12,"Ricardo, Osiris",,25,1,1,0,0,0,0,4,4,8,1,0,1,4,2,2,single-source,wayback_bsnpr_games,https://web.archive.org/web/20011224143551id_/http://www.bsnpr.com:80/gamestatwide.asp?r=BS21011&grupo=,2026-09-08T15:40:55Z
BS21011,2001,2001-05-19,PONCE,13,"Jourdon, Keenan",,5,0,1,0,0,0,0,1,0,1,1,0,0,1,1,0,single-source,wayback_bsnpr_games,https://web.archive.org/web/20011218001103id_/http://www.bsnpr.com:80/gamestatwide.asp?r=BS21011&GRUPO=PO99&SERIE=4,2026-09-08T15:40:07Z
BS21011,2001,2001-05-19,PONCE,13,"Jourdon, Keenan",,5,0,1,0,0,0,0,1,0,1,1,0,0,1,1,0,single-source,wayback_bsnpr_games,https://web.archive.org/web/20011224143551id_/http://www.bsnpr.com:80/gamestatwide.asp?r=BS21011&grupo=,2026-09-08T15:40:55Z
BS21011,2001,2001-05-19,PONCE,15,"Colon, Gabriel",773,1,0,0,0,0,0,0,0,0,0,0,0,0,0,0,0,single-source,wayback_bsnpr_games,https://web.archive.org/web/20011218001103id_/http://www.bsnpr.com:80/gamestatwide.asp?r=BS21011&GRUPO=PO99&SERIE=4,2026-09-08T15:40:07Z
BS21011,2001,2001-05-19,PONCE,15,"Colon, Gabriel",773,1,0,0,0,0,0,0,0,0,0,0,0,0,0,0,0,single-source,wayback_bsnpr_games,https://web.archive.org/web/20011224143551id_/http://www.bsnpr.com:80/gamestatwide.asp?r=BS21011&grupo=,2026-09-08T15:40:55Z
BS21011,2001,2001-05-19,PONCE,33,"Soto, Eugenio",651,15,1,1,0,0,2,4,0,1,1,1,0,0,5,1,4,single-source,wayback_bsnpr_games,https://web.archive.org/web/20011218001103id_/http://www.bsnpr.com:80/gamestatwide.asp?r=BS21011&GRUPO=PO99&SERIE=4,2026-09-08T15:40:07Z
BS21011,2001,2001-05-19,PONCE,33,"Soto, Eugenio",651,15,1,1,0,0,2,4,0,1,1,1,0,0,5,1,4,single-source,wayback_bsnpr_games,https://web.archive.org/web/20011224143551id_/http://www.bsnpr.com:80/gamestatwide.asp?r=BS21011&grupo=,2026-09-08T15:40:55Z
BS21011,2001,2001-05-19,PONCE,4,"Colon, Javier",1011,34,4,7,2,5,2,3,3,4,7,4,0,0,3,5,16,single-source,wayback_bsnpr_games,https://web.archive.org/web/20011218001103id_/http://www.bsnpr.com:80/gamestatwide.asp?r=BS21011&GRUPO=PO99&SERIE=4,2026-09-08T15:40:07Z
BS21011,2001,2001-05-19,PONCE,4,"Colon, Javier",1011,34,4,7,2,5,2,3,3,4,7,4,0,0,3,5,16,single-source,wayback_bsnpr_games,https://web.archive.org/web/20011224143551id_/http://www.bsnpr.com:80/gamestatwide.asp?r=BS21011&grupo=,2026-09-08T15:40:55Z
BS21011,2001,2001-05-19,PONCE,5,"Agosto, Jose",,4,0,1,0,0,1,2,2,0,2,1,0,0,0,0,1,single-source,wayback_bsnpr_games,https://web.archive.org/web/20011218001103id_/http://www.bsnpr.com:80/gamestatwide.asp?r=BS21011&GRUPO=PO99&SERIE=4,2026-09-08T15:40:07Z
BS21011,2001,2001-05-19,PONCE,5,"Agosto, Jose",,4,0,1,0,0,1,2,2,0,2,1,0,0,0,0,1,single-source,wayback_bsnpr_games,https://web.archive.org/web/20011224143551id_/http://www.bsnpr.com:80/gamestatwide.asp?r=BS21011&grupo=,2026-09-08T15:40:55Z
BS21011,2001,2001-05-19,PONCE,55,"Elisma, Eddie",499,39,9,15,0,1,5,7,1,11,12,2,4,0,2,2,23,single-source,wayback_bsnpr_games,https://web.archive.org/web/20011218001103id_/http://www.bsnpr.com:80/gamestatwide.asp?r=BS21011&GRUPO=PO99&SERIE=4,2026-09-08T15:40:07Z
BS21011,2001,2001-05-19,PONCE,55,"Elisma, Eddie",499,39,9,15,0,1,5,7,1,11,12,2,4,0,2,2,23,single-source,wayback_bsnpr_games,https://web.archive.org/web/20011224143551id_/http://www.bsnpr.com:80/gamestatwide.asp?r=BS21011&grupo=,2026-09-08T15:40:55Z
BS21011,2001,2001-05-19,PONCE,7,"Orta, Raul",1946,1,0,0,0,0,0,0,0,0,0,0,0,0,0,0,0,single-source,wayback_bsnpr_games,https://web.archive.org/web/20011218001103id_/http://www.bsnpr.com:80/gamestatwide.asp?r=BS21011&GRUPO=PO99&SERIE=4,2026-09-08T15:40:07Z
BS21011,2001,2001-05-19,PONCE,7,"Orta, Raul",1946,1,0,0,0,0,0,0,0,0,0,0,0,0,0,0,0,single-source,wayback_bsnpr_games,https://web.archive.org/web/20011224143551id_/http://www.bsnpr.com:80/gamestatwide.asp?r=BS21011&grupo=,2026-09-08T15:40:55Z
BS21011,2001,2001-05-19,PONCE,8,"Ramirez, Sean",,1,0,0,0,0,0,0,0,0,0,0,0,0,0,1,0,single-source,wayback_bsnpr_games,https://web.archive.org/web/20011218001103id_/http://www.bsnpr.com:80/gamestatwide.asp?r=BS21011&GRUPO=PO99&SERIE=4,2026-09-08T15:40:07Z
BS21011,2001,2001-05-19,PONCE,8,"Ramirez, Sean",,1,0,0,0,0,0,0,0,0,0,0,0,0,0,1,0,single-source,wayback_bsnpr_games,https://web.archive.org/web/20011224143551id_/http://www.bsnpr.com:80/gamestatwide.asp?r=BS21011&grupo=,2026-09-08T15:40:55Z
BS21011,2001,2001-05-19,SAN GERMAN,1,"Jackson, Leroy",1442,28,4,6,0,2,2,2,3,1,4,3,2,0,4,2,10,single-source,wayback_bsnpr_games,https://web.archive.org/web/20011218001103id_/http://www.bsnpr.com:80/gamestatwide.asp?r=BS21011&GRUPO=PO99&SERIE=4,2026-09-08T15:40:07Z
BS21011,2001,2001-05-19,SAN GERMAN,1,"Jackson, Leroy",1442,28,4,6,0,2,2,2,3,1,4,3,2,0,4,2,10,single-source,wayback_bsnpr_games,https://web.archive.org/web/20011224143551id_/http://www.bsnpr.com:80/gamestatwide.asp?r=BS21011&grupo=,2026-09-08T15:40:55Z
BS21011,2001,2001-05-19,SAN GERMAN,12,"Caanen, Wilhelmus",,6,0,0,1,1,0,0,2,0,2,0,0,0,0,0,3,single-source,wayback_bsnpr_games,https://web.archive.org/web/20011218001103id_/http://www.bsnpr.com:80/gamestatwide.asp?r=BS21011&GRUPO=PO99&SERIE=4,2026-09-08T15:40:07Z
BS21011,2001,2001-05-19,SAN GERMAN,12,"Caanen, Wilhelmus",,6,0,0,1,1,0,0,2,0,2,0,0,0,0,0,3,single-source,wayback_bsnpr_games,https://web.archive.org/web/20011224143551id_/http://www.bsnpr.com:80/gamestatwide.asp?r=BS21011&grupo=,2026-09-08T15:40:55Z
BS21011,2001,2001-05-19,SAN GERMAN,13,"Fajardo, Shariff",,27,4,8,0,3,5,6,1,6,7,0,0,0,4,6,13,single-source,wayback_bsnpr_games,https://web.archive.org/web/20011218001103id_/http://www.bsnpr.com:80/gamestatwide.asp?r=BS21011&GRUPO=PO99&SERIE=4,2026-09-08T15:40:07Z
BS21011,2001,2001-05-19,SAN GERMAN,13,"Fajardo, Shariff",,27,4,8,0,3,5,6,1,6,7,0,0,0,4,6,13,single-source,wayback_bsnpr_games,https://web.archive.org/web/20011224143551id_/http://www.bsnpr.com:80/gamestatwide.asp?r=BS21011&grupo=,2026-09-08T15:40:55Z
BS21011,2001,2001-05-19,SAN GERMAN,17,"Dalmau, Christian",382,35,4,7,1,4,3,4,0,3,3,2,1,1,3,6,14,single-source,wayback_bsnpr_games,https://web.archive.org/web/20011218001103id_/http://www.bsnpr.com:80/gamestatwide.asp?r=BS21011&GRUPO=PO99&SERIE=4,2026-09-08T15:40:07Z
BS21011,2001,2001-05-19,SAN GERMAN,17,"Dalmau, Christian",382,35,4,7,1,4,3,4,0,3,3,2,1,1,3,6,14,single-source,wayback_bsnpr_games,https://web.archive.org/web/20011224143551id_/http://www.bsnpr.com:80/gamestatwide.asp?r=BS21011&grupo=,2026-09-08T15:40:55Z
BS21011,2001,2001-05-19,SAN GERMAN,18,"Barea, Irving",,6,1,4,0,1,2,2,2,1,3,1,0,0,1,0,4,single-source,wayback_bsnpr_games,https://web.archive.org/web/20011218001103id_/http://www.bsnpr.com:80/gamestatwide.asp?r=BS21011&GRUPO=PO99&SERIE=4,2026-09-08T15:40:07Z
BS21011,2001,2001-05-19,SAN GERMAN,18,"Barea, Irving",,6,1,4,0,1,2,2,2,1,3,1,0,0,1,0,4,single-source,wayback_bsnpr_games,https://web.archive.org/web/20011224143551id_/http://www.bsnpr.com:80/gamestatwide.asp?r=BS21011&grupo=,2026-09-08T15:40:55Z
BS21011,2001,2001-05-19,SAN GERMAN,20,"Ayuso, Larry",574,37,3,5,3,8,1,1,2,4,6,0,3,0,3,3,16,single-source,wayback_bsnpr_games,https://web.archive.org/web/20011218001103id_/http://www.bsnpr.com:80/gamestatwide.asp?r=BS21011&GRUPO=PO99&SERIE=4,2026-09-08T15:40:07Z
BS21011,2001,2001-05-19,SAN GERMAN,20,"Ayuso, Larry",574,37,3,5,3,8,1,1,2,4,6,0,3,0,3,3,16,single-source,wayback_bsnpr_games,https://web.archive.org/web/20011224143551id_/http://www.bsnpr.com:80/gamestatwide.asp?r=BS21011&grupo=,2026-09-08T15:40:55Z
BS21011,2001,2001-05-19,SAN GERMAN,21,"Febres, Arnaldo",,17,4,7,0,0,1,4,2,2,4,0,0,2,1,0,9,single-source,wayback_bsnpr_games,https://web.archive.org/web/20011218001103id_/http://www.bsnpr.com:80/gamestatwide.asp?r=BS21011&GRUPO=PO99&SERIE=4,2026-09-08T15:40:07Z
BS21011,2001,2001-05-19,SAN GERMAN,21,"Febres, Arnaldo",,17,4,7,0,0,1,4,2,2,4,0,0,2,1,0,9,single-source,wayback_bsnpr_games,https://web.archive.org/web/20011224143551id_/http://www.bsnpr.com:80/gamestatwide.asp?r=BS21011&grupo=,2026-09-08T15:40:55Z
BS21011,2001,2001-05-19,SAN GERMAN,23,"Llovet, Francisco",,1,1,1,0,0,0,0,0,0,0,0,0,0,0,0,2,single-source,wayback_bsnpr_games,https://web.archive.org/web/20011218001103id_/http://www.bsnpr.com:80/gamestatwide.asp?r=BS21011&GRUPO=PO99&SERIE=4,2026-09-08T15:40:07Z
BS21011,2001,2001-05-19,SAN GERMAN,23,"Llovet, Francisco",,1,1,1,0,0,0,0,0,0,0,0,0,0,0,0,2,single-source,wayback_bsnpr_games,https://web.archive.org/web/20011224143551id_/http://www.bsnpr.com:80/gamestatwide.asp?r=BS21011&grupo=,2026-09-08T15:40:55Z
BS21011,2001,2001-05-19,SAN GERMAN,24,"Pryor, Sean",2156,1,0,0,0,0,0,0,0,0,0,0,0,0,0,0,0,single-source,wayback_bsnpr_games,https://web.archive.org/web/20011218001103id_/http://www.bsnpr.com:80/gamestatwide.asp?r=BS21011&GRUPO=PO99&SERIE=4,2026-09-08T15:40:07Z
BS21011,2001,2001-05-19,SAN GERMAN,24,"Pryor, Sean",2156,1,0,0,0,0,0,0,0,0,0,0,0,0,0,0,0,single-source,wayback_bsnpr_games,https://web.archive.org/web/20011224143551id_/http://www.bsnpr.com:80/gamestatwide.asp?r=BS21011&grupo=,2026-09-08T15:40:55Z
BS21011,2001,2001-05-19,SAN GERMAN,32,"Mackey, Malcom",,35,4,10,0,0,3,6,2,6,8,2,0,0,3,4,11,single-source,wayback_bsnpr_games,https://web.archive.org/web/20011218001103id_/http://www.bsnpr.com:80/gamestatwide.asp?r=BS21011&GRUPO=PO99&SERIE=4,2026-09-08T15:40:07Z
BS21011,2001,2001-05-19,SAN GERMAN,32,"Mackey, Malcom",,35,4,10,0,0,3,6,2,6,8,2,0,0,3,4,11,single-source,wayback_bsnpr_games,https://web.archive.org/web/20011224143551id_/http://www.bsnpr.com:80/gamestatwide.asp?r=BS21011&grupo=,2026-09-08T15:40:55Z
BS21011,2001,2001-05-19,SAN GERMAN,7,"Quinones, Nelson",,7,0,0,1,2,0,0,0,0,0,2,1,0,1,2,3,single-source,wayback_bsnpr_games,https://web.archive.org/web/20011218001103id_/http://www.bsnpr.com:80/gamestatwide.asp?r=BS21011&GRUPO=PO99&SERIE=4,2026-09-08T15:40:07Z
BS21011,2001,2001-05-19,SAN GERMAN,7,"Quinones, Nelson",,7,0,0,1,2,0,0,0,0,0,2,1,0,1,2,3,single-source,wayback_bsnpr_games,https://web.archive.org/web/20011224143551id_/http://www.bsnpr.com:80/gamestatwide.asp?r=BS21011&grupo=,2026-09-08T15:40:55Z
BS21012,2001,2001-03-24,AIBONITO,10,"Melendez, Orlando",,30,4,8,0,1,2,3,3,4,7,2,0,1,3,1,10,single-source,wayback_bsnpr_games,https://web.archive.org/web/20011111212851id_/http://www.bsnpr.com:80/gamestatwide.asp?r=BS21012,2026-09-08T15:38:39Z
BS21012,2001,2001-03-24,AIBONITO,12,"Hernandez, Jason",,24,3,4,0,2,6,7,0,1,1,3,0,1,3,5,12,single-source,wayback_bsnpr_games,https://web.archive.org/web/20011111212851id_/http://www.bsnpr.com:80/gamestatwide.asp?r=BS21012,2026-09-08T15:38:39Z
BS21012,2001,2001-03-24,AIBONITO,15,"Berges, Pedro",,2,0,0,0,0,0,0,0,0,0,0,0,0,0,0,0,single-source,wayback_bsnpr_games,https://web.archive.org/web/20011111212851id_/http://www.bsnpr.com:80/gamestatwide.asp?r=BS21012,2026-09-08T15:38:39Z
BS21012,2001,2001-03-24,AIBONITO,16,"Murray, Joe",1286,33,7,7,0,0,6,10,2,6,8,2,0,3,4,2,20,single-source,wayback_bsnpr_games,https://web.archive.org/web/20011111212851id_/http://www.bsnpr.com:80/gamestatwide.asp?r=BS21012,2026-09-08T15:38:39Z
BS21012,2001,2001-03-24,AIBONITO,17,"Wilson, Monty",,38,8,11,0,4,9,11,1,12,13,1,1,1,4,3,25,single-source,wayback_bsnpr_games,https://web.archive.org/web/20011111212851id_/http://www.bsnpr.com:80/gamestatwide.asp?r=BS21012,2026-09-08T15:38:39Z
BS21012,2001,2001-03-24,AIBONITO,4,"Lopez, Michael",143,27,7,10,0,0,4,6,0,0,0,5,0,0,3,2,18,single-source,wayback_bsnpr_games,https://web.archive.org/web/20011111212851id_/http://www.bsnpr.com:80/gamestatwide.asp?r=BS21012,2026-09-08T15:38:39Z
BS21012,2001,2001-03-24,AIBONITO,6,"Valentin, Omar",,1,0,0,0,0,1,2,0,0,0,0,0,0,0,0,1,single-source,wayback_bsnpr_games,https://web.archive.org/web/20011111212851id_/http://www.bsnpr.com:80/gamestatwide.asp?r=BS21012,2026-09-08T15:38:39Z
BS21012,2001,2001-03-24,AIBONITO,7,"Lozano, Zavalier",,2,0,0,0,0,0,0,0,1,1,0,0,0,1,0,0,single-source,wayback_bsnpr_games,https://web.archive.org/web/20011111212851id_/http://www.bsnpr.com:80/gamestatwide.asp?r=BS21012,2026-09-08T15:38:39Z
BS21012,2001,2001-03-24,AIBONITO,8,"Hiraldo, Christopher",,16,2,2,2,4,0,0,1,0,1,1,1,0,4,1,10,single-source,wayback_bsnpr_games,https://web.archive.org/web/20011111212851id_/http://www.bsnpr.com:80/gamestatwide.asp?r=BS21012,2026-09-08T15:38:39Z
BS21012,2001,2001-03-24,AIBONITO,9,"Rodriguez, Eric",,27,4,4,1,6,2,3,0,3,3,2,0,1,3,2,13,single-source,wayback_bsnpr_games,https://web.archive.org/web/20011111212851id_/http://www.bsnpr.com:80/gamestatwide.asp?r=BS21012,2026-09-08T15:38:39Z
BS21012,2001,2001-03-24,ARECIBO,10,"Cidre, Guillermo",,2,1,1,0,0,0,0,0,0,0,2,1,0,1,0,2,single-source,wayback_bsnpr_games,https://web.archive.org/web/20011111212851id_/http://www.bsnpr.com:80/gamestatwide.asp?r=BS21012,2026-09-08T15:38:39Z
BS21012,2001,2001-03-24,ARECIBO,14,"Rivera, Jorge",1127,25,3,8,0,0,1,1,2,3,5,0,0,2,2,1,7,single-source,wayback_bsnpr_games,https://web.archive.org/web/20011111212851id_/http://www.bsnpr.com:80/gamestatwide.asp?r=BS21012,2026-09-08T15:38:39Z
BS21012,2001,2001-03-24,ARECIBO,17,"Martinez, Elionel",579,10,1,2,2,3,0,0,1,1,2,0,1,0,1,0,8,single-source,wayback_bsnpr_games,https://web.archive.org/web/20011111212851id_/http://www.bsnpr.com:80/gamestatwide.asp?r=BS21012,2026-09-08T15:38:39Z
BS21012,2001,2001-03-24,ARECIBO,18,"Cortez, David",,8,4,4,0,0,3,3,0,0,0,0,1,0,3,0,11,single-source,wayback_bsnpr_games,https://web.archive.org/web/20011111212851id_/http://www.bsnpr.com:80/gamestatwide.asp?r=BS21012,2026-09-08T15:38:39Z
BS21012,2001,2001-03-24,ARECIBO,2,"Rodriguez, Israel",,2,0,0,0,0,0,0,1,0,1,0,0,0,1,0,0,single-source,wayback_bsnpr_games,https://web.archive.org/web/20011111212851id_/http://www.bsnpr.com:80/gamestatwide.asp?r=BS21012,2026-09-08T15:38:39Z
BS21012,2001,2001-03-24,ARECIBO,20,"Rivera, Roman",,2,1,2,0,0,0,0,0,0,0,0,0,0,0,0,2,single-source,wayback_bsnpr_games,https://web.archive.org/web/20011111212851id_/http://www.bsnpr.com:80/gamestatwide.asp?r=BS21012,2026-09-08T15:38:39Z
BS21012,2001,2001-03-24,ARECIBO,21,"Rivera, Omar",,9,1,1,0,1,2,3,0,0,0,0,0,0,2,0,4,single-source,wayback_bsnpr_games,https://web.archive.org/web/20011111212851id_/http://www.bsnpr.com:80/gamestatwide.asp?r=BS21012,2026-09-08T15:38:39Z
BS21012,2001,2001-03-24,ARECIBO,25,"Hill, Kriss",,29,6,17,0,1,2,2,8,4,12,2,1,0,4,5,14,single-source,wayback_bsnpr_games,https://web.archive.org/web/20011111212851id_/http://www.bsnpr.com:80/gamestatwide.asp?r=BS21012,2026-09-08T15:38:39Z
BS21012,2001,2001-03-24,ARECIBO,31,"Cruz, Rafael",1895,23,5,9,0,1,5,6,1,3,4,2,0,0,5,3,15,single-source,wayback_bsnpr_games,https://web.archive.org/web/20011111212851id_/http://www.bsnpr.com:80/gamestatwide.asp?r=BS21012,2026-09-08T15:38:39Z
BS21012,2001,2001-03-24,ARECIBO,33,"Rolon, Javier",,27,6,12,0,1,3,6,5,4,9,0,1,0,3,8,15,single-source,wayback_bsnpr_games,https://web.archive.org/web/20011111212851id_/http://www.bsnpr.com:80/gamestatwide.asp?r=BS21012,2026-09-08T15:38:39Z
BS21012,2001,2001-03-24,ARECIBO,7,"Cotte, John",,15,1,4,0,1,1,4,1,0,1,3,0,0,5,2,3,single-source,wayback_bsnpr_games,https://web.archive.org/web/20011111212851id_/http://www.bsnpr.com:80/gamestatwide.asp?r=BS21012,2026-09-08T15:38:39Z
BS21012,2001,2001-03-24,ARECIBO,8,"Figueroa, Angel",135,28,2,3,2,7,5,9,1,4,5,2,2,0,2,0,15,single-source,wayback_bsnpr_games,https://web.archive.org/web/20011111212851id_/http://www.bsnpr.com:80/gamestatwide.asp?r=BS21012,2026-09-08T15:38:39Z
BS21012,2001,2001-03-24,ARECIBO,9,"Garcia, Jan",,20,0,4,1,5,0,0,2,1,3,1,0,0,2,1,3,single-source,wayback_bsnpr_games,https://web.archive.org/web/20011111212851id_/http://www.bsnpr.com:80/gamestatwide.asp?r=BS21012,2026-09-08T15:38:39Z
BS21013,2001,2001-05-19,ISABELA,10,"Santos, Xionel",,4,0,2,0,0,0,0,0,1,1,0,0,0,0,2,0,single-source,wayback_bsnpr_games,https://web.archive.org/web/20011111213347id_/http://www.bsnpr.com:80/gamestatwide.asp?r=BS21013,2026-09-08T15:38:40Z
BS21013,2001,2001-05-19,ISABELA,11,"Quinones, Joel",,26,2,5,2,3,3,4,0,3,3,3,2,0,2,5,13,single-source,wayback_bsnpr_games,https://web.archive.org/web/20011111213347id_/http://www.bsnpr.com:80/gamestatwide.asp?r=BS21013,2026-09-08T15:38:40Z
BS21013,2001,2001-05-19,ISABELA,12,"Lopez, Jose",,15,2,4,1,1,1,2,2,4,6,0,0,0,4,2,8,single-source,wayback_bsnpr_games,https://web.archive.org/web/20011111213347id_/http://www.bsnpr.com:80/gamestatwide.asp?r=BS21013,2026-09-08T15:38:40Z
BS21013,2001,2001-05-19,ISABELA,13,"Fernandez, Eric",,16,2,4,0,2,2,3,0,0,0,0,0,0,3,2,6,single-source,wayback_bsnpr_games,https://web.archive.org/web/20011111213347id_/http://www.bsnpr.com:80/gamestatwide.asp?r=BS21013,2026-09-08T15:38:40Z
BS21013,2001,2001-05-19,ISABELA,15,"Crispin, Natanael",,6,1,3,0,0,0,0,0,2,2,0,0,0,1,0,2,single-source,wayback_bsnpr_games,https://web.archive.org/web/20011111213347id_/http://www.bsnpr.com:80/gamestatwide.asp?r=BS21013,2026-09-08T15:38:40Z
BS21013,2001,2001-05-19,ISABELA,2,"Rivera, Eddie",,26,2,5,0,2,0,0,0,1,1,5,1,0,1,2,4,single-source,wayback_bsnpr_games,https://web.archive.org/web/20011111213347id_/http://www.bsnpr.com:80/gamestatwide.asp?r=BS21013,2026-09-08T15:38:40Z
BS21013,2001,2001-05-19,ISABELA,23,"Venzen, Gilberto",,27,1,2,2,6,0,0,1,4,5,0,0,0,2,0,8,single-source,wayback_bsnpr_games,https://web.archive.org/web/20011111213347id_/http://www.bsnpr.com:80/gamestatwide.asp?r=BS21013,2026-09-08T15:38:40Z
BS21013,2001,2001-05-19,ISABELA,31,"Guzman, Lionel",,6,2,3,0,0,0,0,1,1,2,1,0,0,0,1,4,single-source,wayback_bsnpr_games,https://web.archive.org/web/20011111213347id_/http://www.bsnpr.com:80/gamestatwide.asp?r=BS21013,2026-09-08T15:38:40Z
BS21013,2001,2001-05-19,ISABELA,32,"Bravo, Arturo",,7,0,0,0,0,0,0,0,0,0,0,0,0,1,2,0,single-source,wayback_bsnpr_games,https://web.archive.org/web/20011111213347id_/http://www.bsnpr.com:80/gamestatwide.asp?r=BS21013,2026-09-08T15:38:40Z
BS21013,2001,2001-05-19,ISABELA,34,"Acevedo, Jose",,7,1,3,0,0,0,0,0,1,1,1,0,0,0,3,2,single-source,wayback_bsnpr_games,https://web.archive.org/web/20011111213347id_/http://www.bsnpr.com:80/gamestatwide.asp?r=BS21013,2026-09-08T15:38:40Z
BS21013,2001,2001-05-19,ISABELA,45,"Leeks, Kenny",,31,3,9,0,0,3,6,2,2,4,0,1,0,2,3,9,single-source,wayback_bsnpr_games,https://web.archive.org/web/20011111213347id_/http://www.bsnpr.com:80/gamestatwide.asp?r=BS21013,2026-09-08T15:38:40Z
BS21013,2001,2001-05-19,ISABELA,48,"Machado, Adrian",,19,1,1,2,4,0,0,1,5,6,0,0,0,2,2,8,single-source,wayback_bsnpr_games,https://web.archive.org/web/20011111213347id_/http://www.bsnpr.com:80/gamestatwide.asp?r=BS21013,2026-09-08T15:38:40Z
BS21013,2001,2001-05-19,ISABELA,8,"Colon, Edid",,10,2,5,0,0,2,2,0,0,0,0,0,0,1,0,6,single-source,wayback_bsnpr_games,https://web.archive.org/web/20011111213347id_/http://www.bsnpr.com:80/gamestatwide.asp?r=BS21013,2026-09-08T15:38:40Z
BS21013,2001,2001-05-19,SANTURCE,1,"Lopez, Jose",,6,0,1,0,0,0,0,0,2,2,2,1,0,0,0,0,single-source,wayback_bsnpr_games,https://web.archive.org/web/20011111213347id_/http://www.bsnpr.com:80/gamestatwide.asp?r=BS21013,2026-09-08T15:38:40Z
BS21013,2001,2001-05-19,SANTURCE,10,"Arroyo, Alberto",,3,0,2,0,1,2,2,0,0,0,2,0,0,0,0,2,single-source,wayback_bsnpr_games,https://web.archive.org/web/20011111213347id_/http://www.bsnpr.com:80/gamestatwide.asp?r=BS21013,2026-09-08T15:38:40Z
BS21013,2001,2001-05-19,SANTURCE,11,"Domenech, Irving",,4,2,2,0,0,0,0,1,0,1,0,1,0,0,0,4,single-source,wayback_bsnpr_games,https://web.archive.org/web/20011111213347id_/http://www.bsnpr.com:80/gamestatwide.asp?r=BS21013,2026-09-08T15:38:40Z
BS21013,2001,2001-05-19,SANTURCE,12,"Hourutunier, Rolando",,20,3,8,0,1,2,2,0,0,0,2,1,1,2,1,8,single-source,wayback_bsnpr_games,https://web.archive.org/web/20011111213347id_/http://www.bsnpr.com:80/gamestatwide.asp?r=BS21013,2026-09-08T15:38:40Z
BS21013,2001,2001-05-19,SANTURCE,31,"Rosario, Rich",,12,3,5,0,0,2,4,0,2,2,0,4,0,0,1,8,single-source,wayback_bsnpr_games,https://web.archive.org/web/20011111213347id_/http://www.bsnpr.com:80/gamestatwide.asp?r=BS21013,2026-09-08T15:38:40Z
BS21013,2001,2001-05-19,SANTURCE,33,"Falcon, Alex",,19,3,6,0,0,3,3,3,3,6,2,1,0,4,1,9,single-source,wayback_bsnpr_games,https://web.archive.org/web/20011111213347id_/http://www.bsnpr.com:80/gamestatwide.asp?r=BS21013,2026-09-08T15:38:40Z
BS21013,2001,2001-05-19,SANTURCE,4,"Ortiz, Jose",,28,6,9,0,0,3,4,1,10,11,3,2,3,1,2,15,single-source,wayback_bsnpr_games,https://web.archive.org/web/20011111213347id_/http://www.bsnpr.com:80/gamestatwide.asp?r=BS21013,2026-09-08T15:38:40Z
BS21013,2001,2001-05-19,SANTURCE,42,"Aubry, Jeffrey",,10,3,3,0,0,0,0,0,2,2,0,1,1,1,0,6,single-source,wayback_bsnpr_games,https://web.archive.org/web/20011111213347id_/http://www.bsnpr.com:80/gamestatwide.asp?r=BS21013,2026-09-08T15:38:40Z
BS21013,2001,2001-05-19,SANTURCE,44,"Bocachica, Armando",,10,0,1,0,0,0,0,2,2,4,0,0,0,5,1,0,single-source,wayback_bsnpr_games,https://web.archive.org/web/20011111213347id_/http://www.bsnpr.com:80/gamestatwide.asp?r=BS21013,2026-09-08T15:38:40Z
BS21013,2001,2001-05-19,SANTURCE,5,"Santiago, Orlando",,28,5,6,2,6,1,2,2,3,5,3,2,0,2,3,17,single-source,wayback_bsnpr_games,https://web.archive.org/web/20011111213347id_/http://www.bsnpr.com:80/gamestatwide.asp?r=BS21013,2026-09-08T15:38:40Z
BS21013,2001,2001-05-19,SANTURCE,7,"Arroyo, Carlos",273,28,6,8,2,5,4,8,0,3,3,6,2,0,1,3,22,single-source,wayback_bsnpr_games,https://web.archive.org/web/20011111213347id_/http://www.bsnpr.com:80/gamestatwide.asp?r=BS21013,2026-09-08T15:38:40Z
BS21013,2001,2001-05-19,SANTURCE,8,"Johnson, Dave",444,21,1,5,0,1,0,0,1,4,5,0,0,0,1,1,2,single-source,wayback_bsnpr_games,https://web.archive.org/web/20011111213347id_/http://www.bsnpr.com:80/gamestatwide.asp?r=BS21013,2026-09-08T15:38:40Z
BS21013,2001,2001-05-19,SANTURCE,9,"Santiago, Edwin",,11,3,4,1,1,0,0,0,0,0,3,0,0,0,0,9,single-source,wayback_bsnpr_games,https://web.archive.org/web/20011111213347id_/http://www.bsnpr.com:80/gamestatwide.asp?r=BS21013,2026-09-08T15:38:40Z
BS21014,2001,2001-05-20,COAMO,10,"Rivera, Filiberto",704,27,4,5,1,3,0,1,0,0,0,2,0,0,4,2,11,single-source,wayback_bsnpr_games,https://web.archive.org/web/20011226142227id_/http://www.bsnpr.com:80/gamestatwide.asp?r=BS21014,2026-09-08T15:41:46Z
BS21014,2001,2001-05-20,COAMO,14,"Frazer, Rolando",,10,2,2,0,0,0,0,1,0,1,0,0,0,1,0,4,single-source,wayback_bsnpr_games,https://web.archive.org/web/20011226142227id_/http://www.bsnpr.com:80/gamestatwide.asp?r=BS21014,2026-09-08T15:41:46Z
BS21014,2001,2001-05-20,COAMO,16,"Rivera, Angel",,30,5,10,0,0,5,6,5,8,13,0,2,4,4,0,15,single-source,wayback_bsnpr_games,https://web.archive.org/web/20011226142227id_/http://www.bsnpr.com:80/gamestatwide.asp?r=BS21014,2026-09-08T15:41:46Z
BS21014,2001,2001-05-20,COAMO,17,"Watson, Antonio",,40,8,18,0,1,6,7,3,6,9,0,1,0,3,3,22,single-source,wayback_bsnpr_games,https://web.archive.org/web/20011226142227id_/http://www.bsnpr.com:80/gamestatwide.asp?r=BS21014,2026-09-08T15:41:46Z
BS21014,2001,2001-05-20,COAMO,4,"Caraballo, Jose",,2,0,0,0,0,0,0,0,0,0,0,0,0,0,0,0,single-source,wayback_bsnpr_games,https://web.archive.org/web/20011226142227id_/http://www.bsnpr.com:80/gamestatwide.asp?r=BS21014,2026-09-08T15:41:46Z
BS21014,2001,2001-05-20,COAMO,5,"Rios, Roberto",2076,11,1,3,1,3,0,0,0,2,2,0,1,0,3,0,5,single-source,wayback_bsnpr_games,https://web.archive.org/web/20011226142227id_/http://www.bsnpr.com:80/gamestatwide.asp?r=BS21014,2026-09-08T15:41:46Z
BS21014,2001,2001-05-20,COAMO,6,"Escalera, Carlos",284,40,3,9,5,7,2,4,6,4,10,3,1,0,4,4,23,single-source,wayback_bsnpr_games,https://web.archive.org/web/20011226142227id_/http://www.bsnpr.com:80/gamestatwide.asp?r=BS21014,2026-09-08T15:41:46Z
BS21014,2001,2001-05-20,COAMO,9,"Payano, Carlos",,40,2,5,1,6,3,4,0,1,1,4,2,1,1,4,10,single-source,wayback_bsnpr_games,https://web.archive.org/web/20011226142227id_/http://www.bsnpr.com:80/gamestatwide.asp?r=BS21014,2026-09-08T15:41:46Z
BS21014,2001,2001-05-20,MAYAGUEZ,12,"Vega, Orlando",1759,38,4,10,1,3,6,8,3,3,6,2,1,1,1,2,17,single-source,wayback_bsnpr_games,https://web.archive.org/web/20011226142227id_/http://www.bsnpr.com:80/gamestatwide.asp?r=BS21014,2026-09-08T15:41:46Z
BS21014,2001,2001-05-20,MAYAGUEZ,13,"Brown, Tayler",,19,2,4,0,1,1,2,0,5,5,1,0,0,3,2,5,single-source,wayback_bsnpr_games,https://web.archive.org/web/20011226142227id_/http://www.bsnpr.com:80/gamestatwide.asp?r=BS21014,2026-09-08T15:41:46Z
BS21014,2001,2001-05-20,MAYAGUEZ,14,"Borrell, Lazaro",,40,10,16,1,2,3,3,2,11,13,0,1,0,4,3,26,single-source,wayback_bsnpr_games,https://web.archive.org/web/20011226142227id_/http://www.bsnpr.com:80/gamestatwide.asp?r=BS21014,2026-09-08T15:41:46Z
BS21014,2001,2001-05-20,MAYAGUEZ,15,"Ortiz, Ramon",1924,1,1,1,0,0,0,0,0,0,0,0,0,0,0,0,2,single-source,wayback_bsnpr_games,https://web.archive.org/web/20011226142227id_/http://www.bsnpr.com:80/gamestatwide.asp?r=BS21014,2026-09-08T15:41:46Z
BS21014,2001,2001-05-20,MAYAGUEZ,17,"Martinez, Freddy",,21,1,2,2,7,0,0,0,0,0,4,1,0,0,0,8,single-source,wayback_bsnpr_games,https://web.archive.org/web/20011226142227id_/http://www.bsnpr.com:80/gamestatwide.asp?r=BS21014,2026-09-08T15:41:46Z
BS21014,2001,2001-05-20,MAYAGUEZ,19,"Latson, T.l.",,13,0,0,0,0,0,2,0,1,1,2,0,0,4,1,0,single-source,wayback_bsnpr_games,https://web.archive.org/web/20011226142227id_/http://www.bsnpr.com:80/gamestatwide.asp?r=BS21014,2026-09-08T15:41:46Z
BS21014,2001,2001-05-20,MAYAGUEZ,4,"De Jesus, Angel",,39,6,7,5,9,3,4,0,0,0,6,0,0,2,3,30,single-source,wayback_bsnpr_games,https://web.archive.org/web/20011226142227id_/http://www.bsnpr.com:80/gamestatwide.asp?r=BS21014,2026-09-08T15:41:46Z
BS21014,2001,2001-05-20,MAYAGUEZ,5,"Barea, Jose",1234,1,0,0,0,0,0,0,0,0,0,0,0,0,1,0,0,single-source,wayback_bsnpr_games,https://web.archive.org/web/20011226142227id_/http://www.bsnpr.com:80/gamestatwide.asp?r=BS21014,2026-09-08T15:41:46Z
BS21014,2001,2001-05-20,MAYAGUEZ,6,"Garcia, Elmyr",,2,0,0,0,0,0,0,0,0,0,0,0,0,0,0,0,single-source,wayback_bsnpr_games,https://web.archive.org/web/20011226142227id_/http://www.bsnpr.com:80/gamestatwide.asp?r=BS21014,2026-09-08T15:41:46Z
BS21014,2001,2001-05-20,MAYAGUEZ,7,"Soto, Eugenio",651,6,0,1,0,0,0,0,0,0,0,0,0,1,2,3,0,single-source,wayback_bsnpr_games,https://web.archive.org/web/20011226142227id_/http://www.bsnpr.com:80/gamestatwide.asp?r=BS21014,2026-09-08T15:41:46Z
BS21014,2001,2001-05-20,MAYAGUEZ,9,"Davila, Felix",,20,2,2,0,0,0,1,1,2,3,0,0,0,3,1,4,single-source,wayback_bsnpr_games,https://web.archive.org/web/20011226142227id_/http://www.bsnpr.com:80/gamestatwide.asp?r=BS21014,2026-09-08T15:41:46Z
BS21015,2001,2001-05-20,CAGUAS,11,"Nieves, Josue",,13,1,1,2,4,0,2,0,1,1,0,0,0,1,0,8,single-source,wayback_bsnpr_games,https://web.archive.org/web/20011111214704id_/http://www.bsnpr.com:80/gamestatwide.asp?r=BS21015,2026-09-08T15:38:48Z
BS21015,2001,2001-05-20,CAGUAS,14,"Allende, Luis",,33,3,5,0,3,4,6,2,3,5,0,2,0,3,6,10,single-source,wayback_bsnpr_games,https://web.archive.org/web/20011111214704id_/http://www.bsnpr.com:80/gamestatwide.asp?r=BS21015,2026-09-08T15:38:48Z
BS21015,2001,2001-05-20,CAGUAS,15,"Rivas, Luis",,14,6,7,0,0,2,4,2,3,5,3,1,0,5,3,14,single-source,wayback_bsnpr_games,https://web.archive.org/web/20011111214704id_/http://www.bsnpr.com:80/gamestatwide.asp?r=BS21015,2026-09-08T15:38:48Z
BS21015,2001,2001-05-20,CAGUAS,20,"Rivera, Hecmar",,2,0,0,0,1,0,0,0,0,0,0,0,0,0,0,0,single-source,wayback_bsnpr_games,https://web.archive.org/web/20011111214704id_/http://www.bsnpr.com:80/gamestatwide.asp?r=BS21015,2026-09-08T15:38:48Z
BS21015,2001,2001-05-20,CAGUAS,21,"Rodriguez, Andres",87,2,0,0,0,0,0,0,0,0,0,0,0,0,0,0,0,single-source,wayback_bsnpr_games,https://web.archive.org/web/20011111214704id_/http://www.bsnpr.com:80/gamestatwide.asp?r=BS21015,2026-09-08T15:38:48Z
BS21015,2001,2001-05-20,CAGUAS,25,"Carrasquillo, Antonio",,24,3,5,0,3,0,0,0,6,6,1,0,4,4,3,6,single-source,wayback_bsnpr_games,https://web.archive.org/web/20011111214704id_/http://www.bsnpr.com:80/gamestatwide.asp?r=BS21015,2026-09-08T15:38:48Z
BS21015,2001,2001-05-20,CAGUAS,4,"Colon, Angel",,34,5,7,2,2,1,2,0,3,3,2,4,1,1,1,17,single-source,wayback_bsnpr_games,https://web.archive.org/web/20011111214704id_/http://www.bsnpr.com:80/gamestatwide.asp?r=BS21015,2026-09-08T15:38:48Z
BS21015,2001,2001-05-20,CAGUAS,6,"Burgos, Gary Joe",,10,1,2,0,0,0,0,0,1,1,1,0,0,0,0,2,single-source,wayback_bsnpr_games,https://web.archive.org/web/20011111214704id_/http://www.bsnpr.com:80/gamestatwide.asp?r=BS21015,2026-09-08T15:38:48Z
BS21015,2001,2001-05-20,CAGUAS,7,"Davila, Michael",,30,2,3,1,1,1,2,0,3,3,4,1,1,1,3,8,single-source,wayback_bsnpr_games,https://web.archive.org/web/20011111214704id_/http://www.bsnpr.com:80/gamestatwide.asp?r=BS21015,2026-09-08T15:38:48Z
BS21015,2001,2001-05-20,CAGUAS,8,"Farmer, Tony",,38,4,10,4,9,6,6,2,3,5,2,0,0,5,3,26,single-source,wayback_bsnpr_games,https://web.archive.org/web/20011111214704id_/http://www.bsnpr.com:80/gamestatwide.asp?r=BS21015,2026-09-08T15:38:48Z
BS21015,2001,2001-05-20,ISABELA,10,"Santos, Xionel",,5,0,0,0,0,0,0,0,1,1,2,0,0,1,0,0,single-source,wayback_bsnpr_games,https://web.archive.org/web/20011111214704id_/http://www.bsnpr.com:80/gamestatwide.asp?r=BS21015,2026-09-08T15:38:48Z
BS21015,2001,2001-05-20,ISABELA,11,"Quinonez, Joel",,40,2,7,1,4,3,4,2,2,4,2,2,1,2,4,10,single-source,wayback_bsnpr_games,https://web.archive.org/web/20011111214704id_/http://www.bsnpr.com:80/gamestatwide.asp?r=BS21015,2026-09-08T15:38:48Z
BS21015,2001,2001-05-20,ISABELA,12,"Lopez, Jose",,15,3,5,0,0,0,0,1,3,4,1,1,1,5,1,6,single-source,wayback_bsnpr_games,https://web.archive.org/web/20011111214704id_/http://www.bsnpr.com:80/gamestatwide.asp?r=BS21015,2026-09-08T15:38:48Z
BS21015,2001,2001-05-20,ISABELA,15,"Crispin, Natanael",,1,0,2,0,0,0,0,1,0,1,0,0,0,0,0,0,single-source,wayback_bsnpr_games,https://web.archive.org/web/20011111214704id_/http://www.bsnpr.com:80/gamestatwide.asp?r=BS21015,2026-09-08T15:38:48Z
BS21015,2001,2001-05-20,ISABELA,2,"Rivera, Eddie",,38,7,10,2,5,0,0,0,1,1,4,2,0,1,1,20,single-source,wayback_bsnpr_games,https://web.archive.org/web/20011111214704id_/http://www.bsnpr.com:80/gamestatwide.asp?r=BS21015,2026-09-08T15:38:48Z
BS21015,2001,2001-05-20,ISABELA,23,"Venzen, Gilberto",,25,0,3,2,2,0,0,1,3,4,1,0,0,5,4,6,single-source,wayback_bsnpr_games,https://web.archive.org/web/20011111214704id_/http://www.bsnpr.com:80/gamestatwide.asp?r=BS21015,2026-09-08T15:38:48Z
BS21015,2001,2001-05-20,ISABELA,32,"Bravo, Arturo",,2,0,0,1,1,0,0,0,0,0,0,0,0,0,0,3,single-source,wayback_bsnpr_games,https://web.archive.org/web/20011111214704id_/http://www.bsnpr.com:80/gamestatwide.asp?r=BS21015,2026-09-08T15:38:48Z
BS21015,2001,2001-05-20,ISABELA,45,"Leeks, Kenny",,40,12,22,0,0,8,12,9,6,15,1,0,1,1,5,32,single-source,wayback_bsnpr_games,https://web.archive.org/web/20011111214704id_/http://www.bsnpr.com:80/gamestatwide.asp?r=BS21015,2026-09-08T15:38:48Z
BS21015,2001,2001-05-20,ISABELA,48,"Machado, Adrian",,22,1,1,2,8,0,0,0,4,4,0,0,0,5,0,8,single-source,wayback_bsnpr_games,https://web.archive.org/web/20011111214704id_/http://www.bsnpr.com:80/gamestatwide.asp?r=BS21015,2026-09-08T15:38:48Z
BS21015,2001,2001-05-20,ISABELA,8,"Colon, Eddie",,12,1,1,1,2,0,0,0,1,1,0,0,0,2,1,5,single-source,wayback_bsnpr_games,https://web.archive.org/web/20011111214704id_/http://www.bsnpr.com:80/gamestatwide.asp?r=BS21015,2026-09-08T15:38:48Z
BS21016,2001,2001-03-25,QUEBRADILLAS,11,"Curbelo, Joel",,37,2,2,7,10,0,0,0,1,1,3,1,0,4,2,25,single-source,wayback_bsnpr_games,https://web.archive.org/web/20011111215632id_/http://www.bsnpr.com:80/gamestatwide.asp?r=BS21016,2026-09-08T15:38:52Z
BS21016,2001,2001-03-25,QUEBRADILLAS,12,"Colon, Francisco",,22,1,1,2,2,0,0,0,3,3,1,0,0,5,4,8,single-source,wayback_bsnpr_games,https://web.archive.org/web/20011111215632id_/http://www.bsnpr.com:80/gamestatwide.asp?r=BS21016,2026-09-08T15:38:52Z
BS21016,2001,2001-03-25,QUEBRADILLAS,13,"Gonzalez, Javier",,5,0,1,0,1,0,0,2,2,4,0,0,0,1,1,0,single-source,wayback_bsnpr_games,https://web.archive.org/web/20011111215632id_/http://www.bsnpr.com:80/gamestatwide.asp?r=BS21016,2026-09-08T15:38:52Z
BS21016,2001,2001-03-25,QUEBRADILLAS,14,"King, Kirk",,36,7,15,0,0,1,2,3,9,12,0,1,1,3,2,15,single-source,wayback_bsnpr_games,https://web.archive.org/web/20011111215632id_/http://www.bsnpr.com:80/gamestatwide.asp?r=BS21016,2026-09-08T15:38:52Z
BS21016,2001,2001-03-25,QUEBRADILLAS,16,"Johnson, Rahim",,11,0,4,0,0,5,6,0,2,2,0,1,0,0,0,5,single-source,wayback_bsnpr_games,https://web.archive.org/web/20011111215632id_/http://www.bsnpr.com:80/gamestatwide.asp?r=BS21016,2026-09-08T15:38:52Z
BS21016,2001,2001-03-25,QUEBRADILLAS,17,"Morales, Alfredo",,7,0,2,0,1,0,0,1,0,1,0,1,0,0,2,0,single-source,wayback_bsnpr_games,https://web.archive.org/web/20011111215632id_/http://www.bsnpr.com:80/gamestatwide.asp?r=BS21016,2026-09-08T15:38:52Z
BS21016,2001,2001-03-25,QUEBRADILLAS,4,"Morales, Elisamuel",,3,0,1,0,0,0,0,0,1,1,0,0,0,0,0,0,single-source,wayback_bsnpr_games,https://web.archive.org/web/20011111215632id_/http://www.bsnpr.com:80/gamestatwide.asp?r=BS21016,2026-09-08T15:38:52Z
BS21016,2001,2001-03-25,QUEBRADILLAS,5,"Dalmau, Raymond",,37,9,12,2,3,10,10,0,5,5,11,0,0,4,4,34,single-source,wayback_bsnpr_games,https://web.archive.org/web/20011111215632id_/http://www.bsnpr.com:80/gamestatwide.asp?r=BS21016,2026-09-08T15:38:52Z
BS21016,2001,2001-03-25,QUEBRADILLAS,6,"Arrufat, Eduardo",,5,0,0,1,4,0,0,0,0,0,0,0,0,2,0,3,single-source,wayback_bsnpr_games,https://web.archive.org/web/20011111215632id_/http://www.bsnpr.com:80/gamestatwide.asp?r=BS21016,2026-09-08T15:38:52Z
BS21016,2001,2001-03-25,QUEBRADILLAS,7,"Dalmau, Ricardo",1992,37,5,12,3,6,4,4,2,3,5,9,1,2,5,2,23,single-source,wayback_bsnpr_games,https://web.archive.org/web/20011111215632id_/http://www.bsnpr.com:80/gamestatwide.asp?r=BS21016,2026-09-08T15:38:52Z
BS21016,2001,2001-03-25,SAN GERMAN,1,"Jackson, Leroy",1442,34,2,5,0,1,1,1,2,5,7,2,0,1,4,0,5,single-source,wayback_bsnpr_games,https://web.archive.org/web/20011111215632id_/http://www.bsnpr.com:80/gamestatwide.asp?r=BS21016,2026-09-08T15:38:52Z
BS21016,2001,2001-03-25,SAN GERMAN,12,"Caanen, Wilhelmus",,9,2,2,0,0,0,0,0,0,0,2,2,0,3,1,4,single-source,wayback_bsnpr_games,https://web.archive.org/web/20011111215632id_/http://www.bsnpr.com:80/gamestatwide.asp?r=BS21016,2026-09-08T15:38:52Z
BS21016,2001,2001-03-25,SAN GERMAN,17,"Dalmau, Christian",382,40,10,14,5,7,10,11,0,5,5,6,0,0,4,2,45,single-source,wayback_bsnpr_games,https://web.archive.org/web/20011111215632id_/http://www.bsnpr.com:80/gamestatwide.asp?r=BS21016,2026-09-08T15:38:52Z
BS21016,2001,2001-03-25,SAN GERMAN,18,"Barea, Irving",,28,7,10,0,1,0,2,1,8,9,1,0,2,3,2,14,single-source,wayback_bsnpr_games,https://web.archive.org/web/20011111215632id_/http://www.bsnpr.com:80/gamestatwide.asp?r=BS21016,2026-09-08T15:38:52Z
BS21016,2001,2001-03-25,SAN GERMAN,20,"Ayuso, Larry",574,36,5,10,2,9,7,8,0,2,2,5,2,0,2,2,23,single-source,wayback_bsnpr_games,https://web.archive.org/web/20011111215632id_/http://www.bsnpr.com:80/gamestatwide.asp?r=BS21016,2026-09-08T15:38:52Z
BS21016,2001,2001-03-25,SAN GERMAN,21,"Febres, Arnaldo",,12,2,5,0,0,1,2,2,2,4,1,0,1,1,0,5,single-source,wayback_bsnpr_games,https://web.archive.org/web/20011111215632id_/http://www.bsnpr.com:80/gamestatwide.asp?r=BS21016,2026-09-08T15:38:52Z
BS21016,2001,2001-03-25,SAN GERMAN,32,"Mckey, Malcolm",,40,12,19,0,0,2,5,6,9,15,2,1,4,4,5,26,single-source,wayback_bsnpr_games,https://web.archive.org/web/20011111215632id_/http://www.bsnpr.com:80/gamestatwide.asp?r=BS21016,2026-09-08T15:38:52Z
BS21016,2001,2001-03-25,SAN GERMAN,7,"Quinonez, Nelson",,1,0,0,0,0,0,0,0,0,0,0,0,0,0,0,0,single-source,wayback_bsnpr_games,https://web.archive.org/web/20011111215632id_/http://www.bsnpr.com:80/gamestatwide.asp?r=BS21016,2026-09-08T15:38:52Z
BS21017,2001,2001-05-21,ARECIBO,10,"Cidre, Guillermo",,1,0,0,0,0,1,2,0,0,0,2,0,0,0,0,1,single-source,wayback_bsnpr_games,https://web.archive.org/web/20011226143620id_/http://www.bsnpr.com:80/gamestatwide.asp?r=BS21017,2026-09-08T15:41:48Z
BS21017,2001,2001-05-21,ARECIBO,12,"Garcia, Yan",,12,3,5,0,2,0,0,2,1,3,0,0,0,0,2,6,single-source,wayback_bsnpr_games,https://web.archive.org/web/20011226143620id_/http://www.bsnpr.com:80/gamestatwide.asp?r=BS21017,2026-09-08T15:41:48Z
BS21017,2001,2001-05-21,ARECIBO,14,"Rivera, Jorge",1127,21,2,4,0,0,5,6,2,7,9,2,1,0,3,3,9,single-source,wayback_bsnpr_games,https://web.archive.org/web/20011226143620id_/http://www.bsnpr.com:80/gamestatwide.asp?r=BS21017,2026-09-08T15:41:48Z
BS21017,2001,2001-05-21,ARECIBO,18,"Cortes, David",448,5,2,2,0,1,0,0,2,0,2,0,0,0,0,1,4,single-source,wayback_bsnpr_games,https://web.archive.org/web/20011226143620id_/http://www.bsnpr.com:80/gamestatwide.asp?r=BS21017,2026-09-08T15:41:48Z
BS21017,2001,2001-05-21,ARECIBO,20,"Rivera, Roman",,1,0,0,0,0,0,0,0,0,0,0,0,0,0,1,0,single-source,wayback_bsnpr_games,https://web.archive.org/web/20011226143620id_/http://www.bsnpr.com:80/gamestatwide.asp?r=BS21017,2026-09-08T15:41:48Z
BS21017,2001,2001-05-21,ARECIBO,21,"Rivera, Omar",,6,0,0,0,0,1,2,0,1,1,3,0,0,0,0,1,single-source,wayback_bsnpr_games,https://web.archive.org/web/20011226143620id_/http://www.bsnpr.com:80/gamestatwide.asp?r=BS21017,2026-09-08T15:41:48Z
BS21017,2001,2001-05-21,ARECIBO,22,"Rodriguez, Israel",,1,1,1,0,0,0,0,0,0,0,0,0,0,2,0,2,single-source,wayback_bsnpr_games,https://web.archive.org/web/20011226143620id_/http://www.bsnpr.com:80/gamestatwide.asp?r=BS21017,2026-09-08T15:41:48Z
BS21017,2001,2001-05-21,ARECIBO,25,"Hill, Kris",1416,35,7,11,1,4,3,4,1,8,9,8,1,1,4,5,20,single-source,wayback_bsnpr_games,https://web.archive.org/web/20011226143620id_/http://www.bsnpr.com:80/gamestatwide.asp?r=BS21017,2026-09-08T15:41:48Z
BS21017,2001,2001-05-21,ARECIBO,31,"Cruz, Rafael",1895,23,5,5,0,1,1,1,0,1,1,3,1,0,0,1,11,single-source,wayback_bsnpr_games,https://web.archive.org/web/20011226143620id_/http://www.bsnpr.com:80/gamestatwide.asp?r=BS21017,2026-09-08T15:41:48Z
BS21017,2001,2001-05-21,ARECIBO,32,"Calderon, Axel",,14,1,1,0,0,1,2,2,3,5,1,2,3,2,1,3,single-source,wayback_bsnpr_games,https://web.archive.org/web/20011226143620id_/http://www.bsnpr.com:80/gamestatwide.asp?r=BS21017,2026-09-08T15:41:48Z
BS21017,2001,2001-05-21,ARECIBO,33,"Rolon, Javier",,28,12,20,0,2,7,8,5,3,8,1,0,0,3,7,31,single-source,wayback_bsnpr_games,https://web.archive.org/web/20011226143620id_/http://www.bsnpr.com:80/gamestatwide.asp?r=BS21017,2026-09-08T15:41:48Z
BS21017,2001,2001-05-21,ARECIBO,7,"Cotte, John",,27,2,2,1,3,2,4,0,3,3,2,0,0,3,5,9,single-source,wayback_bsnpr_games,https://web.archive.org/web/20011226143620id_/http://www.bsnpr.com:80/gamestatwide.asp?r=BS21017,2026-09-08T15:41:48Z
BS21017,2001,2001-05-21,ARECIBO,8,"Figueroa, Angel",135,26,5,7,1,2,8,9,1,4,5,2,2,0,3,0,21,single-source,wayback_bsnpr_games,https://web.archive.org/web/20011226143620id_/http://www.bsnpr.com:80/gamestatwide.asp?r=BS21017,2026-09-08T15:41:48Z
BS21017,2001,2001-05-21,MOROVIS,1,"Rodriguez, Joseph",,2,1,1,1,1,2,2,0,0,0,0,0,0,1,2,7,single-source,wayback_bsnpr_games,https://web.archive.org/web/20011226143620id_/http://www.bsnpr.com:80/gamestatwide.asp?r=BS21017,2026-09-08T15:41:48Z
BS21017,2001,2001-05-21,MOROVIS,10,"Pagan, Wilfredo",2290,32,7,10,1,6,5,5,1,1,2,3,1,0,5,3,22,single-source,wayback_bsnpr_games,https://web.archive.org/web/20011226143620id_/http://www.bsnpr.com:80/gamestatwide.asp?r=BS21017,2026-09-08T15:41:48Z
BS21017,2001,2001-05-21,MOROVIS,11,"Rodriguez, Miguel",,5,0,0,1,2,0,0,0,0,0,0,0,0,0,0,3,single-source,wayback_bsnpr_games,https://web.archive.org/web/20011226143620id_/http://www.bsnpr.com:80/gamestatwide.asp?r=BS21017,2026-09-08T15:41:48Z
BS21017,2001,2001-05-21,MOROVIS,12,"Soto, Eric",,11,0,1,1,2,0,0,0,3,3,2,2,0,5,0,3,single-source,wayback_bsnpr_games,https://web.archive.org/web/20011226143620id_/http://www.bsnpr.com:80/gamestatwide.asp?r=BS21017,2026-09-08T15:41:48Z
BS21017,2001,2001-05-21,MOROVIS,15,"Santos, Juan",,1,0,0,0,0,0,0,0,0,0,0,0,0,0,0,0,single-source,wayback_bsnpr_games,https://web.archive.org/web/20011226143620id_/http://www.bsnpr.com:80/gamestatwide.asp?r=BS21017,2026-09-08T15:41:48Z
BS21017,2001,2001-05-21,MOROVIS,16,"Facey, Vicente",,5,0,2,0,0,0,0,0,1,1,0,0,0,2,2,0,single-source,wayback_bsnpr_games,https://web.archive.org/web/20011226143620id_/http://www.bsnpr.com:80/gamestatwide.asp?r=BS21017,2026-09-08T15:41:48Z
BS21017,2001,2001-05-21,MOROVIS,20,"Nieves, Roberto",2067,13,1,1,0,3,1,1,1,2,3,1,0,0,0,1,3,single-source,wayback_bsnpr_games,https://web.archive.org/web/20011226143620id_/http://www.bsnpr.com:80/gamestatwide.asp?r=BS21017,2026-09-08T15:41:48Z
BS21017,2001,2001-05-21,MOROVIS,21,"Harrison, Glen",,11,1,5,0,0,3,4,0,0,0,0,0,0,3,1,5,single-source,wayback_bsnpr_games,https://web.archive.org/web/20011226143620id_/http://www.bsnpr.com:80/gamestatwide.asp?r=BS21017,2026-09-08T15:41:48Z
BS21017,2001,2001-05-21,MOROVIS,24,"Marrero, Rafael",,5,0,0,0,0,0,2,0,1,1,1,0,0,1,1,0,single-source,wayback_bsnpr_games,https://web.archive.org/web/20011226143620id_/http://www.bsnpr.com:80/gamestatwide.asp?r=BS21017,2026-09-08T15:41:48Z
BS21017,2001,2001-05-21,MOROVIS,33,"Medrano, Jorge",,35,3,4,0,1,7,8,0,3,3,3,1,0,3,6,13,single-source,wayback_bsnpr_games,https://web.archive.org/web/20011226143620id_/http://www.bsnpr.com:80/gamestatwide.asp?r=BS21017,2026-09-08T15:41:48Z
BS21017,2001,2001-05-21,MOROVIS,45,"Jackson, Randall",,14,3,5,0,1,0,0,1,2,3,1,1,0,0,0,6,single-source,wayback_bsnpr_games,https://web.archive.org/web/20011226143620id_/http://www.bsnpr.com:80/gamestatwide.asp?r=BS21017,2026-09-08T15:41:48Z
BS21017,2001,2001-05-21,MOROVIS,5,"Santiago, Moises",,6,4,6,0,3,1,1,2,0,2,0,0,0,0,0,9,single-source,wayback_bsnpr_games,https://web.archive.org/web/20011226143620id_/http://www.bsnpr.com:80/gamestatwide.asp?r=BS21017,2026-09-08T15:41:48Z
BS21017,2001,2001-05-21,MOROVIS,7,"Alicea, Pablo",,35,0,2,6,13,0,0,1,2,3,7,1,0,3,4,18,single-source,wayback_bsnpr_games,https://web.archive.org/web/20011226143620id_/http://www.bsnpr.com:80/gamestatwide.asp?r=BS21017,2026-09-08T15:41:48Z
BS21017,2001,2001-05-21,MOROVIS,8,"Martinez, Carlos",,25,5,8,0,2,1,1,4,1,5,0,2,0,2,2,11,single-source,wayback_bsnpr_games,https://web.archive.org/web/20011226143620id_/http://www.bsnpr.com:80/gamestatwide.asp?r=BS21017,2026-09-08T15:41:48Z
BS21018,2001,2001-05-21,AIBONITO,10,"Melendez, Orlando",,30,5,9,5,7,4,4,3,5,8,0,1,0,3,0,29,single-source,wayback_bsnpr_games,https://web.archive.org/web/20020423093620id_/http://www.bsnpr.com:80/gamestatwide.asp?r=BS21018&grupo=,2026-09-08T15:42:17Z
BS21018,2001,2001-05-21,AIBONITO,11,"Venzen, Gilberto",,14,0,0,0,1,0,0,0,3,3,0,0,0,0,1,0,single-source,wayback_bsnpr_games,https://web.archive.org/web/20020423093620id_/http://www.bsnpr.com:80/gamestatwide.asp?r=BS21018&grupo=,2026-09-08T15:42:17Z
BS21018,2001,2001-05-21,AIBONITO,12,"Hernandez, Jose Jason",1232,28,0,4,1,5,0,0,0,0,0,6,2,0,1,2,3,single-source,wayback_bsnpr_games,https://web.archive.org/web/20020423093620id_/http://www.bsnpr.com:80/gamestatwide.asp?r=BS21018&grupo=,2026-09-08T15:42:17Z
BS21018,2001,2001-05-21,AIBONITO,13,"Rosario, Rich",,12,2,5,1,2,1,2,1,0,1,0,0,0,1,1,8,single-source,wayback_bsnpr_games,https://web.archive.org/web/20020423093620id_/http://www.bsnpr.com:80/gamestatwide.asp?r=BS21018&grupo=,2026-09-08T15:42:17Z
BS21018,2001,2001-05-21,AIBONITO,15,"Berges, Pedro",,2,0,0,0,0,0,0,0,0,0,0,0,0,0,0,0,single-source,wayback_bsnpr_games,https://web.archive.org/web/20020423093620id_/http://www.bsnpr.com:80/gamestatwide.asp?r=BS21018&grupo=,2026-09-08T15:42:17Z
BS21018,2001,2001-05-21,AIBONITO,16,"Murray, Joseph",,23,0,1,0,0,1,2,2,4,6,0,1,1,0,2,1,single-source,wayback_bsnpr_games,https://web.archive.org/web/20020423093620id_/http://www.bsnpr.com:80/gamestatwide.asp?r=BS21018&grupo=,2026-09-08T15:42:17Z
BS21018,2001,2001-05-21,AIBONITO,17,"Wilson, Monty",,35,4,7,2,8,2,2,1,5,6,2,3,3,2,7,16,single-source,wayback_bsnpr_games,https://web.archive.org/web/20020423093620id_/http://www.bsnpr.com:80/gamestatwide.asp?r=BS21018&grupo=,2026-09-08T15:42:17Z
BS21018,2001,2001-05-21,AIBONITO,18,"Rivera, Axel",,15,1,3,0,0,0,0,2,6,8,1,0,0,2,1,2,single-source,wayback_bsnpr_games,https://web.archive.org/web/20020423093620id_/http://www.bsnpr.com:80/gamestatwide.asp?r=BS21018&grupo=,2026-09-08T15:42:17Z
BS21018,2001,2001-05-21,AIBONITO,8,"Hiraldo, Cristhoper",,18,5,8,0,2,0,2,0,0,0,0,1,0,0,1,10,single-source,wayback_bsnpr_games,https://web.archive.org/web/20020423093620id_/http://www.bsnpr.com:80/gamestatwide.asp?r=BS21018&grupo=,2026-09-08T15:42:17Z
BS21018,2001,2001-05-21,AIBONITO,9,"Rodriguez, Erick",624,23,0,1,1,5,0,0,0,1,1,2,2,0,1,2,3,single-source,wayback_bsnpr_games,https://web.archive.org/web/20020423093620id_/http://www.bsnpr.com:80/gamestatwide.asp?r=BS21018&grupo=,2026-09-08T15:42:17Z
BS21018,2001,2001-05-21,PONCE,1,"Morales, Ferdinand",,19,4,12,1,3,0,0,4,1,5,1,3,0,1,2,11,single-source,wayback_bsnpr_games,https://web.archive.org/web/20020423093620id_/http://www.bsnpr.com:80/gamestatwide.asp?r=BS21018&grupo=,2026-09-08T15:42:17Z
BS21018,2001,2001-05-21,PONCE,10,"Hatton, Bobby Joe",2074,26,4,8,0,2,0,0,0,0,0,2,0,0,1,3,8,single-source,wayback_bsnpr_games,https://web.archive.org/web/20020423093620id_/http://www.bsnpr.com:80/gamestatwide.asp?r=BS21018&grupo=,2026-09-08T15:42:17Z
BS21018,2001,2001-05-21,PONCE,11,"Casiano, Eddie",498,26,6,7,1,5,2,2,2,2,4,2,1,0,2,1,17,single-source,wayback_bsnpr_games,https://web.archive.org/web/20020423093620id_/http://www.bsnpr.com:80/gamestatwide.asp?r=BS21018&grupo=,2026-09-08T15:42:17Z
BS21018,2001,2001-05-21,PONCE,12,"Ricardo, Osiris",,16,4,10,0,0,0,1,8,2,10,0,0,0,4,2,8,single-source,wayback_bsnpr_games,https://web.archive.org/web/20020423093620id_/http://www.bsnpr.com:80/gamestatwide.asp?r=BS21018&grupo=,2026-09-08T15:42:17Z
BS21018,2001,2001-05-21,PONCE,13,"Jourdan, Keenan",,8,4,4,0,1,0,0,1,1,2,0,0,0,0,1,8,single-source,wayback_bsnpr_games,https://web.archive.org/web/20020423093620id_/http://www.bsnpr.com:80/gamestatwide.asp?r=BS21018&grupo=,2026-09-08T15:42:17Z
BS21018,2001,2001-05-21,PONCE,17,"Collado, Roberto",,17,0,1,0,1,0,0,0,0,0,0,0,0,3,1,0,single-source,wayback_bsnpr_games,https://web.archive.org/web/20020423093620id_/http://www.bsnpr.com:80/gamestatwide.asp?r=BS21018&grupo=,2026-09-08T15:42:17Z
BS21018,2001,2001-05-21,PONCE,4,"Colon, Javier",1011,35,1,6,1,2,0,0,0,8,8,5,0,0,3,1,5,single-source,wayback_bsnpr_games,https://web.archive.org/web/20020423093620id_/http://www.bsnpr.com:80/gamestatwide.asp?r=BS21018&grupo=,2026-09-08T15:42:17Z
BS21018,2001,2001-05-21,PONCE,5,"Agosto, Jose",,13,1,1,3,4,0,0,1,4,5,0,1,0,1,0,11,single-source,wayback_bsnpr_games,https://web.archive.org/web/20020423093620id_/http://www.bsnpr.com:80/gamestatwide.asp?r=BS21018&grupo=,2026-09-08T15:42:17Z
BS21018,2001,2001-05-21,PONCE,55,"Elisma, Eddie",499,40,7,13,2,5,5,9,5,9,14,9,1,1,1,3,25,single-source,wayback_bsnpr_games,https://web.archive.org/web/20020423093620id_/http://www.bsnpr.com:80/gamestatwide.asp?r=BS21018&grupo=,2026-09-08T15:42:17Z
BS21019,2001,2001-05-21,BAYAMON,0,"Richards, Jaja",,25,4,9,0,0,2,2,6,6,12,1,0,3,4,5,10,single-source,wayback_bsnpr_games,https://web.archive.org/web/20011125215624id_/http://www.bsnpr.com:80/gamestatwide.asp?r=BS21019&grupo=,2026-09-08T15:39:16Z
BS21019,2001,2001-05-21,BAYAMON,12,"Padilla, Edgar",,27,1,3,0,1,5,6,1,1,2,6,3,1,4,6,7,single-source,wayback_bsnpr_games,https://web.archive.org/web/20011125215624id_/http://www.bsnpr.com:80/gamestatwide.asp?r=BS21019&grupo=,2026-09-08T15:39:16Z
BS21019,2001,2001-05-21,BAYAMON,13,"Leon, Edgar",,6,1,2,0,0,0,0,0,2,2,0,0,0,2,1,2,single-source,wayback_bsnpr_games,https://web.archive.org/web/20011125215624id_/http://www.bsnpr.com:80/gamestatwide.asp?r=BS21019&grupo=,2026-09-08T15:39:16Z
BS21019,2001,2001-05-21,BAYAMON,15,"Latimer, Antonio",193,26,5,8,1,3,8,15,1,6,7,0,1,0,3,2,21,single-source,wayback_bsnpr_games,https://web.archive.org/web/20011125215624id_/http://www.bsnpr.com:80/gamestatwide.asp?r=BS21019&grupo=,2026-09-08T15:39:16Z
BS21019,2001,2001-05-21,BAYAMON,17,"Mincy, Jerome",1032,21,4,5,0,1,2,3,2,4,6,1,1,0,3,2,10,single-source,wayback_bsnpr_games,https://web.archive.org/web/20011125215624id_/http://www.bsnpr.com:80/gamestatwide.asp?r=BS21019&grupo=,2026-09-08T15:39:16Z
BS21019,2001,2001-05-21,BAYAMON,32,"Santiago, Eddin",502,14,0,0,0,1,2,2,0,3,3,1,0,0,1,1,2,single-source,wayback_bsnpr_games,https://web.archive.org/web/20011125215624id_/http://www.bsnpr.com:80/gamestatwide.asp?r=BS21019&grupo=,2026-09-08T15:39:16Z
BS21019,2001,2001-05-21,BAYAMON,4,"Western, Franklyn",,39,13,18,0,0,1,4,4,9,13,4,1,0,1,3,27,single-source,wayback_bsnpr_games,https://web.archive.org/web/20011125215624id_/http://www.bsnpr.com:80/gamestatwide.asp?r=BS21019&grupo=,2026-09-08T15:39:16Z
BS21019,2001,2001-05-21,BAYAMON,5,"Ortiz, Reyes",,4,0,0,0,0,0,0,0,2,2,3,0,1,1,2,0,single-source,wayback_bsnpr_games,https://web.archive.org/web/20011125215624id_/http://www.bsnpr.com:80/gamestatwide.asp?r=BS21019&grupo=,2026-09-08T15:39:16Z
BS21019,2001,2001-05-21,BAYAMON,6,"Travieso, Carmelo",,36,2,6,4,8,2,3,0,2,2,4,1,0,2,1,18,single-source,wayback_bsnpr_games,https://web.archive.org/web/20011125215624id_/http://www.bsnpr.com:80/gamestatwide.asp?r=BS21019&grupo=,2026-09-08T15:39:16Z
BS21019,2001,2001-05-21,BAYAMON,9,"Salgado, Gustavo",,2,0,0,0,0,0,0,0,0,0,0,0,0,0,0,0,single-source,wayback_bsnpr_games,https://web.archive.org/web/20011125215624id_/http://www.bsnpr.com:80/gamestatwide.asp?r=BS21019&grupo=,2026-09-08T15:39:16Z
BS21019,2001,2001-05-21,COAMO,10,"Rivera, Filiberto",704,29,5,8,1,2,2,3,0,3,3,3,2,0,2,0,15,single-source,wayback_bsnpr_games,https://web.archive.org/web/20011125215624id_/http://www.bsnpr.com:80/gamestatwide.asp?r=BS21019&grupo=,2026-09-08T15:39:16Z
BS21019,2001,2001-05-21,COAMO,12,"Miller, Ira",,27,3,6,2,5,2,2,3,3,6,2,3,1,4,2,14,single-source,wayback_bsnpr_games,https://web.archive.org/web/20011125215624id_/http://www.bsnpr.com:80/gamestatwide.asp?r=BS21019&grupo=,2026-09-08T15:39:16Z
BS21019,2001,2001-05-21,COAMO,13,"Leon, Francisco",,7,1,1,0,0,0,1,0,1,1,1,0,0,2,1,2,single-source,wayback_bsnpr_games,https://web.archive.org/web/20011125215624id_/http://www.bsnpr.com:80/gamestatwide.asp?r=BS21019&grupo=,2026-09-08T15:39:16Z
BS21019,2001,2001-05-21,COAMO,14,"Frazer, Rolando",,11,0,0,0,0,0,0,1,2,3,0,0,0,1,0,0,single-source,wayback_bsnpr_games,https://web.archive.org/web/20011125215624id_/http://www.bsnpr.com:80/gamestatwide.asp?r=BS21019&grupo=,2026-09-08T15:39:16Z
BS21019,2001,2001-05-21,COAMO,16,"Rivera, Angel",,13,0,1,0,0,0,0,1,2,3,1,0,0,5,2,0,single-source,wayback_bsnpr_games,https://web.archive.org/web/20011125215624id_/http://www.bsnpr.com:80/gamestatwide.asp?r=BS21019&grupo=,2026-09-08T15:39:16Z
BS21019,2001,2001-05-21,COAMO,17,"Watson, Antonio",,19,6,11,0,0,1,1,1,2,3,1,0,0,5,2,13,single-source,wayback_bsnpr_games,https://web.archive.org/web/20011125215624id_/http://www.bsnpr.com:80/gamestatwide.asp?r=BS21019&grupo=,2026-09-08T15:39:16Z
BS21019,2001,2001-05-21,COAMO,5,"Rios, Roberto",2076,18,3,6,0,4,2,2,0,0,0,0,1,0,3,3,8,single-source,wayback_bsnpr_games,https://web.archive.org/web/20011125215624id_/http://www.bsnpr.com:80/gamestatwide.asp?r=BS21019&grupo=,2026-09-08T15:39:16Z
BS21019,2001,2001-05-21,COAMO,6,"Escalera, Carlos",284,36,4,7,1,8,5,6,1,2,3,1,1,1,3,4,16,single-source,wayback_bsnpr_games,https://web.archive.org/web/20011125215624id_/http://www.bsnpr.com:80/gamestatwide.asp?r=BS21019&grupo=,2026-09-08T15:39:16Z
BS21019,2001,2001-05-21,COAMO,9,"Payano, Carlos",,40,4,8,2,5,4,4,1,3,4,3,2,0,1,1,18,single-source,wayback_bsnpr_games,https://web.archive.org/web/20011125215624id_/http://www.bsnpr.com:80/gamestatwide.asp?r=BS21019&grupo=,2026-09-08T15:39:16Z
BS21020,2001,2001-05-21,GUAYAMA,10,"Rivera, Carlos",338,15,3,6,0,3,4,6,0,2,2,0,0,0,2,1,10,single-source,wayback_bsnpr_games,https://web.archive.org/web/20011005085740id_/http://www.bsnpr.com:80/gamestatwide.asp?r=BS21020&grupo=,2026-09-08T15:36:52Z
BS21020,2001,2001-05-21,GUAYAMA,11,"Carter, James",,38,7,14,0,4,4,6,1,2,3,7,2,0,1,4,18,single-source,wayback_bsnpr_games,https://web.archive.org/web/20011005085740id_/http://www.bsnpr.com:80/gamestatwide.asp?r=BS21020&grupo=,2026-09-08T15:36:52Z
BS21020,2001,2001-05-21,GUAYAMA,13,"Benson, Mark",,28,1,1,4,8,0,0,0,0,0,0,0,0,4,4,14,single-source,wayback_bsnpr_games,https://web.archive.org/web/20011005085740id_/http://www.bsnpr.com:80/gamestatwide.asp?r=BS21020&grupo=,2026-09-08T15:36:52Z
BS21020,2001,2001-05-21,GUAYAMA,14,"Voce, Gary",,31,2,5,0,1,1,2,3,8,11,1,0,0,3,0,5,single-source,wayback_bsnpr_games,https://web.archive.org/web/20011005085740id_/http://www.bsnpr.com:80/gamestatwide.asp?r=BS21020&grupo=,2026-09-08T15:36:52Z
BS21020,2001,2001-05-21,GUAYAMA,15,"Rivera, David",,14,1,3,0,0,0,0,2,1,3,1,0,1,2,2,2,single-source,wayback_bsnpr_games,https://web.archive.org/web/20011005085740id_/http://www.bsnpr.com:80/gamestatwide.asp?r=BS21020&grupo=,2026-09-08T15:36:52Z
BS21020,2001,2001-05-21,GUAYAMA,17,"Colon, Giovanny",,2,0,0,0,0,0,0,0,0,0,0,0,0,0,0,0,single-source,wayback_bsnpr_games,https://web.archive.org/web/20011005085740id_/http://www.bsnpr.com:80/gamestatwide.asp?r=BS21020&grupo=,2026-09-08T15:36:52Z
BS21020,2001,2001-05-21,GUAYAMA,18,"Rosario, Jose",,11,1,1,0,0,2,2,1,1,2,1,1,0,3,2,4,single-source,wayback_bsnpr_games,https://web.archive.org/web/20011005085740id_/http://www.bsnpr.com:80/gamestatwide.asp?r=BS21020&grupo=,2026-09-08T15:36:52Z
BS21020,2001,2001-05-21,GUAYAMA,33,"Paniagua, Angel",,21,0,2,1,2,0,0,1,0,1,2,2,0,3,2,3,single-source,wayback_bsnpr_games,https://web.archive.org/web/20011005085740id_/http://www.bsnpr.com:80/gamestatwide.asp?r=BS21020&grupo=,2026-09-08T15:36:52Z
BS21020,2001,2001-05-21,GUAYAMA,4,"Bailey, Charles",,2,0,0,0,0,0,0,0,0,0,0,0,0,0,1,0,single-source,wayback_bsnpr_games,https://web.archive.org/web/20011005085740id_/http://www.bsnpr.com:80/gamestatwide.asp?r=BS21020&grupo=,2026-09-08T15:36:52Z
BS21020,2001,2001-05-21,GUAYAMA,55,"Wiley, Joe",,38,6,11,0,0,9,10,4,6,10,1,1,0,3,2,21,single-source,wayback_bsnpr_games,https://web.archive.org/web/20011005085740id_/http://www.bsnpr.com:80/gamestatwide.asp?r=BS21020&grupo=,2026-09-08T15:36:52Z
BS21020,2001,2001-05-21,SANTURCE,1,"Lopez, Jose",,1,0,0,0,0,0,0,0,0,0,1,1,0,0,0,0,single-source,wayback_bsnpr_games,https://web.archive.org/web/20011005085740id_/http://www.bsnpr.com:80/gamestatwide.asp?r=BS21020&grupo=,2026-09-08T15:36:52Z
BS21020,2001,2001-05-21,SANTURCE,10,"Arroyo, Alberto",,1,1,1,0,0,0,0,0,1,1,0,0,1,0,0,2,single-source,wayback_bsnpr_games,https://web.archive.org/web/20011005085740id_/http://www.bsnpr.com:80/gamestatwide.asp?r=BS21020&grupo=,2026-09-08T15:36:52Z
BS21020,2001,2001-05-21,SANTURCE,12,"Houroutunier, Rolando",,25,3,5,0,1,0,0,2,4,6,4,0,0,4,0,6,single-source,wayback_bsnpr_games,https://web.archive.org/web/20011005085740id_/http://www.bsnpr.com:80/gamestatwide.asp?r=BS21020&grupo=,2026-09-08T15:36:52Z
BS21020,2001,2001-05-21,SANTURCE,33,"Falcon, Alex",,17,2,3,0,0,0,0,1,0,1,1,1,0,2,1,4,single-source,wayback_bsnpr_games,https://web.archive.org/web/20011005085740id_/http://www.bsnpr.com:80/gamestatwide.asp?r=BS21020&grupo=,2026-09-08T15:36:52Z
BS21020,2001,2001-05-21,SANTURCE,4,"Ortiz, Jose",,30,9,12,0,0,3,4,1,6,7,0,1,0,3,0,21,single-source,wayback_bsnpr_games,https://web.archive.org/web/20011005085740id_/http://www.bsnpr.com:80/gamestatwide.asp?r=BS21020&grupo=,2026-09-08T15:36:52Z
BS21020,2001,2001-05-21,SANTURCE,42,"Aubry, Jeffrey",,10,1,1,0,0,0,0,2,0,2,0,0,0,2,1,2,single-source,wayback_bsnpr_games,https://web.archive.org/web/20011005085740id_/http://www.bsnpr.com:80/gamestatwide.asp?r=BS21020&grupo=,2026-09-08T15:36:52Z
BS21020,2001,2001-05-21,SANTURCE,44,"Bocachica, Armando",,22,3,4,0,1,1,2,1,5,6,3,0,0,3,0,7,single-source,wayback_bsnpr_games,https://web.archive.org/web/20011005085740id_/http://www.bsnpr.com:80/gamestatwide.asp?r=BS21020&grupo=,2026-09-08T15:36:52Z
BS21020,2001,2001-05-21,SANTURCE,5,"Santiago, Orlando",,39,2,4,7,13,2,2,0,2,2,6,2,0,0,1,27,single-source,wayback_bsnpr_games,https://web.archive.org/web/20011005085740id_/http://www.bsnpr.com:80/gamestatwide.asp?r=BS21020&grupo=,2026-09-08T15:36:52Z
BS21020,2001,2001-05-21,SANTURCE,7,"Arroyo, Carlos",273,29,6,9,1,4,11,12,0,1,1,6,3,0,3,3,26,single-source,wayback_bsnpr_games,https://web.archive.org/web/20011005085740id_/http://www.bsnpr.com:80/gamestatwide.asp?r=BS21020&grupo=,2026-09-08T15:36:52Z
BS21020,2001,2001-05-21,SANTURCE,8,"Johnson, Dave",444,18,2,7,0,2,0,2,2,3,5,1,0,0,2,0,4,single-source,wayback_bsnpr_games,https://web.archive.org/web/20011005085740id_/http://www.bsnpr.com:80/gamestatwide.asp?r=BS21020&grupo=,2026-09-08T15:36:52Z
BS21020,2001,2001-05-21,SANTURCE,9,"Santiago, Edwin",,8,1,1,0,0,0,0,0,1,1,0,0,0,1,2,2,single-source,wayback_bsnpr_games,https://web.archive.org/web/20011005085740id_/http://www.bsnpr.com:80/gamestatwide.asp?r=BS21020&grupo=,2026-09-08T15:36:52Z
BS21022,2001,2001-05-22,ARECIBO,10,"Cidre, Guillermo",,1,0,0,0,0,0,0,0,0,0,0,0,0,0,1,0,single-source,wayback_bsnpr_games,https://web.archive.org/web/20011111213541id_/http://www.bsnpr.com:80/gamestatwide.asp?r=BS21022,2026-09-08T15:38:43Z
BS21022,2001,2001-05-22,ARECIBO,11,"Chiaramelo, Oscar",,10,3,6,0,0,0,0,3,5,8,1,0,0,1,0,6,single-source,wayback_bsnpr_games,https://web.archive.org/web/20011111213541id_/http://www.bsnpr.com:80/gamestatwide.asp?r=BS21022,2026-09-08T15:38:43Z
BS21022,2001,2001-05-22,ARECIBO,14,"Rivera, Jorge",1127,15,4,5,0,1,0,0,1,3,4,0,1,0,0,3,8,single-source,wayback_bsnpr_games,https://web.archive.org/web/20011111213541id_/http://www.bsnpr.com:80/gamestatwide.asp?r=BS21022,2026-09-08T15:38:43Z
BS21022,2001,2001-05-22,ARECIBO,17,"Martinez, Elionel",579,2,0,1,0,0,0,0,0,0,0,0,0,0,0,0,0,single-source,wayback_bsnpr_games,https://web.archive.org/web/20011111213541id_/http://www.bsnpr.com:80/gamestatwide.asp?r=BS21022,2026-09-08T15:38:43Z
BS21022,2001,2001-05-22,ARECIBO,18,"Cortes, David",448,9,0,1,0,1,2,2,0,0,0,2,1,1,2,2,2,single-source,wayback_bsnpr_games,https://web.archive.org/web/20011111213541id_/http://www.bsnpr.com:80/gamestatwide.asp?r=BS21022,2026-09-08T15:38:43Z
BS21022,2001,2001-05-22,ARECIBO,21,"Rivera, Omar",,12,0,0,3,5,1,2,0,1,1,0,3,0,3,0,10,single-source,wayback_bsnpr_games,https://web.archive.org/web/20011111213541id_/http://www.bsnpr.com:80/gamestatwide.asp?r=BS21022,2026-09-08T15:38:43Z
BS21022,2001,2001-05-22,ARECIBO,25,"Hill, Kris",1416,20,3,6,0,2,1,2,2,6,8,4,0,0,3,7,7,single-source,wayback_bsnpr_games,https://web.archive.org/web/20011111213541id_/http://www.bsnpr.com:80/gamestatwide.asp?r=BS21022,2026-09-08T15:38:43Z
BS21022,2001,2001-05-22,ARECIBO,31,"Cruz, Rafael",1895,22,3,6,0,1,2,4,0,5,5,1,0,0,5,4,8,single-source,wayback_bsnpr_games,https://web.archive.org/web/20011111213541id_/http://www.bsnpr.com:80/gamestatwide.asp?r=BS21022,2026-09-08T15:38:43Z
BS21022,2001,2001-05-22,ARECIBO,32,"Calderon, Axel",,8,2,2,0,0,0,0,3,1,4,0,0,0,1,0,4,single-source,wayback_bsnpr_games,https://web.archive.org/web/20011111213541id_/http://www.bsnpr.com:80/gamestatwide.asp?r=BS21022,2026-09-08T15:38:43Z
BS21022,2001,2001-05-22,ARECIBO,33,"Rolon, Javier",,34,9,10,0,2,5,6,3,2,5,0,0,0,4,3,23,single-source,wayback_bsnpr_games,https://web.archive.org/web/20011111213541id_/http://www.bsnpr.com:80/gamestatwide.asp?r=BS21022,2026-09-08T15:38:43Z
BS21022,2001,2001-05-22,ARECIBO,7,"Cotte, John",,26,4,7,1,3,3,4,1,5,6,3,0,0,3,4,14,single-source,wayback_bsnpr_games,https://web.archive.org/web/20011111213541id_/http://www.bsnpr.com:80/gamestatwide.asp?r=BS21022,2026-09-08T15:38:43Z
BS21022,2001,2001-05-22,ARECIBO,8,"Figueroa, Angel",135,36,7,9,1,6,2,3,0,3,3,2,4,0,4,0,19,single-source,wayback_bsnpr_games,https://web.archive.org/web/20011111213541id_/http://www.bsnpr.com:80/gamestatwide.asp?r=BS21022,2026-09-08T15:38:43Z
BS21022,2001,2001-05-22,ARECIBO,9,"Garcia, Jan",,5,0,1,0,0,0,0,0,1,1,1,0,0,0,1,0,single-source,wayback_bsnpr_games,https://web.archive.org/web/20011111213541id_/http://www.bsnpr.com:80/gamestatwide.asp?r=BS21022,2026-09-08T15:38:43Z
BS21022,2001,2001-05-22,CAGUAS,11,"Nieves, Josue",,23,2,4,2,7,2,2,0,1,1,1,1,0,4,1,12,single-source,wayback_bsnpr_games,https://web.archive.org/web/20011111213541id_/http://www.bsnpr.com:80/gamestatwide.asp?r=BS21022,2026-09-08T15:38:43Z
BS21022,2001,2001-05-22,CAGUAS,14,"Allende, Luis",,32,1,1,4,6,4,4,0,4,4,2,0,0,4,1,18,single-source,wayback_bsnpr_games,https://web.archive.org/web/20011111213541id_/http://www.bsnpr.com:80/gamestatwide.asp?r=BS21022,2026-09-08T15:38:43Z
BS21022,2001,2001-05-22,CAGUAS,15,"Rivas, Luis",,6,2,3,0,0,0,0,0,1,1,0,0,0,1,0,4,single-source,wayback_bsnpr_games,https://web.archive.org/web/20011111213541id_/http://www.bsnpr.com:80/gamestatwide.asp?r=BS21022,2026-09-08T15:38:43Z
BS21022,2001,2001-05-22,CAGUAS,20,"Rivera, Hecmar",,2,1,1,0,1,0,0,0,0,0,0,0,0,0,0,2,single-source,wayback_bsnpr_games,https://web.archive.org/web/20011111213541id_/http://www.bsnpr.com:80/gamestatwide.asp?r=BS21022,2026-09-08T15:38:43Z
BS21022,2001,2001-05-22,CAGUAS,25,"Carrasquillo, Antonio",,15,2,2,2,5,0,0,0,2,2,1,0,2,3,1,10,single-source,wayback_bsnpr_games,https://web.archive.org/web/20011111213541id_/http://www.bsnpr.com:80/gamestatwide.asp?r=BS21022,2026-09-08T15:38:43Z
BS21022,2001,2001-05-22,CAGUAS,4,"Colon, Angel",,30,3,4,0,1,5,6,0,2,2,1,1,0,2,2,11,single-source,wayback_bsnpr_games,https://web.archive.org/web/20011111213541id_/http://www.bsnpr.com:80/gamestatwide.asp?r=BS21022,2026-09-08T15:38:43Z
BS21022,2001,2001-05-22,CAGUAS,6,"Burgos, Gary",,14,2,2,1,2,2,5,0,0,0,4,0,0,2,3,9,single-source,wayback_bsnpr_games,https://web.archive.org/web/20011111213541id_/http://www.bsnpr.com:80/gamestatwide.asp?r=BS21022,2026-09-08T15:38:43Z
BS21022,2001,2001-05-22,CAGUAS,7,"Davila, Michelo",1660,38,3,6,2,7,5,6,1,4,5,16,2,0,1,3,17,single-source,wayback_bsnpr_games,https://web.archive.org/web/20011111213541id_/http://www.bsnpr.com:80/gamestatwide.asp?r=BS21022,2026-09-08T15:38:43Z
BS21022,2001,2001-05-22,CAGUAS,8,"Farmer, Tony",,40,2,3,6,15,4,4,1,6,7,4,3,1,2,3,26,single-source,wayback_bsnpr_games,https://web.archive.org/web/20011111213541id_/http://www.bsnpr.com:80/gamestatwide.asp?r=BS21022,2026-09-08T15:38:43Z
BS21023,2001,2001-05-22,CAROLINA,10,"Vizcarrondo, Cesar",355,9,2,6,0,0,0,0,2,0,2,0,0,0,0,0,4,single-source,wayback_bsnpr_games,https://web.archive.org/web/20011224144317id_/http://www.bsnpr.com:80/gamestatwide.asp?r=BS21023&grupo=,2026-09-08T15:40:59Z
BS21023,2001,2001-05-22,CAROLINA,11,"Aska, Joseph",,8,1,1,0,0,0,1,0,0,0,0,0,0,3,0,2,single-source,wayback_bsnpr_games,https://web.archive.org/web/20011224144317id_/http://www.bsnpr.com:80/gamestatwide.asp?r=BS21023&grupo=,2026-09-08T15:40:59Z
BS21023,2001,2001-05-22,CAROLINA,12,"Alomar, Carlos",,6,0,1,0,0,0,0,0,1,1,0,0,0,0,0,0,single-source,wayback_bsnpr_games,https://web.archive.org/web/20011224144317id_/http://www.bsnpr.com:80/gamestatwide.asp?r=BS21023&grupo=,2026-09-08T15:40:59Z
BS21023,2001,2001-05-22,CAROLINA,13,"Neumann, Henry",,4,0,1,0,0,0,0,0,0,0,0,0,0,0,0,0,single-source,wayback_bsnpr_games,https://web.archive.org/web/20011224144317id_/http://www.bsnpr.com:80/gamestatwide.asp?r=BS21023&grupo=,2026-09-08T15:40:59Z
BS21023,2001,2001-05-22,CAROLINA,14,"Valenzuela, Hector",869,5,0,3,0,0,1,2,3,2,5,0,0,0,0,0,1,single-source,wayback_bsnpr_games,https://web.archive.org/web/20011224144317id_/http://www.bsnpr.com:80/gamestatwide.asp?r=BS21023&grupo=,2026-09-08T15:40:59Z
BS21023,2001,2001-05-22,CAROLINA,15,"Ayala, Alexander",,12,1,3,2,3,0,0,0,0,0,0,0,0,2,1,8,single-source,wayback_bsnpr_games,https://web.archive.org/web/20011224144317id_/http://www.bsnpr.com:80/gamestatwide.asp?r=BS21023&grupo=,2026-09-08T15:40:59Z
BS21023,2001,2001-05-22,CAROLINA,16,"Cepeda, James",,18,2,3,0,0,2,2,0,0,0,0,0,0,0,0,6,single-source,wayback_bsnpr_games,https://web.archive.org/web/20011224144317id_/http://www.bsnpr.com:80/gamestatwide.asp?r=BS21023&grupo=,2026-09-08T15:40:59Z
BS21023,2001,2001-05-22,CAROLINA,17,"White, Joe",,29,5,15,0,1,4,4,4,11,15,0,1,1,2,2,14,single-source,wayback_bsnpr_games,https://web.archive.org/web/20011224144317id_/http://www.bsnpr.com:80/gamestatwide.asp?r=BS21023&grupo=,2026-09-08T15:40:59Z
BS21023,2001,2001-05-22,CAROLINA,18,"Simpson, Carl",,34,10,17,0,1,2,2,1,4,5,2,1,0,4,5,22,single-source,wayback_bsnpr_games,https://web.archive.org/web/20011224144317id_/http://www.bsnpr.com:80/gamestatwide.asp?r=BS21023&grupo=,2026-09-08T15:40:59Z
BS21023,2001,2001-05-22,CAROLINA,4,"Torres, George",,21,1,2,1,2,4,5,1,2,3,3,2,0,3,0,9,single-source,wayback_bsnpr_games,https://web.archive.org/web/20011224144317id_/http://www.bsnpr.com:80/gamestatwide.asp?r=BS21023&grupo=,2026-09-08T15:40:59Z
BS21023,2001,2001-05-22,CAROLINA,5,"Nieves, Ivan",954,15,0,2,2,2,0,0,0,0,0,4,2,0,2,2,6,single-source,wayback_bsnpr_games,https://web.archive.org/web/20011224144317id_/http://www.bsnpr.com:80/gamestatwide.asp?r=BS21023&grupo=,2026-09-08T15:40:59Z
BS21023,2001,2001-05-22,CAROLINA,6,"Borgos, Rich",,13,1,3,0,2,1,2,1,3,4,3,0,0,4,4,3,single-source,wayback_bsnpr_games,https://web.archive.org/web/20011224144317id_/http://www.bsnpr.com:80/gamestatwide.asp?r=BS21023&grupo=,2026-09-08T15:40:59Z
BS21023,2001,2001-05-22,CAROLINA,7,"Romer, Angel",,9,1,7,1,1,0,0,4,0,4,1,1,0,2,1,5,single-source,wayback_bsnpr_games,https://web.archive.org/web/20011224144317id_/http://www.bsnpr.com:80/gamestatwide.asp?r=BS21023&grupo=,2026-09-08T15:40:59Z
BS21023,2001,2001-05-22,CAROLINA,8,"Rodriguez, Armando",,11,3,4,0,3,0,0,0,0,0,0,0,0,1,0,6,single-source,wayback_bsnpr_games,https://web.archive.org/web/20011224144317id_/http://www.bsnpr.com:80/gamestatwide.asp?r=BS21023&grupo=,2026-09-08T15:40:59Z
BS21023,2001,2001-05-22,CAROLINA,9,"Roca, Joel",1065,6,2,4,0,1,0,0,1,1,2,1,0,0,0,1,4,single-source,wayback_bsnpr_games,https://web.archive.org/web/20011224144317id_/http://www.bsnpr.com:80/gamestatwide.asp?r=BS21023&grupo=,2026-09-08T15:40:59Z
BS21023,2001,2001-05-22,SAN GERMAN,1,"Jackson, Leroy",1442,19,2,3,0,1,1,4,2,5,7,1,3,0,2,1,5,single-source,wayback_bsnpr_games,https://web.archive.org/web/20011224144317id_/http://www.bsnpr.com:80/gamestatwide.asp?r=BS21023&grupo=,2026-09-08T15:40:59Z
BS21023,2001,2001-05-22,SAN GERMAN,12,"Caanen, Wilhemus",,26,0,1,2,3,1,3,1,5,6,4,1,0,3,3,7,single-source,wayback_bsnpr_games,https://web.archive.org/web/20011224144317id_/http://www.bsnpr.com:80/gamestatwide.asp?r=BS21023&grupo=,2026-09-08T15:40:59Z
BS21023,2001,2001-05-22,SAN GERMAN,14,"Rivera, Raul",,2,0,0,0,0,0,0,0,2,2,0,0,1,0,0,0,single-source,wayback_bsnpr_games,https://web.archive.org/web/20011224144317id_/http://www.bsnpr.com:80/gamestatwide.asp?r=BS21023&grupo=,2026-09-08T15:40:59Z
BS21023,2001,2001-05-22,SAN GERMAN,17,"Dalmau, Christian",382,31,7,16,4,4,4,8,1,0,1,3,2,0,2,2,30,single-source,wayback_bsnpr_games,https://web.archive.org/web/20011224144317id_/http://www.bsnpr.com:80/gamestatwide.asp?r=BS21023&grupo=,2026-09-08T15:40:59Z
BS21023,2001,2001-05-22,SAN GERMAN,20,"Ayuso, Larry",574,32,5,10,7,8,7,8,2,4,6,2,2,0,1,2,38,single-source,wayback_bsnpr_games,https://web.archive.org/web/20011224144317id_/http://www.bsnpr.com:80/gamestatwide.asp?r=BS21023&grupo=,2026-09-08T15:40:59Z
BS21023,2001,2001-05-22,SAN GERMAN,21,"Febres, Arnaldo",,32,6,7,0,0,2,4,3,5,8,1,0,2,4,4,14,single-source,wayback_bsnpr_games,https://web.archive.org/web/20011224144317id_/http://www.bsnpr.com:80/gamestatwide.asp?r=BS21023&grupo=,2026-09-08T15:40:59Z
BS21023,2001,2001-05-22,SAN GERMAN,23,"LLOVET, Francisco",,3,1,2,0,1,0,0,0,1,1,0,0,0,0,0,2,single-source,wayback_bsnpr_games,https://web.archive.org/web/20011224144317id_/http://www.bsnpr.com:80/gamestatwide.asp?r=BS21023&grupo=,2026-09-08T15:40:59Z
BS21023,2001,2001-05-22,SAN GERMAN,26,"Zayas, Gerardo",795,8,0,0,0,0,0,0,0,1,1,0,0,0,0,0,0,single-source,wayback_bsnpr_games,https://web.archive.org/web/20011224144317id_/http://www.bsnpr.com:80/gamestatwide.asp?r=BS21023&grupo=,2026-09-08T15:40:59Z
BS21023,2001,2001-05-22,SAN GERMAN,32,"Lazor, Robert",2037,30,3,7,0,2,4,5,2,8,10,4,1,0,4,0,10,single-source,wayback_bsnpr_games,https://web.archive.org/web/20011224144317id_/http://www.bsnpr.com:80/gamestatwide.asp?r=BS21023&grupo=,2026-09-08T15:40:59Z
BS21023,2001,2001-05-22,SAN GERMAN,6,"Caraballo, Johny",,6,1,1,1,1,0,0,0,0,0,1,0,0,0,0,5,single-source,wayback_bsnpr_games,https://web.archive.org/web/20011224144317id_/http://www.bsnpr.com:80/gamestatwide.asp?r=BS21023&grupo=,2026-09-08T15:40:59Z
BS21023,2001,2001-05-22,SAN GERMAN,7,"Quinonez, Nelson",,11,0,0,1,3,0,0,0,0,0,1,0,0,1,1,3,single-source,wayback_bsnpr_games,https://web.archive.org/web/20011224144317id_/http://www.bsnpr.com:80/gamestatwide.asp?r=BS21023&grupo=,2026-09-08T15:40:59Z
BS21024,2001,2001-05-23,GUAYAMA,10,"Rivera, Carlos",338,16,1,3,2,5,0,0,0,1,1,1,1,0,1,0,8,single-source,wayback_bsnpr_games,https://web.archive.org/web/20020423093257id_/http://www.bsnpr.com:80/gamestatwide.asp?r=BS21024&grupo=,2026-09-08T15:42:15Z
BS21024,2001,2001-05-23,GUAYAMA,11,"Carter, James",,36,7,11,2,4,12,12,0,2,2,5,0,0,2,2,32,single-source,wayback_bsnpr_games,https://web.archive.org/web/20020423093257id_/http://www.bsnpr.com:80/gamestatwide.asp?r=BS21024&grupo=,2026-09-08T15:42:15Z
BS21024,2001,2001-05-23,GUAYAMA,13,"Benson, Mark",,25,2,3,1,3,0,0,0,2,2,2,1,0,3,0,7,single-source,wayback_bsnpr_games,https://web.archive.org/web/20020423093257id_/http://www.bsnpr.com:80/gamestatwide.asp?r=BS21024&grupo=,2026-09-08T15:42:15Z
BS21024,2001,2001-05-23,GUAYAMA,14,"Voce, Gary",,33,5,6,1,3,1,2,0,3,3,1,1,0,3,1,14,single-source,wayback_bsnpr_games,https://web.archive.org/web/20020423093257id_/http://www.bsnpr.com:80/gamestatwide.asp?r=BS21024&grupo=,2026-09-08T15:42:15Z
BS21024,2001,2001-05-23,GUAYAMA,15,"Rivera, David",,12,2,2,0,2,0,0,0,0,0,0,0,0,4,2,4,single-source,wayback_bsnpr_games,https://web.archive.org/web/20020423093257id_/http://www.bsnpr.com:80/gamestatwide.asp?r=BS21024&grupo=,2026-09-08T15:42:15Z
BS21024,2001,2001-05-23,GUAYAMA,17,"Colon, Giovanni",,4,0,0,0,1,0,0,0,0,0,1,0,0,0,0,0,single-source,wayback_bsnpr_games,https://web.archive.org/web/20020423093257id_/http://www.bsnpr.com:80/gamestatwide.asp?r=BS21024&grupo=,2026-09-08T15:42:15Z
BS21024,2001,2001-05-23,GUAYAMA,18,"Rosario, Jose",,14,0,6,0,0,0,0,3,1,4,1,1,0,1,2,0,single-source,wayback_bsnpr_games,https://web.archive.org/web/20020423093257id_/http://www.bsnpr.com:80/gamestatwide.asp?r=BS21024&grupo=,2026-09-08T15:42:15Z
BS21024,2001,2001-05-23,GUAYAMA,33,"Paniagua, Angel",,28,3,7,3,6,0,0,4,2,6,3,3,1,3,2,15,single-source,wayback_bsnpr_games,https://web.archive.org/web/20020423093257id_/http://www.bsnpr.com:80/gamestatwide.asp?r=BS21024&grupo=,2026-09-08T15:42:15Z
BS21024,2001,2001-05-23,GUAYAMA,55,"Wiley, Joe",,32,2,7,0,0,0,0,0,5,5,4,1,0,3,3,4,single-source,wayback_bsnpr_games,https://web.archive.org/web/20020423093257id_/http://www.bsnpr.com:80/gamestatwide.asp?r=BS21024&grupo=,2026-09-08T15:42:15Z
BS21024,2001,2001-05-23,PONCE,1,"Morales, Ferdinand",,21,1,3,0,2,0,1,2,3,5,0,0,0,0,1,2,single-source,wayback_bsnpr_games,https://web.archive.org/web/20020423093257id_/http://www.bsnpr.com:80/gamestatwide.asp?r=BS21024&grupo=,2026-09-08T15:42:15Z
BS21024,2001,2001-05-23,PONCE,10,"Hatton, Bobby",,27,2,6,1,2,2,4,2,1,3,2,2,0,2,2,9,single-source,wayback_bsnpr_games,https://web.archive.org/web/20020423093257id_/http://www.bsnpr.com:80/gamestatwide.asp?r=BS21024&grupo=,2026-09-08T15:42:15Z
BS21024,2001,2001-05-23,PONCE,12,"Ricardo, Osiris",,6,1,1,0,0,0,0,0,1,1,0,0,0,0,0,2,single-source,wayback_bsnpr_games,https://web.archive.org/web/20020423093257id_/http://www.bsnpr.com:80/gamestatwide.asp?r=BS21024&grupo=,2026-09-08T15:42:15Z
BS21024,2001,2001-05-23,PONCE,17,"Collado, Roberto",,27,1,1,0,0,0,2,2,5,7,0,0,0,4,2,2,single-source,wayback_bsnpr_games,https://web.archive.org/web/20020423093257id_/http://www.bsnpr.com:80/gamestatwide.asp?r=BS21024&grupo=,2026-09-08T15:42:15Z
BS21024,2001,2001-05-23,PONCE,4,"Colon, Javier",1011,38,2,7,4,8,8,8,3,5,8,3,1,0,3,4,24,single-source,wayback_bsnpr_games,https://web.archive.org/web/20020423093257id_/http://www.bsnpr.com:80/gamestatwide.asp?r=BS21024&grupo=,2026-09-08T15:42:15Z
BS21024,2001,2001-05-23,PONCE,5,"Agosto, Jose",,35,5,8,5,8,1,2,0,1,1,0,0,0,0,2,26,single-source,wayback_bsnpr_games,https://web.archive.org/web/20020423093257id_/http://www.bsnpr.com:80/gamestatwide.asp?r=BS21024&grupo=,2026-09-08T15:42:15Z
BS21024,2001,2001-05-23,PONCE,6,"Lockhart, Ian",914,39,9,14,0,2,0,2,4,8,12,6,0,0,4,2,18,single-source,wayback_bsnpr_games,https://web.archive.org/web/20020423093257id_/http://www.bsnpr.com:80/gamestatwide.asp?r=BS21024&grupo=,2026-09-08T15:42:15Z
BS21024,2001,2001-05-23,PONCE,69,"Echevaria, Antonio",,7,0,0,0,0,0,0,0,0,0,0,0,1,1,1,0,single-source,wayback_bsnpr_games,https://web.archive.org/web/20020423093257id_/http://www.bsnpr.com:80/gamestatwide.asp?r=BS21024&grupo=,2026-09-08T15:42:15Z
BS21025,2001,2001-05-23,CAGUAS,11,"Nieves, Josue",,24,3,7,4,7,6,7,0,4,4,1,0,0,1,2,24,single-source,wayback_bsnpr_games,https://web.archive.org/web/20011005085046id_/http://www.bsnpr.com:80/gamestatwide.asp?r=BS21025&grupo=,2026-09-08T15:36:50Z
BS21025,2001,2001-05-23,CAGUAS,14,"Allende, Luis",,37,6,10,3,8,9,10,4,2,6,0,1,0,5,2,30,single-source,wayback_bsnpr_games,https://web.archive.org/web/20011005085046id_/http://www.bsnpr.com:80/gamestatwide.asp?r=BS21025&grupo=,2026-09-08T15:36:50Z
BS21025,2001,2001-05-23,CAGUAS,15,"Rivas, Luis",,8,2,2,0,1,0,2,0,1,1,0,0,0,1,0,4,single-source,wayback_bsnpr_games,https://web.archive.org/web/20011005085046id_/http://www.bsnpr.com:80/gamestatwide.asp?r=BS21025&grupo=,2026-09-08T15:36:50Z
BS21025,2001,2001-05-23,CAGUAS,20,"Rivera, Hecmar",,1,0,0,0,0,0,0,0,0,0,0,0,0,0,0,0,single-source,wayback_bsnpr_games,https://web.archive.org/web/20011005085046id_/http://www.bsnpr.com:80/gamestatwide.asp?r=BS21025&grupo=,2026-09-08T15:36:50Z
BS21025,2001,2001-05-23,CAGUAS,21,"Rodriguez, Andres",87,2,0,0,0,0,0,0,0,0,0,0,0,0,0,0,0,single-source,wayback_bsnpr_games,https://web.archive.org/web/20011005085046id_/http://www.bsnpr.com:80/gamestatwide.asp?r=BS21025&grupo=,2026-09-08T15:36:50Z
BS21025,2001,2001-05-23,CAGUAS,25,"Carrasquillo, Antonio",,35,3,6,1,3,0,0,2,8,10,1,3,0,2,2,9,single-source,wayback_bsnpr_games,https://web.archive.org/web/20011005085046id_/http://www.bsnpr.com:80/gamestatwide.asp?r=BS21025&grupo=,2026-09-08T15:36:50Z
BS21025,2001,2001-05-23,CAGUAS,36,"Ramos, Peter John",1836,7,0,2,0,0,0,0,0,0,0,0,0,0,0,0,0,single-source,wayback_bsnpr_games,https://web.archive.org/web/20011005085046id_/http://www.bsnpr.com:80/gamestatwide.asp?r=BS21025&grupo=,2026-09-08T15:36:50Z
BS21025,2001,2001-05-23,CAGUAS,4,"Colon, Angel",,39,8,16,4,5,1,2,2,1,3,3,3,1,2,4,29,single-source,wayback_bsnpr_games,https://web.archive.org/web/20011005085046id_/http://www.bsnpr.com:80/gamestatwide.asp?r=BS21025&grupo=,2026-09-08T15:36:50Z
BS21025,2001,2001-05-23,CAGUAS,5,"Rivera, Ahmed",,2,0,0,0,1,0,0,0,0,0,0,0,0,0,0,0,single-source,wayback_bsnpr_games,https://web.archive.org/web/20011005085046id_/http://www.bsnpr.com:80/gamestatwide.asp?r=BS21025&grupo=,2026-09-08T15:36:50Z
BS21025,2001,2001-05-23,CAGUAS,6,"Burgos, Gary Joe",,16,1,1,0,1,0,0,0,2,2,4,0,0,2,0,2,single-source,wayback_bsnpr_games,https://web.archive.org/web/20011005085046id_/http://www.bsnpr.com:80/gamestatwide.asp?r=BS21025&grupo=,2026-09-08T15:36:50Z
BS21025,2001,2001-05-23,CAGUAS,7,"Davila, Michael",,24,0,0,0,3,0,0,1,2,3,4,3,0,1,2,0,single-source,wayback_bsnpr_games,https://web.archive.org/web/20011005085046id_/http://www.bsnpr.com:80/gamestatwide.asp?r=BS21025&grupo=,2026-09-08T15:36:50Z
BS21025,2001,2001-05-23,SANTURCE,11,"Benson, Mark",,18,1,2,1,4,0,0,0,1,1,0,0,0,2,1,5,single-source,wayback_bsnpr_games,https://web.archive.org/web/20011005085046id_/http://www.bsnpr.com:80/gamestatwide.asp?r=BS21025&grupo=,2026-09-08T15:36:50Z
BS21025,2001,2001-05-23,SANTURCE,12,"Horrutunier, Rolando",,23,1,2,4,5,0,0,0,3,3,0,0,0,4,3,14,single-source,wayback_bsnpr_games,https://web.archive.org/web/20011005085046id_/http://www.bsnpr.com:80/gamestatwide.asp?r=BS21025&grupo=,2026-09-08T15:36:50Z
BS21025,2001,2001-05-23,SANTURCE,33,"Falcon, Alex",,15,1,2,0,0,0,0,0,3,3,1,0,0,2,1,2,single-source,wayback_bsnpr_games,https://web.archive.org/web/20011005085046id_/http://www.bsnpr.com:80/gamestatwide.asp?r=BS21025&grupo=,2026-09-08T15:36:50Z
BS21025,2001,2001-05-23,SANTURCE,4,"Ortiz, Jose",,36,10,18,2,3,7,7,1,10,11,2,1,1,4,5,33,single-source,wayback_bsnpr_games,https://web.archive.org/web/20011005085046id_/http://www.bsnpr.com:80/gamestatwide.asp?r=BS21025&grupo=,2026-09-08T15:36:50Z
BS21025,2001,2001-05-23,SANTURCE,42,"Aubry, Jeffrey",,3,0,0,0,0,0,0,0,0,0,0,0,2,0,1,0,single-source,wayback_bsnpr_games,https://web.archive.org/web/20011005085046id_/http://www.bsnpr.com:80/gamestatwide.asp?r=BS21025&grupo=,2026-09-08T15:36:50Z
BS21025,2001,2001-05-23,SANTURCE,5,"Santiago, Orlando",,38,2,2,2,5,5,5,1,4,5,6,1,0,2,0,15,single-source,wayback_bsnpr_games,https://web.archive.org/web/20011005085046id_/http://www.bsnpr.com:80/gamestatwide.asp?r=BS21025&grupo=,2026-09-08T15:36:50Z
BS21025,2001,2001-05-23,SANTURCE,7,"Arroyo, Carlos",273,35,4,6,1,6,4,4,3,4,7,9,3,0,2,3,15,single-source,wayback_bsnpr_games,https://web.archive.org/web/20011005085046id_/http://www.bsnpr.com:80/gamestatwide.asp?r=BS21025&grupo=,2026-09-08T15:36:50Z
BS21025,2001,2001-05-23,SANTURCE,8,"Trimingham, Leon",,22,6,9,0,0,1,2,5,2,7,1,1,1,4,3,13,single-source,wayback_bsnpr_games,https://web.archive.org/web/20011005085046id_/http://www.bsnpr.com:80/gamestatwide.asp?r=BS21025&grupo=,2026-09-08T15:36:50Z
BS21025,2001,2001-05-23,SANTURCE,9,"Santiago, Edwin",,5,1,4,0,0,1,2,0,0,0,0,0,0,2,0,3,single-source,wayback_bsnpr_games,https://web.archive.org/web/20011005085046id_/http://www.bsnpr.com:80/gamestatwide.asp?r=BS21025&grupo=,2026-09-08T15:36:50Z
BS21026,2001,2001-05-23,BAYAMON,0,"Richards, Jaja",,27,2,2,0,0,0,0,4,7,11,1,1,2,5,0,4,single-source,wayback_bsnpr_games,https://web.archive.org/web/20011226014037id_/http://www.bsnpr.com:80/gamestatwide.asp?r=BS21026,2026-09-08T15:41:40Z
BS21026,2001,2001-05-23,BAYAMON,12,"Padilla, Edgar",,31,1,6,2,3,4,4,0,3,3,3,2,0,4,9,12,single-source,wayback_bsnpr_games,https://web.archive.org/web/20011226014037id_/http://www.bsnpr.com:80/gamestatwide.asp?r=BS21026,2026-09-08T15:41:40Z
BS21026,2001,2001-05-23,BAYAMON,13,"Leon, Edgar",,4,0,1,0,0,0,0,0,2,2,0,0,0,2,1,0,single-source,wayback_bsnpr_games,https://web.archive.org/web/20011226014037id_/http://www.bsnpr.com:80/gamestatwide.asp?r=BS21026,2026-09-08T15:41:40Z
BS21026,2001,2001-05-23,BAYAMON,15,"Latimer, Antonio",193,30,2,10,1,2,0,0,2,6,8,1,0,1,3,3,7,single-source,wayback_bsnpr_games,https://web.archive.org/web/20011226014037id_/http://www.bsnpr.com:80/gamestatwide.asp?r=BS21026,2026-09-08T15:41:40Z
BS21026,2001,2001-05-23,BAYAMON,17,"Mincy, Jerome",1032,19,1,3,0,0,6,6,1,4,5,0,1,0,4,4,8,single-source,wayback_bsnpr_games,https://web.archive.org/web/20011226014037id_/http://www.bsnpr.com:80/gamestatwide.asp?r=BS21026,2026-09-08T15:41:40Z
BS21026,2001,2001-05-23,BAYAMON,32,"Santiago, Eddin",502,9,0,2,0,1,1,2,0,0,0,1,1,0,2,2,1,single-source,wayback_bsnpr_games,https://web.archive.org/web/20011226014037id_/http://www.bsnpr.com:80/gamestatwide.asp?r=BS21026,2026-09-08T15:41:40Z
BS21026,2001,2001-05-23,BAYAMON,4,"Western, Franklyn",,37,10,16,0,0,7,7,3,3,6,3,1,0,2,4,27,single-source,wayback_bsnpr_games,https://web.archive.org/web/20011226014037id_/http://www.bsnpr.com:80/gamestatwide.asp?r=BS21026,2026-09-08T15:41:40Z
BS21026,2001,2001-05-23,BAYAMON,5,"Ortiz, Reyes",,5,0,0,0,0,0,0,0,1,1,1,0,0,2,0,0,single-source,wayback_bsnpr_games,https://web.archive.org/web/20011226014037id_/http://www.bsnpr.com:80/gamestatwide.asp?r=BS21026,2026-09-08T15:41:40Z
BS21026,2001,2001-05-23,BAYAMON,6,"Travieso, Carmelo",,38,1,3,3,10,2,4,1,7,8,3,1,0,0,5,13,single-source,wayback_bsnpr_games,https://web.archive.org/web/20011226014037id_/http://www.bsnpr.com:80/gamestatwide.asp?r=BS21026,2026-09-08T15:41:40Z
BS21026,2001,2001-05-23,MAYAGUEZ,10,"Meyers, Guillermo",,29,3,5,0,0,0,1,2,4,6,1,3,0,4,5,6,single-source,wayback_bsnpr_games,https://web.archive.org/web/20011226014037id_/http://www.bsnpr.com:80/gamestatwide.asp?r=BS21026,2026-09-08T15:41:40Z
BS21026,2001,2001-05-23,MAYAGUEZ,12,"Vega, Orlando",1759,32,4,13,2,3,5,6,2,3,5,1,0,1,4,1,19,single-source,wayback_bsnpr_games,https://web.archive.org/web/20011226014037id_/http://www.bsnpr.com:80/gamestatwide.asp?r=BS21026,2026-09-08T15:41:40Z
BS21026,2001,2001-05-23,MAYAGUEZ,13,"Brown, Tyler",,31,3,7,1,3,2,2,1,0,1,0,2,0,1,2,11,single-source,wayback_bsnpr_games,https://web.archive.org/web/20011226014037id_/http://www.bsnpr.com:80/gamestatwide.asp?r=BS21026,2026-09-08T15:41:40Z
BS21026,2001,2001-05-23,MAYAGUEZ,14,"Borrell, Lazaro",,34,7,18,0,3,3,3,4,6,10,0,2,0,3,3,17,single-source,wayback_bsnpr_games,https://web.archive.org/web/20011226014037id_/http://www.bsnpr.com:80/gamestatwide.asp?r=BS21026,2026-09-08T15:41:40Z
BS21026,2001,2001-05-23,MAYAGUEZ,17,"Martinez, Freddie",,8,1,2,0,2,0,0,0,1,1,1,1,0,0,0,2,single-source,wayback_bsnpr_games,https://web.archive.org/web/20011226014037id_/http://www.bsnpr.com:80/gamestatwide.asp?r=BS21026,2026-09-08T15:41:40Z
BS21026,2001,2001-05-23,MAYAGUEZ,18,"Vazquez, De Juan",,16,0,0,0,2,1,2,0,1,1,0,1,0,5,3,1,single-source,wayback_bsnpr_games,https://web.archive.org/web/20011226014037id_/http://www.bsnpr.com:80/gamestatwide.asp?r=BS21026,2026-09-08T15:41:40Z
BS21026,2001,2001-05-23,MAYAGUEZ,19,"Latson, Tl",,17,1,1,0,0,4,10,3,3,6,0,1,0,2,0,6,single-source,wayback_bsnpr_games,https://web.archive.org/web/20011226014037id_/http://www.bsnpr.com:80/gamestatwide.asp?r=BS21026,2026-09-08T15:41:40Z
BS21026,2001,2001-05-23,MAYAGUEZ,4,"De Jesus, Angel",,24,2,4,0,2,0,2,1,3,4,1,0,0,4,1,4,single-source,wayback_bsnpr_games,https://web.archive.org/web/20011226014037id_/http://www.bsnpr.com:80/gamestatwide.asp?r=BS21026,2026-09-08T15:41:40Z
BS21026,2001,2001-05-23,MAYAGUEZ,6,"Garcia, Elmyr",,9,1,2,0,3,0,0,0,0,0,0,1,0,0,1,2,single-source,wayback_bsnpr_games,https://web.archive.org/web/20011226014037id_/http://www.bsnpr.com:80/gamestatwide.asp?r=BS21026,2026-09-08T15:41:40Z
BS21027,2001,2001-03-28,AIBONITO,10,"Melendez, Orlando",,23,2,9,0,2,2,2,4,5,9,0,0,0,1,1,6,single-source,wayback_bsnpr_games,https://web.archive.org/web/20011218001850id_/http://www.bsnpr.com:80/gamestatwide.asp?r=BS21027&GRUPO=PO99&SERIE=4,2026-09-08T15:40:09Z
BS21027,2001,2001-03-28,AIBONITO,10,"Melendez, Orlando",,23,2,9,0,2,2,2,4,5,9,0,0,0,1,1,6,single-source,wayback_bsnpr_games,https://web.archive.org/web/20011224143831id_/http://www.bsnpr.com:80/gamestatwide.asp?r=BS21027&grupo=,2026-09-08T15:40:57Z
BS21027,2001,2001-03-28,AIBONITO,11,"Rodriguez, Eduardo",,3,0,0,0,0,0,0,0,0,0,0,0,0,0,0,0,single-source,wayback_bsnpr_games,https://web.archive.org/web/20011218001850id_/http://www.bsnpr.com:80/gamestatwide.asp?r=BS21027&GRUPO=PO99&SERIE=4,2026-09-08T15:40:09Z
BS21027,2001,2001-03-28,AIBONITO,11,"Rodriguez, Eduardo",,3,0,0,0,0,0,0,0,0,0,0,0,0,0,0,0,single-source,wayback_bsnpr_games,https://web.archive.org/web/20011224143831id_/http://www.bsnpr.com:80/gamestatwide.asp?r=BS21027&grupo=,2026-09-08T15:40:57Z
BS21027,2001,2001-03-28,AIBONITO,15,"Berges, Pedro",,3,0,1,0,0,0,0,0,0,0,0,0,0,0,0,0,single-source,wayback_bsnpr_games,https://web.archive.org/web/20011218001850id_/http://www.bsnpr.com:80/gamestatwide.asp?r=BS21027&GRUPO=PO99&SERIE=4,2026-09-08T15:40:09Z
BS21027,2001,2001-03-28,AIBONITO,15,"Berges, Pedro",,3,0,1,0,0,0,0,0,0,0,0,0,0,0,0,0,single-source,wayback_bsnpr_games,https://web.archive.org/web/20011224143831id_/http://www.bsnpr.com:80/gamestatwide.asp?r=BS21027&grupo=,2026-09-08T15:40:57Z
BS21027,2001,2001-03-28,AIBONITO,16,"Murray, Joe",1286,33,4,8,0,0,6,9,1,3,4,0,0,1,2,0,14,single-source,wayback_bsnpr_games,https://web.archive.org/web/20011218001850id_/http://www.bsnpr.com:80/gamestatwide.asp?r=BS21027&GRUPO=PO99&SERIE=4,2026-09-08T15:40:09Z
BS21027,2001,2001-03-28,AIBONITO,16,"Murray, Joe",1286,33,4,8,0,0,6,9,1,3,4,0,0,1,2,0,14,single-source,wayback_bsnpr_games,https://web.archive.org/web/20011224143831id_/http://www.bsnpr.com:80/gamestatwide.asp?r=BS21027&grupo=,2026-09-08T15:40:57Z
BS21027,2001,2001-03-28,AIBONITO,17,"Wilson, Monty",,37,6,11,3,8,2,4,3,8,11,1,0,0,2,2,23,single-source,wayback_bsnpr_games,https://web.archive.org/web/20011218001850id_/http://www.bsnpr.com:80/gamestatwide.asp?r=BS21027&GRUPO=PO99&SERIE=4,2026-09-08T15:40:09Z
BS21027,2001,2001-03-28,AIBONITO,17,"Wilson, Monty",,37,6,11,3,8,2,4,3,8,11,1,0,0,2,2,23,single-source,wayback_bsnpr_games,https://web.archive.org/web/20011224143831id_/http://www.bsnpr.com:80/gamestatwide.asp?r=BS21027&grupo=,2026-09-08T15:40:57Z
BS21027,2001,2001-03-28,AIBONITO,18,"Rivera, Axel",,7,1,2,0,0,0,0,0,0,0,0,1,0,2,0,2,single-source,wayback_bsnpr_games,https://web.archive.org/web/20011218001850id_/http://www.bsnpr.com:80/gamestatwide.asp?r=BS21027&GRUPO=PO99&SERIE=4,2026-09-08T15:40:09Z
BS21027,2001,2001-03-28,AIBONITO,18,"Rivera, Axel",,7,1,2,0,0,0,0,0,0,0,0,1,0,2,0,2,single-source,wayback_bsnpr_games,https://web.archive.org/web/20011224143831id_/http://www.bsnpr.com:80/gamestatwide.asp?r=BS21027&grupo=,2026-09-08T15:40:57Z
BS21027,2001,2001-03-28,AIBONITO,4,"Lopez, Michael",143,34,4,7,0,1,4,6,0,2,2,7,3,0,3,3,12,single-source,wayback_bsnpr_games,https://web.archive.org/web/20011218001850id_/http://www.bsnpr.com:80/gamestatwide.asp?r=BS21027&GRUPO=PO99&SERIE=4,2026-09-08T15:40:09Z
BS21027,2001,2001-03-28,AIBONITO,4,"Lopez, Michael",143,34,4,7,0,1,4,6,0,2,2,7,3,0,3,3,12,single-source,wayback_bsnpr_games,https://web.archive.org/web/20011224143831id_/http://www.bsnpr.com:80/gamestatwide.asp?r=BS21027&grupo=,2026-09-08T15:40:57Z
BS21027,2001,2001-03-28,AIBONITO,6,"Valentin, Omar",,6,2,3,0,0,0,0,1,0,1,0,0,0,0,1,4,single-source,wayback_bsnpr_games,https://web.archive.org/web/20011218001850id_/http://www.bsnpr.com:80/gamestatwide.asp?r=BS21027&GRUPO=PO99&SERIE=4,2026-09-08T15:40:09Z
BS21027,2001,2001-03-28,AIBONITO,6,"Valentin, Omar",,6,2,3,0,0,0,0,1,0,1,0,0,0,0,1,4,single-source,wayback_bsnpr_games,https://web.archive.org/web/20011224143831id_/http://www.bsnpr.com:80/gamestatwide.asp?r=BS21027&grupo=,2026-09-08T15:40:57Z
BS21027,2001,2001-03-28,AIBONITO,7,"Lozano, Zavalier",,4,0,0,0,0,0,0,0,1,1,0,0,0,0,2,0,single-source,wayback_bsnpr_games,https://web.archive.org/web/20011218001850id_/http://www.bsnpr.com:80/gamestatwide.asp?r=BS21027&GRUPO=PO99&SERIE=4,2026-09-08T15:40:09Z
BS21027,2001,2001-03-28,AIBONITO,7,"Lozano, Zavalier",,4,0,0,0,0,0,0,0,1,1,0,0,0,0,2,0,single-source,wayback_bsnpr_games,https://web.archive.org/web/20011224143831id_/http://www.bsnpr.com:80/gamestatwide.asp?r=BS21027&grupo=,2026-09-08T15:40:57Z
BS21027,2001,2001-03-28,AIBONITO,8,"Hiraldo, Christopher",,26,3,4,2,6,1,3,0,1,1,1,2,0,1,0,13,single-source,wayback_bsnpr_games,https://web.archive.org/web/20011218001850id_/http://www.bsnpr.com:80/gamestatwide.asp?r=BS21027&GRUPO=PO99&SERIE=4,2026-09-08T15:40:09Z
BS21027,2001,2001-03-28,AIBONITO,8,"Hiraldo, Christopher",,26,3,4,2,6,1,3,0,1,1,1,2,0,1,0,13,single-source,wayback_bsnpr_games,https://web.archive.org/web/20011224143831id_/http://www.bsnpr.com:80/gamestatwide.asp?r=BS21027&grupo=,2026-09-08T15:40:57Z
BS21027,2001,2001-03-28,AIBONITO,9,"Rodriguez, Eric",,24,1,3,2,5,3,4,1,0,1,2,1,0,4,0,11,single-source,wayback_bsnpr_games,https://web.archive.org/web/20011218001850id_/http://www.bsnpr.com:80/gamestatwide.asp?r=BS21027&GRUPO=PO99&SERIE=4,2026-09-08T15:40:09Z
BS21027,2001,2001-03-28,AIBONITO,9,"Rodriguez, Eric",,24,1,3,2,5,3,4,1,0,1,2,1,0,4,0,11,single-source,wayback_bsnpr_games,https://web.archive.org/web/20011224143831id_/http://www.bsnpr.com:80/gamestatwide.asp?r=BS21027&grupo=,2026-09-08T15:40:57Z
BS21027,2001,2001-03-28,SAN GERMAN,1,"Jackson, Leroy",1442,31,6,9,0,2,0,0,2,6,8,3,1,0,4,1,12,single-source,wayback_bsnpr_games,https://web.archive.org/web/20011218001850id_/http://www.bsnpr.com:80/gamestatwide.asp?r=BS21027&GRUPO=PO99&SERIE=4,2026-09-08T15:40:09Z
BS21027,2001,2001-03-28,SAN GERMAN,1,"Jackson, Leroy",1442,31,6,9,0,2,0,0,2,6,8,3,1,0,4,1,12,single-source,wayback_bsnpr_games,https://web.archive.org/web/20011224143831id_/http://www.bsnpr.com:80/gamestatwide.asp?r=BS21027&grupo=,2026-09-08T15:40:57Z
BS21027,2001,2001-03-28,SAN GERMAN,10,"Figueroa, Osvaldo",,3,0,0,0,0,0,0,0,0,0,0,1,0,0,1,0,single-source,wayback_bsnpr_games,https://web.archive.org/web/20011218001850id_/http://www.bsnpr.com:80/gamestatwide.asp?r=BS21027&GRUPO=PO99&SERIE=4,2026-09-08T15:40:09Z
BS21027,2001,2001-03-28,SAN GERMAN,10,"Figueroa, Osvaldo",,3,0,0,0,0,0,0,0,0,0,0,1,0,0,1,0,single-source,wayback_bsnpr_games,https://web.archive.org/web/20011224143831id_/http://www.bsnpr.com:80/gamestatwide.asp?r=BS21027&grupo=,2026-09-08T15:40:57Z
BS21027,2001,2001-03-28,SAN GERMAN,12,"Caanen, Wilhelmus",,18,0,2,1,3,0,0,3,2,5,1,0,0,2,1,3,single-source,wayback_bsnpr_games,https://web.archive.org/web/20011218001850id_/http://www.bsnpr.com:80/gamestatwide.asp?r=BS21027&GRUPO=PO99&SERIE=4,2026-09-08T15:40:09Z
BS21027,2001,2001-03-28,SAN GERMAN,12,"Caanen, Wilhelmus",,18,0,2,1,3,0,0,3,2,5,1,0,0,2,1,3,single-source,wayback_bsnpr_games,https://web.archive.org/web/20011224143831id_/http://www.bsnpr.com:80/gamestatwide.asp?r=BS21027&grupo=,2026-09-08T15:40:57Z
BS21027,2001,2001-03-28,SAN GERMAN,14,"Rivera, Raul",,3,0,0,0,1,0,0,0,0,0,0,0,0,0,0,0,single-source,wayback_bsnpr_games,https://web.archive.org/web/20011218001850id_/http://www.bsnpr.com:80/gamestatwide.asp?r=BS21027&GRUPO=PO99&SERIE=4,2026-09-08T15:40:09Z
BS21027,2001,2001-03-28,SAN GERMAN,14,"Rivera, Raul",,3,0,0,0,1,0,0,0,0,0,0,0,0,0,0,0,single-source,wayback_bsnpr_games,https://web.archive.org/web/20011224143831id_/http://www.bsnpr.com:80/gamestatwide.asp?r=BS21027&grupo=,2026-09-08T15:40:57Z
BS21027,2001,2001-03-28,SAN GERMAN,17,"Dalmau, Christian",382,36,1,6,3,7,2,2,0,4,4,9,1,0,3,3,13,single-source,wayback_bsnpr_games,https://web.archive.org/web/20011218001850id_/http://www.bsnpr.com:80/gamestatwide.asp?r=BS21027&GRUPO=PO99&SERIE=4,2026-09-08T15:40:09Z
BS21027,2001,2001-03-28,SAN GERMAN,17,"Dalmau, Christian",382,36,1,6,3,7,2,2,0,4,4,9,1,0,3,3,13,single-source,wayback_bsnpr_games,https://web.archive.org/web/20011224143831id_/http://www.bsnpr.com:80/gamestatwide.asp?r=BS21027&grupo=,2026-09-08T15:40:57Z
BS21027,2001,2001-03-28,SAN GERMAN,20,"Ayuso, Larry",574,25,4,7,6,7,4,4,2,5,7,2,0,0,3,4,30,single-source,wayback_bsnpr_games,https://web.archive.org/web/20011218001850id_/http://www.bsnpr.com:80/gamestatwide.asp?r=BS21027&GRUPO=PO99&SERIE=4,2026-09-08T15:40:09Z
BS21027,2001,2001-03-28,SAN GERMAN,20,"Ayuso, Larry",574,25,4,7,6,7,4,4,2,5,7,2,0,0,3,4,30,single-source,wayback_bsnpr_games,https://web.archive.org/web/20011224143831id_/http://www.bsnpr.com:80/gamestatwide.asp?r=BS21027&grupo=,2026-09-08T15:40:57Z
BS21027,2001,2001-03-28,SAN GERMAN,21,"Febres, Arnaldo",,21,7,10,0,0,0,2,6,6,12,0,0,0,3,1,14,single-source,wayback_bsnpr_games,https://web.archive.org/web/20011218001850id_/http://www.bsnpr.com:80/gamestatwide.asp?r=BS21027&GRUPO=PO99&SERIE=4,2026-09-08T15:40:09Z
BS21027,2001,2001-03-28,SAN GERMAN,21,"Febres, Arnaldo",,21,7,10,0,0,0,2,6,6,12,0,0,0,3,1,14,single-source,wayback_bsnpr_games,https://web.archive.org/web/20011224143831id_/http://www.bsnpr.com:80/gamestatwide.asp?r=BS21027&grupo=,2026-09-08T15:40:57Z
BS21027,2001,2001-03-28,SAN GERMAN,23,"Llovet, Francisco",,3,0,0,0,0,0,0,0,0,0,0,0,0,0,2,0,single-source,wayback_bsnpr_games,https://web.archive.org/web/20011218001850id_/http://www.bsnpr.com:80/gamestatwide.asp?r=BS21027&GRUPO=PO99&SERIE=4,2026-09-08T15:40:09Z
BS21027,2001,2001-03-28,SAN GERMAN,23,"Llovet, Francisco",,3,0,0,0,0,0,0,0,0,0,0,0,0,0,2,0,single-source,wayback_bsnpr_games,https://web.archive.org/web/20011224143831id_/http://www.bsnpr.com:80/gamestatwide.asp?r=BS21027&grupo=,2026-09-08T15:40:57Z
BS21027,2001,2001-03-28,SAN GERMAN,32,"Lazor, Robert",2037,37,7,16,1,4,6,6,4,5,9,1,1,0,3,2,23,single-source,wayback_bsnpr_games,https://web.archive.org/web/20011218001850id_/http://www.bsnpr.com:80/gamestatwide.asp?r=BS21027&GRUPO=PO99&SERIE=4,2026-09-08T15:40:09Z
BS21027,2001,2001-03-28,SAN GERMAN,32,"Lazor, Robert",2037,37,7,16,1,4,6,6,4,5,9,1,1,0,3,2,23,single-source,wayback_bsnpr_games,https://web.archive.org/web/20011224143831id_/http://www.bsnpr.com:80/gamestatwide.asp?r=BS21027&grupo=,2026-09-08T15:40:57Z
BS21027,2001,2001-03-28,SAN GERMAN,7,"Quinonez, Nelson",,18,1,1,4,4,0,0,0,1,1,1,1,0,0,1,14,single-source,wayback_bsnpr_games,https://web.archive.org/web/20011218001850id_/http://www.bsnpr.com:80/gamestatwide.asp?r=BS21027&GRUPO=PO99&SERIE=4,2026-09-08T15:40:09Z
BS21027,2001,2001-03-28,SAN GERMAN,7,"Quinonez, Nelson",,18,1,1,4,4,0,0,0,1,1,1,1,0,0,1,14,single-source,wayback_bsnpr_games,https://web.archive.org/web/20011224143831id_/http://www.bsnpr.com:80/gamestatwide.asp?r=BS21027&grupo=,2026-09-08T15:40:57Z
BS21027,2001,2001-03-28,SAN GERMAN,8,"Caraballo, Johnny",,5,0,0,0,1,0,0,0,0,0,0,1,0,0,0,0,single-source,wayback_bsnpr_games,https://web.archive.org/web/20011218001850id_/http://www.bsnpr.com:80/gamestatwide.asp?r=BS21027&GRUPO=PO99&SERIE=4,2026-09-08T15:40:09Z
BS21027,2001,2001-03-28,SAN GERMAN,8,"Caraballo, Johnny",,5,0,0,0,1,0,0,0,0,0,0,1,0,0,0,0,single-source,wayback_bsnpr_games,https://web.archive.org/web/20011224143831id_/http://www.bsnpr.com:80/gamestatwide.asp?r=BS21027&grupo=,2026-09-08T15:40:57Z
BS21028,2001,2001-05-23,COAMO,10,"Rivera, Filiberto",704,29,3,4,1,4,8,10,0,4,4,3,2,0,0,1,17,single-source,wayback_bsnpr_games,https://web.archive.org/web/20011111221259id_/http://www.bsnpr.com:80/gamestatwide.asp?r=BS21028,2026-09-08T15:38:56Z
BS21028,2001,2001-05-23,COAMO,11,"Rivera, Luis",,16,1,4,1,2,0,0,0,1,1,2,2,0,2,0,5,single-source,wayback_bsnpr_games,https://web.archive.org/web/20011111221259id_/http://www.bsnpr.com:80/gamestatwide.asp?r=BS21028,2026-09-08T15:38:56Z
BS21028,2001,2001-05-23,COAMO,12,"Miller, Ira",,24,3,3,0,1,5,6,2,3,5,5,3,0,1,3,11,single-source,wayback_bsnpr_games,https://web.archive.org/web/20011111221259id_/http://www.bsnpr.com:80/gamestatwide.asp?r=BS21028,2026-09-08T15:38:56Z
BS21028,2001,2001-05-23,COAMO,14,"Frazier, Rolando",,5,0,0,0,0,0,0,0,2,2,0,0,1,1,2,0,single-source,wayback_bsnpr_games,https://web.archive.org/web/20011111221259id_/http://www.bsnpr.com:80/gamestatwide.asp?r=BS21028,2026-09-08T15:38:56Z
BS21028,2001,2001-05-23,COAMO,16,"Rivera, Angel",,26,2,4,0,0,1,2,2,4,6,1,0,2,4,3,5,single-source,wayback_bsnpr_games,https://web.archive.org/web/20011111221259id_/http://www.bsnpr.com:80/gamestatwide.asp?r=BS21028,2026-09-08T15:38:56Z
BS21028,2001,2001-05-23,COAMO,17,"Watson, Antonio",,40,12,18,2,3,8,12,2,7,9,0,0,4,4,4,38,single-source,wayback_bsnpr_games,https://web.archive.org/web/20011111221259id_/http://www.bsnpr.com:80/gamestatwide.asp?r=BS21028,2026-09-08T15:38:56Z
BS21028,2001,2001-05-23,COAMO,5,"Rios, Roberto",2076,6,0,0,0,2,1,4,0,1,1,1,0,0,0,0,1,single-source,wayback_bsnpr_games,https://web.archive.org/web/20011111221259id_/http://www.bsnpr.com:80/gamestatwide.asp?r=BS21028,2026-09-08T15:38:56Z
BS21028,2001,2001-05-23,COAMO,6,"Escalera, Carlos",284,24,1,4,0,3,2,4,3,2,5,3,2,0,1,1,4,single-source,wayback_bsnpr_games,https://web.archive.org/web/20011111221259id_/http://www.bsnpr.com:80/gamestatwide.asp?r=BS21028,2026-09-08T15:38:56Z
BS21028,2001,2001-05-23,COAMO,9,"Payano, Carlos",,30,0,8,1,3,2,2,1,5,6,1,0,0,4,2,5,single-source,wayback_bsnpr_games,https://web.archive.org/web/20011111221259id_/http://www.bsnpr.com:80/gamestatwide.asp?r=BS21028,2026-09-08T15:38:56Z
BS21028,2001,2001-05-23,QUEBRADILLAS,10,"Jimenez, Geovani",,3,0,0,0,0,0,0,0,0,0,0,0,0,1,0,0,single-source,wayback_bsnpr_games,https://web.archive.org/web/20011111221259id_/http://www.bsnpr.com:80/gamestatwide.asp?r=BS21028,2026-09-08T15:38:56Z
BS21028,2001,2001-05-23,QUEBRADILLAS,13,"Gonzalez, Javier",,30,3,9,1,1,0,0,2,2,4,1,1,0,4,4,9,single-source,wayback_bsnpr_games,https://web.archive.org/web/20011111221259id_/http://www.bsnpr.com:80/gamestatwide.asp?r=BS21028,2026-09-08T15:38:56Z
BS21028,2001,2001-05-23,QUEBRADILLAS,14,"King, Kurt",,36,10,16,0,1,1,2,4,10,14,1,1,1,3,4,21,single-source,wayback_bsnpr_games,https://web.archive.org/web/20011111221259id_/http://www.bsnpr.com:80/gamestatwide.asp?r=BS21028,2026-09-08T15:38:56Z
BS21028,2001,2001-05-23,QUEBRADILLAS,15,"Perez, Felix Javier",,31,7,10,0,0,1,2,2,5,7,1,1,2,4,0,15,single-source,wayback_bsnpr_games,https://web.archive.org/web/20011111221259id_/http://www.bsnpr.com:80/gamestatwide.asp?r=BS21028,2026-09-08T15:38:56Z
BS21028,2001,2001-05-23,QUEBRADILLAS,4,"Morales, Eli",,3,0,0,0,0,0,0,0,0,0,0,0,0,3,1,0,single-source,wayback_bsnpr_games,https://web.archive.org/web/20011111221259id_/http://www.bsnpr.com:80/gamestatwide.asp?r=BS21028,2026-09-08T15:38:56Z
BS21028,2001,2001-05-23,QUEBRADILLAS,5,"Dalmau, Richie",1970,38,9,16,1,5,0,1,0,6,6,7,0,0,3,3,21,single-source,wayback_bsnpr_games,https://web.archive.org/web/20011111221259id_/http://www.bsnpr.com:80/gamestatwide.asp?r=BS21028,2026-09-08T15:38:56Z
BS21028,2001,2001-05-23,QUEBRADILLAS,6,"Arrufat, Eduardo",,19,0,0,0,3,0,0,0,0,0,0,0,0,2,0,0,single-source,wayback_bsnpr_games,https://web.archive.org/web/20011111221259id_/http://www.bsnpr.com:80/gamestatwide.asp?r=BS21028,2026-09-08T15:38:56Z
BS21028,2001,2001-05-23,QUEBRADILLAS,7,"Dalmau, Ricardo",1992,32,3,9,2,5,1,2,0,5,5,2,4,0,3,6,13,single-source,wayback_bsnpr_games,https://web.archive.org/web/20011111221259id_/http://www.bsnpr.com:80/gamestatwide.asp?r=BS21028,2026-09-08T15:38:56Z
BS21028,2001,2001-05-23,QUEBRADILLAS,8,"Alamo, Omar",,4,0,0,0,0,0,0,0,0,0,0,0,0,1,0,0,single-source,wayback_bsnpr_games,https://web.archive.org/web/20011111221259id_/http://www.bsnpr.com:80/gamestatwide.asp?r=BS21028,2026-09-08T15:38:56Z
BS21028,2001,2001-05-23,QUEBRADILLAS,9,"Melendez, Pavel",,4,1,2,0,0,0,0,1,0,1,0,0,0,2,0,2,single-source,wayback_bsnpr_games,https://web.archive.org/web/20011111221259id_/http://www.bsnpr.com:80/gamestatwide.asp?r=BS21028,2026-09-08T15:38:56Z
BS21030,2001,2001-05-24,ARECIBO,11,"Chiaramello, Oscar",,16,4,6,0,0,0,0,0,4,4,0,0,2,2,1,8,single-source,wayback_bsnpr_games,https://web.archive.org/web/20011111211052id_/http://www.bsnpr.com:80/gamestatwide.asp?r=BS21030,2026-09-08T15:38:34Z
BS21030,2001,2001-05-24,ARECIBO,12,"Garcia, Yan",,13,0,0,3,4,1,2,0,0,0,2,1,0,1,0,10,single-source,wayback_bsnpr_games,https://web.archive.org/web/20011111211052id_/http://www.bsnpr.com:80/gamestatwide.asp?r=BS21030,2026-09-08T15:38:34Z
BS21030,2001,2001-05-24,ARECIBO,14,"Rivera, Jorge",1127,31,9,13,0,0,3,5,0,7,7,2,0,0,3,1,21,single-source,wayback_bsnpr_games,https://web.archive.org/web/20011111211052id_/http://www.bsnpr.com:80/gamestatwide.asp?r=BS21030,2026-09-08T15:38:34Z
BS21030,2001,2001-05-24,ARECIBO,18,"Cortes, David",448,2,1,1,0,1,0,0,0,0,0,0,1,0,0,0,2,single-source,wayback_bsnpr_games,https://web.archive.org/web/20011111211052id_/http://www.bsnpr.com:80/gamestatwide.asp?r=BS21030,2026-09-08T15:38:34Z
BS21030,2001,2001-05-24,ARECIBO,20,"Rivera, Roman",,2,1,1,1,1,0,0,0,0,0,0,0,0,0,0,5,single-source,wayback_bsnpr_games,https://web.archive.org/web/20011111211052id_/http://www.bsnpr.com:80/gamestatwide.asp?r=BS21030,2026-09-08T15:38:34Z
BS21030,2001,2001-05-24,ARECIBO,21,"Rivera, Omar",,8,0,1,1,2,0,0,0,0,0,2,0,0,0,0,3,single-source,wayback_bsnpr_games,https://web.archive.org/web/20011111211052id_/http://www.bsnpr.com:80/gamestatwide.asp?r=BS21030,2026-09-08T15:38:34Z
BS21030,2001,2001-05-24,ARECIBO,25,"Hill, Kris",1416,27,5,8,1,4,2,4,3,9,12,10,1,0,2,4,15,single-source,wayback_bsnpr_games,https://web.archive.org/web/20011111211052id_/http://www.bsnpr.com:80/gamestatwide.asp?r=BS21030,2026-09-08T15:38:34Z
BS21030,2001,2001-05-24,ARECIBO,31,"Cruz, Rafael",1895,20,3,6,0,0,2,2,1,2,3,1,0,1,0,2,8,single-source,wayback_bsnpr_games,https://web.archive.org/web/20011111211052id_/http://www.bsnpr.com:80/gamestatwide.asp?r=BS21030,2026-09-08T15:38:34Z
BS21030,2001,2001-05-24,ARECIBO,32,"Calderon, Axel",,5,1,1,0,0,0,0,0,2,2,0,0,0,1,0,2,single-source,wayback_bsnpr_games,https://web.archive.org/web/20011111211052id_/http://www.bsnpr.com:80/gamestatwide.asp?r=BS21030,2026-09-08T15:38:34Z
BS21030,2001,2001-05-24,ARECIBO,33,"Rolon, Javier",,29,4,7,0,0,0,0,0,1,1,4,0,0,3,2,8,single-source,wayback_bsnpr_games,https://web.archive.org/web/20011111211052id_/http://www.bsnpr.com:80/gamestatwide.asp?r=BS21030,2026-09-08T15:38:34Z
BS21030,2001,2001-05-24,ARECIBO,7,"Cotte, John",,18,0,2,0,0,0,0,0,2,2,7,0,0,0,1,0,single-source,wayback_bsnpr_games,https://web.archive.org/web/20011111211052id_/http://www.bsnpr.com:80/gamestatwide.asp?r=BS21030,2026-09-08T15:38:34Z
BS21030,2001,2001-05-24,ARECIBO,8,"Figueroa, Angel",135,29,3,6,5,6,0,0,0,2,2,2,1,1,3,0,21,single-source,wayback_bsnpr_games,https://web.archive.org/web/20011111211052id_/http://www.bsnpr.com:80/gamestatwide.asp?r=BS21030,2026-09-08T15:38:34Z
BS21030,2001,2001-05-24,ISABELA,11,"Quinones, Joel",,34,7,10,0,4,3,4,1,2,3,4,1,0,3,3,17,single-source,wayback_bsnpr_games,https://web.archive.org/web/20011111211052id_/http://www.bsnpr.com:80/gamestatwide.asp?r=BS21030,2026-09-08T15:38:34Z
BS21030,2001,2001-05-24,ISABELA,12,"Lopez, Jose",,6,1,2,0,0,0,0,1,0,1,0,0,0,0,1,2,single-source,wayback_bsnpr_games,https://web.archive.org/web/20011111211052id_/http://www.bsnpr.com:80/gamestatwide.asp?r=BS21030,2026-09-08T15:38:34Z
BS21030,2001,2001-05-24,ISABELA,13,"Fernandez, Eric",,32,3,5,1,3,4,6,3,3,6,1,0,0,1,2,13,single-source,wayback_bsnpr_games,https://web.archive.org/web/20011111211052id_/http://www.bsnpr.com:80/gamestatwide.asp?r=BS21030,2026-09-08T15:38:34Z
BS21030,2001,2001-05-24,ISABELA,17,"Gonzalez, Tywan",2228,3,0,1,0,0,0,0,0,1,1,0,0,0,3,1,0,single-source,wayback_bsnpr_games,https://web.archive.org/web/20011111211052id_/http://www.bsnpr.com:80/gamestatwide.asp?r=BS21030,2026-09-08T15:38:34Z
BS21030,2001,2001-05-24,ISABELA,2,"Rivera, Eddie",,31,6,10,1,2,2,2,0,5,5,3,1,0,1,1,17,single-source,wayback_bsnpr_games,https://web.archive.org/web/20011111211052id_/http://www.bsnpr.com:80/gamestatwide.asp?r=BS21030,2026-09-08T15:38:34Z
BS21030,2001,2001-05-24,ISABELA,23,"Venzen, Gilberto",,29,3,6,0,4,1,2,2,2,4,1,2,2,0,0,7,single-source,wayback_bsnpr_games,https://web.archive.org/web/20011111211052id_/http://www.bsnpr.com:80/gamestatwide.asp?r=BS21030,2026-09-08T15:38:34Z
BS21030,2001,2001-05-24,ISABELA,42,"Figueroa, Anthony",,6,0,2,0,0,0,0,0,1,1,1,1,0,0,0,0,single-source,wayback_bsnpr_games,https://web.archive.org/web/20011111211052id_/http://www.bsnpr.com:80/gamestatwide.asp?r=BS21030,2026-09-08T15:38:34Z
BS21030,2001,2001-05-24,ISABELA,45,"Leeks, Kenny",,30,7,12,0,0,5,6,3,4,7,0,0,1,4,4,19,single-source,wayback_bsnpr_games,https://web.archive.org/web/20011111211052id_/http://www.bsnpr.com:80/gamestatwide.asp?r=BS21030,2026-09-08T15:38:34Z
BS21030,2001,2001-05-24,ISABELA,48,"Machado, Adrian",,25,1,1,3,7,0,0,0,5,5,0,3,0,3,0,11,single-source,wayback_bsnpr_games,https://web.archive.org/web/20011111211052id_/http://www.bsnpr.com:80/gamestatwide.asp?r=BS21030,2026-09-08T15:38:34Z
BS21030,2001,2001-05-24,ISABELA,8,"Colon, Edid",,4,0,0,0,1,0,0,0,0,0,0,0,0,0,0,0,single-source,wayback_bsnpr_games,https://web.archive.org/web/20011111211052id_/http://www.bsnpr.com:80/gamestatwide.asp?r=BS21030,2026-09-08T15:38:34Z
BS21032,2001,2001-05-25,BAYAMON,0,"Richard, Jaja",,29,3,7,0,0,2,2,2,5,7,1,0,4,1,3,8,single-source,wayback_bsnpr_games,https://web.archive.org/web/20011125221949id_/http://www.bsnpr.com:80/gamestatwide.asp?r=BS21032&grupo=,2026-09-08T15:39:25Z
BS21032,2001,2001-05-25,BAYAMON,12,"Padilla, Edgar",,21,1,3,0,2,0,0,0,2,2,2,1,0,4,2,2,single-source,wayback_bsnpr_games,https://web.archive.org/web/20011125221949id_/http://www.bsnpr.com:80/gamestatwide.asp?r=BS21032&grupo=,2026-09-08T15:39:25Z
BS21032,2001,2001-05-25,BAYAMON,13,"Leon, Edgar",,2,0,0,0,0,0,0,0,0,0,0,0,0,0,0,0,single-source,wayback_bsnpr_games,https://web.archive.org/web/20011125221949id_/http://www.bsnpr.com:80/gamestatwide.asp?r=BS21032&grupo=,2026-09-08T15:39:25Z
BS21032,2001,2001-05-25,BAYAMON,15,"Latimer, Antonio",193,25,3,4,0,3,3,3,1,2,3,3,0,0,2,4,9,single-source,wayback_bsnpr_games,https://web.archive.org/web/20011125221949id_/http://www.bsnpr.com:80/gamestatwide.asp?r=BS21032&grupo=,2026-09-08T15:39:25Z
BS21032,2001,2001-05-25,BAYAMON,17,"Mincy, Jerome",1032,22,3,5,3,4,3,3,0,5,5,0,1,1,3,3,18,single-source,wayback_bsnpr_games,https://web.archive.org/web/20011125221949id_/http://www.bsnpr.com:80/gamestatwide.asp?r=BS21032&grupo=,2026-09-08T15:39:25Z
BS21032,2001,2001-05-25,BAYAMON,20,"Rivera, Joshua",,1,0,0,0,0,1,2,0,0,0,0,1,0,0,0,1,single-source,wayback_bsnpr_games,https://web.archive.org/web/20011125221949id_/http://www.bsnpr.com:80/gamestatwide.asp?r=BS21032&grupo=,2026-09-08T15:39:25Z
BS21032,2001,2001-05-25,BAYAMON,32,"Santiago, Eddin",502,18,0,2,1,3,2,2,2,1,3,3,1,0,0,1,5,single-source,wayback_bsnpr_games,https://web.archive.org/web/20011125221949id_/http://www.bsnpr.com:80/gamestatwide.asp?r=BS21032&grupo=,2026-09-08T15:39:25Z
BS21032,2001,2001-05-25,BAYAMON,4,"Western, Franklyn",,34,8,14,0,0,8,8,3,6,9,5,0,0,0,1,24,single-source,wayback_bsnpr_games,https://web.archive.org/web/20011125221949id_/http://www.bsnpr.com:80/gamestatwide.asp?r=BS21032&grupo=,2026-09-08T15:39:25Z
BS21032,2001,2001-05-25,BAYAMON,44,"Rodriguez, Jose",,2,0,2,0,0,0,0,1,1,2,0,0,0,0,1,0,single-source,wayback_bsnpr_games,https://web.archive.org/web/20011125221949id_/http://www.bsnpr.com:80/gamestatwide.asp?r=BS21032&grupo=,2026-09-08T15:39:25Z
BS21032,2001,2001-05-25,BAYAMON,5,"Ortiz, Reyes",,11,0,0,1,2,2,2,0,1,1,2,2,0,2,3,5,single-source,wayback_bsnpr_games,https://web.archive.org/web/20011125221949id_/http://www.bsnpr.com:80/gamestatwide.asp?r=BS21032&grupo=,2026-09-08T15:39:25Z
BS21032,2001,2001-05-25,BAYAMON,6,"Travieso, Carmelo",,29,1,4,4,9,0,0,0,1,1,1,5,0,0,3,14,single-source,wayback_bsnpr_games,https://web.archive.org/web/20011125221949id_/http://www.bsnpr.com:80/gamestatwide.asp?r=BS21032&grupo=,2026-09-08T15:39:25Z
BS21032,2001,2001-05-25,BAYAMON,9,"Salgado, Gustavo",,6,2,3,0,0,2,2,1,2,3,0,0,0,1,0,6,single-source,wayback_bsnpr_games,https://web.archive.org/web/20011125221949id_/http://www.bsnpr.com:80/gamestatwide.asp?r=BS21032&grupo=,2026-09-08T15:39:25Z
BS21032,2001,2001-05-25,CAROLINA,11,"Aska, Joseph",,10,1,2,0,0,0,0,0,2,2,0,0,1,3,2,2,single-source,wayback_bsnpr_games,https://web.archive.org/web/20011125221949id_/http://www.bsnpr.com:80/gamestatwide.asp?r=BS21032&grupo=,2026-09-08T15:39:25Z
BS21032,2001,2001-05-25,CAROLINA,12,"Alomar, Carlos",,6,0,2,0,1,0,0,0,0,0,1,0,0,1,2,0,single-source,wayback_bsnpr_games,https://web.archive.org/web/20011125221949id_/http://www.bsnpr.com:80/gamestatwide.asp?r=BS21032&grupo=,2026-09-08T15:39:25Z
BS21032,2001,2001-05-25,CAROLINA,15,"Ayala, Alexander",,13,0,3,0,0,0,0,0,1,1,1,1,0,2,0,0,single-source,wayback_bsnpr_games,https://web.archive.org/web/20011125221949id_/http://www.bsnpr.com:80/gamestatwide.asp?r=BS21032&grupo=,2026-09-08T15:39:25Z
BS21032,2001,2001-05-25,CAROLINA,17,"White, Joe",,36,6,14,0,1,5,5,6,5,11,4,2,6,2,2,17,single-source,wayback_bsnpr_games,https://web.archive.org/web/20011125221949id_/http://www.bsnpr.com:80/gamestatwide.asp?r=BS21032&grupo=,2026-09-08T15:39:25Z
BS21032,2001,2001-05-25,CAROLINA,18,"Simpson, Carl",,35,9,14,1,3,2,4,6,5,11,1,1,0,4,2,23,single-source,wayback_bsnpr_games,https://web.archive.org/web/20011125221949id_/http://www.bsnpr.com:80/gamestatwide.asp?r=BS21032&grupo=,2026-09-08T15:39:25Z
BS21032,2001,2001-05-25,CAROLINA,4,"Torres, Georgie",,27,2,4,2,6,0,0,0,3,3,3,2,0,1,5,10,single-source,wayback_bsnpr_games,https://web.archive.org/web/20011125221949id_/http://www.bsnpr.com:80/gamestatwide.asp?r=BS21032&grupo=,2026-09-08T15:39:25Z
BS21032,2001,2001-05-25,CAROLINA,5,"Nieves, Ivan",954,31,3,6,2,8,2,2,0,1,1,2,0,1,3,2,14,single-source,wayback_bsnpr_games,https://web.archive.org/web/20011125221949id_/http://www.bsnpr.com:80/gamestatwide.asp?r=BS21032&grupo=,2026-09-08T15:39:25Z
BS21032,2001,2001-05-25,CAROLINA,6,"Borgos, Rich",,16,1,3,0,3,0,0,1,2,3,1,2,0,1,5,2,single-source,wayback_bsnpr_games,https://web.archive.org/web/20011125221949id_/http://www.bsnpr.com:80/gamestatwide.asp?r=BS21032&grupo=,2026-09-08T15:39:25Z
BS21032,2001,2001-05-25,CAROLINA,7,"Romer, Angel",,9,1,1,0,0,1,2,1,0,1,0,0,0,1,2,3,single-source,wayback_bsnpr_games,https://web.archive.org/web/20011125221949id_/http://www.bsnpr.com:80/gamestatwide.asp?r=BS21032&grupo=,2026-09-08T15:39:25Z
BS21032,2001,2001-05-25,CAROLINA,8,"Rodriguez, Armando",,17,0,0,2,2,0,0,1,0,1,3,1,0,3,0,6,single-source,wayback_bsnpr_games,https://web.archive.org/web/20011125221949id_/http://www.bsnpr.com:80/gamestatwide.asp?r=BS21032&grupo=,2026-09-08T15:39:25Z
BS21034,2001,2001-05-26,SAN GERMAN,1,"Jackson, Leroy",1442,24,1,4,1,1,0,0,3,2,5,1,1,0,3,1,5,single-source,wayback_bsnpr_games,https://web.archive.org/web/20011111215250id_/http://www.bsnpr.com:80/gamestatwide.asp?r=BS21034,2026-09-08T15:38:50Z
BS21034,2001,2001-05-26,SAN GERMAN,12,"Caanen, Wilhelmus",,12,1,2,0,1,0,0,1,2,3,2,4,0,1,0,2,single-source,wayback_bsnpr_games,https://web.archive.org/web/20011111215250id_/http://www.bsnpr.com:80/gamestatwide.asp?r=BS21034,2026-09-08T15:38:50Z
BS21034,2001,2001-05-26,SAN GERMAN,13,"Fajardo, Shariff",,30,4,11,0,1,2,2,5,3,8,0,0,2,3,1,10,single-source,wayback_bsnpr_games,https://web.archive.org/web/20011111215250id_/http://www.bsnpr.com:80/gamestatwide.asp?r=BS21034,2026-09-08T15:38:50Z
BS21034,2001,2001-05-26,SAN GERMAN,17,"Dalmau, Christian",382,22,1,3,1,6,1,2,0,5,5,2,0,1,3,1,6,single-source,wayback_bsnpr_games,https://web.archive.org/web/20011111215250id_/http://www.bsnpr.com:80/gamestatwide.asp?r=BS21034,2026-09-08T15:38:50Z
BS21034,2001,2001-05-26,SAN GERMAN,20,"Ayuso, Larry",574,32,5,8,4,10,4,6,0,2,2,5,1,0,1,2,26,single-source,wayback_bsnpr_games,https://web.archive.org/web/20011111215250id_/http://www.bsnpr.com:80/gamestatwide.asp?r=BS21034,2026-09-08T15:38:50Z
BS21034,2001,2001-05-26,SAN GERMAN,21,"Febres, Arnaldo",,19,1,2,0,0,2,2,1,2,3,0,0,1,1,4,4,single-source,wayback_bsnpr_games,https://web.archive.org/web/20011111215250id_/http://www.bsnpr.com:80/gamestatwide.asp?r=BS21034,2026-09-08T15:38:50Z
BS21034,2001,2001-05-26,SAN GERMAN,32,"Lazor, Robert",2037,40,6,12,0,3,3,5,1,9,10,1,0,1,4,4,15,single-source,wayback_bsnpr_games,https://web.archive.org/web/20011111215250id_/http://www.bsnpr.com:80/gamestatwide.asp?r=BS21034,2026-09-08T15:38:50Z
BS21034,2001,2001-05-26,SAN GERMAN,7,"Quinones, Nelson",,21,2,2,5,9,0,0,1,0,1,0,1,0,1,0,19,single-source,wayback_bsnpr_games,https://web.archive.org/web/20011111215250id_/http://www.bsnpr.com:80/gamestatwide.asp?r=BS21034,2026-09-08T15:38:50Z
BS21034,2001,2001-05-26,SANTURCE,12,"Hourruitiner, Rolando",2090,29,0,3,1,2,1,2,1,5,6,3,0,0,5,6,4,single-source,wayback_bsnpr_games,https://web.archive.org/web/20011111215250id_/http://www.bsnpr.com:80/gamestatwide.asp?r=BS21034,2026-09-08T15:38:50Z
BS21034,2001,2001-05-26,SANTURCE,31,"Rosario, Rich",,3,0,0,0,1,0,0,0,0,0,0,0,0,0,0,0,single-source,wayback_bsnpr_games,https://web.archive.org/web/20011111215250id_/http://www.bsnpr.com:80/gamestatwide.asp?r=BS21034,2026-09-08T15:38:50Z
BS21034,2001,2001-05-26,SANTURCE,33,"Falcon, Alex",,22,5,7,0,0,2,3,2,5,7,0,0,0,2,0,12,single-source,wayback_bsnpr_games,https://web.archive.org/web/20011111215250id_/http://www.bsnpr.com:80/gamestatwide.asp?r=BS21034,2026-09-08T15:38:50Z
BS21034,2001,2001-05-26,SANTURCE,4,"Ortiz, Jose",,21,10,14,0,0,3,6,1,1,2,1,0,1,3,1,23,single-source,wayback_bsnpr_games,https://web.archive.org/web/20011111215250id_/http://www.bsnpr.com:80/gamestatwide.asp?r=BS21034,2026-09-08T15:38:50Z
BS21034,2001,2001-05-26,SANTURCE,42,"Aubry, Jeff",,3,0,0,0,0,0,0,0,0,0,0,0,0,2,0,0,single-source,wayback_bsnpr_games,https://web.archive.org/web/20011111215250id_/http://www.bsnpr.com:80/gamestatwide.asp?r=BS21034,2026-09-08T15:38:50Z
BS21034,2001,2001-05-26,SANTURCE,44,"Bocachica, Armando",,9,2,4,0,0,0,0,1,2,3,1,0,0,0,2,4,single-source,wayback_bsnpr_games,https://web.archive.org/web/20011111215250id_/http://www.bsnpr.com:80/gamestatwide.asp?r=BS21034,2026-09-08T15:38:50Z
BS21034,2001,2001-05-26,SANTURCE,5,"Santiago, Orlando",,37,2,4,4,9,1,2,1,4,5,2,3,0,2,2,17,single-source,wayback_bsnpr_games,https://web.archive.org/web/20011111215250id_/http://www.bsnpr.com:80/gamestatwide.asp?r=BS21034,2026-09-08T15:38:50Z
BS21034,2001,2001-05-26,SANTURCE,7,"Arroyo, Carlos",273,37,6,13,1,5,4,5,0,3,3,6,1,0,4,1,19,single-source,wayback_bsnpr_games,https://web.archive.org/web/20011111215250id_/http://www.bsnpr.com:80/gamestatwide.asp?r=BS21034,2026-09-08T15:38:50Z
BS21034,2001,2001-05-26,SANTURCE,8,"Johnson, Dave",444,36,5,7,1,2,6,6,4,7,11,1,1,0,1,2,19,single-source,wayback_bsnpr_games,https://web.archive.org/web/20011111215250id_/http://www.bsnpr.com:80/gamestatwide.asp?r=BS21034,2026-09-08T15:38:50Z
BS21034,2001,2001-05-26,SANTURCE,9,"Santiago, Edwin",,3,0,0,0,0,0,0,0,1,1,0,0,0,0,0,0,single-source,wayback_bsnpr_games,https://web.archive.org/web/20011111215250id_/http://www.bsnpr.com:80/gamestatwide.asp?r=BS21034,2026-09-08T15:38:50Z
BS21035,2001,2001-05-26,CAGUAS,14,"Allende, Luis",,39,4,6,1,4,7,8,2,6,8,1,1,0,2,1,18,single-source,wayback_bsnpr_games,https://web.archive.org/web/20011120224953id_/http://www.bsnpr.com:80/gamestatwide.asp?r=BS21035,2026-09-08T15:39:02Z
BS21035,2001,2001-05-26,CAGUAS,15,"Rivas, Luis",,9,5,7,1,2,0,0,1,2,3,0,0,0,2,4,13,single-source,wayback_bsnpr_games,https://web.archive.org/web/20011120224953id_/http://www.bsnpr.com:80/gamestatwide.asp?r=BS21035,2026-09-08T15:39:02Z
BS21035,2001,2001-05-26,CAGUAS,22,"Nieves, Josue",,10,2,3,0,2,0,1,1,0,1,1,0,0,0,1,4,single-source,wayback_bsnpr_games,https://web.archive.org/web/20011120224953id_/http://www.bsnpr.com:80/gamestatwide.asp?r=BS21035,2026-09-08T15:39:02Z
BS21035,2001,2001-05-26,CAGUAS,25,"Carrasquillo, Antonio",,36,3,5,1,3,1,1,1,3,4,1,0,2,4,2,10,single-source,wayback_bsnpr_games,https://web.archive.org/web/20011120224953id_/http://www.bsnpr.com:80/gamestatwide.asp?r=BS21035,2026-09-08T15:39:02Z
BS21035,2001,2001-05-26,CAGUAS,4,"Colon, Angel",,41,6,11,0,6,6,6,3,1,4,3,3,0,1,0,18,single-source,wayback_bsnpr_games,https://web.archive.org/web/20011120224953id_/http://www.bsnpr.com:80/gamestatwide.asp?r=BS21035,2026-09-08T15:39:02Z
BS21035,2001,2001-05-26,CAGUAS,6,"Burgos, Gary J.",,3,0,0,0,0,0,0,0,0,0,0,1,0,0,0,0,single-source,wayback_bsnpr_games,https://web.archive.org/web/20011120224953id_/http://www.bsnpr.com:80/gamestatwide.asp?r=BS21035,2026-09-08T15:39:02Z
BS21035,2001,2001-05-26,CAGUAS,7,"Davila, Miguel",,42,2,9,2,7,1,2,1,4,5,6,1,0,3,1,11,single-source,wayback_bsnpr_games,https://web.archive.org/web/20011120224953id_/http://www.bsnpr.com:80/gamestatwide.asp?r=BS21035,2026-09-08T15:39:02Z
BS21035,2001,2001-05-26,CAGUAS,8,"Farmer, Tony",,45,3,6,2,6,13,13,2,7,9,4,1,0,1,1,25,single-source,wayback_bsnpr_games,https://web.archive.org/web/20011120224953id_/http://www.bsnpr.com:80/gamestatwide.asp?r=BS21035,2026-09-08T15:39:02Z
BS21035,2001,2001-05-26,PONCE,1,"Morales, Ferdinand",,28,4,7,1,2,1,2,2,3,5,3,0,0,3,2,12,single-source,wayback_bsnpr_games,https://web.archive.org/web/20011120224953id_/http://www.bsnpr.com:80/gamestatwide.asp?r=BS21035,2026-09-08T15:39:02Z
BS21035,2001,2001-05-26,PONCE,10,"Hatton, Bobby Joe",2074,28,2,5,1,2,0,0,0,3,3,5,1,0,1,2,7,single-source,wayback_bsnpr_games,https://web.archive.org/web/20011120224953id_/http://www.bsnpr.com:80/gamestatwide.asp?r=BS21035,2026-09-08T15:39:02Z
BS21035,2001,2001-05-26,PONCE,11,"Casiano, Eddie",498,26,1,5,5,9,0,0,1,0,1,1,0,0,5,2,17,single-source,wayback_bsnpr_games,https://web.archive.org/web/20011120224953id_/http://www.bsnpr.com:80/gamestatwide.asp?r=BS21035,2026-09-08T15:39:02Z
BS21035,2001,2001-05-26,PONCE,13,"Jourdon, Keenan",,28,6,7,0,1,3,4,4,4,8,0,0,1,5,4,15,single-source,wayback_bsnpr_games,https://web.archive.org/web/20011120224953id_/http://www.bsnpr.com:80/gamestatwide.asp?r=BS21035,2026-09-08T15:39:02Z
BS21035,2001,2001-05-26,PONCE,17,"Collado, Roberto",,13,2,3,0,0,1,1,1,2,3,0,2,0,2,0,5,single-source,wayback_bsnpr_games,https://web.archive.org/web/20011120224953id_/http://www.bsnpr.com:80/gamestatwide.asp?r=BS21035,2026-09-08T15:39:02Z
BS21035,2001,2001-05-26,PONCE,4,"Colon, Javier",1011,39,2,6,1,5,0,0,0,4,4,6,1,1,3,3,7,single-source,wayback_bsnpr_games,https://web.archive.org/web/20011120224953id_/http://www.bsnpr.com:80/gamestatwide.asp?r=BS21035,2026-09-08T15:39:02Z
BS21035,2001,2001-05-26,PONCE,5,"Agosto, Jose",,18,0,0,0,4,1,2,0,2,2,0,0,0,4,2,1,single-source,wayback_bsnpr_games,https://web.archive.org/web/20011120224953id_/http://www.bsnpr.com:80/gamestatwide.asp?r=BS21035,2026-09-08T15:39:02Z
BS21035,2001,2001-05-26,PONCE,6,"Lockhart, Ian",914,45,11,16,1,3,3,3,4,15,19,2,0,3,4,5,28,single-source,wayback_bsnpr_games,https://web.archive.org/web/20011120224953id_/http://www.bsnpr.com:80/gamestatwide.asp?r=BS21035,2026-09-08T15:39:02Z
BS21036,2001,2001-05-26,COAMO,10,"Rivera, Filiberto",704,28,5,7,0,1,1,2,2,2,4,1,2,0,0,2,11,single-source,wayback_bsnpr_games,https://web.archive.org/web/20011226014704id_/http://www.bsnpr.com:80/gamestatwide.asp?r=BS21036,2026-09-08T15:41:42Z
BS21036,2001,2001-05-26,COAMO,11,"Rivera, Luis",,6,1,1,0,1,0,0,0,0,0,1,2,0,0,0,2,single-source,wayback_bsnpr_games,https://web.archive.org/web/20011226014704id_/http://www.bsnpr.com:80/gamestatwide.asp?r=BS21036,2026-09-08T15:41:42Z
BS21036,2001,2001-05-26,COAMO,12,"Miller, Ira",,23,2,5,2,4,6,7,2,1,3,2,0,0,3,3,16,single-source,wayback_bsnpr_games,https://web.archive.org/web/20011226014704id_/http://www.bsnpr.com:80/gamestatwide.asp?r=BS21036,2026-09-08T15:41:42Z
BS21036,2001,2001-05-26,COAMO,13,"Leon, Francisco",,6,2,2,0,0,0,0,0,0,0,1,0,0,4,1,4,single-source,wayback_bsnpr_games,https://web.archive.org/web/20011226014704id_/http://www.bsnpr.com:80/gamestatwide.asp?r=BS21036,2026-09-08T15:41:42Z
BS21036,2001,2001-05-26,COAMO,14,"Frazer, Rolando",,27,7,10,0,0,2,2,3,1,4,1,0,1,2,1,16,single-source,wayback_bsnpr_games,https://web.archive.org/web/20011226014704id_/http://www.bsnpr.com:80/gamestatwide.asp?r=BS21036,2026-09-08T15:41:42Z
BS21036,2001,2001-05-26,COAMO,16,"Rivera, Angel",,18,0,1,0,0,0,0,1,1,2,1,0,0,3,1,0,single-source,wayback_bsnpr_games,https://web.archive.org/web/20011226014704id_/http://www.bsnpr.com:80/gamestatwide.asp?r=BS21036,2026-09-08T15:41:42Z
BS21036,2001,2001-05-26,COAMO,17,"Watson, Antonio",,7,0,1,0,0,0,0,0,1,1,0,0,0,0,2,0,single-source,wayback_bsnpr_games,https://web.archive.org/web/20011226014704id_/http://www.bsnpr.com:80/gamestatwide.asp?r=BS21036,2026-09-08T15:41:42Z
BS21036,2001,2001-05-26,COAMO,6,"Escalera, Carlos",284,35,4,7,3,9,6,6,2,3,5,3,4,0,2,0,23,single-source,wayback_bsnpr_games,https://web.archive.org/web/20011226014704id_/http://www.bsnpr.com:80/gamestatwide.asp?r=BS21036,2026-09-08T15:41:42Z
BS21036,2001,2001-05-26,COAMO,7,"Berdiel, Miguel",1666,13,1,5,0,0,3,4,1,0,1,1,0,0,1,1,5,single-source,wayback_bsnpr_games,https://web.archive.org/web/20011226014704id_/http://www.bsnpr.com:80/gamestatwide.asp?r=BS21036,2026-09-08T15:41:42Z
BS21036,2001,2001-05-26,COAMO,9,"Payano, Carlos",,37,4,15,0,3,2,7,1,6,7,2,3,2,4,2,10,single-source,wayback_bsnpr_games,https://web.archive.org/web/20011226014704id_/http://www.bsnpr.com:80/gamestatwide.asp?r=BS21036,2026-09-08T15:41:42Z
BS21036,2001,2001-05-26,GUAYAMA,10,"Rivera, Carlos",338,19,0,2,4,5,0,0,0,0,0,0,0,0,4,6,12,single-source,wayback_bsnpr_games,https://web.archive.org/web/20011226014704id_/http://www.bsnpr.com:80/gamestatwide.asp?r=BS21036,2026-09-08T15:41:42Z
BS21036,2001,2001-05-26,GUAYAMA,11,"Carter, James",,40,5,11,3,5,3,4,2,8,10,3,1,1,3,8,22,single-source,wayback_bsnpr_games,https://web.archive.org/web/20011226014704id_/http://www.bsnpr.com:80/gamestatwide.asp?r=BS21036,2026-09-08T15:41:42Z
BS21036,2001,2001-05-26,GUAYAMA,13,"Benson, Mark",,31,1,1,1,4,1,1,0,1,1,2,0,0,3,3,6,single-source,wayback_bsnpr_games,https://web.archive.org/web/20011226014704id_/http://www.bsnpr.com:80/gamestatwide.asp?r=BS21036,2026-09-08T15:41:42Z
BS21036,2001,2001-05-26,GUAYAMA,15,"Rivera, David",,9,1,1,0,0,1,2,0,1,1,1,1,0,3,2,3,single-source,wayback_bsnpr_games,https://web.archive.org/web/20011226014704id_/http://www.bsnpr.com:80/gamestatwide.asp?r=BS21036,2026-09-08T15:41:42Z
BS21036,2001,2001-05-26,GUAYAMA,17,"Colon, Giovanni",,5,0,0,0,1,0,0,0,1,1,1,0,0,1,0,0,single-source,wayback_bsnpr_games,https://web.archive.org/web/20011226014704id_/http://www.bsnpr.com:80/gamestatwide.asp?r=BS21036,2026-09-08T15:41:42Z
BS21036,2001,2001-05-26,GUAYAMA,18,"Rosario, Jose",,40,8,12,0,0,4,5,3,6,9,1,0,1,3,4,20,single-source,wayback_bsnpr_games,https://web.archive.org/web/20011226014704id_/http://www.bsnpr.com:80/gamestatwide.asp?r=BS21036,2026-09-08T15:41:42Z
BS21036,2001,2001-05-26,GUAYAMA,33,"Paniagua, Angel",,29,1,4,0,2,2,4,2,3,5,3,1,1,2,1,4,single-source,wayback_bsnpr_games,https://web.archive.org/web/20011226014704id_/http://www.bsnpr.com:80/gamestatwide.asp?r=BS21036,2026-09-08T15:41:42Z
BS21036,2001,2001-05-26,GUAYAMA,4,"Bayley, Charles",,1,0,0,0,0,1,2,0,0,0,0,0,0,1,1,1,single-source,wayback_bsnpr_games,https://web.archive.org/web/20011226014704id_/http://www.bsnpr.com:80/gamestatwide.asp?r=BS21036,2026-09-08T15:41:42Z
BS21036,2001,2001-05-26,GUAYAMA,55,"Weily, Joe",,26,7,9,1,3,0,1,5,5,10,1,1,1,4,3,17,single-source,wayback_bsnpr_games,https://web.archive.org/web/20011226014704id_/http://www.bsnpr.com:80/gamestatwide.asp?r=BS21036,2026-09-08T15:41:42Z
BS21037,2001,2001-05-26,ARECIBO,11,"Chiaramello, Oscar",,19,3,5,0,0,1,2,6,3,9,2,2,2,4,5,7,single-source,wayback_bsnpr_games,https://web.archive.org/web/20010726162422id_/http://www.bsnpr.com:80/gamestatwide.asp?r=BS21037&grupo=,2026-09-08T15:35:47Z
BS21037,2001,2001-05-26,ARECIBO,12,"Garcia, Yan",,11,1,2,0,3,0,1,1,0,1,0,0,0,0,0,2,single-source,wayback_bsnpr_games,https://web.archive.org/web/20010726162422id_/http://www.bsnpr.com:80/gamestatwide.asp?r=BS21037&grupo=,2026-09-08T15:35:47Z
BS21037,2001,2001-05-26,ARECIBO,14,"Rivera, Jorge",1127,27,3,8,1,2,3,4,3,3,6,0,0,1,2,3,12,single-source,wayback_bsnpr_games,https://web.archive.org/web/20010726162422id_/http://www.bsnpr.com:80/gamestatwide.asp?r=BS21037&grupo=,2026-09-08T15:35:47Z
BS21037,2001,2001-05-26,ARECIBO,18,"Cortes, David",448,5,0,0,0,0,0,0,0,0,0,0,0,0,0,0,0,single-source,wayback_bsnpr_games,https://web.archive.org/web/20010726162422id_/http://www.bsnpr.com:80/gamestatwide.asp?r=BS21037&grupo=,2026-09-08T15:35:47Z
BS21037,2001,2001-05-26,ARECIBO,21,"Rivera, Omar",,8,1,4,2,3,0,0,1,1,2,2,1,0,0,1,8,single-source,wayback_bsnpr_games,https://web.archive.org/web/20010726162422id_/http://www.bsnpr.com:80/gamestatwide.asp?r=BS21037&grupo=,2026-09-08T15:35:47Z
BS21037,2001,2001-05-26,ARECIBO,25,"Hill, Kris",1416,25,2,8,3,4,0,0,5,4,9,4,0,1,2,2,13,single-source,wayback_bsnpr_games,https://web.archive.org/web/20010726162422id_/http://www.bsnpr.com:80/gamestatwide.asp?r=BS21037&grupo=,2026-09-08T15:35:47Z
BS21037,2001,2001-05-26,ARECIBO,31,"Cruz, Rafael",1895,14,1,4,0,1,4,4,0,2,2,3,2,0,1,1,6,single-source,wayback_bsnpr_games,https://web.archive.org/web/20010726162422id_/http://www.bsnpr.com:80/gamestatwide.asp?r=BS21037&grupo=,2026-09-08T15:35:47Z
BS21037,2001,2001-05-26,ARECIBO,33,"Rolon, Javier",,32,8,14,0,1,5,6,4,1,5,1,0,0,1,2,21,single-source,wayback_bsnpr_games,https://web.archive.org/web/20010726162422id_/http://www.bsnpr.com:80/gamestatwide.asp?r=BS21037&grupo=,2026-09-08T15:35:47Z
BS21037,2001,2001-05-26,ARECIBO,7,"Cotte, John",,26,0,2,2,6,0,0,0,1,1,4,1,1,3,3,6,single-source,wayback_bsnpr_games,https://web.archive.org/web/20010726162422id_/http://www.bsnpr.com:80/gamestatwide.asp?r=BS21037&grupo=,2026-09-08T15:35:47Z
BS21037,2001,2001-05-26,ARECIBO,8,"Figueroa, Angel",135,33,5,8,1,8,4,6,2,7,9,4,6,0,4,1,17,single-source,wayback_bsnpr_games,https://web.archive.org/web/20010726162422id_/http://www.bsnpr.com:80/gamestatwide.asp?r=BS21037&grupo=,2026-09-08T15:35:47Z
BS21037,2001,2001-05-26,BAYAMON,0,"Richards, Jaja",,34,4,9,0,0,1,2,1,10,11,1,0,2,3,2,9,single-source,wayback_bsnpr_games,https://web.archive.org/web/20010726162422id_/http://www.bsnpr.com:80/gamestatwide.asp?r=BS21037&grupo=,2026-09-08T15:35:47Z
BS21037,2001,2001-05-26,BAYAMON,12,"Padilla, Edgar",,34,5,10,5,5,4,4,0,3,3,10,2,1,3,3,29,single-source,wayback_bsnpr_games,https://web.archive.org/web/20010726162422id_/http://www.bsnpr.com:80/gamestatwide.asp?r=BS21037&grupo=,2026-09-08T15:35:47Z
BS21037,2001,2001-05-26,BAYAMON,13,"Leon, Edgar",,1,0,1,0,0,0,0,1,0,1,0,0,0,0,0,0,single-source,wayback_bsnpr_games,https://web.archive.org/web/20010726162422id_/http://www.bsnpr.com:80/gamestatwide.asp?r=BS21037&grupo=,2026-09-08T15:35:47Z
BS21037,2001,2001-05-26,BAYAMON,15,"Latimer, Antonio",193,17,3,4,1,1,0,0,3,1,4,0,0,0,0,3,9,single-source,wayback_bsnpr_games,https://web.archive.org/web/20010726162422id_/http://www.bsnpr.com:80/gamestatwide.asp?r=BS21037&grupo=,2026-09-08T15:35:47Z
BS21037,2001,2001-05-26,BAYAMON,17,"Mincy, Jerome",1032,27,5,6,0,1,2,2,1,3,4,2,0,0,3,3,12,single-source,wayback_bsnpr_games,https://web.archive.org/web/20010726162422id_/http://www.bsnpr.com:80/gamestatwide.asp?r=BS21037&grupo=,2026-09-08T15:35:47Z
BS21037,2001,2001-05-26,BAYAMON,20,"Rivera, Joshua",,1,0,1,0,0,0,0,0,0,0,0,1,0,0,1,0,single-source,wayback_bsnpr_games,https://web.archive.org/web/20010726162422id_/http://www.bsnpr.com:80/gamestatwide.asp?r=BS21037&grupo=,2026-09-08T15:35:47Z
BS21037,2001,2001-05-26,BAYAMON,32,"Santiago, Eddin",502,5,0,1,0,0,0,0,0,1,1,1,2,0,0,1,0,single-source,wayback_bsnpr_games,https://web.archive.org/web/20010726162422id_/http://www.bsnpr.com:80/gamestatwide.asp?r=BS21037&grupo=,2026-09-08T15:35:47Z
BS21037,2001,2001-05-26,BAYAMON,4,"Western, Franklyn",,40,7,15,0,0,7,8,2,8,10,3,1,0,2,3,21,single-source,wayback_bsnpr_games,https://web.archive.org/web/20010726162422id_/http://www.bsnpr.com:80/gamestatwide.asp?r=BS21037&grupo=,2026-09-08T15:35:47Z
BS21037,2001,2001-05-26,BAYAMON,5,"Ortiz, Reyes",,17,2,4,1,2,0,0,0,0,0,2,0,0,3,1,7,single-source,wayback_bsnpr_games,https://web.archive.org/web/20010726162422id_/http://www.bsnpr.com:80/gamestatwide.asp?r=BS21037&grupo=,2026-09-08T15:35:47Z
BS21037,2001,2001-05-26,BAYAMON,6,"Travieso, Carmelo",,23,0,1,5,9,2,2,0,1,1,1,0,0,4,1,17,single-source,wayback_bsnpr_games,https://web.archive.org/web/20010726162422id_/http://www.bsnpr.com:80/gamestatwide.asp?r=BS21037&grupo=,2026-09-08T15:35:47Z
BS21037,2001,2001-05-26,BAYAMON,9,"Salgado, Gustavo",,1,0,0,0,0,0,0,0,0,0,0,0,0,1,0,0,single-source,wayback_bsnpr_games,https://web.archive.org/web/20010726162422id_/http://www.bsnpr.com:80/gamestatwide.asp?r=BS21037&grupo=,2026-09-08T15:35:47Z
BS21038,2001,2001-05-27,CAROLINA,10,"Vizcarrondo, Cesar",355,3,0,0,0,1,0,0,0,0,0,0,0,0,2,2,0,single-source,wayback_bsnpr_games,https://web.archive.org/web/20011226004435id_/http://www.bsnpr.com:80/gamestatwide.asp?r=BS21038,2026-09-08T15:41:38Z
BS21038,2001,2001-05-27,CAROLINA,11,"Aska, Joseph",,11,2,4,0,0,0,2,0,2,2,0,2,0,3,2,4,single-source,wayback_bsnpr_games,https://web.archive.org/web/20011226004435id_/http://www.bsnpr.com:80/gamestatwide.asp?r=BS21038,2026-09-08T15:41:38Z
BS21038,2001,2001-05-27,CAROLINA,12,"Alomar, Carlos",,4,0,1,0,0,0,0,0,1,1,0,0,0,0,0,0,single-source,wayback_bsnpr_games,https://web.archive.org/web/20011226004435id_/http://www.bsnpr.com:80/gamestatwide.asp?r=BS21038,2026-09-08T15:41:38Z
BS21038,2001,2001-05-27,CAROLINA,15,"Ayala, Alexander",,5,1,1,0,0,0,0,0,0,0,0,1,1,0,1,2,single-source,wayback_bsnpr_games,https://web.archive.org/web/20011226004435id_/http://www.bsnpr.com:80/gamestatwide.asp?r=BS21038,2026-09-08T15:41:38Z
BS21038,2001,2001-05-27,CAROLINA,17,"White, Joe",,36,6,11,1,1,1,2,5,7,12,3,0,2,3,3,16,single-source,wayback_bsnpr_games,https://web.archive.org/web/20011226004435id_/http://www.bsnpr.com:80/gamestatwide.asp?r=BS21038,2026-09-08T15:41:38Z
BS21038,2001,2001-05-27,CAROLINA,18,"Simpson, Carl",,38,7,18,0,0,3,6,5,6,11,0,1,1,2,4,17,single-source,wayback_bsnpr_games,https://web.archive.org/web/20011226004435id_/http://www.bsnpr.com:80/gamestatwide.asp?r=BS21038,2026-09-08T15:41:38Z
BS21038,2001,2001-05-27,CAROLINA,4,"Torres, Georgie",,38,3,4,4,9,1,1,0,3,3,6,2,0,3,1,19,single-source,wayback_bsnpr_games,https://web.archive.org/web/20011226004435id_/http://www.bsnpr.com:80/gamestatwide.asp?r=BS21038,2026-09-08T15:41:38Z
BS21038,2001,2001-05-27,CAROLINA,5,"Nieves, Ivan",954,28,3,3,2,8,1,1,0,3,3,5,1,0,1,1,13,single-source,wayback_bsnpr_games,https://web.archive.org/web/20011226004435id_/http://www.bsnpr.com:80/gamestatwide.asp?r=BS21038,2026-09-08T15:41:38Z
BS21038,2001,2001-05-27,CAROLINA,7,"Romer, Angel",,6,0,1,0,0,0,0,0,0,0,0,0,0,1,0,0,single-source,wayback_bsnpr_games,https://web.archive.org/web/20011226004435id_/http://www.bsnpr.com:80/gamestatwide.asp?r=BS21038,2026-09-08T15:41:38Z
BS21038,2001,2001-05-27,CAROLINA,8,"Rodriguez, Armando",,29,2,4,1,3,0,0,1,4,5,0,0,0,2,0,7,single-source,wayback_bsnpr_games,https://web.archive.org/web/20011226004435id_/http://www.bsnpr.com:80/gamestatwide.asp?r=BS21038,2026-09-08T15:41:38Z
BS21038,2001,2001-05-27,CAROLINA,9,"Roca, Joel",1065,2,0,0,0,0,0,0,0,0,0,0,0,0,0,1,0,single-source,wayback_bsnpr_games,https://web.archive.org/web/20011226004435id_/http://www.bsnpr.com:80/gamestatwide.asp?r=BS21038,2026-09-08T15:41:38Z
BS21038,2001,2001-05-27,ISABELA,11,"Quinonez, Joel",,29,1,10,3,8,4,5,1,1,2,1,2,0,2,2,15,single-source,wayback_bsnpr_games,https://web.archive.org/web/20011226004435id_/http://www.bsnpr.com:80/gamestatwide.asp?r=BS21038,2026-09-08T15:41:38Z
BS21038,2001,2001-05-27,ISABELA,12,"Lopez, Jose",,9,0,0,0,0,0,0,0,0,0,0,0,1,2,1,0,single-source,wayback_bsnpr_games,https://web.archive.org/web/20011226004435id_/http://www.bsnpr.com:80/gamestatwide.asp?r=BS21038,2026-09-08T15:41:38Z
BS21038,2001,2001-05-27,ISABELA,13,"Fernandez, Eric",,30,3,4,1,4,3,4,0,1,1,0,4,0,0,1,12,single-source,wayback_bsnpr_games,https://web.archive.org/web/20011226004435id_/http://www.bsnpr.com:80/gamestatwide.asp?r=BS21038,2026-09-08T15:41:38Z
BS21038,2001,2001-05-27,ISABELA,2,"Rivera, Eddie",,34,4,6,2,4,4,4,0,1,1,3,0,0,1,2,18,single-source,wayback_bsnpr_games,https://web.archive.org/web/20011226004435id_/http://www.bsnpr.com:80/gamestatwide.asp?r=BS21038,2026-09-08T15:41:38Z
BS21038,2001,2001-05-27,ISABELA,23,"Venzen, Gilberto",,26,5,9,2,3,0,0,1,2,3,0,0,0,3,4,16,single-source,wayback_bsnpr_games,https://web.archive.org/web/20011226004435id_/http://www.bsnpr.com:80/gamestatwide.asp?r=BS21038,2026-09-08T15:41:38Z
BS21038,2001,2001-05-27,ISABELA,45,"Leeks, Kenny",,40,7,11,0,1,5,8,3,13,16,3,2,4,2,2,19,single-source,wayback_bsnpr_games,https://web.archive.org/web/20011226004435id_/http://www.bsnpr.com:80/gamestatwide.asp?r=BS21038,2026-09-08T15:41:38Z
BS21038,2001,2001-05-27,ISABELA,48,"Machado, Adrian",,31,0,0,1,3,0,0,0,6,6,3,1,2,2,2,3,single-source,wayback_bsnpr_games,https://web.archive.org/web/20011226004435id_/http://www.bsnpr.com:80/gamestatwide.asp?r=BS21038,2026-09-08T15:41:38Z
BS21038,2001,2001-05-27,ISABELA,8,"Colon, Edid",,1,0,0,0,0,0,0,0,0,0,0,0,0,0,0,0,single-source,wayback_bsnpr_games,https://web.archive.org/web/20011226004435id_/http://www.bsnpr.com:80/gamestatwide.asp?r=BS21038,2026-09-08T15:41:38Z
BS21039,2001,2001-05-27,MOROVIS,10,"Pagan, Wilfredo",2290,40,5,8,3,6,3,4,0,4,4,4,4,0,0,2,22,single-source,wayback_bsnpr_games,https://web.archive.org/web/20011005092005id_/http://www.bsnpr.com:80/gamestatwide.asp?r=BS21039&grupo=,2026-09-08T15:36:54Z
BS21039,2001,2001-05-27,MOROVIS,16,"Rodriguez, Miguel",,9,0,0,0,2,0,0,0,0,0,3,0,0,1,1,0,single-source,wayback_bsnpr_games,https://web.archive.org/web/20011005092005id_/http://www.bsnpr.com:80/gamestatwide.asp?r=BS21039&grupo=,2026-09-08T15:36:54Z
BS21039,2001,2001-05-27,MOROVIS,20,"Nieves, Roberto",2067,9,0,1,0,0,0,0,0,0,0,2,0,0,1,1,0,single-source,wayback_bsnpr_games,https://web.archive.org/web/20011005092005id_/http://www.bsnpr.com:80/gamestatwide.asp?r=BS21039&grupo=,2026-09-08T15:36:54Z
BS21039,2001,2001-05-27,MOROVIS,21,"Harrison, Glenn",,1,0,0,0,0,0,0,0,0,0,0,0,0,0,1,0,single-source,wayback_bsnpr_games,https://web.archive.org/web/20011005092005id_/http://www.bsnpr.com:80/gamestatwide.asp?r=BS21039&grupo=,2026-09-08T15:36:54Z
BS21039,2001,2001-05-27,MOROVIS,33,"Medrano, Jorge",,40,5,12,0,1,4,5,1,3,4,0,0,1,1,6,14,single-source,wayback_bsnpr_games,https://web.archive.org/web/20011005092005id_/http://www.bsnpr.com:80/gamestatwide.asp?r=BS21039&grupo=,2026-09-08T15:36:54Z
BS21039,2001,2001-05-27,MOROVIS,45,"Davis, Nick",,39,7,12,0,0,6,10,5,10,15,2,2,6,3,2,20,single-source,wayback_bsnpr_games,https://web.archive.org/web/20011005092005id_/http://www.bsnpr.com:80/gamestatwide.asp?r=BS21039&grupo=,2026-09-08T15:36:54Z
BS21039,2001,2001-05-27,MOROVIS,7,"Alicea, Pablo",,40,3,7,3,5,2,2,4,4,8,7,1,0,3,5,17,single-source,wayback_bsnpr_games,https://web.archive.org/web/20011005092005id_/http://www.bsnpr.com:80/gamestatwide.asp?r=BS21039&grupo=,2026-09-08T15:36:54Z
BS21039,2001,2001-05-27,MOROVIS,8,"Martinez, Carlos",,22,2,3,2,7,0,0,2,1,3,2,0,0,3,1,10,single-source,wayback_bsnpr_games,https://web.archive.org/web/20011005092005id_/http://www.bsnpr.com:80/gamestatwide.asp?r=BS21039&grupo=,2026-09-08T15:36:54Z
BS21039,2001,2001-05-27,SANTURCE,12,"Horrutunier, Rolando",,31,1,4,2,3,2,2,3,2,5,1,0,1,4,2,10,single-source,wayback_bsnpr_games,https://web.archive.org/web/20011005092005id_/http://www.bsnpr.com:80/gamestatwide.asp?r=BS21039&grupo=,2026-09-08T15:36:54Z
BS21039,2001,2001-05-27,SANTURCE,31,"Rosario, Rich",,8,2,2,0,1,1,1,0,2,2,2,1,1,0,1,5,single-source,wayback_bsnpr_games,https://web.archive.org/web/20011005092005id_/http://www.bsnpr.com:80/gamestatwide.asp?r=BS21039&grupo=,2026-09-08T15:36:54Z
BS21039,2001,2001-05-27,SANTURCE,33,"Falcon, Alex",,26,3,5,0,0,0,0,2,3,5,0,2,0,2,2,6,single-source,wayback_bsnpr_games,https://web.archive.org/web/20011005092005id_/http://www.bsnpr.com:80/gamestatwide.asp?r=BS21039&grupo=,2026-09-08T15:36:54Z
BS21039,2001,2001-05-27,SANTURCE,42,"Aubry, Jeffrey",,8,0,0,0,0,0,0,2,2,4,0,0,1,1,1,0,single-source,wayback_bsnpr_games,https://web.archive.org/web/20011005092005id_/http://www.bsnpr.com:80/gamestatwide.asp?r=BS21039&grupo=,2026-09-08T15:36:54Z
BS21039,2001,2001-05-27,SANTURCE,44,"Bocachica, Armando",,6,0,2,1,1,0,0,0,0,0,0,0,0,2,1,3,single-source,wayback_bsnpr_games,https://web.archive.org/web/20011005092005id_/http://www.bsnpr.com:80/gamestatwide.asp?r=BS21039&grupo=,2026-09-08T15:36:54Z
BS21039,2001,2001-05-27,SANTURCE,5,"Santiago, Orlando",,40,6,8,6,14,0,0,1,0,1,5,4,0,2,1,30,single-source,wayback_bsnpr_games,https://web.archive.org/web/20011005092005id_/http://www.bsnpr.com:80/gamestatwide.asp?r=BS21039&grupo=,2026-09-08T15:36:54Z
BS21039,2001,2001-05-27,SANTURCE,55,"Butler, Mario",,6,2,3,0,0,0,0,1,3,4,0,0,0,2,0,4,single-source,wayback_bsnpr_games,https://web.archive.org/web/20011005092005id_/http://www.bsnpr.com:80/gamestatwide.asp?r=BS21039&grupo=,2026-09-08T15:36:54Z
BS21039,2001,2001-05-27,SANTURCE,7,"Arroyo, Carlos",273,40,8,14,1,6,1,2,0,3,3,9,4,0,4,5,20,single-source,wayback_bsnpr_games,https://web.archive.org/web/20011005092005id_/http://www.bsnpr.com:80/gamestatwide.asp?r=BS21039&grupo=,2026-09-08T15:36:54Z
BS21039,2001,2001-05-27,SANTURCE,8,"Johnson, Dave",444,35,5,10,0,2,7,8,5,9,14,1,1,0,4,1,17,single-source,wayback_bsnpr_games,https://web.archive.org/web/20011005092005id_/http://www.bsnpr.com:80/gamestatwide.asp?r=BS21039&grupo=,2026-09-08T15:36:54Z
BS21040,2001,2001-05-29,BAYAMON,0,"Richards, Jaja",,25,2,5,0,0,0,0,0,6,6,0,0,2,3,1,4,single-source,wayback_bsnpr_games,https://web.archive.org/web/20010726162357id_/http://www.bsnpr.com:80/gamestatwide.asp?r=BS21040&grupo=,2026-09-08T15:35:45Z
BS21040,2001,2001-05-29,BAYAMON,12,"Padilla, Edgar",,18,2,4,0,0,2,4,0,1,1,6,2,1,3,5,6,single-source,wayback_bsnpr_games,https://web.archive.org/web/20010726162357id_/http://www.bsnpr.com:80/gamestatwide.asp?r=BS21040&grupo=,2026-09-08T15:35:45Z
BS21040,2001,2001-05-29,BAYAMON,13,"Leon, Edgar",,7,1,2,0,0,0,0,0,2,2,1,0,0,1,0,2,single-source,wayback_bsnpr_games,https://web.archive.org/web/20010726162357id_/http://www.bsnpr.com:80/gamestatwide.asp?r=BS21040&grupo=,2026-09-08T15:35:45Z
BS21040,2001,2001-05-29,BAYAMON,15,"Latimer, Antonio",193,24,6,8,2,4,2,4,1,5,6,2,0,1,1,4,20,single-source,wayback_bsnpr_games,https://web.archive.org/web/20010726162357id_/http://www.bsnpr.com:80/gamestatwide.asp?r=BS21040&grupo=,2026-09-08T15:35:45Z
BS21040,2001,2001-05-29,BAYAMON,17,"Mincy, Jerome",1032,20,2,5,0,0,2,2,2,3,5,3,0,1,3,0,6,single-source,wayback_bsnpr_games,https://web.archive.org/web/20010726162357id_/http://www.bsnpr.com:80/gamestatwide.asp?r=BS21040&grupo=,2026-09-08T15:35:45Z
BS21040,2001,2001-05-29,BAYAMON,20,"Rivera, Joshua",,2,1,1,0,0,2,4,0,0,0,0,0,0,0,1,4,single-source,wayback_bsnpr_games,https://web.archive.org/web/20010726162357id_/http://www.bsnpr.com:80/gamestatwide.asp?r=BS21040&grupo=,2026-09-08T15:35:45Z
BS21040,2001,2001-05-29,BAYAMON,32,"Santiago, Eddin",502,20,1,1,0,2,2,2,1,4,5,4,1,0,1,0,4,single-source,wayback_bsnpr_games,https://web.archive.org/web/20010726162357id_/http://www.bsnpr.com:80/gamestatwide.asp?r=BS21040&grupo=,2026-09-08T15:35:45Z
BS21040,2001,2001-05-29,BAYAMON,33,"Aponte, Emmanuel",,1,1,1,0,0,1,2,0,1,1,0,0,0,0,0,3,single-source,wayback_bsnpr_games,https://web.archive.org/web/20010726162357id_/http://www.bsnpr.com:80/gamestatwide.asp?r=BS21040&grupo=,2026-09-08T15:35:45Z
BS21040,2001,2001-05-29,BAYAMON,4,"Western, Franklyn",,34,12,17,0,0,3,5,1,9,10,6,1,0,3,5,27,single-source,wayback_bsnpr_games,https://web.archive.org/web/20010726162357id_/http://www.bsnpr.com:80/gamestatwide.asp?r=BS21040&grupo=,2026-09-08T15:35:45Z
BS21040,2001,2001-05-29,BAYAMON,44,"Rodriguez, Jose",,4,0,0,0,0,0,0,0,2,2,0,0,1,2,2,0,single-source,wayback_bsnpr_games,https://web.archive.org/web/20010726162357id_/http://www.bsnpr.com:80/gamestatwide.asp?r=BS21040&grupo=,2026-09-08T15:35:45Z
BS21040,2001,2001-05-29,BAYAMON,5,"Ortiz, Reyes",,9,0,0,0,0,1,2,0,0,0,3,0,0,1,4,1,single-source,wayback_bsnpr_games,https://web.archive.org/web/20010726162357id_/http://www.bsnpr.com:80/gamestatwide.asp?r=BS21040&grupo=,2026-09-08T15:35:45Z
BS21040,2001,2001-05-29,BAYAMON,6,"Travieso, Carmelo",,36,4,5,7,13,0,2,0,4,4,3,3,0,2,1,29,single-source,wayback_bsnpr_games,https://web.archive.org/web/20010726162357id_/http://www.bsnpr.com:80/gamestatwide.asp?r=BS21040&grupo=,2026-09-08T15:35:45Z
BS21040,2001,2001-05-29,MOROVIS,1,"Rodriguez, Joseph",,6,0,0,0,0,0,0,0,1,1,0,0,0,1,0,0,single-source,wayback_bsnpr_games,https://web.archive.org/web/20010726162357id_/http://www.bsnpr.com:80/gamestatwide.asp?r=BS21040&grupo=,2026-09-08T15:35:45Z
BS21040,2001,2001-05-29,MOROVIS,12,"Soto, Erik",,12,3,5,0,2,0,2,0,0,0,0,3,0,3,1,6,single-source,wayback_bsnpr_games,https://web.archive.org/web/20010726162357id_/http://www.bsnpr.com:80/gamestatwide.asp?r=BS21040&grupo=,2026-09-08T15:35:45Z
BS21040,2001,2001-05-29,MOROVIS,16,"Rodriguez, Miguel",,22,1,1,0,3,2,3,0,3,3,1,0,0,1,0,4,single-source,wayback_bsnpr_games,https://web.archive.org/web/20010726162357id_/http://www.bsnpr.com:80/gamestatwide.asp?r=BS21040&grupo=,2026-09-08T15:35:45Z
BS21040,2001,2001-05-29,MOROVIS,20,"Nieves, Roberto",2067,12,1,4,0,1,0,0,1,1,2,3,1,0,2,0,2,single-source,wayback_bsnpr_games,https://web.archive.org/web/20010726162357id_/http://www.bsnpr.com:80/gamestatwide.asp?r=BS21040&grupo=,2026-09-08T15:35:45Z
BS21040,2001,2001-05-29,MOROVIS,21,"Harrison, Glenn",,7,0,0,1,1,2,2,0,0,0,1,0,0,1,0,5,single-source,wayback_bsnpr_games,https://web.archive.org/web/20010726162357id_/http://www.bsnpr.com:80/gamestatwide.asp?r=BS21040&grupo=,2026-09-08T15:35:45Z
BS21040,2001,2001-05-29,MOROVIS,24,"Marrero, Rafael",,13,4,7,0,0,2,3,0,3,3,4,2,0,3,3,10,single-source,wayback_bsnpr_games,https://web.archive.org/web/20010726162357id_/http://www.bsnpr.com:80/gamestatwide.asp?r=BS21040&grupo=,2026-09-08T15:35:45Z
BS21040,2001,2001-05-29,MOROVIS,33,"Medrano, Jorge",,27,6,13,0,2,0,0,2,1,3,0,0,0,2,3,12,single-source,wayback_bsnpr_games,https://web.archive.org/web/20010726162357id_/http://www.bsnpr.com:80/gamestatwide.asp?r=BS21040&grupo=,2026-09-08T15:35:45Z
BS21040,2001,2001-05-29,MOROVIS,45,"Davis, Nick",,40,8,16,0,0,5,12,9,12,21,4,0,4,4,3,21,single-source,wayback_bsnpr_games,https://web.archive.org/web/20010726162357id_/http://www.bsnpr.com:80/gamestatwide.asp?r=BS21040&grupo=,2026-09-08T15:35:45Z
BS21040,2001,2001-05-29,MOROVIS,5,"Santiago, Moises",,22,9,9,3,7,0,0,1,0,1,1,1,0,0,0,27,single-source,wayback_bsnpr_games,https://web.archive.org/web/20010726162357id_/http://www.bsnpr.com:80/gamestatwide.asp?r=BS21040&grupo=,2026-09-08T15:35:45Z
BS21040,2001,2001-05-29,MOROVIS,7,"Alicea, Pablo",,27,0,6,3,6,2,3,1,1,2,8,0,0,2,5,11,single-source,wayback_bsnpr_games,https://web.archive.org/web/20010726162357id_/http://www.bsnpr.com:80/gamestatwide.asp?r=BS21040&grupo=,2026-09-08T15:35:45Z
BS21040,2001,2001-05-29,MOROVIS,8,"Martinez, Carlos",,12,0,1,0,3,0,0,0,2,2,1,1,0,0,1,0,single-source,wayback_bsnpr_games,https://web.archive.org/web/20010726162357id_/http://www.bsnpr.com:80/gamestatwide.asp?r=BS21040&grupo=,2026-09-08T15:35:45Z
BS21041,2001,2001-05-28,CAGUAS,11,"Nieves, Josue",,11,1,1,5,5,3,3,1,1,2,2,2,0,2,1,20,single-source,wayback_bsnpr_games,https://web.archive.org/web/20011120231733id_/http://www.bsnpr.com:80/gamestatwide.asp?r=BS21041,2026-09-08T15:39:04Z
BS21041,2001,2001-05-28,CAGUAS,14,"Allende, Luis",,29,1,2,4,9,1,1,0,4,4,2,3,0,1,3,15,single-source,wayback_bsnpr_games,https://web.archive.org/web/20011120231733id_/http://www.bsnpr.com:80/gamestatwide.asp?r=BS21041,2026-09-08T15:39:04Z
BS21041,2001,2001-05-28,CAGUAS,15,"Rivas, Luis",,22,6,9,0,1,4,7,4,6,10,0,0,1,3,5,16,single-source,wayback_bsnpr_games,https://web.archive.org/web/20011120231733id_/http://www.bsnpr.com:80/gamestatwide.asp?r=BS21041,2026-09-08T15:39:04Z
BS21041,2001,2001-05-28,CAGUAS,20,"Rivera, Hecmar",,16,1,2,0,3,0,0,0,7,7,2,0,0,1,0,2,single-source,wayback_bsnpr_games,https://web.archive.org/web/20011120231733id_/http://www.bsnpr.com:80/gamestatwide.asp?r=BS21041,2026-09-08T15:39:04Z
BS21041,2001,2001-05-28,CAGUAS,21,"Rodriguez, Andres",87,4,0,0,0,0,0,0,0,0,0,0,0,0,1,1,0,single-source,wayback_bsnpr_games,https://web.archive.org/web/20011120231733id_/http://www.bsnpr.com:80/gamestatwide.asp?r=BS21041,2026-09-08T15:39:04Z
BS21041,2001,2001-05-28,CAGUAS,25,"Carrasquillo, Antonio",,18,2,6,0,1,1,5,3,4,7,1,1,1,4,1,5,single-source,wayback_bsnpr_games,https://web.archive.org/web/20011120231733id_/http://www.bsnpr.com:80/gamestatwide.asp?r=BS21041,2026-09-08T15:39:04Z
BS21041,2001,2001-05-28,CAGUAS,32,"Sanchez, Ricardo",,2,1,1,1,2,0,0,0,0,0,0,0,0,0,1,5,single-source,wayback_bsnpr_games,https://web.archive.org/web/20011120231733id_/http://www.bsnpr.com:80/gamestatwide.asp?r=BS21041,2026-09-08T15:39:04Z
BS21041,2001,2001-05-28,CAGUAS,34,"Bonilla, Kelvin",,5,0,1,0,0,0,0,0,0,0,1,0,0,0,0,0,single-source,wayback_bsnpr_games,https://web.archive.org/web/20011120231733id_/http://www.bsnpr.com:80/gamestatwide.asp?r=BS21041,2026-09-08T15:39:04Z
BS21041,2001,2001-05-28,CAGUAS,4,"Colon, Angel",,26,5,11,0,1,3,4,2,0,2,0,2,0,2,0,13,single-source,wayback_bsnpr_games,https://web.archive.org/web/20011120231733id_/http://www.bsnpr.com:80/gamestatwide.asp?r=BS21041,2026-09-08T15:39:04Z
BS21041,2001,2001-05-28,CAGUAS,5,"Rivera, Ahmed",,3,0,1,0,0,1,2,1,0,1,1,0,0,0,0,1,single-source,wayback_bsnpr_games,https://web.archive.org/web/20011120231733id_/http://www.bsnpr.com:80/gamestatwide.asp?r=BS21041,2026-09-08T15:39:04Z
BS21041,2001,2001-05-28,CAGUAS,6,"Burgos, Gary Joe",,16,2,2,0,1,0,0,0,0,0,2,0,0,3,1,4,single-source,wayback_bsnpr_games,https://web.archive.org/web/20011120231733id_/http://www.bsnpr.com:80/gamestatwide.asp?r=BS21041,2026-09-08T15:39:04Z
BS21041,2001,2001-05-28,CAGUAS,7,"Davila, Michael",,20,2,3,2,5,0,0,1,2,3,5,1,0,0,3,10,single-source,wayback_bsnpr_games,https://web.archive.org/web/20011120231733id_/http://www.bsnpr.com:80/gamestatwide.asp?r=BS21041,2026-09-08T15:39:04Z
BS21041,2001,2001-05-28,CAGUAS,8,"Farmer, Tony",,28,2,4,1,6,3,4,2,4,6,3,0,2,2,5,10,single-source,wayback_bsnpr_games,https://web.archive.org/web/20011120231733id_/http://www.bsnpr.com:80/gamestatwide.asp?r=BS21041,2026-09-08T15:39:04Z
BS21041,2001,2001-05-28,CAROLINA,10,"Vizcarrondo, Cesar",355,4,0,1,0,0,0,0,0,0,0,0,0,0,0,0,0,single-source,wayback_bsnpr_games,https://web.archive.org/web/20011120231733id_/http://www.bsnpr.com:80/gamestatwide.asp?r=BS21041,2026-09-08T15:39:04Z
BS21041,2001,2001-05-28,CAROLINA,11,"Aska, Joseph",,12,2,6,0,0,2,5,3,3,6,0,1,0,1,0,6,single-source,wayback_bsnpr_games,https://web.archive.org/web/20011120231733id_/http://www.bsnpr.com:80/gamestatwide.asp?r=BS21041,2026-09-08T15:39:04Z
BS21041,2001,2001-05-28,CAROLINA,12,"Alomar, Carlos",,4,0,0,0,0,1,2,0,0,0,0,0,0,1,2,1,single-source,wayback_bsnpr_games,https://web.archive.org/web/20011120231733id_/http://www.bsnpr.com:80/gamestatwide.asp?r=BS21041,2026-09-08T15:39:04Z
BS21041,2001,2001-05-28,CAROLINA,13,"Newman, Henry",,8,1,3,0,0,1,2,1,1,2,0,0,0,3,2,3,single-source,wayback_bsnpr_games,https://web.archive.org/web/20011120231733id_/http://www.bsnpr.com:80/gamestatwide.asp?r=BS21041,2026-09-08T15:39:04Z
BS21041,2001,2001-05-28,CAROLINA,14,"Valenzuela, Hector",869,1,0,0,0,0,0,0,0,0,0,0,0,0,1,1,0,single-source,wayback_bsnpr_games,https://web.archive.org/web/20011120231733id_/http://www.bsnpr.com:80/gamestatwide.asp?r=BS21041,2026-09-08T15:39:04Z
BS21041,2001,2001-05-28,CAROLINA,15,"Ayala, Alexander",,19,1,2,0,1,0,0,0,2,2,0,1,0,3,3,2,single-source,wayback_bsnpr_games,https://web.archive.org/web/20011120231733id_/http://www.bsnpr.com:80/gamestatwide.asp?r=BS21041,2026-09-08T15:39:04Z
BS21041,2001,2001-05-28,CAROLINA,17,"White, Joe",,23,1,4,0,0,0,0,2,4,6,0,0,0,3,2,2,single-source,wayback_bsnpr_games,https://web.archive.org/web/20011120231733id_/http://www.bsnpr.com:80/gamestatwide.asp?r=BS21041,2026-09-08T15:39:04Z
BS21041,2001,2001-05-28,CAROLINA,18,"Simpson, Carl",,40,19,30,0,0,7,9,10,10,20,3,1,1,1,2,45,single-source,wayback_bsnpr_games,https://web.archive.org/web/20011120231733id_/http://www.bsnpr.com:80/gamestatwide.asp?r=BS21041,2026-09-08T15:39:04Z
BS21041,2001,2001-05-28,CAROLINA,4,"Torres, George",,11,1,1,0,1,3,4,0,2,2,0,0,0,2,0,5,single-source,wayback_bsnpr_games,https://web.archive.org/web/20011120231733id_/http://www.bsnpr.com:80/gamestatwide.asp?r=BS21041,2026-09-08T15:39:04Z
BS21041,2001,2001-05-28,CAROLINA,5,"Nieves, Ivan",954,23,0,6,5,7,0,0,0,1,1,1,1,0,1,4,15,single-source,wayback_bsnpr_games,https://web.archive.org/web/20011120231733id_/http://www.bsnpr.com:80/gamestatwide.asp?r=BS21041,2026-09-08T15:39:04Z
BS21041,2001,2001-05-28,CAROLINA,6,"Borgos, Rich",,18,1,5,0,1,0,0,1,1,2,3,0,0,3,2,2,single-source,wayback_bsnpr_games,https://web.archive.org/web/20011120231733id_/http://www.bsnpr.com:80/gamestatwide.asp?r=BS21041,2026-09-08T15:39:04Z
BS21041,2001,2001-05-28,CAROLINA,7,"Romer, Angel",,16,2,3,0,1,1,3,1,1,2,0,0,1,3,1,5,single-source,wayback_bsnpr_games,https://web.archive.org/web/20011120231733id_/http://www.bsnpr.com:80/gamestatwide.asp?r=BS21041,2026-09-08T15:39:04Z
BS21041,2001,2001-05-28,CAROLINA,8,"Rodriguez, Armando",,9,0,1,0,0,0,0,0,0,0,1,0,0,1,0,0,single-source,wayback_bsnpr_games,https://web.archive.org/web/20011120231733id_/http://www.bsnpr.com:80/gamestatwide.asp?r=BS21041,2026-09-08T15:39:04Z
BS21041,2001,2001-05-28,CAROLINA,9,"Roca, Joel",1065,12,0,5,0,0,1,2,2,1,3,2,0,0,0,0,1,single-source,wayback_bsnpr_games,https://web.archive.org/web/20011120231733id_/http://www.bsnpr.com:80/gamestatwide.asp?r=BS21041,2026-09-08T15:39:04Z
BS21042,2001,2001-05-28,ISABELA,10,"Santos, Xioner",,2,1,1,0,1,0,0,0,0,0,0,0,0,0,0,2,single-source,wayback_bsnpr_games,https://web.archive.org/web/20020423093844id_/http://www.bsnpr.com:80/gamestatwide.asp?r=BS21042&grupo=,2026-09-08T15:42:19Z
BS21042,2001,2001-05-28,ISABELA,11,"Quinonez, Joel",,20,1,1,3,7,1,2,1,1,2,1,2,0,3,2,12,single-source,wayback_bsnpr_games,https://web.archive.org/web/20020423093844id_/http://www.bsnpr.com:80/gamestatwide.asp?r=BS21042&grupo=,2026-09-08T15:42:19Z
BS21042,2001,2001-05-28,ISABELA,12,"Lopez, Jose",,11,2,7,0,0,1,2,1,2,3,0,0,0,2,1,5,single-source,wayback_bsnpr_games,https://web.archive.org/web/20020423093844id_/http://www.bsnpr.com:80/gamestatwide.asp?r=BS21042&grupo=,2026-09-08T15:42:19Z
BS21042,2001,2001-05-28,ISABELA,13,"Fernandez, Eric",,26,4,7,0,3,2,2,0,2,2,1,0,0,1,3,10,single-source,wayback_bsnpr_games,https://web.archive.org/web/20020423093844id_/http://www.bsnpr.com:80/gamestatwide.asp?r=BS21042&grupo=,2026-09-08T15:42:19Z
BS21042,2001,2001-05-28,ISABELA,15,"Crispin, Natanael",,2,0,0,0,0,0,0,0,1,1,1,1,0,1,0,0,single-source,wayback_bsnpr_games,https://web.archive.org/web/20020423093844id_/http://www.bsnpr.com:80/gamestatwide.asp?r=BS21042&grupo=,2026-09-08T15:42:19Z
BS21042,2001,2001-05-28,ISABELA,17,"Gonzalez, Tywan",2228,7,1,3,0,0,2,2,0,0,0,0,0,0,0,0,4,single-source,wayback_bsnpr_games,https://web.archive.org/web/20020423093844id_/http://www.bsnpr.com:80/gamestatwide.asp?r=BS21042&grupo=,2026-09-08T15:42:19Z
BS21042,2001,2001-05-28,ISABELA,2,"Rivera, Eddie",,27,2,6,0,1,0,0,1,1,2,2,2,0,2,5,4,single-source,wayback_bsnpr_games,https://web.archive.org/web/20020423093844id_/http://www.bsnpr.com:80/gamestatwide.asp?r=BS21042&grupo=,2026-09-08T15:42:19Z
BS21042,2001,2001-05-28,ISABELA,23,"Venzen, Gilberto",,33,1,6,2,5,0,0,0,5,5,1,0,0,3,1,8,single-source,wayback_bsnpr_games,https://web.archive.org/web/20020423093844id_/http://www.bsnpr.com:80/gamestatwide.asp?r=BS21042&grupo=,2026-09-08T15:42:19Z
BS21042,2001,2001-05-28,ISABELA,32,"Bravo, Arturo",,1,0,0,1,1,0,0,0,0,0,0,0,0,1,0,3,single-source,wayback_bsnpr_games,https://web.archive.org/web/20020423093844id_/http://www.bsnpr.com:80/gamestatwide.asp?r=BS21042&grupo=,2026-09-08T15:42:19Z
BS21042,2001,2001-05-28,ISABELA,42,"Figueroa, Anthony",,10,2,3,0,0,0,0,2,0,2,1,0,1,0,1,4,single-source,wayback_bsnpr_games,https://web.archive.org/web/20020423093844id_/http://www.bsnpr.com:80/gamestatwide.asp?r=BS21042&grupo=,2026-09-08T15:42:19Z
BS21042,2001,2001-05-28,ISABELA,45,"Leeks, Kenny",,33,6,10,1,1,0,1,3,2,5,0,0,1,2,1,15,single-source,wayback_bsnpr_games,https://web.archive.org/web/20020423093844id_/http://www.bsnpr.com:80/gamestatwide.asp?r=BS21042&grupo=,2026-09-08T15:42:19Z
BS21042,2001,2001-05-28,ISABELA,48,"Machado, Adrian",,28,2,3,1,3,1,2,3,6,9,4,0,2,2,1,8,single-source,wayback_bsnpr_games,https://web.archive.org/web/20020423093844id_/http://www.bsnpr.com:80/gamestatwide.asp?r=BS21042&grupo=,2026-09-08T15:42:19Z
BS21042,2001,2001-05-28,PONCE,1,"Morales, Ferdinand",,28,5,7,1,2,2,7,3,4,7,2,0,0,1,4,15,single-source,wayback_bsnpr_games,https://web.archive.org/web/20020423093844id_/http://www.bsnpr.com:80/gamestatwide.asp?r=BS21042&grupo=,2026-09-08T15:42:19Z
BS21042,2001,2001-05-28,PONCE,10,"Hatton, Bobby",,21,2,4,0,2,0,2,2,2,4,1,4,0,1,3,4,single-source,wayback_bsnpr_games,https://web.archive.org/web/20020423093844id_/http://www.bsnpr.com:80/gamestatwide.asp?r=BS21042&grupo=,2026-09-08T15:42:19Z
BS21042,2001,2001-05-28,PONCE,11,"Casiano, Eddie",498,28,3,7,1,6,1,2,0,0,0,2,1,0,0,1,10,single-source,wayback_bsnpr_games,https://web.archive.org/web/20020423093844id_/http://www.bsnpr.com:80/gamestatwide.asp?r=BS21042&grupo=,2026-09-08T15:42:19Z
BS21042,2001,2001-05-28,PONCE,12,"Ricardo, Osiris",,10,0,1,0,0,2,4,0,3,3,0,0,0,1,1,2,single-source,wayback_bsnpr_games,https://web.archive.org/web/20020423093844id_/http://www.bsnpr.com:80/gamestatwide.asp?r=BS21042&grupo=,2026-09-08T15:42:19Z
BS21042,2001,2001-05-28,PONCE,13,"Jourdan, Keenan",,29,8,11,0,1,0,0,3,5,8,0,1,0,2,1,16,single-source,wayback_bsnpr_games,https://web.archive.org/web/20020423093844id_/http://www.bsnpr.com:80/gamestatwide.asp?r=BS21042&grupo=,2026-09-08T15:42:19Z
BS21042,2001,2001-05-28,PONCE,15,"Colon, Gabriel",773,1,1,1,0,0,0,0,0,0,0,0,0,0,0,0,2,single-source,wayback_bsnpr_games,https://web.archive.org/web/20020423093844id_/http://www.bsnpr.com:80/gamestatwide.asp?r=BS21042&grupo=,2026-09-08T15:42:19Z
BS21042,2001,2001-05-28,PONCE,33,"Soto, Eugenio",651,11,2,5,1,2,0,0,4,1,5,0,0,0,2,0,7,single-source,wayback_bsnpr_games,https://web.archive.org/web/20020423093844id_/http://www.bsnpr.com:80/gamestatwide.asp?r=BS21042&grupo=,2026-09-08T15:42:19Z
BS21042,2001,2001-05-28,PONCE,4,"Colon, Javier",1011,18,3,5,0,0,1,2,0,1,1,5,2,0,1,0,7,single-source,wayback_bsnpr_games,https://web.archive.org/web/20020423093844id_/http://www.bsnpr.com:80/gamestatwide.asp?r=BS21042&grupo=,2026-09-08T15:42:19Z
BS21042,2001,2001-05-28,PONCE,5,"Agosto, Jose",,18,0,2,2,7,2,3,1,3,4,2,1,0,1,0,8,single-source,wayback_bsnpr_games,https://web.archive.org/web/20020423093844id_/http://www.bsnpr.com:80/gamestatwide.asp?r=BS21042&grupo=,2026-09-08T15:42:19Z
BS21042,2001,2001-05-28,PONCE,6,"Lockhart, Ian",914,30,7,7,1,1,0,0,3,11,14,2,2,0,2,3,17,single-source,wayback_bsnpr_games,https://web.archive.org/web/20020423093844id_/http://www.bsnpr.com:80/gamestatwide.asp?r=BS21042&grupo=,2026-09-08T15:42:19Z
BS21042,2001,2001-05-28,PONCE,7,"Orta, Raul",1946,2,0,0,0,0,0,0,0,0,0,0,1,0,0,1,0,single-source,wayback_bsnpr_games,https://web.archive.org/web/20020423093844id_/http://www.bsnpr.com:80/gamestatwide.asp?r=BS21042&grupo=,2026-09-08T15:42:19Z
BS21042,2001,2001-05-28,PONCE,8,"Ramirez, Shawn",,4,0,2,0,1,0,0,0,0,0,0,0,0,0,0,0,single-source,wayback_bsnpr_games,https://web.archive.org/web/20020423093844id_/http://www.bsnpr.com:80/gamestatwide.asp?r=BS21042&grupo=,2026-09-08T15:42:19Z
BS21043,2001,2001-05-28,MAYAGUEZ,10,"Guibert, Andres",,32,5,9,0,1,2,2,2,9,11,0,2,1,3,1,12,single-source,wayback_bsnpr_games,https://web.archive.org/web/20011223153051id_/http://www.bsnpr.com:80/gamestatwide.asp?r=BS21043&GRUPO=PO99&SERIE=4,2026-09-08T15:40:30Z
BS21043,2001,2001-05-28,MAYAGUEZ,10,"Guibert, Andres",,32,5,9,0,1,2,2,2,9,11,0,2,1,3,1,12,single-source,wayback_bsnpr_games,https://web.archive.org/web/20011224145023id_/http://www.bsnpr.com:80/gamestatwide.asp?r=BS21043&grupo=,2026-09-08T15:41:10Z
BS21043,2001,2001-05-28,MAYAGUEZ,12,"Vega, Orlando",1759,31,3,8,0,4,5,6,0,1,1,6,1,0,1,4,11,single-source,wayback_bsnpr_games,https://web.archive.org/web/20011223153051id_/http://www.bsnpr.com:80/gamestatwide.asp?r=BS21043&GRUPO=PO99&SERIE=4,2026-09-08T15:40:30Z
BS21043,2001,2001-05-28,MAYAGUEZ,12,"Vega, Orlando",1759,31,3,8,0,4,5,6,0,1,1,6,1,0,1,4,11,single-source,wayback_bsnpr_games,https://web.archive.org/web/20011224145023id_/http://www.bsnpr.com:80/gamestatwide.asp?r=BS21043&grupo=,2026-09-08T15:41:10Z
BS21043,2001,2001-05-28,MAYAGUEZ,13,"Brown, Tyler",,11,1,2,0,2,0,0,0,0,0,0,1,0,1,1,2,single-source,wayback_bsnpr_games,https://web.archive.org/web/20011223153051id_/http://www.bsnpr.com:80/gamestatwide.asp?r=BS21043&GRUPO=PO99&SERIE=4,2026-09-08T15:40:30Z
BS21043,2001,2001-05-28,MAYAGUEZ,13,"Brown, Tyler",,11,1,2,0,2,0,0,0,0,0,0,1,0,1,1,2,single-source,wayback_bsnpr_games,https://web.archive.org/web/20011224145023id_/http://www.bsnpr.com:80/gamestatwide.asp?r=BS21043&grupo=,2026-09-08T15:41:10Z
BS21043,2001,2001-05-28,MAYAGUEZ,14,"Boon, Joseph",,29,11,18,0,0,9,11,2,6,8,0,1,1,3,2,31,single-source,wayback_bsnpr_games,https://web.archive.org/web/20011223153051id_/http://www.bsnpr.com:80/gamestatwide.asp?r=BS21043&GRUPO=PO99&SERIE=4,2026-09-08T15:40:30Z
BS21043,2001,2001-05-28,MAYAGUEZ,14,"Boon, Joseph",,29,11,18,0,0,9,11,2,6,8,0,1,1,3,2,31,single-source,wayback_bsnpr_games,https://web.archive.org/web/20011224145023id_/http://www.bsnpr.com:80/gamestatwide.asp?r=BS21043&grupo=,2026-09-08T15:41:10Z
BS21043,2001,2001-05-28,MAYAGUEZ,15,"Ortiz, Ramon",1924,1,0,0,0,0,0,0,0,0,0,0,0,0,0,0,0,single-source,wayback_bsnpr_games,https://web.archive.org/web/20011223153051id_/http://www.bsnpr.com:80/gamestatwide.asp?r=BS21043&GRUPO=PO99&SERIE=4,2026-09-08T15:40:30Z
BS21043,2001,2001-05-28,MAYAGUEZ,15,"Ortiz, Ramon",1924,1,0,0,0,0,0,0,0,0,0,0,0,0,0,0,0,single-source,wayback_bsnpr_games,https://web.archive.org/web/20011224145023id_/http://www.bsnpr.com:80/gamestatwide.asp?r=BS21043&grupo=,2026-09-08T15:41:10Z
BS21043,2001,2001-05-28,MAYAGUEZ,17,"Martinez, Freddie",,7,0,1,0,1,0,0,0,0,0,0,0,0,0,1,0,single-source,wayback_bsnpr_games,https://web.archive.org/web/20011223153051id_/http://www.bsnpr.com:80/gamestatwide.asp?r=BS21043&GRUPO=PO99&SERIE=4,2026-09-08T15:40:30Z
BS21043,2001,2001-05-28,MAYAGUEZ,17,"Martinez, Freddie",,7,0,1,0,1,0,0,0,0,0,0,0,0,0,1,0,single-source,wayback_bsnpr_games,https://web.archive.org/web/20011224145023id_/http://www.bsnpr.com:80/gamestatwide.asp?r=BS21043&grupo=,2026-09-08T15:41:10Z
BS21043,2001,2001-05-28,MAYAGUEZ,18,"Vazquez, De Juan",,13,1,1,0,0,0,0,0,0,0,1,0,0,1,3,2,single-source,wayback_bsnpr_games,https://web.archive.org/web/20011223153051id_/http://www.bsnpr.com:80/gamestatwide.asp?r=BS21043&GRUPO=PO99&SERIE=4,2026-09-08T15:40:30Z
BS21043,2001,2001-05-28,MAYAGUEZ,18,"Vazquez, De Juan",,13,1,1,0,0,0,0,0,0,0,1,0,0,1,3,2,single-source,wayback_bsnpr_games,https://web.archive.org/web/20011224145023id_/http://www.bsnpr.com:80/gamestatwide.asp?r=BS21043&grupo=,2026-09-08T15:41:10Z
BS21043,2001,2001-05-28,MAYAGUEZ,19,"Latson, T.l.",,20,2,2,0,0,1,3,2,2,4,0,0,1,4,0,5,single-source,wayback_bsnpr_games,https://web.archive.org/web/20011223153051id_/http://www.bsnpr.com:80/gamestatwide.asp?r=BS21043&GRUPO=PO99&SERIE=4,2026-09-08T15:40:30Z
BS21043,2001,2001-05-28,MAYAGUEZ,19,"Latson, T.l.",,20,2,2,0,0,1,3,2,2,4,0,0,1,4,0,5,single-source,wayback_bsnpr_games,https://web.archive.org/web/20011224145023id_/http://www.bsnpr.com:80/gamestatwide.asp?r=BS21043&grupo=,2026-09-08T15:41:10Z
BS21043,2001,2001-05-28,MAYAGUEZ,6,"Garcia, Elmir",,29,2,3,1,3,0,0,0,1,1,1,0,0,2,1,7,single-source,wayback_bsnpr_games,https://web.archive.org/web/20011223153051id_/http://www.bsnpr.com:80/gamestatwide.asp?r=BS21043&GRUPO=PO99&SERIE=4,2026-09-08T15:40:30Z
BS21043,2001,2001-05-28,MAYAGUEZ,6,"Garcia, Elmir",,29,2,3,1,3,0,0,0,1,1,1,0,0,2,1,7,single-source,wayback_bsnpr_games,https://web.archive.org/web/20011224145023id_/http://www.bsnpr.com:80/gamestatwide.asp?r=BS21043&grupo=,2026-09-08T15:41:10Z
BS21043,2001,2001-05-28,MAYAGUEZ,9,"Carter, James",,27,3,8,2,3,0,0,0,3,3,1,0,0,2,1,12,single-source,wayback_bsnpr_games,https://web.archive.org/web/20011223153051id_/http://www.bsnpr.com:80/gamestatwide.asp?r=BS21043&GRUPO=PO99&SERIE=4,2026-09-08T15:40:30Z
BS21043,2001,2001-05-28,MAYAGUEZ,9,"Carter, James",,27,3,8,2,3,0,0,0,3,3,1,0,0,2,1,12,single-source,wayback_bsnpr_games,https://web.archive.org/web/20011224145023id_/http://www.bsnpr.com:80/gamestatwide.asp?r=BS21043&grupo=,2026-09-08T15:41:10Z
BS21043,2001,2001-05-28,SAN GERMAN,1,"Jackson, Leroy",1442,40,8,11,0,0,4,6,4,6,10,6,1,0,2,5,20,single-source,wayback_bsnpr_games,https://web.archive.org/web/20011223153051id_/http://www.bsnpr.com:80/gamestatwide.asp?r=BS21043&GRUPO=PO99&SERIE=4,2026-09-08T15:40:30Z
BS21043,2001,2001-05-28,SAN GERMAN,1,"Jackson, Leroy",1442,40,8,11,0,0,4,6,4,6,10,6,1,0,2,5,20,single-source,wayback_bsnpr_games,https://web.archive.org/web/20011224145023id_/http://www.bsnpr.com:80/gamestatwide.asp?r=BS21043&grupo=,2026-09-08T15:41:10Z
BS21043,2001,2001-05-28,SAN GERMAN,13,"Fajardo, Shariff",,27,4,9,0,1,1,4,3,3,6,0,0,1,4,3,9,single-source,wayback_bsnpr_games,https://web.archive.org/web/20011223153051id_/http://www.bsnpr.com:80/gamestatwide.asp?r=BS21043&GRUPO=PO99&SERIE=4,2026-09-08T15:40:30Z
BS21043,2001,2001-05-28,SAN GERMAN,13,"Fajardo, Shariff",,27,4,9,0,1,1,4,3,3,6,0,0,1,4,3,9,single-source,wayback_bsnpr_games,https://web.archive.org/web/20011224145023id_/http://www.bsnpr.com:80/gamestatwide.asp?r=BS21043&grupo=,2026-09-08T15:41:10Z
BS21043,2001,2001-05-28,SAN GERMAN,17,"Dalmau, Christian",382,40,5,9,2,8,2,2,0,9,9,6,1,0,2,3,18,single-source,wayback_bsnpr_games,https://web.archive.org/web/20011223153051id_/http://www.bsnpr.com:80/gamestatwide.asp?r=BS21043&GRUPO=PO99&SERIE=4,2026-09-08T15:40:30Z
BS21043,2001,2001-05-28,SAN GERMAN,17,"Dalmau, Christian",382,40,5,9,2,8,2,2,0,9,9,6,1,0,2,3,18,single-source,wayback_bsnpr_games,https://web.archive.org/web/20011224145023id_/http://www.bsnpr.com:80/gamestatwide.asp?r=BS21043&grupo=,2026-09-08T15:41:10Z
BS21043,2001,2001-05-28,SAN GERMAN,18,"Barea, Irving",,1,0,0,0,0,0,0,0,0,0,0,0,0,1,0,0,single-source,wayback_bsnpr_games,https://web.archive.org/web/20011223153051id_/http://www.bsnpr.com:80/gamestatwide.asp?r=BS21043&GRUPO=PO99&SERIE=4,2026-09-08T15:40:30Z
BS21043,2001,2001-05-28,SAN GERMAN,18,"Barea, Irving",,1,0,0,0,0,0,0,0,0,0,0,0,0,1,0,0,single-source,wayback_bsnpr_games,https://web.archive.org/web/20011224145023id_/http://www.bsnpr.com:80/gamestatwide.asp?r=BS21043&grupo=,2026-09-08T15:41:10Z
BS21043,2001,2001-05-28,SAN GERMAN,20,"Ayuso, Larry",574,40,7,10,4,7,2,3,0,4,4,1,2,0,2,2,28,single-source,wayback_bsnpr_games,https://web.archive.org/web/20011223153051id_/http://www.bsnpr.com:80/gamestatwide.asp?r=BS21043&GRUPO=PO99&SERIE=4,2026-09-08T15:40:30Z
BS21043,2001,2001-05-28,SAN GERMAN,20,"Ayuso, Larry",574,40,7,10,4,7,2,3,0,4,4,1,2,0,2,2,28,single-source,wayback_bsnpr_games,https://web.archive.org/web/20011224145023id_/http://www.bsnpr.com:80/gamestatwide.asp?r=BS21043&grupo=,2026-09-08T15:41:10Z
BS21043,2001,2001-05-28,SAN GERMAN,21,"Febres, Arnaldo",,16,2,4,0,0,0,0,2,3,5,0,0,0,2,1,4,single-source,wayback_bsnpr_games,https://web.archive.org/web/20011223153051id_/http://www.bsnpr.com:80/gamestatwide.asp?r=BS21043&GRUPO=PO99&SERIE=4,2026-09-08T15:40:30Z
BS21043,2001,2001-05-28,SAN GERMAN,21,"Febres, Arnaldo",,16,2,4,0,0,0,0,2,3,5,0,0,0,2,1,4,single-source,wayback_bsnpr_games,https://web.archive.org/web/20011224145023id_/http://www.bsnpr.com:80/gamestatwide.asp?r=BS21043&grupo=,2026-09-08T15:41:10Z
BS21043,2001,2001-05-28,SAN GERMAN,32,"Mackey, Malcolm",1545,36,9,16,0,0,2,2,1,5,6,1,0,2,3,1,20,single-source,wayback_bsnpr_games,https://web.archive.org/web/20011223153051id_/http://www.bsnpr.com:80/gamestatwide.asp?r=BS21043&GRUPO=PO99&SERIE=4,2026-09-08T15:40:30Z
BS21043,2001,2001-05-28,SAN GERMAN,32,"Mackey, Malcolm",1545,36,9,16,0,0,2,2,1,5,6,1,0,2,3,1,20,single-source,wayback_bsnpr_games,https://web.archive.org/web/20011224145023id_/http://www.bsnpr.com:80/gamestatwide.asp?r=BS21043&grupo=,2026-09-08T15:41:10Z
BS21044,2001,2001-05-28,AIBONITO,10,"Melendez, Orlando",,27,5,6,0,2,0,0,3,2,5,1,0,0,2,3,10,single-source,wayback_bsnpr_games,https://web.archive.org/web/20011226224930id_/http://www.bsnpr.com:80/gamestatwide.asp?r=BS21044,2026-09-08T15:41:54Z
BS21044,2001,2001-05-28,AIBONITO,16,"Murray, Joe",1286,36,5,8,0,0,4,6,3,3,6,2,2,1,2,1,14,single-source,wayback_bsnpr_games,https://web.archive.org/web/20011226224930id_/http://www.bsnpr.com:80/gamestatwide.asp?r=BS21044,2026-09-08T15:41:54Z
BS21044,2001,2001-05-28,AIBONITO,17,"Wilson, Monti",,40,8,14,2,4,4,4,3,17,20,1,1,1,1,4,26,single-source,wayback_bsnpr_games,https://web.archive.org/web/20011226224930id_/http://www.bsnpr.com:80/gamestatwide.asp?r=BS21044,2026-09-08T15:41:54Z
BS21044,2001,2001-05-28,AIBONITO,18,"Rivera, Axel",,4,0,0,0,0,0,0,0,1,1,0,0,0,1,0,0,single-source,wayback_bsnpr_games,https://web.archive.org/web/20011226224930id_/http://www.bsnpr.com:80/gamestatwide.asp?r=BS21044,2026-09-08T15:41:54Z
BS21044,2001,2001-05-28,AIBONITO,4,"Lopez, Michael",143,40,8,14,0,1,5,12,3,3,6,11,3,0,2,4,21,single-source,wayback_bsnpr_games,https://web.archive.org/web/20011226224930id_/http://www.bsnpr.com:80/gamestatwide.asp?r=BS21044,2026-09-08T15:41:54Z
BS21044,2001,2001-05-28,AIBONITO,8,"Hiraldo, Christopher",,16,1,2,2,5,1,2,1,0,1,0,0,1,1,0,9,single-source,wayback_bsnpr_games,https://web.archive.org/web/20011226224930id_/http://www.bsnpr.com:80/gamestatwide.asp?r=BS21044,2026-09-08T15:41:54Z
BS21044,2001,2001-05-28,AIBONITO,9,"Rodriguez, Erick",624,37,1,7,1,5,0,0,0,1,1,3,0,1,2,0,5,single-source,wayback_bsnpr_games,https://web.archive.org/web/20011226224930id_/http://www.bsnpr.com:80/gamestatwide.asp?r=BS21044,2026-09-08T15:41:54Z
BS21044,2001,2001-05-28,GUAYAMA,10,"Rivera, Carlos",338,26,0,6,2,5,0,0,0,0,0,2,0,0,1,1,6,single-source,wayback_bsnpr_games,https://web.archive.org/web/20011226224930id_/http://www.bsnpr.com:80/gamestatwide.asp?r=BS21044,2026-09-08T15:41:54Z
BS21044,2001,2001-05-28,GUAYAMA,11,"Carter, James",,40,5,13,1,5,2,2,1,0,1,7,1,0,3,1,15,single-source,wayback_bsnpr_games,https://web.archive.org/web/20011226224930id_/http://www.bsnpr.com:80/gamestatwide.asp?r=BS21044,2026-09-08T15:41:54Z
BS21044,2001,2001-05-28,GUAYAMA,13,"Benson, Mark",,20,1,3,2,5,0,0,0,3,3,3,0,0,2,4,8,single-source,wayback_bsnpr_games,https://web.archive.org/web/20011226224930id_/http://www.bsnpr.com:80/gamestatwide.asp?r=BS21044,2026-09-08T15:41:54Z
BS21044,2001,2001-05-28,GUAYAMA,15,"Rivera, David",,31,7,9,0,0,1,3,5,5,10,1,4,2,4,1,15,single-source,wayback_bsnpr_games,https://web.archive.org/web/20011226224930id_/http://www.bsnpr.com:80/gamestatwide.asp?r=BS21044,2026-09-08T15:41:54Z
BS21044,2001,2001-05-28,GUAYAMA,18,"Rosario, Jose",,26,5,11,0,0,2,4,2,3,5,0,0,0,2,2,12,single-source,wayback_bsnpr_games,https://web.archive.org/web/20011226224930id_/http://www.bsnpr.com:80/gamestatwide.asp?r=BS21044,2026-09-08T15:41:54Z
BS21044,2001,2001-05-28,GUAYAMA,33,"Paniagua, Angel",,31,3,9,3,4,0,0,4,6,10,2,1,1,4,1,15,single-source,wayback_bsnpr_games,https://web.archive.org/web/20011226224930id_/http://www.bsnpr.com:80/gamestatwide.asp?r=BS21044,2026-09-08T15:41:54Z
BS21044,2001,2001-05-28,GUAYAMA,55,"Wiley, Joe",,26,4,7,0,0,0,0,3,4,7,1,0,0,3,4,8,single-source,wayback_bsnpr_games,https://web.archive.org/web/20011226224930id_/http://www.bsnpr.com:80/gamestatwide.asp?r=BS21044,2026-09-08T15:41:54Z
BS21045,2001,2001-05-29,PONCE,1,"Morales, Ferdinand",,17,2,5,0,1,0,0,1,1,2,2,1,0,2,1,4,single-source,wayback_bsnpr_games,https://web.archive.org/web/20020423094208id_/http://www.bsnpr.com:80/gamestatwide.asp?r=BS21045&grupo=,2026-09-08T15:42:24Z
BS21045,2001,2001-05-29,PONCE,10,"Hatton, Bobby",,20,5,5,0,3,1,1,1,2,3,0,1,0,2,5,11,single-source,wayback_bsnpr_games,https://web.archive.org/web/20020423094208id_/http://www.bsnpr.com:80/gamestatwide.asp?r=BS21045&grupo=,2026-09-08T15:42:24Z
BS21045,2001,2001-05-29,PONCE,11,"Casiano, Eddie",498,27,1,2,1,8,0,0,1,0,1,1,0,0,5,4,5,single-source,wayback_bsnpr_games,https://web.archive.org/web/20020423094208id_/http://www.bsnpr.com:80/gamestatwide.asp?r=BS21045&grupo=,2026-09-08T15:42:24Z
BS21045,2001,2001-05-29,PONCE,12,"Ricardo, Osiris",,23,1,2,0,0,2,4,5,3,8,2,0,1,2,2,4,single-source,wayback_bsnpr_games,https://web.archive.org/web/20020423094208id_/http://www.bsnpr.com:80/gamestatwide.asp?r=BS21045&grupo=,2026-09-08T15:42:24Z
BS21045,2001,2001-05-29,PONCE,13,"Jourdon, Keenan",,17,3,6,0,1,1,1,1,2,3,2,1,0,2,1,7,single-source,wayback_bsnpr_games,https://web.archive.org/web/20020423094208id_/http://www.bsnpr.com:80/gamestatwide.asp?r=BS21045&grupo=,2026-09-08T15:42:24Z
BS21045,2001,2001-05-29,PONCE,15,"Colon, Gabriel",773,4,1,2,0,0,0,0,0,0,0,0,0,0,1,0,2,single-source,wayback_bsnpr_games,https://web.archive.org/web/20020423094208id_/http://www.bsnpr.com:80/gamestatwide.asp?r=BS21045&grupo=,2026-09-08T15:42:24Z
BS21045,2001,2001-05-29,PONCE,16,"Martinez, Rafael",,13,1,1,0,3,2,2,0,4,4,0,1,0,3,0,4,single-source,wayback_bsnpr_games,https://web.archive.org/web/20020423094208id_/http://www.bsnpr.com:80/gamestatwide.asp?r=BS21045&grupo=,2026-09-08T15:42:24Z
BS21045,2001,2001-05-29,PONCE,25,"Montalvo, Jesus",,4,0,1,0,0,0,0,0,1,1,1,0,0,0,2,0,single-source,wayback_bsnpr_games,https://web.archive.org/web/20020423094208id_/http://www.bsnpr.com:80/gamestatwide.asp?r=BS21045&grupo=,2026-09-08T15:42:24Z
BS21045,2001,2001-05-29,PONCE,33,"Soto, Eugenio",651,2,0,0,0,0,0,0,0,2,2,0,0,0,1,0,0,single-source,wayback_bsnpr_games,https://web.archive.org/web/20020423094208id_/http://www.bsnpr.com:80/gamestatwide.asp?r=BS21045&grupo=,2026-09-08T15:42:24Z
BS21045,2001,2001-05-29,PONCE,4,"Colon, Javier",1011,27,7,11,1,4,8,10,3,1,4,0,2,1,4,4,25,single-source,wayback_bsnpr_games,https://web.archive.org/web/20020423094208id_/http://www.bsnpr.com:80/gamestatwide.asp?r=BS21045&grupo=,2026-09-08T15:42:24Z
BS21045,2001,2001-05-29,PONCE,5,"Agosto, Jose",,11,0,2,0,3,1,2,1,2,3,0,1,0,0,2,1,single-source,wayback_bsnpr_games,https://web.archive.org/web/20020423094208id_/http://www.bsnpr.com:80/gamestatwide.asp?r=BS21045&grupo=,2026-09-08T15:42:24Z
BS21045,2001,2001-05-29,PONCE,55,"Elisma, Eddie",499,27,1,6,0,2,2,2,6,5,11,1,0,1,3,3,4,single-source,wayback_bsnpr_games,https://web.archive.org/web/20020423094208id_/http://www.bsnpr.com:80/gamestatwide.asp?r=BS21045&grupo=,2026-09-08T15:42:24Z
BS21045,2001,2001-05-29,PONCE,7,"Orta, Raul",1946,4,0,0,1,2,0,0,0,0,0,0,0,0,0,0,3,single-source,wayback_bsnpr_games,https://web.archive.org/web/20020423094208id_/http://www.bsnpr.com:80/gamestatwide.asp?r=BS21045&grupo=,2026-09-08T15:42:24Z
BS21045,2001,2001-05-29,PONCE,8,"Ramirez, Sean",,4,1,4,0,1,0,1,0,1,1,0,0,0,1,0,2,single-source,wayback_bsnpr_games,https://web.archive.org/web/20020423094208id_/http://www.bsnpr.com:80/gamestatwide.asp?r=BS21045&grupo=,2026-09-08T15:42:24Z
BS21045,2001,2001-05-29,SANTURCE,1,"Lopez, Jose",,4,0,1,0,0,0,0,0,3,3,0,0,0,1,2,0,single-source,wayback_bsnpr_games,https://web.archive.org/web/20020423094208id_/http://www.bsnpr.com:80/gamestatwide.asp?r=BS21045&grupo=,2026-09-08T15:42:24Z
BS21045,2001,2001-05-29,SANTURCE,10,"Arroyo, Alberto",,6,0,0,4,4,0,0,0,0,0,0,0,0,0,0,12,single-source,wayback_bsnpr_games,https://web.archive.org/web/20020423094208id_/http://www.bsnpr.com:80/gamestatwide.asp?r=BS21045&grupo=,2026-09-08T15:42:24Z
BS21045,2001,2001-05-29,SANTURCE,11,"Benson, Mark",,17,0,0,0,3,2,2,0,3,3,0,1,0,4,3,2,single-source,wayback_bsnpr_games,https://web.archive.org/web/20020423094208id_/http://www.bsnpr.com:80/gamestatwide.asp?r=BS21045&grupo=,2026-09-08T15:42:24Z
BS21045,2001,2001-05-29,SANTURCE,12,"Hourruitiner, Rolando",2090,29,2,4,1,2,3,4,1,2,3,2,1,0,4,4,10,single-source,wayback_bsnpr_games,https://web.archive.org/web/20020423094208id_/http://www.bsnpr.com:80/gamestatwide.asp?r=BS21045&grupo=,2026-09-08T15:42:24Z
BS21045,2001,2001-05-29,SANTURCE,22,"Villegas, Samuel",2145,3,0,1,0,0,1,2,0,0,0,0,0,0,0,0,1,single-source,wayback_bsnpr_games,https://web.archive.org/web/20020423094208id_/http://www.bsnpr.com:80/gamestatwide.asp?r=BS21045&grupo=,2026-09-08T15:42:24Z
BS21045,2001,2001-05-29,SANTURCE,33,"Falcon, Alex",,28,6,11,0,0,8,13,3,2,5,0,1,1,2,0,20,single-source,wayback_bsnpr_games,https://web.archive.org/web/20020423094208id_/http://www.bsnpr.com:80/gamestatwide.asp?r=BS21045&grupo=,2026-09-08T15:42:24Z
BS21045,2001,2001-05-29,SANTURCE,34,"Villafane, Luis",1502,3,1,1,0,0,0,0,0,2,2,0,0,0,0,0,2,single-source,wayback_bsnpr_games,https://web.archive.org/web/20020423094208id_/http://www.bsnpr.com:80/gamestatwide.asp?r=BS21045&grupo=,2026-09-08T15:42:24Z
BS21045,2001,2001-05-29,SANTURCE,4,"Ortiz, Jose",,24,4,8,0,0,1,2,1,6,7,8,2,2,1,1,9,single-source,wayback_bsnpr_games,https://web.archive.org/web/20020423094208id_/http://www.bsnpr.com:80/gamestatwide.asp?r=BS21045&grupo=,2026-09-08T15:42:24Z
BS21045,2001,2001-05-29,SANTURCE,42,"Aubry, Jeff",,2,0,0,0,0,0,0,0,0,0,0,0,0,2,1,0,single-source,wayback_bsnpr_games,https://web.archive.org/web/20020423094208id_/http://www.bsnpr.com:80/gamestatwide.asp?r=BS21045&grupo=,2026-09-08T15:42:24Z
BS21045,2001,2001-05-29,SANTURCE,44,"Bocachica, Armando",,5,1,1,0,2,0,0,1,4,5,1,2,0,1,0,2,single-source,wayback_bsnpr_games,https://web.archive.org/web/20020423094208id_/http://www.bsnpr.com:80/gamestatwide.asp?r=BS21045&grupo=,2026-09-08T15:42:24Z
BS21045,2001,2001-05-29,SANTURCE,5,"Santiago, Orlando",,33,2,2,2,5,1,1,0,3,3,6,1,1,2,2,11,single-source,wayback_bsnpr_games,https://web.archive.org/web/20020423094208id_/http://www.bsnpr.com:80/gamestatwide.asp?r=BS21045&grupo=,2026-09-08T15:42:24Z
BS21045,2001,2001-05-29,SANTURCE,55,"Butler, Mario",,7,0,2,0,0,0,0,2,1,3,0,0,0,1,0,0,single-source,wayback_bsnpr_games,https://web.archive.org/web/20020423094208id_/http://www.bsnpr.com:80/gamestatwide.asp?r=BS21045&grupo=,2026-09-08T15:42:24Z
BS21045,2001,2001-05-29,SANTURCE,8,"Trimingham, Leon",,21,9,11,0,1,3,5,0,1,1,2,1,0,3,4,21,single-source,wayback_bsnpr_games,https://web.archive.org/web/20020423094208id_/http://www.bsnpr.com:80/gamestatwide.asp?r=BS21045&grupo=,2026-09-08T15:42:24Z
BS21045,2001,2001-05-29,SANTURCE,9,"Santiago, Edwin",,18,3,7,1,2,3,5,0,2,2,3,1,0,2,0,12,single-source,wayback_bsnpr_games,https://web.archive.org/web/20020423094208id_/http://www.bsnpr.com:80/gamestatwide.asp?r=BS21045&grupo=,2026-09-08T15:42:24Z
BS21046,2001,2001-05-29,AIBONITO,10,"Melendez, Orlando",,31,4,7,0,1,2,2,0,3,3,1,0,3,2,2,10,single-source,wayback_bsnpr_games,https://web.archive.org/web/20011120224804id_/http://www.bsnpr.com:80/gamestatwide.asp?r=BS21046,2026-09-08T15:39:00Z
BS21046,2001,2001-05-29,AIBONITO,11,"Venzen, Gilberto",,10,2,2,0,1,0,0,1,1,2,0,0,0,4,2,4,single-source,wayback_bsnpr_games,https://web.archive.org/web/20011120224804id_/http://www.bsnpr.com:80/gamestatwide.asp?r=BS21046,2026-09-08T15:39:00Z
BS21046,2001,2001-05-29,AIBONITO,12,"Hernandez, Jason",,27,5,8,1,4,1,1,0,0,0,0,1,0,0,1,14,single-source,wayback_bsnpr_games,https://web.archive.org/web/20011120224804id_/http://www.bsnpr.com:80/gamestatwide.asp?r=BS21046,2026-09-08T15:39:00Z
BS21046,2001,2001-05-29,AIBONITO,13,"Rosario, Rich",,19,4,8,1,2,2,2,0,3,3,1,2,1,3,1,13,single-source,wayback_bsnpr_games,https://web.archive.org/web/20011120224804id_/http://www.bsnpr.com:80/gamestatwide.asp?r=BS21046,2026-09-08T15:39:00Z
BS21046,2001,2001-05-29,AIBONITO,16,"Murray, Joe",1286,39,6,10,0,0,2,3,4,1,5,0,0,0,4,4,14,single-source,wayback_bsnpr_games,https://web.archive.org/web/20011120224804id_/http://www.bsnpr.com:80/gamestatwide.asp?r=BS21046,2026-09-08T15:39:00Z
BS21046,2001,2001-05-29,AIBONITO,17,"Wilson, Monty",,39,4,12,7,8,7,7,2,6,8,3,2,2,2,4,36,single-source,wayback_bsnpr_games,https://web.archive.org/web/20011120224804id_/http://www.bsnpr.com:80/gamestatwide.asp?r=BS21046,2026-09-08T15:39:00Z
BS21046,2001,2001-05-29,AIBONITO,8,"Hiraldo, Christopher",,7,0,0,0,0,0,0,0,0,0,0,0,0,0,0,0,single-source,wayback_bsnpr_games,https://web.archive.org/web/20011120224804id_/http://www.bsnpr.com:80/gamestatwide.asp?r=BS21046,2026-09-08T15:39:00Z
BS21046,2001,2001-05-29,AIBONITO,9,"Rodriguez, Eric",,28,3,5,2,5,0,0,1,3,4,0,2,0,1,1,12,single-source,wayback_bsnpr_games,https://web.archive.org/web/20011120224804id_/http://www.bsnpr.com:80/gamestatwide.asp?r=BS21046,2026-09-08T15:39:00Z
BS21046,2001,2001-05-29,CAGUAS,11,"Nieves, Josue",,17,3,3,6,8,2,2,0,1,1,0,0,0,0,2,26,single-source,wayback_bsnpr_games,https://web.archive.org/web/20011120224804id_/http://www.bsnpr.com:80/gamestatwide.asp?r=BS21046,2026-09-08T15:39:00Z
BS21046,2001,2001-05-29,CAGUAS,14,"Allende, Luis",,29,4,6,1,3,2,2,0,1,1,1,0,0,3,3,13,single-source,wayback_bsnpr_games,https://web.archive.org/web/20011120224804id_/http://www.bsnpr.com:80/gamestatwide.asp?r=BS21046,2026-09-08T15:39:00Z
BS21046,2001,2001-05-29,CAGUAS,15,"Rivas, Luis",,11,4,4,0,0,1,2,3,1,4,0,2,0,3,3,9,single-source,wayback_bsnpr_games,https://web.archive.org/web/20011120224804id_/http://www.bsnpr.com:80/gamestatwide.asp?r=BS21046,2026-09-08T15:39:00Z
BS21046,2001,2001-05-29,CAGUAS,21,"Rodriguez, Andres",87,2,0,0,0,0,0,0,0,0,0,1,0,0,0,0,0,single-source,wayback_bsnpr_games,https://web.archive.org/web/20011120224804id_/http://www.bsnpr.com:80/gamestatwide.asp?r=BS21046,2026-09-08T15:39:00Z
BS21046,2001,2001-05-29,CAGUAS,25,"Carrasquillo, Antonio",,31,3,6,1,3,0,0,5,5,10,0,1,3,3,1,9,single-source,wayback_bsnpr_games,https://web.archive.org/web/20011120224804id_/http://www.bsnpr.com:80/gamestatwide.asp?r=BS21046,2026-09-08T15:39:00Z
BS21046,2001,2001-05-29,CAGUAS,4,"Colon, Angel",,33,11,11,0,3,0,2,1,3,4,3,2,0,1,3,22,single-source,wayback_bsnpr_games,https://web.archive.org/web/20011120224804id_/http://www.bsnpr.com:80/gamestatwide.asp?r=BS21046,2026-09-08T15:39:00Z
BS21046,2001,2001-05-29,CAGUAS,7,"Davila, Michael",,37,1,3,1,2,0,0,1,3,4,10,1,0,1,2,5,single-source,wayback_bsnpr_games,https://web.archive.org/web/20011120224804id_/http://www.bsnpr.com:80/gamestatwide.asp?r=BS21046,2026-09-08T15:39:00Z
BS21046,2001,2001-05-29,CAGUAS,8,"Farmer, Tony",,40,3,12,1,4,13,14,3,5,8,1,2,0,2,3,22,single-source,wayback_bsnpr_games,https://web.archive.org/web/20011120224804id_/http://www.bsnpr.com:80/gamestatwide.asp?r=BS21046,2026-09-08T15:39:00Z
BS21047,2001,2001-05-31,CAROLINA,10,"Vizcarrondo, Cesar",355,10,1,1,0,0,0,0,2,0,2,0,0,0,3,3,2,single-source,wayback_bsnpr_games,https://web.archive.org/web/20011226230043id_/http://www.bsnpr.com:80/gamestatwide.asp?r=BS21047,2026-09-08T15:41:55Z
BS21047,2001,2001-05-31,CAROLINA,11,"Aska, Joseph",,4,1,2,0,0,0,0,2,0,2,0,0,0,4,2,2,single-source,wayback_bsnpr_games,https://web.archive.org/web/20011226230043id_/http://www.bsnpr.com:80/gamestatwide.asp?r=BS21047,2026-09-08T15:41:55Z
BS21047,2001,2001-05-31,CAROLINA,12,"Alomar, Carlos",,3,1,1,0,0,0,0,0,1,1,0,0,0,1,0,2,single-source,wayback_bsnpr_games,https://web.archive.org/web/20011226230043id_/http://www.bsnpr.com:80/gamestatwide.asp?r=BS21047,2026-09-08T15:41:55Z
BS21047,2001,2001-05-31,CAROLINA,17,"White, Joe",,30,5,11,0,1,0,0,1,0,1,2,1,3,2,2,10,single-source,wayback_bsnpr_games,https://web.archive.org/web/20011226230043id_/http://www.bsnpr.com:80/gamestatwide.asp?r=BS21047,2026-09-08T15:41:55Z
BS21047,2001,2001-05-31,CAROLINA,18,"Simpson, Carl",,40,8,15,0,1,5,6,4,9,13,5,2,0,3,5,21,single-source,wayback_bsnpr_games,https://web.archive.org/web/20011226230043id_/http://www.bsnpr.com:80/gamestatwide.asp?r=BS21047,2026-09-08T15:41:55Z
BS21047,2001,2001-05-31,CAROLINA,4,"Pizarro, Israel",,1,0,0,0,0,0,0,0,0,0,0,0,0,1,0,0,single-source,wayback_bsnpr_games,https://web.archive.org/web/20011226230043id_/http://www.bsnpr.com:80/gamestatwide.asp?r=BS21047,2026-09-08T15:41:55Z
BS21047,2001,2001-05-31,CAROLINA,5,"Nieves, Ivan",954,36,3,8,4,8,2,2,2,1,3,1,3,0,3,2,20,single-source,wayback_bsnpr_games,https://web.archive.org/web/20011226230043id_/http://www.bsnpr.com:80/gamestatwide.asp?r=BS21047,2026-09-08T15:41:55Z
BS21047,2001,2001-05-31,CAROLINA,6,"Borgos, Rich",,40,8,12,1,4,3,4,2,3,5,7,3,0,2,1,22,single-source,wayback_bsnpr_games,https://web.archive.org/web/20011226230043id_/http://www.bsnpr.com:80/gamestatwide.asp?r=BS21047,2026-09-08T15:41:55Z
BS21047,2001,2001-05-31,CAROLINA,7,"Romer, Angel",,9,0,1,0,0,0,0,0,0,0,0,0,0,2,0,0,single-source,wayback_bsnpr_games,https://web.archive.org/web/20011226230043id_/http://www.bsnpr.com:80/gamestatwide.asp?r=BS21047,2026-09-08T15:41:55Z
BS21047,2001,2001-05-31,CAROLINA,8,"Rodriguez, Armando",,27,1,2,1,3,0,0,0,1,1,3,0,0,3,2,5,single-source,wayback_bsnpr_games,https://web.archive.org/web/20011226230043id_/http://www.bsnpr.com:80/gamestatwide.asp?r=BS21047,2026-09-08T15:41:55Z
BS21047,2001,2001-05-31,MAYAGUEZ,10,"Meyers, Guillermo",,10,2,3,0,0,0,2,3,3,6,1,0,0,1,1,4,single-source,wayback_bsnpr_games,https://web.archive.org/web/20011226230043id_/http://www.bsnpr.com:80/gamestatwide.asp?r=BS21047,2026-09-08T15:41:55Z
BS21047,2001,2001-05-31,MAYAGUEZ,12,"Vega, Orlando",1759,33,7,11,0,4,2,2,2,4,6,6,0,1,2,2,16,single-source,wayback_bsnpr_games,https://web.archive.org/web/20011226230043id_/http://www.bsnpr.com:80/gamestatwide.asp?r=BS21047,2026-09-08T15:41:55Z
BS21047,2001,2001-05-31,MAYAGUEZ,13,"Brown, Tyler",,16,0,0,0,1,0,0,0,0,0,1,0,0,0,0,0,single-source,wayback_bsnpr_games,https://web.archive.org/web/20011226230043id_/http://www.bsnpr.com:80/gamestatwide.asp?r=BS21047,2026-09-08T15:41:55Z
BS21047,2001,2001-05-31,MAYAGUEZ,14,"Nolan, Norman",,40,13,23,0,1,10,12,4,4,8,1,0,1,4,2,36,single-source,wayback_bsnpr_games,https://web.archive.org/web/20011226230043id_/http://www.bsnpr.com:80/gamestatwide.asp?r=BS21047,2026-09-08T15:41:55Z
BS21047,2001,2001-05-31,MAYAGUEZ,17,"Martinez, Freddie",,7,0,0,1,2,0,0,0,0,0,1,0,0,0,0,3,single-source,wayback_bsnpr_games,https://web.archive.org/web/20011226230043id_/http://www.bsnpr.com:80/gamestatwide.asp?r=BS21047,2026-09-08T15:41:55Z
BS21047,2001,2001-05-31,MAYAGUEZ,18,"Vazquez, De Juan",,9,0,0,0,0,0,0,0,0,0,0,1,0,0,2,0,single-source,wayback_bsnpr_games,https://web.archive.org/web/20011226230043id_/http://www.bsnpr.com:80/gamestatwide.asp?r=BS21047,2026-09-08T15:41:55Z
BS21047,2001,2001-05-31,MAYAGUEZ,19,"Latson, Therome",,19,0,1,0,0,0,0,2,3,5,0,0,0,3,2,0,single-source,wayback_bsnpr_games,https://web.archive.org/web/20011226230043id_/http://www.bsnpr.com:80/gamestatwide.asp?r=BS21047,2026-09-08T15:41:55Z
BS21047,2001,2001-05-31,MAYAGUEZ,4,"De Jesus, Angel",,28,3,4,1,6,1,2,2,2,4,2,2,0,3,3,10,single-source,wayback_bsnpr_games,https://web.archive.org/web/20011226230043id_/http://www.bsnpr.com:80/gamestatwide.asp?r=BS21047,2026-09-08T15:41:55Z
BS21047,2001,2001-05-31,MAYAGUEZ,6,"Garcia, Elmyr",,27,3,3,3,5,4,4,0,0,0,2,3,0,2,2,19,single-source,wayback_bsnpr_games,https://web.archive.org/web/20011226230043id_/http://www.bsnpr.com:80/gamestatwide.asp?r=BS21047,2026-09-08T15:41:55Z
BS21047,2001,2001-05-31,MAYAGUEZ,9,"Davila, Felix",,11,2,2,0,0,2,4,2,3,5,0,0,0,2,1,6,single-source,wayback_bsnpr_games,https://web.archive.org/web/20011226230043id_/http://www.bsnpr.com:80/gamestatwide.asp?r=BS21047,2026-09-08T15:41:55Z
BS21048,2001,2001-05-30,ARECIBO,11,"Chiaramello, O",,12,0,2,0,0,0,0,3,0,3,0,1,1,1,0,0,single-source,wayback_bsnpr_games,https://web.archive.org/web/20011223155113id_/http://www.bsnpr.com:80/gamestatwide.asp?r=BS21048&GRUPO=PO99&SERIE=4,2026-09-08T15:40:34Z
BS21048,2001,2001-05-30,ARECIBO,11,"Chiaramello, O",,12,0,2,0,0,0,0,3,0,3,0,1,1,1,0,0,single-source,wayback_bsnpr_games,https://web.archive.org/web/20011224144744id_/http://www.bsnpr.com:80/gamestatwide.asp?r=BS21048&grupo=,2026-09-08T15:41:06Z
BS21048,2001,2001-05-30,ARECIBO,14,"Rivera, J",1127,39,6,15,0,0,0,0,3,13,16,0,1,2,3,2,12,single-source,wayback_bsnpr_games,https://web.archive.org/web/20011223155113id_/http://www.bsnpr.com:80/gamestatwide.asp?r=BS21048&GRUPO=PO99&SERIE=4,2026-09-08T15:40:34Z
BS21048,2001,2001-05-30,ARECIBO,14,"Rivera, J",1127,39,6,15,0,0,0,0,3,13,16,0,1,2,3,2,12,single-source,wayback_bsnpr_games,https://web.archive.org/web/20011224144744id_/http://www.bsnpr.com:80/gamestatwide.asp?r=BS21048&grupo=,2026-09-08T15:41:06Z
BS21048,2001,2001-05-30,ARECIBO,21,"Rivera, O",,11,1,3,0,1,2,2,0,1,1,1,0,1,1,2,4,single-source,wayback_bsnpr_games,https://web.archive.org/web/20011223155113id_/http://www.bsnpr.com:80/gamestatwide.asp?r=BS21048&GRUPO=PO99&SERIE=4,2026-09-08T15:40:34Z
BS21048,2001,2001-05-30,ARECIBO,21,"Rivera, O",,11,1,3,0,1,2,2,0,1,1,1,0,1,1,2,4,single-source,wayback_bsnpr_games,https://web.archive.org/web/20011224144744id_/http://www.bsnpr.com:80/gamestatwide.asp?r=BS21048&grupo=,2026-09-08T15:41:06Z
BS21048,2001,2001-05-30,ARECIBO,25,"Hill, K",,30,6,16,0,2,0,0,6,8,14,8,1,0,4,0,12,single-source,wayback_bsnpr_games,https://web.archive.org/web/20011223155113id_/http://www.bsnpr.com:80/gamestatwide.asp?r=BS21048&GRUPO=PO99&SERIE=4,2026-09-08T15:40:34Z
BS21048,2001,2001-05-30,ARECIBO,25,"Hill, K",,30,6,16,0,2,0,0,6,8,14,8,1,0,4,0,12,single-source,wayback_bsnpr_games,https://web.archive.org/web/20011224144744id_/http://www.bsnpr.com:80/gamestatwide.asp?r=BS21048&grupo=,2026-09-08T15:41:06Z
BS21048,2001,2001-05-30,ARECIBO,31,"Cruz, R",1895,30,3,6,1,1,0,0,1,5,6,4,1,0,5,4,9,single-source,wayback_bsnpr_games,https://web.archive.org/web/20011223155113id_/http://www.bsnpr.com:80/gamestatwide.asp?r=BS21048&GRUPO=PO99&SERIE=4,2026-09-08T15:40:34Z
BS21048,2001,2001-05-30,ARECIBO,31,"Cruz, R",1895,30,3,6,1,1,0,0,1,5,6,4,1,0,5,4,9,single-source,wayback_bsnpr_games,https://web.archive.org/web/20011224144744id_/http://www.bsnpr.com:80/gamestatwide.asp?r=BS21048&grupo=,2026-09-08T15:41:06Z
BS21048,2001,2001-05-30,ARECIBO,33,"Rolon, J",,37,8,14,0,1,0,0,4,1,5,3,2,0,4,5,16,single-source,wayback_bsnpr_games,https://web.archive.org/web/20011223155113id_/http://www.bsnpr.com:80/gamestatwide.asp?r=BS21048&GRUPO=PO99&SERIE=4,2026-09-08T15:40:34Z
BS21048,2001,2001-05-30,ARECIBO,33,"Rolon, J",,37,8,14,0,1,0,0,4,1,5,3,2,0,4,5,16,single-source,wayback_bsnpr_games,https://web.archive.org/web/20011224144744id_/http://www.bsnpr.com:80/gamestatwide.asp?r=BS21048&grupo=,2026-09-08T15:41:06Z
BS21048,2001,2001-05-30,ARECIBO,8,"Figueroa, A",135,35,6,12,2,9,5,5,0,1,1,1,2,0,2,2,23,single-source,wayback_bsnpr_games,https://web.archive.org/web/20011223155113id_/http://www.bsnpr.com:80/gamestatwide.asp?r=BS21048&GRUPO=PO99&SERIE=4,2026-09-08T15:40:34Z
BS21048,2001,2001-05-30,ARECIBO,8,"Figueroa, A",135,35,6,12,2,9,5,5,0,1,1,1,2,0,2,2,23,single-source,wayback_bsnpr_games,https://web.archive.org/web/20011224144744id_/http://www.bsnpr.com:80/gamestatwide.asp?r=BS21048&grupo=,2026-09-08T15:41:06Z
BS21048,2001,2001-05-30,ARECIBO,9,"Garcia, Y",,6,0,1,0,1,0,0,0,0,0,0,0,0,0,0,0,single-source,wayback_bsnpr_games,https://web.archive.org/web/20011223155113id_/http://www.bsnpr.com:80/gamestatwide.asp?r=BS21048&GRUPO=PO99&SERIE=4,2026-09-08T15:40:34Z
BS21048,2001,2001-05-30,ARECIBO,9,"Garcia, Y",,6,0,1,0,1,0,0,0,0,0,0,0,0,0,0,0,single-source,wayback_bsnpr_games,https://web.archive.org/web/20011224144744id_/http://www.bsnpr.com:80/gamestatwide.asp?r=BS21048&grupo=,2026-09-08T15:41:06Z
BS21048,2001,2001-05-30,SAN GERMAN,1,"Jackson, L",,38,5,7,0,0,2,2,2,7,9,4,1,0,2,2,12,single-source,wayback_bsnpr_games,https://web.archive.org/web/20011223155113id_/http://www.bsnpr.com:80/gamestatwide.asp?r=BS21048&GRUPO=PO99&SERIE=4,2026-09-08T15:40:34Z
BS21048,2001,2001-05-30,SAN GERMAN,1,"Jackson, L",,38,5,7,0,0,2,2,2,7,9,4,1,0,2,2,12,single-source,wayback_bsnpr_games,https://web.archive.org/web/20011224144744id_/http://www.bsnpr.com:80/gamestatwide.asp?r=BS21048&grupo=,2026-09-08T15:41:06Z
BS21048,2001,2001-05-30,SAN GERMAN,12,"Caanen, W",,4,1,1,0,0,0,0,0,0,0,2,0,0,1,1,2,single-source,wayback_bsnpr_games,https://web.archive.org/web/20011223155113id_/http://www.bsnpr.com:80/gamestatwide.asp?r=BS21048&GRUPO=PO99&SERIE=4,2026-09-08T15:40:34Z
BS21048,2001,2001-05-30,SAN GERMAN,12,"Caanen, W",,4,1,1,0,0,0,0,0,0,0,2,0,0,1,1,2,single-source,wayback_bsnpr_games,https://web.archive.org/web/20011224144744id_/http://www.bsnpr.com:80/gamestatwide.asp?r=BS21048&grupo=,2026-09-08T15:41:06Z
BS21048,2001,2001-05-30,SAN GERMAN,13,"Fajardo, S",,30,4,11,0,0,5,10,0,7,7,1,0,0,3,0,13,single-source,wayback_bsnpr_games,https://web.archive.org/web/20011223155113id_/http://www.bsnpr.com:80/gamestatwide.asp?r=BS21048&GRUPO=PO99&SERIE=4,2026-09-08T15:40:34Z
BS21048,2001,2001-05-30,SAN GERMAN,13,"Fajardo, S",,30,4,11,0,0,5,10,0,7,7,1,0,0,3,0,13,single-source,wayback_bsnpr_games,https://web.archive.org/web/20011224144744id_/http://www.bsnpr.com:80/gamestatwide.asp?r=BS21048&grupo=,2026-09-08T15:41:06Z
BS21048,2001,2001-05-30,SAN GERMAN,17,"Dalmau, C",382,36,4,10,3,6,7,9,2,4,6,4,1,1,4,3,24,single-source,wayback_bsnpr_games,https://web.archive.org/web/20011223155113id_/http://www.bsnpr.com:80/gamestatwide.asp?r=BS21048&GRUPO=PO99&SERIE=4,2026-09-08T15:40:34Z
BS21048,2001,2001-05-30,SAN GERMAN,17,"Dalmau, C",382,36,4,10,3,6,7,9,2,4,6,4,1,1,4,3,24,single-source,wayback_bsnpr_games,https://web.archive.org/web/20011224144744id_/http://www.bsnpr.com:80/gamestatwide.asp?r=BS21048&grupo=,2026-09-08T15:41:06Z
BS21048,2001,2001-05-30,SAN GERMAN,20,"Ayuso, L",,24,1,5,3,5,5,6,2,1,3,0,2,0,0,3,16,single-source,wayback_bsnpr_games,https://web.archive.org/web/20011223155113id_/http://www.bsnpr.com:80/gamestatwide.asp?r=BS21048&GRUPO=PO99&SERIE=4,2026-09-08T15:40:34Z
BS21048,2001,2001-05-30,SAN GERMAN,20,"Ayuso, L",,24,1,5,3,5,5,6,2,1,3,0,2,0,0,3,16,single-source,wayback_bsnpr_games,https://web.archive.org/web/20011224144744id_/http://www.bsnpr.com:80/gamestatwide.asp?r=BS21048&grupo=,2026-09-08T15:41:06Z
BS21048,2001,2001-05-30,SAN GERMAN,21,"Febres, A",,5,2,2,0,0,0,0,0,2,2,0,0,0,0,0,4,single-source,wayback_bsnpr_games,https://web.archive.org/web/20011223155113id_/http://www.bsnpr.com:80/gamestatwide.asp?r=BS21048&GRUPO=PO99&SERIE=4,2026-09-08T15:40:34Z
BS21048,2001,2001-05-30,SAN GERMAN,21,"Febres, A",,5,2,2,0,0,0,0,0,2,2,0,0,0,0,0,4,single-source,wayback_bsnpr_games,https://web.archive.org/web/20011224144744id_/http://www.bsnpr.com:80/gamestatwide.asp?r=BS21048&grupo=,2026-09-08T15:41:06Z
BS21048,2001,2001-05-30,SAN GERMAN,26,"Zayas, G",,7,1,2,0,0,0,0,2,1,3,0,0,0,0,0,2,single-source,wayback_bsnpr_games,https://web.archive.org/web/20011223155113id_/http://www.bsnpr.com:80/gamestatwide.asp?r=BS21048&GRUPO=PO99&SERIE=4,2026-09-08T15:40:34Z
BS21048,2001,2001-05-30,SAN GERMAN,26,"Zayas, G",,7,1,2,0,0,0,0,2,1,3,0,0,0,0,0,2,single-source,wayback_bsnpr_games,https://web.archive.org/web/20011224144744id_/http://www.bsnpr.com:80/gamestatwide.asp?r=BS21048&grupo=,2026-09-08T15:41:06Z
BS21048,2001,2001-05-30,SAN GERMAN,32,"Lazor, R",2037,38,2,9,0,0,0,0,2,4,6,0,2,0,3,3,4,single-source,wayback_bsnpr_games,https://web.archive.org/web/20011223155113id_/http://www.bsnpr.com:80/gamestatwide.asp?r=BS21048&GRUPO=PO99&SERIE=4,2026-09-08T15:40:34Z
BS21048,2001,2001-05-30,SAN GERMAN,32,"Lazor, R",2037,38,2,9,0,0,0,0,2,4,6,0,2,0,3,3,4,single-source,wayback_bsnpr_games,https://web.archive.org/web/20011224144744id_/http://www.bsnpr.com:80/gamestatwide.asp?r=BS21048&grupo=,2026-09-08T15:41:06Z
BS21048,2001,2001-05-30,SAN GERMAN,7,"Quinonez, N",,18,0,0,2,7,0,0,0,1,1,0,2,0,2,0,6,single-source,wayback_bsnpr_games,https://web.archive.org/web/20011223155113id_/http://www.bsnpr.com:80/gamestatwide.asp?r=BS21048&GRUPO=PO99&SERIE=4,2026-09-08T15:40:34Z
BS21048,2001,2001-05-30,SAN GERMAN,7,"Quinonez, N",,18,0,0,2,7,0,0,0,1,1,0,2,0,2,0,6,single-source,wayback_bsnpr_games,https://web.archive.org/web/20011224144744id_/http://www.bsnpr.com:80/gamestatwide.asp?r=BS21048&grupo=,2026-09-08T15:41:06Z
BS21049,2001,2001-05-30,GUAYAMA,10,"Rivera, Carlos",338,37,4,8,1,5,1,2,1,1,2,3,1,0,4,1,12,single-source,wayback_bsnpr_games,https://web.archive.org/web/20011226221131id_/http://www.bsnpr.com:80/gamestatwide.asp?r=BS21049,2026-09-08T15:41:50Z
BS21049,2001,2001-05-30,GUAYAMA,11,"Carter, James",,40,5,11,4,6,2,3,1,2,3,3,1,0,1,3,24,single-source,wayback_bsnpr_games,https://web.archive.org/web/20011226221131id_/http://www.bsnpr.com:80/gamestatwide.asp?r=BS21049,2026-09-08T15:41:50Z
BS21049,2001,2001-05-30,GUAYAMA,13,"Benson, Mark",,19,1,3,0,0,3,4,2,1,3,2,0,0,2,1,5,single-source,wayback_bsnpr_games,https://web.archive.org/web/20011226221131id_/http://www.bsnpr.com:80/gamestatwide.asp?r=BS21049,2026-09-08T15:41:50Z
BS21049,2001,2001-05-30,GUAYAMA,15,"Rivera, David",,28,3,5,0,0,2,2,4,6,10,1,0,0,3,2,8,single-source,wayback_bsnpr_games,https://web.archive.org/web/20011226221131id_/http://www.bsnpr.com:80/gamestatwide.asp?r=BS21049,2026-09-08T15:41:50Z
BS21049,2001,2001-05-30,GUAYAMA,18,"Rosario, Jose",,34,5,10,0,0,2,4,2,3,5,1,0,0,0,4,12,single-source,wayback_bsnpr_games,https://web.archive.org/web/20011226221131id_/http://www.bsnpr.com:80/gamestatwide.asp?r=BS21049,2026-09-08T15:41:50Z
BS21049,2001,2001-05-30,GUAYAMA,4,"Bailey, Charles",,2,0,1,0,0,0,0,0,0,0,0,0,0,0,0,0,single-source,wayback_bsnpr_games,https://web.archive.org/web/20011226221131id_/http://www.bsnpr.com:80/gamestatwide.asp?r=BS21049,2026-09-08T15:41:50Z
BS21049,2001,2001-05-30,GUAYAMA,55,"Willey, Joe",,40,7,15,0,1,8,11,6,11,17,2,1,0,2,4,22,single-source,wayback_bsnpr_games,https://web.archive.org/web/20011226221131id_/http://www.bsnpr.com:80/gamestatwide.asp?r=BS21049,2026-09-08T15:41:50Z
BS21049,2001,2001-05-30,ISABELA,11,"Quinones, Joel",,34,9,16,3,7,2,2,1,5,6,2,3,0,4,1,29,single-source,wayback_bsnpr_games,https://web.archive.org/web/20011226221131id_/http://www.bsnpr.com:80/gamestatwide.asp?r=BS21049,2026-09-08T15:41:50Z
BS21049,2001,2001-05-30,ISABELA,12,"Lopez, Jose",,19,3,5,0,1,1,1,2,6,8,0,0,0,4,2,7,single-source,wayback_bsnpr_games,https://web.archive.org/web/20011226221131id_/http://www.bsnpr.com:80/gamestatwide.asp?r=BS21049,2026-09-08T15:41:50Z
BS21049,2001,2001-05-30,ISABELA,13,"Fernandez, Eric",,22,1,2,0,2,0,0,3,1,4,2,0,0,1,2,2,single-source,wayback_bsnpr_games,https://web.archive.org/web/20011226221131id_/http://www.bsnpr.com:80/gamestatwide.asp?r=BS21049,2026-09-08T15:41:50Z
BS21049,2001,2001-05-30,ISABELA,2,"Rivera, Eddie",,25,2,3,0,3,0,0,0,1,1,3,1,0,0,1,4,single-source,wayback_bsnpr_games,https://web.archive.org/web/20011226221131id_/http://www.bsnpr.com:80/gamestatwide.asp?r=BS21049,2026-09-08T15:41:50Z
BS21049,2001,2001-05-30,ISABELA,23,"Venzen, Gilberto",,16,1,3,0,2,0,0,0,0,0,0,0,2,2,0,2,single-source,wayback_bsnpr_games,https://web.archive.org/web/20011226221131id_/http://www.bsnpr.com:80/gamestatwide.asp?r=BS21049,2026-09-08T15:41:50Z
BS21049,2001,2001-05-30,ISABELA,42,"Figueroa, Anthony",,15,0,4,0,0,0,0,1,0,1,4,1,0,1,2,0,single-source,wayback_bsnpr_games,https://web.archive.org/web/20011226221131id_/http://www.bsnpr.com:80/gamestatwide.asp?r=BS21049,2026-09-08T15:41:50Z
BS21049,2001,2001-05-30,ISABELA,45,"Leeks, Kenny",,38,13,21,0,1,7,7,6,6,12,2,0,1,2,2,33,single-source,wayback_bsnpr_games,https://web.archive.org/web/20011226221131id_/http://www.bsnpr.com:80/gamestatwide.asp?r=BS21049,2026-09-08T15:41:50Z
BS21049,2001,2001-05-30,ISABELA,48,"Machado, Adrian",,23,0,0,2,5,0,0,0,3,3,2,0,2,5,1,6,single-source,wayback_bsnpr_games,https://web.archive.org/web/20011226221131id_/http://www.bsnpr.com:80/gamestatwide.asp?r=BS21049,2026-09-08T15:41:50Z
BS21049,2001,2001-05-30,ISABELA,8,"Colon, Edid",,8,1,1,0,0,0,0,0,0,0,0,0,0,1,0,2,single-source,wayback_bsnpr_games,https://web.archive.org/web/20011226221131id_/http://www.bsnpr.com:80/gamestatwide.asp?r=BS21049,2026-09-08T15:41:50Z
BS21051,2001,2001-05-31,BAYAMON,0,"Richards, Jaja",,25,5,6,0,0,1,1,1,5,6,1,1,3,3,1,11,single-source,wayback_bsnpr_games,https://web.archive.org/web/20010726162927id_/http://www.bsnpr.com:80/gamestatwide.asp?r=BS21051&grupo=,2026-09-08T15:35:49Z
BS21051,2001,2001-05-31,BAYAMON,10,"Cruz, Alvin",,2,0,0,1,1,0,0,0,1,1,0,0,0,1,2,3,single-source,wayback_bsnpr_games,https://web.archive.org/web/20010726162927id_/http://www.bsnpr.com:80/gamestatwide.asp?r=BS21051&grupo=,2026-09-08T15:35:49Z
BS21051,2001,2001-05-31,BAYAMON,12,"Padilla, Edgar",,20,1,2,1,2,2,2,0,5,5,6,2,1,1,5,7,single-source,wayback_bsnpr_games,https://web.archive.org/web/20010726162927id_/http://www.bsnpr.com:80/gamestatwide.asp?r=BS21051&grupo=,2026-09-08T15:35:49Z
BS21051,2001,2001-05-31,BAYAMON,13,"Leon, Edgar",,5,2,3,0,0,0,0,0,4,4,0,0,0,0,2,4,single-source,wayback_bsnpr_games,https://web.archive.org/web/20010726162927id_/http://www.bsnpr.com:80/gamestatwide.asp?r=BS21051&grupo=,2026-09-08T15:35:49Z
BS21051,2001,2001-05-31,BAYAMON,15,"Latimer, Antonio",193,22,6,8,1,4,7,10,5,1,6,5,1,1,3,3,22,single-source,wayback_bsnpr_games,https://web.archive.org/web/20010726162927id_/http://www.bsnpr.com:80/gamestatwide.asp?r=BS21051&grupo=,2026-09-08T15:35:49Z
BS21051,2001,2001-05-31,BAYAMON,17,"Mincy, Jerome",1032,21,3,4,1,3,4,6,2,4,6,3,0,0,2,0,13,single-source,wayback_bsnpr_games,https://web.archive.org/web/20010726162927id_/http://www.bsnpr.com:80/gamestatwide.asp?r=BS21051&grupo=,2026-09-08T15:35:49Z
BS21051,2001,2001-05-31,BAYAMON,20,"Rivera, Joshua",,5,0,0,0,0,0,0,0,0,0,0,0,0,1,1,0,single-source,wayback_bsnpr_games,https://web.archive.org/web/20010726162927id_/http://www.bsnpr.com:80/gamestatwide.asp?r=BS21051&grupo=,2026-09-08T15:35:49Z
BS21051,2001,2001-05-31,BAYAMON,32,"Santiago, Eddin",502,15,0,2,1,1,0,0,1,4,5,3,0,0,1,1,3,single-source,wayback_bsnpr_games,https://web.archive.org/web/20010726162927id_/http://www.bsnpr.com:80/gamestatwide.asp?r=BS21051&grupo=,2026-09-08T15:35:49Z
BS21051,2001,2001-05-31,BAYAMON,33,"Aponte, Emmanuel",,1,0,1,0,0,0,0,0,0,0,0,0,0,1,0,0,single-source,wayback_bsnpr_games,https://web.archive.org/web/20010726162927id_/http://www.bsnpr.com:80/gamestatwide.asp?r=BS21051&grupo=,2026-09-08T15:35:49Z
BS21051,2001,2001-05-31,BAYAMON,4,"Western, Franklyn",,28,9,16,0,0,4,4,5,4,9,2,1,0,1,2,22,single-source,wayback_bsnpr_games,https://web.archive.org/web/20010726162927id_/http://www.bsnpr.com:80/gamestatwide.asp?r=BS21051&grupo=,2026-09-08T15:35:49Z
BS21051,2001,2001-05-31,BAYAMON,44,"Rodriguez, Jose",,5,3,4,0,0,0,0,3,0,3,1,0,0,0,1,6,single-source,wayback_bsnpr_games,https://web.archive.org/web/20010726162927id_/http://www.bsnpr.com:80/gamestatwide.asp?r=BS21051&grupo=,2026-09-08T15:35:49Z
BS21051,2001,2001-05-31,BAYAMON,5,"Ortiz, Reyes",,15,1,2,0,2,0,0,1,1,2,0,0,0,1,1,2,single-source,wayback_bsnpr_games,https://web.archive.org/web/20010726162927id_/http://www.bsnpr.com:80/gamestatwide.asp?r=BS21051&grupo=,2026-09-08T15:35:49Z
BS21051,2001,2001-05-31,BAYAMON,6,"Travieso, Carmelo",,25,0,4,6,9,0,0,0,4,4,2,2,0,0,1,18,single-source,wayback_bsnpr_games,https://web.archive.org/web/20010726162927id_/http://www.bsnpr.com:80/gamestatwide.asp?r=BS21051&grupo=,2026-09-08T15:35:49Z
BS21051,2001,2001-05-31,BAYAMON,9,"Salgado, Gustavo",,11,2,5,0,0,0,0,0,4,4,1,0,0,3,1,4,single-source,wayback_bsnpr_games,https://web.archive.org/web/20010726162927id_/http://www.bsnpr.com:80/gamestatwide.asp?r=BS21051&grupo=,2026-09-08T15:35:49Z
BS21051,2001,2001-05-31,ISABELA,10,"Santos, Xionel",,5,0,1,1,2,0,0,0,0,0,0,2,0,0,0,3,single-source,wayback_bsnpr_games,https://web.archive.org/web/20010726162927id_/http://www.bsnpr.com:80/gamestatwide.asp?r=BS21051&grupo=,2026-09-08T15:35:49Z
BS21051,2001,2001-05-31,ISABELA,11,"Quinonez, Joel",,29,2,8,3,5,2,3,0,5,5,2,2,1,1,5,15,single-source,wayback_bsnpr_games,https://web.archive.org/web/20010726162927id_/http://www.bsnpr.com:80/gamestatwide.asp?r=BS21051&grupo=,2026-09-08T15:35:49Z
BS21051,2001,2001-05-31,ISABELA,12,"Lopez, Jose",,10,0,3,0,0,2,4,2,1,3,0,0,0,4,1,2,single-source,wayback_bsnpr_games,https://web.archive.org/web/20010726162927id_/http://www.bsnpr.com:80/gamestatwide.asp?r=BS21051&grupo=,2026-09-08T15:35:49Z
BS21051,2001,2001-05-31,ISABELA,13,"Fernandez, Erik",,26,4,7,3,5,0,0,0,0,0,0,1,0,1,0,17,single-source,wayback_bsnpr_games,https://web.archive.org/web/20010726162927id_/http://www.bsnpr.com:80/gamestatwide.asp?r=BS21051&grupo=,2026-09-08T15:35:49Z
BS21051,2001,2001-05-31,ISABELA,15,"Crispin, Nathael",,2,0,1,0,0,3,4,1,0,1,0,0,0,0,0,3,single-source,wayback_bsnpr_games,https://web.archive.org/web/20010726162927id_/http://www.bsnpr.com:80/gamestatwide.asp?r=BS21051&grupo=,2026-09-08T15:35:49Z
BS21051,2001,2001-05-31,ISABELA,17,"Gonzalez, Tywan",2228,2,1,2,0,1,0,0,1,0,1,0,0,0,0,0,2,single-source,wayback_bsnpr_games,https://web.archive.org/web/20010726162927id_/http://www.bsnpr.com:80/gamestatwide.asp?r=BS21051&grupo=,2026-09-08T15:35:49Z
BS21051,2001,2001-05-31,ISABELA,2,"Rivera, Eddie",,8,0,3,1,1,0,0,1,0,1,2,0,0,1,2,3,single-source,wayback_bsnpr_games,https://web.archive.org/web/20010726162927id_/http://www.bsnpr.com:80/gamestatwide.asp?r=BS21051&grupo=,2026-09-08T15:35:49Z
BS21051,2001,2001-05-31,ISABELA,23,"Venzen, Gilberto",,15,0,3,0,2,0,0,0,2,2,1,0,0,3,0,0,single-source,wayback_bsnpr_games,https://web.archive.org/web/20010726162927id_/http://www.bsnpr.com:80/gamestatwide.asp?r=BS21051&grupo=,2026-09-08T15:35:49Z
BS21051,2001,2001-05-31,ISABELA,31,"Guzman, Leonel",1440,7,1,2,0,0,0,0,0,1,1,0,0,0,1,1,2,single-source,wayback_bsnpr_games,https://web.archive.org/web/20010726162927id_/http://www.bsnpr.com:80/gamestatwide.asp?r=BS21051&grupo=,2026-09-08T15:35:49Z
BS21051,2001,2001-05-31,ISABELA,32,"Bravo, Arturo",,7,0,0,0,0,0,0,0,2,2,0,3,0,0,0,0,single-source,wayback_bsnpr_games,https://web.archive.org/web/20010726162927id_/http://www.bsnpr.com:80/gamestatwide.asp?r=BS21051&grupo=,2026-09-08T15:35:49Z
BS21051,2001,2001-05-31,ISABELA,34,"Acevedo, Jose",,4,1,3,0,0,0,0,1,0,1,0,0,0,0,0,2,single-source,wayback_bsnpr_games,https://web.archive.org/web/20010726162927id_/http://www.bsnpr.com:80/gamestatwide.asp?r=BS21051&grupo=,2026-09-08T15:35:49Z
BS21051,2001,2001-05-31,ISABELA,42,"Figueroa, Anthony",,16,0,0,0,0,0,0,1,1,2,5,0,0,1,1,0,single-source,wayback_bsnpr_games,https://web.archive.org/web/20010726162927id_/http://www.bsnpr.com:80/gamestatwide.asp?r=BS21051&grupo=,2026-09-08T15:35:49Z
BS21051,2001,2001-05-31,ISABELA,45,"Leeks, Keen",,33,6,12,0,1,4,7,5,3,8,1,0,0,3,4,16,single-source,wayback_bsnpr_games,https://web.archive.org/web/20010726162927id_/http://www.bsnpr.com:80/gamestatwide.asp?r=BS21051&grupo=,2026-09-08T15:35:49Z
BS21051,2001,2001-05-31,ISABELA,48,"Machado, Adrian",,19,0,3,4,10,0,2,3,3,6,1,1,0,4,1,12,single-source,wayback_bsnpr_games,https://web.archive.org/web/20010726162927id_/http://www.bsnpr.com:80/gamestatwide.asp?r=BS21051&grupo=,2026-09-08T15:35:49Z
BS21051,2001,2001-05-31,ISABELA,8,"Colon, Eddie",,17,5,6,1,3,1,2,1,0,1,0,2,0,3,1,14,single-source,wayback_bsnpr_games,https://web.archive.org/web/20010726162927id_/http://www.bsnpr.com:80/gamestatwide.asp?r=BS21051&grupo=,2026-09-08T15:35:49Z
BS21052,2001,2001-05-31,COAMO,10,"Rivera, Filiberto",704,19,0,2,0,1,4,4,0,2,2,3,0,0,3,1,4,single-source,wayback_bsnpr_games,https://web.archive.org/web/20011224145000id_/http://www.bsnpr.com:80/gamestatwide.asp?r=BS21052&grupo=,2026-09-08T15:41:08Z
BS21052,2001,2001-05-31,COAMO,11,"Rivera, Luis",,4,0,0,1,1,0,0,0,0,0,0,0,0,2,0,3,single-source,wayback_bsnpr_games,https://web.archive.org/web/20011224145000id_/http://www.bsnpr.com:80/gamestatwide.asp?r=BS21052&grupo=,2026-09-08T15:41:08Z
BS21052,2001,2001-05-31,COAMO,12,"Miller, Ira",,19,3,5,0,3,9,13,3,3,6,4,1,0,1,2,15,single-source,wayback_bsnpr_games,https://web.archive.org/web/20011224145000id_/http://www.bsnpr.com:80/gamestatwide.asp?r=BS21052&grupo=,2026-09-08T15:41:08Z
BS21052,2001,2001-05-31,COAMO,13,"Leon, Francisco",,6,0,0,0,0,0,0,0,1,1,0,0,0,2,1,0,single-source,wayback_bsnpr_games,https://web.archive.org/web/20011224145000id_/http://www.bsnpr.com:80/gamestatwide.asp?r=BS21052&grupo=,2026-09-08T15:41:08Z
BS21052,2001,2001-05-31,COAMO,16,"Rivera, Angel",,11,1,2,0,0,0,0,0,0,0,1,0,1,3,0,2,single-source,wayback_bsnpr_games,https://web.archive.org/web/20011224145000id_/http://www.bsnpr.com:80/gamestatwide.asp?r=BS21052&grupo=,2026-09-08T15:41:08Z
BS21052,2001,2001-05-31,COAMO,19,"Barnes, Lamount",,37,10,19,0,0,4,6,3,8,11,1,2,2,5,1,24,single-source,wayback_bsnpr_games,https://web.archive.org/web/20011224145000id_/http://www.bsnpr.com:80/gamestatwide.asp?r=BS21052&grupo=,2026-09-08T15:41:08Z
BS21052,2001,2001-05-31,COAMO,20,"Novas, Rafael",,14,2,2,0,0,0,0,0,0,0,0,0,0,3,1,4,single-source,wayback_bsnpr_games,https://web.archive.org/web/20011224145000id_/http://www.bsnpr.com:80/gamestatwide.asp?r=BS21052&grupo=,2026-09-08T15:41:08Z
BS21052,2001,2001-05-31,COAMO,4,"Caraballo, Jose",,8,0,1,1,2,0,0,0,1,1,0,1,0,0,0,3,single-source,wayback_bsnpr_games,https://web.archive.org/web/20011224145000id_/http://www.bsnpr.com:80/gamestatwide.asp?r=BS21052&grupo=,2026-09-08T15:41:08Z
BS21052,2001,2001-05-31,COAMO,5,"Rios, Roberto",2076,9,0,1,0,1,0,0,0,0,0,0,1,0,0,0,0,single-source,wayback_bsnpr_games,https://web.archive.org/web/20011224145000id_/http://www.bsnpr.com:80/gamestatwide.asp?r=BS21052&grupo=,2026-09-08T15:41:08Z
BS21052,2001,2001-05-31,COAMO,6,"Escalera, Carlos",284,40,7,12,4,9,6,8,4,4,8,2,2,1,4,2,32,single-source,wayback_bsnpr_games,https://web.archive.org/web/20011224145000id_/http://www.bsnpr.com:80/gamestatwide.asp?r=BS21052&grupo=,2026-09-08T15:41:08Z
BS21052,2001,2001-05-31,COAMO,9,"Payano, Carlos",,33,3,9,2,5,2,3,1,5,6,3,0,0,3,2,14,single-source,wayback_bsnpr_games,https://web.archive.org/web/20011224145000id_/http://www.bsnpr.com:80/gamestatwide.asp?r=BS21052&grupo=,2026-09-08T15:41:08Z
BS21052,2001,2001-05-31,SAN GERMAN,12,"Caanen, Wilhemus",,15,1,2,0,1,0,0,2,0,2,0,1,0,3,2,2,single-source,wayback_bsnpr_games,https://web.archive.org/web/20011224145000id_/http://www.bsnpr.com:80/gamestatwide.asp?r=BS21052&grupo=,2026-09-08T15:41:08Z
BS21052,2001,2001-05-31,SAN GERMAN,13,"Fajardo, Sharrif",,39,9,18,0,2,6,8,6,6,12,0,0,0,4,2,24,single-source,wayback_bsnpr_games,https://web.archive.org/web/20011224145000id_/http://www.bsnpr.com:80/gamestatwide.asp?r=BS21052&grupo=,2026-09-08T15:41:08Z
BS21052,2001,2001-05-31,SAN GERMAN,17,"Dalmau, Christian",382,33,5,9,0,4,3,4,2,2,4,10,1,0,5,4,13,single-source,wayback_bsnpr_games,https://web.archive.org/web/20011224145000id_/http://www.bsnpr.com:80/gamestatwide.asp?r=BS21052&grupo=,2026-09-08T15:41:08Z
BS21052,2001,2001-05-31,SAN GERMAN,20,"Ayuso, Larry",574,40,2,7,4,8,3,4,2,2,4,0,1,0,4,4,19,single-source,wayback_bsnpr_games,https://web.archive.org/web/20011224145000id_/http://www.bsnpr.com:80/gamestatwide.asp?r=BS21052&grupo=,2026-09-08T15:41:08Z
BS21052,2001,2001-05-31,SAN GERMAN,21,"Febres, Arnaldo",,10,2,2,0,0,0,0,1,0,1,0,0,0,1,0,4,single-source,wayback_bsnpr_games,https://web.archive.org/web/20011224145000id_/http://www.bsnpr.com:80/gamestatwide.asp?r=BS21052&grupo=,2026-09-08T15:41:08Z
BS21052,2001,2001-05-31,SAN GERMAN,32,"Lazor, Robert",2037,40,7,11,0,2,10,13,3,15,18,2,1,0,4,1,24,single-source,wayback_bsnpr_games,https://web.archive.org/web/20011224145000id_/http://www.bsnpr.com:80/gamestatwide.asp?r=BS21052&grupo=,2026-09-08T15:41:08Z
BS21052,2001,2001-05-31,SAN GERMAN,7,"Quinonez, Nelson",,23,1,1,4,9,5,5,0,2,2,2,0,0,3,0,19,single-source,wayback_bsnpr_games,https://web.archive.org/web/20011224145000id_/http://www.bsnpr.com:80/gamestatwide.asp?r=BS21052&grupo=,2026-09-08T15:41:08Z
BS21053,2001,2001-05-31,CAGUAS,11,"Nieves, Josue",,13,2,4,3,5,0,0,1,1,2,2,2,0,2,0,13,single-source,wayback_bsnpr_games,https://web.archive.org/web/20011226224109id_/http://www.bsnpr.com:80/gamestatwide.asp?r=BS21053,2026-09-08T15:41:52Z
BS21053,2001,2001-05-31,CAGUAS,14,"Allende, Luis",,30,4,9,2,7,4,4,3,6,9,2,1,2,2,2,18,single-source,wayback_bsnpr_games,https://web.archive.org/web/20011226224109id_/http://www.bsnpr.com:80/gamestatwide.asp?r=BS21053,2026-09-08T15:41:52Z
BS21053,2001,2001-05-31,CAGUAS,15,"Rivas, Luis",,34,15,21,2,5,6,8,5,6,11,1,1,1,3,2,42,single-source,wayback_bsnpr_games,https://web.archive.org/web/20011226224109id_/http://www.bsnpr.com:80/gamestatwide.asp?r=BS21053,2026-09-08T15:41:52Z
BS21053,2001,2001-05-31,CAGUAS,20,"Rivera, Hecmar",,4,0,1,0,0,0,0,0,1,1,1,0,0,0,0,0,single-source,wayback_bsnpr_games,https://web.archive.org/web/20011226224109id_/http://www.bsnpr.com:80/gamestatwide.asp?r=BS21053,2026-09-08T15:41:52Z
BS21053,2001,2001-05-31,CAGUAS,21,"Rodriguez, Andres",87,10,0,0,1,2,0,0,0,2,2,0,0,0,4,1,3,single-source,wayback_bsnpr_games,https://web.archive.org/web/20011226224109id_/http://www.bsnpr.com:80/gamestatwide.asp?r=BS21053,2026-09-08T15:41:52Z
BS21053,2001,2001-05-31,CAGUAS,25,"Carrasquillo, Antonio",,15,2,3,0,0,3,4,4,3,7,2,1,0,1,2,7,single-source,wayback_bsnpr_games,https://web.archive.org/web/20011226224109id_/http://www.bsnpr.com:80/gamestatwide.asp?r=BS21053,2026-09-08T15:41:52Z
BS21053,2001,2001-05-31,CAGUAS,32,"Sanchez, Ricardo",,2,0,0,1,1,0,0,0,0,0,0,0,1,1,0,3,single-source,wayback_bsnpr_games,https://web.archive.org/web/20011226224109id_/http://www.bsnpr.com:80/gamestatwide.asp?r=BS21053,2026-09-08T15:41:52Z
BS21053,2001,2001-05-31,CAGUAS,4,"Colon, Angel",,27,2,5,0,2,0,2,1,1,2,3,1,0,2,2,4,single-source,wayback_bsnpr_games,https://web.archive.org/web/20011226224109id_/http://www.bsnpr.com:80/gamestatwide.asp?r=BS21053,2026-09-08T15:41:52Z
BS21053,2001,2001-05-31,CAGUAS,5,"Rivera, Ahmed",,5,1,1,0,0,1,2,0,0,0,0,0,0,1,0,3,single-source,wayback_bsnpr_games,https://web.archive.org/web/20011226224109id_/http://www.bsnpr.com:80/gamestatwide.asp?r=BS21053,2026-09-08T15:41:52Z
BS21053,2001,2001-05-31,CAGUAS,6,"Burgos, Gary",,14,1,1,0,2,0,2,0,1,1,3,0,0,1,0,2,single-source,wayback_bsnpr_games,https://web.archive.org/web/20011226224109id_/http://www.bsnpr.com:80/gamestatwide.asp?r=BS21053,2026-09-08T15:41:52Z
BS21053,2001,2001-05-31,CAGUAS,7,"Davila, Michelo",1660,16,0,0,2,3,0,0,1,3,4,0,2,0,3,1,6,single-source,wayback_bsnpr_games,https://web.archive.org/web/20011226224109id_/http://www.bsnpr.com:80/gamestatwide.asp?r=BS21053,2026-09-08T15:41:52Z
BS21053,2001,2001-05-31,CAGUAS,8,"Farmer, Tony",,30,1,3,0,6,4,8,0,7,7,2,2,1,2,0,6,single-source,wayback_bsnpr_games,https://web.archive.org/web/20011226224109id_/http://www.bsnpr.com:80/gamestatwide.asp?r=BS21053,2026-09-08T15:41:52Z
BS21053,2001,2001-05-31,MOROVIS,1,"Rodriguez, Joseph",,5,0,1,0,1,0,0,0,0,0,0,0,0,0,0,0,single-source,wayback_bsnpr_games,https://web.archive.org/web/20011226224109id_/http://www.bsnpr.com:80/gamestatwide.asp?r=BS21053,2026-09-08T15:41:52Z
BS21053,2001,2001-05-31,MOROVIS,12,"Soto, Erik",,12,1,2,1,3,1,2,0,1,1,0,1,0,2,2,6,single-source,wayback_bsnpr_games,https://web.archive.org/web/20011226224109id_/http://www.bsnpr.com:80/gamestatwide.asp?r=BS21053,2026-09-08T15:41:52Z
BS21053,2001,2001-05-31,MOROVIS,15,"Santos, Juan",,2,1,1,0,0,0,0,1,0,1,0,0,0,0,0,2,single-source,wayback_bsnpr_games,https://web.archive.org/web/20011226224109id_/http://www.bsnpr.com:80/gamestatwide.asp?r=BS21053,2026-09-08T15:41:52Z
BS21053,2001,2001-05-31,MOROVIS,16,"Rodriguez, Miguel",,29,2,6,3,8,1,1,2,3,5,2,0,0,3,1,14,single-source,wayback_bsnpr_games,https://web.archive.org/web/20011226224109id_/http://www.bsnpr.com:80/gamestatwide.asp?r=BS21053,2026-09-08T15:41:52Z
BS21053,2001,2001-05-31,MOROVIS,20,"Nieves, Roberto",2067,15,4,6,1,1,0,1,3,2,5,0,0,0,2,0,11,single-source,wayback_bsnpr_games,https://web.archive.org/web/20011226224109id_/http://www.bsnpr.com:80/gamestatwide.asp?r=BS21053,2026-09-08T15:41:52Z
BS21053,2001,2001-05-31,MOROVIS,21,"Harrison, Glenn",,8,0,1,0,1,2,4,0,2,2,1,1,0,2,2,2,single-source,wayback_bsnpr_games,https://web.archive.org/web/20011226224109id_/http://www.bsnpr.com:80/gamestatwide.asp?r=BS21053,2026-09-08T15:41:52Z
BS21053,2001,2001-05-31,MOROVIS,24,"Marrero, Rafael",,6,1,3,0,0,0,2,0,1,1,0,0,0,0,0,2,single-source,wayback_bsnpr_games,https://web.archive.org/web/20011226224109id_/http://www.bsnpr.com:80/gamestatwide.asp?r=BS21053,2026-09-08T15:41:52Z
BS21053,2001,2001-05-31,MOROVIS,33,"Medrano, Jorge",,21,0,5,0,0,0,0,1,2,3,0,0,0,2,3,0,single-source,wayback_bsnpr_games,https://web.archive.org/web/20011226224109id_/http://www.bsnpr.com:80/gamestatwide.asp?r=BS21053,2026-09-08T15:41:52Z
BS21053,2001,2001-05-31,MOROVIS,45,"Davis, Nick",,38,10,18,0,0,4,9,4,13,17,2,0,2,2,3,24,single-source,wayback_bsnpr_games,https://web.archive.org/web/20011226224109id_/http://www.bsnpr.com:80/gamestatwide.asp?r=BS21053,2026-09-08T15:41:52Z
BS21053,2001,2001-05-31,MOROVIS,5,"Santiago, Moises",,8,4,5,1,1,1,1,3,0,3,2,0,0,1,0,12,single-source,wayback_bsnpr_games,https://web.archive.org/web/20011226224109id_/http://www.bsnpr.com:80/gamestatwide.asp?r=BS21053,2026-09-08T15:41:52Z
BS21053,2001,2001-05-31,MOROVIS,6,"Rivera, Felix",,2,0,1,0,1,0,0,0,0,0,0,0,0,1,0,0,single-source,wayback_bsnpr_games,https://web.archive.org/web/20011226224109id_/http://www.bsnpr.com:80/gamestatwide.asp?r=BS21053,2026-09-08T15:41:52Z
BS21053,2001,2001-05-31,MOROVIS,7,"Alicea, Pablo",,30,3,6,2,5,0,0,1,3,4,1,0,0,2,7,12,single-source,wayback_bsnpr_games,https://web.archive.org/web/20011226224109id_/http://www.bsnpr.com:80/gamestatwide.asp?r=BS21053,2026-09-08T15:41:52Z
BS21053,2001,2001-05-31,MOROVIS,8,"Martinez, Carlos",,20,0,2,1,2,0,0,3,5,8,0,1,0,3,3,3,single-source,wayback_bsnpr_games,https://web.archive.org/web/20011226224109id_/http://www.bsnpr.com:80/gamestatwide.asp?r=BS21053,2026-09-08T15:41:52Z
BS21053,2001,2001-05-31,MOROVIS,9,"Sanchez, Mario",,4,0,0,0,1,0,0,0,0,0,0,0,0,0,0,0,single-source,wayback_bsnpr_games,https://web.archive.org/web/20011226224109id_/http://www.bsnpr.com:80/gamestatwide.asp?r=BS21053,2026-09-08T15:41:52Z
BS21055,2001,2001-06-01,MAYAGUEZ,10,"Meyers, Guillermo",,17,1,2,0,0,0,0,0,1,1,0,0,0,1,1,2,single-source,wayback_bsnpr_games,https://web.archive.org/web/20011005093119id_/http://www.bsnpr.com:80/gamestatwide.asp?r=BS21055&grupo=,2026-09-08T15:36:59Z
BS21055,2001,2001-06-01,MAYAGUEZ,12,"Vega, Orlando",1759,25,4,10,0,2,3,4,1,6,7,1,1,0,3,7,11,single-source,wayback_bsnpr_games,https://web.archive.org/web/20011005093119id_/http://www.bsnpr.com:80/gamestatwide.asp?r=BS21055&grupo=,2026-09-08T15:36:59Z
BS21055,2001,2001-06-01,MAYAGUEZ,13,"Brown, Tyler",,28,1,3,3,10,4,4,1,1,2,2,1,0,2,0,15,single-source,wayback_bsnpr_games,https://web.archive.org/web/20011005093119id_/http://www.bsnpr.com:80/gamestatwide.asp?r=BS21055&grupo=,2026-09-08T15:36:59Z
BS21055,2001,2001-06-01,MAYAGUEZ,14,"Nolan, Norman",,37,13,22,1,2,6,9,3,8,11,1,1,0,4,6,35,single-source,wayback_bsnpr_games,https://web.archive.org/web/20011005093119id_/http://www.bsnpr.com:80/gamestatwide.asp?r=BS21055&grupo=,2026-09-08T15:36:59Z
BS21055,2001,2001-06-01,MAYAGUEZ,15,"Ortiz, Ramon",1924,6,1,2,0,1,0,0,1,2,3,1,0,0,1,2,2,single-source,wayback_bsnpr_games,https://web.archive.org/web/20011005093119id_/http://www.bsnpr.com:80/gamestatwide.asp?r=BS21055&grupo=,2026-09-08T15:36:59Z
BS21055,2001,2001-06-01,MAYAGUEZ,18,"Vazquez, De Juan",,3,0,0,0,0,0,0,0,0,0,0,0,0,0,1,0,single-source,wayback_bsnpr_games,https://web.archive.org/web/20011005093119id_/http://www.bsnpr.com:80/gamestatwide.asp?r=BS21055&grupo=,2026-09-08T15:36:59Z
BS21055,2001,2001-06-01,MAYAGUEZ,19,"Latson, Tl",,19,0,1,0,0,2,3,2,5,7,0,0,0,1,3,2,single-source,wayback_bsnpr_games,https://web.archive.org/web/20011005093119id_/http://www.bsnpr.com:80/gamestatwide.asp?r=BS21055&grupo=,2026-09-08T15:36:59Z
BS21055,2001,2001-06-01,MAYAGUEZ,4,"De Jesus, Angel",,33,2,4,1,6,0,0,0,2,2,2,1,1,3,3,7,single-source,wayback_bsnpr_games,https://web.archive.org/web/20011005093119id_/http://www.bsnpr.com:80/gamestatwide.asp?r=BS21055&grupo=,2026-09-08T15:36:59Z
BS21055,2001,2001-06-01,MAYAGUEZ,5,"Barea, Jose",1234,4,1,3,0,0,0,0,0,0,0,1,0,0,0,0,2,single-source,wayback_bsnpr_games,https://web.archive.org/web/20011005093119id_/http://www.bsnpr.com:80/gamestatwide.asp?r=BS21055&grupo=,2026-09-08T15:36:59Z
BS21055,2001,2001-06-01,MAYAGUEZ,6,"Garcia, Elmyr",,21,0,0,0,2,0,0,0,1,1,2,1,0,0,0,0,single-source,wayback_bsnpr_games,https://web.archive.org/web/20011005093119id_/http://www.bsnpr.com:80/gamestatwide.asp?r=BS21055&grupo=,2026-09-08T15:36:59Z
BS21055,2001,2001-06-01,MAYAGUEZ,9,"Davila, Felix",,7,0,0,0,0,0,0,0,0,0,0,0,0,1,1,0,single-source,wayback_bsnpr_games,https://web.archive.org/web/20011005093119id_/http://www.bsnpr.com:80/gamestatwide.asp?r=BS21055&grupo=,2026-09-08T15:36:59Z
BS21055,2001,2001-06-01,SANTURCE,1,"Lopez, Jose",,3,0,0,0,0,0,0,0,0,0,1,1,0,0,0,0,single-source,wayback_bsnpr_games,https://web.archive.org/web/20011005093119id_/http://www.bsnpr.com:80/gamestatwide.asp?r=BS21055&grupo=,2026-09-08T15:36:59Z
BS21055,2001,2001-06-01,SANTURCE,12,"Horrutunier, Rolando",,13,2,5,1,1,1,1,0,2,2,1,0,0,5,2,8,single-source,wayback_bsnpr_games,https://web.archive.org/web/20011005093119id_/http://www.bsnpr.com:80/gamestatwide.asp?r=BS21055&grupo=,2026-09-08T15:36:59Z
BS21055,2001,2001-06-01,SANTURCE,31,"Rosario, Rich",,4,0,0,0,0,0,0,0,0,0,0,1,0,0,1,0,single-source,wayback_bsnpr_games,https://web.archive.org/web/20011005093119id_/http://www.bsnpr.com:80/gamestatwide.asp?r=BS21055&grupo=,2026-09-08T15:36:59Z
BS21055,2001,2001-06-01,SANTURCE,33,"Falcon, Alex",,21,5,9,0,0,2,3,2,2,4,2,0,0,1,1,12,single-source,wayback_bsnpr_games,https://web.archive.org/web/20011005093119id_/http://www.bsnpr.com:80/gamestatwide.asp?r=BS21055&grupo=,2026-09-08T15:36:59Z
BS21055,2001,2001-06-01,SANTURCE,34,"Villafane, Luis",1502,1,0,1,0,0,0,0,0,0,0,0,0,0,0,0,0,single-source,wayback_bsnpr_games,https://web.archive.org/web/20011005093119id_/http://www.bsnpr.com:80/gamestatwide.asp?r=BS21055&grupo=,2026-09-08T15:36:59Z
BS21055,2001,2001-06-01,SANTURCE,4,"Ortiz, Jose",,33,6,14,0,0,2,3,3,8,11,0,1,2,2,2,14,single-source,wayback_bsnpr_games,https://web.archive.org/web/20011005093119id_/http://www.bsnpr.com:80/gamestatwide.asp?r=BS21055&grupo=,2026-09-08T15:36:59Z
BS21055,2001,2001-06-01,SANTURCE,42,"Aubry, Jeffrey",,4,1,1,0,0,0,0,0,1,1,0,0,1,2,0,2,single-source,wayback_bsnpr_games,https://web.archive.org/web/20011005093119id_/http://www.bsnpr.com:80/gamestatwide.asp?r=BS21055&grupo=,2026-09-08T15:36:59Z
BS21055,2001,2001-06-01,SANTURCE,44,"Bocachica, Armando",,11,2,5,0,0,0,0,1,3,4,0,0,0,3,2,4,single-source,wayback_bsnpr_games,https://web.archive.org/web/20011005093119id_/http://www.bsnpr.com:80/gamestatwide.asp?r=BS21055&grupo=,2026-09-08T15:36:59Z
BS21055,2001,2001-06-01,SANTURCE,5,"Santiago, Orlando",,30,2,5,0,4,0,0,0,3,3,7,1,0,2,2,4,single-source,wayback_bsnpr_games,https://web.archive.org/web/20011005093119id_/http://www.bsnpr.com:80/gamestatwide.asp?r=BS21055&grupo=,2026-09-08T15:36:59Z
BS21055,2001,2001-06-01,SANTURCE,55,"Butler, Mario",,3,0,0,0,0,0,0,0,0,0,1,0,0,0,0,0,single-source,wayback_bsnpr_games,https://web.archive.org/web/20011005093119id_/http://www.bsnpr.com:80/gamestatwide.asp?r=BS21055&grupo=,2026-09-08T15:36:59Z
BS21055,2001,2001-06-01,SANTURCE,7,"Arroyo, Carlos",273,22,3,7,3,4,0,2,0,3,3,8,3,0,2,3,15,single-source,wayback_bsnpr_games,https://web.archive.org/web/20011005093119id_/http://www.bsnpr.com:80/gamestatwide.asp?r=BS21055&grupo=,2026-09-08T15:36:59Z
BS21055,2001,2001-06-01,SANTURCE,8,"Johnson, Dave",444,32,8,13,1,1,2,2,1,5,6,2,3,0,3,1,21,single-source,wayback_bsnpr_games,https://web.archive.org/web/20011005093119id_/http://www.bsnpr.com:80/gamestatwide.asp?r=BS21055&grupo=,2026-09-08T15:36:59Z
BS21055,2001,2001-06-01,SANTURCE,9,"Santiago, Edwin",,23,6,7,1,1,0,0,0,3,3,2,2,0,0,1,15,single-source,wayback_bsnpr_games,https://web.archive.org/web/20011005093119id_/http://www.bsnpr.com:80/gamestatwide.asp?r=BS21055&grupo=,2026-09-08T15:36:59Z
BS21057,2001,2001-06-02,BAYAMON,0,"Richard, Jaja",,32,7,12,0,0,2,4,3,7,10,2,1,2,5,3,16,single-source,wayback_bsnpr_games,https://web.archive.org/web/20010622192428id_/http://www.bsnpr.com:80/gamestatwide.asp?r=BS21057&GRUPO=PO99&SERIE=4,2026-09-08T15:35:35Z
BS21057,2001,2001-06-02,BAYAMON,0,"Richards, Jaja",,33,6,9,0,0,6,6,5,5,10,0,0,4,2,1,18,single-source,wayback_bsnpr_games,https://web.archive.org/web/20010726155853id_/http://www.bsnpr.com:80/gamestatwide.asp?r=BS21057&grupo=,2026-09-08T15:35:41Z
BS21057,2001,2001-06-02,BAYAMON,12,"Padilla, Edgar",,20,1,3,0,3,2,4,1,1,2,2,4,0,4,1,4,single-source,wayback_bsnpr_games,https://web.archive.org/web/20010622192428id_/http://www.bsnpr.com:80/gamestatwide.asp?r=BS21057&GRUPO=PO99&SERIE=4,2026-09-08T15:35:35Z
BS21057,2001,2001-06-02,BAYAMON,12,"Padilla, Edgar",,30,4,7,0,2,1,2,0,2,2,6,2,0,2,4,9,single-source,wayback_bsnpr_games,https://web.archive.org/web/20010726155853id_/http://www.bsnpr.com:80/gamestatwide.asp?r=BS21057&grupo=,2026-09-08T15:35:41Z
BS21057,2001,2001-06-02,BAYAMON,13,"Payano, Carlos",,20,2,6,1,1,3,4,1,3,4,3,1,0,1,2,10,single-source,wayback_bsnpr_games,https://web.archive.org/web/20010726155853id_/http://www.bsnpr.com:80/gamestatwide.asp?r=BS21057&grupo=,2026-09-08T15:35:41Z
BS21057,2001,2001-06-02,BAYAMON,15,"Latimer, Antonio",193,32,7,12,0,2,4,5,4,3,7,3,0,1,4,4,18,single-source,wayback_bsnpr_games,https://web.archive.org/web/20010622192428id_/http://www.bsnpr.com:80/gamestatwide.asp?r=BS21057&GRUPO=PO99&SERIE=4,2026-09-08T15:35:35Z
BS21057,2001,2001-06-02,BAYAMON,17,"Mincy, Jerome",1032,12,0,0,1,2,3,4,0,1,1,1,0,0,1,1,6,single-source,wayback_bsnpr_games,https://web.archive.org/web/20010622192428id_/http://www.bsnpr.com:80/gamestatwide.asp?r=BS21057&GRUPO=PO99&SERIE=4,2026-09-08T15:35:35Z
BS21057,2001,2001-06-02,BAYAMON,17,"Mincy, Jerome",1032,37,4,11,1,2,0,0,2,7,9,2,0,0,3,2,11,single-source,wayback_bsnpr_games,https://web.archive.org/web/20010726155853id_/http://www.bsnpr.com:80/gamestatwide.asp?r=BS21057&grupo=,2026-09-08T15:35:41Z
BS21057,2001,2001-06-02,BAYAMON,22,"Apodaca, Rick",2028,9,0,1,0,1,3,4,0,2,2,0,1,0,1,2,3,single-source,wayback_bsnpr_games,https://web.archive.org/web/20010726155853id_/http://www.bsnpr.com:80/gamestatwide.asp?r=BS21057&grupo=,2026-09-08T15:35:41Z
BS21057,2001,2001-06-02,BAYAMON,32,"Santiago, Eddin",502,24,0,0,1,1,1,2,0,1,1,5,3,0,2,0,4,single-source,wayback_bsnpr_games,https://web.archive.org/web/20010622192428id_/http://www.bsnpr.com:80/gamestatwide.asp?r=BS21057&GRUPO=PO99&SERIE=4,2026-09-08T15:35:35Z
BS21057,2001,2001-06-02,BAYAMON,32,"Santiago, Eddin",502,11,2,3,0,0,1,2,0,2,2,1,1,0,0,0,5,single-source,wayback_bsnpr_games,https://web.archive.org/web/20010726155853id_/http://www.bsnpr.com:80/gamestatwide.asp?r=BS21057&grupo=,2026-09-08T15:35:41Z
BS21057,2001,2001-06-02,BAYAMON,4,"Western, Franklyn",,40,13,18,0,2,3,4,1,7,8,2,2,0,2,2,29,single-source,wayback_bsnpr_games,https://web.archive.org/web/20010622192428id_/http://www.bsnpr.com:80/gamestatwide.asp?r=BS21057&GRUPO=PO99&SERIE=4,2026-09-08T15:35:35Z
BS21057,2001,2001-06-02,BAYAMON,4,"Western, Franklyn",,22,5,10,0,0,2,2,2,1,3,1,0,0,3,2,12,single-source,wayback_bsnpr_games,https://web.archive.org/web/20010726155853id_/http://www.bsnpr.com:80/gamestatwide.asp?r=BS21057&grupo=,2026-09-08T15:35:41Z
BS21057,2001,2001-06-02,BAYAMON,44,"Nova, Rafael",,10,1,1,0,0,0,0,1,3,4,1,0,0,0,0,2,single-source,wayback_bsnpr_games,https://web.archive.org/web/20010726155853id_/http://www.bsnpr.com:80/gamestatwide.asp?r=BS21057&grupo=,2026-09-08T15:35:41Z
BS21057,2001,2001-06-02,BAYAMON,6,"Travieso, Carmelo",,40,3,5,4,11,0,0,3,5,8,3,1,0,2,1,18,single-source,wayback_bsnpr_games,https://web.archive.org/web/20010622192428id_/http://www.bsnpr.com:80/gamestatwide.asp?r=BS21057&GRUPO=PO99&SERIE=4,2026-09-08T15:35:35Z
BS21057,2001,2001-06-02,BAYAMON,6,"Travieso, Carmelo",,28,3,6,1,6,2,2,4,4,8,0,1,0,3,0,11,single-source,wayback_bsnpr_games,https://web.archive.org/web/20010726155853id_/http://www.bsnpr.com:80/gamestatwide.asp?r=BS21057&grupo=,2026-09-08T15:35:41Z
BS21057,2001,2001-06-02,PONCE,1,"Morales, Ferdinand",,31,5,8,0,0,2,3,2,2,4,1,2,0,3,3,12,single-source,wayback_bsnpr_games,https://web.archive.org/web/20010622192428id_/http://www.bsnpr.com:80/gamestatwide.asp?r=BS21057&GRUPO=PO99&SERIE=4,2026-09-08T15:35:35Z
BS21057,2001,2001-06-02,PONCE,1,"Morales, Ferdinand",,15,0,1,0,2,0,0,3,2,5,1,0,0,1,0,0,single-source,wayback_bsnpr_games,https://web.archive.org/web/20010726155853id_/http://www.bsnpr.com:80/gamestatwide.asp?r=BS21057&grupo=,2026-09-08T15:35:41Z
BS21057,2001,2001-06-02,PONCE,10,"Hatton, Bobby",,21,3,6,1,4,0,0,0,2,2,2,0,0,2,2,9,single-source,wayback_bsnpr_games,https://web.archive.org/web/20010622192428id_/http://www.bsnpr.com:80/gamestatwide.asp?r=BS21057&GRUPO=PO99&SERIE=4,2026-09-08T15:35:35Z
BS21057,2001,2001-06-02,PONCE,10,"Hatton, Bobby Joe",2074,26,2,5,2,5,0,0,0,2,2,4,1,2,1,1,10,single-source,wayback_bsnpr_games,https://web.archive.org/web/20010726155853id_/http://www.bsnpr.com:80/gamestatwide.asp?r=BS21057&grupo=,2026-09-08T15:35:41Z
BS21057,2001,2001-06-02,PONCE,11,"Casiano, Eddie",498,34,4,7,2,11,8,9,0,2,2,1,4,0,4,6,22,single-source,wayback_bsnpr_games,https://web.archive.org/web/20010622192428id_/http://www.bsnpr.com:80/gamestatwide.asp?r=BS21057&GRUPO=PO99&SERIE=4,2026-09-08T15:35:35Z
BS21057,2001,2001-06-02,PONCE,11,"Casiano, Eddie",498,38,7,11,3,12,9,12,1,0,1,2,2,0,4,6,32,single-source,wayback_bsnpr_games,https://web.archive.org/web/20010726155853id_/http://www.bsnpr.com:80/gamestatwide.asp?r=BS21057&grupo=,2026-09-08T15:35:41Z
BS21057,2001,2001-06-02,PONCE,12,"Ricardo, Osiris",,3,0,0,0,0,2,2,0,1,1,0,0,0,0,0,2,single-source,wayback_bsnpr_games,https://web.archive.org/web/20010622192428id_/http://www.bsnpr.com:80/gamestatwide.asp?r=BS21057&GRUPO=PO99&SERIE=4,2026-09-08T15:35:35Z
BS21057,2001,2001-06-02,PONCE,12,"Ricardo, Osiris",,1,0,0,0,0,0,0,0,0,0,0,0,0,0,0,0,single-source,wayback_bsnpr_games,https://web.archive.org/web/20010726155853id_/http://www.bsnpr.com:80/gamestatwide.asp?r=BS21057&grupo=,2026-09-08T15:35:41Z
BS21057,2001,2001-06-02,PONCE,13,"Jourdan, Keenan",,22,2,4,0,2,1,2,1,4,5,2,0,1,3,1,5,single-source,wayback_bsnpr_games,https://web.archive.org/web/20010622192428id_/http://www.bsnpr.com:80/gamestatwide.asp?r=BS21057&GRUPO=PO99&SERIE=4,2026-09-08T15:35:35Z
BS21057,2001,2001-06-02,PONCE,15,"Colon, Gabriel",773,1,1,1,0,0,1,2,0,0,0,0,0,0,0,0,3,single-source,wayback_bsnpr_games,https://web.archive.org/web/20010622192428id_/http://www.bsnpr.com:80/gamestatwide.asp?r=BS21057&GRUPO=PO99&SERIE=4,2026-09-08T15:35:35Z
BS21057,2001,2001-06-02,PONCE,16,"Martinez, Rafael",,18,0,0,1,3,0,0,0,0,0,0,1,1,3,1,3,single-source,wayback_bsnpr_games,https://web.archive.org/web/20010726155853id_/http://www.bsnpr.com:80/gamestatwide.asp?r=BS21057&grupo=,2026-09-08T15:35:41Z
BS21057,2001,2001-06-02,PONCE,17,"Collado, Roberto",,5,0,0,0,0,0,0,0,0,0,0,0,0,0,0,0,single-source,wayback_bsnpr_games,https://web.archive.org/web/20010622192428id_/http://www.bsnpr.com:80/gamestatwide.asp?r=BS21057&GRUPO=PO99&SERIE=4,2026-09-08T15:35:35Z
BS21057,2001,2001-06-02,PONCE,17,"Collado, Roberto",,6,0,0,0,0,0,0,0,1,1,0,0,0,1,0,0,single-source,wayback_bsnpr_games,https://web.archive.org/web/20010726155853id_/http://www.bsnpr.com:80/gamestatwide.asp?r=BS21057&grupo=,2026-09-08T15:35:41Z
BS21057,2001,2001-06-02,PONCE,25,"Montalvo, Jesus",,1,0,1,0,0,0,0,1,0,1,0,0,0,0,0,0,single-source,wayback_bsnpr_games,https://web.archive.org/web/20010622192428id_/http://www.bsnpr.com:80/gamestatwide.asp?r=BS21057&GRUPO=PO99&SERIE=4,2026-09-08T15:35:35Z
BS21057,2001,2001-06-02,PONCE,33,"Soto, Eugenio",651,13,1,1,0,0,0,0,1,1,2,0,0,0,2,2,2,single-source,wayback_bsnpr_games,https://web.archive.org/web/20010726155853id_/http://www.bsnpr.com:80/gamestatwide.asp?r=BS21057&grupo=,2026-09-08T15:35:41Z
BS21057,2001,2001-06-02,PONCE,4,"Colon, Javier",1011,32,4,9,3,5,4,4,0,2,2,3,1,0,4,2,21,single-source,wayback_bsnpr_games,https://web.archive.org/web/20010622192428id_/http://www.bsnpr.com:80/gamestatwide.asp?r=BS21057&GRUPO=PO99&SERIE=4,2026-09-08T15:35:35Z
BS21057,2001,2001-06-02,PONCE,4,"Colon, Javier",1011,34,2,6,3,8,4,4,0,4,4,6,3,0,4,3,17,single-source,wayback_bsnpr_games,https://web.archive.org/web/20010726155853id_/http://www.bsnpr.com:80/gamestatwide.asp?r=BS21057&grupo=,2026-09-08T15:35:41Z
BS21057,2001,2001-06-02,PONCE,5,"Agosto, Jose",,13,1,1,0,1,1,1,0,2,2,1,0,0,0,2,3,single-source,wayback_bsnpr_games,https://web.archive.org/web/20010622192428id_/http://www.bsnpr.com:80/gamestatwide.asp?r=BS21057&GRUPO=PO99&SERIE=4,2026-09-08T15:35:35Z
BS21057,2001,2001-06-02,PONCE,5,"Agosto, Jose",,10,0,0,1,3,0,2,0,1,1,1,0,0,3,0,3,single-source,wayback_bsnpr_games,https://web.archive.org/web/20010726155853id_/http://www.bsnpr.com:80/gamestatwide.asp?r=BS21057&grupo=,2026-09-08T15:35:41Z
BS21057,2001,2001-06-02,PONCE,6,"Lockhart, Ian",914,35,2,3,0,0,0,0,1,6,7,2,0,0,2,2,4,single-source,wayback_bsnpr_games,https://web.archive.org/web/20010622192428id_/http://www.bsnpr.com:80/gamestatwide.asp?r=BS21057&GRUPO=PO99&SERIE=4,2026-09-08T15:35:35Z
BS21057,2001,2001-06-02,PONCE,6,"Lockhart, Ian",914,39,3,7,0,0,0,0,5,7,12,0,1,0,3,2,6,single-source,wayback_bsnpr_games,https://web.archive.org/web/20010726155853id_/http://www.bsnpr.com:80/gamestatwide.asp?r=BS21057&grupo=,2026-09-08T15:35:41Z
BS21057,2001,2001-06-02,PONCE,7,"Orta, Raul",1946,1,0,1,0,0,0,0,0,0,0,0,1,0,0,0,0,single-source,wayback_bsnpr_games,https://web.archive.org/web/20010622192428id_/http://www.bsnpr.com:80/gamestatwide.asp?r=BS21057&GRUPO=PO99&SERIE=4,2026-09-08T15:35:35Z
BS21057,2001,2001-06-02,PONCE,8,"Ramirez, Shawn",,1,0,1,0,1,0,0,1,0,1,0,0,0,0,1,0,single-source,wayback_bsnpr_games,https://web.archive.org/web/20010622192428id_/http://www.bsnpr.com:80/gamestatwide.asp?r=BS21057&GRUPO=PO99&SERIE=4,2026-09-08T15:35:35Z
BS21059,2001,2001-06-02,AIBONITO,10,"Melendez, Orlando",,33,6,9,0,1,7,7,1,6,7,1,1,2,1,1,19,single-source,wayback_bsnpr_games,https://web.archive.org/web/20010702194031id_/http://www.bsnpr.com:80/gamestatwide.asp?r=BS21059&GRUPO=PO99&SERIE=4,2026-09-08T15:35:37Z
BS21059,2001,2001-06-02,AIBONITO,12,"Hernandez, Jason",,15,0,2,1,1,0,0,2,1,3,4,2,0,1,1,3,single-source,wayback_bsnpr_games,https://web.archive.org/web/20010702194031id_/http://www.bsnpr.com:80/gamestatwide.asp?r=BS21059&GRUPO=PO99&SERIE=4,2026-09-08T15:35:37Z
BS21059,2001,2001-06-02,AIBONITO,13,"Torres, Diego",,5,1,3,0,0,2,2,1,0,1,0,0,0,2,0,4,single-source,wayback_bsnpr_games,https://web.archive.org/web/20010702194031id_/http://www.bsnpr.com:80/gamestatwide.asp?r=BS21059&GRUPO=PO99&SERIE=4,2026-09-08T15:35:37Z
BS21059,2001,2001-06-02,AIBONITO,15,"Berges, Pedro",,9,1,2,0,0,2,2,0,2,2,0,0,1,4,0,4,single-source,wayback_bsnpr_games,https://web.archive.org/web/20010702194031id_/http://www.bsnpr.com:80/gamestatwide.asp?r=BS21059&GRUPO=PO99&SERIE=4,2026-09-08T15:35:37Z
BS21059,2001,2001-06-02,AIBONITO,16,"Murray, Joe",1286,28,6,9,0,0,1,2,3,6,9,0,0,1,2,2,13,single-source,wayback_bsnpr_games,https://web.archive.org/web/20010702194031id_/http://www.bsnpr.com:80/gamestatwide.asp?r=BS21059&GRUPO=PO99&SERIE=4,2026-09-08T15:35:37Z
BS21059,2001,2001-06-02,AIBONITO,17,"Wilson, Monti",,33,6,9,4,11,7,7,1,7,8,4,0,1,1,0,31,single-source,wayback_bsnpr_games,https://web.archive.org/web/20010702194031id_/http://www.bsnpr.com:80/gamestatwide.asp?r=BS21059&GRUPO=PO99&SERIE=4,2026-09-08T15:35:37Z
BS21059,2001,2001-06-02,AIBONITO,18,"Rivera, Axel",,3,0,0,0,0,1,2,2,2,4,0,0,0,0,0,1,single-source,wayback_bsnpr_games,https://web.archive.org/web/20010702194031id_/http://www.bsnpr.com:80/gamestatwide.asp?r=BS21059&GRUPO=PO99&SERIE=4,2026-09-08T15:35:37Z
BS21059,2001,2001-06-02,AIBONITO,4,"Lopez, Michael",143,24,5,6,0,1,1,2,1,1,2,11,2,0,1,1,11,single-source,wayback_bsnpr_games,https://web.archive.org/web/20010702194031id_/http://www.bsnpr.com:80/gamestatwide.asp?r=BS21059&GRUPO=PO99&SERIE=4,2026-09-08T15:35:37Z
BS21059,2001,2001-06-02,AIBONITO,5,"Camacho, Luis",,3,0,1,0,1,0,0,0,1,1,0,0,0,0,0,0,single-source,wayback_bsnpr_games,https://web.archive.org/web/20010702194031id_/http://www.bsnpr.com:80/gamestatwide.asp?r=BS21059&GRUPO=PO99&SERIE=4,2026-09-08T15:35:37Z
BS21059,2001,2001-06-02,AIBONITO,6,"Valentin, Omar",,3,0,1,0,1,0,0,0,0,0,0,0,0,0,1,0,single-source,wayback_bsnpr_games,https://web.archive.org/web/20010702194031id_/http://www.bsnpr.com:80/gamestatwide.asp?r=BS21059&GRUPO=PO99&SERIE=4,2026-09-08T15:35:37Z
BS21059,2001,2001-06-02,AIBONITO,7,"Lozano, Zavalier",,4,0,0,0,1,0,0,0,2,2,0,0,0,0,1,0,single-source,wayback_bsnpr_games,https://web.archive.org/web/20010702194031id_/http://www.bsnpr.com:80/gamestatwide.asp?r=BS21059&GRUPO=PO99&SERIE=4,2026-09-08T15:35:37Z
BS21059,2001,2001-06-02,AIBONITO,8,"Hiraldo, Christopher",,12,1,3,1,3,0,0,1,2,3,3,2,0,4,1,5,single-source,wayback_bsnpr_games,https://web.archive.org/web/20010702194031id_/http://www.bsnpr.com:80/gamestatwide.asp?r=BS21059&GRUPO=PO99&SERIE=4,2026-09-08T15:35:37Z
BS21059,2001,2001-06-02,AIBONITO,9,"Rodriguez, Erick",624,28,4,8,4,7,4,4,0,0,0,0,3,0,1,2,24,single-source,wayback_bsnpr_games,https://web.archive.org/web/20010702194031id_/http://www.bsnpr.com:80/gamestatwide.asp?r=BS21059&GRUPO=PO99&SERIE=4,2026-09-08T15:35:37Z
BS21059,2001,2001-06-02,MAYAGUEZ,12,"Vega, Orlando",1759,12,1,6,0,2,1,2,0,1,1,2,0,0,0,0,3,single-source,wayback_bsnpr_games,https://web.archive.org/web/20010702194031id_/http://www.bsnpr.com:80/gamestatwide.asp?r=BS21059&GRUPO=PO99&SERIE=4,2026-09-08T15:35:37Z
BS21059,2001,2001-06-02,MAYAGUEZ,13,"Brown, Tyler",,15,3,6,1,3,0,0,1,0,1,1,0,0,0,1,9,single-source,wayback_bsnpr_games,https://web.archive.org/web/20010702194031id_/http://www.bsnpr.com:80/gamestatwide.asp?r=BS21059&GRUPO=PO99&SERIE=4,2026-09-08T15:35:37Z
BS21059,2001,2001-06-02,MAYAGUEZ,14,"Nolan, Norman",,31,10,14,1,3,2,2,2,8,10,1,0,0,2,5,25,single-source,wayback_bsnpr_games,https://web.archive.org/web/20010702194031id_/http://www.bsnpr.com:80/gamestatwide.asp?r=BS21059&GRUPO=PO99&SERIE=4,2026-09-08T15:35:37Z
BS21059,2001,2001-06-02,MAYAGUEZ,15,"Ortiz, Ramon",1924,12,0,1,1,2,0,0,0,1,1,0,0,0,4,2,3,single-source,wayback_bsnpr_games,https://web.archive.org/web/20010702194031id_/http://www.bsnpr.com:80/gamestatwide.asp?r=BS21059&GRUPO=PO99&SERIE=4,2026-09-08T15:35:37Z
BS21059,2001,2001-06-02,MAYAGUEZ,18,"Vazquez, De Juan",,15,0,3,0,0,0,0,1,4,5,0,1,0,4,1,0,single-source,wayback_bsnpr_games,https://web.archive.org/web/20010702194031id_/http://www.bsnpr.com:80/gamestatwide.asp?r=BS21059&GRUPO=PO99&SERIE=4,2026-09-08T15:35:37Z
BS21059,2001,2001-06-02,MAYAGUEZ,19,"Latson, T.l.",,23,2,6,0,1,0,2,3,6,9,1,0,0,5,0,4,single-source,wayback_bsnpr_games,https://web.archive.org/web/20010702194031id_/http://www.bsnpr.com:80/gamestatwide.asp?r=BS21059&GRUPO=PO99&SERIE=4,2026-09-08T15:35:37Z
BS21059,2001,2001-06-02,MAYAGUEZ,4,"De Jesus, Angel",,34,1,2,4,7,4,4,1,1,2,4,1,0,2,2,18,single-source,wayback_bsnpr_games,https://web.archive.org/web/20010702194031id_/http://www.bsnpr.com:80/gamestatwide.asp?r=BS21059&GRUPO=PO99&SERIE=4,2026-09-08T15:35:37Z
BS21059,2001,2001-06-02,MAYAGUEZ,5,"Barea, Jose Juan",1234,6,0,1,2,2,2,2,0,1,1,1,0,1,0,0,8,single-source,wayback_bsnpr_games,https://web.archive.org/web/20010702194031id_/http://www.bsnpr.com:80/gamestatwide.asp?r=BS21059&GRUPO=PO99&SERIE=4,2026-09-08T15:35:37Z
BS21059,2001,2001-06-02,MAYAGUEZ,6,"Garcia, Elmir",,23,2,5,2,4,5,8,2,2,4,3,0,0,3,2,15,single-source,wayback_bsnpr_games,https://web.archive.org/web/20010702194031id_/http://www.bsnpr.com:80/gamestatwide.asp?r=BS21059&GRUPO=PO99&SERIE=4,2026-09-08T15:35:37Z
BS21059,2001,2001-06-02,MAYAGUEZ,7,"Verdejo, Jesus",1041,14,2,4,0,1,0,0,0,0,0,0,1,0,0,2,4,single-source,wayback_bsnpr_games,https://web.archive.org/web/20010702194031id_/http://www.bsnpr.com:80/gamestatwide.asp?r=BS21059&GRUPO=PO99&SERIE=4,2026-09-08T15:35:37Z
BS21059,2001,2001-06-02,MAYAGUEZ,8,"Melendez Jr, Flor",,5,0,0,0,2,2,2,0,0,0,0,0,0,0,0,2,single-source,wayback_bsnpr_games,https://web.archive.org/web/20010702194031id_/http://www.bsnpr.com:80/gamestatwide.asp?r=BS21059&GRUPO=PO99&SERIE=4,2026-09-08T15:35:37Z
BS21059,2001,2001-06-02,MAYAGUEZ,9,"Davila, Felix",,10,1,3,0,0,1,2,1,1,2,0,0,0,1,0,3,single-source,wayback_bsnpr_games,https://web.archive.org/web/20010702194031id_/http://www.bsnpr.com:80/gamestatwide.asp?r=BS21059&GRUPO=PO99&SERIE=4,2026-09-08T15:35:37Z
BS21060,2001,2001-06-03,BAYAMON,0,"Richards, Jaja",,31,3,4,0,0,6,8,3,7,10,1,0,0,1,3,12,single-source,wayback_bsnpr_games,https://web.archive.org/web/20010726160414id_/http://www.bsnpr.com:80/gamestatwide.asp?r=BS21060&grupo=,2026-09-08T15:35:44Z
BS21060,2001,2001-06-03,BAYAMON,10,"Cruz, Alvin",,14,2,4,5,7,1,2,1,0,1,2,0,0,4,2,20,single-source,wayback_bsnpr_games,https://web.archive.org/web/20010726160414id_/http://www.bsnpr.com:80/gamestatwide.asp?r=BS21060&grupo=,2026-09-08T15:35:44Z
BS21060,2001,2001-06-03,BAYAMON,12,"Padilla, Edgar",,27,4,9,0,1,0,0,1,0,1,3,2,0,4,2,8,single-source,wayback_bsnpr_games,https://web.archive.org/web/20010726160414id_/http://www.bsnpr.com:80/gamestatwide.asp?r=BS21060&grupo=,2026-09-08T15:35:44Z
BS21060,2001,2001-06-03,BAYAMON,15,"Latimer, Antonio",193,28,4,17,1,1,6,10,2,5,7,0,0,0,1,5,17,single-source,wayback_bsnpr_games,https://web.archive.org/web/20010726160414id_/http://www.bsnpr.com:80/gamestatwide.asp?r=BS21060&grupo=,2026-09-08T15:35:44Z
BS21060,2001,2001-06-03,BAYAMON,17,"Mincy, Jerome",1032,16,0,3,0,1,1,2,2,3,5,1,0,0,1,1,1,single-source,wayback_bsnpr_games,https://web.archive.org/web/20010726160414id_/http://www.bsnpr.com:80/gamestatwide.asp?r=BS21060&grupo=,2026-09-08T15:35:44Z
BS21060,2001,2001-06-03,BAYAMON,32,"Santiago, Eddin",502,16,1,3,1,2,0,0,0,2,2,1,1,0,2,0,5,single-source,wayback_bsnpr_games,https://web.archive.org/web/20010726160414id_/http://www.bsnpr.com:80/gamestatwide.asp?r=BS21060&grupo=,2026-09-08T15:35:44Z
BS21060,2001,2001-06-03,BAYAMON,4,"Western, Franklyn",,16,5,11,0,0,0,0,2,2,4,0,0,0,0,0,10,single-source,wayback_bsnpr_games,https://web.archive.org/web/20010726160414id_/http://www.bsnpr.com:80/gamestatwide.asp?r=BS21060&grupo=,2026-09-08T15:35:44Z
BS21060,2001,2001-06-03,BAYAMON,5,"Ortiz, Reyes",,17,1,2,1,4,0,0,1,1,2,3,0,0,2,1,5,single-source,wayback_bsnpr_games,https://web.archive.org/web/20010726160414id_/http://www.bsnpr.com:80/gamestatwide.asp?r=BS21060&grupo=,2026-09-08T15:35:44Z
BS21060,2001,2001-06-03,BAYAMON,6,"Travieso, Carmelo",,34,2,7,1,5,0,0,0,5,5,2,5,1,2,1,7,single-source,wayback_bsnpr_games,https://web.archive.org/web/20010726160414id_/http://www.bsnpr.com:80/gamestatwide.asp?r=BS21060&grupo=,2026-09-08T15:35:44Z
BS21060,2001,2001-06-03,BAYAMON,9,"Salgado, Gustavo",,1,0,0,0,0,0,2,0,0,0,0,0,0,1,0,0,single-source,wayback_bsnpr_games,https://web.archive.org/web/20010726160414id_/http://www.bsnpr.com:80/gamestatwide.asp?r=BS21060&grupo=,2026-09-08T15:35:44Z
BS21060,2001,2001-06-03,QUEBRADILLAS,10,"Jimenez, Giovanni",812,2,0,0,0,0,0,0,0,0,0,0,0,0,0,0,0,single-source,wayback_bsnpr_games,https://web.archive.org/web/20010726160414id_/http://www.bsnpr.com:80/gamestatwide.asp?r=BS21060&grupo=,2026-09-08T15:35:44Z
BS21060,2001,2001-06-03,QUEBRADILLAS,11,"Curbelo, Joel",,39,4,7,3,10,3,4,1,2,3,1,3,0,2,3,20,single-source,wayback_bsnpr_games,https://web.archive.org/web/20010726160414id_/http://www.bsnpr.com:80/gamestatwide.asp?r=BS21060&grupo=,2026-09-08T15:35:44Z
BS21060,2001,2001-06-03,QUEBRADILLAS,13,"Gonzalez, Javier",,11,1,2,1,2,0,2,2,0,2,0,0,1,1,0,5,single-source,wayback_bsnpr_games,https://web.archive.org/web/20010726160414id_/http://www.bsnpr.com:80/gamestatwide.asp?r=BS21060&grupo=,2026-09-08T15:35:44Z
BS21060,2001,2001-06-03,QUEBRADILLAS,14,"Kins, Kirk",,27,4,7,0,0,0,0,3,7,10,0,0,4,5,1,8,single-source,wayback_bsnpr_games,https://web.archive.org/web/20010726160414id_/http://www.bsnpr.com:80/gamestatwide.asp?r=BS21060&grupo=,2026-09-08T15:35:44Z
BS21060,2001,2001-06-03,QUEBRADILLAS,15,"Perez, Feliz",,28,3,5,0,0,0,0,3,10,13,0,0,1,4,1,6,single-source,wayback_bsnpr_games,https://web.archive.org/web/20010726160414id_/http://www.bsnpr.com:80/gamestatwide.asp?r=BS21060&grupo=,2026-09-08T15:35:44Z
BS21060,2001,2001-06-03,QUEBRADILLAS,17,"Morales, Alfredo",,2,0,0,0,1,1,2,0,1,1,0,0,0,1,0,1,single-source,wayback_bsnpr_games,https://web.archive.org/web/20010726160414id_/http://www.bsnpr.com:80/gamestatwide.asp?r=BS21060&grupo=,2026-09-08T15:35:44Z
BS21060,2001,2001-06-03,QUEBRADILLAS,5,"Dalmau, Richie",1970,39,6,13,1,5,6,6,0,10,10,14,1,1,3,5,21,single-source,wayback_bsnpr_games,https://web.archive.org/web/20010726160414id_/http://www.bsnpr.com:80/gamestatwide.asp?r=BS21060&grupo=,2026-09-08T15:35:44Z
BS21060,2001,2001-06-03,QUEBRADILLAS,6,"Arrufat, Eduardo",,13,0,0,0,1,0,0,0,1,1,0,1,0,0,0,0,single-source,wayback_bsnpr_games,https://web.archive.org/web/20010726160414id_/http://www.bsnpr.com:80/gamestatwide.asp?r=BS21060&grupo=,2026-09-08T15:35:44Z
BS21060,2001,2001-06-03,QUEBRADILLAS,7,"Dalmau, Ricardo",1992,38,10,16,3,6,1,1,1,3,4,0,0,1,1,5,30,single-source,wayback_bsnpr_games,https://web.archive.org/web/20010726160414id_/http://www.bsnpr.com:80/gamestatwide.asp?r=BS21060&grupo=,2026-09-08T15:35:44Z
BS21060,2001,2001-06-03,QUEBRADILLAS,8,"Alamo, Omar",,1,0,1,0,0,0,0,0,1,1,0,0,0,1,0,0,single-source,wayback_bsnpr_games,https://web.archive.org/web/20010726160414id_/http://www.bsnpr.com:80/gamestatwide.asp?r=BS21060&grupo=,2026-09-08T15:35:44Z
BS21061,2001,2001-06-03,MOROVIS,10,"Pagan, Wilfredo",2290,35,3,10,1,3,2,2,1,1,2,1,2,0,3,3,11,single-source,wayback_bsnpr_games,https://web.archive.org/web/20011224150001id_/http://www.bsnpr.com:80/gamestatwide.asp?r=BS21061&grupo=,2026-09-08T15:41:12Z
BS21061,2001,2001-06-03,MOROVIS,11,"Rodriguez, Miguel",,24,1,3,1,3,2,2,0,3,3,2,1,0,5,1,7,single-source,wayback_bsnpr_games,https://web.archive.org/web/20011224150001id_/http://www.bsnpr.com:80/gamestatwide.asp?r=BS21061&grupo=,2026-09-08T15:41:12Z
BS21061,2001,2001-06-03,MOROVIS,12,"Soto, Eric",,2,0,0,0,0,0,0,0,0,0,0,1,0,0,1,0,single-source,wayback_bsnpr_games,https://web.archive.org/web/20011224150001id_/http://www.bsnpr.com:80/gamestatwide.asp?r=BS21061&grupo=,2026-09-08T15:41:12Z
BS21061,2001,2001-06-03,MOROVIS,20,"Nieves, Roberto",2067,14,1,2,0,1,0,0,0,0,0,0,0,0,0,0,2,single-source,wayback_bsnpr_games,https://web.archive.org/web/20011224150001id_/http://www.bsnpr.com:80/gamestatwide.asp?r=BS21061&grupo=,2026-09-08T15:41:12Z
BS21061,2001,2001-06-03,MOROVIS,21,"Harrison, Glen",,2,0,1,0,0,0,0,0,1,1,0,0,0,1,0,0,single-source,wayback_bsnpr_games,https://web.archive.org/web/20011224150001id_/http://www.bsnpr.com:80/gamestatwide.asp?r=BS21061&grupo=,2026-09-08T15:41:12Z
BS21061,2001,2001-06-03,MOROVIS,24,"Marrero, Rafael",,3,0,0,0,0,1,2,0,0,0,0,0,0,0,0,1,single-source,wayback_bsnpr_games,https://web.archive.org/web/20011224150001id_/http://www.bsnpr.com:80/gamestatwide.asp?r=BS21061&grupo=,2026-09-08T15:41:12Z
BS21061,2001,2001-06-03,MOROVIS,33,"Medrano, Jorge",,36,7,13,0,1,1,3,1,2,3,2,1,0,3,4,15,single-source,wayback_bsnpr_games,https://web.archive.org/web/20011224150001id_/http://www.bsnpr.com:80/gamestatwide.asp?r=BS21061&grupo=,2026-09-08T15:41:12Z
BS21061,2001,2001-06-03,MOROVIS,45,"Davis, Nick",,40,9,13,0,1,3,4,2,19,21,2,3,1,3,5,21,single-source,wayback_bsnpr_games,https://web.archive.org/web/20011224150001id_/http://www.bsnpr.com:80/gamestatwide.asp?r=BS21061&grupo=,2026-09-08T15:41:12Z
BS21061,2001,2001-06-03,MOROVIS,5,"Santiago, Moises",,2,0,0,0,1,0,0,0,0,0,0,0,0,0,0,0,single-source,wayback_bsnpr_games,https://web.archive.org/web/20011224150001id_/http://www.bsnpr.com:80/gamestatwide.asp?r=BS21061&grupo=,2026-09-08T15:41:12Z
BS21061,2001,2001-06-03,MOROVIS,7,"Alicea, Pablo",,37,6,6,0,3,2,2,0,1,1,8,0,0,2,6,14,single-source,wayback_bsnpr_games,https://web.archive.org/web/20011224150001id_/http://www.bsnpr.com:80/gamestatwide.asp?r=BS21061&grupo=,2026-09-08T15:41:12Z
BS21061,2001,2001-06-03,MOROVIS,8,"Martinez, Carlos",,5,1,1,0,1,0,0,0,0,0,0,0,0,0,1,2,single-source,wayback_bsnpr_games,https://web.archive.org/web/20011224150001id_/http://www.bsnpr.com:80/gamestatwide.asp?r=BS21061&grupo=,2026-09-08T15:41:12Z
BS21061,2001,2001-06-03,SAN GERMAN,12,"Caanen, Wilhelmus",,28,0,4,1,3,0,0,1,4,5,2,4,0,3,2,3,single-source,wayback_bsnpr_games,https://web.archive.org/web/20011224150001id_/http://www.bsnpr.com:80/gamestatwide.asp?r=BS21061&grupo=,2026-09-08T15:41:12Z
BS21061,2001,2001-06-03,SAN GERMAN,13,"Fajardo, Shariff",,26,7,12,0,0,2,2,7,2,9,0,0,0,3,3,16,single-source,wayback_bsnpr_games,https://web.archive.org/web/20011224150001id_/http://www.bsnpr.com:80/gamestatwide.asp?r=BS21061&grupo=,2026-09-08T15:41:12Z
BS21061,2001,2001-06-03,SAN GERMAN,17,"Dalmau, Christian",382,27,4,12,1,4,2,2,1,6,7,8,0,0,5,6,13,single-source,wayback_bsnpr_games,https://web.archive.org/web/20011224150001id_/http://www.bsnpr.com:80/gamestatwide.asp?r=BS21061&grupo=,2026-09-08T15:41:12Z
BS21061,2001,2001-06-03,SAN GERMAN,20,"Ayuso, Larry",574,36,2,7,1,6,1,1,1,2,3,1,3,0,5,4,8,single-source,wayback_bsnpr_games,https://web.archive.org/web/20011224150001id_/http://www.bsnpr.com:80/gamestatwide.asp?r=BS21061&grupo=,2026-09-08T15:41:12Z
BS21061,2001,2001-06-03,SAN GERMAN,21,"Febles, Arnaldo",,14,4,5,0,0,0,0,1,2,3,0,0,0,2,0,8,single-source,wayback_bsnpr_games,https://web.archive.org/web/20011224150001id_/http://www.bsnpr.com:80/gamestatwide.asp?r=BS21061&grupo=,2026-09-08T15:41:12Z
BS21061,2001,2001-06-03,SAN GERMAN,32,"Lazor, Robert",2037,40,8,18,0,1,6,8,6,10,16,0,0,2,3,2,22,single-source,wayback_bsnpr_games,https://web.archive.org/web/20011224150001id_/http://www.bsnpr.com:80/gamestatwide.asp?r=BS21061&grupo=,2026-09-08T15:41:12Z
BS21061,2001,2001-06-03,SAN GERMAN,6,"Caraballo, Johnny",,7,0,1,0,2,0,0,0,0,0,0,0,0,1,0,0,single-source,wayback_bsnpr_games,https://web.archive.org/web/20011224150001id_/http://www.bsnpr.com:80/gamestatwide.asp?r=BS21061&grupo=,2026-09-08T15:41:12Z
BS21061,2001,2001-06-03,SAN GERMAN,7,"Quinones, Nelson",,22,1,1,3,6,0,0,0,2,2,1,2,0,2,0,11,single-source,wayback_bsnpr_games,https://web.archive.org/web/20011224150001id_/http://www.bsnpr.com:80/gamestatwide.asp?r=BS21061&grupo=,2026-09-08T15:41:12Z
BS21062,2001,2001-06-04,ARECIBO,11,"Chiaramelo, Oscar",,29,4,10,0,0,1,6,5,4,9,4,1,2,4,1,9,single-source,wayback_bsnpr_games,https://web.archive.org/web/20011005092920id_/http://www.bsnpr.com:80/gamestatwide.asp?r=BS21062&grupo=,2026-09-08T15:36:57Z
BS21062,2001,2001-06-04,ARECIBO,14,"Rivera, Jorge",1127,18,2,5,1,3,0,0,0,2,2,0,1,0,1,1,7,single-source,wayback_bsnpr_games,https://web.archive.org/web/20011005092920id_/http://www.bsnpr.com:80/gamestatwide.asp?r=BS21062&grupo=,2026-09-08T15:36:57Z
BS21062,2001,2001-06-04,ARECIBO,18,"Cortes, David",448,1,0,0,0,0,0,0,0,0,0,0,0,0,0,1,0,single-source,wayback_bsnpr_games,https://web.archive.org/web/20011005092920id_/http://www.bsnpr.com:80/gamestatwide.asp?r=BS21062&grupo=,2026-09-08T15:36:57Z
BS21062,2001,2001-06-04,ARECIBO,21,"Rivera, Omar",,6,1,1,0,0,0,2,0,1,1,2,0,0,2,0,2,single-source,wayback_bsnpr_games,https://web.archive.org/web/20011005092920id_/http://www.bsnpr.com:80/gamestatwide.asp?r=BS21062&grupo=,2026-09-08T15:36:57Z
BS21062,2001,2001-06-04,ARECIBO,25,"Hill, Kris",1416,25,0,5,0,0,3,5,1,4,5,2,0,1,5,5,3,single-source,wayback_bsnpr_games,https://web.archive.org/web/20011005092920id_/http://www.bsnpr.com:80/gamestatwide.asp?r=BS21062&grupo=,2026-09-08T15:36:57Z
BS21062,2001,2001-06-04,ARECIBO,31,"Cruz, Rafael",1895,17,0,2,0,2,2,4,0,1,1,4,1,1,0,1,2,single-source,wayback_bsnpr_games,https://web.archive.org/web/20011005092920id_/http://www.bsnpr.com:80/gamestatwide.asp?r=BS21062&grupo=,2026-09-08T15:36:57Z
BS21062,2001,2001-06-04,ARECIBO,32,"Calderon, Axel",,6,1,2,0,0,1,1,1,1,2,0,0,0,2,0,3,single-source,wayback_bsnpr_games,https://web.archive.org/web/20011005092920id_/http://www.bsnpr.com:80/gamestatwide.asp?r=BS21062&grupo=,2026-09-08T15:36:57Z
BS21062,2001,2001-06-04,ARECIBO,33,"Rolon, Javier",,28,4,10,0,1,0,0,3,3,6,2,0,0,1,1,8,single-source,wayback_bsnpr_games,https://web.archive.org/web/20011005092920id_/http://www.bsnpr.com:80/gamestatwide.asp?r=BS21062&grupo=,2026-09-08T15:36:57Z
BS21062,2001,2001-06-04,ARECIBO,7,"Cotte, John",,21,0,3,3,3,1,2,0,2,2,3,2,0,0,1,10,single-source,wayback_bsnpr_games,https://web.archive.org/web/20011005092920id_/http://www.bsnpr.com:80/gamestatwide.asp?r=BS21062&grupo=,2026-09-08T15:36:57Z
BS21062,2001,2001-06-04,ARECIBO,8,"Figueroa, Angel",135,25,7,10,1,4,5,7,1,1,2,0,3,0,3,0,22,single-source,wayback_bsnpr_games,https://web.archive.org/web/20011005092920id_/http://www.bsnpr.com:80/gamestatwide.asp?r=BS21062&grupo=,2026-09-08T15:36:57Z
BS21062,2001,2001-06-04,ARECIBO,9,"Garcia, Yan",,24,4,5,6,10,1,2,0,2,2,0,1,0,1,1,27,single-source,wayback_bsnpr_games,https://web.archive.org/web/20011005092920id_/http://www.bsnpr.com:80/gamestatwide.asp?r=BS21062&grupo=,2026-09-08T15:36:57Z
BS21062,2001,2001-06-04,SANTURCE,1,"Lopez, Jose",,9,1,1,0,1,0,0,0,1,1,0,0,0,1,1,2,single-source,wayback_bsnpr_games,https://web.archive.org/web/20011005092920id_/http://www.bsnpr.com:80/gamestatwide.asp?r=BS21062&grupo=,2026-09-08T15:36:57Z
BS21062,2001,2001-06-04,SANTURCE,10,"Arroyo, Alberto",,5,1,1,0,1,0,0,1,1,2,0,0,0,1,0,2,single-source,wayback_bsnpr_games,https://web.archive.org/web/20011005092920id_/http://www.bsnpr.com:80/gamestatwide.asp?r=BS21062&grupo=,2026-09-08T15:36:57Z
BS21062,2001,2001-06-04,SANTURCE,12,"Hourrutiner, Rolando",,35,4,5,1,4,2,2,4,3,7,4,1,0,4,5,13,single-source,wayback_bsnpr_games,https://web.archive.org/web/20011005092920id_/http://www.bsnpr.com:80/gamestatwide.asp?r=BS21062&grupo=,2026-09-08T15:36:57Z
BS21062,2001,2001-06-04,SANTURCE,31,"Rosario, Rich",,24,3,7,0,1,0,0,0,4,4,0,1,2,2,1,6,single-source,wayback_bsnpr_games,https://web.archive.org/web/20011005092920id_/http://www.bsnpr.com:80/gamestatwide.asp?r=BS21062&grupo=,2026-09-08T15:36:57Z
BS21062,2001,2001-06-04,SANTURCE,33,"Falcon, Alex",,9,0,1,0,0,2,2,0,0,0,0,0,0,1,2,2,single-source,wayback_bsnpr_games,https://web.archive.org/web/20011005092920id_/http://www.bsnpr.com:80/gamestatwide.asp?r=BS21062&grupo=,2026-09-08T15:36:57Z
BS21062,2001,2001-06-04,SANTURCE,4,"Ortiz, Jose",,38,13,19,0,0,4,5,1,14,15,2,1,2,2,5,30,single-source,wayback_bsnpr_games,https://web.archive.org/web/20011005092920id_/http://www.bsnpr.com:80/gamestatwide.asp?r=BS21062&grupo=,2026-09-08T15:36:57Z
BS21062,2001,2001-06-04,SANTURCE,42,"Aubry, Jefrey",1025,2,0,1,0,0,0,0,1,1,2,0,0,0,0,0,0,single-source,wayback_bsnpr_games,https://web.archive.org/web/20011005092920id_/http://www.bsnpr.com:80/gamestatwide.asp?r=BS21062&grupo=,2026-09-08T15:36:57Z
BS21062,2001,2001-06-04,SANTURCE,44,"Bocachica, Armando",,5,0,2,0,0,0,0,1,1,2,0,0,0,2,1,0,single-source,wayback_bsnpr_games,https://web.archive.org/web/20011005092920id_/http://www.bsnpr.com:80/gamestatwide.asp?r=BS21062&grupo=,2026-09-08T15:36:57Z
BS21062,2001,2001-06-04,SANTURCE,8,"Jonhson, Dave",,38,12,15,0,3,2,3,4,3,7,1,3,0,5,6,26,single-source,wayback_bsnpr_games,https://web.archive.org/web/20011005092920id_/http://www.bsnpr.com:80/gamestatwide.asp?r=BS21062&grupo=,2026-09-08T15:36:57Z
BS21062,2001,2001-06-04,SANTURCE,9,"Santiago, Edwin",,35,1,6,1,4,4,6,1,5,6,6,1,0,4,0,9,single-source,wayback_bsnpr_games,https://web.archive.org/web/20011005092920id_/http://www.bsnpr.com:80/gamestatwide.asp?r=BS21062&grupo=,2026-09-08T15:36:57Z
BS21065,2001,2001-06-04,COAMO,10,"Rivera, Filiberto",704,37,2,4,0,3,2,2,1,3,4,3,3,1,2,5,6,single-source,wayback_bsnpr_games,https://web.archive.org/web/20011005095115id_/http://www.bsnpr.com:80/gamestatwide.asp?r=BS21065&grupo=,2026-09-08T15:37:01Z
BS21065,2001,2001-06-04,COAMO,12,"Miller, Ira",,18,2,3,1,2,3,7,0,2,2,1,1,0,2,6,10,single-source,wayback_bsnpr_games,https://web.archive.org/web/20011005095115id_/http://www.bsnpr.com:80/gamestatwide.asp?r=BS21065&grupo=,2026-09-08T15:37:01Z
BS21065,2001,2001-06-04,COAMO,13,"Leon, Francisco",,2,0,0,0,0,0,0,0,0,0,0,0,0,0,0,0,single-source,wayback_bsnpr_games,https://web.archive.org/web/20011005095115id_/http://www.bsnpr.com:80/gamestatwide.asp?r=BS21065&grupo=,2026-09-08T15:37:01Z
BS21065,2001,2001-06-04,COAMO,16,"Rivera, Angel",,26,4,5,0,0,2,2,5,3,8,1,1,3,3,4,10,single-source,wayback_bsnpr_games,https://web.archive.org/web/20011005095115id_/http://www.bsnpr.com:80/gamestatwide.asp?r=BS21065&grupo=,2026-09-08T15:37:01Z
BS21065,2001,2001-06-04,COAMO,17,"Watson, Antonio",,39,8,14,0,1,10,13,4,6,10,6,1,5,1,5,26,single-source,wayback_bsnpr_games,https://web.archive.org/web/20011005095115id_/http://www.bsnpr.com:80/gamestatwide.asp?r=BS21065&grupo=,2026-09-08T15:37:01Z
BS21065,2001,2001-06-04,COAMO,20,"Novas, Rafael",,13,1,2,0,0,1,2,0,2,2,0,0,0,3,2,3,single-source,wayback_bsnpr_games,https://web.archive.org/web/20011005095115id_/http://www.bsnpr.com:80/gamestatwide.asp?r=BS21065&grupo=,2026-09-08T15:37:01Z
BS21065,2001,2001-06-04,COAMO,44,"Casablanca, Fernando",,1,0,0,0,0,0,0,0,0,0,0,0,0,0,1,0,single-source,wayback_bsnpr_games,https://web.archive.org/web/20011005095115id_/http://www.bsnpr.com:80/gamestatwide.asp?r=BS21065&grupo=,2026-09-08T15:37:01Z
BS21065,2001,2001-06-04,COAMO,5,"Rios, Roberto",2076,6,1,1,0,1,0,0,0,0,0,0,1,0,0,0,2,single-source,wayback_bsnpr_games,https://web.archive.org/web/20011005095115id_/http://www.bsnpr.com:80/gamestatwide.asp?r=BS21065&grupo=,2026-09-08T15:37:01Z
BS21065,2001,2001-06-04,COAMO,6,"Escalera, Carlos",284,35,4,6,2,5,3,3,1,2,3,3,4,2,5,7,17,single-source,wayback_bsnpr_games,https://web.archive.org/web/20011005095115id_/http://www.bsnpr.com:80/gamestatwide.asp?r=BS21065&grupo=,2026-09-08T15:37:01Z
BS21065,2001,2001-06-04,COAMO,9,"Payano, Carlos",,23,3,4,2,2,0,0,0,4,4,3,0,0,5,6,12,single-source,wayback_bsnpr_games,https://web.archive.org/web/20011005095115id_/http://www.bsnpr.com:80/gamestatwide.asp?r=BS21065&grupo=,2026-09-08T15:37:01Z
BS21065,2001,2001-06-04,SANTURCE,1,"Lopez, Jose",,9,0,1,0,0,0,0,0,0,0,1,2,0,1,2,0,single-source,wayback_bsnpr_games,https://web.archive.org/web/20011005095115id_/http://www.bsnpr.com:80/gamestatwide.asp?r=BS21065&grupo=,2026-09-08T15:37:01Z
BS21065,2001,2001-06-04,SANTURCE,12,"Hourrutiner, Rolando",,36,8,11,1,3,0,0,0,1,1,2,2,0,4,5,19,single-source,wayback_bsnpr_games,https://web.archive.org/web/20011005095115id_/http://www.bsnpr.com:80/gamestatwide.asp?r=BS21065&grupo=,2026-09-08T15:37:01Z
BS21065,2001,2001-06-04,SANTURCE,31,"Rosario, Rich",,15,1,4,1,3,2,2,0,2,2,0,3,0,2,2,7,single-source,wayback_bsnpr_games,https://web.archive.org/web/20011005095115id_/http://www.bsnpr.com:80/gamestatwide.asp?r=BS21065&grupo=,2026-09-08T15:37:01Z
BS21065,2001,2001-06-04,SANTURCE,33,"Falcon, Alex",,11,2,4,0,0,0,0,2,0,2,1,1,0,3,1,4,single-source,wayback_bsnpr_games,https://web.archive.org/web/20011005095115id_/http://www.bsnpr.com:80/gamestatwide.asp?r=BS21065&grupo=,2026-09-08T15:37:01Z
BS21065,2001,2001-06-04,SANTURCE,4,"Ortiz, Jose",,31,10,14,1,1,4,5,3,7,10,1,1,1,4,1,27,single-source,wayback_bsnpr_games,https://web.archive.org/web/20011005095115id_/http://www.bsnpr.com:80/gamestatwide.asp?r=BS21065&grupo=,2026-09-08T15:37:01Z
BS21065,2001,2001-06-04,SANTURCE,42,"Aubry, Jefrey",1025,13,2,3,0,0,0,4,3,0,3,0,1,1,4,0,4,single-source,wayback_bsnpr_games,https://web.archive.org/web/20011005095115id_/http://www.bsnpr.com:80/gamestatwide.asp?r=BS21065&grupo=,2026-09-08T15:37:01Z
BS21065,2001,2001-06-04,SANTURCE,44,"Bocachica, Armando",,7,0,0,0,1,0,0,0,0,0,0,3,0,1,0,0,single-source,wayback_bsnpr_games,https://web.archive.org/web/20011005095115id_/http://www.bsnpr.com:80/gamestatwide.asp?r=BS21065&grupo=,2026-09-08T15:37:01Z
BS21065,2001,2001-06-04,SANTURCE,5,"Santiago, Orlando",,31,1,2,2,8,0,0,2,1,3,8,2,0,2,3,8,single-source,wayback_bsnpr_games,https://web.archive.org/web/20011005095115id_/http://www.bsnpr.com:80/gamestatwide.asp?r=BS21065&grupo=,2026-09-08T15:37:01Z
BS21065,2001,2001-06-04,SANTURCE,8,"Jonhson, Dave",,31,3,8,0,1,4,4,3,1,4,2,5,0,3,4,10,single-source,wayback_bsnpr_games,https://web.archive.org/web/20011005095115id_/http://www.bsnpr.com:80/gamestatwide.asp?r=BS21065&grupo=,2026-09-08T15:37:01Z
BS21065,2001,2001-06-04,SANTURCE,9,"Santiago, Edwin",,16,3,9,1,3,2,3,2,0,2,3,0,0,0,2,11,single-source,wayback_bsnpr_games,https://web.archive.org/web/20011005095115id_/http://www.bsnpr.com:80/gamestatwide.asp?r=BS21065&grupo=,2026-09-08T15:37:01Z
BS21068,2001,2001-06-05,CAROLINA,10,"Vizcarrondo, Cesar",355,4,1,1,0,0,0,0,0,0,0,0,0,0,1,1,2,single-source,wayback_bsnpr_games,https://web.archive.org/web/20020423094043id_/http://www.bsnpr.com:80/gamestatwide.asp?r=BS21068&grupo=,2026-09-08T15:42:21Z
BS21068,2001,2001-06-05,CAROLINA,11,"Aska, Joseph",,11,4,4,0,0,5,7,1,2,3,0,1,1,0,3,13,single-source,wayback_bsnpr_games,https://web.archive.org/web/20020423094043id_/http://www.bsnpr.com:80/gamestatwide.asp?r=BS21068&grupo=,2026-09-08T15:42:21Z
BS21068,2001,2001-06-05,CAROLINA,12,"Alomar, Carlos",,3,1,1,0,0,0,0,0,0,0,0,1,0,0,0,2,single-source,wayback_bsnpr_games,https://web.archive.org/web/20020423094043id_/http://www.bsnpr.com:80/gamestatwide.asp?r=BS21068&grupo=,2026-09-08T15:42:21Z
BS21068,2001,2001-06-05,CAROLINA,13,"Newman, Henry",,3,0,1,0,0,0,0,0,1,1,0,0,0,0,1,0,single-source,wayback_bsnpr_games,https://web.archive.org/web/20020423094043id_/http://www.bsnpr.com:80/gamestatwide.asp?r=BS21068&grupo=,2026-09-08T15:42:21Z
BS21068,2001,2001-06-05,CAROLINA,14,"Valenzuela, Hector",869,3,0,0,0,0,0,0,0,1,1,0,0,0,1,0,0,single-source,wayback_bsnpr_games,https://web.archive.org/web/20020423094043id_/http://www.bsnpr.com:80/gamestatwide.asp?r=BS21068&grupo=,2026-09-08T15:42:21Z
BS21068,2001,2001-06-05,CAROLINA,15,"Ayala, Alexander",,12,0,3,0,1,0,0,0,0,0,0,0,0,1,1,0,single-source,wayback_bsnpr_games,https://web.archive.org/web/20020423094043id_/http://www.bsnpr.com:80/gamestatwide.asp?r=BS21068&grupo=,2026-09-08T15:42:21Z
BS21068,2001,2001-06-05,CAROLINA,17,"White, Joe",,19,0,4,0,0,2,2,2,3,5,0,1,5,3,1,2,single-source,wayback_bsnpr_games,https://web.archive.org/web/20020423094043id_/http://www.bsnpr.com:80/gamestatwide.asp?r=BS21068&grupo=,2026-09-08T15:42:21Z
BS21068,2001,2001-06-05,CAROLINA,18,"Simpson, Carl",,29,2,12,0,1,7,7,3,4,7,1,0,0,3,3,11,single-source,wayback_bsnpr_games,https://web.archive.org/web/20020423094043id_/http://www.bsnpr.com:80/gamestatwide.asp?r=BS21068&grupo=,2026-09-08T15:42:21Z
BS21068,2001,2001-06-05,CAROLINA,4,"Pizarro, Israel",,6,1,1,0,2,0,1,0,1,1,0,0,0,0,0,2,single-source,wayback_bsnpr_games,https://web.archive.org/web/20020423094043id_/http://www.bsnpr.com:80/gamestatwide.asp?r=BS21068&grupo=,2026-09-08T15:42:21Z
BS21068,2001,2001-06-05,CAROLINA,5,"Nieves, Ivan",954,33,2,2,5,11,3,4,1,0,1,3,3,0,3,2,22,single-source,wayback_bsnpr_games,https://web.archive.org/web/20020423094043id_/http://www.bsnpr.com:80/gamestatwide.asp?r=BS21068&grupo=,2026-09-08T15:42:21Z
BS21068,2001,2001-06-05,CAROLINA,6,"Borgos, Rich",,27,2,7,3,4,2,4,0,2,2,1,3,0,0,3,15,single-source,wayback_bsnpr_games,https://web.archive.org/web/20020423094043id_/http://www.bsnpr.com:80/gamestatwide.asp?r=BS21068&grupo=,2026-09-08T15:42:21Z
BS21068,2001,2001-06-05,CAROLINA,7,"Romer, Angel",,18,3,6,0,0,0,0,0,2,2,0,1,1,2,1,6,single-source,wayback_bsnpr_games,https://web.archive.org/web/20020423094043id_/http://www.bsnpr.com:80/gamestatwide.asp?r=BS21068&grupo=,2026-09-08T15:42:21Z
BS21068,2001,2001-06-05,CAROLINA,8,"Rodriguez, Armando",,10,0,1,0,2,0,0,1,0,1,1,0,0,2,2,0,single-source,wayback_bsnpr_games,https://web.archive.org/web/20020423094043id_/http://www.bsnpr.com:80/gamestatwide.asp?r=BS21068&grupo=,2026-09-08T15:42:21Z
BS21068,2001,2001-06-05,CAROLINA,9,"Roca, Joel",1065,22,3,3,0,4,0,0,0,1,1,2,0,0,2,1,6,single-source,wayback_bsnpr_games,https://web.archive.org/web/20020423094043id_/http://www.bsnpr.com:80/gamestatwide.asp?r=BS21068&grupo=,2026-09-08T15:42:21Z
BS21068,2001,2001-06-05,PONCE,1,"Morales, Ferdinand",,33,5,8,0,2,7,9,2,7,9,1,1,0,1,2,17,single-source,wayback_bsnpr_games,https://web.archive.org/web/20020423094043id_/http://www.bsnpr.com:80/gamestatwide.asp?r=BS21068&grupo=,2026-09-08T15:42:21Z
BS21068,2001,2001-06-05,PONCE,10,"Hatton, Bobby Joe",2074,30,7,10,0,2,0,0,3,1,4,10,3,0,4,4,14,single-source,wayback_bsnpr_games,https://web.archive.org/web/20020423094043id_/http://www.bsnpr.com:80/gamestatwide.asp?r=BS21068&grupo=,2026-09-08T15:42:21Z
BS21068,2001,2001-06-05,PONCE,11,"Casiano, Eddie",498,36,9,13,1,10,10,10,0,2,2,8,2,1,4,4,31,single-source,wayback_bsnpr_games,https://web.archive.org/web/20020423094043id_/http://www.bsnpr.com:80/gamestatwide.asp?r=BS21068&grupo=,2026-09-08T15:42:21Z
BS21068,2001,2001-06-05,PONCE,12,"Ricardo, Osiris",,7,0,1,0,0,0,0,1,0,1,0,0,0,4,5,0,single-source,wayback_bsnpr_games,https://web.archive.org/web/20020423094043id_/http://www.bsnpr.com:80/gamestatwide.asp?r=BS21068&grupo=,2026-09-08T15:42:21Z
BS21068,2001,2001-06-05,PONCE,16,"Martinez, Rafael",,20,1,2,0,1,0,0,2,5,7,0,2,0,2,0,2,single-source,wayback_bsnpr_games,https://web.archive.org/web/20020423094043id_/http://www.bsnpr.com:80/gamestatwide.asp?r=BS21068&grupo=,2026-09-08T15:42:21Z
BS21068,2001,2001-06-05,PONCE,17,"Collado, Roberto",,5,1,1,0,0,0,0,1,1,2,0,0,0,1,2,2,single-source,wayback_bsnpr_games,https://web.archive.org/web/20020423094043id_/http://www.bsnpr.com:80/gamestatwide.asp?r=BS21068&grupo=,2026-09-08T15:42:21Z
BS21068,2001,2001-06-05,PONCE,25,"Montalvo, Jesus",,6,0,2,0,0,0,0,0,1,1,0,0,0,2,1,0,single-source,wayback_bsnpr_games,https://web.archive.org/web/20020423094043id_/http://www.bsnpr.com:80/gamestatwide.asp?r=BS21068&grupo=,2026-09-08T15:42:21Z
BS21068,2001,2001-06-05,PONCE,33,"Soto, Eugenio",651,13,0,0,0,0,0,0,0,0,0,0,0,1,2,0,0,single-source,wayback_bsnpr_games,https://web.archive.org/web/20020423094043id_/http://www.bsnpr.com:80/gamestatwide.asp?r=BS21068&grupo=,2026-09-08T15:42:21Z
BS21068,2001,2001-06-05,PONCE,5,"Agosto, Jose",,18,2,3,2,4,1,2,0,3,3,0,1,0,2,0,11,single-source,wayback_bsnpr_games,https://web.archive.org/web/20020423094043id_/http://www.bsnpr.com:80/gamestatwide.asp?r=BS21068&grupo=,2026-09-08T15:42:21Z
BS21068,2001,2001-06-05,PONCE,6,"Lockhart, Ian",914,27,6,10,0,0,4,7,8,8,16,2,4,1,2,4,16,single-source,wayback_bsnpr_games,https://web.archive.org/web/20020423094043id_/http://www.bsnpr.com:80/gamestatwide.asp?r=BS21068&grupo=,2026-09-08T15:42:21Z
BS21068,2001,2001-06-05,PONCE,8,"Ramirez, Sean",,5,2,2,0,1,0,0,2,1,3,0,0,0,0,0,4,single-source,wayback_bsnpr_games,https://web.archive.org/web/20020423094043id_/http://www.bsnpr.com:80/gamestatwide.asp?r=BS21068&grupo=,2026-09-08T15:42:21Z
BS21072,2001,2001-06-06,BAYAMON,0,"Richards, Jaja",,24,4,6,0,0,3,4,7,9,16,0,0,1,4,3,11,single-source,wayback_bsnpr_games,https://web.archive.org/web/20011126003749id_/http://www.bsnpr.com:80/gamestatwide.asp?r=BS21072&grupo=,2026-09-08T15:39:32Z
BS21072,2001,2001-06-06,BAYAMON,0,"Richards, Jaja",,24,4,6,0,0,3,4,7,9,16,0,0,1,4,3,11,single-source,wayback_bsnpr_games,https://web.archive.org/web/20011223160824id_/http://www.bsnpr.com:80/gamestatwide.asp?r=BS21072&GRUPO=PO99&SERIE=4,2026-09-08T15:40:36Z
BS21072,2001,2001-06-06,BAYAMON,10,"Cruz, Alvin",,16,1,3,0,5,3,4,0,0,0,1,2,0,0,0,5,single-source,wayback_bsnpr_games,https://web.archive.org/web/20011126003749id_/http://www.bsnpr.com:80/gamestatwide.asp?r=BS21072&grupo=,2026-09-08T15:39:32Z
BS21072,2001,2001-06-06,BAYAMON,10,"Cruz, Alvin",,16,1,3,0,5,3,4,0,0,0,1,2,0,0,0,5,single-source,wayback_bsnpr_games,https://web.archive.org/web/20011223160824id_/http://www.bsnpr.com:80/gamestatwide.asp?r=BS21072&GRUPO=PO99&SERIE=4,2026-09-08T15:40:36Z
BS21072,2001,2001-06-06,BAYAMON,12,"Padilla, Edgar",,36,2,6,2,4,4,5,1,3,4,12,0,0,4,2,14,single-source,wayback_bsnpr_games,https://web.archive.org/web/20011126003749id_/http://www.bsnpr.com:80/gamestatwide.asp?r=BS21072&grupo=,2026-09-08T15:39:32Z
BS21072,2001,2001-06-06,BAYAMON,12,"Padilla, Edgar",,36,2,6,2,4,4,5,1,3,4,12,0,0,4,2,14,single-source,wayback_bsnpr_games,https://web.archive.org/web/20011223160824id_/http://www.bsnpr.com:80/gamestatwide.asp?r=BS21072&GRUPO=PO99&SERIE=4,2026-09-08T15:40:36Z
BS21072,2001,2001-06-06,BAYAMON,15,"Latimer, Antonio",193,29,5,13,0,3,0,3,2,4,6,0,0,0,1,1,10,single-source,wayback_bsnpr_games,https://web.archive.org/web/20011126003749id_/http://www.bsnpr.com:80/gamestatwide.asp?r=BS21072&grupo=,2026-09-08T15:39:32Z
BS21072,2001,2001-06-06,BAYAMON,15,"Latimer, Antonio",193,29,5,13,0,3,0,3,2,4,6,0,0,0,1,1,10,single-source,wayback_bsnpr_games,https://web.archive.org/web/20011223160824id_/http://www.bsnpr.com:80/gamestatwide.asp?r=BS21072&GRUPO=PO99&SERIE=4,2026-09-08T15:40:36Z
BS21072,2001,2001-06-06,BAYAMON,17,"Mincy, Jerome",1032,36,5,10,5,8,6,6,1,4,5,0,0,0,5,2,31,single-source,wayback_bsnpr_games,https://web.archive.org/web/20011126003749id_/http://www.bsnpr.com:80/gamestatwide.asp?r=BS21072&grupo=,2026-09-08T15:39:32Z
BS21072,2001,2001-06-06,BAYAMON,17,"Mincy, Jerome",1032,36,5,10,5,8,6,6,1,4,5,0,0,0,5,2,31,single-source,wayback_bsnpr_games,https://web.archive.org/web/20011223160824id_/http://www.bsnpr.com:80/gamestatwide.asp?r=BS21072&GRUPO=PO99&SERIE=4,2026-09-08T15:40:36Z
BS21072,2001,2001-06-06,BAYAMON,32,"Santiago, Eddin",502,1,0,0,0,0,0,0,0,0,0,0,0,0,1,1,0,single-source,wayback_bsnpr_games,https://web.archive.org/web/20011126003749id_/http://www.bsnpr.com:80/gamestatwide.asp?r=BS21072&grupo=,2026-09-08T15:39:32Z
BS21072,2001,2001-06-06,BAYAMON,32,"Santiago, Eddin",502,1,0,0,0,0,0,0,0,0,0,0,0,0,1,1,0,single-source,wayback_bsnpr_games,https://web.archive.org/web/20011223160824id_/http://www.bsnpr.com:80/gamestatwide.asp?r=BS21072&GRUPO=PO99&SERIE=4,2026-09-08T15:40:36Z
BS21072,2001,2001-06-06,BAYAMON,44,"Rodriguez, Jose",,3,1,2,0,0,0,0,0,1,1,0,0,0,0,0,2,single-source,wayback_bsnpr_games,https://web.archive.org/web/20011126003749id_/http://www.bsnpr.com:80/gamestatwide.asp?r=BS21072&grupo=,2026-09-08T15:39:32Z
BS21072,2001,2001-06-06,BAYAMON,44,"Rodriguez, Jose",,3,1,2,0,0,0,0,0,1,1,0,0,0,0,0,2,single-source,wayback_bsnpr_games,https://web.archive.org/web/20011223160824id_/http://www.bsnpr.com:80/gamestatwide.asp?r=BS21072&GRUPO=PO99&SERIE=4,2026-09-08T15:40:36Z
BS21072,2001,2001-06-06,BAYAMON,5,"Ortiz, Reyes",,13,3,4,0,1,0,0,0,0,0,4,0,0,4,0,6,single-source,wayback_bsnpr_games,https://web.archive.org/web/20011126003749id_/http://www.bsnpr.com:80/gamestatwide.asp?r=BS21072&grupo=,2026-09-08T15:39:32Z
BS21072,2001,2001-06-06,BAYAMON,5,"Ortiz, Reyes",,13,3,4,0,1,0,0,0,0,0,4,0,0,4,0,6,single-source,wayback_bsnpr_games,https://web.archive.org/web/20011223160824id_/http://www.bsnpr.com:80/gamestatwide.asp?r=BS21072&GRUPO=PO99&SERIE=4,2026-09-08T15:40:36Z
BS21072,2001,2001-06-06,BAYAMON,6,"Travieso, Carmelo",,38,0,2,8,18,2,3,2,5,7,2,1,0,4,3,26,single-source,wayback_bsnpr_games,https://web.archive.org/web/20011126003749id_/http://www.bsnpr.com:80/gamestatwide.asp?r=BS21072&grupo=,2026-09-08T15:39:32Z
BS21072,2001,2001-06-06,BAYAMON,6,"Travieso, Carmelo",,38,0,2,8,18,2,3,2,5,7,2,1,0,4,3,26,single-source,wayback_bsnpr_games,https://web.archive.org/web/20011223160824id_/http://www.bsnpr.com:80/gamestatwide.asp?r=BS21072&GRUPO=PO99&SERIE=4,2026-09-08T15:40:36Z
BS21072,2001,2001-06-06,BAYAMON,9,"Salgado, Gustavo",,4,0,0,0,0,0,0,0,0,0,0,1,0,1,0,0,single-source,wayback_bsnpr_games,https://web.archive.org/web/20011126003749id_/http://www.bsnpr.com:80/gamestatwide.asp?r=BS21072&grupo=,2026-09-08T15:39:32Z
BS21072,2001,2001-06-06,BAYAMON,9,"Salgado, Gustavo",,4,0,0,0,0,0,0,0,0,0,0,1,0,1,0,0,single-source,wayback_bsnpr_games,https://web.archive.org/web/20011223160824id_/http://www.bsnpr.com:80/gamestatwide.asp?r=BS21072&GRUPO=PO99&SERIE=4,2026-09-08T15:40:36Z
BS21072,2001,2001-06-06,SAN GERMAN,12,"Caanen, Wilhemus",,40,3,4,1,2,1,2,1,8,9,4,0,1,3,1,10,single-source,wayback_bsnpr_games,https://web.archive.org/web/20011126003749id_/http://www.bsnpr.com:80/gamestatwide.asp?r=BS21072&grupo=,2026-09-08T15:39:32Z
BS21072,2001,2001-06-06,SAN GERMAN,12,"Caanen, Wilhemus",,40,3,4,1,2,1,2,1,8,9,4,0,1,3,1,10,single-source,wayback_bsnpr_games,https://web.archive.org/web/20011223160824id_/http://www.bsnpr.com:80/gamestatwide.asp?r=BS21072&GRUPO=PO99&SERIE=4,2026-09-08T15:40:36Z
BS21072,2001,2001-06-06,SAN GERMAN,13,"Fajardo, Sharrif",,27,4,4,2,2,3,4,4,6,10,2,1,2,5,3,17,single-source,wayback_bsnpr_games,https://web.archive.org/web/20011126003749id_/http://www.bsnpr.com:80/gamestatwide.asp?r=BS21072&grupo=,2026-09-08T15:39:32Z
BS21072,2001,2001-06-06,SAN GERMAN,13,"Fajardo, Sharrif",,27,4,4,2,2,3,4,4,6,10,2,1,2,5,3,17,single-source,wayback_bsnpr_games,https://web.archive.org/web/20011223160824id_/http://www.bsnpr.com:80/gamestatwide.asp?r=BS21072&GRUPO=PO99&SERIE=4,2026-09-08T15:40:36Z
BS21072,2001,2001-06-06,SAN GERMAN,17,"Dalmau, Christian",382,39,8,10,2,5,2,5,1,4,5,12,2,0,4,5,24,single-source,wayback_bsnpr_games,https://web.archive.org/web/20011126003749id_/http://www.bsnpr.com:80/gamestatwide.asp?r=BS21072&grupo=,2026-09-08T15:39:32Z
BS21072,2001,2001-06-06,SAN GERMAN,17,"Dalmau, Christian",382,39,8,10,2,5,2,5,1,4,5,12,2,0,4,5,24,single-source,wayback_bsnpr_games,https://web.archive.org/web/20011223160824id_/http://www.bsnpr.com:80/gamestatwide.asp?r=BS21072&GRUPO=PO99&SERIE=4,2026-09-08T15:40:36Z
BS21072,2001,2001-06-06,SAN GERMAN,20,"Ayuso, Larry",574,40,6,14,4,9,1,2,0,4,4,1,3,0,3,1,25,single-source,wayback_bsnpr_games,https://web.archive.org/web/20011126003749id_/http://www.bsnpr.com:80/gamestatwide.asp?r=BS21072&grupo=,2026-09-08T15:39:32Z
BS21072,2001,2001-06-06,SAN GERMAN,20,"Ayuso, Larry",574,40,6,14,4,9,1,2,0,4,4,1,3,0,3,1,25,single-source,wayback_bsnpr_games,https://web.archive.org/web/20011223160824id_/http://www.bsnpr.com:80/gamestatwide.asp?r=BS21072&GRUPO=PO99&SERIE=4,2026-09-08T15:40:36Z
BS21072,2001,2001-06-06,SAN GERMAN,21,"Febres, Arnaldo",,13,1,2,0,0,1,2,0,0,0,0,0,0,5,2,3,single-source,wayback_bsnpr_games,https://web.archive.org/web/20011126003749id_/http://www.bsnpr.com:80/gamestatwide.asp?r=BS21072&grupo=,2026-09-08T15:39:32Z
BS21072,2001,2001-06-06,SAN GERMAN,21,"Febres, Arnaldo",,13,1,2,0,0,1,2,0,0,0,0,0,0,5,2,3,single-source,wayback_bsnpr_games,https://web.archive.org/web/20011223160824id_/http://www.bsnpr.com:80/gamestatwide.asp?r=BS21072&GRUPO=PO99&SERIE=4,2026-09-08T15:40:36Z
BS21072,2001,2001-06-06,SAN GERMAN,32,"Lazor, Robert",2037,40,6,12,2,6,9,10,1,8,9,4,0,3,2,2,27,single-source,wayback_bsnpr_games,https://web.archive.org/web/20011126003749id_/http://www.bsnpr.com:80/gamestatwide.asp?r=BS21072&grupo=,2026-09-08T15:39:32Z
BS21072,2001,2001-06-06,SAN GERMAN,32,"Lazor, Robert",2037,40,6,12,2,6,9,10,1,8,9,4,0,3,2,2,27,single-source,wayback_bsnpr_games,https://web.archive.org/web/20011223160824id_/http://www.bsnpr.com:80/gamestatwide.asp?r=BS21072&GRUPO=PO99&SERIE=4,2026-09-08T15:40:36Z
BS21072,2001,2001-06-06,SAN GERMAN,6,"Caraballo, Johny",,1,0,0,0,0,0,0,0,0,0,1,0,0,0,0,0,single-source,wayback_bsnpr_games,https://web.archive.org/web/20011126003749id_/http://www.bsnpr.com:80/gamestatwide.asp?r=BS21072&grupo=,2026-09-08T15:39:32Z
BS21072,2001,2001-06-06,SAN GERMAN,6,"Caraballo, Johny",,1,0,0,0,0,0,0,0,0,0,1,0,0,0,0,0,single-source,wayback_bsnpr_games,https://web.archive.org/web/20011223160824id_/http://www.bsnpr.com:80/gamestatwide.asp?r=BS21072&GRUPO=PO99&SERIE=4,2026-09-08T15:40:36Z
BS21076,2001,2001-06-07,ISABELA,10,"Santos, Xionel",,6,0,0,1,4,0,0,0,2,2,0,0,0,4,3,3,single-source,wayback_bsnpr_games,https://web.archive.org/web/20011223162049id_/http://www.bsnpr.com:80/gamestatwide.asp?r=BS21076&GRUPO=PO99&SERIE=4,2026-09-08T15:40:41Z
BS21076,2001,2001-06-07,ISABELA,10,"Santos, Xionel",,6,0,0,1,4,0,0,0,2,2,0,0,0,4,3,3,single-source,wayback_bsnpr_games,https://web.archive.org/web/20011224142830id_/http://www.bsnpr.com:80/gamestatwide.asp?r=BS21076&grupo=,2026-09-08T15:40:46Z
BS21076,2001,2001-06-07,ISABELA,11,"Quinones, Joel",,21,3,8,0,7,0,0,0,3,3,1,1,0,1,2,6,single-source,wayback_bsnpr_games,https://web.archive.org/web/20011223162049id_/http://www.bsnpr.com:80/gamestatwide.asp?r=BS21076&GRUPO=PO99&SERIE=4,2026-09-08T15:40:41Z
BS21076,2001,2001-06-07,ISABELA,11,"Quinones, Joel",,21,3,8,0,7,0,0,0,3,3,1,1,0,1,2,6,single-source,wayback_bsnpr_games,https://web.archive.org/web/20011224142830id_/http://www.bsnpr.com:80/gamestatwide.asp?r=BS21076&grupo=,2026-09-08T15:40:46Z
BS21076,2001,2001-06-07,ISABELA,12,"Lopez, Jose",,20,3,5,1,3,0,0,1,1,2,0,1,2,2,1,9,single-source,wayback_bsnpr_games,https://web.archive.org/web/20011223162049id_/http://www.bsnpr.com:80/gamestatwide.asp?r=BS21076&GRUPO=PO99&SERIE=4,2026-09-08T15:40:41Z
BS21076,2001,2001-06-07,ISABELA,12,"Lopez, Jose",,20,3,5,1,3,0,0,1,1,2,0,1,2,2,1,9,single-source,wayback_bsnpr_games,https://web.archive.org/web/20011224142830id_/http://www.bsnpr.com:80/gamestatwide.asp?r=BS21076&grupo=,2026-09-08T15:40:46Z
BS21076,2001,2001-06-07,ISABELA,13,"Fernandez, Eric",,19,1,2,2,5,0,0,2,2,4,1,1,0,1,0,8,single-source,wayback_bsnpr_games,https://web.archive.org/web/20011223162049id_/http://www.bsnpr.com:80/gamestatwide.asp?r=BS21076&GRUPO=PO99&SERIE=4,2026-09-08T15:40:41Z
BS21076,2001,2001-06-07,ISABELA,13,"Fernandez, Eric",,19,1,2,2,5,0,0,2,2,4,1,1,0,1,0,8,single-source,wayback_bsnpr_games,https://web.archive.org/web/20011224142830id_/http://www.bsnpr.com:80/gamestatwide.asp?r=BS21076&grupo=,2026-09-08T15:40:46Z
BS21076,2001,2001-06-07,ISABELA,15,"Crispin, Natanael",,9,2,3,0,1,1,3,1,3,4,0,0,0,1,1,5,single-source,wayback_bsnpr_games,https://web.archive.org/web/20011223162049id_/http://www.bsnpr.com:80/gamestatwide.asp?r=BS21076&GRUPO=PO99&SERIE=4,2026-09-08T15:40:41Z
BS21076,2001,2001-06-07,ISABELA,15,"Crispin, Natanael",,9,2,3,0,1,1,3,1,3,4,0,0,0,1,1,5,single-source,wayback_bsnpr_games,https://web.archive.org/web/20011224142830id_/http://www.bsnpr.com:80/gamestatwide.asp?r=BS21076&grupo=,2026-09-08T15:40:46Z
BS21076,2001,2001-06-07,ISABELA,2,"Rivera, Eddie",,26,1,3,0,4,1,2,0,2,2,1,1,0,1,0,3,single-source,wayback_bsnpr_games,https://web.archive.org/web/20011223162049id_/http://www.bsnpr.com:80/gamestatwide.asp?r=BS21076&GRUPO=PO99&SERIE=4,2026-09-08T15:40:41Z
BS21076,2001,2001-06-07,ISABELA,2,"Rivera, Eddie",,26,1,3,0,4,1,2,0,2,2,1,1,0,1,0,3,single-source,wayback_bsnpr_games,https://web.archive.org/web/20011224142830id_/http://www.bsnpr.com:80/gamestatwide.asp?r=BS21076&grupo=,2026-09-08T15:40:46Z
BS21076,2001,2001-06-07,ISABELA,23,"Venzen, Gilberto",,9,0,1,0,1,0,0,1,2,3,1,0,0,2,1,0,single-source,wayback_bsnpr_games,https://web.archive.org/web/20011223162049id_/http://www.bsnpr.com:80/gamestatwide.asp?r=BS21076&GRUPO=PO99&SERIE=4,2026-09-08T15:40:41Z
BS21076,2001,2001-06-07,ISABELA,23,"Venzen, Gilberto",,9,0,1,0,1,0,0,1,2,3,1,0,0,2,1,0,single-source,wayback_bsnpr_games,https://web.archive.org/web/20011224142830id_/http://www.bsnpr.com:80/gamestatwide.asp?r=BS21076&grupo=,2026-09-08T15:40:46Z
BS21076,2001,2001-06-07,ISABELA,31,"Guzman, Lionel",,5,1,5,0,0,0,0,3,2,5,0,0,0,1,0,2,single-source,wayback_bsnpr_games,https://web.archive.org/web/20011223162049id_/http://www.bsnpr.com:80/gamestatwide.asp?r=BS21076&GRUPO=PO99&SERIE=4,2026-09-08T15:40:41Z
BS21076,2001,2001-06-07,ISABELA,31,"Guzman, Lionel",,5,1,5,0,0,0,0,3,2,5,0,0,0,1,0,2,single-source,wayback_bsnpr_games,https://web.archive.org/web/20011224142830id_/http://www.bsnpr.com:80/gamestatwide.asp?r=BS21076&grupo=,2026-09-08T15:40:46Z
BS21076,2001,2001-06-07,ISABELA,32,"Bravo, Arturo",,5,1,1,0,1,0,0,1,0,1,2,1,0,1,0,2,single-source,wayback_bsnpr_games,https://web.archive.org/web/20011223162049id_/http://www.bsnpr.com:80/gamestatwide.asp?r=BS21076&GRUPO=PO99&SERIE=4,2026-09-08T15:40:41Z
BS21076,2001,2001-06-07,ISABELA,32,"Bravo, Arturo",,5,1,1,0,1,0,0,1,0,1,2,1,0,1,0,2,single-source,wayback_bsnpr_games,https://web.archive.org/web/20011224142830id_/http://www.bsnpr.com:80/gamestatwide.asp?r=BS21076&grupo=,2026-09-08T15:40:46Z
BS21076,2001,2001-06-07,ISABELA,34,"Acevedo, Jose",,7,1,5,0,1,0,0,0,0,0,0,0,0,0,0,2,single-source,wayback_bsnpr_games,https://web.archive.org/web/20011223162049id_/http://www.bsnpr.com:80/gamestatwide.asp?r=BS21076&GRUPO=PO99&SERIE=4,2026-09-08T15:40:41Z
BS21076,2001,2001-06-07,ISABELA,34,"Acevedo, Jose",,7,1,5,0,1,0,0,0,0,0,0,0,0,0,0,2,single-source,wayback_bsnpr_games,https://web.archive.org/web/20011224142830id_/http://www.bsnpr.com:80/gamestatwide.asp?r=BS21076&grupo=,2026-09-08T15:40:46Z
BS21076,2001,2001-06-07,ISABELA,42,"Figueroa, Anthony",,14,1,1,1,1,0,2,0,4,4,2,1,0,1,3,5,single-source,wayback_bsnpr_games,https://web.archive.org/web/20011223162049id_/http://www.bsnpr.com:80/gamestatwide.asp?r=BS21076&GRUPO=PO99&SERIE=4,2026-09-08T15:40:41Z
BS21076,2001,2001-06-07,ISABELA,42,"Figueroa, Anthony",,14,1,1,1,1,0,2,0,4,4,2,1,0,1,3,5,single-source,wayback_bsnpr_games,https://web.archive.org/web/20011224142830id_/http://www.bsnpr.com:80/gamestatwide.asp?r=BS21076&grupo=,2026-09-08T15:40:46Z
BS21076,2001,2001-06-07,ISABELA,45,"Leeks, Kenny",,36,6,16,1,2,2,3,6,4,10,2,2,2,3,3,17,single-source,wayback_bsnpr_games,https://web.archive.org/web/20011223162049id_/http://www.bsnpr.com:80/gamestatwide.asp?r=BS21076&GRUPO=PO99&SERIE=4,2026-09-08T15:40:41Z
BS21076,2001,2001-06-07,ISABELA,45,"Leeks, Kenny",,36,6,16,1,2,2,3,6,4,10,2,2,2,3,3,17,single-source,wayback_bsnpr_games,https://web.archive.org/web/20011224142830id_/http://www.bsnpr.com:80/gamestatwide.asp?r=BS21076&grupo=,2026-09-08T15:40:46Z
BS21076,2001,2001-06-07,ISABELA,48,"Machado, Adrian",,15,1,2,0,6,2,2,1,4,5,0,0,2,1,1,4,single-source,wayback_bsnpr_games,https://web.archive.org/web/20011223162049id_/http://www.bsnpr.com:80/gamestatwide.asp?r=BS21076&GRUPO=PO99&SERIE=4,2026-09-08T15:40:41Z
BS21076,2001,2001-06-07,ISABELA,48,"Machado, Adrian",,15,1,2,0,6,2,2,1,4,5,0,0,2,1,1,4,single-source,wayback_bsnpr_games,https://web.archive.org/web/20011224142830id_/http://www.bsnpr.com:80/gamestatwide.asp?r=BS21076&grupo=,2026-09-08T15:40:46Z
BS21076,2001,2001-06-07,ISABELA,8,"Colon, Edid",,8,1,4,0,0,0,0,0,0,0,0,0,0,0,0,2,single-source,wayback_bsnpr_games,https://web.archive.org/web/20011223162049id_/http://www.bsnpr.com:80/gamestatwide.asp?r=BS21076&GRUPO=PO99&SERIE=4,2026-09-08T15:40:41Z
BS21076,2001,2001-06-07,ISABELA,8,"Colon, Edid",,8,1,4,0,0,0,0,0,0,0,0,0,0,0,0,2,single-source,wayback_bsnpr_games,https://web.archive.org/web/20011224142830id_/http://www.bsnpr.com:80/gamestatwide.asp?r=BS21076&grupo=,2026-09-08T15:40:46Z
BS21076,2001,2001-06-07,SAN GERMAN,12,"Caanen, Wilhelmus",,31,2,3,0,0,0,0,0,5,5,2,2,0,2,3,4,single-source,wayback_bsnpr_games,https://web.archive.org/web/20011223162049id_/http://www.bsnpr.com:80/gamestatwide.asp?r=BS21076&GRUPO=PO99&SERIE=4,2026-09-08T15:40:41Z
BS21076,2001,2001-06-07,SAN GERMAN,12,"Caanen, Wilhelmus",,31,2,3,0,0,0,0,0,5,5,2,2,0,2,3,4,single-source,wayback_bsnpr_games,https://web.archive.org/web/20011224142830id_/http://www.bsnpr.com:80/gamestatwide.asp?r=BS21076&grupo=,2026-09-08T15:40:46Z
BS21076,2001,2001-06-07,SAN GERMAN,13,"Fajardo, Shariff",,30,8,13,0,1,0,3,0,12,12,1,1,0,2,2,16,single-source,wayback_bsnpr_games,https://web.archive.org/web/20011223162049id_/http://www.bsnpr.com:80/gamestatwide.asp?r=BS21076&GRUPO=PO99&SERIE=4,2026-09-08T15:40:41Z
BS21076,2001,2001-06-07,SAN GERMAN,13,"Fajardo, Shariff",,30,8,13,0,1,0,3,0,12,12,1,1,0,2,2,16,single-source,wayback_bsnpr_games,https://web.archive.org/web/20011224142830id_/http://www.bsnpr.com:80/gamestatwide.asp?r=BS21076&grupo=,2026-09-08T15:40:46Z
BS21076,2001,2001-06-07,SAN GERMAN,14,"Rivera, Raul",,2,0,0,0,0,0,0,0,1,1,0,0,0,0,0,0,single-source,wayback_bsnpr_games,https://web.archive.org/web/20011223162049id_/http://www.bsnpr.com:80/gamestatwide.asp?r=BS21076&GRUPO=PO99&SERIE=4,2026-09-08T15:40:41Z
BS21076,2001,2001-06-07,SAN GERMAN,14,"Rivera, Raul",,2,0,0,0,0,0,0,0,1,1,0,0,0,0,0,0,single-source,wayback_bsnpr_games,https://web.archive.org/web/20011224142830id_/http://www.bsnpr.com:80/gamestatwide.asp?r=BS21076&grupo=,2026-09-08T15:40:46Z
BS21076,2001,2001-06-07,SAN GERMAN,17,"Dalmau, Christian",382,36,9,12,2,5,3,5,2,8,10,8,1,0,2,7,27,single-source,wayback_bsnpr_games,https://web.archive.org/web/20011223162049id_/http://www.bsnpr.com:80/gamestatwide.asp?r=BS21076&GRUPO=PO99&SERIE=4,2026-09-08T15:40:41Z
BS21076,2001,2001-06-07,SAN GERMAN,17,"Dalmau, Christian",382,36,9,12,2,5,3,5,2,8,10,8,1,0,2,7,27,single-source,wayback_bsnpr_games,https://web.archive.org/web/20011224142830id_/http://www.bsnpr.com:80/gamestatwide.asp?r=BS21076&grupo=,2026-09-08T15:40:46Z
BS21076,2001,2001-06-07,SAN GERMAN,18,"Barea, Irving",,4,1,1,0,1,0,0,0,1,1,0,1,0,0,0,2,single-source,wayback_bsnpr_games,https://web.archive.org/web/20011223162049id_/http://www.bsnpr.com:80/gamestatwide.asp?r=BS21076&GRUPO=PO99&SERIE=4,2026-09-08T15:40:41Z
BS21076,2001,2001-06-07,SAN GERMAN,18,"Barea, Irving",,4,1,1,0,1,0,0,0,1,1,0,1,0,0,0,2,single-source,wayback_bsnpr_games,https://web.archive.org/web/20011224142830id_/http://www.bsnpr.com:80/gamestatwide.asp?r=BS21076&grupo=,2026-09-08T15:40:46Z
BS21076,2001,2001-06-07,SAN GERMAN,20,"Ayuso, Larry",574,35,9,13,3,7,2,2,0,7,7,2,0,0,1,1,29,single-source,wayback_bsnpr_games,https://web.archive.org/web/20011223162049id_/http://www.bsnpr.com:80/gamestatwide.asp?r=BS21076&GRUPO=PO99&SERIE=4,2026-09-08T15:40:41Z
BS21076,2001,2001-06-07,SAN GERMAN,20,"Ayuso, Larry",574,35,9,13,3,7,2,2,0,7,7,2,0,0,1,1,29,single-source,wayback_bsnpr_games,https://web.archive.org/web/20011224142830id_/http://www.bsnpr.com:80/gamestatwide.asp?r=BS21076&grupo=,2026-09-08T15:40:46Z
BS21076,2001,2001-06-07,SAN GERMAN,21,"Febres, Arnaldo",,8,1,2,0,0,1,2,1,1,2,0,0,0,1,1,3,single-source,wayback_bsnpr_games,https://web.archive.org/web/20011223162049id_/http://www.bsnpr.com:80/gamestatwide.asp?r=BS21076&GRUPO=PO99&SERIE=4,2026-09-08T15:40:41Z
BS21076,2001,2001-06-07,SAN GERMAN,21,"Febres, Arnaldo",,8,1,2,0,0,1,2,1,1,2,0,0,0,1,1,3,single-source,wayback_bsnpr_games,https://web.archive.org/web/20011224142830id_/http://www.bsnpr.com:80/gamestatwide.asp?r=BS21076&grupo=,2026-09-08T15:40:46Z
BS21076,2001,2001-06-07,SAN GERMAN,23,"Llovet, Francisco",,5,0,0,0,1,1,2,0,1,1,1,0,0,1,0,1,single-source,wayback_bsnpr_games,https://web.archive.org/web/20011223162049id_/http://www.bsnpr.com:80/gamestatwide.asp?r=BS21076&GRUPO=PO99&SERIE=4,2026-09-08T15:40:41Z
BS21076,2001,2001-06-07,SAN GERMAN,23,"Llovet, Francisco",,5,0,0,0,1,1,2,0,1,1,1,0,0,1,0,1,single-source,wayback_bsnpr_games,https://web.archive.org/web/20011224142830id_/http://www.bsnpr.com:80/gamestatwide.asp?r=BS21076&grupo=,2026-09-08T15:40:46Z
BS21076,2001,2001-06-07,SAN GERMAN,26,"Zayas, Gerardo",795,5,1,3,0,0,0,1,0,0,0,0,0,0,2,1,2,single-source,wayback_bsnpr_games,https://web.archive.org/web/20011223162049id_/http://www.bsnpr.com:80/gamestatwide.asp?r=BS21076&GRUPO=PO99&SERIE=4,2026-09-08T15:40:41Z
BS21076,2001,2001-06-07,SAN GERMAN,26,"Zayas, Gerardo",795,5,1,3,0,0,0,1,0,0,0,0,0,0,2,1,2,single-source,wayback_bsnpr_games,https://web.archive.org/web/20011224142830id_/http://www.bsnpr.com:80/gamestatwide.asp?r=BS21076&grupo=,2026-09-08T15:40:46Z
BS21076,2001,2001-06-07,SAN GERMAN,32,"Lazor, Robert",2037,35,4,10,2,2,2,3,1,10,11,4,0,1,2,1,16,single-source,wayback_bsnpr_games,https://web.archive.org/web/20011223162049id_/http://www.bsnpr.com:80/gamestatwide.asp?r=BS21076&GRUPO=PO99&SERIE=4,2026-09-08T15:40:41Z
BS21076,2001,2001-06-07,SAN GERMAN,32,"Lazor, Robert",2037,35,4,10,2,2,2,3,1,10,11,4,0,1,2,1,16,single-source,wayback_bsnpr_games,https://web.archive.org/web/20011224142830id_/http://www.bsnpr.com:80/gamestatwide.asp?r=BS21076&grupo=,2026-09-08T15:40:46Z
BS21076,2001,2001-06-07,SAN GERMAN,6,"Caraballo, Johnny",,9,0,0,0,0,0,0,0,2,2,1,0,0,1,1,0,single-source,wayback_bsnpr_games,https://web.archive.org/web/20011223162049id_/http://www.bsnpr.com:80/gamestatwide.asp?r=BS21076&GRUPO=PO99&SERIE=4,2026-09-08T15:40:41Z
BS21076,2001,2001-06-07,SAN GERMAN,6,"Caraballo, Johnny",,9,0,0,0,0,0,0,0,2,2,1,0,0,1,1,0,single-source,wayback_bsnpr_games,https://web.archive.org/web/20011224142830id_/http://www.bsnpr.com:80/gamestatwide.asp?r=BS21076&grupo=,2026-09-08T15:40:46Z
BS21080,2001,2001-06-08,MOROVIS,1,"Rodriguez, Joseph",,14,1,3,2,3,3,6,0,0,0,0,1,0,2,1,11,single-source,wayback_bsnpr_games,https://web.archive.org/web/20020423094548id_/http://www.bsnpr.com:80/gamestatwide.asp?r=BS21080&grupo=,2026-09-08T15:42:26Z
BS21080,2001,2001-06-08,MOROVIS,10,"Pagan, Wilfredo",2290,36,2,5,1,5,1,1,1,1,2,3,4,0,4,3,8,single-source,wayback_bsnpr_games,https://web.archive.org/web/20020423094548id_/http://www.bsnpr.com:80/gamestatwide.asp?r=BS21080&grupo=,2026-09-08T15:42:26Z
BS21080,2001,2001-06-08,MOROVIS,12,"Soto, Eric",,8,0,1,0,1,0,0,0,1,1,0,0,0,0,0,0,single-source,wayback_bsnpr_games,https://web.archive.org/web/20020423094548id_/http://www.bsnpr.com:80/gamestatwide.asp?r=BS21080&grupo=,2026-09-08T15:42:26Z
BS21080,2001,2001-06-08,MOROVIS,16,"Rodriguez, Miguel",,20,1,3,2,4,0,0,1,0,1,0,1,0,2,4,8,single-source,wayback_bsnpr_games,https://web.archive.org/web/20020423094548id_/http://www.bsnpr.com:80/gamestatwide.asp?r=BS21080&grupo=,2026-09-08T15:42:26Z
BS21080,2001,2001-06-08,MOROVIS,21,"Harrison, Glen",,4,1,2,0,0,0,0,0,0,0,0,0,0,0,0,2,single-source,wayback_bsnpr_games,https://web.archive.org/web/20020423094548id_/http://www.bsnpr.com:80/gamestatwide.asp?r=BS21080&grupo=,2026-09-08T15:42:26Z
BS21080,2001,2001-06-08,MOROVIS,24,"Marrero, Rafael",,7,1,2,1,1,0,0,1,0,1,1,0,1,1,1,5,single-source,wayback_bsnpr_games,https://web.archive.org/web/20020423094548id_/http://www.bsnpr.com:80/gamestatwide.asp?r=BS21080&grupo=,2026-09-08T15:42:26Z
BS21080,2001,2001-06-08,MOROVIS,33,"Medrano, Jorge",,30,3,6,0,0,2,3,0,3,3,2,1,0,0,2,8,single-source,wayback_bsnpr_games,https://web.archive.org/web/20020423094548id_/http://www.bsnpr.com:80/gamestatwide.asp?r=BS21080&grupo=,2026-09-08T15:42:26Z
BS21080,2001,2001-06-08,MOROVIS,45,"Davis, Nick",,40,10,15,0,0,9,13,4,16,20,1,1,2,1,3,29,single-source,wayback_bsnpr_games,https://web.archive.org/web/20020423094548id_/http://www.bsnpr.com:80/gamestatwide.asp?r=BS21080&grupo=,2026-09-08T15:42:26Z
BS21080,2001,2001-06-08,MOROVIS,5,"Santiago, Moises",,9,1,3,1,4,0,0,0,0,0,0,2,0,1,0,5,single-source,wayback_bsnpr_games,https://web.archive.org/web/20020423094548id_/http://www.bsnpr.com:80/gamestatwide.asp?r=BS21080&grupo=,2026-09-08T15:42:26Z
BS21080,2001,2001-06-08,MOROVIS,7,"Alicea, Pablo",,31,3,4,0,4,0,0,0,1,1,5,0,0,2,4,6,single-source,wayback_bsnpr_games,https://web.archive.org/web/20020423094548id_/http://www.bsnpr.com:80/gamestatwide.asp?r=BS21080&grupo=,2026-09-08T15:42:26Z
BS21080,2001,2001-06-08,MOROVIS,8,"Martinez, Carlos",,1,0,0,0,1,0,0,0,0,0,0,0,0,0,0,0,single-source,wayback_bsnpr_games,https://web.archive.org/web/20020423094548id_/http://www.bsnpr.com:80/gamestatwide.asp?r=BS21080&grupo=,2026-09-08T15:42:26Z
BS21080,2001,2001-06-08,PONCE,1,"Morales, Ferdinand",,30,4,7,0,2,2,4,0,4,4,2,1,1,5,2,10,single-source,wayback_bsnpr_games,https://web.archive.org/web/20020423094548id_/http://www.bsnpr.com:80/gamestatwide.asp?r=BS21080&grupo=,2026-09-08T15:42:26Z
BS21080,2001,2001-06-08,PONCE,10,"Hatton, Bobby Joe",2074,28,6,10,0,1,1,1,2,0,2,6,1,0,2,2,13,single-source,wayback_bsnpr_games,https://web.archive.org/web/20020423094548id_/http://www.bsnpr.com:80/gamestatwide.asp?r=BS21080&grupo=,2026-09-08T15:42:26Z
BS21080,2001,2001-06-08,PONCE,11,"Casiano, Eddie",498,31,8,15,1,5,4,5,1,0,1,3,3,0,2,1,23,single-source,wayback_bsnpr_games,https://web.archive.org/web/20020423094548id_/http://www.bsnpr.com:80/gamestatwide.asp?r=BS21080&grupo=,2026-09-08T15:42:26Z
BS21080,2001,2001-06-08,PONCE,16,"Martinez, Rafael",,16,2,2,0,1,0,0,0,1,1,0,1,0,4,3,4,single-source,wayback_bsnpr_games,https://web.archive.org/web/20020423094548id_/http://www.bsnpr.com:80/gamestatwide.asp?r=BS21080&grupo=,2026-09-08T15:42:26Z
BS21080,2001,2001-06-08,PONCE,17,"Collado, Roberto",,11,0,1,0,0,0,0,1,3,4,0,0,0,1,1,0,single-source,wayback_bsnpr_games,https://web.archive.org/web/20020423094548id_/http://www.bsnpr.com:80/gamestatwide.asp?r=BS21080&grupo=,2026-09-08T15:42:26Z
BS21080,2001,2001-06-08,PONCE,33,"Soto, Eugenio",651,14,1,2,0,0,0,0,3,6,9,2,0,0,2,0,2,single-source,wayback_bsnpr_games,https://web.archive.org/web/20020423094548id_/http://www.bsnpr.com:80/gamestatwide.asp?r=BS21080&grupo=,2026-09-08T15:42:26Z
BS21080,2001,2001-06-08,PONCE,4,"Colon, Javier",1011,21,4,5,2,5,4,5,0,1,1,3,0,0,3,3,18,single-source,wayback_bsnpr_games,https://web.archive.org/web/20020423094548id_/http://www.bsnpr.com:80/gamestatwide.asp?r=BS21080&grupo=,2026-09-08T15:42:26Z
BS21080,2001,2001-06-08,PONCE,5,"Agosto, Jose",,19,0,1,1,4,0,0,1,3,4,3,0,0,2,3,3,single-source,wayback_bsnpr_games,https://web.archive.org/web/20020423094548id_/http://www.bsnpr.com:80/gamestatwide.asp?r=BS21080&grupo=,2026-09-08T15:42:26Z
BS21080,2001,2001-06-08,PONCE,6,"Lockhart, Ian",914,29,5,9,3,4,1,1,4,10,14,2,6,1,4,3,20,single-source,wayback_bsnpr_games,https://web.archive.org/web/20020423094548id_/http://www.bsnpr.com:80/gamestatwide.asp?r=BS21080&grupo=,2026-09-08T15:42:26Z
BS21080,2001,2001-06-08,PONCE,8,"Ramirez, Seam",,1,0,1,0,0,0,0,0,0,0,0,0,0,0,0,0,single-source,wayback_bsnpr_games,https://web.archive.org/web/20020423094548id_/http://www.bsnpr.com:80/gamestatwide.asp?r=BS21080&grupo=,2026-09-08T15:42:26Z
BS21081,2001,2001-06-08,QUEBRADILLAS,11,"Curbelo, Joel",,40,3,5,5,9,1,2,0,4,4,1,1,0,4,1,22,single-source,wayback_bsnpr_games,https://web.archive.org/web/20011005102254id_/http://www.bsnpr.com:80/gamestatwide.asp?r=BS21081&grupo=,2026-09-08T15:37:05Z
BS21081,2001,2001-06-08,QUEBRADILLAS,12,"Colon, Francisco",,34,5,7,0,1,1,2,3,7,10,0,1,0,2,1,11,single-source,wayback_bsnpr_games,https://web.archive.org/web/20011005102254id_/http://www.bsnpr.com:80/gamestatwide.asp?r=BS21081&grupo=,2026-09-08T15:37:05Z
BS21081,2001,2001-06-08,QUEBRADILLAS,14,"King, Kirk",,40,5,8,0,0,7,9,6,10,16,4,0,4,0,2,17,single-source,wayback_bsnpr_games,https://web.archive.org/web/20011005102254id_/http://www.bsnpr.com:80/gamestatwide.asp?r=BS21081&grupo=,2026-09-08T15:37:05Z
BS21081,2001,2001-06-08,QUEBRADILLAS,16,"Johnson, Rahim",,2,0,0,0,0,0,0,0,0,0,0,0,0,2,2,0,single-source,wayback_bsnpr_games,https://web.archive.org/web/20011005102254id_/http://www.bsnpr.com:80/gamestatwide.asp?r=BS21081&grupo=,2026-09-08T15:37:05Z
BS21081,2001,2001-06-08,QUEBRADILLAS,17,"Morales, Alfredo",,4,0,0,0,0,0,0,0,0,0,1,0,0,1,0,0,single-source,wayback_bsnpr_games,https://web.archive.org/web/20011005102254id_/http://www.bsnpr.com:80/gamestatwide.asp?r=BS21081&grupo=,2026-09-08T15:37:05Z
BS21081,2001,2001-06-08,QUEBRADILLAS,5,"Dalmau, Raymond",,40,3,12,5,12,2,2,1,1,2,9,0,1,3,4,23,single-source,wayback_bsnpr_games,https://web.archive.org/web/20011005102254id_/http://www.bsnpr.com:80/gamestatwide.asp?r=BS21081&grupo=,2026-09-08T15:37:05Z
BS21081,2001,2001-06-08,QUEBRADILLAS,7,"Dalmau, Ricardo",1992,40,5,11,2,6,5,7,3,1,4,4,0,1,2,2,21,single-source,wayback_bsnpr_games,https://web.archive.org/web/20011005102254id_/http://www.bsnpr.com:80/gamestatwide.asp?r=BS21081&grupo=,2026-09-08T15:37:05Z
BS21081,2001,2001-06-08,SANTURCE,11,"Benson, Mark",,18,0,0,1,2,0,0,0,1,1,0,0,0,2,0,3,single-source,wayback_bsnpr_games,https://web.archive.org/web/20011005102254id_/http://www.bsnpr.com:80/gamestatwide.asp?r=BS21081&grupo=,2026-09-08T15:37:05Z
BS21081,2001,2001-06-08,SANTURCE,12,"Hourutunier, Rolando",,22,1,2,0,1,2,3,0,4,4,4,1,0,1,2,4,single-source,wayback_bsnpr_games,https://web.archive.org/web/20011005102254id_/http://www.bsnpr.com:80/gamestatwide.asp?r=BS21081&grupo=,2026-09-08T15:37:05Z
BS21081,2001,2001-06-08,SANTURCE,33,"Falcon, Alex",,27,7,9,0,0,2,2,1,3,4,3,0,0,3,0,16,single-source,wayback_bsnpr_games,https://web.archive.org/web/20011005102254id_/http://www.bsnpr.com:80/gamestatwide.asp?r=BS21081&grupo=,2026-09-08T15:37:05Z
BS21081,2001,2001-06-08,SANTURCE,42,"Aubry, Jeffrey",,7,0,4,0,0,0,0,1,3,4,0,0,1,2,1,0,single-source,wayback_bsnpr_games,https://web.archive.org/web/20011005102254id_/http://www.bsnpr.com:80/gamestatwide.asp?r=BS21081&grupo=,2026-09-08T15:37:05Z
BS21081,2001,2001-06-08,SANTURCE,44,"Bocachica, Cesar A",,5,1,2,0,0,0,0,0,0,0,0,0,0,2,1,2,single-source,wayback_bsnpr_games,https://web.archive.org/web/20011005102254id_/http://www.bsnpr.com:80/gamestatwide.asp?r=BS21081&grupo=,2026-09-08T15:37:05Z
BS21081,2001,2001-06-08,SANTURCE,5,"Santiago, Orlando",,35,3,4,6,10,4,4,0,4,4,2,1,0,0,0,28,single-source,wayback_bsnpr_games,https://web.archive.org/web/20011005102254id_/http://www.bsnpr.com:80/gamestatwide.asp?r=BS21081&grupo=,2026-09-08T15:37:05Z
BS21081,2001,2001-06-08,SANTURCE,55,"Butler, Mario",,8,2,2,0,0,0,0,1,2,3,1,0,0,3,1,4,single-source,wayback_bsnpr_games,https://web.archive.org/web/20011005102254id_/http://www.bsnpr.com:80/gamestatwide.asp?r=BS21081&grupo=,2026-09-08T15:37:05Z
BS21081,2001,2001-06-08,SANTURCE,7,"Arroyo, Carlos",273,38,4,10,3,6,3,4,0,0,0,7,1,0,1,1,20,single-source,wayback_bsnpr_games,https://web.archive.org/web/20011005102254id_/http://www.bsnpr.com:80/gamestatwide.asp?r=BS21081&grupo=,2026-09-08T15:37:05Z
BS21081,2001,2001-06-08,SANTURCE,8,"Trimmingham, Leon",,33,9,13,0,0,3,4,3,7,10,0,0,3,3,7,21,single-source,wayback_bsnpr_games,https://web.archive.org/web/20011005102254id_/http://www.bsnpr.com:80/gamestatwide.asp?r=BS21081&grupo=,2026-09-08T15:37:05Z
BS21081,2001,2001-06-08,SANTURCE,9,"Santiago, Edwin",,7,1,1,0,1,0,0,0,1,1,0,0,0,1,0,2,single-source,wayback_bsnpr_games,https://web.archive.org/web/20011005102254id_/http://www.bsnpr.com:80/gamestatwide.asp?r=BS21081&grupo=,2026-09-08T15:37:05Z
BS21082,2001,2001-06-08,AIBONITO,10,"Melendez, Orlando",,29,2,5,1,3,0,0,1,5,6,2,0,4,1,4,7,single-source,wayback_bsnpr_games,https://web.archive.org/web/20011125213226id_/http://www.bsnpr.com:80/gamestatwide.asp?r=BS21082&grupo=,2026-09-08T15:39:07Z
BS21082,2001,2001-06-08,AIBONITO,16,"Murray, Joseph",,21,3,5,0,0,1,6,1,3,4,0,1,0,4,2,7,single-source,wayback_bsnpr_games,https://web.archive.org/web/20011125213226id_/http://www.bsnpr.com:80/gamestatwide.asp?r=BS21082&grupo=,2026-09-08T15:39:07Z
BS21082,2001,2001-06-08,AIBONITO,17,"Wilson, Monty",,40,9,18,2,7,7,8,2,11,13,2,2,2,3,3,31,single-source,wayback_bsnpr_games,https://web.archive.org/web/20011125213226id_/http://www.bsnpr.com:80/gamestatwide.asp?r=BS21082&grupo=,2026-09-08T15:39:07Z
BS21082,2001,2001-06-08,AIBONITO,18,"Rivera, Axel",,19,0,3,0,0,1,2,4,3,7,1,0,0,3,0,1,single-source,wayback_bsnpr_games,https://web.archive.org/web/20011125213226id_/http://www.bsnpr.com:80/gamestatwide.asp?r=BS21082&grupo=,2026-09-08T15:39:07Z
BS21082,2001,2001-06-08,AIBONITO,4,"Lopez, Michael",143,40,8,12,0,1,4,6,1,6,7,10,1,0,2,2,20,single-source,wayback_bsnpr_games,https://web.archive.org/web/20011125213226id_/http://www.bsnpr.com:80/gamestatwide.asp?r=BS21082&grupo=,2026-09-08T15:39:07Z
BS21082,2001,2001-06-08,AIBONITO,8,"Hiraldo, Cristhoper",,13,1,4,2,3,1,1,1,4,5,1,1,0,2,1,9,single-source,wayback_bsnpr_games,https://web.archive.org/web/20011125213226id_/http://www.bsnpr.com:80/gamestatwide.asp?r=BS21082&grupo=,2026-09-08T15:39:07Z
BS21082,2001,2001-06-08,AIBONITO,9,"Rodriguez, Erick",624,38,2,7,4,5,0,0,3,0,3,2,1,0,5,3,16,single-source,wayback_bsnpr_games,https://web.archive.org/web/20011125213226id_/http://www.bsnpr.com:80/gamestatwide.asp?r=BS21082&grupo=,2026-09-08T15:39:07Z
BS21082,2001,2001-06-08,BAYAMON,0,"Richards, Jaja",,32,4,6,0,0,2,6,4,11,15,2,0,4,5,3,10,single-source,wayback_bsnpr_games,https://web.archive.org/web/20011125213226id_/http://www.bsnpr.com:80/gamestatwide.asp?r=BS21082&grupo=,2026-09-08T15:39:07Z
BS21082,2001,2001-06-08,BAYAMON,10,"Cruz, Alvin",,14,3,4,0,2,1,3,0,3,3,3,0,0,2,0,7,single-source,wayback_bsnpr_games,https://web.archive.org/web/20011125213226id_/http://www.bsnpr.com:80/gamestatwide.asp?r=BS21082&grupo=,2026-09-08T15:39:07Z
BS21082,2001,2001-06-08,BAYAMON,12,"Padilla, Edgar",,34,4,9,0,0,1,2,0,3,3,2,2,0,4,2,9,single-source,wayback_bsnpr_games,https://web.archive.org/web/20011125213226id_/http://www.bsnpr.com:80/gamestatwide.asp?r=BS21082&grupo=,2026-09-08T15:39:07Z
BS21082,2001,2001-06-08,BAYAMON,15,"Latimer, Antonio",193,21,2,6,1,3,2,3,2,0,2,1,0,0,1,3,9,single-source,wayback_bsnpr_games,https://web.archive.org/web/20011125213226id_/http://www.bsnpr.com:80/gamestatwide.asp?r=BS21082&grupo=,2026-09-08T15:39:07Z
BS21082,2001,2001-06-08,BAYAMON,17,"Mincy, Jerome",1032,26,1,9,0,4,5,6,2,5,7,2,0,0,3,2,7,single-source,wayback_bsnpr_games,https://web.archive.org/web/20011125213226id_/http://www.bsnpr.com:80/gamestatwide.asp?r=BS21082&grupo=,2026-09-08T15:39:07Z
BS21082,2001,2001-06-08,BAYAMON,32,"Santiago, Eddin",502,12,0,2,1,3,0,0,1,1,2,1,0,0,2,0,3,single-source,wayback_bsnpr_games,https://web.archive.org/web/20011125213226id_/http://www.bsnpr.com:80/gamestatwide.asp?r=BS21082&grupo=,2026-09-08T15:39:07Z
BS21082,2001,2001-06-08,BAYAMON,44,"Rodriguez, Jose",,7,1,2,0,0,2,4,2,2,4,0,0,0,2,0,4,single-source,wayback_bsnpr_games,https://web.archive.org/web/20011125213226id_/http://www.bsnpr.com:80/gamestatwide.asp?r=BS21082&grupo=,2026-09-08T15:39:07Z
BS21082,2001,2001-06-08,BAYAMON,6,"Travieso, Carmelo",,40,4,6,7,14,0,0,1,3,4,3,1,0,2,5,29,single-source,wayback_bsnpr_games,https://web.archive.org/web/20011125213226id_/http://www.bsnpr.com:80/gamestatwide.asp?r=BS21082&grupo=,2026-09-08T15:39:07Z
BS21082,2001,2001-06-08,BAYAMON,9,"Salgado, Gustavo",,14,1,4,0,0,0,0,2,1,3,1,0,1,4,0,2,single-source,wayback_bsnpr_games,https://web.archive.org/web/20011125213226id_/http://www.bsnpr.com:80/gamestatwide.asp?r=BS21082&grupo=,2026-09-08T15:39:07Z
BS21085,2001,2001-06-09,CAGUAS,10,"Rivera, Alexander",,1,0,0,0,0,0,0,0,0,0,0,0,0,0,0,0,single-source,wayback_bsnpr_games,https://web.archive.org/web/20011224142921id_/http://www.bsnpr.com:80/gamestatwide.asp?r=BS21085&grupo=,2026-09-08T15:40:48Z
BS21085,2001,2001-06-09,CAGUAS,11,"Nieves, Josue",,21,3,7,2,4,2,2,1,1,2,0,2,0,2,1,14,single-source,wayback_bsnpr_games,https://web.archive.org/web/20011224142921id_/http://www.bsnpr.com:80/gamestatwide.asp?r=BS21085&grupo=,2026-09-08T15:40:48Z
BS21085,2001,2001-06-09,CAGUAS,14,"Allende, Luis",,42,3,6,2,6,4,4,3,6,9,4,1,0,4,3,16,single-source,wayback_bsnpr_games,https://web.archive.org/web/20011224142921id_/http://www.bsnpr.com:80/gamestatwide.asp?r=BS21085&grupo=,2026-09-08T15:40:48Z
BS21085,2001,2001-06-09,CAGUAS,15,"Rivas, Luis",,20,10,14,0,1,0,1,4,4,8,0,0,1,3,2,20,single-source,wayback_bsnpr_games,https://web.archive.org/web/20011224142921id_/http://www.bsnpr.com:80/gamestatwide.asp?r=BS21085&grupo=,2026-09-08T15:40:48Z
BS21085,2001,2001-06-09,CAGUAS,21,"Rodriguez, Andres",87,3,0,0,0,0,0,0,0,0,0,0,0,0,1,0,0,single-source,wayback_bsnpr_games,https://web.archive.org/web/20011224142921id_/http://www.bsnpr.com:80/gamestatwide.asp?r=BS21085&grupo=,2026-09-08T15:40:48Z
BS21085,2001,2001-06-09,CAGUAS,25,"Carrasquillo, Antonio",,25,5,14,0,1,1,2,6,7,13,0,0,1,3,3,11,single-source,wayback_bsnpr_games,https://web.archive.org/web/20011224142921id_/http://www.bsnpr.com:80/gamestatwide.asp?r=BS21085&grupo=,2026-09-08T15:40:48Z
BS21085,2001,2001-06-09,CAGUAS,4,"Colon, Angel Luis",,27,3,5,0,1,3,4,0,1,1,3,1,0,5,3,9,single-source,wayback_bsnpr_games,https://web.archive.org/web/20011224142921id_/http://www.bsnpr.com:80/gamestatwide.asp?r=BS21085&grupo=,2026-09-08T15:40:48Z
BS21085,2001,2001-06-09,CAGUAS,7,"Davila, Michelo",1660,42,1,3,3,7,0,0,2,2,4,6,1,0,4,2,11,single-source,wayback_bsnpr_games,https://web.archive.org/web/20011224142921id_/http://www.bsnpr.com:80/gamestatwide.asp?r=BS21085&grupo=,2026-09-08T15:40:48Z
BS21085,2001,2001-06-09,CAGUAS,8,"Farmer, Anthony",,44,9,13,0,9,12,12,2,9,11,11,0,1,3,3,30,single-source,wayback_bsnpr_games,https://web.archive.org/web/20011224142921id_/http://www.bsnpr.com:80/gamestatwide.asp?r=BS21085&grupo=,2026-09-08T15:40:48Z
BS21085,2001,2001-06-09,SAN GERMAN,1,"Jackson, Leroy",1442,45,4,11,3,3,4,4,2,7,9,4,0,1,1,3,21,single-source,wayback_bsnpr_games,https://web.archive.org/web/20011224142921id_/http://www.bsnpr.com:80/gamestatwide.asp?r=BS21085&grupo=,2026-09-08T15:40:48Z
BS21085,2001,2001-06-09,SAN GERMAN,17,"Dalmau, Christian",382,45,11,20,0,1,7,8,0,10,10,10,4,2,4,4,29,single-source,wayback_bsnpr_games,https://web.archive.org/web/20011224142921id_/http://www.bsnpr.com:80/gamestatwide.asp?r=BS21085&grupo=,2026-09-08T15:40:48Z
BS21085,2001,2001-06-09,SAN GERMAN,18,"Barea, Irving",,5,0,2,0,0,0,0,0,0,0,0,0,0,3,1,0,single-source,wayback_bsnpr_games,https://web.archive.org/web/20011224142921id_/http://www.bsnpr.com:80/gamestatwide.asp?r=BS21085&grupo=,2026-09-08T15:40:48Z
BS21085,2001,2001-06-09,SAN GERMAN,20,"Ayuso, Larry",574,45,5,10,6,8,6,9,0,5,5,1,1,0,3,2,34,single-source,wayback_bsnpr_games,https://web.archive.org/web/20011224142921id_/http://www.bsnpr.com:80/gamestatwide.asp?r=BS21085&grupo=,2026-09-08T15:40:48Z
BS21085,2001,2001-06-09,SAN GERMAN,21,"Febles, Arnaldo",,42,7,11,0,0,1,1,5,3,8,2,2,1,4,1,15,single-source,wayback_bsnpr_games,https://web.archive.org/web/20011224142921id_/http://www.bsnpr.com:80/gamestatwide.asp?r=BS21085&grupo=,2026-09-08T15:40:48Z
BS21085,2001,2001-06-09,SAN GERMAN,26,"Zayas, Gerardo",795,2,0,1,0,0,0,0,1,0,1,0,0,0,0,0,0,single-source,wayback_bsnpr_games,https://web.archive.org/web/20011224142921id_/http://www.bsnpr.com:80/gamestatwide.asp?r=BS21085&grupo=,2026-09-08T15:40:48Z
BS21085,2001,2001-06-09,SAN GERMAN,32,"Lazor, Robert",2037,41,8,15,1,5,6,12,4,4,8,2,3,0,4,2,25,single-source,wayback_bsnpr_games,https://web.archive.org/web/20011224142921id_/http://www.bsnpr.com:80/gamestatwide.asp?r=BS21085&grupo=,2026-09-08T15:40:48Z
BS21086,2001,2001-06-10,AIBONITO,10,"Melendez, Orlando",,20,4,7,0,3,0,0,2,2,4,3,1,1,5,4,8,single-source,wayback_bsnpr_games,https://web.archive.org/web/20011005095306id_/http://www.bsnpr.com:80/gamestatwide.asp?r=BS21086&grupo=,2026-09-08T15:37:03Z
BS21086,2001,2001-06-10,AIBONITO,11,"Venzen, Gilberto",,13,0,2,0,0,0,0,0,0,0,0,1,1,2,1,0,single-source,wayback_bsnpr_games,https://web.archive.org/web/20011005095306id_/http://www.bsnpr.com:80/gamestatwide.asp?r=BS21086&grupo=,2026-09-08T15:37:03Z
BS21086,2001,2001-06-10,AIBONITO,16,"Murray, Joe",1286,40,3,9,0,0,3,6,3,5,8,1,1,0,2,4,9,single-source,wayback_bsnpr_games,https://web.archive.org/web/20011005095306id_/http://www.bsnpr.com:80/gamestatwide.asp?r=BS21086&grupo=,2026-09-08T15:37:03Z
BS21086,2001,2001-06-10,AIBONITO,17,"Wilson, Monty",,40,7,12,5,6,2,2,6,9,15,2,1,0,4,2,31,single-source,wayback_bsnpr_games,https://web.archive.org/web/20011005095306id_/http://www.bsnpr.com:80/gamestatwide.asp?r=BS21086&grupo=,2026-09-08T15:37:03Z
BS21086,2001,2001-06-10,AIBONITO,4,"Lopez, Michael",143,40,4,14,0,2,2,3,2,2,4,12,0,0,1,2,10,single-source,wayback_bsnpr_games,https://web.archive.org/web/20011005095306id_/http://www.bsnpr.com:80/gamestatwide.asp?r=BS21086&grupo=,2026-09-08T15:37:03Z
BS21086,2001,2001-06-10,AIBONITO,8,"Hiraldo, Christopher",,30,2,2,3,8,2,4,1,2,3,0,0,1,2,1,15,single-source,wayback_bsnpr_games,https://web.archive.org/web/20011005095306id_/http://www.bsnpr.com:80/gamestatwide.asp?r=BS21086&grupo=,2026-09-08T15:37:03Z
BS21086,2001,2001-06-10,AIBONITO,9,"Rodriguez, Eric",,17,2,4,1,5,0,0,0,1,1,0,2,0,3,1,7,single-source,wayback_bsnpr_games,https://web.archive.org/web/20011005095306id_/http://www.bsnpr.com:80/gamestatwide.asp?r=BS21086&grupo=,2026-09-08T15:37:03Z
BS21086,2001,2001-06-10,SANTURCE,12,"Horrutunier, Rolando",,33,6,9,2,3,4,5,2,2,4,5,1,0,4,2,22,single-source,wayback_bsnpr_games,https://web.archive.org/web/20011005095306id_/http://www.bsnpr.com:80/gamestatwide.asp?r=BS21086&grupo=,2026-09-08T15:37:03Z
BS21086,2001,2001-06-10,SANTURCE,31,"Rosario, Rich",,22,3,5,1,3,4,4,2,4,6,1,0,0,3,1,13,single-source,wayback_bsnpr_games,https://web.archive.org/web/20011005095306id_/http://www.bsnpr.com:80/gamestatwide.asp?r=BS21086&grupo=,2026-09-08T15:37:03Z
BS21086,2001,2001-06-10,SANTURCE,33,"Falcon, Alex",,26,4,10,0,0,4,6,0,4,4,2,1,0,3,1,12,single-source,wayback_bsnpr_games,https://web.archive.org/web/20011005095306id_/http://www.bsnpr.com:80/gamestatwide.asp?r=BS21086&grupo=,2026-09-08T15:37:03Z
BS21086,2001,2001-06-10,SANTURCE,4,"Ortiz, Jose",,35,7,12,0,0,2,2,2,12,14,4,0,3,2,4,16,single-source,wayback_bsnpr_games,https://web.archive.org/web/20011005095306id_/http://www.bsnpr.com:80/gamestatwide.asp?r=BS21086&grupo=,2026-09-08T15:37:03Z
BS21086,2001,2001-06-10,SANTURCE,42,"Aubry, Jeffrey",,5,0,0,0,0,0,0,0,1,1,0,0,1,2,1,0,single-source,wayback_bsnpr_games,https://web.archive.org/web/20011005095306id_/http://www.bsnpr.com:80/gamestatwide.asp?r=BS21086&grupo=,2026-09-08T15:37:03Z
BS21086,2001,2001-06-10,SANTURCE,44,"Bocachica, Armando",,14,2,6,0,0,0,0,1,2,3,1,0,0,1,0,4,single-source,wayback_bsnpr_games,https://web.archive.org/web/20011005095306id_/http://www.bsnpr.com:80/gamestatwide.asp?r=BS21086&grupo=,2026-09-08T15:37:03Z
BS21086,2001,2001-06-10,SANTURCE,5,"Santiago, Orlando",,38,3,7,3,6,3,3,1,1,2,4,2,0,4,3,18,single-source,wayback_bsnpr_games,https://web.archive.org/web/20011005095306id_/http://www.bsnpr.com:80/gamestatwide.asp?r=BS21086&grupo=,2026-09-08T15:37:03Z
BS21086,2001,2001-06-10,SANTURCE,9,"Santiago, Edwin",,27,1,5,1,1,1,2,2,0,2,3,2,0,2,1,6,single-source,wayback_bsnpr_games,https://web.archive.org/web/20011005095306id_/http://www.bsnpr.com:80/gamestatwide.asp?r=BS21086&grupo=,2026-09-08T15:37:03Z
BS21087,2001,2001-06-10,BAYAMON,0,"Richards, Jaja",,7,0,0,0,0,0,2,0,1,1,2,0,0,4,0,0,single-source,wayback_bsnpr_games,https://web.archive.org/web/20011125213848id_/http://www.bsnpr.com:80/gamestatwide.asp?r=BS21087&grupo=,2026-09-08T15:39:09Z
BS21087,2001,2001-06-10,BAYAMON,10,"Cruz, Alvin",,4,0,0,0,0,0,0,0,0,0,0,0,0,0,1,0,single-source,wayback_bsnpr_games,https://web.archive.org/web/20011125213848id_/http://www.bsnpr.com:80/gamestatwide.asp?r=BS21087&grupo=,2026-09-08T15:39:09Z
BS21087,2001,2001-06-10,BAYAMON,12,"Padilla, Edgar",,29,0,1,0,1,0,0,1,6,7,1,0,0,3,1,0,single-source,wayback_bsnpr_games,https://web.archive.org/web/20011125213848id_/http://www.bsnpr.com:80/gamestatwide.asp?r=BS21087&grupo=,2026-09-08T15:39:09Z
BS21087,2001,2001-06-10,BAYAMON,15,"Latimer, Antonio",193,35,6,14,3,4,4,7,5,9,14,0,0,2,0,2,25,single-source,wayback_bsnpr_games,https://web.archive.org/web/20011125213848id_/http://www.bsnpr.com:80/gamestatwide.asp?r=BS21087&grupo=,2026-09-08T15:39:09Z
BS21087,2001,2001-06-10,BAYAMON,17,"Mincy, Jerome",1032,35,5,10,3,5,5,9,4,4,8,0,1,2,4,3,24,single-source,wayback_bsnpr_games,https://web.archive.org/web/20011125213848id_/http://www.bsnpr.com:80/gamestatwide.asp?r=BS21087&grupo=,2026-09-08T15:39:09Z
BS21087,2001,2001-06-10,BAYAMON,32,"Santiago, Edin",,7,1,2,0,2,0,0,0,0,0,0,1,0,0,1,2,single-source,wayback_bsnpr_games,https://web.archive.org/web/20011125213848id_/http://www.bsnpr.com:80/gamestatwide.asp?r=BS21087&grupo=,2026-09-08T15:39:09Z
BS21087,2001,2001-06-10,BAYAMON,4,"Western, Franklin",,40,7,15,0,0,2,2,1,3,4,4,1,2,2,2,16,single-source,wayback_bsnpr_games,https://web.archive.org/web/20011125213848id_/http://www.bsnpr.com:80/gamestatwide.asp?r=BS21087&grupo=,2026-09-08T15:39:09Z
BS21087,2001,2001-06-10,BAYAMON,44,"Rodriguez, Jose",,5,1,4,0,0,0,0,1,0,1,0,0,0,1,0,2,single-source,wayback_bsnpr_games,https://web.archive.org/web/20011125213848id_/http://www.bsnpr.com:80/gamestatwide.asp?r=BS21087&grupo=,2026-09-08T15:39:09Z
BS21087,2001,2001-06-10,BAYAMON,5,"Ortiz, Reyes",,2,0,0,0,0,0,0,0,1,1,0,0,0,1,1,0,single-source,wayback_bsnpr_games,https://web.archive.org/web/20011125213848id_/http://www.bsnpr.com:80/gamestatwide.asp?r=BS21087&grupo=,2026-09-08T15:39:09Z
BS21087,2001,2001-06-10,BAYAMON,6,"Travieso, Carmelo",,36,1,4,5,12,0,0,1,2,3,4,3,0,1,1,17,single-source,wayback_bsnpr_games,https://web.archive.org/web/20011125213848id_/http://www.bsnpr.com:80/gamestatwide.asp?r=BS21087&grupo=,2026-09-08T15:39:09Z
BS21087,2001,2001-06-10,CAGUAS,11,"Nieves, Josue",,6,0,0,0,2,0,0,0,1,1,0,0,0,2,2,0,single-source,wayback_bsnpr_games,https://web.archive.org/web/20011125213848id_/http://www.bsnpr.com:80/gamestatwide.asp?r=BS21087&grupo=,2026-09-08T15:39:09Z
BS21087,2001,2001-06-10,CAGUAS,14,"Allende, Luis",,40,2,6,2,4,2,2,4,3,7,3,1,0,3,5,12,single-source,wayback_bsnpr_games,https://web.archive.org/web/20011125213848id_/http://www.bsnpr.com:80/gamestatwide.asp?r=BS21087&grupo=,2026-09-08T15:39:09Z
BS21087,2001,2001-06-10,CAGUAS,15,"Rivas, Luis",,32,9,18,0,0,1,2,8,6,14,0,0,2,4,3,19,single-source,wayback_bsnpr_games,https://web.archive.org/web/20011125213848id_/http://www.bsnpr.com:80/gamestatwide.asp?r=BS21087&grupo=,2026-09-08T15:39:09Z
BS21087,2001,2001-06-10,CAGUAS,25,"Carrasquillo, Antonio",,8,0,1,1,1,0,0,0,2,2,1,0,0,4,0,3,single-source,wayback_bsnpr_games,https://web.archive.org/web/20011125213848id_/http://www.bsnpr.com:80/gamestatwide.asp?r=BS21087&grupo=,2026-09-08T15:39:09Z
BS21087,2001,2001-06-10,CAGUAS,4,"Colon, Angel",,32,7,9,0,2,2,2,2,4,6,2,0,0,3,1,16,single-source,wayback_bsnpr_games,https://web.archive.org/web/20011125213848id_/http://www.bsnpr.com:80/gamestatwide.asp?r=BS21087&grupo=,2026-09-08T15:39:09Z
BS21087,2001,2001-06-10,CAGUAS,6,"Burgos, Gary J.",,5,1,1,0,0,1,2,0,0,0,0,0,0,1,1,3,single-source,wayback_bsnpr_games,https://web.archive.org/web/20011125213848id_/http://www.bsnpr.com:80/gamestatwide.asp?r=BS21087&grupo=,2026-09-08T15:39:09Z
BS21087,2001,2001-06-10,CAGUAS,7,"Davila, Miguel",,37,1,3,1,3,4,6,0,1,1,7,2,0,1,4,9,single-source,wayback_bsnpr_games,https://web.archive.org/web/20011125213848id_/http://www.bsnpr.com:80/gamestatwide.asp?r=BS21087&grupo=,2026-09-08T15:39:09Z
BS21087,2001,2001-06-10,CAGUAS,8,"Farmer, Tony",,40,3,9,5,12,0,0,0,8,8,1,2,2,1,2,21,single-source,wayback_bsnpr_games,https://web.archive.org/web/20011125213848id_/http://www.bsnpr.com:80/gamestatwide.asp?r=BS21087&grupo=,2026-09-08T15:39:09Z
BS21091,2001,2001-06-11,GUAYAMA,10,"Rivera, Carlos",338,24,2,4,1,5,0,0,0,1,1,0,1,0,2,2,7,single-source,wayback_bsnpr_games,https://web.archive.org/web/20011224143334id_/http://www.bsnpr.com:80/gamestatwide.asp?r=BS21091&grupo=,2026-09-08T15:40:53Z
BS21091,2001,2001-06-11,GUAYAMA,11,"Carter, James",,32,4,8,2,6,0,0,1,2,3,9,1,0,3,4,14,single-source,wayback_bsnpr_games,https://web.archive.org/web/20011224143334id_/http://www.bsnpr.com:80/gamestatwide.asp?r=BS21091&grupo=,2026-09-08T15:40:53Z
BS21091,2001,2001-06-11,GUAYAMA,13,"Benson, Mark",,28,2,2,1,4,2,2,0,0,0,5,1,0,4,3,9,single-source,wayback_bsnpr_games,https://web.archive.org/web/20011224143334id_/http://www.bsnpr.com:80/gamestatwide.asp?r=BS21091&grupo=,2026-09-08T15:40:53Z
BS21091,2001,2001-06-11,GUAYAMA,15,"Rivera, David",,17,2,2,0,3,0,0,1,0,1,1,1,0,2,3,4,single-source,wayback_bsnpr_games,https://web.archive.org/web/20011224143334id_/http://www.bsnpr.com:80/gamestatwide.asp?r=BS21091&grupo=,2026-09-08T15:40:53Z
BS21091,2001,2001-06-11,GUAYAMA,17,"Colon, Giovanni",,16,3,3,0,1,0,0,1,2,3,0,1,0,0,0,6,single-source,wayback_bsnpr_games,https://web.archive.org/web/20011224143334id_/http://www.bsnpr.com:80/gamestatwide.asp?r=BS21091&grupo=,2026-09-08T15:40:53Z
BS21091,2001,2001-06-11,GUAYAMA,18,"Rosario, Jose",,32,8,13,0,0,2,2,4,6,10,5,0,0,1,1,18,single-source,wayback_bsnpr_games,https://web.archive.org/web/20011224143334id_/http://www.bsnpr.com:80/gamestatwide.asp?r=BS21091&grupo=,2026-09-08T15:40:53Z
BS21091,2001,2001-06-11,GUAYAMA,2,"Montes, Roberto",,1,1,1,0,0,0,0,0,0,0,0,0,0,1,0,2,single-source,wayback_bsnpr_games,https://web.archive.org/web/20011224143334id_/http://www.bsnpr.com:80/gamestatwide.asp?r=BS21091&grupo=,2026-09-08T15:40:53Z
BS21091,2001,2001-06-11,GUAYAMA,20,"Malpica, Karim",1385,1,0,0,0,0,0,0,0,0,0,1,0,0,0,0,0,single-source,wayback_bsnpr_games,https://web.archive.org/web/20011224143334id_/http://www.bsnpr.com:80/gamestatwide.asp?r=BS21091&grupo=,2026-09-08T15:40:53Z
BS21091,2001,2001-06-11,GUAYAMA,34,"Echevarria, Tony",,11,4,5,0,0,1,2,1,3,4,1,0,0,3,2,9,single-source,wayback_bsnpr_games,https://web.archive.org/web/20011224143334id_/http://www.bsnpr.com:80/gamestatwide.asp?r=BS21091&grupo=,2026-09-08T15:40:53Z
BS21091,2001,2001-06-11,GUAYAMA,4,"Bailey, Charles",,1,0,0,0,1,0,0,0,0,0,0,1,0,1,1,0,single-source,wayback_bsnpr_games,https://web.archive.org/web/20011224143334id_/http://www.bsnpr.com:80/gamestatwide.asp?r=BS21091&grupo=,2026-09-08T15:40:53Z
BS21091,2001,2001-06-11,GUAYAMA,40,"Santiago, Ricardo",,1,0,0,0,1,0,0,0,0,0,0,0,0,0,0,0,single-source,wayback_bsnpr_games,https://web.archive.org/web/20011224143334id_/http://www.bsnpr.com:80/gamestatwide.asp?r=BS21091&grupo=,2026-09-08T15:40:53Z
BS21091,2001,2001-06-11,GUAYAMA,5,"Amaro, Emmanuel",,1,0,0,0,0,0,0,0,0,0,0,0,0,0,0,0,single-source,wayback_bsnpr_games,https://web.archive.org/web/20011224143334id_/http://www.bsnpr.com:80/gamestatwide.asp?r=BS21091&grupo=,2026-09-08T15:40:53Z
BS21091,2001,2001-06-11,GUAYAMA,55,"Long, Art",,35,11,18,0,1,1,1,2,7,9,1,5,1,3,2,23,single-source,wayback_bsnpr_games,https://web.archive.org/web/20011224143334id_/http://www.bsnpr.com:80/gamestatwide.asp?r=BS21091&grupo=,2026-09-08T15:40:53Z
BS21091,2001,2001-06-11,SAN GERMAN,1,"Jackson, Leroy",1442,22,0,3,1,1,3,4,0,4,4,1,2,0,1,2,6,single-source,wayback_bsnpr_games,https://web.archive.org/web/20011224143334id_/http://www.bsnpr.com:80/gamestatwide.asp?r=BS21091&grupo=,2026-09-08T15:40:53Z
BS21091,2001,2001-06-11,SAN GERMAN,12,"Caanen, Wilhelmus",,20,3,3,0,0,2,2,1,3,4,2,1,0,0,2,8,single-source,wayback_bsnpr_games,https://web.archive.org/web/20011224143334id_/http://www.bsnpr.com:80/gamestatwide.asp?r=BS21091&grupo=,2026-09-08T15:40:53Z
BS21091,2001,2001-06-11,SAN GERMAN,13,"Fajardo, Shariff",,40,10,14,1,3,3,4,5,5,10,0,1,0,3,3,26,single-source,wayback_bsnpr_games,https://web.archive.org/web/20011224143334id_/http://www.bsnpr.com:80/gamestatwide.asp?r=BS21091&grupo=,2026-09-08T15:40:53Z
BS21091,2001,2001-06-11,SAN GERMAN,17,"Dalmau, Christian",382,32,7,11,1,7,2,6,1,2,3,4,0,0,0,4,19,single-source,wayback_bsnpr_games,https://web.archive.org/web/20011224143334id_/http://www.bsnpr.com:80/gamestatwide.asp?r=BS21091&grupo=,2026-09-08T15:40:53Z
BS21091,2001,2001-06-11,SAN GERMAN,20,"Ayuso, Larry",574,36,7,10,4,5,0,0,0,2,2,3,4,0,2,5,26,single-source,wayback_bsnpr_games,https://web.archive.org/web/20011224143334id_/http://www.bsnpr.com:80/gamestatwide.asp?r=BS21091&grupo=,2026-09-08T15:40:53Z
BS21091,2001,2001-06-11,SAN GERMAN,21,"Febres, Arnaldo",,7,1,2,0,0,0,0,1,1,2,0,0,0,0,0,2,single-source,wayback_bsnpr_games,https://web.archive.org/web/20011224143334id_/http://www.bsnpr.com:80/gamestatwide.asp?r=BS21091&grupo=,2026-09-08T15:40:53Z
BS21091,2001,2001-06-11,SAN GERMAN,32,"Lazor, Robert",2037,33,4,9,0,2,2,4,6,4,10,2,1,1,4,2,10,single-source,wayback_bsnpr_games,https://web.archive.org/web/20011224143334id_/http://www.bsnpr.com:80/gamestatwide.asp?r=BS21091&grupo=,2026-09-08T15:40:53Z
BS21091,2001,2001-06-11,SAN GERMAN,7,"Quinones, Nelson",,10,1,1,0,3,3,3,0,1,1,1,0,0,0,0,5,single-source,wayback_bsnpr_games,https://web.archive.org/web/20011224143334id_/http://www.bsnpr.com:80/gamestatwide.asp?r=BS21091&grupo=,2026-09-08T15:40:53Z
BS21093,2001,2001-06-12,BAYAMON,0,"Richard, Jaja",,30,3,6,0,0,0,0,3,5,8,2,1,6,5,2,6,single-source,wayback_bsnpr_games,https://web.archive.org/web/20011005123351id_/http://www.bsnpr.com:80/gamestatwide.asp?r=BS21093&grupo=,2026-09-08T15:37:07Z
BS21093,2001,2001-06-12,BAYAMON,12,"Padilla, Edgar",,27,6,11,0,3,9,12,0,6,6,8,2,0,3,2,21,single-source,wayback_bsnpr_games,https://web.archive.org/web/20011005123351id_/http://www.bsnpr.com:80/gamestatwide.asp?r=BS21093&grupo=,2026-09-08T15:37:07Z
BS21093,2001,2001-06-12,BAYAMON,15,"Latimer, Antonio",193,10,0,1,0,1,0,0,0,1,1,1,0,1,1,2,0,single-source,wayback_bsnpr_games,https://web.archive.org/web/20011005123351id_/http://www.bsnpr.com:80/gamestatwide.asp?r=BS21093&grupo=,2026-09-08T15:37:07Z
BS21093,2001,2001-06-12,BAYAMON,17,"Mincy, Jerome",1032,34,8,14,1,4,0,0,4,3,7,2,2,0,3,1,19,single-source,wayback_bsnpr_games,https://web.archive.org/web/20011005123351id_/http://www.bsnpr.com:80/gamestatwide.asp?r=BS21093&grupo=,2026-09-08T15:37:07Z
BS21093,2001,2001-06-12,BAYAMON,32,"Santiago, Eddin",502,15,1,3,1,2,0,0,0,2,2,3,1,0,1,1,5,single-source,wayback_bsnpr_games,https://web.archive.org/web/20011005123351id_/http://www.bsnpr.com:80/gamestatwide.asp?r=BS21093&grupo=,2026-09-08T15:37:07Z
BS21093,2001,2001-06-12,BAYAMON,4,"Western, Franklyn",,40,11,20,0,1,5,5,5,7,12,3,1,0,2,7,27,single-source,wayback_bsnpr_games,https://web.archive.org/web/20011005123351id_/http://www.bsnpr.com:80/gamestatwide.asp?r=BS21093&grupo=,2026-09-08T15:37:07Z
BS21093,2001,2001-06-12,BAYAMON,44,"Rodriguez, Jose",,4,0,0,0,0,1,2,0,1,1,0,0,0,2,0,1,single-source,wayback_bsnpr_games,https://web.archive.org/web/20011005123351id_/http://www.bsnpr.com:80/gamestatwide.asp?r=BS21093&grupo=,2026-09-08T15:37:07Z
BS21093,2001,2001-06-12,BAYAMON,6,"Travieso, Carmelo",,39,4,8,5,11,0,0,1,4,5,3,2,2,4,3,23,single-source,wayback_bsnpr_games,https://web.archive.org/web/20011005123351id_/http://www.bsnpr.com:80/gamestatwide.asp?r=BS21093&grupo=,2026-09-08T15:37:07Z
BS21093,2001,2001-06-12,BAYAMON,9,"Salgado, Gustavo",,1,0,0,0,0,0,0,0,0,0,0,0,1,2,0,0,single-source,wayback_bsnpr_games,https://web.archive.org/web/20011005123351id_/http://www.bsnpr.com:80/gamestatwide.asp?r=BS21093&grupo=,2026-09-08T15:37:07Z
BS21093,2001,2001-06-12,SANTURCE,1,"Lopez, Jose",,2,0,1,0,0,0,0,0,0,0,1,0,0,3,0,0,single-source,wayback_bsnpr_games,https://web.archive.org/web/20011005123351id_/http://www.bsnpr.com:80/gamestatwide.asp?r=BS21093&grupo=,2026-09-08T15:37:07Z
BS21093,2001,2001-06-12,SANTURCE,12,"Houroutunier, Rolando",,36,1,5,2,4,2,2,2,3,5,4,0,0,3,0,10,single-source,wayback_bsnpr_games,https://web.archive.org/web/20011005123351id_/http://www.bsnpr.com:80/gamestatwide.asp?r=BS21093&grupo=,2026-09-08T15:37:07Z
BS21093,2001,2001-06-12,SANTURCE,31,"Rosario, Rich",,11,2,5,0,0,0,0,0,1,1,1,0,0,1,2,4,single-source,wayback_bsnpr_games,https://web.archive.org/web/20011005123351id_/http://www.bsnpr.com:80/gamestatwide.asp?r=BS21093&grupo=,2026-09-08T15:37:07Z
BS21093,2001,2001-06-12,SANTURCE,33,"Falcon, Alex",,17,3,5,0,0,1,2,2,2,4,1,0,0,3,3,7,single-source,wayback_bsnpr_games,https://web.archive.org/web/20011005123351id_/http://www.bsnpr.com:80/gamestatwide.asp?r=BS21093&grupo=,2026-09-08T15:37:07Z
BS21093,2001,2001-06-12,SANTURCE,4,"Ortiz, Jose",,37,8,13,0,1,2,3,0,8,8,3,3,5,2,6,18,single-source,wayback_bsnpr_games,https://web.archive.org/web/20011005123351id_/http://www.bsnpr.com:80/gamestatwide.asp?r=BS21093&grupo=,2026-09-08T15:37:07Z
BS21093,2001,2001-06-12,SANTURCE,42,"Aubry, Jeffrey",,3,0,0,0,0,0,0,0,0,0,0,0,0,0,0,0,single-source,wayback_bsnpr_games,https://web.archive.org/web/20011005123351id_/http://www.bsnpr.com:80/gamestatwide.asp?r=BS21093&grupo=,2026-09-08T15:37:07Z
BS21093,2001,2001-06-12,SANTURCE,44,"Bocachica, Armando",,4,0,2,0,0,2,2,2,0,2,0,1,0,1,0,2,single-source,wayback_bsnpr_games,https://web.archive.org/web/20011005123351id_/http://www.bsnpr.com:80/gamestatwide.asp?r=BS21093&grupo=,2026-09-08T15:37:07Z
BS21093,2001,2001-06-12,SANTURCE,5,"Santiago, Orlando",,37,1,4,3,12,0,0,0,4,4,6,1,0,1,2,11,single-source,wayback_bsnpr_games,https://web.archive.org/web/20011005123351id_/http://www.bsnpr.com:80/gamestatwide.asp?r=BS21093&grupo=,2026-09-08T15:37:07Z
BS21093,2001,2001-06-12,SANTURCE,8,"Triminghan, Leon",,29,6,12,0,1,8,10,7,7,14,2,4,1,5,10,20,single-source,wayback_bsnpr_games,https://web.archive.org/web/20011005123351id_/http://www.bsnpr.com:80/gamestatwide.asp?r=BS21093&grupo=,2026-09-08T15:37:07Z
BS21093,2001,2001-06-12,SANTURCE,9,"Santiago, Edwin",,24,2,5,3,4,3,5,1,2,3,5,0,0,4,0,16,single-source,wayback_bsnpr_games,https://web.archive.org/web/20011005123351id_/http://www.bsnpr.com:80/gamestatwide.asp?r=BS21093&grupo=,2026-09-08T15:37:07Z
BS21095,2001,2001-06-12,PONCE,1,"Morales, Ferdinand",,20,3,8,0,0,6,6,1,2,3,0,1,0,0,1,12,single-source,wayback_bsnpr_games,https://web.archive.org/web/20011223163438id_/http://www.bsnpr.com:80/gamestatwide.asp?r=BS21095&GRUPO=PO99&SERIE=4,2026-09-08T15:40:44Z
BS21095,2001,2001-06-12,PONCE,1,"Morales, Ferdinand",,20,3,8,0,0,6,6,1,2,3,0,1,0,0,1,12,single-source,wayback_bsnpr_games,https://web.archive.org/web/20011224144642id_/http://www.bsnpr.com:80/gamestatwide.asp?r=BS21095&grupo=,2026-09-08T15:41:02Z
BS21095,2001,2001-06-12,PONCE,10,"Hatton, Bobby Joe",2074,27,0,2,1,3,0,0,3,2,5,2,1,0,3,2,3,single-source,wayback_bsnpr_games,https://web.archive.org/web/20011223163438id_/http://www.bsnpr.com:80/gamestatwide.asp?r=BS21095&GRUPO=PO99&SERIE=4,2026-09-08T15:40:44Z
BS21095,2001,2001-06-12,PONCE,10,"Hatton, Bobby Joe",2074,27,0,2,1,3,0,0,3,2,5,2,1,0,3,2,3,single-source,wayback_bsnpr_games,https://web.archive.org/web/20011224144642id_/http://www.bsnpr.com:80/gamestatwide.asp?r=BS21095&grupo=,2026-09-08T15:41:02Z
BS21095,2001,2001-06-12,PONCE,11,"Casiano, Eddie",498,36,3,7,3,9,10,11,0,3,3,2,1,0,1,1,25,single-source,wayback_bsnpr_games,https://web.archive.org/web/20011223163438id_/http://www.bsnpr.com:80/gamestatwide.asp?r=BS21095&GRUPO=PO99&SERIE=4,2026-09-08T15:40:44Z
BS21095,2001,2001-06-12,PONCE,11,"Casiano, Eddie",498,36,3,7,3,9,10,11,0,3,3,2,1,0,1,1,25,single-source,wayback_bsnpr_games,https://web.archive.org/web/20011224144642id_/http://www.bsnpr.com:80/gamestatwide.asp?r=BS21095&grupo=,2026-09-08T15:41:02Z
BS21095,2001,2001-06-12,PONCE,12,"Ricardo, Osiris",,22,4,5,0,0,0,0,3,2,5,0,0,0,3,1,8,single-source,wayback_bsnpr_games,https://web.archive.org/web/20011223163438id_/http://www.bsnpr.com:80/gamestatwide.asp?r=BS21095&GRUPO=PO99&SERIE=4,2026-09-08T15:40:44Z
BS21095,2001,2001-06-12,PONCE,12,"Ricardo, Osiris",,22,4,5,0,0,0,0,3,2,5,0,0,0,3,1,8,single-source,wayback_bsnpr_games,https://web.archive.org/web/20011224144642id_/http://www.bsnpr.com:80/gamestatwide.asp?r=BS21095&grupo=,2026-09-08T15:41:02Z
BS21095,2001,2001-06-12,PONCE,15,"Colon, Gabriel",773,4,0,1,0,0,0,0,1,1,2,0,0,0,0,0,0,single-source,wayback_bsnpr_games,https://web.archive.org/web/20011223163438id_/http://www.bsnpr.com:80/gamestatwide.asp?r=BS21095&GRUPO=PO99&SERIE=4,2026-09-08T15:40:44Z
BS21095,2001,2001-06-12,PONCE,15,"Colon, Gabriel",773,4,0,1,0,0,0,0,1,1,2,0,0,0,0,0,0,single-source,wayback_bsnpr_games,https://web.archive.org/web/20011224144642id_/http://www.bsnpr.com:80/gamestatwide.asp?r=BS21095&grupo=,2026-09-08T15:41:02Z
BS21095,2001,2001-06-12,PONCE,25,"Montalvo, Jesus",,4,1,1,2,3,0,1,0,1,1,0,0,0,1,1,8,single-source,wayback_bsnpr_games,https://web.archive.org/web/20011223163438id_/http://www.bsnpr.com:80/gamestatwide.asp?r=BS21095&GRUPO=PO99&SERIE=4,2026-09-08T15:40:44Z
BS21095,2001,2001-06-12,PONCE,25,"Montalvo, Jesus",,4,1,1,2,3,0,1,0,1,1,0,0,0,1,1,8,single-source,wayback_bsnpr_games,https://web.archive.org/web/20011224144642id_/http://www.bsnpr.com:80/gamestatwide.asp?r=BS21095&grupo=,2026-09-08T15:41:02Z
BS21095,2001,2001-06-12,PONCE,33,"Soto, Eugenio",651,4,0,0,0,0,0,0,0,1,1,0,0,0,2,2,0,single-source,wayback_bsnpr_games,https://web.archive.org/web/20011223163438id_/http://www.bsnpr.com:80/gamestatwide.asp?r=BS21095&GRUPO=PO99&SERIE=4,2026-09-08T15:40:44Z
BS21095,2001,2001-06-12,PONCE,33,"Soto, Eugenio",651,4,0,0,0,0,0,0,0,1,1,0,0,0,2,2,0,single-source,wayback_bsnpr_games,https://web.archive.org/web/20011224144642id_/http://www.bsnpr.com:80/gamestatwide.asp?r=BS21095&grupo=,2026-09-08T15:41:02Z
BS21095,2001,2001-06-12,PONCE,4,"Colon, Antonio",,25,7,9,1,5,5,5,0,0,0,1,2,0,4,1,22,single-source,wayback_bsnpr_games,https://web.archive.org/web/20011223163438id_/http://www.bsnpr.com:80/gamestatwide.asp?r=BS21095&GRUPO=PO99&SERIE=4,2026-09-08T15:40:44Z
BS21095,2001,2001-06-12,PONCE,4,"Colon, Antonio",,25,7,9,1,5,5,5,0,0,0,1,2,0,4,1,22,single-source,wayback_bsnpr_games,https://web.archive.org/web/20011224144642id_/http://www.bsnpr.com:80/gamestatwide.asp?r=BS21095&grupo=,2026-09-08T15:41:02Z
BS21095,2001,2001-06-12,PONCE,5,"Agosto, Jose",,32,3,6,1,6,2,2,1,4,5,3,0,0,2,1,11,single-source,wayback_bsnpr_games,https://web.archive.org/web/20011223163438id_/http://www.bsnpr.com:80/gamestatwide.asp?r=BS21095&GRUPO=PO99&SERIE=4,2026-09-08T15:40:44Z
BS21095,2001,2001-06-12,PONCE,5,"Agosto, Jose",,32,3,6,1,6,2,2,1,4,5,3,0,0,2,1,11,single-source,wayback_bsnpr_games,https://web.archive.org/web/20011224144642id_/http://www.bsnpr.com:80/gamestatwide.asp?r=BS21095&grupo=,2026-09-08T15:41:02Z
BS21095,2001,2001-06-12,PONCE,6,"Lockhart, Ian",914,14,4,6,0,0,2,2,2,1,3,2,0,0,2,1,10,single-source,wayback_bsnpr_games,https://web.archive.org/web/20011223163438id_/http://www.bsnpr.com:80/gamestatwide.asp?r=BS21095&GRUPO=PO99&SERIE=4,2026-09-08T15:40:44Z
BS21095,2001,2001-06-12,PONCE,6,"Lockhart, Ian",914,14,4,6,0,0,2,2,2,1,3,2,0,0,2,1,10,single-source,wayback_bsnpr_games,https://web.archive.org/web/20011224144642id_/http://www.bsnpr.com:80/gamestatwide.asp?r=BS21095&grupo=,2026-09-08T15:41:02Z
BS21095,2001,2001-06-12,PONCE,7,"Orta, Raul",1946,4,0,0,0,0,0,0,0,0,0,0,0,0,1,1,0,single-source,wayback_bsnpr_games,https://web.archive.org/web/20011223163438id_/http://www.bsnpr.com:80/gamestatwide.asp?r=BS21095&GRUPO=PO99&SERIE=4,2026-09-08T15:40:44Z
BS21095,2001,2001-06-12,PONCE,7,"Orta, Raul",1946,4,0,0,0,0,0,0,0,0,0,0,0,0,1,1,0,single-source,wayback_bsnpr_games,https://web.archive.org/web/20011224144642id_/http://www.bsnpr.com:80/gamestatwide.asp?r=BS21095&grupo=,2026-09-08T15:41:02Z
BS21095,2001,2001-06-12,PONCE,8,"Ramirez, Sean",,8,0,0,1,2,0,0,0,2,2,0,0,1,1,0,3,single-source,wayback_bsnpr_games,https://web.archive.org/web/20011223163438id_/http://www.bsnpr.com:80/gamestatwide.asp?r=BS21095&GRUPO=PO99&SERIE=4,2026-09-08T15:40:44Z
BS21095,2001,2001-06-12,PONCE,8,"Ramirez, Sean",,8,0,0,1,2,0,0,0,2,2,0,0,1,1,0,3,single-source,wayback_bsnpr_games,https://web.archive.org/web/20011224144642id_/http://www.bsnpr.com:80/gamestatwide.asp?r=BS21095&grupo=,2026-09-08T15:41:02Z
BS21095,2001,2001-06-12,SAN GERMAN,1,"Jackson, Leroy",1442,35,3,4,0,3,0,0,1,6,7,3,1,1,3,4,6,single-source,wayback_bsnpr_games,https://web.archive.org/web/20011223163438id_/http://www.bsnpr.com:80/gamestatwide.asp?r=BS21095&GRUPO=PO99&SERIE=4,2026-09-08T15:40:44Z
BS21095,2001,2001-06-12,SAN GERMAN,1,"Jackson, Leroy",1442,35,3,4,0,3,0,0,1,6,7,3,1,1,3,4,6,single-source,wayback_bsnpr_games,https://web.archive.org/web/20011224144642id_/http://www.bsnpr.com:80/gamestatwide.asp?r=BS21095&grupo=,2026-09-08T15:41:02Z
BS21095,2001,2001-06-12,SAN GERMAN,12,"Caanen, Wilhemus",,13,0,1,1,4,3,4,0,3,3,1,1,0,1,0,6,single-source,wayback_bsnpr_games,https://web.archive.org/web/20011223163438id_/http://www.bsnpr.com:80/gamestatwide.asp?r=BS21095&GRUPO=PO99&SERIE=4,2026-09-08T15:40:44Z
BS21095,2001,2001-06-12,SAN GERMAN,12,"Caanen, Wilhemus",,13,0,1,1,4,3,4,0,3,3,1,1,0,1,0,6,single-source,wayback_bsnpr_games,https://web.archive.org/web/20011224144642id_/http://www.bsnpr.com:80/gamestatwide.asp?r=BS21095&grupo=,2026-09-08T15:41:02Z
BS21095,2001,2001-06-12,SAN GERMAN,14,"Rivera, Raul",,1,1,1,0,0,0,0,1,0,1,0,0,0,0,0,2,single-source,wayback_bsnpr_games,https://web.archive.org/web/20011223163438id_/http://www.bsnpr.com:80/gamestatwide.asp?r=BS21095&GRUPO=PO99&SERIE=4,2026-09-08T15:40:44Z
BS21095,2001,2001-06-12,SAN GERMAN,14,"Rivera, Raul",,1,1,1,0,0,0,0,1,0,1,0,0,0,0,0,2,single-source,wayback_bsnpr_games,https://web.archive.org/web/20011224144642id_/http://www.bsnpr.com:80/gamestatwide.asp?r=BS21095&grupo=,2026-09-08T15:41:02Z
BS21095,2001,2001-06-12,SAN GERMAN,17,"Dalmau, Christian",382,33,9,12,3,8,3,4,1,1,2,6,0,0,4,2,30,single-source,wayback_bsnpr_games,https://web.archive.org/web/20011223163438id_/http://www.bsnpr.com:80/gamestatwide.asp?r=BS21095&GRUPO=PO99&SERIE=4,2026-09-08T15:40:44Z
BS21095,2001,2001-06-12,SAN GERMAN,17,"Dalmau, Christian",382,33,9,12,3,8,3,4,1,1,2,6,0,0,4,2,30,single-source,wayback_bsnpr_games,https://web.archive.org/web/20011224144642id_/http://www.bsnpr.com:80/gamestatwide.asp?r=BS21095&grupo=,2026-09-08T15:41:02Z
BS21095,2001,2001-06-12,SAN GERMAN,18,"Barea, Irving",,32,6,9,0,0,5,6,3,5,8,2,0,3,2,2,17,single-source,wayback_bsnpr_games,https://web.archive.org/web/20011223163438id_/http://www.bsnpr.com:80/gamestatwide.asp?r=BS21095&GRUPO=PO99&SERIE=4,2026-09-08T15:40:44Z
BS21095,2001,2001-06-12,SAN GERMAN,18,"Barea, Irving",,32,6,9,0,0,5,6,3,5,8,2,0,3,2,2,17,single-source,wayback_bsnpr_games,https://web.archive.org/web/20011224144642id_/http://www.bsnpr.com:80/gamestatwide.asp?r=BS21095&grupo=,2026-09-08T15:41:02Z
BS21095,2001,2001-06-12,SAN GERMAN,20,"Ayuso, Larry",574,36,3,7,10,14,2,2,1,7,8,2,1,0,2,3,38,single-source,wayback_bsnpr_games,https://web.archive.org/web/20011223163438id_/http://www.bsnpr.com:80/gamestatwide.asp?r=BS21095&GRUPO=PO99&SERIE=4,2026-09-08T15:40:44Z
BS21095,2001,2001-06-12,SAN GERMAN,20,"Ayuso, Larry",574,36,3,7,10,14,2,2,1,7,8,2,1,0,2,3,38,single-source,wayback_bsnpr_games,https://web.archive.org/web/20011224144642id_/http://www.bsnpr.com:80/gamestatwide.asp?r=BS21095&grupo=,2026-09-08T15:41:02Z
BS21095,2001,2001-06-12,SAN GERMAN,21,"Febres, Arnaldo",,39,8,11,0,0,2,4,4,2,6,2,1,0,3,0,18,single-source,wayback_bsnpr_games,https://web.archive.org/web/20011223163438id_/http://www.bsnpr.com:80/gamestatwide.asp?r=BS21095&GRUPO=PO99&SERIE=4,2026-09-08T15:40:44Z
BS21095,2001,2001-06-12,SAN GERMAN,21,"Febres, Arnaldo",,39,8,11,0,0,2,4,4,2,6,2,1,0,3,0,18,single-source,wayback_bsnpr_games,https://web.archive.org/web/20011224144642id_/http://www.bsnpr.com:80/gamestatwide.asp?r=BS21095&grupo=,2026-09-08T15:41:02Z
BS21095,2001,2001-06-12,SAN GERMAN,23,"Llovet, Francisco",,2,1,2,0,1,0,0,2,1,3,0,0,1,0,0,2,single-source,wayback_bsnpr_games,https://web.archive.org/web/20011223163438id_/http://www.bsnpr.com:80/gamestatwide.asp?r=BS21095&GRUPO=PO99&SERIE=4,2026-09-08T15:40:44Z
BS21095,2001,2001-06-12,SAN GERMAN,23,"Llovet, Francisco",,2,1,2,0,1,0,0,2,1,3,0,0,1,0,0,2,single-source,wayback_bsnpr_games,https://web.archive.org/web/20011224144642id_/http://www.bsnpr.com:80/gamestatwide.asp?r=BS21095&grupo=,2026-09-08T15:41:02Z
BS21095,2001,2001-06-12,SAN GERMAN,24,"Pryor, Sean",2156,2,0,0,0,0,0,0,0,0,0,0,0,0,0,0,0,single-source,wayback_bsnpr_games,https://web.archive.org/web/20011223163438id_/http://www.bsnpr.com:80/gamestatwide.asp?r=BS21095&GRUPO=PO99&SERIE=4,2026-09-08T15:40:44Z
BS21095,2001,2001-06-12,SAN GERMAN,24,"Pryor, Sean",2156,2,0,0,0,0,0,0,0,0,0,0,0,0,0,0,0,single-source,wayback_bsnpr_games,https://web.archive.org/web/20011224144642id_/http://www.bsnpr.com:80/gamestatwide.asp?r=BS21095&grupo=,2026-09-08T15:41:02Z
BS21095,2001,2001-06-12,SAN GERMAN,6,"Caraballo, Johny",,4,1,1,0,0,0,0,0,0,0,1,0,0,1,1,2,single-source,wayback_bsnpr_games,https://web.archive.org/web/20011223163438id_/http://www.bsnpr.com:80/gamestatwide.asp?r=BS21095&GRUPO=PO99&SERIE=4,2026-09-08T15:40:44Z
BS21095,2001,2001-06-12,SAN GERMAN,6,"Caraballo, Johny",,4,1,1,0,0,0,0,0,0,0,1,0,0,1,1,2,single-source,wayback_bsnpr_games,https://web.archive.org/web/20011224144642id_/http://www.bsnpr.com:80/gamestatwide.asp?r=BS21095&grupo=,2026-09-08T15:41:02Z
BS21095,2001,2001-06-12,SAN GERMAN,7,"Quinonez, Nelson",,3,0,0,1,2,0,0,0,0,0,0,1,0,0,0,3,single-source,wayback_bsnpr_games,https://web.archive.org/web/20011223163438id_/http://www.bsnpr.com:80/gamestatwide.asp?r=BS21095&GRUPO=PO99&SERIE=4,2026-09-08T15:40:44Z
BS21095,2001,2001-06-12,SAN GERMAN,7,"Quinonez, Nelson",,3,0,0,1,2,0,0,0,0,0,0,1,0,0,0,3,single-source,wayback_bsnpr_games,https://web.archive.org/web/20011224144642id_/http://www.bsnpr.com:80/gamestatwide.asp?r=BS21095&grupo=,2026-09-08T15:41:02Z
BS21100,2001,2001-06-14,BAYAMON,0,"Richards, Jaja",,31,4,6,0,0,4,5,2,3,5,1,2,1,4,4,12,single-source,wayback_bsnpr_games,https://web.archive.org/web/20011125214139id_/http://www.bsnpr.com:80/gamestatwide.asp?r=BS21100&grupo=,2026-09-08T15:39:11Z
BS21100,2001,2001-06-14,BAYAMON,0,"Richards, Jaja",,31,4,6,0,0,4,5,2,3,5,1,2,1,4,4,12,single-source,wayback_bsnpr_games,https://web.archive.org/web/20020420111555id_/http://www.bsnpr.com:80/gamestatwide.asp?r=BS21100&GRUPO=PO99&SERIE=4,2026-09-08T15:42:11Z
BS21100,2001,2001-06-14,BAYAMON,12,"Padilla, Edgar",,23,1,5,1,1,4,4,0,1,1,3,0,0,4,3,9,single-source,wayback_bsnpr_games,https://web.archive.org/web/20011125214139id_/http://www.bsnpr.com:80/gamestatwide.asp?r=BS21100&grupo=,2026-09-08T15:39:11Z
BS21100,2001,2001-06-14,BAYAMON,12,"Padilla, Edgar",,23,1,5,1,1,4,4,0,1,1,3,0,0,4,3,9,single-source,wayback_bsnpr_games,https://web.archive.org/web/20020420111555id_/http://www.bsnpr.com:80/gamestatwide.asp?r=BS21100&GRUPO=PO99&SERIE=4,2026-09-08T15:42:11Z
BS21100,2001,2001-06-14,BAYAMON,13,"Payano, Carlos",,18,4,4,1,5,5,6,0,4,4,2,2,0,1,2,16,single-source,wayback_bsnpr_games,https://web.archive.org/web/20011125214139id_/http://www.bsnpr.com:80/gamestatwide.asp?r=BS21100&grupo=,2026-09-08T15:39:11Z
BS21100,2001,2001-06-14,BAYAMON,13,"Payano, Carlos",,18,4,4,1,5,5,6,0,4,4,2,2,0,1,2,16,single-source,wayback_bsnpr_games,https://web.archive.org/web/20020420111555id_/http://www.bsnpr.com:80/gamestatwide.asp?r=BS21100&GRUPO=PO99&SERIE=4,2026-09-08T15:42:11Z
BS21100,2001,2001-06-14,BAYAMON,15,"Novas, Rafael",,7,0,0,0,0,1,2,0,2,2,0,0,0,2,1,1,single-source,wayback_bsnpr_games,https://web.archive.org/web/20011125214139id_/http://www.bsnpr.com:80/gamestatwide.asp?r=BS21100&grupo=,2026-09-08T15:39:11Z
BS21100,2001,2001-06-14,BAYAMON,15,"Novas, Rafael",,7,0,0,0,0,1,2,0,2,2,0,0,0,2,1,1,single-source,wayback_bsnpr_games,https://web.archive.org/web/20020420111555id_/http://www.bsnpr.com:80/gamestatwide.asp?r=BS21100&GRUPO=PO99&SERIE=4,2026-09-08T15:42:11Z
BS21100,2001,2001-06-14,BAYAMON,17,"Mincy, Jerome",1032,24,4,6,0,3,2,2,2,0,2,3,0,0,2,2,10,single-source,wayback_bsnpr_games,https://web.archive.org/web/20011125214139id_/http://www.bsnpr.com:80/gamestatwide.asp?r=BS21100&grupo=,2026-09-08T15:39:11Z
BS21100,2001,2001-06-14,BAYAMON,17,"Mincy, Jerome",1032,24,4,6,0,3,2,2,2,0,2,3,0,0,2,2,10,single-source,wayback_bsnpr_games,https://web.archive.org/web/20020420111555id_/http://www.bsnpr.com:80/gamestatwide.asp?r=BS21100&GRUPO=PO99&SERIE=4,2026-09-08T15:42:11Z
BS21100,2001,2001-06-14,BAYAMON,32,"Santiago, Eddin",502,23,1,1,1,4,0,0,0,2,2,7,3,0,1,3,5,single-source,wayback_bsnpr_games,https://web.archive.org/web/20011125214139id_/http://www.bsnpr.com:80/gamestatwide.asp?r=BS21100&grupo=,2026-09-08T15:39:11Z
BS21100,2001,2001-06-14,BAYAMON,32,"Santiago, Eddin",502,23,1,1,1,4,0,0,0,2,2,7,3,0,1,3,5,single-source,wayback_bsnpr_games,https://web.archive.org/web/20020420111555id_/http://www.bsnpr.com:80/gamestatwide.asp?r=BS21100&GRUPO=PO99&SERIE=4,2026-09-08T15:42:11Z
BS21100,2001,2001-06-14,BAYAMON,4,"Western, Franklyn",,43,16,20,0,0,3,4,2,6,8,1,3,0,4,3,35,single-source,wayback_bsnpr_games,https://web.archive.org/web/20011125214139id_/http://www.bsnpr.com:80/gamestatwide.asp?r=BS21100&grupo=,2026-09-08T15:39:11Z
BS21100,2001,2001-06-14,BAYAMON,4,"Western, Franklyn",,43,16,20,0,0,3,4,2,6,8,1,3,0,4,3,35,single-source,wayback_bsnpr_games,https://web.archive.org/web/20020420111555id_/http://www.bsnpr.com:80/gamestatwide.asp?r=BS21100&GRUPO=PO99&SERIE=4,2026-09-08T15:42:11Z
BS21100,2001,2001-06-14,BAYAMON,44,"Rodriguez, Jose",,17,2,5,0,0,0,0,2,3,5,0,0,0,2,1,4,single-source,wayback_bsnpr_games,https://web.archive.org/web/20011125214139id_/http://www.bsnpr.com:80/gamestatwide.asp?r=BS21100&grupo=,2026-09-08T15:39:11Z
BS21100,2001,2001-06-14,BAYAMON,44,"Rodriguez, Jose",,17,2,5,0,0,0,0,2,3,5,0,0,0,2,1,4,single-source,wayback_bsnpr_games,https://web.archive.org/web/20020420111555id_/http://www.bsnpr.com:80/gamestatwide.asp?r=BS21100&GRUPO=PO99&SERIE=4,2026-09-08T15:42:11Z
BS21100,2001,2001-06-14,BAYAMON,5,"Ortiz, Reyes",,5,2,2,0,0,0,0,0,1,1,1,0,0,3,0,4,single-source,wayback_bsnpr_games,https://web.archive.org/web/20011125214139id_/http://www.bsnpr.com:80/gamestatwide.asp?r=BS21100&grupo=,2026-09-08T15:39:11Z
BS21100,2001,2001-06-14,BAYAMON,5,"Ortiz, Reyes",,5,2,2,0,0,0,0,0,1,1,1,0,0,3,0,4,single-source,wayback_bsnpr_games,https://web.archive.org/web/20020420111555id_/http://www.bsnpr.com:80/gamestatwide.asp?r=BS21100&GRUPO=PO99&SERIE=4,2026-09-08T15:42:11Z
BS21100,2001,2001-06-14,BAYAMON,6,"Travieso, Carmelo",,32,4,9,2,8,7,7,1,2,3,2,4,0,2,3,21,single-source,wayback_bsnpr_games,https://web.archive.org/web/20011125214139id_/http://www.bsnpr.com:80/gamestatwide.asp?r=BS21100&grupo=,2026-09-08T15:39:11Z
BS21100,2001,2001-06-14,BAYAMON,6,"Travieso, Carmelo",,32,4,9,2,8,7,7,1,2,3,2,4,0,2,3,21,single-source,wayback_bsnpr_games,https://web.archive.org/web/20020420111555id_/http://www.bsnpr.com:80/gamestatwide.asp?r=BS21100&GRUPO=PO99&SERIE=4,2026-09-08T15:42:11Z
BS21100,2001,2001-06-14,BAYAMON,9,"Salgado, Gustavo",,2,0,1,0,0,1,2,0,0,0,0,0,0,0,0,1,single-source,wayback_bsnpr_games,https://web.archive.org/web/20011125214139id_/http://www.bsnpr.com:80/gamestatwide.asp?r=BS21100&grupo=,2026-09-08T15:39:11Z
BS21100,2001,2001-06-14,BAYAMON,9,"Salgado, Gustavo",,2,0,1,0,0,1,2,0,0,0,0,0,0,0,0,1,single-source,wayback_bsnpr_games,https://web.archive.org/web/20020420111555id_/http://www.bsnpr.com:80/gamestatwide.asp?r=BS21100&GRUPO=PO99&SERIE=4,2026-09-08T15:42:11Z
BS21100,2001,2001-06-14,SAN GERMAN,1,"Jackson, Leroy",1442,36,5,7,1,4,5,6,2,4,6,5,2,0,4,3,18,single-source,wayback_bsnpr_games,https://web.archive.org/web/20011125214139id_/http://www.bsnpr.com:80/gamestatwide.asp?r=BS21100&grupo=,2026-09-08T15:39:11Z
BS21100,2001,2001-06-14,SAN GERMAN,1,"Jackson, Leroy",1442,36,5,7,1,4,5,6,2,4,6,5,2,0,4,3,18,single-source,wayback_bsnpr_games,https://web.archive.org/web/20020420111555id_/http://www.bsnpr.com:80/gamestatwide.asp?r=BS21100&GRUPO=PO99&SERIE=4,2026-09-08T15:42:11Z
BS21100,2001,2001-06-14,SAN GERMAN,12,"Caanen, Wilhelmus",,6,0,1,2,2,0,0,0,0,0,1,0,0,2,0,6,single-source,wayback_bsnpr_games,https://web.archive.org/web/20011125214139id_/http://www.bsnpr.com:80/gamestatwide.asp?r=BS21100&grupo=,2026-09-08T15:39:11Z
BS21100,2001,2001-06-14,SAN GERMAN,12,"Caanen, Wilhelmus",,6,0,1,2,2,0,0,0,0,0,1,0,0,2,0,6,single-source,wayback_bsnpr_games,https://web.archive.org/web/20020420111555id_/http://www.bsnpr.com:80/gamestatwide.asp?r=BS21100&GRUPO=PO99&SERIE=4,2026-09-08T15:42:11Z
BS21100,2001,2001-06-14,SAN GERMAN,13,"Fajardo, Shariff",,39,5,10,1,2,3,3,3,11,14,0,2,0,4,5,16,single-source,wayback_bsnpr_games,https://web.archive.org/web/20011125214139id_/http://www.bsnpr.com:80/gamestatwide.asp?r=BS21100&grupo=,2026-09-08T15:39:11Z
BS21100,2001,2001-06-14,SAN GERMAN,13,"Fajardo, Shariff",,39,5,10,1,2,3,3,3,11,14,0,2,0,4,5,16,single-source,wayback_bsnpr_games,https://web.archive.org/web/20020420111555id_/http://www.bsnpr.com:80/gamestatwide.asp?r=BS21100&GRUPO=PO99&SERIE=4,2026-09-08T15:42:11Z
BS21100,2001,2001-06-14,SAN GERMAN,17,"Dalmau, Christian",382,37,5,10,2,6,8,12,2,4,6,5,4,0,2,6,24,single-source,wayback_bsnpr_games,https://web.archive.org/web/20011125214139id_/http://www.bsnpr.com:80/gamestatwide.asp?r=BS21100&grupo=,2026-09-08T15:39:11Z
BS21100,2001,2001-06-14,SAN GERMAN,17,"Dalmau, Christian",382,37,5,10,2,6,8,12,2,4,6,5,4,0,2,6,24,single-source,wayback_bsnpr_games,https://web.archive.org/web/20020420111555id_/http://www.bsnpr.com:80/gamestatwide.asp?r=BS21100&GRUPO=PO99&SERIE=4,2026-09-08T15:42:11Z
BS21100,2001,2001-06-14,SAN GERMAN,18,"Barea, Irving",,5,2,3,0,0,0,0,0,1,1,1,0,0,1,0,4,single-source,wayback_bsnpr_games,https://web.archive.org/web/20011125214139id_/http://www.bsnpr.com:80/gamestatwide.asp?r=BS21100&grupo=,2026-09-08T15:39:11Z
BS21100,2001,2001-06-14,SAN GERMAN,18,"Barea, Irving",,5,2,3,0,0,0,0,0,1,1,1,0,0,1,0,4,single-source,wayback_bsnpr_games,https://web.archive.org/web/20020420111555id_/http://www.bsnpr.com:80/gamestatwide.asp?r=BS21100&GRUPO=PO99&SERIE=4,2026-09-08T15:42:11Z
BS21100,2001,2001-06-14,SAN GERMAN,20,"Ayuso, Larry",574,36,5,9,3,7,3,3,1,1,2,1,2,0,1,3,22,single-source,wayback_bsnpr_games,https://web.archive.org/web/20011125214139id_/http://www.bsnpr.com:80/gamestatwide.asp?r=BS21100&grupo=,2026-09-08T15:39:11Z
BS21100,2001,2001-06-14,SAN GERMAN,20,"Ayuso, Larry",574,36,5,9,3,7,3,3,1,1,2,1,2,0,1,3,22,single-source,wayback_bsnpr_games,https://web.archive.org/web/20020420111555id_/http://www.bsnpr.com:80/gamestatwide.asp?r=BS21100&GRUPO=PO99&SERIE=4,2026-09-08T15:42:11Z
BS21100,2001,2001-06-14,SAN GERMAN,21,"Febres, Arnaldo",,6,0,0,0,0,0,0,0,1,1,0,0,0,1,0,0,single-source,wayback_bsnpr_games,https://web.archive.org/web/20011125214139id_/http://www.bsnpr.com:80/gamestatwide.asp?r=BS21100&grupo=,2026-09-08T15:39:11Z
BS21100,2001,2001-06-14,SAN GERMAN,21,"Febres, Arnaldo",,6,0,0,0,0,0,0,0,1,1,0,0,0,1,0,0,single-source,wayback_bsnpr_games,https://web.archive.org/web/20020420111555id_/http://www.bsnpr.com:80/gamestatwide.asp?r=BS21100&GRUPO=PO99&SERIE=4,2026-09-08T15:42:11Z
BS21100,2001,2001-06-14,SAN GERMAN,32,"Lazor, Robert",2037,44,6,10,0,4,6,6,3,3,6,4,1,1,5,5,18,single-source,wayback_bsnpr_games,https://web.archive.org/web/20011125214139id_/http://www.bsnpr.com:80/gamestatwide.asp?r=BS21100&grupo=,2026-09-08T15:39:11Z
BS21100,2001,2001-06-14,SAN GERMAN,32,"Lazor, Robert",2037,44,6,10,0,4,6,6,3,3,6,4,1,1,5,5,18,single-source,wayback_bsnpr_games,https://web.archive.org/web/20020420111555id_/http://www.bsnpr.com:80/gamestatwide.asp?r=BS21100&GRUPO=PO99&SERIE=4,2026-09-08T15:42:11Z
BS21100,2001,2001-06-14,SAN GERMAN,7,"Quinonez, Nelson",,16,1,2,0,2,4,4,0,1,1,1,2,0,1,1,6,single-source,wayback_bsnpr_games,https://web.archive.org/web/20011125214139id_/http://www.bsnpr.com:80/gamestatwide.asp?r=BS21100&grupo=,2026-09-08T15:39:11Z
BS21100,2001,2001-06-14,SAN GERMAN,7,"Quinonez, Nelson",,16,1,2,0,2,4,4,0,1,1,1,2,0,1,1,6,single-source,wayback_bsnpr_games,https://web.archive.org/web/20020420111555id_/http://www.bsnpr.com:80/gamestatwide.asp?r=BS21100&GRUPO=PO99&SERIE=4,2026-09-08T15:42:11Z
BS21103,2001,2001-06-15,GUAYAMA,10,"Rivera, Carlos",338,26,3,7,3,6,2,2,0,1,1,2,2,0,1,3,17,single-source,wayback_bsnpr_games,https://web.archive.org/web/20011101183604id_/http://www.bsnpr.com:80/gamestatwide.asp?r=BS21103&grupo=,2026-09-08T15:38:20Z
BS21103,2001,2001-06-15,GUAYAMA,15,"Rivera, David",,17,1,2,0,1,0,0,1,0,1,1,2,1,1,1,2,single-source,wayback_bsnpr_games,https://web.archive.org/web/20011101183604id_/http://www.bsnpr.com:80/gamestatwide.asp?r=BS21103&grupo=,2026-09-08T15:38:20Z
BS21103,2001,2001-06-15,GUAYAMA,17,"Colon, Giovanni",,23,0,2,1,4,0,0,2,1,3,0,0,0,3,2,3,single-source,wayback_bsnpr_games,https://web.archive.org/web/20011101183604id_/http://www.bsnpr.com:80/gamestatwide.asp?r=BS21103&grupo=,2026-09-08T15:38:20Z
BS21103,2001,2001-06-15,GUAYAMA,18,"Rosario, Jose",,35,7,17,0,0,0,0,4,7,11,2,2,0,0,1,14,single-source,wayback_bsnpr_games,https://web.archive.org/web/20011101183604id_/http://www.bsnpr.com:80/gamestatwide.asp?r=BS21103&grupo=,2026-09-08T15:38:20Z
BS21103,2001,2001-06-15,GUAYAMA,2,"Montes, Roberto",,1,0,2,0,0,0,0,1,0,1,0,0,0,0,0,0,single-source,wayback_bsnpr_games,https://web.archive.org/web/20011101183604id_/http://www.bsnpr.com:80/gamestatwide.asp?r=BS21103&grupo=,2026-09-08T15:38:20Z
BS21103,2001,2001-06-15,GUAYAMA,20,"Malpica, Karim",1385,13,1,2,0,0,1,2,0,1,1,0,2,0,2,3,3,single-source,wayback_bsnpr_games,https://web.archive.org/web/20011101183604id_/http://www.bsnpr.com:80/gamestatwide.asp?r=BS21103&grupo=,2026-09-08T15:38:20Z
BS21103,2001,2001-06-15,GUAYAMA,34,"Echevarria, Tony",,24,1,3,0,0,1,4,3,3,6,1,0,0,3,0,3,single-source,wayback_bsnpr_games,https://web.archive.org/web/20011101183604id_/http://www.bsnpr.com:80/gamestatwide.asp?r=BS21103&grupo=,2026-09-08T15:38:20Z
BS21103,2001,2001-06-15,GUAYAMA,4,"Bailey, Charles",,2,0,0,0,0,0,0,0,0,0,0,0,0,0,0,0,single-source,wayback_bsnpr_games,https://web.archive.org/web/20011101183604id_/http://www.bsnpr.com:80/gamestatwide.asp?r=BS21103&grupo=,2026-09-08T15:38:20Z
BS21103,2001,2001-06-15,GUAYAMA,44,"Santiago, Ricardo",,1,0,0,0,0,0,0,0,0,0,0,0,0,0,0,0,single-source,wayback_bsnpr_games,https://web.archive.org/web/20011101183604id_/http://www.bsnpr.com:80/gamestatwide.asp?r=BS21103&grupo=,2026-09-08T15:38:20Z
BS21103,2001,2001-06-15,GUAYAMA,5,"De Jesus, Angel",,38,5,11,2,8,3,5,4,0,4,5,1,0,0,2,19,single-source,wayback_bsnpr_games,https://web.archive.org/web/20011101183604id_/http://www.bsnpr.com:80/gamestatwide.asp?r=BS21103&grupo=,2026-09-08T15:38:20Z
BS21103,2001,2001-06-15,GUAYAMA,55,"Long, Art",,20,3,7,0,1,0,1,2,3,5,0,2,1,1,1,6,single-source,wayback_bsnpr_games,https://web.archive.org/web/20011101183604id_/http://www.bsnpr.com:80/gamestatwide.asp?r=BS21103&grupo=,2026-09-08T15:38:20Z
BS21103,2001,2001-06-15,SANTURCE,1,"Lopez, Jose",,9,0,0,0,0,2,2,0,0,0,0,0,0,0,0,2,single-source,wayback_bsnpr_games,https://web.archive.org/web/20011101183604id_/http://www.bsnpr.com:80/gamestatwide.asp?r=BS21103&grupo=,2026-09-08T15:38:20Z
BS21103,2001,2001-06-15,SANTURCE,10,"Arroyo, Alberto",,7,0,0,0,0,0,0,0,0,0,1,0,0,2,1,0,single-source,wayback_bsnpr_games,https://web.archive.org/web/20011101183604id_/http://www.bsnpr.com:80/gamestatwide.asp?r=BS21103&grupo=,2026-09-08T15:38:20Z
BS21103,2001,2001-06-15,SANTURCE,12,"Horruitiner, Rolando",,29,6,7,3,6,0,0,0,3,3,0,2,1,4,3,21,single-source,wayback_bsnpr_games,https://web.archive.org/web/20011101183604id_/http://www.bsnpr.com:80/gamestatwide.asp?r=BS21103&grupo=,2026-09-08T15:38:20Z
BS21103,2001,2001-06-15,SANTURCE,31,"Rosario, Rich",,24,0,2,1,2,0,0,0,4,4,1,0,0,1,2,3,single-source,wayback_bsnpr_games,https://web.archive.org/web/20011101183604id_/http://www.bsnpr.com:80/gamestatwide.asp?r=BS21103&grupo=,2026-09-08T15:38:20Z
BS21103,2001,2001-06-15,SANTURCE,33,"Falcon, Alex",,29,2,2,0,0,1,4,0,5,5,3,2,1,1,1,5,single-source,wayback_bsnpr_games,https://web.archive.org/web/20011101183604id_/http://www.bsnpr.com:80/gamestatwide.asp?r=BS21103&grupo=,2026-09-08T15:38:20Z
BS21103,2001,2001-06-15,SANTURCE,42,"Aubrey, Jeffrey",,20,2,3,0,0,0,0,2,5,7,0,0,1,2,1,4,single-source,wayback_bsnpr_games,https://web.archive.org/web/20011101183604id_/http://www.bsnpr.com:80/gamestatwide.asp?r=BS21103&grupo=,2026-09-08T15:38:20Z
BS21103,2001,2001-06-15,SANTURCE,44,"Bocachica, Armando",,16,2,3,1,1,0,0,0,3,3,1,0,2,3,1,7,single-source,wayback_bsnpr_games,https://web.archive.org/web/20011101183604id_/http://www.bsnpr.com:80/gamestatwide.asp?r=BS21103&grupo=,2026-09-08T15:38:20Z
BS21103,2001,2001-06-15,SANTURCE,8,"Triningham, Leon",,30,4,14,0,0,6,6,4,7,11,1,0,2,0,2,14,single-source,wayback_bsnpr_games,https://web.archive.org/web/20011101183604id_/http://www.bsnpr.com:80/gamestatwide.asp?r=BS21103&grupo=,2026-09-08T15:38:20Z
BS21103,2001,2001-06-15,SANTURCE,9,"Santiago, Edwin",,36,8,12,1,4,2,2,1,3,4,3,2,0,2,6,21,single-source,wayback_bsnpr_games,https://web.archive.org/web/20011101183604id_/http://www.bsnpr.com:80/gamestatwide.asp?r=BS21103&grupo=,2026-09-08T15:38:20Z
BS21105,2001,2001-06-16,BAYAMON,0,"Miller, Kenny",,29,5,11,0,0,0,2,4,6,10,2,2,0,3,2,10,single-source,wayback_bsnpr_games,https://web.archive.org/web/20011125220055id_/http://www.bsnpr.com:80/gamestatwide.asp?r=BS21105&grupo=,2026-09-08T15:39:17Z
BS21105,2001,2001-06-16,BAYAMON,12,"Padilla, Edgar",,20,2,6,1,2,0,0,0,2,2,2,0,0,4,2,7,single-source,wayback_bsnpr_games,https://web.archive.org/web/20011125220055id_/http://www.bsnpr.com:80/gamestatwide.asp?r=BS21105&grupo=,2026-09-08T15:39:17Z
BS21105,2001,2001-06-16,BAYAMON,13,"Payano, Carlos",,26,3,5,0,2,4,4,1,4,5,0,1,1,5,2,10,single-source,wayback_bsnpr_games,https://web.archive.org/web/20011125220055id_/http://www.bsnpr.com:80/gamestatwide.asp?r=BS21105&grupo=,2026-09-08T15:39:17Z
BS21105,2001,2001-06-16,BAYAMON,17,"Mincy, Jerome",1032,31,7,13,2,5,0,4,4,7,11,2,2,4,1,2,20,single-source,wayback_bsnpr_games,https://web.archive.org/web/20011125220055id_/http://www.bsnpr.com:80/gamestatwide.asp?r=BS21105&grupo=,2026-09-08T15:39:17Z
BS21105,2001,2001-06-16,BAYAMON,22,"Apodaca, Rick",2028,13,2,5,1,3,0,0,0,0,0,2,0,0,1,1,7,single-source,wayback_bsnpr_games,https://web.archive.org/web/20011125220055id_/http://www.bsnpr.com:80/gamestatwide.asp?r=BS21105&grupo=,2026-09-08T15:39:17Z
BS21105,2001,2001-06-16,BAYAMON,32,"Santiago, Eddin",502,19,1,6,2,5,0,0,1,1,2,5,2,0,2,2,8,single-source,wayback_bsnpr_games,https://web.archive.org/web/20011125220055id_/http://www.bsnpr.com:80/gamestatwide.asp?r=BS21105&grupo=,2026-09-08T15:39:17Z
BS21105,2001,2001-06-16,BAYAMON,4,"Western, Franklyn",,33,4,13,0,0,9,11,1,4,5,2,2,0,1,1,17,single-source,wayback_bsnpr_games,https://web.archive.org/web/20011125220055id_/http://www.bsnpr.com:80/gamestatwide.asp?r=BS21105&grupo=,2026-09-08T15:39:17Z
BS21105,2001,2001-06-16,BAYAMON,6,"Travieso, Carmelo",,29,1,2,1,5,2,2,1,1,2,0,2,0,3,2,7,single-source,wayback_bsnpr_games,https://web.archive.org/web/20011125220055id_/http://www.bsnpr.com:80/gamestatwide.asp?r=BS21105&grupo=,2026-09-08T15:39:17Z
BS21105,2001,2001-06-16,QUEBRADILLAS,11,"Curbelo, Joel",,39,7,12,5,8,1,4,0,1,1,3,0,0,3,2,30,single-source,wayback_bsnpr_games,https://web.archive.org/web/20011125220055id_/http://www.bsnpr.com:80/gamestatwide.asp?r=BS21105&grupo=,2026-09-08T15:39:17Z
BS21105,2001,2001-06-16,QUEBRADILLAS,12,"Colon, Francisco",,24,1,3,0,1,0,0,0,4,4,0,1,0,4,5,2,single-source,wayback_bsnpr_games,https://web.archive.org/web/20011125220055id_/http://www.bsnpr.com:80/gamestatwide.asp?r=BS21105&grupo=,2026-09-08T15:39:17Z
BS21105,2001,2001-06-16,QUEBRADILLAS,14,"King, Kirk",,38,6,10,0,0,2,2,3,14,17,1,0,1,4,6,14,single-source,wayback_bsnpr_games,https://web.archive.org/web/20011125220055id_/http://www.bsnpr.com:80/gamestatwide.asp?r=BS21105&grupo=,2026-09-08T15:39:17Z
BS21105,2001,2001-06-16,QUEBRADILLAS,16,"Johnson, Rahim",,16,3,5,0,1,4,4,1,3,4,2,0,0,5,2,10,single-source,wayback_bsnpr_games,https://web.archive.org/web/20011125220055id_/http://www.bsnpr.com:80/gamestatwide.asp?r=BS21105&grupo=,2026-09-08T15:39:17Z
BS21105,2001,2001-06-16,QUEBRADILLAS,17,"Morales, Alfredo",,8,1,3,0,0,2,4,0,0,0,1,3,1,2,0,4,single-source,wayback_bsnpr_games,https://web.archive.org/web/20011125220055id_/http://www.bsnpr.com:80/gamestatwide.asp?r=BS21105&grupo=,2026-09-08T15:39:17Z
BS21105,2001,2001-06-16,QUEBRADILLAS,5,"Dalmau, Raymond",,40,6,8,2,5,7,11,1,11,12,13,1,0,0,5,25,single-source,wayback_bsnpr_games,https://web.archive.org/web/20011125220055id_/http://www.bsnpr.com:80/gamestatwide.asp?r=BS21105&grupo=,2026-09-08T15:39:17Z
BS21105,2001,2001-06-16,QUEBRADILLAS,6,"Arrufat, Eduardo",,2,0,0,0,1,0,0,0,1,1,0,0,0,0,0,0,single-source,wayback_bsnpr_games,https://web.archive.org/web/20011125220055id_/http://www.bsnpr.com:80/gamestatwide.asp?r=BS21105&grupo=,2026-09-08T15:39:17Z
BS21105,2001,2001-06-16,QUEBRADILLAS,7,"Dalmau, Ricardo",1992,33,2,2,2,4,0,0,0,4,4,7,2,1,5,5,10,single-source,wayback_bsnpr_games,https://web.archive.org/web/20011125220055id_/http://www.bsnpr.com:80/gamestatwide.asp?r=BS21105&grupo=,2026-09-08T15:39:17Z
BS21108,2001,2001-07-06,ISABELA,10,"Santos, Xionel",,19,5,8,0,3,1,2,3,1,4,0,1,0,1,1,11,single-source,wayback_bsnpr_games,https://web.archive.org/web/20011101184531id_/http://www.bsnpr.com:80/gamestatwide.asp?r=BS21108&grupo=,2026-09-08T15:38:28Z
BS21108,2001,2001-07-06,ISABELA,12,"Lopez, Jose",,34,6,11,1,2,3,5,7,8,15,2,1,0,1,0,18,single-source,wayback_bsnpr_games,https://web.archive.org/web/20011101184531id_/http://www.bsnpr.com:80/gamestatwide.asp?r=BS21108&grupo=,2026-09-08T15:38:28Z
BS21108,2001,2001-07-06,ISABELA,13,"Fernandez, Erik",,18,0,3,1,1,2,4,1,2,3,0,1,0,0,6,5,single-source,wayback_bsnpr_games,https://web.archive.org/web/20011101184531id_/http://www.bsnpr.com:80/gamestatwide.asp?r=BS21108&grupo=,2026-09-08T15:38:28Z
BS21108,2001,2001-07-06,ISABELA,15,"Crispin, Nathael",,16,0,4,1,3,0,0,1,1,2,0,2,0,1,1,3,single-source,wayback_bsnpr_games,https://web.archive.org/web/20011101184531id_/http://www.bsnpr.com:80/gamestatwide.asp?r=BS21108&grupo=,2026-09-08T15:38:28Z
BS21108,2001,2001-07-06,ISABELA,31,"Guzman, Leonel",1440,10,0,3,0,0,0,0,2,0,2,1,0,0,1,0,0,single-source,wayback_bsnpr_games,https://web.archive.org/web/20011101184531id_/http://www.bsnpr.com:80/gamestatwide.asp?r=BS21108&grupo=,2026-09-08T15:38:28Z
BS21108,2001,2001-07-06,ISABELA,34,"Acevedo, Jose",,14,2,8,0,1,0,0,0,3,3,3,1,0,2,0,4,single-source,wayback_bsnpr_games,https://web.archive.org/web/20011101184531id_/http://www.bsnpr.com:80/gamestatwide.asp?r=BS21108&grupo=,2026-09-08T15:38:28Z
BS21108,2001,2001-07-06,ISABELA,42,"Figueroa, Anthony",,11,1,1,0,0,0,0,0,2,2,2,1,0,1,2,2,single-source,wayback_bsnpr_games,https://web.archive.org/web/20011101184531id_/http://www.bsnpr.com:80/gamestatwide.asp?r=BS21108&grupo=,2026-09-08T15:38:28Z
BS21108,2001,2001-07-06,ISABELA,45,"Leeks, Keen",,33,7,12,0,1,7,8,5,3,8,1,0,0,3,3,21,single-source,wayback_bsnpr_games,https://web.archive.org/web/20011101184531id_/http://www.bsnpr.com:80/gamestatwide.asp?r=BS21108&grupo=,2026-09-08T15:38:28Z
BS21108,2001,2001-07-06,ISABELA,48,"Machado, Adrian",,24,1,2,2,7,0,0,1,3,4,0,2,0,2,6,8,single-source,wayback_bsnpr_games,https://web.archive.org/web/20011101184531id_/http://www.bsnpr.com:80/gamestatwide.asp?r=BS21108&grupo=,2026-09-08T15:38:28Z
BS21108,2001,2001-07-06,ISABELA,8,"Colon, Eddie",,21,2,5,0,3,0,0,0,0,0,1,1,0,2,4,4,single-source,wayback_bsnpr_games,https://web.archive.org/web/20011101184531id_/http://www.bsnpr.com:80/gamestatwide.asp?r=BS21108&grupo=,2026-09-08T15:38:28Z
BS21108,2001,2001-07-06,SANTURCE,1,"Lopez, Jose",,8,1,1,0,0,2,3,0,0,0,2,0,0,1,1,4,single-source,wayback_bsnpr_games,https://web.archive.org/web/20011101184531id_/http://www.bsnpr.com:80/gamestatwide.asp?r=BS21108&grupo=,2026-09-08T15:38:28Z
BS21108,2001,2001-07-06,SANTURCE,10,"Arroyo, Alberto",,11,0,0,0,2,2,2,0,0,0,1,0,0,0,0,2,single-source,wayback_bsnpr_games,https://web.archive.org/web/20011101184531id_/http://www.bsnpr.com:80/gamestatwide.asp?r=BS21108&grupo=,2026-09-08T15:38:28Z
BS21108,2001,2001-07-06,SANTURCE,11,"Benson, Mark",,20,0,0,5,8,0,0,1,2,3,1,1,0,0,1,15,single-source,wayback_bsnpr_games,https://web.archive.org/web/20011101184531id_/http://www.bsnpr.com:80/gamestatwide.asp?r=BS21108&grupo=,2026-09-08T15:38:28Z
BS21108,2001,2001-07-06,SANTURCE,12,"Hourrutiner, Rolando",,13,2,4,2,4,0,0,1,1,2,2,3,0,0,1,10,single-source,wayback_bsnpr_games,https://web.archive.org/web/20011101184531id_/http://www.bsnpr.com:80/gamestatwide.asp?r=BS21108&grupo=,2026-09-08T15:38:28Z
BS21108,2001,2001-07-06,SANTURCE,22,"Villegas, Samuel",2145,12,1,3,0,4,0,0,1,3,4,0,1,0,1,4,2,single-source,wayback_bsnpr_games,https://web.archive.org/web/20011101184531id_/http://www.bsnpr.com:80/gamestatwide.asp?r=BS21108&grupo=,2026-09-08T15:38:28Z
BS21108,2001,2001-07-06,SANTURCE,33,"Falcon, Alex",,21,7,12,0,0,0,1,3,0,3,2,4,0,0,1,14,single-source,wayback_bsnpr_games,https://web.archive.org/web/20011101184531id_/http://www.bsnpr.com:80/gamestatwide.asp?r=BS21108&grupo=,2026-09-08T15:38:28Z
BS21108,2001,2001-07-06,SANTURCE,34,"Villafane, Luis",1502,12,2,4,0,0,0,0,1,3,4,2,0,0,0,2,4,single-source,wayback_bsnpr_games,https://web.archive.org/web/20011101184531id_/http://www.bsnpr.com:80/gamestatwide.asp?r=BS21108&grupo=,2026-09-08T15:38:28Z
BS21108,2001,2001-07-06,SANTURCE,4,"Ortiz, Jose",,13,1,3,0,0,0,0,0,4,4,2,0,2,1,0,2,single-source,wayback_bsnpr_games,https://web.archive.org/web/20011101184531id_/http://www.bsnpr.com:80/gamestatwide.asp?r=BS21108&grupo=,2026-09-08T15:38:28Z
BS21108,2001,2001-07-06,SANTURCE,42,"Aubry, Jefrey",1025,27,5,8,0,1,2,5,3,8,11,2,1,3,3,2,12,single-source,wayback_bsnpr_games,https://web.archive.org/web/20011101184531id_/http://www.bsnpr.com:80/gamestatwide.asp?r=BS21108&grupo=,2026-09-08T15:38:28Z
BS21108,2001,2001-07-06,SANTURCE,44,"Bocachica, Armando",,27,5,7,3,6,1,2,3,7,10,1,0,1,4,2,20,single-source,wayback_bsnpr_games,https://web.archive.org/web/20011101184531id_/http://www.bsnpr.com:80/gamestatwide.asp?r=BS21108&grupo=,2026-09-08T15:38:28Z
BS21108,2001,2001-07-06,SANTURCE,5,"Santiago, Orlando",,13,6,7,0,2,1,1,0,0,0,3,2,0,0,1,13,single-source,wayback_bsnpr_games,https://web.archive.org/web/20011101184531id_/http://www.bsnpr.com:80/gamestatwide.asp?r=BS21108&grupo=,2026-09-08T15:38:28Z
BS21108,2001,2001-07-06,SANTURCE,55,"Butler, Mario",,7,1,2,0,0,0,0,2,0,2,0,0,0,2,0,2,single-source,wayback_bsnpr_games,https://web.archive.org/web/20011101184531id_/http://www.bsnpr.com:80/gamestatwide.asp?r=BS21108&grupo=,2026-09-08T15:38:28Z
BS21108,2001,2001-07-06,SANTURCE,9,"Santiago, Edwin",,16,3,5,0,0,0,0,0,1,1,9,0,0,1,1,6,single-source,wayback_bsnpr_games,https://web.archive.org/web/20011101184531id_/http://www.bsnpr.com:80/gamestatwide.asp?r=BS21108&grupo=,2026-09-08T15:38:28Z
BS21109,2001,2001-06-17,QUEBRADILLAS,11,"Curbelo, Joel",,33,2,6,1,5,1,2,2,0,2,2,0,0,2,2,8,single-source,wayback_bsnpr_games,https://web.archive.org/web/20011224144727id_/http://www.bsnpr.com:80/gamestatwide.asp?r=BS21109&grupo=,2026-09-08T15:41:04Z
BS21109,2001,2001-06-17,QUEBRADILLAS,14,"King, Kurt",,40,10,14,0,0,6,8,3,8,11,3,1,1,2,2,26,single-source,wayback_bsnpr_games,https://web.archive.org/web/20011224144727id_/http://www.bsnpr.com:80/gamestatwide.asp?r=BS21109&grupo=,2026-09-08T15:41:04Z
BS21109,2001,2001-06-17,QUEBRADILLAS,15,"Perez, Felix Javier",,30,8,9,0,0,0,0,1,10,11,3,0,3,4,1,16,single-source,wayback_bsnpr_games,https://web.archive.org/web/20011224144727id_/http://www.bsnpr.com:80/gamestatwide.asp?r=BS21109&grupo=,2026-09-08T15:41:04Z
BS21109,2001,2001-06-17,QUEBRADILLAS,16,"Johnson, Rahim",,32,2,6,1,5,2,4,1,2,3,7,2,1,4,2,9,single-source,wayback_bsnpr_games,https://web.archive.org/web/20011224144727id_/http://www.bsnpr.com:80/gamestatwide.asp?r=BS21109&grupo=,2026-09-08T15:41:04Z
BS21109,2001,2001-06-17,QUEBRADILLAS,17,"Morales, Alfredo",,17,2,2,2,2,1,1,0,3,3,1,2,0,3,2,11,single-source,wayback_bsnpr_games,https://web.archive.org/web/20011224144727id_/http://www.bsnpr.com:80/gamestatwide.asp?r=BS21109&grupo=,2026-09-08T15:41:04Z
BS21109,2001,2001-06-17,QUEBRADILLAS,5,"Dalmau, Richie",1970,38,6,13,5,9,2,2,2,2,4,9,3,0,1,5,29,single-source,wayback_bsnpr_games,https://web.archive.org/web/20011224144727id_/http://www.bsnpr.com:80/gamestatwide.asp?r=BS21109&grupo=,2026-09-08T15:41:04Z
BS21109,2001,2001-06-17,QUEBRADILLAS,6,"Arrufat, Eduardo",,4,0,0,0,0,0,0,0,0,0,0,0,0,0,0,0,single-source,wayback_bsnpr_games,https://web.archive.org/web/20011224144727id_/http://www.bsnpr.com:80/gamestatwide.asp?r=BS21109&grupo=,2026-09-08T15:41:04Z
BS21109,2001,2001-06-17,QUEBRADILLAS,8,"Alamo, Omar",,6,1,1,0,0,0,0,0,0,0,0,0,0,1,0,2,single-source,wayback_bsnpr_games,https://web.archive.org/web/20011224144727id_/http://www.bsnpr.com:80/gamestatwide.asp?r=BS21109&grupo=,2026-09-08T15:41:04Z
BS21109,2001,2001-06-17,SAN GERMAN,1,"Jackson, Leroy",1442,26,2,6,4,5,0,0,1,0,1,3,1,0,4,1,16,single-source,wayback_bsnpr_games,https://web.archive.org/web/20011224144727id_/http://www.bsnpr.com:80/gamestatwide.asp?r=BS21109&grupo=,2026-09-08T15:41:04Z
BS21109,2001,2001-06-17,SAN GERMAN,12,"Caanen, Wilhelmus",,4,0,0,1,1,0,0,0,0,0,0,0,0,0,0,3,single-source,wayback_bsnpr_games,https://web.archive.org/web/20011224144727id_/http://www.bsnpr.com:80/gamestatwide.asp?r=BS21109&grupo=,2026-09-08T15:41:04Z
BS21109,2001,2001-06-17,SAN GERMAN,13,"Fajardo, Shariff",,31,6,10,0,3,4,7,3,6,9,2,0,1,3,3,16,single-source,wayback_bsnpr_games,https://web.archive.org/web/20011224144727id_/http://www.bsnpr.com:80/gamestatwide.asp?r=BS21109&grupo=,2026-09-08T15:41:04Z
BS21109,2001,2001-06-17,SAN GERMAN,17,"Dalmau, Christian",382,37,7,14,2,5,2,2,0,2,2,7,1,0,4,3,22,single-source,wayback_bsnpr_games,https://web.archive.org/web/20011224144727id_/http://www.bsnpr.com:80/gamestatwide.asp?r=BS21109&grupo=,2026-09-08T15:41:04Z
BS21109,2001,2001-06-17,SAN GERMAN,18,"Barea, Irving",,8,2,7,0,1,0,0,2,1,3,1,0,0,2,1,4,single-source,wayback_bsnpr_games,https://web.archive.org/web/20011224144727id_/http://www.bsnpr.com:80/gamestatwide.asp?r=BS21109&grupo=,2026-09-08T15:41:04Z
BS21109,2001,2001-06-17,SAN GERMAN,20,"Ayuso, Larry",574,36,5,7,3,4,1,1,2,5,7,2,2,0,2,0,20,single-source,wayback_bsnpr_games,https://web.archive.org/web/20011224144727id_/http://www.bsnpr.com:80/gamestatwide.asp?r=BS21109&grupo=,2026-09-08T15:41:04Z
BS21109,2001,2001-06-17,SAN GERMAN,21,"Febles, Arnaldo",,12,1,3,0,0,0,0,3,0,3,0,0,0,1,2,2,single-source,wayback_bsnpr_games,https://web.archive.org/web/20011224144727id_/http://www.bsnpr.com:80/gamestatwide.asp?r=BS21109&grupo=,2026-09-08T15:41:04Z
BS21109,2001,2001-06-17,SAN GERMAN,32,"Lazor, Robert",2037,37,6,11,0,0,1,2,4,7,11,3,1,1,3,3,13,single-source,wayback_bsnpr_games,https://web.archive.org/web/20011224144727id_/http://www.bsnpr.com:80/gamestatwide.asp?r=BS21109&grupo=,2026-09-08T15:41:04Z
BS21109,2001,2001-06-17,SAN GERMAN,7,"Quinones, Nelson",,9,0,0,1,6,0,0,0,0,0,1,0,0,1,1,3,single-source,wayback_bsnpr_games,https://web.archive.org/web/20011224144727id_/http://www.bsnpr.com:80/gamestatwide.asp?r=BS21109&grupo=,2026-09-08T15:41:04Z
BS21111,2001,2001-06-18,BAYAMON,0,"Richards, Jaja",,25,2,2,0,0,1,2,3,6,9,1,0,1,3,3,5,single-source,wayback_bsnpr_games,https://web.archive.org/web/20011125220603id_/http://www.bsnpr.com:80/gamestatwide.asp?r=BS21111&grupo=,2026-09-08T15:39:22Z
BS21111,2001,2001-06-18,BAYAMON,10,"Cruz, Alvin",,7,0,0,1,1,1,2,0,0,0,0,0,0,0,1,4,single-source,wayback_bsnpr_games,https://web.archive.org/web/20011125220603id_/http://www.bsnpr.com:80/gamestatwide.asp?r=BS21111&grupo=,2026-09-08T15:39:22Z
BS21111,2001,2001-06-18,BAYAMON,12,"Padilla, Edgar",,25,2,3,1,3,2,2,0,1,1,8,5,0,5,5,9,single-source,wayback_bsnpr_games,https://web.archive.org/web/20011125220603id_/http://www.bsnpr.com:80/gamestatwide.asp?r=BS21111&grupo=,2026-09-08T15:39:22Z
BS21111,2001,2001-06-18,BAYAMON,13,"Payano, Carlos",,22,6,10,0,2,0,0,2,2,4,0,0,0,2,0,12,single-source,wayback_bsnpr_games,https://web.archive.org/web/20011125220603id_/http://www.bsnpr.com:80/gamestatwide.asp?r=BS21111&grupo=,2026-09-08T15:39:22Z
BS21111,2001,2001-06-18,BAYAMON,15,"Novas, Rafael",,7,2,2,0,0,0,0,1,1,2,0,0,0,0,0,4,single-source,wayback_bsnpr_games,https://web.archive.org/web/20011125220603id_/http://www.bsnpr.com:80/gamestatwide.asp?r=BS21111&grupo=,2026-09-08T15:39:22Z
BS21111,2001,2001-06-18,BAYAMON,17,"Mincy, Jerome",1032,23,2,9,0,2,2,3,2,4,6,0,0,0,2,3,6,single-source,wayback_bsnpr_games,https://web.archive.org/web/20011125220603id_/http://www.bsnpr.com:80/gamestatwide.asp?r=BS21111&grupo=,2026-09-08T15:39:22Z
BS21111,2001,2001-06-18,BAYAMON,32,"Santiago, Eddin",502,12,1,2,2,2,0,0,0,1,1,1,0,0,1,0,8,single-source,wayback_bsnpr_games,https://web.archive.org/web/20011125220603id_/http://www.bsnpr.com:80/gamestatwide.asp?r=BS21111&grupo=,2026-09-08T15:39:22Z
BS21111,2001,2001-06-18,BAYAMON,4,"Western, Franklin",,33,6,14,0,0,2,3,2,2,4,4,2,0,1,1,14,single-source,wayback_bsnpr_games,https://web.archive.org/web/20011125220603id_/http://www.bsnpr.com:80/gamestatwide.asp?r=BS21111&grupo=,2026-09-08T15:39:22Z
BS21111,2001,2001-06-18,BAYAMON,44,"Rodriguez, Jose",,3,0,2,0,0,0,0,2,0,2,0,0,0,0,1,0,single-source,wayback_bsnpr_games,https://web.archive.org/web/20011125220603id_/http://www.bsnpr.com:80/gamestatwide.asp?r=BS21111&grupo=,2026-09-08T15:39:22Z
BS21111,2001,2001-06-18,BAYAMON,5,"Ortiz, Reyes",,4,1,1,0,0,0,0,0,0,0,1,0,0,0,1,2,single-source,wayback_bsnpr_games,https://web.archive.org/web/20011125220603id_/http://www.bsnpr.com:80/gamestatwide.asp?r=BS21111&grupo=,2026-09-08T15:39:22Z
BS21111,2001,2001-06-18,BAYAMON,6,"Travieso, Carmelo",,37,0,2,5,11,0,0,0,1,1,3,3,0,4,2,15,single-source,wayback_bsnpr_games,https://web.archive.org/web/20011125220603id_/http://www.bsnpr.com:80/gamestatwide.asp?r=BS21111&grupo=,2026-09-08T15:39:22Z
BS21111,2001,2001-06-18,BAYAMON,9,"Salgado, Gustavo",,2,0,0,0,0,0,0,0,1,1,0,0,0,0,0,0,single-source,wayback_bsnpr_games,https://web.archive.org/web/20011125220603id_/http://www.bsnpr.com:80/gamestatwide.asp?r=BS21111&grupo=,2026-09-08T15:39:22Z
BS21111,2001,2001-06-18,PONCE,1,"Morales, Ferdinand",,18,3,5,0,2,0,0,2,2,4,1,2,0,3,5,6,single-source,wayback_bsnpr_games,https://web.archive.org/web/20011125220603id_/http://www.bsnpr.com:80/gamestatwide.asp?r=BS21111&grupo=,2026-09-08T15:39:22Z
BS21111,2001,2001-06-18,PONCE,10,"Hatton, Bobby Joe",2074,25,2,3,0,0,0,0,0,3,3,4,0,0,0,1,4,single-source,wayback_bsnpr_games,https://web.archive.org/web/20011125220603id_/http://www.bsnpr.com:80/gamestatwide.asp?r=BS21111&grupo=,2026-09-08T15:39:22Z
BS21111,2001,2001-06-18,PONCE,11,"Casiano, Eddie",498,16,3,4,2,3,7,9,0,0,0,1,0,0,2,0,19,single-source,wayback_bsnpr_games,https://web.archive.org/web/20011125220603id_/http://www.bsnpr.com:80/gamestatwide.asp?r=BS21111&grupo=,2026-09-08T15:39:22Z
BS21111,2001,2001-06-18,PONCE,13,"Jourdon, Keenan",,33,5,7,0,1,5,6,2,7,9,2,2,0,4,2,15,single-source,wayback_bsnpr_games,https://web.archive.org/web/20011125220603id_/http://www.bsnpr.com:80/gamestatwide.asp?r=BS21111&grupo=,2026-09-08T15:39:22Z
BS21111,2001,2001-06-18,PONCE,17,"Collado, Roberto",,15,1,2,0,0,1,2,2,1,3,0,1,1,3,0,3,single-source,wayback_bsnpr_games,https://web.archive.org/web/20011125220603id_/http://www.bsnpr.com:80/gamestatwide.asp?r=BS21111&grupo=,2026-09-08T15:39:22Z
BS21111,2001,2001-06-18,PONCE,33,"Soto, Eugenio",651,5,0,0,0,0,0,0,0,0,0,0,0,0,0,0,0,single-source,wayback_bsnpr_games,https://web.archive.org/web/20011125220603id_/http://www.bsnpr.com:80/gamestatwide.asp?r=BS21111&grupo=,2026-09-08T15:39:22Z
BS21111,2001,2001-06-18,PONCE,4,"Colon, Javier",1011,27,3,9,2,4,2,2,0,1,1,4,2,1,2,5,14,single-source,wayback_bsnpr_games,https://web.archive.org/web/20011125220603id_/http://www.bsnpr.com:80/gamestatwide.asp?r=BS21111&grupo=,2026-09-08T15:39:22Z
BS21111,2001,2001-06-18,PONCE,5,"Agosto, Jose",,21,0,2,1,5,0,0,0,0,0,2,1,0,1,1,3,single-source,wayback_bsnpr_games,https://web.archive.org/web/20011125220603id_/http://www.bsnpr.com:80/gamestatwide.asp?r=BS21111&grupo=,2026-09-08T15:39:22Z
BS21111,2001,2001-06-18,PONCE,6,"Lockhart, Ian",914,40,11,16,1,2,1,2,3,7,10,0,1,0,1,2,26,single-source,wayback_bsnpr_games,https://web.archive.org/web/20011125220603id_/http://www.bsnpr.com:80/gamestatwide.asp?r=BS21111&grupo=,2026-09-08T15:39:22Z
BS21113,2001,2001-06-18,CAROLINA,10,"Myers, Guillermo",,21,3,6,0,0,2,2,2,8,10,0,1,0,3,6,8,single-source,wayback_bsnpr_games,https://web.archive.org/web/20011223134006id_/http://www.bsnpr.com:80/gamestatwide.asp?r=BS21113&grupo=,2026-09-08T15:40:11Z
BS21113,2001,2001-06-18,CAROLINA,11,"Aska, Joseph",,12,2,2,0,0,0,0,1,1,2,0,2,0,2,0,4,single-source,wayback_bsnpr_games,https://web.archive.org/web/20011223134006id_/http://www.bsnpr.com:80/gamestatwide.asp?r=BS21113&grupo=,2026-09-08T15:40:11Z
BS21113,2001,2001-06-18,CAROLINA,12,"Chiclana, Jonas",,8,0,0,0,0,2,2,0,0,0,3,1,0,2,2,2,single-source,wayback_bsnpr_games,https://web.archive.org/web/20011223134006id_/http://www.bsnpr.com:80/gamestatwide.asp?r=BS21113&grupo=,2026-09-08T15:40:11Z
BS21113,2001,2001-06-18,CAROLINA,13,"Neumann, Henry",,2,0,1,0,0,1,2,0,0,0,0,0,0,0,0,1,single-source,wayback_bsnpr_games,https://web.archive.org/web/20011223134006id_/http://www.bsnpr.com:80/gamestatwide.asp?r=BS21113&grupo=,2026-09-08T15:40:11Z
BS21113,2001,2001-06-18,CAROLINA,14,"Valenzuela, Hector",869,4,0,0,0,0,0,0,0,1,1,0,0,0,0,0,0,single-source,wayback_bsnpr_games,https://web.archive.org/web/20011223134006id_/http://www.bsnpr.com:80/gamestatwide.asp?r=BS21113&grupo=,2026-09-08T15:40:11Z
BS21113,2001,2001-06-18,CAROLINA,15,"Ayala, Alexander",,4,0,0,1,1,0,0,0,0,0,0,0,0,2,1,3,single-source,wayback_bsnpr_games,https://web.archive.org/web/20011223134006id_/http://www.bsnpr.com:80/gamestatwide.asp?r=BS21113&grupo=,2026-09-08T15:40:11Z
BS21113,2001,2001-06-18,CAROLINA,17,"White, Joe",,24,5,8,0,0,2,2,2,6,8,3,1,1,3,0,12,single-source,wayback_bsnpr_games,https://web.archive.org/web/20011223134006id_/http://www.bsnpr.com:80/gamestatwide.asp?r=BS21113&grupo=,2026-09-08T15:40:11Z
BS21113,2001,2001-06-18,CAROLINA,18,"Simpson, Carl",,16,1,7,1,1,0,0,2,5,7,0,0,0,5,2,5,single-source,wayback_bsnpr_games,https://web.archive.org/web/20011223134006id_/http://www.bsnpr.com:80/gamestatwide.asp?r=BS21113&grupo=,2026-09-08T15:40:11Z
BS21113,2001,2001-06-18,CAROLINA,4,"Rivera, Erick",,34,2,7,2,6,3,3,1,0,1,4,2,0,3,3,13,single-source,wayback_bsnpr_games,https://web.archive.org/web/20011223134006id_/http://www.bsnpr.com:80/gamestatwide.asp?r=BS21113&grupo=,2026-09-08T15:40:11Z
BS21113,2001,2001-06-18,CAROLINA,5,"Nieves, Ivan",954,27,4,6,6,10,0,0,0,2,2,2,2,0,1,3,26,single-source,wayback_bsnpr_games,https://web.archive.org/web/20011223134006id_/http://www.bsnpr.com:80/gamestatwide.asp?r=BS21113&grupo=,2026-09-08T15:40:11Z
BS21113,2001,2001-06-18,CAROLINA,6,"Borgos, Rich",,25,7,12,2,3,5,6,2,6,8,6,2,0,1,1,25,single-source,wayback_bsnpr_games,https://web.archive.org/web/20011223134006id_/http://www.bsnpr.com:80/gamestatwide.asp?r=BS21113&grupo=,2026-09-08T15:40:11Z
BS21113,2001,2001-06-18,CAROLINA,7,"Romer, Angel",,7,0,0,0,0,0,0,0,0,0,0,0,0,2,0,0,single-source,wayback_bsnpr_games,https://web.archive.org/web/20011223134006id_/http://www.bsnpr.com:80/gamestatwide.asp?r=BS21113&grupo=,2026-09-08T15:40:11Z
BS21113,2001,2001-06-18,CAROLINA,8,"Rodriguez, Armando",,9,5,5,0,1,1,2,0,0,0,0,0,0,3,3,11,single-source,wayback_bsnpr_games,https://web.archive.org/web/20011223134006id_/http://www.bsnpr.com:80/gamestatwide.asp?r=BS21113&grupo=,2026-09-08T15:40:11Z
BS21113,2001,2001-06-18,CAROLINA,9,"Roca, Joel",1065,7,0,1,0,0,0,0,0,0,0,1,0,0,0,0,0,single-source,wayback_bsnpr_games,https://web.archive.org/web/20011223134006id_/http://www.bsnpr.com:80/gamestatwide.asp?r=BS21113&grupo=,2026-09-08T15:40:11Z
BS21113,2001,2001-06-18,SAN GERMAN,1,"Jackson, Leroy",1442,35,8,11,0,2,3,6,3,6,9,4,5,0,3,1,19,single-source,wayback_bsnpr_games,https://web.archive.org/web/20011223134006id_/http://www.bsnpr.com:80/gamestatwide.asp?r=BS21113&grupo=,2026-09-08T15:40:11Z
BS21113,2001,2001-06-18,SAN GERMAN,10,"Figueroa, Osvaldo",,1,0,1,0,0,0,0,0,0,0,0,0,0,0,0,0,single-source,wayback_bsnpr_games,https://web.archive.org/web/20011223134006id_/http://www.bsnpr.com:80/gamestatwide.asp?r=BS21113&grupo=,2026-09-08T15:40:11Z
BS21113,2001,2001-06-18,SAN GERMAN,12,"Caanen, Wilhelmus",,10,0,2,2,2,3,4,0,0,0,0,1,0,1,0,9,single-source,wayback_bsnpr_games,https://web.archive.org/web/20011223134006id_/http://www.bsnpr.com:80/gamestatwide.asp?r=BS21113&grupo=,2026-09-08T15:40:11Z
BS21113,2001,2001-06-18,SAN GERMAN,13,"Fajardo, Shariff",,19,3,7,0,0,2,2,2,5,7,1,0,1,2,1,8,single-source,wayback_bsnpr_games,https://web.archive.org/web/20011223134006id_/http://www.bsnpr.com:80/gamestatwide.asp?r=BS21113&grupo=,2026-09-08T15:40:11Z
BS21113,2001,2001-06-18,SAN GERMAN,17,"Dalmau, Christian",382,35,6,12,1,3,8,9,1,2,3,17,1,0,4,5,23,single-source,wayback_bsnpr_games,https://web.archive.org/web/20011223134006id_/http://www.bsnpr.com:80/gamestatwide.asp?r=BS21113&grupo=,2026-09-08T15:40:11Z
BS21113,2001,2001-06-18,SAN GERMAN,18,"Barea, Irving",,12,4,5,0,0,0,0,2,0,2,0,0,0,2,1,8,single-source,wayback_bsnpr_games,https://web.archive.org/web/20011223134006id_/http://www.bsnpr.com:80/gamestatwide.asp?r=BS21113&grupo=,2026-09-08T15:40:11Z
BS21113,2001,2001-06-18,SAN GERMAN,20,"Ayuso, Larry",574,36,6,9,6,11,1,1,1,6,7,1,2,0,2,5,31,single-source,wayback_bsnpr_games,https://web.archive.org/web/20011223134006id_/http://www.bsnpr.com:80/gamestatwide.asp?r=BS21113&grupo=,2026-09-08T15:40:11Z
BS21113,2001,2001-06-18,SAN GERMAN,21,"Febres, Arnaldo",,13,5,9,0,0,1,2,5,3,8,1,1,0,0,2,11,single-source,wayback_bsnpr_games,https://web.archive.org/web/20011223134006id_/http://www.bsnpr.com:80/gamestatwide.asp?r=BS21113&grupo=,2026-09-08T15:40:11Z
BS21113,2001,2001-06-18,SAN GERMAN,32,"Lazor, Robert",2037,33,6,14,0,1,5,6,5,7,12,1,0,1,2,0,17,single-source,wayback_bsnpr_games,https://web.archive.org/web/20011223134006id_/http://www.bsnpr.com:80/gamestatwide.asp?r=BS21113&grupo=,2026-09-08T15:40:11Z
BS21113,2001,2001-06-18,SAN GERMAN,6,"Caraballo, Johnny",,2,0,1,0,1,0,0,0,0,0,0,0,0,1,0,0,single-source,wayback_bsnpr_games,https://web.archive.org/web/20011223134006id_/http://www.bsnpr.com:80/gamestatwide.asp?r=BS21113&grupo=,2026-09-08T15:40:11Z
BS21113,2001,2001-06-18,SAN GERMAN,7,"Quinones, Nelson",,4,0,2,0,2,0,0,0,0,0,0,0,0,1,1,0,single-source,wayback_bsnpr_games,https://web.archive.org/web/20011223134006id_/http://www.bsnpr.com:80/gamestatwide.asp?r=BS21113&grupo=,2026-09-08T15:40:11Z
BS21115,2001,2001-06-18,MAYAGUEZ,10,"Guibert, Andres",,40,6,11,0,0,7,8,2,8,10,6,0,0,3,3,19,single-source,wayback_bsnpr_games,https://web.archive.org/web/20011101184707id_/http://www.bsnpr.com:80/gamestatwide.asp?r=BS21115&grupo=,2026-09-08T15:38:31Z
BS21115,2001,2001-06-18,MAYAGUEZ,12,"Vega, Orlando",1759,29,3,5,1,4,2,2,1,3,4,2,1,0,3,1,11,single-source,wayback_bsnpr_games,https://web.archive.org/web/20011101184707id_/http://www.bsnpr.com:80/gamestatwide.asp?r=BS21115&grupo=,2026-09-08T15:38:31Z
BS21115,2001,2001-06-18,MAYAGUEZ,14,"Borrel, Lazaro",,26,4,7,0,0,1,2,1,7,8,0,2,0,4,1,9,single-source,wayback_bsnpr_games,https://web.archive.org/web/20011101184707id_/http://www.bsnpr.com:80/gamestatwide.asp?r=BS21115&grupo=,2026-09-08T15:38:31Z
BS21115,2001,2001-06-18,MAYAGUEZ,17,"Martinez, Freddie",,10,1,2,1,2,0,0,0,2,2,1,1,0,1,1,5,single-source,wayback_bsnpr_games,https://web.archive.org/web/20011101184707id_/http://www.bsnpr.com:80/gamestatwide.asp?r=BS21115&grupo=,2026-09-08T15:38:31Z
BS21115,2001,2001-06-18,MAYAGUEZ,18,"Vazquez, De Juan",,3,0,0,0,0,0,0,0,0,0,0,0,0,1,0,0,single-source,wayback_bsnpr_games,https://web.archive.org/web/20011101184707id_/http://www.bsnpr.com:80/gamestatwide.asp?r=BS21115&grupo=,2026-09-08T15:38:31Z
BS21115,2001,2001-06-18,MAYAGUEZ,19,"Latson, Tl",,12,2,3,0,0,1,1,0,0,0,0,1,0,2,0,5,single-source,wayback_bsnpr_games,https://web.archive.org/web/20011101184707id_/http://www.bsnpr.com:80/gamestatwide.asp?r=BS21115&grupo=,2026-09-08T15:38:31Z
BS21115,2001,2001-06-18,MAYAGUEZ,6,"Garcia, Elmyr",,40,1,3,4,10,1,2,0,0,0,3,5,0,4,1,15,single-source,wayback_bsnpr_games,https://web.archive.org/web/20011101184707id_/http://www.bsnpr.com:80/gamestatwide.asp?r=BS21115&grupo=,2026-09-08T15:38:31Z
BS21115,2001,2001-06-18,MAYAGUEZ,9,"Carter, James",,40,10,18,0,2,0,0,1,1,2,5,0,0,2,3,20,single-source,wayback_bsnpr_games,https://web.archive.org/web/20011101184707id_/http://www.bsnpr.com:80/gamestatwide.asp?r=BS21115&grupo=,2026-09-08T15:38:31Z
BS21115,2001,2001-06-18,SANTURCE,11,"Benson, Mark",,30,2,4,1,6,0,0,0,2,2,1,1,0,2,0,7,single-source,wayback_bsnpr_games,https://web.archive.org/web/20011101184707id_/http://www.bsnpr.com:80/gamestatwide.asp?r=BS21115&grupo=,2026-09-08T15:38:31Z
BS21115,2001,2001-06-18,SANTURCE,12,"Horrutunier, Rolando",,26,1,3,0,2,3,4,0,3,3,3,0,0,4,2,5,single-source,wayback_bsnpr_games,https://web.archive.org/web/20011101184707id_/http://www.bsnpr.com:80/gamestatwide.asp?r=BS21115&grupo=,2026-09-08T15:38:31Z
BS21115,2001,2001-06-18,SANTURCE,33,"Falcon, Alex",,20,2,3,0,0,0,0,1,0,1,0,1,1,3,4,4,single-source,wayback_bsnpr_games,https://web.archive.org/web/20011101184707id_/http://www.bsnpr.com:80/gamestatwide.asp?r=BS21115&grupo=,2026-09-08T15:38:31Z
BS21115,2001,2001-06-18,SANTURCE,4,"Ortiz, Jose",,37,10,15,1,4,5,7,4,9,13,3,0,0,3,5,28,single-source,wayback_bsnpr_games,https://web.archive.org/web/20011101184707id_/http://www.bsnpr.com:80/gamestatwide.asp?r=BS21115&grupo=,2026-09-08T15:38:31Z
BS21115,2001,2001-06-18,SANTURCE,42,"Aubry, Jeffrey",,4,0,0,0,0,0,0,2,0,2,1,0,0,1,0,0,single-source,wayback_bsnpr_games,https://web.archive.org/web/20011101184707id_/http://www.bsnpr.com:80/gamestatwide.asp?r=BS21115&grupo=,2026-09-08T15:38:31Z
BS21115,2001,2001-06-18,SANTURCE,5,"Santiago, Orlando",,37,1,2,6,9,2,2,1,1,2,4,4,0,1,3,22,single-source,wayback_bsnpr_games,https://web.archive.org/web/20011101184707id_/http://www.bsnpr.com:80/gamestatwide.asp?r=BS21115&grupo=,2026-09-08T15:38:31Z
BS21115,2001,2001-06-18,SANTURCE,8,"Trimingham, Leon",,33,6,10,0,1,3,6,5,7,12,0,1,0,4,2,15,single-source,wayback_bsnpr_games,https://web.archive.org/web/20011101184707id_/http://www.bsnpr.com:80/gamestatwide.asp?r=BS21115&grupo=,2026-09-08T15:38:31Z
BS21115,2001,2001-06-18,SANTURCE,9,"Santiago, Edwin",,13,4,6,1,2,0,0,2,1,3,0,0,0,0,1,11,single-source,wayback_bsnpr_games,https://web.archive.org/web/20011101184707id_/http://www.bsnpr.com:80/gamestatwide.asp?r=BS21115&grupo=,2026-09-08T15:38:31Z
BS21116,2001,2001-06-19,BAYAMON,0,"Richard, Jaja",,24,2,3,0,0,4,5,5,4,9,0,0,2,2,4,8,single-source,wayback_bsnpr_games,https://web.archive.org/web/20020215234139id_/http://www.bsnpr.com:80/gamestatwide.asp?r=BS21116&grupo=,2026-09-08T15:41:59Z
BS21116,2001,2001-06-19,BAYAMON,10,"Cruz, Alvin",,15,4,5,0,2,0,0,0,2,2,3,0,0,1,0,8,single-source,wayback_bsnpr_games,https://web.archive.org/web/20020215234139id_/http://www.bsnpr.com:80/gamestatwide.asp?r=BS21116&grupo=,2026-09-08T15:41:59Z
BS21116,2001,2001-06-19,BAYAMON,12,"Padilla, Edgar",,21,2,4,0,4,0,0,0,7,7,9,3,0,0,3,4,single-source,wayback_bsnpr_games,https://web.archive.org/web/20020215234139id_/http://www.bsnpr.com:80/gamestatwide.asp?r=BS21116&grupo=,2026-09-08T15:41:59Z
BS21116,2001,2001-06-19,BAYAMON,13,"Payano, Carlos",,13,4,6,1,5,0,0,2,2,4,1,0,1,0,2,11,single-source,wayback_bsnpr_games,https://web.archive.org/web/20020215234139id_/http://www.bsnpr.com:80/gamestatwide.asp?r=BS21116&grupo=,2026-09-08T15:41:59Z
BS21116,2001,2001-06-19,BAYAMON,15,"Novas, Rafael",,30,1,3,0,0,4,7,3,8,11,0,0,1,2,3,6,single-source,wayback_bsnpr_games,https://web.archive.org/web/20020215234139id_/http://www.bsnpr.com:80/gamestatwide.asp?r=BS21116&grupo=,2026-09-08T15:41:59Z
BS21116,2001,2001-06-19,BAYAMON,20,"Rivera, Joshua",,7,1,2,0,0,0,0,1,0,1,2,0,0,1,0,2,single-source,wayback_bsnpr_games,https://web.archive.org/web/20020215234139id_/http://www.bsnpr.com:80/gamestatwide.asp?r=BS21116&grupo=,2026-09-08T15:41:59Z
BS21116,2001,2001-06-19,BAYAMON,32,"Santiago, Eddin",502,19,0,1,1,3,0,0,2,1,3,12,5,0,0,0,3,single-source,wayback_bsnpr_games,https://web.archive.org/web/20020215234139id_/http://www.bsnpr.com:80/gamestatwide.asp?r=BS21116&grupo=,2026-09-08T15:41:59Z
BS21116,2001,2001-06-19,BAYAMON,33,"Aponte, Emanuel",594,5,1,2,0,0,0,0,1,0,1,0,0,0,0,0,2,single-source,wayback_bsnpr_games,https://web.archive.org/web/20020215234139id_/http://www.bsnpr.com:80/gamestatwide.asp?r=BS21116&grupo=,2026-09-08T15:41:59Z
BS21116,2001,2001-06-19,BAYAMON,4,"Western, Franklyn",,26,8,15,0,0,2,2,1,6,7,0,0,2,0,1,18,single-source,wayback_bsnpr_games,https://web.archive.org/web/20020215234139id_/http://www.bsnpr.com:80/gamestatwide.asp?r=BS21116&grupo=,2026-09-08T15:41:59Z
BS21116,2001,2001-06-19,BAYAMON,44,"Rodriguez, Jose",,11,2,7,0,0,0,0,4,1,5,0,0,0,1,0,4,single-source,wayback_bsnpr_games,https://web.archive.org/web/20020215234139id_/http://www.bsnpr.com:80/gamestatwide.asp?r=BS21116&grupo=,2026-09-08T15:41:59Z
BS21116,2001,2001-06-19,BAYAMON,5,"Ortiz, Reyes",,4,0,0,0,0,0,0,0,0,0,2,1,0,1,0,0,single-source,wayback_bsnpr_games,https://web.archive.org/web/20020215234139id_/http://www.bsnpr.com:80/gamestatwide.asp?r=BS21116&grupo=,2026-09-08T15:41:59Z
BS21116,2001,2001-06-19,BAYAMON,6,"Travieso, Carmelo",,15,2,2,3,7,0,0,2,1,3,2,0,0,0,2,13,single-source,wayback_bsnpr_games,https://web.archive.org/web/20020215234139id_/http://www.bsnpr.com:80/gamestatwide.asp?r=BS21116&grupo=,2026-09-08T15:41:59Z
BS21116,2001,2001-06-19,BAYAMON,9,"Salgado, Gustavo",,10,7,9,1,1,1,3,0,1,1,0,0,1,2,1,18,single-source,wayback_bsnpr_games,https://web.archive.org/web/20020215234139id_/http://www.bsnpr.com:80/gamestatwide.asp?r=BS21116&grupo=,2026-09-08T15:41:59Z
BS21116,2001,2001-06-19,GUAYAMA,10,"Rivera, Carlos",338,23,1,6,1,6,0,0,0,0,0,3,1,0,3,1,5,single-source,wayback_bsnpr_games,https://web.archive.org/web/20020215234139id_/http://www.bsnpr.com:80/gamestatwide.asp?r=BS21116&grupo=,2026-09-08T15:41:59Z
BS21116,2001,2001-06-19,GUAYAMA,13,"Davila, Felix",,9,2,5,0,0,0,0,1,2,3,0,0,0,2,0,4,single-source,wayback_bsnpr_games,https://web.archive.org/web/20020215234139id_/http://www.bsnpr.com:80/gamestatwide.asp?r=BS21116&grupo=,2026-09-08T15:41:59Z
BS21116,2001,2001-06-19,GUAYAMA,15,"Rivera, David",,29,0,2,0,0,0,0,0,5,5,0,1,1,3,8,0,single-source,wayback_bsnpr_games,https://web.archive.org/web/20020215234139id_/http://www.bsnpr.com:80/gamestatwide.asp?r=BS21116&grupo=,2026-09-08T15:41:59Z
BS21116,2001,2001-06-19,GUAYAMA,17,"Colon, Giovanny",,4,0,2,0,0,0,0,0,1,1,1,0,0,0,0,0,single-source,wayback_bsnpr_games,https://web.archive.org/web/20020215234139id_/http://www.bsnpr.com:80/gamestatwide.asp?r=BS21116&grupo=,2026-09-08T15:41:59Z
BS21116,2001,2001-06-19,GUAYAMA,18,"Rosario, Jose",,33,4,11,0,0,0,0,0,3,3,0,1,1,2,1,8,single-source,wayback_bsnpr_games,https://web.archive.org/web/20020215234139id_/http://www.bsnpr.com:80/gamestatwide.asp?r=BS21116&grupo=,2026-09-08T15:41:59Z
BS21116,2001,2001-06-19,GUAYAMA,2,"Montes, Roberto",,17,1,1,0,2,2,3,1,0,1,0,0,0,2,1,4,single-source,wayback_bsnpr_games,https://web.archive.org/web/20020215234139id_/http://www.bsnpr.com:80/gamestatwide.asp?r=BS21116&grupo=,2026-09-08T15:41:59Z
BS21116,2001,2001-06-19,GUAYAMA,20,"Malpica, Karim",1385,14,0,4,1,3,0,0,1,0,1,1,1,0,0,3,3,single-source,wayback_bsnpr_games,https://web.archive.org/web/20020215234139id_/http://www.bsnpr.com:80/gamestatwide.asp?r=BS21116&grupo=,2026-09-08T15:41:59Z
BS21116,2001,2001-06-19,GUAYAMA,34,"Echevarria, Tony",,29,5,16,0,1,3,4,9,5,14,0,3,0,3,0,13,single-source,wayback_bsnpr_games,https://web.archive.org/web/20020215234139id_/http://www.bsnpr.com:80/gamestatwide.asp?r=BS21116&grupo=,2026-09-08T15:41:59Z
BS21116,2001,2001-06-19,GUAYAMA,4,"De Jesus, Angel",,23,1,4,0,5,0,0,2,0,2,2,5,0,0,2,2,single-source,wayback_bsnpr_games,https://web.archive.org/web/20020215234139id_/http://www.bsnpr.com:80/gamestatwide.asp?r=BS21116&grupo=,2026-09-08T15:41:59Z
BS21116,2001,2001-06-19,GUAYAMA,40,"Santiago, Ricardo",,13,5,6,1,2,0,0,3,2,5,0,0,0,2,1,13,single-source,wayback_bsnpr_games,https://web.archive.org/web/20020215234139id_/http://www.bsnpr.com:80/gamestatwide.asp?r=BS21116&grupo=,2026-09-08T15:41:59Z
BS21116,2001,2001-06-19,GUAYAMA,5,"Amaro, Emmanuel",,6,0,1,0,2,0,0,0,1,1,2,0,0,0,2,0,single-source,wayback_bsnpr_games,https://web.archive.org/web/20020215234139id_/http://www.bsnpr.com:80/gamestatwide.asp?r=BS21116&grupo=,2026-09-08T15:41:59Z
BS21121,2001,2001-06-20,SAN GERMAN,1,"Jackson, Leroy",1442,40,1,2,0,2,2,2,1,4,5,4,1,0,4,2,4,single-source,wayback_bsnpr_games,https://web.archive.org/web/20011224204130id_/http://www.bsnpr.com:80/gamestatwide.asp?r=BS21121&grupo=,2026-09-08T15:41:24Z
BS21121,2001,2001-06-20,SAN GERMAN,13,"Fajardo, Shariff",,40,8,14,0,1,8,9,1,9,10,0,0,0,2,3,24,single-source,wayback_bsnpr_games,https://web.archive.org/web/20011224204130id_/http://www.bsnpr.com:80/gamestatwide.asp?r=BS21121&grupo=,2026-09-08T15:41:24Z
BS21121,2001,2001-06-20,SAN GERMAN,17,"Dalmau, Christian",382,40,4,6,4,9,3,4,0,3,3,3,0,0,3,11,23,single-source,wayback_bsnpr_games,https://web.archive.org/web/20011224204130id_/http://www.bsnpr.com:80/gamestatwide.asp?r=BS21121&grupo=,2026-09-08T15:41:24Z
BS21121,2001,2001-06-20,SAN GERMAN,20,"Ayuso, Larry",574,40,4,7,3,9,4,4,0,2,2,1,4,0,2,1,21,single-source,wayback_bsnpr_games,https://web.archive.org/web/20011224204130id_/http://www.bsnpr.com:80/gamestatwide.asp?r=BS21121&grupo=,2026-09-08T15:41:24Z
BS21121,2001,2001-06-20,SAN GERMAN,32,"Lazor, Robert",2037,40,7,14,0,3,4,5,5,7,12,2,0,0,3,2,18,single-source,wayback_bsnpr_games,https://web.archive.org/web/20011224204130id_/http://www.bsnpr.com:80/gamestatwide.asp?r=BS21121&grupo=,2026-09-08T15:41:24Z
BS21121,2001,2001-06-20,SANTURCE,1,"Lopez, Jose",,3,0,1,0,0,0,0,0,1,1,0,0,0,1,1,0,single-source,wayback_bsnpr_games,https://web.archive.org/web/20011224204130id_/http://www.bsnpr.com:80/gamestatwide.asp?r=BS21121&grupo=,2026-09-08T15:41:24Z
BS21121,2001,2001-06-20,SANTURCE,11,"Benson, Mark",,30,0,0,5,7,3,4,1,6,7,3,0,1,3,4,18,single-source,wayback_bsnpr_games,https://web.archive.org/web/20011224204130id_/http://www.bsnpr.com:80/gamestatwide.asp?r=BS21121&grupo=,2026-09-08T15:41:24Z
BS21121,2001,2001-06-20,SANTURCE,12,"Horruitiner, Rolando",,36,5,7,3,5,2,3,0,3,3,5,1,0,4,2,21,single-source,wayback_bsnpr_games,https://web.archive.org/web/20011224204130id_/http://www.bsnpr.com:80/gamestatwide.asp?r=BS21121&grupo=,2026-09-08T15:41:24Z
BS21121,2001,2001-06-20,SANTURCE,31,"Rosario, Rich",,4,0,0,0,1,0,0,0,0,0,0,0,0,1,0,0,single-source,wayback_bsnpr_games,https://web.archive.org/web/20011224204130id_/http://www.bsnpr.com:80/gamestatwide.asp?r=BS21121&grupo=,2026-09-08T15:41:24Z
BS21121,2001,2001-06-20,SANTURCE,33,"Falcon, Alex",,8,1,2,0,0,0,0,0,1,1,0,0,0,0,0,2,single-source,wayback_bsnpr_games,https://web.archive.org/web/20011224204130id_/http://www.bsnpr.com:80/gamestatwide.asp?r=BS21121&grupo=,2026-09-08T15:41:24Z
BS21121,2001,2001-06-20,SANTURCE,4,"Ortiz, Jose",,36,9,16,0,2,1,2,2,7,9,5,0,2,4,4,19,single-source,wayback_bsnpr_games,https://web.archive.org/web/20011224204130id_/http://www.bsnpr.com:80/gamestatwide.asp?r=BS21121&grupo=,2026-09-08T15:41:24Z
BS21121,2001,2001-06-20,SANTURCE,44,"Bocachica, Armando",,7,2,4,0,0,0,0,2,0,2,0,2,0,3,2,4,single-source,wayback_bsnpr_games,https://web.archive.org/web/20011224204130id_/http://www.bsnpr.com:80/gamestatwide.asp?r=BS21121&grupo=,2026-09-08T15:41:24Z
BS21121,2001,2001-06-20,SANTURCE,5,"Santiago, Orlando",,35,1,1,0,7,1,1,0,0,0,7,1,0,2,2,3,single-source,wayback_bsnpr_games,https://web.archive.org/web/20011224204130id_/http://www.bsnpr.com:80/gamestatwide.asp?r=BS21121&grupo=,2026-09-08T15:41:24Z
BS21121,2001,2001-06-20,SANTURCE,8,"Trimingham, Leon",,36,12,13,1,2,2,3,0,7,7,2,3,1,3,3,29,single-source,wayback_bsnpr_games,https://web.archive.org/web/20011224204130id_/http://www.bsnpr.com:80/gamestatwide.asp?r=BS21121&grupo=,2026-09-08T15:41:24Z
BS21121,2001,2001-06-20,SANTURCE,9,"Santiago, Edwin",,5,0,0,0,1,0,0,0,1,1,0,0,0,1,0,0,single-source,wayback_bsnpr_games,https://web.archive.org/web/20011224204130id_/http://www.bsnpr.com:80/gamestatwide.asp?r=BS21121&grupo=,2026-09-08T15:41:24Z
BS21125,2001,2001-06-21,MOROVIS,1,"Rodriguez, Joseph",,4,0,0,0,1,0,0,0,0,0,1,0,0,0,0,0,single-source,wayback_bsnpr_games,https://web.archive.org/web/20011101174916id_/http://www.bsnpr.com:80/gamestatwide.asp?r=BS21125&grupo=,2026-09-08T15:37:34Z
BS21125,2001,2001-06-21,MOROVIS,10,"Pagan, Wilfredo",2290,39,3,8,2,6,8,12,2,1,3,5,1,0,5,6,20,single-source,wayback_bsnpr_games,https://web.archive.org/web/20011101174916id_/http://www.bsnpr.com:80/gamestatwide.asp?r=BS21125&grupo=,2026-09-08T15:37:34Z
BS21125,2001,2001-06-21,MOROVIS,11,"Rodriguez, Miguel",,19,1,3,0,3,2,2,2,1,3,4,1,0,1,2,4,single-source,wayback_bsnpr_games,https://web.archive.org/web/20011101174916id_/http://www.bsnpr.com:80/gamestatwide.asp?r=BS21125&grupo=,2026-09-08T15:37:34Z
BS21125,2001,2001-06-21,MOROVIS,12,"Soto, Eric",,4,0,0,0,0,0,0,0,0,0,1,1,0,0,2,0,single-source,wayback_bsnpr_games,https://web.archive.org/web/20011101174916id_/http://www.bsnpr.com:80/gamestatwide.asp?r=BS21125&grupo=,2026-09-08T15:37:34Z
BS21125,2001,2001-06-21,MOROVIS,20,"Nieves, Roberto",2067,8,0,0,0,1,0,0,1,2,3,0,0,0,2,2,0,single-source,wayback_bsnpr_games,https://web.archive.org/web/20011101174916id_/http://www.bsnpr.com:80/gamestatwide.asp?r=BS21125&grupo=,2026-09-08T15:37:34Z
BS21125,2001,2001-06-21,MOROVIS,24,"Marrero, Rafael",,17,3,7,1,1,1,4,1,3,4,4,2,0,4,2,10,single-source,wayback_bsnpr_games,https://web.archive.org/web/20011101174916id_/http://www.bsnpr.com:80/gamestatwide.asp?r=BS21125&grupo=,2026-09-08T15:37:34Z
BS21125,2001,2001-06-21,MOROVIS,33,"Medrano, Jorge",,39,11,13,2,3,2,2,1,8,9,0,2,0,3,6,30,single-source,wayback_bsnpr_games,https://web.archive.org/web/20011101174916id_/http://www.bsnpr.com:80/gamestatwide.asp?r=BS21125&grupo=,2026-09-08T15:37:34Z
BS21125,2001,2001-06-21,MOROVIS,45,"Davis, Nick",,40,5,13,0,0,4,12,5,15,20,2,0,0,4,3,14,single-source,wayback_bsnpr_games,https://web.archive.org/web/20011101174916id_/http://www.bsnpr.com:80/gamestatwide.asp?r=BS21125&grupo=,2026-09-08T15:37:34Z
BS21125,2001,2001-06-21,MOROVIS,5,"Santiago, Moises",,30,7,8,1,5,1,1,2,0,2,1,1,0,4,5,18,single-source,wayback_bsnpr_games,https://web.archive.org/web/20011101174916id_/http://www.bsnpr.com:80/gamestatwide.asp?r=BS21125&grupo=,2026-09-08T15:37:34Z
BS21125,2001,2001-06-21,SANTURCE,1,"Lopez, Jose",,11,1,1,0,1,1,1,1,1,2,2,0,0,3,2,3,single-source,wayback_bsnpr_games,https://web.archive.org/web/20011101174916id_/http://www.bsnpr.com:80/gamestatwide.asp?r=BS21125&grupo=,2026-09-08T15:37:34Z
BS21125,2001,2001-06-21,SANTURCE,10,"Arroyo, Alberto",,8,0,1,0,1,0,0,0,1,1,0,0,0,1,0,0,single-source,wayback_bsnpr_games,https://web.archive.org/web/20011101174916id_/http://www.bsnpr.com:80/gamestatwide.asp?r=BS21125&grupo=,2026-09-08T15:37:34Z
BS21125,2001,2001-06-21,SANTURCE,11,"Benson, Mark",,15,0,0,1,2,6,6,0,1,1,0,2,0,1,4,9,single-source,wayback_bsnpr_games,https://web.archive.org/web/20011101174916id_/http://www.bsnpr.com:80/gamestatwide.asp?r=BS21125&grupo=,2026-09-08T15:37:34Z
BS21125,2001,2001-06-21,SANTURCE,12,"Houroutunier, Rolando",,25,3,5,2,6,3,5,0,2,2,3,3,0,2,2,15,single-source,wayback_bsnpr_games,https://web.archive.org/web/20011101174916id_/http://www.bsnpr.com:80/gamestatwide.asp?r=BS21125&grupo=,2026-09-08T15:37:34Z
BS21125,2001,2001-06-21,SANTURCE,22,"Villegas, Samuel",2145,1,0,0,0,1,1,2,0,0,0,0,0,0,0,0,1,single-source,wayback_bsnpr_games,https://web.archive.org/web/20011101174916id_/http://www.bsnpr.com:80/gamestatwide.asp?r=BS21125&grupo=,2026-09-08T15:37:34Z
BS21125,2001,2001-06-21,SANTURCE,31,"Rosario, Rich",,17,2,4,0,1,2,2,0,5,5,2,4,1,3,4,6,single-source,wayback_bsnpr_games,https://web.archive.org/web/20011101174916id_/http://www.bsnpr.com:80/gamestatwide.asp?r=BS21125&grupo=,2026-09-08T15:37:34Z
BS21125,2001,2001-06-21,SANTURCE,33,"Falcon, Alex",,22,8,13,0,0,4,5,2,5,7,1,3,1,1,3,20,single-source,wayback_bsnpr_games,https://web.archive.org/web/20011101174916id_/http://www.bsnpr.com:80/gamestatwide.asp?r=BS21125&grupo=,2026-09-08T15:37:34Z
BS21125,2001,2001-06-21,SANTURCE,34,"Villafane, Luis",1502,5,0,1,0,0,0,0,0,2,2,0,0,0,0,1,0,single-source,wayback_bsnpr_games,https://web.archive.org/web/20011101174916id_/http://www.bsnpr.com:80/gamestatwide.asp?r=BS21125&grupo=,2026-09-08T15:37:34Z
BS21125,2001,2001-06-21,SANTURCE,42,"Aubry, Jeffrey",,21,5,10,0,0,0,0,4,2,6,1,1,2,1,3,10,single-source,wayback_bsnpr_games,https://web.archive.org/web/20011101174916id_/http://www.bsnpr.com:80/gamestatwide.asp?r=BS21125&grupo=,2026-09-08T15:37:34Z
BS21125,2001,2001-06-21,SANTURCE,44,"Bocachica, Armando",,12,0,3,0,0,2,2,0,1,1,0,0,0,5,0,2,single-source,wayback_bsnpr_games,https://web.archive.org/web/20011101174916id_/http://www.bsnpr.com:80/gamestatwide.asp?r=BS21125&grupo=,2026-09-08T15:37:34Z
BS21125,2001,2001-06-21,SANTURCE,5,"Santiago, Orlando",,15,1,1,1,1,0,0,1,2,3,7,1,0,1,0,5,single-source,wayback_bsnpr_games,https://web.archive.org/web/20011101174916id_/http://www.bsnpr.com:80/gamestatwide.asp?r=BS21125&grupo=,2026-09-08T15:37:34Z
BS21125,2001,2001-06-21,SANTURCE,55,"Butler, Mario",,10,3,4,0,0,0,0,1,2,3,2,0,0,3,0,6,single-source,wayback_bsnpr_games,https://web.archive.org/web/20011101174916id_/http://www.bsnpr.com:80/gamestatwide.asp?r=BS21125&grupo=,2026-09-08T15:37:34Z
BS21125,2001,2001-06-21,SANTURCE,8,"Triminghan, Leon",,8,4,6,0,0,1,1,1,0,1,0,0,1,3,3,9,single-source,wayback_bsnpr_games,https://web.archive.org/web/20011101174916id_/http://www.bsnpr.com:80/gamestatwide.asp?r=BS21125&grupo=,2026-09-08T15:37:34Z
BS21125,2001,2001-06-21,SANTURCE,9,"Santiago, Edwin",,30,7,12,0,3,1,4,2,2,4,5,2,0,2,2,15,single-source,wayback_bsnpr_games,https://web.archive.org/web/20011101174916id_/http://www.bsnpr.com:80/gamestatwide.asp?r=BS21125&grupo=,2026-09-08T15:37:34Z
BS21127,2001,2001-06-22,BAYAMON,0,"Richards, Jaja",,21,2,4,0,0,0,0,1,7,8,0,0,1,4,1,4,single-source,wayback_bsnpr_games,https://web.archive.org/web/20020215233912id_/http://www.bsnpr.com:80/gamestatwide.asp?r=BS21127&grupo=,2026-09-08T15:41:57Z
BS21127,2001,2001-06-22,BAYAMON,12,"Padilla, Edgar",,22,4,5,1,3,2,2,0,2,2,7,2,0,3,0,13,single-source,wayback_bsnpr_games,https://web.archive.org/web/20020215233912id_/http://www.bsnpr.com:80/gamestatwide.asp?r=BS21127&grupo=,2026-09-08T15:41:57Z
BS21127,2001,2001-06-22,BAYAMON,13,"Payano, Carlos",,19,2,7,1,2,2,2,0,3,3,0,0,0,1,0,9,single-source,wayback_bsnpr_games,https://web.archive.org/web/20020215233912id_/http://www.bsnpr.com:80/gamestatwide.asp?r=BS21127&grupo=,2026-09-08T15:41:57Z
BS21127,2001,2001-06-22,BAYAMON,15,"Novas, Rafael",,12,2,3,0,0,0,0,0,3,3,0,0,0,2,0,4,single-source,wayback_bsnpr_games,https://web.archive.org/web/20020215233912id_/http://www.bsnpr.com:80/gamestatwide.asp?r=BS21127&grupo=,2026-09-08T15:41:57Z
BS21127,2001,2001-06-22,BAYAMON,17,"Mincy, Jerome",1032,28,4,5,1,2,4,4,5,3,8,3,0,0,2,2,15,single-source,wayback_bsnpr_games,https://web.archive.org/web/20020215233912id_/http://www.bsnpr.com:80/gamestatwide.asp?r=BS21127&grupo=,2026-09-08T15:41:57Z
BS21127,2001,2001-06-22,BAYAMON,32,"Santiago, Eddin",502,18,1,4,0,0,0,0,1,0,1,3,1,0,0,0,2,single-source,wayback_bsnpr_games,https://web.archive.org/web/20020215233912id_/http://www.bsnpr.com:80/gamestatwide.asp?r=BS21127&grupo=,2026-09-08T15:41:57Z
BS21127,2001,2001-06-22,BAYAMON,4,"Western, Franklyn",,36,9,18,0,0,4,4,3,1,4,2,1,0,1,1,22,single-source,wayback_bsnpr_games,https://web.archive.org/web/20020215233912id_/http://www.bsnpr.com:80/gamestatwide.asp?r=BS21127&grupo=,2026-09-08T15:41:57Z
BS21127,2001,2001-06-22,BAYAMON,44,"Rodriguez, Jose",,4,0,1,0,0,0,0,0,1,1,0,0,0,0,0,0,single-source,wayback_bsnpr_games,https://web.archive.org/web/20020215233912id_/http://www.bsnpr.com:80/gamestatwide.asp?r=BS21127&grupo=,2026-09-08T15:41:57Z
BS21127,2001,2001-06-22,BAYAMON,5,"Ortiz, Reyes",,6,0,0,0,1,0,0,0,1,1,2,0,0,1,1,0,single-source,wayback_bsnpr_games,https://web.archive.org/web/20020215233912id_/http://www.bsnpr.com:80/gamestatwide.asp?r=BS21127&grupo=,2026-09-08T15:41:57Z
BS21127,2001,2001-06-22,BAYAMON,6,"Travieso, Carmelo",,34,3,6,4,11,2,2,1,5,6,0,0,1,3,3,20,single-source,wayback_bsnpr_games,https://web.archive.org/web/20020215233912id_/http://www.bsnpr.com:80/gamestatwide.asp?r=BS21127&grupo=,2026-09-08T15:41:57Z
BS21127,2001,2001-06-22,ISABELA,11,"Quinones, Joel",,36,5,9,0,5,6,7,1,1,2,1,0,0,0,2,16,single-source,wayback_bsnpr_games,https://web.archive.org/web/20020215233912id_/http://www.bsnpr.com:80/gamestatwide.asp?r=BS21127&grupo=,2026-09-08T15:41:57Z
BS21127,2001,2001-06-22,ISABELA,12,"Lopez, Jose",,36,2,4,2,4,0,0,4,5,9,0,0,0,5,0,10,single-source,wayback_bsnpr_games,https://web.archive.org/web/20020215233912id_/http://www.bsnpr.com:80/gamestatwide.asp?r=BS21127&grupo=,2026-09-08T15:41:57Z
BS21127,2001,2001-06-22,ISABELA,13,"Fernandez, Eric",,9,0,0,0,2,0,0,2,1,3,0,0,0,1,0,0,single-source,wayback_bsnpr_games,https://web.archive.org/web/20020215233912id_/http://www.bsnpr.com:80/gamestatwide.asp?r=BS21127&grupo=,2026-09-08T15:41:57Z
BS21127,2001,2001-06-22,ISABELA,15,"Crispin, Natanael",,1,0,0,0,0,0,0,0,0,0,0,0,0,0,0,0,single-source,wayback_bsnpr_games,https://web.archive.org/web/20020215233912id_/http://www.bsnpr.com:80/gamestatwide.asp?r=BS21127&grupo=,2026-09-08T15:41:57Z
BS21127,2001,2001-06-22,ISABELA,2,"Rivera, Eddie",,40,6,16,1,3,0,0,1,4,5,7,1,0,3,2,15,single-source,wayback_bsnpr_games,https://web.archive.org/web/20020215233912id_/http://www.bsnpr.com:80/gamestatwide.asp?r=BS21127&grupo=,2026-09-08T15:41:57Z
BS21127,2001,2001-06-22,ISABELA,45,"Leeks, Kenny",,40,10,12,0,2,9,13,5,3,8,0,0,1,1,3,29,single-source,wayback_bsnpr_games,https://web.archive.org/web/20020215233912id_/http://www.bsnpr.com:80/gamestatwide.asp?r=BS21127&grupo=,2026-09-08T15:41:57Z
BS21127,2001,2001-06-22,ISABELA,48,"Machado, Adrian",,38,1,2,3,10,0,0,1,9,10,3,2,0,5,2,11,single-source,wayback_bsnpr_games,https://web.archive.org/web/20020215233912id_/http://www.bsnpr.com:80/gamestatwide.asp?r=BS21127&grupo=,2026-09-08T15:41:57Z
BS21128,2001,2001-06-22,AIBONITO,10,"Melendez, Orlando",,19,4,7,0,1,2,2,2,2,4,0,0,2,1,2,10,single-source,wayback_bsnpr_games,https://web.archive.org/web/20011223134834id_/http://www.bsnpr.com:80/gamestatwide.asp?r=BS21128&GRUPO=PO99&SERIE=4,2026-09-08T15:40:13Z
BS21128,2001,2001-06-22,AIBONITO,10,"Melendez, Orlando",,19,4,7,0,1,2,2,2,2,4,0,0,2,1,2,10,single-source,wayback_bsnpr_games,https://web.archive.org/web/20011224204721id_/http://www.bsnpr.com:80/gamestatwide.asp?r=BS21128&grupo=,2026-09-08T15:41:26Z
BS21128,2001,2001-06-22,AIBONITO,11,"Venzen, Gilberto",,19,1,2,2,3,0,0,2,1,3,0,0,0,1,1,8,single-source,wayback_bsnpr_games,https://web.archive.org/web/20011223134834id_/http://www.bsnpr.com:80/gamestatwide.asp?r=BS21128&GRUPO=PO99&SERIE=4,2026-09-08T15:40:13Z
BS21128,2001,2001-06-22,AIBONITO,11,"Venzen, Gilberto",,19,1,2,2,3,0,0,2,1,3,0,0,0,1,1,8,single-source,wayback_bsnpr_games,https://web.archive.org/web/20011224204721id_/http://www.bsnpr.com:80/gamestatwide.asp?r=BS21128&grupo=,2026-09-08T15:41:26Z
BS21128,2001,2001-06-22,AIBONITO,12,"Hernandez, Jason",,22,1,4,2,3,4,7,2,1,3,7,2,0,3,3,12,single-source,wayback_bsnpr_games,https://web.archive.org/web/20011223134834id_/http://www.bsnpr.com:80/gamestatwide.asp?r=BS21128&GRUPO=PO99&SERIE=4,2026-09-08T15:40:13Z
BS21128,2001,2001-06-22,AIBONITO,12,"Hernandez, Jason",,22,1,4,2,3,4,7,2,1,3,7,2,0,3,3,12,single-source,wayback_bsnpr_games,https://web.archive.org/web/20011224204721id_/http://www.bsnpr.com:80/gamestatwide.asp?r=BS21128&grupo=,2026-09-08T15:41:26Z
BS21128,2001,2001-06-22,AIBONITO,13,"Torres, Diego",,2,0,0,0,0,0,0,0,0,0,0,0,0,0,0,0,single-source,wayback_bsnpr_games,https://web.archive.org/web/20011223134834id_/http://www.bsnpr.com:80/gamestatwide.asp?r=BS21128&GRUPO=PO99&SERIE=4,2026-09-08T15:40:13Z
BS21128,2001,2001-06-22,AIBONITO,13,"Torres, Diego",,2,0,0,0,0,0,0,0,0,0,0,0,0,0,0,0,single-source,wayback_bsnpr_games,https://web.archive.org/web/20011224204721id_/http://www.bsnpr.com:80/gamestatwide.asp?r=BS21128&grupo=,2026-09-08T15:41:26Z
BS21128,2001,2001-06-22,AIBONITO,15,"Berges, Pedro",,4,0,1,0,0,0,0,0,1,1,0,0,0,1,0,0,single-source,wayback_bsnpr_games,https://web.archive.org/web/20011223134834id_/http://www.bsnpr.com:80/gamestatwide.asp?r=BS21128&GRUPO=PO99&SERIE=4,2026-09-08T15:40:13Z
BS21128,2001,2001-06-22,AIBONITO,15,"Berges, Pedro",,4,0,1,0,0,0,0,0,1,1,0,0,0,1,0,0,single-source,wayback_bsnpr_games,https://web.archive.org/web/20011224204721id_/http://www.bsnpr.com:80/gamestatwide.asp?r=BS21128&grupo=,2026-09-08T15:41:26Z
BS21128,2001,2001-06-22,AIBONITO,16,"Murray, Joe",1286,36,7,8,0,0,0,1,3,10,13,2,1,0,3,5,14,single-source,wayback_bsnpr_games,https://web.archive.org/web/20011223134834id_/http://www.bsnpr.com:80/gamestatwide.asp?r=BS21128&GRUPO=PO99&SERIE=4,2026-09-08T15:40:13Z
BS21128,2001,2001-06-22,AIBONITO,16,"Murray, Joe",1286,36,7,8,0,0,0,1,3,10,13,2,1,0,3,5,14,single-source,wayback_bsnpr_games,https://web.archive.org/web/20011224204721id_/http://www.bsnpr.com:80/gamestatwide.asp?r=BS21128&grupo=,2026-09-08T15:41:26Z
BS21128,2001,2001-06-22,AIBONITO,17,"Wilson, Monty",,38,9,16,2,8,3,3,5,9,14,5,1,3,0,1,27,single-source,wayback_bsnpr_games,https://web.archive.org/web/20011223134834id_/http://www.bsnpr.com:80/gamestatwide.asp?r=BS21128&GRUPO=PO99&SERIE=4,2026-09-08T15:40:13Z
BS21128,2001,2001-06-22,AIBONITO,17,"Wilson, Monty",,38,9,16,2,8,3,3,5,9,14,5,1,3,0,1,27,single-source,wayback_bsnpr_games,https://web.archive.org/web/20011224204721id_/http://www.bsnpr.com:80/gamestatwide.asp?r=BS21128&grupo=,2026-09-08T15:41:26Z
BS21128,2001,2001-06-22,AIBONITO,4,"Lopez, Michael",143,23,4,9,0,1,1,2,0,1,1,5,1,0,0,0,9,single-source,wayback_bsnpr_games,https://web.archive.org/web/20011223134834id_/http://www.bsnpr.com:80/gamestatwide.asp?r=BS21128&GRUPO=PO99&SERIE=4,2026-09-08T15:40:13Z
BS21128,2001,2001-06-22,AIBONITO,4,"Lopez, Michael",143,23,4,9,0,1,1,2,0,1,1,5,1,0,0,0,9,single-source,wayback_bsnpr_games,https://web.archive.org/web/20011224204721id_/http://www.bsnpr.com:80/gamestatwide.asp?r=BS21128&grupo=,2026-09-08T15:41:26Z
BS21128,2001,2001-06-22,AIBONITO,5,"Camacho, Luis",,2,0,0,0,0,0,0,0,0,0,0,0,0,0,0,0,single-source,wayback_bsnpr_games,https://web.archive.org/web/20011223134834id_/http://www.bsnpr.com:80/gamestatwide.asp?r=BS21128&GRUPO=PO99&SERIE=4,2026-09-08T15:40:13Z
BS21128,2001,2001-06-22,AIBONITO,5,"Camacho, Luis",,2,0,0,0,0,0,0,0,0,0,0,0,0,0,0,0,single-source,wayback_bsnpr_games,https://web.archive.org/web/20011224204721id_/http://www.bsnpr.com:80/gamestatwide.asp?r=BS21128&grupo=,2026-09-08T15:41:26Z
BS21128,2001,2001-06-22,AIBONITO,6,"Valentin, Omar",,1,1,1,0,1,0,0,0,0,0,0,0,0,0,0,2,single-source,wayback_bsnpr_games,https://web.archive.org/web/20011223134834id_/http://www.bsnpr.com:80/gamestatwide.asp?r=BS21128&GRUPO=PO99&SERIE=4,2026-09-08T15:40:13Z
BS21128,2001,2001-06-22,AIBONITO,6,"Valentin, Omar",,1,1,1,0,1,0,0,0,0,0,0,0,0,0,0,2,single-source,wayback_bsnpr_games,https://web.archive.org/web/20011224204721id_/http://www.bsnpr.com:80/gamestatwide.asp?r=BS21128&grupo=,2026-09-08T15:41:26Z
BS21128,2001,2001-06-22,AIBONITO,7,"Lozano, Zavalier",,2,0,0,0,1,0,0,0,0,0,0,0,0,0,0,0,single-source,wayback_bsnpr_games,https://web.archive.org/web/20011223134834id_/http://www.bsnpr.com:80/gamestatwide.asp?r=BS21128&GRUPO=PO99&SERIE=4,2026-09-08T15:40:13Z
BS21128,2001,2001-06-22,AIBONITO,7,"Lozano, Zavalier",,2,0,0,0,1,0,0,0,0,0,0,0,0,0,0,0,single-source,wayback_bsnpr_games,https://web.archive.org/web/20011224204721id_/http://www.bsnpr.com:80/gamestatwide.asp?r=BS21128&grupo=,2026-09-08T15:41:26Z
BS21128,2001,2001-06-22,AIBONITO,8,"Hiraldo, Christopher",,11,0,0,2,3,0,0,1,0,1,1,0,0,1,2,6,single-source,wayback_bsnpr_games,https://web.archive.org/web/20011223134834id_/http://www.bsnpr.com:80/gamestatwide.asp?r=BS21128&GRUPO=PO99&SERIE=4,2026-09-08T15:40:13Z
BS21128,2001,2001-06-22,AIBONITO,8,"Hiraldo, Christopher",,11,0,0,2,3,0,0,1,0,1,1,0,0,1,2,6,single-source,wayback_bsnpr_games,https://web.archive.org/web/20011224204721id_/http://www.bsnpr.com:80/gamestatwide.asp?r=BS21128&grupo=,2026-09-08T15:41:26Z
BS21128,2001,2001-06-22,AIBONITO,9,"Rodriguez, Eric",,21,1,3,2,7,0,0,0,0,0,1,0,0,2,0,8,single-source,wayback_bsnpr_games,https://web.archive.org/web/20011223134834id_/http://www.bsnpr.com:80/gamestatwide.asp?r=BS21128&GRUPO=PO99&SERIE=4,2026-09-08T15:40:13Z
BS21128,2001,2001-06-22,AIBONITO,9,"Rodriguez, Eric",,21,1,3,2,7,0,0,0,0,0,1,0,0,2,0,8,single-source,wayback_bsnpr_games,https://web.archive.org/web/20011224204721id_/http://www.bsnpr.com:80/gamestatwide.asp?r=BS21128&grupo=,2026-09-08T15:41:26Z
BS21128,2001,2001-06-22,SAN GERMAN,1,"Jackson, Leroy",1442,10,0,0,0,1,0,0,0,1,1,0,0,0,0,1,0,single-source,wayback_bsnpr_games,https://web.archive.org/web/20011223134834id_/http://www.bsnpr.com:80/gamestatwide.asp?r=BS21128&GRUPO=PO99&SERIE=4,2026-09-08T15:40:13Z
BS21128,2001,2001-06-22,SAN GERMAN,1,"Jackson, Leroy",1442,10,0,0,0,1,0,0,0,1,1,0,0,0,0,1,0,single-source,wayback_bsnpr_games,https://web.archive.org/web/20011224204721id_/http://www.bsnpr.com:80/gamestatwide.asp?r=BS21128&grupo=,2026-09-08T15:41:26Z
BS21128,2001,2001-06-22,SAN GERMAN,12,"Caanen, Wilhemus",,24,2,5,1,4,1,2,0,0,0,3,0,0,2,1,8,single-source,wayback_bsnpr_games,https://web.archive.org/web/20011223134834id_/http://www.bsnpr.com:80/gamestatwide.asp?r=BS21128&GRUPO=PO99&SERIE=4,2026-09-08T15:40:13Z
BS21128,2001,2001-06-22,SAN GERMAN,12,"Caanen, Wilhemus",,24,2,5,1,4,1,2,0,0,0,3,0,0,2,1,8,single-source,wayback_bsnpr_games,https://web.archive.org/web/20011224204721id_/http://www.bsnpr.com:80/gamestatwide.asp?r=BS21128&grupo=,2026-09-08T15:41:26Z
BS21128,2001,2001-06-22,SAN GERMAN,13,"Fajardo, Sharrif",,22,5,10,0,1,6,6,5,6,11,0,0,0,2,3,16,single-source,wayback_bsnpr_games,https://web.archive.org/web/20011223134834id_/http://www.bsnpr.com:80/gamestatwide.asp?r=BS21128&GRUPO=PO99&SERIE=4,2026-09-08T15:40:13Z
BS21128,2001,2001-06-22,SAN GERMAN,13,"Fajardo, Sharrif",,22,5,10,0,1,6,6,5,6,11,0,0,0,2,3,16,single-source,wayback_bsnpr_games,https://web.archive.org/web/20011224204721id_/http://www.bsnpr.com:80/gamestatwide.asp?r=BS21128&grupo=,2026-09-08T15:41:26Z
BS21128,2001,2001-06-22,SAN GERMAN,17,"Dalmau, Christian",382,27,1,7,2,4,0,0,0,2,2,3,0,1,4,4,8,single-source,wayback_bsnpr_games,https://web.archive.org/web/20011223134834id_/http://www.bsnpr.com:80/gamestatwide.asp?r=BS21128&GRUPO=PO99&SERIE=4,2026-09-08T15:40:13Z
BS21128,2001,2001-06-22,SAN GERMAN,17,"Dalmau, Christian",382,27,1,7,2,4,0,0,0,2,2,3,0,1,4,4,8,single-source,wayback_bsnpr_games,https://web.archive.org/web/20011224204721id_/http://www.bsnpr.com:80/gamestatwide.asp?r=BS21128&grupo=,2026-09-08T15:41:26Z
BS21128,2001,2001-06-22,SAN GERMAN,18,"Barea, Irving",,21,5,5,1,2,0,0,0,3,3,0,1,0,3,2,13,single-source,wayback_bsnpr_games,https://web.archive.org/web/20011223134834id_/http://www.bsnpr.com:80/gamestatwide.asp?r=BS21128&GRUPO=PO99&SERIE=4,2026-09-08T15:40:13Z
BS21128,2001,2001-06-22,SAN GERMAN,18,"Barea, Irving",,21,5,5,1,2,0,0,0,3,3,0,1,0,3,2,13,single-source,wayback_bsnpr_games,https://web.archive.org/web/20011224204721id_/http://www.bsnpr.com:80/gamestatwide.asp?r=BS21128&grupo=,2026-09-08T15:41:26Z
BS21128,2001,2001-06-22,SAN GERMAN,20,"Ayuso, Larry",574,24,1,2,0,3,2,2,0,1,1,2,0,0,1,2,4,single-source,wayback_bsnpr_games,https://web.archive.org/web/20011223134834id_/http://www.bsnpr.com:80/gamestatwide.asp?r=BS21128&GRUPO=PO99&SERIE=4,2026-09-08T15:40:13Z
BS21128,2001,2001-06-22,SAN GERMAN,20,"Ayuso, Larry",574,24,1,2,0,3,2,2,0,1,1,2,0,0,1,2,4,single-source,wayback_bsnpr_games,https://web.archive.org/web/20011224204721id_/http://www.bsnpr.com:80/gamestatwide.asp?r=BS21128&grupo=,2026-09-08T15:41:26Z
BS21128,2001,2001-06-22,SAN GERMAN,21,"Febres, Arnaldo",,13,3,7,0,0,0,0,5,0,5,0,0,1,2,2,6,single-source,wayback_bsnpr_games,https://web.archive.org/web/20011223134834id_/http://www.bsnpr.com:80/gamestatwide.asp?r=BS21128&GRUPO=PO99&SERIE=4,2026-09-08T15:40:13Z
BS21128,2001,2001-06-22,SAN GERMAN,21,"Febres, Arnaldo",,13,3,7,0,0,0,0,5,0,5,0,0,1,2,2,6,single-source,wayback_bsnpr_games,https://web.archive.org/web/20011224204721id_/http://www.bsnpr.com:80/gamestatwide.asp?r=BS21128&grupo=,2026-09-08T15:41:26Z
BS21128,2001,2001-06-22,SAN GERMAN,32,"Lazor, Robert",2037,40,8,14,1,3,1,3,4,11,15,3,0,0,2,3,20,single-source,wayback_bsnpr_games,https://web.archive.org/web/20011223134834id_/http://www.bsnpr.com:80/gamestatwide.asp?r=BS21128&GRUPO=PO99&SERIE=4,2026-09-08T15:40:13Z
BS21128,2001,2001-06-22,SAN GERMAN,32,"Lazor, Robert",2037,40,8,14,1,3,1,3,4,11,15,3,0,0,2,3,20,single-source,wayback_bsnpr_games,https://web.archive.org/web/20011224204721id_/http://www.bsnpr.com:80/gamestatwide.asp?r=BS21128&grupo=,2026-09-08T15:41:26Z
BS21128,2001,2001-06-22,SAN GERMAN,6,"Caraballo, Johny",,6,0,0,0,1,0,0,0,2,2,2,0,0,1,1,0,single-source,wayback_bsnpr_games,https://web.archive.org/web/20011223134834id_/http://www.bsnpr.com:80/gamestatwide.asp?r=BS21128&GRUPO=PO99&SERIE=4,2026-09-08T15:40:13Z
BS21128,2001,2001-06-22,SAN GERMAN,6,"Caraballo, Johny",,6,0,0,0,1,0,0,0,2,2,2,0,0,1,1,0,single-source,wayback_bsnpr_games,https://web.archive.org/web/20011224204721id_/http://www.bsnpr.com:80/gamestatwide.asp?r=BS21128&grupo=,2026-09-08T15:41:26Z
BS21128,2001,2001-06-22,SAN GERMAN,7,"Quinonez, Nelson",,13,0,1,0,1,0,0,0,0,0,1,0,0,1,0,0,single-source,wayback_bsnpr_games,https://web.archive.org/web/20011223134834id_/http://www.bsnpr.com:80/gamestatwide.asp?r=BS21128&GRUPO=PO99&SERIE=4,2026-09-08T15:40:13Z
BS21128,2001,2001-06-22,SAN GERMAN,7,"Quinonez, Nelson",,13,0,1,0,1,0,0,0,0,0,1,0,0,1,0,0,single-source,wayback_bsnpr_games,https://web.archive.org/web/20011224204721id_/http://www.bsnpr.com:80/gamestatwide.asp?r=BS21128&grupo=,2026-09-08T15:41:26Z
BS21132,2001,2001-06-23,GUAYAMA,10,"Rivera, Carlos",338,33,2,6,2,4,0,0,2,1,3,4,1,0,2,4,10,single-source,wayback_bsnpr_games,https://web.archive.org/web/20020423092128id_/http://www.bsnpr.com:80/gamestatwide.asp?r=BS21132&grupo=,2026-09-08T15:42:13Z
BS21132,2001,2001-06-23,GUAYAMA,13,"Davila, Felix",,9,1,3,0,0,0,0,1,1,2,0,0,0,0,1,2,single-source,wayback_bsnpr_games,https://web.archive.org/web/20020423092128id_/http://www.bsnpr.com:80/gamestatwide.asp?r=BS21132&grupo=,2026-09-08T15:42:13Z
BS21132,2001,2001-06-23,GUAYAMA,15,"Rivera, David",,29,3,5,0,0,4,5,1,3,4,3,0,0,2,1,10,single-source,wayback_bsnpr_games,https://web.archive.org/web/20020423092128id_/http://www.bsnpr.com:80/gamestatwide.asp?r=BS21132&grupo=,2026-09-08T15:42:13Z
BS21132,2001,2001-06-23,GUAYAMA,17,"Colon, Giovanni",,19,0,3,2,4,0,0,1,1,2,1,0,0,1,0,6,single-source,wayback_bsnpr_games,https://web.archive.org/web/20020423092128id_/http://www.bsnpr.com:80/gamestatwide.asp?r=BS21132&grupo=,2026-09-08T15:42:13Z
BS21132,2001,2001-06-23,GUAYAMA,18,"Rosario, Jose",,30,8,12,0,0,1,3,1,5,6,0,0,1,1,3,17,single-source,wayback_bsnpr_games,https://web.archive.org/web/20020423092128id_/http://www.bsnpr.com:80/gamestatwide.asp?r=BS21132&grupo=,2026-09-08T15:42:13Z
BS21132,2001,2001-06-23,GUAYAMA,2,"Montes, Roberto",,5,1,2,0,0,0,0,0,2,2,0,0,0,0,0,2,single-source,wayback_bsnpr_games,https://web.archive.org/web/20020423092128id_/http://www.bsnpr.com:80/gamestatwide.asp?r=BS21132&grupo=,2026-09-08T15:42:13Z
BS21132,2001,2001-06-23,GUAYAMA,20,"Malpica, Karim",1385,5,0,2,0,1,0,0,1,0,1,0,3,0,0,1,0,single-source,wayback_bsnpr_games,https://web.archive.org/web/20020423092128id_/http://www.bsnpr.com:80/gamestatwide.asp?r=BS21132&grupo=,2026-09-08T15:42:13Z
BS21132,2001,2001-06-23,GUAYAMA,34,"Echevarria, Tony",,33,5,8,0,0,2,2,3,7,10,1,1,0,4,3,12,single-source,wayback_bsnpr_games,https://web.archive.org/web/20020423092128id_/http://www.bsnpr.com:80/gamestatwide.asp?r=BS21132&grupo=,2026-09-08T15:42:13Z
BS21132,2001,2001-06-23,GUAYAMA,4,"De Jesus, Angel Hommy",,36,2,8,4,13,3,3,1,3,4,8,5,0,1,4,19,single-source,wayback_bsnpr_games,https://web.archive.org/web/20020423092128id_/http://www.bsnpr.com:80/gamestatwide.asp?r=BS21132&grupo=,2026-09-08T15:42:13Z
BS21132,2001,2001-06-23,GUAYAMA,40,"Santiago, Ricardo",,1,0,0,0,1,0,0,0,0,0,0,0,0,0,0,0,single-source,wayback_bsnpr_games,https://web.archive.org/web/20020423092128id_/http://www.bsnpr.com:80/gamestatwide.asp?r=BS21132&grupo=,2026-09-08T15:42:13Z
BS21132,2001,2001-06-23,PONCE,10,"Hatton, Bobby Joe",2074,22,5,11,2,3,0,0,4,2,6,5,2,1,1,2,16,single-source,wayback_bsnpr_games,https://web.archive.org/web/20020423092128id_/http://www.bsnpr.com:80/gamestatwide.asp?r=BS21132&grupo=,2026-09-08T15:42:13Z
BS21132,2001,2001-06-23,PONCE,11,"Casiano, Eddie",498,28,6,9,3,7,7,10,0,4,4,5,2,1,3,3,28,single-source,wayback_bsnpr_games,https://web.archive.org/web/20020423092128id_/http://www.bsnpr.com:80/gamestatwide.asp?r=BS21132&grupo=,2026-09-08T15:42:13Z
BS21132,2001,2001-06-23,PONCE,12,"Ricardo, Osiris",,5,1,2,0,0,0,0,2,1,3,0,1,1,2,2,2,single-source,wayback_bsnpr_games,https://web.archive.org/web/20020423092128id_/http://www.bsnpr.com:80/gamestatwide.asp?r=BS21132&grupo=,2026-09-08T15:42:13Z
BS21132,2001,2001-06-23,PONCE,13,"Jourdan, Keenan",,32,4,6,1,2,0,0,3,3,6,4,1,1,2,1,11,single-source,wayback_bsnpr_games,https://web.archive.org/web/20020423092128id_/http://www.bsnpr.com:80/gamestatwide.asp?r=BS21132&grupo=,2026-09-08T15:42:13Z
BS21132,2001,2001-06-23,PONCE,16,"Martinez, Rafael",,8,1,2,0,2,0,0,0,1,1,0,1,0,2,1,2,single-source,wayback_bsnpr_games,https://web.archive.org/web/20020423092128id_/http://www.bsnpr.com:80/gamestatwide.asp?r=BS21132&grupo=,2026-09-08T15:42:13Z
BS21132,2001,2001-06-23,PONCE,17,"Collado, Roberto",,4,0,0,0,1,0,0,0,1,1,1,1,0,0,0,0,single-source,wayback_bsnpr_games,https://web.archive.org/web/20020423092128id_/http://www.bsnpr.com:80/gamestatwide.asp?r=BS21132&grupo=,2026-09-08T15:42:13Z
BS21132,2001,2001-06-23,PONCE,21,"Mendez, Octavio",,1,0,0,0,0,0,0,0,0,0,0,0,0,0,1,0,single-source,wayback_bsnpr_games,https://web.archive.org/web/20020423092128id_/http://www.bsnpr.com:80/gamestatwide.asp?r=BS21132&grupo=,2026-09-08T15:42:13Z
BS21132,2001,2001-06-23,PONCE,25,"M0ntalvo, Jesus",,1,1,1,0,0,0,0,0,0,0,1,0,0,0,1,2,single-source,wayback_bsnpr_games,https://web.archive.org/web/20020423092128id_/http://www.bsnpr.com:80/gamestatwide.asp?r=BS21132&grupo=,2026-09-08T15:42:13Z
BS21132,2001,2001-06-23,PONCE,33,"Soto, Eugenio",651,25,1,1,1,1,0,0,0,6,6,2,1,2,2,1,5,single-source,wayback_bsnpr_games,https://web.archive.org/web/20020423092128id_/http://www.bsnpr.com:80/gamestatwide.asp?r=BS21132&grupo=,2026-09-08T15:42:13Z
BS21132,2001,2001-06-23,PONCE,4,"Colon, Javier",1011,27,1,7,1,2,0,0,0,2,2,4,0,0,2,2,5,single-source,wayback_bsnpr_games,https://web.archive.org/web/20020423092128id_/http://www.bsnpr.com:80/gamestatwide.asp?r=BS21132&grupo=,2026-09-08T15:42:13Z
BS21132,2001,2001-06-23,PONCE,5,"Agosto, Jose",,11,0,0,0,3,2,2,0,0,0,0,0,1,0,0,2,single-source,wayback_bsnpr_games,https://web.archive.org/web/20020423092128id_/http://www.bsnpr.com:80/gamestatwide.asp?r=BS21132&grupo=,2026-09-08T15:42:13Z
BS21132,2001,2001-06-23,PONCE,6,"Lockhart, Ian",914,34,7,13,0,1,1,1,3,10,13,2,2,0,2,5,15,single-source,wayback_bsnpr_games,https://web.archive.org/web/20020423092128id_/http://www.bsnpr.com:80/gamestatwide.asp?r=BS21132&grupo=,2026-09-08T15:42:13Z
BS21132,2001,2001-06-23,PONCE,7,"Orta, Raul",1946,1,0,0,1,1,0,0,0,0,0,0,0,0,0,0,3,single-source,wayback_bsnpr_games,https://web.archive.org/web/20020423092128id_/http://www.bsnpr.com:80/gamestatwide.asp?r=BS21132&grupo=,2026-09-08T15:42:13Z
BS21132,2001,2001-06-23,PONCE,8,"Ramirez, Sean",,1,0,0,0,0,0,0,0,0,0,0,0,0,0,0,0,single-source,wayback_bsnpr_games,https://web.archive.org/web/20020423092128id_/http://www.bsnpr.com:80/gamestatwide.asp?r=BS21132&grupo=,2026-09-08T15:42:13Z
BS21134,2001,2001-06-24,BAYAMON,0,"Richards, Jaja",,33,4,5,0,0,3,8,9,5,14,1,0,2,4,4,11,single-source,wayback_bsnpr_games,https://web.archive.org/web/20011126000503id_/http://www.bsnpr.com:80/gamestatwide.asp?r=BS21134&grupo=,2026-09-08T15:39:27Z
BS21134,2001,2001-06-24,BAYAMON,12,"Padilla, Edgar",,29,4,8,0,1,1,2,1,4,5,8,2,0,3,5,9,single-source,wayback_bsnpr_games,https://web.archive.org/web/20011126000503id_/http://www.bsnpr.com:80/gamestatwide.asp?r=BS21134&grupo=,2026-09-08T15:39:27Z
BS21134,2001,2001-06-24,BAYAMON,13,"Payano, Carlos",,15,2,5,3,4,4,4,1,1,2,0,0,1,2,4,17,single-source,wayback_bsnpr_games,https://web.archive.org/web/20011126000503id_/http://www.bsnpr.com:80/gamestatwide.asp?r=BS21134&grupo=,2026-09-08T15:39:27Z
BS21134,2001,2001-06-24,BAYAMON,15,"Novas, Rafael",,12,2,2,0,0,0,2,2,1,3,0,0,0,1,0,4,single-source,wayback_bsnpr_games,https://web.archive.org/web/20011126000503id_/http://www.bsnpr.com:80/gamestatwide.asp?r=BS21134&grupo=,2026-09-08T15:39:27Z
BS21134,2001,2001-06-24,BAYAMON,17,"Mincy, Jerome",1032,37,4,10,3,8,4,5,1,6,7,0,1,1,3,4,21,single-source,wayback_bsnpr_games,https://web.archive.org/web/20011126000503id_/http://www.bsnpr.com:80/gamestatwide.asp?r=BS21134&grupo=,2026-09-08T15:39:27Z
BS21134,2001,2001-06-24,BAYAMON,32,"Santiago, Eddin",502,16,0,2,0,0,0,0,0,1,1,4,1,0,2,1,0,single-source,wayback_bsnpr_games,https://web.archive.org/web/20011126000503id_/http://www.bsnpr.com:80/gamestatwide.asp?r=BS21134&grupo=,2026-09-08T15:39:27Z
BS21134,2001,2001-06-24,BAYAMON,4,"Western, Franklyn",,38,8,21,0,0,4,6,4,9,13,2,6,0,4,5,20,single-source,wayback_bsnpr_games,https://web.archive.org/web/20011126000503id_/http://www.bsnpr.com:80/gamestatwide.asp?r=BS21134&grupo=,2026-09-08T15:39:27Z
BS21134,2001,2001-06-24,BAYAMON,5,"Ortiz, Reyes",,10,0,0,0,0,0,0,0,0,0,4,0,0,1,1,0,single-source,wayback_bsnpr_games,https://web.archive.org/web/20011126000503id_/http://www.bsnpr.com:80/gamestatwide.asp?r=BS21134&grupo=,2026-09-08T15:39:27Z
BS21134,2001,2001-06-24,BAYAMON,6,"Travieso, Carmelo",,35,0,2,2,13,0,0,0,3,3,2,1,1,2,1,6,single-source,wayback_bsnpr_games,https://web.archive.org/web/20011126000503id_/http://www.bsnpr.com:80/gamestatwide.asp?r=BS21134&grupo=,2026-09-08T15:39:27Z
BS21134,2001,2001-06-24,COAMO,10,"Rivera, Filiberto",704,39,4,7,2,4,7,8,0,6,6,3,4,0,2,7,21,single-source,wayback_bsnpr_games,https://web.archive.org/web/20011126000503id_/http://www.bsnpr.com:80/gamestatwide.asp?r=BS21134&grupo=,2026-09-08T15:39:27Z
BS21134,2001,2001-06-24,COAMO,12,"Miller, Ira",,41,1,6,3,6,2,2,1,3,4,4,5,0,3,5,13,single-source,wayback_bsnpr_games,https://web.archive.org/web/20011126000503id_/http://www.bsnpr.com:80/gamestatwide.asp?r=BS21134&grupo=,2026-09-08T15:39:27Z
BS21134,2001,2001-06-24,COAMO,14,"Frazer, Rolando",,15,1,1,0,0,0,0,0,1,1,0,0,0,4,0,2,single-source,wayback_bsnpr_games,https://web.archive.org/web/20011126000503id_/http://www.bsnpr.com:80/gamestatwide.asp?r=BS21134&grupo=,2026-09-08T15:39:27Z
BS21134,2001,2001-06-24,COAMO,16,"Rivera, Angel",,34,3,6,0,0,4,8,3,2,5,1,2,3,4,1,10,single-source,wayback_bsnpr_games,https://web.archive.org/web/20011126000503id_/http://www.bsnpr.com:80/gamestatwide.asp?r=BS21134&grupo=,2026-09-08T15:39:27Z
BS21134,2001,2001-06-24,COAMO,17,"Barnes, Lamont",,38,5,10,0,0,6,8,5,7,12,1,0,5,5,3,16,single-source,wayback_bsnpr_games,https://web.archive.org/web/20011126000503id_/http://www.bsnpr.com:80/gamestatwide.asp?r=BS21134&grupo=,2026-09-08T15:39:27Z
BS21134,2001,2001-06-24,COAMO,5,"Rivera, Ray",,6,1,1,0,1,0,0,0,1,1,0,0,0,1,2,2,single-source,wayback_bsnpr_games,https://web.archive.org/web/20011126000503id_/http://www.bsnpr.com:80/gamestatwide.asp?r=BS21134&grupo=,2026-09-08T15:39:27Z
BS21134,2001,2001-06-24,COAMO,6,"Escalera, Carlos",284,44,10,17,3,10,1,2,1,4,5,5,5,0,1,2,30,single-source,wayback_bsnpr_games,https://web.archive.org/web/20011126000503id_/http://www.bsnpr.com:80/gamestatwide.asp?r=BS21134&grupo=,2026-09-08T15:39:27Z
BS21134,2001,2001-06-24,COAMO,7,"Berdiel, Miguel",1666,8,0,2,0,0,0,0,1,0,1,1,0,0,1,2,0,single-source,wayback_bsnpr_games,https://web.archive.org/web/20011126000503id_/http://www.bsnpr.com:80/gamestatwide.asp?r=BS21134&grupo=,2026-09-08T15:39:27Z
BS21135,2001,2001-06-24,CAGUAS,10,"Rivera, Alexander",,4,0,0,1,2,0,0,0,0,0,0,0,0,0,0,3,single-source,wayback_bsnpr_games,https://web.archive.org/web/20011101180510id_/http://www.bsnpr.com:80/gamestatwide.asp?r=BS21135&grupo=,2026-09-08T15:37:46Z
BS21135,2001,2001-06-24,CAGUAS,11,"Nieves, Josue",,20,0,2,3,8,4,4,1,1,2,0,1,0,2,4,13,single-source,wayback_bsnpr_games,https://web.archive.org/web/20011101180510id_/http://www.bsnpr.com:80/gamestatwide.asp?r=BS21135&grupo=,2026-09-08T15:37:46Z
BS21135,2001,2001-06-24,CAGUAS,14,"Allende, Luis",,40,11,13,2,6,0,1,3,3,6,4,1,0,4,3,28,single-source,wayback_bsnpr_games,https://web.archive.org/web/20011101180510id_/http://www.bsnpr.com:80/gamestatwide.asp?r=BS21135&grupo=,2026-09-08T15:37:46Z
BS21135,2001,2001-06-24,CAGUAS,15,"Rivas, Luis",,10,2,3,0,0,0,0,1,0,1,0,0,1,1,1,4,single-source,wayback_bsnpr_games,https://web.archive.org/web/20011101180510id_/http://www.bsnpr.com:80/gamestatwide.asp?r=BS21135&grupo=,2026-09-08T15:37:46Z
BS21135,2001,2001-06-24,CAGUAS,25,"Carrasquillo, Antonio",,30,3,4,1,1,4,5,5,10,15,2,0,1,4,2,13,single-source,wayback_bsnpr_games,https://web.archive.org/web/20011101180510id_/http://www.bsnpr.com:80/gamestatwide.asp?r=BS21135&grupo=,2026-09-08T15:37:46Z
BS21135,2001,2001-06-24,CAGUAS,4,"Colon, Angel",,13,2,4,0,1,0,0,1,2,3,0,0,0,3,4,4,single-source,wayback_bsnpr_games,https://web.archive.org/web/20011101180510id_/http://www.bsnpr.com:80/gamestatwide.asp?r=BS21135&grupo=,2026-09-08T15:37:46Z
BS21135,2001,2001-06-24,CAGUAS,6,"Burgos, Gary Joe",,15,0,1,1,4,0,0,1,2,3,5,0,0,1,2,3,single-source,wayback_bsnpr_games,https://web.archive.org/web/20011101180510id_/http://www.bsnpr.com:80/gamestatwide.asp?r=BS21135&grupo=,2026-09-08T15:37:46Z
BS21135,2001,2001-06-24,CAGUAS,7,"Davila, Michelo",1660,28,0,3,1,5,2,2,2,2,4,9,0,0,2,0,5,single-source,wayback_bsnpr_games,https://web.archive.org/web/20011101180510id_/http://www.bsnpr.com:80/gamestatwide.asp?r=BS21135&grupo=,2026-09-08T15:37:46Z
BS21135,2001,2001-06-24,CAGUAS,8,"Farmer, Tony",,40,3,9,5,12,8,8,6,3,9,5,3,0,3,1,29,single-source,wayback_bsnpr_games,https://web.archive.org/web/20011101180510id_/http://www.bsnpr.com:80/gamestatwide.asp?r=BS21135&grupo=,2026-09-08T15:37:46Z
BS21135,2001,2001-06-24,SANTURCE,1,"Lopez, Jose",,5,0,1,0,0,0,0,0,0,0,1,1,0,2,0,0,single-source,wayback_bsnpr_games,https://web.archive.org/web/20011101180510id_/http://www.bsnpr.com:80/gamestatwide.asp?r=BS21135&grupo=,2026-09-08T15:37:46Z
BS21135,2001,2001-06-24,SANTURCE,10,"Arroyo, Alberto",,1,0,0,0,0,0,0,0,0,0,0,0,0,0,0,0,single-source,wayback_bsnpr_games,https://web.archive.org/web/20011101180510id_/http://www.bsnpr.com:80/gamestatwide.asp?r=BS21135&grupo=,2026-09-08T15:37:46Z
BS21135,2001,2001-06-24,SANTURCE,11,"Benson, Mark",,24,0,1,1,4,2,3,1,1,2,2,0,1,2,2,5,single-source,wayback_bsnpr_games,https://web.archive.org/web/20011101180510id_/http://www.bsnpr.com:80/gamestatwide.asp?r=BS21135&grupo=,2026-09-08T15:37:46Z
BS21135,2001,2001-06-24,SANTURCE,12,"Houroutunier, Rolando",,24,1,1,0,1,1,1,2,2,4,2,0,0,4,3,3,single-source,wayback_bsnpr_games,https://web.archive.org/web/20011101180510id_/http://www.bsnpr.com:80/gamestatwide.asp?r=BS21135&grupo=,2026-09-08T15:37:46Z
BS21135,2001,2001-06-24,SANTURCE,31,"Rosario, Rich",,4,0,1,0,3,0,0,0,0,0,1,1,0,0,0,0,single-source,wayback_bsnpr_games,https://web.archive.org/web/20011101180510id_/http://www.bsnpr.com:80/gamestatwide.asp?r=BS21135&grupo=,2026-09-08T15:37:46Z
BS21135,2001,2001-06-24,SANTURCE,33,"Falcon, Alex",,15,1,2,0,0,1,2,0,0,0,2,1,0,0,3,3,single-source,wayback_bsnpr_games,https://web.archive.org/web/20011101180510id_/http://www.bsnpr.com:80/gamestatwide.asp?r=BS21135&grupo=,2026-09-08T15:37:46Z
BS21135,2001,2001-06-24,SANTURCE,4,"Ortiz, Jose",,37,10,15,1,2,5,10,2,6,8,2,0,1,4,5,28,single-source,wayback_bsnpr_games,https://web.archive.org/web/20011101180510id_/http://www.bsnpr.com:80/gamestatwide.asp?r=BS21135&grupo=,2026-09-08T15:37:46Z
BS21135,2001,2001-06-24,SANTURCE,42,"Aubry, Jeffrey",,3,2,3,0,0,0,0,3,1,4,0,0,1,1,0,4,single-source,wayback_bsnpr_games,https://web.archive.org/web/20011101180510id_/http://www.bsnpr.com:80/gamestatwide.asp?r=BS21135&grupo=,2026-09-08T15:37:46Z
BS21135,2001,2001-06-24,SANTURCE,44,"Bocachica, Armando",,1,0,0,0,0,0,0,0,0,0,0,0,0,0,0,0,single-source,wayback_bsnpr_games,https://web.archive.org/web/20011101180510id_/http://www.bsnpr.com:80/gamestatwide.asp?r=BS21135&grupo=,2026-09-08T15:37:46Z
BS21135,2001,2001-06-24,SANTURCE,5,"Santiago, Orlando",,37,2,5,2,4,5,5,2,3,5,8,4,0,2,3,15,single-source,wayback_bsnpr_games,https://web.archive.org/web/20011101180510id_/http://www.bsnpr.com:80/gamestatwide.asp?r=BS21135&grupo=,2026-09-08T15:37:46Z
BS21135,2001,2001-06-24,SANTURCE,8,"Triminghan, Leon",,28,6,11,0,0,1,2,1,5,6,1,1,1,2,3,13,single-source,wayback_bsnpr_games,https://web.archive.org/web/20011101180510id_/http://www.bsnpr.com:80/gamestatwide.asp?r=BS21135&grupo=,2026-09-08T15:37:46Z
BS21135,2001,2001-06-24,SANTURCE,9,"Santiago, Edwin",,21,3,6,2,3,5,5,0,2,2,1,1,0,4,1,17,single-source,wayback_bsnpr_games,https://web.archive.org/web/20011101180510id_/http://www.bsnpr.com:80/gamestatwide.asp?r=BS21135&grupo=,2026-09-08T15:37:46Z
BS21137,2001,2001-06-24,MAYAGUEZ,10,"Guibert, Andres",,45,7,11,0,0,4,8,6,5,11,2,2,0,5,0,18,single-source,wayback_bsnpr_games,https://web.archive.org/web/20011223135524id_/http://www.bsnpr.com:80/gamestatwide.asp?r=BS21137&GRUPO=PO99&SERIE=4,2026-09-08T15:40:16Z
BS21137,2001,2001-06-24,MAYAGUEZ,10,"Guibert, Andres",,45,7,11,0,0,4,8,6,5,11,2,2,0,5,0,18,single-source,wayback_bsnpr_games,https://web.archive.org/web/20011224204813id_/http://www.bsnpr.com:80/gamestatwide.asp?r=BS21137&grupo=,2026-09-08T15:41:29Z
BS21137,2001,2001-06-24,MAYAGUEZ,12,"Vega, Orlando",1759,30,9,11,1,6,3,5,1,4,5,0,0,0,4,6,24,single-source,wayback_bsnpr_games,https://web.archive.org/web/20011223135524id_/http://www.bsnpr.com:80/gamestatwide.asp?r=BS21137&GRUPO=PO99&SERIE=4,2026-09-08T15:40:16Z
BS21137,2001,2001-06-24,MAYAGUEZ,12,"Vega, Orlando",1759,30,9,11,1,6,3,5,1,4,5,0,0,0,4,6,24,single-source,wayback_bsnpr_games,https://web.archive.org/web/20011224204813id_/http://www.bsnpr.com:80/gamestatwide.asp?r=BS21137&grupo=,2026-09-08T15:41:29Z
BS21137,2001,2001-06-24,MAYAGUEZ,13,"Brown, Tayler",,10,0,0,0,2,0,0,0,0,0,0,1,0,0,1,0,single-source,wayback_bsnpr_games,https://web.archive.org/web/20011223135524id_/http://www.bsnpr.com:80/gamestatwide.asp?r=BS21137&GRUPO=PO99&SERIE=4,2026-09-08T15:40:16Z
BS21137,2001,2001-06-24,MAYAGUEZ,13,"Brown, Tayler",,10,0,0,0,2,0,0,0,0,0,0,1,0,0,1,0,single-source,wayback_bsnpr_games,https://web.archive.org/web/20011224204813id_/http://www.bsnpr.com:80/gamestatwide.asp?r=BS21137&grupo=,2026-09-08T15:41:29Z
BS21137,2001,2001-06-24,MAYAGUEZ,14,"Nolan, Norman",,40,11,19,0,0,6,6,3,10,13,3,1,1,3,5,28,single-source,wayback_bsnpr_games,https://web.archive.org/web/20011223135524id_/http://www.bsnpr.com:80/gamestatwide.asp?r=BS21137&GRUPO=PO99&SERIE=4,2026-09-08T15:40:16Z
BS21137,2001,2001-06-24,MAYAGUEZ,14,"Nolan, Norman",,40,11,19,0,0,6,6,3,10,13,3,1,1,3,5,28,single-source,wayback_bsnpr_games,https://web.archive.org/web/20011224204813id_/http://www.bsnpr.com:80/gamestatwide.asp?r=BS21137&grupo=,2026-09-08T15:41:29Z
BS21137,2001,2001-06-24,MAYAGUEZ,17,"Martinez, Freddy",,22,1,4,2,5,0,0,1,3,4,0,0,0,1,1,8,single-source,wayback_bsnpr_games,https://web.archive.org/web/20011223135524id_/http://www.bsnpr.com:80/gamestatwide.asp?r=BS21137&GRUPO=PO99&SERIE=4,2026-09-08T15:40:16Z
BS21137,2001,2001-06-24,MAYAGUEZ,17,"Martinez, Freddy",,22,1,4,2,5,0,0,1,3,4,0,0,0,1,1,8,single-source,wayback_bsnpr_games,https://web.archive.org/web/20011224204813id_/http://www.bsnpr.com:80/gamestatwide.asp?r=BS21137&grupo=,2026-09-08T15:41:29Z
BS21137,2001,2001-06-24,MAYAGUEZ,18,"Vazquez, De Juan",,7,0,0,0,0,0,0,0,0,0,2,0,0,0,0,0,single-source,wayback_bsnpr_games,https://web.archive.org/web/20011223135524id_/http://www.bsnpr.com:80/gamestatwide.asp?r=BS21137&GRUPO=PO99&SERIE=4,2026-09-08T15:40:16Z
BS21137,2001,2001-06-24,MAYAGUEZ,18,"Vazquez, De Juan",,7,0,0,0,0,0,0,0,0,0,2,0,0,0,0,0,single-source,wayback_bsnpr_games,https://web.archive.org/web/20011224204813id_/http://www.bsnpr.com:80/gamestatwide.asp?r=BS21137&grupo=,2026-09-08T15:41:29Z
BS21137,2001,2001-06-24,MAYAGUEZ,19,"Latson, T.l.",,3,0,0,0,0,0,0,0,2,2,0,0,0,0,1,0,single-source,wayback_bsnpr_games,https://web.archive.org/web/20011223135524id_/http://www.bsnpr.com:80/gamestatwide.asp?r=BS21137&GRUPO=PO99&SERIE=4,2026-09-08T15:40:16Z
BS21137,2001,2001-06-24,MAYAGUEZ,19,"Latson, T.l.",,3,0,0,0,0,0,0,0,2,2,0,0,0,0,1,0,single-source,wayback_bsnpr_games,https://web.archive.org/web/20011224204813id_/http://www.bsnpr.com:80/gamestatwide.asp?r=BS21137&grupo=,2026-09-08T15:41:29Z
BS21137,2001,2001-06-24,MAYAGUEZ,21,"Carmona, Alejandro",37,6,1,3,0,0,0,0,0,0,0,0,1,0,2,1,2,single-source,wayback_bsnpr_games,https://web.archive.org/web/20011223135524id_/http://www.bsnpr.com:80/gamestatwide.asp?r=BS21137&GRUPO=PO99&SERIE=4,2026-09-08T15:40:16Z
BS21137,2001,2001-06-24,MAYAGUEZ,21,"Carmona, Alejandro",37,6,1,3,0,0,0,0,0,0,0,0,1,0,2,1,2,single-source,wayback_bsnpr_games,https://web.archive.org/web/20011224204813id_/http://www.bsnpr.com:80/gamestatwide.asp?r=BS21137&grupo=,2026-09-08T15:41:29Z
BS21137,2001,2001-06-24,MAYAGUEZ,4,"Padilla, Gidel",,6,0,1,0,0,4,4,0,1,1,1,1,0,5,1,4,single-source,wayback_bsnpr_games,https://web.archive.org/web/20011223135524id_/http://www.bsnpr.com:80/gamestatwide.asp?r=BS21137&GRUPO=PO99&SERIE=4,2026-09-08T15:40:16Z
BS21137,2001,2001-06-24,MAYAGUEZ,4,"Padilla, Gidel",,6,0,1,0,0,4,4,0,1,1,1,1,0,5,1,4,single-source,wayback_bsnpr_games,https://web.archive.org/web/20011224204813id_/http://www.bsnpr.com:80/gamestatwide.asp?r=BS21137&grupo=,2026-09-08T15:41:29Z
BS21137,2001,2001-06-24,MAYAGUEZ,6,"Garcia, Elmyr",,19,1,1,1,5,4,5,1,1,2,0,0,0,2,1,9,single-source,wayback_bsnpr_games,https://web.archive.org/web/20011223135524id_/http://www.bsnpr.com:80/gamestatwide.asp?r=BS21137&GRUPO=PO99&SERIE=4,2026-09-08T15:40:16Z
BS21137,2001,2001-06-24,MAYAGUEZ,6,"Garcia, Elmyr",,19,1,1,1,5,4,5,1,1,2,0,0,0,2,1,9,single-source,wayback_bsnpr_games,https://web.archive.org/web/20011224204813id_/http://www.bsnpr.com:80/gamestatwide.asp?r=BS21137&grupo=,2026-09-08T15:41:29Z
BS21137,2001,2001-06-24,MAYAGUEZ,9,"Carter, James",,37,6,15,1,2,13,13,2,6,8,5,1,0,3,2,28,single-source,wayback_bsnpr_games,https://web.archive.org/web/20011223135524id_/http://www.bsnpr.com:80/gamestatwide.asp?r=BS21137&GRUPO=PO99&SERIE=4,2026-09-08T15:40:16Z
BS21137,2001,2001-06-24,MAYAGUEZ,9,"Carter, James",,37,6,15,1,2,13,13,2,6,8,5,1,0,3,2,28,single-source,wayback_bsnpr_games,https://web.archive.org/web/20011224204813id_/http://www.bsnpr.com:80/gamestatwide.asp?r=BS21137&grupo=,2026-09-08T15:41:29Z
BS21137,2001,2001-06-24,SAN GERMAN,1,"Jackson, Leroy",1442,43,7,12,1,3,6,9,9,10,19,6,1,0,4,7,23,single-source,wayback_bsnpr_games,https://web.archive.org/web/20011223135524id_/http://www.bsnpr.com:80/gamestatwide.asp?r=BS21137&GRUPO=PO99&SERIE=4,2026-09-08T15:40:16Z
BS21137,2001,2001-06-24,SAN GERMAN,1,"Jackson, Leroy",1442,43,7,12,1,3,6,9,9,10,19,6,1,0,4,7,23,single-source,wayback_bsnpr_games,https://web.archive.org/web/20011224204813id_/http://www.bsnpr.com:80/gamestatwide.asp?r=BS21137&grupo=,2026-09-08T15:41:29Z
BS21137,2001,2001-06-24,SAN GERMAN,12,"Caanen, Wilhelmus",,7,0,0,0,1,0,0,0,0,0,0,0,0,2,1,0,single-source,wayback_bsnpr_games,https://web.archive.org/web/20011223135524id_/http://www.bsnpr.com:80/gamestatwide.asp?r=BS21137&GRUPO=PO99&SERIE=4,2026-09-08T15:40:16Z
BS21137,2001,2001-06-24,SAN GERMAN,12,"Caanen, Wilhelmus",,7,0,0,0,1,0,0,0,0,0,0,0,0,2,1,0,single-source,wayback_bsnpr_games,https://web.archive.org/web/20011224204813id_/http://www.bsnpr.com:80/gamestatwide.asp?r=BS21137&grupo=,2026-09-08T15:41:29Z
BS21137,2001,2001-06-24,SAN GERMAN,13,"Fajardo, Shariff",,42,5,12,0,0,4,7,2,3,5,0,1,2,3,2,14,single-source,wayback_bsnpr_games,https://web.archive.org/web/20011223135524id_/http://www.bsnpr.com:80/gamestatwide.asp?r=BS21137&GRUPO=PO99&SERIE=4,2026-09-08T15:40:16Z
BS21137,2001,2001-06-24,SAN GERMAN,13,"Fajardo, Shariff",,42,5,12,0,0,4,7,2,3,5,0,1,2,3,2,14,single-source,wayback_bsnpr_games,https://web.archive.org/web/20011224204813id_/http://www.bsnpr.com:80/gamestatwide.asp?r=BS21137&grupo=,2026-09-08T15:41:29Z
BS21137,2001,2001-06-24,SAN GERMAN,17,"Dalmau, Christian",382,29,9,13,2,5,5,8,0,4,4,9,2,1,5,1,29,single-source,wayback_bsnpr_games,https://web.archive.org/web/20011223135524id_/http://www.bsnpr.com:80/gamestatwide.asp?r=BS21137&GRUPO=PO99&SERIE=4,2026-09-08T15:40:16Z
BS21137,2001,2001-06-24,SAN GERMAN,17,"Dalmau, Christian",382,29,9,13,2,5,5,8,0,4,4,9,2,1,5,1,29,single-source,wayback_bsnpr_games,https://web.archive.org/web/20011224204813id_/http://www.bsnpr.com:80/gamestatwide.asp?r=BS21137&grupo=,2026-09-08T15:41:29Z
BS21137,2001,2001-06-24,SAN GERMAN,18,"Barea, Irving",,7,0,1,0,0,0,0,0,2,2,0,1,0,1,0,0,single-source,wayback_bsnpr_games,https://web.archive.org/web/20011223135524id_/http://www.bsnpr.com:80/gamestatwide.asp?r=BS21137&GRUPO=PO99&SERIE=4,2026-09-08T15:40:16Z
BS21137,2001,2001-06-24,SAN GERMAN,18,"Barea, Irving",,7,0,1,0,0,0,0,0,2,2,0,1,0,1,0,0,single-source,wayback_bsnpr_games,https://web.archive.org/web/20011224204813id_/http://www.bsnpr.com:80/gamestatwide.asp?r=BS21137&grupo=,2026-09-08T15:41:29Z
BS21137,2001,2001-06-24,SAN GERMAN,20,"Ayuso, Larry",574,35,3,7,5,11,4,6,0,1,1,2,2,0,5,2,25,single-source,wayback_bsnpr_games,https://web.archive.org/web/20011223135524id_/http://www.bsnpr.com:80/gamestatwide.asp?r=BS21137&GRUPO=PO99&SERIE=4,2026-09-08T15:40:16Z
BS21137,2001,2001-06-24,SAN GERMAN,20,"Ayuso, Larry",574,35,3,7,5,11,4,6,0,1,1,2,2,0,5,2,25,single-source,wayback_bsnpr_games,https://web.archive.org/web/20011224204813id_/http://www.bsnpr.com:80/gamestatwide.asp?r=BS21137&grupo=,2026-09-08T15:41:29Z
BS21137,2001,2001-06-24,SAN GERMAN,21,"Febres, Arnaldo",,6,0,0,0,0,0,0,0,2,2,0,0,0,1,0,0,single-source,wayback_bsnpr_games,https://web.archive.org/web/20011223135524id_/http://www.bsnpr.com:80/gamestatwide.asp?r=BS21137&GRUPO=PO99&SERIE=4,2026-09-08T15:40:16Z
BS21137,2001,2001-06-24,SAN GERMAN,21,"Febres, Arnaldo",,6,0,0,0,0,0,0,0,2,2,0,0,0,1,0,0,single-source,wayback_bsnpr_games,https://web.archive.org/web/20011224204813id_/http://www.bsnpr.com:80/gamestatwide.asp?r=BS21137&grupo=,2026-09-08T15:41:29Z
BS21137,2001,2001-06-24,SAN GERMAN,32,"Lazor, Robert",2037,42,10,14,2,5,1,1,5,9,14,3,0,0,5,4,27,single-source,wayback_bsnpr_games,https://web.archive.org/web/20011223135524id_/http://www.bsnpr.com:80/gamestatwide.asp?r=BS21137&GRUPO=PO99&SERIE=4,2026-09-08T15:40:16Z
BS21137,2001,2001-06-24,SAN GERMAN,32,"Lazor, Robert",2037,42,10,14,2,5,1,1,5,9,14,3,0,0,5,4,27,single-source,wayback_bsnpr_games,https://web.archive.org/web/20011224204813id_/http://www.bsnpr.com:80/gamestatwide.asp?r=BS21137&grupo=,2026-09-08T15:41:29Z
BS21137,2001,2001-06-24,SAN GERMAN,7,"Quinonez, Nelson",,14,0,0,0,3,1,2,0,0,0,1,1,0,4,2,1,single-source,wayback_bsnpr_games,https://web.archive.org/web/20011223135524id_/http://www.bsnpr.com:80/gamestatwide.asp?r=BS21137&GRUPO=PO99&SERIE=4,2026-09-08T15:40:16Z
BS21137,2001,2001-06-24,SAN GERMAN,7,"Quinonez, Nelson",,14,0,0,0,3,1,2,0,0,0,1,1,0,4,2,1,single-source,wayback_bsnpr_games,https://web.archive.org/web/20011224204813id_/http://www.bsnpr.com:80/gamestatwide.asp?r=BS21137&grupo=,2026-09-08T15:41:29Z
BS21139,2001,2001-06-25,ISABELA,10,"Santos, Xionel",,3,0,1,1,1,0,0,0,0,0,0,0,0,0,0,3,single-source,wayback_bsnpr_games,https://web.archive.org/web/20011223140833id_/http://www.bsnpr.com:80/gamestatwide.asp?r=BS21139&GRUPO=PO99&SERIE=4,2026-09-08T15:40:18Z
BS21139,2001,2001-06-25,ISABELA,12,"Lopez, Jose",,29,4,6,2,4,3,3,2,4,6,0,0,0,2,1,17,single-source,wayback_bsnpr_games,https://web.archive.org/web/20011223140833id_/http://www.bsnpr.com:80/gamestatwide.asp?r=BS21139&GRUPO=PO99&SERIE=4,2026-09-08T15:40:18Z
BS21139,2001,2001-06-25,ISABELA,13,"Fernandez, Eric",,29,1,7,1,2,0,0,3,1,4,0,0,0,2,2,5,single-source,wayback_bsnpr_games,https://web.archive.org/web/20011223140833id_/http://www.bsnpr.com:80/gamestatwide.asp?r=BS21139&GRUPO=PO99&SERIE=4,2026-09-08T15:40:18Z
BS21139,2001,2001-06-25,ISABELA,15,"Crispin, Natanael",,9,0,1,0,0,2,4,1,1,2,0,0,0,1,2,2,single-source,wayback_bsnpr_games,https://web.archive.org/web/20011223140833id_/http://www.bsnpr.com:80/gamestatwide.asp?r=BS21139&GRUPO=PO99&SERIE=4,2026-09-08T15:40:18Z
BS21139,2001,2001-06-25,ISABELA,2,"Rivera, Eddie",,34,5,15,1,5,1,1,0,2,2,5,0,0,1,1,14,single-source,wayback_bsnpr_games,https://web.archive.org/web/20011223140833id_/http://www.bsnpr.com:80/gamestatwide.asp?r=BS21139&GRUPO=PO99&SERIE=4,2026-09-08T15:40:18Z
BS21139,2001,2001-06-25,ISABELA,31,"Guzman, Lionel",,6,1,1,0,0,0,0,1,1,2,0,0,0,0,0,2,single-source,wayback_bsnpr_games,https://web.archive.org/web/20011223140833id_/http://www.bsnpr.com:80/gamestatwide.asp?r=BS21139&GRUPO=PO99&SERIE=4,2026-09-08T15:40:18Z
BS21139,2001,2001-06-25,ISABELA,32,"Bravo, Arturo",,3,0,0,0,0,0,0,0,0,0,1,0,0,0,0,0,single-source,wayback_bsnpr_games,https://web.archive.org/web/20011223140833id_/http://www.bsnpr.com:80/gamestatwide.asp?r=BS21139&GRUPO=PO99&SERIE=4,2026-09-08T15:40:18Z
BS21139,2001,2001-06-25,ISABELA,42,"Figueroa, Anthony",,6,2,2,0,0,0,0,0,0,0,0,0,0,1,1,4,single-source,wayback_bsnpr_games,https://web.archive.org/web/20011223140833id_/http://www.bsnpr.com:80/gamestatwide.asp?r=BS21139&GRUPO=PO99&SERIE=4,2026-09-08T15:40:18Z
BS21139,2001,2001-06-25,ISABELA,45,"Leeks, Kenny",,34,9,15,0,1,5,9,8,3,11,1,0,0,3,4,23,single-source,wayback_bsnpr_games,https://web.archive.org/web/20011223140833id_/http://www.bsnpr.com:80/gamestatwide.asp?r=BS21139&GRUPO=PO99&SERIE=4,2026-09-08T15:40:18Z
BS21139,2001,2001-06-25,ISABELA,48,"Machado, Adrian",,30,3,3,0,6,0,0,0,5,5,1,2,1,4,2,6,single-source,wayback_bsnpr_games,https://web.archive.org/web/20011223140833id_/http://www.bsnpr.com:80/gamestatwide.asp?r=BS21139&GRUPO=PO99&SERIE=4,2026-09-08T15:40:18Z
BS21139,2001,2001-06-25,ISABELA,8,"Colon, Eddie",,17,1,6,3,5,1,2,1,1,2,0,1,0,2,1,12,single-source,wayback_bsnpr_games,https://web.archive.org/web/20011223140833id_/http://www.bsnpr.com:80/gamestatwide.asp?r=BS21139&GRUPO=PO99&SERIE=4,2026-09-08T15:40:18Z
BS21139,2001,2001-06-25,SAN GERMAN,1,"Jackson, Leroy",1442,29,6,8,1,2,4,5,2,4,6,3,0,0,4,1,19,single-source,wayback_bsnpr_games,https://web.archive.org/web/20011223140833id_/http://www.bsnpr.com:80/gamestatwide.asp?r=BS21139&GRUPO=PO99&SERIE=4,2026-09-08T15:40:18Z
BS21139,2001,2001-06-25,SAN GERMAN,12,"Caanen, Wilhemus",,8,2,2,1,1,1,1,0,0,0,1,1,0,0,0,8,single-source,wayback_bsnpr_games,https://web.archive.org/web/20011223140833id_/http://www.bsnpr.com:80/gamestatwide.asp?r=BS21139&GRUPO=PO99&SERIE=4,2026-09-08T15:40:18Z
BS21139,2001,2001-06-25,SAN GERMAN,13,"Fajardo, Sharrif",,29,8,13,0,1,2,4,1,7,8,5,0,1,4,0,18,single-source,wayback_bsnpr_games,https://web.archive.org/web/20011223140833id_/http://www.bsnpr.com:80/gamestatwide.asp?r=BS21139&GRUPO=PO99&SERIE=4,2026-09-08T15:40:18Z
BS21139,2001,2001-06-25,SAN GERMAN,14,"Rivera, Raul",,3,0,0,0,0,0,0,0,0,0,0,0,0,1,0,0,single-source,wayback_bsnpr_games,https://web.archive.org/web/20011223140833id_/http://www.bsnpr.com:80/gamestatwide.asp?r=BS21139&GRUPO=PO99&SERIE=4,2026-09-08T15:40:18Z
BS21139,2001,2001-06-25,SAN GERMAN,17,"Dalmau, Christian",382,34,6,9,5,6,0,0,0,7,7,15,2,1,1,2,27,single-source,wayback_bsnpr_games,https://web.archive.org/web/20011223140833id_/http://www.bsnpr.com:80/gamestatwide.asp?r=BS21139&GRUPO=PO99&SERIE=4,2026-09-08T15:40:18Z
BS21139,2001,2001-06-25,SAN GERMAN,18,"Barea, Irving",,9,2,2,0,0,0,2,1,0,1,0,1,0,2,1,4,single-source,wayback_bsnpr_games,https://web.archive.org/web/20011223140833id_/http://www.bsnpr.com:80/gamestatwide.asp?r=BS21139&GRUPO=PO99&SERIE=4,2026-09-08T15:40:18Z
BS21139,2001,2001-06-25,SAN GERMAN,20,"Ayuso, Larry",574,32,6,10,1,5,1,1,0,2,2,0,2,0,2,2,16,single-source,wayback_bsnpr_games,https://web.archive.org/web/20011223140833id_/http://www.bsnpr.com:80/gamestatwide.asp?r=BS21139&GRUPO=PO99&SERIE=4,2026-09-08T15:40:18Z
BS21139,2001,2001-06-25,SAN GERMAN,21,"Febres, Arnaldo",,9,1,1,0,0,2,4,3,0,3,0,0,1,1,0,4,single-source,wayback_bsnpr_games,https://web.archive.org/web/20011223140833id_/http://www.bsnpr.com:80/gamestatwide.asp?r=BS21139&GRUPO=PO99&SERIE=4,2026-09-08T15:40:18Z
BS21139,2001,2001-06-25,SAN GERMAN,23,"LLOVET, Francisco",,5,2,4,1,2,0,0,0,2,2,0,0,0,0,0,7,single-source,wayback_bsnpr_games,https://web.archive.org/web/20011223140833id_/http://www.bsnpr.com:80/gamestatwide.asp?r=BS21139&GRUPO=PO99&SERIE=4,2026-09-08T15:40:18Z
BS21139,2001,2001-06-25,SAN GERMAN,32,"Lazor, Robert",2037,34,12,16,0,2,0,0,3,7,10,1,0,0,1,2,24,single-source,wayback_bsnpr_games,https://web.archive.org/web/20011223140833id_/http://www.bsnpr.com:80/gamestatwide.asp?r=BS21139&GRUPO=PO99&SERIE=4,2026-09-08T15:40:18Z
BS21139,2001,2001-06-25,SAN GERMAN,6,"Caraballo, Johny",,2,0,0,0,0,0,0,0,0,0,0,1,0,0,0,0,single-source,wayback_bsnpr_games,https://web.archive.org/web/20011223140833id_/http://www.bsnpr.com:80/gamestatwide.asp?r=BS21139&GRUPO=PO99&SERIE=4,2026-09-08T15:40:18Z
BS21139,2001,2001-06-25,SAN GERMAN,7,"Quinonez, Nelson",,6,0,0,0,1,0,0,0,1,1,1,0,0,1,0,0,single-source,wayback_bsnpr_games,https://web.archive.org/web/20011223140833id_/http://www.bsnpr.com:80/gamestatwide.asp?r=BS21139&GRUPO=PO99&SERIE=4,2026-09-08T15:40:18Z
BS21142,2001,2001-06-26,BAYAMON,0,"Richards, Jaja",,25,3,5,0,0,0,0,4,4,8,1,0,4,3,1,6,single-source,wayback_bsnpr_games,https://web.archive.org/web/20011126001118id_/http://www.bsnpr.com:80/gamestatwide.asp?r=BS21142&grupo=,2026-09-08T15:39:28Z
BS21142,2001,2001-06-26,BAYAMON,10,"Cruz, Alvin",,5,0,1,0,0,0,0,1,0,1,0,1,0,0,0,0,single-source,wayback_bsnpr_games,https://web.archive.org/web/20011126001118id_/http://www.bsnpr.com:80/gamestatwide.asp?r=BS21142&grupo=,2026-09-08T15:39:28Z
BS21142,2001,2001-06-26,BAYAMON,12,"Padilla, Edgar",,30,6,9,1,2,0,2,0,10,10,6,3,0,3,2,15,single-source,wayback_bsnpr_games,https://web.archive.org/web/20011126001118id_/http://www.bsnpr.com:80/gamestatwide.asp?r=BS21142&grupo=,2026-09-08T15:39:28Z
BS21142,2001,2001-06-26,BAYAMON,13,"Payano, Carlos",,14,2,2,0,2,2,2,0,2,2,1,0,0,1,1,6,single-source,wayback_bsnpr_games,https://web.archive.org/web/20011126001118id_/http://www.bsnpr.com:80/gamestatwide.asp?r=BS21142&grupo=,2026-09-08T15:39:28Z
BS21142,2001,2001-06-26,BAYAMON,15,"Novas, Rafael",,10,3,4,0,0,1,1,0,3,3,0,0,0,0,1,7,single-source,wayback_bsnpr_games,https://web.archive.org/web/20011126001118id_/http://www.bsnpr.com:80/gamestatwide.asp?r=BS21142&grupo=,2026-09-08T15:39:28Z
BS21142,2001,2001-06-26,BAYAMON,17,"Mincy, Jerome",1032,25,1,3,2,5,0,0,1,6,7,5,0,0,3,1,8,single-source,wayback_bsnpr_games,https://web.archive.org/web/20011126001118id_/http://www.bsnpr.com:80/gamestatwide.asp?r=BS21142&grupo=,2026-09-08T15:39:28Z
BS21142,2001,2001-06-26,BAYAMON,20,"Rivera, Joshua",,3,0,1,0,0,0,0,0,0,0,1,0,0,0,0,0,single-source,wayback_bsnpr_games,https://web.archive.org/web/20011126001118id_/http://www.bsnpr.com:80/gamestatwide.asp?r=BS21142&grupo=,2026-09-08T15:39:28Z
BS21142,2001,2001-06-26,BAYAMON,32,"Santiago, Eddin",502,7,0,0,0,1,0,0,0,0,0,0,0,0,0,1,0,single-source,wayback_bsnpr_games,https://web.archive.org/web/20011126001118id_/http://www.bsnpr.com:80/gamestatwide.asp?r=BS21142&grupo=,2026-09-08T15:39:28Z
BS21142,2001,2001-06-26,BAYAMON,33,"Aponte, Emanuel",594,3,0,1,0,0,0,0,1,0,1,1,0,0,0,0,0,single-source,wayback_bsnpr_games,https://web.archive.org/web/20011126001118id_/http://www.bsnpr.com:80/gamestatwide.asp?r=BS21142&grupo=,2026-09-08T15:39:28Z
BS21142,2001,2001-06-26,BAYAMON,4,"Western, Franklyn",,30,7,12,0,0,7,9,1,1,2,3,0,0,3,1,21,single-source,wayback_bsnpr_games,https://web.archive.org/web/20011126001118id_/http://www.bsnpr.com:80/gamestatwide.asp?r=BS21142&grupo=,2026-09-08T15:39:28Z
BS21142,2001,2001-06-26,BAYAMON,55,"Santiago, Daniel",427,15,5,9,0,1,4,6,0,2,2,0,1,1,2,2,14,single-source,wayback_bsnpr_games,https://web.archive.org/web/20011126001118id_/http://www.bsnpr.com:80/gamestatwide.asp?r=BS21142&grupo=,2026-09-08T15:39:28Z
BS21142,2001,2001-06-26,BAYAMON,6,"Travieso, Carmelo",,30,3,4,4,10,0,0,3,0,3,2,1,0,1,0,18,single-source,wayback_bsnpr_games,https://web.archive.org/web/20011126001118id_/http://www.bsnpr.com:80/gamestatwide.asp?r=BS21142&grupo=,2026-09-08T15:39:28Z
BS21142,2001,2001-06-26,BAYAMON,9,"Salgado, Gustavo",,3,0,0,0,0,0,0,0,0,0,0,0,0,0,1,0,single-source,wayback_bsnpr_games,https://web.archive.org/web/20011126001118id_/http://www.bsnpr.com:80/gamestatwide.asp?r=BS21142&grupo=,2026-09-08T15:39:28Z
BS21142,2001,2001-06-26,MAYAGUEZ,10,"Guibert, Andres",,25,6,8,0,0,2,2,3,7,10,0,0,0,4,3,14,single-source,wayback_bsnpr_games,https://web.archive.org/web/20011126001118id_/http://www.bsnpr.com:80/gamestatwide.asp?r=BS21142&grupo=,2026-09-08T15:39:28Z
BS21142,2001,2001-06-26,MAYAGUEZ,12,"Vega, Orlando",1759,20,1,5,0,4,0,0,1,2,3,1,0,0,2,1,2,single-source,wayback_bsnpr_games,https://web.archive.org/web/20011126001118id_/http://www.bsnpr.com:80/gamestatwide.asp?r=BS21142&grupo=,2026-09-08T15:39:28Z
BS21142,2001,2001-06-26,MAYAGUEZ,13,"Brown, Tayler",,10,1,3,0,2,1,2,2,1,3,1,0,0,0,1,3,single-source,wayback_bsnpr_games,https://web.archive.org/web/20011126001118id_/http://www.bsnpr.com:80/gamestatwide.asp?r=BS21142&grupo=,2026-09-08T15:39:28Z
BS21142,2001,2001-06-26,MAYAGUEZ,14,"Nolan, Norman",,38,5,11,2,4,4,4,1,6,7,1,0,0,3,1,20,single-source,wayback_bsnpr_games,https://web.archive.org/web/20011126001118id_/http://www.bsnpr.com:80/gamestatwide.asp?r=BS21142&grupo=,2026-09-08T15:39:28Z
BS21142,2001,2001-06-26,MAYAGUEZ,15,"Ortiz, Ramon",1924,3,0,0,0,1,0,0,0,0,0,0,0,0,0,0,0,single-source,wayback_bsnpr_games,https://web.archive.org/web/20011126001118id_/http://www.bsnpr.com:80/gamestatwide.asp?r=BS21142&grupo=,2026-09-08T15:39:28Z
BS21142,2001,2001-06-26,MAYAGUEZ,16,"Zayas, Hector",870,3,0,0,0,0,0,0,0,1,1,0,0,0,1,1,0,single-source,wayback_bsnpr_games,https://web.archive.org/web/20011126001118id_/http://www.bsnpr.com:80/gamestatwide.asp?r=BS21142&grupo=,2026-09-08T15:39:28Z
BS21142,2001,2001-06-26,MAYAGUEZ,17,"Martinez, Freddy",,15,1,6,1,3,0,0,2,3,5,1,1,0,0,1,5,single-source,wayback_bsnpr_games,https://web.archive.org/web/20011126001118id_/http://www.bsnpr.com:80/gamestatwide.asp?r=BS21142&grupo=,2026-09-08T15:39:28Z
BS21142,2001,2001-06-26,MAYAGUEZ,18,"Vazquez, De Juan",,10,0,0,1,1,2,2,0,1,1,2,0,0,2,1,5,single-source,wayback_bsnpr_games,https://web.archive.org/web/20011126001118id_/http://www.bsnpr.com:80/gamestatwide.asp?r=BS21142&grupo=,2026-09-08T15:39:28Z
BS21142,2001,2001-06-26,MAYAGUEZ,19,"Latson, T.l.",,20,3,6,0,0,0,0,3,1,4,2,0,0,4,2,6,single-source,wayback_bsnpr_games,https://web.archive.org/web/20011126001118id_/http://www.bsnpr.com:80/gamestatwide.asp?r=BS21142&grupo=,2026-09-08T15:39:28Z
BS21142,2001,2001-06-26,MAYAGUEZ,21,"Carmona, Alejandro",37,10,0,0,0,1,0,0,1,1,2,0,0,0,0,1,0,single-source,wayback_bsnpr_games,https://web.archive.org/web/20011126001118id_/http://www.bsnpr.com:80/gamestatwide.asp?r=BS21142&grupo=,2026-09-08T15:39:28Z
BS21142,2001,2001-06-26,MAYAGUEZ,4,"Padilla, Gidel",,3,0,1,0,0,0,0,1,0,1,1,0,0,0,0,0,single-source,wayback_bsnpr_games,https://web.archive.org/web/20011126001118id_/http://www.bsnpr.com:80/gamestatwide.asp?r=BS21142&grupo=,2026-09-08T15:39:28Z
BS21142,2001,2001-06-26,MAYAGUEZ,5,"Barea, Jose",1234,3,0,0,1,1,0,0,0,0,0,0,0,0,0,1,3,single-source,wayback_bsnpr_games,https://web.archive.org/web/20011126001118id_/http://www.bsnpr.com:80/gamestatwide.asp?r=BS21142&grupo=,2026-09-08T15:39:28Z
BS21142,2001,2001-06-26,MAYAGUEZ,6,"Garcia, Elmyr",,15,5,8,1,2,0,0,0,1,1,2,1,0,1,3,13,single-source,wayback_bsnpr_games,https://web.archive.org/web/20011126001118id_/http://www.bsnpr.com:80/gamestatwide.asp?r=BS21142&grupo=,2026-09-08T15:39:28Z
BS21142,2001,2001-06-26,MAYAGUEZ,9,"Carter, James",,25,3,8,0,2,3,4,0,2,2,4,2,0,1,0,9,single-source,wayback_bsnpr_games,https://web.archive.org/web/20011126001118id_/http://www.bsnpr.com:80/gamestatwide.asp?r=BS21142&grupo=,2026-09-08T15:39:28Z
BS21145,2001,2001-06-27,AIBONITO,10,"Melendez, Orlando",,22,1,7,0,0,0,0,4,2,6,0,0,1,3,4,2,single-source,wayback_bsnpr_games,https://web.archive.org/web/20011126002101id_/http://www.bsnpr.com:80/gamestatwide.asp?r=BS21145&grupo=,2026-09-08T15:39:30Z
BS21145,2001,2001-06-27,AIBONITO,11,"Venzen, Gilberto",,11,3,4,0,0,0,0,1,2,3,0,0,0,3,1,6,single-source,wayback_bsnpr_games,https://web.archive.org/web/20011126002101id_/http://www.bsnpr.com:80/gamestatwide.asp?r=BS21145&grupo=,2026-09-08T15:39:30Z
BS21145,2001,2001-06-27,AIBONITO,16,"Murray, Joe",1286,40,3,6,0,0,4,4,4,3,7,0,0,0,4,1,10,single-source,wayback_bsnpr_games,https://web.archive.org/web/20011126002101id_/http://www.bsnpr.com:80/gamestatwide.asp?r=BS21145&grupo=,2026-09-08T15:39:30Z
BS21145,2001,2001-06-27,AIBONITO,17,"Wilson, Monty",,40,9,19,4,10,3,4,4,10,14,6,1,1,2,3,33,single-source,wayback_bsnpr_games,https://web.archive.org/web/20011126002101id_/http://www.bsnpr.com:80/gamestatwide.asp?r=BS21145&grupo=,2026-09-08T15:39:30Z
BS21145,2001,2001-06-27,AIBONITO,4,"Lopez, Michael",143,40,9,17,0,1,4,9,1,6,7,5,4,1,2,1,22,single-source,wayback_bsnpr_games,https://web.archive.org/web/20011126002101id_/http://www.bsnpr.com:80/gamestatwide.asp?r=BS21145&grupo=,2026-09-08T15:39:30Z
BS21145,2001,2001-06-27,AIBONITO,8,"Hiraldo, Christopher",,15,2,2,0,2,0,0,0,0,0,2,0,0,0,1,4,single-source,wayback_bsnpr_games,https://web.archive.org/web/20011126002101id_/http://www.bsnpr.com:80/gamestatwide.asp?r=BS21145&grupo=,2026-09-08T15:39:30Z
BS21145,2001,2001-06-27,AIBONITO,9,"Rodriguez, Eric",,32,1,3,1,7,2,2,0,5,5,3,4,1,1,3,7,single-source,wayback_bsnpr_games,https://web.archive.org/web/20011126002101id_/http://www.bsnpr.com:80/gamestatwide.asp?r=BS21145&grupo=,2026-09-08T15:39:30Z
BS21145,2001,2001-06-27,BAYAMON,0,"Richard, Jaja",,20,4,5,0,0,0,0,1,2,3,0,0,2,3,3,8,single-source,wayback_bsnpr_games,https://web.archive.org/web/20011126002101id_/http://www.bsnpr.com:80/gamestatwide.asp?r=BS21145&grupo=,2026-09-08T15:39:30Z
BS21145,2001,2001-06-27,BAYAMON,12,"Padilla, Edgar",,33,1,7,3,3,0,0,0,8,8,13,5,1,4,5,11,single-source,wayback_bsnpr_games,https://web.archive.org/web/20011126002101id_/http://www.bsnpr.com:80/gamestatwide.asp?r=BS21145&grupo=,2026-09-08T15:39:30Z
BS21145,2001,2001-06-27,BAYAMON,13,"Payano, Carlos",,23,1,4,2,7,3,4,0,0,0,0,1,0,3,3,11,single-source,wayback_bsnpr_games,https://web.archive.org/web/20011126002101id_/http://www.bsnpr.com:80/gamestatwide.asp?r=BS21145&grupo=,2026-09-08T15:39:30Z
BS21145,2001,2001-06-27,BAYAMON,17,"Mincy, Jerome",1032,8,2,2,0,0,0,0,0,1,1,0,0,0,2,1,4,single-source,wayback_bsnpr_games,https://web.archive.org/web/20011126002101id_/http://www.bsnpr.com:80/gamestatwide.asp?r=BS21145&grupo=,2026-09-08T15:39:30Z
BS21145,2001,2001-06-27,BAYAMON,32,"Santiago, Eddin",502,9,0,0,0,1,0,0,0,1,1,1,0,0,1,0,0,single-source,wayback_bsnpr_games,https://web.archive.org/web/20011126002101id_/http://www.bsnpr.com:80/gamestatwide.asp?r=BS21145&grupo=,2026-09-08T15:39:30Z
BS21145,2001,2001-06-27,BAYAMON,4,"Western, Franklyn",,37,13,19,0,0,4,6,1,6,7,3,0,0,1,2,30,single-source,wayback_bsnpr_games,https://web.archive.org/web/20011126002101id_/http://www.bsnpr.com:80/gamestatwide.asp?r=BS21145&grupo=,2026-09-08T15:39:30Z
BS21145,2001,2001-06-27,BAYAMON,55,"Santiago, Daniel",427,31,6,12,0,1,1,5,3,6,9,0,1,0,4,4,13,single-source,wayback_bsnpr_games,https://web.archive.org/web/20011126002101id_/http://www.bsnpr.com:80/gamestatwide.asp?r=BS21145&grupo=,2026-09-08T15:39:30Z
BS21145,2001,2001-06-27,BAYAMON,6,"Travieso, Carmelo",,39,0,0,3,7,0,0,0,5,5,3,1,0,2,3,9,single-source,wayback_bsnpr_games,https://web.archive.org/web/20011126002101id_/http://www.bsnpr.com:80/gamestatwide.asp?r=BS21145&grupo=,2026-09-08T15:39:30Z
BS21148,2001,2001-06-27,ARECIBO,11,"Chiaramello, Oscar",,10,1,2,0,0,0,0,0,1,1,0,0,1,2,2,2,single-source,wayback_bsnpr_games,https://web.archive.org/web/20011223142231id_/http://www.bsnpr.com:80/gamestatwide.asp?r=BS21148&GRUPO=PO99&SERIE=4,2026-09-08T15:40:21Z
BS21148,2001,2001-06-27,ARECIBO,11,"Chiaramello, Oscar",,10,1,2,0,0,0,0,0,1,1,0,0,1,2,2,2,single-source,wayback_bsnpr_games,https://web.archive.org/web/20011224210305id_/http://www.bsnpr.com:80/gamestatwide.asp?r=BS21148&grupo=,2026-09-08T15:41:32Z
BS21148,2001,2001-06-27,ARECIBO,14,"Rivera, Jorge",1127,25,7,10,0,0,1,2,2,5,7,1,1,2,2,3,15,single-source,wayback_bsnpr_games,https://web.archive.org/web/20011223142231id_/http://www.bsnpr.com:80/gamestatwide.asp?r=BS21148&GRUPO=PO99&SERIE=4,2026-09-08T15:40:21Z
BS21148,2001,2001-06-27,ARECIBO,14,"Rivera, Jorge",1127,25,7,10,0,0,1,2,2,5,7,1,1,2,2,3,15,single-source,wayback_bsnpr_games,https://web.archive.org/web/20011224210305id_/http://www.bsnpr.com:80/gamestatwide.asp?r=BS21148&grupo=,2026-09-08T15:41:32Z
BS21148,2001,2001-06-27,ARECIBO,15,"Barrientos, Axel",,3,0,0,0,0,0,0,0,0,0,1,0,0,0,0,0,single-source,wayback_bsnpr_games,https://web.archive.org/web/20011223142231id_/http://www.bsnpr.com:80/gamestatwide.asp?r=BS21148&GRUPO=PO99&SERIE=4,2026-09-08T15:40:21Z
BS21148,2001,2001-06-27,ARECIBO,15,"Barrientos, Axel",,3,0,0,0,0,0,0,0,0,0,1,0,0,0,0,0,single-source,wayback_bsnpr_games,https://web.archive.org/web/20011224210305id_/http://www.bsnpr.com:80/gamestatwide.asp?r=BS21148&grupo=,2026-09-08T15:41:32Z
BS21148,2001,2001-06-27,ARECIBO,17,"Martinez, Elionel",579,4,2,2,0,0,1,2,0,1,1,0,2,0,0,2,5,single-source,wayback_bsnpr_games,https://web.archive.org/web/20011223142231id_/http://www.bsnpr.com:80/gamestatwide.asp?r=BS21148&GRUPO=PO99&SERIE=4,2026-09-08T15:40:21Z
BS21148,2001,2001-06-27,ARECIBO,17,"Martinez, Elionel",579,4,2,2,0,0,1,2,0,1,1,0,2,0,0,2,5,single-source,wayback_bsnpr_games,https://web.archive.org/web/20011224210305id_/http://www.bsnpr.com:80/gamestatwide.asp?r=BS21148&grupo=,2026-09-08T15:41:32Z
BS21148,2001,2001-06-27,ARECIBO,18,"Cortez, David",,6,1,2,1,2,0,0,2,0,2,0,0,0,0,0,5,single-source,wayback_bsnpr_games,https://web.archive.org/web/20011223142231id_/http://www.bsnpr.com:80/gamestatwide.asp?r=BS21148&GRUPO=PO99&SERIE=4,2026-09-08T15:40:21Z
BS21148,2001,2001-06-27,ARECIBO,18,"Cortez, David",,6,1,2,1,2,0,0,2,0,2,0,0,0,0,0,5,single-source,wayback_bsnpr_games,https://web.archive.org/web/20011224210305id_/http://www.bsnpr.com:80/gamestatwide.asp?r=BS21148&grupo=,2026-09-08T15:41:32Z
BS21148,2001,2001-06-27,ARECIBO,20,"Alicea, Pablo",,27,0,3,2,6,0,0,1,2,3,6,1,0,2,2,6,single-source,wayback_bsnpr_games,https://web.archive.org/web/20011223142231id_/http://www.bsnpr.com:80/gamestatwide.asp?r=BS21148&GRUPO=PO99&SERIE=4,2026-09-08T15:40:21Z
BS21148,2001,2001-06-27,ARECIBO,20,"Alicea, Pablo",,27,0,3,2,6,0,0,1,2,3,6,1,0,2,2,6,single-source,wayback_bsnpr_games,https://web.archive.org/web/20011224210305id_/http://www.bsnpr.com:80/gamestatwide.asp?r=BS21148&grupo=,2026-09-08T15:41:32Z
BS21148,2001,2001-06-27,ARECIBO,21,"Rivera, Omar",,3,0,0,0,0,0,0,0,0,0,1,0,0,1,0,0,single-source,wayback_bsnpr_games,https://web.archive.org/web/20011223142231id_/http://www.bsnpr.com:80/gamestatwide.asp?r=BS21148&GRUPO=PO99&SERIE=4,2026-09-08T15:40:21Z
BS21148,2001,2001-06-27,ARECIBO,21,"Rivera, Omar",,3,0,0,0,0,0,0,0,0,0,1,0,0,1,0,0,single-source,wayback_bsnpr_games,https://web.archive.org/web/20011224210305id_/http://www.bsnpr.com:80/gamestatwide.asp?r=BS21148&grupo=,2026-09-08T15:41:32Z
BS21148,2001,2001-06-27,ARECIBO,25,"Higgs, Nate",,36,7,9,2,2,0,2,1,6,7,5,2,0,3,2,20,single-source,wayback_bsnpr_games,https://web.archive.org/web/20011223142231id_/http://www.bsnpr.com:80/gamestatwide.asp?r=BS21148&GRUPO=PO99&SERIE=4,2026-09-08T15:40:21Z
BS21148,2001,2001-06-27,ARECIBO,25,"Higgs, Nate",,36,7,9,2,2,0,2,1,6,7,5,2,0,3,2,20,single-source,wayback_bsnpr_games,https://web.archive.org/web/20011224210305id_/http://www.bsnpr.com:80/gamestatwide.asp?r=BS21148&grupo=,2026-09-08T15:41:32Z
BS21148,2001,2001-06-27,ARECIBO,31,"Cruz, Rafael",1895,21,3,8,0,1,2,2,0,1,1,1,0,0,1,1,8,single-source,wayback_bsnpr_games,https://web.archive.org/web/20011223142231id_/http://www.bsnpr.com:80/gamestatwide.asp?r=BS21148&GRUPO=PO99&SERIE=4,2026-09-08T15:40:21Z
BS21148,2001,2001-06-27,ARECIBO,31,"Cruz, Rafael",1895,21,3,8,0,1,2,2,0,1,1,1,0,0,1,1,8,single-source,wayback_bsnpr_games,https://web.archive.org/web/20011224210305id_/http://www.bsnpr.com:80/gamestatwide.asp?r=BS21148&grupo=,2026-09-08T15:41:32Z
BS21148,2001,2001-06-27,ARECIBO,32,"Calderon, Axel",,1,0,0,0,0,0,0,0,0,0,0,0,0,0,0,0,single-source,wayback_bsnpr_games,https://web.archive.org/web/20011223142231id_/http://www.bsnpr.com:80/gamestatwide.asp?r=BS21148&GRUPO=PO99&SERIE=4,2026-09-08T15:40:21Z
BS21148,2001,2001-06-27,ARECIBO,32,"Calderon, Axel",,1,0,0,0,0,0,0,0,0,0,0,0,0,0,0,0,single-source,wayback_bsnpr_games,https://web.archive.org/web/20011224210305id_/http://www.bsnpr.com:80/gamestatwide.asp?r=BS21148&grupo=,2026-09-08T15:41:32Z
BS21148,2001,2001-06-27,ARECIBO,33,"Rolon, Javier",,27,10,16,1,2,0,0,4,6,10,0,0,0,3,3,23,single-source,wayback_bsnpr_games,https://web.archive.org/web/20011223142231id_/http://www.bsnpr.com:80/gamestatwide.asp?r=BS21148&GRUPO=PO99&SERIE=4,2026-09-08T15:40:21Z
BS21148,2001,2001-06-27,ARECIBO,33,"Rolon, Javier",,27,10,16,1,2,0,0,4,6,10,0,0,0,3,3,23,single-source,wayback_bsnpr_games,https://web.archive.org/web/20011224210305id_/http://www.bsnpr.com:80/gamestatwide.asp?r=BS21148&grupo=,2026-09-08T15:41:32Z
BS21148,2001,2001-06-27,ARECIBO,7,"Cotte, John",,11,1,3,0,2,2,2,0,0,0,0,0,0,1,1,4,single-source,wayback_bsnpr_games,https://web.archive.org/web/20011223142231id_/http://www.bsnpr.com:80/gamestatwide.asp?r=BS21148&GRUPO=PO99&SERIE=4,2026-09-08T15:40:21Z
BS21148,2001,2001-06-27,ARECIBO,7,"Cotte, John",,11,1,3,0,2,2,2,0,0,0,0,0,0,1,1,4,single-source,wayback_bsnpr_games,https://web.archive.org/web/20011224210305id_/http://www.bsnpr.com:80/gamestatwide.asp?r=BS21148&grupo=,2026-09-08T15:41:32Z
BS21148,2001,2001-06-27,ARECIBO,8,"Figueroa, Angel",135,14,2,3,1,4,0,0,0,3,3,1,1,0,0,2,7,single-source,wayback_bsnpr_games,https://web.archive.org/web/20011223142231id_/http://www.bsnpr.com:80/gamestatwide.asp?r=BS21148&GRUPO=PO99&SERIE=4,2026-09-08T15:40:21Z
BS21148,2001,2001-06-27,ARECIBO,8,"Figueroa, Angel",135,14,2,3,1,4,0,0,0,3,3,1,1,0,0,2,7,single-source,wayback_bsnpr_games,https://web.archive.org/web/20011224210305id_/http://www.bsnpr.com:80/gamestatwide.asp?r=BS21148&grupo=,2026-09-08T15:41:32Z
BS21148,2001,2001-06-27,ARECIBO,9,"Garcia, Jan",,12,1,2,0,1,0,0,1,0,1,1,0,0,1,0,2,single-source,wayback_bsnpr_games,https://web.archive.org/web/20011223142231id_/http://www.bsnpr.com:80/gamestatwide.asp?r=BS21148&GRUPO=PO99&SERIE=4,2026-09-08T15:40:21Z
BS21148,2001,2001-06-27,ARECIBO,9,"Garcia, Jan",,12,1,2,0,1,0,0,1,0,1,1,0,0,1,0,2,single-source,wayback_bsnpr_games,https://web.archive.org/web/20011224210305id_/http://www.bsnpr.com:80/gamestatwide.asp?r=BS21148&grupo=,2026-09-08T15:41:32Z
BS21148,2001,2001-06-27,SAN GERMAN,1,"Jackson, Leroy",1442,31,3,7,0,2,0,2,2,7,9,1,2,1,3,0,6,single-source,wayback_bsnpr_games,https://web.archive.org/web/20011223142231id_/http://www.bsnpr.com:80/gamestatwide.asp?r=BS21148&GRUPO=PO99&SERIE=4,2026-09-08T15:40:21Z
BS21148,2001,2001-06-27,SAN GERMAN,1,"Jackson, Leroy",1442,31,3,7,0,2,0,2,2,7,9,1,2,1,3,0,6,single-source,wayback_bsnpr_games,https://web.archive.org/web/20011224210305id_/http://www.bsnpr.com:80/gamestatwide.asp?r=BS21148&grupo=,2026-09-08T15:41:32Z
BS21148,2001,2001-06-27,SAN GERMAN,12,"Caanen, Wilhelmus",,9,1,1,0,1,0,0,0,1,1,2,1,0,1,1,2,single-source,wayback_bsnpr_games,https://web.archive.org/web/20011223142231id_/http://www.bsnpr.com:80/gamestatwide.asp?r=BS21148&GRUPO=PO99&SERIE=4,2026-09-08T15:40:21Z
BS21148,2001,2001-06-27,SAN GERMAN,12,"Caanen, Wilhelmus",,9,1,1,0,1,0,0,0,1,1,2,1,0,1,1,2,single-source,wayback_bsnpr_games,https://web.archive.org/web/20011224210305id_/http://www.bsnpr.com:80/gamestatwide.asp?r=BS21148&grupo=,2026-09-08T15:41:32Z
BS21148,2001,2001-06-27,SAN GERMAN,13,"Fajardo, Shariff",,30,4,12,0,0,3,6,2,2,4,1,1,0,3,1,11,single-source,wayback_bsnpr_games,https://web.archive.org/web/20011223142231id_/http://www.bsnpr.com:80/gamestatwide.asp?r=BS21148&GRUPO=PO99&SERIE=4,2026-09-08T15:40:21Z
BS21148,2001,2001-06-27,SAN GERMAN,13,"Fajardo, Shariff",,30,4,12,0,0,3,6,2,2,4,1,1,0,3,1,11,single-source,wayback_bsnpr_games,https://web.archive.org/web/20011224210305id_/http://www.bsnpr.com:80/gamestatwide.asp?r=BS21148&grupo=,2026-09-08T15:41:32Z
BS21148,2001,2001-06-27,SAN GERMAN,17,"Dalmau, Christian",382,37,7,13,5,8,3,4,2,4,6,8,4,0,2,4,32,single-source,wayback_bsnpr_games,https://web.archive.org/web/20011223142231id_/http://www.bsnpr.com:80/gamestatwide.asp?r=BS21148&GRUPO=PO99&SERIE=4,2026-09-08T15:40:21Z
BS21148,2001,2001-06-27,SAN GERMAN,17,"Dalmau, Christian",382,37,7,13,5,8,3,4,2,4,6,8,4,0,2,4,32,single-source,wayback_bsnpr_games,https://web.archive.org/web/20011224210305id_/http://www.bsnpr.com:80/gamestatwide.asp?r=BS21148&grupo=,2026-09-08T15:41:32Z
BS21148,2001,2001-06-27,SAN GERMAN,18,"Barea, Irving",,11,2,3,2,2,0,0,0,1,1,2,0,0,1,2,10,single-source,wayback_bsnpr_games,https://web.archive.org/web/20011223142231id_/http://www.bsnpr.com:80/gamestatwide.asp?r=BS21148&GRUPO=PO99&SERIE=4,2026-09-08T15:40:21Z
BS21148,2001,2001-06-27,SAN GERMAN,18,"Barea, Irving",,11,2,3,2,2,0,0,0,1,1,2,0,0,1,2,10,single-source,wayback_bsnpr_games,https://web.archive.org/web/20011224210305id_/http://www.bsnpr.com:80/gamestatwide.asp?r=BS21148&grupo=,2026-09-08T15:41:32Z
BS21148,2001,2001-06-27,SAN GERMAN,20,"Ayuso, Larry",574,29,5,11,3,7,1,1,3,2,5,0,1,0,1,0,20,single-source,wayback_bsnpr_games,https://web.archive.org/web/20011223142231id_/http://www.bsnpr.com:80/gamestatwide.asp?r=BS21148&GRUPO=PO99&SERIE=4,2026-09-08T15:40:21Z
BS21148,2001,2001-06-27,SAN GERMAN,20,"Ayuso, Larry",574,29,5,11,3,7,1,1,3,2,5,0,1,0,1,0,20,single-source,wayback_bsnpr_games,https://web.archive.org/web/20011224210305id_/http://www.bsnpr.com:80/gamestatwide.asp?r=BS21148&grupo=,2026-09-08T15:41:32Z
BS21148,2001,2001-06-27,SAN GERMAN,21,"Febres, Arnaldo",,10,2,3,0,0,0,0,1,1,2,0,0,2,0,0,4,single-source,wayback_bsnpr_games,https://web.archive.org/web/20011223142231id_/http://www.bsnpr.com:80/gamestatwide.asp?r=BS21148&GRUPO=PO99&SERIE=4,2026-09-08T15:40:21Z
BS21148,2001,2001-06-27,SAN GERMAN,21,"Febres, Arnaldo",,10,2,3,0,0,0,0,1,1,2,0,0,2,0,0,4,single-source,wayback_bsnpr_games,https://web.archive.org/web/20011224210305id_/http://www.bsnpr.com:80/gamestatwide.asp?r=BS21148&grupo=,2026-09-08T15:41:32Z
BS21148,2001,2001-06-27,SAN GERMAN,23,"Llovet, Francisco",,3,0,2,0,1,0,0,2,0,2,0,0,0,0,0,0,single-source,wayback_bsnpr_games,https://web.archive.org/web/20011223142231id_/http://www.bsnpr.com:80/gamestatwide.asp?r=BS21148&GRUPO=PO99&SERIE=4,2026-09-08T15:40:21Z
BS21148,2001,2001-06-27,SAN GERMAN,23,"Llovet, Francisco",,3,0,2,0,1,0,0,2,0,2,0,0,0,0,0,0,single-source,wayback_bsnpr_games,https://web.archive.org/web/20011224210305id_/http://www.bsnpr.com:80/gamestatwide.asp?r=BS21148&grupo=,2026-09-08T15:41:32Z
BS21148,2001,2001-06-27,SAN GERMAN,32,"Lazor, Robert",2037,37,10,15,2,3,3,4,5,7,12,1,1,0,3,2,29,single-source,wayback_bsnpr_games,https://web.archive.org/web/20011223142231id_/http://www.bsnpr.com:80/gamestatwide.asp?r=BS21148&GRUPO=PO99&SERIE=4,2026-09-08T15:40:21Z
BS21148,2001,2001-06-27,SAN GERMAN,32,"Lazor, Robert",2037,37,10,15,2,3,3,4,5,7,12,1,1,0,3,2,29,single-source,wayback_bsnpr_games,https://web.archive.org/web/20011224210305id_/http://www.bsnpr.com:80/gamestatwide.asp?r=BS21148&grupo=,2026-09-08T15:41:32Z
BS21148,2001,2001-06-27,SAN GERMAN,6,"Caraballo, Johnny",,3,0,0,0,0,0,0,0,1,1,1,0,0,0,0,0,single-source,wayback_bsnpr_games,https://web.archive.org/web/20011223142231id_/http://www.bsnpr.com:80/gamestatwide.asp?r=BS21148&GRUPO=PO99&SERIE=4,2026-09-08T15:40:21Z
BS21148,2001,2001-06-27,SAN GERMAN,6,"Caraballo, Johnny",,3,0,0,0,0,0,0,0,1,1,1,0,0,0,0,0,single-source,wayback_bsnpr_games,https://web.archive.org/web/20011224210305id_/http://www.bsnpr.com:80/gamestatwide.asp?r=BS21148&grupo=,2026-09-08T15:41:32Z
BS21151,2001,2001-06-28,COAMO,10,"Rivera, Filiberto",704,34,7,10,4,8,4,8,4,2,6,4,2,0,2,2,30,single-source,wayback_bsnpr_games,https://web.archive.org/web/20010901052315id_/http://www.bsnpr.com:80/gamestatwide.asp?r=BS21151&GRUPO=PO99&SERIE=4,2026-09-08T15:36:38Z
BS21151,2001,2001-06-28,COAMO,10,"Rivera, Filiberto",704,34,7,10,4,8,4,8,4,2,6,4,2,0,2,2,30,single-source,wayback_bsnpr_games,https://web.archive.org/web/20011224210909id_/http://www.bsnpr.com:80/gamestatwide.asp?r=BS21151&grupo=,2026-09-08T15:41:34Z
BS21151,2001,2001-06-28,COAMO,12,"Miller, Ira",,37,4,8,5,9,0,0,2,5,7,4,2,0,0,2,23,single-source,wayback_bsnpr_games,https://web.archive.org/web/20010901052315id_/http://www.bsnpr.com:80/gamestatwide.asp?r=BS21151&GRUPO=PO99&SERIE=4,2026-09-08T15:36:38Z
BS21151,2001,2001-06-28,COAMO,12,"Miller, Ira",,37,4,8,5,9,0,0,2,5,7,4,2,0,0,2,23,single-source,wayback_bsnpr_games,https://web.archive.org/web/20011224210909id_/http://www.bsnpr.com:80/gamestatwide.asp?r=BS21151&grupo=,2026-09-08T15:41:34Z
BS21151,2001,2001-06-28,COAMO,13,"Leon, Francisco",,1,0,0,0,0,0,0,0,0,0,0,0,0,0,0,0,single-source,wayback_bsnpr_games,https://web.archive.org/web/20010901052315id_/http://www.bsnpr.com:80/gamestatwide.asp?r=BS21151&GRUPO=PO99&SERIE=4,2026-09-08T15:36:38Z
BS21151,2001,2001-06-28,COAMO,13,"Leon, Francisco",,1,0,0,0,0,0,0,0,0,0,0,0,0,0,0,0,single-source,wayback_bsnpr_games,https://web.archive.org/web/20011224210909id_/http://www.bsnpr.com:80/gamestatwide.asp?r=BS21151&grupo=,2026-09-08T15:41:34Z
BS21151,2001,2001-06-28,COAMO,14,"Frazer, Rolando",,7,3,3,0,0,0,2,0,2,2,1,1,0,2,1,6,single-source,wayback_bsnpr_games,https://web.archive.org/web/20010901052315id_/http://www.bsnpr.com:80/gamestatwide.asp?r=BS21151&GRUPO=PO99&SERIE=4,2026-09-08T15:36:38Z
BS21151,2001,2001-06-28,COAMO,14,"Frazer, Rolando",,7,3,3,0,0,0,2,0,2,2,1,1,0,2,1,6,single-source,wayback_bsnpr_games,https://web.archive.org/web/20011224210909id_/http://www.bsnpr.com:80/gamestatwide.asp?r=BS21151&grupo=,2026-09-08T15:41:34Z
BS21151,2001,2001-06-28,COAMO,16,"Rivera, Angel",,21,1,5,0,0,0,0,3,2,5,1,0,1,4,2,2,single-source,wayback_bsnpr_games,https://web.archive.org/web/20010901052315id_/http://www.bsnpr.com:80/gamestatwide.asp?r=BS21151&GRUPO=PO99&SERIE=4,2026-09-08T15:36:38Z
BS21151,2001,2001-06-28,COAMO,16,"Rivera, Angel",,21,1,5,0,0,0,0,3,2,5,1,0,1,4,2,2,single-source,wayback_bsnpr_games,https://web.archive.org/web/20011224210909id_/http://www.bsnpr.com:80/gamestatwide.asp?r=BS21151&grupo=,2026-09-08T15:41:34Z
BS21151,2001,2001-06-28,COAMO,17,"Shamsid Deen, Abdul",,38,10,15,0,0,3,4,8,6,14,5,1,1,3,2,23,single-source,wayback_bsnpr_games,https://web.archive.org/web/20010901052315id_/http://www.bsnpr.com:80/gamestatwide.asp?r=BS21151&GRUPO=PO99&SERIE=4,2026-09-08T15:36:38Z
BS21151,2001,2001-06-28,COAMO,17,"Shamsid Deen, Abdul",,38,10,15,0,0,3,4,8,6,14,5,1,1,3,2,23,single-source,wayback_bsnpr_games,https://web.archive.org/web/20011224210909id_/http://www.bsnpr.com:80/gamestatwide.asp?r=BS21151&grupo=,2026-09-08T15:41:34Z
BS21151,2001,2001-06-28,COAMO,5,"Rivera, Ray",,16,3,5,2,3,2,2,1,0,1,1,1,0,2,1,14,single-source,wayback_bsnpr_games,https://web.archive.org/web/20010901052315id_/http://www.bsnpr.com:80/gamestatwide.asp?r=BS21151&GRUPO=PO99&SERIE=4,2026-09-08T15:36:38Z
BS21151,2001,2001-06-28,COAMO,5,"Rivera, Ray",,16,3,5,2,3,2,2,1,0,1,1,1,0,2,1,14,single-source,wayback_bsnpr_games,https://web.archive.org/web/20011224210909id_/http://www.bsnpr.com:80/gamestatwide.asp?r=BS21151&grupo=,2026-09-08T15:41:34Z
BS21151,2001,2001-06-28,COAMO,6,"Escalera, Carlos",284,18,2,5,0,3,0,0,0,4,4,3,2,0,3,2,4,single-source,wayback_bsnpr_games,https://web.archive.org/web/20010901052315id_/http://www.bsnpr.com:80/gamestatwide.asp?r=BS21151&GRUPO=PO99&SERIE=4,2026-09-08T15:36:38Z
BS21151,2001,2001-06-28,COAMO,6,"Escalera, Carlos",284,18,2,5,0,3,0,0,0,4,4,3,2,0,3,2,4,single-source,wayback_bsnpr_games,https://web.archive.org/web/20011224210909id_/http://www.bsnpr.com:80/gamestatwide.asp?r=BS21151&grupo=,2026-09-08T15:41:34Z
BS21151,2001,2001-06-28,COAMO,7,"Berdiel, Miguel Ali",1666,28,2,5,0,1,1,2,1,2,3,2,1,1,1,3,5,single-source,wayback_bsnpr_games,https://web.archive.org/web/20010901052315id_/http://www.bsnpr.com:80/gamestatwide.asp?r=BS21151&GRUPO=PO99&SERIE=4,2026-09-08T15:36:38Z
BS21151,2001,2001-06-28,COAMO,7,"Berdiel, Miguel Ali",1666,28,2,5,0,1,1,2,1,2,3,2,1,1,1,3,5,single-source,wayback_bsnpr_games,https://web.archive.org/web/20011224210909id_/http://www.bsnpr.com:80/gamestatwide.asp?r=BS21151&grupo=,2026-09-08T15:41:34Z
BS21151,2001,2001-06-28,SAN GERMAN,1,"Jackson, Leroy",1442,40,11,12,0,1,9,10,5,4,9,0,0,1,4,4,31,single-source,wayback_bsnpr_games,https://web.archive.org/web/20010901052315id_/http://www.bsnpr.com:80/gamestatwide.asp?r=BS21151&GRUPO=PO99&SERIE=4,2026-09-08T15:36:38Z
BS21151,2001,2001-06-28,SAN GERMAN,1,"Jackson, Leroy",1442,40,11,12,0,1,9,10,5,4,9,0,0,1,4,4,31,single-source,wayback_bsnpr_games,https://web.archive.org/web/20011224210909id_/http://www.bsnpr.com:80/gamestatwide.asp?r=BS21151&grupo=,2026-09-08T15:41:34Z
BS21151,2001,2001-06-28,SAN GERMAN,12,"Caanen, Wilhelmus",,5,1,1,0,0,0,0,0,0,0,0,1,0,2,2,2,single-source,wayback_bsnpr_games,https://web.archive.org/web/20010901052315id_/http://www.bsnpr.com:80/gamestatwide.asp?r=BS21151&GRUPO=PO99&SERIE=4,2026-09-08T15:36:38Z
BS21151,2001,2001-06-28,SAN GERMAN,12,"Caanen, Wilhelmus",,5,1,1,0,0,0,0,0,0,0,0,1,0,2,2,2,single-source,wayback_bsnpr_games,https://web.archive.org/web/20011224210909id_/http://www.bsnpr.com:80/gamestatwide.asp?r=BS21151&grupo=,2026-09-08T15:41:34Z
BS21151,2001,2001-06-28,SAN GERMAN,13,"Fajardo, Shariff",,33,4,12,0,1,0,0,0,1,1,2,2,0,3,2,8,single-source,wayback_bsnpr_games,https://web.archive.org/web/20010901052315id_/http://www.bsnpr.com:80/gamestatwide.asp?r=BS21151&GRUPO=PO99&SERIE=4,2026-09-08T15:36:38Z
BS21151,2001,2001-06-28,SAN GERMAN,13,"Fajardo, Shariff",,33,4,12,0,1,0,0,0,1,1,2,2,0,3,2,8,single-source,wayback_bsnpr_games,https://web.archive.org/web/20011224210909id_/http://www.bsnpr.com:80/gamestatwide.asp?r=BS21151&grupo=,2026-09-08T15:41:34Z
BS21151,2001,2001-06-28,SAN GERMAN,17,"Dalmau, Christian",382,34,5,12,0,6,0,0,2,4,6,11,2,0,3,3,10,single-source,wayback_bsnpr_games,https://web.archive.org/web/20010901052315id_/http://www.bsnpr.com:80/gamestatwide.asp?r=BS21151&GRUPO=PO99&SERIE=4,2026-09-08T15:36:38Z
BS21151,2001,2001-06-28,SAN GERMAN,17,"Dalmau, Christian",382,34,5,12,0,6,0,0,2,4,6,11,2,0,3,3,10,single-source,wayback_bsnpr_games,https://web.archive.org/web/20011224210909id_/http://www.bsnpr.com:80/gamestatwide.asp?r=BS21151&grupo=,2026-09-08T15:41:34Z
BS21151,2001,2001-06-28,SAN GERMAN,20,"Ayuso, Larry",574,35,6,9,3,7,0,0,2,2,4,3,4,0,2,2,21,single-source,wayback_bsnpr_games,https://web.archive.org/web/20010901052315id_/http://www.bsnpr.com:80/gamestatwide.asp?r=BS21151&GRUPO=PO99&SERIE=4,2026-09-08T15:36:38Z
BS21151,2001,2001-06-28,SAN GERMAN,20,"Ayuso, Larry",574,35,6,9,3,7,0,0,2,2,4,3,4,0,2,2,21,single-source,wayback_bsnpr_games,https://web.archive.org/web/20011224210909id_/http://www.bsnpr.com:80/gamestatwide.asp?r=BS21151&grupo=,2026-09-08T15:41:34Z
BS21151,2001,2001-06-28,SAN GERMAN,21,"Febres, Arnaldo",,7,1,1,0,0,0,0,1,2,3,0,0,0,3,2,2,single-source,wayback_bsnpr_games,https://web.archive.org/web/20010901052315id_/http://www.bsnpr.com:80/gamestatwide.asp?r=BS21151&GRUPO=PO99&SERIE=4,2026-09-08T15:36:38Z
BS21151,2001,2001-06-28,SAN GERMAN,21,"Febres, Arnaldo",,7,1,1,0,0,0,0,1,2,3,0,0,0,3,2,2,single-source,wayback_bsnpr_games,https://web.archive.org/web/20011224210909id_/http://www.bsnpr.com:80/gamestatwide.asp?r=BS21151&grupo=,2026-09-08T15:41:34Z
BS21151,2001,2001-06-28,SAN GERMAN,32,"Lazor, Robert",2037,40,6,8,2,6,1,2,2,5,7,1,2,1,2,2,19,single-source,wayback_bsnpr_games,https://web.archive.org/web/20010901052315id_/http://www.bsnpr.com:80/gamestatwide.asp?r=BS21151&GRUPO=PO99&SERIE=4,2026-09-08T15:36:38Z
BS21151,2001,2001-06-28,SAN GERMAN,32,"Lazor, Robert",2037,40,6,8,2,6,1,2,2,5,7,1,2,1,2,2,19,single-source,wayback_bsnpr_games,https://web.archive.org/web/20011224210909id_/http://www.bsnpr.com:80/gamestatwide.asp?r=BS21151&grupo=,2026-09-08T15:41:34Z
BS21151,2001,2001-06-28,SAN GERMAN,6,"Caraballo, Johnny",,1,0,0,0,0,0,0,0,0,0,0,0,0,0,0,0,single-source,wayback_bsnpr_games,https://web.archive.org/web/20010901052315id_/http://www.bsnpr.com:80/gamestatwide.asp?r=BS21151&GRUPO=PO99&SERIE=4,2026-09-08T15:36:38Z
BS21151,2001,2001-06-28,SAN GERMAN,6,"Caraballo, Johnny",,1,0,0,0,0,0,0,0,0,0,0,0,0,0,0,0,single-source,wayback_bsnpr_games,https://web.archive.org/web/20011224210909id_/http://www.bsnpr.com:80/gamestatwide.asp?r=BS21151&grupo=,2026-09-08T15:41:34Z
BS21151,2001,2001-06-28,SAN GERMAN,7,"Quinonez, Nelson",,5,0,0,0,2,0,0,0,0,0,0,0,0,0,0,0,single-source,wayback_bsnpr_games,https://web.archive.org/web/20010901052315id_/http://www.bsnpr.com:80/gamestatwide.asp?r=BS21151&GRUPO=PO99&SERIE=4,2026-09-08T15:36:38Z
BS21151,2001,2001-06-28,SAN GERMAN,7,"Quinonez, Nelson",,5,0,0,0,2,0,0,0,0,0,0,0,0,0,0,0,single-source,wayback_bsnpr_games,https://web.archive.org/web/20011224210909id_/http://www.bsnpr.com:80/gamestatwide.asp?r=BS21151&grupo=,2026-09-08T15:41:34Z
BS21152,2001,2001-06-28,PONCE,1,"Morales, Ferdinand",,9,1,3,0,1,0,0,0,1,1,1,0,0,0,0,2,single-source,wayback_bsnpr_games,https://web.archive.org/web/20011101181536id_/http://www.bsnpr.com:80/gamestatwide.asp?r=BS21152&grupo=,2026-09-08T15:37:49Z
BS21152,2001,2001-06-28,PONCE,10,"Hatton, Bobby Joe",2074,27,7,12,3,5,1,3,1,0,1,4,2,0,0,1,24,single-source,wayback_bsnpr_games,https://web.archive.org/web/20011101181536id_/http://www.bsnpr.com:80/gamestatwide.asp?r=BS21152&grupo=,2026-09-08T15:37:49Z
BS21152,2001,2001-06-28,PONCE,11,"Casiano, Eddie",498,35,6,13,3,10,7,9,0,2,2,3,0,0,1,0,28,single-source,wayback_bsnpr_games,https://web.archive.org/web/20011101181536id_/http://www.bsnpr.com:80/gamestatwide.asp?r=BS21152&grupo=,2026-09-08T15:37:49Z
BS21152,2001,2001-06-28,PONCE,12,"Ricardo, Osiris",,8,0,0,0,0,0,2,0,0,0,0,0,0,1,0,0,single-source,wayback_bsnpr_games,https://web.archive.org/web/20011101181536id_/http://www.bsnpr.com:80/gamestatwide.asp?r=BS21152&grupo=,2026-09-08T15:37:49Z
BS21152,2001,2001-06-28,PONCE,13,"Jourdon, Keenan",,34,2,5,2,2,2,5,1,4,5,2,0,0,5,6,12,single-source,wayback_bsnpr_games,https://web.archive.org/web/20011101181536id_/http://www.bsnpr.com:80/gamestatwide.asp?r=BS21152&grupo=,2026-09-08T15:37:49Z
BS21152,2001,2001-06-28,PONCE,16,"Martinez, Rafael",,11,0,0,2,2,0,0,0,3,3,1,0,0,1,0,6,single-source,wayback_bsnpr_games,https://web.archive.org/web/20011101181536id_/http://www.bsnpr.com:80/gamestatwide.asp?r=BS21152&grupo=,2026-09-08T15:37:49Z
BS21152,2001,2001-06-28,PONCE,4,"Colon, Antonio",,36,4,7,3,6,4,4,2,2,4,4,0,0,3,0,21,single-source,wayback_bsnpr_games,https://web.archive.org/web/20011101181536id_/http://www.bsnpr.com:80/gamestatwide.asp?r=BS21152&grupo=,2026-09-08T15:37:49Z
BS21152,2001,2001-06-28,PONCE,5,"Agosto, Jose",,8,0,1,1,1,0,0,2,0,2,0,0,0,2,1,3,single-source,wayback_bsnpr_games,https://web.archive.org/web/20011101181536id_/http://www.bsnpr.com:80/gamestatwide.asp?r=BS21152&grupo=,2026-09-08T15:37:49Z
BS21152,2001,2001-06-28,PONCE,6,"Lockhart, Ian",914,32,2,3,2,3,0,2,3,13,16,2,1,0,3,3,10,single-source,wayback_bsnpr_games,https://web.archive.org/web/20011101181536id_/http://www.bsnpr.com:80/gamestatwide.asp?r=BS21152&grupo=,2026-09-08T15:37:49Z
BS21152,2001,2001-06-28,SANTURCE,11,"Benson, Mark",,18,0,1,4,7,0,0,1,0,1,1,0,0,1,1,12,single-source,wayback_bsnpr_games,https://web.archive.org/web/20011101181536id_/http://www.bsnpr.com:80/gamestatwide.asp?r=BS21152&grupo=,2026-09-08T15:37:49Z
BS21152,2001,2001-06-28,SANTURCE,12,"Horrutunier, Rolando",,31,6,9,1,2,0,0,0,6,6,3,1,0,5,2,15,single-source,wayback_bsnpr_games,https://web.archive.org/web/20011101181536id_/http://www.bsnpr.com:80/gamestatwide.asp?r=BS21152&grupo=,2026-09-08T15:37:49Z
BS21152,2001,2001-06-28,SANTURCE,33,"Falcon, Alex",,22,7,10,0,0,3,5,3,4,7,2,0,0,1,2,17,single-source,wayback_bsnpr_games,https://web.archive.org/web/20011101181536id_/http://www.bsnpr.com:80/gamestatwide.asp?r=BS21152&grupo=,2026-09-08T15:37:49Z
BS21152,2001,2001-06-28,SANTURCE,4,"Ortiz, Jose",,36,11,16,0,1,0,1,3,7,10,5,1,3,1,1,22,single-source,wayback_bsnpr_games,https://web.archive.org/web/20011101181536id_/http://www.bsnpr.com:80/gamestatwide.asp?r=BS21152&grupo=,2026-09-08T15:37:49Z
BS21152,2001,2001-06-28,SANTURCE,42,"Aubry, Jeffrey",,4,1,2,0,0,0,0,2,1,3,0,0,0,2,1,2,single-source,wayback_bsnpr_games,https://web.archive.org/web/20011101181536id_/http://www.bsnpr.com:80/gamestatwide.asp?r=BS21152&grupo=,2026-09-08T15:37:49Z
BS21152,2001,2001-06-28,SANTURCE,44,"Bocachica, Armando",,13,3,5,0,0,0,0,0,4,4,1,0,0,2,0,6,single-source,wayback_bsnpr_games,https://web.archive.org/web/20011101181536id_/http://www.bsnpr.com:80/gamestatwide.asp?r=BS21152&grupo=,2026-09-08T15:37:49Z
BS21152,2001,2001-06-28,SANTURCE,5,"Santiago, Orlando",,30,2,3,1,5,0,0,0,3,3,6,0,0,2,4,7,single-source,wayback_bsnpr_games,https://web.archive.org/web/20011101181536id_/http://www.bsnpr.com:80/gamestatwide.asp?r=BS21152&grupo=,2026-09-08T15:37:49Z
BS21152,2001,2001-06-28,SANTURCE,8,"Trimingham, Leon",,21,3,7,0,0,3,6,1,4,5,1,0,3,3,2,9,single-source,wayback_bsnpr_games,https://web.archive.org/web/20011101181536id_/http://www.bsnpr.com:80/gamestatwide.asp?r=BS21152&grupo=,2026-09-08T15:37:49Z
BS21152,2001,2001-06-28,SANTURCE,9,"Santiago, Edwin",,25,4,10,0,1,2,2,1,0,1,6,0,0,3,1,10,single-source,wayback_bsnpr_games,https://web.archive.org/web/20011101181536id_/http://www.bsnpr.com:80/gamestatwide.asp?r=BS21152&grupo=,2026-09-08T15:37:49Z
BS21153,2001,2001-06-29,BAYAMON,0,"Richards, Jaja",,23,5,6,0,0,1,3,5,5,10,2,1,1,1,0,11,single-source,wayback_bsnpr_games,https://web.archive.org/web/20020220062305id_/http://www.bsnpr.com:80/gamestatwide.asp?r=BS21153&grupo=,2026-09-08T15:42:03Z
BS21153,2001,2001-06-29,BAYAMON,10,"Cruz, Alvin",,14,2,2,0,0,3,4,0,1,1,5,2,0,0,1,7,single-source,wayback_bsnpr_games,https://web.archive.org/web/20020220062305id_/http://www.bsnpr.com:80/gamestatwide.asp?r=BS21153&grupo=,2026-09-08T15:42:03Z
BS21153,2001,2001-06-29,BAYAMON,12,"Padilla, Edgar",,17,3,5,2,3,2,2,0,3,3,8,3,2,2,5,14,single-source,wayback_bsnpr_games,https://web.archive.org/web/20020220062305id_/http://www.bsnpr.com:80/gamestatwide.asp?r=BS21153&grupo=,2026-09-08T15:42:03Z
BS21153,2001,2001-06-29,BAYAMON,13,"Payano, Carlos",,9,0,0,2,3,0,0,0,1,1,1,2,0,0,1,6,single-source,wayback_bsnpr_games,https://web.archive.org/web/20020220062305id_/http://www.bsnpr.com:80/gamestatwide.asp?r=BS21153&grupo=,2026-09-08T15:42:03Z
BS21153,2001,2001-06-29,BAYAMON,15,"Novas, Rafael",,16,4,8,0,1,4,5,6,4,10,0,0,0,3,1,12,single-source,wayback_bsnpr_games,https://web.archive.org/web/20020220062305id_/http://www.bsnpr.com:80/gamestatwide.asp?r=BS21153&grupo=,2026-09-08T15:42:03Z
BS21153,2001,2001-06-29,BAYAMON,17,"Mincy, Jerome",1032,12,0,1,1,2,0,0,0,1,1,0,0,0,3,1,3,single-source,wayback_bsnpr_games,https://web.archive.org/web/20020220062305id_/http://www.bsnpr.com:80/gamestatwide.asp?r=BS21153&grupo=,2026-09-08T15:42:03Z
BS21153,2001,2001-06-29,BAYAMON,20,"Rivera, Joshua",,7,0,1,0,0,2,2,0,1,1,0,0,0,0,4,2,single-source,wayback_bsnpr_games,https://web.archive.org/web/20020220062305id_/http://www.bsnpr.com:80/gamestatwide.asp?r=BS21153&grupo=,2026-09-08T15:42:03Z
BS21153,2001,2001-06-29,BAYAMON,22,"Apodaca, Rick",2028,17,5,9,0,2,2,3,1,1,2,3,3,0,2,1,12,single-source,wayback_bsnpr_games,https://web.archive.org/web/20020220062305id_/http://www.bsnpr.com:80/gamestatwide.asp?r=BS21153&grupo=,2026-09-08T15:42:03Z
BS21153,2001,2001-06-29,BAYAMON,32,"Santiago, Eddin",502,12,1,2,0,0,2,2,0,3,3,2,1,0,0,2,4,single-source,wayback_bsnpr_games,https://web.archive.org/web/20020220062305id_/http://www.bsnpr.com:80/gamestatwide.asp?r=BS21153&grupo=,2026-09-08T15:42:03Z
BS21153,2001,2001-06-29,BAYAMON,33,"Aponte, Emanuel",594,7,3,3,0,0,0,0,0,1,1,0,0,0,0,0,6,single-source,wayback_bsnpr_games,https://web.archive.org/web/20020220062305id_/http://www.bsnpr.com:80/gamestatwide.asp?r=BS21153&grupo=,2026-09-08T15:42:03Z
BS21153,2001,2001-06-29,BAYAMON,4,"Western, Franklyn",,20,9,11,0,1,8,8,0,2,2,1,1,0,0,0,26,single-source,wayback_bsnpr_games,https://web.archive.org/web/20020220062305id_/http://www.bsnpr.com:80/gamestatwide.asp?r=BS21153&grupo=,2026-09-08T15:42:03Z
BS21153,2001,2001-06-29,BAYAMON,55,"Santiago, Daniel",427,19,1,3,0,0,1,2,1,6,7,1,0,1,0,1,3,single-source,wayback_bsnpr_games,https://web.archive.org/web/20020220062305id_/http://www.bsnpr.com:80/gamestatwide.asp?r=BS21153&grupo=,2026-09-08T15:42:03Z
BS21153,2001,2001-06-29,BAYAMON,6,"Travieso, Carmelo",,16,3,4,1,4,1,2,0,2,2,4,4,0,2,1,10,single-source,wayback_bsnpr_games,https://web.archive.org/web/20020220062305id_/http://www.bsnpr.com:80/gamestatwide.asp?r=BS21153&grupo=,2026-09-08T15:42:03Z
BS21153,2001,2001-06-29,BAYAMON,9,"Salgado, Gustavo",,11,0,8,0,0,1,2,3,2,5,1,0,0,2,2,1,single-source,wayback_bsnpr_games,https://web.archive.org/web/20020220062305id_/http://www.bsnpr.com:80/gamestatwide.asp?r=BS21153&grupo=,2026-09-08T15:42:03Z
BS21153,2001,2001-06-29,CAROLINA,10,"Myers, Guillermo",,22,4,7,0,0,0,0,1,2,3,1,1,0,3,4,8,single-source,wayback_bsnpr_games,https://web.archive.org/web/20020220062305id_/http://www.bsnpr.com:80/gamestatwide.asp?r=BS21153&grupo=,2026-09-08T15:42:03Z
BS21153,2001,2001-06-29,CAROLINA,11,"Aska, Joseph",,18,2,4,0,0,3,7,1,3,4,1,3,1,3,5,7,single-source,wayback_bsnpr_games,https://web.archive.org/web/20020220062305id_/http://www.bsnpr.com:80/gamestatwide.asp?r=BS21153&grupo=,2026-09-08T15:42:03Z
BS21153,2001,2001-06-29,CAROLINA,12,"Chiclana, Jonas",,15,1,1,1,4,0,0,2,3,5,8,1,0,1,1,5,single-source,wayback_bsnpr_games,https://web.archive.org/web/20020220062305id_/http://www.bsnpr.com:80/gamestatwide.asp?r=BS21153&grupo=,2026-09-08T15:42:03Z
BS21153,2001,2001-06-29,CAROLINA,13,"Neumann, Henry",,6,2,5,0,0,0,0,0,0,0,0,0,0,0,0,4,single-source,wayback_bsnpr_games,https://web.archive.org/web/20020220062305id_/http://www.bsnpr.com:80/gamestatwide.asp?r=BS21153&grupo=,2026-09-08T15:42:03Z
BS21153,2001,2001-06-29,CAROLINA,14,"Valenzuela, Hector",869,7,1,2,0,0,2,2,0,1,1,0,0,0,0,0,4,single-source,wayback_bsnpr_games,https://web.archive.org/web/20020220062305id_/http://www.bsnpr.com:80/gamestatwide.asp?r=BS21153&grupo=,2026-09-08T15:42:03Z
BS21153,2001,2001-06-29,CAROLINA,15,"Ayala, Alexander",,11,1,3,0,1,0,0,0,0,0,0,0,0,5,1,2,single-source,wayback_bsnpr_games,https://web.archive.org/web/20020220062305id_/http://www.bsnpr.com:80/gamestatwide.asp?r=BS21153&grupo=,2026-09-08T15:42:03Z
BS21153,2001,2001-06-29,CAROLINA,17,"White, Joe",,20,2,5,0,0,0,0,1,1,2,1,1,0,2,1,4,single-source,wayback_bsnpr_games,https://web.archive.org/web/20020220062305id_/http://www.bsnpr.com:80/gamestatwide.asp?r=BS21153&grupo=,2026-09-08T15:42:03Z
BS21153,2001,2001-06-29,CAROLINA,18,"Simpson, Carl",,29,10,15,1,3,2,4,5,5,10,0,0,1,2,3,25,single-source,wayback_bsnpr_games,https://web.archive.org/web/20020220062305id_/http://www.bsnpr.com:80/gamestatwide.asp?r=BS21153&grupo=,2026-09-08T15:42:03Z
BS21153,2001,2001-06-29,CAROLINA,5,"Nieves, Ivan",954,22,1,3,2,9,2,2,1,0,1,3,0,0,2,5,10,single-source,wayback_bsnpr_games,https://web.archive.org/web/20020220062305id_/http://www.bsnpr.com:80/gamestatwide.asp?r=BS21153&grupo=,2026-09-08T15:42:03Z
BS21153,2001,2001-06-29,CAROLINA,6,"Borgos, Rich",,17,0,3,0,2,0,0,1,2,3,3,2,0,2,5,0,single-source,wayback_bsnpr_games,https://web.archive.org/web/20020220062305id_/http://www.bsnpr.com:80/gamestatwide.asp?r=BS21153&grupo=,2026-09-08T15:42:03Z
BS21153,2001,2001-06-29,CAROLINA,7,"Romer, Angel",,7,1,2,0,1,2,2,2,0,2,0,0,0,1,0,4,single-source,wayback_bsnpr_games,https://web.archive.org/web/20020220062305id_/http://www.bsnpr.com:80/gamestatwide.asp?r=BS21153&grupo=,2026-09-08T15:42:03Z
BS21153,2001,2001-06-29,CAROLINA,8,"Rodriguez, Armando",,9,1,3,0,3,0,0,0,2,2,0,0,0,0,0,2,single-source,wayback_bsnpr_games,https://web.archive.org/web/20020220062305id_/http://www.bsnpr.com:80/gamestatwide.asp?r=BS21153&grupo=,2026-09-08T15:42:03Z
BS21153,2001,2001-06-29,CAROLINA,9,"Roca, Joel",1065,17,3,4,1,6,0,0,1,3,4,5,1,0,2,3,9,single-source,wayback_bsnpr_games,https://web.archive.org/web/20020220062305id_/http://www.bsnpr.com:80/gamestatwide.asp?r=BS21153&grupo=,2026-09-08T15:42:03Z
BS21155,2001,2001-06-30,QUEBRADILLAS,10,"Jimenez, Giovanni",812,4,0,1,0,0,0,0,0,1,1,0,0,0,1,0,0,single-source,wayback_bsnpr_games,https://web.archive.org/web/20011101181850id_/http://www.bsnpr.com:80/gamestatwide.asp?r=BS21155&grupo=,2026-09-08T15:37:58Z
BS21155,2001,2001-06-30,QUEBRADILLAS,11,"Curbelo, Joel",,32,6,10,2,4,3,4,1,1,2,1,0,0,4,3,21,single-source,wayback_bsnpr_games,https://web.archive.org/web/20011101181850id_/http://www.bsnpr.com:80/gamestatwide.asp?r=BS21155&grupo=,2026-09-08T15:37:58Z
BS21155,2001,2001-06-30,QUEBRADILLAS,12,"Colon, Francisco",,24,1,4,0,3,1,3,1,3,4,0,0,1,3,1,3,single-source,wayback_bsnpr_games,https://web.archive.org/web/20011101181850id_/http://www.bsnpr.com:80/gamestatwide.asp?r=BS21155&grupo=,2026-09-08T15:37:58Z
BS21155,2001,2001-06-30,QUEBRADILLAS,13,"Gonzalez, Javier",,8,1,2,0,0,1,2,1,1,2,0,1,0,1,1,3,single-source,wayback_bsnpr_games,https://web.archive.org/web/20011101181850id_/http://www.bsnpr.com:80/gamestatwide.asp?r=BS21155&grupo=,2026-09-08T15:37:58Z
BS21155,2001,2001-06-30,QUEBRADILLAS,14,"King, Kirk",,35,6,17,0,0,7,8,7,10,17,4,0,1,1,3,19,single-source,wayback_bsnpr_games,https://web.archive.org/web/20011101181850id_/http://www.bsnpr.com:80/gamestatwide.asp?r=BS21155&grupo=,2026-09-08T15:37:58Z
BS21155,2001,2001-06-30,QUEBRADILLAS,16,"Johnson, Rahim",,22,1,3,2,6,0,0,1,1,2,2,1,0,4,3,8,single-source,wayback_bsnpr_games,https://web.archive.org/web/20011101181850id_/http://www.bsnpr.com:80/gamestatwide.asp?r=BS21155&grupo=,2026-09-08T15:37:58Z
BS21155,2001,2001-06-30,QUEBRADILLAS,17,"Morales, Alfredo",,15,0,0,3,4,3,4,0,1,1,0,0,0,2,2,12,single-source,wayback_bsnpr_games,https://web.archive.org/web/20011101181850id_/http://www.bsnpr.com:80/gamestatwide.asp?r=BS21155&grupo=,2026-09-08T15:37:58Z
BS21155,2001,2001-06-30,QUEBRADILLAS,4,"Morales, Elisamuel",,3,0,0,1,1,0,0,0,0,0,0,0,0,0,0,3,single-source,wayback_bsnpr_games,https://web.archive.org/web/20011101181850id_/http://www.bsnpr.com:80/gamestatwide.asp?r=BS21155&grupo=,2026-09-08T15:37:58Z
BS21155,2001,2001-06-30,QUEBRADILLAS,6,"Arrufat, Eduardo",,11,2,2,0,3,0,0,1,0,1,1,1,0,2,1,4,single-source,wayback_bsnpr_games,https://web.archive.org/web/20011101181850id_/http://www.bsnpr.com:80/gamestatwide.asp?r=BS21155&grupo=,2026-09-08T15:37:58Z
BS21155,2001,2001-06-30,QUEBRADILLAS,7,"Dalmau, Ricardo",1992,33,2,4,2,7,2,4,0,1,1,7,2,0,1,2,12,single-source,wayback_bsnpr_games,https://web.archive.org/web/20011101181850id_/http://www.bsnpr.com:80/gamestatwide.asp?r=BS21155&grupo=,2026-09-08T15:37:58Z
BS21155,2001,2001-06-30,QUEBRADILLAS,8,"Alamo, Omar",,11,1,3,0,0,1,2,1,1,2,0,0,0,4,0,3,single-source,wayback_bsnpr_games,https://web.archive.org/web/20011101181850id_/http://www.bsnpr.com:80/gamestatwide.asp?r=BS21155&grupo=,2026-09-08T15:37:58Z
BS21155,2001,2001-06-30,QUEBRADILLAS,9,"Melendez, Pavel",,2,1,3,0,0,0,0,0,0,0,0,0,0,0,0,2,single-source,wayback_bsnpr_games,https://web.archive.org/web/20011101181850id_/http://www.bsnpr.com:80/gamestatwide.asp?r=BS21155&grupo=,2026-09-08T15:37:58Z
BS21155,2001,2001-06-30,SANTURCE,1,"Lopez, Jose",,4,0,0,0,1,0,0,1,1,2,0,0,0,0,0,0,single-source,wayback_bsnpr_games,https://web.archive.org/web/20011101181850id_/http://www.bsnpr.com:80/gamestatwide.asp?r=BS21155&grupo=,2026-09-08T15:37:58Z
BS21155,2001,2001-06-30,SANTURCE,10,"Arroyo, Alberto",,2,0,1,0,0,0,0,0,0,0,0,0,0,0,0,0,single-source,wayback_bsnpr_games,https://web.archive.org/web/20011101181850id_/http://www.bsnpr.com:80/gamestatwide.asp?r=BS21155&grupo=,2026-09-08T15:37:58Z
BS21155,2001,2001-06-30,SANTURCE,11,"Benson, Mark",,32,2,2,0,3,2,2,1,4,5,3,0,0,3,2,6,single-source,wayback_bsnpr_games,https://web.archive.org/web/20011101181850id_/http://www.bsnpr.com:80/gamestatwide.asp?r=BS21155&grupo=,2026-09-08T15:37:58Z
BS21155,2001,2001-06-30,SANTURCE,12,"Hourutunier, Rolando",,29,5,7,1,5,1,2,0,6,6,3,0,0,3,1,14,single-source,wayback_bsnpr_games,https://web.archive.org/web/20011101181850id_/http://www.bsnpr.com:80/gamestatwide.asp?r=BS21155&grupo=,2026-09-08T15:37:58Z
BS21155,2001,2001-06-30,SANTURCE,22,"Villegas, Samuel",2145,2,0,2,0,0,0,0,0,1,1,0,0,0,0,1,0,single-source,wayback_bsnpr_games,https://web.archive.org/web/20011101181850id_/http://www.bsnpr.com:80/gamestatwide.asp?r=BS21155&grupo=,2026-09-08T15:37:58Z
BS21155,2001,2001-06-30,SANTURCE,33,"Falcon, Alex",,18,6,8,0,0,0,5,1,1,2,1,1,0,3,5,12,single-source,wayback_bsnpr_games,https://web.archive.org/web/20011101181850id_/http://www.bsnpr.com:80/gamestatwide.asp?r=BS21155&grupo=,2026-09-08T15:37:58Z
BS21155,2001,2001-06-30,SANTURCE,34,"Villafane, Luis",1502,2,1,1,0,0,0,0,0,0,0,0,0,0,1,0,2,single-source,wayback_bsnpr_games,https://web.archive.org/web/20011101181850id_/http://www.bsnpr.com:80/gamestatwide.asp?r=BS21155&grupo=,2026-09-08T15:37:58Z
BS21155,2001,2001-06-30,SANTURCE,4,"Ortiz, Jose",,36,10,17,1,2,3,3,5,12,17,7,4,3,3,2,26,single-source,wayback_bsnpr_games,https://web.archive.org/web/20011101181850id_/http://www.bsnpr.com:80/gamestatwide.asp?r=BS21155&grupo=,2026-09-08T15:37:58Z
BS21155,2001,2001-06-30,SANTURCE,42,"Aubry, Jeffrey",,4,0,1,0,0,0,0,2,2,4,0,0,1,0,0,0,single-source,wayback_bsnpr_games,https://web.archive.org/web/20011101181850id_/http://www.bsnpr.com:80/gamestatwide.asp?r=BS21155&grupo=,2026-09-08T15:37:58Z
BS21155,2001,2001-06-30,SANTURCE,44,"Bocachica, Armando",,4,1,1,0,0,1,2,0,0,0,0,0,0,0,1,3,single-source,wayback_bsnpr_games,https://web.archive.org/web/20011101181850id_/http://www.bsnpr.com:80/gamestatwide.asp?r=BS21155&grupo=,2026-09-08T15:37:58Z
BS21155,2001,2001-06-30,SANTURCE,5,"Santiago, Orlando",,35,1,2,3,8,0,0,1,4,5,14,1,0,2,4,11,single-source,wayback_bsnpr_games,https://web.archive.org/web/20011101181850id_/http://www.bsnpr.com:80/gamestatwide.asp?r=BS21155&grupo=,2026-09-08T15:37:58Z
BS21155,2001,2001-06-30,SANTURCE,8,"Trimmingham, Leon",,16,11,12,0,0,2,3,3,3,6,0,0,1,4,4,24,single-source,wayback_bsnpr_games,https://web.archive.org/web/20011101181850id_/http://www.bsnpr.com:80/gamestatwide.asp?r=BS21155&grupo=,2026-09-08T15:37:58Z
BS21155,2001,2001-06-30,SANTURCE,9,"Santiago, Edwin",,16,2,3,0,0,4,4,1,0,1,0,2,0,2,0,8,single-source,wayback_bsnpr_games,https://web.archive.org/web/20011101181850id_/http://www.bsnpr.com:80/gamestatwide.asp?r=BS21155&grupo=,2026-09-08T15:37:58Z
BS21157,2001,2001-06-30,MOROVIS,10,"Pagan, Wilfredo",2290,35,8,10,0,4,0,1,0,1,1,10,1,0,3,4,16,single-source,wayback_bsnpr_games,https://web.archive.org/web/20011223144456id_/http://www.bsnpr.com:80/gamestatwide.asp?r=BS21157&GRUPO=PO99&SERIE=4,2026-09-08T15:40:24Z
BS21157,2001,2001-06-30,MOROVIS,10,"Pagan, Wilfredo",2290,35,8,10,0,4,0,1,0,1,1,10,1,0,3,4,16,single-source,wayback_bsnpr_games,https://web.archive.org/web/20011224211047id_/http://www.bsnpr.com:80/gamestatwide.asp?r=BS21157&grupo=,2026-09-08T15:41:36Z
BS21157,2001,2001-06-30,MOROVIS,12,"Soto, Erik",,8,0,1,1,1,0,0,1,0,1,1,1,0,0,1,3,single-source,wayback_bsnpr_games,https://web.archive.org/web/20011223144456id_/http://www.bsnpr.com:80/gamestatwide.asp?r=BS21157&GRUPO=PO99&SERIE=4,2026-09-08T15:40:24Z
BS21157,2001,2001-06-30,MOROVIS,12,"Soto, Erik",,8,0,1,1,1,0,0,1,0,1,1,1,0,0,1,3,single-source,wayback_bsnpr_games,https://web.archive.org/web/20011224211047id_/http://www.bsnpr.com:80/gamestatwide.asp?r=BS21157&grupo=,2026-09-08T15:41:36Z
BS21157,2001,2001-06-30,MOROVIS,16,"Rodriguez, Miguel",,32,2,4,0,1,0,0,1,5,6,6,3,0,2,2,4,single-source,wayback_bsnpr_games,https://web.archive.org/web/20011223144456id_/http://www.bsnpr.com:80/gamestatwide.asp?r=BS21157&GRUPO=PO99&SERIE=4,2026-09-08T15:40:24Z
BS21157,2001,2001-06-30,MOROVIS,16,"Rodriguez, Miguel",,32,2,4,0,1,0,0,1,5,6,6,3,0,2,2,4,single-source,wayback_bsnpr_games,https://web.archive.org/web/20011224211047id_/http://www.bsnpr.com:80/gamestatwide.asp?r=BS21157&grupo=,2026-09-08T15:41:36Z
BS21157,2001,2001-06-30,MOROVIS,20,"Nieves, Roberto",2067,17,1,5,1,2,4,4,0,0,0,0,0,0,1,2,9,single-source,wayback_bsnpr_games,https://web.archive.org/web/20011223144456id_/http://www.bsnpr.com:80/gamestatwide.asp?r=BS21157&GRUPO=PO99&SERIE=4,2026-09-08T15:40:24Z
BS21157,2001,2001-06-30,MOROVIS,20,"Nieves, Roberto",2067,17,1,5,1,2,4,4,0,0,0,0,0,0,1,2,9,single-source,wayback_bsnpr_games,https://web.archive.org/web/20011224211047id_/http://www.bsnpr.com:80/gamestatwide.asp?r=BS21157&grupo=,2026-09-08T15:41:36Z
BS21157,2001,2001-06-30,MOROVIS,24,"Marrero, Rafael",,8,2,3,0,0,0,0,2,0,2,0,1,0,0,0,4,single-source,wayback_bsnpr_games,https://web.archive.org/web/20011223144456id_/http://www.bsnpr.com:80/gamestatwide.asp?r=BS21157&GRUPO=PO99&SERIE=4,2026-09-08T15:40:24Z
BS21157,2001,2001-06-30,MOROVIS,24,"Marrero, Rafael",,8,2,3,0,0,0,0,2,0,2,0,1,0,0,0,4,single-source,wayback_bsnpr_games,https://web.archive.org/web/20011224211047id_/http://www.bsnpr.com:80/gamestatwide.asp?r=BS21157&grupo=,2026-09-08T15:41:36Z
BS21157,2001,2001-06-30,MOROVIS,33,"Medrano, Jorge",,37,7,11,2,4,2,3,0,4,4,1,2,0,1,5,22,single-source,wayback_bsnpr_games,https://web.archive.org/web/20011223144456id_/http://www.bsnpr.com:80/gamestatwide.asp?r=BS21157&GRUPO=PO99&SERIE=4,2026-09-08T15:40:24Z
BS21157,2001,2001-06-30,MOROVIS,33,"Medrano, Jorge",,37,7,11,2,4,2,3,0,4,4,1,2,0,1,5,22,single-source,wayback_bsnpr_games,https://web.archive.org/web/20011224211047id_/http://www.bsnpr.com:80/gamestatwide.asp?r=BS21157&grupo=,2026-09-08T15:41:36Z
BS21157,2001,2001-06-30,MOROVIS,45,"Davis, Nick",,40,8,16,0,0,12,13,2,17,19,0,0,5,1,6,28,single-source,wayback_bsnpr_games,https://web.archive.org/web/20011223144456id_/http://www.bsnpr.com:80/gamestatwide.asp?r=BS21157&GRUPO=PO99&SERIE=4,2026-09-08T15:40:24Z
BS21157,2001,2001-06-30,MOROVIS,45,"Davis, Nick",,40,8,16,0,0,12,13,2,17,19,0,0,5,1,6,28,single-source,wayback_bsnpr_games,https://web.archive.org/web/20011224211047id_/http://www.bsnpr.com:80/gamestatwide.asp?r=BS21157&grupo=,2026-09-08T15:41:36Z
BS21157,2001,2001-06-30,MOROVIS,5,"Santiago, Moises",,23,4,4,1,4,0,0,0,0,0,1,0,0,1,1,11,single-source,wayback_bsnpr_games,https://web.archive.org/web/20011223144456id_/http://www.bsnpr.com:80/gamestatwide.asp?r=BS21157&GRUPO=PO99&SERIE=4,2026-09-08T15:40:24Z
BS21157,2001,2001-06-30,MOROVIS,5,"Santiago, Moises",,23,4,4,1,4,0,0,0,0,0,1,0,0,1,1,11,single-source,wayback_bsnpr_games,https://web.archive.org/web/20011224211047id_/http://www.bsnpr.com:80/gamestatwide.asp?r=BS21157&grupo=,2026-09-08T15:41:36Z
BS21157,2001,2001-06-30,SAN GERMAN,1,"Jackson, Leroy",1442,36,7,10,0,0,0,0,1,7,8,4,3,1,2,3,14,single-source,wayback_bsnpr_games,https://web.archive.org/web/20011223144456id_/http://www.bsnpr.com:80/gamestatwide.asp?r=BS21157&GRUPO=PO99&SERIE=4,2026-09-08T15:40:24Z
BS21157,2001,2001-06-30,SAN GERMAN,1,"Jackson, Leroy",1442,36,7,10,0,0,0,0,1,7,8,4,3,1,2,3,14,single-source,wayback_bsnpr_games,https://web.archive.org/web/20011224211047id_/http://www.bsnpr.com:80/gamestatwide.asp?r=BS21157&grupo=,2026-09-08T15:41:36Z
BS21157,2001,2001-06-30,SAN GERMAN,12,"Caanen, Wilhemus",,4,0,0,0,0,0,0,0,0,0,0,0,0,2,0,0,single-source,wayback_bsnpr_games,https://web.archive.org/web/20011223144456id_/http://www.bsnpr.com:80/gamestatwide.asp?r=BS21157&GRUPO=PO99&SERIE=4,2026-09-08T15:40:24Z
BS21157,2001,2001-06-30,SAN GERMAN,12,"Caanen, Wilhemus",,4,0,0,0,0,0,0,0,0,0,0,0,0,2,0,0,single-source,wayback_bsnpr_games,https://web.archive.org/web/20011224211047id_/http://www.bsnpr.com:80/gamestatwide.asp?r=BS21157&grupo=,2026-09-08T15:41:36Z
BS21157,2001,2001-06-30,SAN GERMAN,13,"Fajardo, Sharrif",,25,6,10,2,2,2,2,3,6,9,2,2,1,5,1,20,single-source,wayback_bsnpr_games,https://web.archive.org/web/20011223144456id_/http://www.bsnpr.com:80/gamestatwide.asp?r=BS21157&GRUPO=PO99&SERIE=4,2026-09-08T15:40:24Z
BS21157,2001,2001-06-30,SAN GERMAN,13,"Fajardo, Sharrif",,25,6,10,2,2,2,2,3,6,9,2,2,1,5,1,20,single-source,wayback_bsnpr_games,https://web.archive.org/web/20011224211047id_/http://www.bsnpr.com:80/gamestatwide.asp?r=BS21157&grupo=,2026-09-08T15:41:36Z
BS21157,2001,2001-06-30,SAN GERMAN,17,"Dalmau, Christian",382,37,8,13,4,6,0,0,1,5,6,10,3,0,3,4,28,single-source,wayback_bsnpr_games,https://web.archive.org/web/20011223144456id_/http://www.bsnpr.com:80/gamestatwide.asp?r=BS21157&GRUPO=PO99&SERIE=4,2026-09-08T15:40:24Z
BS21157,2001,2001-06-30,SAN GERMAN,17,"Dalmau, Christian",382,37,8,13,4,6,0,0,1,5,6,10,3,0,3,4,28,single-source,wayback_bsnpr_games,https://web.archive.org/web/20011224211047id_/http://www.bsnpr.com:80/gamestatwide.asp?r=BS21157&grupo=,2026-09-08T15:41:36Z
BS21157,2001,2001-06-30,SAN GERMAN,18,"Barea, Irving",,11,4,6,0,0,0,0,2,1,3,0,0,1,1,0,8,single-source,wayback_bsnpr_games,https://web.archive.org/web/20011223144456id_/http://www.bsnpr.com:80/gamestatwide.asp?r=BS21157&GRUPO=PO99&SERIE=4,2026-09-08T15:40:24Z
BS21157,2001,2001-06-30,SAN GERMAN,18,"Barea, Irving",,11,4,6,0,0,0,0,2,1,3,0,0,1,1,0,8,single-source,wayback_bsnpr_games,https://web.archive.org/web/20011224211047id_/http://www.bsnpr.com:80/gamestatwide.asp?r=BS21157&grupo=,2026-09-08T15:41:36Z
BS21157,2001,2001-06-30,SAN GERMAN,20,"Ayuso, Larry",574,38,8,11,1,9,0,0,0,5,5,2,2,0,3,2,19,single-source,wayback_bsnpr_games,https://web.archive.org/web/20011223144456id_/http://www.bsnpr.com:80/gamestatwide.asp?r=BS21157&GRUPO=PO99&SERIE=4,2026-09-08T15:40:24Z
BS21157,2001,2001-06-30,SAN GERMAN,20,"Ayuso, Larry",574,38,8,11,1,9,0,0,0,5,5,2,2,0,3,2,19,single-source,wayback_bsnpr_games,https://web.archive.org/web/20011224211047id_/http://www.bsnpr.com:80/gamestatwide.asp?r=BS21157&grupo=,2026-09-08T15:41:36Z
BS21157,2001,2001-06-30,SAN GERMAN,21,"Febres, Arnaldo",,8,0,1,0,0,0,0,0,0,0,0,1,0,1,0,0,single-source,wayback_bsnpr_games,https://web.archive.org/web/20011223144456id_/http://www.bsnpr.com:80/gamestatwide.asp?r=BS21157&GRUPO=PO99&SERIE=4,2026-09-08T15:40:24Z
BS21157,2001,2001-06-30,SAN GERMAN,21,"Febres, Arnaldo",,8,0,1,0,0,0,0,0,0,0,0,1,0,1,0,0,single-source,wayback_bsnpr_games,https://web.archive.org/web/20011224211047id_/http://www.bsnpr.com:80/gamestatwide.asp?r=BS21157&grupo=,2026-09-08T15:41:36Z
BS21157,2001,2001-06-30,SAN GERMAN,32,"Lazor, Robert",2037,35,8,16,0,3,1,2,3,3,6,3,1,1,3,3,17,single-source,wayback_bsnpr_games,https://web.archive.org/web/20011223144456id_/http://www.bsnpr.com:80/gamestatwide.asp?r=BS21157&GRUPO=PO99&SERIE=4,2026-09-08T15:40:24Z
BS21157,2001,2001-06-30,SAN GERMAN,32,"Lazor, Robert",2037,35,8,16,0,3,1,2,3,3,6,3,1,1,3,3,17,single-source,wayback_bsnpr_games,https://web.archive.org/web/20011224211047id_/http://www.bsnpr.com:80/gamestatwide.asp?r=BS21157&grupo=,2026-09-08T15:41:36Z
BS21157,2001,2001-06-30,SAN GERMAN,6,"Caraballo, Johny",,1,0,0,0,0,0,0,0,0,0,0,0,0,0,0,0,single-source,wayback_bsnpr_games,https://web.archive.org/web/20011223144456id_/http://www.bsnpr.com:80/gamestatwide.asp?r=BS21157&GRUPO=PO99&SERIE=4,2026-09-08T15:40:24Z
BS21157,2001,2001-06-30,SAN GERMAN,6,"Caraballo, Johny",,1,0,0,0,0,0,0,0,0,0,0,0,0,0,0,0,single-source,wayback_bsnpr_games,https://web.archive.org/web/20011224211047id_/http://www.bsnpr.com:80/gamestatwide.asp?r=BS21157&grupo=,2026-09-08T15:41:36Z
BS21157,2001,2001-06-30,SAN GERMAN,7,"Quinonez, Nelson",,5,0,0,0,2,2,2,0,0,0,0,0,0,0,1,2,single-source,wayback_bsnpr_games,https://web.archive.org/web/20011223144456id_/http://www.bsnpr.com:80/gamestatwide.asp?r=BS21157&GRUPO=PO99&SERIE=4,2026-09-08T15:40:24Z
BS21157,2001,2001-06-30,SAN GERMAN,7,"Quinonez, Nelson",,5,0,0,0,2,2,2,0,0,0,0,0,0,0,1,2,single-source,wayback_bsnpr_games,https://web.archive.org/web/20011224211047id_/http://www.bsnpr.com:80/gamestatwide.asp?r=BS21157&grupo=,2026-09-08T15:41:36Z
BS21158,2001,2001-06-30,CAROLINA,10,"Myers, Guillermo",,22,5,6,0,0,0,0,0,4,4,1,1,0,0,2,10,single-source,wayback_bsnpr_games,https://web.archive.org/web/20020424203541id_/http://www.bsnpr.com:80/gamestatwide.asp?r=BS21158&grupo=,2026-09-08T15:42:28Z
BS21158,2001,2001-06-30,CAROLINA,11,"Aska, Joseph",,8,1,4,0,0,0,2,2,3,5,0,1,1,0,1,2,single-source,wayback_bsnpr_games,https://web.archive.org/web/20020424203541id_/http://www.bsnpr.com:80/gamestatwide.asp?r=BS21158&grupo=,2026-09-08T15:42:28Z
BS21158,2001,2001-06-30,CAROLINA,12,"Chiclana, Jonas",,13,0,3,2,4,4,4,0,0,0,2,0,0,2,1,10,single-source,wayback_bsnpr_games,https://web.archive.org/web/20020424203541id_/http://www.bsnpr.com:80/gamestatwide.asp?r=BS21158&grupo=,2026-09-08T15:42:28Z
BS21158,2001,2001-06-30,CAROLINA,13,"Neumann, Henry",,3,0,4,0,0,1,2,0,0,0,0,0,0,0,0,1,single-source,wayback_bsnpr_games,https://web.archive.org/web/20020424203541id_/http://www.bsnpr.com:80/gamestatwide.asp?r=BS21158&grupo=,2026-09-08T15:42:28Z
BS21158,2001,2001-06-30,CAROLINA,14,"Valenzuela, Hector",869,5,0,0,0,0,0,0,0,0,0,0,0,0,1,0,0,single-source,wayback_bsnpr_games,https://web.archive.org/web/20020424203541id_/http://www.bsnpr.com:80/gamestatwide.asp?r=BS21158&grupo=,2026-09-08T15:42:28Z
BS21158,2001,2001-06-30,CAROLINA,15,"Ayala, Alexander",,5,1,1,1,4,0,2,0,2,2,1,0,0,3,1,5,single-source,wayback_bsnpr_games,https://web.archive.org/web/20020424203541id_/http://www.bsnpr.com:80/gamestatwide.asp?r=BS21158&grupo=,2026-09-08T15:42:28Z
BS21158,2001,2001-06-30,CAROLINA,17,"White, Joe",,18,2,3,0,0,0,0,0,3,3,1,1,0,1,1,4,single-source,wayback_bsnpr_games,https://web.archive.org/web/20020424203541id_/http://www.bsnpr.com:80/gamestatwide.asp?r=BS21158&grupo=,2026-09-08T15:42:28Z
BS21158,2001,2001-06-30,CAROLINA,18,"Simpson, Carl",,35,10,17,0,1,1,2,5,7,12,1,0,0,3,5,21,single-source,wayback_bsnpr_games,https://web.archive.org/web/20020424203541id_/http://www.bsnpr.com:80/gamestatwide.asp?r=BS21158&grupo=,2026-09-08T15:42:28Z
BS21158,2001,2001-06-30,CAROLINA,5,"Nieves, Ivan",954,27,2,3,4,12,0,0,0,2,2,1,1,1,3,4,16,single-source,wayback_bsnpr_games,https://web.archive.org/web/20020424203541id_/http://www.bsnpr.com:80/gamestatwide.asp?r=BS21158&grupo=,2026-09-08T15:42:28Z
BS21158,2001,2001-06-30,CAROLINA,6,"Borgos, Rich",,23,5,9,0,0,0,1,0,0,0,3,1,0,1,2,10,single-source,wayback_bsnpr_games,https://web.archive.org/web/20020424203541id_/http://www.bsnpr.com:80/gamestatwide.asp?r=BS21158&grupo=,2026-09-08T15:42:28Z
BS21158,2001,2001-06-30,CAROLINA,7,"Romer, Angel",,8,1,1,0,0,0,0,1,1,2,0,0,0,0,0,2,single-source,wayback_bsnpr_games,https://web.archive.org/web/20020424203541id_/http://www.bsnpr.com:80/gamestatwide.asp?r=BS21158&grupo=,2026-09-08T15:42:28Z
BS21158,2001,2001-06-30,CAROLINA,8,"Rodriguez, Armando",,20,4,6,0,3,0,0,1,1,2,3,0,0,0,1,8,single-source,wayback_bsnpr_games,https://web.archive.org/web/20020424203541id_/http://www.bsnpr.com:80/gamestatwide.asp?r=BS21158&grupo=,2026-09-08T15:42:28Z
BS21158,2001,2001-06-30,CAROLINA,9,"Roca, Joel",1065,13,1,3,1,2,0,0,0,3,3,2,1,0,3,1,5,single-source,wayback_bsnpr_games,https://web.archive.org/web/20020424203541id_/http://www.bsnpr.com:80/gamestatwide.asp?r=BS21158&grupo=,2026-09-08T15:42:28Z
BS21158,2001,2001-06-30,PONCE,1,"Morales, Ferdinand",,20,5,8,2,2,2,6,2,4,6,2,0,0,0,0,18,single-source,wayback_bsnpr_games,https://web.archive.org/web/20020424203541id_/http://www.bsnpr.com:80/gamestatwide.asp?r=BS21158&grupo=,2026-09-08T15:42:28Z
BS21158,2001,2001-06-30,PONCE,10,"Hatton, Bobby",,17,6,9,0,2,0,2,1,0,1,9,2,0,0,3,12,single-source,wayback_bsnpr_games,https://web.archive.org/web/20020424203541id_/http://www.bsnpr.com:80/gamestatwide.asp?r=BS21158&grupo=,2026-09-08T15:42:28Z
BS21158,2001,2001-06-30,PONCE,11,"Casiano, Eddie",498,16,5,7,3,4,2,2,0,2,2,2,1,0,0,1,21,single-source,wayback_bsnpr_games,https://web.archive.org/web/20020424203541id_/http://www.bsnpr.com:80/gamestatwide.asp?r=BS21158&grupo=,2026-09-08T15:42:28Z
BS21158,2001,2001-06-30,PONCE,12,"Ricardo, Osiris",,10,3,4,0,0,0,1,1,2,3,0,0,0,0,0,6,single-source,wayback_bsnpr_games,https://web.archive.org/web/20020424203541id_/http://www.bsnpr.com:80/gamestatwide.asp?r=BS21158&grupo=,2026-09-08T15:42:28Z
BS21158,2001,2001-06-30,PONCE,13,"Jourdan, Keenan",,18,1,3,1,1,3,4,0,2,2,5,2,0,0,1,8,single-source,wayback_bsnpr_games,https://web.archive.org/web/20020424203541id_/http://www.bsnpr.com:80/gamestatwide.asp?r=BS21158&grupo=,2026-09-08T15:42:28Z
BS21158,2001,2001-06-30,PONCE,15,"Colon, Gabriel",773,6,2,4,0,1,1,4,1,2,3,0,1,2,2,1,5,single-source,wayback_bsnpr_games,https://web.archive.org/web/20020424203541id_/http://www.bsnpr.com:80/gamestatwide.asp?r=BS21158&grupo=,2026-09-08T15:42:28Z
BS21158,2001,2001-06-30,PONCE,16,"Martinez, Rafael",,14,1,1,2,3,0,0,0,3,3,1,1,0,1,1,8,single-source,wayback_bsnpr_games,https://web.archive.org/web/20020424203541id_/http://www.bsnpr.com:80/gamestatwide.asp?r=BS21158&grupo=,2026-09-08T15:42:28Z
BS21158,2001,2001-06-30,PONCE,17,"Collado, Roberto",,6,0,0,0,0,0,0,0,4,4,0,0,0,0,0,0,single-source,wayback_bsnpr_games,https://web.archive.org/web/20020424203541id_/http://www.bsnpr.com:80/gamestatwide.asp?r=BS21158&grupo=,2026-09-08T15:42:28Z
BS21158,2001,2001-06-30,PONCE,33,"Soto, Eugenio",651,10,2,3,1,2,0,0,0,2,2,1,1,0,1,0,7,single-source,wayback_bsnpr_games,https://web.archive.org/web/20020424203541id_/http://www.bsnpr.com:80/gamestatwide.asp?r=BS21158&grupo=,2026-09-08T15:42:28Z
BS21158,2001,2001-06-30,PONCE,4,"Colon, Javier",1011,18,2,3,1,4,2,2,0,1,1,11,3,0,1,2,9,single-source,wayback_bsnpr_games,https://web.archive.org/web/20020424203541id_/http://www.bsnpr.com:80/gamestatwide.asp?r=BS21158&grupo=,2026-09-08T15:42:28Z
BS21158,2001,2001-06-30,PONCE,5,"Agosto, Jose",,17,1,2,2,4,0,0,0,3,3,1,0,0,2,1,8,single-source,wayback_bsnpr_games,https://web.archive.org/web/20020424203541id_/http://www.bsnpr.com:80/gamestatwide.asp?r=BS21158&grupo=,2026-09-08T15:42:28Z
BS21158,2001,2001-06-30,PONCE,6,"Lockhart, Ian",914,24,5,6,0,0,0,0,3,4,7,1,1,0,1,2,10,single-source,wayback_bsnpr_games,https://web.archive.org/web/20020424203541id_/http://www.bsnpr.com:80/gamestatwide.asp?r=BS21158&grupo=,2026-09-08T15:42:28Z
BS21158,2001,2001-06-30,PONCE,7,"Orta, Raul",1946,5,1,2,1,2,0,1,1,0,1,2,0,0,1,1,5,single-source,wayback_bsnpr_games,https://web.archive.org/web/20020424203541id_/http://www.bsnpr.com:80/gamestatwide.asp?r=BS21158&grupo=,2026-09-08T15:42:28Z
BS21158,2001,2001-06-30,PONCE,8,"Ramirez, Shawn",,14,1,2,2,4,0,0,0,4,4,3,0,1,4,1,8,single-source,wayback_bsnpr_games,https://web.archive.org/web/20020424203541id_/http://www.bsnpr.com:80/gamestatwide.asp?r=BS21158&grupo=,2026-09-08T15:42:28Z
BS21158,2001,2001-06-30,PONCE,9,"Echevarria, Armando",,5,1,2,1,1,1,2,1,2,3,2,0,0,2,0,6,single-source,wayback_bsnpr_games,https://web.archive.org/web/20020424203541id_/http://www.bsnpr.com:80/gamestatwide.asp?r=BS21158&grupo=,2026-09-08T15:42:28Z
BS21160,2001,2001-07-01,ARECIBO,11,"Chiaramelo, Oscar",,7,0,0,0,0,0,0,0,0,0,0,0,0,0,0,0,single-source,wayback_bsnpr_games,https://web.archive.org/web/20011201124558id_/http://www.bsnpr.com:80/gamestatwide.asp?r=BS21160&grupo=,2026-09-08T15:39:44Z
BS21160,2001,2001-07-01,ARECIBO,12,"Nieves, Jose",,4,0,0,0,1,0,0,0,0,0,0,0,0,0,1,0,single-source,wayback_bsnpr_games,https://web.archive.org/web/20011201124558id_/http://www.bsnpr.com:80/gamestatwide.asp?r=BS21160&grupo=,2026-09-08T15:39:44Z
BS21160,2001,2001-07-01,ARECIBO,14,"Rivera, Jorge",1127,27,3,7,0,0,2,2,0,7,7,2,0,1,1,1,8,single-source,wayback_bsnpr_games,https://web.archive.org/web/20011201124558id_/http://www.bsnpr.com:80/gamestatwide.asp?r=BS21160&grupo=,2026-09-08T15:39:44Z
BS21160,2001,2001-07-01,ARECIBO,15,"Barrientos, Axel",,6,0,1,0,0,0,0,0,0,0,0,0,0,5,0,0,single-source,wayback_bsnpr_games,https://web.archive.org/web/20011201124558id_/http://www.bsnpr.com:80/gamestatwide.asp?r=BS21160&grupo=,2026-09-08T15:39:44Z
BS21160,2001,2001-07-01,ARECIBO,18,"Cortez, David",,17,3,7,3,5,3,3,1,2,3,1,1,0,1,1,18,single-source,wayback_bsnpr_games,https://web.archive.org/web/20011201124558id_/http://www.bsnpr.com:80/gamestatwide.asp?r=BS21160&grupo=,2026-09-08T15:39:44Z
BS21160,2001,2001-07-01,ARECIBO,20,"Alicea, Pablo",,24,0,0,2,7,2,4,2,1,3,0,0,0,2,2,8,single-source,wayback_bsnpr_games,https://web.archive.org/web/20011201124558id_/http://www.bsnpr.com:80/gamestatwide.asp?r=BS21160&grupo=,2026-09-08T15:39:44Z
BS21160,2001,2001-07-01,ARECIBO,21,"Rivera, Omar",,16,2,5,2,4,5,7,1,1,2,1,0,0,1,1,15,single-source,wayback_bsnpr_games,https://web.archive.org/web/20011201124558id_/http://www.bsnpr.com:80/gamestatwide.asp?r=BS21160&grupo=,2026-09-08T15:39:44Z
BS21160,2001,2001-07-01,ARECIBO,25,"Higgs, Nate",,30,5,8,1,6,8,9,1,4,5,3,4,1,1,3,21,single-source,wayback_bsnpr_games,https://web.archive.org/web/20011201124558id_/http://www.bsnpr.com:80/gamestatwide.asp?r=BS21160&grupo=,2026-09-08T15:39:44Z
BS21160,2001,2001-07-01,ARECIBO,31,"Cruz, Rafael",1895,14,2,5,0,2,0,0,1,1,2,0,0,0,3,4,4,single-source,wayback_bsnpr_games,https://web.archive.org/web/20011201124558id_/http://www.bsnpr.com:80/gamestatwide.asp?r=BS21160&grupo=,2026-09-08T15:39:44Z
BS21160,2001,2001-07-01,ARECIBO,32,"Calderon, Axel",,10,4,6,0,0,0,0,2,2,4,0,1,0,3,1,8,single-source,wayback_bsnpr_games,https://web.archive.org/web/20011201124558id_/http://www.bsnpr.com:80/gamestatwide.asp?r=BS21160&grupo=,2026-09-08T15:39:44Z
BS21160,2001,2001-07-01,ARECIBO,33,"Rolon, Javier",,19,1,5,1,4,1,2,4,5,9,1,1,0,1,1,6,single-source,wayback_bsnpr_games,https://web.archive.org/web/20011201124558id_/http://www.bsnpr.com:80/gamestatwide.asp?r=BS21160&grupo=,2026-09-08T15:39:44Z
BS21160,2001,2001-07-01,ARECIBO,7,"Cotte, John",,23,4,4,0,5,1,2,0,6,6,6,1,0,1,0,9,single-source,wayback_bsnpr_games,https://web.archive.org/web/20011201124558id_/http://www.bsnpr.com:80/gamestatwide.asp?r=BS21160&grupo=,2026-09-08T15:39:44Z
BS21160,2001,2001-07-01,ARECIBO,9,"Garcia, Yan",,3,0,0,1,4,0,0,0,0,0,1,0,0,0,1,3,single-source,wayback_bsnpr_games,https://web.archive.org/web/20011201124558id_/http://www.bsnpr.com:80/gamestatwide.asp?r=BS21160&grupo=,2026-09-08T15:39:44Z
BS21160,2001,2001-07-01,BAYAMON,0,"Richards, Jaja",,21,3,4,0,0,0,0,2,6,8,1,2,2,3,3,6,single-source,wayback_bsnpr_games,https://web.archive.org/web/20011201124558id_/http://www.bsnpr.com:80/gamestatwide.asp?r=BS21160&grupo=,2026-09-08T15:39:44Z
BS21160,2001,2001-07-01,BAYAMON,10,"Cruz, Alvin",,15,2,3,0,1,0,2,2,2,4,4,1,0,3,1,4,single-source,wayback_bsnpr_games,https://web.archive.org/web/20011201124558id_/http://www.bsnpr.com:80/gamestatwide.asp?r=BS21160&grupo=,2026-09-08T15:39:44Z
BS21160,2001,2001-07-01,BAYAMON,12,"Padilla, Edgar",,5,0,3,1,1,0,0,0,4,4,1,0,0,3,1,3,single-source,wayback_bsnpr_games,https://web.archive.org/web/20011201124558id_/http://www.bsnpr.com:80/gamestatwide.asp?r=BS21160&grupo=,2026-09-08T15:39:44Z
BS21160,2001,2001-07-01,BAYAMON,13,"Payano, Carlos",,12,5,6,2,3,0,0,2,2,4,1,0,0,2,1,16,single-source,wayback_bsnpr_games,https://web.archive.org/web/20011201124558id_/http://www.bsnpr.com:80/gamestatwide.asp?r=BS21160&grupo=,2026-09-08T15:39:44Z
BS21160,2001,2001-07-01,BAYAMON,15,"Novas, Rafael",,12,1,3,0,0,4,4,1,2,3,0,0,1,1,0,6,single-source,wayback_bsnpr_games,https://web.archive.org/web/20011201124558id_/http://www.bsnpr.com:80/gamestatwide.asp?r=BS21160&grupo=,2026-09-08T15:39:44Z
BS21160,2001,2001-07-01,BAYAMON,17,"Mincy, Jerome",1032,22,2,5,1,4,2,2,2,3,5,4,1,0,4,1,9,single-source,wayback_bsnpr_games,https://web.archive.org/web/20011201124558id_/http://www.bsnpr.com:80/gamestatwide.asp?r=BS21160&grupo=,2026-09-08T15:39:44Z
BS21160,2001,2001-07-01,BAYAMON,20,"Rivera, Joshua",,3,0,0,0,0,0,0,0,0,0,0,0,0,0,1,0,single-source,wayback_bsnpr_games,https://web.archive.org/web/20011201124558id_/http://www.bsnpr.com:80/gamestatwide.asp?r=BS21160&grupo=,2026-09-08T15:39:44Z
BS21160,2001,2001-07-01,BAYAMON,22,"Apodaca, Rick",2028,17,3,6,2,5,2,2,1,2,3,0,2,0,1,1,14,single-source,wayback_bsnpr_games,https://web.archive.org/web/20011201124558id_/http://www.bsnpr.com:80/gamestatwide.asp?r=BS21160&grupo=,2026-09-08T15:39:44Z
BS21160,2001,2001-07-01,BAYAMON,32,"Santiago, Eddin",502,21,5,7,2,2,1,2,2,8,10,13,4,0,1,1,17,single-source,wayback_bsnpr_games,https://web.archive.org/web/20011201124558id_/http://www.bsnpr.com:80/gamestatwide.asp?r=BS21160&grupo=,2026-09-08T15:39:44Z
BS21160,2001,2001-07-01,BAYAMON,33,"Aponte, Emanuel",594,3,0,0,0,0,2,2,0,0,0,0,0,0,0,0,2,single-source,wayback_bsnpr_games,https://web.archive.org/web/20011201124558id_/http://www.bsnpr.com:80/gamestatwide.asp?r=BS21160&grupo=,2026-09-08T15:39:44Z
BS21160,2001,2001-07-01,BAYAMON,4,"Western, Franklyn",,22,5,10,0,0,1,1,0,5,5,1,0,1,0,3,11,single-source,wayback_bsnpr_games,https://web.archive.org/web/20011201124558id_/http://www.bsnpr.com:80/gamestatwide.asp?r=BS21160&grupo=,2026-09-08T15:39:44Z
BS21160,2001,2001-07-01,BAYAMON,55,"Santiago, Daniel",427,21,6,10,0,0,0,1,0,3,3,2,2,2,1,1,12,single-source,wayback_bsnpr_games,https://web.archive.org/web/20011201124558id_/http://www.bsnpr.com:80/gamestatwide.asp?r=BS21160&grupo=,2026-09-08T15:39:44Z
BS21160,2001,2001-07-01,BAYAMON,6,"Travieso, Carmelo",,20,1,2,4,8,0,1,0,2,2,1,0,0,1,1,14,single-source,wayback_bsnpr_games,https://web.archive.org/web/20011201124558id_/http://www.bsnpr.com:80/gamestatwide.asp?r=BS21160&grupo=,2026-09-08T15:39:44Z
BS21160,2001,2001-07-01,BAYAMON,9,"Salgado, Gustavo",,6,2,3,1,1,5,6,0,1,1,0,0,0,0,0,12,single-source,wayback_bsnpr_games,https://web.archive.org/web/20011201124558id_/http://www.bsnpr.com:80/gamestatwide.asp?r=BS21160&grupo=,2026-09-08T15:39:44Z
BS21165,2001,2001-07-02,CAROLINA,10,"Myers, Guillermo",,28,5,10,0,0,3,4,3,2,5,0,0,1,3,3,13,single-source,wayback_bsnpr_games,https://web.archive.org/web/20011101181818id_/http://www.bsnpr.com:80/gamestatwide.asp?r=BS21165&grupo=,2026-09-08T15:37:55Z
BS21165,2001,2001-07-02,CAROLINA,11,"Aska, Joseph",,12,2,4,0,1,2,2,3,1,4,1,2,0,3,2,6,single-source,wayback_bsnpr_games,https://web.archive.org/web/20011101181818id_/http://www.bsnpr.com:80/gamestatwide.asp?r=BS21165&grupo=,2026-09-08T15:37:55Z
BS21165,2001,2001-07-02,CAROLINA,12,"Chiclana, Jonas",,12,0,0,2,2,1,2,0,0,0,1,1,0,1,2,7,single-source,wayback_bsnpr_games,https://web.archive.org/web/20011101181818id_/http://www.bsnpr.com:80/gamestatwide.asp?r=BS21165&grupo=,2026-09-08T15:37:55Z
BS21165,2001,2001-07-02,CAROLINA,14,"Valenzuela, Hector",869,3,0,2,0,0,0,0,1,0,1,0,0,0,0,1,0,single-source,wayback_bsnpr_games,https://web.archive.org/web/20011101181818id_/http://www.bsnpr.com:80/gamestatwide.asp?r=BS21165&grupo=,2026-09-08T15:37:55Z
BS21165,2001,2001-07-02,CAROLINA,15,"Ayala, Alexander",,5,0,1,0,0,0,0,0,0,0,1,0,0,0,0,0,single-source,wayback_bsnpr_games,https://web.archive.org/web/20011101181818id_/http://www.bsnpr.com:80/gamestatwide.asp?r=BS21165&grupo=,2026-09-08T15:37:55Z
BS21165,2001,2001-07-02,CAROLINA,17,"White, Joe",,29,3,8,0,1,2,4,1,5,6,0,2,3,2,1,8,single-source,wayback_bsnpr_games,https://web.archive.org/web/20011101181818id_/http://www.bsnpr.com:80/gamestatwide.asp?r=BS21165&grupo=,2026-09-08T15:37:55Z
BS21165,2001,2001-07-02,CAROLINA,18,"Simpson, Carl",,37,5,14,0,2,3,4,3,9,12,3,0,1,3,4,13,single-source,wayback_bsnpr_games,https://web.archive.org/web/20011101181818id_/http://www.bsnpr.com:80/gamestatwide.asp?r=BS21165&grupo=,2026-09-08T15:37:55Z
BS21165,2001,2001-07-02,CAROLINA,5,"Nieves, Ivan",954,27,2,5,3,6,0,0,0,5,5,2,0,0,0,3,13,single-source,wayback_bsnpr_games,https://web.archive.org/web/20011101181818id_/http://www.bsnpr.com:80/gamestatwide.asp?r=BS21165&grupo=,2026-09-08T15:37:55Z
BS21165,2001,2001-07-02,CAROLINA,6,"Borgos, Rich",,22,2,10,1,2,0,0,3,0,3,5,0,1,1,2,7,single-source,wayback_bsnpr_games,https://web.archive.org/web/20011101181818id_/http://www.bsnpr.com:80/gamestatwide.asp?r=BS21165&grupo=,2026-09-08T15:37:55Z
BS21165,2001,2001-07-02,CAROLINA,7,"Romer, Angel",,3,0,0,0,0,0,0,0,0,0,0,0,0,2,1,0,single-source,wayback_bsnpr_games,https://web.archive.org/web/20011101181818id_/http://www.bsnpr.com:80/gamestatwide.asp?r=BS21165&grupo=,2026-09-08T15:37:55Z
BS21165,2001,2001-07-02,CAROLINA,8,"Rodriguez, Armando",,16,1,4,3,5,0,0,2,1,3,1,0,0,3,2,11,single-source,wayback_bsnpr_games,https://web.archive.org/web/20011101181818id_/http://www.bsnpr.com:80/gamestatwide.asp?r=BS21165&grupo=,2026-09-08T15:37:55Z
BS21165,2001,2001-07-02,CAROLINA,9,"Roca, Joel",1065,6,1,2,0,2,0,0,0,1,1,0,0,0,0,0,2,single-source,wayback_bsnpr_games,https://web.archive.org/web/20011101181818id_/http://www.bsnpr.com:80/gamestatwide.asp?r=BS21165&grupo=,2026-09-08T15:37:55Z
BS21165,2001,2001-07-02,SANTURCE,1,"Lopez, Jose",,6,0,0,0,1,1,2,0,1,1,0,1,0,0,0,1,single-source,wayback_bsnpr_games,https://web.archive.org/web/20011101181818id_/http://www.bsnpr.com:80/gamestatwide.asp?r=BS21165&grupo=,2026-09-08T15:37:55Z
BS21165,2001,2001-07-02,SANTURCE,10,"Arroyo, Alberto",,13,0,1,1,1,2,2,0,1,1,2,1,0,0,0,5,single-source,wayback_bsnpr_games,https://web.archive.org/web/20011101181818id_/http://www.bsnpr.com:80/gamestatwide.asp?r=BS21165&grupo=,2026-09-08T15:37:55Z
BS21165,2001,2001-07-02,SANTURCE,11,"Benson, Mark",,25,2,5,1,4,2,2,2,1,3,3,4,1,0,0,9,single-source,wayback_bsnpr_games,https://web.archive.org/web/20011101181818id_/http://www.bsnpr.com:80/gamestatwide.asp?r=BS21165&grupo=,2026-09-08T15:37:55Z
BS21165,2001,2001-07-02,SANTURCE,22,"Villegas, Sammy",,3,0,1,0,0,0,0,0,0,0,1,1,0,0,0,0,single-source,wayback_bsnpr_games,https://web.archive.org/web/20011101181818id_/http://www.bsnpr.com:80/gamestatwide.asp?r=BS21165&grupo=,2026-09-08T15:37:55Z
BS21165,2001,2001-07-02,SANTURCE,33,"Falcon, Alex",,18,3,5,0,0,5,8,1,3,4,2,1,1,1,2,11,single-source,wayback_bsnpr_games,https://web.archive.org/web/20011101181818id_/http://www.bsnpr.com:80/gamestatwide.asp?r=BS21165&grupo=,2026-09-08T15:37:55Z
BS21165,2001,2001-07-02,SANTURCE,34,"Villafañe, Luis",1502,5,1,1,0,0,0,0,0,1,1,0,0,1,0,0,2,single-source,wayback_bsnpr_games,https://web.archive.org/web/20011101181818id_/http://www.bsnpr.com:80/gamestatwide.asp?r=BS21165&grupo=,2026-09-08T15:37:55Z
BS21165,2001,2001-07-02,SANTURCE,4,"Ortiz, Jose",,18,3,8,0,1,0,2,0,5,5,0,1,1,1,0,6,single-source,wayback_bsnpr_games,https://web.archive.org/web/20011101181818id_/http://www.bsnpr.com:80/gamestatwide.asp?r=BS21165&grupo=,2026-09-08T15:37:55Z
BS21165,2001,2001-07-02,SANTURCE,42,"Aubrey, Jeffrey",,18,5,9,0,0,0,1,4,5,9,0,0,2,2,2,10,single-source,wayback_bsnpr_games,https://web.archive.org/web/20011101181818id_/http://www.bsnpr.com:80/gamestatwide.asp?r=BS21165&grupo=,2026-09-08T15:37:55Z
BS21165,2001,2001-07-02,SANTURCE,44,"Bocachica, Armando",,7,0,4,0,0,0,0,0,1,1,0,0,1,1,2,0,single-source,wayback_bsnpr_games,https://web.archive.org/web/20011101181818id_/http://www.bsnpr.com:80/gamestatwide.asp?r=BS21165&grupo=,2026-09-08T15:37:55Z
BS21165,2001,2001-07-02,SANTURCE,5,"Santiago, Orlando",,27,4,5,3,6,2,3,0,3,3,11,1,0,2,2,19,single-source,wayback_bsnpr_games,https://web.archive.org/web/20011101181818id_/http://www.bsnpr.com:80/gamestatwide.asp?r=BS21165&grupo=,2026-09-08T15:37:55Z
BS21165,2001,2001-07-02,SANTURCE,55,"Butler, Mario",,8,2,5,0,0,1,2,4,2,6,0,0,0,1,0,5,single-source,wayback_bsnpr_games,https://web.archive.org/web/20011101181818id_/http://www.bsnpr.com:80/gamestatwide.asp?r=BS21165&grupo=,2026-09-08T15:37:55Z
BS21165,2001,2001-07-02,SANTURCE,8,"Trimingham, Leon",,23,8,11,0,0,4,4,2,3,5,0,1,3,1,2,20,single-source,wayback_bsnpr_games,https://web.archive.org/web/20011101181818id_/http://www.bsnpr.com:80/gamestatwide.asp?r=BS21165&grupo=,2026-09-08T15:37:55Z
BS21165,2001,2001-07-02,SANTURCE,9,"Santiago, Edwin",,29,7,10,0,1,0,0,0,3,3,3,0,0,1,1,14,single-source,wayback_bsnpr_games,https://web.archive.org/web/20011101181818id_/http://www.bsnpr.com:80/gamestatwide.asp?r=BS21165&grupo=,2026-09-08T15:37:55Z
BS21167,2001,2001-07-03,BAYAMON,0,"Richards, Jaja",,26,3,5,0,0,2,6,9,3,12,1,1,3,4,1,8,single-source,wayback_bsnpr_games,https://web.archive.org/web/20011201125437id_/http://www.bsnpr.com:80/gamestatwide.asp?r=BS21167&grupo=,2026-09-08T15:39:46Z
BS21167,2001,2001-07-03,BAYAMON,12,"Padilla, Edgar",,27,3,5,2,3,3,5,0,1,1,5,2,0,4,2,15,single-source,wayback_bsnpr_games,https://web.archive.org/web/20011201125437id_/http://www.bsnpr.com:80/gamestatwide.asp?r=BS21167&grupo=,2026-09-08T15:39:46Z
BS21167,2001,2001-07-03,BAYAMON,13,"Payano, Carlos",,17,1,4,2,5,0,0,1,3,4,0,1,0,1,3,8,single-source,wayback_bsnpr_games,https://web.archive.org/web/20011201125437id_/http://www.bsnpr.com:80/gamestatwide.asp?r=BS21167&grupo=,2026-09-08T15:39:46Z
BS21167,2001,2001-07-03,BAYAMON,15,"Novas, Rafael",,1,0,1,0,0,0,0,1,1,2,0,0,0,0,0,0,single-source,wayback_bsnpr_games,https://web.archive.org/web/20011201125437id_/http://www.bsnpr.com:80/gamestatwide.asp?r=BS21167&grupo=,2026-09-08T15:39:46Z
BS21167,2001,2001-07-03,BAYAMON,17,"Mincy, Jerome",1032,20,1,5,1,4,2,2,3,3,6,2,1,0,3,0,7,single-source,wayback_bsnpr_games,https://web.archive.org/web/20011201125437id_/http://www.bsnpr.com:80/gamestatwide.asp?r=BS21167&grupo=,2026-09-08T15:39:46Z
BS21167,2001,2001-07-03,BAYAMON,22,"Apodaca, Rick",2028,12,0,1,1,5,0,0,1,1,2,1,0,0,1,2,3,single-source,wayback_bsnpr_games,https://web.archive.org/web/20011201125437id_/http://www.bsnpr.com:80/gamestatwide.asp?r=BS21167&grupo=,2026-09-08T15:39:46Z
BS21167,2001,2001-07-03,BAYAMON,32,"Santiago, Eddin",502,18,1,5,0,1,2,2,1,0,1,2,2,0,2,4,4,single-source,wayback_bsnpr_games,https://web.archive.org/web/20011201125437id_/http://www.bsnpr.com:80/gamestatwide.asp?r=BS21167&grupo=,2026-09-08T15:39:46Z
BS21167,2001,2001-07-03,BAYAMON,4,"Western, Franklyn",,28,9,14,0,0,3,3,0,4,4,1,0,0,0,0,21,single-source,wayback_bsnpr_games,https://web.archive.org/web/20011201125437id_/http://www.bsnpr.com:80/gamestatwide.asp?r=BS21167&grupo=,2026-09-08T15:39:46Z
BS21167,2001,2001-07-03,BAYAMON,55,"Santiago, Daniel",427,20,3,8,0,1,0,0,0,2,2,0,0,1,3,3,6,single-source,wayback_bsnpr_games,https://web.archive.org/web/20011201125437id_/http://www.bsnpr.com:80/gamestatwide.asp?r=BS21167&grupo=,2026-09-08T15:39:46Z
BS21167,2001,2001-07-03,BAYAMON,6,"Travieso, Carmelo",,31,3,7,2,8,0,0,0,7,7,5,3,0,0,1,12,single-source,wayback_bsnpr_games,https://web.archive.org/web/20011201125437id_/http://www.bsnpr.com:80/gamestatwide.asp?r=BS21167&grupo=,2026-09-08T15:39:46Z
BS21167,2001,2001-07-03,CAGUAS,11,"Nieves, Josue",,18,0,1,3,6,0,0,0,3,3,2,0,1,2,3,9,single-source,wayback_bsnpr_games,https://web.archive.org/web/20011201125437id_/http://www.bsnpr.com:80/gamestatwide.asp?r=BS21167&grupo=,2026-09-08T15:39:46Z
BS21167,2001,2001-07-03,CAGUAS,14,"Allende, Luis",,38,4,7,3,8,0,0,3,4,7,2,1,1,2,5,17,single-source,wayback_bsnpr_games,https://web.archive.org/web/20011201125437id_/http://www.bsnpr.com:80/gamestatwide.asp?r=BS21167&grupo=,2026-09-08T15:39:46Z
BS21167,2001,2001-07-03,CAGUAS,15,"Rivas, Luis",,7,3,5,0,0,2,2,0,1,1,0,0,1,0,0,8,single-source,wayback_bsnpr_games,https://web.archive.org/web/20011201125437id_/http://www.bsnpr.com:80/gamestatwide.asp?r=BS21167&grupo=,2026-09-08T15:39:46Z
BS21167,2001,2001-07-03,CAGUAS,25,"Carrasquillo, Antonio",,32,4,7,1,4,0,0,3,6,9,3,1,4,4,5,11,single-source,wayback_bsnpr_games,https://web.archive.org/web/20011201125437id_/http://www.bsnpr.com:80/gamestatwide.asp?r=BS21167&grupo=,2026-09-08T15:39:46Z
BS21167,2001,2001-07-03,CAGUAS,4,"Colon, Angel Luis",,24,5,7,0,2,2,2,1,0,1,2,1,0,3,4,12,single-source,wayback_bsnpr_games,https://web.archive.org/web/20011201125437id_/http://www.bsnpr.com:80/gamestatwide.asp?r=BS21167&grupo=,2026-09-08T15:39:46Z
BS21167,2001,2001-07-03,CAGUAS,6,"Burgos, Gary Joe",,12,1,1,1,1,0,0,1,1,2,3,1,0,2,1,5,single-source,wayback_bsnpr_games,https://web.archive.org/web/20011201125437id_/http://www.bsnpr.com:80/gamestatwide.asp?r=BS21167&grupo=,2026-09-08T15:39:46Z
BS21167,2001,2001-07-03,CAGUAS,7,"Davila, Michelo",1660,31,2,4,0,2,1,2,2,4,6,9,2,0,3,2,5,single-source,wayback_bsnpr_games,https://web.archive.org/web/20011201125437id_/http://www.bsnpr.com:80/gamestatwide.asp?r=BS21167&grupo=,2026-09-08T15:39:46Z
BS21167,2001,2001-07-03,CAGUAS,8,"Farmer, Anthony",,38,5,7,4,11,7,7,0,9,9,4,3,2,4,4,29,single-source,wayback_bsnpr_games,https://web.archive.org/web/20011201125437id_/http://www.bsnpr.com:80/gamestatwide.asp?r=BS21167&grupo=,2026-09-08T15:39:46Z
BS21169,2001,2001-07-03,AIBONITO,10,"Melendez, Orlando",,30,5,8,1,6,4,4,2,4,6,0,1,1,2,2,17,single-source,wayback_bsnpr_games,https://web.archive.org/web/20011101182923id_/http://www.bsnpr.com:80/gamestatwide.asp?grupo=&r=BS21169,2026-09-08T15:38:11Z
BS21169,2001,2001-07-03,AIBONITO,11,"Venzen, Gilberto",,3,0,1,0,0,0,0,0,0,0,0,0,0,0,0,0,single-source,wayback_bsnpr_games,https://web.archive.org/web/20011101182923id_/http://www.bsnpr.com:80/gamestatwide.asp?grupo=&r=BS21169,2026-09-08T15:38:11Z
BS21169,2001,2001-07-03,AIBONITO,12,"Hernandez, Jason",,38,1,2,2,11,2,2,0,1,1,9,2,0,4,2,10,single-source,wayback_bsnpr_games,https://web.archive.org/web/20011101182923id_/http://www.bsnpr.com:80/gamestatwide.asp?grupo=&r=BS21169,2026-09-08T15:38:11Z
BS21169,2001,2001-07-03,AIBONITO,13,"Rosario, Rich",,19,3,6,2,5,0,1,2,2,4,0,0,0,3,2,12,single-source,wayback_bsnpr_games,https://web.archive.org/web/20011101182923id_/http://www.bsnpr.com:80/gamestatwide.asp?grupo=&r=BS21169,2026-09-08T15:38:11Z
BS21169,2001,2001-07-03,AIBONITO,16,"Murray, Joe",1286,33,2,5,0,0,3,3,3,6,9,1,2,0,4,3,7,single-source,wayback_bsnpr_games,https://web.archive.org/web/20011101182923id_/http://www.bsnpr.com:80/gamestatwide.asp?grupo=&r=BS21169,2026-09-08T15:38:11Z
BS21169,2001,2001-07-03,AIBONITO,17,"Wilson, Monty",,40,4,13,3,9,4,5,5,9,14,2,1,1,0,4,21,single-source,wayback_bsnpr_games,https://web.archive.org/web/20011101182923id_/http://www.bsnpr.com:80/gamestatwide.asp?grupo=&r=BS21169,2026-09-08T15:38:11Z
BS21169,2001,2001-07-03,AIBONITO,18,"Rivera, Axel",,7,0,0,0,0,0,0,0,1,1,0,0,0,2,1,0,single-source,wayback_bsnpr_games,https://web.archive.org/web/20011101182923id_/http://www.bsnpr.com:80/gamestatwide.asp?grupo=&r=BS21169,2026-09-08T15:38:11Z
BS21169,2001,2001-07-03,AIBONITO,8,"Hiraldo, Christopher",,30,1,3,3,9,0,2,1,1,2,0,3,0,0,2,11,single-source,wayback_bsnpr_games,https://web.archive.org/web/20011101182923id_/http://www.bsnpr.com:80/gamestatwide.asp?grupo=&r=BS21169,2026-09-08T15:38:11Z
BS21169,2001,2001-07-03,SANTURCE,11,"Benson, Mark",,32,1,2,2,7,2,2,2,4,6,3,0,0,4,4,10,single-source,wayback_bsnpr_games,https://web.archive.org/web/20011101182923id_/http://www.bsnpr.com:80/gamestatwide.asp?grupo=&r=BS21169,2026-09-08T15:38:11Z
BS21169,2001,2001-07-03,SANTURCE,33,"Falcon, Alex",,14,1,3,0,1,1,2,3,1,4,1,0,0,1,3,3,single-source,wayback_bsnpr_games,https://web.archive.org/web/20011101182923id_/http://www.bsnpr.com:80/gamestatwide.asp?grupo=&r=BS21169,2026-09-08T15:38:11Z
BS21169,2001,2001-07-03,SANTURCE,4,"Ortiz, Jose",,36,10,14,0,0,3,5,1,15,16,6,1,0,1,4,23,single-source,wayback_bsnpr_games,https://web.archive.org/web/20011101182923id_/http://www.bsnpr.com:80/gamestatwide.asp?grupo=&r=BS21169,2026-09-08T15:38:11Z
BS21169,2001,2001-07-03,SANTURCE,42,"Aubrey, Jeffrey",,9,2,2,0,0,0,0,3,0,3,0,0,0,2,1,4,single-source,wayback_bsnpr_games,https://web.archive.org/web/20011101182923id_/http://www.bsnpr.com:80/gamestatwide.asp?grupo=&r=BS21169,2026-09-08T15:38:11Z
BS21169,2001,2001-07-03,SANTURCE,5,"Santiago, Orlando",,40,2,4,3,8,3,5,0,3,3,5,1,0,1,2,16,single-source,wayback_bsnpr_games,https://web.archive.org/web/20011101182923id_/http://www.bsnpr.com:80/gamestatwide.asp?grupo=&r=BS21169,2026-09-08T15:38:11Z
BS21169,2001,2001-07-03,SANTURCE,8,"Trimingham, Leon",,33,9,17,0,0,1,3,2,7,9,2,1,0,5,6,19,single-source,wayback_bsnpr_games,https://web.archive.org/web/20011101182923id_/http://www.bsnpr.com:80/gamestatwide.asp?grupo=&r=BS21169,2026-09-08T15:38:11Z
BS21169,2001,2001-07-03,SANTURCE,9,"Santiago, Edwin",,36,4,8,1,2,0,0,0,6,6,5,3,0,1,2,11,single-source,wayback_bsnpr_games,https://web.archive.org/web/20011101182923id_/http://www.bsnpr.com:80/gamestatwide.asp?grupo=&r=BS21169,2026-09-08T15:38:11Z
BS21171,2001,2001-07-04,BAYAMON,0,"Richard, Jaja",,16,2,10,0,0,0,0,4,3,7,1,0,0,5,2,4,single-source,wayback_bsnpr_games,https://web.archive.org/web/20011201130642id_/http://www.bsnpr.com:80/gamestatwide.asp?r=BS21171&grupo=,2026-09-08T15:39:51Z
BS21171,2001,2001-07-04,BAYAMON,10,"Cruz, Alvin",,4,0,2,0,0,0,0,0,0,0,1,0,0,1,1,0,single-source,wayback_bsnpr_games,https://web.archive.org/web/20011201130642id_/http://www.bsnpr.com:80/gamestatwide.asp?r=BS21171&grupo=,2026-09-08T15:39:51Z
BS21171,2001,2001-07-04,BAYAMON,12,"Padilla, Edgar",,15,2,4,1,1,0,0,0,0,0,3,1,1,4,1,7,single-source,wayback_bsnpr_games,https://web.archive.org/web/20011201130642id_/http://www.bsnpr.com:80/gamestatwide.asp?r=BS21171&grupo=,2026-09-08T15:39:51Z
BS21171,2001,2001-07-04,BAYAMON,13,"Payano, Carlos",,20,4,6,2,2,1,2,2,5,7,1,1,0,0,1,15,single-source,wayback_bsnpr_games,https://web.archive.org/web/20011201130642id_/http://www.bsnpr.com:80/gamestatwide.asp?r=BS21171&grupo=,2026-09-08T15:39:51Z
BS21171,2001,2001-07-04,BAYAMON,15,"Novas, Rafael",,9,2,3,0,0,0,0,0,7,7,0,0,0,1,0,4,single-source,wayback_bsnpr_games,https://web.archive.org/web/20011201130642id_/http://www.bsnpr.com:80/gamestatwide.asp?r=BS21171&grupo=,2026-09-08T15:39:51Z
BS21171,2001,2001-07-04,BAYAMON,17,"Mincy, Jerome",1032,23,4,7,0,2,2,3,3,5,8,0,2,0,2,3,10,single-source,wayback_bsnpr_games,https://web.archive.org/web/20011201130642id_/http://www.bsnpr.com:80/gamestatwide.asp?r=BS21171&grupo=,2026-09-08T15:39:51Z
BS21171,2001,2001-07-04,BAYAMON,20,"Rivera, Joshua",,2,1,1,0,0,0,0,0,0,0,1,0,0,0,0,2,single-source,wayback_bsnpr_games,https://web.archive.org/web/20011201130642id_/http://www.bsnpr.com:80/gamestatwide.asp?r=BS21171&grupo=,2026-09-08T15:39:51Z
BS21171,2001,2001-07-04,BAYAMON,22,"Apodaca, Rick",2028,22,5,5,1,3,0,0,0,4,4,1,0,0,3,1,13,single-source,wayback_bsnpr_games,https://web.archive.org/web/20011201130642id_/http://www.bsnpr.com:80/gamestatwide.asp?r=BS21171&grupo=,2026-09-08T15:39:51Z
BS21171,2001,2001-07-04,BAYAMON,32,"Santiago, Eddin",502,21,3,6,1,1,4,4,1,2,3,7,2,0,1,2,13,single-source,wayback_bsnpr_games,https://web.archive.org/web/20011201130642id_/http://www.bsnpr.com:80/gamestatwide.asp?r=BS21171&grupo=,2026-09-08T15:39:51Z
BS21171,2001,2001-07-04,BAYAMON,33,"Aponte, Emanuel",594,1,0,0,0,0,0,0,0,0,0,0,0,0,0,0,0,single-source,wayback_bsnpr_games,https://web.archive.org/web/20011201130642id_/http://www.bsnpr.com:80/gamestatwide.asp?r=BS21171&grupo=,2026-09-08T15:39:51Z
BS21171,2001,2001-07-04,BAYAMON,4,"Western, Franklyn",,23,5,15,0,0,2,2,0,4,4,0,2,0,0,2,12,single-source,wayback_bsnpr_games,https://web.archive.org/web/20011201130642id_/http://www.bsnpr.com:80/gamestatwide.asp?r=BS21171&grupo=,2026-09-08T15:39:51Z
BS21171,2001,2001-07-04,BAYAMON,55,"Santiago, Daniel",427,23,6,6,0,0,1,3,1,5,6,1,0,2,4,5,13,single-source,wayback_bsnpr_games,https://web.archive.org/web/20011201130642id_/http://www.bsnpr.com:80/gamestatwide.asp?r=BS21171&grupo=,2026-09-08T15:39:51Z
BS21171,2001,2001-07-04,BAYAMON,6,"Travieso, Carmelo",,17,0,2,2,6,1,2,1,1,2,2,1,0,0,0,7,single-source,wayback_bsnpr_games,https://web.archive.org/web/20011201130642id_/http://www.bsnpr.com:80/gamestatwide.asp?r=BS21171&grupo=,2026-09-08T15:39:51Z
BS21171,2001,2001-07-04,BAYAMON,9,"Salgado, Gustavo",,4,1,3,0,0,0,0,0,1,1,0,0,0,0,0,2,single-source,wayback_bsnpr_games,https://web.archive.org/web/20011201130642id_/http://www.bsnpr.com:80/gamestatwide.asp?r=BS21171&grupo=,2026-09-08T15:39:51Z
BS21171,2001,2001-07-04,MOROVIS,1,"Rodriguez, Joseph",,14,0,3,2,3,3,3,1,2,3,0,0,0,3,0,9,single-source,wayback_bsnpr_games,https://web.archive.org/web/20011201130642id_/http://www.bsnpr.com:80/gamestatwide.asp?r=BS21171&grupo=,2026-09-08T15:39:51Z
BS21171,2001,2001-07-04,MOROVIS,10,"Pagan, Wilfredo",2290,33,4,9,4,7,4,4,1,4,5,7,2,0,3,6,24,single-source,wayback_bsnpr_games,https://web.archive.org/web/20011201130642id_/http://www.bsnpr.com:80/gamestatwide.asp?r=BS21171&grupo=,2026-09-08T15:39:51Z
BS21171,2001,2001-07-04,MOROVIS,12,"Soto, Eric",,34,1,3,2,5,0,0,2,4,6,2,4,0,3,1,8,single-source,wayback_bsnpr_games,https://web.archive.org/web/20011201130642id_/http://www.bsnpr.com:80/gamestatwide.asp?r=BS21171&grupo=,2026-09-08T15:39:51Z
BS21171,2001,2001-07-04,MOROVIS,15,"Santos, Juan",,1,2,2,0,0,0,0,0,0,0,0,0,0,0,0,4,single-source,wayback_bsnpr_games,https://web.archive.org/web/20011201130642id_/http://www.bsnpr.com:80/gamestatwide.asp?r=BS21171&grupo=,2026-09-08T15:39:51Z
BS21171,2001,2001-07-04,MOROVIS,16,"Rodriguez, Miguel",,29,1,4,2,4,0,0,2,1,3,3,0,0,0,3,8,single-source,wayback_bsnpr_games,https://web.archive.org/web/20011201130642id_/http://www.bsnpr.com:80/gamestatwide.asp?r=BS21171&grupo=,2026-09-08T15:39:51Z
BS21171,2001,2001-07-04,MOROVIS,24,"Marrero, Rafael",,9,2,3,0,1,0,0,0,0,0,1,1,0,1,1,4,single-source,wayback_bsnpr_games,https://web.archive.org/web/20011201130642id_/http://www.bsnpr.com:80/gamestatwide.asp?r=BS21171&grupo=,2026-09-08T15:39:51Z
BS21171,2001,2001-07-04,MOROVIS,33,"Medrano, George",,28,1,6,0,2,1,2,1,0,1,3,0,0,3,4,3,single-source,wayback_bsnpr_games,https://web.archive.org/web/20011201130642id_/http://www.bsnpr.com:80/gamestatwide.asp?r=BS21171&grupo=,2026-09-08T15:39:51Z
BS21171,2001,2001-07-04,MOROVIS,44,"Soto, Hugo",,2,0,0,0,1,0,0,0,0,0,0,0,0,0,0,0,single-source,wayback_bsnpr_games,https://web.archive.org/web/20011201130642id_/http://www.bsnpr.com:80/gamestatwide.asp?r=BS21171&grupo=,2026-09-08T15:39:51Z
BS21171,2001,2001-07-04,MOROVIS,45,"Davis, Nick",,38,9,20,0,0,4,14,2,13,15,0,0,6,3,3,22,single-source,wayback_bsnpr_games,https://web.archive.org/web/20011201130642id_/http://www.bsnpr.com:80/gamestatwide.asp?r=BS21171&grupo=,2026-09-08T15:39:51Z
BS21171,2001,2001-07-04,MOROVIS,8,"Rivera, Felix",,4,0,0,0,1,0,0,0,0,0,1,0,0,0,1,0,single-source,wayback_bsnpr_games,https://web.archive.org/web/20011201130642id_/http://www.bsnpr.com:80/gamestatwide.asp?r=BS21171&grupo=,2026-09-08T15:39:51Z
BS21171,2001,2001-07-04,MOROVIS,9,"Sanchez Jr, Mario",,8,0,0,1,2,0,0,0,0,0,2,1,0,0,0,3,single-source,wayback_bsnpr_games,https://web.archive.org/web/20011201130642id_/http://www.bsnpr.com:80/gamestatwide.asp?r=BS21171&grupo=,2026-09-08T15:39:51Z
BS21173,2001,2001-07-04,CAGUAS,11,"Nieves, Josue",,18,2,3,2,7,0,0,0,1,1,0,0,0,4,2,10,single-source,wayback_bsnpr_games,https://web.archive.org/web/20011224201540id_/http://www.bsnpr.com:80/gamestatwide.asp?r=BS21173&grupo=,2026-09-08T15:41:19Z
BS21173,2001,2001-07-04,CAGUAS,14,"Allende, Luis",,31,1,3,5,8,8,8,1,3,4,2,0,0,3,1,25,single-source,wayback_bsnpr_games,https://web.archive.org/web/20011224201540id_/http://www.bsnpr.com:80/gamestatwide.asp?r=BS21173&grupo=,2026-09-08T15:41:19Z
BS21173,2001,2001-07-04,CAGUAS,15,"Rivas, Luis",,10,1,3,1,2,0,0,1,2,3,0,0,0,1,1,5,single-source,wayback_bsnpr_games,https://web.archive.org/web/20011224201540id_/http://www.bsnpr.com:80/gamestatwide.asp?r=BS21173&grupo=,2026-09-08T15:41:19Z
BS21173,2001,2001-07-04,CAGUAS,21,"Rodriguez, Andres",87,7,1,1,1,1,1,2,1,1,2,3,1,0,1,1,6,single-source,wayback_bsnpr_games,https://web.archive.org/web/20011224201540id_/http://www.bsnpr.com:80/gamestatwide.asp?r=BS21173&grupo=,2026-09-08T15:41:19Z
BS21173,2001,2001-07-04,CAGUAS,25,"Carrasquillo, Tony",,25,4,5,0,0,0,0,1,5,6,1,0,2,4,1,8,single-source,wayback_bsnpr_games,https://web.archive.org/web/20011224201540id_/http://www.bsnpr.com:80/gamestatwide.asp?r=BS21173&grupo=,2026-09-08T15:41:19Z
BS21173,2001,2001-07-04,CAGUAS,32,"Sanchez, Ricardo",,1,0,0,0,1,0,0,0,0,0,0,0,0,0,0,0,single-source,wayback_bsnpr_games,https://web.archive.org/web/20011224201540id_/http://www.bsnpr.com:80/gamestatwide.asp?r=BS21173&grupo=,2026-09-08T15:41:19Z
BS21173,2001,2001-07-04,CAGUAS,36,"Torres, Peter John",,1,0,0,0,0,0,0,0,0,0,0,0,0,1,0,0,single-source,wayback_bsnpr_games,https://web.archive.org/web/20011224201540id_/http://www.bsnpr.com:80/gamestatwide.asp?r=BS21173&grupo=,2026-09-08T15:41:19Z
BS21173,2001,2001-07-04,CAGUAS,4,"Colon, Angel",,28,1,7,0,0,4,4,1,0,1,2,2,0,1,1,6,single-source,wayback_bsnpr_games,https://web.archive.org/web/20011224201540id_/http://www.bsnpr.com:80/gamestatwide.asp?r=BS21173&grupo=,2026-09-08T15:41:19Z
BS21173,2001,2001-07-04,CAGUAS,5,"Rivera, Ahmed",,1,0,0,0,0,0,0,0,0,0,0,0,0,0,0,0,single-source,wayback_bsnpr_games,https://web.archive.org/web/20011224201540id_/http://www.bsnpr.com:80/gamestatwide.asp?r=BS21173&grupo=,2026-09-08T15:41:19Z
BS21173,2001,2001-07-04,CAGUAS,6,"Burgos, Gary J.",,7,0,0,0,1,0,0,0,0,0,0,0,0,0,0,0,single-source,wayback_bsnpr_games,https://web.archive.org/web/20011224201540id_/http://www.bsnpr.com:80/gamestatwide.asp?r=BS21173&grupo=,2026-09-08T15:41:19Z
BS21173,2001,2001-07-04,CAGUAS,7,"Davila, Miguel",,32,5,10,2,4,2,3,0,5,5,10,1,0,3,2,18,single-source,wayback_bsnpr_games,https://web.archive.org/web/20011224201540id_/http://www.bsnpr.com:80/gamestatwide.asp?r=BS21173&grupo=,2026-09-08T15:41:19Z
BS21173,2001,2001-07-04,CAGUAS,8,"Farmer, Tony",,39,4,9,4,10,11,14,3,7,10,2,0,1,3,4,31,single-source,wayback_bsnpr_games,https://web.archive.org/web/20011224201540id_/http://www.bsnpr.com:80/gamestatwide.asp?r=BS21173&grupo=,2026-09-08T15:41:19Z
BS21173,2001,2001-07-04,SAN GERMAN,1,"Jackson, Leroy",1442,40,9,11,2,4,3,3,3,11,14,6,0,0,4,2,27,single-source,wayback_bsnpr_games,https://web.archive.org/web/20011224201540id_/http://www.bsnpr.com:80/gamestatwide.asp?r=BS21173&grupo=,2026-09-08T15:41:19Z
BS21173,2001,2001-07-04,SAN GERMAN,12,"Caanen, Wilhelmus",,19,0,1,2,4,0,0,0,1,1,3,1,0,5,0,6,single-source,wayback_bsnpr_games,https://web.archive.org/web/20011224201540id_/http://www.bsnpr.com:80/gamestatwide.asp?r=BS21173&grupo=,2026-09-08T15:41:19Z
BS21173,2001,2001-07-04,SAN GERMAN,13,"Fajardo, Shariff",,40,14,20,0,2,7,10,4,6,10,2,1,2,4,4,35,single-source,wayback_bsnpr_games,https://web.archive.org/web/20011224201540id_/http://www.bsnpr.com:80/gamestatwide.asp?r=BS21173&grupo=,2026-09-08T15:41:19Z
BS21173,2001,2001-07-04,SAN GERMAN,18,"Barea, Irving",,8,0,2,0,0,0,0,0,1,1,1,0,0,2,0,0,single-source,wayback_bsnpr_games,https://web.archive.org/web/20011224201540id_/http://www.bsnpr.com:80/gamestatwide.asp?r=BS21173&grupo=,2026-09-08T15:41:19Z
BS21173,2001,2001-07-04,SAN GERMAN,20,"Ayuso, Larry",574,40,9,18,4,6,7,8,4,5,9,6,1,0,4,4,37,single-source,wayback_bsnpr_games,https://web.archive.org/web/20011224201540id_/http://www.bsnpr.com:80/gamestatwide.asp?r=BS21173&grupo=,2026-09-08T15:41:19Z
BS21173,2001,2001-07-04,SAN GERMAN,32,"Lazor, Robert",2037,40,5,10,1,2,1,1,2,7,9,5,0,0,3,1,14,single-source,wayback_bsnpr_games,https://web.archive.org/web/20011224201540id_/http://www.bsnpr.com:80/gamestatwide.asp?r=BS21173&grupo=,2026-09-08T15:41:19Z
BS21173,2001,2001-07-04,SAN GERMAN,6,"Caraballo, Johnny",,7,0,1,0,1,0,0,0,0,0,2,0,0,0,0,0,single-source,wayback_bsnpr_games,https://web.archive.org/web/20011224201540id_/http://www.bsnpr.com:80/gamestatwide.asp?r=BS21173&grupo=,2026-09-08T15:41:19Z
BS21173,2001,2001-07-04,SAN GERMAN,7,"Quinonez, Nelson",,6,0,1,1,1,0,0,0,0,0,0,0,0,1,0,3,single-source,wayback_bsnpr_games,https://web.archive.org/web/20011224201540id_/http://www.bsnpr.com:80/gamestatwide.asp?r=BS21173&grupo=,2026-09-08T15:41:19Z
BS21176,2001,2001-07-05,COAMO,10,"Rivera, Filiberto",704,40,5,11,2,5,1,2,0,3,3,2,2,0,1,2,17,single-source,wayback_bsnpr_games,https://web.archive.org/web/20011101183536id_/http://www.bsnpr.com:80/gamestatwide.asp?r=BS21176&grupo=,2026-09-08T15:38:16Z
BS21176,2001,2001-07-05,COAMO,12,"Miller, Ira",,43,4,10,4,10,3,5,6,5,11,3,3,0,2,5,23,single-source,wayback_bsnpr_games,https://web.archive.org/web/20011101183536id_/http://www.bsnpr.com:80/gamestatwide.asp?r=BS21176&grupo=,2026-09-08T15:38:16Z
BS21176,2001,2001-07-05,COAMO,16,"Rivera, Angel",,17,1,2,0,1,2,4,0,0,0,0,0,1,1,1,4,single-source,wayback_bsnpr_games,https://web.archive.org/web/20011101183536id_/http://www.bsnpr.com:80/gamestatwide.asp?r=BS21176&grupo=,2026-09-08T15:38:16Z
BS21176,2001,2001-07-05,COAMO,17,"Shamsid Deen, Abdul",,38,5,13,0,0,2,2,7,4,11,1,1,0,5,2,12,single-source,wayback_bsnpr_games,https://web.archive.org/web/20011101183536id_/http://www.bsnpr.com:80/gamestatwide.asp?r=BS21176&grupo=,2026-09-08T15:38:16Z
BS21176,2001,2001-07-05,COAMO,19,"Latimer, Antonio",193,45,8,15,0,4,2,5,1,11,12,2,2,1,1,5,18,single-source,wayback_bsnpr_games,https://web.archive.org/web/20011101183536id_/http://www.bsnpr.com:80/gamestatwide.asp?r=BS21176&grupo=,2026-09-08T15:38:16Z
BS21176,2001,2001-07-05,COAMO,5,"Rivera, Ray",,12,1,3,1,2,1,1,1,2,3,0,0,1,2,1,6,single-source,wayback_bsnpr_games,https://web.archive.org/web/20011101183536id_/http://www.bsnpr.com:80/gamestatwide.asp?r=BS21176&grupo=,2026-09-08T15:38:16Z
BS21176,2001,2001-07-05,COAMO,6,"Escalera, Carlos",284,43,7,13,1,7,6,7,2,0,2,6,0,0,1,2,23,single-source,wayback_bsnpr_games,https://web.archive.org/web/20011101183536id_/http://www.bsnpr.com:80/gamestatwide.asp?r=BS21176&grupo=,2026-09-08T15:38:16Z
BS21176,2001,2001-07-05,COAMO,7,"Berdiel, Miguel",1666,12,1,2,1,2,3,4,1,2,3,0,0,0,0,2,8,single-source,wayback_bsnpr_games,https://web.archive.org/web/20011101183536id_/http://www.bsnpr.com:80/gamestatwide.asp?r=BS21176&grupo=,2026-09-08T15:38:16Z
BS21176,2001,2001-07-05,SANTURCE,1,"Lopez, Jose",,5,0,0,0,1,0,0,0,2,2,2,0,0,0,0,0,single-source,wayback_bsnpr_games,https://web.archive.org/web/20011101183536id_/http://www.bsnpr.com:80/gamestatwide.asp?r=BS21176&grupo=,2026-09-08T15:38:16Z
BS21176,2001,2001-07-05,SANTURCE,10,"Arroyo, Alberto",,3,0,0,0,0,0,0,0,0,0,0,0,0,1,1,0,single-source,wayback_bsnpr_games,https://web.archive.org/web/20011101183536id_/http://www.bsnpr.com:80/gamestatwide.asp?r=BS21176&grupo=,2026-09-08T15:38:16Z
BS21176,2001,2001-07-05,SANTURCE,11,"Benson, Mark",,32,2,3,3,5,2,2,2,6,8,2,1,0,5,5,15,single-source,wayback_bsnpr_games,https://web.archive.org/web/20011101183536id_/http://www.bsnpr.com:80/gamestatwide.asp?r=BS21176&grupo=,2026-09-08T15:38:16Z
BS21176,2001,2001-07-05,SANTURCE,12,"Houroutunier, Rolando",,32,3,10,1,2,0,0,0,6,6,3,0,0,5,4,9,single-source,wayback_bsnpr_games,https://web.archive.org/web/20011101183536id_/http://www.bsnpr.com:80/gamestatwide.asp?r=BS21176&grupo=,2026-09-08T15:38:16Z
BS21176,2001,2001-07-05,SANTURCE,33,"Falcon, Alex",,20,11,13,0,0,0,0,1,2,3,0,0,0,2,1,22,single-source,wayback_bsnpr_games,https://web.archive.org/web/20011101183536id_/http://www.bsnpr.com:80/gamestatwide.asp?r=BS21176&grupo=,2026-09-08T15:38:16Z
BS21176,2001,2001-07-05,SANTURCE,4,"Ortiz, Jose",,23,8,13,0,1,5,5,3,8,11,4,1,2,1,1,21,single-source,wayback_bsnpr_games,https://web.archive.org/web/20011101183536id_/http://www.bsnpr.com:80/gamestatwide.asp?r=BS21176&grupo=,2026-09-08T15:38:16Z
BS21176,2001,2001-07-05,SANTURCE,42,"Aubry, Jeffrey",,11,0,2,0,0,0,0,0,2,2,1,1,1,2,2,0,single-source,wayback_bsnpr_games,https://web.archive.org/web/20011101183536id_/http://www.bsnpr.com:80/gamestatwide.asp?r=BS21176&grupo=,2026-09-08T15:38:16Z
BS21176,2001,2001-07-05,SANTURCE,44,"Bocachica, Armando",,10,2,3,1,2,2,3,2,1,3,0,0,0,3,3,9,single-source,wayback_bsnpr_games,https://web.archive.org/web/20011101183536id_/http://www.bsnpr.com:80/gamestatwide.asp?r=BS21176&grupo=,2026-09-08T15:38:16Z
BS21176,2001,2001-07-05,SANTURCE,5,"Santiago, Orlando",,43,0,2,3,10,0,0,0,1,1,11,3,0,2,5,9,single-source,wayback_bsnpr_games,https://web.archive.org/web/20011101183536id_/http://www.bsnpr.com:80/gamestatwide.asp?r=BS21176&grupo=,2026-09-08T15:38:16Z
BS21176,2001,2001-07-05,SANTURCE,55,"Butler, Mario",,10,2,3,0,0,0,0,1,1,2,1,0,0,2,1,4,single-source,wayback_bsnpr_games,https://web.archive.org/web/20011101183536id_/http://www.bsnpr.com:80/gamestatwide.asp?r=BS21176&grupo=,2026-09-08T15:38:16Z
BS21176,2001,2001-07-05,SANTURCE,8,"Triminghan, Leon",,39,11,16,0,1,1,1,3,7,10,1,4,3,4,3,23,single-source,wayback_bsnpr_games,https://web.archive.org/web/20011101183536id_/http://www.bsnpr.com:80/gamestatwide.asp?r=BS21176&grupo=,2026-09-08T15:38:16Z
BS21176,2001,2001-07-05,SANTURCE,9,"Santiago, Edwin",,22,2,6,1,2,3,3,0,3,3,4,1,0,1,1,10,single-source,wayback_bsnpr_games,https://web.archive.org/web/20011101183536id_/http://www.bsnpr.com:80/gamestatwide.asp?r=BS21176&grupo=,2026-09-08T15:38:16Z
BS21184,2001,2001-07-18,QUEBRADILLAS,10,"Jimenez, Giovanni",812,7,0,1,0,1,0,0,0,1,1,0,0,0,0,0,0,single-source,wayback_bsnpr_games,https://web.archive.org/web/20011101183731id_/http://www.bsnpr.com:80/gamestatwide.asp?r=BS21184&grupo=,2026-09-08T15:38:22Z
BS21184,2001,2001-07-18,QUEBRADILLAS,11,"Curbelo, Joel",,27,2,4,1,7,0,0,1,1,2,0,1,0,3,1,7,single-source,wayback_bsnpr_games,https://web.archive.org/web/20011101183731id_/http://www.bsnpr.com:80/gamestatwide.asp?r=BS21184&grupo=,2026-09-08T15:38:22Z
BS21184,2001,2001-07-18,QUEBRADILLAS,12,"Colon, Francisco",,21,1,3,1,1,0,0,2,1,3,1,1,0,3,2,5,single-source,wayback_bsnpr_games,https://web.archive.org/web/20011101183731id_/http://www.bsnpr.com:80/gamestatwide.asp?r=BS21184&grupo=,2026-09-08T15:38:22Z
BS21184,2001,2001-07-18,QUEBRADILLAS,14,"King, Kirk",,27,4,11,0,0,5,6,3,3,6,1,0,0,3,0,13,single-source,wayback_bsnpr_games,https://web.archive.org/web/20011101183731id_/http://www.bsnpr.com:80/gamestatwide.asp?r=BS21184&grupo=,2026-09-08T15:38:22Z
BS21184,2001,2001-07-18,QUEBRADILLAS,15,"Perez, Felix Javier",,9,2,3,0,0,0,0,0,3,3,0,0,0,1,0,4,single-source,wayback_bsnpr_games,https://web.archive.org/web/20011101183731id_/http://www.bsnpr.com:80/gamestatwide.asp?r=BS21184&grupo=,2026-09-08T15:38:22Z
BS21184,2001,2001-07-18,QUEBRADILLAS,16,"Johnson, Rahim",,26,4,9,1,6,0,0,3,3,6,2,2,0,2,2,11,single-source,wayback_bsnpr_games,https://web.archive.org/web/20011101183731id_/http://www.bsnpr.com:80/gamestatwide.asp?r=BS21184&grupo=,2026-09-08T15:38:22Z
BS21184,2001,2001-07-18,QUEBRADILLAS,17,"Morales, Alfredo",,7,0,0,0,1,0,0,0,0,0,1,1,0,0,0,0,single-source,wayback_bsnpr_games,https://web.archive.org/web/20011101183731id_/http://www.bsnpr.com:80/gamestatwide.asp?r=BS21184&grupo=,2026-09-08T15:38:22Z
BS21184,2001,2001-07-18,QUEBRADILLAS,18,"Ruiz, Ivan",,8,1,1,0,0,0,0,0,0,0,0,0,0,3,0,2,single-source,wayback_bsnpr_games,https://web.archive.org/web/20011101183731id_/http://www.bsnpr.com:80/gamestatwide.asp?r=BS21184&grupo=,2026-09-08T15:38:22Z
BS21184,2001,2001-07-18,QUEBRADILLAS,4,"Morales, Elisamuel",,13,2,4,1,2,0,1,0,3,3,2,0,0,2,3,7,single-source,wayback_bsnpr_games,https://web.archive.org/web/20011101183731id_/http://www.bsnpr.com:80/gamestatwide.asp?r=BS21184&grupo=,2026-09-08T15:38:22Z
BS21184,2001,2001-07-18,QUEBRADILLAS,6,"Arrufat, Eduardo",,15,2,3,2,4,0,0,1,2,3,3,0,0,2,1,10,single-source,wayback_bsnpr_games,https://web.archive.org/web/20011101183731id_/http://www.bsnpr.com:80/gamestatwide.asp?r=BS21184&grupo=,2026-09-08T15:38:22Z
BS21184,2001,2001-07-18,QUEBRADILLAS,7,"Dalmau, Ricardo",1992,27,3,10,1,6,3,4,1,1,2,4,2,1,2,5,12,single-source,wayback_bsnpr_games,https://web.archive.org/web/20011101183731id_/http://www.bsnpr.com:80/gamestatwide.asp?r=BS21184&grupo=,2026-09-08T15:38:22Z
BS21184,2001,2001-07-18,QUEBRADILLAS,9,"Melendez, Pavel",,13,1,3,1,3,2,2,2,2,4,0,0,0,2,0,7,single-source,wayback_bsnpr_games,https://web.archive.org/web/20011101183731id_/http://www.bsnpr.com:80/gamestatwide.asp?r=BS21184&grupo=,2026-09-08T15:38:22Z
BS21184,2001,2001-07-18,SANTURCE,1,"Lopez, Jose",,14,1,2,2,2,2,2,3,3,6,4,1,0,2,1,10,single-source,wayback_bsnpr_games,https://web.archive.org/web/20011101183731id_/http://www.bsnpr.com:80/gamestatwide.asp?r=BS21184&grupo=,2026-09-08T15:38:22Z
BS21184,2001,2001-07-18,SANTURCE,10,"Arroyo, Alberto",,12,1,2,0,3,4,4,1,1,2,2,0,0,1,1,6,single-source,wayback_bsnpr_games,https://web.archive.org/web/20011101183731id_/http://www.bsnpr.com:80/gamestatwide.asp?r=BS21184&grupo=,2026-09-08T15:38:22Z
BS21184,2001,2001-07-18,SANTURCE,11,"Benson, Mark",,22,0,1,2,4,0,0,0,1,1,2,1,1,1,0,6,single-source,wayback_bsnpr_games,https://web.archive.org/web/20011101183731id_/http://www.bsnpr.com:80/gamestatwide.asp?r=BS21184&grupo=,2026-09-08T15:38:22Z
BS21184,2001,2001-07-18,SANTURCE,12,"Houruitiner, Rolando",,20,1,3,1,2,4,6,1,3,4,2,0,1,2,0,9,single-source,wayback_bsnpr_games,https://web.archive.org/web/20011101183731id_/http://www.bsnpr.com:80/gamestatwide.asp?r=BS21184&grupo=,2026-09-08T15:38:22Z
BS21184,2001,2001-07-18,SANTURCE,33,"Falcon, Alex",,11,3,3,0,0,1,2,1,1,2,1,0,0,1,1,7,single-source,wayback_bsnpr_games,https://web.archive.org/web/20011101183731id_/http://www.bsnpr.com:80/gamestatwide.asp?r=BS21184&grupo=,2026-09-08T15:38:22Z
BS21184,2001,2001-07-18,SANTURCE,4,"Ortiz, Jose",,17,5,6,1,1,0,0,1,6,7,2,1,1,1,3,13,single-source,wayback_bsnpr_games,https://web.archive.org/web/20011101183731id_/http://www.bsnpr.com:80/gamestatwide.asp?r=BS21184&grupo=,2026-09-08T15:38:22Z
BS21184,2001,2001-07-18,SANTURCE,42,"Aubry, Jeffrey",,6,1,1,0,0,1,2,2,2,4,1,0,0,0,1,3,single-source,wayback_bsnpr_games,https://web.archive.org/web/20011101183731id_/http://www.bsnpr.com:80/gamestatwide.asp?r=BS21184&grupo=,2026-09-08T15:38:22Z
BS21184,2001,2001-07-18,SANTURCE,44,"Bocachica, Cesar Armando",,16,4,8,1,3,0,0,2,1,3,0,0,0,1,1,11,single-source,wayback_bsnpr_games,https://web.archive.org/web/20011101183731id_/http://www.bsnpr.com:80/gamestatwide.asp?r=BS21184&grupo=,2026-09-08T15:38:22Z
BS21184,2001,2001-07-18,SANTURCE,5,"Santiago, Orlando",,27,0,1,6,11,2,2,2,4,6,9,2,0,1,3,20,single-source,wayback_bsnpr_games,https://web.archive.org/web/20011101183731id_/http://www.bsnpr.com:80/gamestatwide.asp?r=BS21184&grupo=,2026-09-08T15:38:22Z
BS21184,2001,2001-07-18,SANTURCE,55,"Butler, Mario",,17,0,1,0,0,5,8,2,5,7,1,0,0,1,0,5,single-source,wayback_bsnpr_games,https://web.archive.org/web/20011101183731id_/http://www.bsnpr.com:80/gamestatwide.asp?r=BS21184&grupo=,2026-09-08T15:38:22Z
BS21184,2001,2001-07-18,SANTURCE,8,"Triminghan, Leon",,17,5,8,0,0,4,5,1,8,9,3,0,0,3,0,14,single-source,wayback_bsnpr_games,https://web.archive.org/web/20011101183731id_/http://www.bsnpr.com:80/gamestatwide.asp?r=BS21184&grupo=,2026-09-08T15:38:22Z
BS21184,2001,2001-07-18,SANTURCE,9,"Santiago, Edwin",,21,4,10,0,1,2,2,1,2,3,2,2,0,2,2,10,single-source,wayback_bsnpr_games,https://web.archive.org/web/20011101183731id_/http://www.bsnpr.com:80/gamestatwide.asp?r=BS21184&grupo=,2026-09-08T15:38:22Z
BS21185,2001,2001-07-18,BAYAMON,0,"Miller, Kenny",,26,7,13,0,0,2,2,5,8,13,1,1,2,4,5,16,single-source,wayback_bsnpr_games,https://web.archive.org/web/20011201131532id_/http://www.bsnpr.com:80/gamestatwide.asp?r=BS21185&grupo=,2026-09-08T15:39:53Z
BS21185,2001,2001-07-18,BAYAMON,10,"Cruz, Alvin",,2,0,0,0,0,0,0,0,0,0,1,0,0,0,0,0,single-source,wayback_bsnpr_games,https://web.archive.org/web/20011201131532id_/http://www.bsnpr.com:80/gamestatwide.asp?r=BS21185&grupo=,2026-09-08T15:39:53Z
BS21185,2001,2001-07-18,BAYAMON,12,"Padilla, Edgar",,34,1,4,1,4,2,2,0,2,2,3,4,1,2,5,7,single-source,wayback_bsnpr_games,https://web.archive.org/web/20011201131532id_/http://www.bsnpr.com:80/gamestatwide.asp?r=BS21185&grupo=,2026-09-08T15:39:53Z
BS21185,2001,2001-07-18,BAYAMON,13,"Payano, Carlos",,19,4,8,1,4,2,3,3,1,4,2,1,0,2,0,13,single-source,wayback_bsnpr_games,https://web.archive.org/web/20011201131532id_/http://www.bsnpr.com:80/gamestatwide.asp?r=BS21185&grupo=,2026-09-08T15:39:53Z
BS21185,2001,2001-07-18,BAYAMON,17,"Mincy, Jerome",1032,35,5,8,1,3,1,2,5,10,15,1,1,1,3,2,14,single-source,wayback_bsnpr_games,https://web.archive.org/web/20011201131532id_/http://www.bsnpr.com:80/gamestatwide.asp?r=BS21185&grupo=,2026-09-08T15:39:53Z
BS21185,2001,2001-07-18,BAYAMON,20,"Rivera, Joshua",,1,2,3,0,0,0,0,1,0,1,0,0,0,1,0,4,single-source,wayback_bsnpr_games,https://web.archive.org/web/20011201131532id_/http://www.bsnpr.com:80/gamestatwide.asp?r=BS21185&grupo=,2026-09-08T15:39:53Z
BS21185,2001,2001-07-18,BAYAMON,32,"Santiago, Eddin",502,12,0,1,1,2,0,0,1,1,2,0,0,0,2,1,3,single-source,wayback_bsnpr_games,https://web.archive.org/web/20011201131532id_/http://www.bsnpr.com:80/gamestatwide.asp?r=BS21185&grupo=,2026-09-08T15:39:53Z
BS21185,2001,2001-07-18,BAYAMON,4,"Western, Franklyn",,24,8,14,0,0,0,2,2,6,8,3,0,0,3,0,16,single-source,wayback_bsnpr_games,https://web.archive.org/web/20011201131532id_/http://www.bsnpr.com:80/gamestatwide.asp?r=BS21185&grupo=,2026-09-08T15:39:53Z
BS21185,2001,2001-07-18,BAYAMON,44,"Nova, Rafael",,13,1,4,0,0,1,2,2,3,5,0,0,0,0,0,3,single-source,wayback_bsnpr_games,https://web.archive.org/web/20011201131532id_/http://www.bsnpr.com:80/gamestatwide.asp?r=BS21185&grupo=,2026-09-08T15:39:53Z
BS21185,2001,2001-07-18,BAYAMON,6,"Travieso, Carmelo",,30,3,8,1,7,3,4,0,5,5,0,1,0,1,2,12,single-source,wayback_bsnpr_games,https://web.archive.org/web/20011201131532id_/http://www.bsnpr.com:80/gamestatwide.asp?r=BS21185&grupo=,2026-09-08T15:39:53Z
BS21185,2001,2001-07-18,BAYAMON,9,"Salgado, Gustavo",,4,1,3,0,0,0,0,1,0,1,0,0,0,1,0,2,single-source,wayback_bsnpr_games,https://web.archive.org/web/20011201131532id_/http://www.bsnpr.com:80/gamestatwide.asp?r=BS21185&grupo=,2026-09-08T15:39:53Z
BS21185,2001,2001-07-18,CAGUAS,10,"Rivera, Alexander",,1,0,0,0,1,0,0,0,0,0,0,0,0,0,0,0,single-source,wayback_bsnpr_games,https://web.archive.org/web/20011201131532id_/http://www.bsnpr.com:80/gamestatwide.asp?r=BS21185&grupo=,2026-09-08T15:39:53Z
BS21185,2001,2001-07-18,CAGUAS,11,"Nieves, Josue",,28,1,3,3,9,0,0,0,1,1,1,0,0,3,4,11,single-source,wayback_bsnpr_games,https://web.archive.org/web/20011201131532id_/http://www.bsnpr.com:80/gamestatwide.asp?r=BS21185&grupo=,2026-09-08T15:39:53Z
BS21185,2001,2001-07-18,CAGUAS,14,"Allende, Luis",,35,5,8,1,3,5,6,2,3,5,3,0,0,3,3,18,single-source,wayback_bsnpr_games,https://web.archive.org/web/20011201131532id_/http://www.bsnpr.com:80/gamestatwide.asp?r=BS21185&grupo=,2026-09-08T15:39:53Z
BS21185,2001,2001-07-18,CAGUAS,15,"Rivas, Luis",,14,4,12,0,1,0,2,4,2,6,0,0,0,0,0,8,single-source,wayback_bsnpr_games,https://web.archive.org/web/20011201131532id_/http://www.bsnpr.com:80/gamestatwide.asp?r=BS21185&grupo=,2026-09-08T15:39:53Z
BS21185,2001,2001-07-18,CAGUAS,20,"Rivera, Hecmar",,1,0,0,0,0,0,0,0,1,1,0,0,0,0,0,0,single-source,wayback_bsnpr_games,https://web.archive.org/web/20011201131532id_/http://www.bsnpr.com:80/gamestatwide.asp?r=BS21185&grupo=,2026-09-08T15:39:53Z
BS21185,2001,2001-07-18,CAGUAS,21,"Rodriguez, Andres",87,8,1,4,0,1,0,0,1,1,2,1,0,0,2,1,2,single-source,wayback_bsnpr_games,https://web.archive.org/web/20011201131532id_/http://www.bsnpr.com:80/gamestatwide.asp?r=BS21185&grupo=,2026-09-08T15:39:53Z
BS21185,2001,2001-07-18,CAGUAS,25,"Carrasquillo, Antonio",,22,2,3,0,2,0,1,4,6,10,1,1,1,4,2,4,single-source,wayback_bsnpr_games,https://web.archive.org/web/20011201131532id_/http://www.bsnpr.com:80/gamestatwide.asp?r=BS21185&grupo=,2026-09-08T15:39:53Z
BS21185,2001,2001-07-18,CAGUAS,4,"Colon, Angel Luis",,18,3,8,0,1,0,0,1,0,1,1,2,0,1,1,6,single-source,wayback_bsnpr_games,https://web.archive.org/web/20011201131532id_/http://www.bsnpr.com:80/gamestatwide.asp?r=BS21185&grupo=,2026-09-08T15:39:53Z
BS21185,2001,2001-07-18,CAGUAS,5,"Rivera, Ahmed",,1,0,0,0,0,0,0,0,0,0,0,0,0,0,0,0,single-source,wayback_bsnpr_games,https://web.archive.org/web/20011201131532id_/http://www.bsnpr.com:80/gamestatwide.asp?r=BS21185&grupo=,2026-09-08T15:39:53Z
BS21185,2001,2001-07-18,CAGUAS,6,"Burgos, Gary Joe",,7,0,0,0,0,0,2,0,0,0,0,1,0,1,1,0,single-source,wayback_bsnpr_games,https://web.archive.org/web/20011201131532id_/http://www.bsnpr.com:80/gamestatwide.asp?r=BS21185&grupo=,2026-09-08T15:39:53Z
BS21185,2001,2001-07-18,CAGUAS,7,"Davila, Michelo",1660,29,3,5,1,5,2,4,1,6,7,8,0,0,3,5,11,single-source,wayback_bsnpr_games,https://web.archive.org/web/20011201131532id_/http://www.bsnpr.com:80/gamestatwide.asp?r=BS21185&grupo=,2026-09-08T15:39:53Z
BS21185,2001,2001-07-18,CAGUAS,8,"Farmer, Anthony",,36,2,8,1,5,2,2,3,7,10,2,0,2,1,0,9,single-source,wayback_bsnpr_games,https://web.archive.org/web/20011201131532id_/http://www.bsnpr.com:80/gamestatwide.asp?r=BS21185&grupo=,2026-09-08T15:39:53Z
BS21186,2001,2001-07-18,AIBONITO,10,"Melendez, Orlando",,25,5,7,0,2,0,0,2,2,4,0,0,1,1,2,10,single-source,wayback_bsnpr_games,https://web.archive.org/web/20010901052947id_/http://www.bsnpr.com:80/gamestatwide.asp?r=BS21186&GRUPO=PO99&SERIE=4,2026-09-08T15:36:40Z
BS21186,2001,2001-07-18,AIBONITO,11,"Venzen, Gilberto",,12,2,3,0,2,2,2,1,3,4,0,1,0,0,1,6,single-source,wayback_bsnpr_games,https://web.archive.org/web/20010901052947id_/http://www.bsnpr.com:80/gamestatwide.asp?r=BS21186&GRUPO=PO99&SERIE=4,2026-09-08T15:36:40Z
BS21186,2001,2001-07-18,AIBONITO,12,"Hernandez, Jose Jason",1232,33,5,7,2,2,0,0,0,2,2,5,1,0,5,4,16,single-source,wayback_bsnpr_games,https://web.archive.org/web/20010901052947id_/http://www.bsnpr.com:80/gamestatwide.asp?r=BS21186&GRUPO=PO99&SERIE=4,2026-09-08T15:36:40Z
BS21186,2001,2001-07-18,AIBONITO,13,"Rosario, Rich",,15,1,2,1,2,3,4,0,0,0,2,0,0,3,4,8,single-source,wayback_bsnpr_games,https://web.archive.org/web/20010901052947id_/http://www.bsnpr.com:80/gamestatwide.asp?r=BS21186&GRUPO=PO99&SERIE=4,2026-09-08T15:36:40Z
BS21186,2001,2001-07-18,AIBONITO,16,"Murray, Joseph",,45,8,9,0,0,6,13,3,14,17,0,1,0,4,2,22,single-source,wayback_bsnpr_games,https://web.archive.org/web/20010901052947id_/http://www.bsnpr.com:80/gamestatwide.asp?r=BS21186&GRUPO=PO99&SERIE=4,2026-09-08T15:36:40Z
BS21186,2001,2001-07-18,AIBONITO,17,"Wilson, Monty",,45,10,12,1,6,5,7,1,6,7,9,2,0,3,9,28,single-source,wayback_bsnpr_games,https://web.archive.org/web/20010901052947id_/http://www.bsnpr.com:80/gamestatwide.asp?r=BS21186&GRUPO=PO99&SERIE=4,2026-09-08T15:36:40Z
BS21186,2001,2001-07-18,AIBONITO,8,"Hidalgo, Christopher",,29,2,6,3,4,0,0,0,0,0,2,0,1,1,0,13,single-source,wayback_bsnpr_games,https://web.archive.org/web/20010901052947id_/http://www.bsnpr.com:80/gamestatwide.asp?r=BS21186&GRUPO=PO99&SERIE=4,2026-09-08T15:36:40Z
BS21186,2001,2001-07-18,AIBONITO,9,"Rodriguez, Erick",624,21,0,1,1,3,0,0,1,3,4,0,0,0,1,0,3,single-source,wayback_bsnpr_games,https://web.archive.org/web/20010901052947id_/http://www.bsnpr.com:80/gamestatwide.asp?r=BS21186&GRUPO=PO99&SERIE=4,2026-09-08T15:36:40Z
BS21186,2001,2001-07-18,SAN GERMAN,1,"Jackson, Leroy",1442,39,5,7,1,4,1,1,1,5,6,0,3,0,5,3,14,single-source,wayback_bsnpr_games,https://web.archive.org/web/20010901052947id_/http://www.bsnpr.com:80/gamestatwide.asp?r=BS21186&GRUPO=PO99&SERIE=4,2026-09-08T15:36:40Z
BS21186,2001,2001-07-18,SAN GERMAN,12,"Caanen, Wilhemus",,9,1,2,0,1,0,0,0,1,1,0,0,0,2,1,2,single-source,wayback_bsnpr_games,https://web.archive.org/web/20010901052947id_/http://www.bsnpr.com:80/gamestatwide.asp?r=BS21186&GRUPO=PO99&SERIE=4,2026-09-08T15:36:40Z
BS21186,2001,2001-07-18,SAN GERMAN,17,"Dalmau, Christian",382,45,5,11,5,7,8,8,1,3,4,6,1,1,3,1,33,single-source,wayback_bsnpr_games,https://web.archive.org/web/20010901052947id_/http://www.bsnpr.com:80/gamestatwide.asp?r=BS21186&GRUPO=PO99&SERIE=4,2026-09-08T15:36:40Z
BS21186,2001,2001-07-18,SAN GERMAN,18,"Barea, Irving",,20,1,4,0,0,0,0,0,2,2,0,0,0,5,2,2,single-source,wayback_bsnpr_games,https://web.archive.org/web/20010901052947id_/http://www.bsnpr.com:80/gamestatwide.asp?r=BS21186&GRUPO=PO99&SERIE=4,2026-09-08T15:36:40Z
BS21186,2001,2001-07-18,SAN GERMAN,20,"Ayuso, Larry",574,45,9,14,3,8,1,3,2,1,3,2,3,0,3,3,28,single-source,wayback_bsnpr_games,https://web.archive.org/web/20010901052947id_/http://www.bsnpr.com:80/gamestatwide.asp?r=BS21186&GRUPO=PO99&SERIE=4,2026-09-08T15:36:40Z
BS21186,2001,2001-07-18,SAN GERMAN,24,"Pryor, Sean",2156,10,0,0,0,1,0,0,0,1,1,0,0,0,5,0,0,single-source,wayback_bsnpr_games,https://web.archive.org/web/20010901052947id_/http://www.bsnpr.com:80/gamestatwide.asp?r=BS21186&GRUPO=PO99&SERIE=4,2026-09-08T15:36:40Z
BS21186,2001,2001-07-18,SAN GERMAN,32,"Lazor, Robert",2037,45,8,13,2,2,3,4,4,5,9,2,1,0,3,4,25,single-source,wayback_bsnpr_games,https://web.archive.org/web/20010901052947id_/http://www.bsnpr.com:80/gamestatwide.asp?r=BS21186&GRUPO=PO99&SERIE=4,2026-09-08T15:36:40Z
BS21186,2001,2001-07-18,SAN GERMAN,7,"Quinonez, Nelson",,12,0,1,1,4,0,0,0,0,0,0,0,0,0,0,3,single-source,wayback_bsnpr_games,https://web.archive.org/web/20010901052947id_/http://www.bsnpr.com:80/gamestatwide.asp?r=BS21186&GRUPO=PO99&SERIE=4,2026-09-08T15:36:40Z
BS21188,2001,2001-07-19,CAGUAS,11,"Nieves, Josue",,23,1,6,4,7,3,4,3,2,5,0,0,0,3,2,17,single-source,wayback_bsnpr_games,https://web.archive.org/web/20011101183537id_/http://www.bsnpr.com:80/gamestatwide.asp?r=BS21188&grupo=,2026-09-08T15:38:18Z
BS21188,2001,2001-07-19,CAGUAS,14,"Allende, Luis",,31,3,8,1,6,0,0,3,1,4,1,1,0,2,3,9,single-source,wayback_bsnpr_games,https://web.archive.org/web/20011101183537id_/http://www.bsnpr.com:80/gamestatwide.asp?r=BS21188&grupo=,2026-09-08T15:38:18Z
BS21188,2001,2001-07-19,CAGUAS,15,"Rivas, Luis",,12,0,2,0,1,2,4,1,3,4,1,1,0,0,1,2,single-source,wayback_bsnpr_games,https://web.archive.org/web/20011101183537id_/http://www.bsnpr.com:80/gamestatwide.asp?r=BS21188&grupo=,2026-09-08T15:38:18Z
BS21188,2001,2001-07-19,CAGUAS,25,"Carrasquillo, Antonio",,36,4,7,1,7,1,1,1,9,10,3,0,1,3,1,12,single-source,wayback_bsnpr_games,https://web.archive.org/web/20011101183537id_/http://www.bsnpr.com:80/gamestatwide.asp?r=BS21188&grupo=,2026-09-08T15:38:18Z
BS21188,2001,2001-07-19,CAGUAS,4,"Colon, Angel",,19,2,3,0,3,0,0,2,1,3,2,2,0,2,1,4,single-source,wayback_bsnpr_games,https://web.archive.org/web/20011101183537id_/http://www.bsnpr.com:80/gamestatwide.asp?r=BS21188&grupo=,2026-09-08T15:38:18Z
BS21188,2001,2001-07-19,CAGUAS,6,"Burgos, Gary Joe",,8,0,0,0,0,0,0,0,1,1,0,2,0,2,0,0,single-source,wayback_bsnpr_games,https://web.archive.org/web/20011101183537id_/http://www.bsnpr.com:80/gamestatwide.asp?r=BS21188&grupo=,2026-09-08T15:38:18Z
BS21188,2001,2001-07-19,CAGUAS,7,"Davila, Michael",,31,3,4,4,6,6,7,1,3,4,7,1,0,1,1,24,single-source,wayback_bsnpr_games,https://web.archive.org/web/20011101183537id_/http://www.bsnpr.com:80/gamestatwide.asp?r=BS21188&grupo=,2026-09-08T15:38:18Z
BS21188,2001,2001-07-19,CAGUAS,8,"Farmer, Tony",,40,2,8,3,8,2,2,2,5,7,2,0,0,3,4,15,single-source,wayback_bsnpr_games,https://web.archive.org/web/20011101183537id_/http://www.bsnpr.com:80/gamestatwide.asp?r=BS21188&grupo=,2026-09-08T15:38:18Z
BS21188,2001,2001-07-19,SANTURCE,1,"Lopez, Jose",,1,0,1,0,0,0,0,0,0,0,0,0,0,0,0,0,single-source,wayback_bsnpr_games,https://web.archive.org/web/20011101183537id_/http://www.bsnpr.com:80/gamestatwide.asp?r=BS21188&grupo=,2026-09-08T15:38:18Z
BS21188,2001,2001-07-19,SANTURCE,10,"Arroyo, Alberto",,4,0,0,0,0,0,0,0,0,0,0,0,0,1,0,0,single-source,wayback_bsnpr_games,https://web.archive.org/web/20011101183537id_/http://www.bsnpr.com:80/gamestatwide.asp?r=BS21188&grupo=,2026-09-08T15:38:18Z
BS21188,2001,2001-07-19,SANTURCE,11,"Benson, Mark",,30,1,1,3,5,0,0,1,5,6,2,1,1,4,2,11,single-source,wayback_bsnpr_games,https://web.archive.org/web/20011101183537id_/http://www.bsnpr.com:80/gamestatwide.asp?r=BS21188&grupo=,2026-09-08T15:38:18Z
BS21188,2001,2001-07-19,SANTURCE,12,"Horrutunier, Rolando",,34,1,3,2,3,1,2,1,3,4,1,1,3,1,1,9,single-source,wayback_bsnpr_games,https://web.archive.org/web/20011101183537id_/http://www.bsnpr.com:80/gamestatwide.asp?r=BS21188&grupo=,2026-09-08T15:38:18Z
BS21188,2001,2001-07-19,SANTURCE,33,"Falcon, Alex",,16,5,8,0,0,0,0,1,5,6,0,1,0,3,2,10,single-source,wayback_bsnpr_games,https://web.archive.org/web/20011101183537id_/http://www.bsnpr.com:80/gamestatwide.asp?r=BS21188&grupo=,2026-09-08T15:38:18Z
BS21188,2001,2001-07-19,SANTURCE,4,"Ortiz, Jose",,40,12,28,0,1,2,3,6,9,15,2,0,3,3,1,26,single-source,wayback_bsnpr_games,https://web.archive.org/web/20011101183537id_/http://www.bsnpr.com:80/gamestatwide.asp?r=BS21188&grupo=,2026-09-08T15:38:18Z
BS21188,2001,2001-07-19,SANTURCE,44,"Bocachica, Armando",,7,0,1,0,0,0,0,0,0,0,0,0,1,0,0,0,single-source,wayback_bsnpr_games,https://web.archive.org/web/20011101183537id_/http://www.bsnpr.com:80/gamestatwide.asp?r=BS21188&grupo=,2026-09-08T15:38:18Z
BS21188,2001,2001-07-19,SANTURCE,5,"Santiago, Orlando",,39,3,6,2,6,6,6,0,3,3,11,1,0,3,4,18,single-source,wayback_bsnpr_games,https://web.archive.org/web/20011101183537id_/http://www.bsnpr.com:80/gamestatwide.asp?r=BS21188&grupo=,2026-09-08T15:38:18Z
BS21188,2001,2001-07-19,SANTURCE,8,"Trimingham, Leon",,21,7,11,1,1,3,3,1,3,4,0,2,0,4,5,20,single-source,wayback_bsnpr_games,https://web.archive.org/web/20011101183537id_/http://www.bsnpr.com:80/gamestatwide.asp?r=BS21188&grupo=,2026-09-08T15:38:18Z
BS21188,2001,2001-07-19,SANTURCE,9,"Santiago, Edwin",,8,0,1,1,1,0,0,0,1,1,0,0,0,1,0,3,single-source,wayback_bsnpr_games,https://web.archive.org/web/20011101183537id_/http://www.bsnpr.com:80/gamestatwide.asp?r=BS21188&grupo=,2026-09-08T15:38:18Z
BS21189,2001,2001-07-19,AIBONITO,10,"Melendez, Orlando",,31,9,12,0,1,4,4,2,5,7,1,1,0,4,5,22,single-source,wayback_bsnpr_games,https://web.archive.org/web/20011201132448id_/http://www.bsnpr.com:80/gamestatwide.asp?r=BS21189&grupo=,2026-09-08T15:39:56Z
BS21189,2001,2001-07-19,AIBONITO,11,"Venzen, Gilberto",,6,1,3,0,0,0,0,1,0,1,0,0,0,2,0,2,single-source,wayback_bsnpr_games,https://web.archive.org/web/20011201132448id_/http://www.bsnpr.com:80/gamestatwide.asp?r=BS21189&grupo=,2026-09-08T15:39:56Z
BS21189,2001,2001-07-19,AIBONITO,12,"Hernandez, Jose Jason",1232,37,1,3,3,9,2,3,3,3,6,7,0,0,2,5,13,single-source,wayback_bsnpr_games,https://web.archive.org/web/20011201132448id_/http://www.bsnpr.com:80/gamestatwide.asp?r=BS21189&grupo=,2026-09-08T15:39:56Z
BS21189,2001,2001-07-19,AIBONITO,13,"Rosario, Rich",,4,0,1,0,1,0,0,0,1,1,0,0,0,0,2,0,single-source,wayback_bsnpr_games,https://web.archive.org/web/20011201132448id_/http://www.bsnpr.com:80/gamestatwide.asp?r=BS21189&grupo=,2026-09-08T15:39:56Z
BS21189,2001,2001-07-19,AIBONITO,15,"Berges, Pedro",,2,0,0,0,0,0,0,0,0,0,0,0,0,0,0,0,single-source,wayback_bsnpr_games,https://web.archive.org/web/20011201132448id_/http://www.bsnpr.com:80/gamestatwide.asp?r=BS21189&grupo=,2026-09-08T15:39:56Z
BS21189,2001,2001-07-19,AIBONITO,16,"Murray, Joseph",,33,2,5,0,0,1,4,3,5,8,1,1,2,2,1,5,single-source,wayback_bsnpr_games,https://web.archive.org/web/20011201132448id_/http://www.bsnpr.com:80/gamestatwide.asp?r=BS21189&grupo=,2026-09-08T15:39:56Z
BS21189,2001,2001-07-19,AIBONITO,17,"Wilson, Monty",,40,4,7,3,10,1,2,4,5,9,4,1,1,3,1,18,single-source,wayback_bsnpr_games,https://web.archive.org/web/20011201132448id_/http://www.bsnpr.com:80/gamestatwide.asp?r=BS21189&grupo=,2026-09-08T15:39:56Z
BS21189,2001,2001-07-19,AIBONITO,18,"Rivera, Axel",,5,0,0,0,0,0,0,0,0,0,0,0,0,1,0,0,single-source,wayback_bsnpr_games,https://web.archive.org/web/20011201132448id_/http://www.bsnpr.com:80/gamestatwide.asp?r=BS21189&grupo=,2026-09-08T15:39:56Z
BS21189,2001,2001-07-19,AIBONITO,8,"Hidalgo, Christopher",,17,1,4,0,4,1,1,0,1,1,1,0,0,1,1,3,single-source,wayback_bsnpr_games,https://web.archive.org/web/20011201132448id_/http://www.bsnpr.com:80/gamestatwide.asp?r=BS21189&grupo=,2026-09-08T15:39:56Z
BS21189,2001,2001-07-19,AIBONITO,9,"Rodriguez, Erick",624,25,0,0,2,10,3,4,2,1,3,3,0,0,3,1,9,single-source,wayback_bsnpr_games,https://web.archive.org/web/20011201132448id_/http://www.bsnpr.com:80/gamestatwide.asp?r=BS21189&grupo=,2026-09-08T15:39:56Z
BS21189,2001,2001-07-19,BAYAMON,0,"Miller, Kenny",,34,3,6,0,0,2,3,5,10,15,0,0,0,4,3,8,single-source,wayback_bsnpr_games,https://web.archive.org/web/20011201132448id_/http://www.bsnpr.com:80/gamestatwide.asp?r=BS21189&grupo=,2026-09-08T15:39:56Z
BS21189,2001,2001-07-19,BAYAMON,12,"Padilla, Edgar",,35,2,6,0,0,0,0,0,1,1,4,2,0,4,1,4,single-source,wayback_bsnpr_games,https://web.archive.org/web/20011201132448id_/http://www.bsnpr.com:80/gamestatwide.asp?r=BS21189&grupo=,2026-09-08T15:39:56Z
BS21189,2001,2001-07-19,BAYAMON,13,"Payano, Carlos",,21,6,10,0,5,0,0,3,4,7,0,0,0,3,2,12,single-source,wayback_bsnpr_games,https://web.archive.org/web/20011201132448id_/http://www.bsnpr.com:80/gamestatwide.asp?r=BS21189&grupo=,2026-09-08T15:39:56Z
BS21189,2001,2001-07-19,BAYAMON,17,"Mincy, Jerome",1032,24,5,10,0,1,0,0,5,2,7,0,0,0,4,4,10,single-source,wayback_bsnpr_games,https://web.archive.org/web/20011201132448id_/http://www.bsnpr.com:80/gamestatwide.asp?r=BS21189&grupo=,2026-09-08T15:39:56Z
BS21189,2001,2001-07-19,BAYAMON,32,"Santiago, Eddin",502,13,2,2,1,2,0,0,0,1,1,2,3,0,0,0,7,single-source,wayback_bsnpr_games,https://web.archive.org/web/20011201132448id_/http://www.bsnpr.com:80/gamestatwide.asp?r=BS21189&grupo=,2026-09-08T15:39:56Z
BS21189,2001,2001-07-19,BAYAMON,4,"Western, Franklin",,40,8,18,0,0,7,9,6,7,13,6,0,0,0,1,23,single-source,wayback_bsnpr_games,https://web.archive.org/web/20011201132448id_/http://www.bsnpr.com:80/gamestatwide.asp?r=BS21189&grupo=,2026-09-08T15:39:56Z
BS21189,2001,2001-07-19,BAYAMON,44,"Nova, Rafael",,1,0,0,0,0,0,0,0,1,1,0,0,0,0,0,0,single-source,wayback_bsnpr_games,https://web.archive.org/web/20011201132448id_/http://www.bsnpr.com:80/gamestatwide.asp?r=BS21189&grupo=,2026-09-08T15:39:56Z
BS21189,2001,2001-07-19,BAYAMON,6,"Travieso, Carmelo",,32,4,8,2,8,3,3,0,3,3,3,3,0,3,2,17,single-source,wayback_bsnpr_games,https://web.archive.org/web/20011201132448id_/http://www.bsnpr.com:80/gamestatwide.asp?r=BS21189&grupo=,2026-09-08T15:39:56Z
BS21190,2001,2001-07-19,MAYAGUEZ,10,"Guibert, Andres",,35,9,14,0,0,6,6,6,11,17,5,2,2,3,1,24,single-source,wayback_bsnpr_games,https://web.archive.org/web/20011223150631id_/http://www.bsnpr.com:80/gamestatwide.asp?r=BS21190&GRUPO=PO99&SERIE=4,2026-09-08T15:40:26Z
BS21190,2001,2001-07-19,MAYAGUEZ,10,"Guibert, Andres",,35,9,14,0,0,6,6,6,11,17,5,2,2,3,1,24,single-source,wayback_bsnpr_games,https://web.archive.org/web/20011224202442id_/http://www.bsnpr.com:80/gamestatwide.asp?r=BS21190&grupo=,2026-09-08T15:41:21Z
BS21190,2001,2001-07-19,MAYAGUEZ,12,"Vega, Orlando",1759,15,1,2,2,5,0,0,0,0,0,0,0,0,4,1,8,single-source,wayback_bsnpr_games,https://web.archive.org/web/20011223150631id_/http://www.bsnpr.com:80/gamestatwide.asp?r=BS21190&GRUPO=PO99&SERIE=4,2026-09-08T15:40:26Z
BS21190,2001,2001-07-19,MAYAGUEZ,12,"Vega, Orlando",1759,15,1,2,2,5,0,0,0,0,0,0,0,0,4,1,8,single-source,wayback_bsnpr_games,https://web.archive.org/web/20011224202442id_/http://www.bsnpr.com:80/gamestatwide.asp?r=BS21190&grupo=,2026-09-08T15:41:21Z
BS21190,2001,2001-07-19,MAYAGUEZ,13,"Brown, Tyler",,15,1,7,1,2,1,2,0,0,0,1,0,0,2,2,6,single-source,wayback_bsnpr_games,https://web.archive.org/web/20011223150631id_/http://www.bsnpr.com:80/gamestatwide.asp?r=BS21190&GRUPO=PO99&SERIE=4,2026-09-08T15:40:26Z
BS21190,2001,2001-07-19,MAYAGUEZ,13,"Brown, Tyler",,15,1,7,1,2,1,2,0,0,0,1,0,0,2,2,6,single-source,wayback_bsnpr_games,https://web.archive.org/web/20011224202442id_/http://www.bsnpr.com:80/gamestatwide.asp?r=BS21190&grupo=,2026-09-08T15:41:21Z
BS21190,2001,2001-07-19,MAYAGUEZ,14,"Borrell, Lazaro",,30,10,15,0,0,0,0,3,4,7,2,1,0,2,1,20,single-source,wayback_bsnpr_games,https://web.archive.org/web/20011223150631id_/http://www.bsnpr.com:80/gamestatwide.asp?r=BS21190&GRUPO=PO99&SERIE=4,2026-09-08T15:40:26Z
BS21190,2001,2001-07-19,MAYAGUEZ,14,"Borrell, Lazaro",,30,10,15,0,0,0,0,3,4,7,2,1,0,2,1,20,single-source,wayback_bsnpr_games,https://web.archive.org/web/20011224202442id_/http://www.bsnpr.com:80/gamestatwide.asp?r=BS21190&grupo=,2026-09-08T15:41:21Z
BS21190,2001,2001-07-19,MAYAGUEZ,15,"Ortiz, Ramon",1924,1,0,0,0,0,0,0,0,1,1,0,0,0,1,0,0,single-source,wayback_bsnpr_games,https://web.archive.org/web/20011223150631id_/http://www.bsnpr.com:80/gamestatwide.asp?r=BS21190&GRUPO=PO99&SERIE=4,2026-09-08T15:40:26Z
BS21190,2001,2001-07-19,MAYAGUEZ,15,"Ortiz, Ramon",1924,1,0,0,0,0,0,0,0,1,1,0,0,0,1,0,0,single-source,wayback_bsnpr_games,https://web.archive.org/web/20011224202442id_/http://www.bsnpr.com:80/gamestatwide.asp?r=BS21190&grupo=,2026-09-08T15:41:21Z
BS21190,2001,2001-07-19,MAYAGUEZ,17,"Martinez, Freddy",,11,1,1,0,2,0,1,0,2,2,2,0,0,2,1,2,single-source,wayback_bsnpr_games,https://web.archive.org/web/20011223150631id_/http://www.bsnpr.com:80/gamestatwide.asp?r=BS21190&GRUPO=PO99&SERIE=4,2026-09-08T15:40:26Z
BS21190,2001,2001-07-19,MAYAGUEZ,17,"Martinez, Freddy",,11,1,1,0,2,0,1,0,2,2,2,0,0,2,1,2,single-source,wayback_bsnpr_games,https://web.archive.org/web/20011224202442id_/http://www.bsnpr.com:80/gamestatwide.asp?r=BS21190&grupo=,2026-09-08T15:41:21Z
BS21190,2001,2001-07-19,MAYAGUEZ,18,"Vazquez, De Juan",,12,2,3,1,1,1,3,0,1,1,1,0,0,3,0,8,single-source,wayback_bsnpr_games,https://web.archive.org/web/20011223150631id_/http://www.bsnpr.com:80/gamestatwide.asp?r=BS21190&GRUPO=PO99&SERIE=4,2026-09-08T15:40:26Z
BS21190,2001,2001-07-19,MAYAGUEZ,18,"Vazquez, De Juan",,12,2,3,1,1,1,3,0,1,1,1,0,0,3,0,8,single-source,wayback_bsnpr_games,https://web.archive.org/web/20011224202442id_/http://www.bsnpr.com:80/gamestatwide.asp?r=BS21190&grupo=,2026-09-08T15:41:21Z
BS21190,2001,2001-07-19,MAYAGUEZ,19,"Latson, Therome",,10,3,4,0,0,2,4,2,5,7,0,0,0,2,1,8,single-source,wayback_bsnpr_games,https://web.archive.org/web/20011223150631id_/http://www.bsnpr.com:80/gamestatwide.asp?r=BS21190&GRUPO=PO99&SERIE=4,2026-09-08T15:40:26Z
BS21190,2001,2001-07-19,MAYAGUEZ,19,"Latson, Therome",,10,3,4,0,0,2,4,2,5,7,0,0,0,2,1,8,single-source,wayback_bsnpr_games,https://web.archive.org/web/20011224202442id_/http://www.bsnpr.com:80/gamestatwide.asp?r=BS21190&grupo=,2026-09-08T15:41:21Z
BS21190,2001,2001-07-19,MAYAGUEZ,4,"Padilla, Gidel",,3,0,0,0,1,0,0,0,0,0,0,0,0,0,1,0,single-source,wayback_bsnpr_games,https://web.archive.org/web/20011223150631id_/http://www.bsnpr.com:80/gamestatwide.asp?r=BS21190&GRUPO=PO99&SERIE=4,2026-09-08T15:40:26Z
BS21190,2001,2001-07-19,MAYAGUEZ,4,"Padilla, Gidel",,3,0,0,0,1,0,0,0,0,0,0,0,0,0,1,0,single-source,wayback_bsnpr_games,https://web.archive.org/web/20011224202442id_/http://www.bsnpr.com:80/gamestatwide.asp?r=BS21190&grupo=,2026-09-08T15:41:21Z
BS21190,2001,2001-07-19,MAYAGUEZ,5,"Barea, Jose",1234,3,1,1,0,0,0,0,0,3,3,1,1,0,0,1,2,single-source,wayback_bsnpr_games,https://web.archive.org/web/20011223150631id_/http://www.bsnpr.com:80/gamestatwide.asp?r=BS21190&GRUPO=PO99&SERIE=4,2026-09-08T15:40:26Z
BS21190,2001,2001-07-19,MAYAGUEZ,5,"Barea, Jose",1234,3,1,1,0,0,0,0,0,3,3,1,1,0,0,1,2,single-source,wayback_bsnpr_games,https://web.archive.org/web/20011224202442id_/http://www.bsnpr.com:80/gamestatwide.asp?r=BS21190&grupo=,2026-09-08T15:41:21Z
BS21190,2001,2001-07-19,MAYAGUEZ,6,"Garcia, Elmyr",,35,1,4,4,6,0,0,3,2,5,3,1,0,2,3,14,single-source,wayback_bsnpr_games,https://web.archive.org/web/20011223150631id_/http://www.bsnpr.com:80/gamestatwide.asp?r=BS21190&GRUPO=PO99&SERIE=4,2026-09-08T15:40:26Z
BS21190,2001,2001-07-19,MAYAGUEZ,6,"Garcia, Elmyr",,35,1,4,4,6,0,0,3,2,5,3,1,0,2,3,14,single-source,wayback_bsnpr_games,https://web.archive.org/web/20011224202442id_/http://www.bsnpr.com:80/gamestatwide.asp?r=BS21190&grupo=,2026-09-08T15:41:21Z
BS21190,2001,2001-07-19,MAYAGUEZ,8,"Melendez, Flor",,3,0,0,1,1,0,0,0,0,0,1,0,0,1,0,3,single-source,wayback_bsnpr_games,https://web.archive.org/web/20011223150631id_/http://www.bsnpr.com:80/gamestatwide.asp?r=BS21190&GRUPO=PO99&SERIE=4,2026-09-08T15:40:26Z
BS21190,2001,2001-07-19,MAYAGUEZ,8,"Melendez, Flor",,3,0,0,1,1,0,0,0,0,0,1,0,0,1,0,3,single-source,wayback_bsnpr_games,https://web.archive.org/web/20011224202442id_/http://www.bsnpr.com:80/gamestatwide.asp?r=BS21190&grupo=,2026-09-08T15:41:21Z
BS21190,2001,2001-07-19,MAYAGUEZ,9,"Carter, James",,27,7,12,0,0,0,0,1,1,2,3,0,0,2,4,14,single-source,wayback_bsnpr_games,https://web.archive.org/web/20011223150631id_/http://www.bsnpr.com:80/gamestatwide.asp?r=BS21190&GRUPO=PO99&SERIE=4,2026-09-08T15:40:26Z
BS21190,2001,2001-07-19,MAYAGUEZ,9,"Carter, James",,27,7,12,0,0,0,0,1,1,2,3,0,0,2,4,14,single-source,wayback_bsnpr_games,https://web.archive.org/web/20011224202442id_/http://www.bsnpr.com:80/gamestatwide.asp?r=BS21190&grupo=,2026-09-08T15:41:21Z
BS21190,2001,2001-07-19,SAN GERMAN,1,"Jackson, Leroy",1442,32,5,10,0,3,3,5,3,4,7,3,0,0,5,1,13,single-source,wayback_bsnpr_games,https://web.archive.org/web/20011223150631id_/http://www.bsnpr.com:80/gamestatwide.asp?r=BS21190&GRUPO=PO99&SERIE=4,2026-09-08T15:40:26Z
BS21190,2001,2001-07-19,SAN GERMAN,1,"Jackson, Leroy",1442,32,5,10,0,3,3,5,3,4,7,3,0,0,5,1,13,single-source,wayback_bsnpr_games,https://web.archive.org/web/20011224202442id_/http://www.bsnpr.com:80/gamestatwide.asp?r=BS21190&grupo=,2026-09-08T15:41:21Z
BS21190,2001,2001-07-19,SAN GERMAN,12,"Caanen, Wilhelmus",,8,0,0,1,4,3,4,0,1,1,0,1,0,0,1,6,single-source,wayback_bsnpr_games,https://web.archive.org/web/20011223150631id_/http://www.bsnpr.com:80/gamestatwide.asp?r=BS21190&GRUPO=PO99&SERIE=4,2026-09-08T15:40:26Z
BS21190,2001,2001-07-19,SAN GERMAN,12,"Caanen, Wilhelmus",,8,0,0,1,4,3,4,0,1,1,0,1,0,0,1,6,single-source,wayback_bsnpr_games,https://web.archive.org/web/20011224202442id_/http://www.bsnpr.com:80/gamestatwide.asp?r=BS21190&grupo=,2026-09-08T15:41:21Z
BS21190,2001,2001-07-19,SAN GERMAN,17,"Dalmau, Christian",382,30,6,10,0,6,6,7,0,3,3,9,3,0,3,3,18,single-source,wayback_bsnpr_games,https://web.archive.org/web/20011223150631id_/http://www.bsnpr.com:80/gamestatwide.asp?r=BS21190&GRUPO=PO99&SERIE=4,2026-09-08T15:40:26Z
BS21190,2001,2001-07-19,SAN GERMAN,17,"Dalmau, Christian",382,30,6,10,0,6,6,7,0,3,3,9,3,0,3,3,18,single-source,wayback_bsnpr_games,https://web.archive.org/web/20011224202442id_/http://www.bsnpr.com:80/gamestatwide.asp?r=BS21190&grupo=,2026-09-08T15:41:21Z
BS21190,2001,2001-07-19,SAN GERMAN,18,"Barea, Irving",,20,3,5,0,0,0,1,1,1,2,1,1,0,2,1,6,single-source,wayback_bsnpr_games,https://web.archive.org/web/20011223150631id_/http://www.bsnpr.com:80/gamestatwide.asp?r=BS21190&GRUPO=PO99&SERIE=4,2026-09-08T15:40:26Z
BS21190,2001,2001-07-19,SAN GERMAN,18,"Barea, Irving",,20,3,5,0,0,0,1,1,1,2,1,1,0,2,1,6,single-source,wayback_bsnpr_games,https://web.archive.org/web/20011224202442id_/http://www.bsnpr.com:80/gamestatwide.asp?r=BS21190&grupo=,2026-09-08T15:41:21Z
BS21190,2001,2001-07-19,SAN GERMAN,20,"Ayuso, Larry",574,33,3,5,1,2,1,2,1,1,2,0,2,0,1,3,10,single-source,wayback_bsnpr_games,https://web.archive.org/web/20011223150631id_/http://www.bsnpr.com:80/gamestatwide.asp?r=BS21190&GRUPO=PO99&SERIE=4,2026-09-08T15:40:26Z
BS21190,2001,2001-07-19,SAN GERMAN,20,"Ayuso, Larry",574,33,3,5,1,2,1,2,1,1,2,0,2,0,1,3,10,single-source,wayback_bsnpr_games,https://web.archive.org/web/20011224202442id_/http://www.bsnpr.com:80/gamestatwide.asp?r=BS21190&grupo=,2026-09-08T15:41:21Z
BS21190,2001,2001-07-19,SAN GERMAN,21,"Febres, Arnaldo",,10,1,3,0,0,1,2,0,0,0,0,0,0,0,0,3,single-source,wayback_bsnpr_games,https://web.archive.org/web/20011223150631id_/http://www.bsnpr.com:80/gamestatwide.asp?r=BS21190&GRUPO=PO99&SERIE=4,2026-09-08T15:40:26Z
BS21190,2001,2001-07-19,SAN GERMAN,21,"Febres, Arnaldo",,10,1,3,0,0,1,2,0,0,0,0,0,0,0,0,3,single-source,wayback_bsnpr_games,https://web.archive.org/web/20011224202442id_/http://www.bsnpr.com:80/gamestatwide.asp?r=BS21190&grupo=,2026-09-08T15:41:21Z
BS21190,2001,2001-07-19,SAN GERMAN,24,"Pryor, Sean",2156,10,0,1,1,4,0,0,1,2,3,0,0,0,2,1,3,single-source,wayback_bsnpr_games,https://web.archive.org/web/20011223150631id_/http://www.bsnpr.com:80/gamestatwide.asp?r=BS21190&GRUPO=PO99&SERIE=4,2026-09-08T15:40:26Z
BS21190,2001,2001-07-19,SAN GERMAN,24,"Pryor, Sean",2156,10,0,1,1,4,0,0,1,2,3,0,0,0,2,1,3,single-source,wayback_bsnpr_games,https://web.archive.org/web/20011224202442id_/http://www.bsnpr.com:80/gamestatwide.asp?r=BS21190&grupo=,2026-09-08T15:41:21Z
BS21190,2001,2001-07-19,SAN GERMAN,26,"Zayas, Gerardo",795,6,0,1,0,0,0,0,1,0,1,0,0,0,1,0,0,single-source,wayback_bsnpr_games,https://web.archive.org/web/20011223150631id_/http://www.bsnpr.com:80/gamestatwide.asp?r=BS21190&GRUPO=PO99&SERIE=4,2026-09-08T15:40:26Z
BS21190,2001,2001-07-19,SAN GERMAN,26,"Zayas, Gerardo",795,6,0,1,0,0,0,0,1,0,1,0,0,0,1,0,0,single-source,wayback_bsnpr_games,https://web.archive.org/web/20011224202442id_/http://www.bsnpr.com:80/gamestatwide.asp?r=BS21190&grupo=,2026-09-08T15:41:21Z
BS21190,2001,2001-07-19,SAN GERMAN,32,"Lazor, Robert",2037,36,5,7,2,2,5,8,2,5,7,1,0,3,4,3,21,single-source,wayback_bsnpr_games,https://web.archive.org/web/20011223150631id_/http://www.bsnpr.com:80/gamestatwide.asp?r=BS21190&GRUPO=PO99&SERIE=4,2026-09-08T15:40:26Z
BS21190,2001,2001-07-19,SAN GERMAN,32,"Lazor, Robert",2037,36,5,7,2,2,5,8,2,5,7,1,0,3,4,3,21,single-source,wayback_bsnpr_games,https://web.archive.org/web/20011224202442id_/http://www.bsnpr.com:80/gamestatwide.asp?r=BS21190&grupo=,2026-09-08T15:41:21Z
BS21190,2001,2001-07-19,SAN GERMAN,6,"Caraballo, Johnny",,5,0,1,0,0,0,0,1,1,2,1,0,0,1,1,0,single-source,wayback_bsnpr_games,https://web.archive.org/web/20011223150631id_/http://www.bsnpr.com:80/gamestatwide.asp?r=BS21190&GRUPO=PO99&SERIE=4,2026-09-08T15:40:26Z
BS21190,2001,2001-07-19,SAN GERMAN,6,"Caraballo, Johnny",,5,0,1,0,0,0,0,1,1,2,1,0,0,1,1,0,single-source,wayback_bsnpr_games,https://web.archive.org/web/20011224202442id_/http://www.bsnpr.com:80/gamestatwide.asp?r=BS21190&grupo=,2026-09-08T15:41:21Z
BS21190,2001,2001-07-19,SAN GERMAN,7,"Quinonez, Nelson",,10,0,0,0,2,0,0,0,1,1,1,0,0,0,0,0,single-source,wayback_bsnpr_games,https://web.archive.org/web/20011223150631id_/http://www.bsnpr.com:80/gamestatwide.asp?r=BS21190&GRUPO=PO99&SERIE=4,2026-09-08T15:40:26Z
BS21190,2001,2001-07-19,SAN GERMAN,7,"Quinonez, Nelson",,10,0,0,0,2,0,0,0,1,1,1,0,0,0,0,0,single-source,wayback_bsnpr_games,https://web.archive.org/web/20011224202442id_/http://www.bsnpr.com:80/gamestatwide.asp?r=BS21190&grupo=,2026-09-08T15:41:21Z
BS21192,2001,2001-07-21,MAYAGUEZ,10,"Guibert, Andres",,40,6,11,0,0,7,8,2,8,10,6,0,0,3,3,19,single-source,wayback_bsnpr_games,https://web.archive.org/web/20011101184719id_/http://www.bsnpr.com:80/gamestatwide.asp?r=BS21192&grupo=,2026-09-08T15:38:32Z
BS21192,2001,2001-07-21,MAYAGUEZ,12,"Vega, Orlando",1759,29,3,5,1,4,2,2,1,3,4,2,1,0,3,1,11,single-source,wayback_bsnpr_games,https://web.archive.org/web/20011101184719id_/http://www.bsnpr.com:80/gamestatwide.asp?r=BS21192&grupo=,2026-09-08T15:38:32Z
BS21192,2001,2001-07-21,MAYAGUEZ,14,"Borrel, Lazaro",,26,4,7,0,0,1,2,1,7,8,0,2,0,4,1,9,single-source,wayback_bsnpr_games,https://web.archive.org/web/20011101184719id_/http://www.bsnpr.com:80/gamestatwide.asp?r=BS21192&grupo=,2026-09-08T15:38:32Z
BS21192,2001,2001-07-21,MAYAGUEZ,17,"Martinez, Freddie",,10,1,2,1,2,0,0,0,2,2,1,1,0,1,1,5,single-source,wayback_bsnpr_games,https://web.archive.org/web/20011101184719id_/http://www.bsnpr.com:80/gamestatwide.asp?r=BS21192&grupo=,2026-09-08T15:38:32Z
BS21192,2001,2001-07-21,MAYAGUEZ,18,"Vazquez, De Juan",,3,0,0,0,0,0,0,0,0,0,0,0,0,1,0,0,single-source,wayback_bsnpr_games,https://web.archive.org/web/20011101184719id_/http://www.bsnpr.com:80/gamestatwide.asp?r=BS21192&grupo=,2026-09-08T15:38:32Z
BS21192,2001,2001-07-21,MAYAGUEZ,19,"Latson, Tl",,12,2,3,0,0,1,1,0,0,0,0,1,0,2,0,5,single-source,wayback_bsnpr_games,https://web.archive.org/web/20011101184719id_/http://www.bsnpr.com:80/gamestatwide.asp?r=BS21192&grupo=,2026-09-08T15:38:32Z
BS21192,2001,2001-07-21,MAYAGUEZ,6,"Garcia, Elmyr",,40,1,3,4,10,1,2,0,0,0,3,5,0,4,1,15,single-source,wayback_bsnpr_games,https://web.archive.org/web/20011101184719id_/http://www.bsnpr.com:80/gamestatwide.asp?r=BS21192&grupo=,2026-09-08T15:38:32Z
BS21192,2001,2001-07-21,MAYAGUEZ,9,"Carter, James",,40,10,18,0,2,0,0,1,1,2,5,0,0,2,3,20,single-source,wayback_bsnpr_games,https://web.archive.org/web/20011101184719id_/http://www.bsnpr.com:80/gamestatwide.asp?r=BS21192&grupo=,2026-09-08T15:38:32Z
BS21192,2001,2001-07-21,SANTURCE,11,"Benson, Mark",,30,2,4,1,6,0,0,0,2,2,1,1,0,2,0,7,single-source,wayback_bsnpr_games,https://web.archive.org/web/20011101184719id_/http://www.bsnpr.com:80/gamestatwide.asp?r=BS21192&grupo=,2026-09-08T15:38:32Z
BS21192,2001,2001-07-21,SANTURCE,12,"Horrutunier, Rolando",,26,1,3,0,2,3,4,0,3,3,3,0,0,4,2,5,single-source,wayback_bsnpr_games,https://web.archive.org/web/20011101184719id_/http://www.bsnpr.com:80/gamestatwide.asp?r=BS21192&grupo=,2026-09-08T15:38:32Z
BS21192,2001,2001-07-21,SANTURCE,33,"Falcon, Alex",,20,2,3,0,0,0,0,1,0,1,0,1,1,3,4,4,single-source,wayback_bsnpr_games,https://web.archive.org/web/20011101184719id_/http://www.bsnpr.com:80/gamestatwide.asp?r=BS21192&grupo=,2026-09-08T15:38:32Z
BS21192,2001,2001-07-21,SANTURCE,4,"Ortiz, Jose",,37,10,15,1,4,5,7,4,9,13,3,0,0,3,5,28,single-source,wayback_bsnpr_games,https://web.archive.org/web/20011101184719id_/http://www.bsnpr.com:80/gamestatwide.asp?r=BS21192&grupo=,2026-09-08T15:38:32Z
BS21192,2001,2001-07-21,SANTURCE,42,"Aubry, Jeffrey",,4,0,0,0,0,0,0,2,0,2,1,0,0,1,0,0,single-source,wayback_bsnpr_games,https://web.archive.org/web/20011101184719id_/http://www.bsnpr.com:80/gamestatwide.asp?r=BS21192&grupo=,2026-09-08T15:38:32Z
BS21192,2001,2001-07-21,SANTURCE,5,"Santiago, Orlando",,37,1,2,6,9,2,2,1,1,2,4,4,0,1,3,22,single-source,wayback_bsnpr_games,https://web.archive.org/web/20011101184719id_/http://www.bsnpr.com:80/gamestatwide.asp?r=BS21192&grupo=,2026-09-08T15:38:32Z
BS21192,2001,2001-07-21,SANTURCE,8,"Trimingham, Leon",,33,6,10,0,1,3,6,5,7,12,0,1,0,4,2,15,single-source,wayback_bsnpr_games,https://web.archive.org/web/20011101184719id_/http://www.bsnpr.com:80/gamestatwide.asp?r=BS21192&grupo=,2026-09-08T15:38:32Z
BS21192,2001,2001-07-21,SANTURCE,9,"Santiago, Edwin",,13,4,6,1,2,0,0,2,1,3,0,0,0,0,1,11,single-source,wayback_bsnpr_games,https://web.archive.org/web/20011101184719id_/http://www.bsnpr.com:80/gamestatwide.asp?r=BS21192&grupo=,2026-09-08T15:38:32Z
BS21193,2001,2001-07-21,BAYAMON,0,"Miller, Kenny",,29,5,11,0,0,0,2,4,6,10,2,2,0,3,2,10,single-source,wayback_bsnpr_games,https://web.archive.org/web/20011201133900id_/http://www.bsnpr.com:80/gamestatwide.asp?r=BS21193&grupo=,2026-09-08T15:40:00Z
BS21193,2001,2001-07-21,BAYAMON,12,"Padilla, Edgar",,20,2,6,1,2,0,0,0,2,2,2,0,0,4,2,7,single-source,wayback_bsnpr_games,https://web.archive.org/web/20011201133900id_/http://www.bsnpr.com:80/gamestatwide.asp?r=BS21193&grupo=,2026-09-08T15:40:00Z
BS21193,2001,2001-07-21,BAYAMON,13,"Payano, Carlos",,26,3,5,0,2,4,4,1,4,5,0,1,1,5,2,10,single-source,wayback_bsnpr_games,https://web.archive.org/web/20011201133900id_/http://www.bsnpr.com:80/gamestatwide.asp?r=BS21193&grupo=,2026-09-08T15:40:00Z
BS21193,2001,2001-07-21,BAYAMON,17,"Mincy, Jerome",1032,31,7,13,2,5,0,4,4,7,11,2,2,4,1,2,20,single-source,wayback_bsnpr_games,https://web.archive.org/web/20011201133900id_/http://www.bsnpr.com:80/gamestatwide.asp?r=BS21193&grupo=,2026-09-08T15:40:00Z
BS21193,2001,2001-07-21,BAYAMON,22,"Apodaca, Rick",2028,13,2,5,1,3,0,0,0,0,0,2,0,0,1,1,7,single-source,wayback_bsnpr_games,https://web.archive.org/web/20011201133900id_/http://www.bsnpr.com:80/gamestatwide.asp?r=BS21193&grupo=,2026-09-08T15:40:00Z
BS21193,2001,2001-07-21,BAYAMON,32,"Santiago, Eddin",502,19,1,6,2,5,0,0,1,1,2,5,2,0,2,2,8,single-source,wayback_bsnpr_games,https://web.archive.org/web/20011201133900id_/http://www.bsnpr.com:80/gamestatwide.asp?r=BS21193&grupo=,2026-09-08T15:40:00Z
BS21193,2001,2001-07-21,BAYAMON,4,"Western, Franklyn",,33,4,13,0,0,9,11,1,4,5,2,2,0,1,1,17,single-source,wayback_bsnpr_games,https://web.archive.org/web/20011201133900id_/http://www.bsnpr.com:80/gamestatwide.asp?r=BS21193&grupo=,2026-09-08T15:40:00Z
BS21193,2001,2001-07-21,BAYAMON,6,"Travieso, Carmelo",,29,1,2,1,5,2,2,1,1,2,0,2,0,3,2,7,single-source,wayback_bsnpr_games,https://web.archive.org/web/20011201133900id_/http://www.bsnpr.com:80/gamestatwide.asp?r=BS21193&grupo=,2026-09-08T15:40:00Z
BS21193,2001,2001-07-21,QUEBRADILLAS,11,"Curbelo, Joel",,39,7,12,5,8,1,4,0,1,1,3,0,0,3,2,30,single-source,wayback_bsnpr_games,https://web.archive.org/web/20011201133900id_/http://www.bsnpr.com:80/gamestatwide.asp?r=BS21193&grupo=,2026-09-08T15:40:00Z
BS21193,2001,2001-07-21,QUEBRADILLAS,12,"Colon, Francisco",,24,1,3,0,1,0,0,0,4,4,0,1,0,4,5,2,single-source,wayback_bsnpr_games,https://web.archive.org/web/20011201133900id_/http://www.bsnpr.com:80/gamestatwide.asp?r=BS21193&grupo=,2026-09-08T15:40:00Z
BS21193,2001,2001-07-21,QUEBRADILLAS,14,"King, Kirk",,38,6,10,0,0,2,2,3,14,17,1,0,1,4,6,14,single-source,wayback_bsnpr_games,https://web.archive.org/web/20011201133900id_/http://www.bsnpr.com:80/gamestatwide.asp?r=BS21193&grupo=,2026-09-08T15:40:00Z
BS21193,2001,2001-07-21,QUEBRADILLAS,16,"Johnson, Rahim",,16,3,5,0,1,4,4,1,3,4,2,0,0,5,2,10,single-source,wayback_bsnpr_games,https://web.archive.org/web/20011201133900id_/http://www.bsnpr.com:80/gamestatwide.asp?r=BS21193&grupo=,2026-09-08T15:40:00Z
BS21193,2001,2001-07-21,QUEBRADILLAS,17,"Morales, Alfredo",,8,1,3,0,0,2,4,0,0,0,1,3,1,2,0,4,single-source,wayback_bsnpr_games,https://web.archive.org/web/20011201133900id_/http://www.bsnpr.com:80/gamestatwide.asp?r=BS21193&grupo=,2026-09-08T15:40:00Z
BS21193,2001,2001-07-21,QUEBRADILLAS,5,"Dalmau, Raymond",,40,6,8,2,5,7,11,1,11,12,13,1,0,0,5,25,single-source,wayback_bsnpr_games,https://web.archive.org/web/20011201133900id_/http://www.bsnpr.com:80/gamestatwide.asp?r=BS21193&grupo=,2026-09-08T15:40:00Z
BS21193,2001,2001-07-21,QUEBRADILLAS,6,"Arrufat, Eduardo",,2,0,0,0,1,0,0,0,1,1,0,0,0,0,0,0,single-source,wayback_bsnpr_games,https://web.archive.org/web/20011201133900id_/http://www.bsnpr.com:80/gamestatwide.asp?r=BS21193&grupo=,2026-09-08T15:40:00Z
BS21193,2001,2001-07-21,QUEBRADILLAS,7,"Dalmau, Ricardo",1992,33,2,2,2,4,0,0,0,4,4,7,2,1,5,5,10,single-source,wayback_bsnpr_games,https://web.archive.org/web/20011201133900id_/http://www.bsnpr.com:80/gamestatwide.asp?r=BS21193&grupo=,2026-09-08T15:40:00Z
BS21194,2001,2001-07-21,CAGUAS,10,"Rivera, Alexander",,1,0,0,0,0,0,0,0,0,0,0,0,0,0,0,0,single-source,wayback_bsnpr_games,https://web.archive.org/web/20011223152022id_/http://www.bsnpr.com:80/gamestatwide.asp?r=BS21194&GRUPO=PO99&SERIE=4,2026-09-08T15:40:28Z
BS21194,2001,2001-07-21,CAGUAS,11,"Nieves, Josue",,21,3,7,2,4,2,2,1,1,2,0,2,0,2,1,14,single-source,wayback_bsnpr_games,https://web.archive.org/web/20011223152022id_/http://www.bsnpr.com:80/gamestatwide.asp?r=BS21194&GRUPO=PO99&SERIE=4,2026-09-08T15:40:28Z
BS21194,2001,2001-07-21,CAGUAS,14,"Allende, Luis",,42,3,6,2,6,4,4,3,6,9,4,1,0,4,3,16,single-source,wayback_bsnpr_games,https://web.archive.org/web/20011223152022id_/http://www.bsnpr.com:80/gamestatwide.asp?r=BS21194&GRUPO=PO99&SERIE=4,2026-09-08T15:40:28Z
BS21194,2001,2001-07-21,CAGUAS,15,"Rivas, Luis",,20,10,14,0,1,0,1,4,4,8,0,0,1,3,2,20,single-source,wayback_bsnpr_games,https://web.archive.org/web/20011223152022id_/http://www.bsnpr.com:80/gamestatwide.asp?r=BS21194&GRUPO=PO99&SERIE=4,2026-09-08T15:40:28Z
BS21194,2001,2001-07-21,CAGUAS,21,"Rodriguez, Andres",87,3,0,0,0,0,0,0,0,0,0,0,0,0,1,0,0,single-source,wayback_bsnpr_games,https://web.archive.org/web/20011223152022id_/http://www.bsnpr.com:80/gamestatwide.asp?r=BS21194&GRUPO=PO99&SERIE=4,2026-09-08T15:40:28Z
BS21194,2001,2001-07-21,CAGUAS,25,"Carrasquillo, Antonio",,25,5,14,0,1,1,2,6,7,13,0,0,1,3,3,11,single-source,wayback_bsnpr_games,https://web.archive.org/web/20011223152022id_/http://www.bsnpr.com:80/gamestatwide.asp?r=BS21194&GRUPO=PO99&SERIE=4,2026-09-08T15:40:28Z
BS21194,2001,2001-07-21,CAGUAS,4,"Colon, Angel Luis",,27,3,5,0,1,3,4,0,1,1,3,1,0,5,3,9,single-source,wayback_bsnpr_games,https://web.archive.org/web/20011223152022id_/http://www.bsnpr.com:80/gamestatwide.asp?r=BS21194&GRUPO=PO99&SERIE=4,2026-09-08T15:40:28Z
BS21194,2001,2001-07-21,CAGUAS,7,"Davila, Michelo",1660,42,1,3,3,7,0,0,2,2,4,6,1,0,4,2,11,single-source,wayback_bsnpr_games,https://web.archive.org/web/20011223152022id_/http://www.bsnpr.com:80/gamestatwide.asp?r=BS21194&GRUPO=PO99&SERIE=4,2026-09-08T15:40:28Z
BS21194,2001,2001-07-21,CAGUAS,8,"Farmer, Anthony",,44,9,13,0,9,12,12,2,9,11,11,0,1,3,3,30,single-source,wayback_bsnpr_games,https://web.archive.org/web/20011223152022id_/http://www.bsnpr.com:80/gamestatwide.asp?r=BS21194&GRUPO=PO99&SERIE=4,2026-09-08T15:40:28Z
BS21194,2001,2001-07-21,SAN GERMAN,1,"Jackson, Leroy",1442,45,4,11,3,3,4,4,2,7,9,4,0,1,1,3,21,single-source,wayback_bsnpr_games,https://web.archive.org/web/20011223152022id_/http://www.bsnpr.com:80/gamestatwide.asp?r=BS21194&GRUPO=PO99&SERIE=4,2026-09-08T15:40:28Z
BS21194,2001,2001-07-21,SAN GERMAN,17,"Dalmau, Christian",382,45,11,20,0,1,7,8,0,10,10,10,4,2,4,4,29,single-source,wayback_bsnpr_games,https://web.archive.org/web/20011223152022id_/http://www.bsnpr.com:80/gamestatwide.asp?r=BS21194&GRUPO=PO99&SERIE=4,2026-09-08T15:40:28Z
BS21194,2001,2001-07-21,SAN GERMAN,18,"Barea, Irving",,5,0,2,0,0,0,0,0,0,0,0,0,0,3,1,0,single-source,wayback_bsnpr_games,https://web.archive.org/web/20011223152022id_/http://www.bsnpr.com:80/gamestatwide.asp?r=BS21194&GRUPO=PO99&SERIE=4,2026-09-08T15:40:28Z
BS21194,2001,2001-07-21,SAN GERMAN,20,"Ayuso, Larry",574,45,5,10,6,8,6,9,0,5,5,1,1,0,3,2,34,single-source,wayback_bsnpr_games,https://web.archive.org/web/20011223152022id_/http://www.bsnpr.com:80/gamestatwide.asp?r=BS21194&GRUPO=PO99&SERIE=4,2026-09-08T15:40:28Z
BS21194,2001,2001-07-21,SAN GERMAN,21,"Febles, Arnaldo",,42,7,11,0,0,1,1,5,3,8,2,2,1,4,1,15,single-source,wayback_bsnpr_games,https://web.archive.org/web/20011223152022id_/http://www.bsnpr.com:80/gamestatwide.asp?r=BS21194&GRUPO=PO99&SERIE=4,2026-09-08T15:40:28Z
BS21194,2001,2001-07-21,SAN GERMAN,26,"Zayas, Gerardo",795,2,0,1,0,0,0,0,1,0,1,0,0,0,0,0,0,single-source,wayback_bsnpr_games,https://web.archive.org/web/20011223152022id_/http://www.bsnpr.com:80/gamestatwide.asp?r=BS21194&GRUPO=PO99&SERIE=4,2026-09-08T15:40:28Z
BS21194,2001,2001-07-21,SAN GERMAN,32,"Lazor, Robert",2037,41,8,15,1,5,6,12,4,4,8,2,3,0,4,2,25,single-source,wayback_bsnpr_games,https://web.archive.org/web/20011223152022id_/http://www.bsnpr.com:80/gamestatwide.asp?r=BS21194&GRUPO=PO99&SERIE=4,2026-09-08T15:40:28Z
BS21196,2001,2001-07-22,PONCE,1,"Morales, Ferdinand",,11,1,1,1,2,0,0,1,2,3,0,0,0,1,0,5,single-source,wayback_bsnpr_games,https://web.archive.org/web/20011101174305id_/http://www.bsnpr.com:80/gamestatwide.asp?r=BS21196&grupo=,2026-09-08T15:37:32Z
BS21196,2001,2001-07-22,PONCE,10,"Hatton, Bobby Joe",2074,36,0,5,4,6,0,2,0,1,1,9,2,0,3,1,12,single-source,wayback_bsnpr_games,https://web.archive.org/web/20011101174305id_/http://www.bsnpr.com:80/gamestatwide.asp?r=BS21196&grupo=,2026-09-08T15:37:32Z
BS21196,2001,2001-07-22,PONCE,11,"Casiano, Eddie",498,38,8,12,4,9,10,12,0,0,0,3,0,0,1,2,38,single-source,wayback_bsnpr_games,https://web.archive.org/web/20011101174305id_/http://www.bsnpr.com:80/gamestatwide.asp?r=BS21196&grupo=,2026-09-08T15:37:32Z
BS21196,2001,2001-07-22,PONCE,12,"Ricardo, Osiris",,11,1,2,0,0,0,0,1,0,1,1,1,0,3,1,2,single-source,wayback_bsnpr_games,https://web.archive.org/web/20011101174305id_/http://www.bsnpr.com:80/gamestatwide.asp?r=BS21196&grupo=,2026-09-08T15:37:32Z
BS21196,2001,2001-07-22,PONCE,16,"Martinez, Rafael",,22,2,2,1,5,3,4,1,2,3,0,0,0,4,2,10,single-source,wayback_bsnpr_games,https://web.archive.org/web/20011101174305id_/http://www.bsnpr.com:80/gamestatwide.asp?r=BS21196&grupo=,2026-09-08T15:37:32Z
BS21196,2001,2001-07-22,PONCE,33,"Soto, Eugenio",651,9,1,2,0,1,1,2,1,1,2,0,0,0,2,0,3,single-source,wayback_bsnpr_games,https://web.archive.org/web/20011101174305id_/http://www.bsnpr.com:80/gamestatwide.asp?r=BS21196&grupo=,2026-09-08T15:37:32Z
BS21196,2001,2001-07-22,PONCE,4,"Colon, Javier",1011,15,2,3,2,4,0,1,0,1,1,3,1,0,4,2,10,single-source,wayback_bsnpr_games,https://web.archive.org/web/20011101174305id_/http://www.bsnpr.com:80/gamestatwide.asp?r=BS21196&grupo=,2026-09-08T15:37:32Z
BS21196,2001,2001-07-22,PONCE,5,"Agosto, Jose",,29,0,0,1,5,1,2,1,0,1,2,1,0,4,1,4,single-source,wayback_bsnpr_games,https://web.archive.org/web/20011101174305id_/http://www.bsnpr.com:80/gamestatwide.asp?r=BS21196&grupo=,2026-09-08T15:37:32Z
BS21196,2001,2001-07-22,PONCE,6,"Lockhart, Ian",914,29,2,6,1,3,2,2,5,9,14,3,2,0,5,5,9,single-source,wayback_bsnpr_games,https://web.archive.org/web/20011101174305id_/http://www.bsnpr.com:80/gamestatwide.asp?r=BS21196&grupo=,2026-09-08T15:37:32Z
BS21196,2001,2001-07-22,SANTURCE,1,"Lopez, Jose",,1,0,0,0,0,0,0,0,0,0,0,0,0,0,0,0,single-source,wayback_bsnpr_games,https://web.archive.org/web/20011101174305id_/http://www.bsnpr.com:80/gamestatwide.asp?r=BS21196&grupo=,2026-09-08T15:37:32Z
BS21196,2001,2001-07-22,SANTURCE,11,"Benson, Mark",,22,0,2,1,1,0,0,0,3,3,2,0,0,4,2,3,single-source,wayback_bsnpr_games,https://web.archive.org/web/20011101174305id_/http://www.bsnpr.com:80/gamestatwide.asp?r=BS21196&grupo=,2026-09-08T15:37:32Z
BS21196,2001,2001-07-22,SANTURCE,12,"Hourruitiner, Rolando",2090,31,1,4,0,0,6,7,0,2,2,2,1,0,4,3,8,single-source,wayback_bsnpr_games,https://web.archive.org/web/20011101174305id_/http://www.bsnpr.com:80/gamestatwide.asp?r=BS21196&grupo=,2026-09-08T15:37:32Z
BS21196,2001,2001-07-22,SANTURCE,33,"Falcon, Alex",,15,1,2,0,0,0,0,0,2,2,1,0,0,2,3,2,single-source,wayback_bsnpr_games,https://web.archive.org/web/20011101174305id_/http://www.bsnpr.com:80/gamestatwide.asp?r=BS21196&grupo=,2026-09-08T15:37:32Z
BS21196,2001,2001-07-22,SANTURCE,4,"Ortiz, Jose",,39,11,17,0,0,10,14,3,12,15,1,0,1,4,3,32,single-source,wayback_bsnpr_games,https://web.archive.org/web/20011101174305id_/http://www.bsnpr.com:80/gamestatwide.asp?r=BS21196&grupo=,2026-09-08T15:37:32Z
BS21196,2001,2001-07-22,SANTURCE,42,"Aubry, Jeffrey",,1,0,0,0,0,0,0,0,0,0,0,0,0,1,0,0,single-source,wayback_bsnpr_games,https://web.archive.org/web/20011101174305id_/http://www.bsnpr.com:80/gamestatwide.asp?r=BS21196&grupo=,2026-09-08T15:37:32Z
BS21196,2001,2001-07-22,SANTURCE,44,"Bocachica, Armando",,1,0,0,0,0,0,0,0,0,0,0,0,0,0,0,0,single-source,wayback_bsnpr_games,https://web.archive.org/web/20011101174305id_/http://www.bsnpr.com:80/gamestatwide.asp?r=BS21196&grupo=,2026-09-08T15:37:32Z
BS21196,2001,2001-07-22,SANTURCE,5,"Santiago, Orlando",,40,4,5,1,5,4,6,1,2,3,10,3,0,2,5,15,single-source,wayback_bsnpr_games,https://web.archive.org/web/20011101174305id_/http://www.bsnpr.com:80/gamestatwide.asp?r=BS21196&grupo=,2026-09-08T15:37:32Z
BS21196,2001,2001-07-22,SANTURCE,8,"Trimminghan, Leon",,27,5,7,0,0,7,7,3,5,8,1,1,0,5,6,17,single-source,wayback_bsnpr_games,https://web.archive.org/web/20011101174305id_/http://www.bsnpr.com:80/gamestatwide.asp?r=BS21196&grupo=,2026-09-08T15:37:32Z
BS21196,2001,2001-07-22,SANTURCE,9,"Santiago, Edwin",,23,5,6,3,4,0,0,1,3,4,0,0,0,1,0,19,single-source,wayback_bsnpr_games,https://web.archive.org/web/20011101174305id_/http://www.bsnpr.com:80/gamestatwide.asp?r=BS21196&grupo=,2026-09-08T15:37:32Z
BS21197,2001,2001-07-22,BAYAMON,0,"Miller, Kenny",,34,6,8,0,0,0,0,1,8,9,0,0,1,5,2,12,single-source,wayback_bsnpr_games,https://web.archive.org/web/20011223153255id_/http://www.bsnpr.com:80/gamestatwide.asp?r=BS21197&grupo=,2026-09-08T15:40:32Z
BS21197,2001,2001-07-22,BAYAMON,12,"Padilla, Edgar",,35,1,1,0,1,4,4,0,3,3,6,5,0,4,6,6,single-source,wayback_bsnpr_games,https://web.archive.org/web/20011223153255id_/http://www.bsnpr.com:80/gamestatwide.asp?r=BS21197&grupo=,2026-09-08T15:40:32Z
BS21197,2001,2001-07-22,BAYAMON,13,"Payano, Carlos",,9,0,1,0,0,2,2,1,0,1,0,0,0,1,2,2,single-source,wayback_bsnpr_games,https://web.archive.org/web/20011223153255id_/http://www.bsnpr.com:80/gamestatwide.asp?r=BS21197&grupo=,2026-09-08T15:40:32Z
BS21197,2001,2001-07-22,BAYAMON,15,"Nova, Rafael",,2,1,1,0,0,1,2,0,0,0,0,0,0,0,0,3,single-source,wayback_bsnpr_games,https://web.archive.org/web/20011223153255id_/http://www.bsnpr.com:80/gamestatwide.asp?r=BS21197&grupo=,2026-09-08T15:40:32Z
BS21197,2001,2001-07-22,BAYAMON,17,"Mincy, Jerome",1032,34,6,7,0,3,0,0,0,6,6,3,0,0,3,5,12,single-source,wayback_bsnpr_games,https://web.archive.org/web/20011223153255id_/http://www.bsnpr.com:80/gamestatwide.asp?r=BS21197&grupo=,2026-09-08T15:40:32Z
BS21197,2001,2001-07-22,BAYAMON,22,"Apodaca, Rick",2028,20,6,8,2,3,3,3,1,0,1,2,2,0,3,5,21,single-source,wayback_bsnpr_games,https://web.archive.org/web/20011223153255id_/http://www.bsnpr.com:80/gamestatwide.asp?r=BS21197&grupo=,2026-09-08T15:40:32Z
BS21197,2001,2001-07-22,BAYAMON,4,"Western, Franklin",,32,11,20,0,0,8,9,4,1,5,3,1,0,3,6,30,single-source,wayback_bsnpr_games,https://web.archive.org/web/20011223153255id_/http://www.bsnpr.com:80/gamestatwide.asp?r=BS21197&grupo=,2026-09-08T15:40:32Z
BS21197,2001,2001-07-22,BAYAMON,6,"Travieso, Carmelo",,32,2,3,5,9,0,0,1,2,3,1,1,0,4,6,19,single-source,wayback_bsnpr_games,https://web.archive.org/web/20011223153255id_/http://www.bsnpr.com:80/gamestatwide.asp?r=BS21197&grupo=,2026-09-08T15:40:32Z
BS21197,2001,2001-07-22,BAYAMON,9,"Salgado, Gustavo",,2,0,0,0,0,0,0,0,1,1,0,0,0,0,0,0,single-source,wayback_bsnpr_games,https://web.archive.org/web/20011223153255id_/http://www.bsnpr.com:80/gamestatwide.asp?r=BS21197&grupo=,2026-09-08T15:40:32Z
BS21197,2001,2001-07-22,SAN GERMAN,1,"Jackson, Leroy",1442,40,10,11,1,4,5,5,3,4,7,8,5,0,4,5,28,single-source,wayback_bsnpr_games,https://web.archive.org/web/20011223153255id_/http://www.bsnpr.com:80/gamestatwide.asp?r=BS21197&grupo=,2026-09-08T15:40:32Z
BS21197,2001,2001-07-22,SAN GERMAN,12,"Caanen, Wilhemus",,10,0,0,0,0,0,0,0,1,1,3,2,0,2,0,0,single-source,wayback_bsnpr_games,https://web.archive.org/web/20011223153255id_/http://www.bsnpr.com:80/gamestatwide.asp?r=BS21197&grupo=,2026-09-08T15:40:32Z
BS21197,2001,2001-07-22,SAN GERMAN,17,"Dalmau, Christian",382,30,2,10,2,6,3,3,3,2,5,6,2,0,4,3,13,single-source,wayback_bsnpr_games,https://web.archive.org/web/20011223153255id_/http://www.bsnpr.com:80/gamestatwide.asp?r=BS21197&grupo=,2026-09-08T15:40:32Z
BS21197,2001,2001-07-22,SAN GERMAN,18,"Barea, Irving",,6,1,2,0,0,0,0,1,0,1,1,1,0,2,1,2,single-source,wayback_bsnpr_games,https://web.archive.org/web/20011223153255id_/http://www.bsnpr.com:80/gamestatwide.asp?r=BS21197&grupo=,2026-09-08T15:40:32Z
BS21197,2001,2001-07-22,SAN GERMAN,20,"Ayuso, Larry",574,40,8,11,6,14,10,10,3,3,6,1,1,0,2,5,44,single-source,wayback_bsnpr_games,https://web.archive.org/web/20011223153255id_/http://www.bsnpr.com:80/gamestatwide.asp?r=BS21197&grupo=,2026-09-08T15:40:32Z
BS21197,2001,2001-07-22,SAN GERMAN,21,"Febles, Arnaldo",,40,7,9,0,0,1,2,2,0,2,1,0,1,2,3,15,single-source,wayback_bsnpr_games,https://web.archive.org/web/20011223153255id_/http://www.bsnpr.com:80/gamestatwide.asp?r=BS21197&grupo=,2026-09-08T15:40:32Z
BS21197,2001,2001-07-22,SAN GERMAN,32,"Lazor, Robert",2037,34,2,7,1,5,3,3,1,5,6,2,3,1,4,4,10,single-source,wayback_bsnpr_games,https://web.archive.org/web/20011223153255id_/http://www.bsnpr.com:80/gamestatwide.asp?r=BS21197&grupo=,2026-09-08T15:40:32Z
BS21200,2001,2001-07-24,SAN GERMAN,1,"Jackson, Leroy",1442,34,8,14,0,2,5,5,4,3,7,2,0,1,3,3,21,single-source,wayback_bsnpr_games,https://web.archive.org/web/20010901043406id_/http://www.bsnpr.com:80/gamestatwide.asp?r=BS21200&GRUPO=PO99&SERIE=4,2026-09-08T15:36:32Z
BS21200,2001,2001-07-24,SAN GERMAN,1,"Jackson, Leroy",1442,34,8,14,0,2,5,5,4,3,7,2,0,1,3,3,21,single-source,wayback_bsnpr_games,https://web.archive.org/web/20010917105006id_/http://www.bsnpr.com:80/gamestatwide.asp?r=BS21200&grupo=,2026-09-08T15:36:42Z
BS21200,2001,2001-07-24,SAN GERMAN,12,"Caanen, Wilhemus",,20,3,5,0,1,0,0,2,1,3,2,0,0,1,2,6,single-source,wayback_bsnpr_games,https://web.archive.org/web/20010901043406id_/http://www.bsnpr.com:80/gamestatwide.asp?r=BS21200&GRUPO=PO99&SERIE=4,2026-09-08T15:36:32Z
BS21200,2001,2001-07-24,SAN GERMAN,12,"Caanen, Wilhemus",,20,3,5,0,1,0,0,2,1,3,2,0,0,1,2,6,single-source,wayback_bsnpr_games,https://web.archive.org/web/20010917105006id_/http://www.bsnpr.com:80/gamestatwide.asp?r=BS21200&grupo=,2026-09-08T15:36:42Z
BS21200,2001,2001-07-24,SAN GERMAN,17,"Dalmau, Christian",382,26,3,10,2,6,2,2,0,6,6,0,0,0,2,1,14,single-source,wayback_bsnpr_games,https://web.archive.org/web/20010901043406id_/http://www.bsnpr.com:80/gamestatwide.asp?r=BS21200&GRUPO=PO99&SERIE=4,2026-09-08T15:36:32Z
BS21200,2001,2001-07-24,SAN GERMAN,17,"Dalmau, Christian",382,26,3,10,2,6,2,2,0,6,6,0,0,0,2,1,14,single-source,wayback_bsnpr_games,https://web.archive.org/web/20010917105006id_/http://www.bsnpr.com:80/gamestatwide.asp?r=BS21200&grupo=,2026-09-08T15:36:42Z
BS21200,2001,2001-07-24,SAN GERMAN,18,"Barea, Irving",,7,2,5,0,0,2,4,1,3,4,0,0,1,2,2,6,single-source,wayback_bsnpr_games,https://web.archive.org/web/20010901043406id_/http://www.bsnpr.com:80/gamestatwide.asp?r=BS21200&GRUPO=PO99&SERIE=4,2026-09-08T15:36:32Z
BS21200,2001,2001-07-24,SAN GERMAN,18,"Barea, Irving",,7,2,5,0,0,2,4,1,3,4,0,0,1,2,2,6,single-source,wayback_bsnpr_games,https://web.archive.org/web/20010917105006id_/http://www.bsnpr.com:80/gamestatwide.asp?r=BS21200&grupo=,2026-09-08T15:36:42Z
BS21200,2001,2001-07-24,SAN GERMAN,20,"Ayuso, Larry",574,24,3,6,2,4,2,2,1,2,3,2,2,0,4,2,14,single-source,wayback_bsnpr_games,https://web.archive.org/web/20010901043406id_/http://www.bsnpr.com:80/gamestatwide.asp?r=BS21200&GRUPO=PO99&SERIE=4,2026-09-08T15:36:32Z
BS21200,2001,2001-07-24,SAN GERMAN,20,"Ayuso, Larry",574,24,3,6,2,4,2,2,1,2,3,2,2,0,4,2,14,single-source,wayback_bsnpr_games,https://web.archive.org/web/20010917105006id_/http://www.bsnpr.com:80/gamestatwide.asp?r=BS21200&grupo=,2026-09-08T15:36:42Z
BS21200,2001,2001-07-24,SAN GERMAN,21,"Febres, Arnaldo",,28,2,8,0,0,5,6,6,3,9,0,0,0,3,3,9,single-source,wayback_bsnpr_games,https://web.archive.org/web/20010901043406id_/http://www.bsnpr.com:80/gamestatwide.asp?r=BS21200&GRUPO=PO99&SERIE=4,2026-09-08T15:36:32Z
BS21200,2001,2001-07-24,SAN GERMAN,21,"Febres, Arnaldo",,28,2,8,0,0,5,6,6,3,9,0,0,0,3,3,9,single-source,wayback_bsnpr_games,https://web.archive.org/web/20010917105006id_/http://www.bsnpr.com:80/gamestatwide.asp?r=BS21200&grupo=,2026-09-08T15:36:42Z
BS21200,2001,2001-07-24,SAN GERMAN,24,"Pryor, Sean",2156,5,0,1,0,1,0,0,0,0,0,0,0,0,0,0,0,single-source,wayback_bsnpr_games,https://web.archive.org/web/20010901043406id_/http://www.bsnpr.com:80/gamestatwide.asp?r=BS21200&GRUPO=PO99&SERIE=4,2026-09-08T15:36:32Z
BS21200,2001,2001-07-24,SAN GERMAN,24,"Pryor, Sean",2156,5,0,1,0,1,0,0,0,0,0,0,0,0,0,0,0,single-source,wayback_bsnpr_games,https://web.archive.org/web/20010917105006id_/http://www.bsnpr.com:80/gamestatwide.asp?r=BS21200&grupo=,2026-09-08T15:36:42Z
BS21200,2001,2001-07-24,SAN GERMAN,26,"Zayas, Gerardo",795,5,0,1,0,0,0,0,0,1,1,0,0,0,1,0,0,single-source,wayback_bsnpr_games,https://web.archive.org/web/20010901043406id_/http://www.bsnpr.com:80/gamestatwide.asp?r=BS21200&GRUPO=PO99&SERIE=4,2026-09-08T15:36:32Z
BS21200,2001,2001-07-24,SAN GERMAN,26,"Zayas, Gerardo",795,5,0,1,0,0,0,0,0,1,1,0,0,0,1,0,0,single-source,wayback_bsnpr_games,https://web.archive.org/web/20010917105006id_/http://www.bsnpr.com:80/gamestatwide.asp?r=BS21200&grupo=,2026-09-08T15:36:42Z
BS21200,2001,2001-07-24,SAN GERMAN,32,"Lazor, Robert",2037,32,4,8,0,5,8,8,3,5,8,2,1,0,1,2,16,single-source,wayback_bsnpr_games,https://web.archive.org/web/20010901043406id_/http://www.bsnpr.com:80/gamestatwide.asp?r=BS21200&GRUPO=PO99&SERIE=4,2026-09-08T15:36:32Z
BS21200,2001,2001-07-24,SAN GERMAN,32,"Lazor, Robert",2037,32,4,8,0,5,8,8,3,5,8,2,1,0,1,2,16,single-source,wayback_bsnpr_games,https://web.archive.org/web/20010917105006id_/http://www.bsnpr.com:80/gamestatwide.asp?r=BS21200&grupo=,2026-09-08T15:36:42Z
BS21200,2001,2001-07-24,SAN GERMAN,6,"Caraballo, Johnny",,5,0,1,0,0,0,0,0,0,0,0,0,0,0,1,0,single-source,wayback_bsnpr_games,https://web.archive.org/web/20010901043406id_/http://www.bsnpr.com:80/gamestatwide.asp?r=BS21200&GRUPO=PO99&SERIE=4,2026-09-08T15:36:32Z
BS21200,2001,2001-07-24,SAN GERMAN,6,"Caraballo, Johnny",,5,0,1,0,0,0,0,0,0,0,0,0,0,0,1,0,single-source,wayback_bsnpr_games,https://web.archive.org/web/20010917105006id_/http://www.bsnpr.com:80/gamestatwide.asp?r=BS21200&grupo=,2026-09-08T15:36:42Z
BS21200,2001,2001-07-24,SAN GERMAN,7,"Quinonez, Nelson",,14,0,0,0,3,0,0,0,0,0,1,1,0,0,0,0,single-source,wayback_bsnpr_games,https://web.archive.org/web/20010901043406id_/http://www.bsnpr.com:80/gamestatwide.asp?r=BS21200&GRUPO=PO99&SERIE=4,2026-09-08T15:36:32Z
BS21200,2001,2001-07-24,SAN GERMAN,7,"Quinonez, Nelson",,14,0,0,0,3,0,0,0,0,0,1,1,0,0,0,0,single-source,wayback_bsnpr_games,https://web.archive.org/web/20010917105006id_/http://www.bsnpr.com:80/gamestatwide.asp?r=BS21200&grupo=,2026-09-08T15:36:42Z
BS21200,2001,2001-07-24,SANTURCE,1,"Lopez, Jose",,6,1,1,0,0,1,1,0,0,0,1,0,0,1,1,3,single-source,wayback_bsnpr_games,https://web.archive.org/web/20010901043406id_/http://www.bsnpr.com:80/gamestatwide.asp?r=BS21200&GRUPO=PO99&SERIE=4,2026-09-08T15:36:32Z
BS21200,2001,2001-07-24,SANTURCE,1,"Lopez, Jose",,6,1,1,0,0,1,1,0,0,0,1,0,0,1,1,3,single-source,wayback_bsnpr_games,https://web.archive.org/web/20010917105006id_/http://www.bsnpr.com:80/gamestatwide.asp?r=BS21200&grupo=,2026-09-08T15:36:42Z
BS21200,2001,2001-07-24,SANTURCE,10,"Arroyo, Alberto",,5,0,0,2,3,0,0,0,0,0,1,0,0,1,1,6,single-source,wayback_bsnpr_games,https://web.archive.org/web/20010901043406id_/http://www.bsnpr.com:80/gamestatwide.asp?r=BS21200&GRUPO=PO99&SERIE=4,2026-09-08T15:36:32Z
BS21200,2001,2001-07-24,SANTURCE,10,"Arroyo, Alberto",,5,0,0,2,3,0,0,0,0,0,1,0,0,1,1,6,single-source,wayback_bsnpr_games,https://web.archive.org/web/20010917105006id_/http://www.bsnpr.com:80/gamestatwide.asp?r=BS21200&grupo=,2026-09-08T15:36:42Z
BS21200,2001,2001-07-24,SANTURCE,11,"Benson, Mark",,17,1,1,1,2,0,0,0,1,1,0,0,0,2,0,5,single-source,wayback_bsnpr_games,https://web.archive.org/web/20010901043406id_/http://www.bsnpr.com:80/gamestatwide.asp?r=BS21200&GRUPO=PO99&SERIE=4,2026-09-08T15:36:32Z
BS21200,2001,2001-07-24,SANTURCE,11,"Benson, Mark",,17,1,1,1,2,0,0,0,1,1,0,0,0,2,0,5,single-source,wayback_bsnpr_games,https://web.archive.org/web/20010917105006id_/http://www.bsnpr.com:80/gamestatwide.asp?r=BS21200&grupo=,2026-09-08T15:36:42Z
BS21200,2001,2001-07-24,SANTURCE,12,"Horruitiner, Rolando",,19,2,3,1,1,2,4,0,1,1,2,1,0,1,2,9,single-source,wayback_bsnpr_games,https://web.archive.org/web/20010901043406id_/http://www.bsnpr.com:80/gamestatwide.asp?r=BS21200&GRUPO=PO99&SERIE=4,2026-09-08T15:36:32Z
BS21200,2001,2001-07-24,SANTURCE,12,"Horruitiner, Rolando",,19,2,3,1,1,2,4,0,1,1,2,1,0,1,2,9,single-source,wayback_bsnpr_games,https://web.archive.org/web/20010917105006id_/http://www.bsnpr.com:80/gamestatwide.asp?r=BS21200&grupo=,2026-09-08T15:36:42Z
BS21200,2001,2001-07-24,SANTURCE,33,"Falcon, Alex",,9,2,4,0,0,0,0,0,2,2,1,2,0,2,1,4,single-source,wayback_bsnpr_games,https://web.archive.org/web/20010901043406id_/http://www.bsnpr.com:80/gamestatwide.asp?r=BS21200&GRUPO=PO99&SERIE=4,2026-09-08T15:36:32Z
BS21200,2001,2001-07-24,SANTURCE,33,"Falcon, Alex",,9,2,4,0,0,0,0,0,2,2,1,2,0,2,1,4,single-source,wayback_bsnpr_games,https://web.archive.org/web/20010917105006id_/http://www.bsnpr.com:80/gamestatwide.asp?r=BS21200&grupo=,2026-09-08T15:36:42Z
BS21200,2001,2001-07-24,SANTURCE,4,"Ortiz, Jose",,26,5,11,1,1,4,6,1,8,9,6,1,2,1,1,17,single-source,wayback_bsnpr_games,https://web.archive.org/web/20010901043406id_/http://www.bsnpr.com:80/gamestatwide.asp?r=BS21200&GRUPO=PO99&SERIE=4,2026-09-08T15:36:32Z
BS21200,2001,2001-07-24,SANTURCE,4,"Ortiz, Jose",,26,5,11,1,1,4,6,1,8,9,6,1,2,1,1,17,single-source,wayback_bsnpr_games,https://web.archive.org/web/20010917105006id_/http://www.bsnpr.com:80/gamestatwide.asp?r=BS21200&grupo=,2026-09-08T15:36:42Z
BS21200,2001,2001-07-24,SANTURCE,42,"Aubrey, Jeffrey",,8,3,3,0,0,0,0,2,0,2,0,1,0,3,2,6,single-source,wayback_bsnpr_games,https://web.archive.org/web/20010901043406id_/http://www.bsnpr.com:80/gamestatwide.asp?r=BS21200&GRUPO=PO99&SERIE=4,2026-09-08T15:36:32Z
BS21200,2001,2001-07-24,SANTURCE,42,"Aubrey, Jeffrey",,8,3,3,0,0,0,0,2,0,2,0,1,0,3,2,6,single-source,wayback_bsnpr_games,https://web.archive.org/web/20010917105006id_/http://www.bsnpr.com:80/gamestatwide.asp?r=BS21200&grupo=,2026-09-08T15:36:42Z
BS21200,2001,2001-07-24,SANTURCE,44,"Bocachica, Armando",,5,0,0,0,1,0,0,0,4,4,1,0,1,2,0,0,single-source,wayback_bsnpr_games,https://web.archive.org/web/20010901043406id_/http://www.bsnpr.com:80/gamestatwide.asp?r=BS21200&GRUPO=PO99&SERIE=4,2026-09-08T15:36:32Z
BS21200,2001,2001-07-24,SANTURCE,44,"Bocachica, Armando",,5,0,0,0,1,0,0,0,4,4,1,0,1,2,0,0,single-source,wayback_bsnpr_games,https://web.archive.org/web/20010917105006id_/http://www.bsnpr.com:80/gamestatwide.asp?r=BS21200&grupo=,2026-09-08T15:36:42Z
BS21200,2001,2001-07-24,SANTURCE,5,"Santiago, Orlando",,26,5,5,4,8,2,2,0,1,1,6,0,0,1,0,24,single-source,wayback_bsnpr_games,https://web.archive.org/web/20010901043406id_/http://www.bsnpr.com:80/gamestatwide.asp?r=BS21200&GRUPO=PO99&SERIE=4,2026-09-08T15:36:32Z
BS21200,2001,2001-07-24,SANTURCE,5,"Santiago, Orlando",,26,5,5,4,8,2,2,0,1,1,6,0,0,1,0,24,single-source,wayback_bsnpr_games,https://web.archive.org/web/20010917105006id_/http://www.bsnpr.com:80/gamestatwide.asp?r=BS21200&grupo=,2026-09-08T15:36:42Z
BS21200,2001,2001-07-24,SANTURCE,55,"Butler, Mario",,11,3,4,0,0,1,2,2,1,3,1,0,0,1,1,7,single-source,wayback_bsnpr_games,https://web.archive.org/web/20010901043406id_/http://www.bsnpr.com:80/gamestatwide.asp?r=BS21200&GRUPO=PO99&SERIE=4,2026-09-08T15:36:32Z
BS21200,2001,2001-07-24,SANTURCE,55,"Butler, Mario",,11,3,4,0,0,1,2,2,1,3,1,0,0,1,1,7,single-source,wayback_bsnpr_games,https://web.archive.org/web/20010917105006id_/http://www.bsnpr.com:80/gamestatwide.asp?r=BS21200&grupo=,2026-09-08T15:36:42Z
BS21200,2001,2001-07-24,SANTURCE,7,"Arroyo, Carlos",273,32,4,7,2,5,1,2,2,2,4,7,2,0,2,1,15,single-source,wayback_bsnpr_games,https://web.archive.org/web/20010901043406id_/http://www.bsnpr.com:80/gamestatwide.asp?r=BS21200&GRUPO=PO99&SERIE=4,2026-09-08T15:36:32Z
BS21200,2001,2001-07-24,SANTURCE,7,"Arroyo, Carlos",273,32,4,7,2,5,1,2,2,2,4,7,2,0,2,1,15,single-source,wayback_bsnpr_games,https://web.archive.org/web/20010917105006id_/http://www.bsnpr.com:80/gamestatwide.asp?r=BS21200&grupo=,2026-09-08T15:36:42Z
BS21200,2001,2001-07-24,SANTURCE,8,"Trimingham, Leon",,21,9,13,0,0,2,4,0,7,7,2,2,2,3,1,20,single-source,wayback_bsnpr_games,https://web.archive.org/web/20010901043406id_/http://www.bsnpr.com:80/gamestatwide.asp?r=BS21200&GRUPO=PO99&SERIE=4,2026-09-08T15:36:32Z
BS21200,2001,2001-07-24,SANTURCE,8,"Trimingham, Leon",,21,9,13,0,0,2,4,0,7,7,2,2,2,3,1,20,single-source,wayback_bsnpr_games,https://web.archive.org/web/20010917105006id_/http://www.bsnpr.com:80/gamestatwide.asp?r=BS21200&grupo=,2026-09-08T15:36:42Z
BS21200,2001,2001-07-24,SANTURCE,9,"Santiago, Edwin",,15,0,3,2,3,0,0,1,2,3,0,1,0,0,0,6,single-source,wayback_bsnpr_games,https://web.archive.org/web/20010901043406id_/http://www.bsnpr.com:80/gamestatwide.asp?r=BS21200&GRUPO=PO99&SERIE=4,2026-09-08T15:36:32Z
BS21200,2001,2001-07-24,SANTURCE,9,"Santiago, Edwin",,15,0,3,2,3,0,0,1,2,3,0,1,0,0,0,6,single-source,wayback_bsnpr_games,https://web.archive.org/web/20010917105006id_/http://www.bsnpr.com:80/gamestatwide.asp?r=BS21200&grupo=,2026-09-08T15:36:42Z
BS21201,2001,2020-07-24,BAYAMON,0,"Richards, Jaja",,33,6,9,0,0,6,6,5,5,10,0,0,4,2,1,18,single-source,wayback_bsnpr_games,https://web.archive.org/web/20020220060202id_/http://www.bsnpr.com:80/gamestatwide.asp?r=BS21201&grupo=,2026-09-08T15:42:01Z
BS21201,2001,2020-07-24,BAYAMON,12,"Padilla, Edgar",,30,4,7,0,2,1,2,0,2,2,6,2,0,2,4,9,single-source,wayback_bsnpr_games,https://web.archive.org/web/20020220060202id_/http://www.bsnpr.com:80/gamestatwide.asp?r=BS21201&grupo=,2026-09-08T15:42:01Z
BS21201,2001,2020-07-24,BAYAMON,13,"Payano, Carlos",,20,2,6,1,1,3,4,1,3,4,3,1,0,1,2,10,single-source,wayback_bsnpr_games,https://web.archive.org/web/20020220060202id_/http://www.bsnpr.com:80/gamestatwide.asp?r=BS21201&grupo=,2026-09-08T15:42:01Z
BS21201,2001,2020-07-24,BAYAMON,17,"Mincy, Jerome",1032,37,4,11,1,2,0,0,2,7,9,2,0,0,3,2,11,single-source,wayback_bsnpr_games,https://web.archive.org/web/20020220060202id_/http://www.bsnpr.com:80/gamestatwide.asp?r=BS21201&grupo=,2026-09-08T15:42:01Z
BS21201,2001,2020-07-24,BAYAMON,22,"Apodaca, Rick",2028,9,0,1,0,1,3,4,0,2,2,0,1,0,1,2,3,single-source,wayback_bsnpr_games,https://web.archive.org/web/20020220060202id_/http://www.bsnpr.com:80/gamestatwide.asp?r=BS21201&grupo=,2026-09-08T15:42:01Z
BS21201,2001,2020-07-24,BAYAMON,32,"Santiago, Eddin",502,11,2,3,0,0,1,2,0,2,2,1,1,0,0,0,5,single-source,wayback_bsnpr_games,https://web.archive.org/web/20020220060202id_/http://www.bsnpr.com:80/gamestatwide.asp?r=BS21201&grupo=,2026-09-08T15:42:01Z
BS21201,2001,2020-07-24,BAYAMON,4,"Western, Franklyn",,22,5,10,0,0,2,2,2,1,3,1,0,0,3,2,12,single-source,wayback_bsnpr_games,https://web.archive.org/web/20020220060202id_/http://www.bsnpr.com:80/gamestatwide.asp?r=BS21201&grupo=,2026-09-08T15:42:01Z
BS21201,2001,2020-07-24,BAYAMON,44,"Nova, Rafael",,10,1,1,0,0,0,0,1,3,4,1,0,0,0,0,2,single-source,wayback_bsnpr_games,https://web.archive.org/web/20020220060202id_/http://www.bsnpr.com:80/gamestatwide.asp?r=BS21201&grupo=,2026-09-08T15:42:01Z
BS21201,2001,2020-07-24,BAYAMON,6,"Travieso, Carmelo",,28,3,6,1,6,2,2,4,4,8,0,1,0,3,0,11,single-source,wayback_bsnpr_games,https://web.archive.org/web/20020220060202id_/http://www.bsnpr.com:80/gamestatwide.asp?r=BS21201&grupo=,2026-09-08T15:42:01Z
BS21201,2001,2020-07-24,PONCE,1,"Morales, Ferdinand",,15,0,1,0,2,0,0,3,2,5,1,0,0,1,0,0,single-source,wayback_bsnpr_games,https://web.archive.org/web/20020220060202id_/http://www.bsnpr.com:80/gamestatwide.asp?r=BS21201&grupo=,2026-09-08T15:42:01Z
BS21201,2001,2020-07-24,PONCE,10,"Hatton, Bobby Joe",2074,26,2,5,2,5,0,0,0,2,2,4,1,2,1,1,10,single-source,wayback_bsnpr_games,https://web.archive.org/web/20020220060202id_/http://www.bsnpr.com:80/gamestatwide.asp?r=BS21201&grupo=,2026-09-08T15:42:01Z
BS21201,2001,2020-07-24,PONCE,11,"Casiano, Eddie",498,38,7,11,3,12,9,12,1,0,1,2,2,0,4,6,32,single-source,wayback_bsnpr_games,https://web.archive.org/web/20020220060202id_/http://www.bsnpr.com:80/gamestatwide.asp?r=BS21201&grupo=,2026-09-08T15:42:01Z
BS21201,2001,2020-07-24,PONCE,12,"Ricardo, Osiris",,1,0,0,0,0,0,0,0,0,0,0,0,0,0,0,0,single-source,wayback_bsnpr_games,https://web.archive.org/web/20020220060202id_/http://www.bsnpr.com:80/gamestatwide.asp?r=BS21201&grupo=,2026-09-08T15:42:01Z
BS21201,2001,2020-07-24,PONCE,16,"Martinez, Rafael",,18,0,0,1,3,0,0,0,0,0,0,1,1,3,1,3,single-source,wayback_bsnpr_games,https://web.archive.org/web/20020220060202id_/http://www.bsnpr.com:80/gamestatwide.asp?r=BS21201&grupo=,2026-09-08T15:42:01Z
BS21201,2001,2020-07-24,PONCE,17,"Collado, Roberto",,6,0,0,0,0,0,0,0,1,1,0,0,0,1,0,0,single-source,wayback_bsnpr_games,https://web.archive.org/web/20020220060202id_/http://www.bsnpr.com:80/gamestatwide.asp?r=BS21201&grupo=,2026-09-08T15:42:01Z
BS21201,2001,2020-07-24,PONCE,33,"Soto, Eugenio",651,13,1,1,0,0,0,0,1,1,2,0,0,0,2,2,2,single-source,wayback_bsnpr_games,https://web.archive.org/web/20020220060202id_/http://www.bsnpr.com:80/gamestatwide.asp?r=BS21201&grupo=,2026-09-08T15:42:01Z
BS21201,2001,2020-07-24,PONCE,4,"Colon, Javier",1011,34,2,6,3,8,4,4,0,4,4,6,3,0,4,3,17,single-source,wayback_bsnpr_games,https://web.archive.org/web/20020220060202id_/http://www.bsnpr.com:80/gamestatwide.asp?r=BS21201&grupo=,2026-09-08T15:42:01Z
BS21201,2001,2020-07-24,PONCE,5,"Agosto, Jose",,10,0,0,1,3,0,2,0,1,1,1,0,0,3,0,3,single-source,wayback_bsnpr_games,https://web.archive.org/web/20020220060202id_/http://www.bsnpr.com:80/gamestatwide.asp?r=BS21201&grupo=,2026-09-08T15:42:01Z
BS21201,2001,2020-07-24,PONCE,6,"Lockhart, Ian",914,39,3,7,0,0,0,0,5,7,12,0,1,0,3,2,6,single-source,wayback_bsnpr_games,https://web.archive.org/web/20020220060202id_/http://www.bsnpr.com:80/gamestatwide.asp?r=BS21201&grupo=,2026-09-08T15:42:01Z
BS21204,2001,2001-07-25,BAYAMON,0,"Richard, Jaya",,33,6,8,0,0,3,4,7,4,11,2,1,1,4,7,15,single-source,wayback_bsnpr_games,https://web.archive.org/web/20011101175700id_/http://www.bsnpr.com:80/gamestatwide.asp?r=BS21204&grupo=,2026-09-08T15:37:36Z
BS21204,2001,2001-07-25,BAYAMON,12,"Padilla, Edgar",,22,2,2,0,2,0,0,0,0,0,4,3,1,2,2,4,single-source,wayback_bsnpr_games,https://web.archive.org/web/20011101175700id_/http://www.bsnpr.com:80/gamestatwide.asp?r=BS21204&grupo=,2026-09-08T15:37:36Z
BS21204,2001,2001-07-25,BAYAMON,13,"Payano, Carlos",,10,1,4,0,1,0,0,0,0,0,1,0,0,1,1,2,single-source,wayback_bsnpr_games,https://web.archive.org/web/20011101175700id_/http://www.bsnpr.com:80/gamestatwide.asp?r=BS21204&grupo=,2026-09-08T15:37:36Z
BS21204,2001,2001-07-25,BAYAMON,17,"Mincy, Jerome",1032,33,3,10,0,3,3,3,0,8,8,1,0,0,4,1,9,single-source,wayback_bsnpr_games,https://web.archive.org/web/20011101175700id_/http://www.bsnpr.com:80/gamestatwide.asp?r=BS21204&grupo=,2026-09-08T15:37:36Z
BS21204,2001,2001-07-25,BAYAMON,22,"Apodaca, Rick",2028,5,1,2,0,0,0,0,0,1,1,0,0,0,0,1,2,single-source,wayback_bsnpr_games,https://web.archive.org/web/20011101175700id_/http://www.bsnpr.com:80/gamestatwide.asp?r=BS21204&grupo=,2026-09-08T15:37:36Z
BS21204,2001,2001-07-25,BAYAMON,32,"Santiago, Eddin",502,18,1,1,1,3,2,4,0,2,2,1,0,0,2,3,7,single-source,wayback_bsnpr_games,https://web.archive.org/web/20011101175700id_/http://www.bsnpr.com:80/gamestatwide.asp?r=BS21204&grupo=,2026-09-08T15:37:36Z
BS21204,2001,2001-07-25,BAYAMON,4,"Western, Franklin",,36,9,13,0,0,3,6,1,3,4,2,1,0,2,4,21,single-source,wayback_bsnpr_games,https://web.archive.org/web/20011101175700id_/http://www.bsnpr.com:80/gamestatwide.asp?r=BS21204&grupo=,2026-09-08T15:37:36Z
BS21204,2001,2001-07-25,BAYAMON,44,"Novas, Rafael",,10,1,1,0,0,1,3,1,3,4,0,0,0,2,0,3,single-source,wayback_bsnpr_games,https://web.archive.org/web/20011101175700id_/http://www.bsnpr.com:80/gamestatwide.asp?r=BS21204&grupo=,2026-09-08T15:37:36Z
BS21204,2001,2001-07-25,BAYAMON,6,"Travieso, Carmelo",,33,1,7,3,6,0,0,1,4,5,2,4,0,2,2,11,single-source,wayback_bsnpr_games,https://web.archive.org/web/20011101175700id_/http://www.bsnpr.com:80/gamestatwide.asp?r=BS21204&grupo=,2026-09-08T15:37:36Z
BS21204,2001,2001-07-25,SANTURCE,11,"Benson, Mark",,11,0,1,0,5,0,0,0,1,1,1,1,0,3,4,0,single-source,wayback_bsnpr_games,https://web.archive.org/web/20011101175700id_/http://www.bsnpr.com:80/gamestatwide.asp?r=BS21204&grupo=,2026-09-08T15:37:36Z
BS21204,2001,2001-07-25,SANTURCE,12,"Houruitiner, Rolando",,34,2,3,3,5,0,0,2,5,7,5,3,0,3,4,13,single-source,wayback_bsnpr_games,https://web.archive.org/web/20011101175700id_/http://www.bsnpr.com:80/gamestatwide.asp?r=BS21204&grupo=,2026-09-08T15:37:36Z
BS21204,2001,2001-07-25,SANTURCE,33,"Falcon, Alex",,11,3,3,0,0,0,1,0,2,2,1,1,0,1,4,6,single-source,wayback_bsnpr_games,https://web.archive.org/web/20011101175700id_/http://www.bsnpr.com:80/gamestatwide.asp?r=BS21204&grupo=,2026-09-08T15:37:36Z
BS21204,2001,2001-07-25,SANTURCE,4,"Ortiz, Jose",,40,9,11,0,1,4,5,2,8,10,5,0,1,4,6,22,single-source,wayback_bsnpr_games,https://web.archive.org/web/20011101175700id_/http://www.bsnpr.com:80/gamestatwide.asp?r=BS21204&grupo=,2026-09-08T15:37:36Z
BS21204,2001,2001-07-25,SANTURCE,42,"Aubry, Jeffrey",,3,0,0,0,0,0,0,0,0,0,0,0,0,1,0,0,single-source,wayback_bsnpr_games,https://web.archive.org/web/20011101175700id_/http://www.bsnpr.com:80/gamestatwide.asp?r=BS21204&grupo=,2026-09-08T15:37:36Z
BS21204,2001,2001-07-25,SANTURCE,5,"Santiago, Orlando",,37,1,3,3,10,0,0,1,1,2,5,0,0,4,2,11,single-source,wayback_bsnpr_games,https://web.archive.org/web/20011101175700id_/http://www.bsnpr.com:80/gamestatwide.asp?r=BS21204&grupo=,2026-09-08T15:37:36Z
BS21204,2001,2001-07-25,SANTURCE,7,"Arroyo, Carlos",273,33,1,3,2,4,0,0,0,2,2,4,2,0,2,1,8,single-source,wayback_bsnpr_games,https://web.archive.org/web/20011101175700id_/http://www.bsnpr.com:80/gamestatwide.asp?r=BS21204&grupo=,2026-09-08T15:37:36Z
BS21204,2001,2001-07-25,SANTURCE,8,"Triminghan, Leon",,22,1,6,0,0,6,10,2,4,6,1,0,1,4,3,8,single-source,wayback_bsnpr_games,https://web.archive.org/web/20011101175700id_/http://www.bsnpr.com:80/gamestatwide.asp?r=BS21204&grupo=,2026-09-08T15:37:36Z
BS21204,2001,2001-07-25,SANTURCE,9,"Santiago, Edwin",,9,2,3,1,2,0,0,0,1,1,1,1,0,1,1,7,single-source,wayback_bsnpr_games,https://web.archive.org/web/20011101175700id_/http://www.bsnpr.com:80/gamestatwide.asp?r=BS21204&grupo=,2026-09-08T15:37:36Z
BS21205,2001,2001-07-25,PONCE,1,"Morales, Ferdinand",,20,3,8,0,0,6,6,1,2,3,0,1,0,0,1,12,single-source,wayback_bsnpr_games,https://web.archive.org/web/20011224205521id_/http://www.bsnpr.com:80/gamestatwide.asp?r=BS21205&grupo=,2026-09-08T15:41:30Z
BS21205,2001,2001-07-25,PONCE,1,"Morales, Ferdinand",,20,3,8,0,0,6,6,1,2,3,0,1,0,0,1,12,single-source,wayback_bsnpr_games,https://web.archive.org/web/20020417020902id_/http://www.bsnpr.com:80/gamestatwide.asp?r=BS21205&GRUPO=PO99&SERIE=4,2026-09-08T15:42:07Z
BS21205,2001,2001-07-25,PONCE,10,"Hatton, Bobby Joe",2074,27,0,2,1,3,0,0,3,2,5,2,1,0,3,2,3,single-source,wayback_bsnpr_games,https://web.archive.org/web/20011224205521id_/http://www.bsnpr.com:80/gamestatwide.asp?r=BS21205&grupo=,2026-09-08T15:41:30Z
BS21205,2001,2001-07-25,PONCE,10,"Hatton, Bobby Joe",2074,27,0,2,1,3,0,0,3,2,5,2,1,0,3,2,3,single-source,wayback_bsnpr_games,https://web.archive.org/web/20020417020902id_/http://www.bsnpr.com:80/gamestatwide.asp?r=BS21205&GRUPO=PO99&SERIE=4,2026-09-08T15:42:07Z
BS21205,2001,2001-07-25,PONCE,11,"Casiano, Eddie",498,36,3,7,3,9,10,11,0,3,3,2,1,0,1,1,25,single-source,wayback_bsnpr_games,https://web.archive.org/web/20011224205521id_/http://www.bsnpr.com:80/gamestatwide.asp?r=BS21205&grupo=,2026-09-08T15:41:30Z
BS21205,2001,2001-07-25,PONCE,11,"Casiano, Eddie",498,36,3,7,3,9,10,11,0,3,3,2,1,0,1,1,25,single-source,wayback_bsnpr_games,https://web.archive.org/web/20020417020902id_/http://www.bsnpr.com:80/gamestatwide.asp?r=BS21205&GRUPO=PO99&SERIE=4,2026-09-08T15:42:07Z
BS21205,2001,2001-07-25,PONCE,12,"Ricardo, Osiris",,22,4,5,0,0,0,0,3,2,5,0,0,0,3,1,8,single-source,wayback_bsnpr_games,https://web.archive.org/web/20011224205521id_/http://www.bsnpr.com:80/gamestatwide.asp?r=BS21205&grupo=,2026-09-08T15:41:30Z
BS21205,2001,2001-07-25,PONCE,12,"Ricardo, Osiris",,22,4,5,0,0,0,0,3,2,5,0,0,0,3,1,8,single-source,wayback_bsnpr_games,https://web.archive.org/web/20020417020902id_/http://www.bsnpr.com:80/gamestatwide.asp?r=BS21205&GRUPO=PO99&SERIE=4,2026-09-08T15:42:07Z
BS21205,2001,2001-07-25,PONCE,15,"Colon, Gabriel",773,4,0,1,0,0,0,0,1,1,2,0,0,0,0,0,0,single-source,wayback_bsnpr_games,https://web.archive.org/web/20011224205521id_/http://www.bsnpr.com:80/gamestatwide.asp?r=BS21205&grupo=,2026-09-08T15:41:30Z
BS21205,2001,2001-07-25,PONCE,15,"Colon, Gabriel",773,4,0,1,0,0,0,0,1,1,2,0,0,0,0,0,0,single-source,wayback_bsnpr_games,https://web.archive.org/web/20020417020902id_/http://www.bsnpr.com:80/gamestatwide.asp?r=BS21205&GRUPO=PO99&SERIE=4,2026-09-08T15:42:07Z
BS21205,2001,2001-07-25,PONCE,25,"Montalvo, Jesus",,4,1,1,2,3,0,1,0,1,1,0,0,0,1,1,8,single-source,wayback_bsnpr_games,https://web.archive.org/web/20011224205521id_/http://www.bsnpr.com:80/gamestatwide.asp?r=BS21205&grupo=,2026-09-08T15:41:30Z
BS21205,2001,2001-07-25,PONCE,25,"Montalvo, Jesus",,4,1,1,2,3,0,1,0,1,1,0,0,0,1,1,8,single-source,wayback_bsnpr_games,https://web.archive.org/web/20020417020902id_/http://www.bsnpr.com:80/gamestatwide.asp?r=BS21205&GRUPO=PO99&SERIE=4,2026-09-08T15:42:07Z
BS21205,2001,2001-07-25,PONCE,33,"Soto, Eugenio",651,4,0,0,0,0,0,0,0,1,1,0,0,0,2,2,0,single-source,wayback_bsnpr_games,https://web.archive.org/web/20011224205521id_/http://www.bsnpr.com:80/gamestatwide.asp?r=BS21205&grupo=,2026-09-08T15:41:30Z
BS21205,2001,2001-07-25,PONCE,33,"Soto, Eugenio",651,4,0,0,0,0,0,0,0,1,1,0,0,0,2,2,0,single-source,wayback_bsnpr_games,https://web.archive.org/web/20020417020902id_/http://www.bsnpr.com:80/gamestatwide.asp?r=BS21205&GRUPO=PO99&SERIE=4,2026-09-08T15:42:07Z
BS21205,2001,2001-07-25,PONCE,4,"Colon, Antonio",,25,7,9,1,5,5,5,0,0,0,1,2,0,4,1,22,single-source,wayback_bsnpr_games,https://web.archive.org/web/20011224205521id_/http://www.bsnpr.com:80/gamestatwide.asp?r=BS21205&grupo=,2026-09-08T15:41:30Z
BS21205,2001,2001-07-25,PONCE,4,"Colon, Antonio",,25,7,9,1,5,5,5,0,0,0,1,2,0,4,1,22,single-source,wayback_bsnpr_games,https://web.archive.org/web/20020417020902id_/http://www.bsnpr.com:80/gamestatwide.asp?r=BS21205&GRUPO=PO99&SERIE=4,2026-09-08T15:42:07Z
BS21205,2001,2001-07-25,PONCE,5,"Agosto, Jose",,32,3,6,1,6,2,2,1,4,5,3,0,0,2,1,11,single-source,wayback_bsnpr_games,https://web.archive.org/web/20011224205521id_/http://www.bsnpr.com:80/gamestatwide.asp?r=BS21205&grupo=,2026-09-08T15:41:30Z
BS21205,2001,2001-07-25,PONCE,5,"Agosto, Jose",,32,3,6,1,6,2,2,1,4,5,3,0,0,2,1,11,single-source,wayback_bsnpr_games,https://web.archive.org/web/20020417020902id_/http://www.bsnpr.com:80/gamestatwide.asp?r=BS21205&GRUPO=PO99&SERIE=4,2026-09-08T15:42:07Z
BS21205,2001,2001-07-25,PONCE,6,"Lockhart, Ian",914,14,4,6,0,0,2,2,2,1,3,2,0,0,2,1,10,single-source,wayback_bsnpr_games,https://web.archive.org/web/20011224205521id_/http://www.bsnpr.com:80/gamestatwide.asp?r=BS21205&grupo=,2026-09-08T15:41:30Z
BS21205,2001,2001-07-25,PONCE,6,"Lockhart, Ian",914,14,4,6,0,0,2,2,2,1,3,2,0,0,2,1,10,single-source,wayback_bsnpr_games,https://web.archive.org/web/20020417020902id_/http://www.bsnpr.com:80/gamestatwide.asp?r=BS21205&GRUPO=PO99&SERIE=4,2026-09-08T15:42:07Z
BS21205,2001,2001-07-25,PONCE,7,"Orta, Raul",1946,4,0,0,0,0,0,0,0,0,0,0,0,0,1,1,0,single-source,wayback_bsnpr_games,https://web.archive.org/web/20011224205521id_/http://www.bsnpr.com:80/gamestatwide.asp?r=BS21205&grupo=,2026-09-08T15:41:30Z
BS21205,2001,2001-07-25,PONCE,7,"Orta, Raul",1946,4,0,0,0,0,0,0,0,0,0,0,0,0,1,1,0,single-source,wayback_bsnpr_games,https://web.archive.org/web/20020417020902id_/http://www.bsnpr.com:80/gamestatwide.asp?r=BS21205&GRUPO=PO99&SERIE=4,2026-09-08T15:42:07Z
BS21205,2001,2001-07-25,PONCE,8,"Ramirez, Sean",,8,0,0,1,2,0,0,0,2,2,0,0,1,1,0,3,single-source,wayback_bsnpr_games,https://web.archive.org/web/20011224205521id_/http://www.bsnpr.com:80/gamestatwide.asp?r=BS21205&grupo=,2026-09-08T15:41:30Z
BS21205,2001,2001-07-25,PONCE,8,"Ramirez, Sean",,8,0,0,1,2,0,0,0,2,2,0,0,1,1,0,3,single-source,wayback_bsnpr_games,https://web.archive.org/web/20020417020902id_/http://www.bsnpr.com:80/gamestatwide.asp?r=BS21205&GRUPO=PO99&SERIE=4,2026-09-08T15:42:07Z
BS21205,2001,2001-07-25,SAN GERMAN,1,"Jackson, Leroy",1442,35,3,4,0,3,0,0,1,6,7,3,1,1,3,4,6,single-source,wayback_bsnpr_games,https://web.archive.org/web/20011224205521id_/http://www.bsnpr.com:80/gamestatwide.asp?r=BS21205&grupo=,2026-09-08T15:41:30Z
BS21205,2001,2001-07-25,SAN GERMAN,1,"Jackson, Leroy",1442,35,3,4,0,3,0,0,1,6,7,3,1,1,3,4,6,single-source,wayback_bsnpr_games,https://web.archive.org/web/20020417020902id_/http://www.bsnpr.com:80/gamestatwide.asp?r=BS21205&GRUPO=PO99&SERIE=4,2026-09-08T15:42:07Z
BS21205,2001,2001-07-25,SAN GERMAN,12,"Caanen, Wilhemus",,13,0,1,1,4,3,4,0,3,3,1,1,0,1,0,6,single-source,wayback_bsnpr_games,https://web.archive.org/web/20011224205521id_/http://www.bsnpr.com:80/gamestatwide.asp?r=BS21205&grupo=,2026-09-08T15:41:30Z
BS21205,2001,2001-07-25,SAN GERMAN,12,"Caanen, Wilhemus",,13,0,1,1,4,3,4,0,3,3,1,1,0,1,0,6,single-source,wayback_bsnpr_games,https://web.archive.org/web/20020417020902id_/http://www.bsnpr.com:80/gamestatwide.asp?r=BS21205&GRUPO=PO99&SERIE=4,2026-09-08T15:42:07Z
BS21205,2001,2001-07-25,SAN GERMAN,14,"Rivera, Raul",,1,1,1,0,0,0,0,1,0,1,0,0,0,0,0,2,single-source,wayback_bsnpr_games,https://web.archive.org/web/20011224205521id_/http://www.bsnpr.com:80/gamestatwide.asp?r=BS21205&grupo=,2026-09-08T15:41:30Z
BS21205,2001,2001-07-25,SAN GERMAN,14,"Rivera, Raul",,1,1,1,0,0,0,0,1,0,1,0,0,0,0,0,2,single-source,wayback_bsnpr_games,https://web.archive.org/web/20020417020902id_/http://www.bsnpr.com:80/gamestatwide.asp?r=BS21205&GRUPO=PO99&SERIE=4,2026-09-08T15:42:07Z
BS21205,2001,2001-07-25,SAN GERMAN,17,"Dalmau, Christian",382,33,9,12,3,8,3,4,1,1,2,6,0,0,4,2,30,single-source,wayback_bsnpr_games,https://web.archive.org/web/20011224205521id_/http://www.bsnpr.com:80/gamestatwide.asp?r=BS21205&grupo=,2026-09-08T15:41:30Z
BS21205,2001,2001-07-25,SAN GERMAN,17,"Dalmau, Christian",382,33,9,12,3,8,3,4,1,1,2,6,0,0,4,2,30,single-source,wayback_bsnpr_games,https://web.archive.org/web/20020417020902id_/http://www.bsnpr.com:80/gamestatwide.asp?r=BS21205&GRUPO=PO99&SERIE=4,2026-09-08T15:42:07Z
BS21205,2001,2001-07-25,SAN GERMAN,18,"Barea, Irving",,32,6,9,0,0,5,6,3,5,8,2,0,3,2,2,17,single-source,wayback_bsnpr_games,https://web.archive.org/web/20011224205521id_/http://www.bsnpr.com:80/gamestatwide.asp?r=BS21205&grupo=,2026-09-08T15:41:30Z
BS21205,2001,2001-07-25,SAN GERMAN,18,"Barea, Irving",,32,6,9,0,0,5,6,3,5,8,2,0,3,2,2,17,single-source,wayback_bsnpr_games,https://web.archive.org/web/20020417020902id_/http://www.bsnpr.com:80/gamestatwide.asp?r=BS21205&GRUPO=PO99&SERIE=4,2026-09-08T15:42:07Z
BS21205,2001,2001-07-25,SAN GERMAN,20,"Ayuso, Larry",574,36,3,7,10,14,2,2,1,7,8,2,1,0,2,3,38,single-source,wayback_bsnpr_games,https://web.archive.org/web/20011224205521id_/http://www.bsnpr.com:80/gamestatwide.asp?r=BS21205&grupo=,2026-09-08T15:41:30Z
BS21205,2001,2001-07-25,SAN GERMAN,20,"Ayuso, Larry",574,36,3,7,10,14,2,2,1,7,8,2,1,0,2,3,38,single-source,wayback_bsnpr_games,https://web.archive.org/web/20020417020902id_/http://www.bsnpr.com:80/gamestatwide.asp?r=BS21205&GRUPO=PO99&SERIE=4,2026-09-08T15:42:07Z
BS21205,2001,2001-07-25,SAN GERMAN,21,"Febres, Arnaldo",,39,8,11,0,0,2,4,4,2,6,2,1,0,3,0,18,single-source,wayback_bsnpr_games,https://web.archive.org/web/20011224205521id_/http://www.bsnpr.com:80/gamestatwide.asp?r=BS21205&grupo=,2026-09-08T15:41:30Z
BS21205,2001,2001-07-25,SAN GERMAN,21,"Febres, Arnaldo",,39,8,11,0,0,2,4,4,2,6,2,1,0,3,0,18,single-source,wayback_bsnpr_games,https://web.archive.org/web/20020417020902id_/http://www.bsnpr.com:80/gamestatwide.asp?r=BS21205&GRUPO=PO99&SERIE=4,2026-09-08T15:42:07Z
BS21205,2001,2001-07-25,SAN GERMAN,23,"Llovet, Francisco",,2,1,2,0,1,0,0,2,1,3,0,0,1,0,0,2,single-source,wayback_bsnpr_games,https://web.archive.org/web/20011224205521id_/http://www.bsnpr.com:80/gamestatwide.asp?r=BS21205&grupo=,2026-09-08T15:41:30Z
BS21205,2001,2001-07-25,SAN GERMAN,23,"Llovet, Francisco",,2,1,2,0,1,0,0,2,1,3,0,0,1,0,0,2,single-source,wayback_bsnpr_games,https://web.archive.org/web/20020417020902id_/http://www.bsnpr.com:80/gamestatwide.asp?r=BS21205&GRUPO=PO99&SERIE=4,2026-09-08T15:42:07Z
BS21205,2001,2001-07-25,SAN GERMAN,24,"Pryor, Sean",2156,2,0,0,0,0,0,0,0,0,0,0,0,0,0,0,0,single-source,wayback_bsnpr_games,https://web.archive.org/web/20011224205521id_/http://www.bsnpr.com:80/gamestatwide.asp?r=BS21205&grupo=,2026-09-08T15:41:30Z
BS21205,2001,2001-07-25,SAN GERMAN,24,"Pryor, Sean",2156,2,0,0,0,0,0,0,0,0,0,0,0,0,0,0,0,single-source,wayback_bsnpr_games,https://web.archive.org/web/20020417020902id_/http://www.bsnpr.com:80/gamestatwide.asp?r=BS21205&GRUPO=PO99&SERIE=4,2026-09-08T15:42:07Z
BS21205,2001,2001-07-25,SAN GERMAN,6,"Caraballo, Johny",,4,1,1,0,0,0,0,0,0,0,1,0,0,1,1,2,single-source,wayback_bsnpr_games,https://web.archive.org/web/20011224205521id_/http://www.bsnpr.com:80/gamestatwide.asp?r=BS21205&grupo=,2026-09-08T15:41:30Z
BS21205,2001,2001-07-25,SAN GERMAN,6,"Caraballo, Johny",,4,1,1,0,0,0,0,0,0,0,1,0,0,1,1,2,single-source,wayback_bsnpr_games,https://web.archive.org/web/20020417020902id_/http://www.bsnpr.com:80/gamestatwide.asp?r=BS21205&GRUPO=PO99&SERIE=4,2026-09-08T15:42:07Z
BS21205,2001,2001-07-25,SAN GERMAN,7,"Quinonez, Nelson",,3,0,0,1,2,0,0,0,0,0,0,1,0,0,0,3,single-source,wayback_bsnpr_games,https://web.archive.org/web/20011224205521id_/http://www.bsnpr.com:80/gamestatwide.asp?r=BS21205&grupo=,2026-09-08T15:41:30Z
BS21205,2001,2001-07-25,SAN GERMAN,7,"Quinonez, Nelson",,3,0,0,1,2,0,0,0,0,0,0,1,0,0,0,3,single-source,wayback_bsnpr_games,https://web.archive.org/web/20020417020902id_/http://www.bsnpr.com:80/gamestatwide.asp?r=BS21205&GRUPO=PO99&SERIE=4,2026-09-08T15:42:07Z
BS21208,2001,2001-07-27,AIBONITO,10,"Melendez, Orlando",,34,3,10,0,1,2,2,5,1,6,1,1,3,3,0,8,single-source,wayback_bsnpr_games,https://web.archive.org/web/20011101180354id_/http://www.bsnpr.com:80/gamestatwide.asp?r=BS21208&grupo=,2026-09-08T15:37:44Z
BS21208,2001,2001-07-27,AIBONITO,12,"Hernandez, Jose Jason",1232,40,3,5,1,9,1,1,0,2,2,7,3,0,1,4,10,single-source,wayback_bsnpr_games,https://web.archive.org/web/20011101180354id_/http://www.bsnpr.com:80/gamestatwide.asp?r=BS21208&grupo=,2026-09-08T15:37:44Z
BS21208,2001,2001-07-27,AIBONITO,13,"Rosario, Rich",,2,0,0,0,0,0,0,0,0,0,0,0,0,0,0,0,single-source,wayback_bsnpr_games,https://web.archive.org/web/20011101180354id_/http://www.bsnpr.com:80/gamestatwide.asp?r=BS21208&grupo=,2026-09-08T15:37:44Z
BS21208,2001,2001-07-27,AIBONITO,16,"Murray, Joseph",,38,6,15,0,0,4,8,8,3,11,2,4,0,2,1,16,single-source,wayback_bsnpr_games,https://web.archive.org/web/20011101180354id_/http://www.bsnpr.com:80/gamestatwide.asp?r=BS21208&grupo=,2026-09-08T15:37:44Z
BS21208,2001,2001-07-27,AIBONITO,17,"Wilson, Monty",,40,5,11,4,12,3,6,2,8,10,4,1,1,2,0,25,single-source,wayback_bsnpr_games,https://web.archive.org/web/20011101180354id_/http://www.bsnpr.com:80/gamestatwide.asp?r=BS21208&grupo=,2026-09-08T15:37:44Z
BS21208,2001,2001-07-27,AIBONITO,18,"Rivera, Axel",,2,1,1,0,0,0,0,0,1,1,0,0,0,0,0,2,single-source,wayback_bsnpr_games,https://web.archive.org/web/20011101180354id_/http://www.bsnpr.com:80/gamestatwide.asp?r=BS21208&grupo=,2026-09-08T15:37:44Z
BS21208,2001,2001-07-27,AIBONITO,8,"Hidalgo, Christopher",,6,0,0,0,1,0,0,0,0,0,0,0,0,0,0,0,single-source,wayback_bsnpr_games,https://web.archive.org/web/20011101180354id_/http://www.bsnpr.com:80/gamestatwide.asp?r=BS21208&grupo=,2026-09-08T15:37:44Z
BS21208,2001,2001-07-27,AIBONITO,9,"Rodriguez, Erick",624,38,2,3,7,17,0,0,2,1,3,4,4,0,3,3,25,single-source,wayback_bsnpr_games,https://web.archive.org/web/20011101180354id_/http://www.bsnpr.com:80/gamestatwide.asp?r=BS21208&grupo=,2026-09-08T15:37:44Z
BS21208,2001,2001-07-27,SANTURCE,11,"Benson, Mark",,18,0,2,3,6,0,0,0,3,3,0,0,0,2,2,9,single-source,wayback_bsnpr_games,https://web.archive.org/web/20011101180354id_/http://www.bsnpr.com:80/gamestatwide.asp?r=BS21208&grupo=,2026-09-08T15:37:44Z
BS21208,2001,2001-07-27,SANTURCE,12,"Horruitiner, Rolando",,27,5,5,0,1,0,0,0,2,2,1,0,0,3,3,10,single-source,wayback_bsnpr_games,https://web.archive.org/web/20011101180354id_/http://www.bsnpr.com:80/gamestatwide.asp?r=BS21208&grupo=,2026-09-08T15:37:44Z
BS21208,2001,2001-07-27,SANTURCE,33,"Falcon, Alex",,13,3,4,0,0,4,4,1,2,3,1,1,0,1,2,10,single-source,wayback_bsnpr_games,https://web.archive.org/web/20011101180354id_/http://www.bsnpr.com:80/gamestatwide.asp?r=BS21208&grupo=,2026-09-08T15:37:44Z
BS21208,2001,2001-07-27,SANTURCE,4,"Ortiz, Jose",,38,11,16,1,2,0,0,2,19,21,3,0,1,3,3,25,single-source,wayback_bsnpr_games,https://web.archive.org/web/20011101180354id_/http://www.bsnpr.com:80/gamestatwide.asp?r=BS21208&grupo=,2026-09-08T15:37:44Z
BS21208,2001,2001-07-27,SANTURCE,44,"Bocachica, Armando",,3,2,2,0,0,0,0,1,0,1,0,0,0,0,0,4,single-source,wayback_bsnpr_games,https://web.archive.org/web/20011101180354id_/http://www.bsnpr.com:80/gamestatwide.asp?r=BS21208&grupo=,2026-09-08T15:37:44Z
BS21208,2001,2001-07-27,SANTURCE,5,"Santiago, Orlando",,37,0,1,0,3,0,0,1,2,3,10,0,0,1,1,0,single-source,wayback_bsnpr_games,https://web.archive.org/web/20011101180354id_/http://www.bsnpr.com:80/gamestatwide.asp?r=BS21208&grupo=,2026-09-08T15:37:44Z
BS21208,2001,2001-07-27,SANTURCE,7,"Arroyo, Carlos",273,35,4,6,7,9,1,2,1,4,5,7,1,0,3,6,30,single-source,wayback_bsnpr_games,https://web.archive.org/web/20011101180354id_/http://www.bsnpr.com:80/gamestatwide.asp?r=BS21208&grupo=,2026-09-08T15:37:44Z
BS21208,2001,2001-07-27,SANTURCE,8,"Trimingham, Leon",,21,4,8,0,0,0,0,0,5,5,0,1,0,2,5,8,single-source,wayback_bsnpr_games,https://web.archive.org/web/20011101180354id_/http://www.bsnpr.com:80/gamestatwide.asp?r=BS21208&grupo=,2026-09-08T15:37:44Z
BS21208,2001,2001-07-27,SANTURCE,9,"Santiago, Edwin",,8,1,1,0,0,0,0,0,0,0,0,0,0,0,0,2,single-source,wayback_bsnpr_games,https://web.archive.org/web/20011101180354id_/http://www.bsnpr.com:80/gamestatwide.asp?r=BS21208&grupo=,2026-09-08T15:37:44Z
BS21209,2001,2001-07-27,BAYAMON,0,"Richard, Jaya",,24,3,4,0,0,0,0,1,6,7,0,1,0,4,2,6,single-source,wayback_bsnpr_games,https://web.archive.org/web/20011201122655id_/http://www.bsnpr.com:80/gamestatwide.asp?r=BS21209&grupo=,2026-09-08T15:39:38Z
BS21209,2001,2001-07-27,BAYAMON,12,"Padilla, Edgar",,25,5,6,1,2,2,2,0,5,5,8,1,3,5,1,15,single-source,wayback_bsnpr_games,https://web.archive.org/web/20011201122655id_/http://www.bsnpr.com:80/gamestatwide.asp?r=BS21209&grupo=,2026-09-08T15:39:38Z
BS21209,2001,2001-07-27,BAYAMON,13,"Payano, Carlos",,13,2,4,0,1,3,4,0,1,1,2,0,0,1,1,7,single-source,wayback_bsnpr_games,https://web.archive.org/web/20011201122655id_/http://www.bsnpr.com:80/gamestatwide.asp?r=BS21209&grupo=,2026-09-08T15:39:38Z
BS21209,2001,2001-07-27,BAYAMON,17,"Mincy, Jerome",1032,32,2,6,0,2,4,6,3,4,7,0,1,0,3,2,8,single-source,wayback_bsnpr_games,https://web.archive.org/web/20011201122655id_/http://www.bsnpr.com:80/gamestatwide.asp?r=BS21209&grupo=,2026-09-08T15:39:38Z
BS21209,2001,2001-07-27,BAYAMON,20,"Rivera, Joshua",,1,0,0,0,0,0,0,0,0,0,0,0,0,0,1,0,single-source,wayback_bsnpr_games,https://web.archive.org/web/20011201122655id_/http://www.bsnpr.com:80/gamestatwide.asp?r=BS21209&grupo=,2026-09-08T15:39:38Z
BS21209,2001,2001-07-27,BAYAMON,22,"Apodaca, Rick",2028,7,2,6,0,0,0,0,2,1,3,0,2,0,0,2,4,single-source,wayback_bsnpr_games,https://web.archive.org/web/20011201122655id_/http://www.bsnpr.com:80/gamestatwide.asp?r=BS21209&grupo=,2026-09-08T15:39:38Z
BS21209,2001,2001-07-27,BAYAMON,32,"Santiago, Eddin",502,17,0,1,1,2,0,0,0,3,3,3,1,0,1,2,3,single-source,wayback_bsnpr_games,https://web.archive.org/web/20011201122655id_/http://www.bsnpr.com:80/gamestatwide.asp?r=BS21209&grupo=,2026-09-08T15:39:38Z
BS21209,2001,2001-07-27,BAYAMON,33,"Aponte, Emmanuel",,1,0,0,0,0,0,0,0,0,0,0,0,0,0,0,0,single-source,wayback_bsnpr_games,https://web.archive.org/web/20011201122655id_/http://www.bsnpr.com:80/gamestatwide.asp?r=BS21209&grupo=,2026-09-08T15:39:38Z
BS21209,2001,2001-07-27,BAYAMON,4,"Western, Franklin",,30,9,16,0,0,3,4,3,3,6,3,0,1,0,1,21,single-source,wayback_bsnpr_games,https://web.archive.org/web/20011201122655id_/http://www.bsnpr.com:80/gamestatwide.asp?r=BS21209&grupo=,2026-09-08T15:39:38Z
BS21209,2001,2001-07-27,BAYAMON,44,"Novas, Rafael",,22,2,6,0,0,3,4,2,3,5,0,0,0,5,1,7,single-source,wayback_bsnpr_games,https://web.archive.org/web/20011201122655id_/http://www.bsnpr.com:80/gamestatwide.asp?r=BS21209&grupo=,2026-09-08T15:39:38Z
BS21209,2001,2001-07-27,BAYAMON,6,"Travieso, Carmelo",,27,3,5,2,5,0,0,1,2,3,1,4,0,2,4,12,single-source,wayback_bsnpr_games,https://web.archive.org/web/20011201122655id_/http://www.bsnpr.com:80/gamestatwide.asp?r=BS21209&grupo=,2026-09-08T15:39:38Z
BS21209,2001,2001-07-27,BAYAMON,9,"Salgado, Gustavo",,1,0,1,1,1,0,0,0,0,0,0,0,0,0,0,3,single-source,wayback_bsnpr_games,https://web.archive.org/web/20011201122655id_/http://www.bsnpr.com:80/gamestatwide.asp?r=BS21209&grupo=,2026-09-08T15:39:38Z
BS21209,2001,2001-07-27,MAYAGUEZ,10,"Guibert, Andres",,35,6,10,0,0,0,1,3,6,9,3,2,2,4,4,12,single-source,wayback_bsnpr_games,https://web.archive.org/web/20011201122655id_/http://www.bsnpr.com:80/gamestatwide.asp?r=BS21209&grupo=,2026-09-08T15:39:38Z
BS21209,2001,2001-07-27,MAYAGUEZ,12,"Vega, Orlando",1759,24,2,7,2,5,0,0,1,3,4,1,0,1,4,3,10,single-source,wayback_bsnpr_games,https://web.archive.org/web/20011201122655id_/http://www.bsnpr.com:80/gamestatwide.asp?r=BS21209&grupo=,2026-09-08T15:39:38Z
BS21209,2001,2001-07-27,MAYAGUEZ,13,"Brown, Tyler",,13,1,2,0,2,0,0,0,0,0,0,1,0,0,0,2,single-source,wayback_bsnpr_games,https://web.archive.org/web/20011201122655id_/http://www.bsnpr.com:80/gamestatwide.asp?r=BS21209&grupo=,2026-09-08T15:39:38Z
BS21209,2001,2001-07-27,MAYAGUEZ,14,"Borrell, Lazaro",,33,4,14,0,0,0,0,2,4,6,4,2,1,3,4,8,single-source,wayback_bsnpr_games,https://web.archive.org/web/20011201122655id_/http://www.bsnpr.com:80/gamestatwide.asp?r=BS21209&grupo=,2026-09-08T15:39:38Z
BS21209,2001,2001-07-27,MAYAGUEZ,17,"Martinez, Freddie",,8,0,2,0,0,0,0,0,0,0,0,1,0,2,1,0,single-source,wayback_bsnpr_games,https://web.archive.org/web/20011201122655id_/http://www.bsnpr.com:80/gamestatwide.asp?r=BS21209&grupo=,2026-09-08T15:39:38Z
BS21209,2001,2001-07-27,MAYAGUEZ,18,"Vazquez, De Juan",,5,0,0,0,0,0,0,0,1,1,1,1,0,3,2,0,single-source,wayback_bsnpr_games,https://web.archive.org/web/20011201122655id_/http://www.bsnpr.com:80/gamestatwide.asp?r=BS21209&grupo=,2026-09-08T15:39:38Z
BS21209,2001,2001-07-27,MAYAGUEZ,19,"Latson, Therome",,12,0,0,0,0,0,0,0,3,3,2,0,1,0,1,0,single-source,wayback_bsnpr_games,https://web.archive.org/web/20011201122655id_/http://www.bsnpr.com:80/gamestatwide.asp?r=BS21209&grupo=,2026-09-08T15:39:38Z
BS21209,2001,2001-07-27,MAYAGUEZ,21,"Carmona, Alejandro",37,3,1,3,0,0,0,0,0,0,0,2,1,0,0,0,2,single-source,wayback_bsnpr_games,https://web.archive.org/web/20011201122655id_/http://www.bsnpr.com:80/gamestatwide.asp?r=BS21209&grupo=,2026-09-08T15:39:38Z
BS21209,2001,2001-07-27,MAYAGUEZ,4,"Padilla, Gidel",,4,1,2,0,0,1,2,2,0,2,0,0,0,2,0,3,single-source,wayback_bsnpr_games,https://web.archive.org/web/20011201122655id_/http://www.bsnpr.com:80/gamestatwide.asp?r=BS21209&grupo=,2026-09-08T15:39:38Z
BS21209,2001,2001-07-27,MAYAGUEZ,6,"Garcia, Elmyr",,27,2,4,1,2,4,6,0,2,2,2,0,0,2,2,11,single-source,wayback_bsnpr_games,https://web.archive.org/web/20011201122655id_/http://www.bsnpr.com:80/gamestatwide.asp?r=BS21209&grupo=,2026-09-08T15:39:38Z
BS21209,2001,2001-07-27,MAYAGUEZ,8,"Melendez Jr, Flor",,1,0,0,0,0,0,0,0,0,0,0,0,0,0,0,0,single-source,wayback_bsnpr_games,https://web.archive.org/web/20011201122655id_/http://www.bsnpr.com:80/gamestatwide.asp?r=BS21209&grupo=,2026-09-08T15:39:38Z
BS21209,2001,2001-07-27,MAYAGUEZ,9,"Carter, James",,35,7,9,2,4,6,7,2,3,5,3,2,0,2,3,26,single-source,wayback_bsnpr_games,https://web.archive.org/web/20011201122655id_/http://www.bsnpr.com:80/gamestatwide.asp?r=BS21209&grupo=,2026-09-08T15:39:38Z
BS21210,2001,2001-07-27,QUEBRADILLAS,11,"Curbelo, Joel",,37,2,2,7,10,0,0,0,1,1,3,1,0,4,2,25,single-source,wayback_bsnpr_games,https://web.archive.org/web/20011223160921id_/http://www.bsnpr.com:80/gamestatwide.asp?r=BS21210&grupo=,2026-09-08T15:40:39Z
BS21210,2001,2001-07-27,QUEBRADILLAS,12,"Colon, Francisco",,22,1,1,2,2,0,0,0,3,3,1,0,0,5,4,8,single-source,wayback_bsnpr_games,https://web.archive.org/web/20011223160921id_/http://www.bsnpr.com:80/gamestatwide.asp?r=BS21210&grupo=,2026-09-08T15:40:39Z
BS21210,2001,2001-07-27,QUEBRADILLAS,13,"Gonzalez, Javier",,5,0,1,0,1,0,0,2,2,4,0,0,0,1,1,0,single-source,wayback_bsnpr_games,https://web.archive.org/web/20011223160921id_/http://www.bsnpr.com:80/gamestatwide.asp?r=BS21210&grupo=,2026-09-08T15:40:39Z
BS21210,2001,2001-07-27,QUEBRADILLAS,14,"King, Kirk",,36,7,15,0,0,1,2,3,9,12,0,1,1,3,2,15,single-source,wayback_bsnpr_games,https://web.archive.org/web/20011223160921id_/http://www.bsnpr.com:80/gamestatwide.asp?r=BS21210&grupo=,2026-09-08T15:40:39Z
BS21210,2001,2001-07-27,QUEBRADILLAS,16,"Johnson, Rahim",,11,0,4,0,0,5,6,0,2,2,0,1,0,0,0,5,single-source,wayback_bsnpr_games,https://web.archive.org/web/20011223160921id_/http://www.bsnpr.com:80/gamestatwide.asp?r=BS21210&grupo=,2026-09-08T15:40:39Z
BS21210,2001,2001-07-27,QUEBRADILLAS,17,"Morales, Alfredo",,7,0,2,0,1,0,0,1,0,1,0,1,0,0,2,0,single-source,wayback_bsnpr_games,https://web.archive.org/web/20011223160921id_/http://www.bsnpr.com:80/gamestatwide.asp?r=BS21210&grupo=,2026-09-08T15:40:39Z
BS21210,2001,2001-07-27,QUEBRADILLAS,4,"Morales, Elisamuel",,3,0,1,0,0,0,0,0,1,1,0,0,0,0,0,0,single-source,wayback_bsnpr_games,https://web.archive.org/web/20011223160921id_/http://www.bsnpr.com:80/gamestatwide.asp?r=BS21210&grupo=,2026-09-08T15:40:39Z
BS21210,2001,2001-07-27,QUEBRADILLAS,5,"Dalmau, Raymond",,37,9,12,2,3,10,10,0,5,5,11,0,0,4,4,34,single-source,wayback_bsnpr_games,https://web.archive.org/web/20011223160921id_/http://www.bsnpr.com:80/gamestatwide.asp?r=BS21210&grupo=,2026-09-08T15:40:39Z
BS21210,2001,2001-07-27,QUEBRADILLAS,6,"Arrufat, Eduardo",,5,0,0,1,4,0,0,0,0,0,0,0,0,2,0,3,single-source,wayback_bsnpr_games,https://web.archive.org/web/20011223160921id_/http://www.bsnpr.com:80/gamestatwide.asp?r=BS21210&grupo=,2026-09-08T15:40:39Z
BS21210,2001,2001-07-27,QUEBRADILLAS,7,"Dalmau, Ricardo",1992,37,5,12,3,6,4,4,2,3,5,9,1,2,5,2,23,single-source,wayback_bsnpr_games,https://web.archive.org/web/20011223160921id_/http://www.bsnpr.com:80/gamestatwide.asp?r=BS21210&grupo=,2026-09-08T15:40:39Z
BS21210,2001,2001-07-27,SAN GERMAN,1,"Jackson, Leroy",1442,34,2,5,0,1,1,1,2,5,7,2,0,1,4,0,5,single-source,wayback_bsnpr_games,https://web.archive.org/web/20011223160921id_/http://www.bsnpr.com:80/gamestatwide.asp?r=BS21210&grupo=,2026-09-08T15:40:39Z
BS21210,2001,2001-07-27,SAN GERMAN,12,"Caanen, Wilhelmus",,9,2,2,0,0,0,0,0,0,0,2,2,0,3,1,4,single-source,wayback_bsnpr_games,https://web.archive.org/web/20011223160921id_/http://www.bsnpr.com:80/gamestatwide.asp?r=BS21210&grupo=,2026-09-08T15:40:39Z
BS21210,2001,2001-07-27,SAN GERMAN,17,"Dalmau, Christian",382,40,10,14,5,7,10,11,0,5,5,6,0,0,4,2,45,single-source,wayback_bsnpr_games,https://web.archive.org/web/20011223160921id_/http://www.bsnpr.com:80/gamestatwide.asp?r=BS21210&grupo=,2026-09-08T15:40:39Z
BS21210,2001,2001-07-27,SAN GERMAN,18,"Barea, Irving",,28,7,10,0,1,0,2,1,8,9,1,0,2,3,2,14,single-source,wayback_bsnpr_games,https://web.archive.org/web/20011223160921id_/http://www.bsnpr.com:80/gamestatwide.asp?r=BS21210&grupo=,2026-09-08T15:40:39Z
BS21210,2001,2001-07-27,SAN GERMAN,20,"Ayuso, Larry",574,36,5,10,2,9,7,8,0,2,2,5,2,0,2,2,23,single-source,wayback_bsnpr_games,https://web.archive.org/web/20011223160921id_/http://www.bsnpr.com:80/gamestatwide.asp?r=BS21210&grupo=,2026-09-08T15:40:39Z
BS21210,2001,2001-07-27,SAN GERMAN,21,"Febres, Arnaldo",,12,2,5,0,0,1,2,2,2,4,1,0,1,1,0,5,single-source,wayback_bsnpr_games,https://web.archive.org/web/20011223160921id_/http://www.bsnpr.com:80/gamestatwide.asp?r=BS21210&grupo=,2026-09-08T15:40:39Z
BS21210,2001,2001-07-27,SAN GERMAN,32,"Mckey, Malcolm",,40,12,19,0,0,2,5,6,9,15,2,1,4,4,5,26,single-source,wayback_bsnpr_games,https://web.archive.org/web/20011223160921id_/http://www.bsnpr.com:80/gamestatwide.asp?r=BS21210&grupo=,2026-09-08T15:40:39Z
BS21210,2001,2001-07-27,SAN GERMAN,7,"Quinonez, Nelson",,1,0,0,0,0,0,0,0,0,0,0,0,0,0,0,0,single-source,wayback_bsnpr_games,https://web.archive.org/web/20011223160921id_/http://www.bsnpr.com:80/gamestatwide.asp?r=BS21210&grupo=,2026-09-08T15:40:39Z
BS21212,2001,2001-07-28,QUEBRADILLAS,11,"Curbelo, Joel",,40,3,5,5,9,1,2,0,4,4,1,1,0,4,1,22,single-source,wayback_bsnpr_games,https://web.archive.org/web/20011101181030id_/http://www.bsnpr.com:80/gamestatwide.asp?r=BS21212&grupo=,2026-09-08T15:37:48Z
BS21212,2001,2001-07-28,QUEBRADILLAS,12,"Colon, Francisco",,34,5,7,0,1,1,2,3,7,10,0,1,0,2,1,11,single-source,wayback_bsnpr_games,https://web.archive.org/web/20011101181030id_/http://www.bsnpr.com:80/gamestatwide.asp?r=BS21212&grupo=,2026-09-08T15:37:48Z
BS21212,2001,2001-07-28,QUEBRADILLAS,14,"King, Kirk",,40,5,8,0,0,7,9,6,10,16,4,0,4,0,2,17,single-source,wayback_bsnpr_games,https://web.archive.org/web/20011101181030id_/http://www.bsnpr.com:80/gamestatwide.asp?r=BS21212&grupo=,2026-09-08T15:37:48Z
BS21212,2001,2001-07-28,QUEBRADILLAS,16,"Johnson, Rahim",,2,0,0,0,0,0,0,0,0,0,0,0,0,2,2,0,single-source,wayback_bsnpr_games,https://web.archive.org/web/20011101181030id_/http://www.bsnpr.com:80/gamestatwide.asp?r=BS21212&grupo=,2026-09-08T15:37:48Z
BS21212,2001,2001-07-28,QUEBRADILLAS,17,"Morales, Alfredo",,4,0,0,0,0,0,0,0,0,0,1,0,0,1,0,0,single-source,wayback_bsnpr_games,https://web.archive.org/web/20011101181030id_/http://www.bsnpr.com:80/gamestatwide.asp?r=BS21212&grupo=,2026-09-08T15:37:48Z
BS21212,2001,2001-07-28,QUEBRADILLAS,5,"Dalmau, Raymond",,40,3,12,5,12,2,2,1,1,2,9,0,1,3,4,23,single-source,wayback_bsnpr_games,https://web.archive.org/web/20011101181030id_/http://www.bsnpr.com:80/gamestatwide.asp?r=BS21212&grupo=,2026-09-08T15:37:48Z
BS21212,2001,2001-07-28,QUEBRADILLAS,7,"Dalmau, Ricardo",1992,40,5,11,2,6,5,7,3,1,4,4,0,1,2,2,21,single-source,wayback_bsnpr_games,https://web.archive.org/web/20011101181030id_/http://www.bsnpr.com:80/gamestatwide.asp?r=BS21212&grupo=,2026-09-08T15:37:48Z
BS21212,2001,2001-07-28,SANTURCE,11,"Benson, Mark",,18,0,0,1,2,0,0,0,1,1,0,0,0,2,0,3,single-source,wayback_bsnpr_games,https://web.archive.org/web/20011101181030id_/http://www.bsnpr.com:80/gamestatwide.asp?r=BS21212&grupo=,2026-09-08T15:37:48Z
BS21212,2001,2001-07-28,SANTURCE,12,"Hourutunier, Rolando",,22,1,2,0,1,2,3,0,4,4,4,1,0,1,2,4,single-source,wayback_bsnpr_games,https://web.archive.org/web/20011101181030id_/http://www.bsnpr.com:80/gamestatwide.asp?r=BS21212&grupo=,2026-09-08T15:37:48Z
BS21212,2001,2001-07-28,SANTURCE,33,"Falcon, Alex",,27,7,9,0,0,2,2,1,3,4,3,0,0,3,0,16,single-source,wayback_bsnpr_games,https://web.archive.org/web/20011101181030id_/http://www.bsnpr.com:80/gamestatwide.asp?r=BS21212&grupo=,2026-09-08T15:37:48Z
BS21212,2001,2001-07-28,SANTURCE,42,"Aubry, Jeffrey",,7,0,4,0,0,0,0,1,3,4,0,0,1,2,1,0,single-source,wayback_bsnpr_games,https://web.archive.org/web/20011101181030id_/http://www.bsnpr.com:80/gamestatwide.asp?r=BS21212&grupo=,2026-09-08T15:37:48Z
BS21212,2001,2001-07-28,SANTURCE,44,"Bocachica, Cesar A",,5,1,2,0,0,0,0,0,0,0,0,0,0,2,1,2,single-source,wayback_bsnpr_games,https://web.archive.org/web/20011101181030id_/http://www.bsnpr.com:80/gamestatwide.asp?r=BS21212&grupo=,2026-09-08T15:37:48Z
BS21212,2001,2001-07-28,SANTURCE,5,"Santiago, Orlando",,35,3,4,6,10,4,4,0,4,4,2,1,0,0,0,28,single-source,wayback_bsnpr_games,https://web.archive.org/web/20011101181030id_/http://www.bsnpr.com:80/gamestatwide.asp?r=BS21212&grupo=,2026-09-08T15:37:48Z
BS21212,2001,2001-07-28,SANTURCE,55,"Butler, Mario",,8,2,2,0,0,0,0,1,2,3,1,0,0,3,1,4,single-source,wayback_bsnpr_games,https://web.archive.org/web/20011101181030id_/http://www.bsnpr.com:80/gamestatwide.asp?r=BS21212&grupo=,2026-09-08T15:37:48Z
BS21212,2001,2001-07-28,SANTURCE,7,"Arroyo, Carlos",273,38,4,10,3,6,3,4,0,0,0,7,1,0,1,1,20,single-source,wayback_bsnpr_games,https://web.archive.org/web/20011101181030id_/http://www.bsnpr.com:80/gamestatwide.asp?r=BS21212&grupo=,2026-09-08T15:37:48Z
BS21212,2001,2001-07-28,SANTURCE,8,"Trimmingham, Leon",,33,9,13,0,0,3,4,3,7,10,0,0,3,3,7,21,single-source,wayback_bsnpr_games,https://web.archive.org/web/20011101181030id_/http://www.bsnpr.com:80/gamestatwide.asp?r=BS21212&grupo=,2026-09-08T15:37:48Z
BS21212,2001,2001-07-28,SANTURCE,9,"Santiago, Edwin",,7,1,1,0,1,0,0,0,1,1,0,0,0,1,0,2,single-source,wayback_bsnpr_games,https://web.archive.org/web/20011101181030id_/http://www.bsnpr.com:80/gamestatwide.asp?r=BS21212&grupo=,2026-09-08T15:37:48Z
BS21213,2001,2001-07-28,BAYAMON,0,"Richard, Jaya",,29,0,2,1,1,4,6,2,3,5,3,2,2,4,1,7,single-source,wayback_bsnpr_games,https://web.archive.org/web/20011201123503id_/http://www.bsnpr.com:80/gamestatwide.asp?r=BS21213&grupo=,2026-09-08T15:39:40Z
BS21213,2001,2001-07-28,BAYAMON,12,"Padilla, Edgar",,18,2,3,0,1,0,0,1,5,6,1,0,0,1,1,4,single-source,wayback_bsnpr_games,https://web.archive.org/web/20011201123503id_/http://www.bsnpr.com:80/gamestatwide.asp?r=BS21213&grupo=,2026-09-08T15:39:40Z
BS21213,2001,2001-07-28,BAYAMON,13,"Payano, Carlos",,7,1,5,0,0,0,0,1,0,1,0,1,0,1,2,2,single-source,wayback_bsnpr_games,https://web.archive.org/web/20011201123503id_/http://www.bsnpr.com:80/gamestatwide.asp?r=BS21213&grupo=,2026-09-08T15:39:40Z
BS21213,2001,2001-07-28,BAYAMON,17,"Mincy, Jerome",1032,14,0,4,0,2,0,0,1,1,2,2,0,0,2,1,0,single-source,wayback_bsnpr_games,https://web.archive.org/web/20011201123503id_/http://www.bsnpr.com:80/gamestatwide.asp?r=BS21213&grupo=,2026-09-08T15:39:40Z
BS21213,2001,2001-07-28,BAYAMON,22,"Apodaca, Rick",2028,18,0,3,1,2,3,4,0,4,4,2,1,0,3,1,6,single-source,wayback_bsnpr_games,https://web.archive.org/web/20011201123503id_/http://www.bsnpr.com:80/gamestatwide.asp?r=BS21213&grupo=,2026-09-08T15:39:40Z
BS21213,2001,2001-07-28,BAYAMON,32,"Santiago, Eddin",502,22,2,3,1,2,2,2,0,0,0,2,0,0,2,1,9,single-source,wayback_bsnpr_games,https://web.archive.org/web/20011201123503id_/http://www.bsnpr.com:80/gamestatwide.asp?r=BS21213&grupo=,2026-09-08T15:39:40Z
BS21213,2001,2001-07-28,BAYAMON,4,"Western, Franklin",,35,10,15,0,1,2,4,1,2,3,5,3,1,0,2,22,single-source,wayback_bsnpr_games,https://web.archive.org/web/20011201123503id_/http://www.bsnpr.com:80/gamestatwide.asp?r=BS21213&grupo=,2026-09-08T15:39:40Z
BS21213,2001,2001-07-28,BAYAMON,55,"Santiago, Daniel",427,21,8,14,0,0,3,4,3,1,4,0,1,0,4,1,19,single-source,wayback_bsnpr_games,https://web.archive.org/web/20011201123503id_/http://www.bsnpr.com:80/gamestatwide.asp?r=BS21213&grupo=,2026-09-08T15:39:40Z
BS21213,2001,2001-07-28,BAYAMON,6,"Travieso, Carmelo",,36,3,5,5,8,4,5,1,4,5,3,3,0,2,0,25,single-source,wayback_bsnpr_games,https://web.archive.org/web/20011201123503id_/http://www.bsnpr.com:80/gamestatwide.asp?r=BS21213&grupo=,2026-09-08T15:39:40Z
BS21213,2001,2001-07-28,CAGUAS,11,"Nieves, Josue",,34,4,4,4,10,2,2,0,4,4,1,0,0,5,5,22,single-source,wayback_bsnpr_games,https://web.archive.org/web/20011201123503id_/http://www.bsnpr.com:80/gamestatwide.asp?r=BS21213&grupo=,2026-09-08T15:39:40Z
BS21213,2001,2001-07-28,CAGUAS,14,"Allende, Luis",,35,2,7,2,5,8,9,2,5,7,1,0,0,5,5,18,single-source,wayback_bsnpr_games,https://web.archive.org/web/20011201123503id_/http://www.bsnpr.com:80/gamestatwide.asp?r=BS21213&grupo=,2026-09-08T15:39:40Z
BS21213,2001,2001-07-28,CAGUAS,15,"Rivas, Luis",,30,6,11,1,1,4,4,2,3,5,1,0,1,4,3,19,single-source,wayback_bsnpr_games,https://web.archive.org/web/20011201123503id_/http://www.bsnpr.com:80/gamestatwide.asp?r=BS21213&grupo=,2026-09-08T15:39:40Z
BS21213,2001,2001-07-28,CAGUAS,21,"Rodriguez, Andres",87,20,1,3,0,1,0,0,0,0,0,5,2,0,2,2,2,single-source,wayback_bsnpr_games,https://web.archive.org/web/20011201123503id_/http://www.bsnpr.com:80/gamestatwide.asp?r=BS21213&grupo=,2026-09-08T15:39:40Z
BS21213,2001,2001-07-28,CAGUAS,25,"Carrasquillo, Antonio",,40,1,3,3,5,0,0,3,10,13,1,2,2,3,5,11,single-source,wayback_bsnpr_games,https://web.archive.org/web/20011201123503id_/http://www.bsnpr.com:80/gamestatwide.asp?r=BS21213&grupo=,2026-09-08T15:39:40Z
BS21213,2001,2001-07-28,CAGUAS,4,"Colon, Angel Luis",,21,1,7,0,0,1,2,3,3,6,3,1,0,0,2,3,single-source,wayback_bsnpr_games,https://web.archive.org/web/20011201123503id_/http://www.bsnpr.com:80/gamestatwide.asp?r=BS21213&grupo=,2026-09-08T15:39:40Z
BS21213,2001,2001-07-28,CAGUAS,7,"Davila, Michelo",1660,20,1,2,1,3,0,0,2,0,2,2,0,0,2,3,5,single-source,wayback_bsnpr_games,https://web.archive.org/web/20011201123503id_/http://www.bsnpr.com:80/gamestatwide.asp?r=BS21213&grupo=,2026-09-08T15:39:40Z
BS21216,2001,2001-07-30,CAGUAS,11,"Nieves, Josue",,27,3,7,4,7,6,7,0,4,4,1,0,0,1,2,24,single-source,wayback_bsnpr_games,https://web.archive.org/web/20011101181954id_/http://www.bsnpr.com:80/gamestatwide.asp?r=BS21216&grupo=,2026-09-08T15:38:00Z
BS21216,2001,2001-07-30,CAGUAS,14,"Allende, Luis",,37,6,10,3,8,9,10,4,2,6,0,1,0,5,2,30,single-source,wayback_bsnpr_games,https://web.archive.org/web/20011101181954id_/http://www.bsnpr.com:80/gamestatwide.asp?r=BS21216&grupo=,2026-09-08T15:38:00Z
BS21216,2001,2001-07-30,CAGUAS,15,"Rivas, Luis",,8,2,2,0,1,0,2,0,1,1,0,0,0,1,0,4,single-source,wayback_bsnpr_games,https://web.archive.org/web/20011101181954id_/http://www.bsnpr.com:80/gamestatwide.asp?r=BS21216&grupo=,2026-09-08T15:38:00Z
BS21216,2001,2001-07-30,CAGUAS,20,"Rivera, Hecmar",,1,0,0,0,0,0,0,0,0,0,0,0,0,0,0,0,single-source,wayback_bsnpr_games,https://web.archive.org/web/20011101181954id_/http://www.bsnpr.com:80/gamestatwide.asp?r=BS21216&grupo=,2026-09-08T15:38:00Z
BS21216,2001,2001-07-30,CAGUAS,21,"Rodriguez, Andres",87,2,0,0,0,0,0,0,0,0,0,0,0,0,0,0,0,single-source,wayback_bsnpr_games,https://web.archive.org/web/20011101181954id_/http://www.bsnpr.com:80/gamestatwide.asp?r=BS21216&grupo=,2026-09-08T15:38:00Z
BS21216,2001,2001-07-30,CAGUAS,25,"Carrasquillo, Antonio",,35,3,6,1,3,0,0,2,8,10,1,3,0,2,2,9,single-source,wayback_bsnpr_games,https://web.archive.org/web/20011101181954id_/http://www.bsnpr.com:80/gamestatwide.asp?r=BS21216&grupo=,2026-09-08T15:38:00Z
BS21216,2001,2001-07-30,CAGUAS,36,"Ramos, Peter John",1836,7,0,2,0,0,0,0,0,0,0,0,0,0,0,0,0,single-source,wayback_bsnpr_games,https://web.archive.org/web/20011101181954id_/http://www.bsnpr.com:80/gamestatwide.asp?r=BS21216&grupo=,2026-09-08T15:38:00Z
BS21216,2001,2001-07-30,CAGUAS,4,"Colon, Angel",,39,8,16,4,5,1,2,2,1,3,3,3,1,2,4,29,single-source,wayback_bsnpr_games,https://web.archive.org/web/20011101181954id_/http://www.bsnpr.com:80/gamestatwide.asp?r=BS21216&grupo=,2026-09-08T15:38:00Z
BS21216,2001,2001-07-30,CAGUAS,5,"Rivera, Ahmed",,2,0,0,0,1,0,0,0,0,0,0,0,0,0,0,0,single-source,wayback_bsnpr_games,https://web.archive.org/web/20011101181954id_/http://www.bsnpr.com:80/gamestatwide.asp?r=BS21216&grupo=,2026-09-08T15:38:00Z
BS21216,2001,2001-07-30,CAGUAS,6,"Burgos, Gary Joe",,17,1,1,0,1,0,0,0,2,2,4,0,0,2,0,2,single-source,wayback_bsnpr_games,https://web.archive.org/web/20011101181954id_/http://www.bsnpr.com:80/gamestatwide.asp?r=BS21216&grupo=,2026-09-08T15:38:00Z
BS21216,2001,2001-07-30,CAGUAS,7,"Davila, Michael",,25,0,0,0,3,0,0,1,2,3,4,3,0,1,2,0,single-source,wayback_bsnpr_games,https://web.archive.org/web/20011101181954id_/http://www.bsnpr.com:80/gamestatwide.asp?r=BS21216&grupo=,2026-09-08T15:38:00Z
BS21216,2001,2001-07-30,SANTURCE,11,"Benson, Mark",,19,1,2,1,4,0,0,0,1,1,0,0,0,2,1,5,single-source,wayback_bsnpr_games,https://web.archive.org/web/20011101181954id_/http://www.bsnpr.com:80/gamestatwide.asp?r=BS21216&grupo=,2026-09-08T15:38:00Z
BS21216,2001,2001-07-30,SANTURCE,12,"Horrutunier, Rolando",,23,1,2,4,5,0,0,0,3,3,0,0,0,4,3,14,single-source,wayback_bsnpr_games,https://web.archive.org/web/20011101181954id_/http://www.bsnpr.com:80/gamestatwide.asp?r=BS21216&grupo=,2026-09-08T15:38:00Z
BS21216,2001,2001-07-30,SANTURCE,33,"Falcon, Alex",,15,1,2,0,0,0,0,0,3,3,1,0,0,2,1,2,single-source,wayback_bsnpr_games,https://web.archive.org/web/20011101181954id_/http://www.bsnpr.com:80/gamestatwide.asp?r=BS21216&grupo=,2026-09-08T15:38:00Z
BS21216,2001,2001-07-30,SANTURCE,4,"Ortiz, Jose",,36,10,18,2,3,7,7,1,10,11,2,1,1,4,5,33,single-source,wayback_bsnpr_games,https://web.archive.org/web/20011101181954id_/http://www.bsnpr.com:80/gamestatwide.asp?r=BS21216&grupo=,2026-09-08T15:38:00Z
BS21216,2001,2001-07-30,SANTURCE,42,"Aubry, Jeffrey",,3,0,0,0,0,0,0,0,0,0,0,0,2,0,1,0,single-source,wayback_bsnpr_games,https://web.archive.org/web/20011101181954id_/http://www.bsnpr.com:80/gamestatwide.asp?r=BS21216&grupo=,2026-09-08T15:38:00Z
BS21216,2001,2001-07-30,SANTURCE,5,"Santiago, Orlando",,38,2,2,2,5,5,5,1,4,5,6,1,0,2,0,15,single-source,wayback_bsnpr_games,https://web.archive.org/web/20011101181954id_/http://www.bsnpr.com:80/gamestatwide.asp?r=BS21216&grupo=,2026-09-08T15:38:00Z
BS21216,2001,2001-07-30,SANTURCE,7,"Arroyo, Carlos",273,35,4,6,1,6,4,4,3,4,7,9,3,0,2,3,15,single-source,wayback_bsnpr_games,https://web.archive.org/web/20011101181954id_/http://www.bsnpr.com:80/gamestatwide.asp?r=BS21216&grupo=,2026-09-08T15:38:00Z
BS21216,2001,2001-07-30,SANTURCE,8,"Trimingham, Leon",,24,6,9,0,0,1,2,5,2,7,1,1,1,4,3,13,single-source,wayback_bsnpr_games,https://web.archive.org/web/20011101181954id_/http://www.bsnpr.com:80/gamestatwide.asp?r=BS21216&grupo=,2026-09-08T15:38:00Z
BS21216,2001,2001-07-30,SANTURCE,9,"Santiago, Edwin",,7,1,4,0,0,1,2,0,0,0,0,0,0,2,0,3,single-source,wayback_bsnpr_games,https://web.archive.org/web/20011101181954id_/http://www.bsnpr.com:80/gamestatwide.asp?r=BS21216&grupo=,2026-09-08T15:38:00Z
BS21218,2001,2001-07-30,MAYAGUEZ,10,"Guibert, Andres",,32,5,9,0,1,2,2,2,9,11,0,2,1,3,1,12,single-source,wayback_bsnpr_games,https://web.archive.org/web/20020417022554id_/http://www.bsnpr.com:80/gamestatwide.asp?r=BS21218&grupo=,2026-09-08T15:42:09Z
BS21218,2001,2001-07-30,MAYAGUEZ,12,"Vega, Orlando",1759,31,3,8,0,4,5,6,0,1,1,6,1,0,1,4,11,single-source,wayback_bsnpr_games,https://web.archive.org/web/20020417022554id_/http://www.bsnpr.com:80/gamestatwide.asp?r=BS21218&grupo=,2026-09-08T15:42:09Z
BS21218,2001,2001-07-30,MAYAGUEZ,13,"Brown, Tyler",,11,1,2,0,2,0,0,0,0,0,0,1,0,1,1,2,single-source,wayback_bsnpr_games,https://web.archive.org/web/20020417022554id_/http://www.bsnpr.com:80/gamestatwide.asp?r=BS21218&grupo=,2026-09-08T15:42:09Z
BS21218,2001,2001-07-30,MAYAGUEZ,14,"Boon, Joseph",,29,11,18,0,0,9,11,2,6,8,0,1,1,3,2,31,single-source,wayback_bsnpr_games,https://web.archive.org/web/20020417022554id_/http://www.bsnpr.com:80/gamestatwide.asp?r=BS21218&grupo=,2026-09-08T15:42:09Z
BS21218,2001,2001-07-30,MAYAGUEZ,15,"Ortiz, Ramon",1924,1,0,0,0,0,0,0,0,0,0,0,0,0,0,0,0,single-source,wayback_bsnpr_games,https://web.archive.org/web/20020417022554id_/http://www.bsnpr.com:80/gamestatwide.asp?r=BS21218&grupo=,2026-09-08T15:42:09Z
BS21218,2001,2001-07-30,MAYAGUEZ,17,"Martinez, Freddie",,7,0,1,0,1,0,0,0,0,0,0,0,0,0,1,0,single-source,wayback_bsnpr_games,https://web.archive.org/web/20020417022554id_/http://www.bsnpr.com:80/gamestatwide.asp?r=BS21218&grupo=,2026-09-08T15:42:09Z
BS21218,2001,2001-07-30,MAYAGUEZ,18,"Vazquez, De Juan",,13,1,1,0,0,0,0,0,0,0,1,0,0,1,3,2,single-source,wayback_bsnpr_games,https://web.archive.org/web/20020417022554id_/http://www.bsnpr.com:80/gamestatwide.asp?r=BS21218&grupo=,2026-09-08T15:42:09Z
BS21218,2001,2001-07-30,MAYAGUEZ,19,"Latson, T.l.",,20,2,2,0,0,1,3,2,2,4,0,0,1,4,0,5,single-source,wayback_bsnpr_games,https://web.archive.org/web/20020417022554id_/http://www.bsnpr.com:80/gamestatwide.asp?r=BS21218&grupo=,2026-09-08T15:42:09Z
BS21218,2001,2001-07-30,MAYAGUEZ,6,"Garcia, Elmir",,29,2,3,1,3,0,0,0,1,1,1,0,0,2,1,7,single-source,wayback_bsnpr_games,https://web.archive.org/web/20020417022554id_/http://www.bsnpr.com:80/gamestatwide.asp?r=BS21218&grupo=,2026-09-08T15:42:09Z
BS21218,2001,2001-07-30,MAYAGUEZ,9,"Carter, James",,27,3,8,2,3,0,0,0,3,3,1,0,0,2,1,12,single-source,wayback_bsnpr_games,https://web.archive.org/web/20020417022554id_/http://www.bsnpr.com:80/gamestatwide.asp?r=BS21218&grupo=,2026-09-08T15:42:09Z
BS21218,2001,2001-07-30,SAN GERMAN,1,"Jackson, Leroy",1442,40,8,11,0,0,4,6,4,6,10,6,1,0,2,5,20,single-source,wayback_bsnpr_games,https://web.archive.org/web/20020417022554id_/http://www.bsnpr.com:80/gamestatwide.asp?r=BS21218&grupo=,2026-09-08T15:42:09Z
BS21218,2001,2001-07-30,SAN GERMAN,13,"Fajardo, Shariff",,27,4,9,0,1,1,4,3,3,6,0,0,1,4,3,9,single-source,wayback_bsnpr_games,https://web.archive.org/web/20020417022554id_/http://www.bsnpr.com:80/gamestatwide.asp?r=BS21218&grupo=,2026-09-08T15:42:09Z
BS21218,2001,2001-07-30,SAN GERMAN,17,"Dalmau, Christian",382,40,5,9,2,8,2,2,0,9,9,6,1,0,2,3,18,single-source,wayback_bsnpr_games,https://web.archive.org/web/20020417022554id_/http://www.bsnpr.com:80/gamestatwide.asp?r=BS21218&grupo=,2026-09-08T15:42:09Z
BS21218,2001,2001-07-30,SAN GERMAN,18,"Barea, Irving",,1,0,0,0,0,0,0,0,0,0,0,0,0,1,0,0,single-source,wayback_bsnpr_games,https://web.archive.org/web/20020417022554id_/http://www.bsnpr.com:80/gamestatwide.asp?r=BS21218&grupo=,2026-09-08T15:42:09Z
BS21218,2001,2001-07-30,SAN GERMAN,20,"Ayuso, Larry",574,40,7,10,4,7,2,3,0,4,4,1,2,0,2,2,28,single-source,wayback_bsnpr_games,https://web.archive.org/web/20020417022554id_/http://www.bsnpr.com:80/gamestatwide.asp?r=BS21218&grupo=,2026-09-08T15:42:09Z
BS21218,2001,2001-07-30,SAN GERMAN,21,"Febres, Arnaldo",,16,2,4,0,0,0,0,2,3,5,0,0,0,2,1,4,single-source,wayback_bsnpr_games,https://web.archive.org/web/20020417022554id_/http://www.bsnpr.com:80/gamestatwide.asp?r=BS21218&grupo=,2026-09-08T15:42:09Z
BS21218,2001,2001-07-30,SAN GERMAN,32,"Mackey, Malcolm",1545,36,9,16,0,0,2,2,1,5,6,1,0,2,3,1,20,single-source,wayback_bsnpr_games,https://web.archive.org/web/20020417022554id_/http://www.bsnpr.com:80/gamestatwide.asp?r=BS21218&grupo=,2026-09-08T15:42:09Z
BS21220,2001,2001-07-31,AIBONITO,10,"Melendez, Orlando",,23,4,4,0,1,3,4,2,1,3,0,0,0,2,2,11,single-source,wayback_bsnpr_games,https://web.archive.org/web/20011101181706id_/http://www.bsnpr.com:80/gamestatwide.asp?r=BS21220&grupo=,2026-09-08T15:37:51Z
BS21220,2001,2001-07-31,AIBONITO,11,"Venzen, Gilberto",,34,2,8,3,4,1,2,1,4,5,0,0,0,2,3,14,single-source,wayback_bsnpr_games,https://web.archive.org/web/20011101181706id_/http://www.bsnpr.com:80/gamestatwide.asp?r=BS21220&grupo=,2026-09-08T15:37:51Z
BS21220,2001,2001-07-31,AIBONITO,12,"Hernandez, Jose Jason",1232,36,2,5,1,6,0,0,1,3,4,8,1,0,2,4,7,single-source,wayback_bsnpr_games,https://web.archive.org/web/20011101181706id_/http://www.bsnpr.com:80/gamestatwide.asp?r=BS21220&grupo=,2026-09-08T15:37:51Z
BS21220,2001,2001-07-31,AIBONITO,13,"Rosario, Rich",,12,1,2,1,3,2,2,0,1,1,0,0,1,3,2,7,single-source,wayback_bsnpr_games,https://web.archive.org/web/20011101181706id_/http://www.bsnpr.com:80/gamestatwide.asp?r=BS21220&grupo=,2026-09-08T15:37:51Z
BS21220,2001,2001-07-31,AIBONITO,16,"Murray, Joseph",,37,3,8,0,0,0,0,3,15,18,2,0,1,2,5,6,single-source,wayback_bsnpr_games,https://web.archive.org/web/20011101181706id_/http://www.bsnpr.com:80/gamestatwide.asp?r=BS21220&grupo=,2026-09-08T15:37:51Z
BS21220,2001,2001-07-31,AIBONITO,18,"Rivera, Axel",,3,0,0,0,0,0,0,0,0,0,1,0,0,0,1,0,single-source,wayback_bsnpr_games,https://web.archive.org/web/20011101181706id_/http://www.bsnpr.com:80/gamestatwide.asp?r=BS21220&grupo=,2026-09-08T15:37:51Z
BS21220,2001,2001-07-31,AIBONITO,6,"Valentin, Omar E.",,1,0,1,0,0,0,0,0,1,1,0,0,0,0,1,0,single-source,wayback_bsnpr_games,https://web.archive.org/web/20011101181706id_/http://www.bsnpr.com:80/gamestatwide.asp?r=BS21220&grupo=,2026-09-08T15:37:51Z
BS21220,2001,2001-07-31,AIBONITO,7,"Lozano, Jorge",,1,0,0,0,0,0,0,0,0,0,0,0,0,0,0,0,single-source,wayback_bsnpr_games,https://web.archive.org/web/20011101181706id_/http://www.bsnpr.com:80/gamestatwide.asp?r=BS21220&grupo=,2026-09-08T15:37:51Z
BS21220,2001,2001-07-31,AIBONITO,8,"Hiraldo, Cristhoper",,21,4,9,0,2,2,3,1,1,2,0,2,0,0,2,10,single-source,wayback_bsnpr_games,https://web.archive.org/web/20011101181706id_/http://www.bsnpr.com:80/gamestatwide.asp?r=BS21220&grupo=,2026-09-08T15:37:51Z
BS21220,2001,2001-07-31,AIBONITO,9,"Rodriguez, Erick",624,32,3,4,4,8,5,6,0,1,1,0,2,0,1,1,23,single-source,wayback_bsnpr_games,https://web.archive.org/web/20011101181706id_/http://www.bsnpr.com:80/gamestatwide.asp?r=BS21220&grupo=,2026-09-08T15:37:51Z
BS21220,2001,2001-07-31,SANTURCE,1,"Lopez, Jose",,1,0,0,0,0,0,0,0,0,0,0,0,0,0,0,0,single-source,wayback_bsnpr_games,https://web.archive.org/web/20011101181706id_/http://www.bsnpr.com:80/gamestatwide.asp?r=BS21220&grupo=,2026-09-08T15:37:51Z
BS21220,2001,2001-07-31,SANTURCE,10,"Arroyo, Alberto",,4,0,1,1,2,0,0,1,0,1,0,1,0,2,1,3,single-source,wayback_bsnpr_games,https://web.archive.org/web/20011101181706id_/http://www.bsnpr.com:80/gamestatwide.asp?r=BS21220&grupo=,2026-09-08T15:37:51Z
BS21220,2001,2001-07-31,SANTURCE,11,"Benson, Mark",,20,5,5,0,5,0,1,0,1,1,2,0,0,0,3,10,single-source,wayback_bsnpr_games,https://web.archive.org/web/20011101181706id_/http://www.bsnpr.com:80/gamestatwide.asp?r=BS21220&grupo=,2026-09-08T15:37:51Z
BS21220,2001,2001-07-31,SANTURCE,12,"Hourruitiner, Rolando",2090,20,4,6,0,3,0,2,0,1,1,4,2,0,3,1,8,single-source,wayback_bsnpr_games,https://web.archive.org/web/20011101181706id_/http://www.bsnpr.com:80/gamestatwide.asp?r=BS21220&grupo=,2026-09-08T15:37:51Z
BS21220,2001,2001-07-31,SANTURCE,4,"Ortiz, Jose",,10,3,6,0,0,0,0,0,3,3,1,0,0,0,1,6,single-source,wayback_bsnpr_games,https://web.archive.org/web/20011101181706id_/http://www.bsnpr.com:80/gamestatwide.asp?r=BS21220&grupo=,2026-09-08T15:37:51Z
BS21220,2001,2001-07-31,SANTURCE,42,"Aubry, Jeffrey",,20,2,5,0,0,2,3,1,9,10,2,1,3,3,1,6,single-source,wayback_bsnpr_games,https://web.archive.org/web/20011101181706id_/http://www.bsnpr.com:80/gamestatwide.asp?r=BS21220&grupo=,2026-09-08T15:37:51Z
BS21220,2001,2001-07-31,SANTURCE,44,"Bocachica, Armando",,16,3,4,1,1,0,0,1,4,5,1,1,0,0,0,9,single-source,wayback_bsnpr_games,https://web.archive.org/web/20011101181706id_/http://www.bsnpr.com:80/gamestatwide.asp?r=BS21220&grupo=,2026-09-08T15:37:51Z
BS21220,2001,2001-07-31,SANTURCE,5,"Santiago, Orlando",,30,1,2,5,7,2,2,1,3,4,5,3,0,2,2,19,single-source,wayback_bsnpr_games,https://web.archive.org/web/20011101181706id_/http://www.bsnpr.com:80/gamestatwide.asp?r=BS21220&grupo=,2026-09-08T15:37:51Z
BS21220,2001,2001-07-31,SANTURCE,55,"Butler, Mario",,10,0,0,0,0,1,2,1,0,1,1,0,0,1,0,1,single-source,wayback_bsnpr_games,https://web.archive.org/web/20011101181706id_/http://www.bsnpr.com:80/gamestatwide.asp?r=BS21220&grupo=,2026-09-08T15:37:51Z
BS21220,2001,2001-07-31,SANTURCE,7,"Arroyo, Carlos",273,29,2,6,1,3,0,0,0,1,1,7,3,0,1,2,7,single-source,wayback_bsnpr_games,https://web.archive.org/web/20011101181706id_/http://www.bsnpr.com:80/gamestatwide.asp?r=BS21220&grupo=,2026-09-08T15:37:51Z
BS21220,2001,2001-07-31,SANTURCE,8,"Trimminghan, Leon",,24,9,13,0,0,0,0,2,4,6,0,4,0,2,0,18,single-source,wayback_bsnpr_games,https://web.archive.org/web/20011101181706id_/http://www.bsnpr.com:80/gamestatwide.asp?r=BS21220&grupo=,2026-09-08T15:37:51Z
BS21220,2001,2001-07-31,SANTURCE,9,"Santiago, Edwin",,16,3,5,0,1,0,0,0,1,1,1,0,0,1,3,6,single-source,wayback_bsnpr_games,https://web.archive.org/web/20011101181706id_/http://www.bsnpr.com:80/gamestatwide.asp?r=BS21220&grupo=,2026-09-08T15:37:51Z
BS21221,2001,2001-07-31,BAYAMON,0,"Richards, Jaja",,26,1,3,0,0,0,0,1,7,8,2,0,1,5,2,2,single-source,wayback_bsnpr_games,https://web.archive.org/web/20020221152025id_/http://www.bsnpr.com:80/gamestatwide.asp?r=BS21221&grupo=,2026-09-08T15:42:05Z
BS21221,2001,2001-07-31,BAYAMON,12,"Padilla, Edgar",,22,2,3,0,1,1,2,0,0,0,7,0,0,5,1,5,single-source,wayback_bsnpr_games,https://web.archive.org/web/20020221152025id_/http://www.bsnpr.com:80/gamestatwide.asp?r=BS21221&grupo=,2026-09-08T15:42:05Z
BS21221,2001,2001-07-31,BAYAMON,13,"Payano, Carlos",,4,2,3,0,2,0,0,0,0,0,0,0,0,1,0,4,single-source,wayback_bsnpr_games,https://web.archive.org/web/20020221152025id_/http://www.bsnpr.com:80/gamestatwide.asp?r=BS21221&grupo=,2026-09-08T15:42:05Z
BS21221,2001,2001-07-31,BAYAMON,17,"Mincy, Jerome",1032,20,4,6,0,3,2,4,1,5,6,2,0,0,2,1,10,single-source,wayback_bsnpr_games,https://web.archive.org/web/20020221152025id_/http://www.bsnpr.com:80/gamestatwide.asp?r=BS21221&grupo=,2026-09-08T15:42:05Z
BS21221,2001,2001-07-31,BAYAMON,22,"Apodaca, Rick",2028,10,1,1,0,0,4,4,0,0,0,2,2,0,1,0,6,single-source,wayback_bsnpr_games,https://web.archive.org/web/20020221152025id_/http://www.bsnpr.com:80/gamestatwide.asp?r=BS21221&grupo=,2026-09-08T15:42:05Z
BS21221,2001,2001-07-31,BAYAMON,32,"Santiago, Eddin",502,18,0,1,1,3,0,0,2,1,3,7,2,0,1,3,3,single-source,wayback_bsnpr_games,https://web.archive.org/web/20020221152025id_/http://www.bsnpr.com:80/gamestatwide.asp?r=BS21221&grupo=,2026-09-08T15:42:05Z
BS21221,2001,2001-07-31,BAYAMON,4,"Western, Franklyn",,35,15,22,0,0,3,4,0,1,1,3,1,1,1,2,33,single-source,wayback_bsnpr_games,https://web.archive.org/web/20020221152025id_/http://www.bsnpr.com:80/gamestatwide.asp?r=BS21221&grupo=,2026-09-08T15:42:05Z
BS21221,2001,2001-07-31,BAYAMON,44,"Novas, Rafael",,7,1,1,0,0,0,2,0,1,1,0,0,0,2,1,2,single-source,wayback_bsnpr_games,https://web.archive.org/web/20020221152025id_/http://www.bsnpr.com:80/gamestatwide.asp?r=BS21221&grupo=,2026-09-08T15:42:05Z
BS21221,2001,2001-07-31,BAYAMON,55,"Santiago, Daniel",427,22,7,9,0,0,2,4,1,6,7,1,0,2,4,2,16,single-source,wayback_bsnpr_games,https://web.archive.org/web/20020221152025id_/http://www.bsnpr.com:80/gamestatwide.asp?r=BS21221&grupo=,2026-09-08T15:42:05Z
BS21221,2001,2001-07-31,BAYAMON,6,"Travieso, Carmelo",,36,2,3,6,9,3,3,1,3,4,3,1,0,1,2,25,single-source,wayback_bsnpr_games,https://web.archive.org/web/20020221152025id_/http://www.bsnpr.com:80/gamestatwide.asp?r=BS21221&grupo=,2026-09-08T15:42:05Z
BS21221,2001,2001-07-31,MAYAGUEZ,10,"Guibert, Andres",,32,5,11,0,0,3,5,5,5,10,3,0,0,5,1,13,single-source,wayback_bsnpr_games,https://web.archive.org/web/20020221152025id_/http://www.bsnpr.com:80/gamestatwide.asp?r=BS21221&grupo=,2026-09-08T15:42:05Z
BS21221,2001,2001-07-31,MAYAGUEZ,12,"Vega, Orlando",1759,36,6,12,3,5,5,6,1,6,7,3,1,0,2,1,26,single-source,wayback_bsnpr_games,https://web.archive.org/web/20020221152025id_/http://www.bsnpr.com:80/gamestatwide.asp?r=BS21221&grupo=,2026-09-08T15:42:05Z
BS21221,2001,2001-07-31,MAYAGUEZ,13,"Brown, Tyler",,6,1,1,0,0,2,2,0,1,1,0,0,0,0,0,4,single-source,wayback_bsnpr_games,https://web.archive.org/web/20020221152025id_/http://www.bsnpr.com:80/gamestatwide.asp?r=BS21221&grupo=,2026-09-08T15:42:05Z
BS21221,2001,2001-07-31,MAYAGUEZ,14,"Boon, Joseph",,36,14,23,0,0,9,11,3,6,9,2,0,0,2,1,37,single-source,wayback_bsnpr_games,https://web.archive.org/web/20020221152025id_/http://www.bsnpr.com:80/gamestatwide.asp?r=BS21221&grupo=,2026-09-08T15:42:05Z
BS21221,2001,2001-07-31,MAYAGUEZ,17,"Martinez, Freddy",,4,0,0,0,1,0,0,0,0,0,0,0,0,0,1,0,single-source,wayback_bsnpr_games,https://web.archive.org/web/20020221152025id_/http://www.bsnpr.com:80/gamestatwide.asp?r=BS21221&grupo=,2026-09-08T15:42:05Z
BS21221,2001,2001-07-31,MAYAGUEZ,18,"Vazquez, De Juan",,6,0,1,0,0,0,0,1,1,2,2,0,0,2,1,0,single-source,wayback_bsnpr_games,https://web.archive.org/web/20020221152025id_/http://www.bsnpr.com:80/gamestatwide.asp?r=BS21221&grupo=,2026-09-08T15:42:05Z
BS21221,2001,2001-07-31,MAYAGUEZ,19,"Latson, Therome",,12,3,4,0,0,0,0,1,0,1,0,0,0,4,2,6,single-source,wayback_bsnpr_games,https://web.archive.org/web/20020221152025id_/http://www.bsnpr.com:80/gamestatwide.asp?r=BS21221&grupo=,2026-09-08T15:42:05Z
BS21221,2001,2001-07-31,MAYAGUEZ,6,"Garcia, Elmyr",,29,2,2,2,4,0,0,1,1,2,1,0,0,2,0,10,single-source,wayback_bsnpr_games,https://web.archive.org/web/20020221152025id_/http://www.bsnpr.com:80/gamestatwide.asp?r=BS21221&grupo=,2026-09-08T15:42:05Z
BS21221,2001,2001-07-31,MAYAGUEZ,9,"Carter, James",,39,0,6,0,5,6,6,1,0,1,7,2,0,2,2,6,single-source,wayback_bsnpr_games,https://web.archive.org/web/20020221152025id_/http://www.bsnpr.com:80/gamestatwide.asp?r=BS21221&grupo=,2026-09-08T15:42:05Z
BS21224,2001,2001-08-02,PONCE,1,"Morales, Ferdinand",,17,2,5,0,1,0,0,1,1,2,2,1,0,2,1,4,single-source,wayback_bsnpr_games,https://web.archive.org/web/20011101182914id_/http://www.bsnpr.com:80/gamestatwide.asp?r=BS21224&grupo=,2026-09-08T15:38:08Z
BS21224,2001,2001-08-02,PONCE,10,"Hatton, Bobby",,20,5,5,0,3,1,1,1,2,3,0,1,0,2,5,11,single-source,wayback_bsnpr_games,https://web.archive.org/web/20011101182914id_/http://www.bsnpr.com:80/gamestatwide.asp?r=BS21224&grupo=,2026-09-08T15:38:08Z
BS21224,2001,2001-08-02,PONCE,11,"Casiano, Eddie",498,27,1,2,1,8,0,0,1,0,1,1,0,0,5,4,5,single-source,wayback_bsnpr_games,https://web.archive.org/web/20011101182914id_/http://www.bsnpr.com:80/gamestatwide.asp?r=BS21224&grupo=,2026-09-08T15:38:08Z
BS21224,2001,2001-08-02,PONCE,12,"Ricardo, Osiris",,23,1,2,0,0,2,4,5,3,8,2,0,1,2,2,4,single-source,wayback_bsnpr_games,https://web.archive.org/web/20011101182914id_/http://www.bsnpr.com:80/gamestatwide.asp?r=BS21224&grupo=,2026-09-08T15:38:08Z
BS21224,2001,2001-08-02,PONCE,13,"Jourdon, Keenan",,17,3,6,0,1,1,1,1,2,3,2,1,0,2,1,7,single-source,wayback_bsnpr_games,https://web.archive.org/web/20011101182914id_/http://www.bsnpr.com:80/gamestatwide.asp?r=BS21224&grupo=,2026-09-08T15:38:08Z
BS21224,2001,2001-08-02,PONCE,15,"Colon, Gabriel",773,4,1,2,0,0,0,0,0,0,0,0,0,0,1,0,2,single-source,wayback_bsnpr_games,https://web.archive.org/web/20011101182914id_/http://www.bsnpr.com:80/gamestatwide.asp?r=BS21224&grupo=,2026-09-08T15:38:08Z
BS21224,2001,2001-08-02,PONCE,16,"Martinez, Rafael",,13,1,1,0,3,2,2,0,4,4,0,1,0,3,0,4,single-source,wayback_bsnpr_games,https://web.archive.org/web/20011101182914id_/http://www.bsnpr.com:80/gamestatwide.asp?r=BS21224&grupo=,2026-09-08T15:38:08Z
BS21224,2001,2001-08-02,PONCE,25,"Montalvo, Jesus",,4,0,1,0,0,0,0,0,1,1,1,0,0,0,2,0,single-source,wayback_bsnpr_games,https://web.archive.org/web/20011101182914id_/http://www.bsnpr.com:80/gamestatwide.asp?r=BS21224&grupo=,2026-09-08T15:38:08Z
BS21224,2001,2001-08-02,PONCE,33,"Soto, Eugenio",651,2,0,0,0,0,0,0,0,2,2,0,0,0,1,0,0,single-source,wayback_bsnpr_games,https://web.archive.org/web/20011101182914id_/http://www.bsnpr.com:80/gamestatwide.asp?r=BS21224&grupo=,2026-09-08T15:38:08Z
BS21224,2001,2001-08-02,PONCE,4,"Colon, Javier",1011,27,7,11,1,4,8,10,3,1,4,0,2,1,4,4,25,single-source,wayback_bsnpr_games,https://web.archive.org/web/20011101182914id_/http://www.bsnpr.com:80/gamestatwide.asp?r=BS21224&grupo=,2026-09-08T15:38:08Z
BS21224,2001,2001-08-02,PONCE,5,"Agosto, Jose",,11,0,2,0,3,1,2,1,2,3,0,1,0,0,2,1,single-source,wayback_bsnpr_games,https://web.archive.org/web/20011101182914id_/http://www.bsnpr.com:80/gamestatwide.asp?r=BS21224&grupo=,2026-09-08T15:38:08Z
BS21224,2001,2001-08-02,PONCE,55,"Elisma, Eddie",499,27,1,6,0,2,2,2,6,5,11,1,0,1,3,3,4,single-source,wayback_bsnpr_games,https://web.archive.org/web/20011101182914id_/http://www.bsnpr.com:80/gamestatwide.asp?r=BS21224&grupo=,2026-09-08T15:38:08Z
BS21224,2001,2001-08-02,PONCE,7,"Orta, Raul",1946,4,0,0,1,2,0,0,0,0,0,0,0,0,0,0,3,single-source,wayback_bsnpr_games,https://web.archive.org/web/20011101182914id_/http://www.bsnpr.com:80/gamestatwide.asp?r=BS21224&grupo=,2026-09-08T15:38:08Z
BS21224,2001,2001-08-02,PONCE,8,"Ramirez, Sean",,4,1,4,0,1,0,1,0,1,1,0,0,0,1,0,2,single-source,wayback_bsnpr_games,https://web.archive.org/web/20011101182914id_/http://www.bsnpr.com:80/gamestatwide.asp?r=BS21224&grupo=,2026-09-08T15:38:08Z
BS21224,2001,2001-08-02,SANTURCE,1,"Lopez, Jose",,4,0,1,0,0,0,0,0,3,3,0,0,0,1,2,0,single-source,wayback_bsnpr_games,https://web.archive.org/web/20011101182914id_/http://www.bsnpr.com:80/gamestatwide.asp?r=BS21224&grupo=,2026-09-08T15:38:08Z
BS21224,2001,2001-08-02,SANTURCE,10,"Arroyo, Alberto",,6,0,0,4,4,0,0,0,0,0,0,0,0,0,0,12,single-source,wayback_bsnpr_games,https://web.archive.org/web/20011101182914id_/http://www.bsnpr.com:80/gamestatwide.asp?r=BS21224&grupo=,2026-09-08T15:38:08Z
BS21224,2001,2001-08-02,SANTURCE,11,"Benson, Mark",,17,0,0,0,3,2,2,0,3,3,0,1,0,4,3,2,single-source,wayback_bsnpr_games,https://web.archive.org/web/20011101182914id_/http://www.bsnpr.com:80/gamestatwide.asp?r=BS21224&grupo=,2026-09-08T15:38:08Z
BS21224,2001,2001-08-02,SANTURCE,12,"Hourruitiner, Rolando",2090,29,2,4,1,2,3,4,1,2,3,2,1,0,4,4,10,single-source,wayback_bsnpr_games,https://web.archive.org/web/20011101182914id_/http://www.bsnpr.com:80/gamestatwide.asp?r=BS21224&grupo=,2026-09-08T15:38:08Z
BS21224,2001,2001-08-02,SANTURCE,22,"Villegas, Samuel",2145,3,0,1,0,0,1,2,0,0,0,0,0,0,0,0,1,single-source,wayback_bsnpr_games,https://web.archive.org/web/20011101182914id_/http://www.bsnpr.com:80/gamestatwide.asp?r=BS21224&grupo=,2026-09-08T15:38:08Z
BS21224,2001,2001-08-02,SANTURCE,33,"Falcon, Alex",,28,6,11,0,0,8,13,3,2,5,0,1,1,2,0,20,single-source,wayback_bsnpr_games,https://web.archive.org/web/20011101182914id_/http://www.bsnpr.com:80/gamestatwide.asp?r=BS21224&grupo=,2026-09-08T15:38:08Z
BS21224,2001,2001-08-02,SANTURCE,34,"Villafane, Luis",1502,3,1,1,0,0,0,0,0,2,2,0,0,0,0,0,2,single-source,wayback_bsnpr_games,https://web.archive.org/web/20011101182914id_/http://www.bsnpr.com:80/gamestatwide.asp?r=BS21224&grupo=,2026-09-08T15:38:08Z
BS21224,2001,2001-08-02,SANTURCE,4,"Ortiz, Jose",,24,4,8,0,0,1,2,1,6,7,8,2,2,1,1,9,single-source,wayback_bsnpr_games,https://web.archive.org/web/20011101182914id_/http://www.bsnpr.com:80/gamestatwide.asp?r=BS21224&grupo=,2026-09-08T15:38:08Z
BS21224,2001,2001-08-02,SANTURCE,42,"Aubry, Jeff",,2,0,0,0,0,0,0,0,0,0,0,0,0,2,1,0,single-source,wayback_bsnpr_games,https://web.archive.org/web/20011101182914id_/http://www.bsnpr.com:80/gamestatwide.asp?r=BS21224&grupo=,2026-09-08T15:38:08Z
BS21224,2001,2001-08-02,SANTURCE,44,"Bocachica, Armando",,5,1,1,0,2,0,0,1,4,5,1,2,0,1,0,2,single-source,wayback_bsnpr_games,https://web.archive.org/web/20011101182914id_/http://www.bsnpr.com:80/gamestatwide.asp?r=BS21224&grupo=,2026-09-08T15:38:08Z
BS21224,2001,2001-08-02,SANTURCE,5,"Santiago, Orlando",,33,2,2,2,5,1,1,0,3,3,6,1,1,2,2,11,single-source,wayback_bsnpr_games,https://web.archive.org/web/20011101182914id_/http://www.bsnpr.com:80/gamestatwide.asp?r=BS21224&grupo=,2026-09-08T15:38:08Z
BS21224,2001,2001-08-02,SANTURCE,55,"Butler, Mario",,7,0,2,0,0,0,0,2,1,3,0,0,0,1,0,0,single-source,wayback_bsnpr_games,https://web.archive.org/web/20011101182914id_/http://www.bsnpr.com:80/gamestatwide.asp?r=BS21224&grupo=,2026-09-08T15:38:08Z
BS21224,2001,2001-08-02,SANTURCE,8,"Trimingham, Leon",,21,9,11,0,1,3,5,0,1,1,2,1,0,3,4,21,single-source,wayback_bsnpr_games,https://web.archive.org/web/20011101182914id_/http://www.bsnpr.com:80/gamestatwide.asp?r=BS21224&grupo=,2026-09-08T15:38:08Z
BS21224,2001,2001-08-02,SANTURCE,9,"Santiago, Edwin",,18,3,7,1,2,3,5,0,2,2,3,1,0,2,0,12,single-source,wayback_bsnpr_games,https://web.archive.org/web/20011101182914id_/http://www.bsnpr.com:80/gamestatwide.asp?r=BS21224&grupo=,2026-09-08T15:38:08Z
BS21225,2001,2001-08-02,BAYAMON,0,"Richards, Jaja",,27,4,8,0,0,0,2,3,7,10,2,0,1,4,0,8,single-source,wayback_bsnpr_games,https://web.archive.org/web/20011201130428id_/http://www.bsnpr.com:80/gamestatwide.asp?r=BS21225&grupo=,2026-09-08T15:39:48Z
BS21225,2001,2001-08-02,BAYAMON,12,"Padilla, Edgar",,31,3,5,0,1,5,5,0,5,5,5,1,1,2,2,11,single-source,wayback_bsnpr_games,https://web.archive.org/web/20011201130428id_/http://www.bsnpr.com:80/gamestatwide.asp?r=BS21225&grupo=,2026-09-08T15:39:48Z
BS21225,2001,2001-08-02,BAYAMON,13,"Payano, Carlos",,14,1,2,0,2,2,2,0,1,1,2,1,0,0,2,4,single-source,wayback_bsnpr_games,https://web.archive.org/web/20011201130428id_/http://www.bsnpr.com:80/gamestatwide.asp?r=BS21225&grupo=,2026-09-08T15:39:48Z
BS21225,2001,2001-08-02,BAYAMON,17,"Mincy, Jerome",1032,10,0,1,0,2,0,0,0,2,2,0,0,0,2,1,0,single-source,wayback_bsnpr_games,https://web.archive.org/web/20011201130428id_/http://www.bsnpr.com:80/gamestatwide.asp?r=BS21225&grupo=,2026-09-08T15:39:48Z
BS21225,2001,2001-08-02,BAYAMON,22,"Apodaca, Rick",2028,7,0,0,0,1,0,0,0,0,0,0,0,0,0,1,0,single-source,wayback_bsnpr_games,https://web.archive.org/web/20011201130428id_/http://www.bsnpr.com:80/gamestatwide.asp?r=BS21225&grupo=,2026-09-08T15:39:48Z
BS21225,2001,2001-08-02,BAYAMON,32,"Santiago, Eddin",502,9,1,3,0,0,0,0,1,2,3,1,1,0,1,1,2,single-source,wayback_bsnpr_games,https://web.archive.org/web/20011201130428id_/http://www.bsnpr.com:80/gamestatwide.asp?r=BS21225&grupo=,2026-09-08T15:39:48Z
BS21225,2001,2001-08-02,BAYAMON,4,"Western, Franklyn",,31,8,12,0,1,3,4,1,2,3,4,2,0,2,5,19,single-source,wayback_bsnpr_games,https://web.archive.org/web/20011201130428id_/http://www.bsnpr.com:80/gamestatwide.asp?r=BS21225&grupo=,2026-09-08T15:39:48Z
BS21225,2001,2001-08-02,BAYAMON,44,"Novas, Rafael",,1,0,1,0,0,0,0,0,1,1,0,0,0,0,0,0,single-source,wayback_bsnpr_games,https://web.archive.org/web/20011201130428id_/http://www.bsnpr.com:80/gamestatwide.asp?r=BS21225&grupo=,2026-09-08T15:39:48Z
BS21225,2001,2001-08-02,BAYAMON,55,"Santiago, Daniel",427,37,8,15,0,0,5,6,3,7,10,0,3,0,3,0,21,single-source,wayback_bsnpr_games,https://web.archive.org/web/20011201130428id_/http://www.bsnpr.com:80/gamestatwide.asp?r=BS21225&grupo=,2026-09-08T15:39:48Z
BS21225,2001,2001-08-02,BAYAMON,6,"Travieso, Carmelo",,33,1,6,5,11,1,1,2,1,3,3,1,0,2,0,18,single-source,wayback_bsnpr_games,https://web.archive.org/web/20011201130428id_/http://www.bsnpr.com:80/gamestatwide.asp?r=BS21225&grupo=,2026-09-08T15:39:48Z
BS21225,2001,2001-08-02,SAN GERMAN,12,"Caanen, Wilhemus",,31,1,3,1,2,0,0,1,6,7,5,2,0,2,0,5,single-source,wayback_bsnpr_games,https://web.archive.org/web/20011201130428id_/http://www.bsnpr.com:80/gamestatwide.asp?r=BS21225&grupo=,2026-09-08T15:39:48Z
BS21225,2001,2001-08-02,SAN GERMAN,13,"Fajardo, Sharrif",,40,5,15,1,1,2,4,4,8,12,0,0,1,1,3,15,single-source,wayback_bsnpr_games,https://web.archive.org/web/20011201130428id_/http://www.bsnpr.com:80/gamestatwide.asp?r=BS21225&grupo=,2026-09-08T15:39:48Z
BS21225,2001,2001-08-02,SAN GERMAN,17,"Dalmau, Christian",382,36,2,5,2,4,3,5,0,0,0,1,0,1,2,2,13,single-source,wayback_bsnpr_games,https://web.archive.org/web/20011201130428id_/http://www.bsnpr.com:80/gamestatwide.asp?r=BS21225&grupo=,2026-09-08T15:39:48Z
BS21225,2001,2001-08-02,SAN GERMAN,18,"Barea, Irving",,6,1,3,0,1,0,0,1,2,3,0,0,0,1,0,2,single-source,wayback_bsnpr_games,https://web.archive.org/web/20011201130428id_/http://www.bsnpr.com:80/gamestatwide.asp?r=BS21225&grupo=,2026-09-08T15:39:48Z
BS21225,2001,2001-08-02,SAN GERMAN,20,"Ayuso, Larry",574,35,2,6,3,7,4,4,1,2,3,0,0,0,1,6,17,single-source,wayback_bsnpr_games,https://web.archive.org/web/20011201130428id_/http://www.bsnpr.com:80/gamestatwide.asp?r=BS21225&grupo=,2026-09-08T15:39:48Z
BS21225,2001,2001-08-02,SAN GERMAN,21,"Febres, Arnaldo",,6,1,3,0,0,0,0,0,1,1,0,0,0,2,0,2,single-source,wayback_bsnpr_games,https://web.archive.org/web/20011201130428id_/http://www.bsnpr.com:80/gamestatwide.asp?r=BS21225&grupo=,2026-09-08T15:39:48Z
BS21225,2001,2001-08-02,SAN GERMAN,24,"Pryor, Sean",2156,4,0,2,0,0,0,0,2,0,2,0,1,0,3,3,0,single-source,wayback_bsnpr_games,https://web.archive.org/web/20011201130428id_/http://www.bsnpr.com:80/gamestatwide.asp?r=BS21225&grupo=,2026-09-08T15:39:48Z
BS21225,2001,2001-08-02,SAN GERMAN,32,"Mackey, Malcom",,29,7,14,0,0,1,2,3,7,10,0,0,0,4,3,15,single-source,wayback_bsnpr_games,https://web.archive.org/web/20011201130428id_/http://www.bsnpr.com:80/gamestatwide.asp?r=BS21225&grupo=,2026-09-08T15:39:48Z
BS21225,2001,2001-08-02,SAN GERMAN,6,"Caraballo, Johny",,4,0,1,0,0,0,0,1,0,1,1,0,1,1,0,0,single-source,wayback_bsnpr_games,https://web.archive.org/web/20011201130428id_/http://www.bsnpr.com:80/gamestatwide.asp?r=BS21225&grupo=,2026-09-08T15:39:48Z
BS21225,2001,2001-08-02,SAN GERMAN,7,"Quinonez, Nelson",,9,0,0,1,5,0,0,1,0,1,0,0,0,0,1,3,single-source,wayback_bsnpr_games,https://web.archive.org/web/20011201130428id_/http://www.bsnpr.com:80/gamestatwide.asp?r=BS21225&grupo=,2026-09-08T15:39:48Z
BS21228,2001,2001-08-03,SAN GERMAN,12,"Caanen, Wilhemus",,26,2,3,1,2,0,0,2,3,5,5,1,0,2,4,7,single-source,wayback_bsnpr_games,https://web.archive.org/web/20010901045814id_/http://www.bsnpr.com:80/gamestatwide.asp?r=BS21228&GRUPO=PO99&SERIE=4,2026-09-08T15:36:34Z
BS21228,2001,2001-08-03,SAN GERMAN,12,"Caanen, Wilhemus",,26,2,3,1,2,0,0,2,3,5,5,1,0,2,4,7,single-source,wayback_bsnpr_games,https://web.archive.org/web/20010917105704id_/http://www.bsnpr.com:80/gamestatwide.asp?r=BS21228&grupo=,2026-09-08T15:36:44Z
BS21228,2001,2001-08-03,SAN GERMAN,13,"Fajardo, Shariff",,32,5,6,1,1,9,10,3,10,13,1,0,0,3,5,22,single-source,wayback_bsnpr_games,https://web.archive.org/web/20010901045814id_/http://www.bsnpr.com:80/gamestatwide.asp?r=BS21228&GRUPO=PO99&SERIE=4,2026-09-08T15:36:34Z
BS21228,2001,2001-08-03,SAN GERMAN,13,"Fajardo, Shariff",,32,5,6,1,1,9,10,3,10,13,1,0,0,3,5,22,single-source,wayback_bsnpr_games,https://web.archive.org/web/20010917105704id_/http://www.bsnpr.com:80/gamestatwide.asp?r=BS21228&grupo=,2026-09-08T15:36:44Z
BS21228,2001,2001-08-03,SAN GERMAN,17,"Dalmau, Christian",382,29,7,11,0,4,5,6,0,4,4,8,2,0,3,2,19,single-source,wayback_bsnpr_games,https://web.archive.org/web/20010901045814id_/http://www.bsnpr.com:80/gamestatwide.asp?r=BS21228&GRUPO=PO99&SERIE=4,2026-09-08T15:36:34Z
BS21228,2001,2001-08-03,SAN GERMAN,17,"Dalmau, Christian",382,29,7,11,0,4,5,6,0,4,4,8,2,0,3,2,19,single-source,wayback_bsnpr_games,https://web.archive.org/web/20010917105704id_/http://www.bsnpr.com:80/gamestatwide.asp?r=BS21228&grupo=,2026-09-08T15:36:44Z
BS21228,2001,2001-08-03,SAN GERMAN,18,"Barea, Irving",,8,3,5,0,0,2,2,4,0,4,1,2,0,1,0,8,single-source,wayback_bsnpr_games,https://web.archive.org/web/20010901045814id_/http://www.bsnpr.com:80/gamestatwide.asp?r=BS21228&GRUPO=PO99&SERIE=4,2026-09-08T15:36:34Z
BS21228,2001,2001-08-03,SAN GERMAN,18,"Barea, Irving",,8,3,5,0,0,2,2,4,0,4,1,2,0,1,0,8,single-source,wayback_bsnpr_games,https://web.archive.org/web/20010917105704id_/http://www.bsnpr.com:80/gamestatwide.asp?r=BS21228&grupo=,2026-09-08T15:36:44Z
BS21228,2001,2001-08-03,SAN GERMAN,20,"Ayuso, Larry",574,40,3,5,8,10,9,10,0,4,4,2,0,0,3,9,39,single-source,wayback_bsnpr_games,https://web.archive.org/web/20010901045814id_/http://www.bsnpr.com:80/gamestatwide.asp?r=BS21228&GRUPO=PO99&SERIE=4,2026-09-08T15:36:34Z
BS21228,2001,2001-08-03,SAN GERMAN,20,"Ayuso, Larry",574,40,3,5,8,10,9,10,0,4,4,2,0,0,3,9,39,single-source,wayback_bsnpr_games,https://web.archive.org/web/20010917105704id_/http://www.bsnpr.com:80/gamestatwide.asp?r=BS21228&grupo=,2026-09-08T15:36:44Z
BS21228,2001,2001-08-03,SAN GERMAN,26,"Zayas, Gerardo",795,16,1,3,0,0,0,0,0,5,5,2,0,3,4,0,2,single-source,wayback_bsnpr_games,https://web.archive.org/web/20010901045814id_/http://www.bsnpr.com:80/gamestatwide.asp?r=BS21228&GRUPO=PO99&SERIE=4,2026-09-08T15:36:34Z
BS21228,2001,2001-08-03,SAN GERMAN,26,"Zayas, Gerardo",795,16,1,3,0,0,0,0,0,5,5,2,0,3,4,0,2,single-source,wayback_bsnpr_games,https://web.archive.org/web/20010917105704id_/http://www.bsnpr.com:80/gamestatwide.asp?r=BS21228&grupo=,2026-09-08T15:36:44Z
BS21228,2001,2001-08-03,SAN GERMAN,32,"Mackey, Malcom",,22,4,6,0,0,1,2,2,3,5,1,0,0,5,2,9,single-source,wayback_bsnpr_games,https://web.archive.org/web/20010901045814id_/http://www.bsnpr.com:80/gamestatwide.asp?r=BS21228&GRUPO=PO99&SERIE=4,2026-09-08T15:36:34Z
BS21228,2001,2001-08-03,SAN GERMAN,32,"Mackey, Malcom",,22,4,6,0,0,1,2,2,3,5,1,0,0,5,2,9,single-source,wayback_bsnpr_games,https://web.archive.org/web/20010917105704id_/http://www.bsnpr.com:80/gamestatwide.asp?r=BS21228&grupo=,2026-09-08T15:36:44Z
BS21228,2001,2001-08-03,SAN GERMAN,6,"Caraballo, Johnny",,10,1,2,0,1,0,0,0,0,0,1,1,0,2,2,2,single-source,wayback_bsnpr_games,https://web.archive.org/web/20010901045814id_/http://www.bsnpr.com:80/gamestatwide.asp?r=BS21228&GRUPO=PO99&SERIE=4,2026-09-08T15:36:34Z
BS21228,2001,2001-08-03,SAN GERMAN,6,"Caraballo, Johnny",,10,1,2,0,1,0,0,0,0,0,1,1,0,2,2,2,single-source,wayback_bsnpr_games,https://web.archive.org/web/20010917105704id_/http://www.bsnpr.com:80/gamestatwide.asp?r=BS21228&grupo=,2026-09-08T15:36:44Z
BS21228,2001,2001-08-03,SAN GERMAN,7,"Quinonez, Nelson",,17,1,1,2,7,5,5,1,2,3,0,1,0,1,2,13,single-source,wayback_bsnpr_games,https://web.archive.org/web/20010901045814id_/http://www.bsnpr.com:80/gamestatwide.asp?r=BS21228&GRUPO=PO99&SERIE=4,2026-09-08T15:36:34Z
BS21228,2001,2001-08-03,SAN GERMAN,7,"Quinonez, Nelson",,17,1,1,2,7,5,5,1,2,3,0,1,0,1,2,13,single-source,wayback_bsnpr_games,https://web.archive.org/web/20010917105704id_/http://www.bsnpr.com:80/gamestatwide.asp?r=BS21228&grupo=,2026-09-08T15:36:44Z
BS21228,2001,2001-08-03,SANTURCE,1,"Lopez, Jose",,4,0,1,0,0,0,0,0,0,0,0,0,0,1,0,0,single-source,wayback_bsnpr_games,https://web.archive.org/web/20010901045814id_/http://www.bsnpr.com:80/gamestatwide.asp?r=BS21228&GRUPO=PO99&SERIE=4,2026-09-08T15:36:34Z
BS21228,2001,2001-08-03,SANTURCE,1,"Lopez, Jose",,4,0,1,0,0,0,0,0,0,0,0,0,0,1,0,0,single-source,wayback_bsnpr_games,https://web.archive.org/web/20010917105704id_/http://www.bsnpr.com:80/gamestatwide.asp?r=BS21228&grupo=,2026-09-08T15:36:44Z
BS21228,2001,2001-08-03,SANTURCE,10,"Arroyo, Alberto",,6,0,1,0,3,0,0,0,1,1,2,0,0,1,1,0,single-source,wayback_bsnpr_games,https://web.archive.org/web/20010901045814id_/http://www.bsnpr.com:80/gamestatwide.asp?r=BS21228&GRUPO=PO99&SERIE=4,2026-09-08T15:36:34Z
BS21228,2001,2001-08-03,SANTURCE,10,"Arroyo, Alberto",,6,0,1,0,3,0,0,0,1,1,2,0,0,1,1,0,single-source,wayback_bsnpr_games,https://web.archive.org/web/20010917105704id_/http://www.bsnpr.com:80/gamestatwide.asp?r=BS21228&grupo=,2026-09-08T15:36:44Z
BS21228,2001,2001-08-03,SANTURCE,11,"Benson, Mark",,14,0,1,2,2,0,0,0,1,1,1,1,1,2,0,6,single-source,wayback_bsnpr_games,https://web.archive.org/web/20010901045814id_/http://www.bsnpr.com:80/gamestatwide.asp?r=BS21228&GRUPO=PO99&SERIE=4,2026-09-08T15:36:34Z
BS21228,2001,2001-08-03,SANTURCE,11,"Benson, Mark",,14,0,1,2,2,0,0,0,1,1,1,1,1,2,0,6,single-source,wayback_bsnpr_games,https://web.archive.org/web/20010917105704id_/http://www.bsnpr.com:80/gamestatwide.asp?r=BS21228&grupo=,2026-09-08T15:36:44Z
BS21228,2001,2001-08-03,SANTURCE,12,"Houruitiner, Rolando",,23,2,2,2,4,2,2,1,1,2,7,1,0,4,0,12,single-source,wayback_bsnpr_games,https://web.archive.org/web/20010901045814id_/http://www.bsnpr.com:80/gamestatwide.asp?r=BS21228&GRUPO=PO99&SERIE=4,2026-09-08T15:36:34Z
BS21228,2001,2001-08-03,SANTURCE,12,"Houruitiner, Rolando",,23,2,2,2,4,2,2,1,1,2,7,1,0,4,0,12,single-source,wayback_bsnpr_games,https://web.archive.org/web/20010917105704id_/http://www.bsnpr.com:80/gamestatwide.asp?r=BS21228&grupo=,2026-09-08T15:36:44Z
BS21228,2001,2001-08-03,SANTURCE,33,"Falcon, Alex",,16,6,8,0,1,2,6,6,4,10,2,3,0,4,2,14,single-source,wayback_bsnpr_games,https://web.archive.org/web/20010901045814id_/http://www.bsnpr.com:80/gamestatwide.asp?r=BS21228&GRUPO=PO99&SERIE=4,2026-09-08T15:36:34Z
BS21228,2001,2001-08-03,SANTURCE,33,"Falcon, Alex",,16,6,8,0,1,2,6,6,4,10,2,3,0,4,2,14,single-source,wayback_bsnpr_games,https://web.archive.org/web/20010917105704id_/http://www.bsnpr.com:80/gamestatwide.asp?r=BS21228&grupo=,2026-09-08T15:36:44Z
BS21228,2001,2001-08-03,SANTURCE,4,"Ortiz, Jose",,22,5,8,1,2,4,6,0,1,1,1,0,0,3,5,17,single-source,wayback_bsnpr_games,https://web.archive.org/web/20010901045814id_/http://www.bsnpr.com:80/gamestatwide.asp?r=BS21228&GRUPO=PO99&SERIE=4,2026-09-08T15:36:34Z
BS21228,2001,2001-08-03,SANTURCE,4,"Ortiz, Jose",,22,5,8,1,2,4,6,0,1,1,1,0,0,3,5,17,single-source,wayback_bsnpr_games,https://web.archive.org/web/20010917105704id_/http://www.bsnpr.com:80/gamestatwide.asp?r=BS21228&grupo=,2026-09-08T15:36:44Z
BS21228,2001,2001-08-03,SANTURCE,42,"Aubry, Jeffrey",,12,2,3,0,0,0,2,3,3,6,1,0,1,2,1,4,single-source,wayback_bsnpr_games,https://web.archive.org/web/20010901045814id_/http://www.bsnpr.com:80/gamestatwide.asp?r=BS21228&GRUPO=PO99&SERIE=4,2026-09-08T15:36:34Z
BS21228,2001,2001-08-03,SANTURCE,42,"Aubry, Jeffrey",,12,2,3,0,0,0,2,3,3,6,1,0,1,2,1,4,single-source,wayback_bsnpr_games,https://web.archive.org/web/20010917105704id_/http://www.bsnpr.com:80/gamestatwide.asp?r=BS21228&grupo=,2026-09-08T15:36:44Z
BS21228,2001,2001-08-03,SANTURCE,44,"Bocachica, Cesar Armando",,7,1,3,1,1,0,0,2,1,3,0,0,0,4,1,5,single-source,wayback_bsnpr_games,https://web.archive.org/web/20010901045814id_/http://www.bsnpr.com:80/gamestatwide.asp?r=BS21228&GRUPO=PO99&SERIE=4,2026-09-08T15:36:34Z
BS21228,2001,2001-08-03,SANTURCE,44,"Bocachica, Cesar Armando",,7,1,3,1,1,0,0,2,1,3,0,0,0,4,1,5,single-source,wayback_bsnpr_games,https://web.archive.org/web/20010917105704id_/http://www.bsnpr.com:80/gamestatwide.asp?r=BS21228&grupo=,2026-09-08T15:36:44Z
BS21228,2001,2001-08-03,SANTURCE,5,"Santiago, Orlando",,28,1,3,2,2,2,2,0,2,2,5,1,0,1,3,10,single-source,wayback_bsnpr_games,https://web.archive.org/web/20010901045814id_/http://www.bsnpr.com:80/gamestatwide.asp?r=BS21228&GRUPO=PO99&SERIE=4,2026-09-08T15:36:34Z
BS21228,2001,2001-08-03,SANTURCE,5,"Santiago, Orlando",,28,1,3,2,2,2,2,0,2,2,5,1,0,1,3,10,single-source,wayback_bsnpr_games,https://web.archive.org/web/20010917105704id_/http://www.bsnpr.com:80/gamestatwide.asp?r=BS21228&grupo=,2026-09-08T15:36:44Z
BS21228,2001,2001-08-03,SANTURCE,55,"Butler, Mario",,4,1,2,0,0,0,0,0,0,0,0,0,0,0,0,2,single-source,wayback_bsnpr_games,https://web.archive.org/web/20010901045814id_/http://www.bsnpr.com:80/gamestatwide.asp?r=BS21228&GRUPO=PO99&SERIE=4,2026-09-08T15:36:34Z
BS21228,2001,2001-08-03,SANTURCE,55,"Butler, Mario",,4,1,2,0,0,0,0,0,0,0,0,0,0,0,0,2,single-source,wayback_bsnpr_games,https://web.archive.org/web/20010917105704id_/http://www.bsnpr.com:80/gamestatwide.asp?r=BS21228&grupo=,2026-09-08T15:36:44Z
BS21228,2001,2001-08-03,SANTURCE,7,"Arroyo, Carlos",273,28,3,7,3,8,4,4,0,0,0,3,3,0,1,0,19,single-source,wayback_bsnpr_games,https://web.archive.org/web/20010901045814id_/http://www.bsnpr.com:80/gamestatwide.asp?r=BS21228&GRUPO=PO99&SERIE=4,2026-09-08T15:36:34Z
BS21228,2001,2001-08-03,SANTURCE,7,"Arroyo, Carlos",273,28,3,7,3,8,4,4,0,0,0,3,3,0,1,0,19,single-source,wayback_bsnpr_games,https://web.archive.org/web/20010917105704id_/http://www.bsnpr.com:80/gamestatwide.asp?r=BS21228&grupo=,2026-09-08T15:36:44Z
BS21228,2001,2001-08-03,SANTURCE,8,"Triminghan, Leon",,22,4,9,0,0,4,5,2,2,4,2,2,0,3,1,12,single-source,wayback_bsnpr_games,https://web.archive.org/web/20010901045814id_/http://www.bsnpr.com:80/gamestatwide.asp?r=BS21228&GRUPO=PO99&SERIE=4,2026-09-08T15:36:34Z
BS21228,2001,2001-08-03,SANTURCE,8,"Triminghan, Leon",,22,4,9,0,0,4,5,2,2,4,2,2,0,3,1,12,single-source,wayback_bsnpr_games,https://web.archive.org/web/20010917105704id_/http://www.bsnpr.com:80/gamestatwide.asp?r=BS21228&grupo=,2026-09-08T15:36:44Z
BS21228,2001,2001-08-03,SANTURCE,9,"Santiago, Edwin",,14,4,7,1,5,0,0,0,1,1,1,3,0,2,1,11,single-source,wayback_bsnpr_games,https://web.archive.org/web/20010901045814id_/http://www.bsnpr.com:80/gamestatwide.asp?r=BS21228&GRUPO=PO99&SERIE=4,2026-09-08T15:36:34Z
BS21228,2001,2001-08-03,SANTURCE,9,"Santiago, Edwin",,14,4,7,1,5,0,0,0,1,1,1,3,0,2,1,11,single-source,wayback_bsnpr_games,https://web.archive.org/web/20010917105704id_/http://www.bsnpr.com:80/gamestatwide.asp?r=BS21228&grupo=,2026-09-08T15:36:44Z
BS21229,2001,2001-08-03,BAYAMON,0,"Richards, Jaja",,22,3,5,0,0,3,6,1,3,4,0,1,2,3,0,9,single-source,wayback_bsnpr_games,https://web.archive.org/web/20011201132404id_/http://www.bsnpr.com:80/gamestatwide.asp?r=BS21229&grupo=,2026-09-08T15:39:55Z
BS21229,2001,2001-08-03,BAYAMON,12,"Padilla, Edgar",,21,0,1,1,2,0,0,0,0,0,3,1,0,3,3,3,single-source,wayback_bsnpr_games,https://web.archive.org/web/20011201132404id_/http://www.bsnpr.com:80/gamestatwide.asp?r=BS21229&grupo=,2026-09-08T15:39:55Z
BS21229,2001,2001-08-03,BAYAMON,13,"Payano, Carlos",,12,1,2,2,6,0,0,0,2,2,0,2,0,2,0,8,single-source,wayback_bsnpr_games,https://web.archive.org/web/20011201132404id_/http://www.bsnpr.com:80/gamestatwide.asp?r=BS21229&grupo=,2026-09-08T15:39:55Z
BS21229,2001,2001-08-03,BAYAMON,17,"Mincy, Jerome",1032,19,1,9,0,0,0,0,1,4,5,1,1,0,3,0,2,single-source,wayback_bsnpr_games,https://web.archive.org/web/20011201132404id_/http://www.bsnpr.com:80/gamestatwide.asp?r=BS21229&grupo=,2026-09-08T15:39:55Z
BS21229,2001,2001-08-03,BAYAMON,22,"Apodaca, Rick",2028,12,5,7,0,0,2,2,0,0,0,1,1,2,2,2,12,single-source,wayback_bsnpr_games,https://web.archive.org/web/20011201132404id_/http://www.bsnpr.com:80/gamestatwide.asp?r=BS21229&grupo=,2026-09-08T15:39:55Z
BS21229,2001,2001-08-03,BAYAMON,32,"Santiago, Eddin",502,19,2,5,0,0,2,2,5,1,6,3,4,0,1,2,6,single-source,wayback_bsnpr_games,https://web.archive.org/web/20011201132404id_/http://www.bsnpr.com:80/gamestatwide.asp?r=BS21229&grupo=,2026-09-08T15:39:55Z
BS21229,2001,2001-08-03,BAYAMON,4,"Western, Franklyn",,29,7,13,0,0,3,5,2,3,5,1,1,1,2,3,17,single-source,wayback_bsnpr_games,https://web.archive.org/web/20011201132404id_/http://www.bsnpr.com:80/gamestatwide.asp?r=BS21229&grupo=,2026-09-08T15:39:55Z
BS21229,2001,2001-08-03,BAYAMON,55,"Santiago, Daniel",427,33,7,12,0,0,6,7,2,6,8,0,0,1,4,1,20,single-source,wayback_bsnpr_games,https://web.archive.org/web/20011201132404id_/http://www.bsnpr.com:80/gamestatwide.asp?r=BS21229&grupo=,2026-09-08T15:39:55Z
BS21229,2001,2001-08-03,BAYAMON,6,"Travieso, Carmelo",,33,4,17,0,0,2,6,3,2,5,0,2,1,3,0,10,single-source,wayback_bsnpr_games,https://web.archive.org/web/20011201132404id_/http://www.bsnpr.com:80/gamestatwide.asp?r=BS21229&grupo=,2026-09-08T15:39:55Z
BS21229,2001,2001-08-03,PONCE,1,"Morales, Ferdinand",,37,1,1,4,9,3,4,2,9,11,2,1,0,4,3,17,single-source,wayback_bsnpr_games,https://web.archive.org/web/20011201132404id_/http://www.bsnpr.com:80/gamestatwide.asp?r=BS21229&grupo=,2026-09-08T15:39:55Z
BS21229,2001,2001-08-03,PONCE,10,"Hatton, Bobby Joe",2074,13,1,4,0,0,0,0,0,2,2,2,0,0,0,2,2,single-source,wayback_bsnpr_games,https://web.archive.org/web/20011201132404id_/http://www.bsnpr.com:80/gamestatwide.asp?r=BS21229&grupo=,2026-09-08T15:39:55Z
BS21229,2001,2001-08-03,PONCE,11,"Casiano, Eddie",498,37,11,18,0,1,10,14,1,2,3,7,1,0,4,1,32,single-source,wayback_bsnpr_games,https://web.archive.org/web/20011201132404id_/http://www.bsnpr.com:80/gamestatwide.asp?r=BS21229&grupo=,2026-09-08T15:39:55Z
BS21229,2001,2001-08-03,PONCE,12,"Ricardo, Osiris",,24,2,3,1,2,1,4,4,2,6,0,0,2,4,1,8,single-source,wayback_bsnpr_games,https://web.archive.org/web/20011201132404id_/http://www.bsnpr.com:80/gamestatwide.asp?r=BS21229&grupo=,2026-09-08T15:39:55Z
BS21229,2001,2001-08-03,PONCE,13,"Jourdan, Keenan",,6,,,1,5,0,0,1,2,3,2,0,0,1,0,3,single-source,wayback_bsnpr_games,https://web.archive.org/web/20011201132404id_/http://www.bsnpr.com:80/gamestatwide.asp?r=BS21229&grupo=,2026-09-08T15:39:55Z
BS21229,2001,2001-08-03,PONCE,33,"Soto, Eugenio",651,13,1,2,0,0,1,2,0,1,1,1,0,0,3,1,3,single-source,wayback_bsnpr_games,https://web.archive.org/web/20011201132404id_/http://www.bsnpr.com:80/gamestatwide.asp?r=BS21229&grupo=,2026-09-08T15:39:55Z
BS21229,2001,2001-08-03,PONCE,4,"Colon, Javier",1011,31,4,8,0,0,2,2,0,2,2,9,1,0,3,5,10,single-source,wayback_bsnpr_games,https://web.archive.org/web/20011201132404id_/http://www.bsnpr.com:80/gamestatwide.asp?r=BS21229&grupo=,2026-09-08T15:39:55Z
BS21229,2001,2001-08-03,PONCE,55,"Elisma, Eddie",499,39,9,16,0,0,2,2,2,8,10,1,2,2,2,4,20,single-source,wayback_bsnpr_games,https://web.archive.org/web/20011201132404id_/http://www.bsnpr.com:80/gamestatwide.asp?r=BS21229&grupo=,2026-09-08T15:39:55Z
BS21232,2001,2001-08-05,BAYAMON,0,"Richard, Jaja",,24,4,5,0,0,4,8,3,4,7,0,1,2,2,1,12,single-source,wayback_bsnpr_games,https://web.archive.org/web/20011101182959id_/http://www.bsnpr.com:80/gamestatwide.asp?r=BS21232&grupo=,2026-09-08T15:38:13Z
BS21232,2001,2001-08-05,BAYAMON,12,"Padilla, Edgar",,26,1,3,0,0,0,1,0,1,1,9,2,0,5,6,2,single-source,wayback_bsnpr_games,https://web.archive.org/web/20011101182959id_/http://www.bsnpr.com:80/gamestatwide.asp?r=BS21232&grupo=,2026-09-08T15:38:13Z
BS21232,2001,2001-08-05,BAYAMON,13,"Payano, Carlos",,11,0,2,0,2,1,2,0,1,1,0,1,0,0,0,1,single-source,wayback_bsnpr_games,https://web.archive.org/web/20011101182959id_/http://www.bsnpr.com:80/gamestatwide.asp?r=BS21232&grupo=,2026-09-08T15:38:13Z
BS21232,2001,2001-08-05,BAYAMON,17,"Mincy, Jerome",1032,17,1,3,0,3,1,2,0,5,5,0,1,0,3,0,3,single-source,wayback_bsnpr_games,https://web.archive.org/web/20011101182959id_/http://www.bsnpr.com:80/gamestatwide.asp?r=BS21232&grupo=,2026-09-08T15:38:13Z
BS21232,2001,2001-08-05,BAYAMON,22,"Apodaca, Rick",2028,14,2,3,0,1,1,2,1,1,2,1,1,0,1,3,5,single-source,wayback_bsnpr_games,https://web.archive.org/web/20011101182959id_/http://www.bsnpr.com:80/gamestatwide.asp?r=BS21232&grupo=,2026-09-08T15:38:13Z
BS21232,2001,2001-08-05,BAYAMON,32,"Santiago, Eddin",502,14,2,3,0,1,0,0,1,1,2,0,1,0,3,2,4,single-source,wayback_bsnpr_games,https://web.archive.org/web/20011101182959id_/http://www.bsnpr.com:80/gamestatwide.asp?r=BS21232&grupo=,2026-09-08T15:38:13Z
BS21232,2001,2001-08-05,BAYAMON,4,"Western, Franklyn",,37,8,15,0,0,5,6,2,7,9,1,1,0,3,2,21,single-source,wayback_bsnpr_games,https://web.archive.org/web/20011101182959id_/http://www.bsnpr.com:80/gamestatwide.asp?r=BS21232&grupo=,2026-09-08T15:38:13Z
BS21232,2001,2001-08-05,BAYAMON,55,"Santiago, Daniel",427,25,3,9,0,0,7,10,3,5,8,0,0,1,3,3,13,single-source,wayback_bsnpr_games,https://web.archive.org/web/20011101182959id_/http://www.bsnpr.com:80/gamestatwide.asp?r=BS21232&grupo=,2026-09-08T15:38:13Z
BS21232,2001,2001-08-05,BAYAMON,6,"Travieso, Carmelo",,32,5,9,1,7,2,2,0,3,3,0,4,1,3,2,15,single-source,wayback_bsnpr_games,https://web.archive.org/web/20011101182959id_/http://www.bsnpr.com:80/gamestatwide.asp?r=BS21232&grupo=,2026-09-08T15:38:13Z
BS21232,2001,2001-08-05,SANTURCE,11,"Benson, Mark",,17,0,1,1,2,0,0,0,1,1,0,2,0,3,1,3,single-source,wayback_bsnpr_games,https://web.archive.org/web/20011101182959id_/http://www.bsnpr.com:80/gamestatwide.asp?r=BS21232&grupo=,2026-09-08T15:38:13Z
BS21232,2001,2001-08-05,SANTURCE,12,"Hourruitiner, Rolando",2090,25,3,4,0,3,1,1,3,3,6,3,1,0,5,2,7,single-source,wayback_bsnpr_games,https://web.archive.org/web/20011101182959id_/http://www.bsnpr.com:80/gamestatwide.asp?r=BS21232&grupo=,2026-09-08T15:38:13Z
BS21232,2001,2001-08-05,SANTURCE,33,"Falcon, Alex",,15,1,3,0,0,2,5,0,0,0,0,0,0,1,0,4,single-source,wayback_bsnpr_games,https://web.archive.org/web/20011101182959id_/http://www.bsnpr.com:80/gamestatwide.asp?r=BS21232&grupo=,2026-09-08T15:38:13Z
BS21232,2001,2001-08-05,SANTURCE,4,"Ortiz, Jose",,37,9,19,0,3,6,10,7,11,18,3,2,2,3,2,24,single-source,wayback_bsnpr_games,https://web.archive.org/web/20011101182959id_/http://www.bsnpr.com:80/gamestatwide.asp?r=BS21232&grupo=,2026-09-08T15:38:13Z
BS21232,2001,2001-08-05,SANTURCE,42,"Aubry, Jeff",,6,0,0,0,0,0,0,0,3,3,0,1,2,3,2,0,single-source,wayback_bsnpr_games,https://web.archive.org/web/20011101182959id_/http://www.bsnpr.com:80/gamestatwide.asp?r=BS21232&grupo=,2026-09-08T15:38:13Z
BS21232,2001,2001-08-05,SANTURCE,5,"Santiago, Orlando",,37,2,2,3,8,2,2,0,5,5,1,1,0,3,3,15,single-source,wayback_bsnpr_games,https://web.archive.org/web/20011101182959id_/http://www.bsnpr.com:80/gamestatwide.asp?r=BS21232&grupo=,2026-09-08T15:38:13Z
BS21232,2001,2001-08-05,SANTURCE,55,"Butler, Mario",,2,0,2,0,0,0,0,1,1,2,0,0,0,0,0,0,single-source,wayback_bsnpr_games,https://web.archive.org/web/20011101182959id_/http://www.bsnpr.com:80/gamestatwide.asp?r=BS21232&grupo=,2026-09-08T15:38:13Z
BS21232,2001,2001-08-05,SANTURCE,7,"Arroyo, Carlos",273,39,8,12,1,6,1,3,0,4,4,7,1,0,4,5,20,single-source,wayback_bsnpr_games,https://web.archive.org/web/20011101182959id_/http://www.bsnpr.com:80/gamestatwide.asp?r=BS21232&grupo=,2026-09-08T15:38:13Z
BS21232,2001,2001-08-05,SANTURCE,8,"Trimingham, Leon",,17,2,4,0,0,0,1,0,4,4,0,3,0,3,5,4,single-source,wayback_bsnpr_games,https://web.archive.org/web/20011101182959id_/http://www.bsnpr.com:80/gamestatwide.asp?r=BS21232&grupo=,2026-09-08T15:38:13Z
BS21232,2001,2001-08-05,SANTURCE,9,"Santiago, Edwin",,5,0,0,0,0,0,0,0,1,1,0,0,0,2,1,0,single-source,wayback_bsnpr_games,https://web.archive.org/web/20011101182959id_/http://www.bsnpr.com:80/gamestatwide.asp?r=BS21232&grupo=,2026-09-08T15:38:13Z
BS21233,2001,2001-08-05,AIBONITO,10,"Melendez, Orlando",,28,6,10,0,0,0,2,7,2,9,3,0,2,3,3,12,single-source,wayback_bsnpr_games,https://web.archive.org/web/20010917110131id_/http://www.bsnpr.com:80/gamestatwide.asp?r=BS21233&grupo=,2026-09-08T15:36:46Z
BS21233,2001,2001-08-05,AIBONITO,11,"Venzen, Gilberto",,13,0,0,1,1,0,0,0,1,1,1,1,0,1,1,3,single-source,wayback_bsnpr_games,https://web.archive.org/web/20010917110131id_/http://www.bsnpr.com:80/gamestatwide.asp?r=BS21233&grupo=,2026-09-08T15:36:46Z
BS21233,2001,2001-08-05,AIBONITO,12,"Hernandez, Jason",,40,5,10,2,3,4,4,0,4,4,11,1,0,1,0,20,single-source,wayback_bsnpr_games,https://web.archive.org/web/20010917110131id_/http://www.bsnpr.com:80/gamestatwide.asp?r=BS21233&grupo=,2026-09-08T15:36:46Z
BS21233,2001,2001-08-05,AIBONITO,16,"Murray, Joe",1286,37,6,8,0,0,2,2,5,5,10,0,1,0,3,1,14,single-source,wayback_bsnpr_games,https://web.archive.org/web/20010917110131id_/http://www.bsnpr.com:80/gamestatwide.asp?r=BS21233&grupo=,2026-09-08T15:36:46Z
BS21233,2001,2001-08-05,AIBONITO,17,"Wilson, Monty",,35,7,16,4,10,1,2,1,9,10,5,1,0,2,6,27,single-source,wayback_bsnpr_games,https://web.archive.org/web/20010917110131id_/http://www.bsnpr.com:80/gamestatwide.asp?r=BS21233&grupo=,2026-09-08T15:36:46Z
BS21233,2001,2001-08-05,AIBONITO,18,"Rivera, Axel",,3,0,1,0,0,0,2,0,0,0,0,0,0,1,0,0,single-source,wayback_bsnpr_games,https://web.archive.org/web/20010917110131id_/http://www.bsnpr.com:80/gamestatwide.asp?r=BS21233&grupo=,2026-09-08T15:36:46Z
BS21233,2001,2001-08-05,AIBONITO,8,"Hiraldo, Christopher",,12,0,0,0,1,3,6,0,0,0,0,0,1,1,0,3,single-source,wayback_bsnpr_games,https://web.archive.org/web/20010917110131id_/http://www.bsnpr.com:80/gamestatwide.asp?r=BS21233&grupo=,2026-09-08T15:36:46Z
BS21233,2001,2001-08-05,AIBONITO,9,"Rodriguez, Eric",,32,6,10,2,7,2,3,0,4,4,2,2,0,2,2,20,single-source,wayback_bsnpr_games,https://web.archive.org/web/20010917110131id_/http://www.bsnpr.com:80/gamestatwide.asp?r=BS21233&grupo=,2026-09-08T15:36:46Z
BS21233,2001,2001-08-05,SAN GERMAN,1,"Jackson, Leroy",1442,29,8,11,0,1,1,1,4,3,7,2,2,0,1,1,17,single-source,wayback_bsnpr_games,https://web.archive.org/web/20010917110131id_/http://www.bsnpr.com:80/gamestatwide.asp?r=BS21233&grupo=,2026-09-08T15:36:46Z
BS21233,2001,2001-08-05,SAN GERMAN,12,"Caanen, Wilhemus",,12,3,4,0,2,2,2,0,4,4,1,0,0,4,1,8,single-source,wayback_bsnpr_games,https://web.archive.org/web/20010917110131id_/http://www.bsnpr.com:80/gamestatwide.asp?r=BS21233&grupo=,2026-09-08T15:36:46Z
BS21233,2001,2001-08-05,SAN GERMAN,13,"Fajardo, Sharrif",,17,4,6,0,1,0,2,5,1,6,1,0,0,1,2,8,single-source,wayback_bsnpr_games,https://web.archive.org/web/20010917110131id_/http://www.bsnpr.com:80/gamestatwide.asp?r=BS21233&grupo=,2026-09-08T15:36:46Z
BS21233,2001,2001-08-05,SAN GERMAN,17,"Dalmau, Christian",382,40,9,15,0,5,0,0,1,7,8,12,2,0,2,3,18,single-source,wayback_bsnpr_games,https://web.archive.org/web/20010917110131id_/http://www.bsnpr.com:80/gamestatwide.asp?r=BS21233&grupo=,2026-09-08T15:36:46Z
BS21233,2001,2001-08-05,SAN GERMAN,18,"Barea, Irving",,4,0,1,0,0,0,0,0,0,0,0,0,0,0,0,0,single-source,wayback_bsnpr_games,https://web.archive.org/web/20010917110131id_/http://www.bsnpr.com:80/gamestatwide.asp?r=BS21233&grupo=,2026-09-08T15:36:46Z
BS21233,2001,2001-08-05,SAN GERMAN,20,"Ayuso, Larry",574,36,3,7,2,4,2,3,2,3,5,3,2,0,3,3,14,single-source,wayback_bsnpr_games,https://web.archive.org/web/20010917110131id_/http://www.bsnpr.com:80/gamestatwide.asp?r=BS21233&grupo=,2026-09-08T15:36:46Z
BS21233,2001,2001-08-05,SAN GERMAN,32,"Mackey, Malcom",,29,9,19,0,0,3,3,7,6,13,0,0,0,2,0,21,single-source,wayback_bsnpr_games,https://web.archive.org/web/20010917110131id_/http://www.bsnpr.com:80/gamestatwide.asp?r=BS21233&grupo=,2026-09-08T15:36:46Z
BS21233,2001,2001-08-05,SAN GERMAN,6,"Caraballo, Johny",,10,0,2,1,2,0,0,1,2,3,1,0,0,1,1,3,single-source,wayback_bsnpr_games,https://web.archive.org/web/20010917110131id_/http://www.bsnpr.com:80/gamestatwide.asp?r=BS21233&grupo=,2026-09-08T15:36:46Z
BS21233,2001,2001-08-05,SAN GERMAN,7,"Quinonez, Nelson",,23,0,1,4,10,0,0,3,0,3,0,0,0,3,0,12,single-source,wayback_bsnpr_games,https://web.archive.org/web/20010917110131id_/http://www.bsnpr.com:80/gamestatwide.asp?r=BS21233&grupo=,2026-09-08T15:36:46Z
BS21236,2001,2001-08-06,MAYAGUEZ,10,"Guibert, Andres",,28,3,7,0,1,4,4,1,10,11,2,1,4,3,4,10,single-source,wayback_bsnpr_games,https://web.archive.org/web/20011101183808id_/http://www.bsnpr.com:80/gamestatwide.asp?r=BS21236&grupo=,2026-09-08T15:38:24Z
BS21236,2001,2001-08-06,MAYAGUEZ,12,"Vega, Orlando",1759,23,4,10,2,3,1,2,3,1,4,2,1,0,0,3,15,single-source,wayback_bsnpr_games,https://web.archive.org/web/20011101183808id_/http://www.bsnpr.com:80/gamestatwide.asp?r=BS21236&grupo=,2026-09-08T15:38:24Z
BS21236,2001,2001-08-06,MAYAGUEZ,13,"Brown, Tyler",,7,0,2,0,0,2,2,0,2,2,0,1,0,0,1,2,single-source,wayback_bsnpr_games,https://web.archive.org/web/20011101183808id_/http://www.bsnpr.com:80/gamestatwide.asp?r=BS21236&grupo=,2026-09-08T15:38:24Z
BS21236,2001,2001-08-06,MAYAGUEZ,14,"Boon, Joseph",,36,13,19,0,0,3,7,7,8,15,1,1,0,1,3,29,single-source,wayback_bsnpr_games,https://web.archive.org/web/20011101183808id_/http://www.bsnpr.com:80/gamestatwide.asp?r=BS21236&grupo=,2026-09-08T15:38:24Z
BS21236,2001,2001-08-06,MAYAGUEZ,15,"Ortiz, Ramon",1924,2,0,0,0,0,0,1,0,0,0,0,0,0,0,0,0,single-source,wayback_bsnpr_games,https://web.archive.org/web/20011101183808id_/http://www.bsnpr.com:80/gamestatwide.asp?r=BS21236&grupo=,2026-09-08T15:38:24Z
BS21236,2001,2001-08-06,MAYAGUEZ,17,"Martinez, Freddy",,17,1,3,2,4,0,0,0,2,2,1,0,0,2,0,8,single-source,wayback_bsnpr_games,https://web.archive.org/web/20011101183808id_/http://www.bsnpr.com:80/gamestatwide.asp?r=BS21236&grupo=,2026-09-08T15:38:24Z
BS21236,2001,2001-08-06,MAYAGUEZ,18,"Vazquez, De Juan",,1,0,1,0,0,0,0,0,0,0,0,0,0,0,0,0,single-source,wayback_bsnpr_games,https://web.archive.org/web/20011101183808id_/http://www.bsnpr.com:80/gamestatwide.asp?r=BS21236&grupo=,2026-09-08T15:38:24Z
BS21236,2001,2001-08-06,MAYAGUEZ,19,"Latson, Therome",,12,0,3,0,0,0,0,1,2,3,0,0,0,1,1,0,single-source,wayback_bsnpr_games,https://web.archive.org/web/20011101183808id_/http://www.bsnpr.com:80/gamestatwide.asp?r=BS21236&grupo=,2026-09-08T15:38:24Z
BS21236,2001,2001-08-06,MAYAGUEZ,21,"Carmona, Alejandro",37,3,0,3,1,1,0,0,1,0,1,0,0,0,0,0,3,single-source,wayback_bsnpr_games,https://web.archive.org/web/20011101183808id_/http://www.bsnpr.com:80/gamestatwide.asp?r=BS21236&grupo=,2026-09-08T15:38:24Z
BS21236,2001,2001-08-06,MAYAGUEZ,4,"Padilla, Gidel",,3,0,0,0,0,0,0,0,0,0,0,0,0,0,0,0,single-source,wayback_bsnpr_games,https://web.archive.org/web/20011101183808id_/http://www.bsnpr.com:80/gamestatwide.asp?r=BS21236&grupo=,2026-09-08T15:38:24Z
BS21236,2001,2001-08-06,MAYAGUEZ,5,"Barea, Jose",1234,7,0,0,0,1,0,0,1,0,1,2,0,0,1,0,0,single-source,wayback_bsnpr_games,https://web.archive.org/web/20011101183808id_/http://www.bsnpr.com:80/gamestatwide.asp?r=BS21236&grupo=,2026-09-08T15:38:24Z
BS21236,2001,2001-08-06,MAYAGUEZ,6,"Garcia, Elmyr",,23,1,1,0,2,0,0,2,0,2,2,1,0,1,1,2,single-source,wayback_bsnpr_games,https://web.archive.org/web/20011101183808id_/http://www.bsnpr.com:80/gamestatwide.asp?r=BS21236&grupo=,2026-09-08T15:38:24Z
BS21236,2001,2001-08-06,MAYAGUEZ,8,"Melendez, Flor",,2,0,0,1,2,0,0,0,0,0,0,0,0,0,0,3,single-source,wayback_bsnpr_games,https://web.archive.org/web/20011101183808id_/http://www.bsnpr.com:80/gamestatwide.asp?r=BS21236&grupo=,2026-09-08T15:38:24Z
BS21236,2001,2001-08-06,MAYAGUEZ,9,"Carter, James",,36,9,16,0,1,2,2,1,1,2,5,1,0,1,1,20,single-source,wayback_bsnpr_games,https://web.archive.org/web/20011101183808id_/http://www.bsnpr.com:80/gamestatwide.asp?r=BS21236&grupo=,2026-09-08T15:38:24Z
BS21236,2001,2001-08-06,SANTURCE,1,"Lopez, Jose",,13,0,0,2,2,0,0,0,3,3,4,1,0,0,1,6,single-source,wayback_bsnpr_games,https://web.archive.org/web/20011101183808id_/http://www.bsnpr.com:80/gamestatwide.asp?r=BS21236&grupo=,2026-09-08T15:38:24Z
BS21236,2001,2001-08-06,SANTURCE,10,"Arroyo, Alberto",,17,2,3,2,5,0,0,0,2,2,1,1,2,1,3,10,single-source,wayback_bsnpr_games,https://web.archive.org/web/20011101183808id_/http://www.bsnpr.com:80/gamestatwide.asp?r=BS21236&grupo=,2026-09-08T15:38:24Z
BS21236,2001,2001-08-06,SANTURCE,11,"Benson, Mark",,10,1,4,1,1,0,0,1,1,2,1,1,0,0,1,5,single-source,wayback_bsnpr_games,https://web.archive.org/web/20011101183808id_/http://www.bsnpr.com:80/gamestatwide.asp?r=BS21236&grupo=,2026-09-08T15:38:24Z
BS21236,2001,2001-08-06,SANTURCE,12,"Hourutunier, Rolando",,10,1,4,1,2,0,0,1,1,2,0,0,0,2,1,5,single-source,wayback_bsnpr_games,https://web.archive.org/web/20011101183808id_/http://www.bsnpr.com:80/gamestatwide.asp?r=BS21236&grupo=,2026-09-08T15:38:24Z
BS21236,2001,2001-08-06,SANTURCE,22,"Villegas, Sammy",,10,0,0,0,1,0,0,0,1,1,0,0,0,1,0,0,single-source,wayback_bsnpr_games,https://web.archive.org/web/20011101183808id_/http://www.bsnpr.com:80/gamestatwide.asp?r=BS21236&grupo=,2026-09-08T15:38:24Z
BS21236,2001,2001-08-06,SANTURCE,33,"Falcon, Alex",,8,0,2,0,0,0,0,0,1,1,0,1,0,1,3,0,single-source,wayback_bsnpr_games,https://web.archive.org/web/20011101183808id_/http://www.bsnpr.com:80/gamestatwide.asp?r=BS21236&grupo=,2026-09-08T15:38:24Z
BS21236,2001,2001-08-06,SANTURCE,34,"Villafane, Luis",1502,15,0,2,0,0,0,0,0,2,2,1,0,2,3,4,0,single-source,wayback_bsnpr_games,https://web.archive.org/web/20011101183808id_/http://www.bsnpr.com:80/gamestatwide.asp?r=BS21236&grupo=,2026-09-08T15:38:24Z
BS21236,2001,2001-08-06,SANTURCE,42,"Aubry, Jeffrey",,33,3,8,0,0,3,4,4,6,10,1,0,7,2,4,9,single-source,wayback_bsnpr_games,https://web.archive.org/web/20011101183808id_/http://www.bsnpr.com:80/gamestatwide.asp?r=BS21236&grupo=,2026-09-08T15:38:24Z
BS21236,2001,2001-08-06,SANTURCE,44,"Bocachica, Cesar A",,20,2,7,0,1,0,0,4,2,6,0,0,1,2,0,4,single-source,wayback_bsnpr_games,https://web.archive.org/web/20011101183808id_/http://www.bsnpr.com:80/gamestatwide.asp?r=BS21236&grupo=,2026-09-08T15:38:24Z
BS21236,2001,2001-08-06,SANTURCE,5,"Santiago, Orlando",,10,0,0,0,3,0,0,0,1,1,1,0,0,1,2,0,single-source,wayback_bsnpr_games,https://web.archive.org/web/20011101183808id_/http://www.bsnpr.com:80/gamestatwide.asp?r=BS21236&grupo=,2026-09-08T15:38:24Z
BS21236,2001,2001-08-06,SANTURCE,55,"Butler, Mario",,14,3,8,0,0,0,0,2,2,4,0,0,0,3,1,6,single-source,wayback_bsnpr_games,https://web.archive.org/web/20011101183808id_/http://www.bsnpr.com:80/gamestatwide.asp?r=BS21236&grupo=,2026-09-08T15:38:24Z
BS21236,2001,2001-08-06,SANTURCE,7,"Arroyo, Carlos",273,20,5,10,0,2,0,0,0,2,2,5,2,0,1,2,10,single-source,wayback_bsnpr_games,https://web.archive.org/web/20011101183808id_/http://www.bsnpr.com:80/gamestatwide.asp?r=BS21236&grupo=,2026-09-08T15:38:24Z
BS21236,2001,2001-08-06,SANTURCE,8,"Trimmingham, Leon",,10,6,6,0,0,1,1,1,3,4,0,1,1,1,1,13,single-source,wayback_bsnpr_games,https://web.archive.org/web/20011101183808id_/http://www.bsnpr.com:80/gamestatwide.asp?r=BS21236&grupo=,2026-09-08T15:38:24Z
BS21236,2001,2001-08-06,SANTURCE,9,"Santiago, Edwin",,10,0,2,1,1,0,0,0,0,0,2,1,0,0,0,3,single-source,wayback_bsnpr_games,https://web.archive.org/web/20011101183808id_/http://www.bsnpr.com:80/gamestatwide.asp?r=BS21236&grupo=,2026-09-08T15:38:24Z
BS21237,2001,2001-08-06,BAYAMON,0,"Richards, Jaja",,19,6,7,0,0,3,4,3,5,8,0,2,2,2,0,15,single-source,wayback_bsnpr_games,https://web.archive.org/web/20011201133020id_/http://www.bsnpr.com:80/gamestatwide.asp?r=BS21237&grupo=,2026-09-08T15:39:58Z
BS21237,2001,2001-08-06,BAYAMON,1,"Salgado, Gustavo",,1,1,1,1,1,0,0,1,0,1,0,0,0,0,0,5,single-source,wayback_bsnpr_games,https://web.archive.org/web/20011201133020id_/http://www.bsnpr.com:80/gamestatwide.asp?r=BS21237&grupo=,2026-09-08T15:39:58Z
BS21237,2001,2001-08-06,BAYAMON,10,"Cruz, Alvin",,2,0,0,0,0,0,0,0,0,0,0,0,0,0,0,0,single-source,wayback_bsnpr_games,https://web.archive.org/web/20011201133020id_/http://www.bsnpr.com:80/gamestatwide.asp?r=BS21237&grupo=,2026-09-08T15:39:58Z
BS21237,2001,2001-08-06,BAYAMON,12,"Padilla, Edgar",,15,5,6,0,2,3,4,0,3,3,4,1,0,2,2,13,single-source,wayback_bsnpr_games,https://web.archive.org/web/20011201133020id_/http://www.bsnpr.com:80/gamestatwide.asp?r=BS21237&grupo=,2026-09-08T15:39:58Z
BS21237,2001,2001-08-06,BAYAMON,13,"Payano, Carlos",,13,2,2,2,2,0,0,0,0,0,1,0,0,4,0,10,single-source,wayback_bsnpr_games,https://web.archive.org/web/20011201133020id_/http://www.bsnpr.com:80/gamestatwide.asp?r=BS21237&grupo=,2026-09-08T15:39:58Z
BS21237,2001,2001-08-06,BAYAMON,17,"Mincy, Jerome",1032,7,2,3,0,1,0,0,0,0,0,0,0,0,2,2,4,single-source,wayback_bsnpr_games,https://web.archive.org/web/20011201133020id_/http://www.bsnpr.com:80/gamestatwide.asp?r=BS21237&grupo=,2026-09-08T15:39:58Z
BS21237,2001,2001-08-06,BAYAMON,20,"Rivera, Joeshua",,2,0,1,0,0,0,0,0,0,0,0,0,0,0,0,0,single-source,wayback_bsnpr_games,https://web.archive.org/web/20011201133020id_/http://www.bsnpr.com:80/gamestatwide.asp?r=BS21237&grupo=,2026-09-08T15:39:58Z
BS21237,2001,2001-08-06,BAYAMON,22,"Apodaca, Rick",2028,18,3,8,0,1,0,0,1,0,1,1,1,0,2,0,6,single-source,wayback_bsnpr_games,https://web.archive.org/web/20011201133020id_/http://www.bsnpr.com:80/gamestatwide.asp?r=BS21237&grupo=,2026-09-08T15:39:58Z
BS21237,2001,2001-08-06,BAYAMON,32,"Santiago, Eddin",502,25,2,2,2,3,3,4,0,5,5,9,0,0,4,2,13,single-source,wayback_bsnpr_games,https://web.archive.org/web/20011201133020id_/http://www.bsnpr.com:80/gamestatwide.asp?r=BS21237&grupo=,2026-09-08T15:39:58Z
BS21237,2001,2001-08-06,BAYAMON,33,"Aponte, Emanuel",594,1,2,3,0,0,0,0,1,1,2,1,0,0,0,0,4,single-source,wayback_bsnpr_games,https://web.archive.org/web/20011201133020id_/http://www.bsnpr.com:80/gamestatwide.asp?r=BS21237&grupo=,2026-09-08T15:39:58Z
BS21237,2001,2001-08-06,BAYAMON,4,"Western, Franklyn",,33,7,12,0,0,7,7,0,8,8,5,3,0,2,2,21,single-source,wayback_bsnpr_games,https://web.archive.org/web/20011201133020id_/http://www.bsnpr.com:80/gamestatwide.asp?r=BS21237&grupo=,2026-09-08T15:39:58Z
BS21237,2001,2001-08-06,BAYAMON,44,"Novas, Rafael",,4,1,1,0,0,0,0,0,1,1,0,0,0,0,0,2,single-source,wayback_bsnpr_games,https://web.archive.org/web/20011201133020id_/http://www.bsnpr.com:80/gamestatwide.asp?r=BS21237&grupo=,2026-09-08T15:39:58Z
BS21237,2001,2001-08-06,BAYAMON,55,"Santiago, Daniel",427,26,8,11,0,0,4,6,2,7,9,4,1,1,1,1,20,single-source,wayback_bsnpr_games,https://web.archive.org/web/20011201133020id_/http://www.bsnpr.com:80/gamestatwide.asp?r=BS21237&grupo=,2026-09-08T15:39:58Z
BS21237,2001,2001-08-06,BAYAMON,6,"Travieso, Carmelo",,34,3,4,2,8,0,0,0,2,2,2,2,0,0,2,12,single-source,wayback_bsnpr_games,https://web.archive.org/web/20011201133020id_/http://www.bsnpr.com:80/gamestatwide.asp?r=BS21237&grupo=,2026-09-08T15:39:58Z
BS21237,2001,2001-08-06,QUEBRADILLAS,10,"Jimenez, Giovanni",812,1,1,1,0,0,0,0,0,0,0,0,0,0,0,0,2,single-source,wayback_bsnpr_games,https://web.archive.org/web/20011201133020id_/http://www.bsnpr.com:80/gamestatwide.asp?r=BS21237&grupo=,2026-09-08T15:39:58Z
BS21237,2001,2001-08-06,QUEBRADILLAS,11,"Curbelo, Joel",,39,3,6,5,12,0,0,1,2,3,2,1,0,2,3,21,single-source,wayback_bsnpr_games,https://web.archive.org/web/20011201133020id_/http://www.bsnpr.com:80/gamestatwide.asp?r=BS21237&grupo=,2026-09-08T15:39:58Z
BS21237,2001,2001-08-06,QUEBRADILLAS,12,"Colon, Francisco",,39,3,5,3,7,0,0,1,6,7,2,0,0,3,3,15,single-source,wayback_bsnpr_games,https://web.archive.org/web/20011201133020id_/http://www.bsnpr.com:80/gamestatwide.asp?r=BS21237&grupo=,2026-09-08T15:39:58Z
BS21237,2001,2001-08-06,QUEBRADILLAS,14,"King, Kirk",,35,5,8,1,2,3,3,4,8,12,1,0,1,4,4,16,single-source,wayback_bsnpr_games,https://web.archive.org/web/20011201133020id_/http://www.bsnpr.com:80/gamestatwide.asp?r=BS21237&grupo=,2026-09-08T15:39:58Z
BS21237,2001,2001-08-06,QUEBRADILLAS,17,"Morales, Alfredo",,1,0,0,0,0,0,0,0,0,0,0,0,0,1,0,0,single-source,wayback_bsnpr_games,https://web.archive.org/web/20011201133020id_/http://www.bsnpr.com:80/gamestatwide.asp?r=BS21237&grupo=,2026-09-08T15:39:58Z
BS21237,2001,2001-08-06,QUEBRADILLAS,4,"Morales, Elisamuel",,1,0,0,0,1,0,0,0,0,0,0,0,0,0,0,0,single-source,wayback_bsnpr_games,https://web.archive.org/web/20011201133020id_/http://www.bsnpr.com:80/gamestatwide.asp?r=BS21237&grupo=,2026-09-08T15:39:58Z
BS21237,2001,2001-08-06,QUEBRADILLAS,5,"Dalmau, Raymond",,38,2,8,1,6,4,6,1,3,4,7,2,1,5,5,11,single-source,wayback_bsnpr_games,https://web.archive.org/web/20011201133020id_/http://www.bsnpr.com:80/gamestatwide.asp?r=BS21237&grupo=,2026-09-08T15:39:58Z
BS21237,2001,2001-08-06,QUEBRADILLAS,6,"Arrufat, Eduardo",,6,1,1,0,2,0,0,1,1,2,0,0,0,1,0,2,single-source,wayback_bsnpr_games,https://web.archive.org/web/20011201133020id_/http://www.bsnpr.com:80/gamestatwide.asp?r=BS21237&grupo=,2026-09-08T15:39:58Z
BS21237,2001,2001-08-06,QUEBRADILLAS,7,"Dalmau, Ricardo",1992,39,3,4,3,6,7,12,0,2,2,3,0,1,5,5,22,single-source,wayback_bsnpr_games,https://web.archive.org/web/20011201133020id_/http://www.bsnpr.com:80/gamestatwide.asp?r=BS21237&grupo=,2026-09-08T15:39:58Z
BS21237,2001,2001-08-06,QUEBRADILLAS,9,"Melendez, Pavel",,1,0,0,0,0,0,0,0,0,0,0,0,0,0,0,0,single-source,wayback_bsnpr_games,https://web.archive.org/web/20011201133020id_/http://www.bsnpr.com:80/gamestatwide.asp?r=BS21237&grupo=,2026-09-08T15:39:58Z
BS21238,2001,2001-08-06,CAGUAS,10,"Rivera, Alexander",,5,1,1,0,0,0,0,0,1,1,0,0,0,2,0,2,single-source,wayback_bsnpr_games,https://web.archive.org/web/20010901050921id_/http://www.bsnpr.com:80/gamestatwide.asp?r=BS21238&GRUPO=PO99&SERIE=4,2026-09-08T15:36:36Z
BS21238,2001,2001-08-06,CAGUAS,10,"Rivera, Alexander",,5,1,1,0,0,0,0,0,1,1,0,0,0,2,0,2,single-source,wayback_bsnpr_games,https://web.archive.org/web/20010917110812id_/http://www.bsnpr.com:80/gamestatwide.asp?r=BS21238&grupo=,2026-09-08T15:36:48Z
BS21238,2001,2001-08-06,CAGUAS,10,"Rivera, Alexander",,5,1,1,0,0,0,0,0,1,1,0,0,0,2,0,2,single-source,wayback_bsnpr_games,https://web.archive.org/web/20011224200933id_/http://www.bsnpr.com:80/gamestatwide.asp?r=BS21238&grupo=,2026-09-08T15:41:17Z
BS21238,2001,2001-08-06,CAGUAS,11,"Nieves, Josue",,32,5,10,7,13,2,2,0,0,0,2,1,0,3,0,33,single-source,wayback_bsnpr_games,https://web.archive.org/web/20010901050921id_/http://www.bsnpr.com:80/gamestatwide.asp?r=BS21238&GRUPO=PO99&SERIE=4,2026-09-08T15:36:36Z
BS21238,2001,2001-08-06,CAGUAS,11,"Nieves, Josue",,32,5,10,7,13,2,2,0,0,0,2,1,0,3,0,33,single-source,wayback_bsnpr_games,https://web.archive.org/web/20010917110812id_/http://www.bsnpr.com:80/gamestatwide.asp?r=BS21238&grupo=,2026-09-08T15:36:48Z
BS21238,2001,2001-08-06,CAGUAS,11,"Nieves, Josue",,32,5,10,7,13,2,2,0,0,0,2,1,0,3,0,33,single-source,wayback_bsnpr_games,https://web.archive.org/web/20011224200933id_/http://www.bsnpr.com:80/gamestatwide.asp?r=BS21238&grupo=,2026-09-08T15:41:17Z
BS21238,2001,2001-08-06,CAGUAS,14,"Allende, Luis",,35,3,12,3,7,7,7,0,9,9,3,0,0,0,0,22,single-source,wayback_bsnpr_games,https://web.archive.org/web/20010901050921id_/http://www.bsnpr.com:80/gamestatwide.asp?r=BS21238&GRUPO=PO99&SERIE=4,2026-09-08T15:36:36Z
BS21238,2001,2001-08-06,CAGUAS,14,"Allende, Luis",,35,3,12,3,7,7,7,0,9,9,3,0,0,0,0,22,single-source,wayback_bsnpr_games,https://web.archive.org/web/20010917110812id_/http://www.bsnpr.com:80/gamestatwide.asp?r=BS21238&grupo=,2026-09-08T15:36:48Z
BS21238,2001,2001-08-06,CAGUAS,14,"Allende, Luis",,35,3,12,3,7,7,7,0,9,9,3,0,0,0,0,22,single-source,wayback_bsnpr_games,https://web.archive.org/web/20011224200933id_/http://www.bsnpr.com:80/gamestatwide.asp?r=BS21238&grupo=,2026-09-08T15:41:17Z
BS21238,2001,2001-08-06,CAGUAS,20,"Rivera, Hecmar",,13,1,3,2,3,0,0,0,2,2,2,0,0,0,1,8,single-source,wayback_bsnpr_games,https://web.archive.org/web/20010901050921id_/http://www.bsnpr.com:80/gamestatwide.asp?r=BS21238&GRUPO=PO99&SERIE=4,2026-09-08T15:36:36Z
BS21238,2001,2001-08-06,CAGUAS,20,"Rivera, Hecmar",,13,1,3,2,3,0,0,0,2,2,2,0,0,0,1,8,single-source,wayback_bsnpr_games,https://web.archive.org/web/20010917110812id_/http://www.bsnpr.com:80/gamestatwide.asp?r=BS21238&grupo=,2026-09-08T15:36:48Z
BS21238,2001,2001-08-06,CAGUAS,20,"Rivera, Hecmar",,13,1,3,2,3,0,0,0,2,2,2,0,0,0,1,8,single-source,wayback_bsnpr_games,https://web.archive.org/web/20011224200933id_/http://www.bsnpr.com:80/gamestatwide.asp?r=BS21238&grupo=,2026-09-08T15:41:17Z
BS21238,2001,2001-08-06,CAGUAS,21,"Rodriguez, Andres",87,33,4,9,1,1,0,0,2,0,2,5,5,0,1,3,11,single-source,wayback_bsnpr_games,https://web.archive.org/web/20010901050921id_/http://www.bsnpr.com:80/gamestatwide.asp?r=BS21238&GRUPO=PO99&SERIE=4,2026-09-08T15:36:36Z
BS21238,2001,2001-08-06,CAGUAS,21,"Rodriguez, Andres",87,33,4,9,1,1,0,0,2,0,2,5,5,0,1,3,11,single-source,wayback_bsnpr_games,https://web.archive.org/web/20010917110812id_/http://www.bsnpr.com:80/gamestatwide.asp?r=BS21238&grupo=,2026-09-08T15:36:48Z
BS21238,2001,2001-08-06,CAGUAS,21,"Rodriguez, Andres",87,33,4,9,1,1,0,0,2,0,2,5,5,0,1,3,11,single-source,wayback_bsnpr_games,https://web.archive.org/web/20011224200933id_/http://www.bsnpr.com:80/gamestatwide.asp?r=BS21238&grupo=,2026-09-08T15:41:17Z
BS21238,2001,2001-08-06,CAGUAS,32,"Sanchez, Ricardo",,3,0,1,0,2,0,0,0,0,0,1,0,0,0,0,0,single-source,wayback_bsnpr_games,https://web.archive.org/web/20010901050921id_/http://www.bsnpr.com:80/gamestatwide.asp?r=BS21238&GRUPO=PO99&SERIE=4,2026-09-08T15:36:36Z
BS21238,2001,2001-08-06,CAGUAS,32,"Sanchez, Ricardo",,3,0,1,0,2,0,0,0,0,0,1,0,0,0,0,0,single-source,wayback_bsnpr_games,https://web.archive.org/web/20010917110812id_/http://www.bsnpr.com:80/gamestatwide.asp?r=BS21238&grupo=,2026-09-08T15:36:48Z
BS21238,2001,2001-08-06,CAGUAS,32,"Sanchez, Ricardo",,3,0,1,0,2,0,0,0,0,0,1,0,0,0,0,0,single-source,wayback_bsnpr_games,https://web.archive.org/web/20011224200933id_/http://www.bsnpr.com:80/gamestatwide.asp?r=BS21238&grupo=,2026-09-08T15:41:17Z
BS21238,2001,2001-08-06,CAGUAS,36,"Ramos, Peter John",1836,29,4,6,0,0,0,1,0,10,10,0,2,1,4,1,8,single-source,wayback_bsnpr_games,https://web.archive.org/web/20010901050921id_/http://www.bsnpr.com:80/gamestatwide.asp?r=BS21238&GRUPO=PO99&SERIE=4,2026-09-08T15:36:36Z
BS21238,2001,2001-08-06,CAGUAS,36,"Ramos, Peter John",1836,29,4,6,0,0,0,1,0,10,10,0,2,1,4,1,8,single-source,wayback_bsnpr_games,https://web.archive.org/web/20010917110812id_/http://www.bsnpr.com:80/gamestatwide.asp?r=BS21238&grupo=,2026-09-08T15:36:48Z
BS21238,2001,2001-08-06,CAGUAS,36,"Ramos, Peter John",1836,29,4,6,0,0,0,1,0,10,10,0,2,1,4,1,8,single-source,wayback_bsnpr_games,https://web.archive.org/web/20011224200933id_/http://www.bsnpr.com:80/gamestatwide.asp?r=BS21238&grupo=,2026-09-08T15:41:17Z
BS21238,2001,2001-08-06,CAGUAS,4,"Colon, Angel",,32,7,12,1,2,2,2,1,1,2,3,1,0,2,0,19,single-source,wayback_bsnpr_games,https://web.archive.org/web/20010901050921id_/http://www.bsnpr.com:80/gamestatwide.asp?r=BS21238&GRUPO=PO99&SERIE=4,2026-09-08T15:36:36Z
BS21238,2001,2001-08-06,CAGUAS,4,"Colon, Angel",,32,7,12,1,2,2,2,1,1,2,3,1,0,2,0,19,single-source,wayback_bsnpr_games,https://web.archive.org/web/20010917110812id_/http://www.bsnpr.com:80/gamestatwide.asp?r=BS21238&grupo=,2026-09-08T15:36:48Z
BS21238,2001,2001-08-06,CAGUAS,4,"Colon, Angel",,32,7,12,1,2,2,2,1,1,2,3,1,0,2,0,19,single-source,wayback_bsnpr_games,https://web.archive.org/web/20011224200933id_/http://www.bsnpr.com:80/gamestatwide.asp?r=BS21238&grupo=,2026-09-08T15:41:17Z
BS21238,2001,2001-08-06,CAGUAS,5,"Rivera, Ahmed",,11,2,3,1,4,0,0,1,1,2,1,0,1,2,0,7,single-source,wayback_bsnpr_games,https://web.archive.org/web/20010901050921id_/http://www.bsnpr.com:80/gamestatwide.asp?r=BS21238&GRUPO=PO99&SERIE=4,2026-09-08T15:36:36Z
BS21238,2001,2001-08-06,CAGUAS,5,"Rivera, Ahmed",,11,2,3,1,4,0,0,1,1,2,1,0,1,2,0,7,single-source,wayback_bsnpr_games,https://web.archive.org/web/20010917110812id_/http://www.bsnpr.com:80/gamestatwide.asp?r=BS21238&grupo=,2026-09-08T15:36:48Z
BS21238,2001,2001-08-06,CAGUAS,5,"Rivera, Ahmed",,11,2,3,1,4,0,0,1,1,2,1,0,1,2,0,7,single-source,wayback_bsnpr_games,https://web.archive.org/web/20011224200933id_/http://www.bsnpr.com:80/gamestatwide.asp?r=BS21238&grupo=,2026-09-08T15:41:17Z
BS21238,2001,2001-08-06,CAGUAS,7,"Davila, Michael",,7,0,0,0,1,0,0,0,0,0,1,0,0,1,0,0,single-source,wayback_bsnpr_games,https://web.archive.org/web/20010901050921id_/http://www.bsnpr.com:80/gamestatwide.asp?r=BS21238&GRUPO=PO99&SERIE=4,2026-09-08T15:36:36Z
BS21238,2001,2001-08-06,CAGUAS,7,"Davila, Michael",,7,0,0,0,1,0,0,0,0,0,1,0,0,1,0,0,single-source,wayback_bsnpr_games,https://web.archive.org/web/20010917110812id_/http://www.bsnpr.com:80/gamestatwide.asp?r=BS21238&grupo=,2026-09-08T15:36:48Z
BS21238,2001,2001-08-06,CAGUAS,7,"Davila, Michael",,7,0,0,0,1,0,0,0,0,0,1,0,0,1,0,0,single-source,wayback_bsnpr_games,https://web.archive.org/web/20011224200933id_/http://www.bsnpr.com:80/gamestatwide.asp?r=BS21238&grupo=,2026-09-08T15:41:17Z
BS21238,2001,2001-08-06,SAN GERMAN,10,"Figueroa, Osvaldo",,1,1,3,0,0,0,0,2,0,2,0,0,0,0,0,2,single-source,wayback_bsnpr_games,https://web.archive.org/web/20010901050921id_/http://www.bsnpr.com:80/gamestatwide.asp?r=BS21238&GRUPO=PO99&SERIE=4,2026-09-08T15:36:36Z
BS21238,2001,2001-08-06,SAN GERMAN,10,"Figueroa, Osvaldo",,1,1,3,0,0,0,0,2,0,2,0,0,0,0,0,2,single-source,wayback_bsnpr_games,https://web.archive.org/web/20010917110812id_/http://www.bsnpr.com:80/gamestatwide.asp?r=BS21238&grupo=,2026-09-08T15:36:48Z
BS21238,2001,2001-08-06,SAN GERMAN,10,"Figueroa, Osvaldo",,1,1,3,0,0,0,0,2,0,2,0,0,0,0,0,2,single-source,wayback_bsnpr_games,https://web.archive.org/web/20011224200933id_/http://www.bsnpr.com:80/gamestatwide.asp?r=BS21238&grupo=,2026-09-08T15:41:17Z
BS21238,2001,2001-08-06,SAN GERMAN,12,"Caanen, Wilhemus",,28,4,5,2,5,4,4,0,4,4,4,2,0,2,1,18,single-source,wayback_bsnpr_games,https://web.archive.org/web/20010901050921id_/http://www.bsnpr.com:80/gamestatwide.asp?r=BS21238&GRUPO=PO99&SERIE=4,2026-09-08T15:36:36Z
BS21238,2001,2001-08-06,SAN GERMAN,12,"Caanen, Wilhemus",,28,4,5,2,5,4,4,0,4,4,4,2,0,2,1,18,single-source,wayback_bsnpr_games,https://web.archive.org/web/20010917110812id_/http://www.bsnpr.com:80/gamestatwide.asp?r=BS21238&grupo=,2026-09-08T15:36:48Z
BS21238,2001,2001-08-06,SAN GERMAN,12,"Caanen, Wilhemus",,28,4,5,2,5,4,4,0,4,4,4,2,0,2,1,18,single-source,wayback_bsnpr_games,https://web.archive.org/web/20011224200933id_/http://www.bsnpr.com:80/gamestatwide.asp?r=BS21238&grupo=,2026-09-08T15:41:17Z
BS21238,2001,2001-08-06,SAN GERMAN,13,"Fajardo, Sharrif",,27,9,13,0,3,2,4,3,8,11,0,0,0,2,3,20,single-source,wayback_bsnpr_games,https://web.archive.org/web/20010901050921id_/http://www.bsnpr.com:80/gamestatwide.asp?r=BS21238&GRUPO=PO99&SERIE=4,2026-09-08T15:36:36Z
BS21238,2001,2001-08-06,SAN GERMAN,13,"Fajardo, Sharrif",,27,9,13,0,3,2,4,3,8,11,0,0,0,2,3,20,single-source,wayback_bsnpr_games,https://web.archive.org/web/20010917110812id_/http://www.bsnpr.com:80/gamestatwide.asp?r=BS21238&grupo=,2026-09-08T15:36:48Z
BS21238,2001,2001-08-06,SAN GERMAN,13,"Fajardo, Sharrif",,27,9,13,0,3,2,4,3,8,11,0,0,0,2,3,20,single-source,wayback_bsnpr_games,https://web.archive.org/web/20011224200933id_/http://www.bsnpr.com:80/gamestatwide.asp?r=BS21238&grupo=,2026-09-08T15:41:17Z
BS21238,2001,2001-08-06,SAN GERMAN,14,"Rivera, Raul",,1,0,1,0,0,0,0,0,1,1,0,0,0,0,1,0,single-source,wayback_bsnpr_games,https://web.archive.org/web/20010901050921id_/http://www.bsnpr.com:80/gamestatwide.asp?r=BS21238&GRUPO=PO99&SERIE=4,2026-09-08T15:36:36Z
BS21238,2001,2001-08-06,SAN GERMAN,14,"Rivera, Raul",,1,0,1,0,0,0,0,0,1,1,0,0,0,0,1,0,single-source,wayback_bsnpr_games,https://web.archive.org/web/20010917110812id_/http://www.bsnpr.com:80/gamestatwide.asp?r=BS21238&grupo=,2026-09-08T15:36:48Z
BS21238,2001,2001-08-06,SAN GERMAN,14,"Rivera, Raul",,1,0,1,0,0,0,0,0,1,1,0,0,0,0,1,0,single-source,wayback_bsnpr_games,https://web.archive.org/web/20011224200933id_/http://www.bsnpr.com:80/gamestatwide.asp?r=BS21238&grupo=,2026-09-08T15:41:17Z
BS21238,2001,2001-08-06,SAN GERMAN,17,"Dalmau, Christian",382,40,6,13,2,7,3,4,1,12,13,16,2,1,2,3,21,single-source,wayback_bsnpr_games,https://web.archive.org/web/20010901050921id_/http://www.bsnpr.com:80/gamestatwide.asp?r=BS21238&GRUPO=PO99&SERIE=4,2026-09-08T15:36:36Z
BS21238,2001,2001-08-06,SAN GERMAN,17,"Dalmau, Christian",382,40,6,13,2,7,3,4,1,12,13,16,2,1,2,3,21,single-source,wayback_bsnpr_games,https://web.archive.org/web/20010917110812id_/http://www.bsnpr.com:80/gamestatwide.asp?r=BS21238&grupo=,2026-09-08T15:36:48Z
BS21238,2001,2001-08-06,SAN GERMAN,17,"Dalmau, Christian",382,40,6,13,2,7,3,4,1,12,13,16,2,1,2,3,21,single-source,wayback_bsnpr_games,https://web.archive.org/web/20011224200933id_/http://www.bsnpr.com:80/gamestatwide.asp?r=BS21238&grupo=,2026-09-08T15:41:17Z
BS21238,2001,2001-08-06,SAN GERMAN,18,"Barea, Irving",,14,3,4,0,0,0,0,0,0,0,1,0,0,0,0,6,single-source,wayback_bsnpr_games,https://web.archive.org/web/20010901050921id_/http://www.bsnpr.com:80/gamestatwide.asp?r=BS21238&GRUPO=PO99&SERIE=4,2026-09-08T15:36:36Z
BS21238,2001,2001-08-06,SAN GERMAN,18,"Barea, Irving",,14,3,4,0,0,0,0,0,0,0,1,0,0,0,0,6,single-source,wayback_bsnpr_games,https://web.archive.org/web/20010917110812id_/http://www.bsnpr.com:80/gamestatwide.asp?r=BS21238&grupo=,2026-09-08T15:36:48Z
BS21238,2001,2001-08-06,SAN GERMAN,18,"Barea, Irving",,14,3,4,0,0,0,0,0,0,0,1,0,0,0,0,6,single-source,wayback_bsnpr_games,https://web.archive.org/web/20011224200933id_/http://www.bsnpr.com:80/gamestatwide.asp?r=BS21238&grupo=,2026-09-08T15:41:17Z
BS21238,2001,2001-08-06,SAN GERMAN,20,"Ayuso, Larry",574,36,4,5,8,10,4,4,0,5,5,3,1,0,1,0,36,single-source,wayback_bsnpr_games,https://web.archive.org/web/20010901050921id_/http://www.bsnpr.com:80/gamestatwide.asp?r=BS21238&GRUPO=PO99&SERIE=4,2026-09-08T15:36:36Z
BS21238,2001,2001-08-06,SAN GERMAN,20,"Ayuso, Larry",574,36,4,5,8,10,4,4,0,5,5,3,1,0,1,0,36,single-source,wayback_bsnpr_games,https://web.archive.org/web/20010917110812id_/http://www.bsnpr.com:80/gamestatwide.asp?r=BS21238&grupo=,2026-09-08T15:36:48Z
BS21238,2001,2001-08-06,SAN GERMAN,20,"Ayuso, Larry",574,36,4,5,8,10,4,4,0,5,5,3,1,0,1,0,36,single-source,wayback_bsnpr_games,https://web.archive.org/web/20011224200933id_/http://www.bsnpr.com:80/gamestatwide.asp?r=BS21238&grupo=,2026-09-08T15:41:17Z
BS21238,2001,2001-08-06,SAN GERMAN,21,"Febres, Arnaldo",,12,1,3,0,0,0,0,1,1,2,0,0,2,2,0,2,single-source,wayback_bsnpr_games,https://web.archive.org/web/20010901050921id_/http://www.bsnpr.com:80/gamestatwide.asp?r=BS21238&GRUPO=PO99&SERIE=4,2026-09-08T15:36:36Z
BS21238,2001,2001-08-06,SAN GERMAN,21,"Febres, Arnaldo",,12,1,3,0,0,0,0,1,1,2,0,0,2,2,0,2,single-source,wayback_bsnpr_games,https://web.archive.org/web/20010917110812id_/http://www.bsnpr.com:80/gamestatwide.asp?r=BS21238&grupo=,2026-09-08T15:36:48Z
BS21238,2001,2001-08-06,SAN GERMAN,21,"Febres, Arnaldo",,12,1,3,0,0,0,0,1,1,2,0,0,2,2,0,2,single-source,wayback_bsnpr_games,https://web.archive.org/web/20011224200933id_/http://www.bsnpr.com:80/gamestatwide.asp?r=BS21238&grupo=,2026-09-08T15:41:17Z
BS21238,2001,2001-08-06,SAN GERMAN,23,"Jovet, Francisco",,1,1,1,0,0,0,0,1,0,1,0,0,0,0,0,2,single-source,wayback_bsnpr_games,https://web.archive.org/web/20010901050921id_/http://www.bsnpr.com:80/gamestatwide.asp?r=BS21238&GRUPO=PO99&SERIE=4,2026-09-08T15:36:36Z
BS21238,2001,2001-08-06,SAN GERMAN,23,"Jovet, Francisco",,1,1,1,0,0,0,0,1,0,1,0,0,0,0,0,2,single-source,wayback_bsnpr_games,https://web.archive.org/web/20010917110812id_/http://www.bsnpr.com:80/gamestatwide.asp?r=BS21238&grupo=,2026-09-08T15:36:48Z
BS21238,2001,2001-08-06,SAN GERMAN,23,"LLOVET, Francisco",,1,1,1,0,0,0,0,1,0,1,0,0,0,0,0,2,single-source,wayback_bsnpr_games,https://web.archive.org/web/20011224200933id_/http://www.bsnpr.com:80/gamestatwide.asp?r=BS21238&grupo=,2026-09-08T15:41:17Z
BS21238,2001,2001-08-06,SAN GERMAN,24,"Pryor, Sean",2156,3,1,1,0,1,0,0,0,2,2,1,0,0,1,1,2,single-source,wayback_bsnpr_games,https://web.archive.org/web/20010901050921id_/http://www.bsnpr.com:80/gamestatwide.asp?r=BS21238&GRUPO=PO99&SERIE=4,2026-09-08T15:36:36Z
BS21238,2001,2001-08-06,SAN GERMAN,24,"Pryor, Sean",2156,3,1,1,0,1,0,0,0,2,2,1,0,0,1,1,2,single-source,wayback_bsnpr_games,https://web.archive.org/web/20010917110812id_/http://www.bsnpr.com:80/gamestatwide.asp?r=BS21238&grupo=,2026-09-08T15:36:48Z
BS21238,2001,2001-08-06,SAN GERMAN,24,"Pryor, Sean",2156,3,1,1,0,1,0,0,0,2,2,1,0,0,1,1,2,single-source,wayback_bsnpr_games,https://web.archive.org/web/20011224200933id_/http://www.bsnpr.com:80/gamestatwide.asp?r=BS21238&grupo=,2026-09-08T15:41:17Z
BS21238,2001,2001-08-06,SAN GERMAN,26,"Zayas, Gerardo",795,5,2,2,0,0,0,0,1,0,1,0,0,0,1,0,4,single-source,wayback_bsnpr_games,https://web.archive.org/web/20010901050921id_/http://www.bsnpr.com:80/gamestatwide.asp?r=BS21238&GRUPO=PO99&SERIE=4,2026-09-08T15:36:36Z
BS21238,2001,2001-08-06,SAN GERMAN,26,"Zayas, Gerardo",795,5,2,2,0,0,0,0,1,0,1,0,0,0,1,0,4,single-source,wayback_bsnpr_games,https://web.archive.org/web/20010917110812id_/http://www.bsnpr.com:80/gamestatwide.asp?r=BS21238&grupo=,2026-09-08T15:36:48Z
BS21238,2001,2001-08-06,SAN GERMAN,26,"Zayas, Gerardo",795,5,2,2,0,0,0,0,1,0,1,0,0,0,1,0,4,single-source,wayback_bsnpr_games,https://web.archive.org/web/20011224200933id_/http://www.bsnpr.com:80/gamestatwide.asp?r=BS21238&grupo=,2026-09-08T15:41:17Z
BS21238,2001,2001-08-06,SAN GERMAN,32,"Mackey, Malcom",,17,0,0,0,0,0,0,0,8,8,0,0,2,0,2,0,single-source,wayback_bsnpr_games,https://web.archive.org/web/20010901050921id_/http://www.bsnpr.com:80/gamestatwide.asp?r=BS21238&GRUPO=PO99&SERIE=4,2026-09-08T15:36:36Z
BS21238,2001,2001-08-06,SAN GERMAN,32,"Mackey, Malcom",,17,0,0,0,0,0,0,0,8,8,0,0,2,0,2,0,single-source,wayback_bsnpr_games,https://web.archive.org/web/20010917110812id_/http://www.bsnpr.com:80/gamestatwide.asp?r=BS21238&grupo=,2026-09-08T15:36:48Z
BS21238,2001,2001-08-06,SAN GERMAN,32,"Mackey, Malcom",,17,0,0,0,0,0,0,0,8,8,0,0,2,0,2,0,single-source,wayback_bsnpr_games,https://web.archive.org/web/20011224200933id_/http://www.bsnpr.com:80/gamestatwide.asp?r=BS21238&grupo=,2026-09-08T15:41:17Z
BS21238,2001,2001-08-06,SAN GERMAN,6,"Caraballo, Johny",,5,0,0,1,2,0,0,0,0,0,0,0,0,0,0,3,single-source,wayback_bsnpr_games,https://web.archive.org/web/20010901050921id_/http://www.bsnpr.com:80/gamestatwide.asp?r=BS21238&GRUPO=PO99&SERIE=4,2026-09-08T15:36:36Z
BS21238,2001,2001-08-06,SAN GERMAN,6,"Caraballo, Johny",,5,0,0,1,2,0,0,0,0,0,0,0,0,0,0,3,single-source,wayback_bsnpr_games,https://web.archive.org/web/20010917110812id_/http://www.bsnpr.com:80/gamestatwide.asp?r=BS21238&grupo=,2026-09-08T15:36:48Z
BS21238,2001,2001-08-06,SAN GERMAN,6,"Caraballo, Johny",,5,0,0,1,2,0,0,0,0,0,0,0,0,0,0,3,single-source,wayback_bsnpr_games,https://web.archive.org/web/20011224200933id_/http://www.bsnpr.com:80/gamestatwide.asp?r=BS21238&grupo=,2026-09-08T15:41:17Z
BS21238,2001,2001-08-06,SAN GERMAN,7,"Quinonez, Nelson",,10,0,0,2,6,0,0,0,1,1,0,0,0,1,1,6,single-source,wayback_bsnpr_games,https://web.archive.org/web/20010901050921id_/http://www.bsnpr.com:80/gamestatwide.asp?r=BS21238&GRUPO=PO99&SERIE=4,2026-09-08T15:36:36Z
BS21238,2001,2001-08-06,SAN GERMAN,7,"Quinonez, Nelson",,10,0,0,2,6,0,0,0,1,1,0,0,0,1,1,6,single-source,wayback_bsnpr_games,https://web.archive.org/web/20010917110812id_/http://www.bsnpr.com:80/gamestatwide.asp?r=BS21238&grupo=,2026-09-08T15:36:48Z
BS21238,2001,2001-08-06,SAN GERMAN,7,"Quinonez, Nelson",,10,0,0,2,6,0,0,0,1,1,0,0,0,1,1,6,single-source,wayback_bsnpr_games,https://web.archive.org/web/20011224200933id_/http://www.bsnpr.com:80/gamestatwide.asp?r=BS21238&grupo=,2026-09-08T15:41:17Z
BS21300,2001,2001-08-31,PONCE,1,"Morales, Ferdinand",,15,3,6,0,1,0,0,0,1,1,1,0,0,2,1,6,single-source,wayback_bsnpr_games,https://web.archive.org/web/20011212155923id_/http://www.bsnpr.com:80/gamestatwide.asp?r=BS21300&grupo=,2026-09-08T15:40:05Z
BS21300,2001,2001-08-31,PONCE,10,"Hatton, Bobby",,25,4,4,0,1,2,2,0,0,0,1,0,0,1,1,10,single-source,wayback_bsnpr_games,https://web.archive.org/web/20011212155923id_/http://www.bsnpr.com:80/gamestatwide.asp?r=BS21300&grupo=,2026-09-08T15:40:05Z
BS21300,2001,2001-08-31,PONCE,11,"Casiano, Eddie",498,33,4,5,2,12,0,0,1,0,1,5,3,0,3,2,14,single-source,wayback_bsnpr_games,https://web.archive.org/web/20011212155923id_/http://www.bsnpr.com:80/gamestatwide.asp?r=BS21300&grupo=,2026-09-08T15:40:05Z
BS21300,2001,2001-08-31,PONCE,12,"Ricardo, Osiris",,34,1,3,0,0,1,2,2,7,9,0,0,0,4,4,3,single-source,wayback_bsnpr_games,https://web.archive.org/web/20011212155923id_/http://www.bsnpr.com:80/gamestatwide.asp?r=BS21300&grupo=,2026-09-08T15:40:05Z
BS21300,2001,2001-08-31,PONCE,13,"Jourdon, Keenan",,10,0,0,2,2,0,0,0,0,0,1,1,0,4,3,6,single-source,wayback_bsnpr_games,https://web.archive.org/web/20011212155923id_/http://www.bsnpr.com:80/gamestatwide.asp?r=BS21300&grupo=,2026-09-08T15:40:05Z
BS21300,2001,2001-08-31,PONCE,33,"Soto, Eugenio",651,6,0,1,0,1,0,0,0,2,2,1,0,0,1,1,0,single-source,wayback_bsnpr_games,https://web.archive.org/web/20011212155923id_/http://www.bsnpr.com:80/gamestatwide.asp?r=BS21300&grupo=,2026-09-08T15:40:05Z
BS21300,2001,2001-08-31,PONCE,4,"Colon, Javier",1011,30,3,7,1,6,0,0,1,3,4,1,1,1,2,3,9,single-source,wayback_bsnpr_games,https://web.archive.org/web/20011212155923id_/http://www.bsnpr.com:80/gamestatwide.asp?r=BS21300&grupo=,2026-09-08T15:40:05Z
BS21300,2001,2001-08-31,PONCE,5,"Agosto, Jose",,7,0,0,1,2,0,0,1,0,1,1,0,0,0,2,3,single-source,wayback_bsnpr_games,https://web.archive.org/web/20011212155923id_/http://www.bsnpr.com:80/gamestatwide.asp?r=BS21300&grupo=,2026-09-08T15:40:05Z
BS21300,2001,2001-08-31,PONCE,55,"Elisma, Eddie",499,40,9,14,1,3,4,7,5,11,16,3,4,3,3,2,25,single-source,wayback_bsnpr_games,https://web.archive.org/web/20011212155923id_/http://www.bsnpr.com:80/gamestatwide.asp?r=BS21300&grupo=,2026-09-08T15:40:05Z
BS21300,2001,2001-08-31,SANTURCE,11,"Benson, Mark",,22,1,1,4,6,0,0,0,2,2,1,0,0,1,0,14,single-source,wayback_bsnpr_games,https://web.archive.org/web/20011212155923id_/http://www.bsnpr.com:80/gamestatwide.asp?r=BS21300&grupo=,2026-09-08T15:40:05Z
BS21300,2001,2001-08-31,SANTURCE,12,"Hourruitiner, Rolando",2090,19,1,2,0,2,0,0,0,0,0,1,1,0,4,2,2,single-source,wayback_bsnpr_games,https://web.archive.org/web/20011212155923id_/http://www.bsnpr.com:80/gamestatwide.asp?r=BS21300&grupo=,2026-09-08T15:40:05Z
BS21300,2001,2001-08-31,SANTURCE,33,"Falcon, Alex",,18,4,8,0,0,2,6,2,2,4,1,2,0,0,0,10,single-source,wayback_bsnpr_games,https://web.archive.org/web/20011212155923id_/http://www.bsnpr.com:80/gamestatwide.asp?r=BS21300&grupo=,2026-09-08T15:40:05Z
BS21300,2001,2001-08-31,SANTURCE,4,"Ortiz, Jose",,36,6,10,0,0,0,3,0,10,10,7,1,0,3,6,12,single-source,wayback_bsnpr_games,https://web.archive.org/web/20011212155923id_/http://www.bsnpr.com:80/gamestatwide.asp?r=BS21300&grupo=,2026-09-08T15:40:05Z
BS21300,2001,2001-08-31,SANTURCE,42,"Aubry, Jeff",,8,0,0,0,0,0,0,0,1,1,0,0,0,0,0,0,single-source,wayback_bsnpr_games,https://web.archive.org/web/20011212155923id_/http://www.bsnpr.com:80/gamestatwide.asp?r=BS21300&grupo=,2026-09-08T15:40:05Z
BS21300,2001,2001-08-31,SANTURCE,5,"Santiago, Orlando",,37,1,3,5,7,1,2,1,2,3,4,0,0,2,2,18,single-source,wayback_bsnpr_games,https://web.archive.org/web/20011212155923id_/http://www.bsnpr.com:80/gamestatwide.asp?r=BS21300&grupo=,2026-09-08T15:40:05Z
BS21300,2001,2001-08-31,SANTURCE,7,"Arroyo, Carlos",273,38,3,8,1,3,1,2,0,3,3,6,2,0,3,6,10,single-source,wayback_bsnpr_games,https://web.archive.org/web/20011212155923id_/http://www.bsnpr.com:80/gamestatwide.asp?r=BS21300&grupo=,2026-09-08T15:40:05Z
BS21300,2001,2001-08-31,SANTURCE,8,"Trimingham, Leon",,22,5,11,1,2,0,0,2,6,8,0,0,1,4,2,13,single-source,wayback_bsnpr_games,https://web.archive.org/web/20011212155923id_/http://www.bsnpr.com:80/gamestatwide.asp?r=BS21300&grupo=,2026-09-08T15:40:05Z
BS21301,2001,2001-09-01,BAYAMON,0,"Richard, Jaja",,25,1,3,0,0,3,4,2,4,6,1,0,1,3,1,5,single-source,wayback_bsnpr_games,https://web.archive.org/web/20011201134040id_/http://www.bsnpr.com:80/gamestatwide.asp?r=BS21301&grupo=,2026-09-08T15:40:02Z
BS21301,2001,2001-09-01,BAYAMON,12,"Padilla, Edgar",,27,0,5,0,1,4,6,1,1,2,8,5,0,1,0,4,single-source,wayback_bsnpr_games,https://web.archive.org/web/20011201134040id_/http://www.bsnpr.com:80/gamestatwide.asp?r=BS21301&grupo=,2026-09-08T15:40:02Z
BS21301,2001,2001-09-01,BAYAMON,13,"Payano, Carlos",,14,2,5,2,3,1,2,0,4,4,1,0,1,1,2,11,single-source,wayback_bsnpr_games,https://web.archive.org/web/20011201134040id_/http://www.bsnpr.com:80/gamestatwide.asp?r=BS21301&grupo=,2026-09-08T15:40:02Z
BS21301,2001,2001-09-01,BAYAMON,17,"Mincy, Jerome",1032,29,5,5,0,2,1,1,1,2,3,0,1,0,2,3,11,single-source,wayback_bsnpr_games,https://web.archive.org/web/20011201134040id_/http://www.bsnpr.com:80/gamestatwide.asp?r=BS21301&grupo=,2026-09-08T15:40:02Z
BS21301,2001,2001-09-01,BAYAMON,22,"Apodaca, Rick",2028,5,1,2,0,1,3,4,0,0,0,2,0,0,0,1,5,single-source,wayback_bsnpr_games,https://web.archive.org/web/20011201134040id_/http://www.bsnpr.com:80/gamestatwide.asp?r=BS21301&grupo=,2026-09-08T15:40:02Z
BS21301,2001,2001-09-01,BAYAMON,32,"Santiago, Eddin",502,14,1,3,0,0,0,0,1,0,1,0,1,0,2,2,2,single-source,wayback_bsnpr_games,https://web.archive.org/web/20011201134040id_/http://www.bsnpr.com:80/gamestatwide.asp?r=BS21301&grupo=,2026-09-08T15:40:02Z
BS21301,2001,2001-09-01,BAYAMON,4,"Western, Franklyn",,33,9,13,0,1,6,7,2,4,6,4,2,0,2,3,24,single-source,wayback_bsnpr_games,https://web.archive.org/web/20011201134040id_/http://www.bsnpr.com:80/gamestatwide.asp?r=BS21301&grupo=,2026-09-08T15:40:02Z
BS21301,2001,2001-09-01,BAYAMON,55,"Santiago, Daniel",427,24,3,8,0,0,2,2,2,2,4,0,0,3,5,2,8,single-source,wayback_bsnpr_games,https://web.archive.org/web/20011201134040id_/http://www.bsnpr.com:80/gamestatwide.asp?r=BS21301&grupo=,2026-09-08T15:40:02Z
BS21301,2001,2001-09-01,BAYAMON,6,"Travieso, Carmelo",,29,4,7,3,6,1,2,1,2,3,3,0,1,2,4,18,single-source,wayback_bsnpr_games,https://web.archive.org/web/20011201134040id_/http://www.bsnpr.com:80/gamestatwide.asp?r=BS21301&grupo=,2026-09-08T15:40:02Z
BS21301,2001,2001-09-01,SAN GERMAN,1,"Jackson, Leroy",1442,35,1,7,3,3,0,0,1,5,6,1,0,0,5,2,11,single-source,wayback_bsnpr_games,https://web.archive.org/web/20011201134040id_/http://www.bsnpr.com:80/gamestatwide.asp?r=BS21301&grupo=,2026-09-08T15:40:02Z
BS21301,2001,2001-09-01,SAN GERMAN,12,"Caanen, Wilhelmus",,7,0,1,0,0,2,2,3,0,3,1,1,0,0,1,2,single-source,wayback_bsnpr_games,https://web.archive.org/web/20011201134040id_/http://www.bsnpr.com:80/gamestatwide.asp?r=BS21301&grupo=,2026-09-08T15:40:02Z
BS21301,2001,2001-09-01,SAN GERMAN,13,"Fajardo, Shariff",,34,4,6,0,2,3,4,2,6,8,3,1,0,4,4,11,single-source,wayback_bsnpr_games,https://web.archive.org/web/20011201134040id_/http://www.bsnpr.com:80/gamestatwide.asp?r=BS21301&grupo=,2026-09-08T15:40:02Z
BS21301,2001,2001-09-01,SAN GERMAN,17,"Dalmau, Christian",382,31,6,13,2,4,2,2,0,3,3,6,3,0,5,4,20,single-source,wayback_bsnpr_games,https://web.archive.org/web/20011201134040id_/http://www.bsnpr.com:80/gamestatwide.asp?r=BS21301&grupo=,2026-09-08T15:40:02Z
BS21301,2001,2001-09-01,SAN GERMAN,18,"Barea, Irving",,4,0,0,0,0,0,0,1,1,2,0,0,0,1,0,0,single-source,wayback_bsnpr_games,https://web.archive.org/web/20011201134040id_/http://www.bsnpr.com:80/gamestatwide.asp?r=BS21301&grupo=,2026-09-08T15:40:02Z
BS21301,2001,2001-09-01,SAN GERMAN,20,"Ayuso, Larry",574,34,1,4,8,13,3,6,2,3,5,0,1,0,2,4,29,single-source,wayback_bsnpr_games,https://web.archive.org/web/20011201134040id_/http://www.bsnpr.com:80/gamestatwide.asp?r=BS21301&grupo=,2026-09-08T15:40:02Z
BS21301,2001,2001-09-01,SAN GERMAN,26,"Zayas, Gerardo",795,3,1,1,0,0,0,0,2,1,3,0,1,0,1,1,2,single-source,wayback_bsnpr_games,https://web.archive.org/web/20011201134040id_/http://www.bsnpr.com:80/gamestatwide.asp?r=BS21301&grupo=,2026-09-08T15:40:02Z
BS21301,2001,2001-09-01,SAN GERMAN,32,"Mackey, Malcom",,34,2,9,0,0,0,2,2,4,6,0,1,4,4,6,4,single-source,wayback_bsnpr_games,https://web.archive.org/web/20011201134040id_/http://www.bsnpr.com:80/gamestatwide.asp?r=BS21301&grupo=,2026-09-08T15:40:02Z
BS21301,2001,2001-09-01,SAN GERMAN,6,"Caraballo, Johnny",,11,1,6,0,0,0,0,0,0,0,0,1,0,1,2,2,single-source,wayback_bsnpr_games,https://web.archive.org/web/20011201134040id_/http://www.bsnpr.com:80/gamestatwide.asp?r=BS21301&grupo=,2026-09-08T15:40:02Z
BS21301,2001,2001-09-01,SAN GERMAN,7,"Quinones, Nelson",,7,0,0,0,0,0,0,0,0,0,0,0,0,4,0,0,single-source,wayback_bsnpr_games,https://web.archive.org/web/20011201134040id_/http://www.bsnpr.com:80/gamestatwide.asp?r=BS21301&grupo=,2026-09-08T15:40:02Z
BS21303,2001,2001-09-03,BAYAMON,0,"Richard, Jaja",,30,4,7,0,0,2,3,1,6,7,1,0,2,4,3,10,single-source,wayback_bsnpr_games,https://web.archive.org/web/20011020072803id_/http://www.bsnpr.com:80/gamestatwide.asp?r=BS21303&grupo=,2026-09-08T15:37:13Z
BS21303,2001,2001-09-03,BAYAMON,12,"Padilla, Edgar",,27,3,7,0,2,2,3,1,5,6,5,2,0,5,3,8,single-source,wayback_bsnpr_games,https://web.archive.org/web/20011020072803id_/http://www.bsnpr.com:80/gamestatwide.asp?r=BS21303&grupo=,2026-09-08T15:37:13Z
BS21303,2001,2001-09-03,BAYAMON,13,"Payano, Carlos",,10,0,1,0,2,1,2,0,0,0,2,0,0,1,0,1,single-source,wayback_bsnpr_games,https://web.archive.org/web/20011020072803id_/http://www.bsnpr.com:80/gamestatwide.asp?r=BS21303&grupo=,2026-09-08T15:37:13Z
BS21303,2001,2001-09-03,BAYAMON,17,"Mincy, Jerome",1032,27,4,6,2,6,3,3,2,4,6,2,1,0,3,0,17,single-source,wayback_bsnpr_games,https://web.archive.org/web/20011020072803id_/http://www.bsnpr.com:80/gamestatwide.asp?r=BS21303&grupo=,2026-09-08T15:37:13Z
BS21303,2001,2001-09-03,BAYAMON,32,"Santiago, Eddin",502,13,2,3,0,2,0,0,1,1,2,3,1,0,3,1,4,single-source,wayback_bsnpr_games,https://web.archive.org/web/20011020072803id_/http://www.bsnpr.com:80/gamestatwide.asp?r=BS21303&grupo=,2026-09-08T15:37:13Z
BS21303,2001,2001-09-03,BAYAMON,4,"Western, Franklyn",,33,7,13,0,0,3,4,2,3,5,2,1,0,2,2,17,single-source,wayback_bsnpr_games,https://web.archive.org/web/20011020072803id_/http://www.bsnpr.com:80/gamestatwide.asp?r=BS21303&grupo=,2026-09-08T15:37:13Z
BS21303,2001,2001-09-03,BAYAMON,44,"Novas, Rafael",,3,0,0,0,0,0,0,0,0,0,0,0,0,0,0,0,single-source,wayback_bsnpr_games,https://web.archive.org/web/20011020072803id_/http://www.bsnpr.com:80/gamestatwide.asp?r=BS21303&grupo=,2026-09-08T15:37:13Z
BS21303,2001,2001-09-03,BAYAMON,55,"Santiago, Daniel",427,20,4,7,0,0,0,0,0,1,1,1,1,0,4,1,8,single-source,wayback_bsnpr_games,https://web.archive.org/web/20011020072803id_/http://www.bsnpr.com:80/gamestatwide.asp?r=BS21303&grupo=,2026-09-08T15:37:13Z
BS21303,2001,2001-09-03,BAYAMON,6,"Travieso, Carmelo",,37,4,6,2,8,4,4,1,0,1,2,1,0,2,3,18,single-source,wayback_bsnpr_games,https://web.archive.org/web/20011020072803id_/http://www.bsnpr.com:80/gamestatwide.asp?r=BS21303&grupo=,2026-09-08T15:37:13Z
BS21303,2001,2001-09-03,SAN GERMAN,1,"Jackson, Leroy",1442,31,2,5,0,1,3,3,2,3,5,0,1,0,3,1,7,single-source,wayback_bsnpr_games,https://web.archive.org/web/20011020072803id_/http://www.bsnpr.com:80/gamestatwide.asp?r=BS21303&grupo=,2026-09-08T15:37:13Z
BS21303,2001,2001-09-03,SAN GERMAN,12,"Caanen, Wilhelmus",,14,1,1,0,0,0,0,1,3,4,3,0,0,3,1,2,single-source,wayback_bsnpr_games,https://web.archive.org/web/20011020072803id_/http://www.bsnpr.com:80/gamestatwide.asp?r=BS21303&grupo=,2026-09-08T15:37:13Z
BS21303,2001,2001-09-03,SAN GERMAN,13,"Fajardo, Shariff",,27,5,9,1,2,5,6,1,5,6,2,0,0,3,4,18,single-source,wayback_bsnpr_games,https://web.archive.org/web/20011020072803id_/http://www.bsnpr.com:80/gamestatwide.asp?r=BS21303&grupo=,2026-09-08T15:37:13Z
BS21303,2001,2001-09-03,SAN GERMAN,17,"Dalmau, Christian",382,21,5,8,0,3,4,6,1,4,5,4,0,0,3,3,14,single-source,wayback_bsnpr_games,https://web.archive.org/web/20011020072803id_/http://www.bsnpr.com:80/gamestatwide.asp?r=BS21303&grupo=,2026-09-08T15:37:13Z
BS21303,2001,2001-09-03,SAN GERMAN,18,"Barea, Irving",,12,3,4,0,0,2,2,1,3,4,1,0,0,2,1,8,single-source,wayback_bsnpr_games,https://web.archive.org/web/20011020072803id_/http://www.bsnpr.com:80/gamestatwide.asp?r=BS21303&grupo=,2026-09-08T15:37:13Z
BS21303,2001,2001-09-03,SAN GERMAN,20,"Ayuso, Larry",574,35,3,7,3,10,0,0,1,0,1,2,1,0,0,5,15,single-source,wayback_bsnpr_games,https://web.archive.org/web/20011020072803id_/http://www.bsnpr.com:80/gamestatwide.asp?r=BS21303&grupo=,2026-09-08T15:37:13Z
BS21303,2001,2001-09-03,SAN GERMAN,26,"Zayas, Gerardo",795,5,1,1,0,0,0,0,0,1,1,0,0,0,0,0,2,single-source,wayback_bsnpr_games,https://web.archive.org/web/20011020072803id_/http://www.bsnpr.com:80/gamestatwide.asp?r=BS21303&grupo=,2026-09-08T15:37:13Z
BS21303,2001,2001-09-03,SAN GERMAN,32,"Mackey, Malcom",,36,7,10,0,1,3,8,4,5,9,1,0,1,2,2,17,single-source,wayback_bsnpr_games,https://web.archive.org/web/20011020072803id_/http://www.bsnpr.com:80/gamestatwide.asp?r=BS21303&grupo=,2026-09-08T15:37:13Z
BS21303,2001,2001-09-03,SAN GERMAN,6,"Caraballo, Johnny",,3,0,0,0,0,0,0,0,0,0,0,0,0,1,0,0,single-source,wayback_bsnpr_games,https://web.archive.org/web/20011020072803id_/http://www.bsnpr.com:80/gamestatwide.asp?r=BS21303&grupo=,2026-09-08T15:37:13Z
BS21303,2001,2001-09-03,SAN GERMAN,7,"Quinones, Nelson",,16,1,1,1,4,0,0,1,0,1,4,0,0,1,0,5,single-source,wayback_bsnpr_games,https://web.archive.org/web/20011020072803id_/http://www.bsnpr.com:80/gamestatwide.asp?r=BS21303&grupo=,2026-09-08T15:37:13Z
BS21304,2001,2001-09-04,PONCE,1,"Morales, Ferdinand",,8,2,2,0,0,3,3,1,0,1,0,0,0,2,2,7,single-source,wayback_bsnpr_games,https://web.archive.org/web/20011020072326id_/http://www.bsnpr.com:80/gamestatwide.asp?r=BS21304&GRUPO=PO99&SERIE=4,2026-09-08T15:37:10Z
BS21304,2001,2001-09-04,PONCE,1,"Morales, Ferdinand",,8,2,2,0,0,3,3,1,0,1,0,0,0,2,2,7,single-source,wayback_bsnpr_games,https://web.archive.org/web/20011101184326id_/http://www.bsnpr.com:80/gamestatwide.asp?r=BS21304&grupo=,2026-09-08T15:38:26Z
BS21304,2001,2001-09-04,PONCE,10,"Hatton, Bobby",,29,0,2,1,5,0,0,0,3,3,7,0,0,1,1,3,single-source,wayback_bsnpr_games,https://web.archive.org/web/20011020072326id_/http://www.bsnpr.com:80/gamestatwide.asp?r=BS21304&GRUPO=PO99&SERIE=4,2026-09-08T15:37:10Z
BS21304,2001,2001-09-04,PONCE,10,"Hatton, Bobby",,29,0,2,1,5,0,0,0,3,3,7,0,0,1,1,3,single-source,wayback_bsnpr_games,https://web.archive.org/web/20011101184326id_/http://www.bsnpr.com:80/gamestatwide.asp?r=BS21304&grupo=,2026-09-08T15:38:26Z
BS21304,2001,2001-09-04,PONCE,11,"Casiano, Eddie",498,34,3,4,3,9,5,8,1,0,1,2,1,0,4,3,20,single-source,wayback_bsnpr_games,https://web.archive.org/web/20011020072326id_/http://www.bsnpr.com:80/gamestatwide.asp?r=BS21304&GRUPO=PO99&SERIE=4,2026-09-08T15:37:10Z
BS21304,2001,2001-09-04,PONCE,11,"Casiano, Eddie",498,34,3,4,3,9,5,8,1,0,1,2,1,0,4,3,20,single-source,wayback_bsnpr_games,https://web.archive.org/web/20011101184326id_/http://www.bsnpr.com:80/gamestatwide.asp?r=BS21304&grupo=,2026-09-08T15:38:26Z
BS21304,2001,2001-09-04,PONCE,12,"Ricardo, Osiris",,43,5,7,0,0,8,11,5,9,14,0,0,2,5,3,18,single-source,wayback_bsnpr_games,https://web.archive.org/web/20011020072326id_/http://www.bsnpr.com:80/gamestatwide.asp?r=BS21304&GRUPO=PO99&SERIE=4,2026-09-08T15:37:10Z
BS21304,2001,2001-09-04,PONCE,12,"Ricardo, Osiris",,43,5,7,0,0,8,11,5,9,14,0,0,2,5,3,18,single-source,wayback_bsnpr_games,https://web.archive.org/web/20011101184326id_/http://www.bsnpr.com:80/gamestatwide.asp?r=BS21304&grupo=,2026-09-08T15:38:26Z
BS21304,2001,2001-09-04,PONCE,13,"Jourdon, Keenan",,24,1,5,1,1,4,4,2,4,6,1,2,0,3,4,9,single-source,wayback_bsnpr_games,https://web.archive.org/web/20011020072326id_/http://www.bsnpr.com:80/gamestatwide.asp?r=BS21304&GRUPO=PO99&SERIE=4,2026-09-08T15:37:10Z
BS21304,2001,2001-09-04,PONCE,13,"Jourdon, Keenan",,24,1,5,1,1,4,4,2,4,6,1,2,0,3,4,9,single-source,wayback_bsnpr_games,https://web.archive.org/web/20011101184326id_/http://www.bsnpr.com:80/gamestatwide.asp?r=BS21304&grupo=,2026-09-08T15:38:26Z
BS21304,2001,2001-09-04,PONCE,25,"Haywood, Jamal",,34,5,16,0,0,3,4,4,5,9,2,1,0,5,4,13,single-source,wayback_bsnpr_games,https://web.archive.org/web/20011020072326id_/http://www.bsnpr.com:80/gamestatwide.asp?r=BS21304&GRUPO=PO99&SERIE=4,2026-09-08T15:37:10Z
BS21304,2001,2001-09-04,PONCE,25,"Haywood, Jamal",,34,5,16,0,0,3,4,4,5,9,2,1,0,5,4,13,single-source,wayback_bsnpr_games,https://web.archive.org/web/20011101184326id_/http://www.bsnpr.com:80/gamestatwide.asp?r=BS21304&grupo=,2026-09-08T15:38:26Z
BS21304,2001,2001-09-04,PONCE,33,"Soto, Eugenio",651,1,0,0,0,0,0,0,0,0,0,0,0,0,0,1,0,single-source,wayback_bsnpr_games,https://web.archive.org/web/20011020072326id_/http://www.bsnpr.com:80/gamestatwide.asp?r=BS21304&GRUPO=PO99&SERIE=4,2026-09-08T15:37:10Z
BS21304,2001,2001-09-04,PONCE,33,"Soto, Eugenio",651,1,0,0,0,0,0,0,0,0,0,0,0,0,0,1,0,single-source,wayback_bsnpr_games,https://web.archive.org/web/20011101184326id_/http://www.bsnpr.com:80/gamestatwide.asp?r=BS21304&grupo=,2026-09-08T15:38:26Z
BS21304,2001,2001-09-04,PONCE,4,"Colon, Javier",1011,43,4,10,7,9,11,12,0,4,4,6,4,0,3,5,40,single-source,wayback_bsnpr_games,https://web.archive.org/web/20011020072326id_/http://www.bsnpr.com:80/gamestatwide.asp?r=BS21304&GRUPO=PO99&SERIE=4,2026-09-08T15:37:10Z
BS21304,2001,2001-09-04,PONCE,4,"Colon, Javier",1011,43,4,10,7,9,11,12,0,4,4,6,4,0,3,5,40,single-source,wayback_bsnpr_games,https://web.archive.org/web/20011101184326id_/http://www.bsnpr.com:80/gamestatwide.asp?r=BS21304&grupo=,2026-09-08T15:38:26Z
BS21304,2001,2001-09-04,PONCE,5,"Agosto, Jose",,9,0,1,0,1,0,0,0,0,0,0,0,0,2,1,0,single-source,wayback_bsnpr_games,https://web.archive.org/web/20011020072326id_/http://www.bsnpr.com:80/gamestatwide.asp?r=BS21304&GRUPO=PO99&SERIE=4,2026-09-08T15:37:10Z
BS21304,2001,2001-09-04,PONCE,5,"Agosto, Jose",,9,0,1,0,1,0,0,0,0,0,0,0,0,2,1,0,single-source,wayback_bsnpr_games,https://web.archive.org/web/20011101184326id_/http://www.bsnpr.com:80/gamestatwide.asp?r=BS21304&grupo=,2026-09-08T15:38:26Z
BS21304,2001,2001-09-04,SANTURCE,11,"Benson, Mark",,20,3,4,1,4,0,0,2,2,4,0,0,0,4,3,9,single-source,wayback_bsnpr_games,https://web.archive.org/web/20011020072326id_/http://www.bsnpr.com:80/gamestatwide.asp?r=BS21304&GRUPO=PO99&SERIE=4,2026-09-08T15:37:10Z
BS21304,2001,2001-09-04,SANTURCE,11,"Benson, Mark",,20,3,4,1,4,0,0,2,2,4,0,0,0,4,3,9,single-source,wayback_bsnpr_games,https://web.archive.org/web/20011101184326id_/http://www.bsnpr.com:80/gamestatwide.asp?r=BS21304&grupo=,2026-09-08T15:38:26Z
BS21304,2001,2001-09-04,SANTURCE,12,"Hourruitiner, Rolando",2090,20,1,3,0,1,2,2,0,1,1,1,0,0,5,0,4,single-source,wayback_bsnpr_games,https://web.archive.org/web/20011020072326id_/http://www.bsnpr.com:80/gamestatwide.asp?r=BS21304&GRUPO=PO99&SERIE=4,2026-09-08T15:37:10Z
BS21304,2001,2001-09-04,SANTURCE,12,"Hourruitiner, Rolando",2090,20,1,3,0,1,2,2,0,1,1,1,0,0,5,0,4,single-source,wayback_bsnpr_games,https://web.archive.org/web/20011101184326id_/http://www.bsnpr.com:80/gamestatwide.asp?r=BS21304&grupo=,2026-09-08T15:38:26Z
BS21304,2001,2001-09-04,SANTURCE,33,"Falcon, Alex",,29,6,10,0,0,3,4,4,5,9,1,1,1,3,2,15,single-source,wayback_bsnpr_games,https://web.archive.org/web/20011020072326id_/http://www.bsnpr.com:80/gamestatwide.asp?r=BS21304&GRUPO=PO99&SERIE=4,2026-09-08T15:37:10Z
BS21304,2001,2001-09-04,SANTURCE,33,"Falcon, Alex",,29,6,10,0,0,3,4,4,5,9,1,1,1,3,2,15,single-source,wayback_bsnpr_games,https://web.archive.org/web/20011101184326id_/http://www.bsnpr.com:80/gamestatwide.asp?r=BS21304&grupo=,2026-09-08T15:38:26Z
BS21304,2001,2001-09-04,SANTURCE,4,"Ortiz, Jose",,37,12,21,0,1,1,2,1,5,6,3,0,2,5,2,25,single-source,wayback_bsnpr_games,https://web.archive.org/web/20011020072326id_/http://www.bsnpr.com:80/gamestatwide.asp?r=BS21304&GRUPO=PO99&SERIE=4,2026-09-08T15:37:10Z
BS21304,2001,2001-09-04,SANTURCE,4,"Ortiz, Jose",,37,12,21,0,1,1,2,1,5,6,3,0,2,5,2,25,single-source,wayback_bsnpr_games,https://web.archive.org/web/20011101184326id_/http://www.bsnpr.com:80/gamestatwide.asp?r=BS21304&grupo=,2026-09-08T15:38:26Z
BS21304,2001,2001-09-04,SANTURCE,42,"Aubry, Jeff",,9,3,5,0,0,0,0,4,3,7,0,0,1,3,0,6,single-source,wayback_bsnpr_games,https://web.archive.org/web/20011020072326id_/http://www.bsnpr.com:80/gamestatwide.asp?r=BS21304&GRUPO=PO99&SERIE=4,2026-09-08T15:37:10Z
BS21304,2001,2001-09-04,SANTURCE,42,"Aubry, Jeff",,9,3,5,0,0,0,0,4,3,7,0,0,1,3,0,6,single-source,wayback_bsnpr_games,https://web.archive.org/web/20011101184326id_/http://www.bsnpr.com:80/gamestatwide.asp?r=BS21304&grupo=,2026-09-08T15:38:26Z
BS21304,2001,2001-09-04,SANTURCE,44,"Bocachica, Armando",,1,0,0,0,0,0,0,0,0,0,0,0,0,0,0,0,single-source,wayback_bsnpr_games,https://web.archive.org/web/20011020072326id_/http://www.bsnpr.com:80/gamestatwide.asp?r=BS21304&GRUPO=PO99&SERIE=4,2026-09-08T15:37:10Z
BS21304,2001,2001-09-04,SANTURCE,44,"Bocachica, Armando",,1,0,0,0,0,0,0,0,0,0,0,0,0,0,0,0,single-source,wayback_bsnpr_games,https://web.archive.org/web/20011101184326id_/http://www.bsnpr.com:80/gamestatwide.asp?r=BS21304&grupo=,2026-09-08T15:38:26Z
BS21304,2001,2001-09-04,SANTURCE,5,"Santiago, Orlando",,42,2,2,3,8,4,7,0,1,1,9,2,0,4,4,17,single-source,wayback_bsnpr_games,https://web.archive.org/web/20011020072326id_/http://www.bsnpr.com:80/gamestatwide.asp?r=BS21304&GRUPO=PO99&SERIE=4,2026-09-08T15:37:10Z
BS21304,2001,2001-09-04,SANTURCE,5,"Santiago, Orlando",,42,2,2,3,8,4,7,0,1,1,9,2,0,4,4,17,single-source,wayback_bsnpr_games,https://web.archive.org/web/20011101184326id_/http://www.bsnpr.com:80/gamestatwide.asp?r=BS21304&grupo=,2026-09-08T15:38:26Z
BS21304,2001,2001-09-04,SANTURCE,7,"Arroyo, Carlos",273,30,2,5,1,1,5,5,1,4,5,4,1,1,5,3,12,single-source,wayback_bsnpr_games,https://web.archive.org/web/20011020072326id_/http://www.bsnpr.com:80/gamestatwide.asp?r=BS21304&GRUPO=PO99&SERIE=4,2026-09-08T15:37:10Z
BS21304,2001,2001-09-04,SANTURCE,7,"Arroyo, Carlos",273,30,2,5,1,1,5,5,1,4,5,4,1,1,5,3,12,single-source,wayback_bsnpr_games,https://web.archive.org/web/20011101184326id_/http://www.bsnpr.com:80/gamestatwide.asp?r=BS21304&grupo=,2026-09-08T15:38:26Z
BS21304,2001,2001-09-04,SANTURCE,8,"Trimingham, Leon",,22,5,7,0,0,6,8,1,3,4,2,0,1,2,3,16,single-source,wayback_bsnpr_games,https://web.archive.org/web/20011020072326id_/http://www.bsnpr.com:80/gamestatwide.asp?r=BS21304&GRUPO=PO99&SERIE=4,2026-09-08T15:37:10Z
BS21304,2001,2001-09-04,SANTURCE,8,"Trimingham, Leon",,22,5,7,0,0,6,8,1,3,4,2,0,1,2,3,16,single-source,wayback_bsnpr_games,https://web.archive.org/web/20011101184326id_/http://www.bsnpr.com:80/gamestatwide.asp?r=BS21304&grupo=,2026-09-08T15:38:26Z
BS21304,2001,2001-09-04,SANTURCE,9,"Santiago, Edwin",,15,3,4,0,1,4,4,0,0,0,2,3,0,3,0,10,single-source,wayback_bsnpr_games,https://web.archive.org/web/20011020072326id_/http://www.bsnpr.com:80/gamestatwide.asp?r=BS21304&GRUPO=PO99&SERIE=4,2026-09-08T15:37:10Z
BS21304,2001,2001-09-04,SANTURCE,9,"Santiago, Edwin",,15,3,4,0,1,4,4,0,0,0,2,3,0,3,0,10,single-source,wayback_bsnpr_games,https://web.archive.org/web/20011101184326id_/http://www.bsnpr.com:80/gamestatwide.asp?r=BS21304&grupo=,2026-09-08T15:38:26Z
BS21305,2001,2001-09-05,BAYAMON,0,"Richard, Jaja",,25,5,6,0,0,3,4,2,2,4,1,0,1,5,1,13,single-source,wayback_bsnpr_games,https://web.archive.org/web/20011020073637id_/http://www.bsnpr.com:80/gamestatwide.asp?r=BS21305&GRUPO=PO99&SERIE=4,2026-09-08T15:37:15Z
BS21305,2001,2001-09-05,BAYAMON,1,"Salgado, Gustavo",,1,0,0,0,0,0,0,0,0,0,0,0,0,0,0,0,single-source,wayback_bsnpr_games,https://web.archive.org/web/20011020073637id_/http://www.bsnpr.com:80/gamestatwide.asp?r=BS21305&GRUPO=PO99&SERIE=4,2026-09-08T15:37:15Z
BS21305,2001,2001-09-05,BAYAMON,12,"Padilla, Edgar",,29,4,9,1,1,2,2,0,5,5,4,0,0,5,2,13,single-source,wayback_bsnpr_games,https://web.archive.org/web/20011020073637id_/http://www.bsnpr.com:80/gamestatwide.asp?r=BS21305&GRUPO=PO99&SERIE=4,2026-09-08T15:37:15Z
BS21305,2001,2001-09-05,BAYAMON,13,"Payano, Carlos",,15,2,2,0,1,1,2,1,1,2,0,1,0,4,4,5,single-source,wayback_bsnpr_games,https://web.archive.org/web/20011020073637id_/http://www.bsnpr.com:80/gamestatwide.asp?r=BS21305&GRUPO=PO99&SERIE=4,2026-09-08T15:37:15Z
BS21305,2001,2001-09-05,BAYAMON,17,"Mincy, Jerome",1032,26,3,5,0,2,1,4,1,4,5,0,0,0,3,4,7,single-source,wayback_bsnpr_games,https://web.archive.org/web/20011020073637id_/http://www.bsnpr.com:80/gamestatwide.asp?r=BS21305&GRUPO=PO99&SERIE=4,2026-09-08T15:37:15Z
BS21305,2001,2001-09-05,BAYAMON,32,"Santiago, Eddin",502,10,1,2,0,1,6,6,1,0,1,2,0,0,1,0,8,single-source,wayback_bsnpr_games,https://web.archive.org/web/20011020073637id_/http://www.bsnpr.com:80/gamestatwide.asp?r=BS21305&GRUPO=PO99&SERIE=4,2026-09-08T15:37:15Z
BS21305,2001,2001-09-05,BAYAMON,4,"Western, Franklin",,25,4,12,0,0,7,9,3,5,8,3,2,0,2,2,15,single-source,wayback_bsnpr_games,https://web.archive.org/web/20011020073637id_/http://www.bsnpr.com:80/gamestatwide.asp?r=BS21305&GRUPO=PO99&SERIE=4,2026-09-08T15:37:15Z
BS21305,2001,2001-09-05,BAYAMON,44,"Novas, Rafael",,4,0,0,0,0,0,0,0,0,0,0,0,0,0,0,0,single-source,wayback_bsnpr_games,https://web.archive.org/web/20011020073637id_/http://www.bsnpr.com:80/gamestatwide.asp?r=BS21305&GRUPO=PO99&SERIE=4,2026-09-08T15:37:15Z
BS21305,2001,2001-09-05,BAYAMON,55,"Santiago, Daniel",427,35,10,17,0,0,7,8,5,4,9,0,0,0,3,1,27,single-source,wayback_bsnpr_games,https://web.archive.org/web/20011020073637id_/http://www.bsnpr.com:80/gamestatwide.asp?r=BS21305&GRUPO=PO99&SERIE=4,2026-09-08T15:37:15Z
BS21305,2001,2001-09-05,BAYAMON,6,"Travieso, Carmelo",,30,2,3,3,6,0,2,0,0,0,0,1,1,4,1,13,single-source,wayback_bsnpr_games,https://web.archive.org/web/20011020073637id_/http://www.bsnpr.com:80/gamestatwide.asp?r=BS21305&GRUPO=PO99&SERIE=4,2026-09-08T15:37:15Z
BS21305,2001,2001-09-05,SAN GERMAN,12,"Caanen, Wilhelmus",,20,2,3,0,0,1,2,0,1,1,0,2,0,5,2,5,single-source,wayback_bsnpr_games,https://web.archive.org/web/20011020073637id_/http://www.bsnpr.com:80/gamestatwide.asp?r=BS21305&GRUPO=PO99&SERIE=4,2026-09-08T15:37:15Z
BS21305,2001,2001-09-05,SAN GERMAN,13,"Fajardo, Shariff",,39,3,7,3,4,6,10,2,10,12,2,0,0,2,4,21,single-source,wayback_bsnpr_games,https://web.archive.org/web/20011020073637id_/http://www.bsnpr.com:80/gamestatwide.asp?r=BS21305&GRUPO=PO99&SERIE=4,2026-09-08T15:37:15Z
BS21305,2001,2001-09-05,SAN GERMAN,17,"Dalmau, Christian",382,36,8,12,2,6,5,8,2,2,4,1,3,0,4,2,27,single-source,wayback_bsnpr_games,https://web.archive.org/web/20011020073637id_/http://www.bsnpr.com:80/gamestatwide.asp?r=BS21305&GRUPO=PO99&SERIE=4,2026-09-08T15:37:15Z
BS21305,2001,2001-09-05,SAN GERMAN,18,"Barea, Irving",,18,3,7,0,0,1,2,1,0,1,0,0,0,5,1,7,single-source,wayback_bsnpr_games,https://web.archive.org/web/20011020073637id_/http://www.bsnpr.com:80/gamestatwide.asp?r=BS21305&GRUPO=PO99&SERIE=4,2026-09-08T15:37:15Z
BS21305,2001,2001-09-05,SAN GERMAN,20,"Ayuso, Larry",574,38,2,3,3,8,4,5,2,1,3,2,0,0,5,2,17,single-source,wayback_bsnpr_games,https://web.archive.org/web/20011020073637id_/http://www.bsnpr.com:80/gamestatwide.asp?r=BS21305&GRUPO=PO99&SERIE=4,2026-09-08T15:37:15Z
BS21305,2001,2001-09-05,SAN GERMAN,24,"Pryor, Sean",2156,5,0,0,0,0,1,2,0,1,1,0,0,0,0,0,1,single-source,wayback_bsnpr_games,https://web.archive.org/web/20011020073637id_/http://www.bsnpr.com:80/gamestatwide.asp?r=BS21305&GRUPO=PO99&SERIE=4,2026-09-08T15:37:15Z
BS21305,2001,2001-09-05,SAN GERMAN,26,"Zayas, Gerardo",795,3,0,0,0,0,0,0,0,0,0,0,0,0,1,0,0,single-source,wayback_bsnpr_games,https://web.archive.org/web/20011020073637id_/http://www.bsnpr.com:80/gamestatwide.asp?r=BS21305&GRUPO=PO99&SERIE=4,2026-09-08T15:37:15Z
BS21305,2001,2001-09-05,SAN GERMAN,32,"Mackey, Malcom",,25,5,9,0,0,7,8,1,3,4,3,0,1,4,3,17,single-source,wayback_bsnpr_games,https://web.archive.org/web/20011020073637id_/http://www.bsnpr.com:80/gamestatwide.asp?r=BS21305&GRUPO=PO99&SERIE=4,2026-09-08T15:37:15Z
BS21305,2001,2001-09-05,SAN GERMAN,6,"Caraballo, Johnny",,6,0,1,0,0,0,0,0,0,0,0,1,0,1,1,0,single-source,wayback_bsnpr_games,https://web.archive.org/web/20011020073637id_/http://www.bsnpr.com:80/gamestatwide.asp?r=BS21305&GRUPO=PO99&SERIE=4,2026-09-08T15:37:15Z
BS21305,2001,2001-09-05,SAN GERMAN,7,"Quinonez, Nelson",,10,0,0,0,4,1,2,0,0,0,1,0,0,3,0,1,single-source,wayback_bsnpr_games,https://web.archive.org/web/20011020073637id_/http://www.bsnpr.com:80/gamestatwide.asp?r=BS21305&GRUPO=PO99&SERIE=4,2026-09-08T15:37:15Z
BS21306,2001,2001-09-06,PONCE,1,"Morales, Ferdinand",,25,4,5,1,1,11,12,8,1,9,1,1,0,2,2,22,single-source,wayback_bsnpr_games,https://web.archive.org/web/20011201085750id_/http://www.bsnpr.com:80/gamestatwide.asp?r=BS21306&GRUPO=PO99&SERIE=4,2026-09-08T15:39:34Z
BS21306,2001,2001-09-06,PONCE,10,"Hatton, Bobby Joe",2074,9,1,3,1,3,0,0,0,0,0,0,1,0,0,0,5,single-source,wayback_bsnpr_games,https://web.archive.org/web/20011201085750id_/http://www.bsnpr.com:80/gamestatwide.asp?r=BS21306&GRUPO=PO99&SERIE=4,2026-09-08T15:39:34Z
BS21306,2001,2001-09-06,PONCE,11,"Casiano, Eddie",498,32,2,5,4,11,7,9,0,0,0,1,1,0,4,3,23,single-source,wayback_bsnpr_games,https://web.archive.org/web/20011201085750id_/http://www.bsnpr.com:80/gamestatwide.asp?r=BS21306&GRUPO=PO99&SERIE=4,2026-09-08T15:39:34Z
BS21306,2001,2001-09-06,PONCE,12,"Ricardo, Osiris",,36,3,6,0,0,0,1,3,9,12,1,1,1,2,1,6,single-source,wayback_bsnpr_games,https://web.archive.org/web/20011201085750id_/http://www.bsnpr.com:80/gamestatwide.asp?r=BS21306&GRUPO=PO99&SERIE=4,2026-09-08T15:39:34Z
BS21306,2001,2001-09-06,PONCE,13,"Jourdon, Keenan",,17,2,4,0,1,0,0,1,1,2,3,0,0,2,2,4,single-source,wayback_bsnpr_games,https://web.archive.org/web/20011201085750id_/http://www.bsnpr.com:80/gamestatwide.asp?r=BS21306&GRUPO=PO99&SERIE=4,2026-09-08T15:39:34Z
BS21306,2001,2001-09-06,PONCE,15,"Colon, Gabriel",773,1,0,0,0,0,0,0,0,0,0,0,0,0,0,0,0,single-source,wayback_bsnpr_games,https://web.archive.org/web/20011201085750id_/http://www.bsnpr.com:80/gamestatwide.asp?r=BS21306&GRUPO=PO99&SERIE=4,2026-09-08T15:39:34Z
BS21306,2001,2001-09-06,PONCE,17,"Collado, Roberto",,4,0,1,0,0,0,0,0,1,1,0,0,0,0,0,0,single-source,wayback_bsnpr_games,https://web.archive.org/web/20011201085750id_/http://www.bsnpr.com:80/gamestatwide.asp?r=BS21306&GRUPO=PO99&SERIE=4,2026-09-08T15:39:34Z
BS21306,2001,2001-09-06,PONCE,25,"Heywood, Jamaal",,24,3,9,0,0,0,1,3,4,7,1,0,0,1,0,6,single-source,wayback_bsnpr_games,https://web.archive.org/web/20011201085750id_/http://www.bsnpr.com:80/gamestatwide.asp?r=BS21306&GRUPO=PO99&SERIE=4,2026-09-08T15:39:34Z
BS21306,2001,2001-09-06,PONCE,33,"Soto, Eugenio",651,4,0,0,0,0,0,0,0,0,0,0,0,0,0,0,0,single-source,wayback_bsnpr_games,https://web.archive.org/web/20011201085750id_/http://www.bsnpr.com:80/gamestatwide.asp?r=BS21306&GRUPO=PO99&SERIE=4,2026-09-08T15:39:34Z
BS21306,2001,2001-09-06,PONCE,4,"Colon, Antonio",,38,4,10,5,8,2,3,0,1,1,6,0,1,3,3,25,single-source,wayback_bsnpr_games,https://web.archive.org/web/20011201085750id_/http://www.bsnpr.com:80/gamestatwide.asp?r=BS21306&GRUPO=PO99&SERIE=4,2026-09-08T15:39:34Z
BS21306,2001,2001-09-06,PONCE,5,"Agosto, Jose",,9,1,3,1,3,0,0,1,1,2,1,0,0,2,3,5,single-source,wayback_bsnpr_games,https://web.archive.org/web/20011201085750id_/http://www.bsnpr.com:80/gamestatwide.asp?r=BS21306&GRUPO=PO99&SERIE=4,2026-09-08T15:39:34Z
BS21306,2001,2001-09-06,PONCE,8,"Ramirez, Sean",,1,0,1,0,0,0,0,0,0,0,0,0,0,0,0,0,single-source,wayback_bsnpr_games,https://web.archive.org/web/20011201085750id_/http://www.bsnpr.com:80/gamestatwide.asp?r=BS21306&GRUPO=PO99&SERIE=4,2026-09-08T15:39:34Z
BS21306,2001,2001-09-06,SANTURCE,10,"Arroyo, Alberto",,1,0,0,0,0,0,0,0,0,0,0,0,0,0,0,0,single-source,wayback_bsnpr_games,https://web.archive.org/web/20011201085750id_/http://www.bsnpr.com:80/gamestatwide.asp?r=BS21306&GRUPO=PO99&SERIE=4,2026-09-08T15:39:34Z
BS21306,2001,2001-09-06,SANTURCE,11,"Benson, Mark",,5,1,1,0,0,0,0,0,0,0,0,0,0,3,0,2,single-source,wayback_bsnpr_games,https://web.archive.org/web/20011201085750id_/http://www.bsnpr.com:80/gamestatwide.asp?r=BS21306&GRUPO=PO99&SERIE=4,2026-09-08T15:39:34Z
BS21306,2001,2001-09-06,SANTURCE,12,"Horrutunier, Rolando",,30,6,7,0,1,0,0,0,0,0,3,1,0,2,0,12,single-source,wayback_bsnpr_games,https://web.archive.org/web/20011201085750id_/http://www.bsnpr.com:80/gamestatwide.asp?r=BS21306&GRUPO=PO99&SERIE=4,2026-09-08T15:39:34Z
BS21306,2001,2001-09-06,SANTURCE,33,"Falcon, Alex",,11,0,0,0,0,0,0,0,5,5,2,0,0,2,0,0,single-source,wayback_bsnpr_games,https://web.archive.org/web/20011201085750id_/http://www.bsnpr.com:80/gamestatwide.asp?r=BS21306&GRUPO=PO99&SERIE=4,2026-09-08T15:39:34Z
BS21306,2001,2001-09-06,SANTURCE,4,"Ortiz, Jose",,33,9,16,0,0,0,0,2,7,9,7,0,3,2,2,18,single-source,wayback_bsnpr_games,https://web.archive.org/web/20011201085750id_/http://www.bsnpr.com:80/gamestatwide.asp?r=BS21306&GRUPO=PO99&SERIE=4,2026-09-08T15:39:34Z
BS21306,2001,2001-09-06,SANTURCE,42,"Aubry, Jeffrey",,5,0,0,0,0,2,2,1,1,2,0,0,1,1,1,2,single-source,wayback_bsnpr_games,https://web.archive.org/web/20011201085750id_/http://www.bsnpr.com:80/gamestatwide.asp?r=BS21306&GRUPO=PO99&SERIE=4,2026-09-08T15:39:34Z
BS21306,2001,2001-09-06,SANTURCE,44,"Bocachica, Armando",,1,0,0,0,0,0,0,0,0,0,0,0,0,0,0,0,single-source,wayback_bsnpr_games,https://web.archive.org/web/20011201085750id_/http://www.bsnpr.com:80/gamestatwide.asp?r=BS21306&GRUPO=PO99&SERIE=4,2026-09-08T15:39:34Z
BS21306,2001,2001-09-06,SANTURCE,5,"Santiago, Orlando",,29,4,6,6,9,0,0,0,2,2,2,0,0,4,1,26,single-source,wayback_bsnpr_games,https://web.archive.org/web/20011201085750id_/http://www.bsnpr.com:80/gamestatwide.asp?r=BS21306&GRUPO=PO99&SERIE=4,2026-09-08T15:39:34Z
BS21306,2001,2001-09-06,SANTURCE,7,"Arroyo, Carlos",273,37,6,12,3,5,2,2,1,3,4,7,2,0,2,5,23,single-source,wayback_bsnpr_games,https://web.archive.org/web/20011201085750id_/http://www.bsnpr.com:80/gamestatwide.asp?r=BS21306&GRUPO=PO99&SERIE=4,2026-09-08T15:39:34Z
BS21306,2001,2001-09-06,SANTURCE,8,"Trimingham, Leon",,31,10,12,0,0,0,0,1,7,8,1,0,0,3,2,20,single-source,wayback_bsnpr_games,https://web.archive.org/web/20011201085750id_/http://www.bsnpr.com:80/gamestatwide.asp?r=BS21306&GRUPO=PO99&SERIE=4,2026-09-08T15:39:34Z
BS21306,2001,2001-09-06,SANTURCE,9,"Santiago, Edwin",,17,1,3,1,1,0,0,0,1,1,1,1,0,1,1,5,single-source,wayback_bsnpr_games,https://web.archive.org/web/20011201085750id_/http://www.bsnpr.com:80/gamestatwide.asp?r=BS21306&GRUPO=PO99&SERIE=4,2026-09-08T15:39:34Z
BS21307,2001,2001-09-07,BAYAMON,0,"Richard, Jaja",,26,3,3,0,0,1,1,2,5,7,4,2,2,4,2,7,single-source,wayback_bsnpr_games,https://web.archive.org/web/20011020074608id_/http://www.bsnpr.com:80/gamestatwide.asp?r=BS21307&GRUPO=PO99&SERIE=4,2026-09-08T15:37:20Z
BS21307,2001,2001-09-07,BAYAMON,1,"Salgado, Gustavo",,5,0,0,0,0,0,0,0,0,0,0,0,0,1,0,0,single-source,wayback_bsnpr_games,https://web.archive.org/web/20011020074608id_/http://www.bsnpr.com:80/gamestatwide.asp?r=BS21307&GRUPO=PO99&SERIE=4,2026-09-08T15:37:20Z
BS21307,2001,2001-09-07,BAYAMON,12,"Padilla, Edgar",,20,4,7,0,2,0,0,0,6,6,2,3,0,3,6,8,single-source,wayback_bsnpr_games,https://web.archive.org/web/20011020074608id_/http://www.bsnpr.com:80/gamestatwide.asp?r=BS21307&GRUPO=PO99&SERIE=4,2026-09-08T15:37:20Z
BS21307,2001,2001-09-07,BAYAMON,13,"Payano, Carlos",,22,3,9,1,3,3,4,4,0,4,1,0,0,2,0,12,single-source,wayback_bsnpr_games,https://web.archive.org/web/20011020074608id_/http://www.bsnpr.com:80/gamestatwide.asp?r=BS21307&GRUPO=PO99&SERIE=4,2026-09-08T15:37:20Z
BS21307,2001,2001-09-07,BAYAMON,17,"Mincy, Jerome",1032,19,5,8,0,2,3,4,1,4,5,0,0,0,2,1,13,single-source,wayback_bsnpr_games,https://web.archive.org/web/20011020074608id_/http://www.bsnpr.com:80/gamestatwide.asp?r=BS21307&GRUPO=PO99&SERIE=4,2026-09-08T15:37:20Z
BS21307,2001,2001-09-07,BAYAMON,32,"Santiago, Eddin",502,23,1,7,2,5,4,4,2,1,3,4,5,0,3,5,12,single-source,wayback_bsnpr_games,https://web.archive.org/web/20011020074608id_/http://www.bsnpr.com:80/gamestatwide.asp?r=BS21307&GRUPO=PO99&SERIE=4,2026-09-08T15:37:20Z
BS21307,2001,2001-09-07,BAYAMON,4,"Western, Franklin",,22,5,10,0,0,2,2,2,1,3,1,1,0,1,1,12,single-source,wayback_bsnpr_games,https://web.archive.org/web/20011020074608id_/http://www.bsnpr.com:80/gamestatwide.asp?r=BS21307&GRUPO=PO99&SERIE=4,2026-09-08T15:37:20Z
BS21307,2001,2001-09-07,BAYAMON,55,"Santiago, Daniel",427,29,5,8,0,0,3,4,1,4,5,2,0,1,4,0,13,single-source,wayback_bsnpr_games,https://web.archive.org/web/20011020074608id_/http://www.bsnpr.com:80/gamestatwide.asp?r=BS21307&GRUPO=PO99&SERIE=4,2026-09-08T15:37:20Z
BS21307,2001,2001-09-07,BAYAMON,6,"Travieso, Carmelo",,34,6,9,3,9,2,2,1,2,3,2,1,0,4,3,23,single-source,wayback_bsnpr_games,https://web.archive.org/web/20011020074608id_/http://www.bsnpr.com:80/gamestatwide.asp?r=BS21307&GRUPO=PO99&SERIE=4,2026-09-08T15:37:20Z
BS21307,2001,2001-09-07,SAN GERMAN,1,"Jackson, Leroy",1442,27,4,5,0,4,4,5,2,4,6,2,3,0,3,4,12,single-source,wayback_bsnpr_games,https://web.archive.org/web/20011020074608id_/http://www.bsnpr.com:80/gamestatwide.asp?r=BS21307&GRUPO=PO99&SERIE=4,2026-09-08T15:37:20Z
BS21307,2001,2001-09-07,SAN GERMAN,12,"Caanen, Wilhemus",,13,1,2,1,1,0,0,1,1,2,5,0,0,3,1,5,single-source,wayback_bsnpr_games,https://web.archive.org/web/20011020074608id_/http://www.bsnpr.com:80/gamestatwide.asp?r=BS21307&GRUPO=PO99&SERIE=4,2026-09-08T15:37:20Z
BS21307,2001,2001-09-07,SAN GERMAN,13,"Fajardo, Shariff",,40,6,8,1,3,6,6,4,7,11,2,3,0,2,5,21,single-source,wayback_bsnpr_games,https://web.archive.org/web/20011020074608id_/http://www.bsnpr.com:80/gamestatwide.asp?r=BS21307&GRUPO=PO99&SERIE=4,2026-09-08T15:37:20Z
BS21307,2001,2001-09-07,SAN GERMAN,17,"Dalmau, Christian",382,40,8,15,4,8,8,9,2,5,7,3,1,0,2,4,36,single-source,wayback_bsnpr_games,https://web.archive.org/web/20011020074608id_/http://www.bsnpr.com:80/gamestatwide.asp?r=BS21307&GRUPO=PO99&SERIE=4,2026-09-08T15:37:20Z
BS21307,2001,2001-09-07,SAN GERMAN,18,"Barea, Irving",,9,0,1,0,0,0,0,0,0,0,0,0,0,1,0,0,single-source,wayback_bsnpr_games,https://web.archive.org/web/20011020074608id_/http://www.bsnpr.com:80/gamestatwide.asp?r=BS21307&GRUPO=PO99&SERIE=4,2026-09-08T15:37:20Z
BS21307,2001,2001-09-07,SAN GERMAN,20,"Ayuso, Larry",574,39,4,8,1,6,14,14,0,4,4,6,2,0,2,4,25,single-source,wayback_bsnpr_games,https://web.archive.org/web/20011020074608id_/http://www.bsnpr.com:80/gamestatwide.asp?r=BS21307&GRUPO=PO99&SERIE=4,2026-09-08T15:37:20Z
BS21307,2001,2001-09-07,SAN GERMAN,26,"Zayas, Gerardo",795,1,0,0,0,0,0,0,0,0,0,0,0,0,0,0,0,single-source,wayback_bsnpr_games,https://web.archive.org/web/20011020074608id_/http://www.bsnpr.com:80/gamestatwide.asp?r=BS21307&GRUPO=PO99&SERIE=4,2026-09-08T15:37:20Z
BS21307,2001,2001-09-07,SAN GERMAN,32,"Mackey, Malcom",,30,4,9,0,0,1,3,2,4,6,0,0,1,3,2,9,single-source,wayback_bsnpr_games,https://web.archive.org/web/20011020074608id_/http://www.bsnpr.com:80/gamestatwide.asp?r=BS21307&GRUPO=PO99&SERIE=4,2026-09-08T15:37:20Z
BS21307,2001,2001-09-07,SAN GERMAN,7,"Quinonez, Nelson",,1,0,0,0,0,0,0,0,0,0,0,0,0,0,1,0,single-source,wayback_bsnpr_games,https://web.archive.org/web/20011020074608id_/http://www.bsnpr.com:80/gamestatwide.asp?r=BS21307&GRUPO=PO99&SERIE=4,2026-09-08T15:37:20Z
BS21308,2001,2001-09-08,PONCE,1,"Morales, Ferdinand",,25,3,4,0,2,1,2,2,6,8,6,1,0,5,0,7,single-source,wayback_bsnpr_games,https://web.archive.org/web/20011020074738id_/http://www.bsnpr.com:80/gamestatwide.asp?r=BS21308&GRUPO=PO99&SERIE=4,2026-09-08T15:37:22Z
BS21308,2001,2001-09-08,PONCE,1,"Morales, Ferdinand",,25,3,4,0,2,1,2,2,6,8,6,1,0,5,0,7,single-source,wayback_bsnpr_games,https://web.archive.org/web/20011101180253id_/http://www.bsnpr.com:80/gamestatwide.asp?r=BS21308&grupo=,2026-09-08T15:37:42Z
BS21308,2001,2001-09-08,PONCE,10,"Hatton, Bobby Joe",2074,12,2,6,0,1,0,0,1,1,2,1,0,0,0,2,4,single-source,wayback_bsnpr_games,https://web.archive.org/web/20011020074738id_/http://www.bsnpr.com:80/gamestatwide.asp?r=BS21308&GRUPO=PO99&SERIE=4,2026-09-08T15:37:22Z
BS21308,2001,2001-09-08,PONCE,10,"Hatton, Bobby Joe",2074,12,2,6,0,1,0,0,1,1,2,1,0,0,0,2,4,single-source,wayback_bsnpr_games,https://web.archive.org/web/20011101180253id_/http://www.bsnpr.com:80/gamestatwide.asp?r=BS21308&grupo=,2026-09-08T15:37:42Z
BS21308,2001,2001-09-08,PONCE,11,"Casiano, Eddie",498,37,7,9,4,7,11,12,1,0,1,2,1,0,2,3,37,single-source,wayback_bsnpr_games,https://web.archive.org/web/20011020074738id_/http://www.bsnpr.com:80/gamestatwide.asp?r=BS21308&GRUPO=PO99&SERIE=4,2026-09-08T15:37:22Z
BS21308,2001,2001-09-08,PONCE,11,"Casiano, Eddie",498,37,7,9,4,7,11,12,1,0,1,2,1,0,2,3,37,single-source,wayback_bsnpr_games,https://web.archive.org/web/20011101180253id_/http://www.bsnpr.com:80/gamestatwide.asp?r=BS21308&grupo=,2026-09-08T15:37:42Z
BS21308,2001,2001-09-08,PONCE,12,"Ricardo, Osiris",,34,3,4,0,0,2,5,1,11,12,0,0,1,4,5,8,single-source,wayback_bsnpr_games,https://web.archive.org/web/20011020074738id_/http://www.bsnpr.com:80/gamestatwide.asp?r=BS21308&GRUPO=PO99&SERIE=4,2026-09-08T15:37:22Z
BS21308,2001,2001-09-08,PONCE,12,"Ricardo, Osiris",,34,3,4,0,0,2,5,1,11,12,0,0,1,4,5,8,single-source,wayback_bsnpr_games,https://web.archive.org/web/20011101180253id_/http://www.bsnpr.com:80/gamestatwide.asp?r=BS21308&grupo=,2026-09-08T15:37:42Z
BS21308,2001,2001-09-08,PONCE,13,"Jourdon, Keenan",,6,0,2,0,2,0,2,1,0,1,1,0,0,2,0,0,single-source,wayback_bsnpr_games,https://web.archive.org/web/20011020074738id_/http://www.bsnpr.com:80/gamestatwide.asp?r=BS21308&GRUPO=PO99&SERIE=4,2026-09-08T15:37:22Z
BS21308,2001,2001-09-08,PONCE,13,"Jourdon, Keenan",,6,0,2,0,2,0,2,1,0,1,1,0,0,2,0,0,single-source,wayback_bsnpr_games,https://web.archive.org/web/20011101180253id_/http://www.bsnpr.com:80/gamestatwide.asp?r=BS21308&grupo=,2026-09-08T15:37:42Z
BS21308,2001,2001-09-08,PONCE,17,"Collado, Roberto",,1,0,1,0,0,0,0,0,0,0,0,0,0,0,0,0,single-source,wayback_bsnpr_games,https://web.archive.org/web/20011020074738id_/http://www.bsnpr.com:80/gamestatwide.asp?r=BS21308&GRUPO=PO99&SERIE=4,2026-09-08T15:37:22Z
BS21308,2001,2001-09-08,PONCE,17,"Collado, Roberto",,1,0,1,0,0,0,0,0,0,0,0,0,0,0,0,0,single-source,wayback_bsnpr_games,https://web.archive.org/web/20011101180253id_/http://www.bsnpr.com:80/gamestatwide.asp?r=BS21308&grupo=,2026-09-08T15:37:42Z
BS21308,2001,2001-09-08,PONCE,25,"Haywood, Jameel",,40,8,14,0,0,5,5,5,11,16,2,1,0,2,2,21,single-source,wayback_bsnpr_games,https://web.archive.org/web/20011020074738id_/http://www.bsnpr.com:80/gamestatwide.asp?r=BS21308&GRUPO=PO99&SERIE=4,2026-09-08T15:37:22Z
BS21308,2001,2001-09-08,PONCE,25,"Haywood, Jameel",,40,8,14,0,0,5,5,5,11,16,2,1,0,2,2,21,single-source,wayback_bsnpr_games,https://web.archive.org/web/20011101180253id_/http://www.bsnpr.com:80/gamestatwide.asp?r=BS21308&grupo=,2026-09-08T15:37:42Z
BS21308,2001,2001-09-08,PONCE,33,"Soto, Eugenio",651,7,0,0,0,0,0,0,0,1,1,0,0,0,0,0,0,single-source,wayback_bsnpr_games,https://web.archive.org/web/20011020074738id_/http://www.bsnpr.com:80/gamestatwide.asp?r=BS21308&GRUPO=PO99&SERIE=4,2026-09-08T15:37:22Z
BS21308,2001,2001-09-08,PONCE,33,"Soto, Eugenio",651,7,0,0,0,0,0,0,0,1,1,0,0,0,0,0,0,single-source,wayback_bsnpr_games,https://web.archive.org/web/20011101180253id_/http://www.bsnpr.com:80/gamestatwide.asp?r=BS21308&grupo=,2026-09-08T15:37:42Z
BS21308,2001,2001-09-08,PONCE,4,"Colon, Javier",1011,33,4,11,3,9,0,1,2,3,5,4,1,0,3,2,17,single-source,wayback_bsnpr_games,https://web.archive.org/web/20011020074738id_/http://www.bsnpr.com:80/gamestatwide.asp?r=BS21308&GRUPO=PO99&SERIE=4,2026-09-08T15:37:22Z
BS21308,2001,2001-09-08,PONCE,4,"Colon, Javier",1011,33,4,11,3,9,0,1,2,3,5,4,1,0,3,2,17,single-source,wayback_bsnpr_games,https://web.archive.org/web/20011101180253id_/http://www.bsnpr.com:80/gamestatwide.asp?r=BS21308&grupo=,2026-09-08T15:37:42Z
BS21308,2001,2001-09-08,PONCE,5,"Agosto, Jose",,5,0,1,0,1,3,4,0,0,0,0,0,0,0,0,3,single-source,wayback_bsnpr_games,https://web.archive.org/web/20011020074738id_/http://www.bsnpr.com:80/gamestatwide.asp?r=BS21308&GRUPO=PO99&SERIE=4,2026-09-08T15:37:22Z
BS21308,2001,2001-09-08,PONCE,5,"Agosto, Jose",,5,0,1,0,1,3,4,0,0,0,0,0,0,0,0,3,single-source,wayback_bsnpr_games,https://web.archive.org/web/20011101180253id_/http://www.bsnpr.com:80/gamestatwide.asp?r=BS21308&grupo=,2026-09-08T15:37:42Z
BS21308,2001,2001-09-08,SANTURCE,11,"Benson, Mark",,16,6,7,0,4,0,0,4,1,5,0,2,0,3,1,12,single-source,wayback_bsnpr_games,https://web.archive.org/web/20011020074738id_/http://www.bsnpr.com:80/gamestatwide.asp?r=BS21308&GRUPO=PO99&SERIE=4,2026-09-08T15:37:22Z
BS21308,2001,2001-09-08,SANTURCE,11,"Benson, Mark",,16,6,7,0,4,0,0,4,1,5,0,2,0,3,1,12,single-source,wayback_bsnpr_games,https://web.archive.org/web/20011101180253id_/http://www.bsnpr.com:80/gamestatwide.asp?r=BS21308&grupo=,2026-09-08T15:37:42Z
BS21308,2001,2001-09-08,SANTURCE,12,"Hourutunier, Rolando",,27,5,8,0,1,0,0,3,1,4,0,1,0,3,3,10,single-source,wayback_bsnpr_games,https://web.archive.org/web/20011020074738id_/http://www.bsnpr.com:80/gamestatwide.asp?r=BS21308&GRUPO=PO99&SERIE=4,2026-09-08T15:37:22Z
BS21308,2001,2001-09-08,SANTURCE,12,"Hourutunier, Rolando",,27,5,8,0,1,0,0,3,1,4,0,1,0,3,3,10,single-source,wayback_bsnpr_games,https://web.archive.org/web/20011101180253id_/http://www.bsnpr.com:80/gamestatwide.asp?r=BS21308&grupo=,2026-09-08T15:37:42Z
BS21308,2001,2001-09-08,SANTURCE,33,"Falcon, Alex",,12,0,0,0,0,4,6,0,3,3,1,0,0,4,1,4,single-source,wayback_bsnpr_games,https://web.archive.org/web/20011020074738id_/http://www.bsnpr.com:80/gamestatwide.asp?r=BS21308&GRUPO=PO99&SERIE=4,2026-09-08T15:37:22Z
BS21308,2001,2001-09-08,SANTURCE,33,"Falcon, Alex",,12,0,0,0,0,4,6,0,3,3,1,0,0,4,1,4,single-source,wayback_bsnpr_games,https://web.archive.org/web/20011101180253id_/http://www.bsnpr.com:80/gamestatwide.asp?r=BS21308&grupo=,2026-09-08T15:37:42Z
BS21308,2001,2001-09-08,SANTURCE,4,"Ortiz, Jose",,35,8,16,1,3,4,6,2,11,13,0,1,4,1,2,23,single-source,wayback_bsnpr_games,https://web.archive.org/web/20011020074738id_/http://www.bsnpr.com:80/gamestatwide.asp?r=BS21308&GRUPO=PO99&SERIE=4,2026-09-08T15:37:22Z
BS21308,2001,2001-09-08,SANTURCE,4,"Ortiz, Jose",,35,8,16,1,3,4,6,2,11,13,0,1,4,1,2,23,single-source,wayback_bsnpr_games,https://web.archive.org/web/20011101180253id_/http://www.bsnpr.com:80/gamestatwide.asp?r=BS21308&grupo=,2026-09-08T15:37:42Z
BS21308,2001,2001-09-08,SANTURCE,42,"Aubry, Jeffrey",,4,0,0,0,0,0,0,0,0,0,0,0,1,1,0,0,single-source,wayback_bsnpr_games,https://web.archive.org/web/20011020074738id_/http://www.bsnpr.com:80/gamestatwide.asp?r=BS21308&GRUPO=PO99&SERIE=4,2026-09-08T15:37:22Z
BS21308,2001,2001-09-08,SANTURCE,42,"Aubry, Jeffrey",,4,0,0,0,0,0,0,0,0,0,0,0,1,1,0,0,single-source,wayback_bsnpr_games,https://web.archive.org/web/20011101180253id_/http://www.bsnpr.com:80/gamestatwide.asp?r=BS21308&grupo=,2026-09-08T15:37:42Z
BS21308,2001,2001-09-08,SANTURCE,44,"Bocachica, Cesar A",,7,2,3,0,0,0,0,3,0,3,0,1,0,3,0,4,single-source,wayback_bsnpr_games,https://web.archive.org/web/20011020074738id_/http://www.bsnpr.com:80/gamestatwide.asp?r=BS21308&GRUPO=PO99&SERIE=4,2026-09-08T15:37:22Z
BS21308,2001,2001-09-08,SANTURCE,44,"Bocachica, Cesar A",,7,2,3,0,0,0,0,3,0,3,0,1,0,3,0,4,single-source,wayback_bsnpr_games,https://web.archive.org/web/20011101180253id_/http://www.bsnpr.com:80/gamestatwide.asp?r=BS21308&grupo=,2026-09-08T15:37:42Z
BS21308,2001,2001-09-08,SANTURCE,5,"Santiago, Orlando",,38,3,4,3,12,2,2,3,1,4,3,2,0,3,0,17,single-source,wayback_bsnpr_games,https://web.archive.org/web/20011020074738id_/http://www.bsnpr.com:80/gamestatwide.asp?r=BS21308&GRUPO=PO99&SERIE=4,2026-09-08T15:37:22Z
BS21308,2001,2001-09-08,SANTURCE,5,"Santiago, Orlando",,38,3,4,3,12,2,2,3,1,4,3,2,0,3,0,17,single-source,wayback_bsnpr_games,https://web.archive.org/web/20011101180253id_/http://www.bsnpr.com:80/gamestatwide.asp?r=BS21308&grupo=,2026-09-08T15:37:42Z
BS21308,2001,2001-09-08,SANTURCE,7,"Arroyo, Carlos",273,29,2,13,1,6,0,0,5,1,6,6,0,0,3,0,7,single-source,wayback_bsnpr_games,https://web.archive.org/web/20011020074738id_/http://www.bsnpr.com:80/gamestatwide.asp?r=BS21308&GRUPO=PO99&SERIE=4,2026-09-08T15:37:22Z
BS21308,2001,2001-09-08,SANTURCE,7,"Arroyo, Carlos",273,29,2,13,1,6,0,0,5,1,6,6,0,0,3,0,7,single-source,wayback_bsnpr_games,https://web.archive.org/web/20011101180253id_/http://www.bsnpr.com:80/gamestatwide.asp?r=BS21308&grupo=,2026-09-08T15:37:42Z
BS21308,2001,2001-09-08,SANTURCE,8,"Trimmingham, Leon",,28,7,13,0,0,1,2,1,8,9,2,2,0,5,3,15,single-source,wayback_bsnpr_games,https://web.archive.org/web/20011020074738id_/http://www.bsnpr.com:80/gamestatwide.asp?r=BS21308&GRUPO=PO99&SERIE=4,2026-09-08T15:37:22Z
BS21308,2001,2001-09-08,SANTURCE,8,"Trimmingham, Leon",,28,7,13,0,0,1,2,1,8,9,2,2,0,5,3,15,single-source,wayback_bsnpr_games,https://web.archive.org/web/20011101180253id_/http://www.bsnpr.com:80/gamestatwide.asp?r=BS21308&grupo=,2026-09-08T15:37:42Z
BS21308,2001,2001-09-08,SANTURCE,9,"Santiago, Edwin",,4,1,1,0,1,0,0,0,0,0,1,0,0,0,0,2,single-source,wayback_bsnpr_games,https://web.archive.org/web/20011020074738id_/http://www.bsnpr.com:80/gamestatwide.asp?r=BS21308&GRUPO=PO99&SERIE=4,2026-09-08T15:37:22Z
BS21308,2001,2001-09-08,SANTURCE,9,"Santiago, Edwin",,4,1,1,0,1,0,0,0,0,0,1,0,0,0,0,2,single-source,wayback_bsnpr_games,https://web.archive.org/web/20011101180253id_/http://www.bsnpr.com:80/gamestatwide.asp?r=BS21308&grupo=,2026-09-08T15:37:42Z
BS21309,2001,2001-09-09,BAYAMON,0,"Richard, Jaja",,26,1,3,0,0,0,0,0,5,5,0,1,2,1,2,2,single-source,wayback_bsnpr_games,https://web.archive.org/web/20011020100200id_/http://www.bsnpr.com:80/gamestatwide.asp?r=BS21309&GRUPO=PO99&SERIE=4,2026-09-08T15:37:24Z
BS21309,2001,2001-09-09,BAYAMON,0,"Richard, Jaja",,26,1,3,0,0,0,0,0,5,5,0,1,2,1,2,2,single-source,wayback_bsnpr_games,https://web.archive.org/web/20011201121839id_/http://www.bsnpr.com:80/gamestatwide.asp?r=BS21309&grupo=,2026-09-08T15:39:36Z
BS21309,2001,2001-09-09,BAYAMON,1,"Salgado, Gustavo",,4,1,1,0,1,0,0,0,0,0,0,0,0,0,0,2,single-source,wayback_bsnpr_games,https://web.archive.org/web/20011020100200id_/http://www.bsnpr.com:80/gamestatwide.asp?r=BS21309&GRUPO=PO99&SERIE=4,2026-09-08T15:37:24Z
BS21309,2001,2001-09-09,BAYAMON,1,"Salgado, Gustavo",,4,1,1,0,1,0,0,0,0,0,0,0,0,0,0,2,single-source,wayback_bsnpr_games,https://web.archive.org/web/20011201121839id_/http://www.bsnpr.com:80/gamestatwide.asp?r=BS21309&grupo=,2026-09-08T15:39:36Z
BS21309,2001,2001-09-09,BAYAMON,12,"Padilla, Edgar",,34,2,4,2,3,0,0,0,2,2,8,0,0,3,5,10,single-source,wayback_bsnpr_games,https://web.archive.org/web/20011020100200id_/http://www.bsnpr.com:80/gamestatwide.asp?r=BS21309&GRUPO=PO99&SERIE=4,2026-09-08T15:37:24Z
BS21309,2001,2001-09-09,BAYAMON,12,"Padilla, Edgar",,34,2,4,2,3,0,0,0,2,2,8,0,0,3,5,10,single-source,wayback_bsnpr_games,https://web.archive.org/web/20011201121839id_/http://www.bsnpr.com:80/gamestatwide.asp?r=BS21309&grupo=,2026-09-08T15:39:36Z
BS21309,2001,2001-09-09,BAYAMON,13,"Payano, Carlos",,22,2,6,1,3,1,2,0,2,2,1,0,0,4,0,8,single-source,wayback_bsnpr_games,https://web.archive.org/web/20011020100200id_/http://www.bsnpr.com:80/gamestatwide.asp?r=BS21309&GRUPO=PO99&SERIE=4,2026-09-08T15:37:24Z
BS21309,2001,2001-09-09,BAYAMON,13,"Payano, Carlos",,22,2,6,1,3,1,2,0,2,2,1,0,0,4,0,8,single-source,wayback_bsnpr_games,https://web.archive.org/web/20011201121839id_/http://www.bsnpr.com:80/gamestatwide.asp?r=BS21309&grupo=,2026-09-08T15:39:36Z
BS21309,2001,2001-09-09,BAYAMON,17,"Mincy, Jerome",1032,18,2,2,1,3,3,4,2,4,6,1,0,0,2,2,10,single-source,wayback_bsnpr_games,https://web.archive.org/web/20011020100200id_/http://www.bsnpr.com:80/gamestatwide.asp?r=BS21309&GRUPO=PO99&SERIE=4,2026-09-08T15:37:24Z
BS21309,2001,2001-09-09,BAYAMON,17,"Mincy, Jerome",1032,18,2,2,1,3,3,4,2,4,6,1,0,0,2,2,10,single-source,wayback_bsnpr_games,https://web.archive.org/web/20011201121839id_/http://www.bsnpr.com:80/gamestatwide.asp?r=BS21309&grupo=,2026-09-08T15:39:36Z
BS21309,2001,2001-09-09,BAYAMON,20,"Rivera, Joshua",,5,2,4,0,1,0,0,0,0,0,1,2,0,0,0,4,single-source,wayback_bsnpr_games,https://web.archive.org/web/20011020100200id_/http://www.bsnpr.com:80/gamestatwide.asp?r=BS21309&GRUPO=PO99&SERIE=4,2026-09-08T15:37:24Z
BS21309,2001,2001-09-09,BAYAMON,20,"Rivera, Joshua",,5,2,4,0,1,0,0,0,0,0,1,2,0,0,0,4,single-source,wayback_bsnpr_games,https://web.archive.org/web/20011201121839id_/http://www.bsnpr.com:80/gamestatwide.asp?r=BS21309&grupo=,2026-09-08T15:39:36Z
BS21309,2001,2001-09-09,BAYAMON,4,"Western, Franklyn",,35,10,18,0,0,15,16,4,6,10,5,2,0,1,1,35,single-source,wayback_bsnpr_games,https://web.archive.org/web/20011020100200id_/http://www.bsnpr.com:80/gamestatwide.asp?r=BS21309&GRUPO=PO99&SERIE=4,2026-09-08T15:37:24Z
BS21309,2001,2001-09-09,BAYAMON,4,"Western, Franklyn",,35,10,18,0,0,15,16,4,6,10,5,2,0,1,1,35,single-source,wayback_bsnpr_games,https://web.archive.org/web/20011201121839id_/http://www.bsnpr.com:80/gamestatwide.asp?r=BS21309&grupo=,2026-09-08T15:39:36Z
BS21309,2001,2001-09-09,BAYAMON,44,"Novas, Rafael",,11,1,3,0,0,0,0,1,4,5,1,0,0,2,1,2,single-source,wayback_bsnpr_games,https://web.archive.org/web/20011020100200id_/http://www.bsnpr.com:80/gamestatwide.asp?r=BS21309&GRUPO=PO99&SERIE=4,2026-09-08T15:37:24Z
BS21309,2001,2001-09-09,BAYAMON,44,"Novas, Rafael",,11,1,3,0,0,0,0,1,4,5,1,0,0,2,1,2,single-source,wayback_bsnpr_games,https://web.archive.org/web/20011201121839id_/http://www.bsnpr.com:80/gamestatwide.asp?r=BS21309&grupo=,2026-09-08T15:39:36Z
BS21309,2001,2001-09-09,BAYAMON,55,"Santiago, Daniel",427,25,10,12,0,0,1,2,2,6,8,2,0,3,2,1,21,single-source,wayback_bsnpr_games,https://web.archive.org/web/20011020100200id_/http://www.bsnpr.com:80/gamestatwide.asp?r=BS21309&GRUPO=PO99&SERIE=4,2026-09-08T15:37:24Z
BS21309,2001,2001-09-09,BAYAMON,55,"Santiago, Daniel",427,25,10,12,0,0,1,2,2,6,8,2,0,3,2,1,21,single-source,wayback_bsnpr_games,https://web.archive.org/web/20011201121839id_/http://www.bsnpr.com:80/gamestatwide.asp?r=BS21309&grupo=,2026-09-08T15:39:36Z
BS21309,2001,2001-09-09,BAYAMON,6,"Travieso, Carmelo",,20,3,5,2,3,3,4,0,1,1,2,0,0,2,1,15,single-source,wayback_bsnpr_games,https://web.archive.org/web/20011020100200id_/http://www.bsnpr.com:80/gamestatwide.asp?r=BS21309&GRUPO=PO99&SERIE=4,2026-09-08T15:37:24Z
BS21309,2001,2001-09-09,BAYAMON,6,"Travieso, Carmelo",,20,3,5,2,3,3,4,0,1,1,2,0,0,2,1,15,single-source,wayback_bsnpr_games,https://web.archive.org/web/20011201121839id_/http://www.bsnpr.com:80/gamestatwide.asp?r=BS21309&grupo=,2026-09-08T15:39:36Z
BS21309,2001,2001-09-09,SAN GERMAN,1,"Jackson, Leroy",1442,17,0,4,0,2,3,4,0,2,2,0,0,0,3,2,3,single-source,wayback_bsnpr_games,https://web.archive.org/web/20011020100200id_/http://www.bsnpr.com:80/gamestatwide.asp?r=BS21309&GRUPO=PO99&SERIE=4,2026-09-08T15:37:24Z
BS21309,2001,2001-09-09,SAN GERMAN,1,"Jackson, Leroy",1442,17,0,4,0,2,3,4,0,2,2,0,0,0,3,2,3,single-source,wayback_bsnpr_games,https://web.archive.org/web/20011201121839id_/http://www.bsnpr.com:80/gamestatwide.asp?r=BS21309&grupo=,2026-09-08T15:39:36Z
BS21309,2001,2001-09-09,SAN GERMAN,10,"Figueroa, Osvaldo",,2,0,1,0,0,0,0,1,0,1,0,0,0,0,0,0,single-source,wayback_bsnpr_games,https://web.archive.org/web/20011020100200id_/http://www.bsnpr.com:80/gamestatwide.asp?r=BS21309&GRUPO=PO99&SERIE=4,2026-09-08T15:37:24Z
BS21309,2001,2001-09-09,SAN GERMAN,10,"Figueroa, Osvaldo",,2,0,1,0,0,0,0,1,0,1,0,0,0,0,0,0,single-source,wayback_bsnpr_games,https://web.archive.org/web/20011201121839id_/http://www.bsnpr.com:80/gamestatwide.asp?r=BS21309&grupo=,2026-09-08T15:39:36Z
BS21309,2001,2001-09-09,SAN GERMAN,12,"Caanen, Wilhelmus",,18,2,2,3,6,0,0,0,1,1,3,0,1,2,4,13,single-source,wayback_bsnpr_games,https://web.archive.org/web/20011020100200id_/http://www.bsnpr.com:80/gamestatwide.asp?r=BS21309&GRUPO=PO99&SERIE=4,2026-09-08T15:37:24Z
BS21309,2001,2001-09-09,SAN GERMAN,12,"Caanen, Wilhelmus",,18,2,2,3,6,0,0,0,1,1,3,0,1,2,4,13,single-source,wayback_bsnpr_games,https://web.archive.org/web/20011201121839id_/http://www.bsnpr.com:80/gamestatwide.asp?r=BS21309&grupo=,2026-09-08T15:39:36Z
BS21309,2001,2001-09-09,SAN GERMAN,13,"Fajardo, Shariff",,29,5,12,0,1,4,4,6,5,11,2,0,0,3,2,14,single-source,wayback_bsnpr_games,https://web.archive.org/web/20011020100200id_/http://www.bsnpr.com:80/gamestatwide.asp?r=BS21309&GRUPO=PO99&SERIE=4,2026-09-08T15:37:24Z
BS21309,2001,2001-09-09,SAN GERMAN,13,"Fajardo, Shariff",,29,5,12,0,1,4,4,6,5,11,2,0,0,3,2,14,single-source,wayback_bsnpr_games,https://web.archive.org/web/20011201121839id_/http://www.bsnpr.com:80/gamestatwide.asp?r=BS21309&grupo=,2026-09-08T15:39:36Z
BS21309,2001,2001-09-09,SAN GERMAN,14,"Rivera, Raul",,5,0,1,0,0,0,0,0,0,0,0,0,0,1,0,0,single-source,wayback_bsnpr_games,https://web.archive.org/web/20011020100200id_/http://www.bsnpr.com:80/gamestatwide.asp?r=BS21309&GRUPO=PO99&SERIE=4,2026-09-08T15:37:24Z
BS21309,2001,2001-09-09,SAN GERMAN,14,"Rivera, Raul",,5,0,1,0,0,0,0,0,0,0,0,0,0,1,0,0,single-source,wayback_bsnpr_games,https://web.archive.org/web/20011201121839id_/http://www.bsnpr.com:80/gamestatwide.asp?r=BS21309&grupo=,2026-09-08T15:39:36Z
BS21309,2001,2001-09-09,SAN GERMAN,17,"Dalmau, Christian",382,18,2,6,0,2,0,0,0,2,2,0,0,0,2,3,4,single-source,wayback_bsnpr_games,https://web.archive.org/web/20011020100200id_/http://www.bsnpr.com:80/gamestatwide.asp?r=BS21309&GRUPO=PO99&SERIE=4,2026-09-08T15:37:24Z
BS21309,2001,2001-09-09,SAN GERMAN,17,"Dalmau, Christian",382,18,2,6,0,2,0,0,0,2,2,0,0,0,2,3,4,single-source,wayback_bsnpr_games,https://web.archive.org/web/20011201121839id_/http://www.bsnpr.com:80/gamestatwide.asp?r=BS21309&grupo=,2026-09-08T15:39:36Z
BS21309,2001,2001-09-09,SAN GERMAN,18,"Barea, Irving",,7,3,3,0,2,0,0,0,1,1,0,0,0,2,0,6,single-source,wayback_bsnpr_games,https://web.archive.org/web/20011020100200id_/http://www.bsnpr.com:80/gamestatwide.asp?r=BS21309&GRUPO=PO99&SERIE=4,2026-09-08T15:37:24Z
BS21309,2001,2001-09-09,SAN GERMAN,18,"Barea, Irving",,7,3,3,0,2,0,0,0,1,1,0,0,0,2,0,6,single-source,wayback_bsnpr_games,https://web.archive.org/web/20011201121839id_/http://www.bsnpr.com:80/gamestatwide.asp?r=BS21309&grupo=,2026-09-08T15:39:36Z
BS21309,2001,2001-09-09,SAN GERMAN,20,"Ayuso, Larry",574,25,1,3,2,5,6,7,1,1,2,1,0,0,1,3,14,single-source,wayback_bsnpr_games,https://web.archive.org/web/20011020100200id_/http://www.bsnpr.com:80/gamestatwide.asp?r=BS21309&GRUPO=PO99&SERIE=4,2026-09-08T15:37:24Z
BS21309,2001,2001-09-09,SAN GERMAN,20,"Ayuso, Larry",574,25,1,3,2,5,6,7,1,1,2,1,0,0,1,3,14,single-source,wayback_bsnpr_games,https://web.archive.org/web/20011201121839id_/http://www.bsnpr.com:80/gamestatwide.asp?r=BS21309&grupo=,2026-09-08T15:39:36Z
BS21309,2001,2001-09-09,SAN GERMAN,24,"Pryor, Sean",2156,11,1,3,0,3,0,2,1,1,2,2,1,0,1,1,2,single-source,wayback_bsnpr_games,https://web.archive.org/web/20011020100200id_/http://www.bsnpr.com:80/gamestatwide.asp?r=BS21309&GRUPO=PO99&SERIE=4,2026-09-08T15:37:24Z
BS21309,2001,2001-09-09,SAN GERMAN,24,"Pryor, Sean",2156,11,1,3,0,3,0,2,1,1,2,2,1,0,1,1,2,single-source,wayback_bsnpr_games,https://web.archive.org/web/20011201121839id_/http://www.bsnpr.com:80/gamestatwide.asp?r=BS21309&grupo=,2026-09-08T15:39:36Z
BS21309,2001,2001-09-09,SAN GERMAN,26,"Zayas, Gerardo",795,13,1,2,0,0,0,0,2,5,7,0,0,2,2,1,2,single-source,wayback_bsnpr_games,https://web.archive.org/web/20011020100200id_/http://www.bsnpr.com:80/gamestatwide.asp?r=BS21309&GRUPO=PO99&SERIE=4,2026-09-08T15:37:24Z
BS21309,2001,2001-09-09,SAN GERMAN,26,"Zayas, Gerardo",795,13,1,2,0,0,0,0,2,5,7,0,0,2,2,1,2,single-source,wayback_bsnpr_games,https://web.archive.org/web/20011201121839id_/http://www.bsnpr.com:80/gamestatwide.asp?r=BS21309&grupo=,2026-09-08T15:39:36Z
BS21309,2001,2001-09-09,SAN GERMAN,32,"Mackey, Malcom",,26,3,6,0,0,0,0,6,3,9,1,1,1,3,1,6,single-source,wayback_bsnpr_games,https://web.archive.org/web/20011020100200id_/http://www.bsnpr.com:80/gamestatwide.asp?r=BS21309&GRUPO=PO99&SERIE=4,2026-09-08T15:37:24Z
BS21309,2001,2001-09-09,SAN GERMAN,32,"Mackey, Malcom",,26,3,6,0,0,0,0,6,3,9,1,1,1,3,1,6,single-source,wayback_bsnpr_games,https://web.archive.org/web/20011201121839id_/http://www.bsnpr.com:80/gamestatwide.asp?r=BS21309&grupo=,2026-09-08T15:39:36Z
BS21309,2001,2001-09-09,SAN GERMAN,6,"Caraballo, Johnny",,13,0,3,1,4,0,0,0,1,1,3,1,0,4,1,3,single-source,wayback_bsnpr_games,https://web.archive.org/web/20011020100200id_/http://www.bsnpr.com:80/gamestatwide.asp?r=BS21309&GRUPO=PO99&SERIE=4,2026-09-08T15:37:24Z
BS21309,2001,2001-09-09,SAN GERMAN,6,"Caraballo, Johnny",,13,0,3,1,4,0,0,0,1,1,3,1,0,4,1,3,single-source,wayback_bsnpr_games,https://web.archive.org/web/20011201121839id_/http://www.bsnpr.com:80/gamestatwide.asp?r=BS21309&grupo=,2026-09-08T15:39:36Z
BS21309,2001,2001-09-09,SAN GERMAN,7,"Quinones, Nelson",,16,1,3,2,6,0,1,0,1,1,1,0,0,1,0,8,single-source,wayback_bsnpr_games,https://web.archive.org/web/20011020100200id_/http://www.bsnpr.com:80/gamestatwide.asp?r=BS21309&GRUPO=PO99&SERIE=4,2026-09-08T15:37:24Z
BS21309,2001,2001-09-09,SAN GERMAN,7,"Quinones, Nelson",,16,1,3,2,6,0,1,0,1,1,1,0,0,1,0,8,single-source,wayback_bsnpr_games,https://web.archive.org/web/20011201121839id_/http://www.bsnpr.com:80/gamestatwide.asp?r=BS21309&grupo=,2026-09-08T15:39:36Z
BS21310,2001,2001-09-10,PONCE,1,"Morales, Ferdinand",,25,3,6,1,2,2,2,2,5,7,1,1,0,2,2,11,single-source,wayback_bsnpr_games,https://web.archive.org/web/20011020101511id_/http://www.bsnpr.com:80/gamestatwide.asp?r=BS21310&GRUPO=PO99&SERIE=4,2026-09-08T15:37:26Z
BS21310,2001,2001-09-10,PONCE,1,"Morales, Ferdinand",,25,3,6,1,2,2,2,2,5,7,1,1,0,2,2,11,single-source,wayback_bsnpr_games,https://web.archive.org/web/20011101180100id_/http://www.bsnpr.com:80/gamestatwide.asp?r=BS21310&grupo=,2026-09-08T15:37:40Z
BS21310,2001,2001-09-10,PONCE,10,"Hatton, Bobby",,18,3,7,0,2,2,2,1,1,2,3,1,0,2,0,8,single-source,wayback_bsnpr_games,https://web.archive.org/web/20011020101511id_/http://www.bsnpr.com:80/gamestatwide.asp?r=BS21310&GRUPO=PO99&SERIE=4,2026-09-08T15:37:26Z
BS21310,2001,2001-09-10,PONCE,10,"Hatton, Bobby",,18,3,7,0,2,2,2,1,1,2,3,1,0,2,0,8,single-source,wayback_bsnpr_games,https://web.archive.org/web/20011101180100id_/http://www.bsnpr.com:80/gamestatwide.asp?r=BS21310&grupo=,2026-09-08T15:37:40Z
BS21310,2001,2001-09-10,PONCE,11,"Casiano, Eddie",498,36,8,10,3,8,1,2,0,1,1,3,1,0,2,4,26,single-source,wayback_bsnpr_games,https://web.archive.org/web/20011020101511id_/http://www.bsnpr.com:80/gamestatwide.asp?r=BS21310&GRUPO=PO99&SERIE=4,2026-09-08T15:37:26Z
BS21310,2001,2001-09-10,PONCE,11,"Casiano, Eddie",498,36,8,10,3,8,1,2,0,1,1,3,1,0,2,4,26,single-source,wayback_bsnpr_games,https://web.archive.org/web/20011101180100id_/http://www.bsnpr.com:80/gamestatwide.asp?r=BS21310&grupo=,2026-09-08T15:37:40Z
BS21310,2001,2001-09-10,PONCE,12,"Ricardo, Osiris",,36,3,5,0,0,5,8,8,13,21,3,1,0,3,2,11,single-source,wayback_bsnpr_games,https://web.archive.org/web/20011020101511id_/http://www.bsnpr.com:80/gamestatwide.asp?r=BS21310&GRUPO=PO99&SERIE=4,2026-09-08T15:37:26Z
BS21310,2001,2001-09-10,PONCE,12,"Ricardo, Osiris",,36,3,5,0,0,5,8,8,13,21,3,1,0,3,2,11,single-source,wayback_bsnpr_games,https://web.archive.org/web/20011101180100id_/http://www.bsnpr.com:80/gamestatwide.asp?r=BS21310&grupo=,2026-09-08T15:37:40Z
BS21310,2001,2001-09-10,PONCE,13,"Jourdon, Keenan",,3,0,1,0,0,0,0,0,0,0,0,0,0,1,0,0,single-source,wayback_bsnpr_games,https://web.archive.org/web/20011020101511id_/http://www.bsnpr.com:80/gamestatwide.asp?r=BS21310&GRUPO=PO99&SERIE=4,2026-09-08T15:37:26Z
BS21310,2001,2001-09-10,PONCE,13,"Jourdon, Keenan",,3,0,1,0,0,0,0,0,0,0,0,0,0,1,0,0,single-source,wayback_bsnpr_games,https://web.archive.org/web/20011101180100id_/http://www.bsnpr.com:80/gamestatwide.asp?r=BS21310&grupo=,2026-09-08T15:37:40Z
BS21310,2001,2001-09-10,PONCE,25,"Haywood, Jamal",,37,8,15,0,0,0,2,5,3,8,0,0,0,0,1,16,single-source,wayback_bsnpr_games,https://web.archive.org/web/20011020101511id_/http://www.bsnpr.com:80/gamestatwide.asp?r=BS21310&GRUPO=PO99&SERIE=4,2026-09-08T15:37:26Z
BS21310,2001,2001-09-10,PONCE,25,"Haywood, Jamal",,37,8,15,0,0,0,2,5,3,8,0,0,0,0,1,16,single-source,wayback_bsnpr_games,https://web.archive.org/web/20011101180100id_/http://www.bsnpr.com:80/gamestatwide.asp?r=BS21310&grupo=,2026-09-08T15:37:40Z
BS21310,2001,2001-09-10,PONCE,33,"Soto, Eugenio",651,4,0,0,0,1,0,0,0,0,0,0,0,0,1,1,0,single-source,wayback_bsnpr_games,https://web.archive.org/web/20011020101511id_/http://www.bsnpr.com:80/gamestatwide.asp?r=BS21310&GRUPO=PO99&SERIE=4,2026-09-08T15:37:26Z
BS21310,2001,2001-09-10,PONCE,33,"Soto, Eugenio",651,4,0,0,0,1,0,0,0,0,0,0,0,0,1,1,0,single-source,wayback_bsnpr_games,https://web.archive.org/web/20011101180100id_/http://www.bsnpr.com:80/gamestatwide.asp?r=BS21310&grupo=,2026-09-08T15:37:40Z
BS21310,2001,2001-09-10,PONCE,4,"Colon, Javier",1011,39,5,10,2,5,6,7,0,5,5,6,2,0,2,6,22,single-source,wayback_bsnpr_games,https://web.archive.org/web/20011020101511id_/http://www.bsnpr.com:80/gamestatwide.asp?r=BS21310&GRUPO=PO99&SERIE=4,2026-09-08T15:37:26Z
BS21310,2001,2001-09-10,PONCE,4,"Colon, Javier",1011,39,5,10,2,5,6,7,0,5,5,6,2,0,2,6,22,single-source,wayback_bsnpr_games,https://web.archive.org/web/20011101180100id_/http://www.bsnpr.com:80/gamestatwide.asp?r=BS21310&grupo=,2026-09-08T15:37:40Z
BS21310,2001,2001-09-10,PONCE,5,"Agosto, Jose",,2,0,0,0,1,1,2,0,0,0,0,0,0,2,0,1,single-source,wayback_bsnpr_games,https://web.archive.org/web/20011020101511id_/http://www.bsnpr.com:80/gamestatwide.asp?r=BS21310&GRUPO=PO99&SERIE=4,2026-09-08T15:37:26Z
BS21310,2001,2001-09-10,PONCE,5,"Agosto, Jose",,2,0,0,0,1,1,2,0,0,0,0,0,0,2,0,1,single-source,wayback_bsnpr_games,https://web.archive.org/web/20011101180100id_/http://www.bsnpr.com:80/gamestatwide.asp?r=BS21310&grupo=,2026-09-08T15:37:40Z
BS21310,2001,2001-09-10,SANTURCE,11,"Benson, Mark",,22,1,2,2,4,0,0,2,0,2,1,0,0,2,0,8,single-source,wayback_bsnpr_games,https://web.archive.org/web/20011020101511id_/http://www.bsnpr.com:80/gamestatwide.asp?r=BS21310&GRUPO=PO99&SERIE=4,2026-09-08T15:37:26Z
BS21310,2001,2001-09-10,SANTURCE,11,"Benson, Mark",,22,1,2,2,4,0,0,2,0,2,1,0,0,2,0,8,single-source,wayback_bsnpr_games,https://web.archive.org/web/20011101180100id_/http://www.bsnpr.com:80/gamestatwide.asp?r=BS21310&grupo=,2026-09-08T15:37:40Z
BS21310,2001,2001-09-10,SANTURCE,12,"Hourruitiner, Rolando",2090,26,2,3,0,2,1,2,2,2,4,3,0,0,3,1,5,single-source,wayback_bsnpr_games,https://web.archive.org/web/20011020101511id_/http://www.bsnpr.com:80/gamestatwide.asp?r=BS21310&GRUPO=PO99&SERIE=4,2026-09-08T15:37:26Z
BS21310,2001,2001-09-10,SANTURCE,12,"Hourruitiner, Rolando",2090,26,2,3,0,2,1,2,2,2,4,3,0,0,3,1,5,single-source,wayback_bsnpr_games,https://web.archive.org/web/20011101180100id_/http://www.bsnpr.com:80/gamestatwide.asp?r=BS21310&grupo=,2026-09-08T15:37:40Z
BS21310,2001,2001-09-10,SANTURCE,33,"Falcon, Alex",,16,3,4,0,0,2,2,1,3,4,0,0,0,2,3,8,single-source,wayback_bsnpr_games,https://web.archive.org/web/20011020101511id_/http://www.bsnpr.com:80/gamestatwide.asp?r=BS21310&GRUPO=PO99&SERIE=4,2026-09-08T15:37:26Z
BS21310,2001,2001-09-10,SANTURCE,33,"Falcon, Alex",,16,3,4,0,0,2,2,1,3,4,0,0,0,2,3,8,single-source,wayback_bsnpr_games,https://web.archive.org/web/20011101180100id_/http://www.bsnpr.com:80/gamestatwide.asp?r=BS21310&grupo=,2026-09-08T15:37:40Z
BS21310,2001,2001-09-10,SANTURCE,4,"Ortiz, Jose",,40,8,14,2,6,0,2,2,5,7,5,0,0,2,3,22,single-source,wayback_bsnpr_games,https://web.archive.org/web/20011020101511id_/http://www.bsnpr.com:80/gamestatwide.asp?r=BS21310&GRUPO=PO99&SERIE=4,2026-09-08T15:37:26Z
BS21310,2001,2001-09-10,SANTURCE,4,"Ortiz, Jose",,40,8,14,2,6,0,2,2,5,7,5,0,0,2,3,22,single-source,wayback_bsnpr_games,https://web.archive.org/web/20011101180100id_/http://www.bsnpr.com:80/gamestatwide.asp?r=BS21310&grupo=,2026-09-08T15:37:40Z
BS21310,2001,2001-09-10,SANTURCE,42,"Aubry, Jeff",,6,0,0,0,0,0,0,1,1,2,0,0,1,1,0,0,single-source,wayback_bsnpr_games,https://web.archive.org/web/20011020101511id_/http://www.bsnpr.com:80/gamestatwide.asp?r=BS21310&GRUPO=PO99&SERIE=4,2026-09-08T15:37:26Z
BS21310,2001,2001-09-10,SANTURCE,42,"Aubry, Jeff",,6,0,0,0,0,0,0,1,1,2,0,0,1,1,0,0,single-source,wayback_bsnpr_games,https://web.archive.org/web/20011101180100id_/http://www.bsnpr.com:80/gamestatwide.asp?r=BS21310&grupo=,2026-09-08T15:37:40Z
BS21310,2001,2001-09-10,SANTURCE,5,"Santiago, Orlando",,35,1,2,4,10,2,3,0,1,1,5,0,0,3,0,16,single-source,wayback_bsnpr_games,https://web.archive.org/web/20011020101511id_/http://www.bsnpr.com:80/gamestatwide.asp?r=BS21310&GRUPO=PO99&SERIE=4,2026-09-08T15:37:26Z
BS21310,2001,2001-09-10,SANTURCE,5,"Santiago, Orlando",,35,1,2,4,10,2,3,0,1,1,5,0,0,3,0,16,single-source,wayback_bsnpr_games,https://web.archive.org/web/20011101180100id_/http://www.bsnpr.com:80/gamestatwide.asp?r=BS21310&grupo=,2026-09-08T15:37:40Z
BS21310,2001,2001-09-10,SANTURCE,7,"Arroyo, Carlos",273,26,4,6,0,6,0,0,1,3,4,6,3,0,3,5,8,single-source,wayback_bsnpr_games,https://web.archive.org/web/20011020101511id_/http://www.bsnpr.com:80/gamestatwide.asp?r=BS21310&GRUPO=PO99&SERIE=4,2026-09-08T15:37:26Z
BS21310,2001,2001-09-10,SANTURCE,7,"Arroyo, Carlos",273,26,4,6,0,6,0,0,1,3,4,6,3,0,3,5,8,single-source,wayback_bsnpr_games,https://web.archive.org/web/20011101180100id_/http://www.bsnpr.com:80/gamestatwide.asp?r=BS21310&grupo=,2026-09-08T15:37:40Z
BS21310,2001,2001-09-10,SANTURCE,8,"Trimingham, Leon",,16,4,9,0,0,1,1,0,4,4,1,1,0,3,0,9,single-source,wayback_bsnpr_games,https://web.archive.org/web/20011020101511id_/http://www.bsnpr.com:80/gamestatwide.asp?r=BS21310&GRUPO=PO99&SERIE=4,2026-09-08T15:37:26Z
BS21310,2001,2001-09-10,SANTURCE,8,"Trimingham, Leon",,16,4,9,0,0,1,1,0,4,4,1,1,0,3,0,9,single-source,wayback_bsnpr_games,https://web.archive.org/web/20011101180100id_/http://www.bsnpr.com:80/gamestatwide.asp?r=BS21310&grupo=,2026-09-08T15:37:40Z
BS21310,2001,2001-09-10,SANTURCE,9,"Santiago, Edwin",,13,3,6,1,3,0,0,2,0,2,0,0,0,0,0,9,single-source,wayback_bsnpr_games,https://web.archive.org/web/20011020101511id_/http://www.bsnpr.com:80/gamestatwide.asp?r=BS21310&GRUPO=PO99&SERIE=4,2026-09-08T15:37:26Z
BS21310,2001,2001-09-10,SANTURCE,9,"Santiago, Edwin",,13,3,6,1,3,0,0,2,0,2,0,0,0,0,0,9,single-source,wayback_bsnpr_games,https://web.archive.org/web/20011101180100id_/http://www.bsnpr.com:80/gamestatwide.asp?r=BS21310&grupo=,2026-09-08T15:37:40Z
BS21311,2001,2001-09-12,BAYAMON,0,"Richard, Jaja",,30,4,8,0,0,2,4,4,5,9,0,0,5,5,1,10,single-source,wayback_bsnpr_games,https://web.archive.org/web/20011020102052id_/http://www.bsnpr.com:80/gamestatwide.asp?r=BS21311&GRUPO=PO99&SERIE=4,2026-09-08T15:37:28Z
BS21311,2001,2001-09-12,BAYAMON,0,"Richard, Jaja",,30,4,8,0,0,2,4,4,5,9,0,0,5,5,1,10,single-source,wayback_bsnpr_games,https://web.archive.org/web/20011201123614id_/http://www.bsnpr.com:80/gamestatwide.asp?r=BS21311&grupo=,2026-09-08T15:39:43Z
BS21311,2001,2001-09-12,BAYAMON,12,"Padilla, Edgar",,39,3,4,1,2,4,6,0,4,4,11,1,0,5,10,13,single-source,wayback_bsnpr_games,https://web.archive.org/web/20011020102052id_/http://www.bsnpr.com:80/gamestatwide.asp?r=BS21311&GRUPO=PO99&SERIE=4,2026-09-08T15:37:28Z
BS21311,2001,2001-09-12,BAYAMON,12,"Padilla, Edgar",,39,3,4,1,2,4,6,0,4,4,11,1,0,5,10,13,single-source,wayback_bsnpr_games,https://web.archive.org/web/20011201123614id_/http://www.bsnpr.com:80/gamestatwide.asp?r=BS21311&grupo=,2026-09-08T15:39:43Z
BS21311,2001,2001-09-12,BAYAMON,13,"Payano, Carlos",,16,0,1,0,1,2,2,0,0,0,0,0,0,3,2,2,single-source,wayback_bsnpr_games,https://web.archive.org/web/20011020102052id_/http://www.bsnpr.com:80/gamestatwide.asp?r=BS21311&GRUPO=PO99&SERIE=4,2026-09-08T15:37:28Z
BS21311,2001,2001-09-12,BAYAMON,13,"Payano, Carlos",,16,0,1,0,1,2,2,0,0,0,0,0,0,3,2,2,single-source,wayback_bsnpr_games,https://web.archive.org/web/20011201123614id_/http://www.bsnpr.com:80/gamestatwide.asp?r=BS21311&grupo=,2026-09-08T15:39:43Z
BS21311,2001,2001-09-12,BAYAMON,17,"Mincy, Jerome",1032,26,2,8,0,2,4,8,2,7,9,0,1,0,2,2,8,single-source,wayback_bsnpr_games,https://web.archive.org/web/20011020102052id_/http://www.bsnpr.com:80/gamestatwide.asp?r=BS21311&GRUPO=PO99&SERIE=4,2026-09-08T15:37:28Z
BS21311,2001,2001-09-12,BAYAMON,17,"Mincy, Jerome",1032,26,2,8,0,2,4,8,2,7,9,0,1,0,2,2,8,single-source,wayback_bsnpr_games,https://web.archive.org/web/20011201123614id_/http://www.bsnpr.com:80/gamestatwide.asp?r=BS21311&grupo=,2026-09-08T15:39:43Z
BS21311,2001,2001-09-12,BAYAMON,4,"Western, Franklyn",,36,10,18,0,0,7,7,7,4,11,2,3,0,3,3,27,single-source,wayback_bsnpr_games,https://web.archive.org/web/20011020102052id_/http://www.bsnpr.com:80/gamestatwide.asp?r=BS21311&GRUPO=PO99&SERIE=4,2026-09-08T15:37:28Z
BS21311,2001,2001-09-12,BAYAMON,4,"Western, Franklyn",,36,10,18,0,0,7,7,7,4,11,2,3,0,3,3,27,single-source,wayback_bsnpr_games,https://web.archive.org/web/20011201123614id_/http://www.bsnpr.com:80/gamestatwide.asp?r=BS21311&grupo=,2026-09-08T15:39:43Z
BS21311,2001,2001-09-12,BAYAMON,44,"Novas, Rafael",,5,1,1,0,0,0,0,1,0,1,0,1,0,0,0,2,single-source,wayback_bsnpr_games,https://web.archive.org/web/20011020102052id_/http://www.bsnpr.com:80/gamestatwide.asp?r=BS21311&GRUPO=PO99&SERIE=4,2026-09-08T15:37:28Z
BS21311,2001,2001-09-12,BAYAMON,44,"Novas, Rafael",,5,1,1,0,0,0,0,1,0,1,0,1,0,0,0,2,single-source,wayback_bsnpr_games,https://web.archive.org/web/20011201123614id_/http://www.bsnpr.com:80/gamestatwide.asp?r=BS21311&grupo=,2026-09-08T15:39:43Z
BS21311,2001,2001-09-12,BAYAMON,55,"Santiago, Daniel",427,29,4,8,0,1,1,2,1,7,8,0,0,1,3,2,9,single-source,wayback_bsnpr_games,https://web.archive.org/web/20011020102052id_/http://www.bsnpr.com:80/gamestatwide.asp?r=BS21311&GRUPO=PO99&SERIE=4,2026-09-08T15:37:28Z
BS21311,2001,2001-09-12,BAYAMON,55,"Santiago, Daniel",427,29,4,8,0,1,1,2,1,7,8,0,0,1,3,2,9,single-source,wayback_bsnpr_games,https://web.archive.org/web/20011201123614id_/http://www.bsnpr.com:80/gamestatwide.asp?r=BS21311&grupo=,2026-09-08T15:39:43Z
BS21311,2001,2001-09-12,BAYAMON,6,"Travieso, Carmelo",,44,2,5,4,10,4,6,0,3,3,2,2,0,1,2,20,single-source,wayback_bsnpr_games,https://web.archive.org/web/20011020102052id_/http://www.bsnpr.com:80/gamestatwide.asp?r=BS21311&GRUPO=PO99&SERIE=4,2026-09-08T15:37:28Z
BS21311,2001,2001-09-12,BAYAMON,6,"Travieso, Carmelo",,44,2,5,4,10,4,6,0,3,3,2,2,0,1,2,20,single-source,wayback_bsnpr_games,https://web.archive.org/web/20011201123614id_/http://www.bsnpr.com:80/gamestatwide.asp?r=BS21311&grupo=,2026-09-08T15:39:43Z
BS21311,2001,2001-09-12,SAN GERMAN,1,"Jackson, Leroy",1442,39,3,11,2,3,1,5,4,5,9,3,0,0,5,9,13,single-source,wayback_bsnpr_games,https://web.archive.org/web/20011020102052id_/http://www.bsnpr.com:80/gamestatwide.asp?r=BS21311&GRUPO=PO99&SERIE=4,2026-09-08T15:37:28Z
BS21311,2001,2001-09-12,SAN GERMAN,1,"Jackson, Leroy",1442,39,3,11,2,3,1,5,4,5,9,3,0,0,5,9,13,single-source,wayback_bsnpr_games,https://web.archive.org/web/20011201123614id_/http://www.bsnpr.com:80/gamestatwide.asp?r=BS21311&grupo=,2026-09-08T15:39:43Z
BS21311,2001,2001-09-12,SAN GERMAN,12,"Caanen, Wilhelmus",,23,4,4,1,3,3,3,1,0,1,0,1,0,3,0,14,single-source,wayback_bsnpr_games,https://web.archive.org/web/20011020102052id_/http://www.bsnpr.com:80/gamestatwide.asp?r=BS21311&GRUPO=PO99&SERIE=4,2026-09-08T15:37:28Z
BS21311,2001,2001-09-12,SAN GERMAN,12,"Caanen, Wilhelmus",,23,4,4,1,3,3,3,1,0,1,0,1,0,3,0,14,single-source,wayback_bsnpr_games,https://web.archive.org/web/20011201123614id_/http://www.bsnpr.com:80/gamestatwide.asp?r=BS21311&grupo=,2026-09-08T15:39:43Z
BS21311,2001,2001-09-12,SAN GERMAN,13,"Fajardo, Shariff",,36,4,9,2,3,2,2,3,2,5,3,1,1,4,1,16,single-source,wayback_bsnpr_games,https://web.archive.org/web/20011020102052id_/http://www.bsnpr.com:80/gamestatwide.asp?r=BS21311&GRUPO=PO99&SERIE=4,2026-09-08T15:37:28Z
BS21311,2001,2001-09-12,SAN GERMAN,13,"Fajardo, Shariff",,36,4,9,2,3,2,2,3,2,5,3,1,1,4,1,16,single-source,wayback_bsnpr_games,https://web.archive.org/web/20011201123614id_/http://www.bsnpr.com:80/gamestatwide.asp?r=BS21311&grupo=,2026-09-08T15:39:43Z
BS21311,2001,2001-09-12,SAN GERMAN,17,"Dalmau, Christian",382,18,3,7,0,3,4,4,0,0,0,1,2,0,2,1,10,single-source,wayback_bsnpr_games,https://web.archive.org/web/20011020102052id_/http://www.bsnpr.com:80/gamestatwide.asp?r=BS21311&GRUPO=PO99&SERIE=4,2026-09-08T15:37:28Z
BS21311,2001,2001-09-12,SAN GERMAN,17,"Dalmau, Christian",382,18,3,7,0,3,4,4,0,0,0,1,2,0,2,1,10,single-source,wayback_bsnpr_games,https://web.archive.org/web/20011201123614id_/http://www.bsnpr.com:80/gamestatwide.asp?r=BS21311&grupo=,2026-09-08T15:39:43Z
BS21311,2001,2001-09-12,SAN GERMAN,18,"Barea, Irving",,12,2,3,0,0,0,0,1,3,4,0,1,0,2,0,4,single-source,wayback_bsnpr_games,https://web.archive.org/web/20011020102052id_/http://www.bsnpr.com:80/gamestatwide.asp?r=BS21311&GRUPO=PO99&SERIE=4,2026-09-08T15:37:28Z
BS21311,2001,2001-09-12,SAN GERMAN,18,"Barea, Irving",,12,2,3,0,0,0,0,1,3,4,0,1,0,2,0,4,single-source,wayback_bsnpr_games,https://web.archive.org/web/20011201123614id_/http://www.bsnpr.com:80/gamestatwide.asp?r=BS21311&grupo=,2026-09-08T15:39:43Z
BS21311,2001,2001-09-12,SAN GERMAN,20,"Ayuso, Larry",574,34,1,7,3,7,3,3,2,2,4,3,1,0,5,4,14,single-source,wayback_bsnpr_games,https://web.archive.org/web/20011020102052id_/http://www.bsnpr.com:80/gamestatwide.asp?r=BS21311&GRUPO=PO99&SERIE=4,2026-09-08T15:37:28Z
BS21311,2001,2001-09-12,SAN GERMAN,20,"Ayuso, Larry",574,34,1,7,3,7,3,3,2,2,4,3,1,0,5,4,14,single-source,wayback_bsnpr_games,https://web.archive.org/web/20011201123614id_/http://www.bsnpr.com:80/gamestatwide.asp?r=BS21311&grupo=,2026-09-08T15:39:43Z
BS21311,2001,2001-09-12,SAN GERMAN,26,"Zayas, Gerardo",795,2,0,0,0,0,0,2,0,1,1,0,0,0,0,0,0,single-source,wayback_bsnpr_games,https://web.archive.org/web/20011020102052id_/http://www.bsnpr.com:80/gamestatwide.asp?r=BS21311&GRUPO=PO99&SERIE=4,2026-09-08T15:37:28Z
BS21311,2001,2001-09-12,SAN GERMAN,26,"Zayas, Gerardo",795,2,0,0,0,0,0,2,0,1,1,0,0,0,0,0,0,single-source,wayback_bsnpr_games,https://web.archive.org/web/20011201123614id_/http://www.bsnpr.com:80/gamestatwide.asp?r=BS21311&grupo=,2026-09-08T15:39:43Z
BS21311,2001,2001-09-12,SAN GERMAN,32,"Mackey, Malcom",,37,3,8,0,0,0,4,7,8,15,1,0,1,4,2,6,single-source,wayback_bsnpr_games,https://web.archive.org/web/20011020102052id_/http://www.bsnpr.com:80/gamestatwide.asp?r=BS21311&GRUPO=PO99&SERIE=4,2026-09-08T15:37:28Z
BS21311,2001,2001-09-12,SAN GERMAN,32,"Mackey, Malcom",,37,3,8,0,0,0,4,7,8,15,1,0,1,4,2,6,single-source,wayback_bsnpr_games,https://web.archive.org/web/20011201123614id_/http://www.bsnpr.com:80/gamestatwide.asp?r=BS21311&grupo=,2026-09-08T15:39:43Z
BS21311,2001,2001-09-12,SAN GERMAN,6,"Caraballo, Johnny",,10,1,2,1,1,0,0,0,0,0,1,1,0,2,0,5,single-source,wayback_bsnpr_games,https://web.archive.org/web/20011020102052id_/http://www.bsnpr.com:80/gamestatwide.asp?r=BS21311&GRUPO=PO99&SERIE=4,2026-09-08T15:37:28Z
BS21311,2001,2001-09-12,SAN GERMAN,6,"Caraballo, Johnny",,10,1,2,1,1,0,0,0,0,0,1,1,0,2,0,5,single-source,wayback_bsnpr_games,https://web.archive.org/web/20011201123614id_/http://www.bsnpr.com:80/gamestatwide.asp?r=BS21311&grupo=,2026-09-08T15:39:43Z
BS21311,2001,2001-09-12,SAN GERMAN,7,"Quinones, Nelson",,14,0,1,2,9,0,0,0,0,0,0,2,0,1,1,6,single-source,wayback_bsnpr_games,https://web.archive.org/web/20011020102052id_/http://www.bsnpr.com:80/gamestatwide.asp?r=BS21311&GRUPO=PO99&SERIE=4,2026-09-08T15:37:28Z
BS21311,2001,2001-09-12,SAN GERMAN,7,"Quinones, Nelson",,14,0,1,2,9,0,0,0,0,0,0,2,0,1,1,6,single-source,wayback_bsnpr_games,https://web.archive.org/web/20011201123614id_/http://www.bsnpr.com:80/gamestatwide.asp?r=BS21311&grupo=,2026-09-08T15:39:43Z
BS21312,2001,2001-09-14,PONCE,1,"Morales, Ferdinand",,14,0,2,0,1,2,4,0,2,2,1,0,0,1,1,2,single-source,wayback_bsnpr_games,https://web.archive.org/web/20011020102732id_/http://www.bsnpr.com:80/gamestatwide.asp?r=BS21312&GRUPO=PO99&SERIE=4,2026-09-08T15:37:30Z
BS21312,2001,2001-09-14,PONCE,1,"Morales, Ferdinand",,14,0,2,0,1,2,4,0,2,2,1,0,0,1,1,2,single-source,wayback_bsnpr_games,https://web.archive.org/web/20011101175905id_/http://www.bsnpr.com:80/gamestatwide.asp?r=BS21312&grupo=,2026-09-08T15:37:38Z
BS21312,2001,2001-09-14,PONCE,10,"Hatton, Bobby",,29,6,13,2,3,5,6,1,1,2,5,1,0,2,0,23,single-source,wayback_bsnpr_games,https://web.archive.org/web/20011020102732id_/http://www.bsnpr.com:80/gamestatwide.asp?r=BS21312&GRUPO=PO99&SERIE=4,2026-09-08T15:37:30Z
BS21312,2001,2001-09-14,PONCE,10,"Hatton, Bobby",,29,6,13,2,3,5,6,1,1,2,5,1,0,2,0,23,single-source,wayback_bsnpr_games,https://web.archive.org/web/20011101175905id_/http://www.bsnpr.com:80/gamestatwide.asp?r=BS21312&grupo=,2026-09-08T15:37:38Z
BS21312,2001,2001-09-14,PONCE,11,"Casiano, Eddie",498,38,3,7,6,9,6,6,0,2,2,2,2,0,1,2,30,single-source,wayback_bsnpr_games,https://web.archive.org/web/20011020102732id_/http://www.bsnpr.com:80/gamestatwide.asp?r=BS21312&GRUPO=PO99&SERIE=4,2026-09-08T15:37:30Z
BS21312,2001,2001-09-14,PONCE,11,"Casiano, Eddie",498,38,3,7,6,9,6,6,0,2,2,2,2,0,1,2,30,single-source,wayback_bsnpr_games,https://web.archive.org/web/20011101175905id_/http://www.bsnpr.com:80/gamestatwide.asp?r=BS21312&grupo=,2026-09-08T15:37:38Z
BS21312,2001,2001-09-14,PONCE,12,"Ricardo, Osiris",,36,3,5,0,0,1,5,5,4,9,0,1,0,2,1,7,single-source,wayback_bsnpr_games,https://web.archive.org/web/20011020102732id_/http://www.bsnpr.com:80/gamestatwide.asp?r=BS21312&GRUPO=PO99&SERIE=4,2026-09-08T15:37:30Z
BS21312,2001,2001-09-14,PONCE,12,"Ricardo, Osiris",,36,3,5,0,0,1,5,5,4,9,0,1,0,2,1,7,single-source,wayback_bsnpr_games,https://web.archive.org/web/20011101175905id_/http://www.bsnpr.com:80/gamestatwide.asp?r=BS21312&grupo=,2026-09-08T15:37:38Z
BS21312,2001,2001-09-14,PONCE,13,"Jourdon, Keenan",,8,0,0,0,1,1,2,0,2,2,1,0,0,1,0,1,single-source,wayback_bsnpr_games,https://web.archive.org/web/20011020102732id_/http://www.bsnpr.com:80/gamestatwide.asp?r=BS21312&GRUPO=PO99&SERIE=4,2026-09-08T15:37:30Z
BS21312,2001,2001-09-14,PONCE,13,"Jourdon, Keenan",,8,0,0,0,1,1,2,0,2,2,1,0,0,1,0,1,single-source,wayback_bsnpr_games,https://web.archive.org/web/20011101175905id_/http://www.bsnpr.com:80/gamestatwide.asp?r=BS21312&grupo=,2026-09-08T15:37:38Z
BS21312,2001,2001-09-14,PONCE,15,"Colon, Gabriel",773,1,1,1,0,0,0,0,0,0,0,0,0,0,0,0,2,single-source,wayback_bsnpr_games,https://web.archive.org/web/20011020102732id_/http://www.bsnpr.com:80/gamestatwide.asp?r=BS21312&GRUPO=PO99&SERIE=4,2026-09-08T15:37:30Z
BS21312,2001,2001-09-14,PONCE,15,"Colon, Gabriel",773,1,1,1,0,0,0,0,0,0,0,0,0,0,0,0,2,single-source,wayback_bsnpr_games,https://web.archive.org/web/20011101175905id_/http://www.bsnpr.com:80/gamestatwide.asp?r=BS21312&grupo=,2026-09-08T15:37:38Z
BS21312,2001,2001-09-14,PONCE,25,"Haywood, Jamal",,20,5,7,0,0,0,0,0,3,3,0,0,0,3,5,10,single-source,wayback_bsnpr_games,https://web.archive.org/web/20011020102732id_/http://www.bsnpr.com:80/gamestatwide.asp?r=BS21312&GRUPO=PO99&SERIE=4,2026-09-08T15:37:30Z
BS21312,2001,2001-09-14,PONCE,25,"Haywood, Jamal",,20,5,7,0,0,0,0,0,3,3,0,0,0,3,5,10,single-source,wayback_bsnpr_games,https://web.archive.org/web/20011101175905id_/http://www.bsnpr.com:80/gamestatwide.asp?r=BS21312&grupo=,2026-09-08T15:37:38Z
BS21312,2001,2001-09-14,PONCE,33,"Soto, Eugenio",651,3,0,0,0,0,0,0,0,0,0,0,0,0,2,1,0,single-source,wayback_bsnpr_games,https://web.archive.org/web/20011020102732id_/http://www.bsnpr.com:80/gamestatwide.asp?r=BS21312&GRUPO=PO99&SERIE=4,2026-09-08T15:37:30Z
BS21312,2001,2001-09-14,PONCE,33,"Soto, Eugenio",651,3,0,0,0,0,0,0,0,0,0,0,0,0,2,1,0,single-source,wayback_bsnpr_games,https://web.archive.org/web/20011101175905id_/http://www.bsnpr.com:80/gamestatwide.asp?r=BS21312&grupo=,2026-09-08T15:37:38Z
BS21312,2001,2001-09-14,PONCE,4,"Colon, Javier",1011,38,2,6,1,4,1,2,0,3,3,8,0,0,3,4,8,single-source,wayback_bsnpr_games,https://web.archive.org/web/20011020102732id_/http://www.bsnpr.com:80/gamestatwide.asp?r=BS21312&GRUPO=PO99&SERIE=4,2026-09-08T15:37:30Z
BS21312,2001,2001-09-14,PONCE,4,"Colon, Javier",1011,38,2,6,1,4,1,2,0,3,3,8,0,0,3,4,8,single-source,wayback_bsnpr_games,https://web.archive.org/web/20011101175905id_/http://www.bsnpr.com:80/gamestatwide.asp?r=BS21312&grupo=,2026-09-08T15:37:38Z
BS21312,2001,2001-09-14,PONCE,5,"Agosto, Jose",,12,0,1,1,3,0,0,0,3,3,0,1,0,1,0,3,single-source,wayback_bsnpr_games,https://web.archive.org/web/20011020102732id_/http://www.bsnpr.com:80/gamestatwide.asp?r=BS21312&GRUPO=PO99&SERIE=4,2026-09-08T15:37:30Z
BS21312,2001,2001-09-14,PONCE,5,"Agosto, Jose",,12,0,1,1,3,0,0,0,3,3,0,1,0,1,0,3,single-source,wayback_bsnpr_games,https://web.archive.org/web/20011101175905id_/http://www.bsnpr.com:80/gamestatwide.asp?r=BS21312&grupo=,2026-09-08T15:37:38Z
BS21312,2001,2001-09-14,PONCE,8,"Ramirez, Sean",,1,0,0,0,0,0,0,0,0,0,0,0,1,0,0,0,single-source,wayback_bsnpr_games,https://web.archive.org/web/20011020102732id_/http://www.bsnpr.com:80/gamestatwide.asp?r=BS21312&GRUPO=PO99&SERIE=4,2026-09-08T15:37:30Z
BS21312,2001,2001-09-14,PONCE,8,"Ramirez, Sean",,1,0,0,0,0,0,0,0,0,0,0,0,1,0,0,0,single-source,wayback_bsnpr_games,https://web.archive.org/web/20011101175905id_/http://www.bsnpr.com:80/gamestatwide.asp?r=BS21312&grupo=,2026-09-08T15:37:38Z
BS21312,2001,2001-09-14,SANTURCE,10,"Arroyo, Alberto",,1,0,0,0,1,0,0,0,0,0,0,0,0,0,0,0,single-source,wayback_bsnpr_games,https://web.archive.org/web/20011020102732id_/http://www.bsnpr.com:80/gamestatwide.asp?r=BS21312&GRUPO=PO99&SERIE=4,2026-09-08T15:37:30Z
BS21312,2001,2001-09-14,SANTURCE,10,"Arroyo, Alberto",,1,0,0,0,1,0,0,0,0,0,0,0,0,0,0,0,single-source,wayback_bsnpr_games,https://web.archive.org/web/20011101175905id_/http://www.bsnpr.com:80/gamestatwide.asp?r=BS21312&grupo=,2026-09-08T15:37:38Z
BS21312,2001,2001-09-14,SANTURCE,11,"Benson, Mark",,19,1,1,3,6,0,0,0,0,0,1,0,0,3,2,11,single-source,wayback_bsnpr_games,https://web.archive.org/web/20011020102732id_/http://www.bsnpr.com:80/gamestatwide.asp?r=BS21312&GRUPO=PO99&SERIE=4,2026-09-08T15:37:30Z
BS21312,2001,2001-09-14,SANTURCE,11,"Benson, Mark",,19,1,1,3,6,0,0,0,0,0,1,0,0,3,2,11,single-source,wayback_bsnpr_games,https://web.archive.org/web/20011101175905id_/http://www.bsnpr.com:80/gamestatwide.asp?r=BS21312&grupo=,2026-09-08T15:37:38Z
BS21312,2001,2001-09-14,SANTURCE,12,"Hourruitiner, Rolando",2090,22,3,5,0,1,0,0,0,1,1,4,0,0,3,1,6,single-source,wayback_bsnpr_games,https://web.archive.org/web/20011020102732id_/http://www.bsnpr.com:80/gamestatwide.asp?r=BS21312&GRUPO=PO99&SERIE=4,2026-09-08T15:37:30Z
BS21312,2001,2001-09-14,SANTURCE,12,"Hourruitiner, Rolando",2090,22,3,5,0,1,0,0,0,1,1,4,0,0,3,1,6,single-source,wayback_bsnpr_games,https://web.archive.org/web/20011101175905id_/http://www.bsnpr.com:80/gamestatwide.asp?r=BS21312&grupo=,2026-09-08T15:37:38Z
BS21312,2001,2001-09-14,SANTURCE,33,"Falcon, Alex",,13,0,0,0,0,2,4,0,0,0,0,0,0,2,0,2,single-source,wayback_bsnpr_games,https://web.archive.org/web/20011020102732id_/http://www.bsnpr.com:80/gamestatwide.asp?r=BS21312&GRUPO=PO99&SERIE=4,2026-09-08T15:37:30Z
BS21312,2001,2001-09-14,SANTURCE,33,"Falcon, Alex",,13,0,0,0,0,2,4,0,0,0,0,0,0,2,0,2,single-source,wayback_bsnpr_games,https://web.archive.org/web/20011101175905id_/http://www.bsnpr.com:80/gamestatwide.asp?r=BS21312&grupo=,2026-09-08T15:37:38Z
BS21312,2001,2001-09-14,SANTURCE,4,"Ortiz, Jose",,35,13,17,1,2,2,2,3,14,17,4,1,0,1,4,31,single-source,wayback_bsnpr_games,https://web.archive.org/web/20011020102732id_/http://www.bsnpr.com:80/gamestatwide.asp?r=BS21312&GRUPO=PO99&SERIE=4,2026-09-08T15:37:30Z
BS21312,2001,2001-09-14,SANTURCE,4,"Ortiz, Jose",,35,13,17,1,2,2,2,3,14,17,4,1,0,1,4,31,single-source,wayback_bsnpr_games,https://web.archive.org/web/20011101175905id_/http://www.bsnpr.com:80/gamestatwide.asp?r=BS21312&grupo=,2026-09-08T15:37:38Z
BS21312,2001,2001-09-14,SANTURCE,42,"Aubry, Jeff",,5,0,1,0,0,0,0,0,2,2,0,0,1,0,0,0,single-source,wayback_bsnpr_games,https://web.archive.org/web/20011020102732id_/http://www.bsnpr.com:80/gamestatwide.asp?r=BS21312&GRUPO=PO99&SERIE=4,2026-09-08T15:37:30Z
BS21312,2001,2001-09-14,SANTURCE,42,"Aubry, Jeff",,5,0,1,0,0,0,0,0,2,2,0,0,1,0,0,0,single-source,wayback_bsnpr_games,https://web.archive.org/web/20011101175905id_/http://www.bsnpr.com:80/gamestatwide.asp?r=BS21312&grupo=,2026-09-08T15:37:38Z
BS21312,2001,2001-09-14,SANTURCE,44,"Bocachica, Armando",,1,0,3,0,0,0,0,2,0,2,0,0,0,1,0,0,single-source,wayback_bsnpr_games,https://web.archive.org/web/20011020102732id_/http://www.bsnpr.com:80/gamestatwide.asp?r=BS21312&GRUPO=PO99&SERIE=4,2026-09-08T15:37:30Z
BS21312,2001,2001-09-14,SANTURCE,44,"Bocachica, Armando",,1,0,3,0,0,0,0,2,0,2,0,0,0,1,0,0,single-source,wayback_bsnpr_games,https://web.archive.org/web/20011101175905id_/http://www.bsnpr.com:80/gamestatwide.asp?r=BS21312&grupo=,2026-09-08T15:37:38Z
BS21312,2001,2001-09-14,SANTURCE,5,"Santiago, Orlando",,36,3,3,6,10,0,0,1,6,7,7,1,0,1,1,24,single-source,wayback_bsnpr_games,https://web.archive.org/web/20011020102732id_/http://www.bsnpr.com:80/gamestatwide.asp?r=BS21312&GRUPO=PO99&SERIE=4,2026-09-08T15:37:30Z
BS21312,2001,2001-09-14,SANTURCE,5,"Santiago, Orlando",,36,3,3,6,10,0,0,1,6,7,7,1,0,1,1,24,single-source,wayback_bsnpr_games,https://web.archive.org/web/20011101175905id_/http://www.bsnpr.com:80/gamestatwide.asp?r=BS21312&grupo=,2026-09-08T15:37:38Z
BS21312,2001,2001-09-14,SANTURCE,55,"Butler, Mario",,1,1,1,0,0,0,0,0,0,0,0,0,0,0,0,2,single-source,wayback_bsnpr_games,https://web.archive.org/web/20011020102732id_/http://www.bsnpr.com:80/gamestatwide.asp?r=BS21312&GRUPO=PO99&SERIE=4,2026-09-08T15:37:30Z
BS21312,2001,2001-09-14,SANTURCE,55,"Butler, Mario",,1,1,1,0,0,0,0,0,0,0,0,0,0,0,0,2,single-source,wayback_bsnpr_games,https://web.archive.org/web/20011101175905id_/http://www.bsnpr.com:80/gamestatwide.asp?r=BS21312&grupo=,2026-09-08T15:37:38Z
BS21312,2001,2001-09-14,SANTURCE,7,"Arroyo, Carlos",273,28,5,6,0,1,0,0,1,2,3,10,4,0,4,6,10,single-source,wayback_bsnpr_games,https://web.archive.org/web/20011020102732id_/http://www.bsnpr.com:80/gamestatwide.asp?r=BS21312&GRUPO=PO99&SERIE=4,2026-09-08T15:37:30Z
BS21312,2001,2001-09-14,SANTURCE,7,"Arroyo, Carlos",273,28,5,6,0,1,0,0,1,2,3,10,4,0,4,6,10,single-source,wayback_bsnpr_games,https://web.archive.org/web/20011101175905id_/http://www.bsnpr.com:80/gamestatwide.asp?r=BS21312&grupo=,2026-09-08T15:37:38Z
BS21312,2001,2001-09-14,SANTURCE,8,"Trimingham, Leon",,25,7,10,0,0,3,5,1,2,3,0,1,0,4,2,17,single-source,wayback_bsnpr_games,https://web.archive.org/web/20011020102732id_/http://www.bsnpr.com:80/gamestatwide.asp?r=BS21312&GRUPO=PO99&SERIE=4,2026-09-08T15:37:30Z
BS21312,2001,2001-09-14,SANTURCE,8,"Trimingham, Leon",,25,7,10,0,0,3,5,1,2,3,0,1,0,4,2,17,single-source,wayback_bsnpr_games,https://web.archive.org/web/20011101175905id_/http://www.bsnpr.com:80/gamestatwide.asp?r=BS21312&grupo=,2026-09-08T15:37:38Z
BS21312,2001,2001-09-14,SANTURCE,9,"Santiago, Edwin",,14,0,1,2,4,0,0,0,1,1,1,0,0,0,0,6,single-source,wayback_bsnpr_games,https://web.archive.org/web/20011020102732id_/http://www.bsnpr.com:80/gamestatwide.asp?r=BS21312&GRUPO=PO99&SERIE=4,2026-09-08T15:37:30Z
BS21312,2001,2001-09-14,SANTURCE,9,"Santiago, Edwin",,14,0,1,2,4,0,0,0,1,1,1,0,0,0,0,6,single-source,wayback_bsnpr_games,https://web.archive.org/web/20011101175905id_/http://www.bsnpr.com:80/gamestatwide.asp?r=BS21312&grupo=,2026-09-08T15:37:38Z
BS21400,2001,2001-09-16,BAYAMON,0,"Richard, Jaja",,16,3,7,0,0,2,3,4,5,9,0,0,3,4,2,8,single-source,wayback_bsnpr_games,https://web.archive.org/web/20011101181733id_/http://www.bsnpr.com:80/gamestatwide.asp?r=BS21400&grupo=,2026-09-08T15:37:53Z
BS21400,2001,2001-09-16,BAYAMON,1,"Salgado, Gustavo",,1,0,0,0,0,0,0,0,0,0,0,0,0,0,0,0,single-source,wayback_bsnpr_games,https://web.archive.org/web/20011101181733id_/http://www.bsnpr.com:80/gamestatwide.asp?r=BS21400&grupo=,2026-09-08T15:37:53Z
BS21400,2001,2001-09-16,BAYAMON,12,"Padilla, Edgar",,40,7,15,1,3,0,0,0,4,4,7,2,1,4,3,17,single-source,wayback_bsnpr_games,https://web.archive.org/web/20011101181733id_/http://www.bsnpr.com:80/gamestatwide.asp?r=BS21400&grupo=,2026-09-08T15:37:53Z
BS21400,2001,2001-09-16,BAYAMON,13,"Payano, Carlos",,32,0,1,1,4,0,0,2,2,4,1,1,2,3,3,3,single-source,wayback_bsnpr_games,https://web.archive.org/web/20011101181733id_/http://www.bsnpr.com:80/gamestatwide.asp?r=BS21400&grupo=,2026-09-08T15:37:53Z
BS21400,2001,2001-09-16,BAYAMON,17,"Mincy, Jerome",1032,24,1,4,0,1,2,2,1,7,8,1,1,0,2,1,4,single-source,wayback_bsnpr_games,https://web.archive.org/web/20011101181733id_/http://www.bsnpr.com:80/gamestatwide.asp?r=BS21400&grupo=,2026-09-08T15:37:53Z
BS21400,2001,2001-09-16,BAYAMON,4,"Western, Franklyn",,7,0,2,0,0,0,0,0,0,0,2,0,0,0,0,0,single-source,wayback_bsnpr_games,https://web.archive.org/web/20011101181733id_/http://www.bsnpr.com:80/gamestatwide.asp?r=BS21400&grupo=,2026-09-08T15:37:53Z
BS21400,2001,2001-09-16,BAYAMON,44,"Novas, Rafael",,3,2,2,0,0,0,0,0,0,0,0,0,0,1,0,4,single-source,wayback_bsnpr_games,https://web.archive.org/web/20011101181733id_/http://www.bsnpr.com:80/gamestatwide.asp?r=BS21400&grupo=,2026-09-08T15:37:53Z
BS21400,2001,2001-09-16,BAYAMON,55,"Santiago, Daniel",427,37,8,15,0,0,8,8,5,9,14,1,3,0,3,3,24,single-source,wayback_bsnpr_games,https://web.archive.org/web/20011101181733id_/http://www.bsnpr.com:80/gamestatwide.asp?r=BS21400&grupo=,2026-09-08T15:37:53Z
BS21400,2001,2001-09-16,BAYAMON,6,"Travieso, Carmelo",,40,2,8,4,11,2,2,0,3,3,2,1,0,2,6,18,single-source,wayback_bsnpr_games,https://web.archive.org/web/20011101181733id_/http://www.bsnpr.com:80/gamestatwide.asp?r=BS21400&grupo=,2026-09-08T15:37:53Z
BS21400,2001,2001-09-16,SANTURCE,11,"Benson, Mark",,27,0,3,2,3,5,5,1,4,5,2,0,0,5,2,11,single-source,wayback_bsnpr_games,https://web.archive.org/web/20011101181733id_/http://www.bsnpr.com:80/gamestatwide.asp?r=BS21400&grupo=,2026-09-08T15:37:53Z
BS21400,2001,2001-09-16,SANTURCE,12,"Hourruitiner, Rolando",2090,5,0,0,0,0,0,0,0,1,1,0,0,0,0,0,0,single-source,wayback_bsnpr_games,https://web.archive.org/web/20011101181733id_/http://www.bsnpr.com:80/gamestatwide.asp?r=BS21400&grupo=,2026-09-08T15:37:53Z
BS21400,2001,2001-09-16,SANTURCE,33,"Falcon, Alex",,16,3,5,0,0,1,2,2,1,3,0,3,0,0,1,7,single-source,wayback_bsnpr_games,https://web.archive.org/web/20011101181733id_/http://www.bsnpr.com:80/gamestatwide.asp?r=BS21400&grupo=,2026-09-08T15:37:53Z
BS21400,2001,2001-09-16,SANTURCE,4,"Ortiz, Jose",,38,8,15,0,2,3,4,0,7,7,2,0,3,3,3,19,single-source,wayback_bsnpr_games,https://web.archive.org/web/20011101181733id_/http://www.bsnpr.com:80/gamestatwide.asp?r=BS21400&grupo=,2026-09-08T15:37:53Z
BS21400,2001,2001-09-16,SANTURCE,42,"Aubry, Jeff",,4,0,1,0,0,0,0,1,1,2,0,0,0,3,1,0,single-source,wayback_bsnpr_games,https://web.archive.org/web/20011101181733id_/http://www.bsnpr.com:80/gamestatwide.asp?r=BS21400&grupo=,2026-09-08T15:37:53Z
BS21400,2001,2001-09-16,SANTURCE,5,"Santiago, Orlando",,38,3,7,2,9,2,3,0,1,1,3,2,0,2,0,14,single-source,wayback_bsnpr_games,https://web.archive.org/web/20011101181733id_/http://www.bsnpr.com:80/gamestatwide.asp?r=BS21400&grupo=,2026-09-08T15:37:53Z
BS21400,2001,2001-09-16,SANTURCE,7,"Arroyo, Carlos",273,37,6,10,0,3,3,3,2,4,6,10,0,0,3,4,15,single-source,wayback_bsnpr_games,https://web.archive.org/web/20011101181733id_/http://www.bsnpr.com:80/gamestatwide.asp?r=BS21400&grupo=,2026-09-08T15:37:53Z
BS21400,2001,2001-09-16,SANTURCE,8,"Trimingham, Leon",,22,5,10,0,0,2,5,4,5,9,0,1,1,3,3,12,single-source,wayback_bsnpr_games,https://web.archive.org/web/20011101181733id_/http://www.bsnpr.com:80/gamestatwide.asp?r=BS21400&grupo=,2026-09-08T15:37:53Z
BS21400,2001,2001-09-16,SANTURCE,9,"Santiago, Edwin",,13,2,3,0,1,0,0,0,1,1,1,0,0,0,1,4,single-source,wayback_bsnpr_games,https://web.archive.org/web/20011101181733id_/http://www.bsnpr.com:80/gamestatwide.asp?r=BS21400&grupo=,2026-09-08T15:37:53Z
BS21401,2001,2001-09-17,BAYAMON,0,"Richard, Jaja",,29,2,3,0,0,2,4,1,4,5,1,2,3,5,1,6,single-source,wayback_bsnpr_games,https://web.archive.org/web/20011101182246id_/http://www.bsnpr.com:80/gamestatwide.asp?r=BS21401&grupo=,2026-09-08T15:38:02Z
BS21401,2001,2001-09-17,BAYAMON,12,"Padilla, Edgar",,40,2,7,1,4,3,3,0,4,4,3,2,0,3,4,10,single-source,wayback_bsnpr_games,https://web.archive.org/web/20011101182246id_/http://www.bsnpr.com:80/gamestatwide.asp?r=BS21401&grupo=,2026-09-08T15:38:02Z
BS21401,2001,2001-09-17,BAYAMON,13,"Payano, Carlos",,38,6,10,3,4,0,0,1,3,4,0,1,0,5,5,21,single-source,wayback_bsnpr_games,https://web.archive.org/web/20011101182246id_/http://www.bsnpr.com:80/gamestatwide.asp?r=BS21401&grupo=,2026-09-08T15:38:02Z
BS21401,2001,2001-09-17,BAYAMON,17,"Mincy, Jerome",1032,25,4,9,0,3,2,4,2,7,9,0,0,0,3,3,10,single-source,wayback_bsnpr_games,https://web.archive.org/web/20011101182246id_/http://www.bsnpr.com:80/gamestatwide.asp?r=BS21401&grupo=,2026-09-08T15:38:02Z
BS21401,2001,2001-09-17,BAYAMON,44,"Novas, Rafael",,11,1,2,0,0,0,0,0,3,3,0,1,0,3,0,2,single-source,wayback_bsnpr_games,https://web.archive.org/web/20011101182246id_/http://www.bsnpr.com:80/gamestatwide.asp?r=BS21401&grupo=,2026-09-08T15:38:02Z
BS21401,2001,2001-09-17,BAYAMON,55,"Santiago, Daniel",427,17,1,3,0,0,2,3,0,4,4,1,0,0,4,1,4,single-source,wayback_bsnpr_games,https://web.archive.org/web/20011101182246id_/http://www.bsnpr.com:80/gamestatwide.asp?r=BS21401&grupo=,2026-09-08T15:38:02Z
BS21401,2001,2001-09-17,BAYAMON,6,"Travieso, Carmelo",,40,3,7,3,8,2,2,3,1,4,4,3,0,2,2,17,single-source,wayback_bsnpr_games,https://web.archive.org/web/20011101182246id_/http://www.bsnpr.com:80/gamestatwide.asp?r=BS21401&grupo=,2026-09-08T15:38:02Z
BS21401,2001,2001-09-17,SANTURCE,11,"Benson, Mark",,25,1,3,3,6,1,2,4,1,5,3,1,1,3,1,12,single-source,wayback_bsnpr_games,https://web.archive.org/web/20011101182246id_/http://www.bsnpr.com:80/gamestatwide.asp?r=BS21401&grupo=,2026-09-08T15:38:02Z
BS21401,2001,2001-09-17,SANTURCE,12,"Hourruitiner, Rolando",2090,5,1,2,0,0,0,0,0,0,0,0,0,0,1,1,2,single-source,wayback_bsnpr_games,https://web.archive.org/web/20011101182246id_/http://www.bsnpr.com:80/gamestatwide.asp?r=BS21401&grupo=,2026-09-08T15:38:02Z
BS21401,2001,2001-09-17,SANTURCE,33,"Falcon, Alex",,12,0,2,0,0,0,0,1,0,1,2,0,0,2,0,0,single-source,wayback_bsnpr_games,https://web.archive.org/web/20011101182246id_/http://www.bsnpr.com:80/gamestatwide.asp?r=BS21401&grupo=,2026-09-08T15:38:02Z
BS21401,2001,2001-09-17,SANTURCE,4,"Ortiz, Jose",,32,4,9,0,2,1,4,2,7,9,2,0,0,4,5,9,single-source,wayback_bsnpr_games,https://web.archive.org/web/20011101182246id_/http://www.bsnpr.com:80/gamestatwide.asp?r=BS21401&grupo=,2026-09-08T15:38:02Z
BS21401,2001,2001-09-17,SANTURCE,42,"Aubry, Jeff",,3,0,0,0,0,1,2,1,0,1,0,0,1,2,0,1,single-source,wayback_bsnpr_games,https://web.archive.org/web/20011101182246id_/http://www.bsnpr.com:80/gamestatwide.asp?r=BS21401&grupo=,2026-09-08T15:38:02Z
BS21401,2001,2001-09-17,SANTURCE,5,"Santiago, Orlando",,38,0,3,2,5,0,0,1,2,3,1,2,1,1,2,6,single-source,wayback_bsnpr_games,https://web.archive.org/web/20011101182246id_/http://www.bsnpr.com:80/gamestatwide.asp?r=BS21401&grupo=,2026-09-08T15:38:02Z
BS21401,2001,2001-09-17,SANTURCE,7,"Arroyo, Carlos",273,37,8,11,0,4,2,4,2,6,8,8,2,0,2,3,18,single-source,wayback_bsnpr_games,https://web.archive.org/web/20011101182246id_/http://www.bsnpr.com:80/gamestatwide.asp?r=BS21401&grupo=,2026-09-08T15:38:02Z
BS21401,2001,2001-09-17,SANTURCE,8,"Trimingham, Leon",,33,3,9,0,0,11,12,2,9,11,2,3,1,3,3,17,single-source,wayback_bsnpr_games,https://web.archive.org/web/20011101182246id_/http://www.bsnpr.com:80/gamestatwide.asp?r=BS21401&grupo=,2026-09-08T15:38:02Z
BS21401,2001,2001-09-17,SANTURCE,9,"Santiago, Edwin",,15,1,5,2,3,1,2,0,0,0,1,0,0,1,1,9,single-source,wayback_bsnpr_games,https://web.archive.org/web/20011101182246id_/http://www.bsnpr.com:80/gamestatwide.asp?r=BS21401&grupo=,2026-09-08T15:38:02Z
BS21402,2001,2001-09-19,BAYAMON,0,"Richard, Jaja",,16,2,3,0,0,0,0,2,2,4,0,0,1,3,0,4,single-source,wayback_bsnpr_games,https://web.archive.org/web/20011101182315id_/http://www.bsnpr.com:80/gamestatwide.asp?r=BS21402&grupo=,2026-09-08T15:38:04Z
BS21402,2001,2001-09-19,BAYAMON,1,"Salgado, Gustavo",,6,2,4,0,0,0,0,0,0,0,0,2,0,2,0,4,single-source,wayback_bsnpr_games,https://web.archive.org/web/20011101182315id_/http://www.bsnpr.com:80/gamestatwide.asp?r=BS21402&grupo=,2026-09-08T15:38:04Z
BS21402,2001,2001-09-19,BAYAMON,12,"Padilla, Edgar",,40,4,9,0,2,4,4,4,6,10,2,4,0,4,8,12,single-source,wayback_bsnpr_games,https://web.archive.org/web/20011101182315id_/http://www.bsnpr.com:80/gamestatwide.asp?r=BS21402&grupo=,2026-09-08T15:38:04Z
BS21402,2001,2001-09-19,BAYAMON,13,"Payano, Carlos",,40,7,19,2,7,2,6,5,1,6,0,1,1,3,3,22,single-source,wayback_bsnpr_games,https://web.archive.org/web/20011101182315id_/http://www.bsnpr.com:80/gamestatwide.asp?r=BS21402&grupo=,2026-09-08T15:38:04Z
BS21402,2001,2001-09-19,BAYAMON,17,"Mincy, Jerome",1032,30,5,10,4,7,4,6,1,4,5,0,0,0,3,3,26,single-source,wayback_bsnpr_games,https://web.archive.org/web/20011101182315id_/http://www.bsnpr.com:80/gamestatwide.asp?r=BS21402&grupo=,2026-09-08T15:38:04Z
BS21402,2001,2001-09-19,BAYAMON,44,"Novas, Rafael",,15,0,0,0,0,0,0,1,0,1,0,0,0,2,1,0,single-source,wayback_bsnpr_games,https://web.archive.org/web/20011101182315id_/http://www.bsnpr.com:80/gamestatwide.asp?r=BS21402&grupo=,2026-09-08T15:38:04Z
BS21402,2001,2001-09-19,BAYAMON,55,"Santiago, Daniel",427,19,3,4,0,0,4,6,2,4,6,3,0,0,4,3,10,single-source,wayback_bsnpr_games,https://web.archive.org/web/20011101182315id_/http://www.bsnpr.com:80/gamestatwide.asp?r=BS21402&grupo=,2026-09-08T15:38:04Z
BS21402,2001,2001-09-19,BAYAMON,6,"Travieso, Carmelo",,34,2,11,0,4,2,3,4,2,6,0,0,0,4,2,6,single-source,wayback_bsnpr_games,https://web.archive.org/web/20011101182315id_/http://www.bsnpr.com:80/gamestatwide.asp?r=BS21402&grupo=,2026-09-08T15:38:04Z
BS21402,2001,2001-09-19,SANTURCE,11,"Benson, Mark",,18,1,1,1,3,1,2,1,3,4,0,0,2,3,0,6,single-source,wayback_bsnpr_games,https://web.archive.org/web/20011101182315id_/http://www.bsnpr.com:80/gamestatwide.asp?r=BS21402&grupo=,2026-09-08T15:38:04Z
BS21402,2001,2001-09-19,SANTURCE,12,"Hourruitiner, Rolando",2090,24,3,4,0,2,4,4,0,5,5,6,1,0,5,3,10,single-source,wayback_bsnpr_games,https://web.archive.org/web/20011101182315id_/http://www.bsnpr.com:80/gamestatwide.asp?r=BS21402&grupo=,2026-09-08T15:38:04Z
BS21402,2001,2001-09-19,SANTURCE,33,"Falcon, Alex",,11,3,5,0,0,1,2,1,3,4,1,1,0,2,3,7,single-source,wayback_bsnpr_games,https://web.archive.org/web/20011101182315id_/http://www.bsnpr.com:80/gamestatwide.asp?r=BS21402&grupo=,2026-09-08T15:38:04Z
BS21402,2001,2001-09-19,SANTURCE,4,"Ortiz, Jose",,31,8,14,0,1,1,1,3,8,11,0,1,4,4,1,17,single-source,wayback_bsnpr_games,https://web.archive.org/web/20011101182315id_/http://www.bsnpr.com:80/gamestatwide.asp?r=BS21402&grupo=,2026-09-08T15:38:04Z
BS21402,2001,2001-09-19,SANTURCE,42,"Aubry, Jeff",,6,0,0,0,0,0,0,0,1,1,0,0,0,3,1,0,single-source,wayback_bsnpr_games,https://web.archive.org/web/20011101182315id_/http://www.bsnpr.com:80/gamestatwide.asp?r=BS21402&grupo=,2026-09-08T15:38:04Z
BS21402,2001,2001-09-19,SANTURCE,44,"Bocachica, Armando",,1,0,0,0,0,0,0,0,0,0,0,0,0,0,0,0,single-source,wayback_bsnpr_games,https://web.archive.org/web/20011101182315id_/http://www.bsnpr.com:80/gamestatwide.asp?r=BS21402&grupo=,2026-09-08T15:38:04Z
BS21402,2001,2001-09-19,SANTURCE,5,"Santiago, Orlando",,39,1,3,3,12,10,10,0,2,2,7,3,0,0,2,21,single-source,wayback_bsnpr_games,https://web.archive.org/web/20011101182315id_/http://www.bsnpr.com:80/gamestatwide.asp?r=BS21402&grupo=,2026-09-08T15:38:04Z
BS21402,2001,2001-09-19,SANTURCE,55,"Butler, Mario",,3,0,0,0,0,0,0,0,1,1,0,0,0,1,0,0,single-source,wayback_bsnpr_games,https://web.archive.org/web/20011101182315id_/http://www.bsnpr.com:80/gamestatwide.asp?r=BS21402&grupo=,2026-09-08T15:38:04Z
BS21402,2001,2001-09-19,SANTURCE,7,"Arroyo, Carlos",273,34,6,12,2,5,2,2,1,0,1,6,5,1,2,4,20,single-source,wayback_bsnpr_games,https://web.archive.org/web/20011101182315id_/http://www.bsnpr.com:80/gamestatwide.asp?r=BS21402&grupo=,2026-09-08T15:38:04Z
BS21402,2001,2001-09-19,SANTURCE,8,"Trimingham, Leon",,22,3,8,0,0,5,6,3,5,8,1,0,0,4,1,11,single-source,wayback_bsnpr_games,https://web.archive.org/web/20011101182315id_/http://www.bsnpr.com:80/gamestatwide.asp?r=BS21402&grupo=,2026-09-08T15:38:04Z
BS21402,2001,2001-09-19,SANTURCE,9,"Santiago, Edwin",,11,0,1,1,2,0,0,3,0,3,0,1,0,1,2,3,single-source,wayback_bsnpr_games,https://web.archive.org/web/20011101182315id_/http://www.bsnpr.com:80/gamestatwide.asp?r=BS21402&grupo=,2026-09-08T15:38:04Z
BS21403,2001,2001-09-21,BAYAMON,0,"Richard, Jaja",,20,3,8,0,0,0,0,3,2,5,0,0,0,4,2,6,single-source,wayback_bsnpr_games,https://web.archive.org/web/20011101182419id_/http://www.bsnpr.com:80/gamestatwide.asp?r=BS21403&grupo=,2026-09-08T15:38:06Z
BS21403,2001,2001-09-21,BAYAMON,12,"Padilla, Edgar",,40,3,8,0,1,0,0,3,4,7,4,3,1,5,7,6,single-source,wayback_bsnpr_games,https://web.archive.org/web/20011101182419id_/http://www.bsnpr.com:80/gamestatwide.asp?r=BS21403&grupo=,2026-09-08T15:38:06Z
BS21403,2001,2001-09-21,BAYAMON,13,"Payano, Carlos",,23,0,9,3,5,2,4,3,0,3,0,1,1,2,1,11,single-source,wayback_bsnpr_games,https://web.archive.org/web/20011101182419id_/http://www.bsnpr.com:80/gamestatwide.asp?r=BS21403&grupo=,2026-09-08T15:38:06Z
BS21403,2001,2001-09-21,BAYAMON,17,"Mincy, Jerome",1032,35,7,12,0,3,1,4,7,6,13,2,1,1,1,2,15,single-source,wayback_bsnpr_games,https://web.archive.org/web/20011101182419id_/http://www.bsnpr.com:80/gamestatwide.asp?r=BS21403&grupo=,2026-09-08T15:38:06Z
BS21403,2001,2001-09-21,BAYAMON,32,"Santiago, Eddin",502,31,3,7,0,2,2,4,5,1,6,6,4,0,5,3,8,single-source,wayback_bsnpr_games,https://web.archive.org/web/20011101182419id_/http://www.bsnpr.com:80/gamestatwide.asp?r=BS21403&grupo=,2026-09-08T15:38:06Z
BS21403,2001,2001-09-21,BAYAMON,44,"Novas, Rafael",,5,2,2,0,0,0,0,0,2,2,0,0,0,0,0,4,single-source,wayback_bsnpr_games,https://web.archive.org/web/20011101182419id_/http://www.bsnpr.com:80/gamestatwide.asp?r=BS21403&grupo=,2026-09-08T15:38:06Z
BS21403,2001,2001-09-21,BAYAMON,55,"Santiago, Daniel",427,31,4,11,0,0,9,14,5,3,8,0,1,3,5,2,17,single-source,wayback_bsnpr_games,https://web.archive.org/web/20011101182419id_/http://www.bsnpr.com:80/gamestatwide.asp?r=BS21403&grupo=,2026-09-08T15:38:06Z
BS21403,2001,2001-09-21,BAYAMON,6,"Travieso, Carmelo",,40,5,12,5,9,0,0,3,2,5,2,1,0,3,3,25,single-source,wayback_bsnpr_games,https://web.archive.org/web/20011101182419id_/http://www.bsnpr.com:80/gamestatwide.asp?r=BS21403&grupo=,2026-09-08T15:38:06Z
BS21403,2001,2001-09-21,SANTURCE,11,"Benson, Mark",,13,1,3,3,6,4,6,2,1,3,0,0,0,4,3,15,single-source,wayback_bsnpr_games,https://web.archive.org/web/20011101182419id_/http://www.bsnpr.com:80/gamestatwide.asp?r=BS21403&grupo=,2026-09-08T15:38:06Z
BS21403,2001,2001-09-21,SANTURCE,12,"Hourruitiner, Rolando",2090,29,2,3,0,0,1,2,2,4,6,3,1,0,2,5,5,single-source,wayback_bsnpr_games,https://web.archive.org/web/20011101182419id_/http://www.bsnpr.com:80/gamestatwide.asp?r=BS21403&grupo=,2026-09-08T15:38:06Z
BS21403,2001,2001-09-21,SANTURCE,33,"Falcon, Alex",,9,0,0,0,0,0,0,0,0,0,0,0,0,1,1,0,single-source,wayback_bsnpr_games,https://web.archive.org/web/20011101182419id_/http://www.bsnpr.com:80/gamestatwide.asp?r=BS21403&grupo=,2026-09-08T15:38:06Z
BS21403,2001,2001-09-21,SANTURCE,4,"Ortiz, Jose",,35,5,10,0,0,4,7,3,7,10,3,1,0,5,1,14,single-source,wayback_bsnpr_games,https://web.archive.org/web/20011101182419id_/http://www.bsnpr.com:80/gamestatwide.asp?r=BS21403&grupo=,2026-09-08T15:38:06Z
BS21403,2001,2001-09-21,SANTURCE,42,"Aubry, Jeff",,5,0,1,0,0,0,0,1,0,1,0,0,0,2,0,0,single-source,wayback_bsnpr_games,https://web.archive.org/web/20011101182419id_/http://www.bsnpr.com:80/gamestatwide.asp?r=BS21403&grupo=,2026-09-08T15:38:06Z
BS21403,2001,2001-09-21,SANTURCE,5,"Santiago, Orlando",,45,3,8,1,4,6,6,0,2,2,7,3,1,4,3,15,single-source,wayback_bsnpr_games,https://web.archive.org/web/20011101182419id_/http://www.bsnpr.com:80/gamestatwide.asp?r=BS21403&grupo=,2026-09-08T15:38:06Z
BS21403,2001,2001-09-21,SANTURCE,7,"Arroyo, Carlos",273,43,2,12,3,6,2,2,0,4,4,3,0,1,4,1,15,single-source,wayback_bsnpr_games,https://web.archive.org/web/20011101182419id_/http://www.bsnpr.com:80/gamestatwide.asp?r=BS21403&grupo=,2026-09-08T15:38:06Z
BS21403,2001,2001-09-21,SANTURCE,8,"Trimingham, Leon",,39,13,16,0,0,5,8,6,6,12,3,1,2,5,4,31,single-source,wayback_bsnpr_games,https://web.archive.org/web/20011101182419id_/http://www.bsnpr.com:80/gamestatwide.asp?r=BS21403&grupo=,2026-09-08T15:38:06Z
BS21403,2001,2001-09-21,SANTURCE,9,"Santiago, Edwin",,7,0,2,0,1,2,2,1,0,1,0,0,0,0,1,2,single-source,wayback_bsnpr_games,https://web.archive.org/web/20011101182419id_/http://www.bsnpr.com:80/gamestatwide.asp?r=BS21403&grupo=,2026-09-08T15:38:06Z
