season,team_raw,serie,jersey,player_raw,games,minutes,fgm,fga,tpm,tpa,ftm,fta,dreb,treb,ast,stl,blk,tov,pts,ppg,fg_pct,confidence,source_id,source_url,retrieved_at,capture_date
2001,Vaqueros de Bayamon,,0,"Richard, J.",26,682,90,151,0,0,41,75,146,236,31,13,55,59,221,8.5,0.596,single-source,wayback_bsnpr_root,https://web.archive.org/web/20010708052714id_/http://www.bsnpr.com:80/equiposstat.asp?t=BA,2026-09-08T13:56:14Z,2001-07-08
2001,Vaqueros de Bayamon,,4,"Western, F.",24,792,219,386,0,4,88,105,121,170,57,29,6,56,526,21.92,0.567,single-source,wayback_bsnpr_root,https://web.archive.org/web/20010708052714id_/http://www.bsnpr.com:80/equiposstat.asp?t=BA,2026-09-08T13:56:14Z,2001-07-08
2001,Vaqueros de Bayamon,,5,"Ortiz, R.",17,145,17,34,4,15,5,6,9,12,29,3,1,17,43,2.53,0.5,single-source,wayback_bsnpr_root,https://web.archive.org/web/20010708052714id_/http://www.bsnpr.com:80/equiposstat.asp?t=BA,2026-09-08T13:56:14Z,2001-07-08
2001,Vaqueros de Bayamon,,6,"Travieso, C.",26,815,151,356,101,246,19,28,83,101,61,44,5,54,422,16.23,0.424,single-source,wayback_bsnpr_root,https://web.archive.org/web/20010708052714id_/http://www.bsnpr.com:80/equiposstat.asp?t=BA,2026-09-08T13:56:14Z,2001-07-08
2001,Vaqueros de Bayamon,,9,"Salgado, G.",17,87,20,43,2,2,10,17,13,22,4,3,4,6,52,3.06,0.465,single-source,wayback_bsnpr_root,https://web.archive.org/web/20010708052714id_/http://www.bsnpr.com:80/equiposstat.asp?t=BA,2026-09-08T13:56:14Z,2001-07-08
2001,Vaqueros de Bayamon,,10,"Cruz, A.",11,110,22,46,7,20,9,17,9,13,19,7,0,11,60,5.45,0.478,single-source,wayback_bsnpr_root,https://web.archive.org/web/20010708052714id_/http://www.bsnpr.com:80/equiposstat.asp?t=BA,2026-09-08T13:56:14Z,2001-07-08
2001,Vaqueros de Bayamon,,12,"Padilla, E.",26,641,87,192,25,56,49,65,84,91,152,51,9,78,248,9.54,0.453,single-source,wayback_bsnpr_root,https://web.archive.org/web/20010708052714id_/http://www.bsnpr.com:80/equiposstat.asp?t=BA,2026-09-08T13:56:14Z,2001-07-08
2001,Vaqueros de Bayamon,,13,"Leon, E.",7,27,4,12,0,1,0,0,10,12,1,0,0,5,8,1.14,0.333,single-source,wayback_bsnpr_root,https://web.archive.org/web/20010708052714id_/http://www.bsnpr.com:80/equiposstat.asp?t=BA,2026-09-08T13:56:14Z,2001-07-08
2001,Vaqueros de Bayamon,,13,"Payano, C.",12,203,49,102,18,45,17,20,26,37,11,9,2,19,133,11.08,0.48,single-source,wayback_bsnpr_root,https://web.archive.org/web/20010708052714id_/http://www.bsnpr.com:80/equiposstat.asp?t=BA,2026-09-08T13:56:14Z,2001-07-08
2001,Vaqueros de Bayamon,,15,"Latimer, A.",14,356,65,157,11,35,40,66,53,85,20,2,7,38,181,12.93,0.414,single-source,wayback_bsnpr_root,https://web.archive.org/web/20010708052714id_/http://www.bsnpr.com:80/equiposstat.asp?t=BA,2026-09-08T13:56:14Z,2001-07-08
2001,Vaqueros de Bayamon,,15,"Novas, R.",11,122,18,31,0,1,14,21,33,47,1,0,2,6,50,4.55,0.581,single-source,wayback_bsnpr_root,https://web.archive.org/web/20010708052714id_/http://www.bsnpr.com:80/equiposstat.asp?t=BA,2026-09-08T13:56:14Z,2001-07-08
2001,Vaqueros de Bayamon,,17,"Mincy, J.",25,568,95,215,25,69,66,84,83,125,33,11,5,46,281,11.24,0.442,single-source,wayback_bsnpr_root,https://web.archive.org/web/20010708052714id_/http://www.bsnpr.com:80/equiposstat.asp?t=BA,2026-09-08T13:56:14Z,2001-07-08
2001,Vaqueros de Bayamon,,20,"Rivera, J.",10,32,3,8,0,0,5,8,1,2,4,2,0,8,11,1.1,0.375,single-source,wayback_bsnpr_root,https://web.archive.org/web/20010708052714id_/http://www.bsnpr.com:80/equiposstat.asp?t=BA,2026-09-08T13:56:14Z,2001-07-08
2001,Vaqueros de Bayamon,,22,"Apodaca, R.",4,68,17,36,4,15,4,5,8,11,5,5,0,5,42,10.5,0.472,single-source,wayback_bsnpr_root,https://web.archive.org/web/20010708052714id_/http://www.bsnpr.com:80/equiposstat.asp?t=BA,2026-09-08T13:56:14Z,2001-07-08
2001,Vaqueros de Bayamon,,32,"Santiago, E.",26,382,37,94,14,37,17,20,40,54,79,32,0,28,105,4.04,0.394,single-source,wayback_bsnpr_root,https://web.archive.org/web/20010708052714id_/http://www.bsnpr.com:80/equiposstat.asp?t=BA,2026-09-08T13:56:14Z,2001-07-08
2001,Vaqueros de Bayamon,,33,"Aponte, E.",7,21,6,9,0,0,3,4,2,4,1,0,0,0,15,2.14,0.667,single-source,wayback_bsnpr_root,https://web.archive.org/web/20010708052714id_/http://www.bsnpr.com:80/equiposstat.asp?t=BA,2026-09-08T13:56:14Z,2001-07-08
2001,Vaqueros de Bayamon,,44,"Rodriguez, J.",12,70,11,30,0,0,4,8,14,29,1,0,3,6,26,2.17,0.367,single-source,wayback_bsnpr_root,https://web.archive.org/web/20010708052714id_/http://www.bsnpr.com:80/equiposstat.asp?t=BA,2026-09-08T13:56:14Z,2001-07-08
2001,Vaqueros de Bayamon,,55,"Santiago, D.",6,129,27,51,0,3,7,17,24,29,4,4,7,16,61,10.17,0.529,single-source,wayback_bsnpr_root,https://web.archive.org/web/20010708052714id_/http://www.bsnpr.com:80/equiposstat.asp?t=BA,2026-09-08T13:56:14Z,2001-07-08
2001,Polluelos de Aibonito,Serie Regular,4,"Lopez, A.",0,0,0,0,0,0,0,0,0,0,0,0,0,0,0,0.0,0.0,single-source,wayback_bsnpr_root,https://web.archive.org/web/20010804035158id_/http://bsnpr.com:80/equiposstat.asp?t=AI++++++++&serie=1,2026-09-08T13:56:18Z,2001-08-04
2001,Polluelos de Aibonito,Serie Regular,4,"Lopez, M.",22,740,151,276,1,14,54,105,60,84,160,34,3,59,357,16.23,0.547,single-source,wayback_bsnpr_root,https://web.archive.org/web/20010804035158id_/http://bsnpr.com:80/equiposstat.asp?t=AI++++++++&serie=1,2026-09-08T13:56:18Z,2001-08-04
2001,Polluelos de Aibonito,Serie Regular,5,"Camacho, L.",9,31,2,12,0,3,2,2,3,3,7,2,0,6,6,0.67,0.167,single-source,wayback_bsnpr_root,https://web.archive.org/web/20010804035158id_/http://bsnpr.com:80/equiposstat.asp?t=AI++++++++&serie=1,2026-09-08T13:56:18Z,2001-08-04
2001,Polluelos de Aibonito,Serie Regular,6,"Valentin, O.",6,14,4,7,0,1,3,6,0,1,1,2,0,4,11,1.83,0.571,single-source,wayback_bsnpr_root,https://web.archive.org/web/20010804035158id_/http://bsnpr.com:80/equiposstat.asp?t=AI++++++++&serie=1,2026-09-08T13:56:18Z,2001-08-04
2001,Polluelos de Aibonito,Serie Regular,7,"Lozano, J.",0,0,0,0,0,0,0,0,0,0,0,0,0,0,0,0.0,0.0,single-source,wayback_bsnpr_root,https://web.archive.org/web/20010804035158id_/http://bsnpr.com:80/equiposstat.asp?t=AI++++++++&serie=1,2026-09-08T13:56:18Z,2001-08-04
2001,Polluelos de Aibonito,Serie Regular,7,"Lozada, Z.",6,15,0,2,0,1,0,0,7,7,0,0,0,3,0,0.0,0.0,single-source,wayback_bsnpr_root,https://web.archive.org/web/20010804035158id_/http://bsnpr.com:80/equiposstat.asp?t=AI++++++++&serie=1,2026-09-08T13:56:18Z,2001-08-04
2001,Polluelos de Aibonito,Serie Regular,8,"Hidalgo, C.",26,493,104,213,39,116,25,42,22,39,25,24,4,23,272,10.46,0.488,single-source,wayback_bsnpr_root,https://web.archive.org/web/20010804035158id_/http://bsnpr.com:80/equiposstat.asp?t=AI++++++++&serie=1,2026-09-08T13:56:18Z,2001-08-04
2001,Polluelos de Aibonito,Serie Regular,9,"Rodriguez, E.",23,634,81,231,45,121,29,46,45,66,49,35,7,31,236,0.0,0.0,single-source,wayback_bsnpr_root,https://web.archive.org/web/20010804035158id_/http://bsnpr.com:80/equiposstat.asp?t=AI++++++++&serie=1,2026-09-08T13:56:18Z,2001-08-04
2001,Polluelos de Aibonito,Serie Regular,10,"Melendez, O.",26,735,126,264,12,56,44,61,110,176,36,18,36,55,308,11.85,0.477,single-source,wayback_bsnpr_root,https://web.archive.org/web/20010804035158id_/http://bsnpr.com:80/equiposstat.asp?t=AI++++++++&serie=1,2026-09-08T13:56:18Z,2001-08-04
2001,Polluelos de Aibonito,Serie Regular,11,"Rodriguez, E.",2,4,0,1,0,0,0,0,0,0,0,0,0,1,0,0.0,0.0,single-source,wayback_bsnpr_root,https://web.archive.org/web/20010804035158id_/http://bsnpr.com:80/equiposstat.asp?t=AI++++++++&serie=1,2026-09-08T13:56:18Z,2001-08-04
2001,Polluelos de Aibonito,Serie Regular,11,"Venzen, G.",13,159,26,55,7,22,12,25,24,38,2,7,3,18,71,5.46,0.473,single-source,wayback_bsnpr_root,https://web.archive.org/web/20010804035158id_/http://bsnpr.com:80/equiposstat.asp?t=AI++++++++&serie=1,2026-09-08T13:56:18Z,2001-08-04
2001,Polluelos de Aibonito,Serie Regular,12,"Hernandez, J.",13,309,47,97,17,43,20,24,18,25,55,17,1,35,131,10.08,0.485,single-source,wayback_bsnpr_root,https://web.archive.org/web/20010804035158id_/http://bsnpr.com:80/equiposstat.asp?t=AI++++++++&serie=1,2026-09-08T13:56:18Z,2001-08-04
2001,Polluelos de Aibonito,Serie Regular,13,"Rosario, R.",4,57,11,23,4,9,3,5,5,8,3,1,0,9,29,7.25,0.478,single-source,wayback_bsnpr_root,https://web.archive.org/web/20010804035158id_/http://bsnpr.com:80/equiposstat.asp?t=AI++++++++&serie=1,2026-09-08T13:56:18Z,2001-08-04
2001,Polluelos de Aibonito,Serie Regular,13,"Torres, D.",4,11,2,6,1,1,2,2,1,2,0,1,0,1,7,1.75,0.333,single-source,wayback_bsnpr_root,https://web.archive.org/web/20010804035158id_/http://bsnpr.com:80/equiposstat.asp?t=AI++++++++&serie=1,2026-09-08T13:56:18Z,2001-08-04
2001,Polluelos de Aibonito,Serie Regular,14,"Rodriguez, E.",0,0,0,0,0,0,0,0,0,0,0,0,0,0,0,0.0,0.0,single-source,wayback_bsnpr_root,https://web.archive.org/web/20010804035158id_/http://bsnpr.com:80/equiposstat.asp?t=AI++++++++&serie=1,2026-09-08T13:56:18Z,2001-08-04
2001,Polluelos de Aibonito,Serie Regular,15,"Berges, P.",10,39,2,6,0,0,2,2,6,6,1,0,2,1,6,0.6,0.333,single-source,wayback_bsnpr_root,https://web.archive.org/web/20010804035158id_/http://bsnpr.com:80/equiposstat.asp?t=AI++++++++&serie=1,2026-09-08T13:56:18Z,2001-08-04
2001,Polluelos de Aibonito,Serie Regular,16,"Murray, J.",26,886,113,199,0,0,67,128,141,223,32,26,13,55,293,11.27,0.568,single-source,wayback_bsnpr_root,https://web.archive.org/web/20010804035158id_/http://bsnpr.com:80/equiposstat.asp?t=AI++++++++&serie=1,2026-09-08T13:56:18Z,2001-08-04
2001,Polluelos de Aibonito,Serie Regular,17,"Wilson, M.",26,985,229,483,60,168,86,109,229,289,70,34,27,92,604,23.23,0.474,single-source,wayback_bsnpr_root,https://web.archive.org/web/20010804035158id_/http://bsnpr.com:80/equiposstat.asp?t=AI++++++++&serie=1,2026-09-08T13:56:18Z,2001-08-04
2001,Polluelos de Aibonito,Serie Regular,18,"Rivera, A.",18,113,5,14,0,0,4,10,16,30,4,2,0,8,14,0.78,0.357,single-source,wayback_bsnpr_root,https://web.archive.org/web/20010804035158id_/http://bsnpr.com:80/equiposstat.asp?t=AI++++++++&serie=1,2026-09-08T13:56:18Z,2001-08-04
2001,Capitanes de Arecibo,Serie Regular,7,"Cotte, J.",23,354,43,110,23,64,20,35,36,44,50,11,1,34,129,5.61,0.391,single-source,wayback_bsnpr_root,https://web.archive.org/web/20010804041013id_/http://bsnpr.com:80/equiposstat.asp?t=AR++++++++&serie=1,2026-09-08T13:56:19Z,2001-08-04
2001,Capitanes de Arecibo,Serie Regular,8,"Figueroa, A.",21,488,95,213,26,94,56,84,37,63,29,34,4,21,272,12.95,0.446,single-source,wayback_bsnpr_root,https://web.archive.org/web/20010804041013id_/http://bsnpr.com:80/equiposstat.asp?t=AR++++++++&serie=1,2026-09-08T13:56:19Z,2001-08-04
2001,Capitanes de Arecibo,Serie Regular,9,"Garcia, Y.",16,175,34,86,13,47,7,12,6,15,8,5,0,11,88,5.5,0.395,single-source,wayback_bsnpr_root,https://web.archive.org/web/20010804041013id_/http://bsnpr.com:80/equiposstat.asp?t=AR++++++++&serie=1,2026-09-08T13:56:19Z,2001-08-04
2001,Capitanes de Arecibo,Serie Regular,10,"Cidre, G.",5,9,1,2,0,0,1,2,0,1,4,1,0,2,3,0.6,0.5,single-source,wayback_bsnpr_root,https://web.archive.org/web/20010804041013id_/http://bsnpr.com:80/equiposstat.asp?t=AR++++++++&serie=1,2026-09-08T13:56:19Z,2001-08-04
2001,Capitanes de Arecibo,Serie Regular,11,"Chiaramello, O.",20,278,36,76,0,0,5,14,49,82,13,16,16,19,77,3.85,0.474,single-source,wayback_bsnpr_root,https://web.archive.org/web/20010804041013id_/http://bsnpr.com:80/equiposstat.asp?t=AR++++++++&serie=1,2026-09-08T13:56:19Z,2001-08-04
2001,Capitanes de Arecibo,Serie Regular,12,"Nieves, J.",10,142,7,33,6,24,4,6,8,11,11,4,0,4,24,2.4,0.212,single-source,wayback_bsnpr_root,https://web.archive.org/web/20010804041013id_/http://bsnpr.com:80/equiposstat.asp?t=AR++++++++&serie=1,2026-09-08T13:56:19Z,2001-08-04
2001,Capitanes de Arecibo,Serie Regular,14,"Rivera, J.",24,680,137,261,3,15,35,51,135,177,32,21,22,55,312,13.0,0.525,single-source,wayback_bsnpr_root,https://web.archive.org/web/20010804041013id_/http://bsnpr.com:80/equiposstat.asp?t=AR++++++++&serie=1,2026-09-08T13:56:19Z,2001-08-04
2001,Capitanes de Arecibo,Serie Regular,15,"Barrientos, A.",5,18,2,5,0,0,0,0,2,3,1,1,0,0,4,0.8,0.4,single-source,wayback_bsnpr_root,https://web.archive.org/web/20010804041013id_/http://bsnpr.com:80/equiposstat.asp?t=AR++++++++&serie=1,2026-09-08T13:56:19Z,2001-08-04
2001,Capitanes de Arecibo,Serie Regular,17,"Martinez, E.",10,62,14,31,5,12,9,14,11,21,1,6,2,7,42,4.2,0.452,single-source,wayback_bsnpr_root,https://web.archive.org/web/20010804041013id_/http://bsnpr.com:80/equiposstat.asp?t=AR++++++++&serie=1,2026-09-08T13:56:19Z,2001-08-04
2001,Capitanes de Arecibo,Serie Regular,18,"Cortes, D.",20,183,47,93,12,32,17,21,13,25,10,14,6,12,123,6.15,0.505,single-source,wayback_bsnpr_root,https://web.archive.org/web/20010804041013id_/http://bsnpr.com:80/equiposstat.asp?t=AR++++++++&serie=1,2026-09-08T13:56:19Z,2001-08-04
2001,Capitanes de Arecibo,Serie Regular,20,"Alicea, P.",12,381,42,108,23,69,15,25,35,46,97,8,0,30,122,10.17,0.389,single-source,wayback_bsnpr_root,https://web.archive.org/web/20010804041013id_/http://bsnpr.com:80/equiposstat.asp?t=AR++++++++&serie=1,2026-09-08T13:56:19Z,2001-08-04
2001,Capitanes de Arecibo,Serie Regular,20,"Rivera, R.",6,14,3,9,1,2,1,2,1,3,0,3,0,3,8,1.33,0.333,single-source,wayback_bsnpr_root,https://web.archive.org/web/20010804041013id_/http://bsnpr.com:80/equiposstat.asp?t=AR++++++++&serie=1,2026-09-08T13:56:19Z,2001-08-04
2001,Capitanes de Arecibo,Serie Regular,21,"Rivera, O.",21,162,21,61,12,32,11,18,11,13,23,9,2,11,65,3.1,0.344,single-source,wayback_bsnpr_root,https://web.archive.org/web/20010804041013id_/http://bsnpr.com:80/equiposstat.asp?t=AR++++++++&serie=1,2026-09-08T13:56:19Z,2001-08-04
2001,Capitanes de Arecibo,Serie Regular,22,"Rodriguez, I.",5,12,2,2,0,0,0,0,0,1,1,1,0,2,4,0.8,1.0,single-source,wayback_bsnpr_root,https://web.archive.org/web/20010804041013id_/http://bsnpr.com:80/equiposstat.asp?t=AR++++++++&serie=1,2026-09-08T13:56:19Z,2001-08-04
2001,Capitanes de Arecibo,Serie Regular,25,"Hill, K.",9,247,43,103,5,22,12,18,53,85,49,6,3,34,103,11.44,0.417,single-source,wayback_bsnpr_root,https://web.archive.org/web/20010804041013id_/http://bsnpr.com:80/equiposstat.asp?t=AR++++++++&serie=1,2026-09-08T13:56:19Z,2001-08-04
2001,Capitanes de Arecibo,Serie Regular,25,"Higgs, N.",16,562,134,281,32,97,101,132,114,147,56,31,6,60,401,25.06,0.477,single-source,wayback_bsnpr_root,https://web.archive.org/web/20010804041013id_/http://bsnpr.com:80/equiposstat.asp?t=AR++++++++&serie=1,2026-09-08T13:56:19Z,2001-08-04
2001,Capitanes de Arecibo,Serie Regular,31,"Cruz, R.",26,617,114,231,18,51,61,77,57,73,79,23,5,75,307,11.81,0.494,single-source,wayback_bsnpr_root,https://web.archive.org/web/20010804041013id_/http://bsnpr.com:80/equiposstat.asp?t=AR++++++++&serie=1,2026-09-08T13:56:19Z,2001-08-04
2001,Capitanes de Arecibo,Serie Regular,32,"Calderon, A.",17,122,18,26,0,0,6,11,18,35,2,4,3,8,42,2.47,0.692,single-source,wayback_bsnpr_root,https://web.archive.org/web/20010804041013id_/http://bsnpr.com:80/equiposstat.asp?t=AR++++++++&serie=1,2026-09-08T13:56:19Z,2001-08-04
2001,Capitanes de Arecibo,Serie Regular,33,"Rolon, J.",26,694,153,281,2,25,49,70,63,155,43,12,2,63,357,13.73,0.544,single-source,wayback_bsnpr_root,https://web.archive.org/web/20010804041013id_/http://bsnpr.com:80/equiposstat.asp?t=AR++++++++&serie=1,2026-09-08T13:56:19Z,2001-08-04
2001,Criollos de Caguas,Serie Regular,4,"Colon, A.",26,743,127,269,21,71,55,68,39,63,39,37,9,50,330,12.69,0.472,single-source,wayback_bsnpr_root,https://web.archive.org/web/20010804042157id_/http://bsnpr.com:80/equiposstat.asp?t=CA++++++++&serie=1,2026-09-08T13:56:22Z,2001-08-04
2001,Criollos de Caguas,Serie Regular,5,"Rivera, A.",10,36,8,15,4,9,3,6,5,7,1,0,0,1,23,3.17,0.4,single-source,wayback_bsnpr_root,https://web.archive.org/web/20010804042157id_/http://bsnpr.com:80/equiposstat.asp?t=CA++++++++&serie=1,2026-09-08T13:56:22Z,2001-08-04
2001,Criollos de Caguas,Serie Regular,6,"Burgos, G.",24,248,28,70,12,41,6,16,12,16,42,13,0,18,74,3.08,0.4,single-source,wayback_bsnpr_root,https://web.archive.org/web/20010804042157id_/http://bsnpr.com:80/equiposstat.asp?t=CA++++++++&serie=1,2026-09-08T13:56:22Z,2001-08-04
2001,Criollos de Caguas,Serie Regular,7,"Davila, M.",26,761,72,212,28,100,44,60,68,104,155,29,1,54,216,8.31,0.34,single-source,wayback_bsnpr_root,https://web.archive.org/web/20010804042157id_/http://bsnpr.com:80/equiposstat.asp?t=CA++++++++&serie=1,2026-09-08T13:56:22Z,2001-08-04
2001,Criollos de Caguas,Serie Regular,8,"Farmer, A.",26,952,171,432,83,232,153,185,158,212,74,32,19,60,578,22.23,0.396,single-source,wayback_bsnpr_root,https://web.archive.org/web/20010804042157id_/http://bsnpr.com:80/equiposstat.asp?t=CA++++++++&serie=1,2026-09-08T13:56:22Z,2001-08-04
2001,Criollos de Caguas,Serie Regular,10,"Rivera, A.",6,37,6,15,2,9,5,7,2,5,1,0,0,4,19,3.17,0.4,single-source,wayback_bsnpr_root,https://web.archive.org/web/20010804042157id_/http://bsnpr.com:80/equiposstat.asp?t=CA++++++++&serie=1,2026-09-08T13:56:22Z,2001-08-04
2001,Criollos de Caguas,Serie Regular,11,"Nieves, J.",26,424,98,216,57,147,35,45,32,39,20,17,1,31,288,11.08,0.454,single-source,wayback_bsnpr_root,https://web.archive.org/web/20010804042157id_/http://bsnpr.com:80/equiposstat.asp?t=CA++++++++&serie=1,2026-09-08T13:56:22Z,2001-08-04
2001,Criollos de Caguas,Serie Regular,14,"Allende, L.",26,837,130,281,55,139,62,71,94,135,45,22,7,69,377,14.5,0.463,single-source,wayback_bsnpr_root,https://web.archive.org/web/20010804042157id_/http://bsnpr.com:80/equiposstat.asp?t=CA++++++++&serie=1,2026-09-08T13:56:22Z,2001-08-04
2001,Criollos de Caguas,Serie Regular,15,"Rivas, L.",26,407,120,206,7,14,40,76,83,139,11,8,15,49,287,11.04,0.583,single-source,wayback_bsnpr_root,https://web.archive.org/web/20010804042157id_/http://bsnpr.com:80/equiposstat.asp?t=CA++++++++&serie=1,2026-09-08T13:56:22Z,2001-08-04
2001,Criollos de Caguas,Serie Regular,20,"Rivera, H.",9,67,9,25,3,14,0,0,11,21,9,5,1,5,21,2.33,0.36,single-source,wayback_bsnpr_root,https://web.archive.org/web/20010804042157id_/http://bsnpr.com:80/equiposstat.asp?t=CA++++++++&serie=1,2026-09-08T13:56:22Z,2001-08-04
2001,Criollos de Caguas,Serie Regular,21,"Rodriguez, A.",14,97,6,18,3,12,8,16,7,10,25,12,0,9,23,1.64,0.333,single-source,wayback_bsnpr_root,https://web.archive.org/web/20010804042157id_/http://bsnpr.com:80/equiposstat.asp?t=CA++++++++&serie=1,2026-09-08T13:56:22Z,2001-08-04
2001,Criollos de Caguas,Serie Regular,25,"Carrasquillo, A.",25,602,84,183,18,59,25,48,126,180,40,20,46,41,211,8.44,0.459,single-source,wayback_bsnpr_root,https://web.archive.org/web/20010804042157id_/http://bsnpr.com:80/equiposstat.asp?t=CA++++++++&serie=1,2026-09-08T13:56:22Z,2001-08-04
2001,Criollos de Caguas,Serie Regular,25,"Carrasquillo, T.",1,25,4,5,0,0,0,0,5,6,1,0,2,1,8,8.0,0.8,single-source,wayback_bsnpr_root,https://web.archive.org/web/20010804042157id_/http://bsnpr.com:80/equiposstat.asp?t=CA++++++++&serie=1,2026-09-08T13:56:22Z,2001-08-04
2001,Criollos de Caguas,Serie Regular,32,"Sanchez, R.",7,14,5,11,3,7,0,0,1,1,1,0,1,1,13,1.86,0.455,single-source,wayback_bsnpr_root,https://web.archive.org/web/20010804042157id_/http://bsnpr.com:80/equiposstat.asp?t=CA++++++++&serie=1,2026-09-08T13:56:22Z,2001-08-04
2001,Criollos de Caguas,Serie Regular,34,"Bonilla, K.",3,11,1,3,0,1,0,0,0,0,2,0,0,0,2,0.67,0.333,single-source,wayback_bsnpr_root,https://web.archive.org/web/20010804042157id_/http://bsnpr.com:80/equiposstat.asp?t=CA++++++++&serie=1,2026-09-08T13:56:22Z,2001-08-04
2001,Criollos de Caguas,Serie Regular,35,"Lopez, R.",3,5,1,1,0,0,2,2,1,2,0,0,0,2,4,1.33,1.0,single-source,wayback_bsnpr_root,https://web.archive.org/web/20010804042157id_/http://bsnpr.com:80/equiposstat.asp?t=CA++++++++&serie=1,2026-09-08T13:56:22Z,2001-08-04
2001,Criollos de Caguas,Serie Regular,36,"Ramos, P.",3,8,0,2,0,0,0,2,2,2,1,0,1,0,0,0.0,0.0,single-source,wayback_bsnpr_root,https://web.archive.org/web/20010804042157id_/http://bsnpr.com:80/equiposstat.asp?t=CA++++++++&serie=1,2026-09-08T13:56:22Z,2001-08-04
2001,Criollos de Caguas,Serie Regular,36,"Torres, P.",1,1,0,0,0,0,0,0,0,0,0,0,0,0,0,0.0,0.0,single-source,wayback_bsnpr_root,https://web.archive.org/web/20010804042157id_/http://bsnpr.com:80/equiposstat.asp?t=CA++++++++&serie=1,2026-09-08T13:56:22Z,2001-08-04
2001,Maratonistas de Coamo,Serie Regular,4,"Caraballo, J.",6,17,4,9,1,4,4,4,1,3,1,3,0,3,13,2.17,0.444,single-source,wayback_bsnpr_root,https://web.archive.org/web/20010804061230id_/http://bsnpr.com:80/equiposstat.asp?t=CO++++++++&serie=1,2026-09-08T13:56:26Z,2001-08-04
2001,Maratonistas de Coamo,Serie Regular,5,"Rivera, R.",21,255,49,111,20,55,13,21,27,43,15,11,3,11,131,6.24,0.441,single-source,wayback_bsnpr_root,https://web.archive.org/web/20010804061230id_/http://bsnpr.com:80/equiposstat.asp?t=CO++++++++&serie=1,2026-09-08T13:56:26Z,2001-08-04
2001,Maratonistas de Coamo,Serie Regular,6,"Escalera, C.",25,837,165,373,51,157,66,88,85,121,90,46,18,69,447,17.88,0.442,single-source,wayback_bsnpr_root,https://web.archive.org/web/20010804061230id_/http://bsnpr.com:80/equiposstat.asp?t=CO++++++++&serie=1,2026-09-08T13:56:26Z,2001-08-04
2001,Maratonistas de Coamo,Serie Regular,7,"Berdiel, A.",2,46,6,16,3,6,4,6,3,3,5,4,0,0,19,9.5,0.375,single-source,wayback_bsnpr_root,https://web.archive.org/web/20010804061230id_/http://bsnpr.com:80/equiposstat.asp?t=CO++++++++&serie=1,2026-09-08T13:56:26Z,2001-08-04
2001,Maratonistas de Coamo,Serie Regular,7,"Berdiel, M.",17,217,20,67,4,20,18,27,21,27,27,6,1,33,62,3.65,0.299,single-source,wayback_bsnpr_root,https://web.archive.org/web/20010804061230id_/http://bsnpr.com:80/equiposstat.asp?t=CO++++++++&serie=1,2026-09-08T13:56:26Z,2001-08-04
2001,Maratonistas de Coamo,Serie Regular,8,"Ortiz, P.",5,10,1,3,0,0,2,2,0,0,0,1,0,1,4,0.8,0.333,single-source,wayback_bsnpr_root,https://web.archive.org/web/20010804061230id_/http://bsnpr.com:80/equiposstat.asp?t=CO++++++++&serie=1,2026-09-08T13:56:26Z,2001-08-04
2001,Maratonistas de Coamo,Serie Regular,9,"Payano, C.",14,470,80,191,20,63,42,60,52,66,27,14,7,35,222,15.86,0.419,single-source,wayback_bsnpr_root,https://web.archive.org/web/20010804061230id_/http://bsnpr.com:80/equiposstat.asp?t=CO++++++++&serie=1,2026-09-08T13:56:26Z,2001-08-04
2001,Maratonistas de Coamo,Serie Regular,10,"Rivera, F.",26,806,122,237,20,74,75,106,53,77,98,55,5,59,339,13.04,0.515,single-source,wayback_bsnpr_root,https://web.archive.org/web/20010804061230id_/http://bsnpr.com:80/equiposstat.asp?t=CO++++++++&serie=1,2026-09-08T13:56:26Z,2001-08-04
2001,Maratonistas de Coamo,Serie Regular,11,"Rivera, L.",5,40,5,12,2,4,4,7,1,2,3,4,0,2,16,3.2,0.417,single-source,wayback_bsnpr_root,https://web.archive.org/web/20010804061230id_/http://bsnpr.com:80/equiposstat.asp?t=CO++++++++&serie=1,2026-09-08T13:56:26Z,2001-08-04
2001,Maratonistas de Coamo,Serie Regular,12,"Miller, I.",25,713,128,265,47,111,81,115,92,140,68,48,7,69,384,15.36,0.483,single-source,wayback_bsnpr_root,https://web.archive.org/web/20010804061230id_/http://bsnpr.com:80/equiposstat.asp?t=CO++++++++&serie=1,2026-09-08T13:56:26Z,2001-08-04
2001,Maratonistas de Coamo,Serie Regular,13,"Leon, F.",11,50,8,10,0,0,2,5,5,6,2,0,0,7,18,1.64,0.8,single-source,wayback_bsnpr_root,https://web.archive.org/web/20010804061230id_/http://bsnpr.com:80/equiposstat.asp?t=CO++++++++&serie=1,2026-09-08T13:56:26Z,2001-08-04
2001,Maratonistas de Coamo,Serie Regular,14,"Frazer, R.",18,183,24,38,0,1,2,8,24,44,9,1,3,8,50,2.78,0.632,single-source,wayback_bsnpr_root,https://web.archive.org/web/20010804061230id_/http://bsnpr.com:80/equiposstat.asp?t=CO++++++++&serie=1,2026-09-08T13:56:26Z,2001-08-04
2001,Maratonistas de Coamo,Serie Regular,15,"Luna, M.",5,10,1,6,1,3,0,0,1,1,1,0,0,0,3,0.6,0.167,single-source,wayback_bsnpr_root,https://web.archive.org/web/20010804061230id_/http://bsnpr.com:80/equiposstat.asp?t=CO++++++++&serie=1,2026-09-08T13:56:26Z,2001-08-04
2001,Maratonistas de Coamo,Serie Regular,16,"Rivera, A.",25,421,47,90,0,3,25,39,44,77,14,11,22,34,119,4.76,0.522,single-source,wayback_bsnpr_root,https://web.archive.org/web/20010804061230id_/http://bsnpr.com:80/equiposstat.asp?t=CO++++++++&serie=1,2026-09-08T13:56:26Z,2001-08-04
2001,Maratonistas de Coamo,Serie Regular,17,"Barnes, L.",9,271,67,122,0,4,23,36,44,83,10,13,25,20,157,17.44,0.549,single-source,wayback_bsnpr_root,https://web.archive.org/web/20010804061230id_/http://bsnpr.com:80/equiposstat.asp?t=CO++++++++&serie=1,2026-09-08T13:56:26Z,2001-08-04
2001,Maratonistas de Coamo,Serie Regular,17,"Deem, A.",1,37,13,20,0,0,1,3,8,10,3,3,1,2,27,27.0,0.65,single-source,wayback_bsnpr_root,https://web.archive.org/web/20010804061230id_/http://bsnpr.com:80/equiposstat.asp?t=CO++++++++&serie=1,2026-09-08T13:56:26Z,2001-08-04
2001,Maratonistas de Coamo,Serie Regular,17,"Shamsid Deen, A.",5,174,36,65,0,0,13,17,30,55,11,3,7,10,85,17.0,0.554,single-source,wayback_bsnpr_root,https://web.archive.org/web/20010804061230id_/http://bsnpr.com:80/equiposstat.asp?t=CO++++++++&serie=1,2026-09-08T13:56:26Z,2001-08-04
2001,Maratonistas de Coamo,Serie Regular,17,"Watson, A.",11,353,86,164,4,12,39,53,53,86,10,4,15,45,215,19.55,0.524,single-source,wayback_bsnpr_root,https://web.archive.org/web/20010804061230id_/http://bsnpr.com:80/equiposstat.asp?t=CO++++++++&serie=1,2026-09-08T13:56:26Z,2001-08-04
2001,Maratonistas de Coamo,Serie Regular,18,"Rodriguez, E.",3,6,0,2,0,0,0,0,1,1,0,0,0,1,0,0.0,0.0,single-source,wayback_bsnpr_root,https://web.archive.org/web/20010804061230id_/http://bsnpr.com:80/equiposstat.asp?t=CO++++++++&serie=1,2026-09-08T13:56:26Z,2001-08-04
2001,Maratonistas de Coamo,Serie Regular,19,"Latimer, A.",7,214,31,92,5,31,16,36,33,46,13,5,10,26,83,11.86,0.337,single-source,wayback_bsnpr_root,https://web.archive.org/web/20010804061230id_/http://bsnpr.com:80/equiposstat.asp?t=CO++++++++&serie=1,2026-09-08T13:56:26Z,2001-08-04
2001,Maratonistas de Coamo,Serie Regular,20,"Novas, R.",8,137,21,35,0,0,2,4,13,31,2,1,0,8,44,5.5,0.6,single-source,wayback_bsnpr_root,https://web.archive.org/web/20010804061230id_/http://bsnpr.com:80/equiposstat.asp?t=CO++++++++&serie=1,2026-09-08T13:56:26Z,2001-08-04
2001,Maratonistas de Coamo,Serie Regular,44,"Casablanca, F.",8,33,9,14,0,0,5,6,5,7,2,0,0,5,23,2.88,0.643,single-source,wayback_bsnpr_root,https://web.archive.org/web/20010804061230id_/http://bsnpr.com:80/equiposstat.asp?t=CO++++++++&serie=1,2026-09-08T13:56:26Z,2001-08-04
2001,Brujos de Guayama,Serie Regular,2,"Aponte, R.",1,6,0,0,0,0,0,0,2,2,0,0,0,1,0,0.0,0.0,single-source,wayback_bsnpr_root,https://web.archive.org/web/20010804061544id_/http://bsnpr.com:80/equiposstat.asp?t=GU++++++++&serie=1,2026-09-08T13:56:28Z,2001-08-04
2001,Brujos de Guayama,Serie Regular,2,"Montes, R.",12,59,6,20,0,4,3,5,5,10,2,0,0,3,15,1.25,0.3,single-source,wayback_bsnpr_root,https://web.archive.org/web/20010804061544id_/http://bsnpr.com:80/equiposstat.asp?t=GU++++++++&serie=1,2026-09-08T13:56:28Z,2001-08-04
2001,Brujos de Guayama,Serie Regular,4,"Bailey, C.",7,33,2,11,1,4,3,4,4,7,1,1,1,4,8,1.14,0.182,single-source,wayback_bsnpr_root,https://web.archive.org/web/20010804061544id_/http://bsnpr.com:80/equiposstat.asp?t=GU++++++++&serie=1,2026-09-08T13:56:28Z,2001-08-04
2001,Brujos de Guayama,Serie Regular,4,"De Jesus, A.",12,415,84,211,26,91,28,51,26,38,56,36,0,41,222,18.5,0.398,single-source,wayback_bsnpr_root,https://web.archive.org/web/20010804061544id_/http://bsnpr.com:80/equiposstat.asp?t=GU++++++++&serie=1,2026-09-08T13:56:28Z,2001-08-04
2001,Brujos de Guayama,Serie Regular,5,"Amaro, E.",8,20,1,11,0,3,0,0,3,5,4,0,0,3,2,0.25,0.091,single-source,wayback_bsnpr_root,https://web.archive.org/web/20010804061544id_/http://bsnpr.com:80/equiposstat.asp?t=GU++++++++&serie=1,2026-09-08T13:56:28Z,2001-08-04
2001,Brujos de Guayama,Serie Regular,10,"Rivera, C.",26,640,81,229,37,101,32,43,48,61,57,24,0,47,231,8.88,0.354,single-source,wayback_bsnpr_root,https://web.archive.org/web/20010804061544id_/http://bsnpr.com:80/equiposstat.asp?t=GU++++++++&serie=1,2026-09-08T13:56:28Z,2001-08-04
2001,Brujos de Guayama,Serie Regular,11,"Aviles, G.",2,7,1,7,0,3,3,4,0,1,0,2,0,0,5,2.5,0.143,single-source,wayback_bsnpr_root,https://web.archive.org/web/20010804061544id_/http://bsnpr.com:80/equiposstat.asp?t=GU++++++++&serie=1,2026-09-08T13:56:28Z,2001-08-04
2001,Brujos de Guayama,Serie Regular,11,"Carter, J.",14,518,109,236,24,66,65,74,35,46,79,9,1,46,307,21.93,0.462,single-source,wayback_bsnpr_root,https://web.archive.org/web/20010804061544id_/http://bsnpr.com:80/equiposstat.asp?t=GU++++++++&serie=1,2026-09-08T13:56:28Z,2001-08-04
2001,Brujos de Guayama,Serie Regular,13,"Benson, M.",14,351,47,108,32,69,16,17,23,36,22,9,5,28,142,10.14,0.435,single-source,wayback_bsnpr_root,https://web.archive.org/web/20010804061544id_/http://bsnpr.com:80/equiposstat.asp?t=GU++++++++&serie=1,2026-09-08T13:56:28Z,2001-08-04
2001,Brujos de Guayama,Serie Regular,13,"Davila, F.",10,107,13,34,0,0,1,4,14,29,1,1,2,8,27,2.7,0.382,single-source,wayback_bsnpr_root,https://web.archive.org/web/20010804061544id_/http://bsnpr.com:80/equiposstat.asp?t=GU++++++++&serie=1,2026-09-08T13:56:28Z,2001-08-04
2001,Brujos de Guayama,Serie Regular,14,"Voce, G.",6,157,19,45,1,7,12,17,33,42,6,2,2,4,51,8.5,0.422,single-source,wayback_bsnpr_root,https://web.archive.org/web/20010804061544id_/http://bsnpr.com:80/equiposstat.asp?t=GU++++++++&serie=1,2026-09-08T13:56:28Z,2001-08-04
2001,Brujos de Guayama,Serie Regular,15,"Rivera, D.",26,586,75,143,3,21,22,36,61,109,32,18,14,48,175,6.73,0.524,single-source,wayback_bsnpr_root,https://web.archive.org/web/20010804061544id_/http://bsnpr.com:80/equiposstat.asp?t=GU++++++++&serie=1,2026-09-08T13:56:28Z,2001-08-04
2001,Brujos de Guayama,Serie Regular,17,"Colon, G.",22,292,21,78,10,51,7,12,26,34,10,5,3,12,59,2.68,0.269,single-source,wayback_bsnpr_root,https://web.archive.org/web/20010804061544id_/http://bsnpr.com:80/equiposstat.asp?t=GU++++++++&serie=1,2026-09-08T13:56:28Z,2001-08-04
2001,Brujos de Guayama,Serie Regular,18,"Rosario, J.",26,749,147,320,0,2,58,78,107,190,21,15,9,48,352,13.54,0.459,single-source,wayback_bsnpr_root,https://web.archive.org/web/20010804061544id_/http://bsnpr.com:80/equiposstat.asp?t=GU++++++++&serie=1,2026-09-08T13:56:28Z,2001-08-04
2001,Brujos de Guayama,Serie Regular,20,"Malpica, K.",16,135,24,60,4,12,11,14,11,19,6,15,1,19,63,3.94,0.4,single-source,wayback_bsnpr_root,https://web.archive.org/web/20010804061544id_/http://bsnpr.com:80/equiposstat.asp?t=GU++++++++&serie=1,2026-09-08T13:56:28Z,2001-08-04
2001,Brujos de Guayama,Serie Regular,33,"Paniagua, A.",9,224,36,76,13,31,3,6,26,47,14,9,7,14,88,9.78,0.474,single-source,wayback_bsnpr_root,https://web.archive.org/web/20010804061544id_/http://bsnpr.com:80/equiposstat.asp?t=GU++++++++&serie=1,2026-09-08T13:56:28Z,2001-08-04
2001,Brujos de Guayama,Serie Regular,34,"Echevarria, A.",2,37,7,12,0,0,2,4,5,10,3,2,0,1,16,8.0,0.583,single-source,wayback_bsnpr_root,https://web.archive.org/web/20010804061544id_/http://bsnpr.com:80/equiposstat.asp?t=GU++++++++&serie=1,2026-09-08T13:56:28Z,2001-08-04
2001,Brujos de Guayama,Serie Regular,34,"Echevarria, T.",15,343,60,136,0,5,18,25,76,123,11,7,4,27,138,9.2,0.441,single-source,wayback_bsnpr_root,https://web.archive.org/web/20010804061544id_/http://bsnpr.com:80/equiposstat.asp?t=GU++++++++&serie=1,2026-09-08T13:56:28Z,2001-08-04
2001,Brujos de Guayama,Serie Regular,40,"Santiago, R.",14,90,21,35,2,7,4,6,5,17,1,3,1,6,48,3.43,0.6,single-source,wayback_bsnpr_root,https://web.archive.org/web/20010804061544id_/http://bsnpr.com:80/equiposstat.asp?t=GU++++++++&serie=1,2026-09-08T13:56:28Z,2001-08-04
2001,Brujos de Guayama,Serie Regular,55,"Long, A.",6,165,39,82,1,9,4,10,52,72,8,10,12,20,83,13.83,0.476,single-source,wayback_bsnpr_root,https://web.archive.org/web/20010804061544id_/http://bsnpr.com:80/equiposstat.asp?t=GU++++++++&serie=1,2026-09-08T13:56:28Z,2001-08-04
2001,Brujos de Guayama,Serie Regular,55,"Wiley, J.",9,291,43,87,1,5,27,34,59,84,15,5,3,27,114,12.67,0.494,single-source,wayback_bsnpr_root,https://web.archive.org/web/20010804061544id_/http://bsnpr.com:80/equiposstat.asp?t=GU++++++++&serie=1,2026-09-08T13:56:28Z,2001-08-04
2001,Indios de Mayaguez,Serie Regular,4,"De Jesus, A.",14,425,56,126,27,72,30,46,28,36,66,27,4,33,169,12.07,0.444,single-source,wayback_bsnpr_root,https://web.archive.org/web/20010804063135id_/http://bsnpr.com:80/equiposstat.asp?t=MA++++++++&serie=1,2026-09-08T13:56:30Z,2001-08-04
2001,Indios de Mayaguez,Serie Regular,4,"Padilla, G.",9,30,0,3,0,1,5,6,2,4,6,1,0,5,5,0.56,0.0,single-source,wayback_bsnpr_root,https://web.archive.org/web/20010804063135id_/http://bsnpr.com:80/equiposstat.asp?t=MA++++++++&serie=1,2026-09-08T13:56:30Z,2001-08-04
2001,Indios de Mayaguez,Serie Regular,5,"Barea, J.",13,42,10,19,5,8,2,4,4,4,6,2,1,7,27,2.08,0.526,single-source,wayback_bsnpr_root,https://web.archive.org/web/20010804063135id_/http://bsnpr.com:80/equiposstat.asp?t=MA++++++++&serie=1,2026-09-08T13:56:30Z,2001-08-04
2001,Indios de Mayaguez,Serie Regular,6,"Garcia, E.",26,439,74,148,25,80,31,40,20,34,34,15,0,25,204,7.85,0.5,single-source,wayback_bsnpr_root,https://web.archive.org/web/20010804063135id_/http://bsnpr.com:80/equiposstat.asp?t=MA++++++++&serie=1,2026-09-08T13:56:30Z,2001-08-04
2001,Indios de Mayaguez,Serie Regular,7,"Soto, E.",1,6,0,1,0,0,0,0,0,0,0,0,1,3,0,0.0,0.0,single-source,wayback_bsnpr_root,https://web.archive.org/web/20010804063135id_/http://bsnpr.com:80/equiposstat.asp?t=MA++++++++&serie=1,2026-09-08T13:56:30Z,2001-08-04
2001,Indios de Mayaguez,Serie Regular,7,"Verdejo, J.",2,17,5,8,0,1,1,2,0,0,0,1,0,2,11,5.5,0.625,single-source,wayback_bsnpr_root,https://web.archive.org/web/20010804063135id_/http://bsnpr.com:80/equiposstat.asp?t=MA++++++++&serie=1,2026-09-08T13:56:30Z,2001-08-04
2001,Indios de Mayaguez,Serie Regular,8,"Melendez, F.",5,17,4,11,1,5,2,2,1,1,0,0,0,0,11,2.2,0.364,single-source,wayback_bsnpr_root,https://web.archive.org/web/20010804063135id_/http://bsnpr.com:80/equiposstat.asp?t=MA++++++++&serie=1,2026-09-08T13:56:30Z,2001-08-04
2001,Indios de Mayaguez,Serie Regular,9,"Carter, J.",12,399,77,157,9,22,54,58,45,53,63,16,1,29,217,18.08,0.49,single-source,wayback_bsnpr_root,https://web.archive.org/web/20010804063135id_/http://bsnpr.com:80/equiposstat.asp?t=MA++++++++&serie=1,2026-09-08T13:56:30Z,2001-08-04
2001,Indios de Mayaguez,Serie Regular,9,"Davila, F.",8,58,6,9,0,0,3,7,6,11,0,0,1,5,15,1.88,0.667,single-source,wayback_bsnpr_root,https://web.archive.org/web/20010804063135id_/http://bsnpr.com:80/equiposstat.asp?t=MA++++++++&serie=1,2026-09-08T13:56:30Z,2001-08-04
2001,Indios de Mayaguez,Serie Regular,10,"Guibert, A.",14,409,84,126,1,1,46,56,88,129,23,10,4,27,215,15.36,0.667,single-source,wayback_bsnpr_root,https://web.archive.org/web/20010804063135id_/http://bsnpr.com:80/equiposstat.asp?t=MA++++++++&serie=1,2026-09-08T13:56:30Z,2001-08-04
2001,Indios de Mayaguez,Serie Regular,10,"Meyers, G.",6,121,14,20,0,0,0,3,18,23,3,4,0,9,28,4.67,0.7,single-source,wayback_bsnpr_root,https://web.archive.org/web/20010804063135id_/http://bsnpr.com:80/equiposstat.asp?t=MA++++++++&serie=1,2026-09-08T13:56:30Z,2001-08-04
2001,Indios de Mayaguez,Serie Regular,11,"Ortiz, F.",0,0,0,0,0,0,0,0,0,0,0,0,0,0,0,0.0,0.0,single-source,wayback_bsnpr_root,https://web.archive.org/web/20010804063135id_/http://bsnpr.com:80/equiposstat.asp?t=MA++++++++&serie=1,2026-09-08T13:56:30Z,2001-08-04
2001,Indios de Mayaguez,Serie Regular,12,"Vega, O.",23,581,116,258,32,81,58,72,80,114,39,13,10,51,322,14.0,0.45,single-source,wayback_bsnpr_root,https://web.archive.org/web/20010804063135id_/http://bsnpr.com:80/equiposstat.asp?t=MA++++++++&serie=1,2026-09-08T13:56:30Z,2001-08-04
2001,Indios de Mayaguez,Serie Regular,13,"Brown, T.",26,554,87,196,25,73,30,44,43,66,45,25,2,37,229,8.81,0.444,single-source,wayback_bsnpr_root,https://web.archive.org/web/20010804063135id_/http://bsnpr.com:80/equiposstat.asp?t=MA++++++++&serie=1,2026-09-08T13:56:30Z,2001-08-04
2001,Indios de Mayaguez,Serie Regular,14,"Borrell, L.",6,229,52,119,2,10,22,27,48,65,8,9,4,11,128,21.33,0.437,single-source,wayback_bsnpr_root,https://web.archive.org/web/20010804063135id_/http://bsnpr.com:80/equiposstat.asp?t=MA++++++++&serie=1,2026-09-08T13:56:30Z,2001-08-04
2001,Indios de Mayaguez,Serie Regular,14,"Nolan, N.",19,687,206,373,11,34,96,131,120,168,32,15,13,61,519,27.32,0.552,single-source,wayback_bsnpr_root,https://web.archive.org/web/20010804063135id_/http://bsnpr.com:80/equiposstat.asp?t=MA++++++++&serie=1,2026-09-08T13:56:30Z,2001-08-04
2001,Indios de Mayaguez,Serie Regular,15,"Ortiz, R.",10,77,18,30,3,9,0,1,11,15,4,1,2,7,39,3.9,0.6,single-source,wayback_bsnpr_root,https://web.archive.org/web/20010804063135id_/http://bsnpr.com:80/equiposstat.asp?t=MA++++++++&serie=1,2026-09-08T13:56:30Z,2001-08-04
2001,Indios de Mayaguez,Serie Regular,16,"Zayas, H.",1,3,0,0,0,0,0,0,1,1,0,0,0,1,0,0.0,0.0,single-source,wayback_bsnpr_root,https://web.archive.org/web/20010804063135id_/http://bsnpr.com:80/equiposstat.asp?t=MA++++++++&serie=1,2026-09-08T13:56:30Z,2001-08-04
2001,Indios de Mayaguez,Serie Regular,17,"Martinez, F.",24,371,48,129,26,79,8,10,35,42,24,8,5,15,130,5.42,0.372,single-source,wayback_bsnpr_root,https://web.archive.org/web/20010804063135id_/http://bsnpr.com:80/equiposstat.asp?t=MA++++++++&serie=1,2026-09-08T13:56:30Z,2001-08-04
2001,Indios de Mayaguez,Serie Regular,18,"Vazquez, D.",25,282,23,45,5,14,12,20,30,39,31,8,9,26,63,2.52,0.511,single-source,wayback_bsnpr_root,https://web.archive.org/web/20010804063135id_/http://bsnpr.com:80/equiposstat.asp?t=MA++++++++&serie=1,2026-09-08T13:56:30Z,2001-08-04
2001,Indios de Mayaguez,Serie Regular,19,"Latson, T.",26,441,45,73,0,1,23,48,82,115,15,6,1,30,113,4.35,0.616,single-source,wayback_bsnpr_root,https://web.archive.org/web/20010804063135id_/http://bsnpr.com:80/equiposstat.asp?t=MA++++++++&serie=1,2026-09-08T13:56:30Z,2001-08-04
2001,Indios de Mayaguez,Serie Regular,21,"Carmona, A.",5,37,8,13,0,1,0,0,4,5,6,1,1,5,16,3.2,0.615,single-source,wayback_bsnpr_root,https://web.archive.org/web/20010804063135id_/http://bsnpr.com:80/equiposstat.asp?t=MA++++++++&serie=1,2026-09-08T13:56:30Z,2001-08-04
2001,Leones de Ponce,Serie Regular,1,"Morales, F.",23,560,97,198,12,42,43,69,89,135,25,18,1,49,249,10.83,0.49,single-source,wayback_bsnpr_root,https://web.archive.org/web/20010804065713id_/http://bsnpr.com:80/equiposstat.asp?t=PO++++++++&serie=1,2026-09-08T13:56:34Z,2001-08-04
2001,Leones de Ponce,Serie Regular,4,"Colon, J.",25,753,114,271,43,106,70,81,79,101,138,33,5,68,341,13.64,0.421,single-source,wayback_bsnpr_root,https://web.archive.org/web/20010804065713id_/http://bsnpr.com:80/equiposstat.asp?t=PO++++++++&serie=1,2026-09-08T13:56:34Z,2001-08-04
2001,Leones de Ponce,Serie Regular,5,"Agosto, J.",24,506,73,184,37,108,18,28,41,58,32,11,2,36,201,8.38,0.397,single-source,wayback_bsnpr_root,https://web.archive.org/web/20010804065713id_/http://bsnpr.com:80/equiposstat.asp?t=PO++++++++&serie=1,2026-09-08T13:56:34Z,2001-08-04
2001,Leones de Ponce,Serie Regular,6,"Lockhart, I.",26,849,166,296,17,45,28,51,235,350,47,31,7,64,377,14.5,0.561,single-source,wayback_bsnpr_root,https://web.archive.org/web/20010804065713id_/http://bsnpr.com:80/equiposstat.asp?t=PO++++++++&serie=1,2026-09-08T13:56:34Z,2001-08-04
2001,Leones de Ponce,Serie Regular,7,"Orta, R.",10,19,6,11,2,3,3,5,2,5,2,2,0,3,17,1.7,0.545,single-source,wayback_bsnpr_root,https://web.archive.org/web/20010804065713id_/http://bsnpr.com:80/equiposstat.asp?t=PO++++++++&serie=1,2026-09-08T13:56:34Z,2001-08-04
2001,Leones de Ponce,Serie Regular,8,"Ramirez, S.",13,79,13,40,4,19,0,0,12,19,7,0,4,8,30,2.31,0.325,single-source,wayback_bsnpr_root,https://web.archive.org/web/20010804065713id_/http://bsnpr.com:80/equiposstat.asp?t=PO++++++++&serie=1,2026-09-08T13:56:34Z,2001-08-04
2001,Leones de Ponce,Serie Regular,9,"Echevarria, A.",1,5,2,3,1,1,1,2,2,3,2,0,0,0,6,2.75,0.5,single-source,wayback_bsnpr_root,https://web.archive.org/web/20010804065713id_/http://bsnpr.com:80/equiposstat.asp?t=PO++++++++&serie=1,2026-09-08T13:56:34Z,2001-08-04
2001,Leones de Ponce,Serie Regular,10,"Hatton, B.",25,585,120,247,17,66,10,22,36,69,104,28,1,48,267,10.68,0.486,single-source,wayback_bsnpr_root,https://web.archive.org/web/20010804065713id_/http://bsnpr.com:80/equiposstat.asp?t=PO++++++++&serie=1,2026-09-08T13:56:34Z,2001-08-04
2001,Leones de Ponce,Serie Regular,11,"Casiano, E.",23,625,164,341,48,137,105,122,32,38,64,20,2,53,481,20.91,0.481,single-source,wayback_bsnpr_root,https://web.archive.org/web/20010804065713id_/http://bsnpr.com:80/equiposstat.asp?t=PO++++++++&serie=1,2026-09-08T13:56:34Z,2001-08-04
2001,Leones de Ponce,Serie Regular,12,"Ricardo, O.",17,126,12,19,0,0,11,23,23,37,2,3,7,12,35,2.06,0.632,single-source,wayback_bsnpr_root,https://web.archive.org/web/20010804065713id_/http://bsnpr.com:80/equiposstat.asp?t=PO++++++++&serie=1,2026-09-08T13:56:34Z,2001-08-04
2001,Leones de Ponce,Serie Regular,13,"Jourdon, K.",20,483,84,145,8,27,37,50,55,93,38,23,6,34,213,10.65,0.579,single-source,wayback_bsnpr_root,https://web.archive.org/web/20010804065713id_/http://bsnpr.com:80/equiposstat.asp?t=PO++++++++&serie=1,2026-09-08T13:56:34Z,2001-08-04
2001,Leones de Ponce,Serie Regular,14,"Delgado, A.",1,3,0,2,0,0,0,0,0,0,0,0,0,1,0,0.0,0.0,single-source,wayback_bsnpr_root,https://web.archive.org/web/20010804065713id_/http://bsnpr.com:80/equiposstat.asp?t=PO++++++++&serie=1,2026-09-08T13:56:34Z,2001-08-04
2001,Leones de Ponce,Serie Regular,15,"Colon, G.",6,14,9,14,1,2,2,8,3,6,0,1,2,1,21,3.5,0.643,single-source,wayback_bsnpr_root,https://web.archive.org/web/20010804065713id_/http://bsnpr.com:80/equiposstat.asp?t=PO++++++++&serie=1,2026-09-08T13:56:34Z,2001-08-04
2001,Leones de Ponce,Serie Regular,16,"Martinez, R.",16,199,23,41,12,25,4,5,36,41,6,6,1,16,62,3.88,0.561,single-source,wayback_bsnpr_root,https://web.archive.org/web/20010804065713id_/http://bsnpr.com:80/equiposstat.asp?t=PO++++++++&serie=1,2026-09-08T13:56:34Z,2001-08-04
2001,Leones de Ponce,Serie Regular,17,"Collado, R.",18,186,13,23,0,1,3,7,31,46,5,4,2,9,29,1.61,0.565,single-source,wayback_bsnpr_root,https://web.archive.org/web/20010804065713id_/http://bsnpr.com:80/equiposstat.asp?t=PO++++++++&serie=1,2026-09-08T13:56:34Z,2001-08-04
2001,Leones de Ponce,Serie Regular,21,"Mendez, O.",3,4,0,3,0,2,0,0,0,0,1,0,0,1,0,0.0,0.0,single-source,wayback_bsnpr_root,https://web.archive.org/web/20010804065713id_/http://bsnpr.com:80/equiposstat.asp?t=PO++++++++&serie=1,2026-09-08T13:56:34Z,2001-08-04
2001,Leones de Ponce,Serie Regular,25,"Montalvo, J.",7,15,2,10,1,3,0,0,1,3,1,0,0,4,5,0.71,0.2,single-source,wayback_bsnpr_root,https://web.archive.org/web/20010804065713id_/http://bsnpr.com:80/equiposstat.asp?t=PO++++++++&serie=1,2026-09-08T13:56:34Z,2001-08-04
2001,Leones de Ponce,Serie Regular,33,"Soto, E.",15,173,16,36,7,14,6,10,24,35,7,3,6,7,45,3.0,0.444,single-source,wayback_bsnpr_root,https://web.archive.org/web/20010804065713id_/http://bsnpr.com:80/equiposstat.asp?t=PO++++++++&serie=1,2026-09-08T13:56:34Z,2001-08-04
2001,Leones de Ponce,Serie Regular,69,"Echevarria, A.",4,41,5,10,0,0,1,1,4,8,2,1,1,5,11,2.75,0.5,single-source,wayback_bsnpr_root,https://web.archive.org/web/20010804065713id_/http://bsnpr.com:80/equiposstat.asp?t=PO++++++++&serie=1,2026-09-08T13:56:34Z,2001-08-04
2001,Cangrejeros de Santurce,Serie Regular,1,"Lopez, J.",21,111,5,19,0,7,11,14,13,18,16,7,0,9,21,1.0,0.263,single-source,wayback_bsnpr_root,https://web.archive.org/web/20011005063302id_/http://www.bsnpr.com:80/equiposstat.asp?t=SA,2026-09-08T13:56:37Z,2001-10-05
2001,Cangrejeros de Santurce,Serie Regular,4,"Ortiz, J.",23,708,193,335,5,21,61,93,186,232,64,24,46,62,452,19.65,0.576,single-source,wayback_bsnpr_root,https://web.archive.org/web/20011005063302id_/http://www.bsnpr.com:80/equiposstat.asp?t=SA,2026-09-08T13:56:37Z,2001-10-05
2001,Cangrejeros de Santurce,Serie Regular,5,"Santiago, O.",24,796,125,270,61,171,42,51,59,75,164,46,0,55,353,14.71,0.463,single-source,wayback_bsnpr_root,https://web.archive.org/web/20011005063302id_/http://www.bsnpr.com:80/equiposstat.asp?t=SA,2026-09-08T13:56:37Z,2001-10-05
2001,Cangrejeros de Santurce,Serie Regular,7,"Arroyo, C.",8,259,60,123,13,41,31,44,21,23,48,14,1,24,164,20.5,0.488,single-source,wayback_bsnpr_root,https://web.archive.org/web/20011005063302id_/http://www.bsnpr.com:80/equiposstat.asp?t=SA,2026-09-08T13:56:37Z,2001-10-05
2001,Cangrejeros de Santurce,Serie Regular,8,"Johnson, D.",12,346,67,123,6,23,32,41,54,80,18,17,1,19,172,14.33,0.545,single-source,wayback_bsnpr_root,https://web.archive.org/web/20011005063302id_/http://www.bsnpr.com:80/equiposstat.asp?t=SA,2026-09-08T13:56:37Z,2001-10-05
2001,Cangrejeros de Santurce,Serie Regular,8,"Trimminhan, L.",12,320,92,156,1,5,42,56,61,94,14,20,18,41,227,18.92,0.59,single-source,wayback_bsnpr_root,https://web.archive.org/web/20011005063302id_/http://www.bsnpr.com:80/equiposstat.asp?t=SA,2026-09-08T13:56:37Z,2001-10-05
2001,Cangrejeros de Santurce,Serie Regular,9,"Santiago, E.",24,465,87,175,16,37,28,38,40,53,71,17,0,25,218,9.08,0.497,single-source,wayback_bsnpr_root,https://web.archive.org/web/20011005063302id_/http://www.bsnpr.com:80/equiposstat.asp?t=SA,2026-09-08T13:56:37Z,2001-10-05
2001,Cangrejeros de Santurce,Serie Regular,10,"Arroyo, A.",12,58,3,15,1,6,7,8,4,5,6,1,1,4,14,1.17,0.2,single-source,wayback_bsnpr_root,https://web.archive.org/web/20011005063302id_/http://www.bsnpr.com:80/equiposstat.asp?t=SA,2026-09-08T13:56:37Z,2001-10-05
2001,Cangrejeros de Santurce,Serie Regular,11,"Benson, M.",25,629,81,180,57,121,37,40,50,76,46,18,10,54,256,10.24,0.45,single-source,wayback_bsnpr_root,https://web.archive.org/web/20011005063302id_/http://www.bsnpr.com:80/equiposstat.asp?t=SA,2026-09-08T13:56:37Z,2001-10-05
2001,Cangrejeros de Santurce,Serie Regular,11,"Domenech, I.",2,5,2,2,0,0,0,0,0,1,0,1,0,2,4,2.0,1.0,single-source,wayback_bsnpr_root,https://web.archive.org/web/20011005063302id_/http://www.bsnpr.com:80/equiposstat.asp?t=SA,2026-09-08T13:56:37Z,2001-10-05
2001,Cangrejeros de Santurce,Serie Regular,12,"Hourrutiner, R.",24,675,112,206,27,65,29,37,77,103,70,22,4,54,280,11.67,0.544,single-source,wayback_bsnpr_root,https://web.archive.org/web/20011005063302id_/http://www.bsnpr.com:80/equiposstat.asp?t=SA,2026-09-08T13:56:37Z,2001-10-05
2001,Cangrejeros de Santurce,Serie Regular,22,"Villegas, S.",5,21,1,12,0,5,1,2,4,5,1,2,0,5,3,0.6,0.083,single-source,wayback_bsnpr_root,https://web.archive.org/web/20011005063302id_/http://www.bsnpr.com:80/equiposstat.asp?t=SA,2026-09-08T13:56:37Z,2001-10-05
2001,Cangrejeros de Santurce,Serie Regular,31,"Rosario, R.",17,192,29,72,5,20,12,16,25,30,11,17,6,25,75,4.41,0.403,single-source,wayback_bsnpr_root,https://web.archive.org/web/20011005063302id_/http://www.bsnpr.com:80/equiposstat.asp?t=SA,2026-09-08T13:56:37Z,2001-10-05
2001,Cangrejeros de Santurce,Serie Regular,33,"Falcon, A.",26,470,107,166,0,1,37,72,53,89,30,24,4,40,251,9.65,0.645,single-source,wayback_bsnpr_root,https://web.archive.org/web/20011005063302id_/http://www.bsnpr.com:80/equiposstat.asp?t=SA,2026-09-08T13:56:37Z,2001-10-05
2001,Cangrejeros de Santurce,Serie Regular,34,"Villafane, L.",7,29,4,9,0,0,1,2,6,7,2,0,1,4,9,1.29,0.444,single-source,wayback_bsnpr_root,https://web.archive.org/web/20011005063302id_/http://www.bsnpr.com:80/equiposstat.asp?t=SA,2026-09-08T13:56:37Z,2001-10-05
2001,Cangrejeros de Santurce,Serie Regular,42,"Aubry, J.",25,233,36,62,0,1,4,21,51,91,6,5,19,19,76,3.04,0.581,single-source,wayback_bsnpr_root,https://web.archive.org/web/20011005063302id_/http://www.bsnpr.com:80/equiposstat.asp?t=SA,2026-09-08T13:56:37Z,2001-10-05
2001,Cangrejeros de Santurce,Serie Regular,44,"Bocachica, A.",24,227,36,81,7,14,9,15,36,55,8,7,4,23,88,3.67,0.444,single-source,wayback_bsnpr_root,https://web.archive.org/web/20011005063302id_/http://www.bsnpr.com:80/equiposstat.asp?t=SA,2026-09-08T13:56:37Z,2001-10-05
2001,Cangrejeros de Santurce,Serie Regular,55,"Butler, M.",11,57,10,18,0,0,3,4,9,20,4,0,2,4,23,2.09,0.556,single-source,wayback_bsnpr_root,https://web.archive.org/web/20011005063302id_/http://www.bsnpr.com:80/equiposstat.asp?t=SA,2026-09-08T13:56:37Z,2001-10-05
2001,Piratas de Quebradillas,Serie Regular,4,"Morales, E.",13,50,6,12,1,2,2,4,3,5,6,0,1,8,15,1.15,0.5,single-source,wayback_bsnpr_root,https://web.archive.org/web/20011123050610id_/http://www.bsnpr.com:80/equiposstat.asp?t=QU++++++++&serie=1,2026-09-08T13:56:47Z,2001-11-23
2001,Piratas de Quebradillas,Serie Regular,5,"Dalmau, R.",23,853,200,408,59,149,79,98,106,121,213,39,7,83,538,19.1,0.485,single-source,wayback_bsnpr_root,https://web.archive.org/web/20011123050610id_/http://www.bsnpr.com:80/equiposstat.asp?t=QU++++++++&serie=1,2026-09-08T13:56:47Z,2001-11-23
2001,Piratas de Quebradillas,Serie Regular,6,"Arrufat, E.",25,248,34,80,27,68,2,2,8,15,3,4,0,7,97,3.88,0.425,single-source,wayback_bsnpr_root,https://web.archive.org/web/20011123050610id_/http://www.bsnpr.com:80/equiposstat.asp?t=QU++++++++&serie=1,2026-09-08T13:56:47Z,2001-11-23
2001,Piratas de Quebradillas,Serie Regular,7,"Dalmau, R.",20,712,150,309,41,102,41,59,62,81,94,22,12,64,382,19.1,0.485,single-source,wayback_bsnpr_root,https://web.archive.org/web/20011123050610id_/http://www.bsnpr.com:80/equiposstat.asp?t=QU++++++++&serie=1,2026-09-08T13:56:47Z,2001-11-23
2001,Piratas de Quebradillas,Serie Regular,8,"Alamo, O.",12,58,5,12,0,0,5,9,8,11,2,2,3,4,15,1.25,0.417,single-source,wayback_bsnpr_root,https://web.archive.org/web/20011123050610id_/http://www.bsnpr.com:80/equiposstat.asp?t=QU++++++++&serie=1,2026-09-08T13:56:47Z,2001-11-23
2001,Piratas de Quebradillas,Serie Regular,9,"Melendez, P.",12,21,6,12,1,2,3,4,1,3,1,0,0,0,16,1.33,0.5,single-source,wayback_bsnpr_root,https://web.archive.org/web/20011123050610id_/http://www.bsnpr.com:80/equiposstat.asp?t=QU++++++++&serie=1,2026-09-08T13:56:47Z,2001-11-23
2001,Piratas de Quebradillas,Serie Regular,10,"Jimenez, G.",14,36,6,11,0,2,2,2,2,3,2,4,0,0,14,1.0,0.545,single-source,wayback_bsnpr_root,https://web.archive.org/web/20011123050610id_/http://www.bsnpr.com:80/equiposstat.asp?t=QU++++++++&serie=1,2026-09-08T13:56:47Z,2001-11-23
2001,Piratas de Quebradillas,Serie Regular,11,"Curbelo, J.",23,779,183,339,75,164,38,58,45,55,49,19,2,35,479,20.83,0.54,single-source,wayback_bsnpr_root,https://web.archive.org/web/20011123050610id_/http://www.bsnpr.com:80/equiposstat.asp?t=QU++++++++&serie=1,2026-09-08T13:56:47Z,2001-11-23
2001,Piratas de Quebradillas,Serie Regular,12,"Colon, F.",11,330,34,79,10,29,5,14,44,64,14,9,2,23,83,7.55,0.43,single-source,wayback_bsnpr_root,https://web.archive.org/web/20011123050610id_/http://www.bsnpr.com:80/equiposstat.asp?t=QU++++++++&serie=1,2026-09-08T13:56:47Z,2001-11-23
2001,Piratas de Quebradillas,Serie Regular,13,"Gonzalez, J.",22,219,36,72,3,12,11,19,27,47,5,5,2,19,86,3.91,0.5,single-source,wayback_bsnpr_root,https://web.archive.org/web/20011123050610id_/http://www.bsnpr.com:80/equiposstat.asp?t=QU++++++++&serie=1,2026-09-08T13:56:47Z,2001-11-23
2001,Piratas de Quebradillas,Serie Regular,14,"King, K.",26,909,205,344,2,6,82,103,251,351,51,13,34,74,494,19.0,0.596,single-source,wayback_bsnpr_root,https://web.archive.org/web/20011123050610id_/http://www.bsnpr.com:80/equiposstat.asp?t=QU++++++++&serie=1,2026-09-08T13:56:47Z,2001-11-23
2001,Piratas de Quebradillas,Serie Regular,15,"Perez, F.",16,427,56,89,0,0,6,11,126,162,19,9,21,25,118,7.38,0.629,single-source,wayback_bsnpr_root,https://web.archive.org/web/20011123050610id_/http://www.bsnpr.com:80/equiposstat.asp?t=QU++++++++&serie=1,2026-09-08T13:56:47Z,2001-11-23
2001,Piratas de Quebradillas,Serie Regular,16,"Johnson, R.",16,339,58,128,15,47,37,45,35,50,51,20,7,30,168,10.5,0.453,single-source,wayback_bsnpr_root,https://web.archive.org/web/20011123050610id_/http://www.bsnpr.com:80/equiposstat.asp?t=QU++++++++&serie=1,2026-09-08T13:56:47Z,2001-11-23
2001,Piratas de Quebradillas,Serie Regular,17,"Colon, P.",0,0,0,0,0,0,0,0,0,0,0,0,0,0,0,0.0,0.0,single-source,wayback_bsnpr_root,https://web.archive.org/web/20011123050610id_/http://www.bsnpr.com:80/equiposstat.asp?t=QU++++++++&serie=1,2026-09-08T13:56:47Z,2001-11-23
2001,Piratas de Quebradillas,Serie Regular,17,"Morales, A.",24,238,19,44,9,22,10,15,18,27,26,25,1,18,57,2.38,0.432,single-source,wayback_bsnpr_root,https://web.archive.org/web/20011123050610id_/http://www.bsnpr.com:80/equiposstat.asp?t=QU++++++++&serie=1,2026-09-08T13:56:47Z,2001-11-23
2001,Piratas de Quebradillas,Serie Regular,18,"Ruiz, I.",4,6,2,5,0,0,2,2,1,1,0,0,0,1,6,1.5,0.4,single-source,wayback_bsnpr_root,https://web.archive.org/web/20011123050610id_/http://www.bsnpr.com:80/equiposstat.asp?t=QU++++++++&serie=1,2026-09-08T13:56:47Z,2001-11-23
2001,Vaqueros de Bayamon,Serie Regular,0,"Miller, K.",4,123,21,38,0,0,4,7,32,47,3,3,3,12,46,11.5,0.553,single-source,wayback_bsnpr_root,https://web.archive.org/web/20011124115001id_/http://www.bsnpr.com:80/equiposstat.asp?t=BA++++++++&serie=2,2026-09-08T13:56:54Z,2001-11-24
2001,Vaqueros de Bayamon,Serie Regular,0,"Richards, J.",10,256,40,61,1,1,27,40,47,75,9,9,20,15,108,10.8,0.656,single-source,wayback_bsnpr_root,https://web.archive.org/web/20011124115001id_/http://www.bsnpr.com:80/equiposstat.asp?t=BA++++++++&serie=2,2026-09-08T13:56:54Z,2001-11-24
2001,Vaqueros de Bayamon,Serie Regular,1,"Salgado, G.",5,9,5,8,2,3,0,0,1,3,0,0,0,0,12,2.4,0.625,single-source,wayback_bsnpr_root,https://web.archive.org/web/20011124115001id_/http://www.bsnpr.com:80/equiposstat.asp?t=BA++++++++&serie=2,2026-09-08T13:56:54Z,2001-11-24
2001,Vaqueros de Bayamon,Serie Regular,4,"Western, F.",14,453,119,214,0,2,59,80,53,87,43,18,4,35,297,21.21,0.556,single-source,wayback_bsnpr_root,https://web.archive.org/web/20011124115001id_/http://www.bsnpr.com:80/equiposstat.asp?t=BA++++++++&serie=2,2026-09-08T13:56:54Z,2001-11-24
2001,Vaqueros de Bayamon,Serie Regular,6,"Travieso, C.",14,442,72,179,34,93,22,28,38,53,20,30,2,25,200,14.29,0.402,single-source,wayback_bsnpr_root,https://web.archive.org/web/20011124115001id_/http://www.bsnpr.com:80/equiposstat.asp?t=BA++++++++&serie=2,2026-09-08T13:56:54Z,2001-11-24
2001,Vaqueros de Bayamon,Serie Regular,10,"Cruz, A.",3,5,1,2,1,2,0,0,0,0,1,0,0,0,3,1.0,0.5,single-source,wayback_bsnpr_root,https://web.archive.org/web/20011124115001id_/http://www.bsnpr.com:80/equiposstat.asp?t=BA++++++++&serie=2,2026-09-08T13:56:54Z,2001-11-24
2001,Vaqueros de Bayamon,Serie Regular,12,"Padilla, E.",14,360,36,81,5,24,20,24,33,34,68,23,6,40,97,6.93,0.444,single-source,wayback_bsnpr_root,https://web.archive.org/web/20011124115001id_/http://www.bsnpr.com:80/equiposstat.asp?t=BA++++++++&serie=2,2026-09-08T13:56:54Z,2001-11-24
2001,Vaqueros de Bayamon,Serie Regular,13,"Payano, C.",14,193,31,83,6,28,17,21,19,29,11,9,1,14,85,6.07,0.373,single-source,wayback_bsnpr_root,https://web.archive.org/web/20011124115001id_/http://www.bsnpr.com:80/equiposstat.asp?t=BA++++++++&serie=2,2026-09-08T13:56:54Z,2001-11-24
2001,Vaqueros de Bayamon,Serie Regular,17,"Mincy, J.",14,326,46,124,4,31,11,21,63,85,14,6,5,24,107,7.64,0.371,single-source,wayback_bsnpr_root,https://web.archive.org/web/20011124115001id_/http://www.bsnpr.com:80/equiposstat.asp?t=BA++++++++&serie=2,2026-09-08T13:56:54Z,2001-11-24
2001,Vaqueros de Bayamon,Serie Regular,20,"Rivera, J.",3,4,2,4,0,1,0,0,0,1,0,0,0,1,4,1.33,0.5,single-source,wayback_bsnpr_root,https://web.archive.org/web/20011124115001id_/http://www.bsnpr.com:80/equiposstat.asp?t=BA++++++++&serie=2,2026-09-08T13:56:54Z,2001-11-24
2001,Vaqueros de Bayamon,Serie Regular,22,"Apodaca, R.",12,150,30,65,5,15,16,19,11,17,15,12,4,20,81,6.75,0.462,single-source,wayback_bsnpr_root,https://web.archive.org/web/20011124115001id_/http://www.bsnpr.com:80/equiposstat.asp?t=BA++++++++&serie=2,2026-09-08T13:56:54Z,2001-11-24
2001,Vaqueros de Bayamon,Serie Regular,32,"Santiago, E.",13,211,26,58,10,25,10,14,21,32,35,15,0,20,72,5.54,0.448,single-source,wayback_bsnpr_root,https://web.archive.org/web/20011124115001id_/http://www.bsnpr.com:80/equiposstat.asp?t=BA++++++++&serie=2,2026-09-08T13:56:54Z,2001-11-24
2001,Vaqueros de Bayamon,Serie Regular,33,"Aponte, E.",2,2,2,3,0,0,0,0,1,2,1,0,0,0,4,2.0,0.667,single-source,wayback_bsnpr_root,https://web.archive.org/web/20011124115001id_/http://www.bsnpr.com:80/equiposstat.asp?t=BA++++++++&serie=2,2026-09-08T13:56:54Z,2001-11-24
2001,Vaqueros de Bayamon,Serie Regular,44,"Novas, R.",10,72,8,16,0,0,6,13,17,23,1,0,0,2,22,2.2,0.5,single-source,wayback_bsnpr_root,https://web.archive.org/web/20011124115001id_/http://www.bsnpr.com:80/equiposstat.asp?t=BA++++++++&serie=2,2026-09-08T13:56:54Z,2001-11-24
2001,Vaqueros de Bayamon,Serie Regular,55,"Santiago, D.",7,194,48,80,0,0,27,40,39,54,7,7,6,11,123,17.57,0.6,single-source,wayback_bsnpr_root,https://web.archive.org/web/20011124115001id_/http://www.bsnpr.com:80/equiposstat.asp?t=BA++++++++&serie=2,2026-09-08T13:56:54Z,2001-11-24
2001,Titanes de Morovis,Serie Regular,1,"Rodriguez, J.",19,139,23,46,16,27,18,31,4,7,15,3,0,9,80,4.21,0.5,single-source,wayback_bsnpr_root,https://web.archive.org/web/20011124120550id_/http://www.bsnpr.com:80/equiposstat.asp?t=MO++++++++&serie=1,2026-09-08T13:57:03Z,2001-11-24
2001,Titanes de Morovis,Serie Regular,5,"Santiago, M.",20,354,78,157,17,66,19,25,6,29,14,20,4,24,192,9.6,0.497,single-source,wayback_bsnpr_root,https://web.archive.org/web/20011124120550id_/http://www.bsnpr.com:80/equiposstat.asp?t=MO++++++++&serie=1,2026-09-08T13:57:03Z,2001-11-24
2001,Titanes de Morovis,Serie Regular,6,"Rivera, F.",7,16,3,6,3,4,0,0,1,2,0,0,0,1,9,0.0,0.0,single-source,wayback_bsnpr_root,https://web.archive.org/web/20011124120550id_/http://www.bsnpr.com:80/equiposstat.asp?t=MO++++++++&serie=1,2026-09-08T13:57:03Z,2001-11-24
2001,Titanes de Morovis,Serie Regular,7,"Alicea, P.",12,393,53,137,30,88,10,13,30,44,67,10,0,51,146,12.17,0.387,single-source,wayback_bsnpr_root,https://web.archive.org/web/20011124120550id_/http://www.bsnpr.com:80/equiposstat.asp?t=MO++++++++&serie=1,2026-09-08T13:57:03Z,2001-11-24
2001,Titanes de Morovis,Serie Regular,8,"Martinez, C.",16,318,59,126,16,45,11,13,33,48,15,7,0,22,145,9.06,0.468,single-source,wayback_bsnpr_root,https://web.archive.org/web/20011124120550id_/http://www.bsnpr.com:80/equiposstat.asp?t=MO++++++++&serie=1,2026-09-08T13:57:03Z,2001-11-24
2001,Titanes de Morovis,Serie Regular,8,"Rivera, F.",1,4,0,1,0,1,0,0,0,0,1,0,0,1,0,0.0,0.0,single-source,wayback_bsnpr_root,https://web.archive.org/web/20011124120550id_/http://www.bsnpr.com:80/equiposstat.asp?t=MO++++++++&serie=1,2026-09-08T13:57:03Z,2001-11-24
2001,Titanes de Morovis,Serie Regular,9,"Sanchez, M.",7,21,1,8,1,6,0,0,0,0,3,2,0,0,3,0.43,0.125,single-source,wayback_bsnpr_root,https://web.archive.org/web/20011124120550id_/http://www.bsnpr.com:80/equiposstat.asp?t=MO++++++++&serie=1,2026-09-08T13:57:03Z,2001-11-24
2001,Titanes de Morovis,Serie Regular,10,"Pagan, W.",23,843,152,342,40,114,101,122,62,82,141,42,2,81,445,19.35,0.444,single-source,wayback_bsnpr_root,https://web.archive.org/web/20011124120550id_/http://www.bsnpr.com:80/equiposstat.asp?t=MO++++++++&serie=1,2026-09-08T13:57:03Z,2001-11-24
2001,Titanes de Morovis,Serie Regular,12,"Soto, E.",24,184,26,65,10,30,3,6,17,26,11,15,0,15,65,2.71,0.4,single-source,wayback_bsnpr_root,https://web.archive.org/web/20011124120550id_/http://www.bsnpr.com:80/equiposstat.asp?t=MO++++++++&serie=1,2026-09-08T13:57:03Z,2001-11-24
2001,Titanes de Morovis,Serie Regular,15,"Santos, J.",11,21,7,10,0,0,0,0,1,3,1,0,0,2,14,1.27,0.7,single-source,wayback_bsnpr_root,https://web.archive.org/web/20011124120550id_/http://www.bsnpr.com:80/equiposstat.asp?t=MO++++++++&serie=1,2026-09-08T13:57:03Z,2001-11-24
2001,Titanes de Morovis,Serie Regular,16,"Facey, V.",2,21,1,5,0,0,0,0,2,3,0,0,0,3,2,1.0,0.2,single-source,wayback_bsnpr_root,https://web.archive.org/web/20011124120550id_/http://www.bsnpr.com:80/equiposstat.asp?t=MO++++++++&serie=1,2026-09-08T13:57:03Z,2001-11-24
2001,Titanes de Morovis,Serie Regular,16,"Rodriguez, M.",25,583,69,172,34,89,20,28,55,88,42,13,4,24,192,7.68,0.401,single-source,wayback_bsnpr_root,https://web.archive.org/web/20011124120550id_/http://www.bsnpr.com:80/equiposstat.asp?t=MO++++++++&serie=1,2026-09-08T13:57:03Z,2001-11-24
2001,Titanes de Morovis,Serie Regular,20,"Nieves, R.",23,291,34,76,5,25,21,32,29,43,15,9,5,30,94,4.09,0.447,single-source,wayback_bsnpr_root,https://web.archive.org/web/20011124120550id_/http://www.bsnpr.com:80/equiposstat.asp?t=MO++++++++&serie=1,2026-09-08T13:57:03Z,2001-11-24
2001,Titanes de Morovis,Serie Regular,21,"Harrison, G.",15,75,9,20,1,3,9,12,6,13,4,1,1,10,28,1.87,0.45,single-source,wayback_bsnpr_root,https://web.archive.org/web/20011124120550id_/http://www.bsnpr.com:80/equiposstat.asp?t=MO++++++++&serie=1,2026-09-08T13:57:03Z,2001-11-24
2001,Titanes de Morovis,Serie Regular,24,"Marrero, R.",23,183,33,62,3,6,10,23,19,33,28,16,1,20,79,3.43,0.532,single-source,wayback_bsnpr_root,https://web.archive.org/web/20011124120550id_/http://www.bsnpr.com:80/equiposstat.asp?t=MO++++++++&serie=1,2026-09-08T13:57:03Z,2001-11-24
2001,Titanes de Morovis,Serie Regular,33,"Medrano, J.",26,855,167,322,17,46,72,101,98,137,55,19,8,98,423,16.27,0.519,single-source,wayback_bsnpr_root,https://web.archive.org/web/20011124120550id_/http://www.bsnpr.com:80/equiposstat.asp?t=MO++++++++&serie=1,2026-09-08T13:57:03Z,2001-11-24
2001,Titanes de Morovis,Serie Regular,44,"Soto, H.",3,6,1,4,0,1,2,2,0,1,2,0,0,0,4,1.33,0.25,single-source,wayback_bsnpr_root,https://web.archive.org/web/20011124120550id_/http://www.bsnpr.com:80/equiposstat.asp?t=MO++++++++&serie=1,2026-09-08T13:57:03Z,2001-11-24
2001,Titanes de Morovis,Serie Regular,45,"Davis, N.",23,879,206,378,0,4,136,220,306,413,41,20,58,77,548,23.83,0.545,single-source,wayback_bsnpr_root,https://web.archive.org/web/20011124120550id_/http://www.bsnpr.com:80/equiposstat.asp?t=MO++++++++&serie=1,2026-09-08T13:57:03Z,2001-11-24
2001,Titanes de Morovis,Serie Regular,45,"Jackson, R.",1,14,3,6,0,1,0,0,2,3,1,1,0,0,6,6.0,0.5,single-source,wayback_bsnpr_root,https://web.archive.org/web/20011124120550id_/http://www.bsnpr.com:80/equiposstat.asp?t=MO++++++++&serie=1,2026-09-08T13:57:03Z,2001-11-24
2001,Gigantes de Carolina,Serie Regular,4,"Pizarro, I.",4,24,2,11,0,7,0,1,2,2,1,0,0,0,4,1.0,0.182,single-source,wayback_bsnpr_root,https://web.archive.org/web/20011225183530id_/http://www.bsnpr.com:80/equiposstat.asp?t=CN++++++++&serie=1,2026-09-08T13:57:33Z,2001-12-25
2001,Gigantes de Carolina,Serie Regular,4,"Rivera, E.",9,268,52,122,15,43,27,32,17,23,36,16,2,23,146,16.22,0.426,single-source,wayback_bsnpr_root,https://web.archive.org/web/20011225183530id_/http://www.bsnpr.com:80/equiposstat.asp?t=CN++++++++&serie=1,2026-09-08T13:57:33Z,2001-12-25
2001,Gigantes de Carolina,Serie Regular,4,"Torres, G.",5,122,15,37,7,23,8,10,11,12,16,8,0,9,45,9.0,0.405,single-source,wayback_bsnpr_root,https://web.archive.org/web/20011225183530id_/http://www.bsnpr.com:80/equiposstat.asp?t=CN++++++++&serie=1,2026-09-08T13:57:33Z,2001-12-25
2001,Gigantes de Carolina,Serie Regular,5,"Nieves, I.",26,761,145,331,84,211,23,26,31,46,57,37,4,64,397,15.27,0.438,single-source,wayback_bsnpr_root,https://web.archive.org/web/20011225183530id_/http://www.bsnpr.com:80/equiposstat.asp?t=CN++++++++&serie=1,2026-09-08T13:57:33Z,2001-12-25
2001,Gigantes de Carolina,Serie Regular,6,"Borgos, R.",24,548,91,208,15,49,29,40,44,71,79,31,1,48,226,9.42,0.438,single-source,wayback_bsnpr_root,https://web.archive.org/web/20011225183530id_/http://www.bsnpr.com:80/equiposstat.asp?t=CN++++++++&serie=1,2026-09-08T13:57:33Z,2001-12-25
2001,Gigantes de Carolina,Serie Regular,7,"Romer, A.",23,203,24,54,4,9,8,13,26,46,6,4,2,14,60,2.61,0.444,single-source,wayback_bsnpr_root,https://web.archive.org/web/20011225183530id_/http://www.bsnpr.com:80/equiposstat.asp?t=CN++++++++&serie=1,2026-09-08T13:57:33Z,2001-12-25
2001,Gigantes de Carolina,Serie Regular,8,"Rodriguez, A.",24,322,54,123,19,60,7,8,22,42,21,8,3,16,134,5.58,0.439,single-source,wayback_bsnpr_root,https://web.archive.org/web/20011225183530id_/http://www.bsnpr.com:80/equiposstat.asp?t=CN++++++++&serie=1,2026-09-08T13:57:33Z,2001-12-25
2001,Gigantes de Carolina,Serie Regular,9,"Roca, J.",18,195,31,80,12,37,2,3,18,24,22,10,0,19,76,4.22,0.388,single-source,wayback_bsnpr_root,https://web.archive.org/web/20011225183530id_/http://www.bsnpr.com:80/equiposstat.asp?t=CN++++++++&serie=1,2026-09-08T13:57:33Z,2001-12-25
2001,Gigantes de Carolina,Serie Regular,10,"Myers, G.",16,372,62,106,0,0,15,20,61,88,14,14,11,53,139,8.69,0.585,single-source,wayback_bsnpr_root,https://web.archive.org/web/20011225183530id_/http://www.bsnpr.com:80/equiposstat.asp?t=CN++++++++&serie=1,2026-09-08T13:57:33Z,2001-12-25
2001,Gigantes de Carolina,Serie Regular,10,"Vizcarrondo, C.",7,39,6,14,0,1,2,5,1,7,1,0,0,8,14,2.0,0.429,single-source,wayback_bsnpr_root,https://web.archive.org/web/20011225183530id_/http://www.bsnpr.com:80/equiposstat.asp?t=CN++++++++&serie=1,2026-09-08T13:57:33Z,2001-12-25
2001,Gigantes de Carolina,Serie Regular,11,"Aska, J.",26,374,65,131,0,2,26,51,53,114,10,30,7,52,156,6.0,0.496,single-source,wayback_bsnpr_root,https://web.archive.org/web/20011225183530id_/http://www.bsnpr.com:80/equiposstat.asp?t=CN++++++++&serie=1,2026-09-08T13:57:33Z,2001-12-25
2001,Gigantes de Carolina,Serie Regular,12,"Alomar, C.",9,54,2,16,0,4,4,6,5,12,2,3,0,4,8,0.89,0.125,single-source,wayback_bsnpr_root,https://web.archive.org/web/20011225183530id_/http://www.bsnpr.com:80/equiposstat.asp?t=CN++++++++&serie=1,2026-09-08T13:57:33Z,2001-12-25
2001,Gigantes de Carolina,Serie Regular,12,"Chiclana, J.",14,166,24,56,15,35,11,16,12,20,35,7,0,18,74,5.29,0.429,single-source,wayback_bsnpr_root,https://web.archive.org/web/20011225183530id_/http://www.bsnpr.com:80/equiposstat.asp?t=CN++++++++&serie=1,2026-09-08T13:57:33Z,2001-12-25
2001,Gigantes de Carolina,Serie Regular,13,"Neumann, H.",11,47,7,23,1,1,6,10,2,6,3,0,0,6,21,1.91,0.304,single-source,wayback_bsnpr_root,https://web.archive.org/web/20011225183530id_/http://www.bsnpr.com:80/equiposstat.asp?t=CN++++++++&serie=1,2026-09-08T13:57:33Z,2001-12-25
2001,Gigantes de Carolina,Serie Regular,14,"Valenzuela, H.",14,63,10,22,0,0,4,7,11,20,1,1,0,4,24,1.71,0.455,single-source,wayback_bsnpr_root,https://web.archive.org/web/20011225183530id_/http://www.bsnpr.com:80/equiposstat.asp?t=CN++++++++&serie=1,2026-09-08T13:57:33Z,2001-12-25
2001,Gigantes de Carolina,Serie Regular,15,"Ayala, A.",18,152,16,42,8,18,0,2,8,10,8,4,3,17,40,2.22,0.381,single-source,wayback_bsnpr_root,https://web.archive.org/web/20011225183530id_/http://www.bsnpr.com:80/equiposstat.asp?t=CN++++++++&serie=1,2026-09-08T13:57:33Z,2001-12-25
2001,Gigantes de Carolina,Serie Regular,16,"Cepeda, J.",2,35,6,10,0,0,3,4,0,3,0,1,0,1,15,7.5,0.6,single-source,wayback_bsnpr_root,https://web.archive.org/web/20011225183530id_/http://www.bsnpr.com:80/equiposstat.asp?t=CN++++++++&serie=1,2026-09-08T13:57:33Z,2001-12-25
2001,Gigantes de Carolina,Serie Regular,17,"White, J.",25,551,85,179,1,5,32,42,89,135,31,18,36,30,203,8.12,0.475,single-source,wayback_bsnpr_root,https://web.archive.org/web/20011225183530id_/http://www.bsnpr.com:80/equiposstat.asp?t=CN++++++++&serie=1,2026-09-08T13:57:33Z,2001-12-25
2001,Gigantes de Carolina,Serie Regular,18,"Simpson, C.",26,904,258,494,10,42,79,126,170,286,68,23,14,92,605,23.27,0.522,single-source,wayback_bsnpr_root,https://web.archive.org/web/20011225183530id_/http://www.bsnpr.com:80/equiposstat.asp?t=CN++++++++&serie=1,2026-09-08T13:57:33Z,2001-12-25
2001,Gallitos de Isabela,Serie Regular,2,"Rivera, H.",24,792,132,291,27,86,32,38,54,69,100,23,1,45,323,13.46,0.454,single-source,wayback_bsnpr_root,https://web.archive.org/web/20011226010549id_/http://www.bsnpr.com:80/equiposstat.asp?t=IS,2026-09-08T13:57:44Z,2001-12-26
2001,Gallitos de Isabela,Serie Regular,8,"Colon, E.",20,244,39,105,11,33,10,17,21,29,7,7,0,15,99,4.95,0.371,single-source,wayback_bsnpr_root,https://web.archive.org/web/20011226010549id_/http://www.bsnpr.com:80/equiposstat.asp?t=IS,2026-09-08T13:57:44Z,2001-12-26
2001,Gallitos de Isabela,Serie Regular,10,"Santos, X.",16,126,24,56,12,34,2,4,9,15,8,5,1,10,62,3.88,0.429,single-source,wayback_bsnpr_root,https://web.archive.org/web/20011226010549id_/http://www.bsnpr.com:80/equiposstat.asp?t=IS,2026-09-08T13:57:44Z,2001-12-26
2001,Gallitos de Isabela,Serie Regular,11,"Quinonez, J.",18,554,101,257,34,114,56,70,49,69,30,26,3,38,292,16.22,0.393,single-source,wayback_bsnpr_root,https://web.archive.org/web/20011226010549id_/http://www.bsnpr.com:80/equiposstat.asp?t=IS,2026-09-08T13:57:44Z,2001-12-26
2001,Gallitos de Isabela,Serie Regular,12,"Lopez, J.",26,651,100,211,13,40,36,48,104,168,19,15,5,25,249,9.58,0.474,single-source,wayback_bsnpr_root,https://web.archive.org/web/20011226010549id_/http://www.bsnpr.com:80/equiposstat.asp?t=IS,2026-09-08T13:57:44Z,2001-12-26
2001,Gallitos de Isabela,Serie Regular,13,"Fernandez, E.",25,546,60,164,19,65,26,37,33,64,19,10,0,41,165,6.6,0.366,single-source,wayback_bsnpr_root,https://web.archive.org/web/20011226010549id_/http://www.bsnpr.com:80/equiposstat.asp?t=IS,2026-09-08T13:57:44Z,2001-12-26
2001,Gallitos de Isabela,Serie Regular,15,"Crispin, N.",17,122,13,41,2,9,12,19,18,27,2,3,2,11,40,2.35,0.317,single-source,wayback_bsnpr_root,https://web.archive.org/web/20011226010549id_/http://www.bsnpr.com:80/equiposstat.asp?t=IS,2026-09-08T13:57:44Z,2001-12-26
2001,Gallitos de Isabela,Serie Regular,17,"Gonzalez, T.",3,12,2,7,0,1,2,2,1,2,0,0,0,1,6,2.0,0.286,single-source,wayback_bsnpr_root,https://web.archive.org/web/20011226010549id_/http://www.bsnpr.com:80/equiposstat.asp?t=IS,2026-09-08T13:57:44Z,2001-12-26
2001,Gallitos de Isabela,Serie Regular,23,"Falu, A.",1,34,9,17,3,7,1,4,3,3,1,1,0,2,22,22.0,0.529,single-source,wayback_bsnpr_root,https://web.archive.org/web/20011226010549id_/http://www.bsnpr.com:80/equiposstat.asp?t=IS,2026-09-08T13:57:44Z,2001-12-26
2001,Gallitos de Isabela,Serie Regular,23,"Venzen, G.",12,282,34,95,13,44,5,8,33,55,9,3,6,17,86,7.17,0.358,single-source,wayback_bsnpr_root,https://web.archive.org/web/20011226010549id_/http://www.bsnpr.com:80/equiposstat.asp?t=IS,2026-09-08T13:57:44Z,2001-12-26
2001,Gallitos de Isabela,Serie Regular,31,"Guzman, L.",7,39,6,16,0,0,2,2,6,13,2,0,0,2,14,2.0,0.375,single-source,wayback_bsnpr_root,https://web.archive.org/web/20011226010549id_/http://www.bsnpr.com:80/equiposstat.asp?t=IS,2026-09-08T13:57:44Z,2001-12-26
2001,Gallitos de Isabela,Serie Regular,32,"Bravo, A.",7,29,3,4,2,3,2,3,4,5,4,5,0,2,10,1.43,0.75,single-source,wayback_bsnpr_root,https://web.archive.org/web/20011226010549id_/http://www.bsnpr.com:80/equiposstat.asp?t=IS,2026-09-08T13:57:44Z,2001-12-26
2001,Gallitos de Isabela,Serie Regular,34,"Acevedo, J.",6,71,9,35,3,10,3,4,8,9,12,7,0,10,24,4.0,0.257,single-source,wayback_bsnpr_root,https://web.archive.org/web/20011226010549id_/http://www.bsnpr.com:80/equiposstat.asp?t=IS,2026-09-08T13:57:44Z,2001-12-26
2001,Gallitos de Isabela,Serie Regular,42,"Figueroa, A.",14,115,8,21,1,3,0,2,11,17,17,7,2,15,17,1.21,0.381,single-source,wayback_bsnpr_root,https://web.archive.org/web/20011226010549id_/http://www.bsnpr.com:80/equiposstat.asp?t=IS,2026-09-08T13:57:44Z,2001-12-26
2001,Gallitos de Isabela,Serie Regular,45,"Leeks, K.",26,950,211,401,4,15,136,187,147,260,25,15,35,85,562,21.62,0.526,single-source,wayback_bsnpr_root,https://web.archive.org/web/20011226010549id_/http://www.bsnpr.com:80/equiposstat.asp?t=IS,2026-09-08T13:57:44Z,2001-12-26
2001,Gallitos de Isabela,Serie Regular,48,"Machado, A.",26,658,72,195,42,147,9,19,123,147,32,20,21,43,195,7.5,0.369,single-source,wayback_bsnpr_root,https://web.archive.org/web/20011226010549id_/http://www.bsnpr.com:80/equiposstat.asp?t=IS,2026-09-08T13:57:44Z,2001-12-26
2002,Indios de Mayaguez,Serie Regular,1,"Morales, F.",1,34,8,13,1,2,8,11,2,6,4,2,0,4,25,25.0,0.615,single-source,wayback_bsnpr_root,https://web.archive.org/web/20020503202207id_/http://www.bsnpr.com:80/equiposstat.asp?t=MA,2026-09-08T13:58:02Z,2002-05-03
2002,Indios de Mayaguez,Serie Regular,4,"Ortiz, V.",0,0,0,0,0,0,0,0,0,0,0,0,0,0,0,0.0,0.0,single-source,wayback_bsnpr_root,https://web.archive.org/web/20020503202207id_/http://www.bsnpr.com:80/equiposstat.asp?t=MA,2026-09-08T13:58:02Z,2002-05-03
2002,Indios de Mayaguez,Serie Regular,6,"Garcia, E.",1,8,2,3,1,2,0,0,1,1,0,0,0,1,5,5.0,0.667,single-source,wayback_bsnpr_root,https://web.archive.org/web/20020503202207id_/http://www.bsnpr.com:80/equiposstat.asp?t=MA,2026-09-08T13:58:02Z,2002-05-03
2002,Indios de Mayaguez,Serie Regular,8,"Melendez Jr., F.",0,0,0,0,0,0,0,0,0,0,0,0,0,0,0,0.0,0.0,single-source,wayback_bsnpr_root,https://web.archive.org/web/20020503202207id_/http://www.bsnpr.com:80/equiposstat.asp?t=MA,2026-09-08T13:58:02Z,2002-05-03
2002,Indios de Mayaguez,Serie Regular,9,"Caro, I.",1,3,0,0,0,0,0,0,0,0,0,0,0,1,0,0.0,0.0,single-source,wayback_bsnpr_root,https://web.archive.org/web/20020503202207id_/http://www.bsnpr.com:80/equiposstat.asp?t=MA,2026-09-08T13:58:02Z,2002-05-03
2002,Indios de Mayaguez,Serie Regular,11,"Ortiz, F.",1,3,0,1,0,1,0,0,0,0,0,0,0,0,0,0.0,0.0,single-source,wayback_bsnpr_root,https://web.archive.org/web/20020503202207id_/http://www.bsnpr.com:80/equiposstat.asp?t=MA,2026-09-08T13:58:02Z,2002-05-03
2002,Indios de Mayaguez,Serie Regular,12,"Carmona, A.",1,33,7,10,0,1,4,6,4,6,0,3,0,2,18,18.0,0.7,single-source,wayback_bsnpr_root,https://web.archive.org/web/20020503202207id_/http://www.bsnpr.com:80/equiposstat.asp?t=MA,2026-09-08T13:58:02Z,2002-05-03
2002,Indios de Mayaguez,Serie Regular,13,"Brown, T.",1,37,9,12,2,3,5,8,2,2,2,0,0,4,25,25.0,0.75,single-source,wayback_bsnpr_root,https://web.archive.org/web/20020503202207id_/http://www.bsnpr.com:80/equiposstat.asp?t=MA,2026-09-08T13:58:02Z,2002-05-03
2002,Indios de Mayaguez,Serie Regular,14,"Collado, R.",1,12,0,0,0,0,0,2,2,2,0,0,0,0,0,0.0,0.0,single-source,wayback_bsnpr_root,https://web.archive.org/web/20020503202207id_/http://www.bsnpr.com:80/equiposstat.asp?t=MA,2026-09-08T13:58:02Z,2002-05-03
2002,Indios de Mayaguez,Serie Regular,16,"Ramirez, S.",1,1,0,0,0,0,0,0,0,0,0,0,0,0,0,0.0,0.0,single-source,wayback_bsnpr_root,https://web.archive.org/web/20020503202207id_/http://www.bsnpr.com:80/equiposstat.asp?t=MA,2026-09-08T13:58:02Z,2002-05-03
2002,Indios de Mayaguez,Serie Regular,18,"Lazor, R.",1,33,6,15,1,4,1,1,7,12,3,1,0,3,14,14.0,0.4,single-source,wayback_bsnpr_root,https://web.archive.org/web/20020503202207id_/http://www.bsnpr.com:80/equiposstat.asp?t=MA,2026-09-08T13:58:02Z,2002-05-03
2002,Indios de Mayaguez,Serie Regular,21,"Galindo, A.",0,0,0,0,0,0,0,0,0,0,0,0,0,0,0,0.0,0.0,single-source,wayback_bsnpr_root,https://web.archive.org/web/20020503202207id_/http://www.bsnpr.com:80/equiposstat.asp?t=MA,2026-09-08T13:58:02Z,2002-05-03
2002,Indios de Mayaguez,Serie Regular,25,"Davila, M.",1,36,5,15,0,2,4,5,3,5,3,2,0,5,14,14.0,0.333,single-source,wayback_bsnpr_root,https://web.archive.org/web/20020503202207id_/http://www.bsnpr.com:80/equiposstat.asp?t=MA,2026-09-08T13:58:02Z,2002-05-03
2002,Gigantes de Carolina,Serie Regular,4,"Figueroa, A.",2,24,0,3,0,2,0,0,1,2,2,0,1,3,0,0.0,0.0,single-source,wayback_bsnpr_root,https://web.archive.org/web/20020508185049id_/http://www.bsnpr.com:80/equiposstat.asp?t=CN&serie=1,2026-09-08T13:58:04Z,2002-05-08
2002,Gigantes de Carolina,Serie Regular,4,"Jackson, G.",2,53,3,19,1,9,4,4,2,2,8,1,0,3,11,5.5,0.158,single-source,wayback_bsnpr_root,https://web.archive.org/web/20020508185049id_/http://www.bsnpr.com:80/equiposstat.asp?t=CN&serie=1,2026-09-08T13:58:04Z,2002-05-08
2002,Gigantes de Carolina,Serie Regular,5,"Colon, G.",4,31,1,10,0,6,2,2,2,3,0,0,0,5,4,1.0,0.1,single-source,wayback_bsnpr_root,https://web.archive.org/web/20020508185049id_/http://www.bsnpr.com:80/equiposstat.asp?t=CN&serie=1,2026-09-08T13:58:04Z,2002-05-08
2002,Gigantes de Carolina,Serie Regular,6,"Aviles, L.",2,17,5,9,0,0,3,3,1,2,1,1,0,1,13,6.5,0.556,single-source,wayback_bsnpr_root,https://web.archive.org/web/20020508185049id_/http://www.bsnpr.com:80/equiposstat.asp?t=CN&serie=1,2026-09-08T13:58:04Z,2002-05-08
2002,Gigantes de Carolina,Serie Regular,7,"Rodriguez, J.",4,73,10,35,7,21,2,4,3,4,5,4,0,10,29,7.25,0.286,single-source,wayback_bsnpr_root,https://web.archive.org/web/20020508185049id_/http://www.bsnpr.com:80/equiposstat.asp?t=CN&serie=1,2026-09-08T13:58:04Z,2002-05-08
2002,Gigantes de Carolina,Serie Regular,8,"Rodriguez, A.",4,27,1,4,1,3,0,0,5,5,1,1,0,3,3,0.75,0.25,single-source,wayback_bsnpr_root,https://web.archive.org/web/20020508185049id_/http://www.bsnpr.com:80/equiposstat.asp?t=CN&serie=1,2026-09-08T13:58:04Z,2002-05-08
2002,Gigantes de Carolina,Serie Regular,9,"Garcia, I.",1,25,3,10,0,2,2,4,1,1,1,2,1,2,8,8.0,0.3,single-source,wayback_bsnpr_root,https://web.archive.org/web/20020508185049id_/http://www.bsnpr.com:80/equiposstat.asp?t=CN&serie=1,2026-09-08T13:58:04Z,2002-05-08
2002,Gigantes de Carolina,Serie Regular,9,"Garcia, Y.",2,50,4,18,1,7,3,5,1,2,0,1,0,3,12,6.0,0.222,single-source,wayback_bsnpr_root,https://web.archive.org/web/20020508185049id_/http://www.bsnpr.com:80/equiposstat.asp?t=CN&serie=1,2026-09-08T13:58:04Z,2002-05-08
2002,Gigantes de Carolina,Serie Regular,10,"Bonilla, K.",0,0,0,0,0,0,0,0,0,0,0,0,0,0,0,0.0,0.0,single-source,wayback_bsnpr_root,https://web.archive.org/web/20020508185049id_/http://www.bsnpr.com:80/equiposstat.asp?t=CN&serie=1,2026-09-08T13:58:04Z,2002-05-08
2002,Gigantes de Carolina,Serie Regular,10,"Borgos, R.",2,16,1,3,0,0,3,4,2,4,1,2,0,0,5,2.5,0.333,single-source,wayback_bsnpr_root,https://web.archive.org/web/20020508185049id_/http://www.bsnpr.com:80/equiposstat.asp?t=CN&serie=1,2026-09-08T13:58:04Z,2002-05-08
2002,Gigantes de Carolina,Serie Regular,11,"Aska, J.",4,84,24,51,0,1,7,9,9,23,5,7,0,14,55,13.75,0.471,single-source,wayback_bsnpr_root,https://web.archive.org/web/20020508185049id_/http://www.bsnpr.com:80/equiposstat.asp?t=CN&serie=1,2026-09-08T13:58:04Z,2002-05-08
2002,Gigantes de Carolina,Serie Regular,12,"Quijano, F.",4,25,6,10,2,3,1,3,2,2,2,2,0,0,15,3.75,0.6,single-source,wayback_bsnpr_root,https://web.archive.org/web/20020508185049id_/http://www.bsnpr.com:80/equiposstat.asp?t=CN&serie=1,2026-09-08T13:58:04Z,2002-05-08
2002,Gigantes de Carolina,Serie Regular,13,"Fernandez, E.",4,72,8,16,6,10,4,5,2,2,3,1,0,7,26,6.5,0.5,single-source,wayback_bsnpr_root,https://web.archive.org/web/20020508185049id_/http://www.bsnpr.com:80/equiposstat.asp?t=CN&serie=1,2026-09-08T13:58:04Z,2002-05-08
2002,Gigantes de Carolina,Serie Regular,14,"Soto, R.",3,58,1,10,0,0,0,0,7,10,2,1,1,5,2,0.67,0.1,single-source,wayback_bsnpr_root,https://web.archive.org/web/20020508185049id_/http://www.bsnpr.com:80/equiposstat.asp?t=CN&serie=1,2026-09-08T13:58:04Z,2002-05-08
2002,Gigantes de Carolina,Serie Regular,15,"Strickland, M.",4,135,29,65,0,1,12,15,21,42,6,6,7,7,70,17.5,0.446,single-source,wayback_bsnpr_root,https://web.archive.org/web/20020508185049id_/http://www.bsnpr.com:80/equiposstat.asp?t=CN&serie=1,2026-09-08T13:58:04Z,2002-05-08
2002,Gigantes de Carolina,Serie Regular,16,"Bonilla, K.",0,0,0,0,0,0,0,0,0,0,0,0,0,0,0,0.0,0.0,single-source,wayback_bsnpr_root,https://web.archive.org/web/20020508185049id_/http://www.bsnpr.com:80/equiposstat.asp?t=CN&serie=1,2026-09-08T13:58:04Z,2002-05-08
2002,Gigantes de Carolina,Serie Regular,16,"Figueroa, A.",0,0,0,0,0,0,0,0,0,0,0,0,0,0,0,0.0,0.0,single-source,wayback_bsnpr_root,https://web.archive.org/web/20020508185049id_/http://www.bsnpr.com:80/equiposstat.asp?t=CN&serie=1,2026-09-08T13:58:04Z,2002-05-08
2002,Gigantes de Carolina,Serie Regular,17,"White, J.",4,90,14,26,0,0,8,12,27,37,1,2,5,7,36,9.0,0.538,single-source,wayback_bsnpr_root,https://web.archive.org/web/20020508185049id_/http://www.bsnpr.com:80/equiposstat.asp?t=CN&serie=1,2026-09-08T13:58:04Z,2002-05-08
2002,Gigantes de Carolina,Serie Regular,18,"Voce, G.",2,20,1,8,0,3,0,2,4,7,1,0,0,2,2,1.0,0.125,single-source,wayback_bsnpr_root,https://web.archive.org/web/20020508185049id_/http://www.bsnpr.com:80/equiposstat.asp?t=CN&serie=1,2026-09-08T13:58:04Z,2002-05-08
2002,Criollos de Caguas,Serie Regular,4,"Colon, A.",4,82,12,22,3,6,2,4,5,8,7,4,0,9,29,7.25,0.545,single-source,wayback_bsnpr_root,https://web.archive.org/web/20020508185120id_/http://www.bsnpr.com:80/equiposstat.asp?t=CA&serie=1,2026-09-08T13:58:05Z,2002-05-08
2002,Criollos de Caguas,Serie Regular,7,"Rodriguez, A.",0,0,0,0,0,0,0,0,0,0,0,0,0,0,0,0.0,0.0,single-source,wayback_bsnpr_root,https://web.archive.org/web/20020508185120id_/http://www.bsnpr.com:80/equiposstat.asp?t=CA&serie=1,2026-09-08T13:58:05Z,2002-05-08
2002,Criollos de Caguas,Serie Regular,9,"Carter, J.",4,133,19,38,1,10,25,29,9,9,20,1,0,5,64,16.0,0.5,single-source,wayback_bsnpr_root,https://web.archive.org/web/20020508185120id_/http://www.bsnpr.com:80/equiposstat.asp?t=CA&serie=1,2026-09-08T13:58:05Z,2002-05-08
2002,Criollos de Caguas,Serie Regular,10,"Rivera, A.",4,26,3,6,0,1,3,7,6,7,1,0,0,4,9,2.25,0.5,single-source,wayback_bsnpr_root,https://web.archive.org/web/20020508185120id_/http://www.bsnpr.com:80/equiposstat.asp?t=CA&serie=1,2026-09-08T13:58:05Z,2002-05-08
2002,Criollos de Caguas,Serie Regular,11,"Nieves, J.",4,88,17,35,8,18,9,10,5,8,11,3,0,15,51,12.75,0.486,single-source,wayback_bsnpr_root,https://web.archive.org/web/20020508185120id_/http://www.bsnpr.com:80/equiposstat.asp?t=CA&serie=1,2026-09-08T13:58:05Z,2002-05-08
2002,Criollos de Caguas,Serie Regular,14,"Allende, L.",4,132,24,46,7,19,12,14,12,16,6,2,1,5,67,16.75,0.522,single-source,wayback_bsnpr_root,https://web.archive.org/web/20020508185120id_/http://www.bsnpr.com:80/equiposstat.asp?t=CA&serie=1,2026-09-08T13:58:05Z,2002-05-08
2002,Criollos de Caguas,Serie Regular,15,"Rivas, L.",0,0,0,0,0,0,0,0,0,0,0,0,0,0,0,0.0,0.0,single-source,wayback_bsnpr_root,https://web.archive.org/web/20020508185120id_/http://www.bsnpr.com:80/equiposstat.asp?t=CA&serie=1,2026-09-08T13:58:05Z,2002-05-08
2002,Criollos de Caguas,Serie Regular,21,"Rodriguez, A.",0,0,0,0,0,0,0,0,0,0,0,0,0,0,0,0.0,0.0,single-source,wayback_bsnpr_root,https://web.archive.org/web/20020508185120id_/http://www.bsnpr.com:80/equiposstat.asp?t=CA&serie=1,2026-09-08T13:58:05Z,2002-05-08
2002,Criollos de Caguas,Serie Regular,22,"Melendez, R.",4,40,5,13,2,6,3,6,2,2,5,3,0,7,15,3.75,0.385,single-source,wayback_bsnpr_root,https://web.archive.org/web/20020508185120id_/http://www.bsnpr.com:80/equiposstat.asp?t=CA&serie=1,2026-09-08T13:58:05Z,2002-05-08
2002,Criollos de Caguas,Serie Regular,23,"Simpkins, D.",4,139,36,59,1,3,19,23,34,47,6,3,4,20,92,23.0,0.61,single-source,wayback_bsnpr_root,https://web.archive.org/web/20020508185120id_/http://www.bsnpr.com:80/equiposstat.asp?t=CA&serie=1,2026-09-08T13:58:05Z,2002-05-08
2002,Criollos de Caguas,Serie Regular,25,"Carrasquillo, A.",3,74,5,10,2,5,4,5,20,21,5,3,6,6,16,5.33,0.5,single-source,wayback_bsnpr_root,https://web.archive.org/web/20020508185120id_/http://www.bsnpr.com:80/equiposstat.asp?t=CA&serie=1,2026-09-08T13:58:05Z,2002-05-08
2002,Criollos de Caguas,Serie Regular,25,"Carrasquillo, T.",1,30,1,3,0,2,1,3,12,12,3,1,2,3,3,3.0,0.333,single-source,wayback_bsnpr_root,https://web.archive.org/web/20020508185120id_/http://www.bsnpr.com:80/equiposstat.asp?t=CA&serie=1,2026-09-08T13:58:05Z,2002-05-08
2002,Criollos de Caguas,Serie Regular,30,"Gates, P.",0,0,0,0,0,0,0,0,0,0,0,0,0,0,0,0.0,0.0,single-source,wayback_bsnpr_root,https://web.archive.org/web/20020508185120id_/http://www.bsnpr.com:80/equiposstat.asp?t=CA&serie=1,2026-09-08T13:58:05Z,2002-05-08
2002,Criollos de Caguas,Serie Regular,32,"Sanchez, R.",2,9,1,1,1,1,0,0,0,0,1,1,0,2,3,1.5,1.0,single-source,wayback_bsnpr_root,https://web.archive.org/web/20020508185120id_/http://www.bsnpr.com:80/equiposstat.asp?t=CA&serie=1,2026-09-08T13:58:05Z,2002-05-08
2002,Criollos de Caguas,Serie Regular,33,"Huertas, D.",2,6,2,5,1,2,0,0,1,2,1,0,0,1,5,2.5,0.4,single-source,wayback_bsnpr_root,https://web.archive.org/web/20020508185120id_/http://www.bsnpr.com:80/equiposstat.asp?t=CA&serie=1,2026-09-08T13:58:05Z,2002-05-08
2002,Criollos de Caguas,Serie Regular,34,"Berges, P.",1,4,1,1,0,0,0,0,1,1,0,0,0,0,2,2.0,1.0,single-source,wayback_bsnpr_root,https://web.archive.org/web/20020508185120id_/http://www.bsnpr.com:80/equiposstat.asp?t=CA&serie=1,2026-09-08T13:58:05Z,2002-05-08
2002,Criollos de Caguas,Serie Regular,36,"Ramos, P.",4,37,6,14,0,0,3,5,7,7,2,0,2,6,15,3.75,0.429,single-source,wayback_bsnpr_root,https://web.archive.org/web/20020508185120id_/http://www.bsnpr.com:80/equiposstat.asp?t=CA&serie=1,2026-09-08T13:58:05Z,2002-05-08
2002,Toritos de Cayey,Serie Regular,3,"Alvarado, O.",2,6,1,5,1,3,0,0,0,2,0,1,0,1,3,1.5,0.2,single-source,wayback_bsnpr_root,https://web.archive.org/web/20020508185401id_/http://www.bsnpr.com:80/equiposstat.asp?t=CY&serie=1,2026-09-08T13:58:07Z,2002-05-08
2002,Toritos de Cayey,Serie Regular,4,"Lopez, M.",4,135,20,51,1,6,12,21,9,14,24,6,1,13,53,13.25,0.392,single-source,wayback_bsnpr_root,https://web.archive.org/web/20020508185401id_/http://www.bsnpr.com:80/equiposstat.asp?t=CY&serie=1,2026-09-08T13:58:07Z,2002-05-08
2002,Toritos de Cayey,Serie Regular,5,"Rosario, L.",1,2,0,0,0,0,0,0,1,1,0,0,0,1,0,0.0,0.0,single-source,wayback_bsnpr_root,https://web.archive.org/web/20020508185401id_/http://www.bsnpr.com:80/equiposstat.asp?t=CY&serie=1,2026-09-08T13:58:07Z,2002-05-08
2002,Toritos de Cayey,Serie Regular,6,"Burgos, G.",2,37,3,7,1,4,0,0,2,2,1,2,0,4,7,3.5,0.429,single-source,wayback_bsnpr_root,https://web.archive.org/web/20020508185401id_/http://www.bsnpr.com:80/equiposstat.asp?t=CY&serie=1,2026-09-08T13:58:07Z,2002-05-08
2002,Toritos de Cayey,Serie Regular,7,"Carrawell, C.",4,160,36,74,4,19,16,23,15,22,9,5,8,22,92,23.0,0.486,single-source,wayback_bsnpr_root,https://web.archive.org/web/20020508185401id_/http://www.bsnpr.com:80/equiposstat.asp?t=CY&serie=1,2026-09-08T13:58:07Z,2002-05-08
2002,Toritos de Cayey,Serie Regular,8,"Hiraldo, C.",4,129,21,44,7,22,18,20,8,11,5,8,1,11,67,16.75,0.477,single-source,wayback_bsnpr_root,https://web.archive.org/web/20020508185401id_/http://www.bsnpr.com:80/equiposstat.asp?t=CY&serie=1,2026-09-08T13:58:07Z,2002-05-08
2002,Toritos de Cayey,Serie Regular,9,"Alomar, H.",2,5,0,2,0,0,2,2,1,2,1,0,0,0,2,1.0,0.0,single-source,wayback_bsnpr_root,https://web.archive.org/web/20020508185401id_/http://www.bsnpr.com:80/equiposstat.asp?t=CY&serie=1,2026-09-08T13:58:07Z,2002-05-08
2002,Toritos de Cayey,Serie Regular,10,"Melendez, O.",2,33,5,10,0,0,1,2,6,7,2,2,0,1,11,5.5,0.5,single-source,wayback_bsnpr_root,https://web.archive.org/web/20020508185401id_/http://www.bsnpr.com:80/equiposstat.asp?t=CY&serie=1,2026-09-08T13:58:07Z,2002-05-08
2002,Toritos de Cayey,Serie Regular,11,"Venzen, G.",4,100,14,23,2,5,7,8,14,18,1,3,0,11,37,9.25,0.609,single-source,wayback_bsnpr_root,https://web.archive.org/web/20020508185401id_/http://www.bsnpr.com:80/equiposstat.asp?t=CY&serie=1,2026-09-08T13:58:07Z,2002-05-08
2002,Toritos de Cayey,Serie Regular,12,"Ocasio, H.",0,0,0,0,0,0,0,0,0,0,0,0,0,0,0,0.0,0.0,single-source,wayback_bsnpr_root,https://web.archive.org/web/20020508185401id_/http://www.bsnpr.com:80/equiposstat.asp?t=CY&serie=1,2026-09-08T13:58:07Z,2002-05-08
2002,Toritos de Cayey,Serie Regular,13,"Ocasio, H.",0,0,0,0,0,0,0,0,0,0,0,0,0,0,0,0.0,0.0,single-source,wayback_bsnpr_root,https://web.archive.org/web/20020508185401id_/http://www.bsnpr.com:80/equiposstat.asp?t=CY&serie=1,2026-09-08T13:58:07Z,2002-05-08
2002,Toritos de Cayey,Serie Regular,14,"Cotte, J.",3,54,13,26,9,16,2,3,5,8,1,2,0,4,37,12.33,0.5,single-source,wayback_bsnpr_root,https://web.archive.org/web/20020508185401id_/http://www.bsnpr.com:80/equiposstat.asp?t=CY&serie=1,2026-09-08T13:58:07Z,2002-05-08
2002,Toritos de Cayey,Serie Regular,15,"Lozano, Z.",0,0,0,0,0,0,0,0,0,0,0,0,0,0,0,0.0,0.0,single-source,wayback_bsnpr_root,https://web.archive.org/web/20020508185401id_/http://www.bsnpr.com:80/equiposstat.asp?t=CY&serie=1,2026-09-08T13:58:07Z,2002-05-08
2002,Toritos de Cayey,Serie Regular,16,"Murray, J.",4,137,11,31,2,4,5,9,22,29,4,7,3,14,29,7.25,0.355,single-source,wayback_bsnpr_root,https://web.archive.org/web/20020508185401id_/http://www.bsnpr.com:80/equiposstat.asp?t=CY&serie=1,2026-09-08T13:58:07Z,2002-05-08
2002,Toritos de Cayey,Serie Regular,17,"Rivera, A.",4,27,1,4,0,0,0,0,3,6,0,0,0,2,2,0.5,0.25,single-source,wayback_bsnpr_root,https://web.archive.org/web/20020508185401id_/http://www.bsnpr.com:80/equiposstat.asp?t=CY&serie=1,2026-09-08T13:58:07Z,2002-05-08
2002,Toritos de Cayey,Serie Regular,21,"Bocachica, C.",0,0,0,0,0,0,0,0,0,0,0,0,0,0,0,0.0,0.0,single-source,wayback_bsnpr_root,https://web.archive.org/web/20020508185401id_/http://www.bsnpr.com:80/equiposstat.asp?t=CY&serie=1,2026-09-08T13:58:07Z,2002-05-08
2002,Titanes de Morovis,Serie Regular,1,"Rivera, C.",4,52,1,13,0,9,0,0,1,1,4,1,0,5,2,0.5,0.077,single-source,wayback_bsnpr_root,https://web.archive.org/web/20020508190144id_/http://www.bsnpr.com:80/equiposstat.asp?t=MO&serie=1,2026-09-08T13:58:09Z,2002-05-08
2002,Titanes de Morovis,Serie Regular,4,"De Jesus, A.",4,123,15,38,6,19,16,25,4,6,8,8,0,17,52,13.0,0.395,single-source,wayback_bsnpr_root,https://web.archive.org/web/20020508190144id_/http://www.bsnpr.com:80/equiposstat.asp?t=MO&serie=1,2026-09-08T13:58:09Z,2002-05-08
2002,Titanes de Morovis,Serie Regular,5,"Santiago, J.",1,12,2,5,1,4,0,0,0,1,0,1,0,0,5,5.0,0.4,single-source,wayback_bsnpr_root,https://web.archive.org/web/20020508190144id_/http://www.bsnpr.com:80/equiposstat.asp?t=MO&serie=1,2026-09-08T13:58:09Z,2002-05-08
2002,Titanes de Morovis,Serie Regular,5,"Santiago, M.",3,35,7,15,4,8,6,6,0,4,1,3,0,2,24,8.0,0.467,single-source,wayback_bsnpr_root,https://web.archive.org/web/20020508190144id_/http://www.bsnpr.com:80/equiposstat.asp?t=MO&serie=1,2026-09-08T13:58:09Z,2002-05-08
2002,Titanes de Morovis,Serie Regular,6,"Vizcarrondo, C.",4,33,7,12,0,0,0,0,1,6,1,0,1,4,14,3.5,0.583,single-source,wayback_bsnpr_root,https://web.archive.org/web/20020508190144id_/http://www.bsnpr.com:80/equiposstat.asp?t=MO&serie=1,2026-09-08T13:58:09Z,2002-05-08
2002,Titanes de Morovis,Serie Regular,7,"Reyes, A.",2,31,7,11,0,0,0,2,8,12,0,1,0,4,14,9.0,0.667,single-source,wayback_bsnpr_root,https://web.archive.org/web/20020508190144id_/http://www.bsnpr.com:80/equiposstat.asp?t=MO&serie=1,2026-09-08T13:58:09Z,2002-05-08
2002,Titanes de Morovis,Serie Regular,8,"Marrero, R.",4,25,0,4,0,1,0,4,0,3,1,0,1,2,0,0.0,0.0,single-source,wayback_bsnpr_root,https://web.archive.org/web/20020508190144id_/http://www.bsnpr.com:80/equiposstat.asp?t=MO&serie=1,2026-09-08T13:58:09Z,2002-05-08
2002,Titanes de Morovis,Serie Regular,10,"Pagan, W.",4,143,32,56,11,20,21,23,11,13,19,4,1,16,96,24.0,0.571,single-source,wayback_bsnpr_root,https://web.archive.org/web/20020508190144id_/http://www.bsnpr.com:80/equiposstat.asp?t=MO&serie=1,2026-09-08T13:58:09Z,2002-05-08
2002,Titanes de Morovis,Serie Regular,15,"Butler, M.",4,68,8,11,0,0,3,7,14,19,2,2,0,11,19,4.75,0.727,single-source,wayback_bsnpr_root,https://web.archive.org/web/20020508190144id_/http://www.bsnpr.com:80/equiposstat.asp?t=MO&serie=1,2026-09-08T13:58:09Z,2002-05-08
2002,Titanes de Morovis,Serie Regular,16,"Martinez, R.",3,18,2,8,0,4,1,2,1,3,0,0,0,1,5,1.67,0.25,single-source,wayback_bsnpr_root,https://web.archive.org/web/20020508190144id_/http://www.bsnpr.com:80/equiposstat.asp?t=MO&serie=1,2026-09-08T13:58:09Z,2002-05-08
2002,Titanes de Morovis,Serie Regular,20,"Nieves, R.",0,0,0,0,0,0,0,0,0,0,0,0,0,0,0,0.0,0.0,single-source,wayback_bsnpr_root,https://web.archive.org/web/20020508190144id_/http://www.bsnpr.com:80/equiposstat.asp?t=MO&serie=1,2026-09-08T13:58:09Z,2002-05-08
2002,Titanes de Morovis,Serie Regular,21,"Santos, J.",1,1,0,0,0,0,0,0,0,0,0,0,0,0,0,0.0,0.0,single-source,wayback_bsnpr_root,https://web.archive.org/web/20020508190144id_/http://www.bsnpr.com:80/equiposstat.asp?t=MO&serie=1,2026-09-08T13:58:09Z,2002-05-08
2002,Titanes de Morovis,Serie Regular,25,"Matias, A.",1,2,0,0,0,0,1,1,0,0,0,0,1,0,1,1.0,0.0,single-source,wayback_bsnpr_root,https://web.archive.org/web/20020508190144id_/http://www.bsnpr.com:80/equiposstat.asp?t=MO&serie=1,2026-09-08T13:58:09Z,2002-05-08
2002,Titanes de Morovis,Serie Regular,30,"Reyes, A.",1,23,4,6,0,0,1,1,1,6,1,1,1,0,9,9.0,0.667,single-source,wayback_bsnpr_root,https://web.archive.org/web/20020508190144id_/http://www.bsnpr.com:80/equiposstat.asp?t=MO&serie=1,2026-09-08T13:58:09Z,2002-05-08
2002,Titanes de Morovis,Serie Regular,32,"Soto, E.",2,7,0,2,0,1,0,0,0,1,0,0,0,0,0,0.0,0.0,single-source,wayback_bsnpr_root,https://web.archive.org/web/20020508190144id_/http://www.bsnpr.com:80/equiposstat.asp?t=MO&serie=1,2026-09-08T13:58:09Z,2002-05-08
2002,Titanes de Morovis,Serie Regular,33,"Medrano, G.",2,30,2,10,0,2,2,4,2,3,0,2,0,4,6,3.0,0.2,single-source,wayback_bsnpr_root,https://web.archive.org/web/20020508190144id_/http://www.bsnpr.com:80/equiposstat.asp?t=MO&serie=1,2026-09-08T13:58:09Z,2002-05-08
2002,Titanes de Morovis,Serie Regular,33,"Medrano, J.",2,49,7,21,1,6,1,4,4,7,4,0,0,1,16,8.0,0.333,single-source,wayback_bsnpr_root,https://web.archive.org/web/20020508190144id_/http://www.bsnpr.com:80/equiposstat.asp?t=MO&serie=1,2026-09-08T13:58:09Z,2002-05-08
2002,Titanes de Morovis,Serie Regular,45,"Davis, N.",4,148,29,60,0,1,20,31,47,67,4,8,8,21,78,19.5,0.483,single-source,wayback_bsnpr_root,https://web.archive.org/web/20020508190144id_/http://www.bsnpr.com:80/equiposstat.asp?t=MO&serie=1,2026-09-08T13:58:09Z,2002-05-08
2002,Leones de Ponce,Serie Regular,4,"Colon, J.",7,202,40,72,13,25,27,34,21,28,28,9,1,13,120,17.14,0.556,single-source,wayback_bsnpr_root,https://web.archive.org/web/20020511191745id_/http://www.bsnpr.com:80/equiposstat.asp?t=PO++++++++&serie=1,2026-09-08T13:58:25Z,2002-05-11
2002,Leones de Ponce,Serie Regular,5,"Casiano, E.",7,227,51,108,27,56,32,38,6,6,14,5,1,20,161,23.0,0.472,single-source,wayback_bsnpr_root,https://web.archive.org/web/20020511191745id_/http://www.bsnpr.com:80/equiposstat.asp?t=PO++++++++&serie=1,2026-09-08T13:58:25Z,2002-05-11
2002,Leones de Ponce,Serie Regular,6,"Ortiz, R.",6,30,3,3,1,1,1,2,4,5,8,1,0,5,8,1.33,1.0,single-source,wayback_bsnpr_root,https://web.archive.org/web/20020511191745id_/http://www.bsnpr.com:80/equiposstat.asp?t=PO++++++++&serie=1,2026-09-08T13:58:25Z,2002-05-11
2002,Leones de Ponce,Serie Regular,7,"Soto, E.",7,83,6,12,0,0,0,6,12,19,8,1,5,12,12,1.71,0.5,single-source,wayback_bsnpr_root,https://web.archive.org/web/20020511191745id_/http://www.bsnpr.com:80/equiposstat.asp?t=PO++++++++&serie=1,2026-09-08T13:58:25Z,2002-05-11
2002,Leones de Ponce,Serie Regular,9,"Echevaria, A.",4,13,1,5,0,1,2,2,1,1,4,0,0,2,4,1.0,0.2,single-source,wayback_bsnpr_root,https://web.archive.org/web/20020511191745id_/http://www.bsnpr.com:80/equiposstat.asp?t=PO++++++++&serie=1,2026-09-08T13:58:25Z,2002-05-11
2002,Leones de Ponce,Serie Regular,10,"Hatton, B.",7,185,41,75,7,15,18,24,8,15,28,6,1,9,107,15.29,0.547,single-source,wayback_bsnpr_root,https://web.archive.org/web/20020511191745id_/http://www.bsnpr.com:80/equiposstat.asp?t=PO++++++++&serie=1,2026-09-08T13:58:25Z,2002-05-11
2002,Leones de Ponce,Serie Regular,11,"Martinez, C.",4,25,4,8,0,2,1,1,2,2,0,0,0,1,9,2.25,0.5,single-source,wayback_bsnpr_root,https://web.archive.org/web/20020511191745id_/http://www.bsnpr.com:80/equiposstat.asp?t=PO++++++++&serie=1,2026-09-08T13:58:25Z,2002-05-11
2002,Leones de Ponce,Serie Regular,12,"Ricardo, O.",7,129,9,16,0,1,5,20,19,30,4,3,9,16,23,3.29,0.563,single-source,wayback_bsnpr_root,https://web.archive.org/web/20020511191745id_/http://www.bsnpr.com:80/equiposstat.asp?t=PO++++++++&serie=1,2026-09-08T13:58:25Z,2002-05-11
2002,Leones de Ponce,Serie Regular,13,"Rosa, L.",4,28,14,21,0,0,1,2,7,12,2,0,0,6,29,7.25,0.667,single-source,wayback_bsnpr_root,https://web.archive.org/web/20020511191745id_/http://www.bsnpr.com:80/equiposstat.asp?t=PO++++++++&serie=1,2026-09-08T13:58:25Z,2002-05-11
2002,Leones de Ponce,Serie Regular,14,"Rosa, A.",2,4,1,1,0,0,0,0,0,0,0,0,0,0,2,1.0,1.0,single-source,wayback_bsnpr_root,https://web.archive.org/web/20020511191745id_/http://www.bsnpr.com:80/equiposstat.asp?t=PO++++++++&serie=1,2026-09-08T13:58:25Z,2002-05-11
2002,Leones de Ponce,Serie Regular,15,"Colon, G.",4,31,8,15,3,6,5,5,6,9,3,2,0,2,24,6.0,0.533,single-source,wayback_bsnpr_root,https://web.archive.org/web/20020511191745id_/http://www.bsnpr.com:80/equiposstat.asp?t=PO++++++++&serie=1,2026-09-08T13:58:25Z,2002-05-11
2002,Leones de Ponce,Serie Regular,16,"Vega, O.",0,0,0,0,0,0,0,0,0,0,0,0,0,0,0,0.0,0.0,single-source,wayback_bsnpr_root,https://web.archive.org/web/20020511191745id_/http://www.bsnpr.com:80/equiposstat.asp?t=PO++++++++&serie=1,2026-09-08T13:58:25Z,2002-05-11
2002,Leones de Ponce,Serie Regular,18,"Orta, R.",3,16,2,6,1,3,2,3,4,5,2,0,0,3,7,2.33,0.333,single-source,wayback_bsnpr_root,https://web.archive.org/web/20020511191745id_/http://www.bsnpr.com:80/equiposstat.asp?t=PO++++++++&serie=1,2026-09-08T13:58:25Z,2002-05-11
2002,Leones de Ponce,Serie Regular,24,"Jourdon, K.",7,211,42,67,7,13,16,27,38,54,13,13,1,21,107,15.29,0.627,single-source,wayback_bsnpr_root,https://web.archive.org/web/20020511191745id_/http://www.bsnpr.com:80/equiposstat.asp?t=PO++++++++&serie=1,2026-09-08T13:58:25Z,2002-05-11
2002,Leones de Ponce,Serie Regular,33,"Nieves, I.",2,21,3,8,1,4,1,1,0,3,1,0,0,0,8,4.0,0.375,single-source,wayback_bsnpr_root,https://web.archive.org/web/20020511191745id_/http://www.bsnpr.com:80/equiposstat.asp?t=PO++++++++&serie=1,2026-09-08T13:58:25Z,2002-05-11
2002,Leones de Ponce,Serie Regular,88,"Bonner, A.",7,220,46,98,0,2,12,21,57,91,26,22,15,14,104,14.86,0.469,single-source,wayback_bsnpr_root,https://web.archive.org/web/20020511191745id_/http://www.bsnpr.com:80/equiposstat.asp?t=PO++++++++&serie=1,2026-09-08T13:58:25Z,2002-05-11
2002,Capitanes de Arecibo,Serie Regular,5,"Figueroa, A.",21,591,115,215,28,81,77,101,43,82,27,38,7,31,335,15.95,0.535,single-source,wayback_bsnpr_root,https://web.archive.org/web/20020614065004id_/http://www.bsnpr.com:80/equiposstat.asp?t=AR&serie=1,2026-09-08T13:58:52Z,2002-06-14
2002,Capitanes de Arecibo,Serie Regular,6,"Barroso, J.",11,35,2,10,0,6,1,2,2,2,1,2,0,9,5,0.45,0.2,single-source,wayback_bsnpr_root,https://web.archive.org/web/20020614065004id_/http://www.bsnpr.com:80/equiposstat.asp?t=AR&serie=1,2026-09-08T13:58:52Z,2002-06-14
2002,Capitanes de Arecibo,Serie Regular,7,"Colon, P.",1,8,1,1,0,0,0,2,0,0,0,0,0,1,2,0.0,0.0,single-source,wayback_bsnpr_root,https://web.archive.org/web/20020614065004id_/http://www.bsnpr.com:80/equiposstat.asp?t=AR&serie=1,2026-09-08T13:58:52Z,2002-06-14
2002,Capitanes de Arecibo,Serie Regular,7,"Perez, F.",19,413,53,101,0,1,8,21,103,147,29,11,19,53,114,6.0,0.6,single-source,wayback_bsnpr_root,https://web.archive.org/web/20020614065004id_/http://www.bsnpr.com:80/equiposstat.asp?t=AR&serie=1,2026-09-08T13:58:52Z,2002-06-14
2002,Capitanes de Arecibo,Serie Regular,8,"Calderon, J.",2,3,0,1,0,1,0,0,1,1,1,0,0,0,0,0.0,0.0,single-source,wayback_bsnpr_root,https://web.archive.org/web/20020614065004id_/http://www.bsnpr.com:80/equiposstat.asp?t=AR&serie=1,2026-09-08T13:58:52Z,2002-06-14
2002,Capitanes de Arecibo,Serie Regular,8,"Calderon, Y.",1,1,0,0,0,0,0,0,0,0,0,0,0,0,0,0.0,0.0,single-source,wayback_bsnpr_root,https://web.archive.org/web/20020614065004id_/http://www.bsnpr.com:80/equiposstat.asp?t=AR&serie=1,2026-09-08T13:58:52Z,2002-06-14
2002,Capitanes de Arecibo,Serie Regular,9,"Christian, J.",2,8,1,1,0,0,1,2,2,2,0,1,0,0,3,1.5,1.0,single-source,wayback_bsnpr_root,https://web.archive.org/web/20020614065004id_/http://www.bsnpr.com:80/equiposstat.asp?t=AR&serie=1,2026-09-08T13:58:52Z,2002-06-14
2002,Capitanes de Arecibo,Serie Regular,9,"Morgan, J.",2,28,2,13,0,7,2,2,3,4,2,0,0,1,6,3.75,0.357,single-source,wayback_bsnpr_root,https://web.archive.org/web/20020614065004id_/http://www.bsnpr.com:80/equiposstat.asp?t=AR&serie=1,2026-09-08T13:58:52Z,2002-06-14
2002,Capitanes de Arecibo,Serie Regular,10,"Jimenez, G.",21,423,61,134,8,22,36,61,32,42,50,30,3,41,166,7.9,0.455,single-source,wayback_bsnpr_root,https://web.archive.org/web/20020614065004id_/http://www.bsnpr.com:80/equiposstat.asp?t=AR&serie=1,2026-09-08T13:58:52Z,2002-06-14
2002,Capitanes de Arecibo,Serie Regular,11,"Chiaramello, O.",5,95,17,29,0,0,6,9,17,33,2,5,2,8,40,8.0,0.586,single-source,wayback_bsnpr_root,https://web.archive.org/web/20020614065004id_/http://www.bsnpr.com:80/equiposstat.asp?t=AR&serie=1,2026-09-08T13:58:52Z,2002-06-14
2002,Capitanes de Arecibo,Serie Regular,11,"Lopez, A.",0,0,0,0,0,0,0,0,0,0,0,0,0,0,0,1.33,0.667,single-source,wayback_bsnpr_root,https://web.archive.org/web/20020614065004id_/http://www.bsnpr.com:80/equiposstat.asp?t=AR&serie=1,2026-09-08T13:58:52Z,2002-06-14
2002,Capitanes de Arecibo,Serie Regular,11,"Morgan, J.",5,37,6,13,4,8,2,2,3,3,4,4,0,5,18,3.75,0.357,single-source,wayback_bsnpr_root,https://web.archive.org/web/20020614065004id_/http://www.bsnpr.com:80/equiposstat.asp?t=AR&serie=1,2026-09-08T13:58:52Z,2002-06-14
2002,Capitanes de Arecibo,Serie Regular,12,"Rivera, O.",7,37,0,5,0,2,1,2,3,5,5,3,0,1,1,2.0,1.0,single-source,wayback_bsnpr_root,https://web.archive.org/web/20020614065004id_/http://www.bsnpr.com:80/equiposstat.asp?t=AR&serie=1,2026-09-08T13:58:52Z,2002-06-14
2002,Capitanes de Arecibo,Serie Regular,12,"Thomas, A.",5,137,20,47,0,0,13,19,37,53,5,6,7,9,53,10.6,0.426,single-source,wayback_bsnpr_root,https://web.archive.org/web/20020614065004id_/http://www.bsnpr.com:80/equiposstat.asp?t=AR&serie=1,2026-09-08T13:58:52Z,2002-06-14
2002,Capitanes de Arecibo,Serie Regular,13,"Cruz, R.",18,403,71,134,12,35,63,73,41,55,63,24,0,50,217,12.06,0.53,single-source,wayback_bsnpr_root,https://web.archive.org/web/20020614065004id_/http://www.bsnpr.com:80/equiposstat.asp?t=AR&serie=1,2026-09-08T13:58:52Z,2002-06-14
2002,Capitanes de Arecibo,Serie Regular,13,"Perez, F.",1,15,3,5,0,0,0,0,2,3,2,0,1,4,6,6.0,0.6,single-source,wayback_bsnpr_root,https://web.archive.org/web/20020614065004id_/http://www.bsnpr.com:80/equiposstat.asp?t=AR&serie=1,2026-09-08T13:58:52Z,2002-06-14
2002,Capitanes de Arecibo,Serie Regular,14,"Rolon, J.",21,347,46,98,0,6,20,32,64,102,13,13,4,34,112,5.33,0.469,single-source,wayback_bsnpr_root,https://web.archive.org/web/20020614065004id_/http://www.bsnpr.com:80/equiposstat.asp?t=AR&serie=1,2026-09-08T13:58:52Z,2002-06-14
2002,Capitanes de Arecibo,Serie Regular,15,"Santiago, R.",1,4,0,1,0,1,0,0,0,0,0,0,0,1,0,0.0,0.0,single-source,wayback_bsnpr_root,https://web.archive.org/web/20020614065004id_/http://www.bsnpr.com:80/equiposstat.asp?t=AR&serie=1,2026-09-08T13:58:52Z,2002-06-14
2002,Capitanes de Arecibo,Serie Regular,16,"Dionisio, M.",11,108,7,21,2,11,2,2,2,3,13,5,0,9,18,1.64,0.333,single-source,wayback_bsnpr_root,https://web.archive.org/web/20020614065004id_/http://www.bsnpr.com:80/equiposstat.asp?t=AR&serie=1,2026-09-08T13:58:52Z,2002-06-14
2002,Capitanes de Arecibo,Serie Regular,17,"Colon, P.",6,20,0,3,0,0,0,0,2,3,0,0,0,3,0,0.0,0.0,single-source,wayback_bsnpr_root,https://web.archive.org/web/20020614065004id_/http://www.bsnpr.com:80/equiposstat.asp?t=AR&serie=1,2026-09-08T13:58:52Z,2002-06-14
2002,Capitanes de Arecibo,Serie Regular,18,"Cortes, D.",17,401,60,131,14,45,12,30,27,35,18,19,0,21,146,8.59,0.458,single-source,wayback_bsnpr_root,https://web.archive.org/web/20020614065004id_/http://www.bsnpr.com:80/equiposstat.asp?t=AR&serie=1,2026-09-08T13:58:52Z,2002-06-14
2002,Capitanes de Arecibo,Serie Regular,19,"Apodaca, R.",15,459,84,196,16,60,31,48,38,50,29,25,3,37,215,14.33,0.429,single-source,wayback_bsnpr_root,https://web.archive.org/web/20020614065004id_/http://www.bsnpr.com:80/equiposstat.asp?t=AR&serie=1,2026-09-08T13:58:52Z,2002-06-14
2002,Capitanes de Arecibo,Serie Regular,20,"Lopez, A.",3,16,2,3,0,0,0,0,2,2,0,0,0,2,4,1.33,0.667,single-source,wayback_bsnpr_root,https://web.archive.org/web/20020614065004id_/http://www.bsnpr.com:80/equiposstat.asp?t=AR&serie=1,2026-09-08T13:58:52Z,2002-06-14
2002,Capitanes de Arecibo,Serie Regular,20,"Morgan, J.",4,49,5,14,1,4,4,6,5,9,5,2,0,5,15,3.75,0.357,single-source,wayback_bsnpr_root,https://web.archive.org/web/20020614065004id_/http://www.bsnpr.com:80/equiposstat.asp?t=AR&serie=1,2026-09-08T13:58:52Z,2002-06-14
2002,Capitanes de Arecibo,Serie Regular,20,"Rivera, J.",1,5,1,1,1,1,0,0,0,0,0,0,0,1,3,3.0,1.0,single-source,wayback_bsnpr_root,https://web.archive.org/web/20020614065004id_/http://www.bsnpr.com:80/equiposstat.asp?t=AR&serie=1,2026-09-08T13:58:52Z,2002-06-14
2002,Capitanes de Arecibo,Serie Regular,21,"Howard, S.",16,578,110,224,7,17,103,140,113,163,42,23,9,75,330,20.63,0.491,single-source,wayback_bsnpr_root,https://web.archive.org/web/20020614065004id_/http://www.bsnpr.com:80/equiposstat.asp?t=AR&serie=1,2026-09-08T13:58:52Z,2002-06-14
2002,Capitanes de Arecibo,Serie Regular,21,"Rivera, O.",2,4,2,2,0,0,0,0,2,2,1,0,1,1,4,2.0,1.0,single-source,wayback_bsnpr_root,https://web.archive.org/web/20020614065004id_/http://www.bsnpr.com:80/equiposstat.asp?t=AR&serie=1,2026-09-08T13:58:52Z,2002-06-14
2002,Maratonistas de Coamo,Serie Regular,4,"Diaz, R.",18,199,13,29,6,12,19,21,18,19,27,10,1,25,51,2.83,0.448,single-source,wayback_bsnpr_root,https://web.archive.org/web/20020616012617id_/http://www.bsnpr.com:80/equiposstat.asp?t=CO&serie=1,2026-09-08T13:58:54Z,2002-06-16
2002,Maratonistas de Coamo,Serie Regular,5,"Ortiz, V.",0,0,0,0,0,0,0,0,0,0,0,0,0,0,0,0.0,0.0,single-source,wayback_bsnpr_root,https://web.archive.org/web/20020616012617id_/http://www.bsnpr.com:80/equiposstat.asp?t=CO&serie=1,2026-09-08T13:58:54Z,2002-06-16
2002,Maratonistas de Coamo,Serie Regular,6,"Escalera, C.",18,664,150,316,47,135,78,103,30,43,49,35,3,38,425,23.61,0.475,single-source,wayback_bsnpr_root,https://web.archive.org/web/20020616012617id_/http://www.bsnpr.com:80/equiposstat.asp?t=CO&serie=1,2026-09-08T13:58:54Z,2002-06-16
2002,Maratonistas de Coamo,Serie Regular,7,"Berdiel, M.",17,289,42,85,18,36,17,28,27,35,35,12,0,24,119,7.0,0.494,single-source,wayback_bsnpr_root,https://web.archive.org/web/20020616012617id_/http://www.bsnpr.com:80/equiposstat.asp?t=CO&serie=1,2026-09-08T13:58:54Z,2002-06-16
2002,Maratonistas de Coamo,Serie Regular,8,"Casablanca, F.",6,14,4,12,0,2,0,0,2,4,0,0,0,2,8,1.33,0.333,single-source,wayback_bsnpr_root,https://web.archive.org/web/20020616012617id_/http://www.bsnpr.com:80/equiposstat.asp?t=CO&serie=1,2026-09-08T13:58:54Z,2002-06-16
2002,Maratonistas de Coamo,Serie Regular,9,"Luna, M.",8,28,0,10,0,5,0,2,1,2,3,0,0,1,0,0.0,0.0,single-source,wayback_bsnpr_root,https://web.archive.org/web/20020616012617id_/http://www.bsnpr.com:80/equiposstat.asp?t=CO&serie=1,2026-09-08T13:58:54Z,2002-06-16
2002,Maratonistas de Coamo,Serie Regular,10,"Rivera, F.",16,492,83,170,12,38,27,41,29,49,73,38,4,36,205,12.81,0.488,single-source,wayback_bsnpr_root,https://web.archive.org/web/20020616012617id_/http://www.bsnpr.com:80/equiposstat.asp?t=CO&serie=1,2026-09-08T13:58:54Z,2002-06-16
2002,Maratonistas de Coamo,Serie Regular,11,"Facey, V.",17,165,23,52,2,7,15,27,18,35,4,3,1,13,63,0.0,0.0,single-source,wayback_bsnpr_root,https://web.archive.org/web/20020616012617id_/http://www.bsnpr.com:80/equiposstat.asp?t=CO&serie=1,2026-09-08T13:58:54Z,2002-06-16
2002,Maratonistas de Coamo,Serie Regular,11,"Ortiz, F.",1,20,3,6,1,2,4,7,1,3,0,1,0,3,11,11.0,0.5,single-source,wayback_bsnpr_root,https://web.archive.org/web/20020616012617id_/http://www.bsnpr.com:80/equiposstat.asp?t=CO&serie=1,2026-09-08T13:58:54Z,2002-06-16
2002,Maratonistas de Coamo,Serie Regular,12,"Miller, I.",20,621,81,201,28,73,61,77,63,92,35,28,5,47,251,12.55,0.403,single-source,wayback_bsnpr_root,https://web.archive.org/web/20020616012617id_/http://www.bsnpr.com:80/equiposstat.asp?t=CO&serie=1,2026-09-08T13:58:54Z,2002-06-16
2002,Maratonistas de Coamo,Serie Regular,13,"Wharton, J.",11,76,4,9,0,0,2,5,10,16,3,4,1,9,10,0.91,0.444,single-source,wayback_bsnpr_root,https://web.archive.org/web/20020616012617id_/http://www.bsnpr.com:80/equiposstat.asp?t=CO&serie=1,2026-09-08T13:58:54Z,2002-06-16
2002,Maratonistas de Coamo,Serie Regular,14,"Rivera, R.",20,372,61,132,23,68,28,35,47,67,21,14,6,28,173,8.65,0.462,single-source,wayback_bsnpr_root,https://web.archive.org/web/20020616012617id_/http://www.bsnpr.com:80/equiposstat.asp?t=CO&serie=1,2026-09-08T13:58:54Z,2002-06-16
2002,Maratonistas de Coamo,Serie Regular,15,"Latimer, A.",16,560,95,207,16,54,38,77,67,86,27,16,13,64,244,15.25,0.459,single-source,wayback_bsnpr_root,https://web.archive.org/web/20020616012617id_/http://www.bsnpr.com:80/equiposstat.asp?t=CO&serie=1,2026-09-08T13:58:54Z,2002-06-16
2002,Maratonistas de Coamo,Serie Regular,15,"Myers, G.",1,14,3,3,0,0,0,0,3,5,0,0,0,1,6,6.0,1.0,single-source,wayback_bsnpr_root,https://web.archive.org/web/20020616012617id_/http://www.bsnpr.com:80/equiposstat.asp?t=CO&serie=1,2026-09-08T13:58:54Z,2002-06-16
2002,Maratonistas de Coamo,Serie Regular,16,"Facey, V.",1,6,0,2,0,0,0,0,0,0,0,0,0,1,0,0.0,0.0,single-source,wayback_bsnpr_root,https://web.archive.org/web/20020616012617id_/http://www.bsnpr.com:80/equiposstat.asp?t=CO&serie=1,2026-09-08T13:58:54Z,2002-06-16
2002,Maratonistas de Coamo,Serie Regular,16,"Sweet, A.",2,48,8,21,0,1,6,11,3,9,3,1,0,2,22,11.0,0.381,single-source,wayback_bsnpr_root,https://web.archive.org/web/20020616012617id_/http://www.bsnpr.com:80/equiposstat.asp?t=CO&serie=1,2026-09-08T13:58:54Z,2002-06-16
2002,Maratonistas de Coamo,Serie Regular,17,"Echevarria, A.",4,33,6,11,0,0,0,0,3,3,0,0,1,0,12,3.0,0.545,single-source,wayback_bsnpr_root,https://web.archive.org/web/20020616012617id_/http://www.bsnpr.com:80/equiposstat.asp?t=CO&serie=1,2026-09-08T13:58:54Z,2002-06-16
2002,Maratonistas de Coamo,Serie Regular,17,"Echevarria, T.",1,12,3,5,0,0,0,0,3,4,0,1,0,2,6,6.0,0.6,single-source,wayback_bsnpr_root,https://web.archive.org/web/20020616012617id_/http://www.bsnpr.com:80/equiposstat.asp?t=CO&serie=1,2026-09-08T13:58:54Z,2002-06-16
2002,Maratonistas de Coamo,Serie Regular,18,"Clark, S.",15,554,90,172,0,3,43,60,84,126,36,16,8,56,223,14.87,0.523,single-source,wayback_bsnpr_root,https://web.archive.org/web/20020616012617id_/http://www.bsnpr.com:80/equiposstat.asp?t=CO&serie=1,2026-09-08T13:58:54Z,2002-06-16
2002,Maratonistas de Coamo,Serie Regular,18,"Deen, A.",2,41,2,9,0,0,2,2,7,10,0,1,0,4,6,3.0,0.222,single-source,wayback_bsnpr_root,https://web.archive.org/web/20020616012617id_/http://www.bsnpr.com:80/equiposstat.asp?t=CO&serie=1,2026-09-08T13:58:54Z,2002-06-16
2002,Maratonistas de Coamo,Serie Regular,18,"Watkins, J.",5,145,32,47,0,1,2,3,25,55,8,6,11,11,66,13.2,0.681,single-source,wayback_bsnpr_root,https://web.archive.org/web/20020616012617id_/http://www.bsnpr.com:80/equiposstat.asp?t=CO&serie=1,2026-09-08T13:58:54Z,2002-06-16
2002,Maratonistas de Coamo,Serie Regular,20,"Carmona, A.",15,83,14,28,3,5,8,13,7,13,3,5,0,10,39,2.6,0.5,single-source,wayback_bsnpr_root,https://web.archive.org/web/20020616012617id_/http://www.bsnpr.com:80/equiposstat.asp?t=CO&serie=1,2026-09-08T13:58:54Z,2002-06-16
2002,Maratonistas de Coamo,Serie Regular,44,"Casablanca, F.",3,14,1,3,0,1,2,4,2,2,0,0,0,2,4,1.33,0.333,single-source,wayback_bsnpr_root,https://web.archive.org/web/20020616012617id_/http://www.bsnpr.com:80/equiposstat.asp?t=CO&serie=1,2026-09-08T13:58:54Z,2002-06-16
2002,Gallitos de Isabela,Serie Regular,1,"Muniz, A.",8,17,2,4,0,1,8,12,4,6,0,1,1,3,12,0.0,0.0,single-source,wayback_bsnpr_root,https://web.archive.org/web/20020703145035id_/http://www.bsnpr.com:80/equiposstat.asp?t=IS++++++++&serie=1,2026-09-08T13:59:23Z,2002-07-03
2002,Gallitos de Isabela,Serie Regular,1,"Salgado, G.",5,53,6,19,0,4,2,4,6,8,1,1,0,6,14,1.25,0.182,single-source,wayback_bsnpr_root,https://web.archive.org/web/20020703145035id_/http://www.bsnpr.com:80/equiposstat.asp?t=IS++++++++&serie=1,2026-09-08T13:59:23Z,2002-07-03
2002,Gallitos de Isabela,Serie Regular,4,"Soler, J.",12,94,16,41,7,22,4,6,5,11,4,8,2,6,43,3.58,0.39,single-source,wayback_bsnpr_root,https://web.archive.org/web/20020703145035id_/http://www.bsnpr.com:80/equiposstat.asp?t=IS++++++++&serie=1,2026-09-08T13:59:23Z,2002-07-03
2002,Gallitos de Isabela,Serie Regular,8,"Colon, E.",17,68,6,14,0,0,4,6,8,9,2,2,0,5,16,0.94,0.429,single-source,wayback_bsnpr_root,https://web.archive.org/web/20020703145035id_/http://www.bsnpr.com:80/equiposstat.asp?t=IS++++++++&serie=1,2026-09-08T13:59:23Z,2002-07-03
2002,Gallitos de Isabela,Serie Regular,10,"Santos, X.",14,64,4,20,2,12,7,8,4,5,4,1,0,5,17,1.21,0.2,single-source,wayback_bsnpr_root,https://web.archive.org/web/20020703145035id_/http://www.bsnpr.com:80/equiposstat.asp?t=IS++++++++&serie=1,2026-09-08T13:59:23Z,2002-07-03
2002,Gallitos de Isabela,Serie Regular,11,"Quinonez, J.",24,790,129,301,48,127,56,68,54,93,77,42,0,51,362,15.08,0.429,single-source,wayback_bsnpr_root,https://web.archive.org/web/20020703145035id_/http://www.bsnpr.com:80/equiposstat.asp?t=IS++++++++&serie=1,2026-09-08T13:59:23Z,2002-07-03
2002,Gallitos de Isabela,Serie Regular,12,"Rivera, C.",18,604,56,179,32,101,21,29,49,60,78,18,0,39,165,9.17,0.313,single-source,wayback_bsnpr_root,https://web.archive.org/web/20020703145035id_/http://www.bsnpr.com:80/equiposstat.asp?t=IS++++++++&serie=1,2026-09-08T13:59:23Z,2002-07-03
2002,Gallitos de Isabela,Serie Regular,14,"Alamo, O.",9,99,14,28,0,0,8,13,18,21,5,5,16,16,36,4.0,0.5,single-source,wayback_bsnpr_root,https://web.archive.org/web/20020703145035id_/http://www.bsnpr.com:80/equiposstat.asp?t=IS++++++++&serie=1,2026-09-08T13:59:23Z,2002-07-03
2002,Gallitos de Isabela,Serie Regular,14,"Alicea, P.",13,436,45,141,33,108,25,31,34,44,64,8,0,40,148,11.38,0.319,single-source,wayback_bsnpr_root,https://web.archive.org/web/20020703145035id_/http://www.bsnpr.com:80/equiposstat.asp?t=IS++++++++&serie=1,2026-09-08T13:59:23Z,2002-07-03
2002,Gallitos de Isabela,Serie Regular,14,"Falu, A.",1,28,2,14,0,3,1,2,0,1,1,0,0,1,5,0.0,0.0,single-source,wayback_bsnpr_root,https://web.archive.org/web/20020703145035id_/http://www.bsnpr.com:80/equiposstat.asp?t=IS++++++++&serie=1,2026-09-08T13:59:23Z,2002-07-03
2002,Gallitos de Isabela,Serie Regular,15,"Crispin, N.",11,34,6,15,0,1,2,2,3,9,2,1,1,6,14,1.27,0.4,single-source,wayback_bsnpr_root,https://web.archive.org/web/20020703145035id_/http://www.bsnpr.com:80/equiposstat.asp?t=IS++++++++&serie=1,2026-09-08T13:59:23Z,2002-07-03
2002,Gallitos de Isabela,Serie Regular,18,"Rosario, J.",26,940,210,448,4,21,84,103,160,241,32,15,2,72,508,19.54,0.469,single-source,wayback_bsnpr_root,https://web.archive.org/web/20020703145035id_/http://www.bsnpr.com:80/equiposstat.asp?t=IS++++++++&serie=1,2026-09-08T13:59:23Z,2002-07-03
2002,Gallitos de Isabela,Serie Regular,23,"Falu, A.",0,0,0,0,0,0,0,0,0,0,0,0,0,0,0,0.0,0.0,single-source,wayback_bsnpr_root,https://web.archive.org/web/20020703145035id_/http://www.bsnpr.com:80/equiposstat.asp?t=IS++++++++&serie=1,2026-09-08T13:59:23Z,2002-07-03
2002,Gallitos de Isabela,Serie Regular,30,"Martinez, H.",23,210,19,50,2,16,11,21,13,16,26,7,1,17,51,2.22,0.38,single-source,wayback_bsnpr_root,https://web.archive.org/web/20020703145035id_/http://www.bsnpr.com:80/equiposstat.asp?t=IS++++++++&serie=1,2026-09-08T13:59:23Z,2002-07-03
2002,Gallitos de Isabela,Serie Regular,31,"Muniz, A.",2,2,0,2,0,0,0,0,0,1,0,1,0,0,0,0.0,0.0,single-source,wayback_bsnpr_root,https://web.archive.org/web/20020703145035id_/http://www.bsnpr.com:80/equiposstat.asp?t=IS++++++++&serie=1,2026-09-08T13:59:23Z,2002-07-03
2002,Gallitos de Isabela,Serie Regular,31,"Plummer, K.",6,59,4,9,0,0,3,9,8,13,4,0,0,6,11,1.83,0.444,single-source,wayback_bsnpr_root,https://web.archive.org/web/20020703145035id_/http://www.bsnpr.com:80/equiposstat.asp?t=IS++++++++&serie=1,2026-09-08T13:59:23Z,2002-07-03
2002,Gallitos de Isabela,Serie Regular,31,"Salgado, G.",4,39,2,11,1,3,0,0,7,10,1,4,0,4,5,1.25,0.182,single-source,wayback_bsnpr_root,https://web.archive.org/web/20020703145035id_/http://www.bsnpr.com:80/equiposstat.asp?t=IS++++++++&serie=1,2026-09-08T13:59:23Z,2002-07-03
2002,Gallitos de Isabela,Serie Regular,32,"Machado, A.",0,0,0,0,0,0,0,0,0,0,0,0,0,0,0,5.0,0.324,single-source,wayback_bsnpr_root,https://web.archive.org/web/20020703145035id_/http://www.bsnpr.com:80/equiposstat.asp?t=IS++++++++&serie=1,2026-09-08T13:59:23Z,2002-07-03
2002,Gallitos de Isabela,Serie Regular,32,"Vazquez, D.",24,763,96,206,42,107,54,73,71,108,48,24,36,77,288,12.0,0.466,single-source,wayback_bsnpr_root,https://web.archive.org/web/20020703145035id_/http://www.bsnpr.com:80/equiposstat.asp?t=IS++++++++&serie=1,2026-09-08T13:59:23Z,2002-07-03
2002,Gallitos de Isabela,Serie Regular,32,"Vazquez, J.",1,30,3,6,2,4,1,2,1,2,1,1,0,2,9,9.0,0.5,single-source,wayback_bsnpr_root,https://web.archive.org/web/20020703145035id_/http://www.bsnpr.com:80/equiposstat.asp?t=IS++++++++&serie=1,2026-09-08T13:59:23Z,2002-07-03
2002,Gallitos de Isabela,Serie Regular,33,"Machado, A.",6,108,11,34,6,23,2,2,18,25,10,5,1,14,30,5.0,0.324,single-source,wayback_bsnpr_root,https://web.archive.org/web/20020703145035id_/http://www.bsnpr.com:80/equiposstat.asp?t=IS++++++++&serie=1,2026-09-08T13:59:23Z,2002-07-03
2002,Gallitos de Isabela,Serie Regular,33,"Paniagua, A.",11,288,36,84,2,25,7,10,38,54,14,19,3,11,81,7.36,0.429,single-source,wayback_bsnpr_root,https://web.archive.org/web/20020703145035id_/http://www.bsnpr.com:80/equiposstat.asp?t=IS++++++++&serie=1,2026-09-08T13:59:23Z,2002-07-03
2002,Gallitos de Isabela,Serie Regular,42,"Figueroa, A.",0,0,0,0,0,0,0,0,0,0,0,0,0,0,0,0.0,0.0,single-source,wayback_bsnpr_root,https://web.archive.org/web/20020703145035id_/http://www.bsnpr.com:80/equiposstat.asp?t=IS++++++++&serie=1,2026-09-08T13:59:23Z,2002-07-03
2002,Gallitos de Isabela,Serie Regular,44,"Myers, G.",21,237,22,43,0,0,7,15,55,83,9,4,4,16,51,2.43,0.512,single-source,wayback_bsnpr_root,https://web.archive.org/web/20020703145035id_/http://www.bsnpr.com:80/equiposstat.asp?t=IS++++++++&serie=1,2026-09-08T13:59:23Z,2002-07-03
2002,Gallitos de Isabela,Serie Regular,45,"Jackson, R.",7,259,38,97,13,36,24,36,52,63,16,6,22,24,113,16.14,0.392,single-source,wayback_bsnpr_root,https://web.archive.org/web/20020703145035id_/http://www.bsnpr.com:80/equiposstat.asp?t=IS++++++++&serie=1,2026-09-08T13:59:23Z,2002-07-03
2002,Gallitos de Isabela,Serie Regular,45,"Simms, W.",23,828,166,312,9,36,111,144,109,168,64,27,16,71,452,19.65,0.532,single-source,wayback_bsnpr_root,https://web.archive.org/web/20020703145035id_/http://www.bsnpr.com:80/equiposstat.asp?t=IS++++++++&serie=1,2026-09-08T13:59:23Z,2002-07-03
2003,Leones de Ponce,Serie Regular,4,"Colon, J.",1,37,2,10,1,4,5,6,4,4,2,2,0,6,10,10.0,0.2,single-source,wayback_bsnpr_root,https://web.archive.org/web/20030425231339id_/http://bsnpr.com:80/equiposstat.asp?t=PO&serie=1,2026-09-08T14:02:17Z,2003-04-25
2003,Leones de Ponce,Serie Regular,5,"Casiano, E.",1,30,4,16,1,9,0,0,0,0,0,0,1,2,9,9.0,0.25,single-source,wayback_bsnpr_root,https://web.archive.org/web/20030425231339id_/http://bsnpr.com:80/equiposstat.asp?t=PO&serie=1,2026-09-08T14:02:17Z,2003-04-25
2003,Leones de Ponce,Serie Regular,7,"Soto, E.",1,13,1,1,0,0,0,0,3,3,1,0,0,3,2,2.0,1.0,single-source,wayback_bsnpr_root,https://web.archive.org/web/20030425231339id_/http://bsnpr.com:80/equiposstat.asp?t=PO&serie=1,2026-09-08T14:02:17Z,2003-04-25
2003,Leones de Ponce,Serie Regular,10,"Hatton, B.",1,29,4,11,0,3,2,2,1,5,2,1,0,0,10,10.0,0.364,single-source,wayback_bsnpr_root,https://web.archive.org/web/20030425231339id_/http://bsnpr.com:80/equiposstat.asp?t=PO&serie=1,2026-09-08T14:02:17Z,2003-04-25
2003,Leones de Ponce,Serie Regular,11,"Arrufat, E.",0,0,0,0,0,0,0,0,0,0,0,0,0,0,0,0.0,0.0,single-source,wayback_bsnpr_root,https://web.archive.org/web/20030425231339id_/http://bsnpr.com:80/equiposstat.asp?t=PO&serie=1,2026-09-08T14:02:17Z,2003-04-25
2003,Leones de Ponce,Serie Regular,12,"Caanen, W.",1,6,0,1,0,1,0,0,0,0,0,0,0,0,0,0.0,0.0,single-source,wayback_bsnpr_root,https://web.archive.org/web/20030425231339id_/http://bsnpr.com:80/equiposstat.asp?t=PO&serie=1,2026-09-08T14:02:17Z,2003-04-25
2003,Leones de Ponce,Serie Regular,13,"Alomar, C.",0,0,0,0,0,0,0,0,0,0,0,0,0,0,0,0.0,0.0,single-source,wayback_bsnpr_root,https://web.archive.org/web/20030425231339id_/http://bsnpr.com:80/equiposstat.asp?t=PO&serie=1,2026-09-08T14:02:17Z,2003-04-25
2003,Leones de Ponce,Serie Regular,15,"Colon, G.",0,0,0,0,0,0,0,0,0,0,0,0,0,0,0,0.0,0.0,single-source,wayback_bsnpr_root,https://web.archive.org/web/20030425231339id_/http://bsnpr.com:80/equiposstat.asp?t=PO&serie=1,2026-09-08T14:02:17Z,2003-04-25
2003,Leones de Ponce,Serie Regular,16,"Vega, O.",1,22,5,14,0,2,3,6,6,10,0,0,0,0,13,13.0,0.357,single-source,wayback_bsnpr_root,https://web.archive.org/web/20030425231339id_/http://bsnpr.com:80/equiposstat.asp?t=PO&serie=1,2026-09-08T14:02:17Z,2003-04-25
2003,Leones de Ponce,Serie Regular,17,"Martinez, F.",0,0,0,0,0,0,0,0,0,0,0,0,0,0,0,0.0,0.0,single-source,wayback_bsnpr_root,https://web.archive.org/web/20030425231339id_/http://bsnpr.com:80/equiposstat.asp?t=PO&serie=1,2026-09-08T14:02:17Z,2003-04-25
2003,Leones de Ponce,Serie Regular,24,"Jourdon, K.",1,25,2,7,0,1,2,3,7,11,2,1,0,4,6,6.0,0.286,single-source,wayback_bsnpr_root,https://web.archive.org/web/20030425231339id_/http://bsnpr.com:80/equiposstat.asp?t=PO&serie=1,2026-09-08T14:02:17Z,2003-04-25
2003,Leones de Ponce,Serie Regular,25,"Ricardo, O.",1,23,3,5,0,0,0,0,6,9,1,0,2,4,6,6.0,0.6,single-source,wayback_bsnpr_root,https://web.archive.org/web/20030425231339id_/http://bsnpr.com:80/equiposstat.asp?t=PO&serie=1,2026-09-08T14:02:17Z,2003-04-25
2003,Leones de Ponce,Serie Regular,33,"Lazor, R.",1,40,8,19,2,7,1,4,8,11,0,0,1,3,19,19.0,0.421,single-source,wayback_bsnpr_root,https://web.archive.org/web/20030425231339id_/http://bsnpr.com:80/equiposstat.asp?t=PO&serie=1,2026-09-08T14:02:17Z,2003-04-25
2003,Cangrejeros de Santurce,Serie Regular,4,"Ortiz, J.",16,437,96,210,7,22,26,56,109,138,58,12,24,45,225,14.06,0.457,single-source,wayback_bsnpr_root,https://web.archive.org/web/20030425231941id_/http://bsnpr.com:80/equiposstat.asp?t=SA&serie=1,2026-09-08T14:02:37Z,2003-04-25
2003,Cangrejeros de Santurce,Serie Regular,5,"Santiago, O.",23,790,152,320,78,192,38,44,53,76,119,38,3,40,420,18.26,0.475,single-source,wayback_bsnpr_root,https://web.archive.org/web/20030425231941id_/http://bsnpr.com:80/equiposstat.asp?t=SA&serie=1,2026-09-08T14:02:37Z,2003-04-25
2003,Cangrejeros de Santurce,Serie Regular,6,"Casado, G.",16,100,14,42,2,6,1,3,11,13,17,8,0,16,31,1.94,0.333,single-source,wayback_bsnpr_root,https://web.archive.org/web/20030425231941id_/http://bsnpr.com:80/equiposstat.asp?t=SA&serie=1,2026-09-08T14:02:37Z,2003-04-25
2003,Cangrejeros de Santurce,Serie Regular,7,"Arroyo, C.",1,30,7,17,0,1,0,0,3,5,8,1,0,4,14,14.0,0.412,single-source,wayback_bsnpr_root,https://web.archive.org/web/20030425231941id_/http://bsnpr.com:80/equiposstat.asp?t=SA&serie=1,2026-09-08T14:02:37Z,2003-04-25
2003,Cangrejeros de Santurce,Serie Regular,9,"Rodriguez, E.",23,302,31,90,14,46,2,7,28,39,18,23,2,14,78,3.39,0.344,single-source,wayback_bsnpr_root,https://web.archive.org/web/20030425231941id_/http://bsnpr.com:80/equiposstat.asp?t=SA&serie=1,2026-09-08T14:02:37Z,2003-04-25
2003,Cangrejeros de Santurce,Serie Regular,10,"Arroyo, A.",11,62,5,18,1,5,6,10,6,10,14,3,0,6,17,1.55,0.278,single-source,wayback_bsnpr_root,https://web.archive.org/web/20030425231941id_/http://bsnpr.com:80/equiposstat.asp?t=SA&serie=1,2026-09-08T14:02:37Z,2003-04-25
2003,Cangrejeros de Santurce,Serie Regular,11,"Rosa, F.",10,39,8,13,0,0,2,7,3,8,0,2,2,2,18,1.8,0.615,single-source,wayback_bsnpr_root,https://web.archive.org/web/20030425231941id_/http://bsnpr.com:80/equiposstat.asp?t=SA&serie=1,2026-09-08T14:02:37Z,2003-04-25
2003,Cangrejeros de Santurce,Serie Regular,12,"Hourrutunier, R.",15,268,46,79,11,26,9,13,24,34,30,9,1,30,112,7.47,0.582,single-source,wayback_bsnpr_root,https://web.archive.org/web/20030425231941id_/http://bsnpr.com:80/equiposstat.asp?t=SA&serie=1,2026-09-08T14:02:37Z,2003-04-25
2003,Cangrejeros de Santurce,Serie Regular,14,"Voce, G.",16,170,16,51,2,8,8,11,39,51,1,5,1,12,42,2.63,0.314,single-source,wayback_bsnpr_root,https://web.archive.org/web/20030425231941id_/http://bsnpr.com:80/equiposstat.asp?t=SA&serie=1,2026-09-08T14:02:37Z,2003-04-25
2003,Cangrejeros de Santurce,Serie Regular,17,"Wilson, M.",23,773,172,332,42,103,65,76,133,192,59,39,6,65,451,19.61,0.518,single-source,wayback_bsnpr_root,https://web.archive.org/web/20030425231941id_/http://bsnpr.com:80/equiposstat.asp?t=SA&serie=1,2026-09-08T14:02:37Z,2003-04-25
2003,Cangrejeros de Santurce,Serie Regular,21,"Padilla, E.",23,628,83,193,7,29,25,43,55,61,121,57,4,51,198,8.61,0.43,single-source,wayback_bsnpr_root,https://web.archive.org/web/20030425231941id_/http://bsnpr.com:80/equiposstat.asp?t=SA&serie=1,2026-09-08T14:02:37Z,2003-04-25
2003,Cangrejeros de Santurce,Serie Regular,23,"Garcia, E.",2,7,1,3,1,2,1,4,0,1,1,1,0,0,4,6.0,0.444,single-source,wayback_bsnpr_root,https://web.archive.org/web/20030425231941id_/http://bsnpr.com:80/equiposstat.asp?t=SA&serie=1,2026-09-08T14:02:37Z,2003-04-25
2003,Cangrejeros de Santurce,Serie Regular,33,"Falcon, A.",16,320,55,108,0,4,37,57,56,81,22,8,1,28,147,9.19,0.509,single-source,wayback_bsnpr_root,https://web.archive.org/web/20030425231941id_/http://bsnpr.com:80/equiposstat.asp?t=SA&serie=1,2026-09-08T14:02:37Z,2003-04-25
2003,Cangrejeros de Santurce,Serie Regular,42,"Aubry, J.",22,613,108,172,0,0,27,55,122,197,12,9,47,39,243,8.0,0.571,single-source,wayback_bsnpr_root,https://web.archive.org/web/20030425231941id_/http://bsnpr.com:80/equiposstat.asp?t=SA&serie=1,2026-09-08T14:02:37Z,2003-04-25
2003,Cangrejeros de Santurce,Serie Regular,44,"Aubry, J.",1,15,4,7,0,0,0,1,3,6,1,0,0,2,8,8.0,0.571,single-source,wayback_bsnpr_root,https://web.archive.org/web/20030425231941id_/http://bsnpr.com:80/equiposstat.asp?t=SA&serie=1,2026-09-08T14:02:37Z,2003-04-25
2003,Cangrejeros de Santurce,Serie Regular,44,"Garcia, E.",2,19,4,9,2,5,2,2,1,1,2,2,0,1,12,6.0,0.444,single-source,wayback_bsnpr_root,https://web.archive.org/web/20030425231941id_/http://bsnpr.com:80/equiposstat.asp?t=SA&serie=1,2026-09-08T14:02:37Z,2003-04-25
2003,Cangrejeros de Santurce,Serie Regular,55,"Marrero, M.",7,27,8,13,0,0,0,0,3,10,0,0,1,6,16,2.29,0.615,single-source,wayback_bsnpr_root,https://web.archive.org/web/20030425231941id_/http://bsnpr.com:80/equiposstat.asp?t=SA&serie=1,2026-09-08T14:02:37Z,2003-04-25
2003,Maratonistas de Coamo,Serie Regular,0,"Richards, J.",1,28,5,8,0,0,1,2,1,3,2,0,4,4,11,11.0,0.625,single-source,wayback_bsnpr_root,https://web.archive.org/web/20030425233141id_/http://bsnpr.com:80/equiposstat.asp?t=CO&serie=1,2026-09-08T14:03:10Z,2003-04-25
2003,Maratonistas de Coamo,Serie Regular,1,"Ortiz, I.",0,0,0,0,0,0,0,0,0,0,0,0,0,0,0,0.0,0.0,single-source,wayback_bsnpr_root,https://web.archive.org/web/20030425233141id_/http://bsnpr.com:80/equiposstat.asp?t=CO&serie=1,2026-09-08T14:03:10Z,2003-04-25
2003,Maratonistas de Coamo,Serie Regular,4,"Rosas, S.",1,1,0,0,0,0,0,0,0,0,0,0,0,0,0,0.0,0.0,single-source,wayback_bsnpr_root,https://web.archive.org/web/20030425233141id_/http://bsnpr.com:80/equiposstat.asp?t=CO&serie=1,2026-09-08T14:03:10Z,2003-04-25
2003,Maratonistas de Coamo,Serie Regular,5,"Borges, D.",1,8,0,3,0,2,0,0,0,0,0,1,0,1,0,0.0,0.0,single-source,wayback_bsnpr_root,https://web.archive.org/web/20030425233141id_/http://bsnpr.com:80/equiposstat.asp?t=CO&serie=1,2026-09-08T14:03:10Z,2003-04-25
2003,Maratonistas de Coamo,Serie Regular,6,"Escalera, C.",1,39,8,15,1,5,10,10,3,3,4,1,0,5,27,27.0,0.533,single-source,wayback_bsnpr_root,https://web.archive.org/web/20030425233141id_/http://bsnpr.com:80/equiposstat.asp?t=CO&serie=1,2026-09-08T14:03:10Z,2003-04-25
2003,Maratonistas de Coamo,Serie Regular,7,"Rivera, P.",0,0,0,0,0,0,0,0,0,0,0,0,0,0,0,0.0,0.0,single-source,wayback_bsnpr_root,https://web.archive.org/web/20030425233141id_/http://bsnpr.com:80/equiposstat.asp?t=CO&serie=1,2026-09-08T14:03:10Z,2003-04-25
2003,Maratonistas de Coamo,Serie Regular,8,"Farmer, A.",1,36,2,11,1,6,3,3,6,7,1,0,0,2,8,8.0,0.182,single-source,wayback_bsnpr_root,https://web.archive.org/web/20030425233141id_/http://bsnpr.com:80/equiposstat.asp?t=CO&serie=1,2026-09-08T14:03:10Z,2003-04-25
2003,Maratonistas de Coamo,Serie Regular,9,"Caraballo, J.",1,20,5,7,1,3,1,2,2,2,3,0,0,1,12,12.0,0.714,single-source,wayback_bsnpr_root,https://web.archive.org/web/20030425233141id_/http://bsnpr.com:80/equiposstat.asp?t=CO&serie=1,2026-09-08T14:03:10Z,2003-04-25
2003,Maratonistas de Coamo,Serie Regular,10,"Laguer, A.",1,1,1,2,1,1,0,0,0,0,0,0,0,0,3,3.0,0.5,single-source,wayback_bsnpr_root,https://web.archive.org/web/20030425233141id_/http://bsnpr.com:80/equiposstat.asp?t=CO&serie=1,2026-09-08T14:03:10Z,2003-04-25
2003,Maratonistas de Coamo,Serie Regular,11,"Ortiz, F.",1,28,6,11,2,5,3,5,1,2,1,2,0,1,17,17.0,0.545,single-source,wayback_bsnpr_root,https://web.archive.org/web/20030425233141id_/http://bsnpr.com:80/equiposstat.asp?t=CO&serie=1,2026-09-08T14:03:10Z,2003-04-25
2003,Maratonistas de Coamo,Serie Regular,12,"Miller, I.",1,11,2,3,0,0,0,2,1,1,0,0,0,0,4,4.0,0.667,single-source,wayback_bsnpr_root,https://web.archive.org/web/20030425233141id_/http://bsnpr.com:80/equiposstat.asp?t=CO&serie=1,2026-09-08T14:03:10Z,2003-04-25
2003,Maratonistas de Coamo,Serie Regular,13,"Facey, V.",1,2,0,1,0,0,0,0,0,0,0,0,0,0,0,0.0,0.0,single-source,wayback_bsnpr_root,https://web.archive.org/web/20030425233141id_/http://bsnpr.com:80/equiposstat.asp?t=CO&serie=1,2026-09-08T14:03:10Z,2003-04-25
2003,Maratonistas de Coamo,Serie Regular,15,"Myers, G.",1,6,0,1,0,0,0,0,1,1,0,1,0,1,0,0.0,0.0,single-source,wayback_bsnpr_root,https://web.archive.org/web/20030425233141id_/http://bsnpr.com:80/equiposstat.asp?t=CO&serie=1,2026-09-08T14:03:10Z,2003-04-25
2003,Maratonistas de Coamo,Serie Regular,18,"Bailey, C.",1,19,2,3,0,0,1,2,1,1,2,3,0,0,5,5.0,0.667,single-source,wayback_bsnpr_root,https://web.archive.org/web/20030425233141id_/http://bsnpr.com:80/equiposstat.asp?t=CO&serie=1,2026-09-08T14:03:10Z,2003-04-25
2003,Maratonistas de Coamo,Serie Regular,44,"Casablanca, F.",1,1,1,1,1,1,0,0,0,0,0,0,0,0,3,3.0,1.0,single-source,wayback_bsnpr_root,https://web.archive.org/web/20030425233141id_/http://bsnpr.com:80/equiposstat.asp?t=CO&serie=1,2026-09-08T14:03:10Z,2003-04-25
2003,Titanes de Morovis,Serie Regular,4,"De Jesus, A.",14,429,50,124,23,61,19,30,20,29,59,19,3,31,142,10.14,0.403,single-source,wayback_bsnpr_root,https://web.archive.org/web/20030610081322id_/http://bsnpr.com:80/equiposstat.asp?t=MO,2026-09-08T14:03:35Z,2003-06-10
2003,Titanes de Morovis,Serie Regular,4,"Lopez, A.",3,95,17,37,1,4,11,13,5,6,14,3,0,14,46,15.33,0.459,single-source,wayback_bsnpr_root,https://web.archive.org/web/20030610081322id_/http://bsnpr.com:80/equiposstat.asp?t=MO,2026-09-08T14:03:35Z,2003-06-10
2003,Titanes de Morovis,Serie Regular,4,"Lopez, M.",3,109,16,42,2,5,6,9,5,8,23,2,0,8,40,13.33,0.381,single-source,wayback_bsnpr_root,https://web.archive.org/web/20030610081322id_/http://bsnpr.com:80/equiposstat.asp?t=MO,2026-09-08T14:03:35Z,2003-06-10
2003,Titanes de Morovis,Serie Regular,5,"Nieves, I.",8,33,1,12,0,9,0,0,2,3,4,0,0,0,2,0.25,0.083,single-source,wayback_bsnpr_root,https://web.archive.org/web/20030610081322id_/http://bsnpr.com:80/equiposstat.asp?t=MO,2026-09-08T14:03:35Z,2003-06-10
2003,Titanes de Morovis,Serie Regular,6,"Liriano, A.",22,224,27,75,3,17,13,22,18,38,5,6,9,20,70,3.18,0.36,single-source,wayback_bsnpr_root,https://web.archive.org/web/20030610081322id_/http://bsnpr.com:80/equiposstat.asp?t=MO,2026-09-08T14:03:35Z,2003-06-10
2003,Titanes de Morovis,Serie Regular,8,"Rivera, J.",3,9,2,5,1,4,0,2,1,1,1,1,0,1,5,1.67,0.4,single-source,wayback_bsnpr_root,https://web.archive.org/web/20030610081322id_/http://bsnpr.com:80/equiposstat.asp?t=MO,2026-09-08T14:03:35Z,2003-06-10
2003,Titanes de Morovis,Serie Regular,9,"Butler Jr., M.",4,9,1,1,1,1,0,0,0,0,1,0,0,1,3,0.75,1.0,single-source,wayback_bsnpr_root,https://web.archive.org/web/20030610081322id_/http://bsnpr.com:80/equiposstat.asp?t=MO,2026-09-08T14:03:35Z,2003-06-10
2003,Titanes de Morovis,Serie Regular,10,"Pagan, W.",16,587,100,234,28,75,73,92,49,57,95,21,2,41,301,18.81,0.427,single-source,wayback_bsnpr_root,https://web.archive.org/web/20030610081322id_/http://bsnpr.com:80/equiposstat.asp?t=MO,2026-09-08T14:03:35Z,2003-06-10
2003,Titanes de Morovis,Serie Regular,11,"Carrasquillo, A.",3,76,4,10,1,2,1,2,17,21,2,3,2,3,10,3.33,0.4,single-source,wayback_bsnpr_root,https://web.archive.org/web/20030610081322id_/http://bsnpr.com:80/equiposstat.asp?t=MO,2026-09-08T14:03:35Z,2003-06-10
2003,Titanes de Morovis,Serie Regular,11,"Febres, A.",1,13,2,4,0,0,1,3,0,0,0,0,0,1,5,5.0,0.5,single-source,wayback_bsnpr_root,https://web.archive.org/web/20030610081322id_/http://bsnpr.com:80/equiposstat.asp?t=MO,2026-09-08T14:03:35Z,2003-06-10
2003,Titanes de Morovis,Serie Regular,11,"Johnson, R.",12,117,17,54,5,19,9,13,9,14,8,7,0,13,48,4.0,0.315,single-source,wayback_bsnpr_root,https://web.archive.org/web/20030610081322id_/http://bsnpr.com:80/equiposstat.asp?t=MO,2026-09-08T14:03:35Z,2003-06-10
2003,Titanes de Morovis,Serie Regular,11,"Narvaez, M.",6,150,27,63,0,0,9,18,30,50,3,1,2,13,63,10.5,0.429,single-source,wayback_bsnpr_root,https://web.archive.org/web/20030610081322id_/http://bsnpr.com:80/equiposstat.asp?t=MO,2026-09-08T14:03:35Z,2003-06-10
2003,Titanes de Morovis,Serie Regular,12,"Corales, E.",1,2,0,0,0,0,0,0,0,0,0,0,0,0,0,0.0,0.0,single-source,wayback_bsnpr_root,https://web.archive.org/web/20030610081322id_/http://bsnpr.com:80/equiposstat.asp?t=MO,2026-09-08T14:03:35Z,2003-06-10
2003,Titanes de Morovis,Serie Regular,12,"Morales, E.",17,220,26,59,7,27,11,21,15,18,30,12,1,19,70,4.12,0.441,single-source,wayback_bsnpr_root,https://web.archive.org/web/20030610081322id_/http://bsnpr.com:80/equiposstat.asp?t=MO,2026-09-08T14:03:35Z,2003-06-10
2003,Titanes de Morovis,Serie Regular,13,"Vega, C.",15,292,46,109,11,41,15,22,13,24,14,12,1,25,118,7.87,0.422,single-source,wayback_bsnpr_root,https://web.archive.org/web/20030610081322id_/http://bsnpr.com:80/equiposstat.asp?t=MO,2026-09-08T14:03:35Z,2003-06-10
2003,Titanes de Morovis,Serie Regular,15,"Butler, M.",23,309,41,96,4,18,18,24,54,92,8,4,1,19,104,4.52,0.427,single-source,wayback_bsnpr_root,https://web.archive.org/web/20030610081322id_/http://bsnpr.com:80/equiposstat.asp?t=MO,2026-09-08T14:03:35Z,2003-06-10
2003,Titanes de Morovis,Serie Regular,16,"Brow, F.",8,41,5,7,0,0,0,0,0,3,0,0,1,5,10,1.25,0.714,single-source,wayback_bsnpr_root,https://web.archive.org/web/20030610081322id_/http://bsnpr.com:80/equiposstat.asp?t=MO,2026-09-08T14:03:35Z,2003-06-10
2003,Titanes de Morovis,Serie Regular,20,"Nieves, R.",0,0,0,0,0,0,0,0,0,0,0,0,0,0,0,0.0,0.0,single-source,wayback_bsnpr_root,https://web.archive.org/web/20030610081322id_/http://bsnpr.com:80/equiposstat.asp?t=MO,2026-09-08T14:03:35Z,2003-06-10
2003,Titanes de Morovis,Serie Regular,21,"Collazo, C.",16,109,8,22,0,0,6,8,17,29,3,2,1,10,22,1.38,0.364,single-source,wayback_bsnpr_root,https://web.archive.org/web/20030610081322id_/http://bsnpr.com:80/equiposstat.asp?t=MO,2026-09-08T14:03:35Z,2003-06-10
2003,Titanes de Morovis,Serie Regular,33,"Mendez, M.",20,178,19,43,0,0,9,11,28,47,5,5,4,19,47,2.35,0.442,single-source,wayback_bsnpr_root,https://web.archive.org/web/20030610081322id_/http://bsnpr.com:80/equiposstat.asp?t=MO,2026-09-08T14:03:35Z,2003-06-10
2003,Titanes de Morovis,Serie Regular,44,"Daily, K.",23,771,154,357,52,140,46,59,60,104,45,24,11,58,406,17.65,0.431,single-source,wayback_bsnpr_root,https://web.archive.org/web/20030610081322id_/http://bsnpr.com:80/equiposstat.asp?t=MO,2026-09-08T14:03:35Z,2003-06-10
2003,Titanes de Morovis,Serie Regular,45,"Davis, N.",23,827,164,312,0,2,101,166,227,320,40,24,40,87,429,18.65,0.526,single-source,wayback_bsnpr_root,https://web.archive.org/web/20030610081322id_/http://bsnpr.com:80/equiposstat.asp?t=MO,2026-09-08T14:03:35Z,2003-06-10
