bsnpr_id,canonical_name,normalized_name,apellidos,nombre,nickname,birth_date,birth_year,birth_city,nationality,position,first_season,last_season,n_seasons,has_profile,confidence,source_id,source_url,retrieved_at
1,"Rivera, Estadísticas Jugador","rivera, estadisticas jugador",Rivera,Estadísticas Jugador,,,,nan,nan,No se sabe,1957,1957,1,yes,single-source,wayback_bsnpr_players,https://web.archive.org/web/20070828231743id_/http://www.bsnpr.com:80/jugadores/jugador.asp?id=1&e=,2026-09-08T14:26:01Z
2,"Calderon, Estadísticas Jugador","calderon, estadisticas jugador",Calderon,Estadísticas Jugador,,,,nan,nan,No se sabe,1957,1957,1,yes,single-source,wayback_bsnpr_players,https://web.archive.org/web/20070828224344id_/http://www.bsnpr.com:80/jugadores/jugador.asp?id=2&e=,2026-09-08T14:26:03Z
3,"Shamshid Deen, Abdul","shamshid deen, abdul",Shamshid Deen,Abdul,,,,nan,nan,No se sabe,1992,2002,6,yes,single-source,wayback_bsnpr_players,https://web.archive.org/web/20160128141919id_/http://www.bsnpr.com/jugadores/jugador.asp?id=3,2026-09-08T14:26:05Z
4,"Carmona Andino, Abel","carmona andino, abel",Carmona Andino,Abel,,11/1/1981,1981,,,,,,,no,single-source,wayback_bsnpr_players,https://web.archive.org/web/20200601011615id_/https://www.bsnpr.com/estadisticas/enciclopedia.asp,2026-09-08T14:25:42Z
5,"Negron Torres, Abraham","negron torres, abraham",Negron Torres,Abraham,,4/24/1966,1966,,,,,,,no,single-source,wayback_bsnpr_players,https://web.archive.org/web/20200601011615id_/https://www.bsnpr.com/estadisticas/enciclopedia.asp,2026-09-08T14:25:42Z
6,"Reyes, Abraham","reyes, abraham",Reyes,Abraham,,,,,,,,,,no,single-source,wayback_bsnpr_players,https://web.archive.org/web/20070417033701id_/http://www.bsnpr.com:80/estadisticas/enciclopedia.asp,2026-09-08T14:22:06Z
7,"Lopez Jaime, Adalberto","lopez jaime, adalberto",Lopez Jaime,Adalberto,,,,,,,,,,no,single-source,wayback_bsnpr_players,https://web.archive.org/web/20070417033701id_/http://www.bsnpr.com:80/estadisticas/enciclopedia.asp,2026-09-08T14:22:06Z
8,"Lopez Arroyo, Adalberto","lopez arroyo, adalberto",Lopez Arroyo,Adalberto,alvin,10/27/1964,1964,,,,,,,no,single-source,wayback_bsnpr_players,https://web.archive.org/web/20200601011615id_/https://www.bsnpr.com/estadisticas/enciclopedia.asp,2026-09-08T14:25:42Z
9,"Medrick Wilson, Adolfo","medrick wilson, adolfo",Medrick Wilson,Adolfo,,1/2/1956,1956,,,,,,,no,single-source,wayback_bsnpr_players,https://web.archive.org/web/20200601011615id_/https://www.bsnpr.com/estadisticas/enciclopedia.asp,2026-09-08T14:25:42Z
10,"Porrata Doria, Adolfo","porrata doria, adolfo",Porrata Doria,Adolfo,,5/10/1948,1948,,,,,,,no,single-source,wayback_bsnpr_players,https://web.archive.org/web/20200601011615id_/https://www.bsnpr.com/estadisticas/enciclopedia.asp,2026-09-08T14:25:42Z
11,"Velazquez, Estadísticas Jugador","velazquez, estadisticas jugador",Velazquez,Estadísticas Jugador,,10/9/1965,1965,nan,nan,No se sabe,1974,1976,3,yes,single-source,wayback_bsnpr_players,https://web.archive.org/web/20070829042648id_/http://www.bsnpr.com:80/jugadores/jugador.asp?id=11&e=,2026-09-08T14:26:07Z
12,"Diaz Trusan, Adrian","diaz trusan, adrian",Diaz Trusan,Adrian,,,,,,,,,,no,single-source,wayback_bsnpr_players,https://web.archive.org/web/20070417033701id_/http://www.bsnpr.com:80/estadisticas/enciclopedia.asp,2026-09-08T14:22:06Z
13,"Machado Torres, Adrian","machado torres, adrian",Machado Torres,Adrian,,,,,,,,,,no,single-source,wayback_bsnpr_players,https://web.archive.org/web/20070417033701id_/http://www.bsnpr.com:80/estadisticas/enciclopedia.asp,2026-09-08T14:22:06Z
14,"Mack, Adrian","mack, adrian",Mack,Adrian,,,,,,,,,,no,single-source,wayback_bsnpr_players,https://web.archive.org/web/20070417033701id_/http://www.bsnpr.com:80/estadisticas/enciclopedia.asp,2026-09-08T14:22:06Z
15,"Cirino Ayala, Agustin","cirino ayala, agustin",Cirino Ayala,Agustin,,4/12/1966,1966,,,,,,,no,single-source,wayback_bsnpr_players,https://web.archive.org/web/20200601011615id_/https://www.bsnpr.com/estadisticas/enciclopedia.asp,2026-09-08T14:25:42Z
16,"Farfan Rodriguez, Agustin","farfan rodriguez, agustin",Farfan Rodriguez,Agustin,,2/26/1972,1972,,,,,,,no,single-source,wayback_bsnpr_players,https://web.archive.org/web/20200601011615id_/https://www.bsnpr.com/estadisticas/enciclopedia.asp,2026-09-08T14:25:42Z
17,"Garcia, Agustin","garcia, agustin",Garcia,Agustin,,,,,,,,,,no,single-source,wayback_bsnpr_players,https://web.archive.org/web/20070417033701id_/http://www.bsnpr.com:80/estadisticas/enciclopedia.asp,2026-09-08T14:22:06Z
18,"Lledo, Agustin","lledo, agustin",Lledo,Agustin,,,,,,,,,,no,single-source,wayback_bsnpr_players,https://web.archive.org/web/20070417033701id_/http://www.bsnpr.com:80/estadisticas/enciclopedia.asp,2026-09-08T14:22:06Z
19,"Salgado, Agustin","salgado, agustin",Salgado,Agustin,,,,,,,,,,no,single-source,wayback_bsnpr_players,https://web.archive.org/web/20070417033701id_/http://www.bsnpr.com:80/estadisticas/enciclopedia.asp,2026-09-08T14:22:06Z
20,"Rivera, Ahmed","rivera, ahmed",Rivera,Ahmed,,,,,,,,,,no,single-source,wayback_bsnpr_players,https://web.archive.org/web/20070417033701id_/http://www.bsnpr.com:80/estadisticas/enciclopedia.asp,2026-09-08T14:22:06Z
21,"Thomas, Aki","thomas, aki",Thomas,Aki,,,,,,,,,,no,single-source,wayback_bsnpr_players,https://web.archive.org/web/20070417033701id_/http://www.bsnpr.com:80/estadisticas/enciclopedia.asp,2026-09-08T14:22:06Z
22,"Burdet, Albert","burdet, albert",Burdet,Albert,,,,,,,,,,no,single-source,wayback_bsnpr_players,https://web.archive.org/web/20070417033701id_/http://www.bsnpr.com:80/estadisticas/enciclopedia.asp,2026-09-08T14:22:06Z
23,"Maldonado Davila, Estadísticas Jugador","maldonado davila, estadisticas jugador",Maldonado Davila,Estadísticas Jugador,,,,nan,nan,No se sabe,1992,1995,2,yes,single-source,wayback_bsnpr_players,https://web.archive.org/web/20070828230237id_/http://www.bsnpr.com:80/jugadores/jugador.asp?id=23&e=,2026-09-08T14:26:09Z
24,"Arroyo, Alberto","arroyo, alberto",Arroyo,Alberto,,,,,,,,,,no,single-source,wayback_bsnpr_players,https://web.archive.org/web/20070417033701id_/http://www.bsnpr.com:80/estadisticas/enciclopedia.asp,2026-09-08T14:22:06Z
25,"Aviles Bonilla, Alberto","aviles bonilla, alberto",Aviles Bonilla,Alberto,,10/3/1974,1974,,,,,,,no,single-source,wayback_bsnpr_players,https://web.archive.org/web/20200601011615id_/https://www.bsnpr.com/estadisticas/enciclopedia.asp,2026-09-08T14:25:42Z
26,"Berrios, Alberto","berrios, alberto",Berrios,Alberto,,,,,,,,,,no,single-source,wayback_bsnpr_players,https://web.archive.org/web/20070417033701id_/http://www.bsnpr.com:80/estadisticas/enciclopedia.asp,2026-09-08T14:22:06Z
27,"Lopez Rosario, Alberto","lopez rosario, alberto",Lopez Rosario,Alberto,,8/20/1961,1961,,,,,,,no,single-source,wayback_bsnpr_players,https://web.archive.org/web/20200601011615id_/https://www.bsnpr.com/estadisticas/enciclopedia.asp,2026-09-08T14:25:42Z
28,"Maldonado Garcia, Alberto","maldonado garcia, alberto",Maldonado Garcia,Alberto,,9/20/1962,1962,,,,,,,no,single-source,wayback_bsnpr_players,https://web.archive.org/web/20200601011615id_/https://www.bsnpr.com/estadisticas/enciclopedia.asp,2026-09-08T14:25:42Z
29,"Morales Irizarry, Alberto","morales irizarry, alberto",Morales Irizarry,Alberto,,3/24/1966,1966,,,,,,,no,single-source,wayback_bsnpr_players,https://web.archive.org/web/20200601011615id_/https://www.bsnpr.com/estadisticas/enciclopedia.asp,2026-09-08T14:25:42Z
30,"Roque, Alberto","roque, alberto",Roque,Alberto,,,,,,,,,,no,single-source,wayback_bsnpr_players,https://web.archive.org/web/20070417033701id_/http://www.bsnpr.com:80/estadisticas/enciclopedia.asp,2026-09-08T14:22:06Z
31,"Serra, Estadísticas Jugador","serra, estadisticas jugador",Serra,Estadísticas Jugador,,,,nan,nan,No se sabe,1970,1972,3,yes,single-source,wayback_bsnpr_players,https://web.archive.org/web/20070828230619id_/http://www.bsnpr.com:80/jugadores/jugador.asp?id=31&e=,2026-09-08T14:26:12Z
32,"Tejera, Estadísticas Jugador","tejera, estadisticas jugador",Tejera,Estadísticas Jugador,,,,nan,nan,No se sabe,2003,2003,1,yes,single-source,wayback_bsnpr_players,https://web.archive.org/web/20070828231618id_/http://www.bsnpr.com:80/jugadores/jugador.asp?id=32&e=,2026-09-08T14:26:14Z
33,"Zamot Bula, Estadísticas Jugador","zamot bula, estadisticas jugador",Zamot Bula,Estadísticas Jugador,,11/19/1942,1942,nan,nan,No se sabe,1961,1974,14,yes,single-source,wayback_bsnpr_players,https://web.archive.org/web/20070828224018id_/http://www.bsnpr.com:80/jugadores/jugador.asp?id=33&e=,2026-09-08T14:26:16Z
34,"Montañez Carrillo, Alberto a.","montanez carrillo, alberto a",Montañez Carrillo,Alberto a.,,1/17/1970,1970,,,,,,,no,single-source,wayback_bsnpr_players,https://web.archive.org/web/20200601011615id_/https://www.bsnpr.com/estadisticas/enciclopedia.asp,2026-09-08T14:25:42Z
35,"Arroyo Bermudez, Estadísticas Jugador","arroyo bermudez, estadisticas jugador",Arroyo Bermudez,Estadísticas Jugador,berti,7/30/1979,1979,"Rio Piedras, Puerto Rico",Puerto Rico,Escolta,1996,2008,13,yes,single-source,wayback_bsnpr_players,https://web.archive.org/web/20080803163146id_/http://bsnpr.com:80/jugadores/jugador.asp?id=35&e=,2026-09-08T14:26:19Z
36,"Gonzalez Vientos, Estadísticas Jugador","gonzalez vientos, estadisticas jugador",Gonzalez Vientos,Estadísticas Jugador,,10/5/1986,1986,nan,nan,No se sabe,2005,2005,1,yes,single-source,wayback_bsnpr_players,https://web.archive.org/web/20070828224647id_/http://www.bsnpr.com:80/jugadores/jugador.asp?id=36&e=,2026-09-08T14:26:21Z
37,"Carmona Sanchez, Alejandro","carmona sanchez, alejandro",Carmona Sanchez,Alejandro,Bimbo,6/14/1983,1983,"Rio Piedras, Puerto Rico",Puerto Rico,Alero,2001,2017,16,yes,single-source,wayback_bsnpr_players,https://web.archive.org/web/20170715120606id_/http://www.bsnpr.com:80/jugadores/jugador.asp?id=37&e=,2026-09-08T14:26:23Z
38,"Alvarado Ortiz, Alex","alvarado ortiz, alex",Alvarado Ortiz,Alex,,6/24/1968,1968,,,,,,,no,single-source,wayback_bsnpr_players,https://web.archive.org/web/20200601011615id_/https://www.bsnpr.com/estadisticas/enciclopedia.asp,2026-09-08T14:25:42Z
39,"Blackwell, Alex","blackwell, alex",Blackwell,Alex,,,,,,,,,,no,single-source,wayback_bsnpr_players,https://web.archive.org/web/20070417033701id_/http://www.bsnpr.com:80/estadisticas/enciclopedia.asp,2026-09-08T14:22:06Z
40,"Colon Santiago, Estadísticas Jugador","colon santiago, estadisticas jugador",Colon Santiago,Estadísticas Jugador,,,,nan,nan,No se sabe,1996,1996,1,yes,single-source,wayback_bsnpr_players,https://web.archive.org/web/20070828225124id_/http://www.bsnpr.com:80/jugadores/jugador.asp?id=40&e=,2026-09-08T14:26:25Z
41,"Diaz Cruz, Alex","diaz cruz, alex",Diaz Cruz,Alex,,,,,,,,,,no,single-source,wayback_bsnpr_players,https://web.archive.org/web/20070417033701id_/http://www.bsnpr.com:80/estadisticas/enciclopedia.asp,2026-09-08T14:22:06Z
42,"Galindo Rodríguez, Alex","galindo rodriguez, alex",Galindo Rodríguez,Alex,,5/6/1985,1985,"Mayagüez, Puerto Rico",Puerto Rico,Alero,2002,2019,12,yes,single-source,wayback_bsnpr_players,https://web.archive.org/web/20200414030750id_/https://bsnpr.com/jugadores/jugador.asp?id=42&amp;e=1,2026-09-08T14:26:27Z
43,"Holcombe, Alex","holcombe, alex",Holcombe,Alex,,,,,,,,,,no,single-source,wayback_bsnpr_players,https://web.archive.org/web/20070417033701id_/http://www.bsnpr.com:80/estadisticas/enciclopedia.asp,2026-09-08T14:22:06Z
44,"Martinez, Alex","martinez, alex",Martinez,Alex,,,,,,,,,,no,single-source,wayback_bsnpr_players,https://web.archive.org/web/20070417033701id_/http://www.bsnpr.com:80/estadisticas/enciclopedia.asp,2026-09-08T14:22:06Z
45,"Vega Santos, Estadísticas Jugador","vega santos, estadisticas jugador",Vega Santos,Estadísticas Jugador,,9/29/1957,1957,nan,nan,No se sabe,1975,1990,13,yes,single-source,wayback_bsnpr_players,https://web.archive.org/web/20070829042606id_/http://www.bsnpr.com:80/jugadores/jugador.asp?id=45&e=,2026-09-08T14:26:29Z
46,"Vigo Salaman, Alex","vigo salaman, alex",Vigo Salaman,Alex,,,,,,,,,,no,single-source,wayback_bsnpr_players,https://web.archive.org/web/20070417033701id_/http://www.bsnpr.com:80/estadisticas/enciclopedia.asp,2026-09-08T14:22:06Z
47,"Cirilo Campos, Alex m.","cirilo campos, alex m",Cirilo Campos,Alex m.,,3/17/1967,1967,,,,,,,no,single-source,wayback_bsnpr_players,https://web.archive.org/web/20200601011615id_/https://www.bsnpr.com/estadisticas/enciclopedia.asp,2026-09-08T14:25:42Z
48,"Ayala De jesus, Alexander","ayala de jesus, alexander",Ayala De jesus,Alexander,,,,,,,,,,no,single-source,wayback_bsnpr_players,https://web.archive.org/web/20070417033701id_/http://www.bsnpr.com:80/estadisticas/enciclopedia.asp,2026-09-08T14:22:06Z
49,"Rivera Cruz, Estadísticas Jugador","rivera cruz, estadisticas jugador",Rivera Cruz,Estadísticas Jugador,,4/2/1981,1981,"Santurce, Puerto Rico",Puerto Rico,Alero,1999,2008,8,yes,single-source,wayback_bsnpr_players,https://web.archive.org/web/20080501072254id_/http://www.bsnpr.com:80/jugadores/jugador.asp?id=49&e=11,2026-09-08T14:26:31Z
50,"Falcon Melendez, Alexander","falcon melendez, alexander",Falcon Melendez,Alexander,,11/20/1973,1973,"Rio Piedras, Puerto Rico",Puerto Rico,Delantero,1992,2013,21,yes,single-source,wayback_bsnpr_players,https://web.archive.org/web/20130428000600id_/http://www.bsnpr.com:80/jugadores/jugador.asp?id=50&e=,2026-09-08T14:26:33Z
51,"Feliciano Gonzalez, Alexis","feliciano gonzalez, alexis",Feliciano Gonzalez,Alexis,,3/18/1970,1970,,,,,,,no,single-source,wayback_bsnpr_players,https://web.archive.org/web/20200601011615id_/https://www.bsnpr.com/estadisticas/enciclopedia.asp,2026-09-08T14:25:42Z
52,"Muniz Villanueva, Alexis","muniz villanueva, alexis",Muniz Villanueva,Alexis,,6/24/1982,1982,,,,,,,no,single-source,wayback_bsnpr_players,https://web.archive.org/web/20200601011615id_/https://www.bsnpr.com/estadisticas/enciclopedia.asp,2026-09-08T14:25:42Z
53,"Nieves, Alexis","nieves, alexis",Nieves,Alexis,,,,,,,,,,no,single-source,wayback_bsnpr_players,https://web.archive.org/web/20070417033701id_/http://www.bsnpr.com:80/estadisticas/enciclopedia.asp,2026-09-08T14:22:06Z
54,"Sepulveda Fontanez, Estadísticas Jugador","sepulveda fontanez, estadisticas jugador",Sepulveda Fontanez,Estadísticas Jugador,,,,nan,nan,Escolta,1993,2009,5,yes,single-source,wayback_bsnpr_players,https://web.archive.org/web/20090829072413id_/http://bsnpr.com:80/jugadores/jugador.asp?id=54&e=,2026-09-08T14:26:35Z
55,"Sosa Arocho, Alexis","sosa arocho, alexis",Sosa Arocho,Alexis,,6/14/1970,1970,,,,,,,no,single-source,wayback_bsnpr_players,https://web.archive.org/web/20200601011615id_/https://www.bsnpr.com/estadisticas/enciclopedia.asp,2026-09-08T14:25:42Z
56,"Sotomayor Rivera, Alexis","sotomayor rivera, alexis",Sotomayor Rivera,Alexis,,4/23/1963,1963,,,,,,,no,single-source,wayback_bsnpr_players,https://web.archive.org/web/20200601011615id_/https://www.bsnpr.com/estadisticas/enciclopedia.asp,2026-09-08T14:25:42Z
57,"Gomez, Estadísticas Jugador","gomez, estadisticas jugador",Gomez,Estadísticas Jugador,,,,nan,nan,No se sabe,1960,1966,5,yes,single-source,wayback_bsnpr_players,https://web.archive.org/web/20070828231504id_/http://www.bsnpr.com:80/jugadores/jugador.asp?id=57&e=,2026-09-08T14:26:36Z
58,"Cotto, Alfred","cotto, alfred",Cotto,Alfred,,,,,,,,,,no,single-source,wayback_bsnpr_players,https://web.archive.org/web/20070417033701id_/http://www.bsnpr.com:80/estadisticas/enciclopedia.asp,2026-09-08T14:22:06Z
59,"Lee Porter, Alfred","lee porter, alfred",Lee Porter,Alfred,Butch,12/5/1956,1956,,,,,,,no,single-source,wayback_bsnpr_players,https://web.archive.org/web/20200601011615id_/https://www.bsnpr.com/estadisticas/enciclopedia.asp,2026-09-08T14:25:42Z
60,"Burgos Benitez, Alfredo","burgos benitez, alfredo",Burgos Benitez,Alfredo,,11/16/1954,1954,,,,,,,no,single-source,wayback_bsnpr_players,https://web.archive.org/web/20200601011615id_/https://www.bsnpr.com/estadisticas/enciclopedia.asp,2026-09-08T14:25:42Z
61,"Diaz Fontanez, Alfredo","diaz fontanez, alfredo",Diaz Fontanez,Alfredo,,,,,,,,,,no,single-source,wayback_bsnpr_players,https://web.archive.org/web/20070417033701id_/http://www.bsnpr.com:80/estadisticas/enciclopedia.asp,2026-09-08T14:22:06Z
62,"Lamela Cardona, Alfredo","lamela cardona, alfredo",Lamela Cardona,Alfredo,,11/2/1962,1962,,,,,,,no,single-source,wayback_bsnpr_players,https://web.archive.org/web/20200601011615id_/https://www.bsnpr.com/estadisticas/enciclopedia.asp,2026-09-08T14:25:42Z
63,"Morales Rivera, Alfredo","morales rivera, alfredo",Morales Rivera,Alfredo,,3/9/1972,1972,,,,,,,no,single-source,wayback_bsnpr_players,https://web.archive.org/web/20200601011615id_/https://www.bsnpr.com/estadisticas/enciclopedia.asp,2026-09-08T14:25:42Z
64,"Ortiz Ramos, Alfredo","ortiz ramos, alfredo",Ortiz Ramos,Alfredo,,1/12/1973,1973,,,,,,,no,single-source,wayback_bsnpr_players,https://web.archive.org/web/20200601011615id_/https://www.bsnpr.com/estadisticas/enciclopedia.asp,2026-09-08T14:25:42Z
65,"Quintero, Alfredo","quintero, alfredo",Quintero,Alfredo,,,,,,,,,,no,single-source,wayback_bsnpr_players,https://web.archive.org/web/20070417033701id_/http://www.bsnpr.com:80/estadisticas/enciclopedia.asp,2026-09-08T14:22:06Z
66,"Vias, Alfredo","vias, alfredo",Vias,Alfredo,,9/4/1962,1962,,,,,,,no,single-source,wayback_bsnpr_players,https://web.archive.org/web/20200601011615id_/https://www.bsnpr.com/estadisticas/enciclopedia.asp,2026-09-08T14:25:42Z
67,"Arroyo Melendez, Estadísticas Jugador","arroyo melendez, estadisticas jugador",Arroyo Melendez,Estadísticas Jugador,,2/20/1966,1966,nan,nan,No se sabe,1984,1989,2,yes,single-source,wayback_bsnpr_players,https://web.archive.org/web/20070828224339id_/http://www.bsnpr.com:80/jugadores/jugador.asp?id=67&e=,2026-09-08T14:26:38Z
68,"Ogg, Allan","ogg, allan",Ogg,Allan,,,,,,,,,,no,single-source,wayback_bsnpr_players,https://web.archive.org/web/20070417033701id_/http://www.bsnpr.com:80/estadisticas/enciclopedia.asp,2026-09-08T14:22:06Z
69,"Roja, Almaranto","roja, almaranto",Roja,Almaranto,,,,,,,,,,no,single-source,wayback_bsnpr_players,https://web.archive.org/web/20070417033701id_/http://www.bsnpr.com:80/estadisticas/enciclopedia.asp,2026-09-08T14:22:06Z
70,"Goldston, Alonso","goldston, alonso",Goldston,Alonso,,,,,,,,,,no,single-source,wayback_bsnpr_players,https://web.archive.org/web/20070417033701id_/http://www.bsnpr.com:80/estadisticas/enciclopedia.asp,2026-09-08T14:22:06Z
71,"Teheran, Alvaro","teheran, alvaro",Teheran,Alvaro,,,,,,,,,,no,single-source,wayback_bsnpr_players,https://web.archive.org/web/20070417033701id_/http://www.bsnpr.com:80/estadisticas/enciclopedia.asp,2026-09-08T14:22:06Z
72,"Boria, Alvin","boria, alvin",Boria,Alvin,,,,,,,,,,no,single-source,wayback_bsnpr_players,https://web.archive.org/web/20070417033701id_/http://www.bsnpr.com:80/estadisticas/enciclopedia.asp,2026-09-08T14:22:06Z
73,"Cruz, Estadísticas Jugador","cruz, estadisticas jugador",Cruz,Estadísticas Jugador,,4/24/1982,1982,"Río Piedras, Puerto Rico",Puerto Rico,Armador,2000,2002,3,yes,single-source,wayback_bsnpr_players,https://web.archive.org/web/20080406040813id_/http://www.bsnpr.com:80/jugadores/jugador.asp?id=73&e=10,2026-09-08T14:26:40Z
74,"Cruz Torres, Alvin","cruz torres, alvin",Cruz Torres,Alvin,,4/24/1982,1982,"San Juan, Puerto Rico",Puerto Rico,Armador,1998,2017,18,yes,single-source,wayback_bsnpr_players,https://web.archive.org/web/20170817055003id_/http://www.bsnpr.com:80/jugadores/jugador.asp?id=74&e=2,2026-09-08T14:26:42Z
75,"Arias, Amancio","arias, amancio",Arias,Amancio,,,,,,,,,,no,single-source,wayback_bsnpr_players,https://web.archive.org/web/20070417033701id_/http://www.bsnpr.com:80/estadisticas/enciclopedia.asp,2026-09-08T14:22:06Z
76,"Abreu, Amaury","abreu, amaury",Abreu,Amaury,,,,,,,,,,no,single-source,wayback_bsnpr_players,https://web.archive.org/web/20070417033701id_/http://www.bsnpr.com:80/estadisticas/enciclopedia.asp,2026-09-08T14:22:06Z
77,"Ayala Delgado, Amaury","ayala delgado, amaury",Ayala Delgado,Amaury,,1/28/1964,1964,,,,,,,no,single-source,wayback_bsnpr_players,https://web.archive.org/web/20200601011615id_/https://www.bsnpr.com/estadisticas/enciclopedia.asp,2026-09-08T14:25:42Z
78,"Filion Fernandez, Estadísticas Jugador","filion fernandez, estadisticas jugador",Filion Fernandez,Estadísticas Jugador,,8/1/1981,1981,República Dominicana,República Dominicana,Delantero,2003,2004,2,yes,single-source,wayback_bsnpr_players,https://web.archive.org/web/20080417000059id_/http://www.bsnpr.com:80/jugadores/jugador.asp?id=78&e=13,2026-09-08T14:26:44Z
79,"Aviles Delgado, Amilcar","aviles delgado, amilcar",Aviles Delgado,Amilcar,,4/2/1983,1983,,,,,,,no,single-source,wayback_bsnpr_players,https://web.archive.org/web/20200601011615id_/https://www.bsnpr.com/estadisticas/enciclopedia.asp,2026-09-08T14:25:42Z
80,"Herbert, Anderson","herbert, anderson",Herbert,Anderson,,,,,,,,,,no,single-source,wayback_bsnpr_players,https://web.archive.org/web/20070417033701id_/http://www.bsnpr.com:80/estadisticas/enciclopedia.asp,2026-09-08T14:22:06Z
81,"Sweet Valencia, Estadísticas Jugador","sweet valencia, estadisticas jugador",Sweet Valencia,Estadísticas Jugador,,6/21/1982,1982,"New York, USA",USA,Alero,2002,2007,4,yes,single-source,wayback_bsnpr_players,https://web.archive.org/web/20071211045931id_/http://bsnpr.com:80/jugadores/jugador.asp?id=81&e=,2026-09-08T14:26:47Z
82,"Baez, Andres","baez, andres",Baez,Andres,,,,,,,,,,no,single-source,wayback_bsnpr_players,https://web.archive.org/web/20070417033701id_/http://www.bsnpr.com:80/estadisticas/enciclopedia.asp,2026-09-08T14:22:06Z
83,"Cabrero Chastre, Andres","cabrero chastre, andres",Cabrero Chastre,Andres,,6/17/1965,1965,,,,,,,no,single-source,wayback_bsnpr_players,https://web.archive.org/web/20200601011615id_/https://www.bsnpr.com/estadisticas/enciclopedia.asp,2026-09-08T14:25:42Z
84,"Guibert Sangerton, Andres","guibert sangerton, andres",Guibert Sangerton,Andres,,2/15/1968,1968,,,,,,,no,single-source,wayback_bsnpr_players,https://web.archive.org/web/20200601011615id_/https://www.bsnpr.com/estadisticas/enciclopedia.asp,2026-09-08T14:25:42Z
85,"Ortiz Aponte, Andres","ortiz aponte, andres",Ortiz Aponte,Andres,,7/21/1958,1958,,,,,,,no,single-source,wayback_bsnpr_players,https://web.archive.org/web/20200601011615id_/https://www.bsnpr.com/estadisticas/enciclopedia.asp,2026-09-08T14:25:42Z
86,"Ortiz Colon, Andres","ortiz colon, andres",Ortiz Colon,Andres,,6/4/1986,1986,"Fajardo, Puerto Rico",Puerto Rico,Escolta/Alero,2006,2013,8,yes,single-source,wayback_bsnpr_players,https://web.archive.org/web/20140122201102id_/http://www.bsnpr.com:80/jugadores/jugador.asp?id=86&e=,2026-09-08T14:26:49Z
87,"Rodriguez Fernandez, Andres","rodriguez fernandez, andres",Rodriguez Fernandez,Andres,,2/27/1981,1981,nan,nan,Armador,1999,2016,12,yes,single-source,wayback_bsnpr_players,https://web.archive.org/web/20180424203035id_/http://www.bsnpr.com/jugadores/jugador.asp?id=87&e,2026-09-08T14:26:50Z
88,"Sierra, Andres","sierra, andres",Sierra,Andres,,,,,,,,,,no,single-source,wayback_bsnpr_players,https://web.archive.org/web/20070417033701id_/http://www.bsnpr.com:80/estadisticas/enciclopedia.asp,2026-09-08T14:22:06Z
89,"Cepeda Alers, Estadísticas Jugador","cepeda alers, estadisticas jugador",Cepeda Alers,Estadísticas Jugador,conga,1/7/1963,1963,nan,nan,No se sabe,1972,1981,10,yes,single-source,wayback_bsnpr_players,https://web.archive.org/web/20070829042611id_/http://www.bsnpr.com:80/jugadores/jugador.asp?id=89&e=,2026-09-08T14:26:52Z
90,"Fischer, Andrew","fischer, andrew",Fischer,Andrew,,10/27/1966,1966,,,,,,,no,single-source,wayback_bsnpr_players,https://web.archive.org/web/20200601011615id_/https://www.bsnpr.com/estadisticas/enciclopedia.asp,2026-09-08T14:25:42Z
91,"Cheveres Nieves, Andy","cheveres nieves, andy",Cheveres Nieves,Andy,,3/11/1961,1961,,,,,,,no,single-source,wayback_bsnpr_players,https://web.archive.org/web/20200601011615id_/https://www.bsnpr.com/estadisticas/enciclopedia.asp,2026-09-08T14:25:42Z
92,"Martinez Rivera, Andy","martinez rivera, andy",Martinez Rivera,Andy,,10/20/1958,1958,,,,,,,no,single-source,wayback_bsnpr_players,https://web.archive.org/web/20200601011615id_/https://www.bsnpr.com/estadisticas/enciclopedia.asp,2026-09-08T14:25:42Z
93,"Liriano Lugo, Estadísticas Jugador","liriano lugo, estadisticas jugador",Liriano Lugo,Estadísticas Jugador,,1/3/1983,1983,"Carolina, Puerto Rico",Puerto Rico,Alero,2003,2008,5,yes,single-source,wayback_bsnpr_players,https://web.archive.org/web/20090110001639id_/http://www.bsnpr.com:80/jugadores/jugador.asp?id=93&e=,2026-09-08T14:26:54Z
94,"Alicea Rivera, Angel","alicea rivera, angel",Alicea Rivera,Angel,,3/13/1958,1958,,,,,,,no,single-source,wayback_bsnpr_players,https://web.archive.org/web/20200601011615id_/https://www.bsnpr.com/estadisticas/enciclopedia.asp,2026-09-08T14:25:42Z
95,"Allende Diaz, Angel","allende diaz, angel",Allende Diaz,Angel,Grillo,7/6/1947,1947,,,,,,,no,single-source,wayback_bsnpr_players,https://web.archive.org/web/20200601011615id_/https://www.bsnpr.com/estadisticas/enciclopedia.asp,2026-09-08T14:25:42Z
96,"Bares, Estadísticas Jugador","bares, estadisticas jugador",Bares,Estadísticas Jugador,,9/15/1960,1960,nan,nan,No se sabe,1977,1977,1,yes,single-source,wayback_bsnpr_players,https://web.archive.org/web/20070829035218id_/http://www.bsnpr.com:80/jugadores/jugador.asp?id=96&e=,2026-09-08T14:26:56Z
97,"Barreto, Angel","barreto, angel",Barreto,Angel,,,,,,,,,,no,single-source,wayback_bsnpr_players,https://web.archive.org/web/20070417033701id_/http://www.bsnpr.com:80/estadisticas/enciclopedia.asp,2026-09-08T14:22:06Z
98,"Barzana Santiago, Angel","barzana santiago, angel",Barzana Santiago,Angel,,11/3/1968,1968,,,,,,,no,single-source,wayback_bsnpr_players,https://web.archive.org/web/20200601011615id_/https://www.bsnpr.com/estadisticas/enciclopedia.asp,2026-09-08T14:25:42Z
99,"Benitez, Angel","benitez, angel",Benitez,Angel,,,,,,,,,,no,single-source,wayback_bsnpr_players,https://web.archive.org/web/20070417033701id_/http://www.bsnpr.com:80/estadisticas/enciclopedia.asp,2026-09-08T14:22:06Z
100,"Colon Medina, Angel","colon medina, angel",Colon Medina,Angel,,,,,,,,,,no,single-source,wayback_bsnpr_players,https://web.archive.org/web/20070417033701id_/http://www.bsnpr.com:80/estadisticas/enciclopedia.asp,2026-09-08T14:22:06Z
101,"Diaz Luzarski, Angel","diaz luzarski, angel",Diaz Luzarski,Angel,,,,,,,,,,no,single-source,wayback_bsnpr_players,https://web.archive.org/web/20070417033701id_/http://www.bsnpr.com:80/estadisticas/enciclopedia.asp,2026-09-08T14:22:06Z
102,"Diaz Nieves, Estadísticas Jugador","diaz nieves, estadisticas jugador",Diaz Nieves,Estadísticas Jugador,,8/28/1962,1962,nan,nan,No se sabe,1982,1982,1,yes,single-source,wayback_bsnpr_players,https://web.archive.org/web/20070828230717id_/http://www.bsnpr.com:80/jugadores/jugador.asp?id=102&e=,2026-09-08T14:26:58Z
103,"Duprey Velazquez, Angel","duprey velazquez, angel",Duprey Velazquez,Angel,,,,,,,,,,no,single-source,wayback_bsnpr_players,https://web.archive.org/web/20070417033701id_/http://www.bsnpr.com:80/estadisticas/enciclopedia.asp,2026-09-08T14:22:06Z
104,"Garcia Lucca, Angel","garcia lucca, angel",Garcia Lucca,Angel,,12/8/1941,1941,"Ponce, Puerto Rico",Puerto Rico,Delantero,1961,1975,13,yes,single-source,wayback_bsnpr_players,https://web.archive.org/web/20191209053505id_/https://www.bsnpr.com/jugadores/jugador.asp?id=104,2026-09-08T14:27:00Z
105,"Matias, Angel","matias, angel",Matias,Angel,,,,,,,,,,no,single-source,wayback_bsnpr_players,https://web.archive.org/web/20070417033701id_/http://www.bsnpr.com:80/estadisticas/enciclopedia.asp,2026-09-08T14:22:06Z
106,"Melendez, Estadísticas Jugador","melendez, estadisticas jugador",Melendez,Estadísticas Jugador,,,,nan,nan,No se sabe,1969,1970,2,yes,single-source,wayback_bsnpr_players,https://web.archive.org/web/20070829040110id_/http://www.bsnpr.com:80/jugadores/jugador.asp?id=106&e=,2026-09-08T14:27:02Z
107,"Ojeda Ramirez, Angel","ojeda ramirez, angel",Ojeda Ramirez,Angel,,4/23/1965,1965,,,,,,,no,single-source,wayback_bsnpr_players,https://web.archive.org/web/20200601011615id_/https://www.bsnpr.com/estadisticas/enciclopedia.asp,2026-09-08T14:25:42Z
108,"Otero, Angel","otero, angel",Otero,Angel,,,,,,,,,,no,single-source,wayback_bsnpr_players,https://web.archive.org/web/20070417033701id_/http://www.bsnpr.com:80/estadisticas/enciclopedia.asp,2026-09-08T14:22:06Z
109,"Perez, Angel","perez, angel",Perez,Angel,,,,,,,,,,no,single-source,wayback_bsnpr_players,https://web.archive.org/web/20070417033701id_/http://www.bsnpr.com:80/estadisticas/enciclopedia.asp,2026-09-08T14:22:06Z
110,"Rivera, Angel","rivera, angel",Rivera,Angel,,,,,,,,,,no,single-source,wayback_bsnpr_players,https://web.archive.org/web/20070417033701id_/http://www.bsnpr.com:80/estadisticas/enciclopedia.asp,2026-09-08T14:22:06Z
111,"Ruiz, Angel","ruiz, angel",Ruiz,Angel,,,,,,,,,,no,single-source,wayback_bsnpr_players,https://web.archive.org/web/20070417033701id_/http://www.bsnpr.com:80/estadisticas/enciclopedia.asp,2026-09-08T14:22:06Z
112,"Santiago, Angel","santiago, angel",Santiago,Angel,,11/3/1954,1954,,,,,,,no,single-source,wayback_bsnpr_players,https://web.archive.org/web/20200601011615id_/https://www.bsnpr.com/estadisticas/enciclopedia.asp,2026-09-08T14:25:42Z
113,"Seda, Angel","seda, angel",Seda,Angel,,,,,,,,,,no,single-source,wayback_bsnpr_players,https://web.archive.org/web/20070417033701id_/http://www.bsnpr.com:80/estadisticas/enciclopedia.asp,2026-09-08T14:22:06Z
114,"Sosa, Angel","sosa, angel",Sosa,Angel,,,,,,,,,,no,single-source,wayback_bsnpr_players,https://web.archive.org/web/20070417033701id_/http://www.bsnpr.com:80/estadisticas/enciclopedia.asp,2026-09-08T14:22:06Z
115,"Torres Robles, Angel","torres robles, angel",Torres Robles,Angel,,3/30/1968,1968,,,,,,,no,single-source,wayback_bsnpr_players,https://web.archive.org/web/20200601011615id_/https://www.bsnpr.com/estadisticas/enciclopedia.asp,2026-09-08T14:25:42Z
116,"Vega, Estadísticas Jugador","vega, estadisticas jugador",Vega,Estadísticas Jugador,,,,nan,nan,No se sabe,1974,1974,1,yes,single-source,wayback_bsnpr_players,https://web.archive.org/web/20070828225237id_/http://www.bsnpr.com:80/jugadores/jugador.asp?id=116&e=,2026-09-08T14:27:04Z
117,"Cruz Rosario, Angel","cruz rosario, angel",Cruz Rosario,Angel,angelo,9/20/1958,1958,San Juan,San Juan,Armador,1977,1993,16,yes,single-source,wayback_bsnpr_players,https://web.archive.org/web/20171029173422id_/http://www.bsnpr.com/jugadores/jugador.asp?id=117,2026-09-08T14:27:06Z
118,"Paniagua Medina, Estadísticas Jugador","paniagua medina, estadisticas jugador",Paniagua Medina,Estadísticas Jugador,buffy,7/8/1975,1975,"Rio Piedras, Puerto Rico",Puerto Rico,Delantero/Centro,1995,2009,15,yes,single-source,wayback_bsnpr_players,https://web.archive.org/web/20090713001227id_/http://www.bsnpr.com:80/jugadores/jugador.asp?id=118&e=7,2026-09-08T14:27:08Z
119,"Santiago Del Valle, Angel","santiago del valle, angel",Santiago Del Valle,Angel,cachorro,7/3/1957,1957,nan,nan,Delantero,1973,1996,23,yes,single-source,wayback_bsnpr_players,https://web.archive.org/web/20171029065526id_/http://www.bsnpr.com/jugadores/jugador.asp?id=119,2026-09-08T14:27:10Z
120,"De Jesus Velazquez, Estadísticas Jugador","de jesus velazquez, estadisticas jugador",De Jesus Velazquez,Estadísticas Jugador,,2/3/1978,1978,"Humacao, Puerto Rico",Puerto Rico,Armador,1997,2009,13,yes,single-source,wayback_bsnpr_players,https://web.archive.org/web/20091209192040id_/http://www.bsnpr.com:80/jugadores/jugador.asp?id=120&e=,2026-09-08T14:27:12Z
121,"Hernandez Miranda, Estadísticas Jugador","hernandez miranda, estadisticas jugador",Hernandez Miranda,Estadísticas Jugador,,2/14/1980,1980,nan,nan,No se sabe,2006,2006,1,yes,single-source,wayback_bsnpr_players,https://web.archive.org/web/20070829042551id_/http://www.bsnpr.com:80/jugadores/jugador.asp?id=121&e=,2026-09-08T14:27:15Z
122,"Rivera Cotto, Estadísticas Jugador","rivera cotto, estadisticas jugador",Rivera Cotto,Estadísticas Jugador,,6/9/1970,1970,nan,nan,No se sabe,1983,1992,3,yes,single-source,wayback_bsnpr_players,https://web.archive.org/web/20070829040729id_/http://www.bsnpr.com:80/jugadores/jugador.asp?id=122&e=,2026-09-08T14:27:17Z
123,"Alvarez Diaz, Angel l.","alvarez diaz, angel l",Alvarez Diaz,Angel l.,,4/12/1955,1955,,,,,,,no,single-source,wayback_bsnpr_players,https://web.archive.org/web/20200601011615id_/https://www.bsnpr.com/estadisticas/enciclopedia.asp,2026-09-08T14:25:42Z
124,"Calderon, Angel l.","calderon, angel l",Calderon,Angel l.,,,,,,,,,,no,single-source,wayback_bsnpr_players,https://web.archive.org/web/20070417033701id_/http://www.bsnpr.com:80/estadisticas/enciclopedia.asp,2026-09-08T14:22:06Z
125,"Colon, Angel l.","colon, angel l",Colon,Angel l.,,,,,,,,,,no,single-source,wayback_bsnpr_players,https://web.archive.org/web/20070417033701id_/http://www.bsnpr.com:80/estadisticas/enciclopedia.asp,2026-09-08T14:22:06Z
126,"Lopez Perez, Angel l.","lopez perez, angel l",Lopez Perez,Angel l.,,8/31/1954,1954,,,,,,,no,single-source,wayback_bsnpr_players,https://web.archive.org/web/20200601011615id_/https://www.bsnpr.com/estadisticas/enciclopedia.asp,2026-09-08T14:25:42Z
127,"Martinez Baez, Angel l.","martinez baez, angel l",Martinez Baez,Angel l.,,2/19/1966,1966,,,,,,,no,single-source,wayback_bsnpr_players,https://web.archive.org/web/20200601011615id_/https://www.bsnpr.com/estadisticas/enciclopedia.asp,2026-09-08T14:25:42Z
128,"Rivera Vazquez, Angel l.","rivera vazquez, angel l",Rivera Vazquez,Angel l.,,5/19/1960,1960,,,,,,,no,single-source,wayback_bsnpr_players,https://web.archive.org/web/20200601011615id_/https://www.bsnpr.com/estadisticas/enciclopedia.asp,2026-09-08T14:25:42Z
129,"Sanchez Tamariz, Angel M.","sanchez tamariz, angel m",Sanchez Tamariz,Angel M.,,7/1/1976,1976,"Santo Domingo, República Dom.",República Dom.,Delantero,1999,2011,10,yes,single-source,wayback_bsnpr_players,https://web.archive.org/web/20110412235201id_/http://www.bsnpr.com:80/jugadores/jugador.asp?id=129&e=14,2026-09-08T14:27:18Z
130,"Sanchez Tamariz, Angel l.","sanchez tamariz, angel l",Sanchez Tamariz,Angel l.,,,,,,,,,,no,single-source,wayback_bsnpr_players,https://web.archive.org/web/20070417033701id_/http://www.bsnpr.com:80/estadisticas/enciclopedia.asp,2026-09-08T14:22:06Z
131,"Matias Marrero, Estadísticas Jugador","matias marrero, estadisticas jugador",Matias Marrero,Estadísticas Jugador,,,,nan,nan,No se sabe,1990,1992,3,yes,single-source,wayback_bsnpr_players,https://web.archive.org/web/20070829041631id_/http://www.bsnpr.com:80/jugadores/jugador.asp?id=131&e=,2026-09-08T14:27:20Z
132,"Oquendo, Angel luis","oquendo, angel luis",Oquendo,Angel luis,,8/23/1956,1956,,,,,,,no,single-source,wayback_bsnpr_players,https://web.archive.org/web/20200601011615id_/https://www.bsnpr.com/estadisticas/enciclopedia.asp,2026-09-08T14:25:42Z
133,"Plaud Sanchez, Angel luis","plaud sanchez, angel luis",Plaud Sanchez,Angel luis,,7/29/1969,1969,,,,,,,no,single-source,wayback_bsnpr_players,https://web.archive.org/web/20200601011615id_/https://www.bsnpr.com/estadisticas/enciclopedia.asp,2026-09-08T14:25:42Z
134,"Romer Canario, Angel luis","romer canario, angel luis",Romer Canario,Angel luis,,9/13/1970,1970,,,,,,,no,single-source,wayback_bsnpr_players,https://web.archive.org/web/20200601011615id_/https://www.bsnpr.com/estadisticas/enciclopedia.asp,2026-09-08T14:25:42Z
135,"Figueroa Sepulveda, Angel","figueroa sepulveda, angel",Figueroa Sepulveda,Angel,Buster,10/13/1981,1981,"San Juan, Puerto Rico",Puerto Rico,Alero,1999,2013,15,yes,single-source,wayback_bsnpr_players,https://web.archive.org/web/20140122195630id_/http://www.bsnpr.com:80/jugadores/jugador.asp?id=135&e=,2026-09-08T14:27:22Z
136,"Colon Colon, Estadísticas Jugador","colon colon, estadisticas jugador",Colon Colon,Estadísticas Jugador,,10/19/1974,1974,"Santurce, Puerto Rico",Puerto Rico,Escolta,1993,2007,15,yes,single-source,wayback_bsnpr_players,https://web.archive.org/web/20080501071021id_/http://www.bsnpr.com:80/jugadores/jugador.asp?id=136&e=13,2026-09-08T14:27:24Z
137,"Aviles Rivera, Angel m.","aviles rivera, angel m",Aviles Rivera,Angel m.,,1/29/1959,1959,,,,,,,no,single-source,wayback_bsnpr_players,https://web.archive.org/web/20200601011615id_/https://www.bsnpr.com/estadisticas/enciclopedia.asp,2026-09-08T14:25:42Z
138,"Cancel, Angel","cancel, angel",Cancel,Angel,caco,8/2/1940,1940,,,,,,,no,single-source,wayback_bsnpr_players,https://web.archive.org/web/20200601011615id_/https://www.bsnpr.com/estadisticas/enciclopedia.asp,2026-09-08T14:25:42Z
139,"Luna Colon, Angel manuel","luna colon, angel manuel",Luna Colon,Angel manuel,,6/21/1975,1975,,,,,,,no,single-source,wayback_bsnpr_players,https://web.archive.org/web/20200601011615id_/https://www.bsnpr.com/estadisticas/enciclopedia.asp,2026-09-08T14:25:42Z
140,"Santiago Rios, Angel manuel","santiago rios, angel manuel",Santiago Rios,Angel manuel,,3/3/1969,1969,,,,,,,no,single-source,wayback_bsnpr_players,https://web.archive.org/web/20200601011615id_/https://www.bsnpr.com/estadisticas/enciclopedia.asp,2026-09-08T14:25:42Z
141,"Torrado, Angel manuel","torrado, angel manuel",Torrado,Angel manuel,,,,,,,,,,no,single-source,wayback_bsnpr_players,https://web.archive.org/web/20070417033701id_/http://www.bsnpr.com:80/estadisticas/enciclopedia.asp,2026-09-08T14:22:06Z
142,"Javier Sajuin, Angel marino","javier sajuin, angel marino",Javier Sajuin,Angel marino,,11/25/1965,1965,,,,,,,no,single-source,wayback_bsnpr_players,https://web.archive.org/web/20200601011615id_/https://www.bsnpr.com/estadisticas/enciclopedia.asp,2026-09-08T14:25:42Z
143,"Lopez Ortiz, Estadísticas Jugador","lopez ortiz, estadisticas jugador",Lopez Ortiz,Estadísticas Jugador,michael,3/28/1975,1975,"San Juan, Puerto Rico",Puerto Rico,Armador,1992,2008,16,yes,single-source,wayback_bsnpr_players,https://web.archive.org/web/20090411231151id_/http://www.bsnpr.com:80/jugadores/jugador.asp?id=143&e=11,2026-09-08T14:27:26Z
144,"Caballero Curet, Estadísticas Jugador","caballero curet, estadisticas jugador",Caballero Curet,Estadísticas Jugador,,11/23/1970,1970,"La Habana, Cuba",Cuba,Delantero,2003,2009,7,yes,single-source,wayback_bsnpr_players,https://web.archive.org/web/20091004045433id_/http://www.bsnpr.com:80/jugadores/jugador.asp?id=144&e=,2026-09-08T14:27:28Z
145,"Aviles Gonzalez, Estadísticas Jugador","aviles gonzalez, estadisticas jugador",Aviles Gonzalez,Estadísticas Jugador,,,,nan,nan,No se sabe,1990,1996,5,yes,single-source,wayback_bsnpr_players,https://web.archive.org/web/20070829040602id_/http://www.bsnpr.com:80/jugadores/jugador.asp?id=145&e=,2026-09-08T14:27:30Z
146,"Guisti Rivera, Angel r.","guisti rivera, angel r",Guisti Rivera,Angel r.,,3/27/1966,1966,,,,,,,no,single-source,wayback_bsnpr_players,https://web.archive.org/web/20200601011615id_/https://www.bsnpr.com/estadisticas/enciclopedia.asp,2026-09-08T14:25:42Z
147,"Padilla, Angel r.","padilla, angel r",Padilla,Angel r.,,,,,,,,,,no,single-source,wayback_bsnpr_players,https://web.archive.org/web/20070417033701id_/http://www.bsnpr.com:80/estadisticas/enciclopedia.asp,2026-09-08T14:22:06Z
148,"Rosa Clemente, Angel R.","rosa clemente, angel r",Rosa Clemente,Angel R.,,7/29/1984,1984,"Rio Piedras, Puerto Rico",Puerto Rico,Delantero,2002,2017,13,yes,single-source,wayback_bsnpr_players,https://web.archive.org/web/20171030093558id_/http://www.bsnpr.com/jugadores/jugador.asp?id=148,2026-09-08T14:27:32Z
149,"Albizu Rivera, Angel rafael","albizu rivera, angel rafael",Albizu Rivera,Angel rafael,,4/7/1971,1971,,,,,,,no,single-source,wayback_bsnpr_players,https://web.archive.org/web/20200601011615id_/https://www.bsnpr.com/estadisticas/enciclopedia.asp,2026-09-08T14:25:42Z
150,"Nieves, Angel tomas","nieves, angel tomas",Nieves,Angel tomas,,,,,,,,,,no,single-source,wayback_bsnpr_players,https://web.archive.org/web/20070417033701id_/http://www.bsnpr.com:80/estadisticas/enciclopedia.asp,2026-09-08T14:22:06Z
151,"Reyes Canales, Angelo","reyes canales, angelo",Reyes Canales,Angelo,,9/18/1981,1981,"New York, USA",USA,Delantero,2002,2013,10,yes,single-source,wayback_bsnpr_players,https://web.archive.org/web/20140122195645id_/http://www.bsnpr.com:80/jugadores/jugador.asp?id=151&e=,2026-09-08T14:27:33Z
152,"Vidot Fernandez, Estadísticas Jugador","vidot fernandez, estadisticas jugador",Vidot Fernandez,Estadísticas Jugador,,12/31/1952,1952,nan,nan,No se sabe,1972,1979,3,yes,single-source,wayback_bsnpr_players,https://web.archive.org/web/20070829041922id_/http://www.bsnpr.com:80/jugadores/jugador.asp?id=152&e=,2026-09-08T14:27:35Z
153,"Gonzalez Rosado, Angelo benito","gonzalez rosado, angelo benito",Gonzalez Rosado,Angelo benito,,,,,,,,,,no,single-source,wayback_bsnpr_players,https://web.archive.org/web/20070417033701id_/http://www.bsnpr.com:80/estadisticas/enciclopedia.asp,2026-09-08T14:22:06Z
154,"Carmona, Anibal","carmona, anibal",Carmona,Anibal,,,,,,,,,,no,single-source,wayback_bsnpr_players,https://web.archive.org/web/20070417033701id_/http://www.bsnpr.com:80/estadisticas/enciclopedia.asp,2026-09-08T14:22:06Z
155,"Delgado, Anibal","delgado, anibal",Delgado,Anibal,,,,,,,,,,no,single-source,wayback_bsnpr_players,https://web.archive.org/web/20070417033701id_/http://www.bsnpr.com:80/estadisticas/enciclopedia.asp,2026-09-08T14:22:06Z
156,"Escobar, Anibal","escobar, anibal",Escobar,Anibal,,,,,,,,,,no,single-source,wayback_bsnpr_players,https://web.archive.org/web/20070417033701id_/http://www.bsnpr.com:80/estadisticas/enciclopedia.asp,2026-09-08T14:22:06Z
157,"Ramos Torres, Anibal","ramos torres, anibal",Ramos Torres,Anibal,,,,,,,,,,no,single-source,wayback_bsnpr_players,https://web.archive.org/web/20070417033701id_/http://www.bsnpr.com:80/estadisticas/enciclopedia.asp,2026-09-08T14:22:06Z
158,"Guzman Hernaiz, Ansel M","guzman hernaiz, ansel m",Guzman Hernaiz,Ansel M,,3/20/1984,1984,"San Juan, Puerto Rico",Puerto Rico,Armador,2003,2017,13,yes,single-source,wayback_bsnpr_players,https://web.archive.org/web/20170715113537id_/http://www.bsnpr.com:80/jugadores/jugador.asp?id=158&e=,2026-09-08T14:27:37Z
159,"Allison, Anthony","allison, anthony",Allison,Anthony,,,,,,,,,,no,single-source,wayback_bsnpr_players,https://web.archive.org/web/20070417033701id_/http://www.bsnpr.com:80/estadisticas/enciclopedia.asp,2026-09-08T14:22:06Z
160,"Bonner Evans, Anthony","bonner evans, anthony",Bonner Evans,Anthony,,6/8/1968,1968,,,,,,,no,single-source,wayback_bsnpr_players,https://web.archive.org/web/20200601011615id_/https://www.bsnpr.com/estadisticas/enciclopedia.asp,2026-09-08T14:25:42Z
161,"D'acosta, Anthony","dacosta, anthony",D'acosta,Anthony,,,,,,,,,,no,single-source,wayback_bsnpr_players,https://web.archive.org/web/20070417033701id_/http://www.bsnpr.com:80/estadisticas/enciclopedia.asp,2026-09-08T14:22:06Z
162,"Douglas, Anthony","douglas, anthony",Douglas,Anthony,,,,,,,,,,no,single-source,wayback_bsnpr_players,https://web.archive.org/web/20070417033701id_/http://www.bsnpr.com:80/estadisticas/enciclopedia.asp,2026-09-08T14:22:06Z
163,"Figueroa, Anthony","figueroa, anthony",Figueroa,Anthony,,,,,,,,,,no,single-source,wayback_bsnpr_players,https://web.archive.org/web/20070417033701id_/http://www.bsnpr.com:80/estadisticas/enciclopedia.asp,2026-09-08T14:22:06Z
164,"Goldwire, Anthony","goldwire, anthony",Goldwire,Anthony,,,,,,,,,,no,single-source,wayback_bsnpr_players,https://web.archive.org/web/20070417033701id_/http://www.bsnpr.com:80/estadisticas/enciclopedia.asp,2026-09-08T14:22:06Z
165,"Graves, Estadísticas Jugador","graves, estadisticas jugador",Graves,Estadísticas Jugador,,,,nan,nan,No se sabe,1997,1997,1,yes,single-source,wayback_bsnpr_players,https://web.archive.org/web/20070828223356id_/http://www.bsnpr.com:80/jugadores/jugador.asp?id=165&e=,2026-09-08T14:27:40Z
166,"Laguer, Anthony","laguer, anthony",Laguer,Anthony,,,,,,,,,,no,single-source,wayback_bsnpr_players,https://web.archive.org/web/20070417033701id_/http://www.bsnpr.com:80/estadisticas/enciclopedia.asp,2026-09-08T14:22:06Z
167,"Martin, Anthony","martin, anthony",Martin,Anthony,,,,,,,,,,no,single-source,wayback_bsnpr_players,https://web.archive.org/web/20070417033701id_/http://www.bsnpr.com:80/estadisticas/enciclopedia.asp,2026-09-08T14:22:06Z
168,"Miller, Anthony","miller, anthony",Miller,Anthony,,,,,,,,,,no,single-source,wayback_bsnpr_players,https://web.archive.org/web/20070417033701id_/http://www.bsnpr.com:80/estadisticas/enciclopedia.asp,2026-09-08T14:22:06Z
169,"Pullard, Anthony","pullard, anthony",Pullard,Anthony,,,,,,,,,,no,single-source,wayback_bsnpr_players,https://web.archive.org/web/20070417033701id_/http://www.bsnpr.com:80/estadisticas/enciclopedia.asp,2026-09-08T14:22:06Z
170,"Rosa Gonzalez, Anthony","rosa gonzalez, anthony",Rosa Gonzalez,Anthony,,,,,,,,,,no,single-source,wayback_bsnpr_players,https://web.archive.org/web/20070417033701id_/http://www.bsnpr.com:80/estadisticas/enciclopedia.asp,2026-09-08T14:22:06Z
171,"Farmer, Anthony","farmer, anthony",Farmer,Anthony,tony,,,,,,,,,no,single-source,wayback_bsnpr_players,https://web.archive.org/web/20070417033701id_/http://www.bsnpr.com:80/estadisticas/enciclopedia.asp,2026-09-08T14:22:06Z
172,"Farmer, Anthony","farmer, anthony",Farmer,Anthony,tony,1/3/1970,1970,,,,,,,no,single-source,wayback_bsnpr_players,https://web.archive.org/web/20200601011615id_/https://www.bsnpr.com/estadisticas/enciclopedia.asp,2026-09-08T14:25:42Z
173,"Diaz Diaz, Anthony f.","diaz diaz, anthony f",Diaz Diaz,Anthony f.,tony,7/30/1957,1957,,,,,,,no,single-source,wayback_bsnpr_players,https://web.archive.org/web/20200601011615id_/https://www.bsnpr.com/estadisticas/enciclopedia.asp,2026-09-08T14:25:42Z
174,"Alvarez, Antonio","alvarez, antonio",Alvarez,Antonio,,,,,,,,,,no,single-source,wayback_bsnpr_players,https://web.archive.org/web/20070417033701id_/http://www.bsnpr.com:80/estadisticas/enciclopedia.asp,2026-09-08T14:22:06Z
175,"Charlemagne Sierra, Antonio","charlemagne sierra, antonio",Charlemagne Sierra,Antonio,,11/30/1962,1962,,,,,,,no,single-source,wayback_bsnpr_players,https://web.archive.org/web/20200601011615id_/https://www.bsnpr.com/estadisticas/enciclopedia.asp,2026-09-08T14:25:42Z
176,"Cruz, Estadísticas Jugador","cruz, estadisticas jugador",Cruz,Estadísticas Jugador,,,,nan,nan,No se sabe,1965,1973,8,yes,single-source,wayback_bsnpr_players,https://web.archive.org/web/20070828224035id_/http://www.bsnpr.com:80/jugadores/jugador.asp?id=176&e=,2026-09-08T14:27:42Z
177,"Delgado, Antonio","delgado, antonio",Delgado,Antonio,,,,,,,,,,no,single-source,wayback_bsnpr_players,https://web.archive.org/web/20070417033701id_/http://www.bsnpr.com:80/estadisticas/enciclopedia.asp,2026-09-08T14:22:06Z
178,"Delgado, Antonio","delgado, antonio",Delgado,Antonio,,,,,,,,,,no,single-source,wayback_bsnpr_players,https://web.archive.org/web/20070417033701id_/http://www.bsnpr.com:80/estadisticas/enciclopedia.asp,2026-09-08T14:22:06Z
179,"Falú Allende, Antonio","falu allende, antonio",Falú Allende,Antonio,,,,,,,,,,no,single-source,wayback_bsnpr_players,https://web.archive.org/web/20070417033701id_/http://www.bsnpr.com:80/estadisticas/enciclopedia.asp,2026-09-08T14:22:06Z
180,"Gonzalez Arroyo, Antonio","gonzalez arroyo, antonio",Gonzalez Arroyo,Antonio,,12/7/1959,1959,,,,,,,no,single-source,wayback_bsnpr_players,https://web.archive.org/web/20200601011615id_/https://www.bsnpr.com/estadisticas/enciclopedia.asp,2026-09-08T14:25:42Z
181,"Mendez Morgado, Antonio","mendez morgado, antonio",Mendez Morgado,Antonio,,9/13/1957,1957,,,,,,,no,single-source,wayback_bsnpr_players,https://web.archive.org/web/20200601011615id_/https://www.bsnpr.com/estadisticas/enciclopedia.asp,2026-09-08T14:25:42Z
182,"Morales, Antonio","morales, antonio",Morales,Antonio,Toño,10/21/1930,1930,,,,,,,no,single-source,wayback_bsnpr_players,https://web.archive.org/web/20200601011615id_/https://www.bsnpr.com/estadisticas/enciclopedia.asp,2026-09-08T14:25:42Z
183,"Quiñones, Antonio","quinones, antonio",Quiñones,Antonio,,,,,,,,,,no,single-source,wayback_bsnpr_players,https://web.archive.org/web/20070417033701id_/http://www.bsnpr.com:80/estadisticas/enciclopedia.asp,2026-09-08T14:22:06Z
184,"Quiñones, Antonio","quinones, antonio",Quiñones,Antonio,,,,,,,,,,no,single-source,wayback_bsnpr_players,https://web.archive.org/web/20070417033701id_/http://www.bsnpr.com:80/estadisticas/enciclopedia.asp,2026-09-08T14:22:06Z
185,"Rios, Antonio","rios, antonio",Rios,Antonio,,,,,,,,,,no,single-source,wayback_bsnpr_players,https://web.archive.org/web/20070417033701id_/http://www.bsnpr.com:80/estadisticas/enciclopedia.asp,2026-09-08T14:22:06Z
186,"Roman Carmona, Antonio","roman carmona, antonio",Roman Carmona,Antonio,,10/5/1959,1959,,,,,,,no,single-source,wayback_bsnpr_players,https://web.archive.org/web/20200601011615id_/https://www.bsnpr.com/estadisticas/enciclopedia.asp,2026-09-08T14:25:42Z
187,"Romanace Gomez, Antonio","romanace gomez, antonio",Romanace Gomez,Antonio,,12/22/1970,1970,,,,,,,no,single-source,wayback_bsnpr_players,https://web.archive.org/web/20200601011615id_/https://www.bsnpr.com/estadisticas/enciclopedia.asp,2026-09-08T14:25:42Z
188,"Romero, Estadísticas Jugador","romero, estadisticas jugador",Romero,Estadísticas Jugador,,,,nan,nan,No se sabe,1974,1974,1,yes,single-source,wayback_bsnpr_players,https://web.archive.org/web/20070828230350id_/http://www.bsnpr.com:80/jugadores/jugador.asp?id=188&e=,2026-09-08T14:27:44Z
189,"Ruiz, Estadísticas Jugador","ruiz, estadisticas jugador",Ruiz,Estadísticas Jugador,,,,nan,nan,No se sabe,1966,1966,1,yes,single-source,wayback_bsnpr_players,https://web.archive.org/web/20070829040520id_/http://www.bsnpr.com:80/jugadores/jugador.asp?id=189&e=,2026-09-08T14:27:45Z
190,"Santiago Rosa, Antonio","santiago rosa, antonio",Santiago Rosa,Antonio,,3/25/1959,1959,,,,,,,no,single-source,wayback_bsnpr_players,https://web.archive.org/web/20200601011615id_/https://www.bsnpr.com/estadisticas/enciclopedia.asp,2026-09-08T14:25:42Z
191,"Watson, Antonio","watson, antonio",Watson,Antonio,,,,,,,,,,no,single-source,wayback_bsnpr_players,https://web.archive.org/web/20070417033701id_/http://www.bsnpr.com:80/estadisticas/enciclopedia.asp,2026-09-08T14:22:06Z
192,"Rivera, Antonio","rivera, antonio",Rivera,Antonio,guepa,2/8/1969,1969,,,,,,,no,single-source,wayback_bsnpr_players,https://web.archive.org/web/20200601011615id_/https://www.bsnpr.com/estadisticas/enciclopedia.asp,2026-09-08T14:25:42Z
193,"Latimer Rivera, Antonio","latimer rivera, antonio",Latimer Rivera,Antonio,puruco,11/26/1978,1978,"Rio Piedras, Puerto Rico",Puerto Rico,Delantero,1994,2013,20,yes,single-source,wayback_bsnpr_players,https://web.archive.org/web/20130612084140id_/http://www.bsnpr.com:80/jugadores/jugador.asp?id=193&e=14,2026-09-08T14:27:47Z
194,"Arroyo Gonzalez, Estadísticas Jugador","arroyo gonzalez, estadisticas jugador",Arroyo Gonzalez,Estadísticas Jugador,tony,12/7/1959,1959,nan,nan,No se sabe,1981,1983,3,yes,single-source,wayback_bsnpr_players,https://web.archive.org/web/20070829041523id_/http://www.bsnpr.com:80/jugadores/jugador.asp?id=194&e=,2026-09-08T14:27:49Z
195,"Babin Santaliz, Antonio","babin santaliz, antonio",Babin Santaliz,Antonio,tony,3/29/1957,1957,,,,,,,no,single-source,wayback_bsnpr_players,https://web.archive.org/web/20200601011615id_/https://www.bsnpr.com/estadisticas/enciclopedia.asp,2026-09-08T14:25:42Z
196,"Carrasquillo Rivera, Antonio","carrasquillo rivera, antonio",Carrasquillo Rivera,Antonio,tony,9/9/1974,1974,,,,,,,no,single-source,wayback_bsnpr_players,https://web.archive.org/web/20200601011615id_/https://www.bsnpr.com/estadisticas/enciclopedia.asp,2026-09-08T14:25:42Z
197,"Mercado Abreu, Estadísticas Jugador","mercado abreu, estadisticas jugador",Mercado Abreu,Estadísticas Jugador,tony,11/3/1956,1956,nan,nan,No se sabe,1974,1979,6,yes,single-source,wayback_bsnpr_players,https://web.archive.org/web/20070829042535id_/http://www.bsnpr.com:80/jugadores/jugador.asp?id=197&e=,2026-09-08T14:27:51Z
198,"Portilla Arzola, Estadísticas Jugador","portilla arzola, estadisticas jugador",Portilla Arzola,Estadísticas Jugador,,10/15/1958,1958,nan,nan,No se sabe,1976,1978,3,yes,single-source,wayback_bsnpr_players,https://web.archive.org/web/20070829041022id_/http://www.bsnpr.com:80/jugadores/jugador.asp?id=198&e=,2026-09-08T14:27:53Z
199,"Cabrero Muñiz, Estadísticas Jugador","cabrero muniz, estadisticas jugador",Cabrero Muñiz,Estadísticas Jugador,,6/21/1954,1954,nan,nan,No se sabe,1971,1982,9,yes,single-source,wayback_bsnpr_players,https://web.archive.org/web/20070828230328id_/http://www.bsnpr.com:80/jugadores/jugador.asp?id=199&e=,2026-09-08T14:27:54Z
200,"Pagan, Antonio j.","pagan, antonio j",Pagan,Antonio j.,tony,2/3/1953,1953,,,,,,,no,single-source,wayback_bsnpr_players,https://web.archive.org/web/20200601011615id_/https://www.bsnpr.com/estadisticas/enciclopedia.asp,2026-09-08T14:25:42Z
201,"Gonzalez Rodriguez, Arcadio","gonzalez rodriguez, arcadio",Gonzalez Rodriguez,Arcadio,,7/24/1968,1968,,,,,,,no,single-source,wayback_bsnpr_players,https://web.archive.org/web/20200601011615id_/https://www.bsnpr.com/estadisticas/enciclopedia.asp,2026-09-08T14:25:42Z
202,"Guzman Alvarado, Ariel","guzman alvarado, ariel",Guzman Alvarado,Ariel,,10/5/1967,1967,,,,,,,no,single-source,wayback_bsnpr_players,https://web.archive.org/web/20200601011615id_/https://www.bsnpr.com/estadisticas/enciclopedia.asp,2026-09-08T14:25:42Z
203,"Otero Gonzalez, Ariel","otero gonzalez, ariel",Otero Gonzalez,Ariel,,10/15/1969,1969,,,,,,,no,single-source,wayback_bsnpr_players,https://web.archive.org/web/20200601011615id_/https://www.bsnpr.com/estadisticas/enciclopedia.asp,2026-09-08T14:25:42Z
204,"Ramos Pabon, Estadísticas Jugador","ramos pabon, estadisticas jugador",Ramos Pabon,Estadísticas Jugador,,12/16/1968,1968,nan,nan,No se sabe,1986,1986,1,yes,single-source,wayback_bsnpr_players,https://web.archive.org/web/20070829041927id_/http://www.bsnpr.com:80/jugadores/jugador.asp?id=204&e=,2026-09-08T14:27:56Z
205,"Rojas, Estadísticas Jugador","rojas, estadisticas jugador",Rojas,Estadísticas Jugador,,,,nan,nan,No se sabe,1956,1956,1,yes,single-source,wayback_bsnpr_players,https://web.archive.org/web/20070828231534id_/http://www.bsnpr.com:80/jugadores/jugador.asp?id=205&e=,2026-09-08T14:27:59Z
206,"Ozuna Adames, Arizmendi","ozuna adames, arizmendi",Ozuna Adames,Arizmendi,,,,,,,,,,no,single-source,wayback_bsnpr_players,https://web.archive.org/web/20070417033701id_/http://www.bsnpr.com:80/estadisticas/enciclopedia.asp,2026-09-08T14:22:06Z
207,"Hernandez, Arlan","hernandez, arlan",Hernandez,Arlan,,,,,,,,,,no,single-source,wayback_bsnpr_players,https://web.archive.org/web/20070417033701id_/http://www.bsnpr.com:80/estadisticas/enciclopedia.asp,2026-09-08T14:22:06Z
208,"Acosta, Estadísticas Jugador","acosta, estadisticas jugador",Acosta,Estadísticas Jugador,,,,nan,nan,No se sabe,1959,1959,1,yes,single-source,wayback_bsnpr_players,https://web.archive.org/web/20070828224737id_/http://www.bsnpr.com:80/jugadores/jugador.asp?id=208&e=,2026-09-08T14:28:01Z
209,"Echevarria Diaz, Armando","echevarria diaz, armando",Echevarria Diaz,Armando,,5/21/1982,1982,,,,,,,no,single-source,wayback_bsnpr_players,https://web.archive.org/web/20200601011615id_/https://www.bsnpr.com/estadisticas/enciclopedia.asp,2026-09-08T14:25:42Z
210,"Huertas Diaz, Estadísticas Jugador","huertas diaz, estadisticas jugador",Huertas Diaz,Estadísticas Jugador,,2/14/1962,1962,nan,nan,No se sabe,1987,1987,1,yes,single-source,wayback_bsnpr_players,https://web.archive.org/web/20070828225457id_/http://www.bsnpr.com:80/jugadores/jugador.asp?id=210&e=,2026-09-08T14:28:03Z
211,"Ramirez, Armando","ramirez, armando",Ramirez,Armando,,,,,,,,,,no,single-source,wayback_bsnpr_players,https://web.archive.org/web/20070417033701id_/http://www.bsnpr.com:80/estadisticas/enciclopedia.asp,2026-09-08T14:22:06Z
212,"Rodriguez, Armando","rodriguez, armando",Rodriguez,Armando,,,,,,,,,,no,single-source,wayback_bsnpr_players,https://web.archive.org/web/20070417033701id_/http://www.bsnpr.com:80/estadisticas/enciclopedia.asp,2026-09-08T14:22:06Z
213,"Rodriguez Ortiz, Armando","rodriguez ortiz, armando",Rodriguez Ortiz,Armando,,11/15/1979,1979,,,,,,,no,single-source,wayback_bsnpr_players,https://web.archive.org/web/20200601011615id_/https://www.bsnpr.com/estadisticas/enciclopedia.asp,2026-09-08T14:25:42Z
214,"Torres Maldonado, Armando","torres maldonado, armando",Torres Maldonado,Armando,,5/11/1967,1967,,,,,,,no,single-source,wayback_bsnpr_players,https://web.archive.org/web/20200601011615id_/https://www.bsnpr.com/estadisticas/enciclopedia.asp,2026-09-08T14:25:42Z
215,"Torres Ortiz, Armando","torres ortiz, armando",Torres Ortiz,Armando,armandito,,,,,,,,,no,single-source,wayback_bsnpr_players,https://web.archive.org/web/20070417033701id_/http://www.bsnpr.com:80/estadisticas/enciclopedia.asp,2026-09-08T14:22:06Z
216,"Gonzalez Fernandez, Estadísticas Jugador","gonzalez fernandez, estadisticas jugador",Gonzalez Fernandez,Estadísticas Jugador,,3/18/1970,1970,nan,nan,No se sabe,1988,1988,1,yes,single-source,wayback_bsnpr_players,https://web.archive.org/web/20070828231421id_/http://www.bsnpr.com:80/jugadores/jugador.asp?id=216&e=,2026-09-08T14:28:05Z
217,"Febres Salicrup, Estadísticas Jugador","febres salicrup, estadisticas jugador",Febres Salicrup,Estadísticas Jugador,,11/22/1978,1978,"Hato Rey, Puerto Rico",Puerto Rico,Delantero,1995,2009,15,yes,single-source,wayback_bsnpr_players,https://web.archive.org/web/20090710220945id_/http://www.bsnpr.com:80/jugadores/jugador.asp?id=217&e=,2026-09-08T14:28:07Z
218,"Guzman Cintron, Estadísticas Jugador","guzman cintron, estadisticas jugador",Guzman Cintron,Estadísticas Jugador,,3/7/1956,1956,nan,nan,No se sabe,1978,1991,14,yes,single-source,wayback_bsnpr_players,https://web.archive.org/web/20070829042840id_/http://www.bsnpr.com:80/jugadores/jugador.asp?id=218&e=,2026-09-08T14:28:09Z
219,"Hernandez Milán, Estadísticas Jugador","hernandez milan, estadisticas jugador",Hernandez Milán,Estadísticas Jugador,,1/12/1931,1931,nan,nan,No se sabe,1957,1959,3,yes,single-source,wayback_bsnpr_players,https://web.archive.org/web/20070829040258id_/http://www.bsnpr.com:80/jugadores/jugador.asp?id=219&e=,2026-09-08T14:28:12Z
220,"Hernandez Mendez, Estadísticas Jugador","hernandez mendez, estadisticas jugador",Hernandez Mendez,Estadísticas Jugador,,1/12/1958,1958,nan,nan,No se sabe,1977,1986,10,yes,single-source,wayback_bsnpr_players,https://web.archive.org/web/20070828225216id_/http://www.bsnpr.com:80/jugadores/jugador.asp?id=220&e=,2026-09-08T14:28:14Z
221,"Lopez Rivera, Estadísticas Jugador","lopez rivera, estadisticas jugador",Lopez Rivera,Estadísticas Jugador,,3/26/1984,1984,"Guaynabo, Puerto Rico",Puerto Rico,Escolta,2006,2007,2,yes,single-source,wayback_bsnpr_players,https://web.archive.org/web/20080410091445id_/http://www.bsnpr.com:80/jugadores/jugador.asp?id=221&e=,2026-09-08T14:28:16Z
222,"Piñeiro, Arnaldo","pineiro, arnaldo",Piñeiro,Arnaldo,,,,,,,,,,no,single-source,wayback_bsnpr_players,https://web.archive.org/web/20070417033701id_/http://www.bsnpr.com:80/estadisticas/enciclopedia.asp,2026-09-08T14:22:06Z
223,"Toro Vazquez, Arnaldo","toro vazquez, arnaldo",Toro Vazquez,Arnaldo,,10/20/1969,1969,,,,,,,no,single-source,wayback_bsnpr_players,https://web.archive.org/web/20200601011615id_/https://www.bsnpr.com/estadisticas/enciclopedia.asp,2026-09-08T14:25:42Z
224,"Laracuente, Arnoris","laracuente, arnoris",Laracuente,Arnoris,,,,,,,,,,no,single-source,wayback_bsnpr_players,https://web.archive.org/web/20070417033701id_/http://www.bsnpr.com:80/estadisticas/enciclopedia.asp,2026-09-08T14:22:06Z
225,"Long, Art","long, art",Long,Art,,10/1/1972,1972,,,,,,,no,single-source,wayback_bsnpr_players,https://web.archive.org/web/20200601011615id_/https://www.bsnpr.com/estadisticas/enciclopedia.asp,2026-09-08T14:25:42Z
226,"Dean, Arthur","dean, arthur",Dean,Arthur,,,,,,,,,,no,single-source,wayback_bsnpr_players,https://web.archive.org/web/20070417033701id_/http://www.bsnpr.com:80/estadisticas/enciclopedia.asp,2026-09-08T14:22:06Z
227,"Solomon Corbett, Arthur j.","solomon corbett, arthur j",Solomon Corbett,Arthur j.,,5/21/1951,1951,,,,,,,no,single-source,wayback_bsnpr_players,https://web.archive.org/web/20200601011615id_/https://www.bsnpr.com/estadisticas/enciclopedia.asp,2026-09-08T14:25:42Z
228,"Bravo, Arturo","bravo, arturo",Bravo,Arturo,,,,,,,,,,no,single-source,wayback_bsnpr_players,https://web.archive.org/web/20070417033701id_/http://www.bsnpr.com:80/estadisticas/enciclopedia.asp,2026-09-08T14:22:06Z
229,"Lopez, Arturo","lopez, arturo",Lopez,Arturo,,,,,,,,,,no,single-source,wayback_bsnpr_players,https://web.archive.org/web/20070417033701id_/http://www.bsnpr.com:80/estadisticas/enciclopedia.asp,2026-09-08T14:22:06Z
230,"Jones, Askia","jones, askia",Jones,Askia,,,,,,,,,,no,single-source,wayback_bsnpr_players,https://web.archive.org/web/20070417033701id_/http://www.bsnpr.com:80/estadisticas/enciclopedia.asp,2026-09-08T14:22:06Z
231,"Torres, Ataualpa","torres, ataualpa",Torres,Ataualpa,,,,,,,,,,no,single-source,wayback_bsnpr_players,https://web.archive.org/web/20070417033701id_/http://www.bsnpr.com:80/estadisticas/enciclopedia.asp,2026-09-08T14:22:06Z
232,"Guzman, Augusto","guzman, augusto",Guzman,Augusto,,,,,,,,,,no,single-source,wayback_bsnpr_players,https://web.archive.org/web/20070417033701id_/http://www.bsnpr.com:80/estadisticas/enciclopedia.asp,2026-09-08T14:22:06Z
233,"Ramirez, Aurelio","ramirez, aurelio",Ramirez,Aurelio,Pototo,,,,,,,,,no,single-source,wayback_bsnpr_players,https://web.archive.org/web/20070417033701id_/http://www.bsnpr.com:80/estadisticas/enciclopedia.asp,2026-09-08T14:22:06Z
234,"Barrientos Valle, Axel","barrientos valle, axel",Barrientos Valle,Axel,,4/30/1973,1973,,,,,,,no,single-source,wayback_bsnpr_players,https://web.archive.org/web/20200601011615id_/https://www.bsnpr.com/estadisticas/enciclopedia.asp,2026-09-08T14:25:42Z
235,"Ramos Ortiz, Axel","ramos ortiz, axel",Ramos Ortiz,Axel,,2/13/1965,1965,,,,,,,no,single-source,wayback_bsnpr_players,https://web.archive.org/web/20200601011615id_/https://www.bsnpr.com/estadisticas/enciclopedia.asp,2026-09-08T14:25:42Z
236,"Rivera Ortiz, Estadísticas Jugador","rivera ortiz, estadisticas jugador",Rivera Ortiz,Estadísticas Jugador,,1/21/1980,1980,"Bayamon, Puerto Rico",Puerto Rico,Delantero,1999,2009,10,yes,single-source,wayback_bsnpr_players,https://web.archive.org/web/20090830021433id_/http://bsnpr.com:80/jugadores/jugador.asp?id=236&e=,2026-09-08T14:28:18Z
237,"Rodriguez Gonzalez, Axel","rodriguez gonzalez, axel",Rodriguez Gonzalez,Axel,,5/10/1968,1968,,,,,,,no,single-source,wayback_bsnpr_players,https://web.archive.org/web/20200601011615id_/https://www.bsnpr.com/estadisticas/enciclopedia.asp,2026-09-08T14:25:42Z
238,"Calderon Osorio, Estadísticas Jugador","calderon osorio, estadisticas jugador",Calderon Osorio,Estadísticas Jugador,,6/18/1975,1975,"San Juan, Puerto Rico",Puerto Rico,Delantero,1992,2007,11,yes,single-source,wayback_bsnpr_players,https://web.archive.org/web/20080410091503id_/http://www.bsnpr.com:80/jugadores/jugador.asp?id=238&e=,2026-09-08T14:28:21Z
239,"Davis, Ben","davis, ben",Davis,Ben,,12/26/1972,1972,,,,,,,no,single-source,wayback_bsnpr_players,https://web.archive.org/web/20200601011615id_/https://www.bsnpr.com/estadisticas/enciclopedia.asp,2026-09-08T14:25:42Z
240,"Alamo Negron, Benjamin","alamo negron, benjamin",Alamo Negron,Benjamin,,,,,,,,,,no,single-source,wayback_bsnpr_players,https://web.archive.org/web/20070417033701id_/http://www.bsnpr.com:80/estadisticas/enciclopedia.asp,2026-09-08T14:22:06Z
241,"Faberlle, Benjamin","faberlle, benjamin",Faberlle,Benjamin,,,,,,,,,,no,single-source,wayback_bsnpr_players,https://web.archive.org/web/20070417033701id_/http://www.bsnpr.com:80/estadisticas/enciclopedia.asp,2026-09-08T14:22:06Z
242,"Vargas Ortiz, Estadísticas Jugador","vargas ortiz, estadisticas jugador",Vargas Ortiz,Estadísticas Jugador,,1/16/1958,1958,nan,nan,No se sabe,1977,1979,3,yes,single-source,wayback_bsnpr_players,https://web.archive.org/web/20070828225703id_/http://www.bsnpr.com:80/jugadores/jugador.asp?id=242&e=,2026-09-08T14:28:23Z
243,"Benjamin, Benoit","benjamin, benoit",Benjamin,Benoit,,11/22/1964,1964,,,,,,,no,single-source,wayback_bsnpr_players,https://web.archive.org/web/20200601011615id_/https://www.bsnpr.com/estadisticas/enciclopedia.asp,2026-09-08T14:25:42Z
244,"Haslett, Bernard","haslett, bernard",Haslett,Bernard,,,,,,,,,,no,single-source,wayback_bsnpr_players,https://web.archive.org/web/20070417033701id_/http://www.bsnpr.com:80/estadisticas/enciclopedia.asp,2026-09-08T14:22:06Z
245,"Figueroa Roman, Estadísticas Jugador","figueroa roman, estadisticas jugador",Figueroa Roman,Estadísticas Jugador,,3/11/1960,1960,nan,nan,No se sabe,1978,1994,17,yes,single-source,wayback_bsnpr_players,https://web.archive.org/web/20070828225358id_/http://www.bsnpr.com:80/jugadores/jugador.asp?id=245&e=,2026-09-08T14:28:25Z
246,"Leach, Bill","leach, bill",Leach,Bill,,,,,,,,,,no,single-source,wayback_bsnpr_players,https://web.archive.org/web/20070417033701id_/http://www.bsnpr.com:80/estadisticas/enciclopedia.asp,2026-09-08T14:22:06Z
247,"Varner, Bill","varner, bill",Varner,Bill,,,,,,,,,,no,single-source,wayback_bsnpr_players,https://web.archive.org/web/20070417033701id_/http://www.bsnpr.com:80/estadisticas/enciclopedia.asp,2026-09-08T14:22:06Z
248,"Thon, Estadísticas Jugador","thon, estadisticas jugador",Thon,Estadísticas Jugador,,,,nan,nan,No se sabe,1958,1958,1,yes,single-source,wayback_bsnpr_players,https://web.archive.org/web/20070829035334id_/http://www.bsnpr.com:80/jugadores/jugador.asp?id=248&e=,2026-09-08T14:28:26Z
249,"Carter Gaudino, Bj","carter gaudino, bj",Carter Gaudino,Bj,,6/23/1968,1968,,,,,,,no,single-source,wayback_bsnpr_players,https://web.archive.org/web/20200601011615id_/https://www.bsnpr.com/estadisticas/enciclopedia.asp,2026-09-08T14:25:42Z
250,"Mcann, Bob","mcann, bob",Mcann,Bob,,,,,,,,,,no,single-source,wayback_bsnpr_players,https://web.archive.org/web/20070417033701id_/http://www.bsnpr.com:80/estadisticas/enciclopedia.asp,2026-09-08T14:22:06Z
251,"Brannen, Estadísticas Jugador","brannen, estadisticas jugador",Brannen,Estadísticas Jugador,,9/21/1975,1975,"Cincinnati, USA",USA,Delantero,2006,2007,2,yes,single-source,wayback_bsnpr_players,https://web.archive.org/web/20080224181618id_/http://www.bsnpr.com:80/jugadores/jugador.asp?id=251&e=11,2026-09-08T14:28:28Z
252,"Rosario, Estadísticas Jugador","rosario, estadisticas jugador",Rosario,Estadísticas Jugador,,,,nan,nan,No se sabe,1973,1973,1,yes,single-source,wayback_bsnpr_players,https://web.archive.org/web/20070829042530id_/http://www.bsnpr.com:80/jugadores/jugador.asp?id=252&e=,2026-09-08T14:28:30Z
253,"Pacheco Nevares, Bradley","pacheco nevares, bradley",Pacheco Nevares,Bradley,,4/23/1959,1959,,,,,,,no,single-source,wayback_bsnpr_players,https://web.archive.org/web/20200601011615id_/https://www.bsnpr.com/estadisticas/enciclopedia.asp,2026-09-08T14:25:42Z
254,"Bonilla Ortiz, Braulio","bonilla ortiz, braulio",Bonilla Ortiz,Braulio,,5/31/1965,1965,,,,,,,no,single-source,wayback_bsnpr_players,https://web.archive.org/web/20200601011615id_/https://www.bsnpr.com/estadisticas/enciclopedia.asp,2026-09-08T14:25:42Z
255,"Blake De castro, Brian","blake de castro, brian",Blake De castro,Brian,,3/8/1946,1946,,,,,,,no,single-source,wayback_bsnpr_players,https://web.archive.org/web/20200601011615id_/https://www.bsnpr.com/estadisticas/enciclopedia.asp,2026-09-08T14:25:42Z
256,"Chandell, Brian","chandell, brian",Chandell,Brian,,,,,,,,,,no,single-source,wayback_bsnpr_players,https://web.archive.org/web/20070417033701id_/http://www.bsnpr.com:80/estadisticas/enciclopedia.asp,2026-09-08T14:22:06Z
257,"Sallier, Estadísticas Jugador","sallier, estadisticas jugador",Sallier,Estadísticas Jugador,,,,nan,nan,No se sabe,2003,2003,1,yes,single-source,wayback_bsnpr_players,https://web.archive.org/web/20070828224229id_/http://www.bsnpr.com:80/jugadores/jugador.asp?id=257&e=,2026-09-08T14:28:32Z
258,"Santos Figueroa, Estadísticas Jugador","santos figueroa, estadisticas jugador",Santos Figueroa,Estadísticas Jugador,,8/4/1970,1970,nan,nan,No se sabe,1990,1990,1,yes,single-source,wayback_bsnpr_players,https://web.archive.org/web/20070828225136id_/http://www.bsnpr.com:80/jugadores/jugador.asp?id=258&e=,2026-09-08T14:28:34Z
259,"Alicea, Estadísticas Jugador","alicea, estadisticas jugador",Alicea,Estadísticas Jugador,,,,nan,nan,No se sabe,1970,1970,1,yes,single-source,wayback_bsnpr_players,https://web.archive.org/web/20070828230933id_/http://www.bsnpr.com:80/jugadores/jugador.asp?id=259&e=,2026-09-08T14:28:36Z
260,"Notree, Bryan","notree, bryan",Notree,Bryan,,,,,,,,,,no,single-source,wayback_bsnpr_players,https://web.archive.org/web/20070417033701id_/http://www.bsnpr.com:80/estadisticas/enciclopedia.asp,2026-09-08T14:22:06Z
261,"Santiago, Bryan","santiago, bryan",Santiago,Bryan,,,,,,,,,,no,single-source,wayback_bsnpr_players,https://web.archive.org/web/20070417033701id_/http://www.bsnpr.com:80/estadisticas/enciclopedia.asp,2026-09-08T14:22:06Z
262,"Collins, Estadísticas Jugador","collins, estadisticas jugador",Collins,Estadísticas Jugador,,,,nan,nan,No se sabe,1997,1997,1,yes,single-source,wayback_bsnpr_players,https://web.archive.org/web/20070829035034id_/http://www.bsnpr.com:80/jugadores/jugador.asp?id=262&e=,2026-09-08T14:28:37Z
263,"Wilson, Byron","wilson, byron",Wilson,Byron,,,,,,,,,,no,single-source,wayback_bsnpr_players,https://web.archive.org/web/20070417033701id_/http://www.bsnpr.com:80/estadisticas/enciclopedia.asp,2026-09-08T14:22:06Z
264,"Benison Valencia, Cameron","benison valencia, cameron",Benison Valencia,Cameron,,12/20/1982,1982,,,,,,,no,single-source,wayback_bsnpr_players,https://web.archive.org/web/20200601011615id_/https://www.bsnpr.com/estadisticas/enciclopedia.asp,2026-09-08T14:25:42Z
265,"Dominguez Rivera, Estadísticas Jugador","dominguez rivera, estadisticas jugador",Dominguez Rivera,Estadísticas Jugador,,4/19/1971,1971,nan,nan,No se sabe,1991,1994,3,yes,single-source,wayback_bsnpr_players,https://web.archive.org/web/20070829040541id_/http://www.bsnpr.com:80/jugadores/jugador.asp?id=265&e=,2026-09-08T14:28:39Z
266,"Diaz Rivera, Candelario","diaz rivera, candelario",Diaz Rivera,Candelario,,10/1/1969,1969,,,,,,,no,single-source,wayback_bsnpr_players,https://web.archive.org/web/20200601011615id_/https://www.bsnpr.com/estadisticas/enciclopedia.asp,2026-09-08T14:25:42Z
267,"Alamo, Estadísticas Jugador","alamo, estadisticas jugador",Alamo,Estadísticas Jugador,,,,nan,nan,No se sabe,1974,1974,1,yes,single-source,wayback_bsnpr_players,https://web.archive.org/web/20070828230423id_/http://www.bsnpr.com:80/jugadores/jugador.asp?id=267&e=,2026-09-08T14:28:41Z
268,"Alamo, Estadísticas Jugador","alamo, estadisticas jugador",Alamo,Estadísticas Jugador,,11/17/1955,1955,nan,nan,No se sabe,1975,1976,2,yes,single-source,wayback_bsnpr_players,https://web.archive.org/web/20070828224218id_/http://www.bsnpr.com:80/jugadores/jugador.asp?id=268&e=,2026-09-08T14:28:43Z
269,"Lewis, Estadísticas Jugador","lewis, estadisticas jugador",Lewis,Estadísticas Jugador,,,,nan,nan,No se sabe,2000,2000,1,yes,single-source,wayback_bsnpr_players,https://web.archive.org/web/20070828230633id_/http://www.bsnpr.com:80/jugadores/jugador.asp?id=269&e=,2026-09-08T14:28:45Z
270,"Simpson, Carl","simpson, carl",Simpson,Carl,,,,,,,,,,no,single-source,wayback_bsnpr_players,https://web.archive.org/web/20070417033701id_/http://www.bsnpr.com:80/estadisticas/enciclopedia.asp,2026-09-08T14:22:06Z
271,"Alomar, Carlos","alomar, carlos",Alomar,Carlos,,,,,,,,,,no,single-source,wayback_bsnpr_players,https://web.archive.org/web/20070417033701id_/http://www.bsnpr.com:80/estadisticas/enciclopedia.asp,2026-09-08T14:22:06Z
272,"Aparicio, Carlos","aparicio, carlos",Aparicio,Carlos,,,,,,,,,,no,single-source,wayback_bsnpr_players,https://web.archive.org/web/20070417033701id_/http://www.bsnpr.com:80/estadisticas/enciclopedia.asp,2026-09-08T14:22:06Z
273,"Arroyo Bermúdez, Carlos A.","arroyo bermudez, carlos a",Arroyo Bermúdez,Carlos A.,,7/30/1979,1979,"Fajardo, Puerto Rico",Puerto Rico,Armador,1996,2017,10,yes,single-source,wayback_bsnpr_players,https://web.archive.org/web/20170715120129id_/http://www.bsnpr.com:80/jugadores/jugador.asp?id=273&e=,2026-09-08T14:28:47Z
274,"Arzuaga Machado, Carlos","arzuaga machado, carlos",Arzuaga Machado,Carlos,,1/26/1967,1967,,,,,,,no,single-source,wayback_bsnpr_players,https://web.archive.org/web/20200601011615id_/https://www.bsnpr.com/estadisticas/enciclopedia.asp,2026-09-08T14:25:42Z
275,"Bermudez Bastard, Carlos","bermudez bastard, carlos",Bermudez Bastard,Carlos,,4/20/1982,1982,,,,,,,no,single-source,wayback_bsnpr_players,https://web.archive.org/web/20200601011615id_/https://www.bsnpr.com/estadisticas/enciclopedia.asp,2026-09-08T14:25:42Z
276,"Cains, Carlos","cains, carlos",Cains,Carlos,,,,,,,,,,no,single-source,wayback_bsnpr_players,https://web.archive.org/web/20070417033701id_/http://www.bsnpr.com:80/estadisticas/enciclopedia.asp,2026-09-08T14:22:06Z
277,"Calcaño Clausell, Estadísticas Jugador","calcano clausell, estadisticas jugador",Calcaño Clausell,Estadísticas Jugador,,4/9/1953,1953,nan,nan,No se sabe,1971,1984,14,yes,single-source,wayback_bsnpr_players,https://web.archive.org/web/20070829040006id_/http://www.bsnpr.com:80/jugadores/jugador.asp?id=277&e=,2026-09-08T14:28:49Z
278,"Cancel Ruiz, Estadísticas Jugador","cancel ruiz, estadisticas jugador",Cancel Ruiz,Estadísticas Jugador,,,,nan,nan,No se sabe,1992,1992,1,yes,single-source,wayback_bsnpr_players,https://web.archive.org/web/20070828231415id_/http://www.bsnpr.com:80/jugadores/jugador.asp?id=278&e=,2026-09-08T14:28:50Z
279,"Collazo Ramirez, Estadísticas Jugador","collazo ramirez, estadisticas jugador",Collazo Ramirez,Estadísticas Jugador,,8/18/1983,1983,"Vega Baja, Puerto Rico",Puerto Rico,Delantero/Centro,2003,2009,4,yes,single-source,wayback_bsnpr_players,https://web.archive.org/web/20100216125752id_/http://www.bsnpr.com:80/jugadores/jugador.asp?id=279&e=5,2026-09-08T14:28:52Z
280,"Cortes Diaz, Carlos","cortes diaz, carlos",Cortes Diaz,Carlos,,,,,,,,,,no,single-source,wayback_bsnpr_players,https://web.archive.org/web/20070417033701id_/http://www.bsnpr.com:80/estadisticas/enciclopedia.asp,2026-09-08T14:22:06Z
281,"Cortes Diaz, Carlos","cortes diaz, carlos",Cortes Diaz,Carlos,,,,,,,,,,no,single-source,wayback_bsnpr_players,https://web.archive.org/web/20070417033701id_/http://www.bsnpr.com:80/estadisticas/enciclopedia.asp,2026-09-08T14:22:06Z
282,"Delgado, Carlos","delgado, carlos",Delgado,Carlos,,,,,,,,,,no,single-source,wayback_bsnpr_players,https://web.archive.org/web/20070417033701id_/http://www.bsnpr.com:80/estadisticas/enciclopedia.asp,2026-09-08T14:22:06Z
283,"Diaz Rivera, Estadísticas Jugador","diaz rivera, estadisticas jugador",Diaz Rivera,Estadísticas Jugador,,,,nan,nan,No se sabe,1996,1997,2,yes,single-source,wayback_bsnpr_players,https://web.archive.org/web/20070829040552id_/http://www.bsnpr.com:80/jugadores/jugador.asp?id=283&e=,2026-09-08T14:28:54Z
284,"Escalera Gonzalez, Carlos","escalera gonzalez, carlos",Escalera Gonzalez,Carlos,,2/17/1979,1979,"San Juan, Puerto Rico",Puerto Rico,Escolta,1997,2013,17,yes,single-source,wayback_bsnpr_players,https://web.archive.org/web/20180829212304id_/https://www.bsnpr.com/jugadores/jugador.asp?id=284&e,2026-09-08T14:28:56Z
285,"Faberlle, Carlos","faberlle, carlos",Faberlle,Carlos,,,,,,,,,,no,single-source,wayback_bsnpr_players,https://web.archive.org/web/20070417033701id_/http://www.bsnpr.com:80/estadisticas/enciclopedia.asp,2026-09-08T14:22:06Z
286,"Figueroa, Estadísticas Jugador","figueroa, estadisticas jugador",Figueroa,Estadísticas Jugador,,,,nan,nan,No se sabe,1960,1961,2,yes,single-source,wayback_bsnpr_players,https://web.archive.org/web/20070828224652id_/http://www.bsnpr.com:80/jugadores/jugador.asp?id=286&e=,2026-09-08T14:28:58Z
287,"Garcia, Carlos","garcia, carlos",Garcia,Carlos,,,,,,,,,,no,single-source,wayback_bsnpr_players,https://web.archive.org/web/20070417033701id_/http://www.bsnpr.com:80/estadisticas/enciclopedia.asp,2026-09-08T14:22:06Z
288,"Gonzalez, Estadísticas Jugador","gonzalez, estadisticas jugador",Gonzalez,Estadísticas Jugador,,,,nan,nan,No se sabe,1960,1962,2,yes,single-source,wayback_bsnpr_players,https://web.archive.org/web/20070828230312id_/http://www.bsnpr.com:80/jugadores/jugador.asp?id=288&e=,2026-09-08T14:29:00Z
289,"Hernandez Fernandez, Carlos","hernandez fernandez, carlos",Hernandez Fernandez,Carlos,,1/9/1951,1951,,,,,,,no,single-source,wayback_bsnpr_players,https://web.archive.org/web/20200601011615id_/https://www.bsnpr.com/estadisticas/enciclopedia.asp,2026-09-08T14:25:42Z
290,"Iglesias, Carlos","iglesias, carlos",Iglesias,Carlos,,,,,,,,,,no,single-source,wayback_bsnpr_players,https://web.archive.org/web/20070417033701id_/http://www.bsnpr.com:80/estadisticas/enciclopedia.asp,2026-09-08T14:22:06Z
291,"Jove Fuentes, Carlos","jove fuentes, carlos",Jove Fuentes,Carlos,,5/3/1968,1968,,,,,,,no,single-source,wayback_bsnpr_players,https://web.archive.org/web/20200601011615id_/https://www.bsnpr.com/estadisticas/enciclopedia.asp,2026-09-08T14:25:42Z
292,"Lopez Gelica, Carlos","lopez gelica, carlos",Lopez Gelica,Carlos,,10/14/1956,1956,,,,,,,no,single-source,wayback_bsnpr_players,https://web.archive.org/web/20200601011615id_/https://www.bsnpr.com/estadisticas/enciclopedia.asp,2026-09-08T14:25:42Z
293,"Lopez Thomas, Estadísticas Jugador","lopez thomas, estadisticas jugador",Lopez Thomas,Estadísticas Jugador,,,,nan,nan,No se sabe,1993,1994,2,yes,single-source,wayback_bsnpr_players,https://web.archive.org/web/20070828231438id_/http://www.bsnpr.com:80/jugadores/jugador.asp?id=293&e=,2026-09-08T14:29:02Z
294,"Martinez Vega, Carlos","martinez vega, carlos",Martinez Vega,Carlos,,,,,,,,,,no,single-source,wayback_bsnpr_players,https://web.archive.org/web/20070417033701id_/http://www.bsnpr.com:80/estadisticas/enciclopedia.asp,2026-09-08T14:22:06Z
295,"Martinez Vega, Carlos","martinez vega, carlos",Martinez Vega,Carlos,,,,,,,,,,no,single-source,wayback_bsnpr_players,https://web.archive.org/web/20070417033701id_/http://www.bsnpr.com:80/estadisticas/enciclopedia.asp,2026-09-08T14:22:06Z
296,"Mercado, Carlos","mercado, carlos",Mercado,Carlos,,,,,,,,,,no,single-source,wayback_bsnpr_players,https://web.archive.org/web/20070417033701id_/http://www.bsnpr.com:80/estadisticas/enciclopedia.asp,2026-09-08T14:22:06Z
297,"Monserrate, Carlos","monserrate, carlos",Monserrate,Carlos,,,,,,,,,,no,single-source,wayback_bsnpr_players,https://web.archive.org/web/20070417033701id_/http://www.bsnpr.com:80/estadisticas/enciclopedia.asp,2026-09-08T14:22:06Z
298,"Morales Matos, Carlos","morales matos, carlos",Morales Matos,Carlos,,8/30/1957,1957,,,,,,,no,single-source,wayback_bsnpr_players,https://web.archive.org/web/20200601011615id_/https://www.bsnpr.com/estadisticas/enciclopedia.asp,2026-09-08T14:25:42Z
299,"Morganty, Estadísticas Jugador","morganty, estadisticas jugador",Morganty,Estadísticas Jugador,,,,nan,nan,No se sabe,1974,1974,1,yes,single-source,wayback_bsnpr_players,https://web.archive.org/web/20070829035620id_/http://www.bsnpr.com:80/jugadores/jugador.asp?id=299&e=,2026-09-08T14:29:03Z
300,"Navarro, Estadísticas Jugador","navarro, estadisticas jugador",Navarro,Estadísticas Jugador,,,,nan,nan,No se sabe,1971,1971,1,yes,single-source,wayback_bsnpr_players,https://web.archive.org/web/20070829040227id_/http://www.bsnpr.com:80/jugadores/jugador.asp?id=300&e=,2026-09-08T14:29:05Z
301,"Ortiz, Estadísticas Jugador","ortiz, estadisticas jugador",Ortiz,Estadísticas Jugador,,7/9/1968,1968,nan,nan,No se sabe,1984,1987,4,yes,single-source,wayback_bsnpr_players,https://web.archive.org/web/20070828230943id_/http://www.bsnpr.com:80/jugadores/jugador.asp?id=301&e=,2026-09-08T14:29:07Z
302,"Ortiz, Carlos","ortiz, carlos",Ortiz,Carlos,,,,,,,,,,no,single-source,wayback_bsnpr_players,https://web.archive.org/web/20070417033701id_/http://www.bsnpr.com:80/estadisticas/enciclopedia.asp,2026-09-08T14:22:06Z
303,"Pesquera, Carlos","pesquera, carlos",Pesquera,Carlos,,,,,,,,,,no,single-source,wayback_bsnpr_players,https://web.archive.org/web/20070417033701id_/http://www.bsnpr.com:80/estadisticas/enciclopedia.asp,2026-09-08T14:22:06Z
304,"Prieto Resto, Carlos","prieto resto, carlos",Prieto Resto,Carlos,,3/25/1952,1952,,,,,,,no,single-source,wayback_bsnpr_players,https://web.archive.org/web/20200601011615id_/https://www.bsnpr.com/estadisticas/enciclopedia.asp,2026-09-08T14:25:42Z
305,"Ramos Colon, Estadísticas Jugador","ramos colon, estadisticas jugador",Ramos Colon,Estadísticas Jugador,,10/17/1961,1961,nan,nan,No se sabe,1986,1989,4,yes,single-source,wayback_bsnpr_players,https://web.archive.org/web/20070829035517id_/http://www.bsnpr.com:80/jugadores/jugador.asp?id=305&e=,2026-09-08T14:29:09Z
306,"Rivera Martinez, Carlos","rivera martinez, carlos",Rivera Martinez,Carlos,,3/5/1964,1964,,,,,,,no,single-source,wayback_bsnpr_players,https://web.archive.org/web/20200601011615id_/https://www.bsnpr.com/estadisticas/enciclopedia.asp,2026-09-08T14:25:42Z
307,"Rockshead, Estadísticas Jugador","rockshead, estadisticas jugador",Rockshead,Estadísticas Jugador,,,,nan,nan,No se sabe,1996,1997,2,yes,single-source,wayback_bsnpr_players,https://web.archive.org/web/20070828231310id_/http://www.bsnpr.com:80/jugadores/jugador.asp?id=307&e=,2026-09-08T14:29:10Z
308,"Rodriguez Vega, Carlos","rodriguez vega, carlos",Rodriguez Vega,Carlos,,,,,,,,,,no,single-source,wayback_bsnpr_players,https://web.archive.org/web/20070417033701id_/http://www.bsnpr.com:80/estadisticas/enciclopedia.asp,2026-09-08T14:22:06Z
309,"Roig Escabra, Carlos","roig escabra, carlos",Roig Escabra,Carlos,,8/1/1968,1968,,,,,,,no,single-source,wayback_bsnpr_players,https://web.archive.org/web/20200601011615id_/https://www.bsnpr.com/estadisticas/enciclopedia.asp,2026-09-08T14:25:42Z
310,"Rolon Vega, Carlos","rolon vega, carlos",Rolon Vega,Carlos,,,,,,,,,,no,single-source,wayback_bsnpr_players,https://web.archive.org/web/20070417033701id_/http://www.bsnpr.com:80/estadisticas/enciclopedia.asp,2026-09-08T14:22:06Z
311,"Roman, Estadísticas Jugador","roman, estadisticas jugador",Roman,Estadísticas Jugador,,,,nan,nan,No se sabe,1958,1963,6,yes,single-source,wayback_bsnpr_players,https://web.archive.org/web/20070829035028id_/http://www.bsnpr.com:80/jugadores/jugador.asp?id=311&e=,2026-09-08T14:29:12Z
312,"Sanchez Pagan, Carlos","sanchez pagan, carlos",Sanchez Pagan,Carlos,,1/7/1971,1971,,,,,,,no,single-source,wayback_bsnpr_players,https://web.archive.org/web/20200601011615id_/https://www.bsnpr.com/estadisticas/enciclopedia.asp,2026-09-08T14:25:42Z
313,"Santiago, Carlos","santiago, carlos",Santiago,Carlos,,,,,,,,,,no,single-source,wayback_bsnpr_players,https://web.archive.org/web/20070417033701id_/http://www.bsnpr.com:80/estadisticas/enciclopedia.asp,2026-09-08T14:22:06Z
314,"Silen, Carlos","silen, carlos",Silen,Carlos,,,,,,,,,,no,single-source,wayback_bsnpr_players,https://web.archive.org/web/20070417033701id_/http://www.bsnpr.com:80/estadisticas/enciclopedia.asp,2026-09-08T14:22:06Z
315,"Siverio, Carlos","siverio, carlos",Siverio,Carlos,,,,,,,,,,no,single-source,wayback_bsnpr_players,https://web.archive.org/web/20070417033701id_/http://www.bsnpr.com:80/estadisticas/enciclopedia.asp,2026-09-08T14:22:06Z
316,"Sotomayor, Carlos","sotomayor, carlos",Sotomayor,Carlos,,,,,,,,,,no,single-source,wayback_bsnpr_players,https://web.archive.org/web/20070417033701id_/http://www.bsnpr.com:80/estadisticas/enciclopedia.asp,2026-09-08T14:22:06Z
317,"Suarez, Carlos","suarez, carlos",Suarez,Carlos,,,,,,,,,,no,single-source,wayback_bsnpr_players,https://web.archive.org/web/20070417033701id_/http://www.bsnpr.com:80/estadisticas/enciclopedia.asp,2026-09-08T14:22:06Z
318,"Valentin Morales, Carlos","valentin morales, carlos",Valentin Morales,Carlos,,7/20/1966,1966,,,,,,,no,single-source,wayback_bsnpr_players,https://web.archive.org/web/20200601011615id_/https://www.bsnpr.com/estadisticas/enciclopedia.asp,2026-09-08T14:25:42Z
319,"Velez, Estadísticas Jugador","velez, estadisticas jugador",Velez,Estadísticas Jugador,,,,nan,nan,No se sabe,1956,1957,2,yes,single-source,wayback_bsnpr_players,https://web.archive.org/web/20070829035436id_/http://www.bsnpr.com:80/jugadores/jugador.asp?id=319&e=,2026-09-08T14:29:14Z
320,"Rivera Camacho, Estadísticas Jugador","rivera camacho, estadisticas jugador",Rivera Camacho,Estadísticas Jugador,cayito,1/4/1979,1979,nan,nan,Armador,1996,2007,12,yes,single-source,wayback_bsnpr_players,https://web.archive.org/web/20080410091522id_/http://www.bsnpr.com:80/jugadores/jugador.asp?id=320&e=,2026-09-08T14:29:17Z
321,"Lanauze Montalvo, Carlos","lanauze montalvo, carlos",Lanauze Montalvo,Carlos,charlie,6/24/1970,1970,,,,,,,no,single-source,wayback_bsnpr_players,https://web.archive.org/web/20200601011615id_/https://www.bsnpr.com/estadisticas/enciclopedia.asp,2026-09-08T14:25:42Z
322,"Bonilla, Carlos (1)","bonilla, carlos 1",Bonilla,Carlos (1),,,,,,,,,,no,single-source,wayback_bsnpr_players,https://web.archive.org/web/20070417033701id_/http://www.bsnpr.com:80/estadisticas/enciclopedia.asp,2026-09-08T14:22:06Z
323,"Bonilla, Carlos (2)","bonilla, carlos 2",Bonilla,Carlos (2),,,,,,,,,,no,single-source,wayback_bsnpr_players,https://web.archive.org/web/20070417033701id_/http://www.bsnpr.com:80/estadisticas/enciclopedia.asp,2026-09-08T14:22:06Z
324,"Costoso Claussells, Carlos a.","costoso claussells, carlos a",Costoso Claussells,Carlos a.,,3/31/1965,1965,,,,,,,no,single-source,wayback_bsnpr_players,https://web.archive.org/web/20200601011615id_/https://www.bsnpr.com/estadisticas/enciclopedia.asp,2026-09-08T14:25:42Z
325,"Cruz Diaz, Estadísticas Jugador","cruz diaz, estadisticas jugador",Cruz Diaz,Estadísticas Jugador,,6/12/1963,1963,nan,nan,No se sabe,1987,1988,2,yes,single-source,wayback_bsnpr_players,https://web.archive.org/web/20070828225337id_/http://www.bsnpr.com:80/jugadores/jugador.asp?id=325&e=,2026-09-08T14:29:19Z
326,"Martinez, Estadísticas Jugador","martinez, estadisticas jugador",Martinez,Estadísticas Jugador,,10/15/1949,1949,nan,nan,No se sabe,1972,1978,5,yes,single-source,wayback_bsnpr_players,https://web.archive.org/web/20070828225221id_/http://www.bsnpr.com:80/jugadores/jugador.asp?id=326&e=,2026-09-08T14:29:21Z
327,"Villanueva Rivera, Carlos a.","villanueva rivera, carlos a",Villanueva Rivera,Carlos a.,,7/27/1957,1957,,,,,,,no,single-source,wayback_bsnpr_players,https://web.archive.org/web/20200601011615id_/https://www.bsnpr.com/estadisticas/enciclopedia.asp,2026-09-08T14:25:42Z
328,"Robles Vazquez, Carlos alexis","robles vazquez, carlos alexis",Robles Vazquez,Carlos alexis,,,,,,,,,,no,single-source,wayback_bsnpr_players,https://web.archive.org/web/20070417033701id_/http://www.bsnpr.com:80/estadisticas/enciclopedia.asp,2026-09-08T14:22:06Z
329,"Padilla Vargas, Carlos angel","padilla vargas, carlos angel",Padilla Vargas,Carlos angel,,,,,,,,,,no,single-source,wayback_bsnpr_players,https://web.archive.org/web/20070417033701id_/http://www.bsnpr.com:80/estadisticas/enciclopedia.asp,2026-09-08T14:22:06Z
330,"Martinez Torres, Carlos b.","martinez torres, carlos b",Martinez Torres,Carlos b.,,10/15/1960,1960,,,,,,,no,single-source,wayback_bsnpr_players,https://web.archive.org/web/20200601011615id_/https://www.bsnpr.com/estadisticas/enciclopedia.asp,2026-09-08T14:25:42Z
331,"Salgado Castrello, Estadísticas Jugador","salgado castrello, estadisticas jugador",Salgado Castrello,Estadísticas Jugador,,11/20/1957,1957,nan,nan,No se sabe,1976,1977,2,yes,single-source,wayback_bsnpr_players,https://web.archive.org/web/20070828230722id_/http://www.bsnpr.com:80/jugadores/jugador.asp?id=331&e=,2026-09-08T14:29:26Z
332,"Marrero Lorenzo, Carlos i.","marrero lorenzo, carlos i",Marrero Lorenzo,Carlos i.,,7/17/1969,1969,,,,,,,no,single-source,wayback_bsnpr_players,https://web.archive.org/web/20200601011615id_/https://www.bsnpr.com/estadisticas/enciclopedia.asp,2026-09-08T14:25:42Z
333,"Figueroa Laboy, Carlos manuel","figueroa laboy, carlos manuel",Figueroa Laboy,Carlos manuel,,,,,,,,,,no,single-source,wayback_bsnpr_players,https://web.archive.org/web/20070417033701id_/http://www.bsnpr.com:80/estadisticas/enciclopedia.asp,2026-09-08T14:22:06Z
334,"Bermudez Torres, Carlos","bermudez torres, carlos",Bermudez Torres,Carlos,Charlie,7/1/1951,1951,"Santurce, Puerto Rico",Puerto Rico,Centro,1970,1984,15,yes,single-source,wayback_bsnpr_players,https://web.archive.org/web/20171029065957id_/http://www.bsnpr.com/jugadores/jugador.asp?id=334,2026-09-08T14:29:27Z
335,"Payano Ocasio, Estadísticas Jugador","payano ocasio, estadisticas jugador",Payano Ocasio,Estadísticas Jugador,,2/6/1971,1971,"Rio Piedras, Puerto Rico",Puerto Rico,Alero,1991,2009,18,yes,single-source,wayback_bsnpr_players,https://web.archive.org/web/20091209055642id_/http://www.bsnpr.com:80/jugadores/jugador.asp?id=335&e=,2026-09-08T14:29:29Z
336,"Vazquez Virola, Estadísticas Jugador","vazquez virola, estadisticas jugador",Vazquez Virola,Estadísticas Jugador,,2/28/1975,1975,nan,nan,No se sabe,1991,1999,8,yes,single-source,wayback_bsnpr_players,https://web.archive.org/web/20070829035136id_/http://www.bsnpr.com:80/jugadores/jugador.asp?id=336&e=,2026-09-08T14:29:31Z
337,"Velazquez Torres, Estadísticas Jugador","velazquez torres, estadisticas jugador",Velazquez Torres,Estadísticas Jugador,,8/11/1959,1959,nan,nan,No se sabe,1978,1978,1,yes,single-source,wayback_bsnpr_players,https://web.archive.org/web/20070829035213id_/http://www.bsnpr.com:80/jugadores/jugador.asp?id=337&e=,2026-09-08T14:29:33Z
338,"Rivera Ruiz, Carlos Ruben","rivera ruiz, carlos ruben",Rivera Ruiz,Carlos Ruben,,2/5/1983,1983,"Mayagüez, Puerto Rico",Puerto Rico,Armador,1999,2017,13,yes,single-source,wayback_bsnpr_players,https://web.archive.org/web/20171030093822id_/http://www.bsnpr.com/jugadores/jugador.asp?id=338,2026-09-08T14:29:35Z
339,"Vega Ramos, Carlos samuel","vega ramos, carlos samuel",Vega Ramos,Carlos samuel,,8/20/1962,1962,,,,,,,no,single-source,wayback_bsnpr_players,https://web.archive.org/web/20200601011615id_/https://www.bsnpr.com/estadisticas/enciclopedia.asp,2026-09-08T14:25:42Z
340,"Grove, Carlus","grove, carlus",Grove,Carlus,,1/5/1971,1971,,,,,,,no,single-source,wayback_bsnpr_players,https://web.archive.org/web/20200601011615id_/https://www.bsnpr.com/estadisticas/enciclopedia.asp,2026-09-08T14:25:42Z
341,"Figueroa, Carmelo","figueroa, carmelo",Figueroa,Carmelo,,,,,,,,,,no,single-source,wayback_bsnpr_players,https://web.archive.org/web/20070417033701id_/http://www.bsnpr.com:80/estadisticas/enciclopedia.asp,2026-09-08T14:22:06Z
342,"Oquendo Filomens, Carmelo","oquendo filomens, carmelo",Oquendo Filomens,Carmelo,,,,,,,,,,no,single-source,wayback_bsnpr_players,https://web.archive.org/web/20070417033701id_/http://www.bsnpr.com:80/estadisticas/enciclopedia.asp,2026-09-08T14:22:06Z
343,"Rosa Ortiz, Carmelo","rosa ortiz, carmelo",Rosa Ortiz,Carmelo,,1/5/1958,1958,,,,,,,no,single-source,wayback_bsnpr_players,https://web.archive.org/web/20200601011615id_/https://www.bsnpr.com/estadisticas/enciclopedia.asp,2026-09-08T14:25:42Z
344,"Travieso Peña, Carmelo","travieso pena, carmelo",Travieso Peña,Carmelo,,9/5/1975,1975,,,,,,,no,single-source,wayback_bsnpr_players,https://web.archive.org/web/20200601011615id_/https://www.bsnpr.com/estadisticas/enciclopedia.asp,2026-09-08T14:25:42Z
345,"Travieso Peña, Carmelo","travieso pena, carmelo",Travieso Peña,Carmelo,,9/5/1975,1975,,,,,,,no,single-source,wayback_bsnpr_players,https://web.archive.org/web/20200601011615id_/https://www.bsnpr.com/estadisticas/enciclopedia.asp,2026-09-08T14:25:42Z
346,"Travieso Peña, Carmelo","travieso pena, carmelo",Travieso Peña,Carmelo,,9/5/1975,1975,,,,,,,no,single-source,wayback_bsnpr_players,https://web.archive.org/web/20200601011615id_/https://www.bsnpr.com/estadisticas/enciclopedia.asp,2026-09-08T14:25:42Z
347,"Travieso Peña, Carmelo","travieso pena, carmelo",Travieso Peña,Carmelo,,9/5/1975,1975,,,,,,,no,single-source,wayback_bsnpr_players,https://web.archive.org/web/20200601011615id_/https://www.bsnpr.com/estadisticas/enciclopedia.asp,2026-09-08T14:25:42Z
348,"Verdejo, Carmelo","verdejo, carmelo",Verdejo,Carmelo,,10/3/1955,1955,,,,,,,no,single-source,wayback_bsnpr_players,https://web.archive.org/web/20200601011615id_/https://www.bsnpr.com/estadisticas/enciclopedia.asp,2026-09-08T14:25:42Z
349,"Lee, Carmelo Antrone","lee, carmelo antrone",Lee,Carmelo Antrone,,6/7/1977,1977,"Atlanta, Georgia",Georgia,Escolta/Alero,2005,2013,9,yes,single-source,wayback_bsnpr_players,https://web.archive.org/web/20140122200649id_/http://www.bsnpr.com:80/jugadores/jugador.asp?id=349&e=,2026-09-08T14:29:36Z
350,"Gonzalez Iglesia, Catalino","gonzalez iglesia, catalino",Gonzalez Iglesia,Catalino,,2/9/1958,1958,,,,,,,no,single-source,wayback_bsnpr_players,https://web.archive.org/web/20200601011615id_/https://www.bsnpr.com/estadisticas/enciclopedia.asp,2026-09-08T14:25:42Z
351,"Crespo Lopez, Cecilio","crespo lopez, cecilio",Crespo Lopez,Cecilio,,12/30/1960,1960,,,,,,,no,single-source,wayback_bsnpr_players,https://web.archive.org/web/20200601011615id_/https://www.bsnpr.com/estadisticas/enciclopedia.asp,2026-09-08T14:25:42Z
352,"Anderson, Cedrick","anderson, cedrick",Anderson,Cedrick,,,,,,,,,,no,single-source,wayback_bsnpr_players,https://web.archive.org/web/20070417033701id_/http://www.bsnpr.com:80/estadisticas/enciclopedia.asp,2026-09-08T14:22:06Z
353,"Carrasquillo Milian, Cesar","carrasquillo milian, cesar",Carrasquillo Milian,Cesar,,4/7/1975,1975,,,,,,,no,single-source,wayback_bsnpr_players,https://web.archive.org/web/20200601011615id_/https://www.bsnpr.com/estadisticas/enciclopedia.asp,2026-09-08T14:25:42Z
354,"Fantauzzi Basanet, Cesar","fantauzzi basanet, cesar",Fantauzzi Basanet,Cesar,,7/27/1957,1957,nan,nan,No se sabe,1974,1987,12,yes,single-source,wayback_bsnpr_players,https://web.archive.org/web/20171030093600id_/http://www.bsnpr.com/jugadores/jugador.asp?id=354,2026-09-08T14:29:38Z
355,"Vizcarrondo, Estadísticas Jugador","vizcarrondo, estadisticas jugador",Vizcarrondo,Estadísticas Jugador,,,,nan,nan,No se sabe,2001,2002,2,yes,single-source,wayback_bsnpr_players,https://web.archive.org/web/20070829040535id_/http://www.bsnpr.com:80/jugadores/jugador.asp?id=355&e=,2026-09-08T14:29:41Z
356,"Bocachica, Cesar","bocachica, cesar",Bocachica,Cesar,,7/28/1938,1938,,,,,,,no,single-source,wayback_bsnpr_players,https://web.archive.org/web/20200601011615id_/https://www.bsnpr.com/estadisticas/enciclopedia.asp,2026-09-08T14:25:42Z
357,"Bocachica Salvador, Estadísticas Jugador","bocachica salvador, estadisticas jugador",Bocachica Salvador,Estadísticas Jugador,,8/21/1972,1972,"Ponce, Puerto Rico",Puerto Rico,Delantero,1991,2007,17,yes,single-source,wayback_bsnpr_players,https://web.archive.org/web/20080229015214id_/http://www.bsnpr.com:80/jugadores/jugador.asp?id=357&e=5,2026-09-08T14:29:43Z
358,"Bocachica Salvador, Cesar Miguel","bocachica salvador, cesar miguel",Bocachica Salvador,Cesar Miguel,,7/21/1968,1968,,,,,,,no,single-source,wayback_bsnpr_players,https://web.archive.org/web/20200601011615id_/https://www.bsnpr.com/estadisticas/enciclopedia.asp,2026-09-08T14:25:42Z
359,"Bailey Rosado, Estadísticas Jugador","bailey rosado, estadisticas jugador",Bailey Rosado,Estadísticas Jugador,,11/23/1979,1979,"New York, USA",USA,Armador,1998,2007,6,yes,single-source,wayback_bsnpr_players,https://web.archive.org/web/20080411054336id_/http://www.bsnpr.com:80/jugadores/jugador.asp?id=359&e=,2026-09-08T14:29:45Z
360,"Claxton, Charles","claxton, charles",Claxton,Charles,,,,nan,nan,No se sabe,1996,1996,1,yes,single-source,wayback_bsnpr_players,https://web.archive.org/web/20180325112624id_/http://www.bsnpr.com:80/jugadores/jugador.asp?id=360,2026-09-08T14:29:47Z
361,"Edmonson Mcgware, Charles","edmonson mcgware, charles",Edmonson Mcgware,Charles,,,,,,,,,,no,single-source,wayback_bsnpr_players,https://web.archive.org/web/20070417033701id_/http://www.bsnpr.com:80/estadisticas/enciclopedia.asp,2026-09-08T14:22:06Z
362,"Henson Velazquez, Estadísticas Jugador","henson velazquez, estadisticas jugador",Henson Velazquez,Estadísticas Jugador,,6/20/1981,1981,"New York City, New York",New York,Delantero/Centro,2002,2007,4,yes,single-source,wayback_bsnpr_players,https://web.archive.org/web/20080411054342id_/http://www.bsnpr.com:80/jugadores/jugador.asp?id=362&e=1,2026-09-08T14:29:54Z
363,"Macon, Charles","macon, charles",Macon,Charles,,,,,,,,,,no,single-source,wayback_bsnpr_players,https://web.archive.org/web/20070417033701id_/http://www.bsnpr.com:80/estadisticas/enciclopedia.asp,2026-09-08T14:22:06Z
364,"Mendez, Charles","mendez, charles",Mendez,Charles,,,,,,,,,,no,single-source,wayback_bsnpr_players,https://web.archive.org/web/20070417033701id_/http://www.bsnpr.com:80/estadisticas/enciclopedia.asp,2026-09-08T14:22:06Z
365,"Smith, Estadísticas Jugador","smith, estadisticas jugador",Smith,Estadísticas Jugador,,,,nan,nan,No se sabe,1998,1998,1,yes,single-source,wayback_bsnpr_players,https://web.archive.org/web/20070828230748id_/http://www.bsnpr.com:80/jugadores/jugador.asp?id=365&e=,2026-09-08T14:29:56Z
366,"Thompson, Charles","thompson, charles",Thompson,Charles,,8/25/1955,1955,,,,,,,no,single-source,wayback_bsnpr_players,https://web.archive.org/web/20200601011615id_/https://www.bsnpr.com/estadisticas/enciclopedia.asp,2026-09-08T14:25:42Z
367,"White, Charles","white, charles",White,Charles,,,,,,,,,,no,single-source,wayback_bsnpr_players,https://web.archive.org/web/20070417033701id_/http://www.bsnpr.com:80/estadisticas/enciclopedia.asp,2026-09-08T14:22:06Z
368,"Williams, Charles","williams, charles",Williams,Charles,,,,,,,,,,no,single-source,wayback_bsnpr_players,https://web.archive.org/web/20070417033701id_/http://www.bsnpr.com:80/estadisticas/enciclopedia.asp,2026-09-08T14:22:06Z
369,"Dominguez, Charlie","dominguez, charlie",Dominguez,Charlie,,,,,,,,,,no,single-source,wayback_bsnpr_players,https://web.archive.org/web/20070417033701id_/http://www.bsnpr.com:80/estadisticas/enciclopedia.asp,2026-09-08T14:22:06Z
370,"Ortiz Cabrera, Charlie","ortiz cabrera, charlie",Ortiz Cabrera,Charlie,,12/21/1958,1958,,,,,,,no,single-source,wayback_bsnpr_players,https://web.archive.org/web/20200601011615id_/https://www.bsnpr.com/estadisticas/enciclopedia.asp,2026-09-08T14:25:42Z
371,"Sanchez Torres, Charlie","sanchez torres, charlie",Sanchez Torres,Charlie,,,,,,,,,,no,single-source,wayback_bsnpr_players,https://web.archive.org/web/20070417033701id_/http://www.bsnpr.com:80/estadisticas/enciclopedia.asp,2026-09-08T14:22:06Z
372,"Monge, Estadísticas Jugador","monge, estadisticas jugador",Monge,Estadísticas Jugador,,,,nan,nan,No se sabe,1956,1956,1,yes,single-source,wayback_bsnpr_players,https://web.archive.org/web/20070828224736id_/http://www.bsnpr.com:80/jugadores/jugador.asp?id=372&e=,2026-09-08T14:29:57Z
373,"Alexander, Estadísticas Jugador","alexander, estadisticas jugador",Alexander,Estadísticas Jugador,,,,nan,nan,No se sabe,2006,2006,1,yes,single-source,wayback_bsnpr_players,https://web.archive.org/web/20070828231453id_/http://www.bsnpr.com:80/jugadores/jugador.asp?id=373&e=,2026-09-08T14:29:59Z
374,"Burgess, Estadísticas Jugador","burgess, estadisticas jugador",Burgess,Estadísticas Jugador,,4/23/1979,1979,"California, Estados Unidos",Estados Unidos,Delantero/Centro,2006,2008,2,yes,single-source,wayback_bsnpr_players,https://web.archive.org/web/20080529135233id_/http://www.bsnpr.com:80/jugadores/jugador.asp?id=374&e=10,2026-09-08T14:30:05Z
375,"Carrawell, Estadísticas Jugador","carrawell, estadisticas jugador",Carrawell,Estadísticas Jugador,,,,nan,nan,No se sabe,2002,2002,1,yes,single-source,wayback_bsnpr_players,https://web.archive.org/web/20070828230835id_/http://www.bsnpr.com:80/jugadores/jugador.asp?id=375&e=,2026-09-08T14:30:08Z
376,"Mcneal Eland, Estadísticas Jugador","mcneal eland, estadisticas jugador",Mcneal Eland,Estadísticas Jugador,,4/6/1970,1970,nan,nan,No se sabe,1993,1995,2,yes,single-source,wayback_bsnpr_players,https://web.archive.org/web/20070828223617id_/http://www.bsnpr.com:80/jugadores/jugador.asp?id=376&e=,2026-09-08T14:30:10Z
377,"Ortiz, Chris","ortiz, chris",Ortiz,Chris,,,,,,,,,,no,single-source,wayback_bsnpr_players,https://web.archive.org/web/20070417033701id_/http://www.bsnpr.com:80/estadisticas/enciclopedia.asp,2026-09-08T14:22:06Z
378,"Porter, Chris","porter, chris",Porter,Chris,,,,,,,,,,no,single-source,wayback_bsnpr_players,https://web.archive.org/web/20070417033701id_/http://www.bsnpr.com:80/estadisticas/enciclopedia.asp,2026-09-08T14:22:06Z
379,"Smith, Chris","smith, chris",Smith,Chris,,,,,,,,,,no,single-source,wayback_bsnpr_players,https://web.archive.org/web/20070417033701id_/http://www.bsnpr.com:80/estadisticas/enciclopedia.asp,2026-09-08T14:22:06Z
380,"Sneed, Chris","sneed, chris",Sneed,Chris,,,,,,,,,,no,single-source,wayback_bsnpr_players,https://web.archive.org/web/20070417033701id_/http://www.bsnpr.com:80/estadisticas/enciclopedia.asp,2026-09-08T14:22:06Z
381,"Munk, Christhian","munk, christhian",Munk,Christhian,,,,,,,,,,no,single-source,wayback_bsnpr_players,https://web.archive.org/web/20070417033701id_/http://www.bsnpr.com:80/estadisticas/enciclopedia.asp,2026-09-08T14:22:06Z
382,"Dalmau Santana, Christian","dalmau santana, christian",Dalmau Santana,Christian,,8/29/1975,1975,"Arecibo, Puerto Rico",Puerto Rico,Armador/Escolta,1992,2017,24,yes,single-source,wayback_bsnpr_players,https://web.archive.org/web/20170715121156id_/http://www.bsnpr.com:80/jugadores/jugador.asp?id=382&e=,2026-09-08T14:30:12Z
383,"Perez Kortright, Christian","perez kortright, christian",Perez Kortright,Christian,,9/2/1985,1985,,,,,,,no,single-source,wayback_bsnpr_players,https://web.archive.org/web/20200601011615id_/https://www.bsnpr.com/estadisticas/enciclopedia.asp,2026-09-08T14:25:42Z
384,"Scott Diaz, Christian","scott diaz, christian",Scott Diaz,Christian,,,,,,,,,,no,single-source,wayback_bsnpr_players,https://web.archive.org/web/20070417033701id_/http://www.bsnpr.com:80/estadisticas/enciclopedia.asp,2026-09-08T14:22:06Z
385,"Vazquez Alvarez, Estadísticas Jugador","vazquez alvarez, estadisticas jugador",Vazquez Alvarez,Estadísticas Jugador,,3/3/1985,1985,"Bayamon, Puerto Rico",Puerto Rico,Armador,2003,2009,7,yes,single-source,wayback_bsnpr_players,https://web.archive.org/web/20090829072403id_/http://bsnpr.com:80/jugadores/jugador.asp?id=385&e=,2026-09-08T14:30:14Z
386,"Rivera Ortiz, Estadísticas Jugador","rivera ortiz, estadisticas jugador",Rivera Ortiz,Estadísticas Jugador,,11/1/1983,1983,"Bayamón, Puerto Rico",Puerto Rico,Centro,2004,2009,6,yes,single-source,wayback_bsnpr_players,https://web.archive.org/web/20091206130013id_/http://www.bsnpr.com:80/jugadores/jugador.asp?id=386&e=,2026-09-08T14:30:15Z
387,"Allison, Estadísticas Jugador","allison, estadisticas jugador",Allison,Estadísticas Jugador,,,,nan,nan,No se sabe,2000,2000,1,yes,single-source,wayback_bsnpr_players,https://web.archive.org/web/20070829041906id_/http://www.bsnpr.com:80/jugadores/jugador.asp?id=387&e=,2026-09-08T14:30:17Z
388,"Hiraldo Garcia, Estadísticas Jugador","hiraldo garcia, estadisticas jugador",Hiraldo Garcia,Estadísticas Jugador,,4/4/1978,1978,"Rio Piedras, Puerto Rico",Puerto Rico,Escolta/Alero,1996,2009,13,yes,single-source,wayback_bsnpr_players,https://web.archive.org/web/20090912004758id_/http://www.bsnpr.com:80/jugadores/jugador.asp?id=388&e=,2026-09-08T14:30:23Z
389,"Moore, Christopher","moore, christopher",Moore,Christopher,,,,,,,,,,no,single-source,wayback_bsnpr_players,https://web.archive.org/web/20070417033701id_/http://www.bsnpr.com:80/estadisticas/enciclopedia.asp,2026-09-08T14:22:06Z
390,"Ortiz, Christopher","ortiz, christopher",Ortiz,Christopher,,,,,,,,,,no,single-source,wayback_bsnpr_players,https://web.archive.org/web/20070417033701id_/http://www.bsnpr.com:80/estadisticas/enciclopedia.asp,2026-09-08T14:22:06Z
391,"Ceballos Johnson, Christopher","ceballos johnson, christopher",Ceballos Johnson,Christopher,chris,8/16/1967,1967,,,,,,,no,single-source,wayback_bsnpr_players,https://web.archive.org/web/20200601011615id_/https://www.bsnpr.com/estadisticas/enciclopedia.asp,2026-09-08T14:25:42Z
392,"Vega Johnson, Christopher","vega johnson, christopher",Vega Johnson,Christopher,,6/13/1984,1984,"Bayamón, Puerto Rico",Puerto Rico,Armador,2002,2013,12,yes,single-source,wayback_bsnpr_players,https://web.archive.org/web/20140122200704id_/http://www.bsnpr.com:80/jugadores/jugador.asp?id=392&e=,2026-09-08T14:30:25Z
393,"Dasilva Baccioti, Estadísticas Jugador","dasilva baccioti, estadisticas jugador",Dasilva Baccioti,Estadísticas Jugador,,,,nan,nan,No se sabe,1992,1992,1,yes,single-source,wayback_bsnpr_players,https://web.archive.org/web/20070829042800id_/http://www.bsnpr.com:80/jugadores/jugador.asp?id=393&e=,2026-09-08T14:30:27Z
394,"Santiago Conde, Claudio","santiago conde, claudio",Santiago Conde,Claudio,,10/30/1962,1962,,,,,,,no,single-source,wayback_bsnpr_players,https://web.archive.org/web/20200601011615id_/https://www.bsnpr.com/estadisticas/enciclopedia.asp,2026-09-08T14:25:42Z
395,"Holtz, Clinton","holtz, clinton",Holtz,Clinton,,,,,,,,,,no,single-source,wayback_bsnpr_players,https://web.archive.org/web/20070417033701id_/http://www.bsnpr.com:80/estadisticas/enciclopedia.asp,2026-09-08T14:22:06Z
396,"Mcinish Frenche, Estadísticas Jugador","mcinish frenche, estadisticas jugador",Mcinish Frenche,Estadísticas Jugador,,11/2/1960,1960,nan,nan,No se sabe,1981,1981,1,yes,single-source,wayback_bsnpr_players,https://web.archive.org/web/20070829041042id_/http://www.bsnpr.com:80/jugadores/jugador.asp?id=396&e=,2026-09-08T14:30:29Z
397,"Mangual Ortiz, Concepcion","mangual ortiz, concepcion",Mangual Ortiz,Concepcion,,8/31/1963,1963,,,,,,,no,single-source,wayback_bsnpr_players,https://web.archive.org/web/20200601011615id_/https://www.bsnpr.com/estadisticas/enciclopedia.asp,2026-09-08T14:25:42Z
398,"Ocasio Carrion, Concepcion","ocasio carrion, concepcion",Ocasio Carrion,Concepcion,,12/9/1956,1956,,,,,,,no,single-source,wayback_bsnpr_players,https://web.archive.org/web/20200601011615id_/https://www.bsnpr.com/estadisticas/enciclopedia.asp,2026-09-08T14:25:42Z
399,"Pastrano Doñe, Estadísticas Jugador","pastrano done, estadisticas jugador",Pastrano Doñe,Estadísticas Jugador,,5/7/1968,1968,nan,nan,No se sabe,1976,1986,8,yes,single-source,wayback_bsnpr_players,https://web.archive.org/web/20070828230851id_/http://www.bsnpr.com:80/jugadores/jugador.asp?id=399&e=,2026-09-08T14:30:31Z
400,"Allen, Corey","allen, corey",Allen,Corey,,,,,,,,,,no,single-source,wayback_bsnpr_players,https://web.archive.org/web/20070417033701id_/http://www.bsnpr.com:80/estadisticas/enciclopedia.asp,2026-09-08T14:22:06Z
401,"Benjamin, Corey","benjamin, corey",Benjamin,Corey,,2/24/1978,1978,"Fontana, California",California,No se sabe,2006,2006,1,yes,single-source,wayback_bsnpr_players,https://web.archive.org/web/20220121061815id_/https://www.bsnpr.com/jugadores/jugador.asp?id=401,2026-09-08T14:30:33Z
402,"Williams, Corey","williams, corey",Williams,Corey,,,,,,,,,,no,single-source,wayback_bsnpr_players,https://web.archive.org/web/20070417033701id_/http://www.bsnpr.com:80/estadisticas/enciclopedia.asp,2026-09-08T14:22:06Z
403,"Deliz, Estadísticas Jugador","deliz, estadisticas jugador",Deliz,Estadísticas Jugador,,,,nan,nan,No se sabe,1962,1967,5,yes,single-source,wayback_bsnpr_players,https://web.archive.org/web/20070829041647id_/http://www.bsnpr.com:80/jugadores/jugador.asp?id=403&e=,2026-09-08T14:30:35Z
404,"Reader, Estadísticas Jugador","reader, estadisticas jugador",Reader,Estadísticas Jugador,,,,nan,nan,No se sabe,1999,1999,1,yes,single-source,wayback_bsnpr_players,https://web.archive.org/web/20070828231706id_/http://www.bsnpr.com:80/jugadores/jugador.asp?id=404&e=,2026-09-08T14:30:37Z
405,"Martin, Error 404","martin, error 404",Martin,Error 404,,,,,,,,,,yes,single-source,wayback_bsnpr_players,https://web.archive.org/web/20190507093147id_/https://www.bsnpr.com/jugadores/jugador.asp%3Fid%3D405,2026-09-08T14:30:39Z
406,"Casiano, Crispy","casiano, crispy",Casiano,Crispy,,,,,,,,,,no,single-source,wayback_bsnpr_players,https://web.archive.org/web/20070417033701id_/http://www.bsnpr.com:80/estadisticas/enciclopedia.asp,2026-09-08T14:22:06Z
407,"Rodriguez, Cristobal","rodriguez, cristobal",Rodriguez,Cristobal,,,,,,,,,,no,single-source,wayback_bsnpr_players,https://web.archive.org/web/20070417033701id_/http://www.bsnpr.com:80/estadisticas/enciclopedia.asp,2026-09-08T14:22:06Z
408,"Kitchen Harris, Estadísticas Jugador","kitchen harris, estadisticas jugador",Kitchen Harris,Estadísticas Jugador,,,,nan,nan,No se sabe,1995,1995,1,yes,single-source,wayback_bsnpr_players,https://web.archive.org/web/20070828231320id_/http://www.bsnpr.com:80/jugadores/jugador.asp?id=408&e=,2026-09-08T14:30:40Z
409,"Brent, Dabbs","brent, dabbs",Brent,Dabbs,,,,,,,,,,no,single-source,wayback_bsnpr_players,https://web.archive.org/web/20070417033701id_/http://www.bsnpr.com:80/estadisticas/enciclopedia.asp,2026-09-08T14:22:06Z
410,"Lopez, Estadísticas Jugador","lopez, estadisticas jugador",Lopez,Estadísticas Jugador,,,,nan,nan,No se sabe,1992,1992,1,yes,single-source,wayback_bsnpr_players,https://web.archive.org/web/20070829035534id_/http://www.bsnpr.com:80/jugadores/jugador.asp?id=410&e=,2026-09-08T14:30:42Z
411,"Santiago Semidey, Estadísticas Jugador","santiago semidey, estadisticas jugador",Santiago Semidey,Estadísticas Jugador,,9/13/1973,1973,nan,nan,No se sabe,1991,2000,8,yes,single-source,wayback_bsnpr_players,https://web.archive.org/web/20070829041424id_/http://www.bsnpr.com:80/jugadores/jugador.asp?id=411&e=,2026-09-08T14:30:44Z
412,"Dingle, Dana","dingle, dana",Dingle,Dana,,,,,,,,,,no,single-source,wayback_bsnpr_players,https://web.archive.org/web/20070417033701id_/http://www.bsnpr.com:80/estadisticas/enciclopedia.asp,2026-09-08T14:22:06Z
413,"Colon Cruz, Daniel","colon cruz, daniel",Colon Cruz,Daniel,,,,,,,,,,no,single-source,wayback_bsnpr_players,https://web.archive.org/web/20070417033701id_/http://www.bsnpr.com:80/estadisticas/enciclopedia.asp,2026-09-08T14:22:06Z
414,"Diaz, Daniel","diaz, daniel",Diaz,Daniel,,1/30/1959,1959,,,,,,,no,single-source,wayback_bsnpr_players,https://web.archive.org/web/20200601011615id_/https://www.bsnpr.com/estadisticas/enciclopedia.asp,2026-09-08T14:25:42Z
415,"Dore Ramos, Daniel","dore ramos, daniel",Dore Ramos,Daniel,,10/2/1968,1968,,,,,,,no,single-source,wayback_bsnpr_players,https://web.archive.org/web/20200601011615id_/https://www.bsnpr.com/estadisticas/enciclopedia.asp,2026-09-08T14:25:42Z
416,"Flores Morales, Daniel","flores morales, daniel",Flores Morales,Daniel,,7/9/1962,1962,,,,,,,no,single-source,wayback_bsnpr_players,https://web.archive.org/web/20200601011615id_/https://www.bsnpr.com/estadisticas/enciclopedia.asp,2026-09-08T14:25:42Z
417,"Guzman Ramos, Estadísticas Jugador","guzman ramos, estadisticas jugador",Guzman Ramos,Estadísticas Jugador,,2/20/1948,1948,nan,nan,No se sabe,2004,2004,1,yes,single-source,wayback_bsnpr_players,https://web.archive.org/web/20070828225407id_/http://www.bsnpr.com:80/jugadores/jugador.asp?id=417&e=,2026-09-08T14:30:47Z
418,"Millan, Estadísticas Jugador","millan, estadisticas jugador",Millan,Estadísticas Jugador,,,,nan,nan,No se sabe,1995,1995,1,yes,single-source,wayback_bsnpr_players,https://web.archive.org/web/20070828224137id_/http://www.bsnpr.com:80/jugadores/jugador.asp?id=418&e=,2026-09-08T14:30:49Z
419,"O'sullivan Murray, Daniel","osullivan murray, daniel",O'sullivan Murray,Daniel,,,,,,,,,,no,single-source,wayback_bsnpr_players,https://web.archive.org/web/20070417033701id_/http://www.bsnpr.com:80/estadisticas/enciclopedia.asp,2026-09-08T14:22:06Z
420,"Rivera Cintron, Daniel","rivera cintron, daniel",Rivera Cintron,Daniel,,,,,,,,,,no,single-source,wayback_bsnpr_players,https://web.archive.org/web/20070417033701id_/http://www.bsnpr.com:80/estadisticas/enciclopedia.asp,2026-09-08T14:22:06Z
421,"Rivera Desiderio, Daniel","rivera desiderio, daniel",Rivera Desiderio,Daniel,,10/21/1971,1971,,,,,,,no,single-source,wayback_bsnpr_players,https://web.archive.org/web/20200601011615id_/https://www.bsnpr.com/estadisticas/enciclopedia.asp,2026-09-08T14:25:42Z
422,"Rodriguez Valentin, Daniel","rodriguez valentin, daniel",Rodriguez Valentin,Daniel,,,,,,,,,,no,single-source,wayback_bsnpr_players,https://web.archive.org/web/20070417033701id_/http://www.bsnpr.com:80/estadisticas/enciclopedia.asp,2026-09-08T14:22:06Z
423,"Tirado Mendoza, Daniel","tirado mendoza, daniel",Tirado Mendoza,Daniel,,1/25/1970,1970,,,,,,,no,single-source,wayback_bsnpr_players,https://web.archive.org/web/20200601011615id_/https://www.bsnpr.com/estadisticas/enciclopedia.asp,2026-09-08T14:25:42Z
424,"Vazquez Rivera, Daniel","vazquez rivera, daniel",Vazquez Rivera,Daniel,,10/7/1969,1969,,,,,,,no,single-source,wayback_bsnpr_players,https://web.archive.org/web/20200601011615id_/https://www.bsnpr.com/estadisticas/enciclopedia.asp,2026-09-08T14:25:42Z
425,"Velez Babilonia, Daniel","velez babilonia, daniel",Velez Babilonia,Daniel,,,,,,,,,,no,single-source,wayback_bsnpr_players,https://web.archive.org/web/20070417033701id_/http://www.bsnpr.com:80/estadisticas/enciclopedia.asp,2026-09-08T14:22:06Z
426,"Basile Murphy, Daniel","basile murphy, daniel",Basile Murphy,Daniel,danny,,,,,,,,,no,single-source,wayback_bsnpr_players,https://web.archive.org/web/20070417033701id_/http://www.bsnpr.com:80/estadisticas/enciclopedia.asp,2026-09-08T14:22:06Z
427,"Santiago Lynn, Daniel","santiago lynn, daniel",Santiago Lynn,Daniel,danny,6/24/1976,1976,"Lubbock, Texas",Texas,Centro,1996,2015,11,yes,single-source,wayback_bsnpr_players,https://web.archive.org/web/20191219041215id_/https://www.bsnpr.com/jugadores/jugador.asp?id=427,2026-09-08T14:30:51Z
428,"Carrillo Morales, Daniel","carrillo morales, daniel",Carrillo Morales,Daniel,papo,5/4/1967,1967,,,,,,,no,single-source,wayback_bsnpr_players,https://web.archive.org/web/20200601011615id_/https://www.bsnpr.com/estadisticas/enciclopedia.asp,2026-09-08T14:25:42Z
429,"Dunne Quevedo, Daniel","dunne quevedo, daniel",Dunne Quevedo,Daniel,danny,10/1/1961,1961,,,,,,,no,single-source,wayback_bsnpr_players,https://web.archive.org/web/20200601011615id_/https://www.bsnpr.com/estadisticas/enciclopedia.asp,2026-09-08T14:25:42Z
430,"Flores Fuentes, Dannie","flores fuentes, dannie",Flores Fuentes,Dannie,,,,,,,,,,no,single-source,wayback_bsnpr_players,https://web.archive.org/web/20070417033701id_/http://www.bsnpr.com:80/estadisticas/enciclopedia.asp,2026-09-08T14:22:06Z
431,"Cuesta Rivera, Danny","cuesta rivera, danny",Cuesta Rivera,Danny,,,,,,,,,,no,single-source,wayback_bsnpr_players,https://web.archive.org/web/20070417033701id_/http://www.bsnpr.com:80/estadisticas/enciclopedia.asp,2026-09-08T14:22:06Z
432,"De jesus Rodriguez, Danny","de jesus rodriguez, danny",De jesus Rodriguez,Danny,,8/17/1958,1958,,,,,,,no,single-source,wayback_bsnpr_players,https://web.archive.org/web/20200601011615id_/https://www.bsnpr.com/estadisticas/enciclopedia.asp,2026-09-08T14:25:42Z
433,"Reyes Candelario, Danny","reyes candelario, danny",Reyes Candelario,Danny,,,,,,,,,,no,single-source,wayback_bsnpr_players,https://web.archive.org/web/20070417033701id_/http://www.bsnpr.com:80/estadisticas/enciclopedia.asp,2026-09-08T14:22:06Z
434,"Vassallo Ocasio, Danny","vassallo ocasio, danny",Vassallo Ocasio,Danny,,10/1/1960,1960,,,,,,,no,single-source,wayback_bsnpr_players,https://web.archive.org/web/20200601011615id_/https://www.bsnpr.com/estadisticas/enciclopedia.asp,2026-09-08T14:25:42Z
435,"Abrams, Danya","abrams, danya",Abrams,Danya,,9/24/1974,1974,"Greenburgh, New York, USA",USA,Delantero/Centro,1998,1998,1,yes,single-source,wayback_bsnpr_players,https://web.archive.org/web/20181230234226id_/https://bsnpr.com/jugadores/jugador.asp?id=435&e,2026-09-08T14:30:53Z
436,"Pickney, Darell","pickney, darell",Pickney,Darell,,,,,,,,,,no,single-source,wayback_bsnpr_players,https://web.archive.org/web/20070417033701id_/http://www.bsnpr.com:80/estadisticas/enciclopedia.asp,2026-09-08T14:22:06Z
437,"Rowe Simpson, Estadísticas Jugador","rowe simpson, estadisticas jugador",Rowe Simpson,Estadísticas Jugador,,,,nan,nan,No se sabe,1995,1996,2,yes,single-source,wayback_bsnpr_players,https://web.archive.org/web/20070828225102id_/http://www.bsnpr.com:80/jugadores/jugador.asp?id=437&e=,2026-09-08T14:30:54Z
438,"Ramos, Dario","ramos, dario",Ramos,Dario,,,,,,,,,,no,single-source,wayback_bsnpr_players,https://web.archive.org/web/20070417033701id_/http://www.bsnpr.com:80/estadisticas/enciclopedia.asp,2026-09-08T14:22:06Z
439,"Robinson, Darnell","robinson, darnell",Robinson,Darnell,,,,,,,,,,no,single-source,wayback_bsnpr_players,https://web.archive.org/web/20070417033701id_/http://www.bsnpr.com:80/estadisticas/enciclopedia.asp,2026-09-08T14:22:06Z
440,"Morningstar, Darren","morningstar, darren",Morningstar,Darren,,,,,,,,,,no,single-source,wayback_bsnpr_players,https://web.archive.org/web/20070417033701id_/http://www.bsnpr.com:80/estadisticas/enciclopedia.asp,2026-09-08T14:22:06Z
441,"Washington, Darryl","washington, darryl",Washington,Darryl,,,,,,,,,,no,single-source,wayback_bsnpr_players,https://web.archive.org/web/20070417033701id_/http://www.bsnpr.com:80/estadisticas/enciclopedia.asp,2026-09-08T14:22:06Z
442,"Ham, Darvin","ham, darvin",Ham,Darvin,,7/23/1973,1973,,,,,,,no,single-source,wayback_bsnpr_players,https://web.archive.org/web/20200601011615id_/https://www.bsnpr.com/estadisticas/enciclopedia.asp,2026-09-08T14:25:42Z
443,"Cambrelen, Daryl","cambrelen, daryl",Cambrelen,Daryl,,7/4/1966,1966,,,,,,,no,single-source,wayback_bsnpr_players,https://web.archive.org/web/20200601011615id_/https://www.bsnpr.com/estadisticas/enciclopedia.asp,2026-09-08T14:25:42Z
444,"Johnson, Estadísticas Jugador","johnson, estadisticas jugador",Johnson,Estadísticas Jugador,,11/16/1970,1970,nan,nan,No se sabe,1998,2001,4,yes,single-source,wayback_bsnpr_players,https://web.archive.org/web/20070828223606id_/http://www.bsnpr.com:80/jugadores/jugador.asp?id=444&e=,2026-09-08T14:30:56Z
445,"Anderson Fernandez, Estadísticas Jugador","anderson fernandez, estadisticas jugador",Anderson Fernandez,Estadísticas Jugador,,7/18/1981,1981,"Rio Piedras, Puerto Rico",Puerto Rico,Delantero,1997,2008,5,yes,single-source,wayback_bsnpr_players,https://web.archive.org/web/20090422184947id_/http://www.bsnpr.com:80/jugadores/jugador.asp?id=445&e=9,2026-09-08T14:30:59Z
446,"Blackwell, David","blackwell, david",Blackwell,David,,,,,,,,,,no,single-source,wayback_bsnpr_players,https://web.archive.org/web/20070417033701id_/http://www.bsnpr.com:80/estadisticas/enciclopedia.asp,2026-09-08T14:22:06Z
447,"Butler, David","butler, david",Butler,David,,,,,,,,,,no,single-source,wayback_bsnpr_players,https://web.archive.org/web/20070417033701id_/http://www.bsnpr.com:80/estadisticas/enciclopedia.asp,2026-09-08T14:22:06Z
448,"Cortes Ruiz, David","cortes ruiz, david",Cortes Ruiz,David,,12/23/1981,1981,"Arecibo, Puerto Rico",Puerto Rico,Alero,1998,2017,20,yes,single-source,wayback_bsnpr_players,https://web.archive.org/web/20170817054958id_/http://www.bsnpr.com:80/jugadores/jugador.asp?id=448&e=2,2026-09-08T14:31:01Z
449,"Domenech Santiago, David","domenech santiago, david",Domenech Santiago,David,,4/22/1961,1961,,,,,,,no,single-source,wayback_bsnpr_players,https://web.archive.org/web/20200601011615id_/https://www.bsnpr.com/estadisticas/enciclopedia.asp,2026-09-08T14:25:42Z
450,"Garcia, David","garcia, david",Garcia,David,,,,,,,,,,no,single-source,wayback_bsnpr_players,https://web.archive.org/web/20070417033701id_/http://www.bsnpr.com:80/estadisticas/enciclopedia.asp,2026-09-08T14:22:06Z
451,"Huertas, David","huertas, david",Huertas,David,,6/2/1987,1987,"Humacao, Puerto Rico",Puerto Rico,Escolta,2002,2017,10,yes,single-source,wayback_bsnpr_players,https://web.archive.org/web/20171201042723id_/http://www.bsnpr.com/jugadores/jugador.asp?id=451&e=6,2026-09-08T14:31:02Z
452,"Lee Cruz, David","lee cruz, david",Lee Cruz,David,,11/2/1964,1964,,,,,,,no,single-source,wayback_bsnpr_players,https://web.archive.org/web/20200601011615id_/https://www.bsnpr.com/estadisticas/enciclopedia.asp,2026-09-08T14:25:42Z
453,"Maldonado, David","maldonado, david",Maldonado,David,,7/7/1962,1962,,,,,,,no,single-source,wayback_bsnpr_players,https://web.archive.org/web/20200601011615id_/https://www.bsnpr.com/estadisticas/enciclopedia.asp,2026-09-08T14:25:42Z
454,"Ortiz Valle, David","ortiz valle, david",Ortiz Valle,David,,4/2/1963,1963,,,,,,,no,single-source,wayback_bsnpr_players,https://web.archive.org/web/20200601011615id_/https://www.bsnpr.com/estadisticas/enciclopedia.asp,2026-09-08T14:25:42Z
455,"Ponce Key, David","ponce key, david",Ponce Key,David,,9/16/1961,1961,,,,,,,no,single-source,wayback_bsnpr_players,https://web.archive.org/web/20200601011615id_/https://www.bsnpr.com/estadisticas/enciclopedia.asp,2026-09-08T14:25:42Z
456,"Rivera Ramos, David","rivera ramos, david",Rivera Ramos,David,,,,,,,,,,no,single-source,wayback_bsnpr_players,https://web.archive.org/web/20070417033701id_/http://www.bsnpr.com:80/estadisticas/enciclopedia.asp,2026-09-08T14:22:06Z
457,"Shelton, David","shelton, david",Shelton,David,,,,,,,,,,no,single-source,wayback_bsnpr_players,https://web.archive.org/web/20070417033701id_/http://www.bsnpr.com:80/estadisticas/enciclopedia.asp,2026-09-08T14:22:06Z
458,"Rivera Rodriguez, David n.","rivera rodriguez, david n",Rivera Rodriguez,David n.,,,,,,,,,,no,single-source,wayback_bsnpr_players,https://web.archive.org/web/20070417033701id_/http://www.bsnpr.com:80/estadisticas/enciclopedia.asp,2026-09-08T14:22:06Z
459,"Torres, Dax","torres, dax",Torres,Dax,,,,,,,,,,no,single-source,wayback_bsnpr_players,https://web.archive.org/web/20070417033701id_/http://www.bsnpr.com:80/estadisticas/enciclopedia.asp,2026-09-08T14:22:06Z
460,"Collins, De angelo","collins, de angelo",Collins,De angelo,,11/21/1982,1982,,,,,,,no,single-source,wayback_bsnpr_players,https://web.archive.org/web/20200601011615id_/https://www.bsnpr.com/estadisticas/enciclopedia.asp,2026-09-08T14:25:42Z
461,"Vazquez Woodley, Estadísticas Jugador","vazquez woodley, estadisticas jugador",Vazquez Woodley,Estadísticas Jugador,,8/31/1977,1977,California,California,No se sabe,1996,2004,7,yes,single-source,wayback_bsnpr_players,https://web.archive.org/web/20070828224523id_/http://www.bsnpr.com:80/jugadores/jugador.asp?id=461&e=,2026-09-08T14:31:04Z
462,"Borges Perez, Dean","borges perez, dean",Borges Perez,Dean,,7/14/1967,1967,,,,,,,no,single-source,wayback_bsnpr_players,https://web.archive.org/web/20200601011615id_/https://www.bsnpr.com/estadisticas/enciclopedia.asp,2026-09-08T14:25:42Z
463,"Fernandez, Estadísticas Jugador","fernandez, estadisticas jugador",Fernandez,Estadísticas Jugador,,,,nan,nan,No se sabe,1957,1959,3,yes,single-source,wayback_bsnpr_players,https://web.archive.org/web/20070829040423id_/http://www.bsnpr.com:80/jugadores/jugador.asp?id=463&e=,2026-09-08T14:31:06Z
464,"Castro Calderon, Denis","castro calderon, denis",Castro Calderon,Denis,,11/9/1970,1970,,,,,,,no,single-source,wayback_bsnpr_players,https://web.archive.org/web/20200601011615id_/https://www.bsnpr.com/estadisticas/enciclopedia.asp,2026-09-08T14:25:42Z
465,"Gonzalez, Denley","gonzalez, denley",Gonzalez,Denley,,,,,,,,,,no,single-source,wayback_bsnpr_players,https://web.archive.org/web/20070417033701id_/http://www.bsnpr.com:80/estadisticas/enciclopedia.asp,2026-09-08T14:22:06Z
466,"Aponte Roman, Dennis","aponte roman, dennis",Aponte Roman,Dennis,,10/25/1965,1965,,,,,,,no,single-source,wayback_bsnpr_players,https://web.archive.org/web/20200601011615id_/https://www.bsnpr.com/estadisticas/enciclopedia.asp,2026-09-08T14:25:42Z
467,"Baerga, Dennis","baerga, dennis",Baerga,Dennis,,,,,,,,,,no,single-source,wayback_bsnpr_players,https://web.archive.org/web/20070417033701id_/http://www.bsnpr.com:80/estadisticas/enciclopedia.asp,2026-09-08T14:22:06Z
468,"De leon, Dennis","de leon, dennis",De leon,Dennis,,4/18/1956,1956,,,,,,,no,single-source,wayback_bsnpr_players,https://web.archive.org/web/20200601011615id_/https://www.bsnpr.com/estadisticas/enciclopedia.asp,2026-09-08T14:25:42Z
469,"Lamar Dumas, Derall","lamar dumas, derall",Lamar Dumas,Derall,,,,,,,,,,no,single-source,wayback_bsnpr_players,https://web.archive.org/web/20070417033701id_/http://www.bsnpr.com:80/estadisticas/enciclopedia.asp,2026-09-08T14:22:06Z
470,"Brower, Derek","brower, derek",Brower,Derek,,,,,,,,,,no,single-source,wayback_bsnpr_players,https://web.archive.org/web/20070417033701id_/http://www.bsnpr.com:80/estadisticas/enciclopedia.asp,2026-09-08T14:22:06Z
471,"Reveron Aponte, Estadísticas Jugador","reveron aponte, estadisticas jugador",Reveron Aponte,Estadísticas Jugador,,10/21/1952,1952,nan,nan,No se sabe,1978,1978,1,yes,single-source,wayback_bsnpr_players,https://web.archive.org/web/20070828230819id_/http://www.bsnpr.com:80/jugadores/jugador.asp?id=471&e=,2026-09-08T14:31:08Z
472,"Baker Jaffe, Derrek chad","baker jaffe, derrek chad",Baker Jaffe,Derrek chad,,,,,,,,,,no,single-source,wayback_bsnpr_players,https://web.archive.org/web/20070417033701id_/http://www.bsnpr.com:80/estadisticas/enciclopedia.asp,2026-09-08T14:22:06Z
473,"Chandlers, Derrick","chandlers, derrick",Chandlers,Derrick,,,,,,,,,,no,single-source,wayback_bsnpr_players,https://web.archive.org/web/20070417033701id_/http://www.bsnpr.com:80/estadisticas/enciclopedia.asp,2026-09-08T14:22:06Z
474,"Clifton, Desmond","clifton, desmond",Clifton,Desmond,,,,,,,,,,no,single-source,wayback_bsnpr_players,https://web.archive.org/web/20070417033701id_/http://www.bsnpr.com:80/estadisticas/enciclopedia.asp,2026-09-08T14:22:06Z
475,"Cambridge, Dexter","cambridge, dexter",Cambridge,Dexter,,,,,,,,,,no,single-source,wayback_bsnpr_players,https://web.archive.org/web/20070417033701id_/http://www.bsnpr.com:80/estadisticas/enciclopedia.asp,2026-09-08T14:22:06Z
476,"Cruz, Dickie","cruz, dickie",Cruz,Dickie,,,,,,,,,,no,single-source,wayback_bsnpr_players,https://web.archive.org/web/20070417033701id_/http://www.bsnpr.com:80/estadisticas/enciclopedia.asp,2026-09-08T14:22:06Z
477,"Gomilla Mely, Diego","gomilla mely, diego",Gomilla Mely,Diego,,12/6/1950,1950,,,,,,,no,single-source,wayback_bsnpr_players,https://web.archive.org/web/20200601011615id_/https://www.bsnpr.com/estadisticas/enciclopedia.asp,2026-09-08T14:25:42Z
478,"Martin, Estadísticas Jugador","martin, estadisticas jugador",Martin,Estadísticas Jugador,,4/14/1959,1959,nan,nan,No se sabe,1977,1986,10,yes,single-source,wayback_bsnpr_players,https://web.archive.org/web/20070828224528id_/http://www.bsnpr.com:80/jugadores/jugador.asp?id=478&e=,2026-09-08T14:31:10Z
479,"Melendez Montañez, Diego","melendez montanez, diego",Melendez Montañez,Diego,,11/17/1955,1955,,,,,,,no,single-source,wayback_bsnpr_players,https://web.archive.org/web/20200601011615id_/https://www.bsnpr.com/estadisticas/enciclopedia.asp,2026-09-08T14:25:42Z
480,"Torres, Diego","torres, diego",Torres,Diego,,,,,,,,,,no,single-source,wayback_bsnpr_players,https://web.archive.org/web/20070417033701id_/http://www.bsnpr.com:80/estadisticas/enciclopedia.asp,2026-09-08T14:22:06Z
481,"Melendez Hernandez, Diego jr.","melendez hernandez, diego jr",Melendez Hernandez,Diego jr.,,,,,,,,,,no,single-source,wayback_bsnpr_players,https://web.archive.org/web/20070417033701id_/http://www.bsnpr.com:80/estadisticas/enciclopedia.asp,2026-09-08T14:22:06Z
482,"Alvarez, Domingo","alvarez, domingo",Alvarez,Domingo,,,,,,,,,,no,single-source,wayback_bsnpr_players,https://web.archive.org/web/20070417033701id_/http://www.bsnpr.com:80/estadisticas/enciclopedia.asp,2026-09-08T14:22:06Z
483,"Gonzalez, Domingo","gonzalez, domingo",Gonzalez,Domingo,,,,,,,,,,no,single-source,wayback_bsnpr_players,https://web.archive.org/web/20070417033701id_/http://www.bsnpr.com:80/estadisticas/enciclopedia.asp,2026-09-08T14:22:06Z
484,"Rivera Brown, Domingo","rivera brown, domingo",Rivera Brown,Domingo,,,,,,,,,,no,single-source,wayback_bsnpr_players,https://web.archive.org/web/20070417033701id_/http://www.bsnpr.com:80/estadisticas/enciclopedia.asp,2026-09-08T14:22:06Z
485,"Bought Padilla, Donald","bought padilla, donald",Bought Padilla,Donald,,6/20/1961,1961,,,,,,,no,single-source,wayback_bsnpr_players,https://web.archive.org/web/20200601011615id_/https://www.bsnpr.com/estadisticas/enciclopedia.asp,2026-09-08T14:25:42Z
486,"Jones, Dontae","jones, dontae",Jones,Dontae,,6/2/1975,1975,,,,,,,no,single-source,wayback_bsnpr_players,https://web.archive.org/web/20200601011615id_/https://www.bsnpr.com/estadisticas/enciclopedia.asp,2026-09-08T14:25:42Z
487,"Rush, Estadísticas Jugador","rush, estadisticas jugador",Rush,Estadísticas Jugador,,,,nan,nan,No se sabe,1997,1997,1,yes,single-source,wayback_bsnpr_players,https://web.archive.org/web/20070829040647id_/http://www.bsnpr.com:80/jugadores/jugador.asp?id=487&e=,2026-09-08T14:31:12Z
488,"Alves, Douglas","alves, douglas",Alves,Douglas,,,,,,,,,,no,single-source,wayback_bsnpr_players,https://web.archive.org/web/20070417033701id_/http://www.bsnpr.com:80/estadisticas/enciclopedia.asp,2026-09-08T14:22:06Z
489,"Moratzka, Douglas","moratzka, douglas",Moratzka,Douglas,,12/5/1962,1962,,,,,,,no,single-source,wayback_bsnpr_players,https://web.archive.org/web/20200601011615id_/https://www.bsnpr.com/estadisticas/enciclopedia.asp,2026-09-08T14:25:42Z
490,"Torres, Douglas","torres, douglas",Torres,Douglas,,,,,,,,,,no,single-source,wayback_bsnpr_players,https://web.archive.org/web/20070417033701id_/http://www.bsnpr.com:80/estadisticas/enciclopedia.asp,2026-09-08T14:22:06Z
491,"Stewart, Estadísticas Jugador","stewart, estadisticas jugador",Stewart,Estadísticas Jugador,,,,nan,nan,No se sabe,1998,1998,1,yes,single-source,wayback_bsnpr_players,https://web.archive.org/web/20070829035307id_/http://www.bsnpr.com:80/jugadores/jugador.asp?id=491&e=,2026-09-08T14:31:14Z
492,"Brown, Earl","brown, earl",Brown,Earl,,6/23/1952,1952,USA,USA,Centro,1971,1985,12,yes,single-source,wayback_bsnpr_players,https://web.archive.org/web/20191210113549id_/https://www.bsnpr.com/jugadores/jugador.asp?id=492,2026-09-08T14:31:15Z
493,"Rivera Rodriguez, Ebizai","rivera rodriguez, ebizai",Rivera Rodriguez,Ebizai,,3/11/1984,1984,,,,,,,no,single-source,wayback_bsnpr_players,https://web.archive.org/web/20200601011615id_/https://www.bsnpr.com/estadisticas/enciclopedia.asp,2026-09-08T14:25:42Z
494,"Book, Estadísticas Jugador","book, estadisticas jugador",Book,Estadísticas Jugador,,,,nan,nan,No se sabe,1993,1993,1,yes,single-source,wayback_bsnpr_players,https://web.archive.org/web/20070829041435id_/http://www.bsnpr.com:80/jugadores/jugador.asp?id=494&e=,2026-09-08T14:31:17Z
495,"Stokes, Ed","stokes, ed",Stokes,Ed,,,,,,,,,,no,single-source,wayback_bsnpr_players,https://web.archive.org/web/20070417033701id_/http://www.bsnpr.com:80/estadisticas/enciclopedia.asp,2026-09-08T14:22:06Z
496,"Colon Cruz, Eddid","colon cruz, eddid",Colon Cruz,Eddid,,,,,,,,,,no,single-source,wayback_bsnpr_players,https://web.archive.org/web/20070417033701id_/http://www.bsnpr.com:80/estadisticas/enciclopedia.asp,2026-09-08T14:22:06Z
497,"Alvarez, Eddie","alvarez, eddie",Alvarez,Eddie,,,,nan,nan,No se sabe,1957,1964,8,yes,single-source,wayback_bsnpr_players,https://web.archive.org/web/20180506035822id_/http://www.bsnpr.com/jugadores/jugador.asp?id=497,2026-09-08T14:31:19Z
498,"Casiano Ojeda, Eddie","casiano ojeda, eddie",Casiano Ojeda,Eddie,,9/20/1972,1972,"Manhattan, New York, USA",USA,Escolta,1988,2008,21,yes,single-source,wayback_bsnpr_players,https://web.archive.org/web/20180221123707id_/http://www.bsnpr.com/jugadores/jugador.asp?id=498,2026-09-08T14:31:21Z
499,"Elisma, Estadísticas Jugador","elisma, estadisticas jugador",Elisma,Estadísticas Jugador,,4/19/1975,1975,"Miami, Florida",Florida,Delantero/Centro,2001,2003,3,yes,single-source,wayback_bsnpr_players,https://web.archive.org/web/20080403064157id_/http://www.bsnpr.com:80/jugadores/jugador.asp?id=499&e=,2026-09-08T14:31:23Z
500,"Lojo, Eddie","lojo, eddie",Lojo,Eddie,,,,,,,,,,no,single-source,wayback_bsnpr_players,https://web.archive.org/web/20070417033701id_/http://www.bsnpr.com:80/estadisticas/enciclopedia.asp,2026-09-08T14:22:06Z
501,"Torres Espinosa, Eddie","torres espinosa, eddie",Torres Espinosa,Eddie,,8/20/1957,1957,,,,,,,no,single-source,wayback_bsnpr_players,https://web.archive.org/web/20200601011615id_/https://www.bsnpr.com/estadisticas/enciclopedia.asp,2026-09-08T14:25:42Z
502,"Santiago Cordero, Eddin","santiago cordero, eddin",Santiago Cordero,Eddin,,12/14/1979,1979,"Bayamón, Puerto Rico",Puerto Rico,Armador,1997,2013,17,yes,single-source,wayback_bsnpr_players,https://web.archive.org/web/20130428000605id_/http://www.bsnpr.com:80/jugadores/jugador.asp?id=502&e=,2026-09-08T14:31:25Z
503,"Cespedes Velez, Estadísticas Jugador","cespedes velez, estadisticas jugador",Cespedes Velez,Estadísticas Jugador,,,,nan,nan,No se sabe,1997,1998,2,yes,single-source,wayback_bsnpr_players,https://web.archive.org/web/20070828224513id_/http://www.bsnpr.com:80/jugadores/jugador.asp?id=503&e=,2026-09-08T14:31:27Z
504,"Acevedo Rios, Edgar","acevedo rios, edgar",Acevedo Rios,Edgar,,1/30/1976,1976,,,,,,,no,single-source,wayback_bsnpr_players,https://web.archive.org/web/20200601011615id_/https://www.bsnpr.com/estadisticas/enciclopedia.asp,2026-09-08T14:25:42Z
505,"Castro, Edgar","castro, edgar",Castro,Edgar,,,,,,,,,,no,single-source,wayback_bsnpr_players,https://web.archive.org/web/20070417033701id_/http://www.bsnpr.com:80/estadisticas/enciclopedia.asp,2026-09-08T14:22:06Z
506,"Flores Alicea, Edgar","flores alicea, edgar",Flores Alicea,Edgar,,1/7/1954,1954,,,,,,,no,single-source,wayback_bsnpr_players,https://web.archive.org/web/20200601011615id_/https://www.bsnpr.com/estadisticas/enciclopedia.asp,2026-09-08T14:25:42Z
507,"León, Edgar","leon, edgar",León,Edgar,,,,,,,,,,no,single-source,wayback_bsnpr_players,https://web.archive.org/web/20070417033701id_/http://www.bsnpr.com:80/estadisticas/enciclopedia.asp,2026-09-08T14:22:06Z
508,"Leon Cruz, Estadísticas Jugador","leon cruz, estadisticas jugador",Leon Cruz,Estadísticas Jugador,,2/11/1964,1964,nan,nan,No se sabe,1981,2000,19,yes,single-source,wayback_bsnpr_players,https://web.archive.org/web/20070828230643id_/http://www.bsnpr.com:80/jugadores/jugador.asp?id=508&e=,2026-09-08T14:31:28Z
509,"Padilla Rivera, Estadísticas Jugador","padilla rivera, estadisticas jugador",Padilla Rivera,Estadísticas Jugador,,5/9/1975,1975,"Santurce, Puerto Rico",Puerto Rico,Armador,1990,2008,19,yes,single-source,wayback_bsnpr_players,https://web.archive.org/web/20080803173052id_/http://bsnpr.com:80/jugadores/jugador.asp?id=509&e=,2026-09-08T14:31:30Z
510,"Rexach Molinary, Estadísticas Jugador","rexach molinary, estadisticas jugador",Rexach Molinary,Estadísticas Jugador,,7/29/1969,1969,nan,nan,No se sabe,1989,1989,1,yes,single-source,wayback_bsnpr_players,https://web.archive.org/web/20070828225252id_/http://www.bsnpr.com:80/jugadores/jugador.asp?id=510&e=,2026-09-08T14:31:32Z
511,"Rivera Murillo, Edgar","rivera murillo, edgar",Rivera Murillo,Edgar,,9/7/1965,1965,,,,,,,no,single-source,wayback_bsnpr_players,https://web.archive.org/web/20200601011615id_/https://www.bsnpr.com/estadisticas/enciclopedia.asp,2026-09-08T14:25:42Z
512,"Williams Rivas, Edgar","williams rivas, edgar",Williams Rivas,Edgar,gary,6/6/1963,1963,,,,,,,no,single-source,wayback_bsnpr_players,https://web.archive.org/web/20200601011615id_/https://www.bsnpr.com/estadisticas/enciclopedia.asp,2026-09-08T14:25:42Z
513,"Esquilin Quiñonez, Edgar william","esquilin quinonez, edgar william",Esquilin Quiñonez,Edgar william,,,,,,,,,,no,single-source,wayback_bsnpr_players,https://web.archive.org/web/20070417033701id_/http://www.bsnpr.com:80/estadisticas/enciclopedia.asp,2026-09-08T14:22:06Z
514,"Acevedo Arroyo, Edgardo","acevedo arroyo, edgardo",Acevedo Arroyo,Edgardo,,,,,,,,,,no,single-source,wayback_bsnpr_players,https://web.archive.org/web/20070417033701id_/http://www.bsnpr.com:80/estadisticas/enciclopedia.asp,2026-09-08T14:22:06Z
515,"Alvarado, Edgardo","alvarado, edgardo",Alvarado,Edgardo,,,,,,,,,,no,single-source,wayback_bsnpr_players,https://web.archive.org/web/20070417033701id_/http://www.bsnpr.com:80/estadisticas/enciclopedia.asp,2026-09-08T14:22:06Z
516,"Castro Santiago, Edgardo","castro santiago, edgardo",Castro Santiago,Edgardo,,,,,,,,,,no,single-source,wayback_bsnpr_players,https://web.archive.org/web/20070417033701id_/http://www.bsnpr.com:80/estadisticas/enciclopedia.asp,2026-09-08T14:22:06Z
517,"Lopez, Estadísticas Jugador","lopez, estadisticas jugador",Lopez,Estadísticas Jugador,,,,nan,nan,No se sabe,1964,1972,7,yes,single-source,wayback_bsnpr_players,https://web.archive.org/web/20070828223504id_/http://www.bsnpr.com:80/jugadores/jugador.asp?id=517&e=,2026-09-08T14:31:34Z
518,"Lopez, Edgardo","lopez, edgardo",Lopez,Edgardo,,,,,,,,,,no,single-source,wayback_bsnpr_players,https://web.archive.org/web/20070417033701id_/http://www.bsnpr.com:80/estadisticas/enciclopedia.asp,2026-09-08T14:22:06Z
519,"Marchany Torres, Edgardo","marchany torres, edgardo",Marchany Torres,Edgardo,,5/18/1953,1953,,,,,,,no,single-source,wayback_bsnpr_players,https://web.archive.org/web/20200601011615id_/https://www.bsnpr.com/estadisticas/enciclopedia.asp,2026-09-08T14:25:42Z
520,"Oliver, Edgardo","oliver, edgardo",Oliver,Edgardo,,,,,,,,,,no,single-source,wayback_bsnpr_players,https://web.archive.org/web/20070417033701id_/http://www.bsnpr.com:80/estadisticas/enciclopedia.asp,2026-09-08T14:22:06Z
521,"Ruiz Montalvo, Edgardo","ruiz montalvo, edgardo",Ruiz Montalvo,Edgardo,,4/5/1963,1963,,,,,,,no,single-source,wayback_bsnpr_players,https://web.archive.org/web/20200601011615id_/https://www.bsnpr.com/estadisticas/enciclopedia.asp,2026-09-08T14:25:42Z
522,"Santiago Colon, Edgardo","santiago colon, edgardo",Santiago Colon,Edgardo,,9/27/1969,1969,,,,,,,no,single-source,wayback_bsnpr_players,https://web.archive.org/web/20200601011615id_/https://www.bsnpr.com/estadisticas/enciclopedia.asp,2026-09-08T14:25:42Z
523,"Colon, Edid","colon, edid",Colon,Edid,,,,,,,,,,no,single-source,wayback_bsnpr_players,https://web.archive.org/web/20070417033701id_/http://www.bsnpr.com:80/estadisticas/enciclopedia.asp,2026-09-08T14:22:06Z
524,"Saunders, Edmund","saunders, edmund",Saunders,Edmund,,11/6/1978,1978,,,,,,,no,single-source,wayback_bsnpr_players,https://web.archive.org/web/20200601011615id_/https://www.bsnpr.com/estadisticas/enciclopedia.asp,2026-09-08T14:25:42Z
525,"Baez Rivera, Edmundo","baez rivera, edmundo",Baez Rivera,Edmundo,,5/13/1953,1953,,,,,,,no,single-source,wayback_bsnpr_players,https://web.archive.org/web/20200601011615id_/https://www.bsnpr.com/estadisticas/enciclopedia.asp,2026-09-08T14:25:42Z
526,"Cruz, Estadísticas Jugador","cruz, estadisticas jugador",Cruz,Estadísticas Jugador,,12/18/1952,1952,nan,nan,No se sabe,1974,1975,2,yes,single-source,wayback_bsnpr_players,https://web.archive.org/web/20070829041614id_/http://www.bsnpr.com:80/jugadores/jugador.asp?id=526&e=,2026-09-08T14:31:36Z
527,"Alvira Vega, Estadísticas Jugador","alvira vega, estadisticas jugador",Alvira Vega,Estadísticas Jugador,,7/20/1969,1969,nan,nan,No se sabe,1988,1991,4,yes,single-source,wayback_bsnpr_players,https://web.archive.org/web/20070828231733id_/http://www.bsnpr.com:80/jugadores/jugador.asp?id=527&e=,2026-09-08T14:31:38Z
528,"Arrufat Albarran, Eduardo","arrufat albarran, eduardo",Arrufat Albarran,Eduardo,,9/17/1964,1964,,,,,,,no,single-source,wayback_bsnpr_players,https://web.archive.org/web/20200601011615id_/https://www.bsnpr.com/estadisticas/enciclopedia.asp,2026-09-08T14:25:42Z
529,"Ayala Torres, Eduardo","ayala torres, eduardo",Ayala Torres,Eduardo,,3/19/1962,1962,,,,,,,no,single-source,wayback_bsnpr_players,https://web.archive.org/web/20200601011615id_/https://www.bsnpr.com/estadisticas/enciclopedia.asp,2026-09-08T14:25:42Z
530,"Bermudez Espino, Eduardo","bermudez espino, eduardo",Bermudez Espino,Eduardo,,5/3/1963,1963,,,,,,,no,single-source,wayback_bsnpr_players,https://web.archive.org/web/20200601011615id_/https://www.bsnpr.com/estadisticas/enciclopedia.asp,2026-09-08T14:25:42Z
531,"Brinn Esparra, Eduardo","brinn esparra, eduardo",Brinn Esparra,Eduardo,,8/4/1964,1964,,,,,,,no,single-source,wayback_bsnpr_players,https://web.archive.org/web/20200601011615id_/https://www.bsnpr.com/estadisticas/enciclopedia.asp,2026-09-08T14:25:42Z
532,"Carrillo, Estadísticas Jugador","carrillo, estadisticas jugador",Carrillo,Estadísticas Jugador,,,,nan,nan,No se sabe,1963,1963,1,yes,single-source,wayback_bsnpr_players,https://web.archive.org/web/20070829041729id_/http://www.bsnpr.com:80/jugadores/jugador.asp?id=532&e=,2026-09-08T14:31:39Z
533,"Cortijo Apolinaris, Eduardo","cortijo apolinaris, eduardo",Cortijo Apolinaris,Eduardo,,9/10/1953,1953,,,,,,,no,single-source,wayback_bsnpr_players,https://web.archive.org/web/20200601011615id_/https://www.bsnpr.com/estadisticas/enciclopedia.asp,2026-09-08T14:25:42Z
534,"Hernandez Mendez, Eduardo","hernandez mendez, eduardo",Hernandez Mendez,Eduardo,,3/15/1963,1963,,,,,,,no,single-source,wayback_bsnpr_players,https://web.archive.org/web/20200601011615id_/https://www.bsnpr.com/estadisticas/enciclopedia.asp,2026-09-08T14:25:42Z
535,"Hidalgo, Estadísticas Jugador","hidalgo, estadisticas jugador",Hidalgo,Estadísticas Jugador,,,,nan,nan,No se sabe,1969,1970,2,yes,single-source,wayback_bsnpr_players,https://web.archive.org/web/20070828223423id_/http://www.bsnpr.com:80/jugadores/jugador.asp?id=535&e=,2026-09-08T14:31:41Z
536,"Martinez, Eduardo","martinez, eduardo",Martinez,Eduardo,,,,,,,,,,no,single-source,wayback_bsnpr_players,https://web.archive.org/web/20070417033701id_/http://www.bsnpr.com:80/estadisticas/enciclopedia.asp,2026-09-08T14:22:06Z
537,"Rodriguez, Eduardo","rodriguez, eduardo",Rodriguez,Eduardo,,,,,,,,,,no,single-source,wayback_bsnpr_players,https://web.archive.org/web/20070417033701id_/http://www.bsnpr.com:80/estadisticas/enciclopedia.asp,2026-09-08T14:22:06Z
538,"Santiago, Eduardo","santiago, eduardo",Santiago,Eduardo,,,,,,,,,,no,single-source,wayback_bsnpr_players,https://web.archive.org/web/20070417033701id_/http://www.bsnpr.com:80/estadisticas/enciclopedia.asp,2026-09-08T14:22:06Z
539,"Alvarez Aguirre, Eduardo","alvarez aguirre, eduardo",Alvarez Aguirre,Eduardo,eddie,3/14/1959,1959,,,,,,,no,single-source,wayback_bsnpr_players,https://web.archive.org/web/20200601011615id_/https://www.bsnpr.com/estadisticas/enciclopedia.asp,2026-09-08T14:25:42Z
540,"Martinez Rivera, Eduardo","martinez rivera, eduardo",Martinez Rivera,Eduardo,eddie,5/21/1953,1953,,,,,,,no,single-source,wayback_bsnpr_players,https://web.archive.org/web/20200601011615id_/https://www.bsnpr.com/estadisticas/enciclopedia.asp,2026-09-08T14:25:42Z
541,"Horton, Edward","horton, edward",Horton,Edward,,,,,,,,,,no,single-source,wayback_bsnpr_players,https://web.archive.org/web/20070417033701id_/http://www.bsnpr.com:80/estadisticas/enciclopedia.asp,2026-09-08T14:22:06Z
542,"Castillo Perez, Estadísticas Jugador","castillo perez, estadisticas jugador",Castillo Perez,Estadísticas Jugador,,4/27/1984,1984,"Arecibo, Puerto Rico",Puerto Rico,Armador,2003,2007,3,yes,single-source,wayback_bsnpr_players,https://web.archive.org/web/20080411054400id_/http://www.bsnpr.com:80/jugadores/jugador.asp?id=542&e=,2026-09-08T14:31:43Z
543,"Cestero, Edwin","cestero, edwin",Cestero,Edwin,,,,,,,,,,no,single-source,wayback_bsnpr_players,https://web.archive.org/web/20070417033701id_/http://www.bsnpr.com:80/estadisticas/enciclopedia.asp,2026-09-08T14:22:06Z
544,"Cestero, Edwin","cestero, edwin",Cestero,Edwin,,,,,,,,,,no,single-source,wayback_bsnpr_players,https://web.archive.org/web/20070417033701id_/http://www.bsnpr.com:80/estadisticas/enciclopedia.asp,2026-09-08T14:22:06Z
545,"Cruz, Edwin","cruz, edwin",Cruz,Edwin,,,,,,,,,,no,single-source,wayback_bsnpr_players,https://web.archive.org/web/20070417033701id_/http://www.bsnpr.com:80/estadisticas/enciclopedia.asp,2026-09-08T14:22:06Z
546,"Diaz, Edwin","diaz, edwin",Diaz,Edwin,,,,,,,,,,no,single-source,wayback_bsnpr_players,https://web.archive.org/web/20070417033701id_/http://www.bsnpr.com:80/estadisticas/enciclopedia.asp,2026-09-08T14:22:06Z
547,"Figueroa, Edwin","figueroa, edwin",Figueroa,Edwin,,,,,,,,,,no,single-source,wayback_bsnpr_players,https://web.archive.org/web/20070417033701id_/http://www.bsnpr.com:80/estadisticas/enciclopedia.asp,2026-09-08T14:22:06Z
548,"Figueroa Camacho, Edwin","figueroa camacho, edwin",Figueroa Camacho,Edwin,,11/6/1954,1954,,,,,,,no,single-source,wayback_bsnpr_players,https://web.archive.org/web/20200601011615id_/https://www.bsnpr.com/estadisticas/enciclopedia.asp,2026-09-08T14:25:42Z
549,"Loubriel, Edwin","loubriel, edwin",Loubriel,Edwin,,,,,,,,,,no,single-source,wayback_bsnpr_players,https://web.archive.org/web/20070417033701id_/http://www.bsnpr.com:80/estadisticas/enciclopedia.asp,2026-09-08T14:22:06Z
550,"Mendez, Edwin","mendez, edwin",Mendez,Edwin,,,,,,,,,,no,single-source,wayback_bsnpr_players,https://web.archive.org/web/20070417033701id_/http://www.bsnpr.com:80/estadisticas/enciclopedia.asp,2026-09-08T14:22:06Z
551,"Miranda, Estadísticas Jugador","miranda, estadisticas jugador",Miranda,Estadísticas Jugador,,,,nan,nan,No se sabe,1959,1959,1,yes,single-source,wayback_bsnpr_players,https://web.archive.org/web/20070828225502id_/http://www.bsnpr.com:80/jugadores/jugador.asp?id=551&e=,2026-09-08T14:31:46Z
552,"Ocasio, Estadísticas Jugador","ocasio, estadisticas jugador",Ocasio,Estadísticas Jugador,,3/12/1953,1953,nan,nan,No se sabe,1971,1976,6,yes,single-source,wayback_bsnpr_players,https://web.archive.org/web/20070828225302id_/http://www.bsnpr.com:80/jugadores/jugador.asp?id=552&e=,2026-09-08T14:31:48Z
553,"Pellot Rosa, Edwin","pellot rosa, edwin",Pellot Rosa,Edwin,,6/13/1963,1963,,,,,,,no,single-source,wayback_bsnpr_players,https://web.archive.org/web/20200601011615id_/https://www.bsnpr.com/estadisticas/enciclopedia.asp,2026-09-08T14:25:42Z
554,"Rodriguez, Edwin","rodriguez, edwin",Rodriguez,Edwin,,,,,,,,,,no,single-source,wayback_bsnpr_players,https://web.archive.org/web/20070417033701id_/http://www.bsnpr.com:80/estadisticas/enciclopedia.asp,2026-09-08T14:22:06Z
555,"Santiago Rivera, Estadísticas Jugador","santiago rivera, estadisticas jugador",Santiago Rivera,Estadísticas Jugador,,6/25/1968,1968,"Santurce, Puerto Rico",Puerto Rico,Armador/Escolta,1986,2007,19,yes,single-source,wayback_bsnpr_players,https://web.archive.org/web/20080411054901id_/http://www.bsnpr.com:80/jugadores/jugador.asp?id=555&e=,2026-09-08T14:31:50Z
556,"Vazquez Concepcion, Edwin","vazquez concepcion, edwin",Vazquez Concepcion,Edwin,,,,,,,,,,no,single-source,wayback_bsnpr_players,https://web.archive.org/web/20070417033701id_/http://www.bsnpr.com:80/estadisticas/enciclopedia.asp,2026-09-08T14:22:06Z
557,"Villanueva Acevedo, Edwin","villanueva acevedo, edwin",Villanueva Acevedo,Edwin,,1/27/1962,1962,,,,,,,no,single-source,wayback_bsnpr_players,https://web.archive.org/web/20200601011615id_/https://www.bsnpr.com/estadisticas/enciclopedia.asp,2026-09-08T14:25:42Z
558,"Virgil Morales, Edwin","virgil morales, edwin",Virgil Morales,Edwin,,,,,,,,,,no,single-source,wayback_bsnpr_players,https://web.archive.org/web/20070417033701id_/http://www.bsnpr.com:80/estadisticas/enciclopedia.asp,2026-09-08T14:22:06Z
559,"Guzman Rivera, Edwin jose","guzman rivera, edwin jose",Guzman Rivera,Edwin jose,,,,,,,,,,no,single-source,wayback_bsnpr_players,https://web.archive.org/web/20070417033701id_/http://www.bsnpr.com:80/estadisticas/enciclopedia.asp,2026-09-08T14:22:06Z
560,"Rodriguez Martinez, Edwin n.","rodriguez martinez, edwin n",Rodriguez Martinez,Edwin n.,,,,,,,,,,no,single-source,wayback_bsnpr_players,https://web.archive.org/web/20070417033701id_/http://www.bsnpr.com:80/estadisticas/enciclopedia.asp,2026-09-08T14:22:06Z
561,"Cabello Martinez, Edwin r.","cabello martinez, edwin r",Cabello Martinez,Edwin r.,,11/13/1956,1956,,,,,,,no,single-source,wayback_bsnpr_players,https://web.archive.org/web/20200601011615id_/https://www.bsnpr.com/estadisticas/enciclopedia.asp,2026-09-08T14:25:42Z
562,"Perez Sanchez, Estadísticas Jugador","perez sanchez, estadisticas jugador",Perez Sanchez,Estadísticas Jugador,,10/2/1958,1958,nan,nan,No se sabe,1977,1980,4,yes,single-source,wayback_bsnpr_players,https://web.archive.org/web/20070828225948id_/http://www.bsnpr.com:80/jugadores/jugador.asp?id=562&e=,2026-09-08T14:31:52Z
563,"Ramos Rodriguez, Edwin t.","ramos rodriguez, edwin t",Ramos Rodriguez,Edwin t.,,11/29/1960,1960,,,,,,,no,single-source,wayback_bsnpr_players,https://web.archive.org/web/20200601011615id_/https://www.bsnpr.com/estadisticas/enciclopedia.asp,2026-09-08T14:25:42Z
564,"Muñiz Quiros, Edwin wilfredo","muniz quiros, edwin wilfredo",Muñiz Quiros,Edwin wilfredo,,3/20/1984,1984,,,,,,,no,single-source,wayback_bsnpr_players,https://web.archive.org/web/20200601011615id_/https://www.bsnpr.com/estadisticas/enciclopedia.asp,2026-09-08T14:25:42Z
565,"Alejandro Gonzalez, Estadísticas Jugador","alejandro gonzalez, estadisticas jugador",Alejandro Gonzalez,Estadísticas Jugador,,3/21/1966,1966,nan,nan,No se sabe,1987,1987,1,yes,single-source,wayback_bsnpr_players,https://web.archive.org/web/20070829042729id_/http://www.bsnpr.com:80/jugadores/jugador.asp?id=565&e=,2026-09-08T14:31:54Z
566,"Carcaño Camacho, Estadísticas Jugador","carcano camacho, estadisticas jugador",Carcaño Camacho,Estadísticas Jugador,,1/3/1960,1960,nan,nan,No se sabe,1981,1981,1,yes,single-source,wayback_bsnpr_players,https://web.archive.org/web/20070828225327id_/http://www.bsnpr.com:80/jugadores/jugador.asp?id=566&e=,2026-09-08T14:31:55Z
567,"Cestero, Efrain","cestero, efrain",Cestero,Efrain,,,,,,,,,,no,single-source,wayback_bsnpr_players,https://web.archive.org/web/20070417033701id_/http://www.bsnpr.com:80/estadisticas/enciclopedia.asp,2026-09-08T14:22:06Z
568,"De jesus, Efrain","de jesus, efrain",De jesus,Efrain,,,,,,,,,,no,single-source,wayback_bsnpr_players,https://web.archive.org/web/20070417033701id_/http://www.bsnpr.com:80/estadisticas/enciclopedia.asp,2026-09-08T14:22:06Z
569,"De jesus, Efrain","de jesus, efrain",De jesus,Efrain,,,,,,,,,,no,single-source,wayback_bsnpr_players,https://web.archive.org/web/20070417033701id_/http://www.bsnpr.com:80/estadisticas/enciclopedia.asp,2026-09-08T14:22:06Z
570,"Fargas Hernandez, Efrain","fargas hernandez, efrain",Fargas Hernandez,Efrain,,1/12/1956,1956,,,,,,,no,single-source,wayback_bsnpr_players,https://web.archive.org/web/20200601011615id_/https://www.bsnpr.com/estadisticas/enciclopedia.asp,2026-09-08T14:25:42Z
571,"Sambolin, Efrain","sambolin, efrain",Sambolin,Efrain,,,,,,,,,,no,single-source,wayback_bsnpr_players,https://web.archive.org/web/20070417033701id_/http://www.bsnpr.com:80/estadisticas/enciclopedia.asp,2026-09-08T14:22:06Z
572,"Velez Rios, Estadísticas Jugador","velez rios, estadisticas jugador",Velez Rios,Estadísticas Jugador,,,,nan,nan,No se sabe,1993,1993,1,yes,single-source,wayback_bsnpr_players,https://web.archive.org/web/20070828230928id_/http://www.bsnpr.com:80/jugadores/jugador.asp?id=572&e=,2026-09-08T14:31:57Z
573,"Olivencia, Eggie","olivencia, eggie",Olivencia,Eggie,,,,,,,,,,no,single-source,wayback_bsnpr_players,https://web.archive.org/web/20070417033701id_/http://www.bsnpr.com:80/estadisticas/enciclopedia.asp,2026-09-08T14:22:06Z
574,"Ayuso Carrillo, Elias","ayuso carrillo, elias",Ayuso Carrillo,Elias,larry,3/27/1977,1977,"Aguas Buenas, Puerto Rico",Puerto Rico,Escolta,1996,2017,20,yes,single-source,wayback_bsnpr_players,https://web.archive.org/web/20170715120228id_/http://www.bsnpr.com:80/jugadores/jugador.asp?id=574&e=,2026-09-08T14:31:59Z
575,"Aponte Cirino, Eliezer","aponte cirino, eliezer",Aponte Cirino,Eliezer,,4/13/1968,1968,,,,,,,no,single-source,wayback_bsnpr_players,https://web.archive.org/web/20200601011615id_/https://www.bsnpr.com/estadisticas/enciclopedia.asp,2026-09-08T14:25:42Z
576,"Ellis Echevers, Eliezer","ellis echevers, eliezer",Ellis Echevers,Eliezer,,3/19/1971,1971,,,,,,,no,single-source,wayback_bsnpr_players,https://web.archive.org/web/20200601011615id_/https://www.bsnpr.com/estadisticas/enciclopedia.asp,2026-09-08T14:25:42Z
577,"Morales, Eliezer","morales, eliezer",Morales,Eliezer,,,,,,,,,,no,single-source,wayback_bsnpr_players,https://web.archive.org/web/20070417033701id_/http://www.bsnpr.com:80/estadisticas/enciclopedia.asp,2026-09-08T14:22:06Z
578,"Rivera Lopez, Estadísticas Jugador","rivera lopez, estadisticas jugador",Rivera Lopez,Estadísticas Jugador,,2/29/1980,1980,"Arecibo, Puerto Rico",Puerto Rico,No se sabe,2000,2004,3,yes,single-source,wayback_bsnpr_players,https://web.archive.org/web/20070828231641id_/http://www.bsnpr.com:80/jugadores/jugador.asp?id=578&e=,2026-09-08T14:32:01Z
579,"Martinez, Estadísticas Jugador","martinez, estadisticas jugador",Martinez,Estadísticas Jugador,,,,nan,nan,No se sabe,2001,2001,1,yes,single-source,wayback_bsnpr_players,https://web.archive.org/web/20070829040948id_/http://www.bsnpr.com:80/jugadores/jugador.asp?id=579&e=,2026-09-08T14:32:03Z
580,"Morales Hoyos, Estadísticas Jugador","morales hoyos, estadisticas jugador",Morales Hoyos,Estadísticas Jugador,,4/14/1981,1981,"Bayamon, Puerto Rico",Puerto Rico,Armador,2001,2008,8,yes,single-source,wayback_bsnpr_players,https://web.archive.org/web/20090624063720id_/http://www.bsnpr.com:80/jugadores/jugador.asp?id=580&e=9,2026-09-08T14:32:05Z
581,"Mcsweeney, Elisha","mcsweeney, elisha",Mcsweeney,Elisha,,6/24/1954,1954,nan,nan,Centro,1982,1983,2,yes,single-source,wayback_bsnpr_players,https://web.archive.org/web/20201227135556id_/https://www.bsnpr.com/jugadores/jugador.asp?id=581&e=,2026-09-08T14:32:07Z
582,"Forbes Prado, Elket","forbes prado, elket",Forbes Prado,Elket,,12/22/1953,1953,,,,,,,no,single-source,wayback_bsnpr_players,https://web.archive.org/web/20200601011615id_/https://www.bsnpr.com/estadisticas/enciclopedia.asp,2026-09-08T14:25:42Z
583,"Wilkins, Ellington","wilkins, ellington",Wilkins,Ellington,,9/13/1964,1964,,,,,,,no,single-source,wayback_bsnpr_players,https://web.archive.org/web/20200601011615id_/https://www.bsnpr.com/estadisticas/enciclopedia.asp,2026-09-08T14:25:42Z
584,"Anderson Tyrone, Elmer","anderson tyrone, elmer",Anderson Tyrone,Elmer,,1/2/1968,1968,,,,,,,no,single-source,wayback_bsnpr_players,https://web.archive.org/web/20200601011615id_/https://www.bsnpr.com/estadisticas/enciclopedia.asp,2026-09-08T14:25:42Z
585,"Gonzalez Cortes, Elmer","gonzalez cortes, elmer",Gonzalez Cortes,Elmer,,6/23/1985,1985,,,,,,,no,single-source,wayback_bsnpr_players,https://web.archive.org/web/20200601011615id_/https://www.bsnpr.com/estadisticas/enciclopedia.asp,2026-09-08T14:25:42Z
586,"Morales, Elmy","morales, elmy",Morales,Elmy,,,,,,,,,,no,single-source,wayback_bsnpr_players,https://web.archive.org/web/20070417033701id_/http://www.bsnpr.com:80/estadisticas/enciclopedia.asp,2026-09-08T14:22:06Z
587,"Garcia Rodriguez, Elmyr","garcia rodriguez, elmyr",Garcia Rodriguez,Elmyr,,1/16/1970,1970,,,,,,,no,single-source,wayback_bsnpr_players,https://web.archive.org/web/20200601011615id_/https://www.bsnpr.com/estadisticas/enciclopedia.asp,2026-09-08T14:25:42Z
588,"Morales, Elmyr","morales, elmyr",Morales,Elmyr,,,,,,,,,,no,single-source,wayback_bsnpr_players,https://web.archive.org/web/20070417033701id_/http://www.bsnpr.com:80/estadisticas/enciclopedia.asp,2026-09-08T14:22:06Z
589,"Cortijo Apolinaris, Eloy","cortijo apolinaris, eloy",Cortijo Apolinaris,Eloy,,9/10/1953,1953,,,,,,,no,single-source,wayback_bsnpr_players,https://web.archive.org/web/20200601011615id_/https://www.bsnpr.com/estadisticas/enciclopedia.asp,2026-09-08T14:25:42Z
590,"Torres Gonzalez, Estadísticas Jugador","torres gonzalez, estadisticas jugador",Torres Gonzalez,Estadísticas Jugador,,,,nan,nan,No se sabe,1996,1996,1,yes,single-source,wayback_bsnpr_players,https://web.archive.org/web/20070828230440id_/http://www.bsnpr.com:80/jugadores/jugador.asp?id=590&e=,2026-09-08T14:32:09Z
591,"Lopez Mendez, Estadísticas Jugador","lopez mendez, estadisticas jugador",Lopez Mendez,Estadísticas Jugador,,3/9/1966,1966,nan,nan,No se sabe,1991,1991,1,yes,single-source,wayback_bsnpr_players,https://web.archive.org/web/20070828231817id_/http://www.bsnpr.com:80/jugadores/jugador.asp?id=591&e=,2026-09-08T14:32:10Z
592,"Rosario Lopez, Elvis","rosario lopez, elvis",Rosario Lopez,Elvis,,6/8/1969,1969,,,,,,,no,single-source,wayback_bsnpr_players,https://web.archive.org/web/20200601011615id_/https://www.bsnpr.com/estadisticas/enciclopedia.asp,2026-09-08T14:25:42Z
593,"Amaro, Emanuel","amaro, emanuel",Amaro,Emanuel,,,,,,,,,,no,single-source,wayback_bsnpr_players,https://web.archive.org/web/20070417033701id_/http://www.bsnpr.com:80/estadisticas/enciclopedia.asp,2026-09-08T14:22:06Z
594,"Aponte, Estadísticas Jugador","aponte, estadisticas jugador",Aponte,Estadísticas Jugador,,,,nan,nan,No se sabe,2001,2001,1,yes,single-source,wayback_bsnpr_players,https://web.archive.org/web/20070828231458id_/http://www.bsnpr.com:80/jugadores/jugador.asp?id=594&e=,2026-09-08T14:32:12Z
595,"Torres Martinez, Emanuel","torres martinez, emanuel",Torres Martinez,Emanuel,,3/30/1959,1959,,,,,,,no,single-source,wayback_bsnpr_players,https://web.archive.org/web/20200601011615id_/https://www.bsnpr.com/estadisticas/enciclopedia.asp,2026-09-08T14:25:42Z
596,"Davila Aponte, Emilio","davila aponte, emilio",Davila Aponte,Emilio,,8/21/1943,1943,,,,,,,no,single-source,wayback_bsnpr_players,https://web.archive.org/web/20200601011615id_/https://www.bsnpr.com/estadisticas/enciclopedia.asp,2026-09-08T14:25:42Z
597,"Figueroa Ayala, Emilio","figueroa ayala, emilio",Figueroa Ayala,Emilio,,9/30/1969,1969,,,,,,,no,single-source,wayback_bsnpr_players,https://web.archive.org/web/20200601011615id_/https://www.bsnpr.com/estadisticas/enciclopedia.asp,2026-09-08T14:25:42Z
598,"Rivera Jimenez, Estadísticas Jugador","rivera jimenez, estadisticas jugador",Rivera Jimenez,Estadísticas Jugador,,6/21/1956,1956,nan,nan,No se sabe,1974,1979,5,yes,single-source,wayback_bsnpr_players,https://web.archive.org/web/20070829040504id_/http://www.bsnpr.com:80/jugadores/jugador.asp?id=598&e=,2026-09-08T14:32:14Z
599,"Villaverde, Estadísticas Jugador","villaverde, estadisticas jugador",Villaverde,Estadísticas Jugador,,,,nan,nan,No se sabe,1973,1973,1,yes,single-source,wayback_bsnpr_players,https://web.archive.org/web/20070829040011id_/http://www.bsnpr.com:80/jugadores/jugador.asp?id=599&e=,2026-09-08T14:32:16Z
600,"Beniquez, Emilio j.","beniquez, emilio j",Beniquez,Emilio j.,,2/21/1953,1953,,,,,,,no,single-source,wayback_bsnpr_players,https://web.archive.org/web/20200601011615id_/https://www.bsnpr.com/estadisticas/enciclopedia.asp,2026-09-08T14:25:42Z
601,"Davis, Estadísticas Jugador","davis, estadisticas jugador",Davis,Estadísticas Jugador,,,,nan,nan,No se sabe,1999,1999,1,yes,single-source,wayback_bsnpr_players,https://web.archive.org/web/20070828231544id_/http://www.bsnpr.com:80/jugadores/jugador.asp?id=601&e=,2026-09-08T14:32:18Z
602,"Baez, Enrique","baez, enrique",Baez,Enrique,,,,,,,,,,no,single-source,wayback_bsnpr_players,https://web.archive.org/web/20070417033701id_/http://www.bsnpr.com:80/estadisticas/enciclopedia.asp,2026-09-08T14:22:06Z
603,"Caban Colon, Enrique","caban colon, enrique",Caban Colon,Enrique,,12/23/1957,1957,,,,,,,no,single-source,wayback_bsnpr_players,https://web.archive.org/web/20200601011615id_/https://www.bsnpr.com/estadisticas/enciclopedia.asp,2026-09-08T14:25:42Z
604,"Cruz, Enrique","cruz, enrique",Cruz,Enrique,,,,,,,,,,no,single-source,wayback_bsnpr_players,https://web.archive.org/web/20070417033701id_/http://www.bsnpr.com:80/estadisticas/enciclopedia.asp,2026-09-08T14:22:06Z
605,"Lopez Diaz, Enrique","lopez diaz, enrique",Lopez Diaz,Enrique,,,,,,,,,,no,single-source,wayback_bsnpr_players,https://web.archive.org/web/20070417033701id_/http://www.bsnpr.com:80/estadisticas/enciclopedia.asp,2026-09-08T14:22:06Z
606,"Nieves De jesus, Enrique","nieves de jesus, enrique",Nieves De jesus,Enrique,,,,,,,,,,no,single-source,wayback_bsnpr_players,https://web.archive.org/web/20070417033701id_/http://www.bsnpr.com:80/estadisticas/enciclopedia.asp,2026-09-08T14:22:06Z
607,"Rivera, Enrique","rivera, enrique",Rivera,Enrique,,,,,,,,,,no,single-source,wayback_bsnpr_players,https://web.archive.org/web/20070417033701id_/http://www.bsnpr.com:80/estadisticas/enciclopedia.asp,2026-09-08T14:22:06Z
608,"Rivera Nuñez, Enrique","rivera nunez, enrique",Rivera Nuñez,Enrique,,9/6/1964,1964,,,,,,,no,single-source,wayback_bsnpr_players,https://web.archive.org/web/20200601011615id_/https://www.bsnpr.com/estadisticas/enciclopedia.asp,2026-09-08T14:25:42Z
609,"Aponte Silva, Enrique","aponte silva, enrique",Aponte Silva,Enrique,quique,7/25/1958,1958,,,,,,,no,single-source,wayback_bsnpr_players,https://web.archive.org/web/20200601011615id_/https://www.bsnpr.com/estadisticas/enciclopedia.asp,2026-09-08T14:25:42Z
610,"Torres Ortiz, Enrique a.","torres ortiz, enrique a",Torres Ortiz,Enrique a.,,4/7/1964,1964,,,,,,,no,single-source,wayback_bsnpr_players,https://web.archive.org/web/20200601011615id_/https://www.bsnpr.com/estadisticas/enciclopedia.asp,2026-09-08T14:25:42Z
611,"Gotay Leddux, Ensor l.","gotay leddux, ensor l",Gotay Leddux,Ensor l.,,1/31/1960,1960,,,,,,,no,single-source,wayback_bsnpr_players,https://web.archive.org/web/20200601011615id_/https://www.bsnpr.com/estadisticas/enciclopedia.asp,2026-09-08T14:25:42Z
612,"Antonsanti Rodriguez, Estadísticas Jugador","antonsanti rodriguez, estadisticas jugador",Antonsanti Rodriguez,Estadísticas Jugador,,,,nan,nan,No se sabe,1996,1998,3,yes,single-source,wayback_bsnpr_players,https://web.archive.org/web/20070828230149id_/http://www.bsnpr.com:80/jugadores/jugador.asp?id=612&e=,2026-09-08T14:32:20Z
613,"Lopez Jorge, Eric","lopez jorge, eric",Lopez Jorge,Eric,,9/23/1971,1971,,,,,,,no,single-source,wayback_bsnpr_players,https://web.archive.org/web/20200601011615id_/https://www.bsnpr.com/estadisticas/enciclopedia.asp,2026-09-08T14:25:42Z
614,"Van Cott, Eric","van cott, eric",Van Cott,Eric,,,,,,,,,,no,single-source,wayback_bsnpr_players,https://web.archive.org/web/20070417033701id_/http://www.bsnpr.com:80/estadisticas/enciclopedia.asp,2026-09-08T14:22:06Z
615,"Pacheco Camacho, Eric j.","pacheco camacho, eric j",Pacheco Camacho,Eric j.,,5/17/1957,1957,,,,,,,no,single-source,wayback_bsnpr_players,https://web.archive.org/web/20200601011615id_/https://www.bsnpr.com/estadisticas/enciclopedia.asp,2026-09-08T14:25:42Z
616,"Delgado Biaggi, Eric jorge","delgado biaggi, eric jorge",Delgado Biaggi,Eric jorge,,6/17/1964,1964,,,,,,,no,single-source,wayback_bsnpr_players,https://web.archive.org/web/20200601011615id_/https://www.bsnpr.com/estadisticas/enciclopedia.asp,2026-09-08T14:25:42Z
617,"Baum, Eric William","baum, eric william",Baum,Eric William,Billy,11/17/1946,1946,,,,,,,no,single-source,wayback_bsnpr_players,https://web.archive.org/web/20200601011615id_/https://www.bsnpr.com/estadisticas/enciclopedia.asp,2026-09-08T14:25:42Z
618,"Chenowith, Estadísticas Jugador","chenowith, estadisticas jugador",Chenowith,Estadísticas Jugador,,3/9/1979,1979,"New York, USA",USA,Centro,2006,2007,2,yes,single-source,wayback_bsnpr_players,https://web.archive.org/web/20071211045840id_/http://bsnpr.com:80/jugadores/jugador.asp?id=618&e=,2026-09-08T14:32:23Z
619,"Dailey, Erick","dailey, erick",Dailey,Erick,,,,,,,,,,no,single-source,wayback_bsnpr_players,https://web.archive.org/web/20070417033701id_/http://www.bsnpr.com:80/estadisticas/enciclopedia.asp,2026-09-08T14:22:06Z
620,"Fernandez, Erick","fernandez, erick",Fernandez,Erick,,5/31/1972,1972,,,,,,,no,single-source,wayback_bsnpr_players,https://web.archive.org/web/20200601011615id_/https://www.bsnpr.com/estadisticas/enciclopedia.asp,2026-09-08T14:25:42Z
621,"O'neal, Estadísticas Jugador","oneal, estadisticas jugador",O'neal,Estadísticas Jugador,,,,nan,nan,No se sabe,1992,1996,4,yes,single-source,wayback_bsnpr_players,https://web.archive.org/web/20070829042653id_/http://www.bsnpr.com:80/jugadores/jugador.asp?id=621&e=,2026-09-08T14:32:25Z
622,"Ortiz Fernandez, Erick","ortiz fernandez, erick",Ortiz Fernandez,Erick,,,,,,,,,,no,single-source,wayback_bsnpr_players,https://web.archive.org/web/20070417033701id_/http://www.bsnpr.com:80/estadisticas/enciclopedia.asp,2026-09-08T14:22:06Z
623,"Rodriguez Llanos, Erick","rodriguez llanos, erick",Rodriguez Llanos,Erick,,3/18/1961,1961,,,,,,,no,single-source,wayback_bsnpr_players,https://web.archive.org/web/20200601011615id_/https://www.bsnpr.com/estadisticas/enciclopedia.asp,2026-09-08T14:25:42Z
624,"Rodriguez Mandes, Erick","rodriguez mandes, erick",Rodriguez Mandes,Erick,,2/5/1979,1979,"Arroyo, Puerto Rico",Puerto Rico,Escolta,1996,2013,18,yes,single-source,wayback_bsnpr_players,https://web.archive.org/web/20140122200729id_/http://www.bsnpr.com:80/jugadores/jugador.asp?id=624&e=,2026-09-08T14:32:29Z
625,"Santiago Ojeda, Erick","santiago ojeda, erick",Santiago Ojeda,Erick,,12/3/1970,1970,,,,,,,no,single-source,wayback_bsnpr_players,https://web.archive.org/web/20200601011615id_/https://www.bsnpr.com/estadisticas/enciclopedia.asp,2026-09-08T14:25:42Z
626,"Sevilla, Estadísticas Jugador","sevilla, estadisticas jugador",Sevilla,Estadísticas Jugador,,,,nan,nan,No se sabe,1994,1994,1,yes,single-source,wayback_bsnpr_players,https://web.archive.org/web/20070829042415id_/http://www.bsnpr.com:80/jugadores/jugador.asp?id=626&e=,2026-09-08T14:32:31Z
627,"Soto, Erick","soto, erick",Soto,Erick,,,,,,,,,,no,single-source,wayback_bsnpr_players,https://web.archive.org/web/20070417033701id_/http://www.bsnpr.com:80/estadisticas/enciclopedia.asp,2026-09-08T14:22:06Z
628,"Taylor, Eric","taylor, eric",Taylor,Eric,,10/18/1976,1976,nan,nan,No se sabe,,,,yes,single-source,wayback_bsnpr_players,https://web.archive.org/web/20160119103610id_/http://www.bsnpr.com/jugadores/jugador.asp?id=628,2026-09-08T14:32:33Z
629,"Rivera Marin, Erick leonel","rivera marin, erick leonel",Rivera Marin,Erick leonel,,10/30/1973,1973,,,,,,,no,single-source,wayback_bsnpr_players,https://web.archive.org/web/20200601011615id_/https://www.bsnpr.com/estadisticas/enciclopedia.asp,2026-09-08T14:25:42Z
630,"Andujar Jimenez, Estadísticas Jugador","andujar jimenez, estadisticas jugador",Andujar Jimenez,Estadísticas Jugador,,10/31/1979,1979,"San Cristobal, Santo Domingo",Santo Domingo,Escolta,2006,2007,2,yes,single-source,wayback_bsnpr_players,https://web.archive.org/web/20080229064900id_/http://www.bsnpr.com:80/jugadores/jugador.asp?id=630&e=3,2026-09-08T14:32:35Z
631,"Ostolaza, Ermelindo","ostolaza, ermelindo",Ostolaza,Ermelindo,,8/4/1950,1950,,,,,,,no,single-source,wayback_bsnpr_players,https://web.archive.org/web/20200601011615id_/https://www.bsnpr.com/estadisticas/enciclopedia.asp,2026-09-08T14:25:42Z
632,"Bolling Lawrence, Ernest","bolling lawrence, ernest",Bolling Lawrence,Ernest,,1/30/1962,1962,,,,,,,no,single-source,wayback_bsnpr_players,https://web.archive.org/web/20200601011615id_/https://www.bsnpr.com/estadisticas/enciclopedia.asp,2026-09-08T14:25:42Z
633,"Brown Stubbs, Ernest","brown stubbs, ernest",Brown Stubbs,Ernest,,5/17/1979,1979,,,,,,,no,single-source,wayback_bsnpr_players,https://web.archive.org/web/20200601011615id_/https://www.bsnpr.com/estadisticas/enciclopedia.asp,2026-09-08T14:25:42Z
634,"Malcom, Ernesto","malcom, ernesto",Malcom,Ernesto,Tito,7/15/1956,1956,,,,,,,no,single-source,wayback_bsnpr_players,https://web.archive.org/web/20200601011615id_/https://www.bsnpr.com/estadisticas/enciclopedia.asp,2026-09-08T14:25:42Z
635,"Perez, Ernesto","perez, ernesto",Perez,Ernesto,,,,,,,,,,no,single-source,wayback_bsnpr_players,https://web.archive.org/web/20070417033701id_/http://www.bsnpr.com:80/estadisticas/enciclopedia.asp,2026-09-08T14:22:06Z
636,"Ramos Brown, Ernesto","ramos brown, ernesto",Ramos Brown,Ernesto,,10/13/1965,1965,,,,,,,no,single-source,wayback_bsnpr_players,https://web.archive.org/web/20200601011615id_/https://www.bsnpr.com/estadisticas/enciclopedia.asp,2026-09-08T14:25:42Z
637,"Valiente, Ernesto","valiente, ernesto",Valiente,Ernesto,,,,,,,,,,no,single-source,wayback_bsnpr_players,https://web.archive.org/web/20070417033701id_/http://www.bsnpr.com:80/estadisticas/enciclopedia.asp,2026-09-08T14:22:06Z
638,"Diaz Marquez, Ernesto j.","diaz marquez, ernesto j",Diaz Marquez,Ernesto j.,,6/18/1968,1968,,,,,,,no,single-source,wayback_bsnpr_players,https://web.archive.org/web/20200601011615id_/https://www.bsnpr.com/estadisticas/enciclopedia.asp,2026-09-08T14:25:42Z
639,"Garcia, Esteban","garcia, esteban",Garcia,Esteban,,,,,,,,,,no,single-source,wayback_bsnpr_players,https://web.archive.org/web/20070417033701id_/http://www.bsnpr.com:80/estadisticas/enciclopedia.asp,2026-09-08T14:22:06Z
640,"Hernandez Romero, Esteban","hernandez romero, esteban",Hernandez Romero,Esteban,,2/15/1974,1974,,,,,,,no,single-source,wayback_bsnpr_players,https://web.archive.org/web/20200601011615id_/https://www.bsnpr.com/estadisticas/enciclopedia.asp,2026-09-08T14:25:42Z
641,"Rodriguez, Esteban","rodriguez, esteban",Rodriguez,Esteban,,,,,,,,,,no,single-source,wayback_bsnpr_players,https://web.archive.org/web/20070417033701id_/http://www.bsnpr.com:80/estadisticas/enciclopedia.asp,2026-09-08T14:22:06Z
642,"Quiñones Trinidad, Esteban","quinones trinidad, esteban",Quiñones Trinidad,Esteban,steven,9/6/1950,1950,,,,,,,no,single-source,wayback_bsnpr_players,https://web.archive.org/web/20200601011615id_/https://www.bsnpr.com/estadisticas/enciclopedia.asp,2026-09-08T14:25:42Z
643,"Bohannon, Etdrick","bohannon, etdrick",Bohannon,Etdrick,,,,,,,,,,no,single-source,wayback_bsnpr_players,https://web.archive.org/web/20070417033701id_/http://www.bsnpr.com:80/estadisticas/enciclopedia.asp,2026-09-08T14:22:06Z
644,"Mendez, Etienne","mendez, etienne",Mendez,Etienne,,11/27/1952,1952,,,,,,,no,single-source,wayback_bsnpr_players,https://web.archive.org/web/20200601011615id_/https://www.bsnpr.com/estadisticas/enciclopedia.asp,2026-09-08T14:25:42Z
645,"Muñoz, Etienne","munoz, etienne",Muñoz,Etienne,,,,,,,,,,no,single-source,wayback_bsnpr_players,https://web.archive.org/web/20070417033701id_/http://www.bsnpr.com:80/estadisticas/enciclopedia.asp,2026-09-08T14:22:06Z
646,"Ortiz Ramos, Etienne","ortiz ramos, etienne",Ortiz Ramos,Etienne,,3/12/1967,1967,,,,,,,no,single-source,wayback_bsnpr_players,https://web.archive.org/web/20200601011615id_/https://www.bsnpr.com/estadisticas/enciclopedia.asp,2026-09-08T14:25:42Z
647,"Rosario Lopez, Eufemio","rosario lopez, eufemio",Rosario Lopez,Eufemio,,12/9/1982,1982,,,,,,,no,single-source,wayback_bsnpr_players,https://web.archive.org/web/20200601011615id_/https://www.bsnpr.com/estadisticas/enciclopedia.asp,2026-09-08T14:25:42Z
648,"Borrero Martinez, Eugenio","borrero martinez, eugenio",Borrero Martinez,Eugenio,,1/11/1954,1954,,,,,,,no,single-source,wayback_bsnpr_players,https://web.archive.org/web/20200601011615id_/https://www.bsnpr.com/estadisticas/enciclopedia.asp,2026-09-08T14:25:42Z
649,"Jimenez, Eugenio","jimenez, eugenio",Jimenez,Eugenio,,,,,,,,,,no,single-source,wayback_bsnpr_players,https://web.archive.org/web/20070417033701id_/http://www.bsnpr.com:80/estadisticas/enciclopedia.asp,2026-09-08T14:22:06Z
650,"Santoni, Eugenio","santoni, eugenio",Santoni,Eugenio,,,,,,,,,,no,single-source,wayback_bsnpr_players,https://web.archive.org/web/20070417033701id_/http://www.bsnpr.com:80/estadisticas/enciclopedia.asp,2026-09-08T14:22:06Z
651,"Soto Diaz, Eugenio Felipe","soto diaz, eugenio felipe",Soto Diaz,Eugenio Felipe,Geño,3/9/1973,1973,"Aguadilla, Puerto Rico",Puerto Rico,Delantero/Centro,1988,2005,18,yes,single-source,wayback_bsnpr_players,https://web.archive.org/web/20191215231529id_/https://www.bsnpr.com/jugadores/jugador.asp?id=651,2026-09-08T14:32:37Z
652,"Nido, Estadísticas Jugador","nido, estadisticas jugador",Nido,Estadísticas Jugador,,,,nan,nan,No se sabe,1994,1994,1,yes,single-source,wayback_bsnpr_players,https://web.archive.org/web/20070829035143id_/http://www.bsnpr.com:80/jugadores/jugador.asp?id=652&e=,2026-09-08T14:32:39Z
653,"Perez Carrion, Evaristo","perez carrion, evaristo",Perez Carrion,Evaristo,,10/21/1959,1959,,,,,,,no,single-source,wayback_bsnpr_players,https://web.archive.org/web/20200601011615id_/https://www.bsnpr.com/estadisticas/enciclopedia.asp,2026-09-08T14:25:42Z
654,"Perez Nieves, Evaristo","perez nieves, evaristo",Perez Nieves,Evaristo,,10/21/1959,1959,,,,,,,no,single-source,wayback_bsnpr_players,https://web.archive.org/web/20200601011615id_/https://www.bsnpr.com/estadisticas/enciclopedia.asp,2026-09-08T14:25:42Z
655,"Droz Ramos, Evelio","droz ramos, evelio",Droz Ramos,Evelio,El Potro,5/10/1937,1937,,,,,,,no,single-source,wayback_bsnpr_players,https://web.archive.org/web/20200601011615id_/https://www.bsnpr.com/estadisticas/enciclopedia.asp,2026-09-08T14:25:42Z
656,"Rogers, Ever lee","rogers, ever lee",Rogers,Ever lee,,,,,,,,,,no,single-source,wayback_bsnpr_players,https://web.archive.org/web/20070417033701id_/http://www.bsnpr.com:80/estadisticas/enciclopedia.asp,2026-09-08T14:22:06Z
657,"Garcia, Fabian","garcia, fabian",Garcia,Fabian,,,,,,,,,,no,single-source,wayback_bsnpr_players,https://web.archive.org/web/20070417033701id_/http://www.bsnpr.com:80/estadisticas/enciclopedia.asp,2026-09-08T14:22:06Z
658,"Abraham, Faisel","abraham, faisel",Abraham,Faisel,,,,,,,,,,no,single-source,wayback_bsnpr_players,https://web.archive.org/web/20070417033701id_/http://www.bsnpr.com:80/estadisticas/enciclopedia.asp,2026-09-08T14:22:06Z
659,"Cruz Santiago, Fano","cruz santiago, fano",Cruz Santiago,Fano,,5/18/1966,1966,,,,,,,no,single-source,wayback_bsnpr_players,https://web.archive.org/web/20200601011615id_/https://www.bsnpr.com/estadisticas/enciclopedia.asp,2026-09-08T14:25:42Z
660,"Lopez Camacho, Federico","lopez camacho, federico",Lopez Camacho,Federico,Fico,3/26/1963,1963,,,,,,,no,single-source,wayback_bsnpr_players,https://web.archive.org/web/20200601011615id_/https://www.bsnpr.com/estadisticas/enciclopedia.asp,2026-09-08T14:25:42Z
661,"Prados, Fefe","prados, fefe",Prados,Fefe,,,,,,,,,,no,single-source,wayback_bsnpr_players,https://web.archive.org/web/20070417033701id_/http://www.bsnpr.com:80/estadisticas/enciclopedia.asp,2026-09-08T14:22:06Z
662,"Farley, Felipe","farley, felipe",Farley,Felipe,,,,,,,,,,no,single-source,wayback_bsnpr_players,https://web.archive.org/web/20070417033701id_/http://www.bsnpr.com:80/estadisticas/enciclopedia.asp,2026-09-08T14:22:06Z
663,"Nieves Cintron, Felipe","nieves cintron, felipe",Nieves Cintron,Felipe,pipe,2/5/1956,1956,,,,,,,no,single-source,wayback_bsnpr_players,https://web.archive.org/web/20200601011615id_/https://www.bsnpr.com/estadisticas/enciclopedia.asp,2026-09-08T14:25:42Z
664,"Bajandas Lamela, Estadísticas Jugador","bajandas lamela, estadisticas jugador",Bajandas Lamela,Estadísticas Jugador,,5/7/1963,1963,nan,nan,No se sabe,1980,1980,1,yes,single-source,wayback_bsnpr_players,https://web.archive.org/web/20070829042030id_/http://www.bsnpr.com:80/jugadores/jugador.asp?id=664&e=,2026-09-08T14:32:41Z
665,"Cruz Castro, Felix","cruz castro, felix",Cruz Castro,Felix,,8/13/1964,1964,,,,,,,no,single-source,wayback_bsnpr_players,https://web.archive.org/web/20200601011615id_/https://www.bsnpr.com/estadisticas/enciclopedia.asp,2026-09-08T14:25:42Z
666,"Davila Ortiz, Felix","davila ortiz, felix",Davila Ortiz,Felix,,3/14/1981,1981,,,,,,,no,single-source,wayback_bsnpr_players,https://web.archive.org/web/20200601011615id_/https://www.bsnpr.com/estadisticas/enciclopedia.asp,2026-09-08T14:25:42Z
667,"Lugo, Estadísticas Jugador","lugo, estadisticas jugador",Lugo,Estadísticas Jugador,,,,nan,nan,No se sabe,1961,1968,6,yes,single-source,wayback_bsnpr_players,https://web.archive.org/web/20070829041604id_/http://www.bsnpr.com:80/jugadores/jugador.asp?id=667&e=,2026-09-08T14:32:43Z
668,"Lugo, Felix","lugo, felix",Lugo,Felix,,,,,,,,,,no,single-source,wayback_bsnpr_players,https://web.archive.org/web/20070417033701id_/http://www.bsnpr.com:80/estadisticas/enciclopedia.asp,2026-09-08T14:22:06Z
669,"Navarro, Felix","navarro, felix",Navarro,Felix,,,,,,,,,,no,single-source,wayback_bsnpr_players,https://web.archive.org/web/20070417033701id_/http://www.bsnpr.com:80/estadisticas/enciclopedia.asp,2026-09-08T14:22:06Z
670,"Pagan Morales, Estadísticas Jugador","pagan morales, estadisticas jugador",Pagan Morales,Estadísticas Jugador,,3/30/1953,1953,nan,nan,No se sabe,1976,1976,1,yes,single-source,wayback_bsnpr_players,https://web.archive.org/web/20070829040745id_/http://www.bsnpr.com:80/jugadores/jugador.asp?id=670&e=,2026-09-08T14:32:45Z
671,"Pizarro, Estadísticas Jugador","pizarro, estadisticas jugador",Pizarro,Estadísticas Jugador,,,,nan,nan,No se sabe,1963,1964,2,yes,single-source,wayback_bsnpr_players,https://web.archive.org/web/20070828230156id_/http://www.bsnpr.com:80/jugadores/jugador.asp?id=671&e=,2026-09-08T14:32:47Z
672,"Reyes Ferrer, Felix","reyes ferrer, felix",Reyes Ferrer,Felix,,12/28/1963,1963,,,,,,,no,single-source,wayback_bsnpr_players,https://web.archive.org/web/20200601011615id_/https://www.bsnpr.com/estadisticas/enciclopedia.asp,2026-09-08T14:25:42Z
673,"Rivera Benitez, Estadísticas Jugador","rivera benitez, estadisticas jugador",Rivera Benitez,Estadísticas Jugador,,12/10/1964,1964,nan,nan,No se sabe,1983,1996,12,yes,single-source,wayback_bsnpr_players,https://web.archive.org/web/20070828230354id_/http://www.bsnpr.com:80/jugadores/jugador.asp?id=673&e=,2026-09-08T14:32:50Z
674,"Rivera Martinez, Felix","rivera martinez, felix",Rivera Martinez,Felix,,4/18/1978,1978,,,,,,,no,single-source,wayback_bsnpr_players,https://web.archive.org/web/20200601011615id_/https://www.bsnpr.com/estadisticas/enciclopedia.asp,2026-09-08T14:25:42Z
675,"Rivera Melendez, Felix","rivera melendez, felix",Rivera Melendez,Felix,,10/12/1963,1963,,,,,,,no,single-source,wayback_bsnpr_players,https://web.archive.org/web/20200601011615id_/https://www.bsnpr.com/estadisticas/enciclopedia.asp,2026-09-08T14:25:42Z
676,"Rivera Rodriguez, Estadísticas Jugador","rivera rodriguez, estadisticas jugador",Rivera Rodriguez,Estadísticas Jugador,,5/16/1961,1961,nan,nan,No se sabe,1978,1996,19,yes,single-source,wayback_bsnpr_players,https://web.archive.org/web/20070829035234id_/http://www.bsnpr.com:80/jugadores/jugador.asp?id=676&e=,2026-09-08T14:32:52Z
677,"Santiago, Felix","santiago, felix",Santiago,Felix,,,,,,,,,,no,single-source,wayback_bsnpr_players,https://web.archive.org/web/20070417033701id_/http://www.bsnpr.com:80/estadisticas/enciclopedia.asp,2026-09-08T14:22:06Z
678,"Valentin, Felix","valentin, felix",Valentin,Felix,,,,,,,,,,no,single-source,wayback_bsnpr_players,https://web.archive.org/web/20070417033701id_/http://www.bsnpr.com:80/estadisticas/enciclopedia.asp,2026-09-08T14:22:06Z
679,"Mantilla Berry, Felix a.","mantilla berry, felix a",Mantilla Berry,Felix a.,,3/4/1955,1955,,,,,,,no,single-source,wayback_bsnpr_players,https://web.archive.org/web/20200601011615id_/https://www.bsnpr.com/estadisticas/enciclopedia.asp,2026-09-08T14:25:42Z
680,"Perez Rivera, Felix Javier","perez rivera, felix javier",Perez Rivera,Felix Javier,,5/31/1971,1971,,,,,,,no,single-source,wayback_bsnpr_players,https://web.archive.org/web/20200601011615id_/https://www.bsnpr.com/estadisticas/enciclopedia.asp,2026-09-08T14:25:42Z
681,"Santiago Narvaez, Felix l.","santiago narvaez, felix l",Santiago Narvaez,Felix l.,,11/23/1947,1947,,,,,,,no,single-source,wayback_bsnpr_players,https://web.archive.org/web/20200601011615id_/https://www.bsnpr.com/estadisticas/enciclopedia.asp,2026-09-08T14:25:42Z
682,"Rivera Mirabal, Felix Rene","rivera mirabal, felix rene",Rivera Mirabal,Felix Rene,Felo,9/30/1953,1953,,,,,,,no,single-source,wayback_bsnpr_players,https://web.archive.org/web/20200601011615id_/https://www.bsnpr.com/estadisticas/enciclopedia.asp,2026-09-08T14:25:42Z
683,"Graulau, Estadísticas Jugador","graulau, estadisticas jugador",Graulau,Estadísticas Jugador,,,,nan,nan,No se sabe,1978,1978,1,yes,single-source,wayback_bsnpr_players,https://web.archive.org/web/20070829041429id_/http://www.bsnpr.com:80/jugadores/jugador.asp?id=683&e=,2026-09-08T14:32:54Z
684,"Laracuente, Estadísticas Jugador","laracuente, estadisticas jugador",Laracuente,Estadísticas Jugador,,,,nan,nan,No se sabe,1962,1962,1,yes,single-source,wayback_bsnpr_players,https://web.archive.org/web/20070829042723id_/http://www.bsnpr.com:80/jugadores/jugador.asp?id=684&e=,2026-09-08T14:32:55Z
685,"Morales Martinez, Ferdinand","morales martinez, ferdinand",Morales Martinez,Ferdinand,,6/26/1966,1966,,,,,,,no,single-source,wayback_bsnpr_players,https://web.archive.org/web/20200601011615id_/https://www.bsnpr.com/estadisticas/enciclopedia.asp,2026-09-08T14:25:42Z
686,"Villalba, Fermin","villalba, fermin",Villalba,Fermin,,,,,,,,,,no,single-source,wayback_bsnpr_players,https://web.archive.org/web/20070417033701id_/http://www.bsnpr.com:80/estadisticas/enciclopedia.asp,2026-09-08T14:22:06Z
687,"Bobonis Rexach, Fernando","bobonis rexach, fernando",Bobonis Rexach,Fernando,,5/2/1973,1973,,,,,,,no,single-source,wayback_bsnpr_players,https://web.archive.org/web/20200601011615id_/https://www.bsnpr.com/estadisticas/enciclopedia.asp,2026-09-08T14:25:42Z
688,"Casablanca Torres, Estadísticas Jugador","casablanca torres, estadisticas jugador",Casablanca Torres,Estadísticas Jugador,,10/20/1979,1979,"Rio Piedras, Puerto Rico",Puerto Rico,Alero,1999,2008,10,yes,single-source,wayback_bsnpr_players,https://web.archive.org/web/20090110024922id_/http://www.bsnpr.com:80/jugadores/jugador.asp?id=688&e=,2026-09-08T14:32:57Z
689,"Diaz, Fernando","diaz, fernando",Diaz,Fernando,,,,,,,,,,no,single-source,wayback_bsnpr_players,https://web.archive.org/web/20070417033701id_/http://www.bsnpr.com:80/estadisticas/enciclopedia.asp,2026-09-08T14:22:06Z
690,"Gutman Pogoriles, Fernando","gutman pogoriles, fernando",Gutman Pogoriles,Fernando,,4/26/1978,1978,,,,,,,no,single-source,wayback_bsnpr_players,https://web.archive.org/web/20200601011615id_/https://www.bsnpr.com/estadisticas/enciclopedia.asp,2026-09-08T14:25:42Z
691,"Jove, Fernando","jove, fernando",Jove,Fernando,,,,,,,,,,no,single-source,wayback_bsnpr_players,https://web.archive.org/web/20070417033701id_/http://www.bsnpr.com:80/estadisticas/enciclopedia.asp,2026-09-08T14:22:06Z
692,"Lopez, Fernando","lopez, fernando",Lopez,Fernando,,,,,,,,,,no,single-source,wayback_bsnpr_players,https://web.archive.org/web/20070417033701id_/http://www.bsnpr.com:80/estadisticas/enciclopedia.asp,2026-09-08T14:22:06Z
693,"Mangual, Fernando","mangual, fernando",Mangual,Fernando,,,,,,,,,,no,single-source,wayback_bsnpr_players,https://web.archive.org/web/20070417033701id_/http://www.bsnpr.com:80/estadisticas/enciclopedia.asp,2026-09-08T14:22:06Z
694,"Melendez, Fernando","melendez, fernando",Melendez,Fernando,,,,,,,,,,no,single-source,wayback_bsnpr_players,https://web.archive.org/web/20070417033701id_/http://www.bsnpr.com:80/estadisticas/enciclopedia.asp,2026-09-08T14:22:06Z
695,"Oliver, Fernando","oliver, fernando",Oliver,Fernando,,,,,,,,,,no,single-source,wayback_bsnpr_players,https://web.archive.org/web/20070417033701id_/http://www.bsnpr.com:80/estadisticas/enciclopedia.asp,2026-09-08T14:22:06Z
696,"Ortiz, Estadísticas Jugador","ortiz, estadisticas jugador",Ortiz,Estadísticas Jugador,,,,nan,nan,No se sabe,2001,2001,1,yes,single-source,wayback_bsnpr_players,https://web.archive.org/web/20070829042738id_/http://www.bsnpr.com:80/jugadores/jugador.asp?id=696&e=,2026-09-08T14:32:59Z
697,"Ortiz Espada, Estadísticas Jugador","ortiz espada, estadisticas jugador",Ortiz Espada,Estadísticas Jugador,,7/3/1977,1977,"Aibonito, Puerto Rico",Puerto Rico,Alero,1994,2009,15,yes,single-source,wayback_bsnpr_players,https://web.archive.org/web/20091209191937id_/http://www.bsnpr.com:80/jugadores/jugador.asp?id=697&e=,2026-09-08T14:33:01Z
698,"Palacios Cajigas, Estadísticas Jugador","palacios cajigas, estadisticas jugador",Palacios Cajigas,Estadísticas Jugador,,,,nan,nan,No se sabe,1995,1995,1,yes,single-source,wayback_bsnpr_players,https://web.archive.org/web/20070829040403id_/http://www.bsnpr.com:80/jugadores/jugador.asp?id=698&e=,2026-09-08T14:33:03Z
699,"Rivera Hernandez, Estadísticas Jugador","rivera hernandez, estadisticas jugador",Rivera Hernandez,Estadísticas Jugador,,12/28/1971,1971,nan,nan,No se sabe,1990,1993,3,yes,single-source,wayback_bsnpr_players,https://web.archive.org/web/20070828225322id_/http://www.bsnpr.com:80/jugadores/jugador.asp?id=699&e=,2026-09-08T14:33:05Z
700,"Torres, Fernando","torres, fernando",Torres,Fernando,,,,,,,,,,no,single-source,wayback_bsnpr_players,https://web.archive.org/web/20070417033701id_/http://www.bsnpr.com:80/estadisticas/enciclopedia.asp,2026-09-08T14:22:06Z
701,"Corchado Suarez, Fernando","corchado suarez, fernando",Corchado Suarez,Fernando,ferdinand,8/3/1958,1958,,,,,,,no,single-source,wayback_bsnpr_players,https://web.archive.org/web/20200601011615id_/https://www.bsnpr.com/estadisticas/enciclopedia.asp,2026-09-08T14:25:42Z
702,"Marrero, Fidel","marrero, fidel",Marrero,Fidel,,,,,,,,,,no,single-source,wayback_bsnpr_players,https://web.archive.org/web/20070417033701id_/http://www.bsnpr.com:80/estadisticas/enciclopedia.asp,2026-09-08T14:22:06Z
703,"Guzman Alvarado, Filiberto","guzman alvarado, filiberto",Guzman Alvarado,Filiberto,,3/11/1959,1959,,,,,,,no,single-source,wayback_bsnpr_players,https://web.archive.org/web/20200601011615id_/https://www.bsnpr.com/estadisticas/enciclopedia.asp,2026-09-08T14:25:42Z
704,"Rivera Isaac, Filiberto","rivera isaac, filiberto",Rivera Isaac,Filiberto,,9/28/1982,1982,"Carolina, Puerto Rico",Puerto Rico,Armador,2000,2017,13,yes,single-source,wayback_bsnpr_players,https://web.archive.org/web/20170715121350id_/http://www.bsnpr.com:80/jugadores/jugador.asp?id=704&e=,2026-09-08T14:33:09Z
705,"Brow Wilkinson, Estadísticas Jugador","brow wilkinson, estadisticas jugador",Brow Wilkinson,Estadísticas Jugador,,6/6/1964,1964,nan,nan,No se sabe,1988,2003,11,yes,single-source,wayback_bsnpr_players,https://web.archive.org/web/20070829041657id_/http://www.bsnpr.com:80/jugadores/jugador.asp?id=705&e=,2026-09-08T14:33:10Z
706,"Melendez Montañez, Estadísticas Jugador","melendez montanez, estadisticas jugador",Melendez Montañez,Estadísticas Jugador,,1/12/1947,1947,nan,nan,No se sabe,1965,1977,13,yes,single-source,wayback_bsnpr_players,https://web.archive.org/web/20070828230608id_/http://www.bsnpr.com:80/jugadores/jugador.asp?id=706&e=,2026-09-08T14:33:12Z
707,"Melendez, Flor jr.","melendez, flor jr",Melendez,Flor jr.,,,,,,,,,,no,single-source,wayback_bsnpr_players,https://web.archive.org/web/20070417033701id_/http://www.bsnpr.com:80/estadisticas/enciclopedia.asp,2026-09-08T14:22:06Z
708,"Amador, Estadísticas Jugador","amador, estadisticas jugador",Amador,Estadísticas Jugador,,,,nan,nan,No se sabe,1957,1957,1,yes,single-source,wayback_bsnpr_players,https://web.archive.org/web/20070828231345id_/http://www.bsnpr.com:80/jugadores/jugador.asp?id=708&e=,2026-09-08T14:33:15Z
709,"Ramirez, Francis","ramirez, francis",Ramirez,Francis,,,,,,,,,,no,single-source,wayback_bsnpr_players,https://web.archive.org/web/20070417033701id_/http://www.bsnpr.com:80/estadisticas/enciclopedia.asp,2026-09-08T14:22:06Z
710,"Ramirez, Estadísticas Jugador","ramirez, estadisticas jugador",Ramirez,Estadísticas Jugador,,,,nan,nan,No se sabe,1960,1962,3,yes,single-source,wayback_bsnpr_players,https://web.archive.org/web/20070828231701id_/http://www.bsnpr.com:80/jugadores/jugador.asp?id=710&e=,2026-09-08T14:33:17Z
711,"Colon Oquendo, Francisco","colon oquendo, francisco",Colon Oquendo,Francisco,,,,,,,,,,no,single-source,wayback_bsnpr_players,https://web.archive.org/web/20070417033701id_/http://www.bsnpr.com:80/estadisticas/enciclopedia.asp,2026-09-08T14:22:06Z
712,"Cordova, Francisco","cordova, francisco",Cordova,Francisco,,3/14/1944,1944,,,,,,,no,single-source,wayback_bsnpr_players,https://web.archive.org/web/20200601011615id_/https://www.bsnpr.com/estadisticas/enciclopedia.asp,2026-09-08T14:25:42Z
713,"Delgado Padro, Estadísticas Jugador","delgado padro, estadisticas jugador",Delgado Padro,Estadísticas Jugador,,12/18/1983,1983,nan,nan,No se sabe,2004,2005,2,yes,single-source,wayback_bsnpr_players,https://web.archive.org/web/20070829040625id_/http://www.bsnpr.com:80/jugadores/jugador.asp?id=713&e=,2026-09-08T14:33:19Z
714,"Estrada, Estadísticas Jugador","estrada, estadisticas jugador",Estrada,Estadísticas Jugador,,,,nan,nan,No se sabe,1973,1974,2,yes,single-source,wayback_bsnpr_players,https://web.archive.org/web/20070829041744id_/http://www.bsnpr.com:80/jugadores/jugador.asp?id=714&e=,2026-09-08T14:33:21Z
715,"Febus Ortiz, Francisco","febus ortiz, francisco",Febus Ortiz,Francisco,,12/26/1969,1969,,,,,,,no,single-source,wayback_bsnpr_players,https://web.archive.org/web/20200601011615id_/https://www.bsnpr.com/estadisticas/enciclopedia.asp,2026-09-08T14:25:42Z
716,"Fuentes, Francisco","fuentes, francisco",Fuentes,Francisco,,,,,,,,,,no,single-source,wayback_bsnpr_players,https://web.archive.org/web/20070417033701id_/http://www.bsnpr.com:80/estadisticas/enciclopedia.asp,2026-09-08T14:22:06Z
717,"Gelpi, Francisco","gelpi, francisco",Gelpi,Francisco,,,,,,,,,,no,single-source,wayback_bsnpr_players,https://web.archive.org/web/20070417033701id_/http://www.bsnpr.com:80/estadisticas/enciclopedia.asp,2026-09-08T14:22:06Z
718,"Girona, Francisco","girona, francisco",Girona,Francisco,,,,,,,,,,no,single-source,wayback_bsnpr_players,https://web.archive.org/web/20070417033701id_/http://www.bsnpr.com:80/estadisticas/enciclopedia.asp,2026-09-08T14:22:06Z
719,"Hernandez Sauri, Francisco","hernandez sauri, francisco",Hernandez Sauri,Francisco,,12/17/1959,1959,,,,,,,no,single-source,wayback_bsnpr_players,https://web.archive.org/web/20200601011615id_/https://www.bsnpr.com/estadisticas/enciclopedia.asp,2026-09-08T14:25:42Z
720,"Libran, Francisco","libran, francisco",Libran,Francisco,,,,,,,,,,no,single-source,wayback_bsnpr_players,https://web.archive.org/web/20070417033701id_/http://www.bsnpr.com:80/estadisticas/enciclopedia.asp,2026-09-08T14:22:06Z
721,"Llovet Ayala, Estadísticas Jugador","llovet ayala, estadisticas jugador",Llovet Ayala,Estadísticas Jugador,,5/9/1980,1980,"Arecibo, Puerto Rico",Puerto Rico,Delantero,1965,1969,5,yes,single-source,wayback_bsnpr_players,https://web.archive.org/web/20070828224742id_/http://www.bsnpr.com:80/jugadores/jugador.asp?id=721&e=,2026-09-08T14:33:23Z
722,"Llovet Ayala, Francisco","llovet ayala, francisco",Llovet Ayala,Francisco,,5/9/1980,1980,,,,,,,no,single-source,wayback_bsnpr_players,https://web.archive.org/web/20200601011615id_/https://www.bsnpr.com/estadisticas/enciclopedia.asp,2026-09-08T14:25:42Z
723,"Maldonado Figueroa, Estadísticas Jugador","maldonado figueroa, estadisticas jugador",Maldonado Figueroa,Estadísticas Jugador,,3/9/1955,1955,nan,nan,No se sabe,1976,1979,4,yes,single-source,wayback_bsnpr_players,https://web.archive.org/web/20070829040954id_/http://www.bsnpr.com:80/jugadores/jugador.asp?id=723&e=,2026-09-08T14:33:24Z
724,"Martinez Lara, Francisco","martinez lara, francisco",Martinez Lara,Francisco,,,,,,,,,,no,single-source,wayback_bsnpr_players,https://web.archive.org/web/20070417033701id_/http://www.bsnpr.com:80/estadisticas/enciclopedia.asp,2026-09-08T14:22:06Z
725,"Nieves, Francisco","nieves, francisco",Nieves,Francisco,,,,,,,,,,no,single-source,wayback_bsnpr_players,https://web.archive.org/web/20070417033701id_/http://www.bsnpr.com:80/estadisticas/enciclopedia.asp,2026-09-08T14:22:06Z
726,"Pepin Rodriguez, Francisco","pepin rodriguez, francisco",Pepin Rodriguez,Francisco,,1/16/1960,1960,,,,,,,no,single-source,wayback_bsnpr_players,https://web.archive.org/web/20200601011615id_/https://www.bsnpr.com/estadisticas/enciclopedia.asp,2026-09-08T14:25:42Z
727,"Pizarro, Francisco","pizarro, francisco",Pizarro,Francisco,,,,,,,,,,no,single-source,wayback_bsnpr_players,https://web.archive.org/web/20070417033701id_/http://www.bsnpr.com:80/estadisticas/enciclopedia.asp,2026-09-08T14:22:06Z
728,"Quijano Rivera, Francisco","quijano rivera, francisco",Quijano Rivera,Francisco,,4/7/1972,1972,,,,,,,no,single-source,wayback_bsnpr_players,https://web.archive.org/web/20200601011615id_/https://www.bsnpr.com/estadisticas/enciclopedia.asp,2026-09-08T14:25:42Z
729,"Rivera Cordero, Francisco","rivera cordero, francisco",Rivera Cordero,Francisco,,3/17/1964,1964,,,,,,,no,single-source,wayback_bsnpr_players,https://web.archive.org/web/20200601011615id_/https://www.bsnpr.com/estadisticas/enciclopedia.asp,2026-09-08T14:25:42Z
730,"Rosa, Francisco","rosa, francisco",Rosa,Francisco,,,,,,,,,,no,single-source,wayback_bsnpr_players,https://web.archive.org/web/20070417033701id_/http://www.bsnpr.com:80/estadisticas/enciclopedia.asp,2026-09-08T14:22:06Z
731,"Sanchez, Estadísticas Jugador","sanchez, estadisticas jugador",Sanchez,Estadísticas Jugador,,,,nan,nan,No se sabe,1970,1972,2,yes,single-source,wayback_bsnpr_players,https://web.archive.org/web/20070828231514id_/http://www.bsnpr.com:80/jugadores/jugador.asp?id=731&e=,2026-09-08T14:33:27Z
732,"Santiago Ortiz, Estadísticas Jugador","santiago ortiz, estadisticas jugador",Santiago Ortiz,Estadísticas Jugador,,6/17/1956,1956,nan,nan,No se sabe,1973,1980,4,yes,single-source,wayback_bsnpr_players,https://web.archive.org/web/20070829040510id_/http://www.bsnpr.com:80/jugadores/jugador.asp?id=732&e=,2026-09-08T14:33:28Z
733,"Suarez, Estadísticas Jugador","suarez, estadisticas jugador",Suarez,Estadísticas Jugador,,,,nan,nan,No se sabe,1959,1959,1,yes,single-source,wayback_bsnpr_players,https://web.archive.org/web/20070829042830id_/http://www.bsnpr.com:80/jugadores/jugador.asp?id=733&e=,2026-09-08T14:33:30Z
734,"Tanco, Francisco","tanco, francisco",Tanco,Francisco,,,,,,,,,,no,single-source,wayback_bsnpr_players,https://web.archive.org/web/20070417033701id_/http://www.bsnpr.com:80/estadisticas/enciclopedia.asp,2026-09-08T14:22:06Z
735,"Villalba, Francisco","villalba, francisco",Villalba,Francisco,,,,,,,,,,no,single-source,wayback_bsnpr_players,https://web.archive.org/web/20070417033701id_/http://www.bsnpr.com:80/estadisticas/enciclopedia.asp,2026-09-08T14:22:06Z
736,"Prats, Francisco","prats, francisco",Prats,Francisco,frank,9/16/1954,1954,,,,,,,no,single-source,wayback_bsnpr_players,https://web.archive.org/web/20200601011615id_/https://www.bsnpr.com/estadisticas/enciclopedia.asp,2026-09-08T14:25:42Z
737,"Colon Ortiz, Francisco","colon ortiz, francisco",Colon Ortiz,Francisco,frankie,2/20/1980,1980,,,,,,,no,single-source,wayback_bsnpr_players,https://web.archive.org/web/20200601011615id_/https://www.bsnpr.com/estadisticas/enciclopedia.asp,2026-09-08T14:25:42Z
738,"Leon Cruz, Francisco","leon cruz, francisco",Leon Cruz,Francisco,papiro,7/25/1961,1961,,,,,,,no,single-source,wayback_bsnpr_players,https://web.archive.org/web/20200601011615id_/https://www.bsnpr.com/estadisticas/enciclopedia.asp,2026-09-08T14:25:42Z
739,"Amezaga Velez, Francisco j.","amezaga velez, francisco j",Amezaga Velez,Francisco j.,,3/19/1955,1955,,,,,,,no,single-source,wayback_bsnpr_players,https://web.archive.org/web/20200601011615id_/https://www.bsnpr.com/estadisticas/enciclopedia.asp,2026-09-08T14:25:42Z
740,"Rolon Carrillo, Francisco Javier","rolon carrillo, francisco javier",Rolon Carrillo,Francisco Javier,,1/25/1967,1967,,,,,,,no,single-source,wayback_bsnpr_players,https://web.archive.org/web/20200601011615id_/https://www.bsnpr.com/estadisticas/enciclopedia.asp,2026-09-08T14:25:42Z
741,"Llul Vera, Francisco jose","llul vera, francisco jose",Llul Vera,Francisco jose,,,,,,,,,,no,single-source,wayback_bsnpr_players,https://web.archive.org/web/20070417033701id_/http://www.bsnpr.com:80/estadisticas/enciclopedia.asp,2026-09-08T14:22:06Z
742,"Leon Padilla, Estadísticas Jugador","leon padilla, estadisticas jugador",Leon Padilla,Estadísticas Jugador,,3/9/1982,1982,"Guaynabo, Puerto Rico",Puerto Rico,Alero,2004,2007,4,yes,single-source,wayback_bsnpr_players,https://web.archive.org/web/20071211045905id_/http://www.bsnpr.com:80/jugadores/jugador.asp?id=742&e=,2026-09-08T14:33:32Z
743,"Rodriguez Palacios, Estadísticas Jugador","rodriguez palacios, estadisticas jugador",Rodriguez Palacios,Estadísticas Jugador,,,,nan,nan,No se sabe,1995,1996,2,yes,single-source,wayback_bsnpr_players,https://web.archive.org/web/20070829035629id_/http://www.bsnpr.com:80/jugadores/jugador.asp?id=743&e=,2026-09-08T14:33:35Z
744,"Bouchard, Frank","bouchard, frank",Bouchard,Frank,,,,,,,,,,no,single-source,wayback_bsnpr_players,https://web.archive.org/web/20070417033701id_/http://www.bsnpr.com:80/estadisticas/enciclopedia.asp,2026-09-08T14:22:06Z
745,"Cortes Quiñones, Frank","cortes quinones, frank",Cortes Quiñones,Frank,,,,,,,,,,no,single-source,wayback_bsnpr_players,https://web.archive.org/web/20070417033701id_/http://www.bsnpr.com:80/estadisticas/enciclopedia.asp,2026-09-08T14:22:06Z
746,"Gutierrez, Frank","gutierrez, frank",Gutierrez,Frank,,,,,,,,,,no,single-source,wayback_bsnpr_players,https://web.archive.org/web/20070417033701id_/http://www.bsnpr.com:80/estadisticas/enciclopedia.asp,2026-09-08T14:22:06Z
747,"Lopez Candelario, Estadísticas Jugador","lopez candelario, estadisticas jugador",Lopez Candelario,Estadísticas Jugador,,12/2/1986,1986,"Mayagüez, Puerto Rico",Puerto Rico,Escolta/Alero,2006,2009,4,yes,single-source,wayback_bsnpr_players,https://web.archive.org/web/20091206153506id_/http://www.bsnpr.com:80/jugadores/jugador.asp?id=747&e=,2026-09-08T14:33:37Z
748,"Memoli Martin, Estadísticas Jugador","memoli martin, estadisticas jugador",Memoli Martin,Estadísticas Jugador,,1/6/1964,1964,nan,nan,No se sabe,1984,1997,13,yes,single-source,wayback_bsnpr_players,https://web.archive.org/web/20070828225151id_/http://www.bsnpr.com:80/jugadores/jugador.asp?id=748&e=,2026-09-08T14:33:39Z
749,"Rivera, Frank","rivera, frank",Rivera,Frank,,,,,,,,,,no,single-source,wayback_bsnpr_players,https://web.archive.org/web/20070417033701id_/http://www.bsnpr.com:80/estadisticas/enciclopedia.asp,2026-09-08T14:22:06Z
750,"Sokol, Frank","sokol, frank",Sokol,Frank,,,,,,,,,,no,single-source,wayback_bsnpr_players,https://web.archive.org/web/20070417033701id_/http://www.bsnpr.com:80/estadisticas/enciclopedia.asp,2026-09-08T14:22:06Z
751,"Torruellas Kortright, Frank","torruellas kortright, frank",Torruellas Kortright,Frank,,12/30/1963,1963,nan,nan,No se sabe,1984,1986,3,yes,single-source,wayback_bsnpr_players,https://web.archive.org/web/20171029174323id_/http://www.bsnpr.com/jugadores/jugador.asp?id=751,2026-09-08T14:33:41Z
752,"Cabrera, Estadísticas Jugador","cabrera, estadisticas jugador",Cabrera,Estadísticas Jugador,,,,nan,nan,No se sabe,1999,1999,1,yes,single-source,wayback_bsnpr_players,https://web.archive.org/web/20070828225442id_/http://www.bsnpr.com:80/jugadores/jugador.asp?id=752&e=,2026-09-08T14:33:43Z
753,"Montes Rivera, Frankie","montes rivera, frankie",Montes Rivera,Frankie,,,,,,,,,,no,single-source,wayback_bsnpr_players,https://web.archive.org/web/20070417033701id_/http://www.bsnpr.com:80/estadisticas/enciclopedia.asp,2026-09-08T14:22:06Z
754,"Rivera Cruz, Frankie","rivera cruz, frankie",Rivera Cruz,Frankie,,3/23/1955,1955,,,,,,,no,single-source,wayback_bsnpr_players,https://web.archive.org/web/20200601011615id_/https://www.bsnpr.com/estadisticas/enciclopedia.asp,2026-09-08T14:25:42Z
755,"Rivera Palmer, Estadísticas Jugador","rivera palmer, estadisticas jugador",Rivera Palmer,Estadísticas Jugador,,,,nan,nan,No se sabe,1999,2000,2,yes,single-source,wayback_bsnpr_players,https://web.archive.org/web/20070829035624id_/http://www.bsnpr.com:80/jugadores/jugador.asp?id=755&e=,2026-09-08T14:33:45Z
756,"Roman Perez, Franklin","roman perez, franklin",Roman Perez,Franklin,,,,,,,,,,no,single-source,wayback_bsnpr_players,https://web.archive.org/web/20070417033701id_/http://www.bsnpr.com:80/estadisticas/enciclopedia.asp,2026-09-08T14:22:06Z
757,"Western Canales, Estadísticas Jugador","western canales, estadisticas jugador",Western Canales,Estadísticas Jugador,,4/20/1970,1970,"New York, USA",USA,Alero,1991,2009,15,yes,single-source,wayback_bsnpr_players,https://web.archive.org/web/20091207221748id_/http://www.bsnpr.com:80/jugadores/jugador.asp?id=757&e=9,2026-09-08T14:33:47Z
758,"Ramirez Rivera, Franklyn","ramirez rivera, franklyn",Ramirez Rivera,Franklyn,frankie,2/8/1959,1959,,,,,,,no,single-source,wayback_bsnpr_players,https://web.archive.org/web/20200601011615id_/https://www.bsnpr.com/estadisticas/enciclopedia.asp,2026-09-08T14:25:42Z
759,"Volcy, Frantz","volcy, frantz",Volcy,Frantz,,,,,,,,,,no,single-source,wayback_bsnpr_players,https://web.archive.org/web/20070417033701id_/http://www.bsnpr.com:80/estadisticas/enciclopedia.asp,2026-09-08T14:22:06Z
760,"Costas, Frazer","costas, frazer",Costas,Frazer,,,,,,,,,,no,single-source,wayback_bsnpr_players,https://web.archive.org/web/20070417033701id_/http://www.bsnpr.com:80/estadisticas/enciclopedia.asp,2026-09-08T14:22:06Z
761,"Johnson Collins, Frazer lynell","johnson collins, frazer lynell",Johnson Collins,Frazer lynell,,,,,,,,,,no,single-source,wayback_bsnpr_players,https://web.archive.org/web/20070417033701id_/http://www.bsnpr.com:80/estadisticas/enciclopedia.asp,2026-09-08T14:22:06Z
762,"Williams, Fred","williams, fred",Williams,Fred,,,,,,,,,,no,single-source,wayback_bsnpr_players,https://web.archive.org/web/20070417033701id_/http://www.bsnpr.com:80/estadisticas/enciclopedia.asp,2026-09-08T14:22:06Z
763,"Martinez Arroyo, Estadísticas Jugador","martinez arroyo, estadisticas jugador",Martinez Arroyo,Estadísticas Jugador,,4/10/1978,1978,"Ponce, Puerto Rico",Puerto Rico,Escolta/Alero,1996,2009,13,yes,single-source,wayback_bsnpr_players,https://web.archive.org/web/20090713002149id_/http://www.bsnpr.com:80/jugadores/jugador.asp?id=763&e=7,2026-09-08T14:33:48Z
764,"Rivera, Freddy","rivera, freddy",Rivera,Freddy,,,,,,,,,,no,single-source,wayback_bsnpr_players,https://web.archive.org/web/20070417033701id_/http://www.bsnpr.com:80/estadisticas/enciclopedia.asp,2026-09-08T14:22:06Z
765,"Anza, Froilan","anza, froilan",Anza,Froilan,,,,,,,,,,no,single-source,wayback_bsnpr_players,https://web.archive.org/web/20070417033701id_/http://www.bsnpr.com:80/estadisticas/enciclopedia.asp,2026-09-08T14:22:06Z
766,"Anza, Estadísticas Jugador","anza, estadisticas jugador",Anza,Estadísticas Jugador,,,,nan,nan,No se sabe,1972,1974,3,yes,single-source,wayback_bsnpr_players,https://web.archive.org/web/20070829042014id_/http://www.bsnpr.com:80/jugadores/jugador.asp?id=766&e=,2026-09-08T14:33:50Z
767,"Irizarry, Gabino","irizarry, gabino",Irizarry,Gabino,,,,,,,,,,no,single-source,wayback_bsnpr_players,https://web.archive.org/web/20070417033701id_/http://www.bsnpr.com:80/estadisticas/enciclopedia.asp,2026-09-08T14:22:06Z
768,"Allende, Gabriel","allende, gabriel",Allende,Gabriel,,,,,,,,,,no,single-source,wayback_bsnpr_players,https://web.archive.org/web/20070417033701id_/http://www.bsnpr.com:80/estadisticas/enciclopedia.asp,2026-09-08T14:22:06Z
769,"Cruz, Gabriel","cruz, gabriel",Cruz,Gabriel,,,,,,,,,,no,single-source,wayback_bsnpr_players,https://web.archive.org/web/20070417033701id_/http://www.bsnpr.com:80/estadisticas/enciclopedia.asp,2026-09-08T14:22:06Z
770,"Mouneke, Gabriel","mouneke, gabriel",Mouneke,Gabriel,,,,,,,,,,no,single-source,wayback_bsnpr_players,https://web.archive.org/web/20070417033701id_/http://www.bsnpr.com:80/estadisticas/enciclopedia.asp,2026-09-08T14:22:06Z
771,"Ramirez Rivera, Gabriel","ramirez rivera, gabriel",Ramirez Rivera,Gabriel,,,,,,,,,,no,single-source,wayback_bsnpr_players,https://web.archive.org/web/20070417033701id_/http://www.bsnpr.com:80/estadisticas/enciclopedia.asp,2026-09-08T14:22:06Z
772,"Ruiz Negron, Gabriel","ruiz negron, gabriel",Ruiz Negron,Gabriel,,11/13/1983,1983,"Mayaguez, Puerto Rico",Puerto Rico,Delantero,2003,2017,11,yes,single-source,wayback_bsnpr_players,https://web.archive.org/web/20170715120815id_/http://www.bsnpr.com:80/jugadores/jugador.asp?id=772&e=,2026-09-08T14:33:52Z
773,"Colon Gracia, Gabriel","colon gracia, gabriel",Colon Gracia,Gabriel,pirulo,12/20/1984,1984,"Ponce, Puerto Rico",Puerto Rico,Alero,2001,2017,17,yes,single-source,wayback_bsnpr_players,https://web.archive.org/web/20170715120412id_/http://www.bsnpr.com:80/jugadores/jugador.asp?id=773&e=,2026-09-08T14:33:54Z
774,"Ortiz Guardiola, Gamaliel","ortiz guardiola, gamaliel",Ortiz Guardiola,Gamaliel,,2/21/1968,1968,,,,,,,no,single-source,wayback_bsnpr_players,https://web.archive.org/web/20200601011615id_/https://www.bsnpr.com/estadisticas/enciclopedia.asp,2026-09-08T14:25:42Z
775,"Plummer, Gary","plummer, gary",Plummer,Gary,,,,,,,,,,no,single-source,wayback_bsnpr_players,https://web.archive.org/web/20070417033701id_/http://www.bsnpr.com:80/estadisticas/enciclopedia.asp,2026-09-08T14:22:06Z
776,"Voce Mcleod, Gary","voce mcleod, gary",Voce Mcleod,Gary,,11/24/1965,1965,,,,,,,no,single-source,wayback_bsnpr_players,https://web.archive.org/web/20200601011615id_/https://www.bsnpr.com/estadisticas/enciclopedia.asp,2026-09-08T14:25:42Z
777,"Burgos Algarin, Estadísticas Jugador","burgos algarin, estadisticas jugador",Burgos Algarin,Estadísticas Jugador,,12/31/1976,1976,"San Juan, Puerto Rico",Puerto Rico,Armador,1993,2007,15,yes,single-source,wayback_bsnpr_players,https://web.archive.org/web/20080325084937id_/http://www.bsnpr.com:80/jugadores/jugador.asp?id=777&e=14,2026-09-08T14:33:56Z
778,"Gonzalez, Gaston jose","gonzalez, gaston jose",Gonzalez,Gaston jose,,5/21/1956,1956,,,,,,,no,single-source,wayback_bsnpr_players,https://web.archive.org/web/20200601011615id_/https://www.bsnpr.com/estadisticas/enciclopedia.asp,2026-09-08T14:25:42Z
779,"Luca, Estadísticas Jugador","luca, estadisticas jugador",Luca,Estadísticas Jugador,,6/10/1954,1954,nan,nan,No se sabe,1973,1978,4,yes,single-source,wayback_bsnpr_players,https://web.archive.org/web/20070829035208id_/http://www.bsnpr.com:80/jugadores/jugador.asp?id=779&e=,2026-09-08T14:33:58Z
780,"Lean, Estadísticas Jugador","lean, estadisticas jugador",Lean,Estadísticas Jugador,,,,nan,nan,No se sabe,1995,1995,1,yes,single-source,wayback_bsnpr_players,https://web.archive.org/web/20070829042410id_/http://www.bsnpr.com:80/jugadores/jugador.asp?id=780&e=,2026-09-08T14:34:00Z
781,"Bacchus Cora, George","bacchus cora, george",Bacchus Cora,George,,12/3/1977,1977,,,,,,,no,single-source,wayback_bsnpr_players,https://web.archive.org/web/20200601011615id_/https://www.bsnpr.com/estadisticas/enciclopedia.asp,2026-09-08T14:25:42Z
782,"Baez, Estadísticas Jugador","baez, estadisticas jugador",Baez,Estadísticas Jugador,,,,nan,nan,No se sabe,1957,1967,11,yes,single-source,wayback_bsnpr_players,https://web.archive.org/web/20070829035022id_/http://www.bsnpr.com:80/jugadores/jugador.asp?id=782&e=,2026-09-08T14:34:02Z
783,"Gorman Vega, George","gorman vega, george",Gorman Vega,George,,11/21/1963,1963,,,,,,,no,single-source,wayback_bsnpr_players,https://web.archive.org/web/20200601011615id_/https://www.bsnpr.com/estadisticas/enciclopedia.asp,2026-09-08T14:25:42Z
784,"Green, George","green, george",Green,George,,,,,,,,,,no,single-source,wayback_bsnpr_players,https://web.archive.org/web/20070417033701id_/http://www.bsnpr.com:80/estadisticas/enciclopedia.asp,2026-09-08T14:22:06Z
785,"Martinez, George","martinez, george",Martinez,George,,,,,,,,,,no,single-source,wayback_bsnpr_players,https://web.archive.org/web/20070417033701id_/http://www.bsnpr.com:80/estadisticas/enciclopedia.asp,2026-09-08T14:22:06Z
786,"Negron Torres, Estadísticas Jugador","negron torres, estadisticas jugador",Negron Torres,Estadísticas Jugador,,4/26/1967,1967,nan,nan,No se sabe,1985,1988,3,yes,single-source,wayback_bsnpr_players,https://web.archive.org/web/20070829042520id_/http://www.bsnpr.com:80/jugadores/jugador.asp?id=786&e=,2026-09-08T14:34:04Z
787,"Rodriguez Acosta, Estadísticas Jugador","rodriguez acosta, estadisticas jugador",Rodriguez Acosta,Estadísticas Jugador,,11/27/1953,1953,nan,nan,No se sabe,1975,1976,2,yes,single-source,wayback_bsnpr_players,https://web.archive.org/web/20070828231335id_/http://www.bsnpr.com:80/jugadores/jugador.asp?id=787&e=,2026-09-08T14:34:05Z
788,"Torres Dougherty, George","torres dougherty, george",Torres Dougherty,George,,10/15/1957,1957,,,,,,,no,single-source,wayback_bsnpr_players,https://web.archive.org/web/20200601011615id_/https://www.bsnpr.com/estadisticas/enciclopedia.asp,2026-09-08T14:25:42Z
789,"Torres Perez, George","torres perez, george",Torres Perez,George,,10/1/1958,1958,,,,,,,no,single-source,wayback_bsnpr_players,https://web.archive.org/web/20200601011615id_/https://www.bsnpr.com/estadisticas/enciclopedia.asp,2026-09-08T14:25:42Z
790,"Torres Rivera, George","torres rivera, george",Torres Rivera,George,,9/21/1957,1957,,,,,,,no,single-source,wayback_bsnpr_players,https://web.archive.org/web/20200601011615id_/https://www.bsnpr.com/estadisticas/enciclopedia.asp,2026-09-08T14:25:42Z
791,"Lebron Arrufat, Estadísticas Jugador","lebron arrufat, estadisticas jugador",Lebron Arrufat,Estadísticas Jugador,,5/14/1956,1956,nan,nan,No se sabe,1973,1989,17,yes,single-source,wayback_bsnpr_players,https://web.archive.org/web/20070828224131id_/http://www.bsnpr.com:80/jugadores/jugador.asp?id=791&e=,2026-09-08T14:34:07Z
792,"Ocasio Serrano, Gerald","ocasio serrano, gerald",Ocasio Serrano,Gerald,,2/19/1958,1958,nan,nan,No se sabe,1975,1993,17,yes,single-source,wayback_bsnpr_players,https://web.archive.org/web/20171030004306id_/http://www.bsnpr.com/jugadores/jugador.asp?id=792,2026-09-08T14:34:09Z
793,"Lebron Eluyando, Estadísticas Jugador","lebron eluyando, estadisticas jugador",Lebron Eluyando,Estadísticas Jugador,,7/10/1982,1982,"San Germán, Puerto Rico",Puerto Rico,Delantero,2000,2007,2,yes,single-source,wayback_bsnpr_players,https://web.archive.org/web/20080229064905id_/http://www.bsnpr.com:80/jugadores/jugador.asp?id=793&e=3,2026-09-08T14:34:11Z
794,"Allende, Gerardo","allende, gerardo",Allende,Gerardo,,,,,,,,,,no,single-source,wayback_bsnpr_players,https://web.archive.org/web/20070417033701id_/http://www.bsnpr.com:80/estadisticas/enciclopedia.asp,2026-09-08T14:22:06Z
795,"Zayas, Estadísticas Jugador","zayas, estadisticas jugador",Zayas,Estadísticas Jugador,,,,nan,nan,No se sabe,2001,2001,1,yes,single-source,wayback_bsnpr_players,https://web.archive.org/web/20070828230733id_/http://www.bsnpr.com:80/jugadores/jugador.asp?id=795&e=,2026-09-08T14:34:13Z
796,"Zayas Bello, Gerardo","zayas bello, gerardo",Zayas Bello,Gerardo,,,,,,,,,,no,single-source,wayback_bsnpr_players,https://web.archive.org/web/20070417033701id_/http://www.bsnpr.com:80/estadisticas/enciclopedia.asp,2026-09-08T14:22:06Z
797,"David Cruz, Gerardo","david cruz, gerardo",David Cruz,Gerardo,jerry,6/7/1964,1964,,,,,,,no,single-source,wayback_bsnpr_players,https://web.archive.org/web/20200601011615id_/https://www.bsnpr.com/estadisticas/enciclopedia.asp,2026-09-08T14:25:42Z
798,"Hernandez Nieves, German","hernandez nieves, german",Hernandez Nieves,German,,9/6/1962,1962,,,,,,,no,single-source,wayback_bsnpr_players,https://web.archive.org/web/20200601011615id_/https://www.bsnpr.com/estadisticas/enciclopedia.asp,2026-09-08T14:25:42Z
799,"Ortiz Santiago, German","ortiz santiago, german",Ortiz Santiago,German,,,,,,,,,,no,single-source,wayback_bsnpr_players,https://web.archive.org/web/20070417033701id_/http://www.bsnpr.com:80/estadisticas/enciclopedia.asp,2026-09-08T14:22:06Z
800,"Padilla Rivera, Estadísticas Jugador","padilla rivera, estadisticas jugador",Padilla Rivera,Estadísticas Jugador,,,,nan,nan,No se sabe,1988,2001,13,yes,single-source,wayback_bsnpr_players,https://web.archive.org/web/20070829040217id_/http://www.bsnpr.com:80/jugadores/jugador.asp?id=800&e=,2026-09-08T14:34:15Z
801,"Arzola, Gil","arzola, gil",Arzola,Gil,,,,,,,,,,no,single-source,wayback_bsnpr_players,https://web.archive.org/web/20070417033701id_/http://www.bsnpr.com:80/estadisticas/enciclopedia.asp,2026-09-08T14:22:06Z
802,"Padilla Flores, Gil","padilla flores, gil",Padilla Flores,Gil,,,,,,,,,,no,single-source,wayback_bsnpr_players,https://web.archive.org/web/20070417033701id_/http://www.bsnpr.com:80/estadisticas/enciclopedia.asp,2026-09-08T14:22:06Z
803,"Mamary, Gilbert","mamary, gilbert",Mamary,Gilbert,,,,,,,,,,no,single-source,wayback_bsnpr_players,https://web.archive.org/web/20070417033701id_/http://www.bsnpr.com:80/estadisticas/enciclopedia.asp,2026-09-08T14:22:06Z
804,"Melendez Stanford, Gilberto","melendez stanford, gilberto",Melendez Stanford,Gilberto,,12/17/1962,1962,,,,,,,no,single-source,wayback_bsnpr_players,https://web.archive.org/web/20200601011615id_/https://www.bsnpr.com/estadisticas/enciclopedia.asp,2026-09-08T14:25:42Z
805,"Miranda Rivera, Gilberto","miranda rivera, gilberto",Miranda Rivera,Gilberto,,9/3/1965,1965,,,,,,,no,single-source,wayback_bsnpr_players,https://web.archive.org/web/20200601011615id_/https://www.bsnpr.com/estadisticas/enciclopedia.asp,2026-09-08T14:25:42Z
806,"Portela, Estadísticas Jugador","portela, estadisticas jugador",Portela,Estadísticas Jugador,,,,nan,nan,No se sabe,1969,1972,4,yes,single-source,wayback_bsnpr_players,https://web.archive.org/web/20070829041734id_/http://www.bsnpr.com:80/jugadores/jugador.asp?id=806&e=,2026-09-08T14:34:17Z
807,"Sanabria, Gilberto","sanabria, gilberto",Sanabria,Gilberto,,,,,,,,,,no,single-source,wayback_bsnpr_players,https://web.archive.org/web/20070417033701id_/http://www.bsnpr.com:80/estadisticas/enciclopedia.asp,2026-09-08T14:22:06Z
808,"Venzen Aloyo, Estadísticas Jugador","venzen aloyo, estadisticas jugador",Venzen Aloyo,Estadísticas Jugador,,5/4/1977,1977,"Fajardo, Puerto Rico",Puerto Rico,Alero,1995,2009,12,yes,single-source,wayback_bsnpr_players,https://web.archive.org/web/20091004045524id_/http://www.bsnpr.com:80/jugadores/jugador.asp?id=808&e=,2026-09-08T14:34:18Z
809,"Martinez, Gimel","martinez, gimel",Martinez,Gimel,,,,,,,,,,no,single-source,wayback_bsnpr_players,https://web.archive.org/web/20070417033701id_/http://www.bsnpr.com:80/estadisticas/enciclopedia.asp,2026-09-08T14:22:06Z
810,"Garcia Matta, Estadísticas Jugador","garcia matta, estadisticas jugador",Garcia Matta,Estadísticas Jugador,,,,nan,nan,No se sabe,1993,1996,3,yes,single-source,wayback_bsnpr_players,https://web.archive.org/web/20070828230613id_/http://www.bsnpr.com:80/jugadores/jugador.asp?id=810&e=,2026-09-08T14:34:20Z
811,"Cotto Padilla, Giovanni","cotto padilla, giovanni",Cotto Padilla,Giovanni,,12/4/1973,1973,,,,,,,no,single-source,wayback_bsnpr_players,https://web.archive.org/web/20200601011615id_/https://www.bsnpr.com/estadisticas/enciclopedia.asp,2026-09-08T14:25:42Z
812,"Jimenez Brain, Giovanni","jimenez brain, giovanni",Jimenez Brain,Giovanni,,1/29/1982,1982,"San Juan, Puerto Rico",Puerto Rico,Armador,1998,2017,20,yes,single-source,wayback_bsnpr_players,https://web.archive.org/web/20170715120616id_/http://www.bsnpr.com:80/jugadores/jugador.asp?id=812&e=,2026-09-08T14:34:22Z
813,"Colon, Giovanny","colon, giovanny",Colon,Giovanny,,,,,,,,,,no,single-source,wayback_bsnpr_players,https://web.archive.org/web/20070417033701id_/http://www.bsnpr.com:80/estadisticas/enciclopedia.asp,2026-09-08T14:22:06Z
814,"Colon Maysonet, Giovanny","colon maysonet, giovanny",Colon Maysonet,Giovanny,,3/4/1967,1967,,,,,,,no,single-source,wayback_bsnpr_players,https://web.archive.org/web/20200601011615id_/https://www.bsnpr.com/estadisticas/enciclopedia.asp,2026-09-08T14:25:42Z
815,"Wood, Glenn","wood, glenn",Wood,Glenn,,,,,,,,,,no,single-source,wayback_bsnpr_players,https://web.archive.org/web/20070417033701id_/http://www.bsnpr.com:80/estadisticas/enciclopedia.asp,2026-09-08T14:22:06Z
816,"Harrison Custodio, Glenn m.","harrison custodio, glenn m",Harrison Custodio,Glenn m.,,5/12/1967,1967,,,,,,,no,single-source,wayback_bsnpr_players,https://web.archive.org/web/20200601011615id_/https://www.bsnpr.com/estadisticas/enciclopedia.asp,2026-09-08T14:25:42Z
817,"Diago, Gonzalo","diago, gonzalo",Diago,Gonzalo,,,,,,,,,,no,single-source,wayback_bsnpr_players,https://web.archive.org/web/20070417033701id_/http://www.bsnpr.com:80/estadisticas/enciclopedia.asp,2026-09-08T14:22:06Z
818,"Malone, Gordon","malone, gordon",Malone,Gordon,,,,,,,,,,no,single-source,wayback_bsnpr_players,https://web.archive.org/web/20070417033701id_/http://www.bsnpr.com:80/estadisticas/enciclopedia.asp,2026-09-08T14:22:06Z
819,"Grant Rolland, Greg","grant rolland, greg",Grant Rolland,Greg,,,,,,,,,,no,single-source,wayback_bsnpr_players,https://web.archive.org/web/20070417033701id_/http://www.bsnpr.com:80/estadisticas/enciclopedia.asp,2026-09-08T14:22:06Z
820,"Brooks, Greg dennis","brooks, greg dennis",Brooks,Greg dennis,,3/28/1969,1969,,,,,,,no,single-source,wayback_bsnpr_players,https://web.archive.org/web/20200601011615id_/https://www.bsnpr.com/estadisticas/enciclopedia.asp,2026-09-08T14:25:42Z
821,"Gonzalez, Gregg","gonzalez, gregg",Gonzalez,Gregg,,5/3/1965,1965,,,,,,,no,single-source,wayback_bsnpr_players,https://web.archive.org/web/20200601011615id_/https://www.bsnpr.com/estadisticas/enciclopedia.asp,2026-09-08T14:25:42Z
822,"Jackson Quiñonez, Gregg","jackson quinonez, gregg",Jackson Quiñonez,Gregg,,,,,,,,,,no,single-source,wayback_bsnpr_players,https://web.archive.org/web/20070417033701id_/http://www.bsnpr.com:80/estadisticas/enciclopedia.asp,2026-09-08T14:22:06Z
823,"Jackson Quiñonez, Gregg","jackson quinonez, gregg",Jackson Quiñonez,Gregg,,,,,,,,,,no,single-source,wayback_bsnpr_players,https://web.archive.org/web/20070417033701id_/http://www.bsnpr.com:80/estadisticas/enciclopedia.asp,2026-09-08T14:22:06Z
824,"Gonzalez, Estadísticas Jugador","gonzalez, estadisticas jugador",Gonzalez,Estadísticas Jugador,,,,nan,nan,No se sabe,1956,1956,1,yes,single-source,wayback_bsnpr_players,https://web.archive.org/web/20070829041501id_/http://www.bsnpr.com:80/jugadores/jugador.asp?id=824&e=,2026-09-08T14:34:24Z
825,"Rivera Vazquez, Gregorio","rivera vazquez, gregorio",Rivera Vazquez,Gregorio,,11/17/1957,1957,,,,,,,no,single-source,wayback_bsnpr_players,https://web.archive.org/web/20200601011615id_/https://www.bsnpr.com/estadisticas/enciclopedia.asp,2026-09-08T14:25:42Z
826,"Vidot Colon, Estadísticas Jugador","vidot colon, estadisticas jugador",Vidot Colon,Estadísticas Jugador,,5/4/1984,1984,nan,nan,No se sabe,2003,2005,3,yes,single-source,wayback_bsnpr_players,https://web.archive.org/web/20070828224627id_/http://www.bsnpr.com:80/jugadores/jugador.asp?id=826&e=,2026-09-08T14:34:27Z
827,"Vidot Hernandez, Grimaldi","vidot hernandez, grimaldi",Vidot Hernandez,Grimaldi,,2/4/1960,1960,,,,,,,no,single-source,wayback_bsnpr_players,https://web.archive.org/web/20200601011615id_/https://www.bsnpr.com/estadisticas/enciclopedia.asp,2026-09-08T14:25:42Z
828,"Quiñones, Estadísticas Jugador","quinones, estadisticas jugador",Quiñones,Estadísticas Jugador,,,,nan,nan,No se sabe,1959,1962,4,yes,single-source,wayback_bsnpr_players,https://web.archive.org/web/20070829040458id_/http://www.bsnpr.com:80/jugadores/jugador.asp?id=828&e=,2026-09-08T14:34:29Z
829,"Cancio Bello, Estadísticas Jugador","cancio bello, estadisticas jugador",Cancio Bello,Estadísticas Jugador,,,,nan,nan,No se sabe,1970,1974,4,yes,single-source,wayback_bsnpr_players,https://web.archive.org/web/20070828230216id_/http://www.bsnpr.com:80/jugadores/jugador.asp?id=829&e=,2026-09-08T14:34:30Z
830,"Casado Ortiz, Estadísticas Jugador","casado ortiz, estadisticas jugador",Casado Ortiz,Estadísticas Jugador,,,,nan,nan,No se sabe,1997,2003,3,yes,single-source,wayback_bsnpr_players,https://web.archive.org/web/20070828223428id_/http://www.bsnpr.com:80/jugadores/jugador.asp?id=830&e=,2026-09-08T14:34:32Z
831,"Cidre, Guillermo","cidre, guillermo",Cidre,Guillermo,,,,,,,,,,no,single-source,wayback_bsnpr_players,https://web.archive.org/web/20070417033701id_/http://www.bsnpr.com:80/estadisticas/enciclopedia.asp,2026-09-08T14:22:06Z
832,"Febre Quintana, Guillermo","febre quintana, guillermo",Febre Quintana,Guillermo,,5/2/1985,1985,,,,,,,no,single-source,wayback_bsnpr_players,https://web.archive.org/web/20200601011615id_/https://www.bsnpr.com/estadisticas/enciclopedia.asp,2026-09-08T14:25:42Z
833,"Rivera, Guillermo","rivera, guillermo",Rivera,Guillermo,,,,,,,,,,no,single-source,wayback_bsnpr_players,https://web.archive.org/web/20070417033701id_/http://www.bsnpr.com:80/estadisticas/enciclopedia.asp,2026-09-08T14:22:06Z
834,"Myers Houghton, Guillermo","myers houghton, guillermo",Myers Houghton,Guillermo,panama,,,,,,,,,no,single-source,wayback_bsnpr_players,https://web.archive.org/web/20070417033701id_/http://www.bsnpr.com:80/estadisticas/enciclopedia.asp,2026-09-08T14:22:06Z
835,"Caballero Esquilin, Estadísticas Jugador","caballero esquilin, estadisticas jugador",Caballero Esquilin,Estadísticas Jugador,,6/26/1954,1954,nan,nan,No se sabe,1977,1979,2,yes,single-source,wayback_bsnpr_players,https://web.archive.org/web/20070828230247id_/http://www.bsnpr.com:80/jugadores/jugador.asp?id=835&e=,2026-09-08T14:34:34Z
836,"Firpi, Gustavo","firpi, gustavo",Firpi,Gustavo,,,,,,,,,,no,single-source,wayback_bsnpr_players,https://web.archive.org/web/20070417033701id_/http://www.bsnpr.com:80/estadisticas/enciclopedia.asp,2026-09-08T14:22:06Z
837,"Mattei, Gustavo","mattei, gustavo",Mattei,Gustavo,,,,,,,,,,no,single-source,wayback_bsnpr_players,https://web.archive.org/web/20070417033701id_/http://www.bsnpr.com:80/estadisticas/enciclopedia.asp,2026-09-08T14:22:06Z
838,"Salgado Sanchez, Estadísticas Jugador","salgado sanchez, estadisticas jugador",Salgado Sanchez,Estadísticas Jugador,,5/4/1979,1979,"Rio Piedras, Puerto Rico",Puerto Rico,Delantero,1999,2008,8,yes,single-source,wayback_bsnpr_players,https://web.archive.org/web/20090429221640id_/http://bsnpr.com:80/jugadores/jugador.asp?id=838&e=,2026-09-08T14:34:36Z
839,"Santos, Gustavo","santos, gustavo",Santos,Gustavo,gus,9/19/1963,1963,,,,,,,no,single-source,wayback_bsnpr_players,https://web.archive.org/web/20200601011615id_/https://www.bsnpr.com/estadisticas/enciclopedia.asp,2026-09-08T14:25:42Z
840,"Cruz Rosa, Estadísticas Jugador","cruz rosa, estadisticas jugador",Cruz Rosa,Estadísticas Jugador,,,,nan,nan,No se sabe,1991,1991,1,yes,single-source,wayback_bsnpr_players,https://web.archive.org/web/20070828230222id_/http://www.bsnpr.com:80/jugadores/jugador.asp?id=840&e=,2026-09-08T14:34:38Z
841,"Baker, Estadísticas Jugador","baker, estadisticas jugador",Baker,Estadísticas Jugador,,,,nan,nan,No se sabe,1997,1997,1,yes,single-source,wayback_bsnpr_players,https://web.archive.org/web/20070828223707id_/http://www.bsnpr.com:80/jugadores/jugador.asp?id=841&e=,2026-09-08T14:34:40Z
842,"Padilla Padilla, Estadísticas Jugador","padilla padilla, estadisticas jugador",Padilla Padilla,Estadísticas Jugador,,8/7/1986,1986,"Morovis, Puerto Rico",Puerto Rico,Armador,2006,2006,1,yes,single-source,wayback_bsnpr_players,https://web.archive.org/web/20070829040938id_/http://www.bsnpr.com:80/jugadores/jugador.asp?id=842&e=,2026-09-08T14:34:41Z
843,"Figueroa Pellot, Harry","figueroa pellot, harry",Figueroa Pellot,Harry,,6/24/1954,1954,,,,,,,no,single-source,wayback_bsnpr_players,https://web.archive.org/web/20200601011615id_/https://www.bsnpr.com/estadisticas/enciclopedia.asp,2026-09-08T14:25:42Z
844,"Martinez Saez, Harry","martinez saez, harry",Martinez Saez,Harry,,,,,,,,,,no,single-source,wayback_bsnpr_players,https://web.archive.org/web/20070417033701id_/http://www.bsnpr.com:80/estadisticas/enciclopedia.asp,2026-09-08T14:22:06Z
845,"Moreno, Harry","moreno, harry",Moreno,Harry,,,,,,,,,,no,single-source,wayback_bsnpr_players,https://web.archive.org/web/20070417033701id_/http://www.bsnpr.com:80/estadisticas/enciclopedia.asp,2026-09-08T14:22:06Z
846,"Ramirez, Estadísticas Jugador","ramirez, estadisticas jugador",Ramirez,Estadísticas Jugador,,,,nan,nan,No se sabe,1993,1997,4,yes,single-source,wayback_bsnpr_players,https://web.archive.org/web/20070828230845id_/http://www.bsnpr.com:80/jugadores/jugador.asp?id=846&e=,2026-09-08T14:34:43Z
847,"Vizcarrondo Castro, Harry","vizcarrondo castro, harry",Vizcarrondo Castro,Harry,,6/16/1957,1957,,,,,,,no,single-source,wayback_bsnpr_players,https://web.archive.org/web/20200601011615id_/https://www.bsnpr.com/estadisticas/enciclopedia.asp,2026-09-08T14:25:42Z
848,"Rivera Ortiz, Hecmar","rivera ortiz, hecmar",Rivera Ortiz,Hecmar,,,,,,,,,,no,single-source,wayback_bsnpr_players,https://web.archive.org/web/20070417033701id_/http://www.bsnpr.com:80/estadisticas/enciclopedia.asp,2026-09-08T14:22:06Z
849,"Anglada, Hector","anglada, hector",Anglada,Hector,,,,,,,,,,no,single-source,wayback_bsnpr_players,https://web.archive.org/web/20070417033701id_/http://www.bsnpr.com:80/estadisticas/enciclopedia.asp,2026-09-08T14:22:06Z
850,"Baez Perez, Hector","baez perez, hector",Baez Perez,Hector,,12/12/1955,1955,,,,,,,no,single-source,wayback_bsnpr_players,https://web.archive.org/web/20200601011615id_/https://www.bsnpr.com/estadisticas/enciclopedia.asp,2026-09-08T14:25:42Z
851,"Berlingeri, Hector","berlingeri, hector",Berlingeri,Hector,,,,,,,,,,no,single-source,wayback_bsnpr_players,https://web.archive.org/web/20070417033701id_/http://www.bsnpr.com:80/estadisticas/enciclopedia.asp,2026-09-08T14:22:06Z
852,"Bonilla, Hector","bonilla, hector",Bonilla,Hector,,,,,,,,,,no,single-source,wayback_bsnpr_players,https://web.archive.org/web/20070417033701id_/http://www.bsnpr.com:80/estadisticas/enciclopedia.asp,2026-09-08T14:22:06Z
853,"Burgos, Hector","burgos, hector",Burgos,Hector,,,,,,,,,,no,single-source,wayback_bsnpr_players,https://web.archive.org/web/20070417033701id_/http://www.bsnpr.com:80/estadisticas/enciclopedia.asp,2026-09-08T14:22:06Z
854,"Camacho, Estadísticas Jugador","camacho, estadisticas jugador",Camacho,Estadísticas Jugador,,,,nan,nan,No se sabe,1960,1960,1,yes,single-source,wayback_bsnpr_players,https://web.archive.org/web/20070829040841id_/http://www.bsnpr.com:80/jugadores/jugador.asp?id=854&e=,2026-09-08T14:34:45Z
855,"Casanova, Estadísticas Jugador","casanova, estadisticas jugador",Casanova,Estadísticas Jugador,,,,nan,nan,No se sabe,1963,1966,4,yes,single-source,wayback_bsnpr_players,https://web.archive.org/web/20070828230808id_/http://www.bsnpr.com:80/jugadores/jugador.asp?id=855&e=,2026-09-08T14:34:47Z
856,"Deliz, Hector","deliz, hector",Deliz,Hector,,,,,,,,,,no,single-source,wayback_bsnpr_players,https://web.archive.org/web/20070417033701id_/http://www.bsnpr.com:80/estadisticas/enciclopedia.asp,2026-09-08T14:22:06Z
857,"Diaz Roman, Hector","diaz roman, hector",Diaz Roman,Hector,,,,,,,,,,no,single-source,wayback_bsnpr_players,https://web.archive.org/web/20070417033701id_/http://www.bsnpr.com:80/estadisticas/enciclopedia.asp,2026-09-08T14:22:06Z
858,"Garcia Lozada, Estadísticas Jugador","garcia lozada, estadisticas jugador",Garcia Lozada,Estadísticas Jugador,,6/17/1954,1954,nan,nan,No se sabe,1973,1982,9,yes,single-source,wayback_bsnpr_players,https://web.archive.org/web/20070828230648id_/http://www.bsnpr.com:80/jugadores/jugador.asp?id=858&e=,2026-09-08T14:34:49Z
859,"Gonzalez Delgado, Estadísticas Jugador","gonzalez delgado, estadisticas jugador",Gonzalez Delgado,Estadísticas Jugador,,9/30/1971,1971,nan,nan,No se sabe,1989,1989,1,yes,single-source,wayback_bsnpr_players,https://web.archive.org/web/20070828224354id_/http://www.bsnpr.com:80/jugadores/jugador.asp?id=859&e=,2026-09-08T14:34:51Z
860,"Martinez Canales, Estadísticas Jugador","martinez canales, estadisticas jugador",Martinez Canales,Estadísticas Jugador,,12/31/1981,1981,"San Juan, Puerto Rico",Puerto Rico,Armador,2002,2009,6,yes,single-source,wayback_bsnpr_players,https://web.archive.org/web/20091206173340id_/http://www.bsnpr.com:80/jugadores/jugador.asp?id=860&e=,2026-09-08T14:34:52Z
861,"Molina Medina, Estadísticas Jugador","molina medina, estadisticas jugador",Molina Medina,Estadísticas Jugador,,3/5/1962,1962,nan,nan,No se sabe,1981,1981,1,yes,single-source,wayback_bsnpr_players,https://web.archive.org/web/20070829035131id_/http://www.bsnpr.com:80/jugadores/jugador.asp?id=861&e=,2026-09-08T14:34:54Z
862,"Navarro, Estadísticas Jugador","navarro, estadisticas jugador",Navarro,Estadísticas Jugador,,,,nan,nan,No se sabe,1958,1959,2,yes,single-source,wayback_bsnpr_players,https://web.archive.org/web/20070829035049id_/http://www.bsnpr.com:80/jugadores/jugador.asp?id=862&e=,2026-09-08T14:34:56Z
863,"Olivencia Mateo, Hector","olivencia mateo, hector",Olivencia Mateo,Hector,,11/28/1956,1956,nan,nan,No se sabe,1974,1991,15,yes,single-source,wayback_bsnpr_players,https://web.archive.org/web/20171029065941id_/http://www.bsnpr.com/jugadores/jugador.asp?id=863,2026-09-08T14:34:58Z
864,"Ortiz Justiniano, Hector","ortiz justiniano, hector",Ortiz Justiniano,Hector,,,,,,,,,,no,single-source,wayback_bsnpr_players,https://web.archive.org/web/20070417033701id_/http://www.bsnpr.com:80/estadisticas/enciclopedia.asp,2026-09-08T14:22:06Z
865,"Reyes, Estadísticas Jugador","reyes, estadisticas jugador",Reyes,Estadísticas Jugador,,,,nan,nan,No se sabe,1963,1968,6,yes,single-source,wayback_bsnpr_players,https://web.archive.org/web/20070829040618id_/http://www.bsnpr.com:80/jugadores/jugador.asp?id=865&e=,2026-09-08T14:35:00Z
866,"Rodriguez Marcussi, Hector","rodriguez marcussi, hector",Rodriguez Marcussi,Hector,,9/8/1963,1963,,,,,,,no,single-source,wayback_bsnpr_players,https://web.archive.org/web/20200601011615id_/https://www.bsnpr.com/estadisticas/enciclopedia.asp,2026-09-08T14:25:42Z
867,"Roman, Hector","roman, hector",Roman,Hector,,,,,,,,,,no,single-source,wayback_bsnpr_players,https://web.archive.org/web/20070417033701id_/http://www.bsnpr.com:80/estadisticas/enciclopedia.asp,2026-09-08T14:22:06Z
868,"Soto, Estadísticas Jugador","soto, estadisticas jugador",Soto,Estadísticas Jugador,,,,nan,nan,No se sabe,1964,1966,3,yes,single-source,wayback_bsnpr_players,https://web.archive.org/web/20070828225057id_/http://www.bsnpr.com:80/jugadores/jugador.asp?id=868&e=,2026-09-08T14:35:02Z
869,"Valenzuela Hernandez, Hector","valenzuela hernandez, hector",Valenzuela Hernandez,Hector,,1/14/1982,1982,Estados Unidos,Estados Unidos,Delantero/Centro,1998,2013,13,yes,single-source,wayback_bsnpr_players,https://web.archive.org/web/20140122201124id_/http://www.bsnpr.com:80/jugadores/jugador.asp?id=869&e=,2026-09-08T14:35:04Z
870,"Zayas Irizarry, Hector","zayas irizarry, hector",Zayas Irizarry,Hector,,7/9/1981,1981,"Mayaguez, Puerto Rico",Puerto Rico,Alero,2000,2013,10,yes,single-source,wayback_bsnpr_players,https://web.archive.org/web/20130614021757id_/http://www.bsnpr.com:80/jugadores/jugador.asp?id=870&e=13,2026-09-08T14:35:06Z
871,"Estrada Rodriguez, Hector","estrada rodriguez, hector",Estrada Rodriguez,Hector,bozo,3/5/1961,1961,,,,,,,no,single-source,wayback_bsnpr_players,https://web.archive.org/web/20200601011615id_/https://www.bsnpr.com/estadisticas/enciclopedia.asp,2026-09-08T14:25:42Z
872,"Blondet Texidor, Hector","blondet texidor, hector",Blondet Texidor,Hector,el mago,5/12/1947,1947,Nueva York,Nueva York,Escolta/Delantero,1970,1983,13,yes,single-source,wayback_bsnpr_players,https://web.archive.org/web/20220114144339id_/https://www.bsnpr.com/jugadores/jugador.asp?id=872,2026-09-08T14:35:08Z
873,"Reyes, Estadísticas Jugador","reyes, estadisticas jugador",Reyes,Estadísticas Jugador,hetin,,,nan,nan,No se sabe,1956,1960,5,yes,single-source,wayback_bsnpr_players,https://web.archive.org/web/20070829041856id_/http://www.bsnpr.com:80/jugadores/jugador.asp?id=873&e=,2026-09-08T14:35:10Z
874,"Nuñez Mercado, Estadísticas Jugador","nunez mercado, estadisticas jugador",Nuñez Mercado,Estadísticas Jugador,,12/10/1961,1961,nan,nan,No se sabe,1987,1993,6,yes,single-source,wayback_bsnpr_players,https://web.archive.org/web/20070829040723id_/http://www.bsnpr.com:80/jugadores/jugador.asp?id=874&e=,2026-09-08T14:35:11Z
875,"Perez Danois, Hector e.","perez danois, hector e",Perez Danois,Hector e.,henry,3/26/1959,1959,,,,,,,no,single-source,wayback_bsnpr_players,https://web.archive.org/web/20200601011615id_/https://www.bsnpr.com/estadisticas/enciclopedia.asp,2026-09-08T14:25:42Z
876,"Burgos Miranda, Hector enrique","burgos miranda, hector enrique",Burgos Miranda,Hector enrique,,,,,,,,,,no,single-source,wayback_bsnpr_players,https://web.archive.org/web/20070417033701id_/http://www.bsnpr.com:80/estadisticas/enciclopedia.asp,2026-09-08T14:22:06Z
877,"Sola Rodriguez, Hector f","sola rodriguez, hector f",Sola Rodriguez,Hector f,,10/15/1962,1962,,,,,,,no,single-source,wayback_bsnpr_players,https://web.archive.org/web/20200601011615id_/https://www.bsnpr.com/estadisticas/enciclopedia.asp,2026-09-08T14:25:42Z
878,"Morales Rosa, Hector f.","morales rosa, hector f",Morales Rosa,Hector f.,,,,,,,,,,no,single-source,wayback_bsnpr_players,https://web.archive.org/web/20070417033701id_/http://www.bsnpr.com:80/estadisticas/enciclopedia.asp,2026-09-08T14:22:06Z
879,"Perez Aponte, Hector Fabian","perez aponte, hector fabian",Perez Aponte,Hector Fabian,,1/3/1972,1972,,,,,,,no,single-source,wayback_bsnpr_players,https://web.archive.org/web/20200601011615id_/https://www.bsnpr.com/estadisticas/enciclopedia.asp,2026-09-08T14:25:42Z
880,"Negron Rivera, Estadísticas Jugador","negron rivera, estadisticas jugador",Negron Rivera,Estadísticas Jugador,,11/12/1958,1958,nan,nan,No se sabe,1973,1979,4,yes,single-source,wayback_bsnpr_players,https://web.archive.org/web/20070829040632id_/http://www.bsnpr.com:80/jugadores/jugador.asp?id=880&e=,2026-09-08T14:35:13Z
881,"Babilonia Bayona, Hector luis","babilonia bayona, hector luis",Babilonia Bayona,Hector luis,,9/4/1987,1987,,,,,,,no,single-source,wayback_bsnpr_players,https://web.archive.org/web/20200601011615id_/https://www.bsnpr.com/estadisticas/enciclopedia.asp,2026-09-08T14:25:42Z
882,"Negron Rivera, Estadísticas Jugador","negron rivera, estadisticas jugador",Negron Rivera,Estadísticas Jugador,,,,nan,nan,No se sabe,1992,1995,4,yes,single-source,wayback_bsnpr_players,https://web.archive.org/web/20070828230252id_/http://www.bsnpr.com:80/jugadores/jugador.asp?id=882&e=,2026-09-08T14:35:15Z
883,"Figueroa Gonzalez, Estadísticas Jugador","figueroa gonzalez, estadisticas jugador",Figueroa Gonzalez,Estadísticas Jugador,,5/25/1951,1951,nan,nan,No se sabe,1972,1979,7,yes,single-source,wayback_bsnpr_players,https://web.archive.org/web/20070828230230id_/http://www.bsnpr.com:80/jugadores/jugador.asp?id=883&e=,2026-09-08T14:35:17Z
884,"Feliciano Rodriguez, Hector noel","feliciano rodriguez, hector noel",Feliciano Rodriguez,Hector noel,,3/17/1972,1972,,,,,,,no,single-source,wayback_bsnpr_players,https://web.archive.org/web/20200601011615id_/https://www.bsnpr.com/estadisticas/enciclopedia.asp,2026-09-08T14:25:42Z
885,"Ortiz Colon, Hector r.","ortiz colon, hector r",Ortiz Colon,Hector r.,,,,,,,,,,no,single-source,wayback_bsnpr_players,https://web.archive.org/web/20070417033701id_/http://www.bsnpr.com:80/estadisticas/enciclopedia.asp,2026-09-08T14:22:06Z
886,"O'neal Vazquez, Hector ronald","oneal vazquez, hector ronald",O'neal Vazquez,Hector ronald,,,,,,,,,,no,single-source,wayback_bsnpr_players,https://web.archive.org/web/20070417033701id_/http://www.bsnpr.com:80/estadisticas/enciclopedia.asp,2026-09-08T14:22:06Z
887,"Reyes Del valle, Hector t.","reyes del valle, hector t",Reyes Del valle,Hector t.,tinel,4/2/1962,1962,,,,,,,no,single-source,wayback_bsnpr_players,https://web.archive.org/web/20200601011615id_/https://www.bsnpr.com/estadisticas/enciclopedia.asp,2026-09-08T14:25:42Z
888,"Pressoir Desrouillere, Helder","pressoir desrouillere, helder",Pressoir Desrouillere,Helder,,4/10/1966,1966,,,,,,,no,single-source,wayback_bsnpr_players,https://web.archive.org/web/20200601011615id_/https://www.bsnpr.com/estadisticas/enciclopedia.asp,2026-09-08T14:25:42Z
889,"Cotto Suarez, Henry","cotto suarez, henry",Cotto Suarez,Henry,,1/5/1961,1961,,,,,,,no,single-source,wayback_bsnpr_players,https://web.archive.org/web/20200601011615id_/https://www.bsnpr.com/estadisticas/enciclopedia.asp,2026-09-08T14:25:42Z
890,"James, Henry","james, henry",James,Henry,,,,,,,,,,no,single-source,wayback_bsnpr_players,https://web.archive.org/web/20070417033701id_/http://www.bsnpr.com:80/estadisticas/enciclopedia.asp,2026-09-08T14:22:06Z
891,"Neumann Zayas, Estadísticas Jugador","neumann zayas, estadisticas jugador",Neumann Zayas,Estadísticas Jugador,,12/30/1950,1950,nan,nan,No se sabe,1970,1973,4,yes,single-source,wayback_bsnpr_players,https://web.archive.org/web/20070829035349id_/http://www.bsnpr.com:80/jugadores/jugador.asp?id=891&e=,2026-09-08T14:35:19Z
892,"Neumann Cruzval, Henry","neumann cruzval, henry",Neumann Cruzval,Henry,,,,,,,,,,no,single-source,wayback_bsnpr_players,https://web.archive.org/web/20070417033701id_/http://www.bsnpr.com:80/estadisticas/enciclopedia.asp,2026-09-08T14:22:06Z
893,"Padin Vargas, Henry","padin vargas, henry",Padin Vargas,Henry,,,,,,,,,,no,single-source,wayback_bsnpr_players,https://web.archive.org/web/20070417033701id_/http://www.bsnpr.com:80/estadisticas/enciclopedia.asp,2026-09-08T14:22:06Z
894,"Sanchez Torres, Henry","sanchez torres, henry",Sanchez Torres,Henry,,,,,,,,,,no,single-source,wayback_bsnpr_players,https://web.archive.org/web/20070417033701id_/http://www.bsnpr.com:80/estadisticas/enciclopedia.asp,2026-09-08T14:22:06Z
895,"Rivera Santiago, Heriberto","rivera santiago, heriberto",Rivera Santiago,Heriberto,eddie,6/18/1970,1970,,,,,,,no,single-source,wayback_bsnpr_players,https://web.archive.org/web/20200601011615id_/https://www.bsnpr.com/estadisticas/enciclopedia.asp,2026-09-08T14:25:42Z
896,"Bermudez, Herminio","bermudez, herminio",Bermudez,Herminio,,,,,,,,,,no,single-source,wayback_bsnpr_players,https://web.archive.org/web/20070417033701id_/http://www.bsnpr.com:80/estadisticas/enciclopedia.asp,2026-09-08T14:22:06Z
897,"De la guardia Aviles, Estadísticas Jugador","de la guardia aviles, estadisticas jugador",De la guardia Aviles,Estadísticas Jugador,,6/18/1969,1969,nan,nan,No se sabe,1987,1987,1,yes,single-source,wayback_bsnpr_players,https://web.archive.org/web/20070829035239id_/http://www.bsnpr.com:80/jugadores/jugador.asp?id=897&e=,2026-09-08T14:35:21Z
898,"Montenegro Koch, Hernan","montenegro koch, hernan",Montenegro Koch,Hernan,,8/10/1966,1966,,,,,,,no,single-source,wayback_bsnpr_players,https://web.archive.org/web/20200601011615id_/https://www.bsnpr.com/estadisticas/enciclopedia.asp,2026-09-08T14:25:42Z
899,"Robertson Chavarria, Estadísticas Jugador","robertson chavarria, estadisticas jugador",Robertson Chavarria,Estadísticas Jugador,,4/11/1956,1956,nan,nan,No se sabe,1977,1978,2,yes,single-source,wayback_bsnpr_players,https://web.archive.org/web/20070828231646id_/http://www.bsnpr.com:80/jugadores/jugador.asp?id=899&e=,2026-09-08T14:35:23Z
900,"Martinez Ruiz, Hilario","martinez ruiz, hilario",Martinez Ruiz,Hilario,,4/19/1970,1970,,,,,,,no,single-source,wayback_bsnpr_players,https://web.archive.org/web/20200601011615id_/https://www.bsnpr.com/estadisticas/enciclopedia.asp,2026-09-08T14:25:42Z
901,"Torres Lugo, Hilario","torres lugo, hilario",Torres Lugo,Hilario,,2/19/1966,1966,,,,,,,no,single-source,wayback_bsnpr_players,https://web.archive.org/web/20200601011615id_/https://www.bsnpr.com/estadisticas/enciclopedia.asp,2026-09-08T14:25:42Z
902,"Gomez, Hiram","gomez, hiram",Gomez,Hiram,,,,,,,,,,no,single-source,wayback_bsnpr_players,https://web.archive.org/web/20070417033701id_/http://www.bsnpr.com:80/estadisticas/enciclopedia.asp,2026-09-08T14:22:06Z
903,"Marrero Pizarro, Estadísticas Jugador","marrero pizarro, estadisticas jugador",Marrero Pizarro,Estadísticas Jugador,,,,nan,nan,No se sabe,1959,1969,9,yes,single-source,wayback_bsnpr_players,https://web.archive.org/web/20070829040001id_/http://www.bsnpr.com:80/jugadores/jugador.asp?id=903&e=,2026-09-08T14:35:24Z
904,"Melendez, Hiram","melendez, hiram",Melendez,Hiram,,,,,,,,,,no,single-source,wayback_bsnpr_players,https://web.archive.org/web/20070417033701id_/http://www.bsnpr.com:80/estadisticas/enciclopedia.asp,2026-09-08T14:22:06Z
905,"Ocasio Fernandez, Estadísticas Jugador","ocasio fernandez, estadisticas jugador",Ocasio Fernandez,Estadísticas Jugador,,7/29/1982,1982,Bayamón Puerto Rico,Puerto Rico,Escolta,2002,2007,3,yes,single-source,wayback_bsnpr_players,https://web.archive.org/web/20071026020435id_/http://www.bsnpr.com:80/jugadores/jugador.asp?id=905&e=12,2026-09-08T14:35:26Z
906,"Ruiz, Hiram","ruiz, hiram",Ruiz,Hiram,,,,,,,,,,no,single-source,wayback_bsnpr_players,https://web.archive.org/web/20070417033701id_/http://www.bsnpr.com:80/estadisticas/enciclopedia.asp,2026-09-08T14:22:06Z
907,"Ortiz, Hiram f.","ortiz, hiram f",Ortiz,Hiram f.,,9/27/1947,1947,,,,,,,no,single-source,wayback_bsnpr_players,https://web.archive.org/web/20200601011615id_/https://www.bsnpr.com/estadisticas/enciclopedia.asp,2026-09-08T14:25:42Z
908,"Fantauzzi Morales, Hiram rafael","fantauzzi morales, hiram rafael",Fantauzzi Morales,Hiram rafael,,,,,,,,,,no,single-source,wayback_bsnpr_players,https://web.archive.org/web/20070417033701id_/http://www.bsnpr.com:80/estadisticas/enciclopedia.asp,2026-09-08T14:22:06Z
909,"Alfaro, Estadísticas Jugador","alfaro, estadisticas jugador",Alfaro,Estadísticas Jugador,,,,nan,nan,No se sabe,1959,1960,2,yes,single-source,wayback_bsnpr_players,https://web.archive.org/web/20070829035249id_/http://www.bsnpr.com:80/jugadores/jugador.asp?id=909&e=,2026-09-08T14:35:28Z
910,"Alomar Melero, Estadísticas Jugador","alomar melero, estadisticas jugador",Alomar Melero,Estadísticas Jugador,,1/24/1982,1982,"Ponce, Puerto Rico",Puerto Rico,Alero,2002,2007,3,yes,single-source,wayback_bsnpr_players,https://web.archive.org/web/20080411054913id_/http://www.bsnpr.com:80/jugadores/jugador.asp?id=910&e=,2026-09-08T14:35:30Z
911,"Soto Ayala, Hugo","soto ayala, hugo",Soto Ayala,Hugo,,7/3/1973,1973,,,,,,,no,single-source,wayback_bsnpr_players,https://web.archive.org/web/20200601011615id_/https://www.bsnpr.com/estadisticas/enciclopedia.asp,2026-09-08T14:25:42Z
912,"Cabrera Lora, Hugo Rafael","cabrera lora, hugo rafael",Cabrera Lora,Hugo Rafael,,10/23/1953,1953,,,,,,,no,single-source,wayback_bsnpr_players,https://web.archive.org/web/20200601011615id_/https://www.bsnpr.com/estadisticas/enciclopedia.asp,2026-09-08T14:25:42Z
913,"Torres, Humberto","torres, humberto",Torres,Humberto,,,,,,,,,,no,single-source,wayback_bsnpr_players,https://web.archive.org/web/20070417033701id_/http://www.bsnpr.com:80/estadisticas/enciclopedia.asp,2026-09-08T14:22:06Z
914,"Lockhart Collie, Ian","lockhart collie, ian",Lockhart Collie,Ian,,6/25/1967,1967,"Nassau, Bahamas",Bahamas,Delantero/Centro,1990,2011,15,yes,single-source,wayback_bsnpr_players,https://web.archive.org/web/20180830005417id_/https://bsnpr.com/jugadores/jugador.asp?id=914&e=6,2026-09-08T14:35:32Z
915,"Muratti, Ibrahim","muratti, ibrahim",Muratti,Ibrahim,,,,,,,,,,no,single-source,wayback_bsnpr_players,https://web.archive.org/web/20070417033701id_/http://www.bsnpr.com:80/estadisticas/enciclopedia.asp,2026-09-08T14:22:06Z
916,"Perez, Ibrahim","perez, ibrahim",Perez,Ibrahim,,,,,,,,,,no,single-source,wayback_bsnpr_players,https://web.archive.org/web/20070417033701id_/http://www.bsnpr.com:80/estadisticas/enciclopedia.asp,2026-09-08T14:22:06Z
917,"Rodriguez Archilla, Ignacio valentino","rodriguez archilla, ignacio valentino",Rodriguez Archilla,Ignacio valentino,,2/14/1962,1962,,,,,,,no,single-source,wayback_bsnpr_players,https://web.archive.org/web/20200601011615id_/https://www.bsnpr.com/estadisticas/enciclopedia.asp,2026-09-08T14:25:42Z
918,"Valentin, Igwe","valentin, igwe",Valentin,Igwe,,,,,,,,,,no,single-source,wayback_bsnpr_players,https://web.archive.org/web/20070417033701id_/http://www.bsnpr.com:80/estadisticas/enciclopedia.asp,2026-09-08T14:22:06Z
919,"Nwankwo, Estadísticas Jugador","nwankwo, estadisticas jugador",Nwankwo,Estadísticas Jugador,,,,nan,nan,No se sabe,1998,2000,3,yes,single-source,wayback_bsnpr_players,https://web.archive.org/web/20070828225232id_/http://www.bsnpr.com:80/jugadores/jugador.asp?id=919&e=,2026-09-08T14:35:33Z
920,"Miller Muriel, Estadísticas Jugador","miller muriel, estadisticas jugador",Miller Muriel,Estadísticas Jugador,,6/14/1977,1977,"Queens, New York",New York,Escolta/Alero,1995,2005,9,yes,single-source,wayback_bsnpr_players,https://web.archive.org/web/20080417000104id_/http://www.bsnpr.com:80/jugadores/jugador.asp?id=920&e=,2026-09-08T14:35:35Z
921,"Newble, Ira","newble, ira",Newble,Ira,,,,,,,,,,no,single-source,wayback_bsnpr_players,https://web.archive.org/web/20070417033701id_/http://www.bsnpr.com:80/estadisticas/enciclopedia.asp,2026-09-08T14:22:06Z
922,"Barea Rosa, Irving","barea rosa, irving",Barea Rosa,Irving,,11/3/1973,1973,,,,,,,no,single-source,wayback_bsnpr_players,https://web.archive.org/web/20200601011615id_/https://www.bsnpr.com/estadisticas/enciclopedia.asp,2026-09-08T14:25:42Z
923,"Domenech, Irving","domenech, irving",Domenech,Irving,,,,,,,,,,no,single-source,wayback_bsnpr_players,https://web.archive.org/web/20070417033701id_/http://www.bsnpr.com:80/estadisticas/enciclopedia.asp,2026-09-08T14:22:06Z
924,"Mccother, Irving","mccother, irving",Mccother,Irving,,,,,,,,,,no,single-source,wayback_bsnpr_players,https://web.archive.org/web/20070417033701id_/http://www.bsnpr.com:80/estadisticas/enciclopedia.asp,2026-09-08T14:22:06Z
925,"Miller Muriel, Isaac","miller muriel, isaac",Miller Muriel,Isaac,,,,,,,,,,no,single-source,wayback_bsnpr_players,https://web.archive.org/web/20070417033701id_/http://www.bsnpr.com:80/estadisticas/enciclopedia.asp,2026-09-08T14:22:06Z
926,"Miller Muriel, Isaac","miller muriel, isaac",Miller Muriel,Isaac,,,,,,,,,,no,single-source,wayback_bsnpr_players,https://web.archive.org/web/20070417033701id_/http://www.bsnpr.com:80/estadisticas/enciclopedia.asp,2026-09-08T14:22:06Z
927,"Santiago Latimer, Isabelo","santiago latimer, isabelo",Santiago Latimer,Isabelo,,10/9/1979,1979,,,,,,,no,single-source,wayback_bsnpr_players,https://web.archive.org/web/20200601011615id_/https://www.bsnpr.com/estadisticas/enciclopedia.asp,2026-09-08T14:25:42Z
928,"Morris, Isaiah","morris, isaiah",Morris,Isaiah,,,,,,,,,,no,single-source,wayback_bsnpr_players,https://web.archive.org/web/20070417033701id_/http://www.bsnpr.com:80/estadisticas/enciclopedia.asp,2026-09-08T14:22:06Z
929,"Linton Tirado, Isaias","linton tirado, isaias",Linton Tirado,Isaias,,,,,,,,,,no,single-source,wayback_bsnpr_players,https://web.archive.org/web/20070417033701id_/http://www.bsnpr.com:80/estadisticas/enciclopedia.asp,2026-09-08T14:22:06Z
930,"Anderson Pico, Ismael","anderson pico, ismael",Anderson Pico,Ismael,,11/25/1966,1966,,,,,,,no,single-source,wayback_bsnpr_players,https://web.archive.org/web/20200601011615id_/https://www.bsnpr.com/estadisticas/enciclopedia.asp,2026-09-08T14:25:42Z
931,"Betancourt, Ismael","betancourt, ismael",Betancourt,Ismael,,,,,,,,,,no,single-source,wayback_bsnpr_players,https://web.archive.org/web/20070417033701id_/http://www.bsnpr.com:80/estadisticas/enciclopedia.asp,2026-09-08T14:22:06Z
932,"Caro Beltran, Ismael","caro beltran, ismael",Caro Beltran,Ismael,,1/24/1982,1982,"Hartford, Conneticutt",Conneticutt,Armador,2002,2011,9,yes,single-source,wayback_bsnpr_players,https://web.archive.org/web/20110717025736id_/http://www.bsnpr.com:80/jugadores/jugador.asp?id=932&e=2,2026-09-08T14:35:37Z
933,"Crespo Vargas, Ismael","crespo vargas, ismael",Crespo Vargas,Ismael,,3/22/1965,1965,,,,,,,no,single-source,wayback_bsnpr_players,https://web.archive.org/web/20200601011615id_/https://www.bsnpr.com/estadisticas/enciclopedia.asp,2026-09-08T14:25:42Z
934,"Gelpi Tavales, Ismael","gelpi tavales, ismael",Gelpi Tavales,Ismael,,,,,,,,,,no,single-source,wayback_bsnpr_players,https://web.archive.org/web/20070417033701id_/http://www.bsnpr.com:80/estadisticas/enciclopedia.asp,2026-09-08T14:22:06Z
935,"Llanos Castro, Ismael","llanos castro, ismael",Llanos Castro,Ismael,,10/4/1960,1960,,,,,,,no,single-source,wayback_bsnpr_players,https://web.archive.org/web/20200601011615id_/https://www.bsnpr.com/estadisticas/enciclopedia.asp,2026-09-08T14:25:42Z
936,"Remus, Ismael","remus, ismael",Remus,Ismael,,,,,,,,,,no,single-source,wayback_bsnpr_players,https://web.archive.org/web/20070417033701id_/http://www.bsnpr.com:80/estadisticas/enciclopedia.asp,2026-09-08T14:22:06Z
937,"Rivera, Estadísticas Jugador","rivera, estadisticas jugador",Rivera,Estadísticas Jugador,,,,nan,nan,No se sabe,1960,1961,2,yes,single-source,wayback_bsnpr_players,https://web.archive.org/web/20070828225347id_/http://www.bsnpr.com:80/jugadores/jugador.asp?id=937&e=,2026-09-08T14:35:39Z
938,"Rosario Plazo, Ismael","rosario plazo, ismael",Rosario Plazo,Ismael,,3/26/1967,1967,,,,,,,no,single-source,wayback_bsnpr_players,https://web.archive.org/web/20200601011615id_/https://www.bsnpr.com/estadisticas/enciclopedia.asp,2026-09-08T14:25:42Z
939,"Rosas, Ismael","rosas, ismael",Rosas,Ismael,,,,,,,,,,no,single-source,wayback_bsnpr_players,https://web.archive.org/web/20070417033701id_/http://www.bsnpr.com:80/estadisticas/enciclopedia.asp,2026-09-08T14:22:06Z
940,"Verdejo Carrion, Ismael","verdejo carrion, ismael",Verdejo Carrion,Ismael,,9/13/1961,1961,,,,,,,no,single-source,wayback_bsnpr_players,https://web.archive.org/web/20200601011615id_/https://www.bsnpr.com/estadisticas/enciclopedia.asp,2026-09-08T14:25:42Z
941,"Figueroa Rodriguez, Israel","figueroa rodriguez, israel",Figueroa Rodriguez,Israel,,,,,,,,,,no,single-source,wayback_bsnpr_players,https://web.archive.org/web/20070417033701id_/http://www.bsnpr.com:80/estadisticas/enciclopedia.asp,2026-09-08T14:22:06Z
942,"Pizarro Andujar, Estadísticas Jugador","pizarro andujar, estadisticas jugador",Pizarro Andujar,Estadísticas Jugador,,3/20/1983,1983,"Rio Piedras, Puerto Rico",Puerto Rico,Escolta,2001,2007,3,yes,single-source,wayback_bsnpr_players,https://web.archive.org/web/20080410091526id_/http://www.bsnpr.com:80/jugadores/jugador.asp?id=942&e=,2026-09-08T14:35:41Z
943,"Rodriguez Hernandez, Israel","rodriguez hernandez, israel",Rodriguez Hernandez,Israel,,10/15/1981,1981,,,,,,,no,single-source,wayback_bsnpr_players,https://web.archive.org/web/20200601011615id_/https://www.bsnpr.com/estadisticas/enciclopedia.asp,2026-09-08T14:25:42Z
944,"Vargas Cortes, Estadísticas Jugador","vargas cortes, estadisticas jugador",Vargas Cortes,Estadísticas Jugador,,11/15/1965,1965,nan,nan,No se sabe,1984,1987,3,yes,single-source,wayback_bsnpr_players,https://web.archive.org/web/20070828230536id_/http://www.bsnpr.com:80/jugadores/jugador.asp?id=944&e=,2026-09-08T14:35:42Z
945,"Cruz Germosen, Estadísticas Jugador","cruz germosen, estadisticas jugador",Cruz Germosen,Estadísticas Jugador,,6/2/1970,1970,nan,nan,No se sabe,1991,1993,3,yes,single-source,wayback_bsnpr_players,https://web.archive.org/web/20070829035618id_/http://www.bsnpr.com:80/jugadores/jugador.asp?id=945&e=,2026-09-08T14:35:44Z
946,"Hourruitiner Ortiz, Estadísticas Jugador","hourruitiner ortiz, estadisticas jugador",Hourruitiner Ortiz,Estadísticas Jugador,,,,nan,nan,No se sabe,1995,1998,4,yes,single-source,wayback_bsnpr_players,https://web.archive.org/web/20070829040525id_/http://www.bsnpr.com:80/jugadores/jugador.asp?id=946&e=,2026-09-08T14:35:46Z
947,"Igartua, Ivan","igartua, ivan",Igartua,Ivan,,,,,,,,,,no,single-source,wayback_bsnpr_players,https://web.archive.org/web/20070417033701id_/http://www.bsnpr.com:80/estadisticas/enciclopedia.asp,2026-09-08T14:22:06Z
948,"Jirau, Ivan","jirau, ivan",Jirau,Ivan,,,,,,,,,,no,single-source,wayback_bsnpr_players,https://web.archive.org/web/20070417033701id_/http://www.bsnpr.com:80/estadisticas/enciclopedia.asp,2026-09-08T14:22:06Z
949,"Juarbe Martinez, Ivan","juarbe martinez, ivan",Juarbe Martinez,Ivan,,,,,,,,,,no,single-source,wayback_bsnpr_players,https://web.archive.org/web/20070417033701id_/http://www.bsnpr.com:80/estadisticas/enciclopedia.asp,2026-09-08T14:22:06Z
950,"Latimore Aponte, Ivan","latimore aponte, ivan",Latimore Aponte,Ivan,,,,,,,,,,no,single-source,wayback_bsnpr_players,https://web.archive.org/web/20070417033701id_/http://www.bsnpr.com:80/estadisticas/enciclopedia.asp,2026-09-08T14:22:06Z
951,"Lopez, Estadísticas Jugador","lopez, estadisticas jugador",Lopez,Estadísticas Jugador,,,,nan,nan,No se sabe,2002,2002,1,yes,single-source,wayback_bsnpr_players,https://web.archive.org/web/20070829041642id_/http://www.bsnpr.com:80/jugadores/jugador.asp?id=951&e=,2026-09-08T14:35:48Z
952,"Lopez Rodriguez, Ivan","lopez rodriguez, ivan",Lopez Rodriguez,Ivan,,5/16/1985,1985,"Aguadilla, Puerto Rico",Puerto Rico,Delantero,2002,2013,10,yes,single-source,wayback_bsnpr_players,https://web.archive.org/web/20130428001411id_/http://www.bsnpr.com:80/jugadores/jugador.asp?id=952&e=,2026-09-08T14:35:50Z
953,"Melendez Ramos, Ivan","melendez ramos, ivan",Melendez Ramos,Ivan,,3/30/1966,1966,,,,,,,no,single-source,wayback_bsnpr_players,https://web.archive.org/web/20200601011615id_/https://www.bsnpr.com/estadisticas/enciclopedia.asp,2026-09-08T14:25:42Z
954,"Nieves, Estadísticas Jugador","nieves, estadisticas jugador",Nieves,Estadísticas Jugador,,,,nan,nan,No se sabe,2000,2003,4,yes,single-source,wayback_bsnpr_players,https://web.archive.org/web/20070828224100id_/http://www.bsnpr.com:80/jugadores/jugador.asp?id=954&e=,2026-09-08T14:35:53Z
955,"Nieves Otero, Ivan","nieves otero, ivan",Nieves Otero,Ivan,,,,,,,,,,no,single-source,wayback_bsnpr_players,https://web.archive.org/web/20070417033701id_/http://www.bsnpr.com:80/estadisticas/enciclopedia.asp,2026-09-08T14:22:06Z
956,"Rivera Mirabal, Ivan","rivera mirabal, ivan",Rivera Mirabal,Ivan,,12/20/1955,1955,,,,,,,no,single-source,wayback_bsnpr_players,https://web.archive.org/web/20200601011615id_/https://www.bsnpr.com/estadisticas/enciclopedia.asp,2026-09-08T14:25:42Z
957,"Rodriguez Traverso, Estadísticas Jugador","rodriguez traverso, estadisticas jugador",Rodriguez Traverso,Estadísticas Jugador,,,,nan,nan,No se sabe,1993,1996,2,yes,single-source,wayback_bsnpr_players,https://web.archive.org/web/20070829041912id_/http://www.bsnpr.com:80/jugadores/jugador.asp?id=957&e=,2026-09-08T14:35:55Z
958,"Rosado, Ivan","rosado, ivan",Rosado,Ivan,,,,,,,,,,no,single-source,wayback_bsnpr_players,https://web.archive.org/web/20070417033701id_/http://www.bsnpr.com:80/estadisticas/enciclopedia.asp,2026-09-08T14:22:06Z
959,"Ruiz Ramos, Estadísticas Jugador","ruiz ramos, estadisticas jugador",Ruiz Ramos,Estadísticas Jugador,,6/25/1983,1983,"Quebradillas, Puerto Rico",Puerto Rico,Alero,2000,2009,6,yes,single-source,wayback_bsnpr_players,https://web.archive.org/web/20091206130018id_/http://www.bsnpr.com:80/jugadores/jugador.asp?id=959&e=,2026-09-08T14:35:57Z
960,"Vojic, Ivan","vojic, ivan",Vojic,Ivan,,,,,,,,,,no,single-source,wayback_bsnpr_players,https://web.archive.org/web/20070417033701id_/http://www.bsnpr.com:80/estadisticas/enciclopedia.asp,2026-09-08T14:22:06Z
961,"Garcia Saenz, Ivan m.","garcia saenz, ivan m",Garcia Saenz,Ivan m.,,,,,,,,,,no,single-source,wayback_bsnpr_players,https://web.archive.org/web/20070417033701id_/http://www.bsnpr.com:80/estadisticas/enciclopedia.asp,2026-09-08T14:22:06Z
962,"Newbill, Ivano Miguel","newbill, ivano miguel",Newbill,Ivano Miguel,,12/12/1970,1970,,,,,,,no,single-source,wayback_bsnpr_players,https://web.archive.org/web/20200601011615id_/https://www.bsnpr.com/estadisticas/enciclopedia.asp,2026-09-08T14:25:42Z
963,"Buchanan, Izett","buchanan, izett",Buchanan,Izett,,,,,,,,,,no,single-source,wayback_bsnpr_players,https://web.archive.org/web/20070417033701id_/http://www.bsnpr.com:80/estadisticas/enciclopedia.asp,2026-09-08T14:22:06Z
964,"Ruiz, J.r.","ruiz, jr",Ruiz,J.r.,,,,,,,,,,no,single-source,wayback_bsnpr_players,https://web.archive.org/web/20070417033701id_/http://www.bsnpr.com:80/estadisticas/enciclopedia.asp,2026-09-08T14:22:06Z
965,"Jones, Jabbar","jones, jabbar",Jones,Jabbar,,,,,,,,,,no,single-source,wayback_bsnpr_players,https://web.archive.org/web/20070417033701id_/http://www.bsnpr.com:80/estadisticas/enciclopedia.asp,2026-09-08T14:22:06Z
966,"De la cruz Oller, Jabes","de la cruz oller, jabes",De la cruz Oller,Jabes,,,,,,,,,,no,single-source,wayback_bsnpr_players,https://web.archive.org/web/20070417033701id_/http://www.bsnpr.com:80/estadisticas/enciclopedia.asp,2026-09-08T14:22:06Z
967,"Allison, Estadísticas Jugador","allison, estadisticas jugador",Allison,Estadísticas Jugador,,,,nan,nan,No se sabe,1966,1974,9,yes,single-source,wayback_bsnpr_players,https://web.archive.org/web/20070829041702id_/http://www.bsnpr.com:80/jugadores/jugador.asp?id=967&e=,2026-09-08T14:35:59Z
968,"Martinez Ramirez, Estadísticas Jugador","martinez ramirez, estadisticas jugador",Martinez Ramirez,Estadísticas Jugador,,10/12/1981,1981,"Santo Domingo, Rep. Dominicana",Rep. Dominicana,Delantero/Centro,2005,2008,2,yes,single-source,wayback_bsnpr_players,https://web.archive.org/web/20090110153816id_/http://www.bsnpr.com:80/jugadores/jugador.asp?id=968&e=,2026-09-08T14:36:00Z
969,"Allende, Jaime","allende, jaime",Allende,Jaime,,,,,,,,,,no,single-source,wayback_bsnpr_players,https://web.archive.org/web/20070417033701id_/http://www.bsnpr.com:80/estadisticas/enciclopedia.asp,2026-09-08T14:22:06Z
970,"Banuchi, Jaime","banuchi, jaime",Banuchi,Jaime,,,,,,,,,,no,single-source,wayback_bsnpr_players,https://web.archive.org/web/20070417033701id_/http://www.bsnpr.com:80/estadisticas/enciclopedia.asp,2026-09-08T14:22:06Z
971,"Caraballo Bardot, Jaime","caraballo bardot, jaime",Caraballo Bardot,Jaime,,11/22/1958,1958,,,,,,,no,single-source,wayback_bsnpr_players,https://web.archive.org/web/20200601011615id_/https://www.bsnpr.com/estadisticas/enciclopedia.asp,2026-09-08T14:25:42Z
972,"Flores Risso, Jaime","flores risso, jaime",Flores Risso,Jaime,,,,,,,,,,no,single-source,wayback_bsnpr_players,https://web.archive.org/web/20070417033701id_/http://www.bsnpr.com:80/estadisticas/enciclopedia.asp,2026-09-08T14:22:06Z
973,"Fortuño, Jaime","fortuno, jaime",Fortuño,Jaime,,,,,,,,,,no,single-source,wayback_bsnpr_players,https://web.archive.org/web/20070417033701id_/http://www.bsnpr.com:80/estadisticas/enciclopedia.asp,2026-09-08T14:22:06Z
974,"Frontera Colley, Jaime","frontera colley, jaime",Frontera Colley,Jaime,,11/30/1940,1940,,,,,,,no,single-source,wayback_bsnpr_players,https://web.archive.org/web/20200601011615id_/https://www.bsnpr.com/estadisticas/enciclopedia.asp,2026-09-08T14:25:42Z
975,"Germain, Jaime","germain, jaime",Germain,Jaime,,,,,,,,,,no,single-source,wayback_bsnpr_players,https://web.archive.org/web/20070417033701id_/http://www.bsnpr.com:80/estadisticas/enciclopedia.asp,2026-09-08T14:22:06Z
976,"Lynn, Jaime","lynn, jaime",Lynn,Jaime,,,,,,,,,,no,single-source,wayback_bsnpr_players,https://web.archive.org/web/20070417033701id_/http://www.bsnpr.com:80/estadisticas/enciclopedia.asp,2026-09-08T14:22:06Z
977,"Miranda, Jaime","miranda, jaime",Miranda,Jaime,,,,,,,,,,no,single-source,wayback_bsnpr_players,https://web.archive.org/web/20070417033701id_/http://www.bsnpr.com:80/estadisticas/enciclopedia.asp,2026-09-08T14:22:06Z
978,"Pesquera, Jaime","pesquera, jaime",Pesquera,Jaime,,,,,,,,,,no,single-source,wayback_bsnpr_players,https://web.archive.org/web/20070417033701id_/http://www.bsnpr.com:80/estadisticas/enciclopedia.asp,2026-09-08T14:22:06Z
979,"Peterson, Jaime","peterson, jaime",Peterson,Jaime,,,,,,,,,,no,single-source,wayback_bsnpr_players,https://web.archive.org/web/20070417033701id_/http://www.bsnpr.com:80/estadisticas/enciclopedia.asp,2026-09-08T14:22:06Z
980,"Rivera Hance, Jaime","rivera hance, jaime",Rivera Hance,Jaime,,1/23/1948,1948,,,,,,,no,single-source,wayback_bsnpr_players,https://web.archive.org/web/20200601011615id_/https://www.bsnpr.com/estadisticas/enciclopedia.asp,2026-09-08T14:25:42Z
981,"Rosario, Jaime","rosario, jaime",Rosario,Jaime,,,,,,,,,,no,single-source,wayback_bsnpr_players,https://web.archive.org/web/20070417033701id_/http://www.bsnpr.com:80/estadisticas/enciclopedia.asp,2026-09-08T14:22:06Z
982,"Sosa, Jaime","sosa, jaime",Sosa,Jaime,,,,,,,,,,no,single-source,wayback_bsnpr_players,https://web.archive.org/web/20070417033701id_/http://www.bsnpr.com:80/estadisticas/enciclopedia.asp,2026-09-08T14:22:06Z
983,"Rodriguez Maldonado, Jaime a.","rodriguez maldonado, jaime a",Rodriguez Maldonado,Jaime a.,,,,,,,,,,no,single-source,wayback_bsnpr_players,https://web.archive.org/web/20070417033701id_/http://www.bsnpr.com:80/estadisticas/enciclopedia.asp,2026-09-08T14:22:06Z
984,"Alvarez Swihart, Jaime e.","alvarez swihart, jaime e",Alvarez Swihart,Jaime e.,,4/12/1955,1955,,,,,,,no,single-source,wayback_bsnpr_players,https://web.archive.org/web/20200601011615id_/https://www.bsnpr.com/estadisticas/enciclopedia.asp,2026-09-08T14:25:42Z
985,"Richards Boulware, Estadísticas Jugador","richards boulware, estadisticas jugador",Richards Boulware,Estadísticas Jugador,,11/19/1974,1974,Islas Vírgenes,Islas Vírgenes,Centro,1999,2008,8,yes,single-source,wayback_bsnpr_players,https://web.archive.org/web/20090110024201id_/http://www.bsnpr.com:80/jugadores/jugador.asp?id=985&e=,2026-09-08T14:36:02Z
986,"Heywood Thomas, Estadísticas Jugador","heywood thomas, estadisticas jugador",Heywood Thomas,Estadísticas Jugador,,3/19/1977,1977,"St. Thomas, Islas Virgenes",Islas Virgenes,Delantero,2002,2008,5,yes,single-source,wayback_bsnpr_players,https://web.archive.org/web/20090110115043id_/http://www.bsnpr.com:80/jugadores/jugador.asp?id=986&e=,2026-09-08T14:36:04Z
987,"Watkins, Estadísticas Jugador","watkins, estadisticas jugador",Watkins,Estadísticas Jugador,,8/22/1977,1977,"Brooklyn, NY",NY,Centro,2002,2009,2,yes,single-source,wayback_bsnpr_players,https://web.archive.org/web/20090704012001id_/http://www.bsnpr.com:80/jugadores/jugador.asp?id=987&e=1,2026-09-08T14:36:06Z
988,"Thompson Walker, Jamel","thompson walker, jamel",Thompson Walker,Jamel,,,,,,,,,,no,single-source,wayback_bsnpr_players,https://web.archive.org/web/20070417033701id_/http://www.bsnpr.com:80/estadisticas/enciclopedia.asp,2026-09-08T14:22:06Z
989,"Carter Gaudino, Estadísticas Jugador","carter gaudino, estadisticas jugador",Carter Gaudino,Estadísticas Jugador,,3/27/1964,1964,"New York City, New York",New York,No se sabe,1987,2006,20,yes,single-source,wayback_bsnpr_players,https://web.archive.org/web/20070825200128id_/http://www.bsnpr.com:80/jugadores/jugador.asp?id=989&e=,2026-09-08T14:36:10Z
990,"Cepeda Martinez, James","cepeda martinez, james",Cepeda Martinez,James,,3/25/1971,1971,,,,,,,no,single-source,wayback_bsnpr_players,https://web.archive.org/web/20200601011615id_/https://www.bsnpr.com/estadisticas/enciclopedia.asp,2026-09-08T14:25:42Z
991,"Moore Soto, James","moore soto, james",Moore Soto,James,,,,,,,,,,no,single-source,wayback_bsnpr_players,https://web.archive.org/web/20070417033701id_/http://www.bsnpr.com:80/estadisticas/enciclopedia.asp,2026-09-08T14:22:06Z
992,"Scott, James","scott, james",Scott,James,,,,,,,,,,no,single-source,wayback_bsnpr_players,https://web.archive.org/web/20070417033701id_/http://www.bsnpr.com:80/estadisticas/enciclopedia.asp,2026-09-08T14:22:06Z
993,"Thordsen Lasvitt, James","thordsen lasvitt, james",Thordsen Lasvitt,James,,7/26/1948,1948,,,,,,,no,single-source,wayback_bsnpr_players,https://web.archive.org/web/20200601011615id_/https://www.bsnpr.com/estadisticas/enciclopedia.asp,2026-09-08T14:25:42Z
994,"Arbona Plarinos, James","arbona plarinos, james",Arbona Plarinos,James,jimmy,7/20/1963,1963,,,,,,,no,single-source,wayback_bsnpr_players,https://web.archive.org/web/20200601011615id_/https://www.bsnpr.com/estadisticas/enciclopedia.asp,2026-09-08T14:25:42Z
995,"Gee, Jarrod","gee, jarrod",Gee,Jarrod,,,,,,,,,,no,single-source,wayback_bsnpr_players,https://web.archive.org/web/20070417033701id_/http://www.bsnpr.com:80/estadisticas/enciclopedia.asp,2026-09-08T14:22:06Z
996,"Forrestal, Estadísticas Jugador","forrestal, estadisticas jugador",Forrestal,Estadísticas Jugador,,,,nan,nan,No se sabe,2002,2002,1,yes,single-source,wayback_bsnpr_players,https://web.archive.org/web/20070828225211id_/http://www.bsnpr.com:80/jugadores/jugador.asp?id=996&e=,2026-09-08T14:36:11Z
997,"Hernandez Hahn, Jason","hernandez hahn, jason",Hernandez Hahn,Jason,,,,,,,,,,no,single-source,wayback_bsnpr_players,https://web.archive.org/web/20070417033701id_/http://www.bsnpr.com:80/estadisticas/enciclopedia.asp,2026-09-08T14:22:06Z
998,"Keep, Estadísticas Jugador","keep, estadisticas jugador",Keep,Estadísticas Jugador,,5/9/1978,1978,"Moscow, Idaho",Idaho,No se sabe,2006,2006,1,yes,single-source,wayback_bsnpr_players,https://web.archive.org/web/20070829041533id_/http://www.bsnpr.com:80/jugadores/jugador.asp?id=998&e=,2026-09-08T14:36:13Z
999,"Osborne, Jason","osborne, jason",Osborne,Jason,,,,,,,,,,no,single-source,wayback_bsnpr_players,https://web.archive.org/web/20070417033701id_/http://www.bsnpr.com:80/estadisticas/enciclopedia.asp,2026-09-08T14:22:06Z
1000,"Pimentel Verlado, Estadísticas Jugador","pimentel verlado, estadisticas jugador",Pimentel Verlado,Estadísticas Jugador,,12/20/1968,1968,nan,nan,No se sabe,1988,1993,6,yes,single-source,wayback_bsnpr_players,https://web.archive.org/web/20070828224712id_/http://www.bsnpr.com:80/jugadores/jugador.asp?id=1000&e=,2026-09-08T14:36:15Z
1001,"Sanders Cancel, Estadísticas Jugador","sanders cancel, estadisticas jugador",Sanders Cancel,Estadísticas Jugador,,,,nan,nan,No se sabe,1999,1999,1,yes,single-source,wayback_bsnpr_players,https://web.archive.org/web/20070829041544id_/http://www.bsnpr.com:80/jugadores/jugador.asp?id=1001&e=,2026-09-08T14:36:17Z
1002,"Gonzalez Sanchez, Jason j.","gonzalez sanchez, jason j",Gonzalez Sanchez,Jason j.,,11/18/1970,1970,,,,,,,no,single-source,wayback_bsnpr_players,https://web.archive.org/web/20200601011615id_/https://www.bsnpr.com/estadisticas/enciclopedia.asp,2026-09-08T14:25:42Z
1003,"Alvarez, Javid","alvarez, javid",Alvarez,Javid,,,,,,,,,,no,single-source,wayback_bsnpr_players,https://web.archive.org/web/20070417033701id_/http://www.bsnpr.com:80/estadisticas/enciclopedia.asp,2026-09-08T14:22:06Z
1004,"Ayala Pimentel, Estadísticas Jugador","ayala pimentel, estadisticas jugador",Ayala Pimentel,Estadísticas Jugador,,6/17/1967,1967,nan,nan,No se sabe,1985,1999,15,yes,single-source,wayback_bsnpr_players,https://web.archive.org/web/20070828223534id_/http://www.bsnpr.com:80/jugadores/jugador.asp?id=1004&e=,2026-09-08T14:36:19Z
1005,"Crespo Vargas, Javier","crespo vargas, javier",Crespo Vargas,Javier,,12/20/1966,1966,,,,,,,no,single-source,wayback_bsnpr_players,https://web.archive.org/web/20200601011615id_/https://www.bsnpr.com/estadisticas/enciclopedia.asp,2026-09-08T14:25:42Z
1006,"Gonzalez Otero, Javier","gonzalez otero, javier",Gonzalez Otero,Javier,,,,,,,,,,no,single-source,wayback_bsnpr_players,https://web.archive.org/web/20070417033701id_/http://www.bsnpr.com:80/estadisticas/enciclopedia.asp,2026-09-08T14:22:06Z
1007,"Hernandez Morales, Javier","hernandez morales, javier",Hernandez Morales,Javier,,7/17/1968,1968,,,,,,,no,single-source,wayback_bsnpr_players,https://web.archive.org/web/20200601011615id_/https://www.bsnpr.com/estadisticas/enciclopedia.asp,2026-09-08T14:25:42Z
1008,"Leon Cruz, Javier","leon cruz, javier",Leon Cruz,Javier,,12/20/1965,1965,,,,,,,no,single-source,wayback_bsnpr_players,https://web.archive.org/web/20200601011615id_/https://www.bsnpr.com/estadisticas/enciclopedia.asp,2026-09-08T14:25:42Z
1009,"Rodriguez Ortiz, Javier","rodriguez ortiz, javier",Rodriguez Ortiz,Javier,,6/2/1982,1982,,,,,,,no,single-source,wayback_bsnpr_players,https://web.archive.org/web/20200601011615id_/https://www.bsnpr.com/estadisticas/enciclopedia.asp,2026-09-08T14:25:42Z
1010,"Rolon, Javier","rolon, javier",Rolon,Javier,,,,,,,,,,no,single-source,wayback_bsnpr_players,https://web.archive.org/web/20070417033701id_/http://www.bsnpr.com:80/estadisticas/enciclopedia.asp,2026-09-08T14:22:06Z
1011,"Colon Rodriguez, Javier Antonio","colon rodriguez, javier antonio",Colon Rodriguez,Javier Antonio,Toñito,6/4/1969,1969,"Ponce, Puerto Rico",Puerto Rico,Armador,1987,2008,21,yes,single-source,wayback_bsnpr_players,https://web.archive.org/web/20190210044842id_/https://www.bsnpr.com/jugadores/jugador.asp?id=1011&e,2026-09-08T14:36:21Z
1012,"Negron Rivas, Javier e.","negron rivas, javier e",Negron Rivas,Javier e.,,5/28/1957,1957,,,,,,,no,single-source,wayback_bsnpr_players,https://web.archive.org/web/20200601011615id_/https://www.bsnpr.com/estadisticas/enciclopedia.asp,2026-09-08T14:25:42Z
1013,"Torres Millan, Javier emilio","torres millan, javier emilio",Torres Millan,Javier emilio,,8/28/1970,1970,,,,,,,no,single-source,wayback_bsnpr_players,https://web.archive.org/web/20200601011615id_/https://www.bsnpr.com/estadisticas/enciclopedia.asp,2026-09-08T14:25:42Z
1014,"Villeta Trigo, Javier g.","villeta trigo, javier g",Villeta Trigo,Javier g.,,10/30/1958,1958,nan,nan,No se sabe,1976,1981,6,yes,single-source,wayback_bsnpr_players,https://web.archive.org/web/20171029065309id_/http://www.bsnpr.com/jugadores/jugador.asp?id=1014,2026-09-08T14:36:23Z
1015,"Oldham, Jawann","oldham, jawann",Oldham,Jawann,,,,,,,,,,no,single-source,wayback_bsnpr_players,https://web.archive.org/web/20070417033701id_/http://www.bsnpr.com:80/estadisticas/enciclopedia.asp,2026-09-08T14:22:06Z
1016,"Goodman, Jay","goodman, jay",Goodman,Jay,,,,,,,,,,no,single-source,wayback_bsnpr_players,https://web.archive.org/web/20070417033701id_/http://www.bsnpr.com:80/estadisticas/enciclopedia.asp,2026-09-08T14:22:06Z
1017,"Morgan, Jayson","morgan, jayson",Morgan,Jayson,,,,,,,,,,no,single-source,wayback_bsnpr_players,https://web.archive.org/web/20070417033701id_/http://www.bsnpr.com:80/estadisticas/enciclopedia.asp,2026-09-08T14:22:06Z
1018,"Gelpi Diaz, Jean","gelpi diaz, jean",Gelpi Diaz,Jean,,,,,,,,,,no,single-source,wayback_bsnpr_players,https://web.archive.org/web/20070417033701id_/http://www.bsnpr.com:80/estadisticas/enciclopedia.asp,2026-09-08T14:22:06Z
1019,"Morales Domenech, Estadísticas Jugador","morales domenech, estadisticas jugador",Morales Domenech,Estadísticas Jugador,,3/9/1987,1987,"Bayamón, Puerto Rico",Puerto Rico,Delantero/Centro,2006,2009,4,yes,single-source,wayback_bsnpr_players,https://web.archive.org/web/20091209191247id_/http://www.bsnpr.com:80/jugadores/jugador.asp?id=1019&e=,2026-09-08T14:36:25Z
1020,"Stern, Jeff","stern, jeff",Stern,Jeff,,,,,,,,,,no,single-source,wayback_bsnpr_players,https://web.archive.org/web/20070417033701id_/http://www.bsnpr.com:80/estadisticas/enciclopedia.asp,2026-09-08T14:22:06Z
1021,"Burgos Gonzalez, Jeffrey","burgos gonzalez, jeffrey",Burgos Gonzalez,Jeffrey,,3/13/1954,1954,,,,,,,no,single-source,wayback_bsnpr_players,https://web.archive.org/web/20200601011615id_/https://www.bsnpr.com/estadisticas/enciclopedia.asp,2026-09-08T14:25:42Z
1022,"Cabrera Sowhowse, Jeffrey","cabrera sowhowse, jeffrey",Cabrera Sowhowse,Jeffrey,,5/9/1968,1968,,,,,,,no,single-source,wayback_bsnpr_players,https://web.archive.org/web/20200601011615id_/https://www.bsnpr.com/estadisticas/enciclopedia.asp,2026-09-08T14:25:42Z
1023,"Carrion, Jeffrey","carrion, jeffrey",Carrion,Jeffrey,,2/4/1960,1960,nan,nan,No se sabe,1977,1991,14,yes,single-source,wayback_bsnpr_players,https://web.archive.org/web/20171030093710id_/http://www.bsnpr.com/jugadores/jugador.asp?id=1023,2026-09-08T14:36:27Z
1024,"Rivera, Jeffrey","rivera, jeffrey",Rivera,Jeffrey,,,,,,,,,,no,single-source,wayback_bsnpr_players,https://web.archive.org/web/20070417033701id_/http://www.bsnpr.com:80/estadisticas/enciclopedia.asp,2026-09-08T14:22:06Z
1025,"Aubry Flores, Jeffrion","aubry flores, jeffrion",Aubry Flores,Jeffrion,jefrey,6/29/1977,1977,"Queens, New York",New York,Centro,1998,2013,15,yes,single-source,wayback_bsnpr_players,https://web.archive.org/web/20140122195610id_/http://www.bsnpr.com:80/jugadores/jugador.asp?id=1025&e=,2026-09-08T14:36:29Z
1026,"Akles, Jenkins","akles, jenkins",Akles,Jenkins,,7/4/1967,1967,,,,,,,no,single-source,wayback_bsnpr_players,https://web.archive.org/web/20200601011615id_/https://www.bsnpr.com/estadisticas/enciclopedia.asp,2026-09-08T14:25:42Z
1027,"Honeycutt, Jerald","honeycutt, jerald",Honeycutt,Jerald,,,,,,,,,,no,single-source,wayback_bsnpr_players,https://web.archive.org/web/20070417033701id_/http://www.bsnpr.com:80/estadisticas/enciclopedia.asp,2026-09-08T14:22:06Z
1028,"Adams, Jeremiah","adams, jeremiah",Adams,Jeremiah,,,,,,,,,,no,single-source,wayback_bsnpr_players,https://web.archive.org/web/20070417033701id_/http://www.bsnpr.com:80/estadisticas/enciclopedia.asp,2026-09-08T14:22:06Z
1029,"Walker, Jeremiah","walker, jeremiah",Walker,Jeremiah,,,,,,,,,,no,single-source,wayback_bsnpr_players,https://web.archive.org/web/20070417033701id_/http://www.bsnpr.com:80/estadisticas/enciclopedia.asp,2026-09-08T14:22:06Z
1030,"Turner, Jermaine","turner, jermaine",Turner,Jermaine,,,,nan,nan,No se sabe,2000,2000,1,yes,single-source,wayback_bsnpr_players,https://web.archive.org/web/20180108175320id_/http://www.bsnpr.com/jugadores/jugador.asp?id=1030&e,2026-09-08T14:36:31Z
1031,"Henderson Lidas, Jerome","henderson lidas, jerome",Henderson Lidas,Jerome,,,,,,,,,,no,single-source,wayback_bsnpr_players,https://web.archive.org/web/20070417033701id_/http://www.bsnpr.com:80/estadisticas/enciclopedia.asp,2026-09-08T14:22:06Z
1032,"Mincy Clark, Jerome Alfred","mincy clark, jerome alfred",Mincy Clark,Jerome Alfred,,10/10/1964,1964,"Aguadilla, Puerto Rico",Puerto Rico,Delantero,1982,2003,22,yes,single-source,wayback_bsnpr_players,https://web.archive.org/web/20180817125525id_/https://www.bsnpr.com/jugadores/jugador.asp?id=1032&e,2026-09-08T14:36:33Z
1033,"Reynold, Jerry","reynold, jerry",Reynold,Jerry,,,,,,,,,,no,single-source,wayback_bsnpr_players,https://web.archive.org/web/20070417033701id_/http://www.bsnpr.com:80/estadisticas/enciclopedia.asp,2026-09-08T14:22:06Z
1034,"Gonzalez, Jesus","gonzalez, jesus",Gonzalez,Jesus,,,,,,,,,,no,single-source,wayback_bsnpr_players,https://web.archive.org/web/20070417033701id_/http://www.bsnpr.com:80/estadisticas/enciclopedia.asp,2026-09-08T14:22:06Z
1035,"Martinez, Jesus","martinez, jesus",Martinez,Jesus,,,,,,,,,,no,single-source,wayback_bsnpr_players,https://web.archive.org/web/20070417033701id_/http://www.bsnpr.com:80/estadisticas/enciclopedia.asp,2026-09-08T14:22:06Z
1036,"Montalvo, Jesus","montalvo, jesus",Montalvo,Jesus,,,,,,,,,,no,single-source,wayback_bsnpr_players,https://web.archive.org/web/20070417033701id_/http://www.bsnpr.com:80/estadisticas/enciclopedia.asp,2026-09-08T14:22:06Z
1037,"Rivera, Jesus","rivera, jesus",Rivera,Jesus,,,,,,,,,,no,single-source,wayback_bsnpr_players,https://web.archive.org/web/20070417033701id_/http://www.bsnpr.com:80/estadisticas/enciclopedia.asp,2026-09-08T14:22:06Z
1038,"Rivera Cruz, Jesus","rivera cruz, jesus",Rivera Cruz,Jesus,,4/26/1958,1958,,,,,,,no,single-source,wayback_bsnpr_players,https://web.archive.org/web/20200601011615id_/https://www.bsnpr.com/estadisticas/enciclopedia.asp,2026-09-08T14:25:42Z
1039,"Rodriguez Gonzalez, Jesus","rodriguez gonzalez, jesus",Rodriguez Gonzalez,Jesus,,,,,,,,,,no,single-source,wayback_bsnpr_players,https://web.archive.org/web/20070417033701id_/http://www.bsnpr.com:80/estadisticas/enciclopedia.asp,2026-09-08T14:22:06Z
1040,"Sanchez, Jesus","sanchez, jesus",Sanchez,Jesus,,,,,,,,,,no,single-source,wayback_bsnpr_players,https://web.archive.org/web/20070417033701id_/http://www.bsnpr.com:80/estadisticas/enciclopedia.asp,2026-09-08T14:22:06Z
1041,"Verdejo, Jesus","verdejo, jesus",Verdejo,Jesus,,10/28/1985,1985,"Carolina, Puerto Rico",Puerto Rico,Escolta,2001,2013,5,yes,single-source,wayback_bsnpr_players,https://web.archive.org/web/20140122195615id_/http://www.bsnpr.com:80/jugadores/jugador.asp?id=1041&e=,2026-09-08T14:36:35Z
1042,"Sanchez Ramirez, Jesus a.","sanchez ramirez, jesus a",Sanchez Ramirez,Jesus a.,,1/11/1959,1959,,,,,,,no,single-source,wayback_bsnpr_players,https://web.archive.org/web/20200601011615id_/https://www.bsnpr.com/estadisticas/enciclopedia.asp,2026-09-08T14:25:42Z
1043,"Ruiz Jimenez, Jesus m.","ruiz jimenez, jesus m",Ruiz Jimenez,Jesus m.,,3/22/1958,1958,,,,,,,no,single-source,wayback_bsnpr_players,https://web.archive.org/web/20200601011615id_/https://www.bsnpr.com/estadisticas/enciclopedia.asp,2026-09-08T14:25:42Z
1044,"Hernandez, Jesus r.","hernandez, jesus r",Hernandez,Jesus r.,,,,,,,,,,no,single-source,wayback_bsnpr_players,https://web.archive.org/web/20070417033701id_/http://www.bsnpr.com:80/estadisticas/enciclopedia.asp,2026-09-08T14:22:06Z
1045,"Acosta Vitali, Jeyson","acosta vitali, jeyson",Acosta Vitali,Jeyson,,,,,,,,,,no,single-source,wayback_bsnpr_players,https://web.archive.org/web/20070417033701id_/http://www.bsnpr.com:80/estadisticas/enciclopedia.asp,2026-09-08T14:22:06Z
1046,"Maldonado Chabot, Jim","maldonado chabot, jim",Maldonado Chabot,Jim,,3/18/1960,1960,,,,,,,no,single-source,wayback_bsnpr_players,https://web.archive.org/web/20200601011615id_/https://www.bsnpr.com/estadisticas/enciclopedia.asp,2026-09-08T14:25:42Z
1047,"Texidor Saldaña, Jim","texidor saldana, jim",Texidor Saldaña,Jim,,9/19/1969,1969,,,,,,,no,single-source,wayback_bsnpr_players,https://web.archive.org/web/20200601011615id_/https://www.bsnpr.com/estadisticas/enciclopedia.asp,2026-09-08T14:25:42Z
1048,"Ferrer Fernandez, Jimmy","ferrer fernandez, jimmy",Ferrer Fernandez,Jimmy,,4/18/1966,1966,,,,,,,no,single-source,wayback_bsnpr_players,https://web.archive.org/web/20200601011615id_/https://www.bsnpr.com/estadisticas/enciclopedia.asp,2026-09-08T14:25:42Z
1049,"Soto, Jimmy","soto, jimmy",Soto,Jimmy,,,,,,,,,,no,single-source,wayback_bsnpr_players,https://web.archive.org/web/20070417033701id_/http://www.bsnpr.com:80/estadisticas/enciclopedia.asp,2026-09-08T14:22:06Z
1050,"Escobar, Joan miguel","escobar, joan miguel",Escobar,Joan miguel,,,,,,,,,,no,single-source,wayback_bsnpr_players,https://web.archive.org/web/20070417033701id_/http://www.bsnpr.com:80/estadisticas/enciclopedia.asp,2026-09-08T14:22:06Z
1051,"Vianna Darocho, Joao Jose","vianna darocho, joao jose",Vianna Darocho,Joao Jose,pipoca,11/15/1963,1963,,,,,,,no,single-source,wayback_bsnpr_players,https://web.archive.org/web/20200601011615id_/https://www.bsnpr.com/estadisticas/enciclopedia.asp,2026-09-08T14:25:42Z
1052,"Cordero, Joaquin","cordero, joaquin",Cordero,Joaquin,,,,,,,,,,no,single-source,wayback_bsnpr_players,https://web.archive.org/web/20070417033701id_/http://www.bsnpr.com:80/estadisticas/enciclopedia.asp,2026-09-08T14:22:06Z
1053,"Monserrate, Joaquin","monserrate, joaquin",Monserrate,Joaquin,,,,,,,,,,no,single-source,wayback_bsnpr_players,https://web.archive.org/web/20070417033701id_/http://www.bsnpr.com:80/estadisticas/enciclopedia.asp,2026-09-08T14:22:06Z
1054,"Porrata Vazquez, Joaquin","porrata vazquez, joaquin",Porrata Vazquez,Joaquin,,,,,,,,,,no,single-source,wayback_bsnpr_players,https://web.archive.org/web/20070417033701id_/http://www.bsnpr.com:80/estadisticas/enciclopedia.asp,2026-09-08T14:22:06Z
1055,"Villeta, Joaquin","villeta, joaquin",Villeta,Joaquin,,,,,,,,,,no,single-source,wayback_bsnpr_players,https://web.archive.org/web/20070417033701id_/http://www.bsnpr.com:80/estadisticas/enciclopedia.asp,2026-09-08T14:22:06Z
1056,"Hatton Gotay, Joe","hatton gotay, joe",Hatton Gotay,Joe,,5/17/1948,1948,,,,,,,no,single-source,wayback_bsnpr_players,https://web.archive.org/web/20200601011615id_/https://www.bsnpr.com/estadisticas/enciclopedia.asp,2026-09-08T14:25:42Z
1057,"Montalvo, Joe","montalvo, joe",Montalvo,Joe,,,,,,,,,,no,single-source,wayback_bsnpr_players,https://web.archive.org/web/20070417033701id_/http://www.bsnpr.com:80/estadisticas/enciclopedia.asp,2026-09-08T14:22:06Z
1058,"Ray, Joe","ray, joe",Ray,Joe,,,,,,,,,,no,single-source,wayback_bsnpr_players,https://web.archive.org/web/20070417033701id_/http://www.bsnpr.com:80/estadisticas/enciclopedia.asp,2026-09-08T14:22:06Z
1059,"Rivera Maldonado, Joe","rivera maldonado, joe",Rivera Maldonado,Joe,,3/25/1963,1963,,,,,,,no,single-source,wayback_bsnpr_players,https://web.archive.org/web/20200601011615id_/https://www.bsnpr.com/estadisticas/enciclopedia.asp,2026-09-08T14:25:42Z
1060,"Soto, Joe","soto, joe",Soto,Joe,,,,,,,,,,no,single-source,wayback_bsnpr_players,https://web.archive.org/web/20070417033701id_/http://www.bsnpr.com:80/estadisticas/enciclopedia.asp,2026-09-08T14:22:06Z
1061,"Torres, Estadísticas Jugador","torres, estadisticas jugador",Torres,Estadísticas Jugador,,,,nan,nan,No se sabe,1969,1969,1,yes,single-source,wayback_bsnpr_players,https://web.archive.org/web/20070829040328id_/http://www.bsnpr.com:80/jugadores/jugador.asp?id=1061&e=,2026-09-08T14:36:38Z
1062,"Wylie, Estadísticas Jugador","wylie, estadisticas jugador",Wylie,Estadísticas Jugador,,2/10/1968,1968,nan,nan,No se sabe,1994,2001,8,yes,single-source,wayback_bsnpr_players,https://web.archive.org/web/20070829041405id_/http://www.bsnpr.com:80/jugadores/jugador.asp?id=1062&e=,2026-09-08T14:36:39Z
1063,"Curbelo Melendez, Estadísticas Jugador","curbelo melendez, estadisticas jugador",Curbelo Melendez,Estadísticas Jugador,,7/4/1974,1974,"Rio Piedras, Puerto Rico",Puerto Rico,Escolta,1992,2008,16,yes,single-source,wayback_bsnpr_players,https://web.archive.org/web/20090110181606id_/http://www.bsnpr.com:80/jugadores/jugador.asp?id=1063&e=,2026-09-08T14:36:41Z
1064,"Jones Camacho, Joel","jones camacho, joel",Jones Camacho,Joel,,7/17/1981,1981,"San Diego, California",California,Escolta,2002,2013,11,yes,single-source,wayback_bsnpr_players,https://web.archive.org/web/20140122195620id_/http://www.bsnpr.com:80/jugadores/jugador.asp?id=1064&e=,2026-09-08T14:36:43Z
1065,"Roca, Estadísticas Jugador","roca, estadisticas jugador",Roca,Estadísticas Jugador,,,,nan,nan,No se sabe,2001,2001,1,yes,single-source,wayback_bsnpr_players,https://web.archive.org/web/20070829040858id_/http://www.bsnpr.com:80/jugadores/jugador.asp?id=1065&e=,2026-09-08T14:36:45Z
1066,"Roman Rodriguez, Estadísticas Jugador","roman rodriguez, estadisticas jugador",Roman Rodriguez,Estadísticas Jugador,,5/31/1982,1982,nan,nan,Armador/Escolta,2004,2007,3,yes,single-source,wayback_bsnpr_players,https://web.archive.org/web/20080210080410id_/http://www.bsnpr.com:80/jugadores/jugador.asp?id=1066&e=,2026-09-08T14:36:47Z
1067,"Saez Rodriguez, Estadísticas Jugador","saez rodriguez, estadisticas jugador",Saez Rodriguez,Estadísticas Jugador,,5/30/1984,1984,"Humacao, Puerto Rico",Puerto Rico,Alero,2006,2007,2,yes,single-source,wayback_bsnpr_players,https://web.archive.org/web/20080410091435id_/http://www.bsnpr.com:80/jugadores/jugador.asp?id=1067&e=,2026-09-08T14:36:49Z
1068,"Katz Puro, Joel adam","katz puro, joel adam",Katz Puro,Joel adam,,8/30/1965,1965,,,,,,,no,single-source,wayback_bsnpr_players,https://web.archive.org/web/20200601011615id_/https://www.bsnpr.com/estadisticas/enciclopedia.asp,2026-09-08T14:25:42Z
1069,"Quiñones Suarez, Estadísticas Jugador","quinones suarez, estadisticas jugador",Quiñones Suarez,Estadísticas Jugador,,7/18/1976,1976,"San German, Puerto Rico",Puerto Rico,Armador/Escolta,1993,2009,16,yes,single-source,wayback_bsnpr_players,https://web.archive.org/web/20090710220928id_/http://www.bsnpr.com:80/jugadores/jugador.asp?id=1069&e=,2026-09-08T14:36:51Z
1070,"Cintas Sanchez, Estadísticas Jugador","cintas sanchez, estadisticas jugador",Cintas Sanchez,Estadísticas Jugador,,,,nan,nan,No se sabe,1992,1992,1,yes,single-source,wayback_bsnpr_players,https://web.archive.org/web/20070829041440id_/http://www.bsnpr.com:80/jugadores/jugador.asp?id=1070&e=,2026-09-08T14:36:53Z
1071,"Best, John","best, john",Best,John,,5/27/1971,1971,,,,,,,no,single-source,wayback_bsnpr_players,https://web.archive.org/web/20200601011615id_/https://www.bsnpr.com/estadisticas/enciclopedia.asp,2026-09-08T14:25:42Z
1072,"Burgos Gerena, John","burgos gerena, john",Burgos Gerena,John,,9/28/1955,1955,,,,,,,no,single-source,wayback_bsnpr_players,https://web.archive.org/web/20200601011615id_/https://www.bsnpr.com/estadisticas/enciclopedia.asp,2026-09-08T14:25:42Z
1073,"Burkette, John","burkette, john",Burkette,John,,,,,,,,,,no,single-source,wayback_bsnpr_players,https://web.archive.org/web/20070417033701id_/http://www.bsnpr.com:80/estadisticas/enciclopedia.asp,2026-09-08T14:22:06Z
1074,"Candelaria, Estadísticas Jugador","candelaria, estadisticas jugador",Candelaria,Estadísticas Jugador,,11/6/1953,1953,nan,nan,No se sabe,1971,1972,2,yes,single-source,wayback_bsnpr_players,https://web.archive.org/web/20070829040206id_/http://www.bsnpr.com:80/jugadores/jugador.asp?id=1074&e=,2026-09-08T14:36:55Z
1075,"Ceballos Garcia, John","ceballos garcia, john",Ceballos Garcia,John,,9/12/1952,1952,,,,,,,no,single-source,wayback_bsnpr_players,https://web.archive.org/web/20200601011615id_/https://www.bsnpr.com/estadisticas/enciclopedia.asp,2026-09-08T14:25:42Z
1076,"Cortes Villanueva, Estadísticas Jugador","cortes villanueva, estadisticas jugador",Cortes Villanueva,Estadísticas Jugador,,8/18/1965,1965,nan,nan,No se sabe,1984,1986,3,yes,single-source,wayback_bsnpr_players,https://web.archive.org/web/20070829040809id_/http://www.bsnpr.com:80/jugadores/jugador.asp?id=1076&e=,2026-09-08T14:36:56Z
1077,"Cotte Martinez, John","cotte martinez, john",Cotte Martinez,John,,1/20/1971,1971,,,,,,,no,single-source,wayback_bsnpr_players,https://web.archive.org/web/20200601011615id_/https://www.bsnpr.com/estadisticas/enciclopedia.asp,2026-09-08T14:25:42Z
1078,"Maldonado Colon, Estadísticas Jugador","maldonado colon, estadisticas jugador",Maldonado Colon,Estadísticas Jugador,,5/2/1970,1970,nan,nan,No se sabe,1990,1990,1,yes,single-source,wayback_bsnpr_players,https://web.archive.org/web/20070828231433id_/http://www.bsnpr.com:80/jugadores/jugador.asp?id=1078&e=,2026-09-08T14:36:58Z
1079,"Morales Tricoche, John","morales tricoche, john",Morales Tricoche,John,,2/24/1939,1939,,,,,,,no,single-source,wayback_bsnpr_players,https://web.archive.org/web/20200601011615id_/https://www.bsnpr.com/estadisticas/enciclopedia.asp,2026-09-08T14:25:42Z
1080,"Padilla, John","padilla, john",Padilla,John,,,,,,,,,,no,single-source,wayback_bsnpr_players,https://web.archive.org/web/20070417033701id_/http://www.bsnpr.com:80/estadisticas/enciclopedia.asp,2026-09-08T14:22:06Z
1081,"Serra, John","serra, john",Serra,John,,,,,,,,,,no,single-source,wayback_bsnpr_players,https://web.archive.org/web/20070417033701id_/http://www.bsnpr.com:80/estadisticas/enciclopedia.asp,2026-09-08T14:22:06Z
1082,"Menendez, Johnny","menendez, johnny",Menendez,Johnny,,,,,,,,,,no,single-source,wayback_bsnpr_players,https://web.archive.org/web/20070417033701id_/http://www.bsnpr.com:80/estadisticas/enciclopedia.asp,2026-09-08T14:22:06Z
1083,"O'brien, Estadísticas Jugador","obrien, estadisticas jugador",O'brien,Estadísticas Jugador,,,,nan,nan,No se sabe,1958,1958,1,yes,single-source,wayback_bsnpr_players,https://web.archive.org/web/20070828230307id_/http://www.bsnpr.com:80/jugadores/jugador.asp?id=1083&e=,2026-09-08T14:37:00Z
1084,"Pittman, Johnny","pittman, johnny",Pittman,Johnny,,,,,,,,,,no,single-source,wayback_bsnpr_players,https://web.archive.org/web/20070417033701id_/http://www.bsnpr.com:80/estadisticas/enciclopedia.asp,2026-09-08T14:22:06Z
1085,"Rodriguez Rios, Johnny","rodriguez rios, johnny",Rodriguez Rios,Johnny,,5/16/1940,1940,,,,,,,no,single-source,wayback_bsnpr_players,https://web.archive.org/web/20200601011615id_/https://www.bsnpr.com/estadisticas/enciclopedia.asp,2026-09-08T14:25:42Z
1086,"Rodriguez Escobar, Estadísticas Jugador","rodriguez escobar, estadisticas jugador",Rodriguez Escobar,Estadísticas Jugador,,1/19/1970,1970,nan,nan,No se sabe,1989,1990,2,yes,single-source,wayback_bsnpr_players,https://web.archive.org/web/20070829040408id_/http://www.bsnpr.com:80/jugadores/jugador.asp?id=1086&e=,2026-09-08T14:37:02Z
1087,"Stevens Bocachica, Estadísticas Jugador","stevens bocachica, estadisticas jugador",Stevens Bocachica,Estadísticas Jugador,,6/30/1955,1955,nan,nan,No se sabe,1974,1981,8,yes,single-source,wayback_bsnpr_players,https://web.archive.org/web/20070829042327id_/http://www.bsnpr.com:80/jugadores/jugador.asp?id=1087&e=,2026-09-08T14:37:04Z
1088,"Baez, Johnny","baez, johnny",Baez,Johnny,el indio,4/14/1935,1935,,,,,,,no,single-source,wayback_bsnpr_players,https://web.archive.org/web/20200601011615id_/https://www.bsnpr.com/estadisticas/enciclopedia.asp,2026-09-08T14:25:42Z
1089,"Chiclana Carlo, Jonas","chiclana carlo, jonas",Chiclana Carlo,Jonas,,9/1/1974,1974,,,,,,,no,single-source,wayback_bsnpr_players,https://web.archive.org/web/20200601011615id_/https://www.bsnpr.com/estadisticas/enciclopedia.asp,2026-09-08T14:25:42Z
1090,"Lopez Clark, Jonas","lopez clark, jonas",Lopez Clark,Jonas,,,,,,,,,,no,single-source,wayback_bsnpr_players,https://web.archive.org/web/20070417033701id_/http://www.bsnpr.com:80/estadisticas/enciclopedia.asp,2026-09-08T14:22:06Z
1091,"Acevedo Medina, Estadísticas Jugador","acevedo medina, estadisticas jugador",Acevedo Medina,Estadísticas Jugador,,,,nan,nan,No se sabe,1999,1999,1,yes,single-source,wayback_bsnpr_players,https://web.archive.org/web/20070828223557id_/http://www.bsnpr.com:80/jugadores/jugador.asp?id=1091&e=,2026-09-08T14:37:06Z
1092,"Barroso Muñoz, Estadísticas Jugador","barroso munoz, estadisticas jugador",Barroso Muñoz,Estadísticas Jugador,,1/27/1977,1977,"Arecibo, Puerto Rico",Puerto Rico,Escolta,1995,2007,9,yes,single-source,wayback_bsnpr_players,https://web.archive.org/web/20080411054220id_/http://www.bsnpr.com:80/jugadores/jugador.asp?id=1092&e=,2026-09-08T14:37:08Z
1093,"De jesus Espada, Jonathan","de jesus espada, jonathan",De jesus Espada,Jonathan,,12/3/1978,1978,,,,,,,no,single-source,wayback_bsnpr_players,https://web.archive.org/web/20200601011615id_/https://www.bsnpr.com/estadisticas/enciclopedia.asp,2026-09-08T14:25:42Z
1094,"Garcia Bermudez, Jonathan","garcia bermudez, jonathan",Garcia Bermudez,Jonathan,,12/17/1987,1987,"Humacao, Puerto Rico",Puerto Rico,Armador,2006,2017,12,yes,single-source,wayback_bsnpr_players,https://web.archive.org/web/20170715112450id_/http://www.bsnpr.com:80/jugadores/jugador.asp?id=1094&e=,2026-09-08T14:37:10Z
1095,"Matos, Estadísticas Jugador","matos, estadisticas jugador",Matos,Estadísticas Jugador,,,,nan,nan,No se sabe,2000,2000,1,yes,single-source,wayback_bsnpr_players,https://web.archive.org/web/20070828224606id_/http://www.bsnpr.com:80/jugadores/jugador.asp?id=1095&e=,2026-09-08T14:37:11Z
1096,"Rivera, Jonathan","rivera, jonathan",Rivera,Jonathan,,,,,,,,,,no,single-source,wayback_bsnpr_players,https://web.archive.org/web/20070417033701id_/http://www.bsnpr.com:80/estadisticas/enciclopedia.asp,2026-09-08T14:22:06Z
1097,"Villalongo Pizarro, Jonathan","villalongo pizarro, jonathan",Villalongo Pizarro,Jonathan,,,,,,,,,,no,single-source,wayback_bsnpr_players,https://web.archive.org/web/20070417033701id_/http://www.bsnpr.com:80/estadisticas/enciclopedia.asp,2026-09-08T14:22:06Z
1098,"Allende Heres, Jorge","allende heres, jorge",Allende Heres,Jorge,,2/16/1977,1977,,,,,,,no,single-source,wayback_bsnpr_players,https://web.archive.org/web/20200601011615id_/https://www.bsnpr.com/estadisticas/enciclopedia.asp,2026-09-08T14:25:42Z
1099,"Altieri, Jorge","altieri, jorge",Altieri,Jorge,,,,,,,,,,no,single-source,wayback_bsnpr_players,https://web.archive.org/web/20070417033701id_/http://www.bsnpr.com:80/estadisticas/enciclopedia.asp,2026-09-08T14:22:06Z
1100,"Buxeda, Jorge","buxeda, jorge",Buxeda,Jorge,,,,,,,,,,no,single-source,wayback_bsnpr_players,https://web.archive.org/web/20070417033701id_/http://www.bsnpr.com:80/estadisticas/enciclopedia.asp,2026-09-08T14:22:06Z
1101,"Diaz Torres, Jorge","diaz torres, jorge",Diaz Torres,Jorge,,1/17/1966,1966,,,,,,,no,single-source,wayback_bsnpr_players,https://web.archive.org/web/20200601011615id_/https://www.bsnpr.com/estadisticas/enciclopedia.asp,2026-09-08T14:25:42Z
1102,"Falero, Jorge","falero, jorge",Falero,Jorge,,,,,,,,,,no,single-source,wayback_bsnpr_players,https://web.archive.org/web/20070417033701id_/http://www.bsnpr.com:80/estadisticas/enciclopedia.asp,2026-09-08T14:22:06Z
1103,"Gonzalez Olivencia, Estadísticas Jugador","gonzalez olivencia, estadisticas jugador",Gonzalez Olivencia,Estadísticas Jugador,,6/30/1947,1947,nan,nan,No se sabe,1966,1976,11,yes,single-source,wayback_bsnpr_players,https://web.archive.org/web/20070829041805id_/http://www.bsnpr.com:80/jugadores/jugador.asp?id=1103&e=,2026-09-08T14:37:13Z
1104,"Gutierrez Mongil, Jorge","gutierrez mongil, jorge",Gutierrez Mongil,Jorge,,6/26/1968,1968,,,,,,,no,single-source,wayback_bsnpr_players,https://web.archive.org/web/20200601011615id_/https://www.bsnpr.com/estadisticas/enciclopedia.asp,2026-09-08T14:25:42Z
1105,"Jusino Rios, Jorge","jusino rios, jorge",Jusino Rios,Jorge,,,,,,,,,,no,single-source,wayback_bsnpr_players,https://web.archive.org/web/20070417033701id_/http://www.bsnpr.com:80/estadisticas/enciclopedia.asp,2026-09-08T14:22:06Z
1106,"Justicia, Jorge","justicia, jorge",Justicia,Jorge,,,,,,,,,,no,single-source,wayback_bsnpr_players,https://web.archive.org/web/20070417033701id_/http://www.bsnpr.com:80/estadisticas/enciclopedia.asp,2026-09-08T14:22:06Z
1107,"Llanos Fargas, Jorge","llanos fargas, jorge",Llanos Fargas,Jorge,,,,,,,,,,no,single-source,wayback_bsnpr_players,https://web.archive.org/web/20070417033701id_/http://www.bsnpr.com:80/estadisticas/enciclopedia.asp,2026-09-08T14:22:06Z
1108,"Melendez Montañez, Jorge","melendez montanez, jorge",Melendez Montañez,Jorge,,7/29/1962,1962,,,,,,,no,single-source,wayback_bsnpr_players,https://web.archive.org/web/20200601011615id_/https://www.bsnpr.com/estadisticas/enciclopedia.asp,2026-09-08T14:25:42Z
1109,"Molinary, Jorge","molinary, jorge",Molinary,Jorge,,,,,,,,,,no,single-source,wayback_bsnpr_players,https://web.archive.org/web/20070417033701id_/http://www.bsnpr.com:80/estadisticas/enciclopedia.asp,2026-09-08T14:22:06Z
1110,"Morales Saavedra, Estadísticas Jugador","morales saavedra, estadisticas jugador",Morales Saavedra,Estadísticas Jugador,,7/24/1962,1962,nan,nan,No se sabe,1980,1988,9,yes,single-source,wayback_bsnpr_players,https://web.archive.org/web/20070828231628id_/http://www.bsnpr.com:80/jugadores/jugador.asp?id=1110&e=,2026-09-08T14:37:15Z
1111,"Ortiz Melendez, Estadísticas Jugador","ortiz melendez, estadisticas jugador",Ortiz Melendez,Estadísticas Jugador,,,,nan,nan,No se sabe,1998,1998,1,yes,single-source,wayback_bsnpr_players,https://web.archive.org/web/20070829041825id_/http://www.bsnpr.com:80/jugadores/jugador.asp?id=1111&e=,2026-09-08T14:37:17Z
1112,"Pedrogo Rivera, Jorge","pedrogo rivera, jorge",Pedrogo Rivera,Jorge,,,,,,,,,,no,single-source,wayback_bsnpr_players,https://web.archive.org/web/20070417033701id_/http://www.bsnpr.com:80/estadisticas/enciclopedia.asp,2026-09-08T14:22:06Z
1113,"Rivera Matos, Estadísticas Jugador","rivera matos, estadisticas jugador",Rivera Matos,Estadísticas Jugador,,9/16/1963,1963,nan,nan,No se sabe,1981,1994,13,yes,single-source,wayback_bsnpr_players,https://web.archive.org/web/20070829042400id_/http://www.bsnpr.com:80/jugadores/jugador.asp?id=1113&e=,2026-09-08T14:37:19Z
1114,"Rosario, Jorge","rosario, jorge",Rosario,Jorge,,,,,,,,,,no,single-source,wayback_bsnpr_players,https://web.archive.org/web/20070417033701id_/http://www.bsnpr.com:80/estadisticas/enciclopedia.asp,2026-09-08T14:22:06Z
1115,"Sevillano, Estadísticas Jugador","sevillano, estadisticas jugador",Sevillano,Estadísticas Jugador,,,,nan,nan,No se sabe,1961,1965,5,yes,single-source,wayback_bsnpr_players,https://web.archive.org/web/20070829035359id_/http://www.bsnpr.com:80/jugadores/jugador.asp?id=1115&e=,2026-09-08T14:37:21Z
1116,"Uribarry Garcia, Jorge","uribarry garcia, jorge",Uribarry Garcia,Jorge,,4/12/1964,1964,,,,,,,no,single-source,wayback_bsnpr_players,https://web.archive.org/web/20200601011615id_/https://www.bsnpr.com/estadisticas/enciclopedia.asp,2026-09-08T14:25:42Z
1117,"Allende Santos, Jorge a.","allende santos, jorge a",Allende Santos,Jorge a.,,11/12/1954,1954,,,,,,,no,single-source,wayback_bsnpr_players,https://web.archive.org/web/20200601011615id_/https://www.bsnpr.com/estadisticas/enciclopedia.asp,2026-09-08T14:25:42Z
1118,"Cruz Vazquetelles, Estadísticas Jugador","cruz vazquetelles, estadisticas jugador",Cruz Vazquetelles,Estadísticas Jugador,,,,nan,nan,No se sabe,1999,1999,1,yes,single-source,wayback_bsnpr_players,https://web.archive.org/web/20070829041609id_/http://www.bsnpr.com:80/jugadores/jugador.asp?id=1118&e=,2026-09-08T14:37:22Z
1119,"Marrero, Estadísticas Jugador","marrero, estadisticas jugador",Marrero,Estadísticas Jugador,,,,nan,nan,No se sabe,1971,1971,1,yes,single-source,wayback_bsnpr_players,https://web.archive.org/web/20070829042025id_/http://www.bsnpr.com:80/jugadores/jugador.asp?id=1119&e=,2026-09-08T14:37:24Z
1120,"Perez Gonzalez, Jorge ivan","perez gonzalez, jorge ivan",Perez Gonzalez,Jorge ivan,,12/12/1958,1958,,,,,,,no,single-source,wayback_bsnpr_players,https://web.archive.org/web/20200601011615id_/https://www.bsnpr.com/estadisticas/enciclopedia.asp,2026-09-08T14:25:42Z
1121,"Perez Rosario, Estadísticas Jugador","perez rosario, estadisticas jugador",Perez Rosario,Estadísticas Jugador,,12/10/1968,1968,nan,nan,No se sabe,2004,2004,1,yes,single-source,wayback_bsnpr_players,https://web.archive.org/web/20070828225343id_/http://www.bsnpr.com:80/jugadores/jugador.asp?id=1121&e=,2026-09-08T14:37:26Z
1122,"Gonzalez Aleman, Jorge javier","gonzalez aleman, jorge javier",Gonzalez Aleman,Jorge javier,,,,,,,,,,no,single-source,wayback_bsnpr_players,https://web.archive.org/web/20070417033701id_/http://www.bsnpr.com:80/estadisticas/enciclopedia.asp,2026-09-08T14:22:06Z
1123,"Adorno Morales, Jorge l.","adorno morales, jorge l",Adorno Morales,Jorge l.,,2/20/1975,1975,,,,,,,no,single-source,wayback_bsnpr_players,https://web.archive.org/web/20200601011615id_/https://www.bsnpr.com/estadisticas/enciclopedia.asp,2026-09-08T14:25:42Z
1124,"Gonzalez, Estadísticas Jugador","gonzalez, estadisticas jugador",Gonzalez,Estadísticas Jugador,,,,nan,nan,No se sabe,1964,1967,2,yes,single-source,wayback_bsnpr_players,https://web.archive.org/web/20070828223712id_/http://www.bsnpr.com:80/jugadores/jugador.asp?id=1124&e=,2026-09-08T14:37:28Z
1125,"Medrano Ñunez, Jorge l.","medrano nunez, jorge l",Medrano Ñunez,Jorge l.,,5/22/1969,1969,,,,,,,no,single-source,wayback_bsnpr_players,https://web.archive.org/web/20200601011615id_/https://www.bsnpr.com/estadisticas/enciclopedia.asp,2026-09-08T14:25:42Z
1126,"Corchado Colon, Jorge l.","corchado colon, jorge l",Corchado Colon,Jorge l.,wito,9/21/1957,1957,,,,,,,no,single-source,wayback_bsnpr_players,https://web.archive.org/web/20200601011615id_/https://www.bsnpr.com/estadisticas/enciclopedia.asp,2026-09-08T14:25:42Z
1127,"Rivera Motta, Jorge Luis","rivera motta, jorge luis",Rivera Motta,Jorge Luis,,12/9/1973,1973,"Bayamón, Puerto Rico",Puerto Rico,Delantero,1992,2011,20,yes,single-source,wayback_bsnpr_players,https://web.archive.org/web/20110412235156id_/http://www.bsnpr.com:80/jugadores/jugador.asp?id=1127&e=14,2026-09-08T14:37:30Z
1128,"Lopez Guzman, Jorge o.","lopez guzman, jorge o",Lopez Guzman,Jorge o.,,3/4/1964,1964,,,,,,,no,single-source,wayback_bsnpr_players,https://web.archive.org/web/20200601011615id_/https://www.bsnpr.com/estadisticas/enciclopedia.asp,2026-09-08T14:25:42Z
1129,"Cajigas Nieves, Jorge omar","cajigas nieves, jorge omar",Cajigas Nieves,Jorge omar,,,,,,,,,,no,single-source,wayback_bsnpr_players,https://web.archive.org/web/20070417033701id_/http://www.bsnpr.com:80/estadisticas/enciclopedia.asp,2026-09-08T14:22:06Z
1130,"Lozano, Estadísticas Jugador","lozano, estadisticas jugador",Lozano,Estadísticas Jugador,,,,nan,nan,No se sabe,2001,2003,3,yes,single-source,wayback_bsnpr_players,https://web.archive.org/web/20070828225413id_/http://www.bsnpr.com:80/jugadores/jugador.asp?id=1130&e=,2026-09-08T14:37:32Z
1131,"Abraham Medina, Estadísticas Jugador","abraham medina, estadisticas jugador",Abraham Medina,Estadísticas Jugador,,7/19/1964,1964,nan,nan,No se sabe,1984,1984,1,yes,single-source,wayback_bsnpr_players,https://web.archive.org/web/20070829041554id_/http://www.bsnpr.com:80/jugadores/jugador.asp?id=1131&e=,2026-09-08T14:37:33Z
1132,"Acevedo, Jose","acevedo, jose",Acevedo,Jose,,,,,,,,,,no,single-source,wayback_bsnpr_players,https://web.archive.org/web/20070417033701id_/http://www.bsnpr.com:80/estadisticas/enciclopedia.asp,2026-09-08T14:22:06Z
1133,"Acosta, Jose","acosta, jose",Acosta,Jose,,,,,,,,,,no,single-source,wayback_bsnpr_players,https://web.archive.org/web/20070417033701id_/http://www.bsnpr.com:80/estadisticas/enciclopedia.asp,2026-09-08T14:22:06Z
1134,"Aguiar, Jose","aguiar, jose",Aguiar,Jose,,,,,,,,,,no,single-source,wayback_bsnpr_players,https://web.archive.org/web/20070417033701id_/http://www.bsnpr.com:80/estadisticas/enciclopedia.asp,2026-09-08T14:22:06Z
1135,"Aponte, Jose","aponte, jose",Aponte,Jose,,,,,,,,,,no,single-source,wayback_bsnpr_players,https://web.archive.org/web/20070417033701id_/http://www.bsnpr.com:80/estadisticas/enciclopedia.asp,2026-09-08T14:22:06Z
1136,"Aponte Silva, Jose","aponte silva, jose",Aponte Silva,Jose,,6/27/1961,1961,,,,,,,no,single-source,wayback_bsnpr_players,https://web.archive.org/web/20200601011615id_/https://www.bsnpr.com/estadisticas/enciclopedia.asp,2026-09-08T14:25:42Z
1137,"Balzac, Jose","balzac, jose",Balzac,Jose,,,,,,,,,,no,single-source,wayback_bsnpr_players,https://web.archive.org/web/20070417033701id_/http://www.bsnpr.com:80/estadisticas/enciclopedia.asp,2026-09-08T14:22:06Z
1138,"Camacho, Jose","camacho, jose",Camacho,Jose,,,,,,,,,,no,single-source,wayback_bsnpr_players,https://web.archive.org/web/20070417033701id_/http://www.bsnpr.com:80/estadisticas/enciclopedia.asp,2026-09-08T14:22:06Z
1139,"De diego Perez, Jose","de diego perez, jose",De diego Perez,Jose,,5/31/1954,1954,,,,,,,no,single-source,wayback_bsnpr_players,https://web.archive.org/web/20200601011615id_/https://www.bsnpr.com/estadisticas/enciclopedia.asp,2026-09-08T14:25:42Z
1140,"De la rosa Balcarcel, Estadísticas Jugador","de la rosa balcarcel, estadisticas jugador",De la rosa Balcarcel,Estadísticas Jugador,,3/9/1958,1958,nan,nan,No se sabe,1978,1986,9,yes,single-source,wayback_bsnpr_players,https://web.archive.org/web/20070828230232id_/http://www.bsnpr.com:80/jugadores/jugador.asp?id=1140&e=,2026-09-08T14:37:35Z
1141,"Espada, Jose","espada, jose",Espada,Jose,,,,,,,,,,no,single-source,wayback_bsnpr_players,https://web.archive.org/web/20070417033701id_/http://www.bsnpr.com:80/estadisticas/enciclopedia.asp,2026-09-08T14:22:06Z
1142,"Figueroa Ayala, Jose","figueroa ayala, jose",Figueroa Ayala,Jose,,9/30/1969,1969,,,,,,,no,single-source,wayback_bsnpr_players,https://web.archive.org/web/20200601011615id_/https://www.bsnpr.com/estadisticas/enciclopedia.asp,2026-09-08T14:25:42Z
1143,"Gil, Jose","gil, jose",Gil,Jose,,,,,,,,,,no,single-source,wayback_bsnpr_players,https://web.archive.org/web/20070417033701id_/http://www.bsnpr.com:80/estadisticas/enciclopedia.asp,2026-09-08T14:22:06Z
1144,"Gonzalez, Estadísticas Jugador","gonzalez, estadisticas jugador",Gonzalez,Estadísticas Jugador,,,,nan,nan,No se sabe,1956,1956,1,yes,single-source,wayback_bsnpr_players,https://web.archive.org/web/20070828230638id_/http://www.bsnpr.com:80/jugadores/jugador.asp?id=1144&e=,2026-09-08T14:37:37Z
1145,"Gonzalez Carrasco, Jose","gonzalez carrasco, jose",Gonzalez Carrasco,Jose,,2/8/1964,1964,,,,,,,no,single-source,wayback_bsnpr_players,https://web.archive.org/web/20200601011615id_/https://www.bsnpr.com/estadisticas/enciclopedia.asp,2026-09-08T14:25:42Z
1146,"Indart, Jose","indart, jose",Indart,Jose,,,,,,,,,,no,single-source,wayback_bsnpr_players,https://web.archive.org/web/20070417033701id_/http://www.bsnpr.com:80/estadisticas/enciclopedia.asp,2026-09-08T14:22:06Z
1147,"Jimenez, Jose","jimenez, jose",Jimenez,Jose,,,,,,,,,,no,single-source,wayback_bsnpr_players,https://web.archive.org/web/20070417033701id_/http://www.bsnpr.com:80/estadisticas/enciclopedia.asp,2026-09-08T14:22:06Z
1148,"Ledesma, Estadísticas Jugador","ledesma, estadisticas jugador",Ledesma,Estadísticas Jugador,,,,nan,nan,No se sabe,1957,1962,6,yes,single-source,wayback_bsnpr_players,https://web.archive.org/web/20070828230557id_/http://www.bsnpr.com:80/jugadores/jugador.asp?id=1148&e=,2026-09-08T14:37:39Z
1149,"Martinez Olmo, Estadísticas Jugador","martinez olmo, estadisticas jugador",Martinez Olmo,Estadísticas Jugador,,1/7/1960,1960,nan,nan,No se sabe,1978,1980,2,yes,single-source,wayback_bsnpr_players,https://web.archive.org/web/20070829040418id_/http://www.bsnpr.com:80/jugadores/jugador.asp?id=1149&e=,2026-09-08T14:37:41Z
1150,"Matos, Jose","matos, jose",Matos,Jose,,,,,,,,,,no,single-source,wayback_bsnpr_players,https://web.archive.org/web/20070417033701id_/http://www.bsnpr.com:80/estadisticas/enciclopedia.asp,2026-09-08T14:22:06Z
1151,"Melendez, Jose","melendez, jose",Melendez,Jose,,,,,,,,,,no,single-source,wayback_bsnpr_players,https://web.archive.org/web/20070417033701id_/http://www.bsnpr.com:80/estadisticas/enciclopedia.asp,2026-09-08T14:22:06Z
1152,"Olmo, Jose","olmo, jose",Olmo,Jose,,,,,,,,,,no,single-source,wayback_bsnpr_players,https://web.archive.org/web/20070417033701id_/http://www.bsnpr.com:80/estadisticas/enciclopedia.asp,2026-09-08T14:22:06Z
1153,"Ortiz Lleras, Jose","ortiz lleras, jose",Ortiz Lleras,Jose,,5/29/1972,1972,,,,,,,no,single-source,wayback_bsnpr_players,https://web.archive.org/web/20200601011615id_/https://www.bsnpr.com/estadisticas/enciclopedia.asp,2026-09-08T14:25:42Z
1154,"Pacheco Del valle, Jose","pacheco del valle, jose",Pacheco Del valle,Jose,,7/3/1956,1956,,,,,,,no,single-source,wayback_bsnpr_players,https://web.archive.org/web/20200601011615id_/https://www.bsnpr.com/estadisticas/enciclopedia.asp,2026-09-08T14:25:42Z
1155,"Perez Rodriguez, Jose","perez rodriguez, jose",Perez Rodriguez,Jose,,10/20/1952,1952,,,,,,,no,single-source,wayback_bsnpr_players,https://web.archive.org/web/20200601011615id_/https://www.bsnpr.com/estadisticas/enciclopedia.asp,2026-09-08T14:25:42Z
1156,"Pizarro, Jose","pizarro, jose",Pizarro,Jose,,,,,,,,,,no,single-source,wayback_bsnpr_players,https://web.archive.org/web/20070417033701id_/http://www.bsnpr.com:80/estadisticas/enciclopedia.asp,2026-09-08T14:22:06Z
1157,"Quiñonez Figueroa, Jose","quinonez figueroa, jose",Quiñonez Figueroa,Jose,Willie,2/22/1956,1956,,,,,,,no,single-source,wayback_bsnpr_players,https://web.archive.org/web/20200601011615id_/https://www.bsnpr.com/estadisticas/enciclopedia.asp,2026-09-08T14:25:42Z
1158,"Ramirez, Estadísticas Jugador","ramirez, estadisticas jugador",Ramirez,Estadísticas Jugador,,,,nan,nan,No se sabe,1997,1999,3,yes,single-source,wayback_bsnpr_players,https://web.archive.org/web/20070828230907id_/http://www.bsnpr.com:80/jugadores/jugador.asp?id=1158&e=,2026-09-08T14:37:42Z
1159,"Ramos Torres, Jose","ramos torres, jose",Ramos Torres,Jose,,,,,,,,,,no,single-source,wayback_bsnpr_players,https://web.archive.org/web/20070417033701id_/http://www.bsnpr.com:80/estadisticas/enciclopedia.asp,2026-09-08T14:22:06Z
1160,"Reyes, Jose","reyes, jose",Reyes,Jose,,,,,,,,,,no,single-source,wayback_bsnpr_players,https://web.archive.org/web/20070417033701id_/http://www.bsnpr.com:80/estadisticas/enciclopedia.asp,2026-09-08T14:22:06Z
1161,"Rios, Jose","rios, jose",Rios,Jose,,,,,,,,,,no,single-source,wayback_bsnpr_players,https://web.archive.org/web/20070417033701id_/http://www.bsnpr.com:80/estadisticas/enciclopedia.asp,2026-09-08T14:22:06Z
1162,"Rivera, Jose","rivera, jose",Rivera,Jose,,,,,,,,,,no,single-source,wayback_bsnpr_players,https://web.archive.org/web/20070417033701id_/http://www.bsnpr.com:80/estadisticas/enciclopedia.asp,2026-09-08T14:22:06Z
1163,"Rivera Gonzalez, Jose","rivera gonzalez, jose",Rivera Gonzalez,Jose,,,,,,,,,,no,single-source,wayback_bsnpr_players,https://web.archive.org/web/20070417033701id_/http://www.bsnpr.com:80/estadisticas/enciclopedia.asp,2026-09-08T14:22:06Z
1164,"Rivera Murillo, Estadísticas Jugador","rivera murillo, estadisticas jugador",Rivera Murillo,Estadísticas Jugador,,3/3/1964,1964,nan,nan,No se sabe,1984,1998,12,yes,single-source,wayback_bsnpr_players,https://web.archive.org/web/20070828231553id_/http://www.bsnpr.com:80/jugadores/jugador.asp?id=1164&e=,2026-09-08T14:37:45Z
1165,"Rodriguez, Estadísticas Jugador","rodriguez, estadisticas jugador",Rodriguez,Estadísticas Jugador,,,,nan,nan,No se sabe,1960,1963,2,yes,single-source,wayback_bsnpr_players,https://web.archive.org/web/20070828230515id_/http://www.bsnpr.com:80/jugadores/jugador.asp?id=1165&e=,2026-09-08T14:37:46Z
1166,"Rodriguez Franco, Jose","rodriguez franco, jose",Rodriguez Franco,Jose,,8/21/1970,1970,,,,,,,no,single-source,wayback_bsnpr_players,https://web.archive.org/web/20200601011615id_/https://www.bsnpr.com/estadisticas/enciclopedia.asp,2026-09-08T14:25:42Z
1167,"Rosario, Jose","rosario, jose",Rosario,Jose,,,,,,,,,,no,single-source,wayback_bsnpr_players,https://web.archive.org/web/20070417033701id_/http://www.bsnpr.com:80/estadisticas/enciclopedia.asp,2026-09-08T14:22:06Z
1168,"Salazar, Jose","salazar, jose",Salazar,Jose,,,,,,,,,,no,single-source,wayback_bsnpr_players,https://web.archive.org/web/20070417033701id_/http://www.bsnpr.com:80/estadisticas/enciclopedia.asp,2026-09-08T14:22:06Z
1169,"Santos Lanzot, Jose","santos lanzot, jose",Santos Lanzot,Jose,,1/2/1978,1978,,,,,,,no,single-source,wayback_bsnpr_players,https://web.archive.org/web/20200601011615id_/https://www.bsnpr.com/estadisticas/enciclopedia.asp,2026-09-08T14:25:42Z
1170,"Santos Lanzot, Jose","santos lanzot, jose",Santos Lanzot,Jose,,10/20/1960,1960,,,,,,,no,single-source,wayback_bsnpr_players,https://web.archive.org/web/20200601011615id_/https://www.bsnpr.com/estadisticas/enciclopedia.asp,2026-09-08T14:25:42Z
1171,"Sosa Oliveras, Jose","sosa oliveras, jose",Sosa Oliveras,Jose,,6/27/1958,1958,,,,,,,no,single-source,wayback_bsnpr_players,https://web.archive.org/web/20200601011615id_/https://www.bsnpr.com/estadisticas/enciclopedia.asp,2026-09-08T14:25:42Z
1172,"Tormos, Jose","tormos, jose",Tormos,Jose,,,,,,,,,,no,single-source,wayback_bsnpr_players,https://web.archive.org/web/20070417033701id_/http://www.bsnpr.com:80/estadisticas/enciclopedia.asp,2026-09-08T14:22:06Z
1173,"Velez Canals, Jose","velez canals, jose",Velez Canals,Jose,,12/23/1956,1956,,,,,,,no,single-source,wayback_bsnpr_players,https://web.archive.org/web/20200601011615id_/https://www.bsnpr.com/estadisticas/enciclopedia.asp,2026-09-08T14:25:42Z
1174,"Vila, Estadísticas Jugador","vila, estadisticas jugador",Vila,Estadísticas Jugador,,,,nan,nan,No se sabe,1958,1958,1,yes,single-source,wayback_bsnpr_players,https://web.archive.org/web/20070828230541id_/http://www.bsnpr.com:80/jugadores/jugador.asp?id=1174&e=,2026-09-08T14:37:48Z
1175,"Nieves Rodriguez, Jose","nieves rodriguez, jose",Nieves Rodriguez,Jose,canito,2/1/1966,1966,,,,,,,no,single-source,wayback_bsnpr_players,https://web.archive.org/web/20200601011615id_/https://www.bsnpr.com/estadisticas/enciclopedia.asp,2026-09-08T14:25:42Z
1176,"Santori Coll, Jose","santori coll, jose",Santori Coll,Jose,fufi,5/7/1932,1932,,,,,,,no,single-source,wayback_bsnpr_players,https://web.archive.org/web/20200601011615id_/https://www.bsnpr.com/estadisticas/enciclopedia.asp,2026-09-08T14:25:42Z
1177,"Vargas, Jose","vargas, jose",Vargas,Jose,grillo,6/23/1963,1963,"La Romana, Rep. Dominicana",Rep. Dominicana,Centro,1993,1996,2,yes,single-source,wayback_bsnpr_players,https://web.archive.org/web/20180115185357id_/http://www.bsnpr.com/jugadores/jugador.asp?id=1177&e,2026-09-08T14:37:50Z
1178,"Cruz Ayala, Estadísticas Jugador","cruz ayala, estadisticas jugador",Cruz Ayala,Estadísticas Jugador,joe,3/3/1957,1957,nan,nan,No se sabe,1976,1990,15,yes,single-source,wayback_bsnpr_players,https://web.archive.org/web/20070829035532id_/http://www.bsnpr.com:80/jugadores/jugador.asp?id=1178&e=,2026-09-08T14:37:52Z
1179,"Martinez Langley, Estadísticas Jugador","martinez langley, estadisticas jugador",Martinez Langley,Estadísticas Jugador,joe,3/11/1964,1964,nan,nan,No se sabe,1983,1988,4,yes,single-source,wayback_bsnpr_players,https://web.archive.org/web/20070828225242id_/http://www.bsnpr.com:80/jugadores/jugador.asp?id=1179&e=,2026-09-08T14:37:54Z
1180,"Paris Ramirez, Jose","paris ramirez, jose",Paris Ramirez,Jose,joe,2/1/1951,1951,,,,,,,no,single-source,wayback_bsnpr_players,https://web.archive.org/web/20200601011615id_/https://www.bsnpr.com/estadisticas/enciclopedia.asp,2026-09-08T14:25:42Z
1181,"Caraballo Sepulveda, Johnny","caraballo sepulveda, johnny",Caraballo Sepulveda,Johnny,johnny,3/26/1969,1969,,,,,,,no,single-source,wayback_bsnpr_players,https://web.archive.org/web/20200601011615id_/https://www.bsnpr.com/estadisticas/enciclopedia.asp,2026-09-08T14:25:42Z
1182,"Diaz, Jose","diaz, jose",Diaz,Jose,pepito,,,,,,,,,no,single-source,wayback_bsnpr_players,https://web.archive.org/web/20070417033701id_/http://www.bsnpr.com:80/estadisticas/enciclopedia.asp,2026-09-08T14:22:06Z
1183,"Alvarez, Estadísticas Jugador","alvarez, estadisticas jugador",Alvarez,Estadísticas Jugador,,1/12/1957,1957,nan,nan,No se sabe,1975,1976,2,yes,single-source,wayback_bsnpr_players,https://web.archive.org/web/20070828225039id_/http://www.bsnpr.com:80/jugadores/jugador.asp?id=1183&e=,2026-09-08T14:37:56Z
1184,"Arraras, Jose a.","arraras, jose a",Arraras,Jose a.,,,,,,,,,,no,single-source,wayback_bsnpr_players,https://web.archive.org/web/20070417033701id_/http://www.bsnpr.com:80/estadisticas/enciclopedia.asp,2026-09-08T14:22:06Z
1185,"Bonano Velez, Jose a.","bonano velez, jose a",Bonano Velez,Jose a.,,7/22/1957,1957,,,,,,,no,single-source,wayback_bsnpr_players,https://web.archive.org/web/20200601011615id_/https://www.bsnpr.com/estadisticas/enciclopedia.asp,2026-09-08T14:25:42Z
1186,"Camacho Ayala, Estadísticas Jugador","camacho ayala, estadisticas jugador",Camacho Ayala,Estadísticas Jugador,,1/18/1960,1960,nan,nan,No se sabe,1978,1982,4,yes,single-source,wayback_bsnpr_players,https://web.archive.org/web/20070828224110id_/http://www.bsnpr.com:80/jugadores/jugador.asp?id=1186&e=,2026-09-08T14:37:57Z
1187,"Canales Portalatin, Estadísticas Jugador","canales portalatin, estadisticas jugador",Canales Portalatin,Estadísticas Jugador,,11/22/1958,1958,nan,nan,No se sabe,1981,1981,1,yes,single-source,wayback_bsnpr_players,https://web.archive.org/web/20070829040232id_/http://www.bsnpr.com:80/jugadores/jugador.asp?id=1187&e=,2026-09-08T14:37:59Z
1188,"Casillas Fernández, Estadísticas Jugador","casillas fernandez, estadisticas jugador",Casillas Fernández,Estadísticas Jugador,Toñín,,,nan,nan,No se sabe,1957,1962,5,yes,single-source,wayback_bsnpr_players,https://web.archive.org/web/20070828230206id_/http://www.bsnpr.com:80/jugadores/jugador.asp?id=1188&e=,2026-09-08T14:38:01Z
1189,"Gonzalez Rodriguez, Jose a.","gonzalez rodriguez, jose a",Gonzalez Rodriguez,Jose a.,,1/25/1959,1959,,,,,,,no,single-source,wayback_bsnpr_players,https://web.archive.org/web/20200601011615id_/https://www.bsnpr.com/estadisticas/enciclopedia.asp,2026-09-08T14:25:42Z
1190,"Pares, Estadísticas Jugador","pares, estadisticas jugador",Pares,Estadísticas Jugador,,6/13/1960,1960,nan,nan,No se sabe,1983,1983,1,yes,single-source,wayback_bsnpr_players,https://web.archive.org/web/20070828230547id_/http://www.bsnpr.com:80/jugadores/jugador.asp?id=1190&e=,2026-09-08T14:38:03Z
1191,"Rivera Gonzalez, Jose a.","rivera gonzalez, jose a",Rivera Gonzalez,Jose a.,,,,,,,,,,no,single-source,wayback_bsnpr_players,https://web.archive.org/web/20070417033701id_/http://www.bsnpr.com:80/estadisticas/enciclopedia.asp,2026-09-08T14:22:06Z
1192,"Rodriguez Gonzalez, Jose a.","rodriguez gonzalez, jose a",Rodriguez Gonzalez,Jose a.,,7/31/1963,1963,,,,,,,no,single-source,wayback_bsnpr_players,https://web.archive.org/web/20200601011615id_/https://www.bsnpr.com/estadisticas/enciclopedia.asp,2026-09-08T14:25:42Z
1193,"Rodriguez Maldonado, Estadísticas Jugador","rodriguez maldonado, estadisticas jugador",Rodriguez Maldonado,Estadísticas Jugador,,4/1/1962,1962,nan,nan,No se sabe,1980,1987,8,yes,single-source,wayback_bsnpr_players,https://web.archive.org/web/20070828230015id_/http://www.bsnpr.com:80/jugadores/jugador.asp?id=1193&e=,2026-09-08T14:38:04Z
1194,"Rojas, Jose a.","rojas, jose a",Rojas,Jose a.,,,,,,,,,,no,single-source,wayback_bsnpr_players,https://web.archive.org/web/20070417033701id_/http://www.bsnpr.com:80/estadisticas/enciclopedia.asp,2026-09-08T14:22:06Z
1195,"Ruaño, Jose a.","ruano, jose a",Ruaño,Jose a.,,,,,,,,,,no,single-source,wayback_bsnpr_players,https://web.archive.org/web/20070417033701id_/http://www.bsnpr.com:80/estadisticas/enciclopedia.asp,2026-09-08T14:22:06Z
1196,"Ruiz Santiago, Estadísticas Jugador","ruiz santiago, estadisticas jugador",Ruiz Santiago,Estadísticas Jugador,,6/9/1961,1961,nan,nan,No se sabe,1979,1983,5,yes,single-source,wayback_bsnpr_players,https://web.archive.org/web/20070829040449id_/http://www.bsnpr.com:80/jugadores/jugador.asp?id=1196&e=,2026-09-08T14:38:06Z
1197,"Santana, Estadísticas Jugador","santana, estadisticas jugador",Santana,Estadísticas Jugador,,1/21/1965,1965,nan,nan,No se sabe,1990,1990,1,yes,single-source,wayback_bsnpr_players,https://web.archive.org/web/20070828224508id_/http://www.bsnpr.com:80/jugadores/jugador.asp?id=1197&e=,2026-09-08T14:38:08Z
1198,"Santos Garcia, Jose a.","santos garcia, jose a",Santos Garcia,Jose a.,,11/23/1952,1952,,,,,,,no,single-source,wayback_bsnpr_players,https://web.archive.org/web/20200601011615id_/https://www.bsnpr.com/estadisticas/enciclopedia.asp,2026-09-08T14:25:42Z
1199,"Lopez Quiñones, Jose a.","lopez quinones, jose a",Lopez Quiñones,Jose a.,carita,1/14/1966,1966,,,,,,,no,single-source,wayback_bsnpr_players,https://web.archive.org/web/20200601011615id_/https://www.bsnpr.com/estadisticas/enciclopedia.asp,2026-09-08T14:25:42Z
1200,"Lopez Quiñones, Jose a.","lopez quinones, jose a",Lopez Quiñones,Jose a.,carita,,,,,,,,,no,single-source,wayback_bsnpr_players,https://web.archive.org/web/20070417033701id_/http://www.bsnpr.com:80/estadisticas/enciclopedia.asp,2026-09-08T14:22:06Z
1201,"Mangual Mojica, Estadísticas Jugador","mangual mojica, estadisticas jugador",Mangual Mojica,Estadísticas Jugador,cheo,10/31/1953,1953,nan,nan,No se sabe,1972,1985,13,yes,single-source,wayback_bsnpr_players,https://web.archive.org/web/20070828230901id_/http://www.bsnpr.com:80/jugadores/jugador.asp?id=1201&e=,2026-09-08T14:38:10Z
1202,"Gonzalez, Jose a.","gonzalez, jose a",Gonzalez,Jose a.,joe,1/25/1959,1959,,,,,,,no,single-source,wayback_bsnpr_players,https://web.archive.org/web/20200601011615id_/https://www.bsnpr.com/estadisticas/enciclopedia.asp,2026-09-08T14:25:42Z
1203,"Rivera Ramos, Jose a.","rivera ramos, jose a",Rivera Ramos,Jose a.,pipo,3/24/1964,1964,,,,,,,no,single-source,wayback_bsnpr_players,https://web.archive.org/web/20200601011615id_/https://www.bsnpr.com/estadisticas/enciclopedia.asp,2026-09-08T14:25:42Z
1204,"Diaz Baez, Jose a.","diaz baez, jose a",Diaz Baez,Jose a.,tony,11/13/1958,1958,,,,,,,no,single-source,wayback_bsnpr_players,https://web.archive.org/web/20200601011615id_/https://www.bsnpr.com/estadisticas/enciclopedia.asp,2026-09-08T14:25:42Z
1205,"Lopez Perez, Estadísticas Jugador","lopez perez, estadisticas jugador",Lopez Perez,Estadísticas Jugador,tito,,,"San Juan, Puerto Rico",Puerto Rico,Armador,1997,2008,10,yes,single-source,wayback_bsnpr_players,https://web.archive.org/web/20090110023952id_/http://www.bsnpr.com:80/jugadores/jugador.asp?id=1205&e=,2026-09-08T14:38:12Z
1206,"Baez Camacho, Jose Andres","baez camacho, jose andres",Baez Camacho,Jose Andres,Josean,4/27/1951,1951,"Ponce, Puerto Rico",Puerto Rico,Escolta/Delantero,1969,1986,18,yes,single-source,wayback_bsnpr_players,https://web.archive.org/web/20171030093357id_/http://www.bsnpr.com/jugadores/jugador.asp?id=1206,2026-09-08T14:38:14Z
1207,"Cestero Rodriguez, Estadísticas Jugador","cestero rodriguez, estadisticas jugador",Cestero Rodriguez,Estadísticas Jugador,totin,1/24/1938,1938,nan,nan,No se sabe,1957,1964,8,yes,single-source,wayback_bsnpr_players,https://web.archive.org/web/20070829040022id_/http://www.bsnpr.com:80/jugadores/jugador.asp?id=1207&e=,2026-09-08T14:38:16Z
1208,"Ayala Perla, Estadísticas Jugador","ayala perla, estadisticas jugador",Ayala Perla,Estadísticas Jugador,,1/8/1987,1987,"San Juan, Puerto Rico",Puerto Rico,Escolta/Alero,2006,2006,1,yes,single-source,wayback_bsnpr_players,https://web.archive.org/web/20080411054224id_/http://www.bsnpr.com:80/jugadores/jugador.asp?id=1208&e=,2026-09-08T14:38:18Z
1209,"Martinez Ponce, Estadísticas Jugador","martinez ponce, estadisticas jugador",Martinez Ponce,Estadísticas Jugador,,2/23/1956,1956,nan,nan,No se sabe,1975,1975,1,yes,single-source,wayback_bsnpr_players,https://web.archive.org/web/20070828231355id_/http://www.bsnpr.com:80/jugadores/jugador.asp?id=1209&e=,2026-09-08T14:38:20Z
1210,"Agosto Muriel, Estadísticas Jugador","agosto muriel, estadisticas jugador",Agosto Muriel,Estadísticas Jugador,papote,10/15/1964,1964,nan,nan,Escolta/Alero,1982,2003,22,yes,single-source,wayback_bsnpr_players,https://web.archive.org/web/20070828224518id_/http://www.bsnpr.com:80/jugadores/jugador.asp?id=1210&e=,2026-09-08T14:38:22Z
1211,"Becerril Walter, Jose antonio","becerril walter, jose antonio",Becerril Walter,Jose antonio,tony,2/21/1959,1959,,,,,,,no,single-source,wayback_bsnpr_players,https://web.archive.org/web/20200601011615id_/https://www.bsnpr.com/estadisticas/enciclopedia.asp,2026-09-08T14:25:42Z
1212,"Echevarria Vazquez, Jose","echevarria vazquez, jose",Echevarria Vazquez,Jose,tony,5/27/1968,1968,,,,,,,no,single-source,wayback_bsnpr_players,https://web.archive.org/web/20200601011615id_/https://www.bsnpr.com/estadisticas/enciclopedia.asp,2026-09-08T14:25:42Z
1213,"Torres, Jose armando","torres, jose armando",Torres,Jose armando,,,,,,,,,,no,single-source,wayback_bsnpr_players,https://web.archive.org/web/20070417033701id_/http://www.bsnpr.com:80/estadisticas/enciclopedia.asp,2026-09-08T14:22:06Z
1214,"Rivera Martinez, Estadísticas Jugador","rivera martinez, estadisticas jugador",Rivera Martinez,Estadísticas Jugador,,,,nan,nan,No se sabe,1998,2000,3,yes,single-source,wayback_bsnpr_players,https://web.archive.org/web/20070828225107id_/http://www.bsnpr.com:80/jugadores/jugador.asp?id=1214&e=,2026-09-08T14:38:23Z
1215,"Carrasco Guerra, Jose bernardo","carrasco guerra, jose bernardo",Carrasco Guerra,Jose bernardo,,,,,,,,,,no,single-source,wayback_bsnpr_players,https://web.archive.org/web/20070417033701id_/http://www.bsnpr.com:80/estadisticas/enciclopedia.asp,2026-09-08T14:22:06Z
1216,"Cruz Alicea, Jose carlos","cruz alicea, jose carlos",Cruz Alicea,Jose carlos,,,,,,,,,,no,single-source,wayback_bsnpr_players,https://web.archive.org/web/20070417033701id_/http://www.bsnpr.com:80/estadisticas/enciclopedia.asp,2026-09-08T14:22:06Z
1217,"Selva, Estadísticas Jugador","selva, estadisticas jugador",Selva,Estadísticas Jugador,,,,nan,nan,No se sabe,1992,1994,3,yes,single-source,wayback_bsnpr_players,https://web.archive.org/web/20070828224538id_/http://www.bsnpr.com:80/jugadores/jugador.asp?id=1217&e=,2026-09-08T14:38:25Z
1218,"Belardo Vargas, Jose e.","belardo vargas, jose e",Belardo Vargas,Jose e.,,1/12/1965,1965,,,,,,,no,single-source,wayback_bsnpr_players,https://web.archive.org/web/20200601011615id_/https://www.bsnpr.com/estadisticas/enciclopedia.asp,2026-09-08T14:25:42Z
1219,"Blanco Ruiz, Jose e.","blanco ruiz, jose e",Blanco Ruiz,Jose e.,,1/2/1960,1960,,,,,,,no,single-source,wayback_bsnpr_players,https://web.archive.org/web/20200601011615id_/https://www.bsnpr.com/estadisticas/enciclopedia.asp,2026-09-08T14:25:42Z
1220,"Caraballo Leandry, Estadísticas Jugador","caraballo leandry, estadisticas jugador",Caraballo Leandry,Estadísticas Jugador,,,,"Ponce, Puerto Rico",Puerto Rico,Armador,2000,2008,4,yes,single-source,wayback_bsnpr_players,https://web.archive.org/web/20080803172212id_/http://bsnpr.com:80/jugadores/jugador.asp?id=1220&e=,2026-09-08T14:38:30Z
1221,"Colon Villalobos, Jose E.","colon villalobos, jose e",Colon Villalobos,Jose E.,,11/26/1979,1979,,,,,,,no,single-source,wayback_bsnpr_players,https://web.archive.org/web/20200601011615id_/https://www.bsnpr.com/estadisticas/enciclopedia.asp,2026-09-08T14:25:42Z
1222,"Vives, Jose e.","vives, jose e",Vives,Jose e.,,,,,,,,,,no,single-source,wayback_bsnpr_players,https://web.archive.org/web/20070417033701id_/http://www.bsnpr.com:80/estadisticas/enciclopedia.asp,2026-09-08T14:22:06Z
1223,"Muñoz Guevara, Jose f.","munoz guevara, jose f",Muñoz Guevara,Jose f.,,9/10/1961,1961,,,,,,,no,single-source,wayback_bsnpr_players,https://web.archive.org/web/20200601011615id_/https://www.bsnpr.com/estadisticas/enciclopedia.asp,2026-09-08T14:25:42Z
1224,"Rivera, Estadísticas Jugador","rivera, estadisticas jugador",Rivera,Estadísticas Jugador,,,,nan,nan,No se sabe,1971,1971,1,yes,single-source,wayback_bsnpr_players,https://web.archive.org/web/20070828225708id_/http://www.bsnpr.com:80/jugadores/jugador.asp?id=1224&e=,2026-09-08T14:38:31Z
1225,"Ocasio Cruz, Jose ferdinand","ocasio cruz, jose ferdinand",Ocasio Cruz,Jose ferdinand,,10/15/1955,1955,,,,,,,no,single-source,wayback_bsnpr_players,https://web.archive.org/web/20200601011615id_/https://www.bsnpr.com/estadisticas/enciclopedia.asp,2026-09-08T14:25:42Z
1226,"Nava, Jose francisco","nava, jose francisco",Nava,Jose francisco,,6/28/1955,1955,,,,,,,no,single-source,wayback_bsnpr_players,https://web.archive.org/web/20200601011615id_/https://www.bsnpr.com/estadisticas/enciclopedia.asp,2026-09-08T14:25:42Z
1227,"Rivera Matos, Jose francisco","rivera matos, jose francisco",Rivera Matos,Jose francisco,,,,,,,,,,no,single-source,wayback_bsnpr_players,https://web.archive.org/web/20070417033701id_/http://www.bsnpr.com:80/estadisticas/enciclopedia.asp,2026-09-08T14:22:06Z
1228,"Alicea Mirabal, Jose g.","alicea mirabal, jose g",Alicea Mirabal,Jose g.,,2/6/1967,1967,,,,,,,no,single-source,wayback_bsnpr_players,https://web.archive.org/web/20200601011615id_/https://www.bsnpr.com/estadisticas/enciclopedia.asp,2026-09-08T14:25:42Z
1229,"Hernandez Gonzalez, Jose horacio","hernandez gonzalez, jose horacio",Hernandez Gonzalez,Jose horacio,,8/17/1957,1957,,,,,,,no,single-source,wayback_bsnpr_players,https://web.archive.org/web/20200601011615id_/https://www.bsnpr.com/estadisticas/enciclopedia.asp,2026-09-08T14:25:42Z
1230,"Ruiz Nieves, Jose ivan","ruiz nieves, jose ivan",Ruiz Nieves,Jose ivan,,2/28/1970,1970,,,,,,,no,single-source,wayback_bsnpr_players,https://web.archive.org/web/20200601011615id_/https://www.bsnpr.com/estadisticas/enciclopedia.asp,2026-09-08T14:25:42Z
1231,"Soto Aguirre, Estadísticas Jugador","soto aguirre, estadisticas jugador",Soto Aguirre,Estadísticas Jugador,,7/21/1980,1980,nan,nan,Armador/Escolta,2006,2009,4,yes,single-source,wayback_bsnpr_players,https://web.archive.org/web/20090710220933id_/http://www.bsnpr.com:80/jugadores/jugador.asp?id=1231&e=,2026-09-08T14:38:33Z
1232,"Hernandez, Estadísticas Jugador","hernandez, estadisticas jugador",Hernandez,Estadísticas Jugador,,,,nan,nan,No se sabe,2001,2001,1,yes,single-source,wayback_bsnpr_players,https://web.archive.org/web/20070828230335id_/http://www.bsnpr.com:80/jugadores/jugador.asp?id=1232&e=,2026-09-08T14:38:35Z
1233,"Nuñez Rodriguez, Estadísticas Jugador","nunez rodriguez, estadisticas jugador",Nuñez Rodriguez,Estadísticas Jugador,,8/29/1962,1962,nan,nan,No se sabe,1979,1987,9,yes,single-source,wayback_bsnpr_players,https://web.archive.org/web/20070828224044id_/http://www.bsnpr.com:80/jugadores/jugador.asp?id=1233&e=,2026-09-08T14:38:37Z
1234,"Barea Mora, José Juan","barea mora, jose juan",Barea Mora,José Juan,,6/26/1984,1984,"Mayaguez, Puerto Rico",Puerto Rico,Armador,2001,2006,3,yes,single-source,wayback_bsnpr_players,https://web.archive.org/web/20190220003341id_/https://www.bsnpr.com/jugadores/jugador.asp?id=1234,2026-09-08T14:38:39Z
1235,"Cruz Jimenez, Jose juan","cruz jimenez, jose juan",Cruz Jimenez,Jose juan,,,,,,,,,,no,single-source,wayback_bsnpr_players,https://web.archive.org/web/20070417033701id_/http://www.bsnpr.com:80/estadisticas/enciclopedia.asp,2026-09-08T14:22:06Z
1236,"Bonilla Rosario, Estadísticas Jugador","bonilla rosario, estadisticas jugador",Bonilla Rosario,Estadísticas Jugador,,1/2/1976,1976,nan,nan,No se sabe,1994,1999,6,yes,single-source,wayback_bsnpr_players,https://web.archive.org/web/20070828223443id_/http://www.bsnpr.com:80/jugadores/jugador.asp?id=1236&e=,2026-09-08T14:38:41Z
1237,"Calderon, Jose l.","calderon, jose l",Calderon,Jose l.,,,,,,,,,,no,single-source,wayback_bsnpr_players,https://web.archive.org/web/20070417033701id_/http://www.bsnpr.com:80/estadisticas/enciclopedia.asp,2026-09-08T14:22:06Z
1238,"Martin Olivo, Estadísticas Jugador","martin olivo, estadisticas jugador",Martin Olivo,Estadísticas Jugador,,6/28/1969,1969,nan,nan,No se sabe,1988,1993,5,yes,single-source,wayback_bsnpr_players,https://web.archive.org/web/20070829041037id_/http://www.bsnpr.com:80/jugadores/jugador.asp?id=1238&e=,2026-09-08T14:38:43Z
1239,"Perez, Estadísticas Jugador","perez, estadisticas jugador",Perez,Estadísticas Jugador,,5/26/1970,1970,nan,nan,No se sabe,1990,1995,6,yes,single-source,wayback_bsnpr_players,https://web.archive.org/web/20070829035157id_/http://www.bsnpr.com:80/jugadores/jugador.asp?id=1239&e=,2026-09-08T14:38:45Z
1240,"Rosario Miranda, Estadísticas Jugador","rosario miranda, estadisticas jugador",Rosario Miranda,Estadísticas Jugador,,,,nan,nan,No se sabe,1997,1997,1,yes,single-source,wayback_bsnpr_players,https://web.archive.org/web/20070828225352id_/http://www.bsnpr.com:80/jugadores/jugador.asp?id=1240&e=,2026-09-08T14:38:47Z
1241,"Torres Sanchez, Estadísticas Jugador","torres sanchez, estadisticas jugador",Torres Sanchez,Estadísticas Jugador,,,,nan,nan,No se sabe,1958,1967,8,yes,single-source,wayback_bsnpr_players,https://web.archive.org/web/20070828224054id_/http://www.bsnpr.com:80/jugadores/jugador.asp?id=1241&e=,2026-09-08T14:38:48Z
1242,"Reyes Gonzalez, Jose l.","reyes gonzalez, jose l",Reyes Gonzalez,Jose l.,joe,10/13/1964,1964,,,,,,,no,single-source,wayback_bsnpr_players,https://web.archive.org/web/20200601011615id_/https://www.bsnpr.com/estadisticas/enciclopedia.asp,2026-09-08T14:25:42Z
1243,"Christian Sanchez, Jose Luis","christian sanchez, jose luis",Christian Sanchez,Jose Luis,,11/26/1980,1980,,,,,,,no,single-source,wayback_bsnpr_players,https://web.archive.org/web/20200601011615id_/https://www.bsnpr.com/estadisticas/enciclopedia.asp,2026-09-08T14:25:42Z
1244,"De jesus Rivera, Estadísticas Jugador","de jesus rivera, estadisticas jugador",De jesus Rivera,Estadísticas Jugador,,2/16/1954,1954,nan,nan,No se sabe,1978,1978,1,yes,single-source,wayback_bsnpr_players,https://web.archive.org/web/20070828230450id_/http://www.bsnpr.com:80/jugadores/jugador.asp?id=1244&e=,2026-09-08T14:38:50Z
1245,"Irizarry Richard, Jose luis","irizarry richard, jose luis",Irizarry Richard,Jose luis,,2/22/1969,1969,,,,,,,no,single-source,wayback_bsnpr_players,https://web.archive.org/web/20200601011615id_/https://www.bsnpr.com/estadisticas/enciclopedia.asp,2026-09-08T14:25:42Z
1246,"Orozco Burgos, Estadísticas Jugador","orozco burgos, estadisticas jugador",Orozco Burgos,Estadísticas Jugador,,,,nan,nan,No se sabe,1997,1997,1,yes,single-source,wayback_bsnpr_players,https://web.archive.org/web/20070829042708id_/http://www.bsnpr.com:80/jugadores/jugador.asp?id=1246&e=,2026-09-08T14:38:52Z
1247,"Ortiz Aponte, Estadísticas Jugador","ortiz aponte, estadisticas jugador",Ortiz Aponte,Estadísticas Jugador,,3/29/1960,1960,nan,nan,No se sabe,1978,1984,7,yes,single-source,wayback_bsnpr_players,https://web.archive.org/web/20070828230405id_/http://www.bsnpr.com:80/jugadores/jugador.asp?id=1247&e=,2026-09-08T14:38:54Z
1248,"Perez, Jose luis","perez, jose luis",Perez,Jose luis,,,,,,,,,,no,single-source,wayback_bsnpr_players,https://web.archive.org/web/20070417033701id_/http://www.bsnpr.com:80/estadisticas/enciclopedia.asp,2026-09-08T14:22:06Z
1249,"Rivera Morales, Estadísticas Jugador","rivera morales, estadisticas jugador",Rivera Morales,Estadísticas Jugador,,1/30/1983,1983,"Bayamon, Puerto Rico",Puerto Rico,Alero,2004,2009,5,yes,single-source,wayback_bsnpr_players,https://web.archive.org/web/20090911012339id_/http://www.bsnpr.com:80/jugadores/jugador.asp?id=1249&e=,2026-09-08T14:38:56Z
1250,"Campos, Jose m.","campos, jose m",Campos,Jose m.,,,,,,,,,,no,single-source,wayback_bsnpr_players,https://web.archive.org/web/20070417033701id_/http://www.bsnpr.com:80/estadisticas/enciclopedia.asp,2026-09-08T14:22:06Z
1251,"Marquez, Jose m.","marquez, jose m",Marquez,Jose m.,,7/14/1962,1962,,,,,,,no,single-source,wayback_bsnpr_players,https://web.archive.org/web/20200601011615id_/https://www.bsnpr.com/estadisticas/enciclopedia.asp,2026-09-08T14:25:42Z
1252,"Ramos Diaz, Estadísticas Jugador","ramos diaz, estadisticas jugador",Ramos Diaz,Estadísticas Jugador,,1/14/1963,1963,nan,nan,No se sabe,1984,1984,1,yes,single-source,wayback_bsnpr_players,https://web.archive.org/web/20070829041830id_/http://www.bsnpr.com:80/jugadores/jugador.asp?id=1252&e=,2026-09-08T14:38:58Z
1253,"Colon Martinez, Jose manuel","colon martinez, jose manuel",Colon Martinez,Jose manuel,,,,,,,,,,no,single-source,wayback_bsnpr_players,https://web.archive.org/web/20070417033701id_/http://www.bsnpr.com:80/estadisticas/enciclopedia.asp,2026-09-08T14:22:06Z
1254,"Colon Torres, Jose manuel","colon torres, jose manuel",Colon Torres,Jose manuel,,,,,,,,,,no,single-source,wayback_bsnpr_players,https://web.archive.org/web/20070417033701id_/http://www.bsnpr.com:80/estadisticas/enciclopedia.asp,2026-09-08T14:22:06Z
1255,"Rodriguez, Estadísticas Jugador","rodriguez, estadisticas jugador",Rodriguez,Estadísticas Jugador,,3/7/1960,1960,nan,nan,No se sabe,1980,1980,1,yes,single-source,wayback_bsnpr_players,https://web.archive.org/web/20070828230400id_/http://www.bsnpr.com:80/jugadores/jugador.asp?id=1255&e=,2026-09-08T14:39:00Z
1256,"Sanchez Cruz, Jose miguel","sanchez cruz, jose miguel",Sanchez Cruz,Jose miguel,,6/19/1967,1967,,,,,,,no,single-source,wayback_bsnpr_players,https://web.archive.org/web/20200601011615id_/https://www.bsnpr.com/estadisticas/enciclopedia.asp,2026-09-08T14:25:42Z
1257,"Melendez Fuentes, Jose moises","melendez fuentes, jose moises",Melendez Fuentes,Jose moises,,,,,,,,,,no,single-source,wayback_bsnpr_players,https://web.archive.org/web/20070417033701id_/http://www.bsnpr.com:80/estadisticas/enciclopedia.asp,2026-09-08T14:22:06Z
1258,"Quiñones Suarez, Jose n.","quinones suarez, jose n",Quiñones Suarez,Jose n.,,,,,,,,,,no,single-source,wayback_bsnpr_players,https://web.archive.org/web/20070417033701id_/http://www.bsnpr.com:80/estadisticas/enciclopedia.asp,2026-09-08T14:22:06Z
1259,"Rodriguez Martinez, Jose n.","rodriguez martinez, jose n",Rodriguez Martinez,Jose n.,,,,,,,,,,no,single-source,wayback_bsnpr_players,https://web.archive.org/web/20070417033701id_/http://www.bsnpr.com:80/estadisticas/enciclopedia.asp,2026-09-08T14:22:06Z
1260,"Santiago Alvarado, Estadísticas Jugador","santiago alvarado, estadisticas jugador",Santiago Alvarado,Estadísticas Jugador,,3/22/1967,1967,nan,nan,No se sabe,1983,1998,15,yes,single-source,wayback_bsnpr_players,https://web.archive.org/web/20070829040739id_/http://www.bsnpr.com:80/jugadores/jugador.asp?id=1260&e=,2026-09-08T14:39:02Z
1261,"Marrero, Estadísticas Jugador","marrero, estadisticas jugador",Marrero,Estadísticas Jugador,,,,nan,nan,No se sabe,1971,1971,1,yes,single-source,wayback_bsnpr_players,https://web.archive.org/web/20070828224314id_/http://www.bsnpr.com:80/jugadores/jugador.asp?id=1261&e=,2026-09-08T14:39:03Z
1262,"Abreu Mendez, Estadísticas Jugador","abreu mendez, estadisticas jugador",Abreu Mendez,Estadísticas Jugador,,5/20/1974,1974,nan,nan,No se sabe,1991,1996,5,yes,single-source,wayback_bsnpr_players,https://web.archive.org/web/20070829041350id_/http://www.bsnpr.com:80/jugadores/jugador.asp?id=1262&e=,2026-09-08T14:39:05Z
1263,"Berrios, Jose r.","berrios, jose r",Berrios,Jose r.,,,,,,,,,,no,single-source,wayback_bsnpr_players,https://web.archive.org/web/20070417033701id_/http://www.bsnpr.com:80/estadisticas/enciclopedia.asp,2026-09-08T14:22:06Z
1264,"Cestero, Jose r.","cestero, jose r",Cestero,Jose r.,,,,,,,,,,no,single-source,wayback_bsnpr_players,https://web.archive.org/web/20070417033701id_/http://www.bsnpr.com:80/estadisticas/enciclopedia.asp,2026-09-08T14:22:06Z
1265,"Gandara Nieves, Jose r.","gandara nieves, jose r",Gandara Nieves,Jose r.,,7/31/1959,1959,,,,,,,no,single-source,wayback_bsnpr_players,https://web.archive.org/web/20200601011615id_/https://www.bsnpr.com/estadisticas/enciclopedia.asp,2026-09-08T14:25:42Z
1266,"Garcia Rodriguez, Jose r.","garcia rodriguez, jose r",Garcia Rodriguez,Jose r.,,4/15/1956,1956,,,,,,,no,single-source,wayback_bsnpr_players,https://web.archive.org/web/20200601011615id_/https://www.bsnpr.com/estadisticas/enciclopedia.asp,2026-09-08T14:25:42Z
1267,"Martinez Boglio, Jose r.","martinez boglio, jose r",Martinez Boglio,Jose r.,,4/5/1969,1969,,,,,,,no,single-source,wayback_bsnpr_players,https://web.archive.org/web/20200601011615id_/https://www.bsnpr.com/estadisticas/enciclopedia.asp,2026-09-08T14:25:42Z
1268,"Melendez Rodriguez, Estadísticas Jugador","melendez rodriguez, estadisticas jugador",Melendez Rodriguez,Estadísticas Jugador,,,,nan,nan,No se sabe,1999,2000,2,yes,single-source,wayback_bsnpr_players,https://web.archive.org/web/20070828224050id_/http://www.bsnpr.com:80/jugadores/jugador.asp?id=1268&e=,2026-09-08T14:39:07Z
1269,"Montalvo Gaudino, Jose r.","montalvo gaudino, jose r",Montalvo Gaudino,Jose r.,,,,,,,,,,no,single-source,wayback_bsnpr_players,https://web.archive.org/web/20070417033701id_/http://www.bsnpr.com:80/estadisticas/enciclopedia.asp,2026-09-08T14:22:06Z
1270,"Rodriguez Rivera, Jose r.","rodriguez rivera, jose r",Rodriguez Rivera,Jose r.,,,,,,,,,,no,single-source,wayback_bsnpr_players,https://web.archive.org/web/20070417033701id_/http://www.bsnpr.com:80/estadisticas/enciclopedia.asp,2026-09-08T14:22:06Z
1271,"Ortiz Rijos, Jose Rafael","ortiz rijos, jose rafael",Ortiz Rijos,Jose Rafael,piculin,10/25/1963,1963,,,,,,,no,single-source,wayback_bsnpr_players,https://web.archive.org/web/20200601011615id_/https://www.bsnpr.com/estadisticas/enciclopedia.asp,2026-09-08T14:25:42Z
1272,"Rosario Amaro, Estadísticas Jugador","rosario amaro, estadisticas jugador",Rosario Amaro,Estadísticas Jugador,,4/4/1973,1973,"Boston, Massachussets",Massachussets,Delantero/Centro,1992,2009,18,yes,single-source,wayback_bsnpr_players,https://web.archive.org/web/20091209192016id_/http://www.bsnpr.com:80/jugadores/jugador.asp?id=1272&e=,2026-09-08T14:39:09Z
1273,"Castro Gelica, Estadísticas Jugador","castro gelica, estadisticas jugador",Castro Gelica,Estadísticas Jugador,,11/11/1959,1959,nan,nan,No se sabe,1971,1977,4,yes,single-source,wayback_bsnpr_players,https://web.archive.org/web/20070828224637id_/http://www.bsnpr.com:80/jugadores/jugador.asp?id=1273&e=,2026-09-08T14:39:11Z
1274,"Castro Sosa, Estadísticas Jugador","castro sosa, estadisticas jugador",Castro Sosa,Estadísticas Jugador,,8/10/1980,1980,nan,nan,Escolta/Alero,2000,2007,3,yes,single-source,wayback_bsnpr_players,https://web.archive.org/web/20080411054506id_/http://www.bsnpr.com:80/jugadores/jugador.asp?id=1274&e=,2026-09-08T14:39:13Z
1275,"Otero Cancel, Estadísticas Jugador","otero cancel, estadisticas jugador",Otero Cancel,Estadísticas Jugador,cheo,7/6/1959,1959,nan,nan,No se sabe,1976,1993,18,yes,single-source,wayback_bsnpr_players,https://web.archive.org/web/20070828230829id_/http://www.bsnpr.com:80/jugadores/jugador.asp?id=1275&e=,2026-09-08T14:39:15Z
1276,"Lopez Guzman, Jose raul","lopez guzman, jose raul",Lopez Guzman,Jose raul,,1/23/1960,1960,,,,,,,no,single-source,wayback_bsnpr_players,https://web.archive.org/web/20200601011615id_/https://www.bsnpr.com/estadisticas/enciclopedia.asp,2026-09-08T14:25:42Z
1277,"Mercedes Perez, Jose samuel","mercedes perez, jose samuel",Mercedes Perez,Jose samuel,sammy,12/30/1955,1955,,,,,,,no,single-source,wayback_bsnpr_players,https://web.archive.org/web/20200601011615id_/https://www.bsnpr.com/estadisticas/enciclopedia.asp,2026-09-08T14:25:42Z
1278,"Acosta Lebron, Joseph","acosta lebron, joseph",Acosta Lebron,Joseph,,5/14/1959,1959,,,,,,,no,single-source,wayback_bsnpr_players,https://web.archive.org/web/20200601011615id_/https://www.bsnpr.com/estadisticas/enciclopedia.asp,2026-09-08T14:25:42Z
1279,"Aska Zachariah, Estadísticas Jugador","aska zachariah, estadisticas jugador",Aska Zachariah,Estadísticas Jugador,,5/19/1979,1979,"San Juan, Puerto Rico",Puerto Rico,Alero,2000,2006,7,yes,single-source,wayback_bsnpr_players,https://web.archive.org/web/20070829041800id_/http://www.bsnpr.com:80/jugadores/jugador.asp?id=1279&e=,2026-09-08T14:39:17Z
1280,"Bunn Stallins, Joseph","bunn stallins, joseph",Bunn Stallins,Joseph,,5/18/1975,1975,,,,,,,no,single-source,wayback_bsnpr_players,https://web.archive.org/web/20200601011615id_/https://www.bsnpr.com/estadisticas/enciclopedia.asp,2026-09-08T14:25:42Z
1281,"Gamboa Taylor, Estadísticas Jugador","gamboa taylor, estadisticas jugador",Gamboa Taylor,Estadísticas Jugador,,4/6/1953,1953,nan,nan,No se sabe,1972,1985,14,yes,single-source,wayback_bsnpr_players,https://web.archive.org/web/20070829042405id_/http://www.bsnpr.com:80/jugadores/jugador.asp?id=1281&e=,2026-09-08T14:39:19Z
1282,"Hall, Estadísticas Jugador","hall, estadisticas jugador",Hall,Estadísticas Jugador,,,,nan,nan,No se sabe,1961,1961,1,yes,single-source,wayback_bsnpr_players,https://web.archive.org/web/20070829040904id_/http://www.bsnpr.com:80/jugadores/jugador.asp?id=1282&e=,2026-09-08T14:39:21Z
1283,"Narvaez Bermudez, Estadísticas Jugador","narvaez bermudez, estadisticas jugador",Narvaez Bermudez,Estadísticas Jugador,,8/13/1961,1961,nan,nan,No se sabe,1978,1994,9,yes,single-source,wayback_bsnpr_players,https://web.archive.org/web/20070828224303id_/http://www.bsnpr.com:80/jugadores/jugador.asp?id=1283&e=,2026-09-08T14:39:23Z
1284,"Rodriguez Rodriguez, Estadísticas Jugador","rodriguez rodriguez, estadisticas jugador",Rodriguez Rodriguez,Estadísticas Jugador,,9/18/1980,1980,"Rio Piedras, Puerto Rico",Puerto Rico,Escolta,2000,2007,7,yes,single-source,wayback_bsnpr_players,https://web.archive.org/web/20080411054818id_/http://www.bsnpr.com:80/jugadores/jugador.asp?id=1284&e=,2026-09-08T14:39:25Z
1285,"Vogel, Joseph","vogel, joseph",Vogel,Joseph,,,,,,,,,,no,single-source,wayback_bsnpr_players,https://web.archive.org/web/20070417033701id_/http://www.bsnpr.com:80/estadisticas/enciclopedia.asp,2026-09-08T14:22:06Z
1286,"Murray Quiñones, Estadísticas Jugador","murray quinones, estadisticas jugador",Murray Quiñones,Estadísticas Jugador,joe,9/20/1967,1967,"Bronx, New York",New York,Delantero/Centro,1991,2007,17,yes,single-source,wayback_bsnpr_players,https://web.archive.org/web/20080228053258id_/http://www.bsnpr.com:80/jugadores/jugador.asp?id=1286&e=5,2026-09-08T14:39:27Z
1287,"White, Joseph","white, joseph",White,Joseph,joe,,,,,,,,,no,single-source,wayback_bsnpr_players,https://web.archive.org/web/20070417033701id_/http://www.bsnpr.com:80/estadisticas/enciclopedia.asp,2026-09-08T14:22:06Z
1288,"Griffin Torres, Joseph m.","griffin torres, joseph m",Griffin Torres,Joseph m.,,4/11/1972,1972,,,,,,,no,single-source,wayback_bsnpr_players,https://web.archive.org/web/20200601011615id_/https://www.bsnpr.com/estadisticas/enciclopedia.asp,2026-09-08T14:25:42Z
1289,"Cruz Roman, Estadísticas Jugador","cruz roman, estadisticas jugador",Cruz Roman,Estadísticas Jugador,,9/28/1961,1961,nan,nan,No se sabe,1981,1984,3,yes,single-source,wayback_bsnpr_players,https://web.archive.org/web/20070828230445id_/http://www.bsnpr.com:80/jugadores/jugador.asp?id=1289&e=,2026-09-08T14:39:29Z
1290,"Asselin, Joshua","asselin, joshua",Asselin,Joshua,,12/24/1978,1978,"Caro, Michigan",Michigan,Centro,2004,2013,2,yes,single-source,wayback_bsnpr_players,https://web.archive.org/web/20211122001755id_/https://www.bsnpr.com/jugadores/jugador.asp?id=1290&serie=1,2026-09-08T14:39:31Z
1291,"Rivera, Joshua","rivera, joshua",Rivera,Joshua,,,,,,,,,,no,single-source,wayback_bsnpr_players,https://web.archive.org/web/20070417033701id_/http://www.bsnpr.com:80/estadisticas/enciclopedia.asp,2026-09-08T14:22:06Z
1292,"Seda, Jossie","seda, jossie",Seda,Jossie,,,,,,,,,,no,single-source,wayback_bsnpr_players,https://web.archive.org/web/20070417033701id_/http://www.bsnpr.com:80/estadisticas/enciclopedia.asp,2026-09-08T14:22:06Z
1293,"Nieves Fred, Estadísticas Jugador","nieves fred, estadisticas jugador",Nieves Fred,Estadísticas Jugador,,11/29/1976,1976,"Santurce, Puerto Rico",Puerto Rico,Escolta,1993,2008,14,yes,single-source,wayback_bsnpr_players,https://web.archive.org/web/20090422185032id_/http://www.bsnpr.com:80/jugadores/jugador.asp?id=1293&e=9,2026-09-08T14:39:33Z
1294,"Alverio Baez, Estadísticas Jugador","alverio baez, estadisticas jugador",Alverio Baez,Estadísticas Jugador,,7/9/1962,1962,nan,nan,No se sabe,1982,1991,10,yes,single-source,wayback_bsnpr_players,https://web.archive.org/web/20070829041620id_/http://www.bsnpr.com:80/jugadores/jugador.asp?id=1294&e=,2026-09-08T14:39:35Z
1295,"Aviles, Juan","aviles, juan",Aviles,Juan,,,,,,,,,,no,single-source,wayback_bsnpr_players,https://web.archive.org/web/20070417033701id_/http://www.bsnpr.com:80/estadisticas/enciclopedia.asp,2026-09-08T14:22:06Z
1296,"Aviles Pagan, Juan","aviles pagan, juan",Aviles Pagan,Juan,,10/30/1974,1974,,,,,,,no,single-source,wayback_bsnpr_players,https://web.archive.org/web/20200601011615id_/https://www.bsnpr.com/estadisticas/enciclopedia.asp,2026-09-08T14:25:42Z
1297,"Bryant, Estadísticas Jugador","bryant, estadisticas jugador",Bryant,Estadísticas Jugador,,,,nan,nan,No se sabe,1999,1999,1,yes,single-source,wayback_bsnpr_players,https://web.archive.org/web/20070828230738id_/http://www.bsnpr.com:80/jugadores/jugador.asp?id=1297&e=,2026-09-08T14:39:36Z
1298,"Cabanas, Juan","cabanas, juan",Cabanas,Juan,,,,,,,,,,no,single-source,wayback_bsnpr_players,https://web.archive.org/web/20070417033701id_/http://www.bsnpr.com:80/estadisticas/enciclopedia.asp,2026-09-08T14:22:06Z
1299,"Cain, Juan","cain, juan",Cain,Juan,,,,,,,,,,no,single-source,wayback_bsnpr_players,https://web.archive.org/web/20070417033701id_/http://www.bsnpr.com:80/estadisticas/enciclopedia.asp,2026-09-08T14:22:06Z
1300,"Carrero, Juan","carrero, juan",Carrero,Juan,,,,,,,,,,no,single-source,wayback_bsnpr_players,https://web.archive.org/web/20070417033701id_/http://www.bsnpr.com:80/estadisticas/enciclopedia.asp,2026-09-08T14:22:06Z
1301,"Cuerda, Estadísticas Jugador","cuerda, estadisticas jugador",Cuerda,Estadísticas Jugador,,,,nan,nan,No se sabe,1961,1961,1,yes,single-source,wayback_bsnpr_players,https://web.archive.org/web/20070829040115id_/http://www.bsnpr.com:80/jugadores/jugador.asp?id=1301&e=,2026-09-08T14:39:38Z
1302,"Emanueli, Juan","emanueli, juan",Emanueli,Juan,,,,,,,,,,no,single-source,wayback_bsnpr_players,https://web.archive.org/web/20070417033701id_/http://www.bsnpr.com:80/estadisticas/enciclopedia.asp,2026-09-08T14:22:06Z
1303,"Gelpi, Juan","gelpi, juan",Gelpi,Juan,,,,,,,,,,no,single-source,wayback_bsnpr_players,https://web.archive.org/web/20070417033701id_/http://www.bsnpr.com:80/estadisticas/enciclopedia.asp,2026-09-08T14:22:06Z
1304,"Griles Eaton, Juan","griles eaton, juan",Griles Eaton,Juan,,6/2/1966,1966,,,,,,,no,single-source,wayback_bsnpr_players,https://web.archive.org/web/20200601011615id_/https://www.bsnpr.com/estadisticas/enciclopedia.asp,2026-09-08T14:25:42Z
1305,"Guilbe, Estadísticas Jugador","guilbe, estadisticas jugador",Guilbe,Estadísticas Jugador,,,,nan,nan,No se sabe,1964,1996,2,yes,single-source,wayback_bsnpr_players,https://web.archive.org/web/20070829042344id_/http://www.bsnpr.com:80/jugadores/jugador.asp?id=1305&e=,2026-09-08T14:39:40Z
1306,"Gutierrez, Juan","gutierrez, juan",Gutierrez,Juan,,,,,,,,,,no,single-source,wayback_bsnpr_players,https://web.archive.org/web/20070417033701id_/http://www.bsnpr.com:80/estadisticas/enciclopedia.asp,2026-09-08T14:22:06Z
1307,"Herrera, Juan","herrera, juan",Herrera,Juan,,,,,,,,,,no,single-source,wayback_bsnpr_players,https://web.archive.org/web/20070417033701id_/http://www.bsnpr.com:80/estadisticas/enciclopedia.asp,2026-09-08T14:22:06Z
1308,"Lopez Velez, Juan","lopez velez, juan",Lopez Velez,Juan,,12/25/1949,1949,,,,,,,no,single-source,wayback_bsnpr_players,https://web.archive.org/web/20200601011615id_/https://www.bsnpr.com/estadisticas/enciclopedia.asp,2026-09-08T14:25:42Z
1309,"Lozada Calderon, Estadísticas Jugador","lozada calderon, estadisticas jugador",Lozada Calderon,Estadísticas Jugador,,12/25/1965,1965,nan,nan,No se sabe,1985,1995,6,yes,single-source,wayback_bsnpr_players,https://web.archive.org/web/20070828231524id_/http://www.bsnpr.com:80/jugadores/jugador.asp?id=1309&e=,2026-09-08T14:39:42Z
1310,"Maldonado, Juan","maldonado, juan",Maldonado,Juan,,,,,,,,,,no,single-source,wayback_bsnpr_players,https://web.archive.org/web/20070417033701id_/http://www.bsnpr.com:80/estadisticas/enciclopedia.asp,2026-09-08T14:22:06Z
1311,"Marcano Perez, Estadísticas Jugador","marcano perez, estadisticas jugador",Marcano Perez,Estadísticas Jugador,,,,nan,nan,No se sabe,1993,1998,6,yes,single-source,wayback_bsnpr_players,https://web.archive.org/web/20070828224309id_/http://www.bsnpr.com:80/jugadores/jugador.asp?id=1311&e=,2026-09-08T14:39:44Z
1312,"Marichal Ramos, Juan","marichal ramos, juan",Marichal Ramos,Juan,,3/7/1961,1961,,,,,,,no,single-source,wayback_bsnpr_players,https://web.archive.org/web/20200601011615id_/https://www.bsnpr.com/estadisticas/enciclopedia.asp,2026-09-08T14:25:42Z
1313,"Martinez, Juan","martinez, juan",Martinez,Juan,,,,,,,,,,no,single-source,wayback_bsnpr_players,https://web.archive.org/web/20070417033701id_/http://www.bsnpr.com:80/estadisticas/enciclopedia.asp,2026-09-08T14:22:06Z
1314,"Martinez Cruz, Juan","martinez cruz, juan",Martinez Cruz,Juan,,6/12/1963,1963,,,,,,,no,single-source,wayback_bsnpr_players,https://web.archive.org/web/20200601011615id_/https://www.bsnpr.com/estadisticas/enciclopedia.asp,2026-09-08T14:25:42Z
1315,"Melendez, Juan","melendez, juan",Melendez,Juan,,,,,,,,,,no,single-source,wayback_bsnpr_players,https://web.archive.org/web/20070417033701id_/http://www.bsnpr.com:80/estadisticas/enciclopedia.asp,2026-09-08T14:22:06Z
1316,"Pabon Miranda, Estadísticas Jugador","pabon miranda, estadisticas jugador",Pabon Miranda,Estadísticas Jugador,,1/21/1948,1948,nan,nan,No se sabe,1966,1975,9,yes,single-source,wayback_bsnpr_players,https://web.archive.org/web/20070829040137id_/http://www.bsnpr.com:80/jugadores/jugador.asp?id=1316&e=,2026-09-08T14:39:46Z
1317,"Rivera, Juan","rivera, juan",Rivera,Juan,,,,,,,,,,no,single-source,wayback_bsnpr_players,https://web.archive.org/web/20070417033701id_/http://www.bsnpr.com:80/estadisticas/enciclopedia.asp,2026-09-08T14:22:06Z
1318,"Rivera Alvarado, Juan","rivera alvarado, juan",Rivera Alvarado,Juan,,10/17/1966,1966,,,,,,,no,single-source,wayback_bsnpr_players,https://web.archive.org/web/20200601011615id_/https://www.bsnpr.com/estadisticas/enciclopedia.asp,2026-09-08T14:25:42Z
1319,"Rodriguez Jackson, Juan","rodriguez jackson, juan",Rodriguez Jackson,Juan,,5/10/1963,1963,,,,,,,no,single-source,wayback_bsnpr_players,https://web.archive.org/web/20200601011615id_/https://www.bsnpr.com/estadisticas/enciclopedia.asp,2026-09-08T14:25:42Z
1320,"Rosario, Juan","rosario, juan",Rosario,Juan,,,,,,,,,,no,single-source,wayback_bsnpr_players,https://web.archive.org/web/20070417033701id_/http://www.bsnpr.com:80/estadisticas/enciclopedia.asp,2026-09-08T14:22:06Z
1321,"Rosas Bayron, Juan","rosas bayron, juan",Rosas Bayron,Juan,,10/30/1953,1953,,,,,,,no,single-source,wayback_bsnpr_players,https://web.archive.org/web/20200601011615id_/https://www.bsnpr.com/estadisticas/enciclopedia.asp,2026-09-08T14:25:42Z
1322,"Santos, Juan","santos, juan",Santos,Juan,,,,,,,,,,no,single-source,wayback_bsnpr_players,https://web.archive.org/web/20070417033701id_/http://www.bsnpr.com:80/estadisticas/enciclopedia.asp,2026-09-08T14:22:06Z
1323,"Serralles, Juan","serralles, juan",Serralles,Juan,,,,,,,,,,no,single-source,wayback_bsnpr_players,https://web.archive.org/web/20070417033701id_/http://www.bsnpr.com:80/estadisticas/enciclopedia.asp,2026-09-08T14:22:06Z
1324,"Trinidad Martinez, Juan","trinidad martinez, juan",Trinidad Martinez,Juan,,5/18/1960,1960,nan,nan,Escolta/Delantero,1978,1992,15,yes,single-source,wayback_bsnpr_players,https://web.archive.org/web/20171030093708id_/http://www.bsnpr.com/jugadores/jugador.asp?id=1324,2026-09-08T14:39:48Z
1325,"Turull, Juan","turull, juan",Turull,Juan,,,,,,,,,,no,single-source,wayback_bsnpr_players,https://web.archive.org/web/20070417033701id_/http://www.bsnpr.com:80/estadisticas/enciclopedia.asp,2026-09-08T14:22:06Z
1326,"Velazquez, Juan","velazquez, juan",Velazquez,Juan,,,,,,,,,,no,single-source,wayback_bsnpr_players,https://web.archive.org/web/20070417033701id_/http://www.bsnpr.com:80/estadisticas/enciclopedia.asp,2026-09-08T14:22:06Z
1327,"Vicens Sastre, Juan","vicens sastre, juan",Vicens Sastre,Juan,pachin,9/7/1934,1934,,,,,,,no,single-source,wayback_bsnpr_players,https://web.archive.org/web/20200601011615id_/https://www.bsnpr.com/estadisticas/enciclopedia.asp,2026-09-08T14:25:42Z
1328,"Bruno Roman, Juan a.","bruno roman, juan a",Bruno Roman,Juan a.,,3/20/1965,1965,,,,,,,no,single-source,wayback_bsnpr_players,https://web.archive.org/web/20200601011615id_/https://www.bsnpr.com/estadisticas/enciclopedia.asp,2026-09-08T14:25:42Z
1329,"Cestero Ayala, Juan a.","cestero ayala, juan a",Cestero Ayala,Juan a.,,3/12/1960,1960,,,,,,,no,single-source,wayback_bsnpr_players,https://web.archive.org/web/20200601011615id_/https://www.bsnpr.com/estadisticas/enciclopedia.asp,2026-09-08T14:25:42Z
1330,"Molina, Juan a.","molina, juan a",Molina,Juan a.,,1/7/1963,1963,,,,,,,no,single-source,wayback_bsnpr_players,https://web.archive.org/web/20200601011615id_/https://www.bsnpr.com/estadisticas/enciclopedia.asp,2026-09-08T14:25:42Z
1331,"Rivera Ramos, Juan a.","rivera ramos, juan a",Rivera Ramos,Juan a.,,,,,,,,,,no,single-source,wayback_bsnpr_players,https://web.archive.org/web/20070417033701id_/http://www.bsnpr.com:80/estadisticas/enciclopedia.asp,2026-09-08T14:22:06Z
1332,"Torruellas, Juan a.","torruellas, juan a",Torruellas,Juan a.,,,,,,,,,,no,single-source,wayback_bsnpr_players,https://web.archive.org/web/20070417033701id_/http://www.bsnpr.com:80/estadisticas/enciclopedia.asp,2026-09-08T14:22:06Z
1333,"Bernald, Juan b.","bernald, juan b",Bernald,Juan b.,,6/24/1953,1953,,,,,,,no,single-source,wayback_bsnpr_players,https://web.archive.org/web/20200601011615id_/https://www.bsnpr.com/estadisticas/enciclopedia.asp,2026-09-08T14:25:42Z
1334,"Aponte Andino, Juan c.","aponte andino, juan c",Aponte Andino,Juan c.,,7/17/1962,1962,,,,,,,no,single-source,wayback_bsnpr_players,https://web.archive.org/web/20200601011615id_/https://www.bsnpr.com/estadisticas/enciclopedia.asp,2026-09-08T14:25:42Z
1335,"Alvarez Loayza, Juan carlos","alvarez loayza, juan carlos",Alvarez Loayza,Juan carlos,,1/26/1958,1958,,,,,,,no,single-source,wayback_bsnpr_players,https://web.archive.org/web/20200601011615id_/https://www.bsnpr.com/estadisticas/enciclopedia.asp,2026-09-08T14:25:42Z
1336,"Baez Hernaiz, Estadísticas Jugador","baez hernaiz, estadisticas jugador",Baez Hernaiz,Estadísticas Jugador,,3/17/1965,1965,nan,nan,No se sabe,1982,1996,14,yes,single-source,wayback_bsnpr_players,https://web.archive.org/web/20070829040348id_/http://www.bsnpr.com:80/jugadores/jugador.asp?id=1336&e=,2026-09-08T14:39:50Z
1337,"Castro Cruz, Juan carlos","castro cruz, juan carlos",Castro Cruz,Juan carlos,,3/19/1984,1984,,,,,,,no,single-source,wayback_bsnpr_players,https://web.archive.org/web/20200601011615id_/https://www.bsnpr.com/estadisticas/enciclopedia.asp,2026-09-08T14:25:42Z
1338,"Santiago Gonzalez, Juan carlos","santiago gonzalez, juan carlos",Santiago Gonzalez,Juan carlos,,,,,,,,,,no,single-source,wayback_bsnpr_players,https://web.archive.org/web/20070417033701id_/http://www.bsnpr.com:80/estadisticas/enciclopedia.asp,2026-09-08T14:22:06Z
1339,"Rodriguez Colon, Estadísticas Jugador","rodriguez colon, estadisticas jugador",Rodriguez Colon,Estadísticas Jugador,,3/6/1976,1976,"Santurce, Puerto Rico",Puerto Rico,Armador,2004,2008,4,yes,single-source,wayback_bsnpr_players,https://web.archive.org/web/20080423221417id_/http://www.bsnpr.com:80/jugadores/jugador.asp?id=1339&e=2,2026-09-08T14:39:52Z
1340,"Rodriguez Rodriguez, Juan eduardo","rodriguez rodriguez, juan eduardo",Rodriguez Rodriguez,Juan eduardo,,5/4/1983,1983,,,,,,,no,single-source,wayback_bsnpr_players,https://web.archive.org/web/20200601011615id_/https://www.bsnpr.com/estadisticas/enciclopedia.asp,2026-09-08T14:25:42Z
1341,"Vicens, Juan Enrique","vicens, juan enrique",Vicens,Juan Enrique,coco,,,,,,,,,no,single-source,wayback_bsnpr_players,https://web.archive.org/web/20070417033701id_/http://www.bsnpr.com:80/estadisticas/enciclopedia.asp,2026-09-08T14:22:06Z
1342,"Morales Matos, Juan f.","morales matos, juan f",Morales Matos,Juan f.,,5/25/1962,1962,,,,,,,no,single-source,wayback_bsnpr_players,https://web.archive.org/web/20200601011615id_/https://www.bsnpr.com/estadisticas/enciclopedia.asp,2026-09-08T14:25:42Z
1343,"Rodriguez Alvarez, Juan j.","rodriguez alvarez, juan j",Rodriguez Alvarez,Juan j.,,,,,,,,,,no,single-source,wayback_bsnpr_players,https://web.archive.org/web/20070417033701id_/http://www.bsnpr.com:80/estadisticas/enciclopedia.asp,2026-09-08T14:22:06Z
1344,"Diaz Homs, Juan jose","diaz homs, juan jose",Diaz Homs,Juan jose,,,,,,,,,,no,single-source,wayback_bsnpr_players,https://web.archive.org/web/20070417033701id_/http://www.bsnpr.com:80/estadisticas/enciclopedia.asp,2026-09-08T14:22:06Z
1345,"Hiraldo Garcia, Juan jose","hiraldo garcia, juan jose",Hiraldo Garcia,Juan jose,,,,,,,,,,no,single-source,wayback_bsnpr_players,https://web.archive.org/web/20070417033701id_/http://www.bsnpr.com:80/estadisticas/enciclopedia.asp,2026-09-08T14:22:06Z
1346,"Hiraldo Santiago, Juan jose","hiraldo santiago, juan jose",Hiraldo Santiago,Juan jose,,6/29/1955,1955,,,,,,,no,single-source,wayback_bsnpr_players,https://web.archive.org/web/20200601011615id_/https://www.bsnpr.com/estadisticas/enciclopedia.asp,2026-09-08T14:25:42Z
1347,"Lanauze Muñiz, Estadísticas Jugador","lanauze muniz, estadisticas jugador",Lanauze Muñiz,Estadísticas Jugador,Chemba,11/19/1960,1960,nan,nan,No se sabe,1978,1994,17,yes,single-source,wayback_bsnpr_players,https://web.archive.org/web/20070829042430id_/http://www.bsnpr.com:80/jugadores/jugador.asp?id=1347&e=,2026-09-08T14:39:54Z
1348,"Rosario Roman, Juan l.","rosario roman, juan l",Rosario Roman,Juan l.,,,,,,,,,,no,single-source,wayback_bsnpr_players,https://web.archive.org/web/20070417033701id_/http://www.bsnpr.com:80/estadisticas/enciclopedia.asp,2026-09-08T14:22:06Z
1349,"Syevens, Juan m.","syevens, juan m",Syevens,Juan m.,,,,,,,,,,no,single-source,wayback_bsnpr_players,https://web.archive.org/web/20070417033701id_/http://www.bsnpr.com:80/estadisticas/enciclopedia.asp,2026-09-08T14:22:06Z
1350,"Marina Vega, Juan manuel","marina vega, juan manuel",Marina Vega,Juan manuel,,9/27/1967,1967,,,,,,,no,single-source,wayback_bsnpr_players,https://web.archive.org/web/20200601011615id_/https://www.bsnpr.com/estadisticas/enciclopedia.asp,2026-09-08T14:25:42Z
1351,"Irizarry, Estadísticas Jugador","irizarry, estadisticas jugador",Irizarry,Estadísticas Jugador,,,,nan,nan,No se sabe,1959,1963,3,yes,single-source,wayback_bsnpr_players,https://web.archive.org/web/20070828230322id_/http://www.bsnpr.com:80/jugadores/jugador.asp?id=1351&e=,2026-09-08T14:39:56Z
1352,"Banuchi Ramos, Juan r.","banuchi ramos, juan r",Banuchi Ramos,Juan r.,,3/9/1970,1970,,,,,,,no,single-source,wayback_bsnpr_players,https://web.archive.org/web/20200601011615id_/https://www.bsnpr.com/estadisticas/enciclopedia.asp,2026-09-08T14:25:42Z
1353,"Batista, Estadísticas Jugador","batista, estadisticas jugador",Batista,Estadísticas Jugador,,,,nan,nan,No se sabe,1971,1973,3,yes,single-source,wayback_bsnpr_players,https://web.archive.org/web/20070828225130id_/http://www.bsnpr.com:80/jugadores/jugador.asp?id=1353&e=,2026-09-08T14:39:58Z
1354,"Berrios Velazquez, Juan r.","berrios velazquez, juan r",Berrios Velazquez,Juan r.,,10/20/1960,1960,,,,,,,no,single-source,wayback_bsnpr_players,https://web.archive.org/web/20200601011615id_/https://www.bsnpr.com/estadisticas/enciclopedia.asp,2026-09-08T14:25:42Z
1355,"Veiga, Juan r.","veiga, juan r",Veiga,Juan r.,,,,,,,,,,no,single-source,wayback_bsnpr_players,https://web.archive.org/web/20070417033701id_/http://www.bsnpr.com:80/estadisticas/enciclopedia.asp,2026-09-08T14:22:06Z
1356,"Rivera Diaz, Juan ramon","rivera diaz, juan ramon",Rivera Diaz,Juan ramon,,3/3/1966,1966,,,,,,,no,single-source,wayback_bsnpr_players,https://web.archive.org/web/20200601011615id_/https://www.bsnpr.com/estadisticas/enciclopedia.asp,2026-09-08T14:25:42Z
1357,"Wharton Pizarro, Estadísticas Jugador","wharton pizarro, estadisticas jugador",Wharton Pizarro,Estadísticas Jugador,,,,nan,nan,No se sabe,2002,2004,2,yes,single-source,wayback_bsnpr_players,https://web.archive.org/web/20070828223351id_/http://www.bsnpr.com:80/jugadores/jugador.asp?id=1357&e=,2026-09-08T14:40:00Z
1358,"Rodriguez Garcia, Julian","rodriguez garcia, julian",Rodriguez Garcia,Julian,,7/20/1970,1970,"Ponce, Puerto Rico",Puerto Rico,Centro,1989,1994,6,yes,single-source,wayback_bsnpr_players,https://web.archive.org/web/20171029173052id_/http://www.bsnpr.com/jugadores/jugador.asp?id=1358,2026-09-08T14:40:02Z
1359,"Alvarado Gesualdo, Estadísticas Jugador","alvarado gesualdo, estadisticas jugador",Alvarado Gesualdo,Estadísticas Jugador,,10/2/1959,1959,nan,nan,No se sabe,1978,1988,11,yes,single-source,wayback_bsnpr_players,https://web.archive.org/web/20070829040038id_/http://www.bsnpr.com:80/jugadores/jugador.asp?id=1359&e=,2026-09-08T14:40:04Z
1360,"Ayuso, Julio","ayuso, julio",Ayuso,Julio,,,,,,,,,,no,single-source,wayback_bsnpr_players,https://web.archive.org/web/20070417033701id_/http://www.bsnpr.com:80/estadisticas/enciclopedia.asp,2026-09-08T14:22:06Z
1361,"Bruno Pantoja, Julio","bruno pantoja, julio",Bruno Pantoja,Julio,,2/7/1958,1958,,,,,,,no,single-source,wayback_bsnpr_players,https://web.archive.org/web/20200601011615id_/https://www.bsnpr.com/estadisticas/enciclopedia.asp,2026-09-08T14:25:42Z
1362,"Cabrera, Julio","cabrera, julio",Cabrera,Julio,,,,,,,,,,no,single-source,wayback_bsnpr_players,https://web.archive.org/web/20070417033701id_/http://www.bsnpr.com:80/estadisticas/enciclopedia.asp,2026-09-08T14:22:06Z
1363,"Camacho, Julio","camacho, julio",Camacho,Julio,,,,,,,,,,no,single-source,wayback_bsnpr_players,https://web.archive.org/web/20070417033701id_/http://www.bsnpr.com:80/estadisticas/enciclopedia.asp,2026-09-08T14:22:06Z
1364,"Clivilles, Julio","clivilles, julio",Clivilles,Julio,,,,,,,,,,no,single-source,wayback_bsnpr_players,https://web.archive.org/web/20070417033701id_/http://www.bsnpr.com:80/estadisticas/enciclopedia.asp,2026-09-08T14:22:06Z
1365,"Gallardo Quijano, Julio","gallardo quijano, julio",Gallardo Quijano,Julio,,6/26/1958,1958,,,,,,,no,single-source,wayback_bsnpr_players,https://web.archive.org/web/20200601011615id_/https://www.bsnpr.com/estadisticas/enciclopedia.asp,2026-09-08T14:25:42Z
1366,"Gotay Irizarry, Julio","gotay irizarry, julio",Gotay Irizarry,Julio,,8/10/1961,1961,,,,,,,no,single-source,wayback_bsnpr_players,https://web.archive.org/web/20200601011615id_/https://www.bsnpr.com/estadisticas/enciclopedia.asp,2026-09-08T14:25:42Z
1367,"Mendez Fuentes, Julio","mendez fuentes, julio",Mendez Fuentes,Julio,,,,,,,,,,no,single-source,wayback_bsnpr_players,https://web.archive.org/web/20070417033701id_/http://www.bsnpr.com:80/estadisticas/enciclopedia.asp,2026-09-08T14:22:06Z
1368,"Mendez Lacount, Julio","mendez lacount, julio",Mendez Lacount,Julio,,,,,,,,,,no,single-source,wayback_bsnpr_players,https://web.archive.org/web/20070417033701id_/http://www.bsnpr.com:80/estadisticas/enciclopedia.asp,2026-09-08T14:22:06Z
1369,"Mercado, Julio","mercado, julio",Mercado,Julio,,,,,,,,,,no,single-source,wayback_bsnpr_players,https://web.archive.org/web/20070417033701id_/http://www.bsnpr.com:80/estadisticas/enciclopedia.asp,2026-09-08T14:22:06Z
1370,"Micheo Martinez, Julio","micheo martinez, julio",Micheo Martinez,Julio,,7/4/1959,1959,,,,,,,no,single-source,wayback_bsnpr_players,https://web.archive.org/web/20200601011615id_/https://www.bsnpr.com/estadisticas/enciclopedia.asp,2026-09-08T14:25:42Z
1371,"Nazario, Julio","nazario, julio",Nazario,Julio,,,,,,,,,,no,single-source,wayback_bsnpr_players,https://web.archive.org/web/20070417033701id_/http://www.bsnpr.com:80/estadisticas/enciclopedia.asp,2026-09-08T14:22:06Z
1372,"Negron Figueroa, Julio","negron figueroa, julio",Negron Figueroa,Julio,,,,,,,,,,no,single-source,wayback_bsnpr_players,https://web.archive.org/web/20070417033701id_/http://www.bsnpr.com:80/estadisticas/enciclopedia.asp,2026-09-08T14:22:06Z
1373,"Rivera Maldonado, Estadísticas Jugador","rivera maldonado, estadisticas jugador",Rivera Maldonado,Estadísticas Jugador,,,,"Newark, New Jersey",New Jersey,Delantero,1995,2007,6,yes,single-source,wayback_bsnpr_players,https://web.archive.org/web/20080224155307id_/http://www.bsnpr.com:80/jugadores/jugador.asp?id=1373&e=11,2026-09-08T14:40:06Z
1374,"Rosario, Julio","rosario, julio",Rosario,Julio,,,,,,,,,,no,single-source,wayback_bsnpr_players,https://web.archive.org/web/20070417033701id_/http://www.bsnpr.com:80/estadisticas/enciclopedia.asp,2026-09-08T14:22:06Z
1375,"Soler, Julio","soler, julio",Soler,Julio,,,,,,,,,,no,single-source,wayback_bsnpr_players,https://web.archive.org/web/20070417033701id_/http://www.bsnpr.com:80/estadisticas/enciclopedia.asp,2026-09-08T14:22:06Z
1376,"Tapia, Estadísticas Jugador","tapia, estadisticas jugador",Tapia,Estadísticas Jugador,,1/4/1954,1954,nan,nan,No se sabe,1977,1982,2,yes,single-source,wayback_bsnpr_players,https://web.archive.org/web/20070829035105id_/http://www.bsnpr.com:80/jugadores/jugador.asp?id=1376&e=,2026-09-08T14:40:08Z
1377,"Toro, Julio","toro, julio",Toro,Julio,,9/5/1943,1943,"San Juan, Puerto Rico",Puerto Rico,Escolta,1961,1974,14,yes,single-source,wayback_bsnpr_players,https://web.archive.org/web/20200110122014id_/https://www.bsnpr.com/jugadores/jugador.asp?id=1377,2026-09-08T14:40:10Z
1378,"Vigo Castillo, Julio","vigo castillo, julio",Vigo Castillo,Julio,,7/12/1960,1960,,,,,,,no,single-source,wayback_bsnpr_players,https://web.archive.org/web/20200601011615id_/https://www.bsnpr.com/estadisticas/enciclopedia.asp,2026-09-08T14:25:42Z
1379,"Vigo Castillo, Estadísticas Jugador","vigo castillo, estadisticas jugador",Vigo Castillo,Estadísticas Jugador,,7/12/1960,1960,nan,nan,No se sabe,1973,1982,10,yes,single-source,wayback_bsnpr_players,https://web.archive.org/web/20070829035223id_/http://www.bsnpr.com:80/jugadores/jugador.asp?id=1379&e=,2026-09-08T14:40:12Z
1380,"Llamas Soto, Julio a.","llamas soto, julio a",Llamas Soto,Julio a.,,5/17/1969,1969,,,,,,,no,single-source,wayback_bsnpr_players,https://web.archive.org/web/20200601011615id_/https://www.bsnpr.com/estadisticas/enciclopedia.asp,2026-09-08T14:25:42Z
1381,"Hatten, Julius","hatten, julius",Hatten,Julius,,,,,,,,,,no,single-source,wayback_bsnpr_players,https://web.archive.org/web/20070417033701id_/http://www.bsnpr.com:80/estadisticas/enciclopedia.asp,2026-09-08T14:22:06Z
1382,"Myers, Julius","myers, julius",Myers,Julius,,,,,,,,,,no,single-source,wayback_bsnpr_players,https://web.archive.org/web/20070417033701id_/http://www.bsnpr.com:80/estadisticas/enciclopedia.asp,2026-09-08T14:22:06Z
1383,"Nwosu, Julius","nwosu, julius",Nwosu,Julius,,,,,,,,,,no,single-source,wayback_bsnpr_players,https://web.archive.org/web/20070417033701id_/http://www.bsnpr.com:80/estadisticas/enciclopedia.asp,2026-09-08T14:22:06Z
1384,"Aviles, Junior","aviles, junior",Aviles,Junior,,,,,,,,,,no,single-source,wayback_bsnpr_players,https://web.archive.org/web/20070417033701id_/http://www.bsnpr.com:80/estadisticas/enciclopedia.asp,2026-09-08T14:22:06Z
1385,"Malpica Torres, Karim","malpica torres, karim",Malpica Torres,Karim,,8/24/1978,1978,"Distrito Federal, Mexico",Mexico,Armador,2001,2013,9,yes,single-source,wayback_bsnpr_players,https://web.archive.org/web/20130428000839id_/http://www.bsnpr.com:80/jugadores/jugador.asp?id=1385&e=,2026-09-08T14:40:14Z
1386,"Stewart, Kebu","stewart, kebu",Stewart,Kebu,,12/19/1973,1973,,,,,,,no,single-source,wayback_bsnpr_players,https://web.archive.org/web/20200601011615id_/https://www.bsnpr.com/estadisticas/enciclopedia.asp,2026-09-08T14:25:42Z
1387,"Stewart, Kebu","stewart, kebu",Stewart,Kebu,,,,nan,nan,No se sabe,2000,2000,1,yes,single-source,wayback_bsnpr_players,https://web.archive.org/web/20180408010551id_/http://www.bsnpr.com/jugadores/jugador.asp?id=1387,2026-09-08T14:40:16Z
1388,"Jourdon Monsanto, Estadísticas Jugador","jourdon monsanto, estadisticas jugador",Jourdon Monsanto,Estadísticas Jugador,,7/12/1974,1974,"Los Angeles, California",California,Delantero,2001,2009,9,yes,single-source,wayback_bsnpr_players,https://web.archive.org/web/20091206232034id_/http://www.bsnpr.com:80/jugadores/jugador.asp?id=1388&e=,2026-09-08T14:40:18Z
1389,"Johnson, Keith","johnson, keith",Johnson,Keith,,,,,,,,,,no,single-source,wayback_bsnpr_players,https://web.archive.org/web/20070417033701id_/http://www.bsnpr.com:80/estadisticas/enciclopedia.asp,2026-09-08T14:22:06Z
1390,"Leslie Ocasio, Keith","leslie ocasio, keith",Leslie Ocasio,Keith,,,,,,,,,,no,single-source,wayback_bsnpr_players,https://web.archive.org/web/20070417033701id_/http://www.bsnpr.com:80/estadisticas/enciclopedia.asp,2026-09-08T14:22:06Z
1391,"Robinson, Keith","robinson, keith",Robinson,Keith,,,,,,,,,,no,single-source,wayback_bsnpr_players,https://web.archive.org/web/20070417033701id_/http://www.bsnpr.com:80/estadisticas/enciclopedia.asp,2026-09-08T14:22:06Z
1392,"Robinson Walker, Keith","robinson walker, keith",Robinson Walker,Keith,,,,,,,,,,no,single-source,wayback_bsnpr_players,https://web.archive.org/web/20070417033701id_/http://www.bsnpr.com:80/estadisticas/enciclopedia.asp,2026-09-08T14:22:06Z
1393,"Stanley, Kelly","stanley, kelly",Stanley,Kelly,,,,,,,,,,no,single-source,wayback_bsnpr_players,https://web.archive.org/web/20070417033701id_/http://www.bsnpr.com:80/estadisticas/enciclopedia.asp,2026-09-08T14:22:06Z
1394,"Bonilla Diaz, Kelvin","bonilla diaz, kelvin",Bonilla Diaz,Kelvin,,,,,,,,,,no,single-source,wayback_bsnpr_players,https://web.archive.org/web/20070417033701id_/http://www.bsnpr.com:80/estadisticas/enciclopedia.asp,2026-09-08T14:22:06Z
1395,"Chambers, Estadísticas Jugador","chambers, estadisticas jugador",Chambers,Estadísticas Jugador,,,,nan,nan,No se sabe,1993,1993,1,yes,single-source,wayback_bsnpr_players,https://web.archive.org/web/20070828224319id_/http://www.bsnpr.com:80/jugadores/jugador.asp?id=1395&e=,2026-09-08T14:40:21Z
1396,"Nieves Santos, Kelvin Omar","nieves santos, kelvin omar",Nieves Santos,Kelvin Omar,,6/16/1984,1984,,,,,,,no,single-source,wayback_bsnpr_players,https://web.archive.org/web/20200601011615id_/https://www.bsnpr.com/estadisticas/enciclopedia.asp,2026-09-08T14:25:42Z
1397,"Banister, Ken","banister, ken",Banister,Ken,,,,,,,,,,no,single-source,wayback_bsnpr_players,https://web.archive.org/web/20070417033701id_/http://www.bsnpr.com:80/estadisticas/enciclopedia.asp,2026-09-08T14:22:06Z
1398,"Leeks, Ken","leeks, ken",Leeks,Ken,,,,,,,,,,no,single-source,wayback_bsnpr_players,https://web.archive.org/web/20070417033701id_/http://www.bsnpr.com:80/estadisticas/enciclopedia.asp,2026-09-08T14:22:06Z
1399,"Robbins, Ken","robbins, ken",Robbins,Ken,,,,,,,,,,no,single-source,wayback_bsnpr_players,https://web.archive.org/web/20070417033701id_/http://www.bsnpr.com:80/estadisticas/enciclopedia.asp,2026-09-08T14:22:06Z
1400,"Aponte Dadswell, Kenneth","aponte dadswell, kenneth",Aponte Dadswell,Kenneth,,,,,,,,,,no,single-source,wayback_bsnpr_players,https://web.archive.org/web/20070417033701id_/http://www.bsnpr.com:80/estadisticas/enciclopedia.asp,2026-09-08T14:22:06Z
1401,"Miller, Kenneth","miller, kenneth",Miller,Kenneth,,,,,,,,,,no,single-source,wayback_bsnpr_players,https://web.archive.org/web/20070417033701id_/http://www.bsnpr.com:80/estadisticas/enciclopedia.asp,2026-09-08T14:22:06Z
1402,"Miller, Kenneth","miller, kenneth",Miller,Kenneth,,,,,,,,,,no,single-source,wayback_bsnpr_players,https://web.archive.org/web/20070417033701id_/http://www.bsnpr.com:80/estadisticas/enciclopedia.asp,2026-09-08T14:22:06Z
1403,"Perry, Estadísticas Jugador","perry, estadisticas jugador",Perry,Estadísticas Jugador,,,,nan,nan,No se sabe,1994,1994,1,yes,single-source,wayback_bsnpr_players,https://web.archive.org/web/20070828230940id_/http://www.bsnpr.com:80/jugadores/jugador.asp?id=1403&e=,2026-09-08T14:40:23Z
1404,"Plummer, Kenny","plummer, kenny",Plummer,Kenny,,,,,,,,,,no,single-source,wayback_bsnpr_players,https://web.archive.org/web/20070417033701id_/http://www.bsnpr.com:80/estadisticas/enciclopedia.asp,2026-09-08T14:22:06Z
1405,"Jones, Kenyon","jones, kenyon",Jones,Kenyon,,10/12/1977,1977,"Savannah, Georgia",Georgia,Centro,2002,2003,2,yes,single-source,wayback_bsnpr_players,https://web.archive.org/web/20151224105242id_/http://bsnpr.com/jugadores/jugador.asp?id=1405&e=,2026-09-08T14:40:25Z
1406,"Daily, Kevin","daily, kevin",Daily,Kevin,,,,,,,,,,no,single-source,wayback_bsnpr_players,https://web.archive.org/web/20070417033701id_/http://www.bsnpr.com:80/estadisticas/enciclopedia.asp,2026-09-08T14:22:06Z
1407,"Haselhorst, Kevin","haselhorst, kevin",Haselhorst,Kevin,,7/23/1973,1973,,,,,,,no,single-source,wayback_bsnpr_players,https://web.archive.org/web/20200601011615id_/https://www.bsnpr.com/estadisticas/enciclopedia.asp,2026-09-08T14:25:42Z
1408,"Holmes Mcbride, Estadísticas Jugador","holmes mcbride, estadisticas jugador",Holmes Mcbride,Estadísticas Jugador,,,,nan,nan,No se sabe,1997,1997,1,yes,single-source,wayback_bsnpr_players,https://web.archive.org/web/20070829035344id_/http://www.bsnpr.com:80/jugadores/jugador.asp?id=1408&e=,2026-09-08T14:40:27Z
1409,"Nodarse Mangual, Kevin","nodarse mangual, kevin",Nodarse Mangual,Kevin,,,,,,,,,,no,single-source,wayback_bsnpr_players,https://web.archive.org/web/20070417033701id_/http://www.bsnpr.com:80/estadisticas/enciclopedia.asp,2026-09-08T14:22:06Z
1410,"Salaberrios Sarraga, Kevin","salaberrios sarraga, kevin",Salaberrios Sarraga,Kevin,,12/27/1983,1983,,,,,,,no,single-source,wayback_bsnpr_players,https://web.archive.org/web/20200601011615id_/https://www.bsnpr.com/estadisticas/enciclopedia.asp,2026-09-08T14:25:42Z
1411,"Sheppard Meade, Kevin Alphonso","sheppard meade, kevin alphonso",Sheppard Meade,Kevin Alphonso,,9/17/1979,1979,"Santa Cruz, Islas Virgenes",Islas Virgenes,Armador,2004,2008,4,yes,single-source,wayback_bsnpr_players,https://web.archive.org/web/20160214153825id_/http://bsnpr.com/jugadores/jugador.asp?id=1411,2026-09-08T14:40:29Z
1412,"Ffriend, Kimani","ffriend, kimani",Ffriend,Kimani,,,,,,,,,,no,single-source,wayback_bsnpr_players,https://web.archive.org/web/20070417033701id_/http://www.bsnpr.com:80/estadisticas/enciclopedia.asp,2026-09-08T14:22:06Z
1413,"Fontenberry, Kirby","fontenberry, kirby",Fontenberry,Kirby,,,,,,,,,,no,single-source,wayback_bsnpr_players,https://web.archive.org/web/20070417033701id_/http://www.bsnpr.com:80/estadisticas/enciclopedia.asp,2026-09-08T14:22:06Z
1414,"King, Kirk","king, kirk",King,Kirk,,12/24/1975,1975,,,,,,,no,single-source,wayback_bsnpr_players,https://web.archive.org/web/20200601011615id_/https://www.bsnpr.com/estadisticas/enciclopedia.asp,2026-09-08T14:25:42Z
1415,"Rhymer Hendrides, Estadísticas Jugador","rhymer hendrides, estadisticas jugador",Rhymer Hendrides,Estadísticas Jugador,,5/22/1978,1978,"St. Thomas, USVI",USVI,No se sabe,2004,2004,1,yes,single-source,wayback_bsnpr_players,https://web.archive.org/web/20070829035442id_/http://www.bsnpr.com:80/jugadores/jugador.asp?id=1415&e=,2026-09-08T14:40:31Z
1416,"Hill, Estadísticas Jugador","hill, estadisticas jugador",Hill,Estadísticas Jugador,,,,nan,nan,No se sabe,2001,2001,1,yes,single-source,wayback_bsnpr_players,https://web.archive.org/web/20070828231656id_/http://www.bsnpr.com:80/jugadores/jugador.asp?id=1416&e=,2026-09-08T14:40:33Z
1417,"Barnes, Lamont","barnes, lamont",Barnes,Lamont,,9/9/1978,1978,,,,,,,no,single-source,wayback_bsnpr_players,https://web.archive.org/web/20200601011615id_/https://www.bsnpr.com/estadisticas/enciclopedia.asp,2026-09-08T14:25:42Z
1418,"Strothen, Lamont","strothen, lamont",Strothen,Lamont,,,,,,,,,,no,single-source,wayback_bsnpr_players,https://web.archive.org/web/20070417033701id_/http://www.bsnpr.com:80/estadisticas/enciclopedia.asp,2026-09-08T14:22:06Z
1419,"Ketner, Lari","ketner, lari",Ketner,Lari,,,,,,,,,,no,single-source,wayback_bsnpr_players,https://web.archive.org/web/20070417033701id_/http://www.bsnpr.com:80/estadisticas/enciclopedia.asp,2026-09-08T14:22:06Z
1420,"Carr, Larry","carr, larry",Carr,Larry,,,,,,,,,,no,single-source,wayback_bsnpr_players,https://web.archive.org/web/20070417033701id_/http://www.bsnpr.com:80/estadisticas/enciclopedia.asp,2026-09-08T14:22:06Z
1421,"Celino Tolentino, Larry","celino tolentino, larry",Celino Tolentino,Larry,,,,,,,,,,no,single-source,wayback_bsnpr_players,https://web.archive.org/web/20070417033701id_/http://www.bsnpr.com:80/estadisticas/enciclopedia.asp,2026-09-08T14:22:06Z
1422,"Gomez, Larry","gomez, larry",Gomez,Larry,,,,,,,,,,no,single-source,wayback_bsnpr_players,https://web.archive.org/web/20070417033701id_/http://www.bsnpr.com:80/estadisticas/enciclopedia.asp,2026-09-08T14:22:06Z
1423,"Seilhammer Rodriguez, Larry","seilhammer rodriguez, larry",Seilhammer Rodriguez,Larry,,12/13/1954,1954,,,,,,,no,single-source,wayback_bsnpr_players,https://web.archive.org/web/20200601011615id_/https://www.bsnpr.com/estadisticas/enciclopedia.asp,2026-09-08T14:25:42Z
1424,"Carter, Larry lion","carter, larry lion",Carter,Larry lion,,,,,,,,,,no,single-source,wayback_bsnpr_players,https://web.archive.org/web/20070417033701id_/http://www.bsnpr.com:80/estadisticas/enciclopedia.asp,2026-09-08T14:22:06Z
1425,"Green, Litterial","green, litterial",Green,Litterial,,3/7/1970,1970,,,,,,,no,single-source,wayback_bsnpr_players,https://web.archive.org/web/20200601011615id_/https://www.bsnpr.com/estadisticas/enciclopedia.asp,2026-09-08T14:25:42Z
1426,"Robinson, Lawrence","robinson, lawrence",Robinson,Lawrence,,,,,,,,,,no,single-source,wayback_bsnpr_players,https://web.archive.org/web/20070417033701id_/http://www.bsnpr.com:80/estadisticas/enciclopedia.asp,2026-09-08T14:22:06Z
1427,"Borrel Hernandez, Lazaro","borrel hernandez, lazaro",Borrel Hernandez,Lazaro,,9/20/1972,1972,,,,,,,no,single-source,wayback_bsnpr_players,https://web.archive.org/web/20200601011615id_/https://www.bsnpr.com/estadisticas/enciclopedia.asp,2026-09-08T14:25:42Z
1428,"Arcia Centeno, Lee","arcia centeno, lee",Arcia Centeno,Lee,,11/14/1959,1959,,,,,,,no,single-source,wayback_bsnpr_players,https://web.archive.org/web/20200601011615id_/https://www.bsnpr.com/estadisticas/enciclopedia.asp,2026-09-08T14:25:42Z
1429,"Benson, Estadísticas Jugador","benson, estadisticas jugador",Benson,Estadísticas Jugador,,11/11/1973,1973,"Lexington, Kentucky",Kentucky,Centro,2004,2009,6,yes,single-source,wayback_bsnpr_players,https://web.archive.org/web/20090429221318id_/http://www.bsnpr.com:80/jugadores/jugador.asp?id=1429&e=14,2026-09-08T14:40:34Z
1430,"Wilson, Lee shell","wilson, lee shell",Wilson,Lee shell,,,,,,,,,,no,single-source,wayback_bsnpr_players,https://web.archive.org/web/20070417033701id_/http://www.bsnpr.com:80/estadisticas/enciclopedia.asp,2026-09-08T14:22:06Z
1431,"Cardona, Lee william","cardona, lee william",Cardona,Lee william,,,,,,,,,,no,single-source,wayback_bsnpr_players,https://web.archive.org/web/20070417033701id_/http://www.bsnpr.com:80/estadisticas/enciclopedia.asp,2026-09-08T14:22:06Z
1432,"Santos, Leniel","santos, leniel",Santos,Leniel,,,,,,,,,,no,single-source,wayback_bsnpr_players,https://web.archive.org/web/20070417033701id_/http://www.bsnpr.com:80/estadisticas/enciclopedia.asp,2026-09-08T14:22:06Z
1433,"Gonzalez, Lenny","gonzalez, lenny",Gonzalez,Lenny,,,,,,,,,,no,single-source,wayback_bsnpr_players,https://web.archive.org/web/20070417033701id_/http://www.bsnpr.com:80/estadisticas/enciclopedia.asp,2026-09-08T14:22:06Z
1434,"Morrell Rivera, Estadísticas Jugador","morrell rivera, estadisticas jugador",Morrell Rivera,Estadísticas Jugador,,,,nan,nan,No se sabe,1995,1995,1,yes,single-source,wayback_bsnpr_players,https://web.archive.org/web/20070828223408id_/http://www.bsnpr.com:80/jugadores/jugador.asp?id=1434&e=,2026-09-08T14:40:36Z
1435,"Cruz, Leo","cruz, leo",Cruz,Leo,,,,,,,,,,no,single-source,wayback_bsnpr_players,https://web.archive.org/web/20070417033701id_/http://www.bsnpr.com:80/estadisticas/enciclopedia.asp,2026-09-08T14:22:06Z
1436,"Morales Rodriguez, Leocadio","morales rodriguez, leocadio",Morales Rodriguez,Leocadio,,3/11/1954,1954,,,,,,,no,single-source,wayback_bsnpr_players,https://web.archive.org/web/20200601011615id_/https://www.bsnpr.com/estadisticas/enciclopedia.asp,2026-09-08T14:25:42Z
1437,"Trimmingham, Leon","trimmingham, leon",Trimmingham,Leon,,1/2/1971,1971,,,,,,,no,single-source,wayback_bsnpr_players,https://web.archive.org/web/20200601011615id_/https://www.bsnpr.com/estadisticas/enciclopedia.asp,2026-09-08T14:25:42Z
1438,"Rosario, Estadísticas Jugador","rosario, estadisticas jugador",Rosario,Estadísticas Jugador,,,,nan,nan,No se sabe,2002,2002,1,yes,single-source,wayback_bsnpr_players,https://web.archive.org/web/20070828223646id_/http://www.bsnpr.com:80/jugadores/jugador.asp?id=1438&e=,2026-09-08T14:40:38Z
1439,"Torres, Leonardo","torres, leonardo",Torres,Leonardo,,,,,,,,,,no,single-source,wayback_bsnpr_players,https://web.archive.org/web/20070417033701id_/http://www.bsnpr.com:80/estadisticas/enciclopedia.asp,2026-09-08T14:22:06Z
1440,"Guzman, Estadísticas Jugador","guzman, estadisticas jugador",Guzman,Estadísticas Jugador,,,,nan,nan,No se sabe,2001,2001,1,yes,single-source,wayback_bsnpr_players,https://web.archive.org/web/20070828224105id_/http://www.bsnpr.com:80/jugadores/jugador.asp?id=1440&e=,2026-09-08T14:40:40Z
1441,"Martinez Rodriguez, Leonides","martinez rodriguez, leonides",Martinez Rodriguez,Leonides,leo,10/11/1958,1958,,,,,,,no,single-source,wayback_bsnpr_players,https://web.archive.org/web/20200601011615id_/https://www.bsnpr.com/estadisticas/enciclopedia.asp,2026-09-08T14:25:42Z
1442,"Jackson, Estadísticas Jugador","jackson, estadisticas jugador",Jackson,Estadísticas Jugador,,5/4/1968,1968,"Colon, Panama",Panama,No se sabe,1997,2005,9,yes,single-source,wayback_bsnpr_players,https://web.archive.org/web/20070828230728id_/http://www.bsnpr.com:80/jugadores/jugador.asp?id=1442&e=,2026-09-08T14:40:42Z
1443,"Hayes Williams, Estadísticas Jugador","hayes williams, estadisticas jugador",Hayes Williams,Estadísticas Jugador,,4/24/1967,1967,nan,nan,No se sabe,1991,1992,2,yes,single-source,wayback_bsnpr_players,https://web.archive.org/web/20070828223641id_/http://www.bsnpr.com:80/jugadores/jugador.asp?id=1443&e=,2026-09-08T14:40:44Z
1444,"Ortiz Sanchez, Lester l.","ortiz sanchez, lester l",Ortiz Sanchez,Lester l.,,2/10/1961,1961,,,,,,,no,single-source,wayback_bsnpr_players,https://web.archive.org/web/20200601011615id_/https://www.bsnpr.com/estadisticas/enciclopedia.asp,2026-09-08T14:25:42Z
1445,"Alvarez Garcia, Estadísticas Jugador","alvarez garcia, estadisticas jugador",Alvarez Garcia,Estadísticas Jugador,,,,nan,nan,No se sabe,1997,2002,3,yes,single-source,wayback_bsnpr_players,https://web.archive.org/web/20070829042546id_/http://www.bsnpr.com:80/jugadores/jugador.asp?id=1445&e=,2026-09-08T14:40:46Z
1446,"Geter, Lewis","geter, lewis",Geter,Lewis,,12/11/1969,1969,,,,,,,no,single-source,wayback_bsnpr_players,https://web.archive.org/web/20200601011615id_/https://www.bsnpr.com/estadisticas/enciclopedia.asp,2026-09-08T14:25:42Z
1447,"Rodriguez Mercado, Lino","rodriguez mercado, lino",Rodriguez Mercado,Lino,,9/2/1967,1967,,,,,,,no,single-source,wayback_bsnpr_players,https://web.archive.org/web/20200601011615id_/https://www.bsnpr.com/estadisticas/enciclopedia.asp,2026-09-08T14:25:42Z
1448,"Gomez, Lionel","gomez, lionel",Gomez,Lionel,,,,,,,,,,no,single-source,wayback_bsnpr_players,https://web.archive.org/web/20070417033701id_/http://www.bsnpr.com:80/estadisticas/enciclopedia.asp,2026-09-08T14:22:06Z
1449,"Pyfrom, Livan","pyfrom, livan",Pyfrom,Livan,,,,,,,,,,no,single-source,wayback_bsnpr_players,https://web.archive.org/web/20070417033701id_/http://www.bsnpr.com:80/estadisticas/enciclopedia.asp,2026-09-08T14:22:06Z
1450,"Daniels, Lloyd","daniels, lloyd",Daniels,Lloyd,,,,,,,,,,no,single-source,wayback_bsnpr_players,https://web.archive.org/web/20070417033701id_/http://www.bsnpr.com:80/estadisticas/enciclopedia.asp,2026-09-08T14:22:06Z
1451,"Linton, Lloyd w.","linton, lloyd w",Linton,Lloyd w.,,6/21/1969,1969,,,,,,,no,single-source,wayback_bsnpr_players,https://web.archive.org/web/20200601011615id_/https://www.bsnpr.com/estadisticas/enciclopedia.asp,2026-09-08T14:25:42Z
1452,"Collie, Locklie","collie, locklie",Collie,Locklie,,3/13/1970,1970,,,,,,,no,single-source,wayback_bsnpr_players,https://web.archive.org/web/20200601011615id_/https://www.bsnpr.com/estadisticas/enciclopedia.asp,2026-09-08T14:25:42Z
1453,"Castro, Lolito","castro, lolito",Castro,Lolito,,,,,,,,,,no,single-source,wayback_bsnpr_players,https://web.archive.org/web/20070417033701id_/http://www.bsnpr.com:80/estadisticas/enciclopedia.asp,2026-09-08T14:22:06Z
1454,"Irizarry Colon, Lorenzo andres","irizarry colon, lorenzo andres",Irizarry Colon,Lorenzo andres,,10/10/1954,1954,,,,,,,no,single-source,wayback_bsnpr_players,https://web.archive.org/web/20200601011615id_/https://www.bsnpr.com/estadisticas/enciclopedia.asp,2026-09-08T14:25:42Z
1455,"Camacho Perez, Louie yan","camacho perez, louie yan",Camacho Perez,Louie yan,,,,,,,,,,no,single-source,wayback_bsnpr_players,https://web.archive.org/web/20070417033701id_/http://www.bsnpr.com:80/estadisticas/enciclopedia.asp,2026-09-08T14:22:06Z
1456,"Torres Mercado, Louis","torres mercado, louis",Torres Mercado,Louis,,9/20/1956,1956,,,,,,,no,single-source,wayback_bsnpr_players,https://web.archive.org/web/20200601011615id_/https://www.bsnpr.com/estadisticas/enciclopedia.asp,2026-09-08T14:25:42Z
1457,"Torres Mercado, Louis","torres mercado, louis",Torres Mercado,Louis,,9/20/1956,1956,,,,,,,no,single-source,wayback_bsnpr_players,https://web.archive.org/web/20200601011615id_/https://www.bsnpr.com/estadisticas/enciclopedia.asp,2026-09-08T14:25:42Z
1458,"Simpkins, Lubara","simpkins, lubara",Simpkins,Lubara,dickey,4/6/1972,1972,,,,,,,no,single-source,wayback_bsnpr_players,https://web.archive.org/web/20200601011615id_/https://www.bsnpr.com/estadisticas/enciclopedia.asp,2026-09-08T14:25:42Z
1459,"Santiago Franceschi, Luciano","santiago franceschi, luciano",Santiago Franceschi,Luciano,,6/28/1962,1962,,,,,,,no,single-source,wayback_bsnpr_players,https://web.archive.org/web/20200601011615id_/https://www.bsnpr.com/estadisticas/enciclopedia.asp,2026-09-08T14:25:42Z
1460,"Jackson, Lucious","jackson, lucious",Jackson,Lucious,,,,,,,,,,no,single-source,wayback_bsnpr_players,https://web.archive.org/web/20070417033701id_/http://www.bsnpr.com:80/estadisticas/enciclopedia.asp,2026-09-08T14:22:06Z
1461,"Agüero Hernandez, Luis","aguero hernandez, luis",Agüero Hernandez,Luis,,1/29/1969,1969,,,,,,,no,single-source,wayback_bsnpr_players,https://web.archive.org/web/20200601011615id_/https://www.bsnpr.com/estadisticas/enciclopedia.asp,2026-09-08T14:25:42Z
1462,"Allende Ruiz, Luis","allende ruiz, luis",Allende Ruiz,Luis,,4/18/1970,1970,,,,,,,no,single-source,wayback_bsnpr_players,https://web.archive.org/web/20200601011615id_/https://www.bsnpr.com/estadisticas/enciclopedia.asp,2026-09-08T14:25:42Z
1463,"Alvarez Marcano, Luis","alvarez marcano, luis",Alvarez Marcano,Luis,,8/25/1965,1965,,,,,,,no,single-source,wayback_bsnpr_players,https://web.archive.org/web/20200601011615id_/https://www.bsnpr.com/estadisticas/enciclopedia.asp,2026-09-08T14:25:42Z
1464,"Arroyo Rivera, Luis","arroyo rivera, luis",Arroyo Rivera,Luis,,,,,,,,,,no,single-source,wayback_bsnpr_players,https://web.archive.org/web/20070417033701id_/http://www.bsnpr.com:80/estadisticas/enciclopedia.asp,2026-09-08T14:22:06Z
1465,"Brignoni Alvarez, Luis","brignoni alvarez, luis",Brignoni Alvarez,Luis,,11/9/1953,1953,,,,,,,no,single-source,wayback_bsnpr_players,https://web.archive.org/web/20200601011615id_/https://www.bsnpr.com/estadisticas/enciclopedia.asp,2026-09-08T14:25:42Z
1466,"Buther Lopez, Luis","buther lopez, luis",Buther Lopez,Luis,,12/22/1983,1983,,,,,,,no,single-source,wayback_bsnpr_players,https://web.archive.org/web/20200601011615id_/https://www.bsnpr.com/estadisticas/enciclopedia.asp,2026-09-08T14:25:42Z
1467,"Caban, Luis","caban, luis",Caban,Luis,,12/25/1952,1952,,,,,,,no,single-source,wayback_bsnpr_players,https://web.archive.org/web/20200601011615id_/https://www.bsnpr.com/estadisticas/enciclopedia.asp,2026-09-08T14:25:42Z
1468,"Camacho Rosado, Luis","camacho rosado, luis",Camacho Rosado,Luis,,,,,,,,,,no,single-source,wayback_bsnpr_players,https://web.archive.org/web/20070417033701id_/http://www.bsnpr.com:80/estadisticas/enciclopedia.asp,2026-09-08T14:22:06Z
1469,"Carlson, Luis","carlson, luis",Carlson,Luis,,,,,,,,,,no,single-source,wayback_bsnpr_players,https://web.archive.org/web/20070417033701id_/http://www.bsnpr.com:80/estadisticas/enciclopedia.asp,2026-09-08T14:22:06Z
1470,"Casanova, Luis","casanova, luis",Casanova,Luis,,,,,,,,,,no,single-source,wayback_bsnpr_players,https://web.archive.org/web/20070417033701id_/http://www.bsnpr.com:80/estadisticas/enciclopedia.asp,2026-09-08T14:22:06Z
1471,"Collazo, Luis","collazo, luis",Collazo,Luis,,,,,,,,,,no,single-source,wayback_bsnpr_players,https://web.archive.org/web/20070417033701id_/http://www.bsnpr.com:80/estadisticas/enciclopedia.asp,2026-09-08T14:22:06Z
1472,"Collazo, Luis","collazo, luis",Collazo,Luis,,,,,,,,,,no,single-source,wayback_bsnpr_players,https://web.archive.org/web/20070417033701id_/http://www.bsnpr.com:80/estadisticas/enciclopedia.asp,2026-09-08T14:22:06Z
1473,"Colon Pica, Luis","colon pica, luis",Colon Pica,Luis,,10/27/1961,1961,,,,,,,no,single-source,wayback_bsnpr_players,https://web.archive.org/web/20200601011615id_/https://www.bsnpr.com/estadisticas/enciclopedia.asp,2026-09-08T14:25:42Z
1474,"Cotte Romero, Luis","cotte romero, luis",Cotte Romero,Luis,,11/19/1958,1958,,,,,,,no,single-source,wayback_bsnpr_players,https://web.archive.org/web/20200601011615id_/https://www.bsnpr.com/estadisticas/enciclopedia.asp,2026-09-08T14:25:42Z
1475,"Cruz, Luis","cruz, luis",Cruz,Luis,,,,,,,,,,no,single-source,wayback_bsnpr_players,https://web.archive.org/web/20070417033701id_/http://www.bsnpr.com:80/estadisticas/enciclopedia.asp,2026-09-08T14:22:06Z
1476,"Diaz Roman, Luis","diaz roman, luis",Diaz Roman,Luis,,6/23/1971,1971,,,,,,,no,single-source,wayback_bsnpr_players,https://web.archive.org/web/20200601011615id_/https://www.bsnpr.com/estadisticas/enciclopedia.asp,2026-09-08T14:25:42Z
1477,"Garcia, Luis","garcia, luis",Garcia,Luis,,,,,,,,,,no,single-source,wayback_bsnpr_players,https://web.archive.org/web/20070417033701id_/http://www.bsnpr.com:80/estadisticas/enciclopedia.asp,2026-09-08T14:22:06Z
1478,"Garcia Trujillo, Luis","garcia trujillo, luis",Garcia Trujillo,Luis,,5/21/1963,1963,,,,,,,no,single-source,wayback_bsnpr_players,https://web.archive.org/web/20200601011615id_/https://www.bsnpr.com/estadisticas/enciclopedia.asp,2026-09-08T14:25:42Z
1479,"Gonzalez Martinez, Luis","gonzalez martinez, luis",Gonzalez Martinez,Luis,,,,,,,,,,no,single-source,wayback_bsnpr_players,https://web.archive.org/web/20070417033701id_/http://www.bsnpr.com:80/estadisticas/enciclopedia.asp,2026-09-08T14:22:06Z
1480,"Gonzalez Rodriguez, Luis","gonzalez rodriguez, luis",Gonzalez Rodriguez,Luis,,7/12/1965,1965,,,,,,,no,single-source,wayback_bsnpr_players,https://web.archive.org/web/20200601011615id_/https://www.bsnpr.com/estadisticas/enciclopedia.asp,2026-09-08T14:25:42Z
1481,"Gonzalez Rodriguez, Luis","gonzalez rodriguez, luis",Gonzalez Rodriguez,Luis,,,,,,,,,,no,single-source,wayback_bsnpr_players,https://web.archive.org/web/20070417033701id_/http://www.bsnpr.com:80/estadisticas/enciclopedia.asp,2026-09-08T14:22:06Z
1482,"Hilerio, Luis","hilerio, luis",Hilerio,Luis,,,,,,,,,,no,single-source,wayback_bsnpr_players,https://web.archive.org/web/20070417033701id_/http://www.bsnpr.com:80/estadisticas/enciclopedia.asp,2026-09-08T14:22:06Z
1483,"Lugo, Luis","lugo, luis",Lugo,Luis,,,,,,,,,,no,single-source,wayback_bsnpr_players,https://web.archive.org/web/20070417033701id_/http://www.bsnpr.com:80/estadisticas/enciclopedia.asp,2026-09-08T14:22:06Z
1484,"Luyando, Luis","luyando, luis",Luyando,Luis,,,,,,,,,,no,single-source,wayback_bsnpr_players,https://web.archive.org/web/20070417033701id_/http://www.bsnpr.com:80/estadisticas/enciclopedia.asp,2026-09-08T14:22:06Z
1485,"Maldonado Ramirez, Luis","maldonado ramirez, luis",Maldonado Ramirez,Luis,,,,,,,,,,no,single-source,wayback_bsnpr_players,https://web.archive.org/web/20070417033701id_/http://www.bsnpr.com:80/estadisticas/enciclopedia.asp,2026-09-08T14:22:06Z
1486,"Martinez, Luis","martinez, luis",Martinez,Luis,,,,,,,,,,no,single-source,wayback_bsnpr_players,https://web.archive.org/web/20070417033701id_/http://www.bsnpr.com:80/estadisticas/enciclopedia.asp,2026-09-08T14:22:06Z
1487,"Mendez Sierra, Luis","mendez sierra, luis",Mendez Sierra,Luis,,4/25/1961,1961,,,,,,,no,single-source,wayback_bsnpr_players,https://web.archive.org/web/20200601011615id_/https://www.bsnpr.com/estadisticas/enciclopedia.asp,2026-09-08T14:25:42Z
1488,"Negron, Luis","negron, luis",Negron,Luis,,,,,,,,,,no,single-source,wayback_bsnpr_players,https://web.archive.org/web/20070417033701id_/http://www.bsnpr.com:80/estadisticas/enciclopedia.asp,2026-09-08T14:22:06Z
1489,"Ojeda Ramirez, Luis","ojeda ramirez, luis",Ojeda Ramirez,Luis,,9/28/1967,1967,,,,,,,no,single-source,wayback_bsnpr_players,https://web.archive.org/web/20200601011615id_/https://www.bsnpr.com/estadisticas/enciclopedia.asp,2026-09-08T14:25:42Z
1490,"Pacheco, Luis","pacheco, luis",Pacheco,Luis,,,,,,,,,,no,single-source,wayback_bsnpr_players,https://web.archive.org/web/20070417033701id_/http://www.bsnpr.com:80/estadisticas/enciclopedia.asp,2026-09-08T14:22:06Z
1491,"Pagan, Luis","pagan, luis",Pagan,Luis,,,,,,,,,,no,single-source,wayback_bsnpr_players,https://web.archive.org/web/20070417033701id_/http://www.bsnpr.com:80/estadisticas/enciclopedia.asp,2026-09-08T14:22:06Z
1492,"Perez Cancel, Luis","perez cancel, luis",Perez Cancel,Luis,,5/10/1962,1962,,,,,,,no,single-source,wayback_bsnpr_players,https://web.archive.org/web/20200601011615id_/https://www.bsnpr.com/estadisticas/enciclopedia.asp,2026-09-08T14:25:42Z
1493,"Ramos, Luis","ramos, luis",Ramos,Luis,,,,,,,,,,no,single-source,wayback_bsnpr_players,https://web.archive.org/web/20070417033701id_/http://www.bsnpr.com:80/estadisticas/enciclopedia.asp,2026-09-08T14:22:06Z
1494,"Rivera, Luis","rivera, luis",Rivera,Luis,,,,,,,,,,no,single-source,wayback_bsnpr_players,https://web.archive.org/web/20070417033701id_/http://www.bsnpr.com:80/estadisticas/enciclopedia.asp,2026-09-08T14:22:06Z
1495,"Rivera Sonfront, Luis","rivera sonfront, luis",Rivera Sonfront,Luis,,9/25/1951,1951,,,,,,,no,single-source,wayback_bsnpr_players,https://web.archive.org/web/20200601011615id_/https://www.bsnpr.com/estadisticas/enciclopedia.asp,2026-09-08T14:25:42Z
1496,"Rodriguez, Luis","rodriguez, luis",Rodriguez,Luis,,,,,,,,,,no,single-source,wayback_bsnpr_players,https://web.archive.org/web/20070417033701id_/http://www.bsnpr.com:80/estadisticas/enciclopedia.asp,2026-09-08T14:22:06Z
1497,"Rosa Clemente, Luis","rosa clemente, luis",Rosa Clemente,Luis,,12/7/1982,1982,,,,,,,no,single-source,wayback_bsnpr_players,https://web.archive.org/web/20200601011615id_/https://www.bsnpr.com/estadisticas/enciclopedia.asp,2026-09-08T14:25:42Z
1498,"Salgado Moreno, Luis","salgado moreno, luis",Salgado Moreno,Luis,,1/18/1980,1980,,,,,,,no,single-source,wayback_bsnpr_players,https://web.archive.org/web/20200601011615id_/https://www.bsnpr.com/estadisticas/enciclopedia.asp,2026-09-08T14:25:42Z
1499,"Santiago, Luis","santiago, luis",Santiago,Luis,,11/18/1969,1969,,,,,,,no,single-source,wayback_bsnpr_players,https://web.archive.org/web/20200601011615id_/https://www.bsnpr.com/estadisticas/enciclopedia.asp,2026-09-08T14:25:42Z
1500,"Santos Luciano, Luis","santos luciano, luis",Santos Luciano,Luis,,6/6/1986,1986,,,,,,,no,single-source,wayback_bsnpr_players,https://web.archive.org/web/20200601011615id_/https://www.bsnpr.com/estadisticas/enciclopedia.asp,2026-09-08T14:25:42Z
1501,"Valentin, Luis","valentin, luis",Valentin,Luis,,,,,,,,,,no,single-source,wayback_bsnpr_players,https://web.archive.org/web/20070417033701id_/http://www.bsnpr.com:80/estadisticas/enciclopedia.asp,2026-09-08T14:22:06Z
1502,"Villafane Silva, Luis","villafane silva, luis",Villafane Silva,Luis,,6/21/1981,1981,,,,,,,no,single-source,wayback_bsnpr_players,https://web.archive.org/web/20200601011615id_/https://www.bsnpr.com/estadisticas/enciclopedia.asp,2026-09-08T14:25:42Z
1503,"Davila Rivera, Luis","davila rivera, luis",Davila Rivera,Luis,tin,12/18/1958,1958,,,,,,,no,single-source,wayback_bsnpr_players,https://web.archive.org/web/20200601011615id_/https://www.bsnpr.com/estadisticas/enciclopedia.asp,2026-09-08T14:25:42Z
1504,"Ayala Alvarez, Luis a.","ayala alvarez, luis a",Ayala Alvarez,Luis a.,,2/2/1974,1974,,,,,,,no,single-source,wayback_bsnpr_players,https://web.archive.org/web/20200601011615id_/https://www.bsnpr.com/estadisticas/enciclopedia.asp,2026-09-08T14:25:42Z
1505,"Betances Jimenez, Luis a.","betances jimenez, luis a",Betances Jimenez,Luis a.,,10/3/1951,1951,,,,,,,no,single-source,wayback_bsnpr_players,https://web.archive.org/web/20200601011615id_/https://www.bsnpr.com/estadisticas/enciclopedia.asp,2026-09-08T14:25:42Z
1506,"Carrero Santiago, Luis a.","carrero santiago, luis a",Carrero Santiago,Luis a.,,4/21/1970,1970,,,,,,,no,single-source,wayback_bsnpr_players,https://web.archive.org/web/20200601011615id_/https://www.bsnpr.com/estadisticas/enciclopedia.asp,2026-09-08T14:25:42Z
1507,"Colon Rivera, Luis a.","colon rivera, luis a",Colon Rivera,Luis a.,,,,,,,,,,no,single-source,wayback_bsnpr_players,https://web.archive.org/web/20070417033701id_/http://www.bsnpr.com:80/estadisticas/enciclopedia.asp,2026-09-08T14:22:06Z
1508,"De celis Hargrave, Luis a.","de celis hargrave, luis a",De celis Hargrave,Luis a.,,7/16/1962,1962,,,,,,,no,single-source,wayback_bsnpr_players,https://web.archive.org/web/20200601011615id_/https://www.bsnpr.com/estadisticas/enciclopedia.asp,2026-09-08T14:25:42Z
1509,"Lopez, Luis a.","lopez, luis a",Lopez,Luis a.,,,,,,,,,,no,single-source,wayback_bsnpr_players,https://web.archive.org/web/20070417033701id_/http://www.bsnpr.com:80/estadisticas/enciclopedia.asp,2026-09-08T14:22:06Z
1510,"Morales Chaparro, Luis a.","morales chaparro, luis a",Morales Chaparro,Luis a.,,,,,,,,,,no,single-source,wayback_bsnpr_players,https://web.archive.org/web/20070417033701id_/http://www.bsnpr.com:80/estadisticas/enciclopedia.asp,2026-09-08T14:22:06Z
1511,"Olivo, Luis a.","olivo, luis a",Olivo,Luis a.,,2/12/1952,1952,,,,,,,no,single-source,wayback_bsnpr_players,https://web.archive.org/web/20200601011615id_/https://www.bsnpr.com/estadisticas/enciclopedia.asp,2026-09-08T14:25:42Z
1512,"Rivas Kuzmitsky, Luis A.","rivas kuzmitsky, luis a",Rivas Kuzmitsky,Luis A.,,8/21/1980,1980,,,,,,,no,single-source,wayback_bsnpr_players,https://web.archive.org/web/20200601011615id_/https://www.bsnpr.com/estadisticas/enciclopedia.asp,2026-09-08T14:25:42Z
1513,"Torres Colon, Luis a.","torres colon, luis a",Torres Colon,Luis a.,,,,,,,,,,no,single-source,wayback_bsnpr_players,https://web.archive.org/web/20070417033701id_/http://www.bsnpr.com:80/estadisticas/enciclopedia.asp,2026-09-08T14:22:06Z
1514,"Troche, Luis a.","troche, luis a",Troche,Luis a.,,5/26/1959,1959,,,,,,,no,single-source,wayback_bsnpr_players,https://web.archive.org/web/20200601011615id_/https://www.bsnpr.com/estadisticas/enciclopedia.asp,2026-09-08T14:25:42Z
1515,"Velez, Luis a.","velez, luis a",Velez,Luis a.,,,,,,,,,,no,single-source,wayback_bsnpr_players,https://web.archive.org/web/20070417033701id_/http://www.bsnpr.com:80/estadisticas/enciclopedia.asp,2026-09-08T14:22:06Z
1516,"Rodriguez Torres, Luis a.","rodriguez torres, luis a",Rodriguez Torres,Luis a.,teo,4/15/1957,1957,,,,,,,no,single-source,wayback_bsnpr_players,https://web.archive.org/web/20200601011615id_/https://www.bsnpr.com/estadisticas/enciclopedia.asp,2026-09-08T14:25:42Z
1517,"Perez, Luis a.","perez, luis a",Perez,Luis a.,tony,,,,,,,,,no,single-source,wayback_bsnpr_players,https://web.archive.org/web/20070417033701id_/http://www.bsnpr.com:80/estadisticas/enciclopedia.asp,2026-09-08T14:22:06Z
1518,"Melendez Rosado, Luis alberto","melendez rosado, luis alberto",Melendez Rosado,Luis alberto,berto,12/26/1946,1946,,,,,,,no,single-source,wayback_bsnpr_players,https://web.archive.org/web/20200601011615id_/https://www.bsnpr.com/estadisticas/enciclopedia.asp,2026-09-08T14:25:42Z
1519,"Lopez Torres, Luis alfonso","lopez torres, luis alfonso",Lopez Torres,Luis alfonso,,6/5/1958,1958,,,,,,,no,single-source,wayback_bsnpr_players,https://web.archive.org/web/20200601011615id_/https://www.bsnpr.com/estadisticas/enciclopedia.asp,2026-09-08T14:25:42Z
1520,"Correa Arroyo, Luis angel","correa arroyo, luis angel",Correa Arroyo,Luis angel,wichi,11/5/1948,1948,,,,,,,no,single-source,wayback_bsnpr_players,https://web.archive.org/web/20200601011615id_/https://www.bsnpr.com/estadisticas/enciclopedia.asp,2026-09-08T14:25:42Z
1521,"Peña Marrero, Luis antonio","pena marrero, luis antonio",Peña Marrero,Luis antonio,,4/18/1956,1956,,,,,,,no,single-source,wayback_bsnpr_players,https://web.archive.org/web/20200601011615id_/https://www.bsnpr.com/estadisticas/enciclopedia.asp,2026-09-08T14:25:42Z
1522,"Feliciano, Luis e.","feliciano, luis e",Feliciano,Luis e.,,,,,,,,,,no,single-source,wayback_bsnpr_players,https://web.archive.org/web/20070417033701id_/http://www.bsnpr.com:80/estadisticas/enciclopedia.asp,2026-09-08T14:22:06Z
1523,"Hernandez Quidley, Luis e.","hernandez quidley, luis e",Hernandez Quidley,Luis e.,,7/12/1958,1958,,,,,,,no,single-source,wayback_bsnpr_players,https://web.archive.org/web/20200601011615id_/https://www.bsnpr.com/estadisticas/enciclopedia.asp,2026-09-08T14:25:42Z
1524,"Ramos Baez, Luis e.","ramos baez, luis e",Ramos Baez,Luis e.,,7/31/1966,1966,,,,,,,no,single-source,wayback_bsnpr_players,https://web.archive.org/web/20200601011615id_/https://www.bsnpr.com/estadisticas/enciclopedia.asp,2026-09-08T14:25:42Z
1525,"Andiarena, Luis f.","andiarena, luis f",Andiarena,Luis f.,,,,,,,,,,no,single-source,wayback_bsnpr_players,https://web.archive.org/web/20070417033701id_/http://www.bsnpr.com:80/estadisticas/enciclopedia.asp,2026-09-08T14:22:06Z
1526,"Pumarada, Luis f.","pumarada, luis f",Pumarada,Luis f.,,,,,,,,,,no,single-source,wayback_bsnpr_players,https://web.archive.org/web/20070417033701id_/http://www.bsnpr.com:80/estadisticas/enciclopedia.asp,2026-09-08T14:22:06Z
1527,"Vargas, Luis f.","vargas, luis f",Vargas,Luis f.,,,,,,,,,,no,single-source,wayback_bsnpr_players,https://web.archive.org/web/20070417033701id_/http://www.bsnpr.com:80/estadisticas/enciclopedia.asp,2026-09-08T14:22:06Z
1528,"Hurtado Alonso, Luis fernando","hurtado alonso, luis fernando",Hurtado Alonso,Luis fernando,,11/23/1957,1957,,,,,,,no,single-source,wayback_bsnpr_players,https://web.archive.org/web/20200601011615id_/https://www.bsnpr.com/estadisticas/enciclopedia.asp,2026-09-08T14:25:42Z
1529,"Torres, Luis fernando","torres, luis fernando",Torres,Luis fernando,,,,,,,,,,no,single-source,wayback_bsnpr_players,https://web.archive.org/web/20070417033701id_/http://www.bsnpr.com:80/estadisticas/enciclopedia.asp,2026-09-08T14:22:06Z
1530,"Aviles Delgado, Luis gabriel","aviles delgado, luis gabriel",Aviles Delgado,Luis gabriel,,,,,,,,,,no,single-source,wayback_bsnpr_players,https://web.archive.org/web/20070417033701id_/http://www.bsnpr.com:80/estadisticas/enciclopedia.asp,2026-09-08T14:22:06Z
1531,"Pagan Marrero, Luis h.","pagan marrero, luis h",Pagan Marrero,Luis h.,,5/1/1958,1958,,,,,,,no,single-source,wayback_bsnpr_players,https://web.archive.org/web/20200601011615id_/https://www.bsnpr.com/estadisticas/enciclopedia.asp,2026-09-08T14:25:42Z
1532,"Mangual Rodriguez, Luis j.","mangual rodriguez, luis j",Mangual Rodriguez,Luis j.,,11/30/1964,1964,,,,,,,no,single-source,wayback_bsnpr_players,https://web.archive.org/web/20200601011615id_/https://www.bsnpr.com/estadisticas/enciclopedia.asp,2026-09-08T14:25:42Z
1533,"Brignoni Jr. Lopez, Luis","brignoni jr lopez, luis",Brignoni Jr. Lopez,Luis,,6/20/1984,1984,,,,,,,no,single-source,wayback_bsnpr_players,https://web.archive.org/web/20200601011615id_/https://www.bsnpr.com/estadisticas/enciclopedia.asp,2026-09-08T14:25:42Z
1534,"Avila, Luis m.","avila, luis m",Avila,Luis m.,,,,,,,,,,no,single-source,wayback_bsnpr_players,https://web.archive.org/web/20070417033701id_/http://www.bsnpr.com:80/estadisticas/enciclopedia.asp,2026-09-08T14:22:06Z
1535,"Ojeda Clavell, Luis m.","ojeda clavell, luis m",Ojeda Clavell,Luis m.,,8/1/1958,1958,,,,,,,no,single-source,wayback_bsnpr_players,https://web.archive.org/web/20200601011615id_/https://www.bsnpr.com/estadisticas/enciclopedia.asp,2026-09-08T14:25:42Z
1536,"Pizarro Maldonado, Luis","pizarro maldonado, luis",Pizarro Maldonado,Luis,Papo,9/16/1965,1965,,,,,,,no,single-source,wayback_bsnpr_players,https://web.archive.org/web/20200601011615id_/https://www.bsnpr.com/estadisticas/enciclopedia.asp,2026-09-08T14:25:42Z
1537,"Carrasquillo, Luis manuel","carrasquillo, luis manuel",Carrasquillo,Luis manuel,,10/30/1957,1957,,,,,,,no,single-source,wayback_bsnpr_players,https://web.archive.org/web/20200601011615id_/https://www.bsnpr.com/estadisticas/enciclopedia.asp,2026-09-08T14:25:42Z
1538,"Camacho Rosado, Luis o.","camacho rosado, luis o",Camacho Rosado,Luis o.,,,,,,,,,,no,single-source,wayback_bsnpr_players,https://web.archive.org/web/20070417033701id_/http://www.bsnpr.com:80/estadisticas/enciclopedia.asp,2026-09-08T14:22:06Z
1539,"Lopez Salaman, Luis r.","lopez salaman, luis r",Lopez Salaman,Luis r.,,8/30/1972,1972,,,,,,,no,single-source,wayback_bsnpr_players,https://web.archive.org/web/20200601011615id_/https://www.bsnpr.com/estadisticas/enciclopedia.asp,2026-09-08T14:25:42Z
1540,"Ortiz, Luis r.","ortiz, luis r",Ortiz,Luis r.,,,,,,,,,,no,single-source,wayback_bsnpr_players,https://web.archive.org/web/20070417033701id_/http://www.bsnpr.com:80/estadisticas/enciclopedia.asp,2026-09-08T14:22:06Z
1541,"Ortiz, Luis ramon","ortiz, luis ramon",Ortiz,Luis ramon,,,,,,,,,,no,single-source,wayback_bsnpr_players,https://web.archive.org/web/20070417033701id_/http://www.bsnpr.com:80/estadisticas/enciclopedia.asp,2026-09-08T14:22:06Z
1542,"Rivera Gonzalez, Luis ramon","rivera gonzalez, luis ramon",Rivera Gonzalez,Luis ramon,,,,,,,,,,no,single-source,wayback_bsnpr_players,https://web.archive.org/web/20070417033701id_/http://www.bsnpr.com:80/estadisticas/enciclopedia.asp,2026-09-08T14:22:06Z
1543,"Gonzalez, Lulo","gonzalez, lulo",Gonzalez,Lulo,,,,,,,,,,no,single-source,wayback_bsnpr_players,https://web.archive.org/web/20070417033701id_/http://www.bsnpr.com:80/estadisticas/enciclopedia.asp,2026-09-08T14:22:06Z
1544,"Santana, Mague","santana, mague",Santana,Mague,,,,,,,,,,no,single-source,wayback_bsnpr_players,https://web.archive.org/web/20070417033701id_/http://www.bsnpr.com:80/estadisticas/enciclopedia.asp,2026-09-08T14:22:06Z
1545,"Mackey, Malcolm","mackey, malcolm",Mackey,Malcolm,,7/11/1970,1970,,,,,,,no,single-source,wayback_bsnpr_players,https://web.archive.org/web/20200601011615id_/https://www.bsnpr.com/estadisticas/enciclopedia.asp,2026-09-08T14:25:42Z
1546,"Mackey, Malcolm","mackey, malcolm",Mackey,Malcolm,,7/11/1970,1970,,,,,,,no,single-source,wayback_bsnpr_players,https://web.archive.org/web/20200601011615id_/https://www.bsnpr.com/estadisticas/enciclopedia.asp,2026-09-08T14:25:42Z
1547,"Evans Mccary, Malik","evans mccary, malik",Evans Mccary,Malik,,7/5/1973,1973,,,,,,,no,single-source,wayback_bsnpr_players,https://web.archive.org/web/20200601011615id_/https://www.bsnpr.com/estadisticas/enciclopedia.asp,2026-09-08T14:25:42Z
1548,"Garraton, Manolo","garraton, manolo",Garraton,Manolo,,,,,,,,,,no,single-source,wayback_bsnpr_players,https://web.archive.org/web/20070417033701id_/http://www.bsnpr.com:80/estadisticas/enciclopedia.asp,2026-09-08T14:22:06Z
1549,"Balzac, Manuel","balzac, manuel",Balzac,Manuel,,,,,,,,,,no,single-source,wayback_bsnpr_players,https://web.archive.org/web/20070417033701id_/http://www.bsnpr.com:80/estadisticas/enciclopedia.asp,2026-09-08T14:22:06Z
1550,"De Jesus Rivera, Manuel","de jesus rivera, manuel",De Jesus Rivera,Manuel,,3/4/1983,1983,,,,,,,no,single-source,wayback_bsnpr_players,https://web.archive.org/web/20200601011615id_/https://www.bsnpr.com/estadisticas/enciclopedia.asp,2026-09-08T14:25:42Z
1551,"Duran Juarbe, Manuel","duran juarbe, manuel",Duran Juarbe,Manuel,,7/21/1961,1961,,,,,,,no,single-source,wayback_bsnpr_players,https://web.archive.org/web/20200601011615id_/https://www.bsnpr.com/estadisticas/enciclopedia.asp,2026-09-08T14:25:42Z
1552,"Fernandez Peña, Manuel","fernandez pena, manuel",Fernandez Peña,Manuel,,11/12/1958,1958,,,,,,,no,single-source,wayback_bsnpr_players,https://web.archive.org/web/20200601011615id_/https://www.bsnpr.com/estadisticas/enciclopedia.asp,2026-09-08T14:25:42Z
1553,"Figueroa Asencio, Manuel","figueroa asencio, manuel",Figueroa Asencio,Manuel,,5/19/1966,1966,,,,,,,no,single-source,wayback_bsnpr_players,https://web.archive.org/web/20200601011615id_/https://www.bsnpr.com/estadisticas/enciclopedia.asp,2026-09-08T14:25:42Z
1554,"Fraguada Llanova, Manuel","fraguada llanova, manuel",Fraguada Llanova,Manuel,,,,,,,,,,no,single-source,wayback_bsnpr_players,https://web.archive.org/web/20070417033701id_/http://www.bsnpr.com:80/estadisticas/enciclopedia.asp,2026-09-08T14:22:06Z
1555,"Junco De la fuente, Manuel","junco de la fuente, manuel",Junco De la fuente,Manuel,,5/30/1951,1951,,,,,,,no,single-source,wayback_bsnpr_players,https://web.archive.org/web/20200601011615id_/https://www.bsnpr.com/estadisticas/enciclopedia.asp,2026-09-08T14:25:42Z
1556,"Medrano Ñunez, Manuel","medrano nunez, manuel",Medrano Ñunez,Manuel,,1/13/1968,1968,,,,,,,no,single-source,wayback_bsnpr_players,https://web.archive.org/web/20200601011615id_/https://www.bsnpr.com/estadisticas/enciclopedia.asp,2026-09-08T14:25:42Z
1557,"Muñoz, Manuel","munoz, manuel",Muñoz,Manuel,,,,,,,,,,no,single-source,wayback_bsnpr_players,https://web.archive.org/web/20070417033701id_/http://www.bsnpr.com:80/estadisticas/enciclopedia.asp,2026-09-08T14:22:06Z
1558,"Ramos, Manuel","ramos, manuel",Ramos,Manuel,,,,,,,,,,no,single-source,wayback_bsnpr_players,https://web.archive.org/web/20070417033701id_/http://www.bsnpr.com:80/estadisticas/enciclopedia.asp,2026-09-08T14:22:06Z
1559,"Rodriguez Molina, Manuel","rodriguez molina, manuel",Rodriguez Molina,Manuel,,10/31/1967,1967,,,,,,,no,single-source,wayback_bsnpr_players,https://web.archive.org/web/20200601011615id_/https://www.bsnpr.com/estadisticas/enciclopedia.asp,2026-09-08T14:25:42Z
1560,"Rosario, Manuel","rosario, manuel",Rosario,Manuel,,,,,,,,,,no,single-source,wayback_bsnpr_players,https://web.archive.org/web/20070417033701id_/http://www.bsnpr.com:80/estadisticas/enciclopedia.asp,2026-09-08T14:22:06Z
1561,"Cintron Vega, Manuel","cintron vega, manuel",Cintron Vega,Manuel,manolo,4/1/1963,1963,,,,,,,no,single-source,wayback_bsnpr_players,https://web.archive.org/web/20200601011615id_/https://www.bsnpr.com/estadisticas/enciclopedia.asp,2026-09-08T14:25:42Z
1562,"Narvaez Rivera, Manuel Antonio","narvaez rivera, manuel antonio",Narvaez Rivera,Manuel Antonio,,12/18/1981,1981,,,,,,,no,single-source,wayback_bsnpr_players,https://web.archive.org/web/20200601011615id_/https://www.bsnpr.com/estadisticas/enciclopedia.asp,2026-09-08T14:25:42Z
1563,"Correa, Manuel l.","correa, manuel l",Correa,Manuel l.,,,,,,,,,,no,single-source,wayback_bsnpr_players,https://web.archive.org/web/20070417033701id_/http://www.bsnpr.com:80/estadisticas/enciclopedia.asp,2026-09-08T14:22:06Z
1564,"Garcia Gonzalez, Marcelino","garcia gonzalez, marcelino",Garcia Gonzalez,Marcelino,,11/6/1966,1966,,,,,,,no,single-source,wayback_bsnpr_players,https://web.archive.org/web/20200601011615id_/https://www.bsnpr.com/estadisticas/enciclopedia.asp,2026-09-08T14:25:42Z
1565,"Rosado Ocasio, Marcelino","rosado ocasio, marcelino",Rosado Ocasio,Marcelino,,12/9/1964,1964,,,,,,,no,single-source,wayback_bsnpr_players,https://web.archive.org/web/20200601011615id_/https://www.bsnpr.com/estadisticas/enciclopedia.asp,2026-09-08T14:25:42Z
1566,"Trujillo, Marcelo","trujillo, marcelo",Trujillo,Marcelo,,,,,,,,,,no,single-source,wayback_bsnpr_players,https://web.archive.org/web/20070417033701id_/http://www.bsnpr.com:80/estadisticas/enciclopedia.asp,2026-09-08T14:22:06Z
1567,"Velez, Marcos","velez, marcos",Velez,Marcos,,,,,,,,,,no,single-source,wayback_bsnpr_players,https://web.archive.org/web/20070417033701id_/http://www.bsnpr.com:80/estadisticas/enciclopedia.asp,2026-09-08T14:22:06Z
1568,"Rivera Correa, Marcos","rivera correa, marcos",Rivera Correa,Marcos,pipo,6/13/1955,1955,,,,,,,no,single-source,wayback_bsnpr_players,https://web.archive.org/web/20200601011615id_/https://www.bsnpr.com/estadisticas/enciclopedia.asp,2026-09-08T14:25:42Z
1569,"Lopez Flecha, Marcos a.","lopez flecha, marcos a",Lopez Flecha,Marcos a.,,8/2/1961,1961,,,,,,,no,single-source,wayback_bsnpr_players,https://web.archive.org/web/20200601011615id_/https://www.bsnpr.com/estadisticas/enciclopedia.asp,2026-09-08T14:25:42Z
1570,"Ruiz Rodriguez, Marcos A.","ruiz rodriguez, marcos a",Ruiz Rodriguez,Marcos A.,,7/6/1983,1983,,,,,,,no,single-source,wayback_bsnpr_players,https://web.archive.org/web/20200601011615id_/https://www.bsnpr.com/estadisticas/enciclopedia.asp,2026-09-08T14:25:42Z
1571,"Liberty, Marcus","liberty, marcus",Liberty,Marcus,,10/27/1968,1968,,,,,,,no,single-source,wayback_bsnpr_players,https://web.archive.org/web/20200601011615id_/https://www.bsnpr.com/estadisticas/enciclopedia.asp,2026-09-08T14:25:42Z
1572,"Webb, Marcus","webb, marcus",Webb,Marcus,,,,,,,,,,no,single-source,wayback_bsnpr_players,https://web.archive.org/web/20070417033701id_/http://www.bsnpr.com:80/estadisticas/enciclopedia.asp,2026-09-08T14:22:06Z
1573,"Ortiz, Mariano","ortiz, mariano",Ortiz,Mariano,,,,,,,,,,no,single-source,wayback_bsnpr_players,https://web.archive.org/web/20070417033701id_/http://www.bsnpr.com:80/estadisticas/enciclopedia.asp,2026-09-08T14:22:06Z
1574,"Ortiz Marrero, Mariano","ortiz marrero, mariano",Ortiz Marrero,Mariano,tito,7/25/1944,1944,,,,,,,no,single-source,wayback_bsnpr_players,https://web.archive.org/web/20200601011615id_/https://www.bsnpr.com/estadisticas/enciclopedia.asp,2026-09-08T14:25:42Z
1575,"Butler Graham, Mario Alberto","butler graham, mario alberto",Butler Graham,Mario Alberto,,1/15/1957,1957,,,,,,,no,single-source,wayback_bsnpr_players,https://web.archive.org/web/20200601011615id_/https://www.bsnpr.com/estadisticas/enciclopedia.asp,2026-09-08T14:25:42Z
1576,"Donaldson, Mario","donaldson, mario",Donaldson,Mario,,,,,,,,,,no,single-source,wayback_bsnpr_players,https://web.archive.org/web/20070417033701id_/http://www.bsnpr.com:80/estadisticas/enciclopedia.asp,2026-09-08T14:22:06Z
1577,"Galves Evers, Mario","galves evers, mario",Galves Evers,Mario,,8/7/1960,1960,,,,,,,no,single-source,wayback_bsnpr_players,https://web.archive.org/web/20200601011615id_/https://www.bsnpr.com/estadisticas/enciclopedia.asp,2026-09-08T14:25:42Z
1578,"Godoy Perez, Mario","godoy perez, mario",Godoy Perez,Mario,,,,,,,,,,no,single-source,wayback_bsnpr_players,https://web.archive.org/web/20070417033701id_/http://www.bsnpr.com:80/estadisticas/enciclopedia.asp,2026-09-08T14:22:06Z
1579,"Marrero, Mario","marrero, mario",Marrero,Mario,,,,,,,,,,no,single-source,wayback_bsnpr_players,https://web.archive.org/web/20070417033701id_/http://www.bsnpr.com:80/estadisticas/enciclopedia.asp,2026-09-08T14:22:06Z
1580,"Mejil, Mario","mejil, mario",Mejil,Mario,,,,,,,,,,no,single-source,wayback_bsnpr_players,https://web.archive.org/web/20070417033701id_/http://www.bsnpr.com:80/estadisticas/enciclopedia.asp,2026-09-08T14:22:06Z
1581,"Sanchez Pares, Mario","sanchez pares, mario",Sanchez Pares,Mario,,,,,,,,,,no,single-source,wayback_bsnpr_players,https://web.archive.org/web/20070417033701id_/http://www.bsnpr.com:80/estadisticas/enciclopedia.asp,2026-09-08T14:22:06Z
1582,"Sanchez Rivera, Mario","sanchez rivera, mario",Sanchez Rivera,Mario,,4/9/1958,1958,,,,,,,no,single-source,wayback_bsnpr_players,https://web.archive.org/web/20200601011615id_/https://www.bsnpr.com/estadisticas/enciclopedia.asp,2026-09-08T14:25:42Z
1583,"Torres Toro, Mario","torres toro, mario",Torres Toro,Mario,,3/13/1972,1972,,,,,,,no,single-source,wayback_bsnpr_players,https://web.archive.org/web/20200601011615id_/https://www.bsnpr.com/estadisticas/enciclopedia.asp,2026-09-08T14:25:42Z
1584,"Morales Micheo, Mario","morales micheo, mario",Morales Micheo,Mario,quijote,11/13/1957,1957,,,,,,,no,single-source,wayback_bsnpr_players,https://web.archive.org/web/20200601011615id_/https://www.bsnpr.com/estadisticas/enciclopedia.asp,2026-09-08T14:25:42Z
1585,"Rodriguez Flores, Mario e.","rodriguez flores, mario e",Rodriguez Flores,Mario e.,henry,3/22/1956,1956,,,,,,,no,single-source,wayback_bsnpr_players,https://web.archive.org/web/20200601011615id_/https://www.bsnpr.com/estadisticas/enciclopedia.asp,2026-09-08T14:25:42Z
1586,"Hutton, Mark","hutton, mark",Hutton,Mark,,,,,,,,,,no,single-source,wayback_bsnpr_players,https://web.archive.org/web/20070417033701id_/http://www.bsnpr.com:80/estadisticas/enciclopedia.asp,2026-09-08T14:22:06Z
1587,"Strickland, Mark","strickland, mark",Strickland,Mark,,,,,,,,,,no,single-source,wayback_bsnpr_players,https://web.archive.org/web/20070417033701id_/http://www.bsnpr.com:80/estadisticas/enciclopedia.asp,2026-09-08T14:22:06Z
1588,"Strickland, Mark","strickland, mark",Strickland,Mark,,,,,,,,,,no,single-source,wayback_bsnpr_players,https://web.archive.org/web/20070417033701id_/http://www.bsnpr.com:80/estadisticas/enciclopedia.asp,2026-09-08T14:22:06Z
1589,"Trautman Peters, Mark","trautman peters, mark",Trautman Peters,Mark,,2/10/1966,1966,,,,,,,no,single-source,wayback_bsnpr_players,https://web.archive.org/web/20200601011615id_/https://www.bsnpr.com/estadisticas/enciclopedia.asp,2026-09-08T14:25:42Z
1590,"Benson Carrasco, Mark Anthony","benson carrasco, mark anthony",Benson Carrasco,Mark Anthony,,8/17/1968,1968,,,,,,,no,single-source,wayback_bsnpr_players,https://web.archive.org/web/20200601011615id_/https://www.bsnpr.com/estadisticas/enciclopedia.asp,2026-09-08T14:25:42Z
1591,"Valderas Wahl, Mark stuart","valderas wahl, mark stuart",Valderas Wahl,Mark stuart,,3/7/1957,1957,,,,,,,no,single-source,wayback_bsnpr_players,https://web.archive.org/web/20200601011615id_/https://www.bsnpr.com/estadisticas/enciclopedia.asp,2026-09-08T14:25:42Z
1592,"Santiago, Mark w.","santiago, mark w",Santiago,Mark w.,,9/17/1966,1966,,,,,,,no,single-source,wayback_bsnpr_players,https://web.archive.org/web/20200601011615id_/https://www.bsnpr.com/estadisticas/enciclopedia.asp,2026-09-08T14:25:42Z
1593,"Bragg, Marquis","bragg, marquis",Bragg,Marquis,,,,,,,,,,no,single-source,wayback_bsnpr_players,https://web.archive.org/web/20070417033701id_/http://www.bsnpr.com:80/estadisticas/enciclopedia.asp,2026-09-08T14:22:06Z
1594,"Anza, Martin","anza, martin",Anza,Martin,,9/27/1941,1941,,,,,,,no,single-source,wayback_bsnpr_players,https://web.archive.org/web/20200601011615id_/https://www.bsnpr.com/estadisticas/enciclopedia.asp,2026-09-08T14:25:42Z
1595,"Jimenez, Martin","jimenez, martin",Jimenez,Martin,,,,,,,,,,no,single-source,wayback_bsnpr_players,https://web.archive.org/web/20070417033701id_/http://www.bsnpr.com:80/estadisticas/enciclopedia.asp,2026-09-08T14:22:06Z
1596,"Rosas Roman, Martin","rosas roman, martin",Rosas Roman,Martin,,,,,,,,,,no,single-source,wayback_bsnpr_players,https://web.archive.org/web/20070417033701id_/http://www.bsnpr.com:80/estadisticas/enciclopedia.asp,2026-09-08T14:22:06Z
1597,"Velez Ortiz, Martin jr","velez ortiz, martin jr",Velez Ortiz,Martin jr,,,,,,,,,,no,single-source,wayback_bsnpr_players,https://web.archive.org/web/20070417033701id_/http://www.bsnpr.com:80/estadisticas/enciclopedia.asp,2026-09-08T14:22:06Z
1598,"Velez Ortiz, Martin jr","velez ortiz, martin jr",Velez Ortiz,Martin jr,,,,,,,,,,no,single-source,wayback_bsnpr_players,https://web.archive.org/web/20070417033701id_/http://www.bsnpr.com:80/estadisticas/enciclopedia.asp,2026-09-08T14:22:06Z
1599,"Alexander, Marvin","alexander, marvin",Alexander,Marvin,,,,,,,,,,no,single-source,wayback_bsnpr_players,https://web.archive.org/web/20070417033701id_/http://www.bsnpr.com:80/estadisticas/enciclopedia.asp,2026-09-08T14:22:06Z
1600,"Stone, Marvin","stone, marvin",Stone,Marvin,,,,,,,,,,no,single-source,wayback_bsnpr_players,https://web.archive.org/web/20070417033701id_/http://www.bsnpr.com:80/estadisticas/enciclopedia.asp,2026-09-08T14:22:06Z
1601,"Freije Sievert, Matt","freije sievert, matt",Freije Sievert,Matt,,10/2/1981,1981,,,,,,,no,single-source,wayback_bsnpr_players,https://web.archive.org/web/20200601011615id_/https://www.bsnpr.com/estadisticas/enciclopedia.asp,2026-09-08T14:25:42Z
1602,"Nover, Matt","nover, matt",Nover,Matt,,,,,,,,,,no,single-source,wayback_bsnpr_players,https://web.archive.org/web/20070417033701id_/http://www.bsnpr.com:80/estadisticas/enciclopedia.asp,2026-09-08T14:22:06Z
1603,"Clark, Matthew","clark, matthew",Clark,Matthew,,11/5/1969,1969,,,,,,,no,single-source,wayback_bsnpr_players,https://web.archive.org/web/20200601011615id_/https://www.bsnpr.com/estadisticas/enciclopedia.asp,2026-09-08T14:25:42Z
1604,"Fish, Matthew","fish, matthew",Fish,Matthew,,,,,,,,,,no,single-source,wayback_bsnpr_players,https://web.archive.org/web/20070417033701id_/http://www.bsnpr.com:80/estadisticas/enciclopedia.asp,2026-09-08T14:22:06Z
1605,"Carter, Maurice","carter, maurice",Carter,Maurice,,,,,,,,,,no,single-source,wayback_bsnpr_players,https://web.archive.org/web/20070417033701id_/http://www.bsnpr.com:80/estadisticas/enciclopedia.asp,2026-09-08T14:22:06Z
1606,"Andino Amador, Maximo","andino amador, maximo",Andino Amador,Maximo,,11/14/1954,1954,,,,,,,no,single-source,wayback_bsnpr_players,https://web.archive.org/web/20200601011615id_/https://www.bsnpr.com/estadisticas/enciclopedia.asp,2026-09-08T14:25:42Z
1607,"Monserrate, Medan","monserrate, medan",Monserrate,Medan,,,,,,,,,,no,single-source,wayback_bsnpr_players,https://web.archive.org/web/20070417033701id_/http://www.bsnpr.com:80/estadisticas/enciclopedia.asp,2026-09-08T14:22:06Z
1608,"England, Melvin","england, melvin",England,Melvin,,,,,,,,,,no,single-source,wayback_bsnpr_players,https://web.archive.org/web/20070417033701id_/http://www.bsnpr.com:80/estadisticas/enciclopedia.asp,2026-09-08T14:22:06Z
1609,"Espada Colon, Melvin","espada colon, melvin",Espada Colon,Melvin,,4/15/1964,1964,,,,,,,no,single-source,wayback_bsnpr_players,https://web.archive.org/web/20200601011615id_/https://www.bsnpr.com/estadisticas/enciclopedia.asp,2026-09-08T14:25:42Z
1610,"Hunt, Melvin","hunt, melvin",Hunt,Melvin,,,,,,,,,,no,single-source,wayback_bsnpr_players,https://web.archive.org/web/20070417033701id_/http://www.bsnpr.com:80/estadisticas/enciclopedia.asp,2026-09-08T14:22:06Z
1611,"Johnson, Melvin","johnson, melvin",Johnson,Melvin,,,,,,,,,,no,single-source,wayback_bsnpr_players,https://web.archive.org/web/20070417033701id_/http://www.bsnpr.com:80/estadisticas/enciclopedia.asp,2026-09-08T14:22:06Z
1612,"Robinson, Melvin","robinson, melvin",Robinson,Melvin,,,,,,,,,,no,single-source,wayback_bsnpr_players,https://web.archive.org/web/20070417033701id_/http://www.bsnpr.com:80/estadisticas/enciclopedia.asp,2026-09-08T14:22:06Z
1613,"Simon, Melvin","simon, melvin",Simon,Melvin,,4/27/1971,1971,,,,,,,no,single-source,wayback_bsnpr_players,https://web.archive.org/web/20200601011615id_/https://www.bsnpr.com/estadisticas/enciclopedia.asp,2026-09-08T14:25:42Z
1614,"Aponte Guzmán, Michael","aponte guzman, michael",Aponte Guzmán,Michael,,7/15/1983,1983,,,,,,,no,single-source,wayback_bsnpr_players,https://web.archive.org/web/20200601011615id_/https://www.bsnpr.com/estadisticas/enciclopedia.asp,2026-09-08T14:25:42Z
1615,"Castro Atking, Michael","castro atking, michael",Castro Atking,Michael,,8/19/1983,1983,,,,,,,no,single-source,wayback_bsnpr_players,https://web.archive.org/web/20200601011615id_/https://www.bsnpr.com/estadisticas/enciclopedia.asp,2026-09-08T14:25:42Z
1616,"Dias Rivera, Michael","dias rivera, michael",Dias Rivera,Michael,,,,,,,,,,no,single-source,wayback_bsnpr_players,https://web.archive.org/web/20070417033701id_/http://www.bsnpr.com:80/estadisticas/enciclopedia.asp,2026-09-08T14:22:06Z
1617,"Gomez, Michael","gomez, michael",Gomez,Michael,,4/6/1963,1963,,,,,,,no,single-source,wayback_bsnpr_players,https://web.archive.org/web/20200601011615id_/https://www.bsnpr.com/estadisticas/enciclopedia.asp,2026-09-08T14:25:42Z
1618,"Guerens Buthenthal, Michael","guerens buthenthal, michael",Guerens Buthenthal,Michael,,5/2/1962,1962,,,,,,,no,single-source,wayback_bsnpr_players,https://web.archive.org/web/20200601011615id_/https://www.bsnpr.com/estadisticas/enciclopedia.asp,2026-09-08T14:25:42Z
1619,"Henderson, Michael","henderson, michael",Henderson,Michael,,2/16/1961,1961,,,,,,,no,single-source,wayback_bsnpr_players,https://web.archive.org/web/20200601011615id_/https://www.bsnpr.com/estadisticas/enciclopedia.asp,2026-09-08T14:25:42Z
1620,"Mccain Gonzalez, Michael","mccain gonzalez, michael",Mccain Gonzalez,Michael,,8/23/1961,1961,,,,,,,no,single-source,wayback_bsnpr_players,https://web.archive.org/web/20200601011615id_/https://www.bsnpr.com/estadisticas/enciclopedia.asp,2026-09-08T14:25:42Z
1621,"Mcdonald, Michael","mcdonald, michael",Mcdonald,Michael,,,,,,,,,,no,single-source,wayback_bsnpr_players,https://web.archive.org/web/20070417033701id_/http://www.bsnpr.com:80/estadisticas/enciclopedia.asp,2026-09-08T14:22:06Z
1622,"Motten, Michael","motten, michael",Motten,Michael,,,,,,,,,,no,single-source,wayback_bsnpr_players,https://web.archive.org/web/20070417033701id_/http://www.bsnpr.com:80/estadisticas/enciclopedia.asp,2026-09-08T14:22:06Z
1623,"Rios Garofalo, Michael","rios garofalo, michael",Rios Garofalo,Michael,,,,,,,,,,no,single-source,wayback_bsnpr_players,https://web.archive.org/web/20070417033701id_/http://www.bsnpr.com:80/estadisticas/enciclopedia.asp,2026-09-08T14:22:06Z
1624,"Rivera Cruz, Michael","rivera cruz, michael",Rivera Cruz,Michael,,2/2/1962,1962,,,,,,,no,single-source,wayback_bsnpr_players,https://web.archive.org/web/20200601011615id_/https://www.bsnpr.com/estadisticas/enciclopedia.asp,2026-09-08T14:25:42Z
1625,"Santos, Michael","santos, michael",Santos,Michael,,7/17/1956,1956,,,,,,,no,single-source,wayback_bsnpr_players,https://web.archive.org/web/20200601011615id_/https://www.bsnpr.com/estadisticas/enciclopedia.asp,2026-09-08T14:25:42Z
1626,"Saulsberry, Michael","saulsberry, michael",Saulsberry,Michael,,,,,,,,,,no,single-source,wayback_bsnpr_players,https://web.archive.org/web/20070417033701id_/http://www.bsnpr.com:80/estadisticas/enciclopedia.asp,2026-09-08T14:22:06Z
1627,"Vicens, Michael","vicens, michael",Vicens,Michael,,7/11/1955,1955,,,,,,,no,single-source,wayback_bsnpr_players,https://web.archive.org/web/20200601011615id_/https://www.bsnpr.com/estadisticas/enciclopedia.asp,2026-09-08T14:25:42Z
1628,"Watson Fuentes, Michael","watson fuentes, michael",Watson Fuentes,Michael,,12/24/1980,1980,,,,,,,no,single-source,wayback_bsnpr_players,https://web.archive.org/web/20200601011615id_/https://www.bsnpr.com/estadisticas/enciclopedia.asp,2026-09-08T14:25:42Z
1629,"Campbell, Michael","campbell, michael",Campbell,Michael,mike,5/21/1975,1975,,,,,,,no,single-source,wayback_bsnpr_players,https://web.archive.org/web/20200601011615id_/https://www.bsnpr.com/estadisticas/enciclopedia.asp,2026-09-08T14:25:42Z
1630,"Torres Espinosa, Michael","torres espinosa, michael",Torres Espinosa,Michael,mudo,4/8/1961,1961,,,,,,,no,single-source,wayback_bsnpr_players,https://web.archive.org/web/20200601011615id_/https://www.bsnpr.com/estadisticas/enciclopedia.asp,2026-09-08T14:25:42Z
1631,"Sanchez Trotter, Michael albert","sanchez trotter, michael albert",Sanchez Trotter,Michael albert,,,,,,,,,,no,single-source,wayback_bsnpr_players,https://web.archive.org/web/20070417033701id_/http://www.bsnpr.com:80/estadisticas/enciclopedia.asp,2026-09-08T14:22:06Z
1632,"Wilson Maldonado, Michael darell","wilson maldonado, michael darell",Wilson Maldonado,Michael darell,,7/6/1964,1964,,,,,,,no,single-source,wayback_bsnpr_players,https://web.archive.org/web/20200601011615id_/https://www.bsnpr.com/estadisticas/enciclopedia.asp,2026-09-08T14:25:42Z
1633,"Coll, Mickey","coll, mickey",Coll,Mickey,,2/12/1951,1951,,,,,,,no,single-source,wayback_bsnpr_players,https://web.archive.org/web/20200601011615id_/https://www.bsnpr.com/estadisticas/enciclopedia.asp,2026-09-08T14:25:42Z
1634,"Alvarado Cintron, Miguel","alvarado cintron, miguel",Alvarado Cintron,Miguel,,12/9/1956,1956,,,,,,,no,single-source,wayback_bsnpr_players,https://web.archive.org/web/20200601011615id_/https://www.bsnpr.com/estadisticas/enciclopedia.asp,2026-09-08T14:25:42Z
1635,"Amadeo Amadeo, Miguel","amadeo amadeo, miguel",Amadeo Amadeo,Miguel,,10/5/1963,1963,,,,,,,no,single-source,wayback_bsnpr_players,https://web.archive.org/web/20200601011615id_/https://www.bsnpr.com/estadisticas/enciclopedia.asp,2026-09-08T14:25:42Z
1636,"Ayala, Miguel","ayala, miguel",Ayala,Miguel,,,,,,,,,,no,single-source,wayback_bsnpr_players,https://web.archive.org/web/20070417033701id_/http://www.bsnpr.com:80/estadisticas/enciclopedia.asp,2026-09-08T14:22:06Z
1637,"Barreras, Miguel","barreras, miguel",Barreras,Miguel,,,,,,,,,,no,single-source,wayback_bsnpr_players,https://web.archive.org/web/20070417033701id_/http://www.bsnpr.com:80/estadisticas/enciclopedia.asp,2026-09-08T14:22:06Z
1638,"Berdiel, Miguel","berdiel, miguel",Berdiel,Miguel,,,,,,,,,,no,single-source,wayback_bsnpr_players,https://web.archive.org/web/20070417033701id_/http://www.bsnpr.com:80/estadisticas/enciclopedia.asp,2026-09-08T14:22:06Z
1639,"Camilo Irizarry, Miguel","camilo irizarry, miguel",Camilo Irizarry,Miguel,,,,,,,,,,no,single-source,wayback_bsnpr_players,https://web.archive.org/web/20070417033701id_/http://www.bsnpr.com:80/estadisticas/enciclopedia.asp,2026-09-08T14:22:06Z
1640,"Castro, Miguel","castro, miguel",Castro,Miguel,,,,,,,,,,no,single-source,wayback_bsnpr_players,https://web.archive.org/web/20070417033701id_/http://www.bsnpr.com:80/estadisticas/enciclopedia.asp,2026-09-08T14:22:06Z
1641,"Corchado Dumeng, Miguel","corchado dumeng, miguel",Corchado Dumeng,Miguel,,4/20/1958,1958,,,,,,,no,single-source,wayback_bsnpr_players,https://web.archive.org/web/20200601011615id_/https://www.bsnpr.com/estadisticas/enciclopedia.asp,2026-09-08T14:25:42Z
1642,"Davila Marti, Miguel","davila marti, miguel",Davila Marti,Miguel,,11/14/1955,1955,,,,,,,no,single-source,wayback_bsnpr_players,https://web.archive.org/web/20200601011615id_/https://www.bsnpr.com/estadisticas/enciclopedia.asp,2026-09-08T14:25:42Z
1643,"De jesus, Miguel","de jesus, miguel",De jesus,Miguel,,,,,,,,,,no,single-source,wayback_bsnpr_players,https://web.archive.org/web/20070417033701id_/http://www.bsnpr.com:80/estadisticas/enciclopedia.asp,2026-09-08T14:22:06Z
1644,"Dionisio Rivera, Miguel","dionisio rivera, miguel",Dionisio Rivera,Miguel,,11/6/1974,1974,,,,,,,no,single-source,wayback_bsnpr_players,https://web.archive.org/web/20200601011615id_/https://www.bsnpr.com/estadisticas/enciclopedia.asp,2026-09-08T14:25:42Z
1645,"Fernandez Peña, Miguel","fernandez pena, miguel",Fernandez Peña,Miguel,,10/6/1959,1959,,,,,,,no,single-source,wayback_bsnpr_players,https://web.archive.org/web/20200601011615id_/https://www.bsnpr.com/estadisticas/enciclopedia.asp,2026-09-08T14:25:42Z
1646,"Mendez Ugarte, Miguel","mendez ugarte, miguel",Mendez Ugarte,Miguel,,2/14/1981,1981,,,,,,,no,single-source,wayback_bsnpr_players,https://web.archive.org/web/20200601011615id_/https://www.bsnpr.com/estadisticas/enciclopedia.asp,2026-09-08T14:25:42Z
1647,"Nadal, Miguel","nadal, miguel",Nadal,Miguel,,,,,,,,,,no,single-source,wayback_bsnpr_players,https://web.archive.org/web/20070417033701id_/http://www.bsnpr.com:80/estadisticas/enciclopedia.asp,2026-09-08T14:22:06Z
1648,"Nuñez, Miguel","nunez, miguel",Nuñez,Miguel,,,,,,,,,,no,single-source,wayback_bsnpr_players,https://web.archive.org/web/20070417033701id_/http://www.bsnpr.com:80/estadisticas/enciclopedia.asp,2026-09-08T14:22:06Z
1649,"Pacheco, Miguel","pacheco, miguel",Pacheco,Miguel,,,,,,,,,,no,single-source,wayback_bsnpr_players,https://web.archive.org/web/20070417033701id_/http://www.bsnpr.com:80/estadisticas/enciclopedia.asp,2026-09-08T14:22:06Z
1650,"Perez, Miguel","perez, miguel",Perez,Miguel,,,,,,,,,,no,single-source,wayback_bsnpr_players,https://web.archive.org/web/20070417033701id_/http://www.bsnpr.com:80/estadisticas/enciclopedia.asp,2026-09-08T14:22:06Z
1651,"Quiñones Calderon, Miguel","quinones calderon, miguel",Quiñones Calderon,Miguel,,2/18/1957,1957,,,,,,,no,single-source,wayback_bsnpr_players,https://web.archive.org/web/20200601011615id_/https://www.bsnpr.com/estadisticas/enciclopedia.asp,2026-09-08T14:25:42Z
1652,"Rivera, Miguel","rivera, miguel",Rivera,Miguel,,,,,,,,,,no,single-source,wayback_bsnpr_players,https://web.archive.org/web/20070417033701id_/http://www.bsnpr.com:80/estadisticas/enciclopedia.asp,2026-09-08T14:22:06Z
1653,"Rodriguez Deliz, Miguel","rodriguez deliz, miguel",Rodriguez Deliz,Miguel,,,,,,,,,,no,single-source,wayback_bsnpr_players,https://web.archive.org/web/20070417033701id_/http://www.bsnpr.com:80/estadisticas/enciclopedia.asp,2026-09-08T14:22:06Z
1654,"Saldaña, Miguel","saldana, miguel",Saldaña,Miguel,,,,,,,,,,no,single-source,wayback_bsnpr_players,https://web.archive.org/web/20070417033701id_/http://www.bsnpr.com:80/estadisticas/enciclopedia.asp,2026-09-08T14:22:06Z
1655,"Saldaña, Miguel","saldana, miguel",Saldaña,Miguel,,,,,,,,,,no,single-source,wayback_bsnpr_players,https://web.archive.org/web/20070417033701id_/http://www.bsnpr.com:80/estadisticas/enciclopedia.asp,2026-09-08T14:22:06Z
1656,"Sanchez, Miguel","sanchez, miguel",Sanchez,Miguel,,,,,,,,,,no,single-source,wayback_bsnpr_players,https://web.archive.org/web/20070417033701id_/http://www.bsnpr.com:80/estadisticas/enciclopedia.asp,2026-09-08T14:22:06Z
1657,"Soto Sanchez, Miguel","soto sanchez, miguel",Soto Sanchez,Miguel,,,,,,,,,,no,single-source,wayback_bsnpr_players,https://web.archive.org/web/20070417033701id_/http://www.bsnpr.com:80/estadisticas/enciclopedia.asp,2026-09-08T14:22:06Z
1658,"Soto Velez, Miguel","soto velez, miguel",Soto Velez,Miguel,,,,,,,,,,no,single-source,wayback_bsnpr_players,https://web.archive.org/web/20070417033701id_/http://www.bsnpr.com:80/estadisticas/enciclopedia.asp,2026-09-08T14:22:06Z
1659,"Varela Lopez, Miguel","varela lopez, miguel",Varela Lopez,Miguel,,,,,,,,,,no,single-source,wayback_bsnpr_players,https://web.archive.org/web/20070417033701id_/http://www.bsnpr.com:80/estadisticas/enciclopedia.asp,2026-09-08T14:22:06Z
1660,"Davila Cordero, Miguel","davila cordero, miguel",Davila Cordero,Miguel,michelo,10/13/1974,1974,,,,,,,no,single-source,wayback_bsnpr_players,https://web.archive.org/web/20200601011615id_/https://www.bsnpr.com/estadisticas/enciclopedia.asp,2026-09-08T14:25:42Z
1661,"Gonzalez Gonzalez, Miguel a.","gonzalez gonzalez, miguel a",Gonzalez Gonzalez,Miguel a.,,3/7/1986,1986,,,,,,,no,single-source,wayback_bsnpr_players,https://web.archive.org/web/20200601011615id_/https://www.bsnpr.com/estadisticas/enciclopedia.asp,2026-09-08T14:25:42Z
1662,"Rivera Nieves, Miguel a.","rivera nieves, miguel a",Rivera Nieves,Miguel a.,,1/20/1964,1964,,,,,,,no,single-source,wayback_bsnpr_players,https://web.archive.org/web/20200601011615id_/https://www.bsnpr.com/estadisticas/enciclopedia.asp,2026-09-08T14:25:42Z
1663,"Silen, Miguel a.","silen, miguel a",Silen,Miguel a.,,,,,,,,,,no,single-source,wayback_bsnpr_players,https://web.archive.org/web/20070417033701id_/http://www.bsnpr.com:80/estadisticas/enciclopedia.asp,2026-09-08T14:22:06Z
1664,"Hernandez, Miguel a.","hernandez, miguel a",Hernandez,Miguel a.,mike,2/10/1959,1959,,,,,,,no,single-source,wayback_bsnpr_players,https://web.archive.org/web/20200601011615id_/https://www.bsnpr.com/estadisticas/enciclopedia.asp,2026-09-08T14:25:42Z
1665,"Pizarro Suazo, Miguel a.","pizarro suazo, miguel a",Pizarro Suazo,Miguel a.,mite,11/23/1955,1955,,,,,,,no,single-source,wayback_bsnpr_players,https://web.archive.org/web/20200601011615id_/https://www.bsnpr.com/estadisticas/enciclopedia.asp,2026-09-08T14:25:42Z
1666,"Berdiel Aponte, Miguel","berdiel aponte, miguel",Berdiel Aponte,Miguel,Ali,12/27/1983,1983,,,,,,,no,single-source,wayback_bsnpr_players,https://web.archive.org/web/20200601011615id_/https://www.bsnpr.com/estadisticas/enciclopedia.asp,2026-09-08T14:25:42Z
1667,"Gonzalez Collazo, Miguel angel","gonzalez collazo, miguel angel",Gonzalez Collazo,Miguel angel,mike,4/22/1955,1955,,,,,,,no,single-source,wayback_bsnpr_players,https://web.archive.org/web/20200601011615id_/https://www.bsnpr.com/estadisticas/enciclopedia.asp,2026-09-08T14:25:42Z
1668,"Diaz Torres, Miguel r.","diaz torres, miguel r",Diaz Torres,Miguel r.,,4/30/1949,1949,,,,,,,no,single-source,wayback_bsnpr_players,https://web.archive.org/web/20200601011615id_/https://www.bsnpr.com/estadisticas/enciclopedia.asp,2026-09-08T14:25:42Z
1669,"Haskel, Mike","haskel, mike",Haskel,Mike,,,,,,,,,,no,single-source,wayback_bsnpr_players,https://web.archive.org/web/20070417033701id_/http://www.bsnpr.com:80/estadisticas/enciclopedia.asp,2026-09-08T14:22:06Z
1670,"King, Mike","king, mike",King,Mike,,8/30/1974,1974,,,,,,,no,single-source,wayback_bsnpr_players,https://web.archive.org/web/20200601011615id_/https://www.bsnpr.com/estadisticas/enciclopedia.asp,2026-09-08T14:25:42Z
1671,"Robinson, Mike","robinson, mike",Robinson,Mike,,,,,,,,,,no,single-source,wayback_bsnpr_players,https://web.archive.org/web/20070417033701id_/http://www.bsnpr.com:80/estadisticas/enciclopedia.asp,2026-09-08T14:22:06Z
1672,"Bell, Milton","bell, milton",Bell,Milton,,,,,,,,,,no,single-source,wayback_bsnpr_players,https://web.archive.org/web/20070417033701id_/http://www.bsnpr.com:80/estadisticas/enciclopedia.asp,2026-09-08T14:22:06Z
1673,"Hernandez Colon, Milton","hernandez colon, milton",Hernandez Colon,Milton,,7/5/1957,1957,,,,,,,no,single-source,wayback_bsnpr_players,https://web.archive.org/web/20200601011615id_/https://www.bsnpr.com/estadisticas/enciclopedia.asp,2026-09-08T14:25:42Z
1674,"Segarra Pancorbo, Milton","segarra pancorbo, milton",Segarra Pancorbo,Milton,,9/30/1964,1964,,,,,,,no,single-source,wayback_bsnpr_players,https://web.archive.org/web/20200601011615id_/https://www.bsnpr.com/estadisticas/enciclopedia.asp,2026-09-08T14:25:42Z
1675,"Henderson, Milton","henderson, milton",Henderson,Milton,j.r.,10/30/1976,1976,,,,,,,no,single-source,wayback_bsnpr_players,https://web.archive.org/web/20200601011615id_/https://www.bsnpr.com/estadisticas/enciclopedia.asp,2026-09-08T14:25:42Z
1676,"Lebron, Mitchel","lebron, mitchel",Lebron,Mitchel,,6/13/1959,1959,,,,,,,no,single-source,wayback_bsnpr_players,https://web.archive.org/web/20200601011615id_/https://www.bsnpr.com/estadisticas/enciclopedia.asp,2026-09-08T14:25:42Z
1677,"Santana, Mitchell","santana, mitchell",Santana,Mitchell,,,,,,,,,,no,single-source,wayback_bsnpr_players,https://web.archive.org/web/20070417033701id_/http://www.bsnpr.com:80/estadisticas/enciclopedia.asp,2026-09-08T14:22:06Z
1678,"Plaza Manso, Modesto","plaza manso, modesto",Plaza Manso,Modesto,,7/3/1962,1962,,,,,,,no,single-source,wayback_bsnpr_players,https://web.archive.org/web/20200601011615id_/https://www.bsnpr.com/estadisticas/enciclopedia.asp,2026-09-08T14:25:42Z
1679,"Marrero, Moises","marrero, moises",Marrero,Moises,,,,,,,,,,no,single-source,wayback_bsnpr_players,https://web.archive.org/web/20070417033701id_/http://www.bsnpr.com:80/estadisticas/enciclopedia.asp,2026-09-08T14:22:06Z
1680,"Navedo, Moises","navedo, moises",Navedo,Moises,,,,,,,,,,no,single-source,wayback_bsnpr_players,https://web.archive.org/web/20070417033701id_/http://www.bsnpr.com:80/estadisticas/enciclopedia.asp,2026-09-08T14:22:06Z
1681,"Piñero Dones, Moises","pinero dones, moises",Piñero Dones,Moises,,3/6/1971,1971,,,,,,,no,single-source,wayback_bsnpr_players,https://web.archive.org/web/20200601011615id_/https://www.bsnpr.com/estadisticas/enciclopedia.asp,2026-09-08T14:25:42Z
1682,"Rivera, Moises","rivera, moises",Rivera,Moises,,,,,,,,,,no,single-source,wayback_bsnpr_players,https://web.archive.org/web/20070417033701id_/http://www.bsnpr.com:80/estadisticas/enciclopedia.asp,2026-09-08T14:22:06Z
1683,"Santiago Figueroa, Moises","santiago figueroa, moises",Santiago Figueroa,Moises,,11/26/1979,1979,,,,,,,no,single-source,wayback_bsnpr_players,https://web.archive.org/web/20200601011615id_/https://www.bsnpr.com/estadisticas/enciclopedia.asp,2026-09-08T14:25:42Z
1684,"Rivera Ayala, Monserrate","rivera ayala, monserrate",Rivera Ayala,Monserrate,,10/4/1961,1961,,,,,,,no,single-source,wayback_bsnpr_players,https://web.archive.org/web/20200601011615id_/https://www.bsnpr.com/estadisticas/enciclopedia.asp,2026-09-08T14:25:42Z
1685,"Wilson Wilder, Monty","wilson wilder, monty",Wilson Wilder,Monty,,5/9/1973,1973,,,,,,,no,single-source,wayback_bsnpr_players,https://web.archive.org/web/20200601011615id_/https://www.bsnpr.com/estadisticas/enciclopedia.asp,2026-09-08T14:25:42Z
1686,"Ramsay, Moris","ramsay, moris",Ramsay,Moris,,,,,,,,,,no,single-source,wayback_bsnpr_players,https://web.archive.org/web/20070417033701id_/http://www.bsnpr.com:80/estadisticas/enciclopedia.asp,2026-09-08T14:22:06Z
1687,"Brooks, Mylo","brooks, mylo",Brooks,Mylo,,6/3/1975,1975,,,,,,,no,single-source,wayback_bsnpr_players,https://web.archive.org/web/20200601011615id_/https://www.bsnpr.com/estadisticas/enciclopedia.asp,2026-09-08T14:25:42Z
1688,"Tirado, Nabal","tirado, nabal",Tirado,Nabal,,,,,,,,,,no,single-source,wayback_bsnpr_players,https://web.archive.org/web/20070417033701id_/http://www.bsnpr.com:80/estadisticas/enciclopedia.asp,2026-09-08T14:22:06Z
1689,"Rivera Rios, Nandy","rivera rios, nandy",Rivera Rios,Nandy,,,,,,,,,,no,single-source,wayback_bsnpr_players,https://web.archive.org/web/20070417033701id_/http://www.bsnpr.com:80/estadisticas/enciclopedia.asp,2026-09-08T14:22:06Z
1690,"Willingham, Natambu","willingham, natambu",Willingham,Natambu,,,,,,,,,,no,single-source,wayback_bsnpr_players,https://web.archive.org/web/20070417033701id_/http://www.bsnpr.com:80/estadisticas/enciclopedia.asp,2026-09-08T14:22:06Z
1691,"Higgs, Nate","higgs, nate",Higgs,Nate,,,,,,,,,,no,single-source,wayback_bsnpr_players,https://web.archive.org/web/20070417033701id_/http://www.bsnpr.com:80/estadisticas/enciclopedia.asp,2026-09-08T14:22:06Z
1692,"Crispin Vargas, Nathanael","crispin vargas, nathanael",Crispin Vargas,Nathanael,,,,,,,,,,no,single-source,wayback_bsnpr_players,https://web.archive.org/web/20070417033701id_/http://www.bsnpr.com:80/estadisticas/enciclopedia.asp,2026-09-08T14:22:06Z
1693,"Davis Jackson, Nathanael","davis jackson, nathanael",Davis Jackson,Nathanael,nick,9/27/1976,1976,,,,,,,no,single-source,wayback_bsnpr_players,https://web.archive.org/web/20200601011615id_/https://www.bsnpr.com/estadisticas/enciclopedia.asp,2026-09-08T14:25:42Z
1694,"Johnston Sullivan, Nathaniel james","johnston sullivan, nathaniel james",Johnston Sullivan,Nathaniel james,,,,,,,,,,no,single-source,wayback_bsnpr_players,https://web.archive.org/web/20070417033701id_/http://www.bsnpr.com:80/estadisticas/enciclopedia.asp,2026-09-08T14:22:06Z
1695,"Espada Colon, Neftali","espada colon, neftali",Espada Colon,Neftali,,8/12/1967,1967,,,,,,,no,single-source,wayback_bsnpr_players,https://web.archive.org/web/20200601011615id_/https://www.bsnpr.com/estadisticas/enciclopedia.asp,2026-09-08T14:25:42Z
1696,"Lopez Rosario, Neftali","lopez rosario, neftali",Lopez Rosario,Neftali,,6/1/1961,1961,,,,,,,no,single-source,wayback_bsnpr_players,https://web.archive.org/web/20200601011615id_/https://www.bsnpr.com/estadisticas/enciclopedia.asp,2026-09-08T14:25:42Z
1697,"Morales, Neftali","morales, neftali",Morales,Neftali,,,,,,,,,,no,single-source,wayback_bsnpr_players,https://web.archive.org/web/20070417033701id_/http://www.bsnpr.com:80/estadisticas/enciclopedia.asp,2026-09-08T14:22:06Z
1698,"Rivera Olivera, Neftali","rivera olivera, neftali",Rivera Olivera,Neftali,,11/3/1948,1948,,,,,,,no,single-source,wayback_bsnpr_players,https://web.archive.org/web/20200601011615id_/https://www.bsnpr.com/estadisticas/enciclopedia.asp,2026-09-08T14:25:42Z
1699,"Reyes Soto, Neftaly","reyes soto, neftaly",Reyes Soto,Neftaly,,8/2/1961,1961,,,,,,,no,single-source,wayback_bsnpr_players,https://web.archive.org/web/20200601011615id_/https://www.bsnpr.com/estadisticas/enciclopedia.asp,2026-09-08T14:25:42Z
1700,"Aviles Borrero, Nelson","aviles borrero, nelson",Aviles Borrero,Nelson,,2/13/1972,1972,,,,,,,no,single-source,wayback_bsnpr_players,https://web.archive.org/web/20200601011615id_/https://www.bsnpr.com/estadisticas/enciclopedia.asp,2026-09-08T14:25:42Z
1701,"Diaz Baez, Nelson","diaz baez, nelson",Diaz Baez,Nelson,,,,,,,,,,no,single-source,wayback_bsnpr_players,https://web.archive.org/web/20070417033701id_/http://www.bsnpr.com:80/estadisticas/enciclopedia.asp,2026-09-08T14:22:06Z
1702,"Medina Diaz, Nelson","medina diaz, nelson",Medina Diaz,Nelson,,9/30/1962,1962,,,,,,,no,single-source,wayback_bsnpr_players,https://web.archive.org/web/20200601011615id_/https://www.bsnpr.com/estadisticas/enciclopedia.asp,2026-09-08T14:25:42Z
1703,"Melendez, Nelson","melendez, nelson",Melendez,Nelson,,,,,,,,,,no,single-source,wayback_bsnpr_players,https://web.archive.org/web/20070417033701id_/http://www.bsnpr.com:80/estadisticas/enciclopedia.asp,2026-09-08T14:22:06Z
1704,"Morales, Nelson","morales, nelson",Morales,Nelson,,,,,,,,,,no,single-source,wayback_bsnpr_players,https://web.archive.org/web/20070417033701id_/http://www.bsnpr.com:80/estadisticas/enciclopedia.asp,2026-09-08T14:22:06Z
1705,"Moreno Garcia, Nelson","moreno garcia, nelson",Moreno Garcia,Nelson,,2/15/1972,1972,,,,,,,no,single-source,wayback_bsnpr_players,https://web.archive.org/web/20200601011615id_/https://www.bsnpr.com/estadisticas/enciclopedia.asp,2026-09-08T14:25:42Z
1706,"Pagan Torres, Nelson","pagan torres, nelson",Pagan Torres,Nelson,,1/23/1960,1960,,,,,,,no,single-source,wayback_bsnpr_players,https://web.archive.org/web/20200601011615id_/https://www.bsnpr.com/estadisticas/enciclopedia.asp,2026-09-08T14:25:42Z
1707,"Richardson Sanchez, Nelson","richardson sanchez, nelson",Richardson Sanchez,Nelson,,3/10/1955,1955,,,,,,,no,single-source,wayback_bsnpr_players,https://web.archive.org/web/20200601011615id_/https://www.bsnpr.com/estadisticas/enciclopedia.asp,2026-09-08T14:25:42Z
1708,"Rivera, Nelson","rivera, nelson",Rivera,Nelson,,,,,,,,,,no,single-source,wayback_bsnpr_players,https://web.archive.org/web/20070417033701id_/http://www.bsnpr.com:80/estadisticas/enciclopedia.asp,2026-09-08T14:22:06Z
1709,"Rodriguez Martinez, Nelson","rodriguez martinez, nelson",Rodriguez Martinez,Nelson,,8/15/1962,1962,,,,,,,no,single-source,wayback_bsnpr_players,https://web.archive.org/web/20200601011615id_/https://www.bsnpr.com/estadisticas/enciclopedia.asp,2026-09-08T14:25:42Z
1710,"Santiago Viera, Nelson","santiago viera, nelson",Santiago Viera,Nelson,,8/9/1965,1965,,,,,,,no,single-source,wayback_bsnpr_players,https://web.archive.org/web/20200601011615id_/https://www.bsnpr.com/estadisticas/enciclopedia.asp,2026-09-08T14:25:42Z
1711,"Quiñones Suarez, Nelson Javier","quinones suarez, nelson javier",Quiñones Suarez,Nelson Javier,,11/2/1970,1970,,,,,,,no,single-source,wayback_bsnpr_players,https://web.archive.org/web/20200601011615id_/https://www.bsnpr.com/estadisticas/enciclopedia.asp,2026-09-08T14:25:42Z
1712,"Cora Davis, Nestor","cora davis, nestor",Cora Davis,Nestor,,1/23/1956,1956,,,,,,,no,single-source,wayback_bsnpr_players,https://web.archive.org/web/20200601011615id_/https://www.bsnpr.com/estadisticas/enciclopedia.asp,2026-09-08T14:25:42Z
1713,"Morales, Nestor","morales, nestor",Morales,Nestor,,,,,,,,,,no,single-source,wayback_bsnpr_players,https://web.archive.org/web/20070417033701id_/http://www.bsnpr.com:80/estadisticas/enciclopedia.asp,2026-09-08T14:22:06Z
1714,"Navas Dacosta, Nestor","navas dacosta, nestor",Navas Dacosta,Nestor,,11/18/1970,1970,,,,,,,no,single-source,wayback_bsnpr_players,https://web.archive.org/web/20200601011615id_/https://www.bsnpr.com/estadisticas/enciclopedia.asp,2026-09-08T14:25:42Z
1715,"Ruiz Montalvo, Nestor","ruiz montalvo, nestor",Ruiz Montalvo,Nestor,,12/29/1955,1955,,,,,,,no,single-source,wayback_bsnpr_players,https://web.archive.org/web/20200601011615id_/https://www.bsnpr.com/estadisticas/enciclopedia.asp,2026-09-08T14:25:42Z
1716,"Serrano, Nestor","serrano, nestor",Serrano,Nestor,,12/17/1950,1950,,,,,,,no,single-source,wayback_bsnpr_players,https://web.archive.org/web/20200601011615id_/https://www.bsnpr.com/estadisticas/enciclopedia.asp,2026-09-08T14:25:42Z
1717,"Payne, Nestor wilfred","payne, nestor wilfred",Payne,Nestor wilfred,,,,,,,,,,no,single-source,wayback_bsnpr_players,https://web.archive.org/web/20070417033701id_/http://www.bsnpr.com:80/estadisticas/enciclopedia.asp,2026-09-08T14:22:06Z
1718,"O'brien, Nick","obrien, nick",O'brien,Nick,,,,,,,,,,no,single-source,wayback_bsnpr_players,https://web.archive.org/web/20070417033701id_/http://www.bsnpr.com:80/estadisticas/enciclopedia.asp,2026-09-08T14:22:06Z
1719,"Sanchez Kuderwreski, Nick","sanchez kuderwreski, nick",Sanchez Kuderwreski,Nick,,1/26/1970,1970,,,,,,,no,single-source,wayback_bsnpr_players,https://web.archive.org/web/20200601011615id_/https://www.bsnpr.com/estadisticas/enciclopedia.asp,2026-09-08T14:25:42Z
1720,"Perez Sanchez, Nicolas","perez sanchez, nicolas",Perez Sanchez,Nicolas,,3/5/1958,1958,,,,,,,no,single-source,wayback_bsnpr_players,https://web.archive.org/web/20200601011615id_/https://www.bsnpr.com/estadisticas/enciclopedia.asp,2026-09-08T14:25:42Z
1721,"Verdejo, Nilo","verdejo, nilo",Verdejo,Nilo,,,,,,,,,,no,single-source,wayback_bsnpr_players,https://web.archive.org/web/20070417033701id_/http://www.bsnpr.com:80/estadisticas/enciclopedia.asp,2026-09-08T14:22:06Z
1722,"Muoneke, Gabriel","muoneke, gabriel",Muoneke,Gabriel,,1/2/1978,1978,,,,,,,no,single-source,wayback_bsnpr_players,https://web.archive.org/web/20200601011615id_/https://www.bsnpr.com/estadisticas/enciclopedia.asp,2026-09-08T14:25:42Z
1723,"Costas, Noel","costas, noel",Costas,Noel,,,,,,,,,,no,single-source,wayback_bsnpr_players,https://web.archive.org/web/20070417033701id_/http://www.bsnpr.com:80/estadisticas/enciclopedia.asp,2026-09-08T14:22:06Z
1724,"Henriquez, Noel","henriquez, noel",Henriquez,Noel,,,,,,,,,,no,single-source,wayback_bsnpr_players,https://web.archive.org/web/20070417033701id_/http://www.bsnpr.com:80/estadisticas/enciclopedia.asp,2026-09-08T14:22:06Z
1725,"Martin Denizard, Noel","martin denizard, noel",Martin Denizard,Noel,,12/13/1954,1954,,,,,,,no,single-source,wayback_bsnpr_players,https://web.archive.org/web/20200601011615id_/https://www.bsnpr.com/estadisticas/enciclopedia.asp,2026-09-08T14:25:42Z
1726,"Bey, Norberto","bey, norberto",Bey,Norberto,,,,,,,,,,no,single-source,wayback_bsnpr_players,https://web.archive.org/web/20070417033701id_/http://www.bsnpr.com:80/estadisticas/enciclopedia.asp,2026-09-08T14:22:06Z
1727,"Cruz, Norberto","cruz, norberto",Cruz,Norberto,,,,,,,,,,no,single-source,wayback_bsnpr_players,https://web.archive.org/web/20070417033701id_/http://www.bsnpr.com:80/estadisticas/enciclopedia.asp,2026-09-08T14:22:06Z
1728,"Seda, Norberto","seda, norberto",Seda,Norberto,,,,,,,,,,no,single-source,wayback_bsnpr_players,https://web.archive.org/web/20070417033701id_/http://www.bsnpr.com:80/estadisticas/enciclopedia.asp,2026-09-08T14:22:06Z
1729,"Nolan Roberts, Norman Lewis","nolan roberts, norman lewis",Nolan Roberts,Norman Lewis,,1/20/1976,1976,,,,,,,no,single-source,wayback_bsnpr_players,https://web.archive.org/web/20200601011615id_/https://www.bsnpr.com/estadisticas/enciclopedia.asp,2026-09-08T14:25:42Z
1730,"Notienenombre Notienenombre, Notienenombre","notienenombre notienenombre, notienenombre",Notienenombre Notienenombre,Notienenombre,,,,,,,,,,no,single-source,wayback_bsnpr_players,https://web.archive.org/web/20070417033701id_/http://www.bsnpr.com:80/estadisticas/enciclopedia.asp,2026-09-08T14:22:06Z
1731,"Notienenombre Notienenombre, Notienenombre","notienenombre notienenombre, notienenombre",Notienenombre Notienenombre,Notienenombre,,,,,,,,,,no,single-source,wayback_bsnpr_players,https://web.archive.org/web/20070417033701id_/http://www.bsnpr.com:80/estadisticas/enciclopedia.asp,2026-09-08T14:22:06Z
1732,"Notienenombre Notienenombre, Notienenombre","notienenombre notienenombre, notienenombre",Notienenombre Notienenombre,Notienenombre,,,,,,,,,,no,single-source,wayback_bsnpr_players,https://web.archive.org/web/20070417033701id_/http://www.bsnpr.com:80/estadisticas/enciclopedia.asp,2026-09-08T14:22:06Z
1733,"Vazquez King, Obet","vazquez king, obet",Vazquez King,Obet,,,,,,,,,,no,single-source,wayback_bsnpr_players,https://web.archive.org/web/20070417033701id_/http://www.bsnpr.com:80/estadisticas/enciclopedia.asp,2026-09-08T14:22:06Z
1734,"Loyola Colon, Octavio","loyola colon, octavio",Loyola Colon,Octavio,,,,,,,,,,no,single-source,wayback_bsnpr_players,https://web.archive.org/web/20070417033701id_/http://www.bsnpr.com:80/estadisticas/enciclopedia.asp,2026-09-08T14:22:06Z
1735,"Miller, Oliver","miller, oliver",Miller,Oliver,,,,,,,,,,no,single-source,wayback_bsnpr_players,https://web.archive.org/web/20070417033701id_/http://www.bsnpr.com:80/estadisticas/enciclopedia.asp,2026-09-08T14:22:06Z
1736,"Taylor, Oliver","taylor, oliver",Taylor,Oliver,,,,,,,,,,no,single-source,wayback_bsnpr_players,https://web.archive.org/web/20070417033701id_/http://www.bsnpr.com:80/estadisticas/enciclopedia.asp,2026-09-08T14:22:06Z
1737,"Oyedeji, Olumide","oyedeji, olumide",Oyedeji,Olumide,,5/11/1981,1981,,,,,,,no,single-source,wayback_bsnpr_players,https://web.archive.org/web/20200601011615id_/https://www.bsnpr.com/estadisticas/enciclopedia.asp,2026-09-08T14:25:42Z
1738,"Alamo Torres, Omar","alamo torres, omar",Alamo Torres,Omar,,,,,,,,,,no,single-source,wayback_bsnpr_players,https://web.archive.org/web/20070417033701id_/http://www.bsnpr.com:80/estadisticas/enciclopedia.asp,2026-09-08T14:22:06Z
1739,"Alvarado Sierra, Omar J.","alvarado sierra, omar j",Alvarado Sierra,Omar J.,,8/25/1983,1983,,,,,,,no,single-source,wayback_bsnpr_players,https://web.archive.org/web/20200601011615id_/https://www.bsnpr.com/estadisticas/enciclopedia.asp,2026-09-08T14:25:42Z
1740,"Rivera Hernandez, Omar","rivera hernandez, omar",Rivera Hernandez,Omar,,,,,,,,,,no,single-source,wayback_bsnpr_players,https://web.archive.org/web/20070417033701id_/http://www.bsnpr.com:80/estadisticas/enciclopedia.asp,2026-09-08T14:22:06Z
1741,"Gonzalez Olivencia, Omar a.","gonzalez olivencia, omar a",Gonzalez Olivencia,Omar a.,,9/9/1965,1965,,,,,,,no,single-source,wayback_bsnpr_players,https://web.archive.org/web/20200601011615id_/https://www.bsnpr.com/estadisticas/enciclopedia.asp,2026-09-08T14:25:42Z
1742,"Ramos Fuentes, Omar a.","ramos fuentes, omar a",Ramos Fuentes,Omar a.,,6/25/1962,1962,,,,,,,no,single-source,wayback_bsnpr_players,https://web.archive.org/web/20200601011615id_/https://www.bsnpr.com/estadisticas/enciclopedia.asp,2026-09-08T14:25:42Z
1743,"Valentin, Omar e.","valentin, omar e",Valentin,Omar e.,,,,,,,,,,no,single-source,wayback_bsnpr_players,https://web.archive.org/web/20070417033701id_/http://www.bsnpr.com:80/estadisticas/enciclopedia.asp,2026-09-08T14:22:06Z
1744,"Nieves Fernandez, Omel","nieves fernandez, omel",Nieves Fernandez,Omel,,1/16/1961,1961,,,,,,,no,single-source,wayback_bsnpr_players,https://web.archive.org/web/20200601011615id_/https://www.bsnpr.com/estadisticas/enciclopedia.asp,2026-09-08T14:25:42Z
1745,"Givens, Omma","givens, omma",Givens,Omma,,,,,,,,,,no,single-source,wayback_bsnpr_players,https://web.archive.org/web/20070417033701id_/http://www.bsnpr.com:80/estadisticas/enciclopedia.asp,2026-09-08T14:22:06Z
1746,"Alvarez, Orlando","alvarez, orlando",Alvarez,Orlando,,,,,,,,,,no,single-source,wayback_bsnpr_players,https://web.archive.org/web/20070417033701id_/http://www.bsnpr.com:80/estadisticas/enciclopedia.asp,2026-09-08T14:22:06Z
1747,"Antigua Fernandez, Orlando","antigua fernandez, orlando",Antigua Fernandez,Orlando,,7/20/1973,1973,,,,,,,no,single-source,wayback_bsnpr_players,https://web.archive.org/web/20200601011615id_/https://www.bsnpr.com/estadisticas/enciclopedia.asp,2026-09-08T14:25:42Z
1748,"Cruz, Orlando","cruz, orlando",Cruz,Orlando,,,,,,,,,,no,single-source,wayback_bsnpr_players,https://web.archive.org/web/20070417033701id_/http://www.bsnpr.com:80/estadisticas/enciclopedia.asp,2026-09-08T14:22:06Z
1749,"Febres, Orlando","febres, orlando",Febres,Orlando,,6/29/1964,1964,,,,,,,no,single-source,wayback_bsnpr_players,https://web.archive.org/web/20200601011615id_/https://www.bsnpr.com/estadisticas/enciclopedia.asp,2026-09-08T14:25:42Z
1750,"Gonzalez Zea, Orlando","gonzalez zea, orlando",Gonzalez Zea,Orlando,,,,,,,,,,no,single-source,wayback_bsnpr_players,https://web.archive.org/web/20070417033701id_/http://www.bsnpr.com:80/estadisticas/enciclopedia.asp,2026-09-08T14:22:06Z
1751,"Herrero, Orlando","herrero, orlando",Herrero,Orlando,,,,,,,,,,no,single-source,wayback_bsnpr_players,https://web.archive.org/web/20070417033701id_/http://www.bsnpr.com:80/estadisticas/enciclopedia.asp,2026-09-08T14:22:06Z
1752,"Marrero Lorenzo, Orlando","marrero lorenzo, orlando",Marrero Lorenzo,Orlando,,9/15/1962,1962,,,,,,,no,single-source,wayback_bsnpr_players,https://web.archive.org/web/20200601011615id_/https://www.bsnpr.com/estadisticas/enciclopedia.asp,2026-09-08T14:25:42Z
1753,"Melendez Gilbert, Orlando","melendez gilbert, orlando",Melendez Gilbert,Orlando,,2/14/1979,1979,,,,,,,no,single-source,wayback_bsnpr_players,https://web.archive.org/web/20200601011615id_/https://www.bsnpr.com/estadisticas/enciclopedia.asp,2026-09-08T14:25:42Z
1754,"Mendez Guilbert, Orlando","mendez guilbert, orlando",Mendez Guilbert,Orlando,,,,,,,,,,no,single-source,wayback_bsnpr_players,https://web.archive.org/web/20070417033701id_/http://www.bsnpr.com:80/estadisticas/enciclopedia.asp,2026-09-08T14:22:06Z
1755,"Perez, Orlando","perez, orlando",Perez,Orlando,,,,,,,,,,no,single-source,wayback_bsnpr_players,https://web.archive.org/web/20070417033701id_/http://www.bsnpr.com:80/estadisticas/enciclopedia.asp,2026-09-08T14:22:06Z
1756,"Ramirez, Orlando","ramirez, orlando",Ramirez,Orlando,,,,,,,,,,no,single-source,wayback_bsnpr_players,https://web.archive.org/web/20070417033701id_/http://www.bsnpr.com:80/estadisticas/enciclopedia.asp,2026-09-08T14:22:06Z
1757,"Rangel Cintron, Orlando","rangel cintron, orlando",Rangel Cintron,Orlando,,3/10/1959,1959,,,,,,,no,single-source,wayback_bsnpr_players,https://web.archive.org/web/20200601011615id_/https://www.bsnpr.com/estadisticas/enciclopedia.asp,2026-09-08T14:25:42Z
1758,"Torres Lopez, Orlando","torres lopez, orlando",Torres Lopez,Orlando,,12/28/1960,1960,,,,,,,no,single-source,wayback_bsnpr_players,https://web.archive.org/web/20200601011615id_/https://www.bsnpr.com/estadisticas/enciclopedia.asp,2026-09-08T14:25:42Z
1759,"Vega Smith, Orlando","vega smith, orlando",Vega Smith,Orlando,,6/16/1968,1968,,,,,,,no,single-source,wayback_bsnpr_players,https://web.archive.org/web/20200601011615id_/https://www.bsnpr.com/estadisticas/enciclopedia.asp,2026-09-08T14:25:42Z
1760,"Santiago Cordero, Orlando","santiago cordero, orlando",Santiago Cordero,Orlando,,11/1/1975,1975,,,,,,,no,single-source,wayback_bsnpr_players,https://web.archive.org/web/20200601011615id_/https://www.bsnpr.com/estadisticas/enciclopedia.asp,2026-09-08T14:25:42Z
1761,"Arroyo Marquez, Oscar","arroyo marquez, oscar",Arroyo Marquez,Oscar,,10/24/1968,1968,,,,,,,no,single-source,wayback_bsnpr_players,https://web.archive.org/web/20200601011615id_/https://www.bsnpr.com/estadisticas/enciclopedia.asp,2026-09-08T14:25:42Z
1762,"Chiaramello Degiovanni, Oscar","chiaramello degiovanni, oscar",Chiaramello Degiovanni,Oscar,,8/26/1972,1972,,,,,,,no,single-source,wayback_bsnpr_players,https://web.archive.org/web/20200601011615id_/https://www.bsnpr.com/estadisticas/enciclopedia.asp,2026-09-08T14:25:42Z
1763,"Diaz Pantoja, Oscar","diaz pantoja, oscar",Diaz Pantoja,Oscar,,,,,,,,,,no,single-source,wayback_bsnpr_players,https://web.archive.org/web/20070417033701id_/http://www.bsnpr.com:80/estadisticas/enciclopedia.asp,2026-09-08T14:22:06Z
1764,"Fuentes Figueroa, Oscar","fuentes figueroa, oscar",Fuentes Figueroa,Oscar,,8/8/1958,1958,,,,,,,no,single-source,wayback_bsnpr_players,https://web.archive.org/web/20200601011615id_/https://www.bsnpr.com/estadisticas/enciclopedia.asp,2026-09-08T14:25:42Z
1765,"Torres Flores, Oscar","torres flores, oscar",Torres Flores,Oscar,,,,,,,,,,no,single-source,wayback_bsnpr_players,https://web.archive.org/web/20070417033701id_/http://www.bsnpr.com:80/estadisticas/enciclopedia.asp,2026-09-08T14:22:06Z
1766,"Ricardo Gonzalez, Osiris","ricardo gonzalez, osiris",Ricardo Gonzalez,Osiris,,4/16/1978,1978,,,,,,,no,single-source,wayback_bsnpr_players,https://web.archive.org/web/20200601011615id_/https://www.bsnpr.com/estadisticas/enciclopedia.asp,2026-09-08T14:25:42Z
1767,"Ocasio Falu, Ossie","ocasio falu, ossie",Ocasio Falu,Ossie,,2/3/1983,1983,,,,,,,no,single-source,wayback_bsnpr_players,https://web.archive.org/web/20200601011615id_/https://www.bsnpr.com/estadisticas/enciclopedia.asp,2026-09-08T14:25:42Z
1768,"Ayala Rodriguez, Osvaldo","ayala rodriguez, osvaldo",Ayala Rodriguez,Osvaldo,,,,,,,,,,no,single-source,wayback_bsnpr_players,https://web.archive.org/web/20070417033701id_/http://www.bsnpr.com:80/estadisticas/enciclopedia.asp,2026-09-08T14:22:06Z
1769,"Figueroa, Osvaldo","figueroa, osvaldo",Figueroa,Osvaldo,,,,,,,,,,no,single-source,wayback_bsnpr_players,https://web.archive.org/web/20070417033701id_/http://www.bsnpr.com:80/estadisticas/enciclopedia.asp,2026-09-08T14:22:06Z
1770,"Maldonado Ortiz, Osvaldo","maldonado ortiz, osvaldo",Maldonado Ortiz,Osvaldo,,,,,,,,,,no,single-source,wayback_bsnpr_players,https://web.archive.org/web/20070417033701id_/http://www.bsnpr.com:80/estadisticas/enciclopedia.asp,2026-09-08T14:22:06Z
1771,"Mendez Borrero, Osvaldo","mendez borrero, osvaldo",Mendez Borrero,Osvaldo,,2/13/1982,1982,,,,,,,no,single-source,wayback_bsnpr_players,https://web.archive.org/web/20200601011615id_/https://www.bsnpr.com/estadisticas/enciclopedia.asp,2026-09-08T14:25:42Z
1772,"Santos Ortiz, Osvaldo","santos ortiz, osvaldo",Santos Ortiz,Osvaldo,,4/29/1953,1953,,,,,,,no,single-source,wayback_bsnpr_players,https://web.archive.org/web/20200601011615id_/https://www.bsnpr.com/estadisticas/enciclopedia.asp,2026-09-08T14:25:42Z
1773,"Hill, Otis","hill, otis",Hill,Otis,,,,,,,,,,no,single-source,wayback_bsnpr_players,https://web.archive.org/web/20070417033701id_/http://www.bsnpr.com:80/estadisticas/enciclopedia.asp,2026-09-08T14:22:06Z
1774,"Alicea Rodriguez, Pablo","alicea rodriguez, pablo",Alicea Rodriguez,Pablo,,7/7/1963,1963,,,,,,,no,single-source,wayback_bsnpr_players,https://web.archive.org/web/20200601011615id_/https://www.bsnpr.com/estadisticas/enciclopedia.asp,2026-09-08T14:25:42Z
1775,"Batista Hernandez, Pablo","batista hernandez, pablo",Batista Hernandez,Pablo,,7/30/1967,1967,,,,,,,no,single-source,wayback_bsnpr_players,https://web.archive.org/web/20200601011615id_/https://www.bsnpr.com/estadisticas/enciclopedia.asp,2026-09-08T14:25:42Z
1776,"Collazo, Pablo","collazo, pablo",Collazo,Pablo,,,,,,,,,,no,single-source,wayback_bsnpr_players,https://web.archive.org/web/20070417033701id_/http://www.bsnpr.com:80/estadisticas/enciclopedia.asp,2026-09-08T14:22:06Z
1777,"Delgado Vargas, Pablo","delgado vargas, pablo",Delgado Vargas,Pablo,,3/24/1983,1983,,,,,,,no,single-source,wayback_bsnpr_players,https://web.archive.org/web/20200601011615id_/https://www.bsnpr.com/estadisticas/enciclopedia.asp,2026-09-08T14:25:42Z
1778,"Flores, Pablo","flores, pablo",Flores,Pablo,,,,,,,,,,no,single-source,wayback_bsnpr_players,https://web.archive.org/web/20070417033701id_/http://www.bsnpr.com:80/estadisticas/enciclopedia.asp,2026-09-08T14:22:06Z
1779,"Marquez, Pablo","marquez, pablo",Marquez,Pablo,,8/17/1953,1953,,,,,,,no,single-source,wayback_bsnpr_players,https://web.archive.org/web/20200601011615id_/https://www.bsnpr.com/estadisticas/enciclopedia.asp,2026-09-08T14:25:42Z
1780,"Montañez Torres, Pablo","montanez torres, pablo",Montañez Torres,Pablo,,11/24/1958,1958,,,,,,,no,single-source,wayback_bsnpr_players,https://web.archive.org/web/20200601011615id_/https://www.bsnpr.com/estadisticas/enciclopedia.asp,2026-09-08T14:25:42Z
1781,"Quiñones Benitez, Pablo","quinones benitez, pablo",Quiñones Benitez,Pablo,,6/30/1962,1962,,,,,,,no,single-source,wayback_bsnpr_players,https://web.archive.org/web/20200601011615id_/https://www.bsnpr.com/estadisticas/enciclopedia.asp,2026-09-08T14:25:42Z
1782,"Rivera, Pablo","rivera, pablo",Rivera,Pablo,,,,,,,,,,no,single-source,wayback_bsnpr_players,https://web.archive.org/web/20070417033701id_/http://www.bsnpr.com:80/estadisticas/enciclopedia.asp,2026-09-08T14:22:06Z
1783,"Banuchi, Papo","banuchi, papo",Banuchi,Papo,,,,,,,,,,no,single-source,wayback_bsnpr_players,https://web.archive.org/web/20070417033701id_/http://www.bsnpr.com:80/estadisticas/enciclopedia.asp,2026-09-08T14:22:06Z
1784,"Rosario, Papo","rosario, papo",Rosario,Papo,,,,,,,,,,no,single-source,wayback_bsnpr_players,https://web.archive.org/web/20070417033701id_/http://www.bsnpr.com:80/estadisticas/enciclopedia.asp,2026-09-08T14:22:06Z
1785,"Hickman, Parish","hickman, parish",Hickman,Parish,,,,,,,,,,no,single-source,wayback_bsnpr_players,https://web.archive.org/web/20070417033701id_/http://www.bsnpr.com:80/estadisticas/enciclopedia.asp,2026-09-08T14:22:06Z
1786,"Fleury Denizard, Pascal","fleury denizard, pascal",Fleury Denizard,Pascal,,,,,,,,,,no,single-source,wayback_bsnpr_players,https://web.archive.org/web/20070417033701id_/http://www.bsnpr.com:80/estadisticas/enciclopedia.asp,2026-09-08T14:22:06Z
1787,"Velez, Pastor","velez, pastor",Velez,Pastor,,,,,,,,,,no,single-source,wayback_bsnpr_players,https://web.archive.org/web/20070417033701id_/http://www.bsnpr.com:80/estadisticas/enciclopedia.asp,2026-09-08T14:22:06Z
1788,"Tompkins, Patrick","tompkins, patrick",Tompkins,Patrick,,,,,,,,,,no,single-source,wayback_bsnpr_players,https://web.archive.org/web/20070417033701id_/http://www.bsnpr.com:80/estadisticas/enciclopedia.asp,2026-09-08T14:22:06Z
1789,"Gamboa Taylor, Paul","gamboa taylor, paul",Gamboa Taylor,Paul,,6/9/1960,1960,,,,,,,no,single-source,wayback_bsnpr_players,https://web.archive.org/web/20200601011615id_/https://www.bsnpr.com/estadisticas/enciclopedia.asp,2026-09-08T14:25:42Z
1790,"Rivera, Paul","rivera, paul",Rivera,Paul,,,,,,,,,,no,single-source,wayback_bsnpr_players,https://web.archive.org/web/20070417033701id_/http://www.bsnpr.com:80/estadisticas/enciclopedia.asp,2026-09-08T14:22:06Z
1791,"Melendez Cardona, Pavel","melendez cardona, pavel",Melendez Cardona,Pavel,,1/9/1982,1982,,,,,,,no,single-source,wayback_bsnpr_players,https://web.archive.org/web/20200601011615id_/https://www.bsnpr.com/estadisticas/enciclopedia.asp,2026-09-08T14:25:42Z
1792,"Acevedo Giusti, Pedro","acevedo giusti, pedro",Acevedo Giusti,Pedro,,2/13/1956,1956,,,,,,,no,single-source,wayback_bsnpr_players,https://web.archive.org/web/20200601011615id_/https://www.bsnpr.com/estadisticas/enciclopedia.asp,2026-09-08T14:25:42Z
1793,"Albizu Aponte, Pedro","albizu aponte, pedro",Albizu Aponte,Pedro,,10/2/1966,1966,,,,,,,no,single-source,wayback_bsnpr_players,https://web.archive.org/web/20200601011615id_/https://www.bsnpr.com/estadisticas/enciclopedia.asp,2026-09-08T14:25:42Z
1794,"Berges Morales, Pedro","berges morales, pedro",Berges Morales,Pedro,,,,,,,,,,no,single-source,wayback_bsnpr_players,https://web.archive.org/web/20070417033701id_/http://www.bsnpr.com:80/estadisticas/enciclopedia.asp,2026-09-08T14:22:06Z
1795,"Cepero, Pedro","cepero, pedro",Cepero,Pedro,,,,,,,,,,no,single-source,wayback_bsnpr_players,https://web.archive.org/web/20070417033701id_/http://www.bsnpr.com:80/estadisticas/enciclopedia.asp,2026-09-08T14:22:06Z
1796,"Cintron Velez, Pedro","cintron velez, pedro",Cintron Velez,Pedro,,1/7/1972,1972,,,,,,,no,single-source,wayback_bsnpr_players,https://web.archive.org/web/20200601011615id_/https://www.bsnpr.com/estadisticas/enciclopedia.asp,2026-09-08T14:25:42Z
1797,"Colon, Pedro","colon, pedro",Colon,Pedro,,,,,,,,,,no,single-source,wayback_bsnpr_players,https://web.archive.org/web/20070417033701id_/http://www.bsnpr.com:80/estadisticas/enciclopedia.asp,2026-09-08T14:22:06Z
1798,"Diaz, Pedro","diaz, pedro",Diaz,Pedro,,,,,,,,,,no,single-source,wayback_bsnpr_players,https://web.archive.org/web/20070417033701id_/http://www.bsnpr.com:80/estadisticas/enciclopedia.asp,2026-09-08T14:22:06Z
1799,"Ferri Rodriguez, Pedro","ferri rodriguez, pedro",Ferri Rodriguez,Pedro,,,,,,,,,,no,single-source,wayback_bsnpr_players,https://web.archive.org/web/20070417033701id_/http://www.bsnpr.com:80/estadisticas/enciclopedia.asp,2026-09-08T14:22:06Z
1800,"Gonzaño, Pedro","gonzano, pedro",Gonzaño,Pedro,,,,,,,,,,no,single-source,wayback_bsnpr_players,https://web.archive.org/web/20070417033701id_/http://www.bsnpr.com:80/estadisticas/enciclopedia.asp,2026-09-08T14:22:06Z
1801,"Guzman, Pedro","guzman, pedro",Guzman,Pedro,,,,,,,,,,no,single-source,wayback_bsnpr_players,https://web.archive.org/web/20070417033701id_/http://www.bsnpr.com:80/estadisticas/enciclopedia.asp,2026-09-08T14:22:06Z
1802,"Hernandez, Pedro","hernandez, pedro",Hernandez,Pedro,,,,,,,,,,no,single-source,wayback_bsnpr_players,https://web.archive.org/web/20070417033701id_/http://www.bsnpr.com:80/estadisticas/enciclopedia.asp,2026-09-08T14:22:06Z
1803,"Jaffet, Pedro","jaffet, pedro",Jaffet,Pedro,,,,,,,,,,no,single-source,wayback_bsnpr_players,https://web.archive.org/web/20070417033701id_/http://www.bsnpr.com:80/estadisticas/enciclopedia.asp,2026-09-08T14:22:06Z
1804,"Laracuente, Pedro","laracuente, pedro",Laracuente,Pedro,,,,,,,,,,no,single-source,wayback_bsnpr_players,https://web.archive.org/web/20070417033701id_/http://www.bsnpr.com:80/estadisticas/enciclopedia.asp,2026-09-08T14:22:06Z
1805,"Maldonado, Pedro","maldonado, pedro",Maldonado,Pedro,,,,,,,,,,no,single-source,wayback_bsnpr_players,https://web.archive.org/web/20070417033701id_/http://www.bsnpr.com:80/estadisticas/enciclopedia.asp,2026-09-08T14:22:06Z
1806,"Mandes, Pedro","mandes, pedro",Mandes,Pedro,,,,,,,,,,no,single-source,wayback_bsnpr_players,https://web.archive.org/web/20070417033701id_/http://www.bsnpr.com:80/estadisticas/enciclopedia.asp,2026-09-08T14:22:06Z
1807,"Marchesi, Pedro","marchesi, pedro",Marchesi,Pedro,,,,,,,,,,no,single-source,wayback_bsnpr_players,https://web.archive.org/web/20070417033701id_/http://www.bsnpr.com:80/estadisticas/enciclopedia.asp,2026-09-08T14:22:06Z
1808,"Mariani, Pedro","mariani, pedro",Mariani,Pedro,,,,,,,,,,no,single-source,wayback_bsnpr_players,https://web.archive.org/web/20070417033701id_/http://www.bsnpr.com:80/estadisticas/enciclopedia.asp,2026-09-08T14:22:06Z
1809,"Monzon, Pedro","monzon, pedro",Monzon,Pedro,,,,,,,,,,no,single-source,wayback_bsnpr_players,https://web.archive.org/web/20070417033701id_/http://www.bsnpr.com:80/estadisticas/enciclopedia.asp,2026-09-08T14:22:06Z
1810,"Morales, Pedro","morales, pedro",Morales,Pedro,,6/2/1960,1960,,,,,,,no,single-source,wayback_bsnpr_players,https://web.archive.org/web/20200601011615id_/https://www.bsnpr.com/estadisticas/enciclopedia.asp,2026-09-08T14:25:42Z
1811,"Muñoz Yambo, Pedro","munoz yambo, pedro",Muñoz Yambo,Pedro,,6/30/1957,1957,,,,,,,no,single-source,wayback_bsnpr_players,https://web.archive.org/web/20200601011615id_/https://www.bsnpr.com/estadisticas/enciclopedia.asp,2026-09-08T14:25:42Z
1812,"Ortiz, Pedro","ortiz, pedro",Ortiz,Pedro,,,,,,,,,,no,single-source,wayback_bsnpr_players,https://web.archive.org/web/20070417033701id_/http://www.bsnpr.com:80/estadisticas/enciclopedia.asp,2026-09-08T14:22:06Z
1813,"Quiñones Velez, Pedro","quinones velez, pedro",Quiñones Velez,Pedro,,6/29/1949,1949,,,,,,,no,single-source,wayback_bsnpr_players,https://web.archive.org/web/20200601011615id_/https://www.bsnpr.com/estadisticas/enciclopedia.asp,2026-09-08T14:25:42Z
1814,"Ramos Hernandez, Pedro","ramos hernandez, pedro",Ramos Hernandez,Pedro,,2/28/1964,1964,,,,,,,no,single-source,wayback_bsnpr_players,https://web.archive.org/web/20200601011615id_/https://www.bsnpr.com/estadisticas/enciclopedia.asp,2026-09-08T14:25:42Z
1815,"Ratti, Pedro","ratti, pedro",Ratti,Pedro,,,,,,,,,,no,single-source,wayback_bsnpr_players,https://web.archive.org/web/20070417033701id_/http://www.bsnpr.com:80/estadisticas/enciclopedia.asp,2026-09-08T14:22:06Z
1816,"Rodriguez, Pedro","rodriguez, pedro",Rodriguez,Pedro,,,,,,,,,,no,single-source,wayback_bsnpr_players,https://web.archive.org/web/20070417033701id_/http://www.bsnpr.com:80/estadisticas/enciclopedia.asp,2026-09-08T14:22:06Z
1817,"Rodriguez Avellanet, Pedro","rodriguez avellanet, pedro",Rodriguez Avellanet,Pedro,,,,,,,,,,no,single-source,wayback_bsnpr_players,https://web.archive.org/web/20070417033701id_/http://www.bsnpr.com:80/estadisticas/enciclopedia.asp,2026-09-08T14:22:06Z
1818,"Rodriguez Martinez, Pedro","rodriguez martinez, pedro",Rodriguez Martinez,Pedro,,12/12/1954,1954,,,,,,,no,single-source,wayback_bsnpr_players,https://web.archive.org/web/20200601011615id_/https://www.bsnpr.com/estadisticas/enciclopedia.asp,2026-09-08T14:25:42Z
1819,"Rosado, Pedro","rosado, pedro",Rosado,Pedro,,,,,,,,,,no,single-source,wayback_bsnpr_players,https://web.archive.org/web/20070417033701id_/http://www.bsnpr.com:80/estadisticas/enciclopedia.asp,2026-09-08T14:22:06Z
1820,"Salgado Cruz, Pedro","salgado cruz, pedro",Salgado Cruz,Pedro,,5/20/1952,1952,,,,,,,no,single-source,wayback_bsnpr_players,https://web.archive.org/web/20200601011615id_/https://www.bsnpr.com/estadisticas/enciclopedia.asp,2026-09-08T14:25:42Z
1821,"Verdejo Carrion, Pedro","verdejo carrion, pedro",Verdejo Carrion,Pedro,perico,7/18/1960,1960,,,,,,,no,single-source,wayback_bsnpr_players,https://web.archive.org/web/20200601011615id_/https://www.bsnpr.com/estadisticas/enciclopedia.asp,2026-09-08T14:25:42Z
1822,"Medina Concepcion, Pedro","medina concepcion, pedro",Medina Concepcion,Pedro,pete,12/1/1962,1962,,,,,,,no,single-source,wayback_bsnpr_players,https://web.archive.org/web/20200601011615id_/https://www.bsnpr.com/estadisticas/enciclopedia.asp,2026-09-08T14:25:42Z
1823,"Yantin Marquez, Pedro","yantin marquez, pedro",Yantin Marquez,Pedro,polaco,12/26/1964,1964,,,,,,,no,single-source,wayback_bsnpr_players,https://web.archive.org/web/20200601011615id_/https://www.bsnpr.com/estadisticas/enciclopedia.asp,2026-09-08T14:25:42Z
1824,"Burgos, Pedro a.","burgos, pedro a",Burgos,Pedro a.,,10/28/1951,1951,,,,,,,no,single-source,wayback_bsnpr_players,https://web.archive.org/web/20200601011615id_/https://www.bsnpr.com/estadisticas/enciclopedia.asp,2026-09-08T14:25:42Z
1825,"Rodriguez, Pedro j.","rodriguez, pedro j",Rodriguez,Pedro j.,,,,,,,,,,no,single-source,wayback_bsnpr_players,https://web.archive.org/web/20070417033701id_/http://www.bsnpr.com:80/estadisticas/enciclopedia.asp,2026-09-08T14:22:06Z
1826,"Ruiz Berrios, Pedro j.","ruiz berrios, pedro j",Ruiz Berrios,Pedro j.,,9/12/1968,1968,,,,,,,no,single-source,wayback_bsnpr_players,https://web.archive.org/web/20200601011615id_/https://www.bsnpr.com/estadisticas/enciclopedia.asp,2026-09-08T14:25:42Z
1827,"Ortiz Cruz, Pedro javier","ortiz cruz, pedro javier",Ortiz Cruz,Pedro javier,,1/7/1980,1980,,,,,,,no,single-source,wayback_bsnpr_players,https://web.archive.org/web/20200601011615id_/https://www.bsnpr.com/estadisticas/enciclopedia.asp,2026-09-08T14:25:42Z
1828,"Santana, Pedro juan","santana, pedro juan",Santana,Pedro juan,,,,,,,,,,no,single-source,wayback_bsnpr_players,https://web.archive.org/web/20070417033701id_/http://www.bsnpr.com:80/estadisticas/enciclopedia.asp,2026-09-08T14:22:06Z
1829,"Calderon Cruz, Pedro l.","calderon cruz, pedro l",Calderon Cruz,Pedro l.,,9/24/1981,1981,,,,,,,no,single-source,wayback_bsnpr_players,https://web.archive.org/web/20200601011615id_/https://www.bsnpr.com/estadisticas/enciclopedia.asp,2026-09-08T14:25:42Z
1830,"Perez Lugo, Pedro pablo","perez lugo, pedro pablo",Perez Lugo,Pedro pablo,,,,,,,,,,no,single-source,wayback_bsnpr_players,https://web.archive.org/web/20070417033701id_/http://www.bsnpr.com:80/estadisticas/enciclopedia.asp,2026-09-08T14:22:06Z
1831,"Freeman, Pete","freeman, pete",Freeman,Pete,,,,,,,,,,no,single-source,wayback_bsnpr_players,https://web.archive.org/web/20070417033701id_/http://www.bsnpr.com:80/estadisticas/enciclopedia.asp,2026-09-08T14:22:06Z
1832,"Rasmusser, Pete","rasmusser, pete",Rasmusser,Pete,,,,,,,,,,no,single-source,wayback_bsnpr_players,https://web.archive.org/web/20070417033701id_/http://www.bsnpr.com:80/estadisticas/enciclopedia.asp,2026-09-08T14:22:06Z
1833,"Reimer, Pete","reimer, pete",Reimer,Pete,,,,,,,,,,no,single-source,wayback_bsnpr_players,https://web.archive.org/web/20070417033701id_/http://www.bsnpr.com:80/estadisticas/enciclopedia.asp,2026-09-08T14:22:06Z
1834,"Aguilar Sanchez, Peter","aguilar sanchez, peter",Aguilar Sanchez,Peter,,5/5/1961,1961,,,,,,,no,single-source,wayback_bsnpr_players,https://web.archive.org/web/20200601011615id_/https://www.bsnpr.com/estadisticas/enciclopedia.asp,2026-09-08T14:25:42Z
1835,"Gonzalez, Peter","gonzalez, peter",Gonzalez,Peter,,,,,,,,,,no,single-source,wayback_bsnpr_players,https://web.archive.org/web/20070417033701id_/http://www.bsnpr.com:80/estadisticas/enciclopedia.asp,2026-09-08T14:22:06Z
1836,"Ramos Fuentes, Peter John","ramos fuentes, peter john",Ramos Fuentes,Peter John,,5/23/1985,1985,,,,,,,no,single-source,wayback_bsnpr_players,https://web.archive.org/web/20200601011615id_/https://www.bsnpr.com/estadisticas/enciclopedia.asp,2026-09-08T14:25:42Z
1837,"Cartwright, Phil","cartwright, phil",Cartwright,Phil,,,,,,,,,,no,single-source,wayback_bsnpr_players,https://web.archive.org/web/20070417033701id_/http://www.bsnpr.com:80/estadisticas/enciclopedia.asp,2026-09-08T14:22:06Z
1838,"Hochstein, Phillip","hochstein, phillip",Hochstein,Phillip,,,,,,,,,,no,single-source,wayback_bsnpr_players,https://web.archive.org/web/20070417033701id_/http://www.bsnpr.com:80/estadisticas/enciclopedia.asp,2026-09-08T14:22:06Z
1839,"Griffith Escalera, Phillip a.","griffith escalera, phillip a",Griffith Escalera,Phillip a.,,3/15/1949,1949,,,,,,,no,single-source,wayback_bsnpr_players,https://web.archive.org/web/20200601011615id_/https://www.bsnpr.com/estadisticas/enciclopedia.asp,2026-09-08T14:25:42Z
1840,"Roman Gomez, Phillipe","roman gomez, phillipe",Roman Gomez,Phillipe,,,,,,,,,,no,single-source,wayback_bsnpr_players,https://web.archive.org/web/20070417033701id_/http://www.bsnpr.com:80/estadisticas/enciclopedia.asp,2026-09-08T14:22:06Z
1841,"Cabrera, Piro","cabrera, piro",Cabrera,Piro,,,,,,,,,,no,single-source,wayback_bsnpr_players,https://web.archive.org/web/20070417033701id_/http://www.bsnpr.com:80/estadisticas/enciclopedia.asp,2026-09-08T14:22:06Z
1842,"Guzman, Piro","guzman, piro",Guzman,Piro,,,,,,,,,,no,single-source,wayback_bsnpr_players,https://web.archive.org/web/20070417033701id_/http://www.bsnpr.com:80/estadisticas/enciclopedia.asp,2026-09-08T14:22:06Z
1843,"Pagan, Pito","pagan, pito",Pagan,Pito,,,,,,,,,,no,single-source,wayback_bsnpr_players,https://web.archive.org/web/20070417033701id_/http://www.bsnpr.com:80/estadisticas/enciclopedia.asp,2026-09-08T14:22:06Z
1844,"Gates Santiago, Prentiss","gates santiago, prentiss",Gates Santiago,Prentiss,,5/24/1978,1978,,,,,,,no,single-source,wayback_bsnpr_players,https://web.archive.org/web/20200601011615id_/https://www.bsnpr.com/estadisticas/enciclopedia.asp,2026-09-08T14:25:42Z
1845,"Jarvis Williams, Preston foster","jarvis williams, preston foster",Jarvis Williams,Preston foster,,,,,,,,,,no,single-source,wayback_bsnpr_players,https://web.archive.org/web/20070417033701id_/http://www.bsnpr.com:80/estadisticas/enciclopedia.asp,2026-09-08T14:22:06Z
1846,"Torruellas, R","torruellas, r",Torruellas,R,,,,,,,,,,no,single-source,wayback_bsnpr_players,https://web.archive.org/web/20070417033701id_/http://www.bsnpr.com:80/estadisticas/enciclopedia.asp,2026-09-08T14:22:06Z
1847,"Lopez, R.","lopez, r",Lopez,R.,,,,,,,,,,no,single-source,wayback_bsnpr_players,https://web.archive.org/web/20070417033701id_/http://www.bsnpr.com:80/estadisticas/enciclopedia.asp,2026-09-08T14:22:06Z
1848,"Mendoza Martinez, Radai","mendoza martinez, radai",Mendoza Martinez,Radai,,,,,,,,,,no,single-source,wayback_bsnpr_players,https://web.archive.org/web/20070417033701id_/http://www.bsnpr.com:80/estadisticas/enciclopedia.asp,2026-09-08T14:22:06Z
1849,"Delgado Rodriguez, Radames","delgado rodriguez, radames",Delgado Rodriguez,Radames,,6/15/1950,1950,,,,,,,no,single-source,wayback_bsnpr_players,https://web.archive.org/web/20200601011615id_/https://www.bsnpr.com/estadisticas/enciclopedia.asp,2026-09-08T14:25:42Z
1850,"Mayoral, Radames","mayoral, radames",Mayoral,Radames,,,,,,,,,,no,single-source,wayback_bsnpr_players,https://web.archive.org/web/20070417033701id_/http://www.bsnpr.com:80/estadisticas/enciclopedia.asp,2026-09-08T14:22:06Z
1851,"Barastain, Rafael","barastain, rafael",Barastain,Rafael,,,,,,,,,,no,single-source,wayback_bsnpr_players,https://web.archive.org/web/20070417033701id_/http://www.bsnpr.com:80/estadisticas/enciclopedia.asp,2026-09-08T14:22:06Z
1852,"Belaval, Rafael","belaval, rafael",Belaval,Rafael,,,,,,,,,,no,single-source,wayback_bsnpr_players,https://web.archive.org/web/20070417033701id_/http://www.bsnpr.com:80/estadisticas/enciclopedia.asp,2026-09-08T14:22:06Z
1853,"Cabret, Rafael","cabret, rafael",Cabret,Rafael,,,,,,,,,,no,single-source,wayback_bsnpr_players,https://web.archive.org/web/20070417033701id_/http://www.bsnpr.com:80/estadisticas/enciclopedia.asp,2026-09-08T14:22:06Z
1854,"Calcaño Lopez, Rafael","calcano lopez, rafael",Calcaño Lopez,Rafael,,8/31/1960,1960,,,,,,,no,single-source,wayback_bsnpr_players,https://web.archive.org/web/20200601011615id_/https://www.bsnpr.com/estadisticas/enciclopedia.asp,2026-09-08T14:25:42Z
1855,"Calcaño Lopez, Rafael","calcano lopez, rafael",Calcaño Lopez,Rafael,,12/7/1962,1962,,,,,,,no,single-source,wayback_bsnpr_players,https://web.archive.org/web/20200601011615id_/https://www.bsnpr.com/estadisticas/enciclopedia.asp,2026-09-08T14:25:42Z
1856,"Collazo, Rafael","collazo, rafael",Collazo,Rafael,,,,,,,,,,no,single-source,wayback_bsnpr_players,https://web.archive.org/web/20070417033701id_/http://www.bsnpr.com:80/estadisticas/enciclopedia.asp,2026-09-08T14:22:06Z
1857,"Correa Escobar, Rafael","correa escobar, rafael",Correa Escobar,Rafael,,,,,,,,,,no,single-source,wayback_bsnpr_players,https://web.archive.org/web/20070417033701id_/http://www.bsnpr.com:80/estadisticas/enciclopedia.asp,2026-09-08T14:22:06Z
1858,"Covas, Rafael","covas, rafael",Covas,Rafael,,,,,,,,,,no,single-source,wayback_bsnpr_players,https://web.archive.org/web/20070417033701id_/http://www.bsnpr.com:80/estadisticas/enciclopedia.asp,2026-09-08T14:22:06Z
1859,"Cuebas Lopez, Rafael","cuebas lopez, rafael",Cuebas Lopez,Rafael,,12/23/1974,1974,,,,,,,no,single-source,wayback_bsnpr_players,https://web.archive.org/web/20200601011615id_/https://www.bsnpr.com/estadisticas/enciclopedia.asp,2026-09-08T14:25:42Z
1860,"Del toro, Rafael","del toro, rafael",Del toro,Rafael,,,,,,,,,,no,single-source,wayback_bsnpr_players,https://web.archive.org/web/20070417033701id_/http://www.bsnpr.com:80/estadisticas/enciclopedia.asp,2026-09-08T14:22:06Z
1861,"Del valle Ruiz, Rafael","del valle ruiz, rafael",Del valle Ruiz,Rafael,,12/9/1964,1964,,,,,,,no,single-source,wayback_bsnpr_players,https://web.archive.org/web/20200601011615id_/https://www.bsnpr.com/estadisticas/enciclopedia.asp,2026-09-08T14:25:42Z
1862,"Deliz, Rafael","deliz, rafael",Deliz,Rafael,,,,,,,,,,no,single-source,wayback_bsnpr_players,https://web.archive.org/web/20070417033701id_/http://www.bsnpr.com:80/estadisticas/enciclopedia.asp,2026-09-08T14:22:06Z
1863,"Diaz Burgos, Rafael","diaz burgos, rafael",Diaz Burgos,Rafael,,9/25/1974,1974,,,,,,,no,single-source,wayback_bsnpr_players,https://web.archive.org/web/20200601011615id_/https://www.bsnpr.com/estadisticas/enciclopedia.asp,2026-09-08T14:25:42Z
1864,"Diaz Russi, Rafael","diaz russi, rafael",Diaz Russi,Rafael,,10/24/1964,1964,,,,,,,no,single-source,wayback_bsnpr_players,https://web.archive.org/web/20200601011615id_/https://www.bsnpr.com/estadisticas/enciclopedia.asp,2026-09-08T14:25:42Z
1865,"Elias, Rafael","elias, rafael",Elias,Rafael,,,,,,,,,,no,single-source,wayback_bsnpr_players,https://web.archive.org/web/20070417033701id_/http://www.bsnpr.com:80/estadisticas/enciclopedia.asp,2026-09-08T14:22:06Z
1866,"Fabian, Rafael","fabian, rafael",Fabian,Rafael,,,,,,,,,,no,single-source,wayback_bsnpr_players,https://web.archive.org/web/20070417033701id_/http://www.bsnpr.com:80/estadisticas/enciclopedia.asp,2026-09-08T14:22:06Z
1867,"Gonzalez Recio, Rafael","gonzalez recio, rafael",Gonzalez Recio,Rafael,,10/18/1956,1956,,,,,,,no,single-source,wayback_bsnpr_players,https://web.archive.org/web/20200601011615id_/https://www.bsnpr.com/estadisticas/enciclopedia.asp,2026-09-08T14:25:42Z
1868,"Lago, Rafael","lago, rafael",Lago,Rafael,,,,,,,,,,no,single-source,wayback_bsnpr_players,https://web.archive.org/web/20070417033701id_/http://www.bsnpr.com:80/estadisticas/enciclopedia.asp,2026-09-08T14:22:06Z
1869,"Lasanta Malave, Rafael","lasanta malave, rafael",Lasanta Malave,Rafael,,,,,,,,,,no,single-source,wayback_bsnpr_players,https://web.archive.org/web/20070417033701id_/http://www.bsnpr.com:80/estadisticas/enciclopedia.asp,2026-09-08T14:22:06Z
1870,"Llanos Arroyo, Rafael","llanos arroyo, rafael",Llanos Arroyo,Rafael,,3/24/1957,1957,,,,,,,no,single-source,wayback_bsnpr_players,https://web.archive.org/web/20200601011615id_/https://www.bsnpr.com/estadisticas/enciclopedia.asp,2026-09-08T14:25:42Z
1871,"Lorens, Rafael","lorens, rafael",Lorens,Rafael,,,,,,,,,,no,single-source,wayback_bsnpr_players,https://web.archive.org/web/20070417033701id_/http://www.bsnpr.com:80/estadisticas/enciclopedia.asp,2026-09-08T14:22:06Z
1872,"Lugo, Rafael","lugo, rafael",Lugo,Rafael,,,,,,,,,,no,single-source,wayback_bsnpr_players,https://web.archive.org/web/20070417033701id_/http://www.bsnpr.com:80/estadisticas/enciclopedia.asp,2026-09-08T14:22:06Z
1873,"Machado, Rafael","machado, rafael",Machado,Rafael,,,,,,,,,,no,single-source,wayback_bsnpr_players,https://web.archive.org/web/20070417033701id_/http://www.bsnpr.com:80/estadisticas/enciclopedia.asp,2026-09-08T14:22:06Z
1874,"Marrero Colon, Rafael","marrero colon, rafael",Marrero Colon,Rafael,,,,,,,,,,no,single-source,wayback_bsnpr_players,https://web.archive.org/web/20070417033701id_/http://www.bsnpr.com:80/estadisticas/enciclopedia.asp,2026-09-08T14:22:06Z
1875,"Martinez, Rafael","martinez, rafael",Martinez,Rafael,,,,,,,,,,no,single-source,wayback_bsnpr_players,https://web.archive.org/web/20070417033701id_/http://www.bsnpr.com:80/estadisticas/enciclopedia.asp,2026-09-08T14:22:06Z
1876,"Martinez Ruiz, Rafael","martinez ruiz, rafael",Martinez Ruiz,Rafael,,,,,,,,,,no,single-source,wayback_bsnpr_players,https://web.archive.org/web/20070417033701id_/http://www.bsnpr.com:80/estadisticas/enciclopedia.asp,2026-09-08T14:22:06Z
1877,"Navarro, Rafael","navarro, rafael",Navarro,Rafael,,,,,,,,,,no,single-source,wayback_bsnpr_players,https://web.archive.org/web/20070417033701id_/http://www.bsnpr.com:80/estadisticas/enciclopedia.asp,2026-09-08T14:22:06Z
1878,"Novas Hidalgo, Rafael","novas hidalgo, rafael",Novas Hidalgo,Rafael,,12/8/1972,1972,,,,,,,no,single-source,wayback_bsnpr_players,https://web.archive.org/web/20200601011615id_/https://www.bsnpr.com/estadisticas/enciclopedia.asp,2026-09-08T14:25:42Z
1879,"Orta, Rafael","orta, rafael",Orta,Rafael,,,,,,,,,,no,single-source,wayback_bsnpr_players,https://web.archive.org/web/20070417033701id_/http://www.bsnpr.com:80/estadisticas/enciclopedia.asp,2026-09-08T14:22:06Z
1880,"Palomar Acosta, Rafael","palomar acosta, rafael",Palomar Acosta,Rafael,,,,,,,,,,no,single-source,wayback_bsnpr_players,https://web.archive.org/web/20070417033701id_/http://www.bsnpr.com:80/estadisticas/enciclopedia.asp,2026-09-08T14:22:06Z
1881,"Pillot Lugo, Rafael","pillot lugo, rafael",Pillot Lugo,Rafael,,3/15/1969,1969,,,,,,,no,single-source,wayback_bsnpr_players,https://web.archive.org/web/20200601011615id_/https://www.bsnpr.com/estadisticas/enciclopedia.asp,2026-09-08T14:25:42Z
1882,"Rafols, Rafael","rafols, rafael",Rafols,Rafael,,2/1/1952,1952,,,,,,,no,single-source,wayback_bsnpr_players,https://web.archive.org/web/20200601011615id_/https://www.bsnpr.com/estadisticas/enciclopedia.asp,2026-09-08T14:25:42Z
1883,"Ramirez, Rafael","ramirez, rafael",Ramirez,Rafael,,1/19/1963,1963,,,,,,,no,single-source,wayback_bsnpr_players,https://web.archive.org/web/20200601011615id_/https://www.bsnpr.com/estadisticas/enciclopedia.asp,2026-09-08T14:25:42Z
1884,"Ramos Soler, Rafael","ramos soler, rafael",Ramos Soler,Rafael,,10/27/1963,1963,,,,,,,no,single-source,wayback_bsnpr_players,https://web.archive.org/web/20200601011615id_/https://www.bsnpr.com/estadisticas/enciclopedia.asp,2026-09-08T14:25:42Z
1885,"Rios, Rafael","rios, rafael",Rios,Rafael,,,,,,,,,,no,single-source,wayback_bsnpr_players,https://web.archive.org/web/20070417033701id_/http://www.bsnpr.com:80/estadisticas/enciclopedia.asp,2026-09-08T14:22:06Z
1886,"Rivera, Rafael","rivera, rafael",Rivera,Rafael,,,,,,,,,,no,single-source,wayback_bsnpr_players,https://web.archive.org/web/20070417033701id_/http://www.bsnpr.com:80/estadisticas/enciclopedia.asp,2026-09-08T14:22:06Z
1887,"Rolon, Rafael","rolon, rafael",Rolon,Rafael,,,,,,,,,,no,single-source,wayback_bsnpr_players,https://web.archive.org/web/20070417033701id_/http://www.bsnpr.com:80/estadisticas/enciclopedia.asp,2026-09-08T14:22:06Z
1888,"Romeu, Rafael","romeu, rafael",Romeu,Rafael,,4/18/1952,1952,,,,,,,no,single-source,wayback_bsnpr_players,https://web.archive.org/web/20200601011615id_/https://www.bsnpr.com/estadisticas/enciclopedia.asp,2026-09-08T14:25:42Z
1889,"Santiago, Rafael","santiago, rafael",Santiago,Rafael,,,,,,,,,,no,single-source,wayback_bsnpr_players,https://web.archive.org/web/20070417033701id_/http://www.bsnpr.com:80/estadisticas/enciclopedia.asp,2026-09-08T14:22:06Z
1890,"Toro Ramirez, Rafael","toro ramirez, rafael",Toro Ramirez,Rafael,,2/9/1959,1959,,,,,,,no,single-source,wayback_bsnpr_players,https://web.archive.org/web/20200601011615id_/https://www.bsnpr.com/estadisticas/enciclopedia.asp,2026-09-08T14:25:42Z
1891,"Ufret, Rafael","ufret, rafael",Ufret,Rafael,,,,,,,,,,no,single-source,wayback_bsnpr_players,https://web.archive.org/web/20070417033701id_/http://www.bsnpr.com:80/estadisticas/enciclopedia.asp,2026-09-08T14:22:06Z
1892,"Valle, Rafael","valle, rafael",Valle,Rafael,,3/1/1938,1938,,,,,,,no,single-source,wayback_bsnpr_players,https://web.archive.org/web/20200601011615id_/https://www.bsnpr.com/estadisticas/enciclopedia.asp,2026-09-08T14:25:42Z
1893,"Vazquez Manautou, Rafael","vazquez manautou, rafael",Vazquez Manautou,Rafael,,9/9/1958,1958,,,,,,,no,single-source,wayback_bsnpr_players,https://web.archive.org/web/20200601011615id_/https://www.bsnpr.com/estadisticas/enciclopedia.asp,2026-09-08T14:25:42Z
1894,"Villanueva, Rafael","villanueva, rafael",Villanueva,Rafael,,,,,,,,,,no,single-source,wayback_bsnpr_players,https://web.archive.org/web/20070417033701id_/http://www.bsnpr.com:80/estadisticas/enciclopedia.asp,2026-09-08T14:22:06Z
1895,"Cruz Lopez, Rafael","cruz lopez, rafael",Cruz Lopez,Rafael,Pachy,8/14/1979,1979,,,,,,,no,single-source,wayback_bsnpr_players,https://web.archive.org/web/20200601011615id_/https://www.bsnpr.com/estadisticas/enciclopedia.asp,2026-09-08T14:25:42Z
1896,"Negron Correa, Rafael a.","negron correa, rafael a",Negron Correa,Rafael a.,,1/7/1952,1952,,,,,,,no,single-source,wayback_bsnpr_players,https://web.archive.org/web/20200601011615id_/https://www.bsnpr.com/estadisticas/enciclopedia.asp,2026-09-08T14:25:42Z
1897,"Pérez Tejeda, Rafael","perez tejeda, rafael",Pérez Tejeda,Rafael,,4/10/1982,1982,,,,,,,no,single-source,wayback_bsnpr_players,https://web.archive.org/web/20200601011615id_/https://www.bsnpr.com/estadisticas/enciclopedia.asp,2026-09-08T14:25:42Z
1898,"Rodriguez Camacho, Rafael f.","rodriguez camacho, rafael f",Rodriguez Camacho,Rafael f.,,7/21/1963,1963,,,,,,,no,single-source,wayback_bsnpr_players,https://web.archive.org/web/20200601011615id_/https://www.bsnpr.com/estadisticas/enciclopedia.asp,2026-09-08T14:25:42Z
1899,"Guerrero del rosario, Rafael giovanni","guerrero del rosario, rafael giovanni",Guerrero del rosario,Rafael giovanni,,3/3/1956,1956,,,,,,,no,single-source,wayback_bsnpr_players,https://web.archive.org/web/20200601011615id_/https://www.bsnpr.com/estadisticas/enciclopedia.asp,2026-09-08T14:25:42Z
1900,"Perez Pico, Rafael jose","perez pico, rafael jose",Perez Pico,Rafael jose,,8/5/1961,1961,,,,,,,no,single-source,wayback_bsnpr_players,https://web.archive.org/web/20200601011615id_/https://www.bsnpr.com/estadisticas/enciclopedia.asp,2026-09-08T14:25:42Z
1901,"Ramos Colon, Rafael r.","ramos colon, rafael r",Ramos Colon,Rafael r.,,9/17/1951,1951,,,,,,,no,single-source,wayback_bsnpr_players,https://web.archive.org/web/20200601011615id_/https://www.bsnpr.com/estadisticas/enciclopedia.asp,2026-09-08T14:25:42Z
1902,"Hernandez Moore, Rafael v.","hernandez moore, rafael v",Hernandez Moore,Rafael v.,,4/16/1964,1964,,,,,,,no,single-source,wayback_bsnpr_players,https://web.archive.org/web/20200601011615id_/https://www.bsnpr.com/estadisticas/enciclopedia.asp,2026-09-08T14:25:42Z
1903,"Miranda, Rafita","miranda, rafita",Miranda,Rafita,,,,,,,,,,no,single-source,wayback_bsnpr_players,https://web.archive.org/web/20070417033701id_/http://www.bsnpr.com:80/estadisticas/enciclopedia.asp,2026-09-08T14:22:06Z
1904,"Johnson Diaz, Rahim","johnson diaz, rahim",Johnson Diaz,Rahim,,,,,,,,,,no,single-source,wayback_bsnpr_players,https://web.archive.org/web/20070417033701id_/http://www.bsnpr.com:80/estadisticas/enciclopedia.asp,2026-09-08T14:22:06Z
1905,"Lopez, Rahmsey","lopez, rahmsey",Lopez,Rahmsey,,,,,,,,,,no,single-source,wayback_bsnpr_players,https://web.archive.org/web/20070417033701id_/http://www.bsnpr.com:80/estadisticas/enciclopedia.asp,2026-09-08T14:22:06Z
1906,"Lopez Rodriguez, Rahmsey","lopez rodriguez, rahmsey",Lopez Rodriguez,Rahmsey,,,,,,,,,,no,single-source,wayback_bsnpr_players,https://web.archive.org/web/20070417033701id_/http://www.bsnpr.com:80/estadisticas/enciclopedia.asp,2026-09-08T14:22:06Z
1907,"Rosa Rosario, Raijose","rosa rosario, raijose",Rosa Rosario,Raijose,,3/25/1982,1982,,,,,,,no,single-source,wayback_bsnpr_players,https://web.archive.org/web/20200601011615id_/https://www.bsnpr.com/estadisticas/enciclopedia.asp,2026-09-08T14:25:42Z
1908,"Tapia Oquendo, Raimar","tapia oquendo, raimar",Tapia Oquendo,Raimar,,12/23/1982,1982,,,,,,,no,single-source,wayback_bsnpr_players,https://web.archive.org/web/20200601011615id_/https://www.bsnpr.com/estadisticas/enciclopedia.asp,2026-09-08T14:25:42Z
1909,"De jesus Alicea, Ralph","de jesus alicea, ralph",De jesus Alicea,Ralph,,12/11/1956,1956,,,,,,,no,single-source,wayback_bsnpr_players,https://web.archive.org/web/20200601011615id_/https://www.bsnpr.com/estadisticas/enciclopedia.asp,2026-09-08T14:25:42Z
1910,"Menar, Ralph","menar, ralph",Menar,Ralph,,7/18/1955,1955,,,,,,,no,single-source,wayback_bsnpr_players,https://web.archive.org/web/20200601011615id_/https://www.bsnpr.com/estadisticas/enciclopedia.asp,2026-09-08T14:25:42Z
1911,"Morales, Ralph","morales, ralph",Morales,Ralph,,,,,,,,,,no,single-source,wayback_bsnpr_players,https://web.archive.org/web/20070417033701id_/http://www.bsnpr.com:80/estadisticas/enciclopedia.asp,2026-09-08T14:22:06Z
1912,"Allen, Ramel","allen, ramel",Allen,Ramel,,6/5/1979,1979,,,,,,,no,single-source,wayback_bsnpr_players,https://web.archive.org/web/20200601011615id_/https://www.bsnpr.com/estadisticas/enciclopedia.asp,2026-09-08T14:25:42Z
1913,"Arce Solis, Ramon","arce solis, ramon",Arce Solis,Ramon,,10/17/1968,1968,,,,,,,no,single-source,wayback_bsnpr_players,https://web.archive.org/web/20200601011615id_/https://www.bsnpr.com/estadisticas/enciclopedia.asp,2026-09-08T14:25:42Z
1914,"Balsa, Ramon","balsa, ramon",Balsa,Ramon,,,,,,,,,,no,single-source,wayback_bsnpr_players,https://web.archive.org/web/20070417033701id_/http://www.bsnpr.com:80/estadisticas/enciclopedia.asp,2026-09-08T14:22:06Z
1915,"Bermudez, Ramon","bermudez, ramon",Bermudez,Ramon,,,,,,,,,,no,single-source,wayback_bsnpr_players,https://web.archive.org/web/20070417033701id_/http://www.bsnpr.com:80/estadisticas/enciclopedia.asp,2026-09-08T14:22:06Z
1916,"Cotto, Ramon","cotto, ramon",Cotto,Ramon,,,,,,,,,,no,single-source,wayback_bsnpr_players,https://web.archive.org/web/20070417033701id_/http://www.bsnpr.com:80/estadisticas/enciclopedia.asp,2026-09-08T14:22:06Z
1917,"Diaz Calderon, Ramon","diaz calderon, ramon",Diaz Calderon,Ramon,,4/4/1963,1963,,,,,,,no,single-source,wayback_bsnpr_players,https://web.archive.org/web/20200601011615id_/https://www.bsnpr.com/estadisticas/enciclopedia.asp,2026-09-08T14:25:42Z
1918,"Echevarria Figueroa, Ramon","echevarria figueroa, ramon",Echevarria Figueroa,Ramon,,,,,,,,,,no,single-source,wayback_bsnpr_players,https://web.archive.org/web/20070417033701id_/http://www.bsnpr.com:80/estadisticas/enciclopedia.asp,2026-09-08T14:22:06Z
1919,"Hernandez, Ramon","hernandez, ramon",Hernandez,Ramon,,,,,,,,,,no,single-source,wayback_bsnpr_players,https://web.archive.org/web/20070417033701id_/http://www.bsnpr.com:80/estadisticas/enciclopedia.asp,2026-09-08T14:22:06Z
1920,"Hernandez Cruz, Ramon","hernandez cruz, ramon",Hernandez Cruz,Ramon,,,,,,,,,,no,single-source,wayback_bsnpr_players,https://web.archive.org/web/20070417033701id_/http://www.bsnpr.com:80/estadisticas/enciclopedia.asp,2026-09-08T14:22:06Z
1921,"Marrero, Ramon","marrero, ramon",Marrero,Ramon,,,,,,,,,,no,single-source,wayback_bsnpr_players,https://web.archive.org/web/20070417033701id_/http://www.bsnpr.com:80/estadisticas/enciclopedia.asp,2026-09-08T14:22:06Z
1922,"Muñiz, Ramon","muniz, ramon",Muñiz,Ramon,,,,,,,,,,no,single-source,wayback_bsnpr_players,https://web.archive.org/web/20070417033701id_/http://www.bsnpr.com:80/estadisticas/enciclopedia.asp,2026-09-08T14:22:06Z
1923,"Navarro, Ramon","navarro, ramon",Navarro,Ramon,,,,,,,,,,no,single-source,wayback_bsnpr_players,https://web.archive.org/web/20070417033701id_/http://www.bsnpr.com:80/estadisticas/enciclopedia.asp,2026-09-08T14:22:06Z
1924,"Ortiz, Ramon","ortiz, ramon",Ortiz,Ramon,,,,,,,,,,no,single-source,wayback_bsnpr_players,https://web.archive.org/web/20070417033701id_/http://www.bsnpr.com:80/estadisticas/enciclopedia.asp,2026-09-08T14:22:06Z
1925,"Otero Montijo, Ramon","otero montijo, ramon",Otero Montijo,Ramon,,7/12/1971,1971,,,,,,,no,single-source,wayback_bsnpr_players,https://web.archive.org/web/20200601011615id_/https://www.bsnpr.com/estadisticas/enciclopedia.asp,2026-09-08T14:25:42Z
1926,"Ramos Manso, Ramon","ramos manso, ramon",Ramos Manso,Ramon,,11/20/1967,1967,,,,,,,no,single-source,wayback_bsnpr_players,https://web.archive.org/web/20200601011615id_/https://www.bsnpr.com/estadisticas/enciclopedia.asp,2026-09-08T14:25:42Z
1927,"Rivas Contreras, Ramón","rivas contreras, ramon",Rivas Contreras,Ramón,,3/16/1966,1966,,,,,,,no,single-source,wayback_bsnpr_players,https://web.archive.org/web/20200601011615id_/https://www.bsnpr.com/estadisticas/enciclopedia.asp,2026-09-08T14:25:42Z
1928,"Rodriguez Outlaw, Ramon","rodriguez outlaw, ramon",Rodriguez Outlaw,Ramon,,11/8/1962,1962,,,,,,,no,single-source,wayback_bsnpr_players,https://web.archive.org/web/20200601011615id_/https://www.bsnpr.com/estadisticas/enciclopedia.asp,2026-09-08T14:25:42Z
1929,"Rosado Machicote, Ramon","rosado machicote, ramon",Rosado Machicote,Ramon,,1/7/1968,1968,,,,,,,no,single-source,wayback_bsnpr_players,https://web.archive.org/web/20200601011615id_/https://www.bsnpr.com/estadisticas/enciclopedia.asp,2026-09-08T14:25:42Z
1930,"Santiago, Ramon","santiago, ramon",Santiago,Ramon,,,,,,,,,,no,single-source,wayback_bsnpr_players,https://web.archive.org/web/20070417033701id_/http://www.bsnpr.com:80/estadisticas/enciclopedia.asp,2026-09-08T14:22:06Z
1931,"Siragusa, Ramon","siragusa, ramon",Siragusa,Ramon,,,,,,,,,,no,single-source,wayback_bsnpr_players,https://web.archive.org/web/20070417033701id_/http://www.bsnpr.com:80/estadisticas/enciclopedia.asp,2026-09-08T14:22:06Z
1932,"Vazquez Melendez, Ramon","vazquez melendez, ramon",Vazquez Melendez,Ramon,,10/2/1960,1960,,,,,,,no,single-source,wayback_bsnpr_players,https://web.archive.org/web/20200601011615id_/https://www.bsnpr.com/estadisticas/enciclopedia.asp,2026-09-08T14:25:42Z
1933,"Vendrell, Ramon","vendrell, ramon",Vendrell,Ramon,,,,,,,,,,no,single-source,wayback_bsnpr_players,https://web.archive.org/web/20070417033701id_/http://www.bsnpr.com:80/estadisticas/enciclopedia.asp,2026-09-08T14:22:06Z
1934,"Pastrano Doñe, Ramon a.","pastrano done, ramon a",Pastrano Doñe,Ramon a.,,7/17/1962,1962,,,,,,,no,single-source,wayback_bsnpr_players,https://web.archive.org/web/20200601011615id_/https://www.bsnpr.com/estadisticas/enciclopedia.asp,2026-09-08T14:25:42Z
1935,"Diaz, Ramon ernesto","diaz, ramon ernesto",Diaz,Ramon ernesto,,,,,,,,,,no,single-source,wayback_bsnpr_players,https://web.archive.org/web/20070417033701id_/http://www.bsnpr.com:80/estadisticas/enciclopedia.asp,2026-09-08T14:22:06Z
1936,"Ramirez Diaz, Ramon f.","ramirez diaz, ramon f",Ramirez Diaz,Ramon f.,,10/10/1963,1963,,,,,,,no,single-source,wayback_bsnpr_players,https://web.archive.org/web/20200601011615id_/https://www.bsnpr.com/estadisticas/enciclopedia.asp,2026-09-08T14:25:42Z
1937,"Ortiz Morris, Ramon luis","ortiz morris, ramon luis",Ortiz Morris,Ramon luis,,,,,,,,,,no,single-source,wayback_bsnpr_players,https://web.archive.org/web/20070417033701id_/http://www.bsnpr.com:80/estadisticas/enciclopedia.asp,2026-09-08T14:22:06Z
1938,"Kelly, Ramses","kelly, ramses",Kelly,Ramses,,,,,,,,,,no,single-source,wayback_bsnpr_players,https://web.archive.org/web/20070417033701id_/http://www.bsnpr.com:80/estadisticas/enciclopedia.asp,2026-09-08T14:22:06Z
1939,"Jackson, Randell","jackson, randell",Jackson,Randell,,,,,,,,,,no,single-source,wayback_bsnpr_players,https://web.archive.org/web/20070417033701id_/http://www.bsnpr.com:80/estadisticas/enciclopedia.asp,2026-09-08T14:22:06Z
1940,"Smith Fuller, Rashaan","smith fuller, rashaan",Smith Fuller,Rashaan,,,,,,,,,,no,single-source,wayback_bsnpr_players,https://web.archive.org/web/20070417033701id_/http://www.bsnpr.com:80/estadisticas/enciclopedia.asp,2026-09-08T14:22:06Z
1941,"Griffith, Rashard","griffith, rashard",Griffith,Rashard,,10/8/1974,1974,,,,,,,no,single-source,wayback_bsnpr_players,https://web.archive.org/web/20200601011615id_/https://www.bsnpr.com/estadisticas/enciclopedia.asp,2026-09-08T14:25:42Z
1942,"Cruz, Raul","cruz, raul",Cruz,Raul,,,,,,,,,,no,single-source,wayback_bsnpr_players,https://web.archive.org/web/20070417033701id_/http://www.bsnpr.com:80/estadisticas/enciclopedia.asp,2026-09-08T14:22:06Z
1943,"Feliciano Rodriguez, Raul","feliciano rodriguez, raul",Feliciano Rodriguez,Raul,Tinajón,7/31/1930,1930,,,,,,,no,single-source,wayback_bsnpr_players,https://web.archive.org/web/20200601011615id_/https://www.bsnpr.com/estadisticas/enciclopedia.asp,2026-09-08T14:25:42Z
1944,"Hernandez Sierra, Raul","hernandez sierra, raul",Hernandez Sierra,Raul,,8/1/1960,1960,,,,,,,no,single-source,wayback_bsnpr_players,https://web.archive.org/web/20200601011615id_/https://www.bsnpr.com/estadisticas/enciclopedia.asp,2026-09-08T14:25:42Z
1945,"Marquez, Raul","marquez, raul",Marquez,Raul,,,,,,,,,,no,single-source,wayback_bsnpr_players,https://web.archive.org/web/20070417033701id_/http://www.bsnpr.com:80/estadisticas/enciclopedia.asp,2026-09-08T14:22:06Z
1946,"Orta, Raul","orta, raul",Orta,Raul,,4/16/1985,1985,,,,,,,no,single-source,wayback_bsnpr_players,https://web.archive.org/web/20200601011615id_/https://www.bsnpr.com/estadisticas/enciclopedia.asp,2026-09-08T14:25:42Z
1947,"Rivera, Raul","rivera, raul",Rivera,Raul,,,,,,,,,,no,single-source,wayback_bsnpr_players,https://web.archive.org/web/20070417033701id_/http://www.bsnpr.com:80/estadisticas/enciclopedia.asp,2026-09-08T14:22:06Z
1948,"Rivera Ramos, Raul","rivera ramos, raul",Rivera Ramos,Raul,,8/31/1982,1982,,,,,,,no,single-source,wayback_bsnpr_players,https://web.archive.org/web/20200601011615id_/https://www.bsnpr.com/estadisticas/enciclopedia.asp,2026-09-08T14:25:42Z
1949,"Sosa Martinez, Raul","sosa martinez, raul",Sosa Martinez,Raul,,4/9/1959,1959,,,,,,,no,single-source,wayback_bsnpr_players,https://web.archive.org/web/20200601011615id_/https://www.bsnpr.com/estadisticas/enciclopedia.asp,2026-09-08T14:25:42Z
1950,"Jennings Baez, Raul a.","jennings baez, raul a",Jennings Baez,Raul a.,butch,11/18/1955,1955,,,,,,,no,single-source,wayback_bsnpr_players,https://web.archive.org/web/20200601011615id_/https://www.bsnpr.com/estadisticas/enciclopedia.asp,2026-09-08T14:25:42Z
1951,"Diaz Diaz, Ray","diaz diaz, ray",Diaz Diaz,Ray,,4/4/1963,1963,,,,,,,no,single-source,wayback_bsnpr_players,https://web.archive.org/web/20200601011615id_/https://www.bsnpr.com/estadisticas/enciclopedia.asp,2026-09-08T14:25:42Z
1952,"Irizarry, Ray","irizarry, ray",Irizarry,Ray,,,,,,,,,,no,single-source,wayback_bsnpr_players,https://web.archive.org/web/20070417033701id_/http://www.bsnpr.com:80/estadisticas/enciclopedia.asp,2026-09-08T14:22:06Z
1953,"Jaffet, Ray","jaffet, ray",Jaffet,Ray,,,,,,,,,,no,single-source,wayback_bsnpr_players,https://web.archive.org/web/20070417033701id_/http://www.bsnpr.com:80/estadisticas/enciclopedia.asp,2026-09-08T14:22:06Z
1954,"Lopez, Ray","lopez, ray",Lopez,Ray,,4/6/1957,1957,,,,,,,no,single-source,wayback_bsnpr_players,https://web.archive.org/web/20200601011615id_/https://www.bsnpr.com/estadisticas/enciclopedia.asp,2026-09-08T14:25:42Z
1955,"Rivera, Ray","rivera, ray",Rivera,Ray,,,,,,,,,,no,single-source,wayback_bsnpr_players,https://web.archive.org/web/20070417033701id_/http://www.bsnpr.com:80/estadisticas/enciclopedia.asp,2026-09-08T14:22:06Z
1956,"Rivera, Ray","rivera, ray",Rivera,Ray,,,,,,,,,,no,single-source,wayback_bsnpr_players,https://web.archive.org/web/20070417033701id_/http://www.bsnpr.com:80/estadisticas/enciclopedia.asp,2026-09-08T14:22:06Z
1957,"Rivera Pantojas, Ray","rivera pantojas, ray",Rivera Pantojas,Ray,,,,,,,,,,no,single-source,wayback_bsnpr_players,https://web.archive.org/web/20070417033701id_/http://www.bsnpr.com:80/estadisticas/enciclopedia.asp,2026-09-08T14:22:06Z
1958,"Thompson Ewell, Ray","thompson ewell, ray",Thompson Ewell,Ray,,,,,,,,,,no,single-source,wayback_bsnpr_players,https://web.archive.org/web/20070417033701id_/http://www.bsnpr.com:80/estadisticas/enciclopedia.asp,2026-09-08T14:22:06Z
1959,"Alvarez, Raymond","alvarez, raymond",Alvarez,Raymond,,,,,,,,,,no,single-source,wayback_bsnpr_players,https://web.archive.org/web/20070417033701id_/http://www.bsnpr.com:80/estadisticas/enciclopedia.asp,2026-09-08T14:22:06Z
1960,"Bayron, Raymond","bayron, raymond",Bayron,Raymond,,,,,,,,,,no,single-source,wayback_bsnpr_players,https://web.archive.org/web/20070417033701id_/http://www.bsnpr.com:80/estadisticas/enciclopedia.asp,2026-09-08T14:22:06Z
1961,"Burgos, Raymond","burgos, raymond",Burgos,Raymond,,,,,,,,,,no,single-source,wayback_bsnpr_players,https://web.archive.org/web/20070417033701id_/http://www.bsnpr.com:80/estadisticas/enciclopedia.asp,2026-09-08T14:22:06Z
1962,"Dalmau Perez, Raymond","dalmau perez, raymond",Dalmau Perez,Raymond,,10/27/1948,1948,,,,,,,no,single-source,wayback_bsnpr_players,https://web.archive.org/web/20200601011615id_/https://www.bsnpr.com/estadisticas/enciclopedia.asp,2026-09-08T14:25:42Z
1963,"De jesus Swoggor, Raymond","de jesus swoggor, raymond",De jesus Swoggor,Raymond,,6/15/1965,1965,,,,,,,no,single-source,wayback_bsnpr_players,https://web.archive.org/web/20200601011615id_/https://www.bsnpr.com/estadisticas/enciclopedia.asp,2026-09-08T14:25:42Z
1964,"Gause Santiago, Raymond","gause santiago, raymond",Gause Santiago,Raymond,,2/4/1961,1961,,,,,,,no,single-source,wayback_bsnpr_players,https://web.archive.org/web/20200601011615id_/https://www.bsnpr.com/estadisticas/enciclopedia.asp,2026-09-08T14:25:42Z
1965,"Martínez Rivera, Raymond","martinez rivera, raymond",Martínez Rivera,Raymond,,4/18/1986,1986,,,,,,,no,single-source,wayback_bsnpr_players,https://web.archive.org/web/20200601011615id_/https://www.bsnpr.com/estadisticas/enciclopedia.asp,2026-09-08T14:25:42Z
1966,"Melendez, Raymond","melendez, raymond",Melendez,Raymond,,,,,,,,,,no,single-source,wayback_bsnpr_players,https://web.archive.org/web/20070417033701id_/http://www.bsnpr.com:80/estadisticas/enciclopedia.asp,2026-09-08T14:22:06Z
1967,"Milligan Folkes, Raymond","milligan folkes, raymond",Milligan Folkes,Raymond,,7/25/1951,1951,,,,,,,no,single-source,wayback_bsnpr_players,https://web.archive.org/web/20200601011615id_/https://www.bsnpr.com/estadisticas/enciclopedia.asp,2026-09-08T14:25:42Z
1968,"Pagan, Raymond","pagan, raymond",Pagan,Raymond,,,,,,,,,,no,single-source,wayback_bsnpr_players,https://web.archive.org/web/20070417033701id_/http://www.bsnpr.com:80/estadisticas/enciclopedia.asp,2026-09-08T14:22:06Z
1969,"Ortiz, Raymond","ortiz, raymond",Ortiz,Raymond,ray,1/13/1961,1961,,,,,,,no,single-source,wayback_bsnpr_players,https://web.archive.org/web/20200601011615id_/https://www.bsnpr.com/estadisticas/enciclopedia.asp,2026-09-08T14:25:42Z
1970,"Dalmau Santana, Raymond","dalmau santana, raymond",Dalmau Santana,Raymond,Richie,10/23/1973,1973,,,,,,,no,single-source,wayback_bsnpr_players,https://web.archive.org/web/20200601011615id_/https://www.bsnpr.com/estadisticas/enciclopedia.asp,2026-09-08T14:25:42Z
1971,"Freeman, Reggie","freeman, reggie",Freeman,Reggie,,5/17/1975,1975,,,,,,,no,single-source,wayback_bsnpr_players,https://web.archive.org/web/20200601011615id_/https://www.bsnpr.com/estadisticas/enciclopedia.asp,2026-09-08T14:25:42Z
1972,"Jackson Perkins, Reginald","jackson perkins, reginald",Jackson Perkins,Reginald,,,,,,,,,,no,single-source,wayback_bsnpr_players,https://web.archive.org/web/20070417033701id_/http://www.bsnpr.com:80/estadisticas/enciclopedia.asp,2026-09-08T14:22:06Z
1973,"Santos Aviles, Regino ariel","santos aviles, regino ariel",Santos Aviles,Regino ariel,,12/20/1963,1963,,,,,,,no,single-source,wayback_bsnpr_players,https://web.archive.org/web/20200601011615id_/https://www.bsnpr.com/estadisticas/enciclopedia.asp,2026-09-08T14:25:42Z
1974,"Irizarry, Reinaldo","irizarry, reinaldo",Irizarry,Reinaldo,,,,,,,,,,no,single-source,wayback_bsnpr_players,https://web.archive.org/web/20070417033701id_/http://www.bsnpr.com:80/estadisticas/enciclopedia.asp,2026-09-08T14:22:06Z
1975,"Rivera, Reinaldo","rivera, reinaldo",Rivera,Reinaldo,,,,,,,,,,no,single-source,wayback_bsnpr_players,https://web.archive.org/web/20070417033701id_/http://www.bsnpr.com:80/estadisticas/enciclopedia.asp,2026-09-08T14:22:06Z
1976,"Reynoso Rivera, Renato","reynoso rivera, renato",Reynoso Rivera,Renato,,7/7/1962,1962,,,,,,,no,single-source,wayback_bsnpr_players,https://web.archive.org/web/20200601011615id_/https://www.bsnpr.com/estadisticas/enciclopedia.asp,2026-09-08T14:25:42Z
1977,"Ramos Fernandez, Rendy","ramos fernandez, rendy",Ramos Fernandez,Rendy,,3/24/1953,1953,,,,,,,no,single-source,wayback_bsnpr_players,https://web.archive.org/web/20200601011615id_/https://www.bsnpr.com/estadisticas/enciclopedia.asp,2026-09-08T14:25:42Z
1978,"Arce, Rene","arce, rene",Arce,Rene,,,,,,,,,,no,single-source,wayback_bsnpr_players,https://web.archive.org/web/20070417033701id_/http://www.bsnpr.com:80/estadisticas/enciclopedia.asp,2026-09-08T14:22:06Z
1979,"Berlingeri Camacho, Rene","berlingeri camacho, rene",Berlingeri Camacho,Rene,,1/23/1959,1959,,,,,,,no,single-source,wayback_bsnpr_players,https://web.archive.org/web/20200601011615id_/https://www.bsnpr.com/estadisticas/enciclopedia.asp,2026-09-08T14:25:42Z
1980,"Ornes, Rene","ornes, rene",Ornes,Rene,,,,,,,,,,no,single-source,wayback_bsnpr_players,https://web.archive.org/web/20070417033701id_/http://www.bsnpr.com:80/estadisticas/enciclopedia.asp,2026-09-08T14:22:06Z
1981,"Kelly Escobar, Rennie","kelly escobar, rennie",Kelly Escobar,Rennie,rene,7/16/1957,1957,,,,,,,no,single-source,wayback_bsnpr_players,https://web.archive.org/web/20200601011615id_/https://www.bsnpr.com/estadisticas/enciclopedia.asp,2026-09-08T14:25:42Z
1982,"Andino Garcia, Reyes","andino garcia, reyes",Andino Garcia,Reyes,,2/8/1966,1966,,,,,,,no,single-source,wayback_bsnpr_players,https://web.archive.org/web/20200601011615id_/https://www.bsnpr.com/estadisticas/enciclopedia.asp,2026-09-08T14:25:42Z
1983,"Ortiz, Reyes","ortiz, reyes",Ortiz,Reyes,,,,,,,,,,no,single-source,wayback_bsnpr_players,https://web.archive.org/web/20070417033701id_/http://www.bsnpr.com:80/estadisticas/enciclopedia.asp,2026-09-08T14:22:06Z
1984,"Ortiz Cepero, Reyes","ortiz cepero, reyes",Ortiz Cepero,Reyes,,1/21/1972,1972,,,,,,,no,single-source,wayback_bsnpr_players,https://web.archive.org/web/20200601011615id_/https://www.bsnpr.com/estadisticas/enciclopedia.asp,2026-09-08T14:25:42Z
1985,"Colon Aponte, Reynaldo","colon aponte, reynaldo",Colon Aponte,Reynaldo,,10/10/1980,1980,,,,,,,no,single-source,wayback_bsnpr_players,https://web.archive.org/web/20200601011615id_/https://www.bsnpr.com/estadisticas/enciclopedia.asp,2026-09-08T14:25:42Z
1986,"Luyando Gonzalez, Reynaldo","luyando gonzalez, reynaldo",Luyando Gonzalez,Reynaldo,,4/15/1961,1961,,,,,,,no,single-source,wayback_bsnpr_players,https://web.archive.org/web/20200601011615id_/https://www.bsnpr.com/estadisticas/enciclopedia.asp,2026-09-08T14:25:42Z
1987,"Calzada, Ricardo","calzada, ricardo",Calzada,Ricardo,,7/4/1953,1953,,,,,,,no,single-source,wayback_bsnpr_players,https://web.archive.org/web/20200601011615id_/https://www.bsnpr.com/estadisticas/enciclopedia.asp,2026-09-08T14:25:42Z
1988,"Capriles, Ricardo","capriles, ricardo",Capriles,Ricardo,,,,,,,,,,no,single-source,wayback_bsnpr_players,https://web.archive.org/web/20070417033701id_/http://www.bsnpr.com:80/estadisticas/enciclopedia.asp,2026-09-08T14:22:06Z
1989,"Carrillo Delgado, Ricardo","carrillo delgado, ricardo",Carrillo Delgado,Ricardo,,12/28/1956,1956,,,,,,,no,single-source,wayback_bsnpr_players,https://web.archive.org/web/20200601011615id_/https://www.bsnpr.com/estadisticas/enciclopedia.asp,2026-09-08T14:25:42Z
1990,"Colon Rivera, Ricardo","colon rivera, ricardo",Colon Rivera,Ricardo,,,,,,,,,,no,single-source,wayback_bsnpr_players,https://web.archive.org/web/20070417033701id_/http://www.bsnpr.com:80/estadisticas/enciclopedia.asp,2026-09-08T14:22:06Z
1991,"Cortijo Apolinaris, Ricardo","cortijo apolinaris, ricardo",Cortijo Apolinaris,Ricardo,,10/1/1966,1966,,,,,,,no,single-source,wayback_bsnpr_players,https://web.archive.org/web/20200601011615id_/https://www.bsnpr.com/estadisticas/enciclopedia.asp,2026-09-08T14:25:42Z
1992,"Dalmau Santana, Ricardo","dalmau santana, ricardo",Dalmau Santana,Ricardo,,8/27/1977,1977,,,,,,,no,single-source,wayback_bsnpr_players,https://web.archive.org/web/20200601011615id_/https://www.bsnpr.com/estadisticas/enciclopedia.asp,2026-09-08T14:25:42Z
1993,"Hernandez, Ricardo","hernandez, ricardo",Hernandez,Ricardo,Richie,5/7/1955,1955,,,,,,,no,single-source,wayback_bsnpr_players,https://web.archive.org/web/20200601011615id_/https://www.bsnpr.com/estadisticas/enciclopedia.asp,2026-09-08T14:25:42Z
1994,"Melendez Gautier, Ricardo","melendez gautier, ricardo",Melendez Gautier,Ricardo,,3/25/1968,1968,,,,,,,no,single-source,wayback_bsnpr_players,https://web.archive.org/web/20200601011615id_/https://www.bsnpr.com/estadisticas/enciclopedia.asp,2026-09-08T14:25:42Z
1995,"Meléndez Huertas, Ricardo","melendez huertas, ricardo",Meléndez Huertas,Ricardo,Ricky,8/26/1983,1983,,,,,,,no,single-source,wayback_bsnpr_players,https://web.archive.org/web/20200601011615id_/https://www.bsnpr.com/estadisticas/enciclopedia.asp,2026-09-08T14:25:42Z
1996,"Morales, Ricardo","morales, ricardo",Morales,Ricardo,,,,,,,,,,no,single-source,wayback_bsnpr_players,https://web.archive.org/web/20070417033701id_/http://www.bsnpr.com:80/estadisticas/enciclopedia.asp,2026-09-08T14:22:06Z
1997,"Motta Velez, Ricardo","motta velez, ricardo",Motta Velez,Ricardo,,11/22/1963,1963,,,,,,,no,single-source,wayback_bsnpr_players,https://web.archive.org/web/20200601011615id_/https://www.bsnpr.com/estadisticas/enciclopedia.asp,2026-09-08T14:25:42Z
1998,"Nazario, Ricardo","nazario, ricardo",Nazario,Ricardo,,,,,,,,,,no,single-source,wayback_bsnpr_players,https://web.archive.org/web/20070417033701id_/http://www.bsnpr.com:80/estadisticas/enciclopedia.asp,2026-09-08T14:22:06Z
1999,"Ortiz Espada, Ricardo","ortiz espada, ricardo",Ortiz Espada,Ricardo,,3/11/1969,1969,,,,,,,no,single-source,wayback_bsnpr_players,https://web.archive.org/web/20200601011615id_/https://www.bsnpr.com/estadisticas/enciclopedia.asp,2026-09-08T14:25:42Z
2000,"Santiago Acosta, Ricardo","santiago acosta, ricardo",Santiago Acosta,Ricardo,,2/12/1982,1982,,,,,,,no,single-source,wayback_bsnpr_players,https://web.archive.org/web/20200601011615id_/https://www.bsnpr.com/estadisticas/enciclopedia.asp,2026-09-08T14:25:42Z
2001,"Soto Cumba, Ricardo","soto cumba, ricardo",Soto Cumba,Ricardo,,,,,,,,,,no,single-source,wayback_bsnpr_players,https://web.archive.org/web/20070417033701id_/http://www.bsnpr.com:80/estadisticas/enciclopedia.asp,2026-09-08T14:22:06Z
2002,"Soto Tirado, Ricardo","soto tirado, ricardo",Soto Tirado,Ricardo,,4/19/1969,1969,,,,,,,no,single-source,wayback_bsnpr_players,https://web.archive.org/web/20200601011615id_/https://www.bsnpr.com/estadisticas/enciclopedia.asp,2026-09-08T14:25:42Z
2003,"Tapia Maysonet, Ricardo","tapia maysonet, ricardo",Tapia Maysonet,Ricardo,,,,,,,,,,no,single-source,wayback_bsnpr_players,https://web.archive.org/web/20070417033701id_/http://www.bsnpr.com:80/estadisticas/enciclopedia.asp,2026-09-08T14:22:06Z
2004,"Lugo Sanchez, Ricardo","lugo sanchez, ricardo",Lugo Sanchez,Ricardo,richard,8/3/1958,1958,,,,,,,no,single-source,wayback_bsnpr_players,https://web.archive.org/web/20200601011615id_/https://www.bsnpr.com/estadisticas/enciclopedia.asp,2026-09-08T14:25:42Z
2005,"Alvarez, Ricardo","alvarez, ricardo",Alvarez,Ricardo,richie,5/8/1957,1957,,,,,,,no,single-source,wayback_bsnpr_players,https://web.archive.org/web/20200601011615id_/https://www.bsnpr.com/estadisticas/enciclopedia.asp,2026-09-08T14:25:42Z
2006,"Gomez, Ricardo a.","gomez, ricardo a",Gomez,Ricardo a.,richie,9/11/1956,1956,,,,,,,no,single-source,wayback_bsnpr_players,https://web.archive.org/web/20200601011615id_/https://www.bsnpr.com/estadisticas/enciclopedia.asp,2026-09-08T14:25:42Z
2007,"Borgos, Rich","borgos, rich",Borgos,Rich,,,,,,,,,,no,single-source,wayback_bsnpr_players,https://web.archive.org/web/20070417033701id_/http://www.bsnpr.com:80/estadisticas/enciclopedia.asp,2026-09-08T14:22:06Z
2008,"Rosario, Rich","rosario, rich",Rosario,Rich,,,,,,,,,,no,single-source,wayback_bsnpr_players,https://web.archive.org/web/20070417033701id_/http://www.bsnpr.com:80/estadisticas/enciclopedia.asp,2026-09-08T14:22:06Z
2009,"Rosario, Rich","rosario, rich",Rosario,Rich,,,,,,,,,,no,single-source,wayback_bsnpr_players,https://web.archive.org/web/20070417033701id_/http://www.bsnpr.com:80/estadisticas/enciclopedia.asp,2026-09-08T14:22:06Z
2010,"Brignoni Bernard, Richard","brignoni bernard, richard",Brignoni Bernard,Richard,,2/21/1959,1959,,,,,,,no,single-source,wayback_bsnpr_players,https://web.archive.org/web/20200601011615id_/https://www.bsnpr.com/estadisticas/enciclopedia.asp,2026-09-08T14:25:42Z
2011,"Brown, Richard","brown, richard",Brown,Richard,,,,,,,,,,no,single-source,wayback_bsnpr_players,https://web.archive.org/web/20070417033701id_/http://www.bsnpr.com:80/estadisticas/enciclopedia.asp,2026-09-08T14:22:06Z
2012,"Coffee, Richard","coffee, richard",Coffee,Richard,,,,,,,,,,no,single-source,wayback_bsnpr_players,https://web.archive.org/web/20070417033701id_/http://www.bsnpr.com:80/estadisticas/enciclopedia.asp,2026-09-08T14:22:06Z
2013,"Cortes Molina, Richard","cortes molina, richard",Cortes Molina,Richard,,,,,,,,,,no,single-source,wayback_bsnpr_players,https://web.archive.org/web/20070417033701id_/http://www.bsnpr.com:80/estadisticas/enciclopedia.asp,2026-09-08T14:22:06Z
2014,"Declet Calderon, Richard","declet calderon, richard",Declet Calderon,Richard,,5/30/1957,1957,,,,,,,no,single-source,wayback_bsnpr_players,https://web.archive.org/web/20200601011615id_/https://www.bsnpr.com/estadisticas/enciclopedia.asp,2026-09-08T14:25:42Z
2015,"Dumas, Richard","dumas, richard",Dumas,Richard,,,,,,,,,,no,single-source,wayback_bsnpr_players,https://web.archive.org/web/20070417033701id_/http://www.bsnpr.com:80/estadisticas/enciclopedia.asp,2026-09-08T14:22:06Z
2016,"Lugo, Richard","lugo, richard",Lugo,Richard,,5/7/1973,1973,,,,,,,no,single-source,wayback_bsnpr_players,https://web.archive.org/web/20200601011615id_/https://www.bsnpr.com/estadisticas/enciclopedia.asp,2026-09-08T14:25:42Z
2017,"Malave Garcia, Richard","malave garcia, richard",Malave Garcia,Richard,,8/22/1961,1961,,,,,,,no,single-source,wayback_bsnpr_players,https://web.archive.org/web/20200601011615id_/https://www.bsnpr.com/estadisticas/enciclopedia.asp,2026-09-08T14:25:42Z
2018,"Matienzo Ayestaran, Richard","matienzo ayestaran, richard",Matienzo Ayestaran,Richard,,,,,,,,,,no,single-source,wayback_bsnpr_players,https://web.archive.org/web/20070417033701id_/http://www.bsnpr.com:80/estadisticas/enciclopedia.asp,2026-09-08T14:22:06Z
2019,"Mejias Ruiz, Richard","mejias ruiz, richard",Mejias Ruiz,Richard,,11/23/1968,1968,,,,,,,no,single-source,wayback_bsnpr_players,https://web.archive.org/web/20200601011615id_/https://www.bsnpr.com/estadisticas/enciclopedia.asp,2026-09-08T14:25:42Z
2020,"Shehab, Richard","shehab, richard",Shehab,Richard,,,,,,,,,,no,single-source,wayback_bsnpr_players,https://web.archive.org/web/20070417033701id_/http://www.bsnpr.com:80/estadisticas/enciclopedia.asp,2026-09-08T14:22:06Z
2021,"Soto Estrada, Richard","soto estrada, richard",Soto Estrada,Richard,,4/11/1968,1968,,,,,,,no,single-source,wayback_bsnpr_players,https://web.archive.org/web/20200601011615id_/https://www.bsnpr.com/estadisticas/enciclopedia.asp,2026-09-08T14:25:42Z
2022,"Stone Vila, Richard","stone vila, richard",Stone Vila,Richard,dickie,7/24/1954,1954,,,,,,,no,single-source,wayback_bsnpr_players,https://web.archive.org/web/20200601011615id_/https://www.bsnpr.com/estadisticas/enciclopedia.asp,2026-09-08T14:25:42Z
2023,"Ortiz, Richard","ortiz, richard",Ortiz,Richard,richie,12/2/1953,1953,,,,,,,no,single-source,wayback_bsnpr_players,https://web.archive.org/web/20200601011615id_/https://www.bsnpr.com/estadisticas/enciclopedia.asp,2026-09-08T14:25:42Z
2024,"Pietri Villanueva, Richard","pietri villanueva, richard",Pietri Villanueva,Richard,richie,2/23/1944,1944,,,,,,,no,single-source,wayback_bsnpr_players,https://web.archive.org/web/20200601011615id_/https://www.bsnpr.com/estadisticas/enciclopedia.asp,2026-09-08T14:25:42Z
2025,"Fabregas Aponte, Richard arthur","fabregas aponte, richard arthur",Fabregas Aponte,Richard arthur,ricardo,3/26/1957,1957,,,,,,,no,single-source,wayback_bsnpr_players,https://web.archive.org/web/20200601011615id_/https://www.bsnpr.com/estadisticas/enciclopedia.asp,2026-09-08T14:25:42Z
2026,"Area, Richard lee","area, richard lee",Area,Richard lee,,1/1/1972,1972,,,,,,,no,single-source,wayback_bsnpr_players,https://web.archive.org/web/20200601011615id_/https://www.bsnpr.com/estadisticas/enciclopedia.asp,2026-09-08T14:25:42Z
2027,"Diaz, Richie","diaz, richie",Diaz,Richie,,,,,,,,,,no,single-source,wayback_bsnpr_players,https://web.archive.org/web/20070417033701id_/http://www.bsnpr.com:80/estadisticas/enciclopedia.asp,2026-09-08T14:22:06Z
2028,"Apodaca Perez, Rick","apodaca perez, rick",Apodaca Perez,Rick,,7/1/1980,1980,,,,,,,no,single-source,wayback_bsnpr_players,https://web.archive.org/web/20200601011615id_/https://www.bsnpr.com/estadisticas/enciclopedia.asp,2026-09-08T14:25:42Z
2029,"Rodriguez Brown, Rick","rodriguez brown, rick",Rodriguez Brown,Rick,,7/21/1961,1961,,,,,,,no,single-source,wayback_bsnpr_players,https://web.archive.org/web/20200601011615id_/https://www.bsnpr.com/estadisticas/enciclopedia.asp,2026-09-08T14:25:42Z
2030,"Collazo, Ricky","collazo, ricky",Collazo,Ricky,,,,,,,,,,no,single-source,wayback_bsnpr_players,https://web.archive.org/web/20070417033701id_/http://www.bsnpr.com:80/estadisticas/enciclopedia.asp,2026-09-08T14:22:06Z
2031,"Guzman Fournier, Ricky","guzman fournier, ricky",Guzman Fournier,Ricky,,4/8/1974,1974,,,,,,,no,single-source,wayback_bsnpr_players,https://web.archive.org/web/20200601011615id_/https://www.bsnpr.com/estadisticas/enciclopedia.asp,2026-09-08T14:25:42Z
2032,"Robinson, Ricky","robinson, ricky",Robinson,Ricky,,,,,,,,,,no,single-source,wayback_bsnpr_players,https://web.archive.org/web/20070417033701id_/http://www.bsnpr.com:80/estadisticas/enciclopedia.asp,2026-09-08T14:22:06Z
2033,"Sánchez Rosa, Ricardo","sanchez rosa, ricardo",Sánchez Rosa,Ricardo,Ricky,7/6/1987,1987,,,,,,,no,single-source,wayback_bsnpr_players,https://web.archive.org/web/20200601011615id_/https://www.bsnpr.com/estadisticas/enciclopedia.asp,2026-09-08T14:25:42Z
2034,"Fernandez, Rinaldi","fernandez, rinaldi",Fernandez,Rinaldi,,,,,,,,,,no,single-source,wayback_bsnpr_players,https://web.archive.org/web/20070417033701id_/http://www.bsnpr.com:80/estadisticas/enciclopedia.asp,2026-09-08T14:22:06Z
2035,"Coyne Ortiz, Robert","coyne ortiz, robert",Coyne Ortiz,Robert,,8/28/1967,1967,,,,,,,no,single-source,wayback_bsnpr_players,https://web.archive.org/web/20200601011615id_/https://www.bsnpr.com/estadisticas/enciclopedia.asp,2026-09-08T14:25:42Z
2036,"Francis, Robert","francis, robert",Francis,Robert,,,,,,,,,,no,single-source,wayback_bsnpr_players,https://web.archive.org/web/20070417033701id_/http://www.bsnpr.com:80/estadisticas/enciclopedia.asp,2026-09-08T14:22:06Z
2037,"Lazor, Robert","lazor, robert",Lazor,Robert,Bobby,9/29/1976,1976,,,,,,,no,single-source,wayback_bsnpr_players,https://web.archive.org/web/20200601011615id_/https://www.bsnpr.com/estadisticas/enciclopedia.asp,2026-09-08T14:25:42Z
2038,"Martin, Robert","martin, robert",Martin,Robert,,,,,,,,,,no,single-source,wayback_bsnpr_players,https://web.archive.org/web/20070417033701id_/http://www.bsnpr.com:80/estadisticas/enciclopedia.asp,2026-09-08T14:22:06Z
2039,"Mazer, Robert","mazer, robert",Mazer,Robert,,,,,,,,,,no,single-source,wayback_bsnpr_players,https://web.archive.org/web/20070417033701id_/http://www.bsnpr.com:80/estadisticas/enciclopedia.asp,2026-09-08T14:22:06Z
2040,"Phelps, Robert","phelps, robert",Phelps,Robert,,,,,,,,,,no,single-source,wayback_bsnpr_players,https://web.archive.org/web/20070417033701id_/http://www.bsnpr.com:80/estadisticas/enciclopedia.asp,2026-09-08T14:22:06Z
2041,"Shehab, Robert","shehab, robert",Shehab,Robert,,,,,,,,,,no,single-source,wayback_bsnpr_players,https://web.archive.org/web/20070417033701id_/http://www.bsnpr.com:80/estadisticas/enciclopedia.asp,2026-09-08T14:22:06Z
2042,"Zimerman, Robert","zimerman, robert",Zimerman,Robert,,,,,,,,,,no,single-source,wayback_bsnpr_players,https://web.archive.org/web/20070417033701id_/http://www.bsnpr.com:80/estadisticas/enciclopedia.asp,2026-09-08T14:22:06Z
2043,"Huffman Velez, Robert m.","huffman velez, robert m",Huffman Velez,Robert m.,,12/23/1954,1954,,,,,,,no,single-source,wayback_bsnpr_players,https://web.archive.org/web/20200601011615id_/https://www.bsnpr.com/estadisticas/enciclopedia.asp,2026-09-08T14:25:42Z
2044,"Alvarez, Roberto","alvarez, roberto",Alvarez,Roberto,,1/23/1955,1955,,,,,,,no,single-source,wayback_bsnpr_players,https://web.archive.org/web/20200601011615id_/https://www.bsnpr.com/estadisticas/enciclopedia.asp,2026-09-08T14:25:42Z
2045,"Aponte Flecha, Roberto","aponte flecha, roberto",Aponte Flecha,Roberto,,10/5/1967,1967,,,,,,,no,single-source,wayback_bsnpr_players,https://web.archive.org/web/20200601011615id_/https://www.bsnpr.com/estadisticas/enciclopedia.asp,2026-09-08T14:25:42Z
2046,"Biaggi, Roberto","biaggi, roberto",Biaggi,Roberto,,,,,,,,,,no,single-source,wayback_bsnpr_players,https://web.archive.org/web/20070417033701id_/http://www.bsnpr.com:80/estadisticas/enciclopedia.asp,2026-09-08T14:22:06Z
2047,"Carbonell, Roberto","carbonell, roberto",Carbonell,Roberto,,,,,,,,,,no,single-source,wayback_bsnpr_players,https://web.archive.org/web/20070417033701id_/http://www.bsnpr.com:80/estadisticas/enciclopedia.asp,2026-09-08T14:22:06Z
2048,"Carrasquillo Santiago, Roberto","carrasquillo santiago, roberto",Carrasquillo Santiago,Roberto,,3/13/1956,1956,,,,,,,no,single-source,wayback_bsnpr_players,https://web.archive.org/web/20200601011615id_/https://www.bsnpr.com/estadisticas/enciclopedia.asp,2026-09-08T14:25:42Z
2049,"Clemente Alvarez, Roberto","clemente alvarez, roberto",Clemente Alvarez,Roberto,,7/3/1968,1968,,,,,,,no,single-source,wayback_bsnpr_players,https://web.archive.org/web/20200601011615id_/https://www.bsnpr.com/estadisticas/enciclopedia.asp,2026-09-08T14:25:42Z
2050,"Collado Torres, Roberto","collado torres, roberto",Collado Torres,Roberto,,10/10/1969,1969,,,,,,,no,single-source,wayback_bsnpr_players,https://web.archive.org/web/20200601011615id_/https://www.bsnpr.com/estadisticas/enciclopedia.asp,2026-09-08T14:25:42Z
2051,"Diaz Rios, Roberto","diaz rios, roberto",Diaz Rios,Roberto,,,,,,,,,,no,single-source,wayback_bsnpr_players,https://web.archive.org/web/20070417033701id_/http://www.bsnpr.com:80/estadisticas/enciclopedia.asp,2026-09-08T14:22:06Z
2052,"Figueroa, Roberto","figueroa, roberto",Figueroa,Roberto,,,,,,,,,,no,single-source,wayback_bsnpr_players,https://web.archive.org/web/20070417033701id_/http://www.bsnpr.com:80/estadisticas/enciclopedia.asp,2026-09-08T14:22:06Z
2053,"Gandara, Roberto","gandara, roberto",Gandara,Roberto,,,,,,,,,,no,single-source,wayback_bsnpr_players,https://web.archive.org/web/20070417033701id_/http://www.bsnpr.com:80/estadisticas/enciclopedia.asp,2026-09-08T14:22:06Z
2054,"Gonzalez, Roberto","gonzalez, roberto",Gonzalez,Roberto,,3/12/1962,1962,,,,,,,no,single-source,wayback_bsnpr_players,https://web.archive.org/web/20200601011615id_/https://www.bsnpr.com/estadisticas/enciclopedia.asp,2026-09-08T14:25:42Z
2055,"Gonzalez, Roberto","gonzalez, roberto",Gonzalez,Roberto,,,,,,,,,,no,single-source,wayback_bsnpr_players,https://web.archive.org/web/20070417033701id_/http://www.bsnpr.com:80/estadisticas/enciclopedia.asp,2026-09-08T14:22:06Z
2056,"Herrera, Roberto","herrera, roberto",Herrera,Roberto,,,,,,,,,,no,single-source,wayback_bsnpr_players,https://web.archive.org/web/20070417033701id_/http://www.bsnpr.com:80/estadisticas/enciclopedia.asp,2026-09-08T14:22:06Z
2057,"Herrera Garcia, Roberto","herrera garcia, roberto",Herrera Garcia,Roberto,,8/13/1974,1974,,,,,,,no,single-source,wayback_bsnpr_players,https://web.archive.org/web/20200601011615id_/https://www.bsnpr.com/estadisticas/enciclopedia.asp,2026-09-08T14:25:42Z
2058,"Irizarry Hernandez, Roberto","irizarry hernandez, roberto",Irizarry Hernandez,Roberto,,5/11/1952,1952,,,,,,,no,single-source,wayback_bsnpr_players,https://web.archive.org/web/20200601011615id_/https://www.bsnpr.com/estadisticas/enciclopedia.asp,2026-09-08T14:25:42Z
2059,"Lopez, Roberto","lopez, roberto",Lopez,Roberto,,,,,,,,,,no,single-source,wayback_bsnpr_players,https://web.archive.org/web/20070417033701id_/http://www.bsnpr.com:80/estadisticas/enciclopedia.asp,2026-09-08T14:22:06Z
2060,"Lopez Rosa, Roberto","lopez rosa, roberto",Lopez Rosa,Roberto,,4/3/1971,1971,,,,,,,no,single-source,wayback_bsnpr_players,https://web.archive.org/web/20200601011615id_/https://www.bsnpr.com/estadisticas/enciclopedia.asp,2026-09-08T14:25:42Z
2061,"Marchand, Roberto","marchand, roberto",Marchand,Roberto,,,,,,,,,,no,single-source,wayback_bsnpr_players,https://web.archive.org/web/20070417033701id_/http://www.bsnpr.com:80/estadisticas/enciclopedia.asp,2026-09-08T14:22:06Z
2062,"Medina Rivera, Roberto","medina rivera, roberto",Medina Rivera,Roberto,,5/26/1965,1965,,,,,,,no,single-source,wayback_bsnpr_players,https://web.archive.org/web/20200601011615id_/https://www.bsnpr.com/estadisticas/enciclopedia.asp,2026-09-08T14:25:42Z
2063,"Montes, Roberto","montes, roberto",Montes,Roberto,,,,,,,,,,no,single-source,wayback_bsnpr_players,https://web.archive.org/web/20070417033701id_/http://www.bsnpr.com:80/estadisticas/enciclopedia.asp,2026-09-08T14:22:06Z
2064,"Morales, Roberto","morales, roberto",Morales,Roberto,,,,,,,,,,no,single-source,wayback_bsnpr_players,https://web.archive.org/web/20070417033701id_/http://www.bsnpr.com:80/estadisticas/enciclopedia.asp,2026-09-08T14:22:06Z
2065,"Muñoz Cancel, Roberto","munoz cancel, roberto",Muñoz Cancel,Roberto,Bobby,3/3/1968,1968,,,,,,,no,single-source,wayback_bsnpr_players,https://web.archive.org/web/20200601011615id_/https://www.bsnpr.com/estadisticas/enciclopedia.asp,2026-09-08T14:25:42Z
2066,"Negron Correa, Roberto","negron correa, roberto",Negron Correa,Roberto,,12/13/1954,1954,,,,,,,no,single-source,wayback_bsnpr_players,https://web.archive.org/web/20200601011615id_/https://www.bsnpr.com/estadisticas/enciclopedia.asp,2026-09-08T14:25:42Z
2067,"Nieves Perez, Roberto","nieves perez, roberto",Nieves Perez,Roberto,,1/2/1982,1982,,,,,,,no,single-source,wayback_bsnpr_players,https://web.archive.org/web/20200601011615id_/https://www.bsnpr.com/estadisticas/enciclopedia.asp,2026-09-08T14:25:42Z
2068,"Ortiz Laboard, Roberto","ortiz laboard, roberto",Ortiz Laboard,Roberto,,3/21/1956,1956,,,,,,,no,single-source,wayback_bsnpr_players,https://web.archive.org/web/20200601011615id_/https://www.bsnpr.com/estadisticas/enciclopedia.asp,2026-09-08T14:25:42Z
2069,"Rivera Cespedez, Roberto","rivera cespedez, roberto",Rivera Cespedez,Roberto,,9/22/1957,1957,,,,,,,no,single-source,wayback_bsnpr_players,https://web.archive.org/web/20200601011615id_/https://www.bsnpr.com/estadisticas/enciclopedia.asp,2026-09-08T14:25:42Z
2070,"Ruiz, Roberto","ruiz, roberto",Ruiz,Roberto,,,,,,,,,,no,single-source,wayback_bsnpr_players,https://web.archive.org/web/20070417033701id_/http://www.bsnpr.com:80/estadisticas/enciclopedia.asp,2026-09-08T14:22:06Z
2071,"Ruiz Fernandez, Roberto","ruiz fernandez, roberto",Ruiz Fernandez,Roberto,,12/9/1980,1980,,,,,,,no,single-source,wayback_bsnpr_players,https://web.archive.org/web/20200601011615id_/https://www.bsnpr.com/estadisticas/enciclopedia.asp,2026-09-08T14:25:42Z
2072,"Valderas Wahl, Roberto","valderas wahl, roberto",Valderas Wahl,Roberto,,11/19/1959,1959,,,,,,,no,single-source,wayback_bsnpr_players,https://web.archive.org/web/20200601011615id_/https://www.bsnpr.com/estadisticas/enciclopedia.asp,2026-09-08T14:25:42Z
2073,"Veguilla Torres, Roberto","veguilla torres, roberto",Veguilla Torres,Roberto,,2/15/1957,1957,,,,,,,no,single-source,wayback_bsnpr_players,https://web.archive.org/web/20200601011615id_/https://www.bsnpr.com/estadisticas/enciclopedia.asp,2026-09-08T14:25:42Z
2074,"Hatton Negron, Roberto Jose","hatton negron, roberto jose",Hatton Negron,Roberto Jose,bobby joe,10/11/1976,1976,,,,,,,no,single-source,wayback_bsnpr_players,https://web.archive.org/web/20200601011615id_/https://www.bsnpr.com/estadisticas/enciclopedia.asp,2026-09-08T14:25:42Z
2075,"Garcia Zayas, Roberto","garcia zayas, roberto",Garcia Zayas,Roberto,bobby,9/25/1966,1966,,,,,,,no,single-source,wayback_bsnpr_players,https://web.archive.org/web/20200601011615id_/https://www.bsnpr.com/estadisticas/enciclopedia.asp,2026-09-08T14:25:42Z
2076,"Rios Osorio, Roberto","rios osorio, roberto",Rios Osorio,Roberto,bobby,8/14/1957,1957,,,,,,,no,single-source,wayback_bsnpr_players,https://web.archive.org/web/20200601011615id_/https://www.bsnpr.com/estadisticas/enciclopedia.asp,2026-09-08T14:25:42Z
2077,"Rodriguez Negron, Roberto","rodriguez negron, roberto",Rodriguez Negron,Roberto,palomo,10/30/1963,1963,,,,,,,no,single-source,wayback_bsnpr_players,https://web.archive.org/web/20200601011615id_/https://www.bsnpr.com/estadisticas/enciclopedia.asp,2026-09-08T14:25:42Z
2078,"Babilonia, Roberto f.","babilonia, roberto f",Babilonia,Roberto f.,,5/17/1954,1954,,,,,,,no,single-source,wayback_bsnpr_players,https://web.archive.org/web/20200601011615id_/https://www.bsnpr.com/estadisticas/enciclopedia.asp,2026-09-08T14:25:42Z
2079,"Ramos Moore, Roberto louis","ramos moore, roberto louis",Ramos Moore,Roberto louis,,9/19/1954,1954,,,,,,,no,single-source,wayback_bsnpr_players,https://web.archive.org/web/20200601011615id_/https://www.bsnpr.com/estadisticas/enciclopedia.asp,2026-09-08T14:25:42Z
2080,"Mercado Tirado, Roddy a.","mercado tirado, roddy a",Mercado Tirado,Roddy a.,,,,,,,,,,no,single-source,wayback_bsnpr_players,https://web.archive.org/web/20070417033701id_/http://www.bsnpr.com:80/estadisticas/enciclopedia.asp,2026-09-08T14:22:06Z
2081,"Elliot Holmes, Rodney","elliot holmes, rodney",Elliot Holmes,Rodney,,,,,,,,,,no,single-source,wayback_bsnpr_players,https://web.archive.org/web/20070417033701id_/http://www.bsnpr.com:80/estadisticas/enciclopedia.asp,2026-09-08T14:22:06Z
2082,"Arce Davila, Rodney raul","arce davila, rodney raul",Arce Davila,Rodney raul,,11/5/1958,1958,,,,,,,no,single-source,wayback_bsnpr_players,https://web.archive.org/web/20200601011615id_/https://www.bsnpr.com/estadisticas/enciclopedia.asp,2026-09-08T14:25:42Z
2083,"Santiago, Rodolfo","santiago, rodolfo",Santiago,Rodolfo,,,,,,,,,,no,single-source,wayback_bsnpr_players,https://web.archive.org/web/20070417033701id_/http://www.bsnpr.com:80/estadisticas/enciclopedia.asp,2026-09-08T14:22:06Z
2084,"Cora, Roger","cora, roger",Cora,Roger,,9/24/1954,1954,,,,,,,no,single-source,wayback_bsnpr_players,https://web.archive.org/web/20200601011615id_/https://www.bsnpr.com/estadisticas/enciclopedia.asp,2026-09-08T14:25:42Z
2085,"Menar, Roger","menar, roger",Menar,Roger,,,,,,,,,,no,single-source,wayback_bsnpr_players,https://web.archive.org/web/20070417033701id_/http://www.bsnpr.com:80/estadisticas/enciclopedia.asp,2026-09-08T14:22:06Z
2086,"George West, Roland","george west, roland",George West,Roland,,7/3/1957,1957,,,,,,,no,single-source,wayback_bsnpr_players,https://web.archive.org/web/20200601011615id_/https://www.bsnpr.com/estadisticas/enciclopedia.asp,2026-09-08T14:25:42Z
2087,"Alvarez Quiñones, Rolando","alvarez quinones, rolando",Alvarez Quiñones,Rolando,,3/11/1951,1951,,,,,,,no,single-source,wayback_bsnpr_players,https://web.archive.org/web/20200601011615id_/https://www.bsnpr.com/estadisticas/enciclopedia.asp,2026-09-08T14:25:42Z
2088,"Febles Eleutice, Rolando","febles eleutice, rolando",Febles Eleutice,Rolando,,,,,,,,,,no,single-source,wayback_bsnpr_players,https://web.archive.org/web/20070417033701id_/http://www.bsnpr.com:80/estadisticas/enciclopedia.asp,2026-09-08T14:22:06Z
2089,"Frazer Thorne, Rolando","frazer thorne, rolando",Frazer Thorne,Rolando,,7/3/1958,1958,,,,,,,no,single-source,wayback_bsnpr_players,https://web.archive.org/web/20200601011615id_/https://www.bsnpr.com/estadisticas/enciclopedia.asp,2026-09-08T14:25:42Z
2090,"Hourruitiner Ortiz, Rolando","hourruitiner ortiz, rolando",Hourruitiner Ortiz,Rolando,,5/28/1975,1975,,,,,,,no,single-source,wayback_bsnpr_players,https://web.archive.org/web/20200601011615id_/https://www.bsnpr.com/estadisticas/enciclopedia.asp,2026-09-08T14:25:42Z
2091,"Rios Cordero, Rolando","rios cordero, rolando",Rios Cordero,Rolando,,8/1/1965,1965,,,,,,,no,single-source,wayback_bsnpr_players,https://web.archive.org/web/20200601011615id_/https://www.bsnpr.com/estadisticas/enciclopedia.asp,2026-09-08T14:25:42Z
2092,"Figueroa, Roman","figueroa, roman",Figueroa,Roman,,,,,,,,,,no,single-source,wayback_bsnpr_players,https://web.archive.org/web/20070417033701id_/http://www.bsnpr.com:80/estadisticas/enciclopedia.asp,2026-09-08T14:22:06Z
2093,"Rivera Alvarez, Roman","rivera alvarez, roman",Rivera Alvarez,Roman,,,,,,,,,,no,single-source,wayback_bsnpr_players,https://web.archive.org/web/20070417033701id_/http://www.bsnpr.com:80/estadisticas/enciclopedia.asp,2026-09-08T14:22:06Z
2094,"Beck Castro, Romel","beck castro, romel",Beck Castro,Romel,,5/29/1982,1982,,,,,,,no,single-source,wayback_bsnpr_players,https://web.archive.org/web/20200601011615id_/https://www.bsnpr.com/estadisticas/enciclopedia.asp,2026-09-08T14:25:42Z
2095,"Draper, Ron","draper, ron",Draper,Ron,,7/8/1967,1967,,,,,,,no,single-source,wayback_bsnpr_players,https://web.archive.org/web/20200601011615id_/https://www.bsnpr.com/estadisticas/enciclopedia.asp,2026-09-08T14:25:42Z
2096,"Riley, Ron","riley, ron",Riley,Ron,,,,,,,,,,no,single-source,wayback_bsnpr_players,https://web.archive.org/web/20070417033701id_/http://www.bsnpr.com:80/estadisticas/enciclopedia.asp,2026-09-08T14:22:06Z
2097,"Thompson, Ronald","thompson, ronald",Thompson,Ronald,t.j,9/18/1982,1982,,,,,,,no,single-source,wayback_bsnpr_players,https://web.archive.org/web/20200601011615id_/https://www.bsnpr.com/estadisticas/enciclopedia.asp,2026-09-08T14:25:42Z
2098,"Wallace, Roosevelt","wallace, roosevelt",Wallace,Roosevelt,,,,,,,,,,no,single-source,wayback_bsnpr_players,https://web.archive.org/web/20070417033701id_/http://www.bsnpr.com:80/estadisticas/enciclopedia.asp,2026-09-08T14:22:06Z
2099,"Sanchez Martinez, Roque antonio","sanchez martinez, roque antonio",Sanchez Martinez,Roque antonio,,2/22/1960,1960,,,,,,,no,single-source,wayback_bsnpr_players,https://web.archive.org/web/20200601011615id_/https://www.bsnpr.com/estadisticas/enciclopedia.asp,2026-09-08T14:25:42Z
2100,"Velez Perez, Rouldan","velez perez, rouldan",Velez Perez,Rouldan,,1/12/1988,1988,,,,,,,no,single-source,wayback_bsnpr_players,https://web.archive.org/web/20200601011615id_/https://www.bsnpr.com/estadisticas/enciclopedia.asp,2026-09-08T14:25:42Z
2101,"Adorno Martinez, Ruben","adorno martinez, ruben",Adorno Martinez,Ruben,,8/3/1941,1941,,,,,,,no,single-source,wayback_bsnpr_players,https://web.archive.org/web/20200601011615id_/https://www.bsnpr.com/estadisticas/enciclopedia.asp,2026-09-08T14:25:42Z
2102,"Bayron Barbosa, Ruben","bayron barbosa, ruben",Bayron Barbosa,Ruben,,5/1/1955,1955,,,,,,,no,single-source,wayback_bsnpr_players,https://web.archive.org/web/20200601011615id_/https://www.bsnpr.com/estadisticas/enciclopedia.asp,2026-09-08T14:25:42Z
2103,"Colon Baez, Ruben","colon baez, ruben",Colon Baez,Ruben,,5/22/1965,1965,,,,,,,no,single-source,wayback_bsnpr_players,https://web.archive.org/web/20200601011615id_/https://www.bsnpr.com/estadisticas/enciclopedia.asp,2026-09-08T14:25:42Z
2104,"Colon De alba, Ruben","colon de alba, ruben",Colon De alba,Ruben,,1/30/1972,1972,,,,,,,no,single-source,wayback_bsnpr_players,https://web.archive.org/web/20200601011615id_/https://www.bsnpr.com/estadisticas/enciclopedia.asp,2026-09-08T14:25:42Z
2105,"Feliciano, Ruben","feliciano, ruben",Feliciano,Ruben,,,,,,,,,,no,single-source,wayback_bsnpr_players,https://web.archive.org/web/20070417033701id_/http://www.bsnpr.com:80/estadisticas/enciclopedia.asp,2026-09-08T14:22:06Z
2106,"Irizarry, Ruben","irizarry, ruben",Irizarry,Ruben,,,,,,,,,,no,single-source,wayback_bsnpr_players,https://web.archive.org/web/20070417033701id_/http://www.bsnpr.com:80/estadisticas/enciclopedia.asp,2026-09-08T14:22:06Z
2107,"Jafet Cabrera, Ruben","jafet cabrera, ruben",Jafet Cabrera,Ruben,,,,,,,,,,no,single-source,wayback_bsnpr_players,https://web.archive.org/web/20070417033701id_/http://www.bsnpr.com:80/estadisticas/enciclopedia.asp,2026-09-08T14:22:06Z
2108,"Jimenez Quiles, Ruben","jimenez quiles, ruben",Jimenez Quiles,Ruben,,3/27/1958,1958,,,,,,,no,single-source,wayback_bsnpr_players,https://web.archive.org/web/20200601011615id_/https://www.bsnpr.com/estadisticas/enciclopedia.asp,2026-09-08T14:25:42Z
2109,"Montañez Rodriguez, Ruben","montanez rodriguez, ruben",Montañez Rodriguez,Ruben,,2/14/1950,1950,,,,,,,no,single-source,wayback_bsnpr_players,https://web.archive.org/web/20200601011615id_/https://www.bsnpr.com/estadisticas/enciclopedia.asp,2026-09-08T14:25:42Z
2110,"Orta, Ruben","orta, ruben",Orta,Ruben,,,,,,,,,,no,single-source,wayback_bsnpr_players,https://web.archive.org/web/20070417033701id_/http://www.bsnpr.com:80/estadisticas/enciclopedia.asp,2026-09-08T14:22:06Z
2111,"Padro, Ruben","padro, ruben",Padro,Ruben,,1/25/1961,1961,,,,,,,no,single-source,wayback_bsnpr_players,https://web.archive.org/web/20200601011615id_/https://www.bsnpr.com/estadisticas/enciclopedia.asp,2026-09-08T14:25:42Z
2112,"Rodriguez Colon, Ruben","rodriguez colon, ruben",Rodriguez Colon,Ruben,,1/2/1960,1960,,,,,,,no,single-source,wayback_bsnpr_players,https://web.archive.org/web/20200601011615id_/https://www.bsnpr.com/estadisticas/enciclopedia.asp,2026-09-08T14:25:42Z
2113,"Rodriguez Leon, Ruben","rodriguez leon, ruben",Rodriguez Leon,Ruben,,8/5/1953,1953,,,,,,,no,single-source,wayback_bsnpr_players,https://web.archive.org/web/20200601011615id_/https://www.bsnpr.com/estadisticas/enciclopedia.asp,2026-09-08T14:25:42Z
2114,"Rosario Amador, Ruben","rosario amador, ruben",Rosario Amador,Ruben,,,,,,,,,,no,single-source,wayback_bsnpr_players,https://web.archive.org/web/20070417033701id_/http://www.bsnpr.com:80/estadisticas/enciclopedia.asp,2026-09-08T14:22:06Z
2115,"Torres, Ruben","torres, ruben",Torres,Ruben,,,,,,,,,,no,single-source,wayback_bsnpr_players,https://web.archive.org/web/20070417033701id_/http://www.bsnpr.com:80/estadisticas/enciclopedia.asp,2026-09-08T14:22:06Z
2116,"Villoch Torres, Ruben","villoch torres, ruben",Villoch Torres,Ruben,,8/8/1961,1961,,,,,,,no,single-source,wayback_bsnpr_players,https://web.archive.org/web/20200601011615id_/https://www.bsnpr.com/estadisticas/enciclopedia.asp,2026-09-08T14:25:42Z
2117,"Rivera, Rudy","rivera, rudy",Rivera,Rudy,,,,,,,,,,no,single-source,wayback_bsnpr_players,https://web.archive.org/web/20070417033701id_/http://www.bsnpr.com:80/estadisticas/enciclopedia.asp,2026-09-08T14:22:06Z
2118,"Millard O'hearn, Russell","millard ohearn, russell",Millard O'hearn,Russell,,,,,,,,,,no,single-source,wayback_bsnpr_players,https://web.archive.org/web/20070417033701id_/http://www.bsnpr.com:80/estadisticas/enciclopedia.asp,2026-09-08T14:22:06Z
2119,"Bond, Ryan","bond, ryan",Bond,Ryan,,,,,,,,,,no,single-source,wayback_bsnpr_players,https://web.archive.org/web/20070417033701id_/http://www.bsnpr.com:80/estadisticas/enciclopedia.asp,2026-09-08T14:22:06Z
2120,"Lorthridge, Ryan","lorthridge, ryan",Lorthridge,Ryan,,,,,,,,,,no,single-source,wayback_bsnpr_players,https://web.archive.org/web/20070417033701id_/http://www.bsnpr.com:80/estadisticas/enciclopedia.asp,2026-09-08T14:22:06Z
2121,"Gonzalez, S","gonzalez, s",Gonzalez,S,,,,,,,,,,no,single-source,wayback_bsnpr_players,https://web.archive.org/web/20070417033701id_/http://www.bsnpr.com:80/estadisticas/enciclopedia.asp,2026-09-08T14:22:06Z
2122,"Ayala Ayuso, Sadell","ayala ayuso, sadell",Ayala Ayuso,Sadell,,3/15/1985,1985,,,,,,,no,single-source,wayback_bsnpr_players,https://web.archive.org/web/20200601011615id_/https://www.bsnpr.com/estadisticas/enciclopedia.asp,2026-09-08T14:25:42Z
2123,"Diaz, Salvador","diaz, salvador",Diaz,Salvador,,,,,,,,,,no,single-source,wayback_bsnpr_players,https://web.archive.org/web/20070417033701id_/http://www.bsnpr.com:80/estadisticas/enciclopedia.asp,2026-09-08T14:22:06Z
2124,"Dijols Ocasio, Salvador","dijols ocasio, salvador",Dijols Ocasio,Salvador,,11/11/1938,1938,,,,,,,no,single-source,wayback_bsnpr_players,https://web.archive.org/web/20200601011615id_/https://www.bsnpr.com/estadisticas/enciclopedia.asp,2026-09-08T14:25:42Z
2125,"Jimenez, Salvador","jimenez, salvador",Jimenez,Salvador,,,,,,,,,,no,single-source,wayback_bsnpr_players,https://web.archive.org/web/20070417033701id_/http://www.bsnpr.com:80/estadisticas/enciclopedia.asp,2026-09-08T14:22:06Z
2126,"Morales, Salvador","morales, salvador",Morales,Salvador,,,,,,,,,,no,single-source,wayback_bsnpr_players,https://web.archive.org/web/20070417033701id_/http://www.bsnpr.com:80/estadisticas/enciclopedia.asp,2026-09-08T14:22:06Z
2127,"Rivera, Salvador","rivera, salvador",Rivera,Salvador,,,,,,,,,,no,single-source,wayback_bsnpr_players,https://web.archive.org/web/20070417033701id_/http://www.bsnpr.com:80/estadisticas/enciclopedia.asp,2026-09-08T14:22:06Z
2128,"Santiago Cruz, Salvador","santiago cruz, salvador",Santiago Cruz,Salvador,,12/5/1949,1949,,,,,,,no,single-source,wayback_bsnpr_players,https://web.archive.org/web/20200601011615id_/https://www.bsnpr.com/estadisticas/enciclopedia.asp,2026-09-08T14:25:42Z
2129,"Santiago Pagan, Salvador","santiago pagan, salvador",Santiago Pagan,Salvador,,,,,,,,,,no,single-source,wayback_bsnpr_players,https://web.archive.org/web/20070417033701id_/http://www.bsnpr.com:80/estadisticas/enciclopedia.asp,2026-09-08T14:22:06Z
2130,"Vilella, Salvador","vilella, salvador",Vilella,Salvador,,,,,,,,,,no,single-source,wayback_bsnpr_players,https://web.archive.org/web/20070417033701id_/http://www.bsnpr.com:80/estadisticas/enciclopedia.asp,2026-09-08T14:22:06Z
2131,"Concepcion Villalobos, Salvador","concepcion villalobos, salvador",Concepcion Villalobos,Salvador,pucho,1/28/1963,1963,,,,,,,no,single-source,wayback_bsnpr_players,https://web.archive.org/web/20200601011615id_/https://www.bsnpr.com/estadisticas/enciclopedia.asp,2026-09-08T14:25:42Z
2132,"Bough, Sam","bough, sam",Bough,Sam,,,,,,,,,,no,single-source,wayback_bsnpr_players,https://web.archive.org/web/20070417033701id_/http://www.bsnpr.com:80/estadisticas/enciclopedia.asp,2026-09-08T14:22:06Z
2133,"Ivy, Sam","ivy, sam",Ivy,Sam,,,,,,,,,,no,single-source,wayback_bsnpr_players,https://web.archive.org/web/20070417033701id_/http://www.bsnpr.com:80/estadisticas/enciclopedia.asp,2026-09-08T14:22:06Z
2134,"Baker, Sam mitchell","baker, sam mitchell",Baker,Sam mitchell,,,,,,,,,,no,single-source,wayback_bsnpr_players,https://web.archive.org/web/20070417033701id_/http://www.bsnpr.com:80/estadisticas/enciclopedia.asp,2026-09-08T14:22:06Z
2135,"Gouda, Samir","gouda, samir",Gouda,Samir,,5/3/1972,1972,,,,,,,no,single-source,wayback_bsnpr_players,https://web.archive.org/web/20200601011615id_/https://www.bsnpr.com/estadisticas/enciclopedia.asp,2026-09-08T14:25:42Z
2136,"Espada, Sammy","espada, sammy",Espada,Sammy,,,,,,,,,,no,single-source,wayback_bsnpr_players,https://web.archive.org/web/20070417033701id_/http://www.bsnpr.com:80/estadisticas/enciclopedia.asp,2026-09-08T14:22:06Z
2137,"Boyd Figueroa, Samuel","boyd figueroa, samuel",Boyd Figueroa,Samuel,,12/18/1961,1961,,,,,,,no,single-source,wayback_bsnpr_players,https://web.archive.org/web/20200601011615id_/https://www.bsnpr.com/estadisticas/enciclopedia.asp,2026-09-08T14:25:42Z
2138,"Isaac Gual, Samuel","isaac gual, samuel",Isaac Gual,Samuel,,6/12/1955,1955,,,,,,,no,single-source,wayback_bsnpr_players,https://web.archive.org/web/20200601011615id_/https://www.bsnpr.com/estadisticas/enciclopedia.asp,2026-09-08T14:25:42Z
2139,"Maduro Rivera, Samuel","maduro rivera, samuel",Maduro Rivera,Samuel,,1/3/1958,1958,,,,,,,no,single-source,wayback_bsnpr_players,https://web.archive.org/web/20200601011615id_/https://www.bsnpr.com/estadisticas/enciclopedia.asp,2026-09-08T14:25:42Z
2140,"Mercedes Ortiz, Samuel","mercedes ortiz, samuel",Mercedes Ortiz,Samuel,,,,,,,,,,no,single-source,wayback_bsnpr_players,https://web.archive.org/web/20070417033701id_/http://www.bsnpr.com:80/estadisticas/enciclopedia.asp,2026-09-08T14:22:06Z
2141,"Monroig, Samuel","monroig, samuel",Monroig,Samuel,,,,,,,,,,no,single-source,wayback_bsnpr_players,https://web.archive.org/web/20070417033701id_/http://www.bsnpr.com:80/estadisticas/enciclopedia.asp,2026-09-08T14:22:06Z
2142,"Rivera Rohena, Samuel","rivera rohena, samuel",Rivera Rohena,Samuel,,,,,,,,,,no,single-source,wayback_bsnpr_players,https://web.archive.org/web/20070417033701id_/http://www.bsnpr.com:80/estadisticas/enciclopedia.asp,2026-09-08T14:22:06Z
2143,"Rodriguez Garcia, Samuel","rodriguez garcia, samuel",Rodriguez Garcia,Samuel,,7/24/1970,1970,,,,,,,no,single-source,wayback_bsnpr_players,https://web.archive.org/web/20200601011615id_/https://www.bsnpr.com/estadisticas/enciclopedia.asp,2026-09-08T14:25:42Z
2144,"Rosa, Samuel","rosa, samuel",Rosa,Samuel,,,,,,,,,,no,single-source,wayback_bsnpr_players,https://web.archive.org/web/20070417033701id_/http://www.bsnpr.com:80/estadisticas/enciclopedia.asp,2026-09-08T14:22:06Z
2145,"Villegas Aviles, Samuel","villegas aviles, samuel",Villegas Aviles,Samuel,,3/7/1983,1983,,,,,,,no,single-source,wayback_bsnpr_players,https://web.archive.org/web/20200601011615id_/https://www.bsnpr.com/estadisticas/enciclopedia.asp,2026-09-08T14:25:42Z
2146,"Rosas Lebron, Samuel","rosas lebron, samuel",Rosas Lebron,Samuel,bimbi,4/14/1985,1985,,,,,,,no,single-source,wayback_bsnpr_players,https://web.archive.org/web/20200601011615id_/https://www.bsnpr.com/estadisticas/enciclopedia.asp,2026-09-08T14:25:42Z
2147,"Betancourt Fernandez, Samuel","betancourt fernandez, samuel",Betancourt Fernandez,Samuel,sammy,2/21/1946,1946,,,,,,,no,single-source,wayback_bsnpr_players,https://web.archive.org/web/20200601011615id_/https://www.bsnpr.com/estadisticas/enciclopedia.asp,2026-09-08T14:25:42Z
2148,"Figueroa Acevedo, Santiago","figueroa acevedo, santiago",Figueroa Acevedo,Santiago,,4/20/1955,1955,,,,,,,no,single-source,wayback_bsnpr_players,https://web.archive.org/web/20200601011615id_/https://www.bsnpr.com/estadisticas/enciclopedia.asp,2026-09-08T14:25:42Z
2149,"Gotay Merlo, Santiago","gotay merlo, santiago",Gotay Merlo,Santiago,,12/5/1962,1962,,,,,,,no,single-source,wayback_bsnpr_players,https://web.archive.org/web/20200601011615id_/https://www.bsnpr.com/estadisticas/enciclopedia.asp,2026-09-08T14:25:42Z
2150,"Muñoz Guevara, Santiago","munoz guevara, santiago",Muñoz Guevara,Santiago,,10/18/1964,1964,,,,,,,no,single-source,wayback_bsnpr_players,https://web.archive.org/web/20200601011615id_/https://www.bsnpr.com/estadisticas/enciclopedia.asp,2026-09-08T14:25:42Z
2151,"Martinez Lopez, Santos","martinez lopez, santos",Martinez Lopez,Santos,,3/10/1970,1970,,,,,,,no,single-source,wayback_bsnpr_players,https://web.archive.org/web/20200601011615id_/https://www.bsnpr.com/estadisticas/enciclopedia.asp,2026-09-08T14:25:42Z
2152,"Rivera Vazquez, Santos g.","rivera vazquez, santos g",Rivera Vazquez,Santos g.,,,,,,,,,,no,single-source,wayback_bsnpr_players,https://web.archive.org/web/20070417033701id_/http://www.bsnpr.com:80/estadisticas/enciclopedia.asp,2026-09-08T14:22:06Z
2153,"Merritt, Scott","merritt, scott",Merritt,Scott,,1/3/1982,1982,,,,,,,no,single-source,wayback_bsnpr_players,https://web.archive.org/web/20200601011615id_/https://www.bsnpr.com/estadisticas/enciclopedia.asp,2026-09-08T14:25:42Z
2154,"Paddock, Scott","paddock, scott",Paddock,Scott,,,,,,,,,,no,single-source,wayback_bsnpr_players,https://web.archive.org/web/20070417033701id_/http://www.bsnpr.com:80/estadisticas/enciclopedia.asp,2026-09-08T14:22:06Z
2155,"Banks, Sean","banks, sean",Banks,Sean,,1/20/1985,1985,,,,,,,no,single-source,wayback_bsnpr_players,https://web.archive.org/web/20200601011615id_/https://www.bsnpr.com/estadisticas/enciclopedia.asp,2026-09-08T14:25:42Z
2156,"Pryor, Sean","pryor, sean",Pryor,Sean,,,,,,,,,,no,single-source,wayback_bsnpr_players,https://web.archive.org/web/20070417033701id_/http://www.bsnpr.com:80/estadisticas/enciclopedia.asp,2026-09-08T14:22:06Z
2157,"Ramirez Rodriguez, Sean","ramirez rodriguez, sean",Ramirez Rodriguez,Sean,,12/24/1981,1981,,,,,,,no,single-source,wayback_bsnpr_players,https://web.archive.org/web/20200601011615id_/https://www.bsnpr.com/estadisticas/enciclopedia.asp,2026-09-08T14:25:42Z
2158,"Banuchi Abrams, Sebastian","banuchi abrams, sebastian",Banuchi Abrams,Sebastian,,1/10/1960,1960,,,,,,,no,single-source,wayback_bsnpr_players,https://web.archive.org/web/20200601011615id_/https://www.bsnpr.com/estadisticas/enciclopedia.asp,2026-09-08T14:25:42Z
2159,"Gonzalez, Sebastian","gonzalez, sebastian",Gonzalez,Sebastian,,,,,,,,,,no,single-source,wayback_bsnpr_players,https://web.archive.org/web/20070417033701id_/http://www.bsnpr.com:80/estadisticas/enciclopedia.asp,2026-09-08T14:22:06Z
2160,"Diaz Carrasquillo, Secundino","diaz carrasquillo, secundino",Diaz Carrasquillo,Secundino,,2/23/1971,1971,,,,,,,no,single-source,wayback_bsnpr_players,https://web.archive.org/web/20200601011615id_/https://www.bsnpr.com/estadisticas/enciclopedia.asp,2026-09-08T14:25:42Z
2161,"Morales, Sergio","morales, sergio",Morales,Sergio,,,,,,,,,,no,single-source,wayback_bsnpr_players,https://web.archive.org/web/20070417033701id_/http://www.bsnpr.com:80/estadisticas/enciclopedia.asp,2026-09-08T14:22:06Z
2162,"Rosa, Sergio","rosa, sergio",Rosa,Sergio,,,,,,,,,,no,single-source,wayback_bsnpr_players,https://web.archive.org/web/20070417033701id_/http://www.bsnpr.com:80/estadisticas/enciclopedia.asp,2026-09-08T14:22:06Z
2163,"Marshall, Seth","marshall, seth",Marshall,Seth,,,,,,,,,,no,single-source,wayback_bsnpr_players,https://web.archive.org/web/20070417033701id_/http://www.bsnpr.com:80/estadisticas/enciclopedia.asp,2026-09-08T14:22:06Z
2164,"Malave Cea, Shacuntaino","malave cea, shacuntaino",Malave Cea,Shacuntaino,,7/1/1979,1979,,,,,,,no,single-source,wayback_bsnpr_players,https://web.archive.org/web/20200601011615id_/https://www.bsnpr.com/estadisticas/enciclopedia.asp,2026-09-08T14:25:42Z
2165,"Fajardo Blanding, Shariff","fajardo blanding, shariff",Fajardo Blanding,Shariff,,6/9/1976,1976,,,,,,,no,single-source,wayback_bsnpr_players,https://web.archive.org/web/20200601011615id_/https://www.bsnpr.com/estadisticas/enciclopedia.asp,2026-09-08T14:25:42Z
2166,"Green, Shawn","green, shawn",Green,Shawn,,,,,,,,,,no,single-source,wayback_bsnpr_players,https://web.archive.org/web/20070417033701id_/http://www.bsnpr.com:80/estadisticas/enciclopedia.asp,2026-09-08T14:22:06Z
2167,"Jackson, Shawn","jackson, shawn",Jackson,Shawn,,,,,,,,,,no,single-source,wayback_bsnpr_players,https://web.archive.org/web/20070417033701id_/http://www.bsnpr.com:80/estadisticas/enciclopedia.asp,2026-09-08T14:22:06Z
2168,"Scott, Shawnelle","scott, shawnelle",Scott,Shawnelle,,6/16/1972,1972,,,,,,,no,single-source,wayback_bsnpr_players,https://web.archive.org/web/20200601011615id_/https://www.bsnpr.com/estadisticas/enciclopedia.asp,2026-09-08T14:25:42Z
2169,"Clark, Shelly","clark, shelly",Clark,Shelly,,12/18/1972,1972,,,,,,,no,single-source,wayback_bsnpr_players,https://web.archive.org/web/20200601011615id_/https://www.bsnpr.com/estadisticas/enciclopedia.asp,2026-09-08T14:25:42Z
2170,"Jones, Shelton","jones, shelton",Jones,Shelton,,4/6/1966,1966,,,,,,,no,single-source,wayback_bsnpr_players,https://web.archive.org/web/20200601011615id_/https://www.bsnpr.com/estadisticas/enciclopedia.asp,2026-09-08T14:25:42Z
2171,"Mills, Sherman","mills, sherman",Mills,Sherman,,,,,,,,,,no,single-source,wayback_bsnpr_players,https://web.archive.org/web/20070417033701id_/http://www.bsnpr.com:80/estadisticas/enciclopedia.asp,2026-09-08T14:22:06Z
2172,"Charles Corbett, Silvester","charles corbett, silvester",Charles Corbett,Silvester,,2/11/1962,1962,,,,,,,no,single-source,wayback_bsnpr_players,https://web.archive.org/web/20200601011615id_/https://www.bsnpr.com/estadisticas/enciclopedia.asp,2026-09-08T14:25:42Z
2173,"Herradora Aldahondo, Silvio","herradora aldahondo, silvio",Herradora Aldahondo,Silvio,,8/14/1963,1963,,,,,,,no,single-source,wayback_bsnpr_players,https://web.archive.org/web/20200601011615id_/https://www.bsnpr.com/estadisticas/enciclopedia.asp,2026-09-08T14:25:42Z
2174,"Brown Martinez, Sir Valiant","brown martinez, sir valiant",Brown Martinez,Sir Valiant,,12/21/1980,1980,,,,,,,no,single-source,wayback_bsnpr_players,https://web.archive.org/web/20200601011615id_/https://www.bsnpr.com/estadisticas/enciclopedia.asp,2026-09-08T14:25:42Z
2175,"Garcia, Sitin","garcia, sitin",Garcia,Sitin,,,,,,,,,,no,single-source,wayback_bsnpr_players,https://web.archive.org/web/20070417033701id_/http://www.bsnpr.com:80/estadisticas/enciclopedia.asp,2026-09-08T14:22:06Z
2176,"Ramirez Martinez, Soterio","ramirez martinez, soterio",Ramirez Martinez,Soterio,,,,,,,,,,no,single-source,wayback_bsnpr_players,https://web.archive.org/web/20070417033701id_/http://www.bsnpr.com:80/estadisticas/enciclopedia.asp,2026-09-08T14:22:06Z
2177,"Mckay Hansen, Spencer","mckay hansen, spencer",Mckay Hansen,Spencer,,8/10/1968,1968,,,,,,,no,single-source,wayback_bsnpr_players,https://web.archive.org/web/20200601011615id_/https://www.bsnpr.com/estadisticas/enciclopedia.asp,2026-09-08T14:25:42Z
2178,"Reddish, Stacey williams","reddish, stacey williams",Reddish,Stacey williams,,,,,,,,,,no,single-source,wayback_bsnpr_players,https://web.archive.org/web/20070417033701id_/http://www.bsnpr.com:80/estadisticas/enciclopedia.asp,2026-09-08T14:22:06Z
2179,"Rose, Stan","rose, stan",Rose,Stan,,,,,,,,,,no,single-source,wayback_bsnpr_players,https://web.archive.org/web/20070417033701id_/http://www.bsnpr.com:80/estadisticas/enciclopedia.asp,2026-09-08T14:22:06Z
2180,"Roberts, Stanley","roberts, stanley",Roberts,Stanley,,,,,,,,,,no,single-source,wayback_bsnpr_players,https://web.archive.org/web/20070417033701id_/http://www.bsnpr.com:80/estadisticas/enciclopedia.asp,2026-09-08T14:22:06Z
2181,"Howard, Stephen","howard, stephen",Howard,Stephen,,,,,,,,,,no,single-source,wayback_bsnpr_players,https://web.archive.org/web/20070417033701id_/http://www.bsnpr.com:80/estadisticas/enciclopedia.asp,2026-09-08T14:22:06Z
2182,"Gamboa Taylor, Stephen","gamboa taylor, stephen",Gamboa Taylor,Stephen,steve,5/25/1961,1961,,,,,,,no,single-source,wayback_bsnpr_players,https://web.archive.org/web/20200601011615id_/https://www.bsnpr.com/estadisticas/enciclopedia.asp,2026-09-08T14:25:42Z
2183,"Dalmau Perez, Steve","dalmau perez, steve",Dalmau Perez,Steve,,11/25/1950,1950,,,,,,,no,single-source,wayback_bsnpr_players,https://web.archive.org/web/20200601011615id_/https://www.bsnpr.com/estadisticas/enciclopedia.asp,2026-09-08T14:25:42Z
2184,"Gilbert Swain, Steve","gilbert swain, steve",Gilbert Swain,Steve,,,,,,,,,,no,single-source,wayback_bsnpr_players,https://web.archive.org/web/20070417033701id_/http://www.bsnpr.com:80/estadisticas/enciclopedia.asp,2026-09-08T14:22:06Z
2185,"Rich, Steve","rich, steve",Rich,Steve,,,,,,,,,,no,single-source,wayback_bsnpr_players,https://web.archive.org/web/20070417033701id_/http://www.bsnpr.com:80/estadisticas/enciclopedia.asp,2026-09-08T14:22:06Z
2186,"Rowhowsky, Steve","rowhowsky, steve",Rowhowsky,Steve,,,,,,,,,,no,single-source,wayback_bsnpr_players,https://web.archive.org/web/20070417033701id_/http://www.bsnpr.com:80/estadisticas/enciclopedia.asp,2026-09-08T14:22:06Z
2187,"Osucha, Steven","osucha, steven",Osucha,Steven,,,,,,,,,,no,single-source,wayback_bsnpr_players,https://web.archive.org/web/20070417033701id_/http://www.bsnpr.com:80/estadisticas/enciclopedia.asp,2026-09-08T14:22:06Z
2188,"Phyfe, Steven","phyfe, steven",Phyfe,Steven,,,,,,,,,,no,single-source,wayback_bsnpr_players,https://web.archive.org/web/20070417033701id_/http://www.bsnpr.com:80/estadisticas/enciclopedia.asp,2026-09-08T14:22:06Z
2189,"Sewell Acosta, Steven","sewell acosta, steven",Sewell Acosta,Steven,,8/31/1956,1956,,,,,,,no,single-source,wayback_bsnpr_players,https://web.archive.org/web/20200601011615id_/https://www.bsnpr.com/estadisticas/enciclopedia.asp,2026-09-08T14:25:42Z
2190,"Turner Bailey, Steven","turner bailey, steven",Turner Bailey,Steven,,,,,,,,,,no,single-source,wayback_bsnpr_players,https://web.archive.org/web/20070417033701id_/http://www.bsnpr.com:80/estadisticas/enciclopedia.asp,2026-09-08T14:22:06Z
2191,"Wright, Steven","wright, steven",Wright,Steven,,,,,,,,,,no,single-source,wayback_bsnpr_players,https://web.archive.org/web/20070417033701id_/http://www.bsnpr.com:80/estadisticas/enciclopedia.asp,2026-09-08T14:22:06Z
2192,"Turner Aponte, Tarik","turner aponte, tarik",Turner Aponte,Tarik,,,,,,,,,,no,single-source,wayback_bsnpr_players,https://web.archive.org/web/20070417033701id_/http://www.bsnpr.com:80/estadisticas/enciclopedia.asp,2026-09-08T14:22:06Z
2193,"Thorton, Taron","thorton, taron",Thorton,Taron,,,,,,,,,,no,single-source,wayback_bsnpr_players,https://web.archive.org/web/20070417033701id_/http://www.bsnpr.com:80/estadisticas/enciclopedia.asp,2026-09-08T14:22:06Z
2194,"Isaiah, Tarre","isaiah, tarre",Isaiah,Tarre,,,,,,,,,,no,single-source,wayback_bsnpr_players,https://web.archive.org/web/20070417033701id_/http://www.bsnpr.com:80/estadisticas/enciclopedia.asp,2026-09-08T14:22:06Z
2195,"Decker, Tate","decker, tate",Decker,Tate,,10/21/1977,1977,,,,,,,no,single-source,wayback_bsnpr_players,https://web.archive.org/web/20200601011615id_/https://www.bsnpr.com/estadisticas/enciclopedia.asp,2026-09-08T14:25:42Z
2196,"Reyes, Tato","reyes, tato",Reyes,Tato,,,,,,,,,,no,single-source,wayback_bsnpr_players,https://web.archive.org/web/20070417033701id_/http://www.bsnpr.com:80/estadisticas/enciclopedia.asp,2026-09-08T14:22:06Z
2197,"Boroh, Teen","boroh, teen",Boroh,Teen,,,,,,,,,,no,single-source,wayback_bsnpr_players,https://web.archive.org/web/20070417033701id_/http://www.bsnpr.com:80/estadisticas/enciclopedia.asp,2026-09-08T14:22:06Z
2198,"Linares, Teique","linares, teique",Linares,Teique,,,,,,,,,,no,single-source,wayback_bsnpr_players,https://web.archive.org/web/20070417033701id_/http://www.bsnpr.com:80/estadisticas/enciclopedia.asp,2026-09-08T14:22:06Z
2199,"Tapia, Teodoro","tapia, teodoro",Tapia,Teodoro,,,,,,,,,,no,single-source,wayback_bsnpr_players,https://web.archive.org/web/20070417033701id_/http://www.bsnpr.com:80/estadisticas/enciclopedia.asp,2026-09-08T14:22:06Z
2200,"Cruz Downs, Teofilo","cruz downs, teofilo",Cruz Downs,Teofilo,teo,1/8/1948,1948,,,,,,,no,single-source,wayback_bsnpr_players,https://web.archive.org/web/20200601011615id_/https://www.bsnpr.com/estadisticas/enciclopedia.asp,2026-09-08T14:25:42Z
2201,"Latson Poling, Therome Ray","latson poling, therome ray",Latson Poling,Therome Ray,,3/19/1974,1974,,,,,,,no,single-source,wayback_bsnpr_players,https://web.archive.org/web/20200601011615id_/https://www.bsnpr.com/estadisticas/enciclopedia.asp,2026-09-08T14:25:42Z
2202,"Jordan, Thomas","jordan, thomas",Jordan,Thomas,,5/23/1968,1968,,,,,,,no,single-source,wayback_bsnpr_players,https://web.archive.org/web/20200601011615id_/https://www.bsnpr.com/estadisticas/enciclopedia.asp,2026-09-08T14:25:42Z
2203,"Tyson, Thomas","tyson, thomas",Tyson,Thomas,,,,,,,,,,no,single-source,wayback_bsnpr_players,https://web.archive.org/web/20070417033701id_/http://www.bsnpr.com:80/estadisticas/enciclopedia.asp,2026-09-08T14:22:06Z
2204,"Burrough Austin, Thomas","burrough austin, thomas",Burrough Austin,Thomas,junior,1/18/1974,1974,,,,,,,no,single-source,wayback_bsnpr_players,https://web.archive.org/web/20200601011615id_/https://www.bsnpr.com/estadisticas/enciclopedia.asp,2026-09-08T14:25:42Z
2205,"Osucha, Thomas d.","osucha, thomas d",Osucha,Thomas d.,,,,,,,,,,no,single-source,wayback_bsnpr_players,https://web.archive.org/web/20070417033701id_/http://www.bsnpr.com:80/estadisticas/enciclopedia.asp,2026-09-08T14:22:06Z
2206,"Henriquez, Timothy","henriquez, timothy",Henriquez,Timothy,,,,,,,,,,no,single-source,wayback_bsnpr_players,https://web.archive.org/web/20070417033701id_/http://www.bsnpr.com:80/estadisticas/enciclopedia.asp,2026-09-08T14:22:06Z
2207,"Cains, Tino","cains, tino",Cains,Tino,,,,,,,,,,no,single-source,wayback_bsnpr_players,https://web.archive.org/web/20070417033701id_/http://www.bsnpr.com:80/estadisticas/enciclopedia.asp,2026-09-08T14:22:06Z
2208,"Kersaint, Tino","kersaint, tino",Kersaint,Tino,,,,,,,,,,no,single-source,wayback_bsnpr_players,https://web.archive.org/web/20070417033701id_/http://www.bsnpr.com:80/estadisticas/enciclopedia.asp,2026-09-08T14:22:06Z
2209,"Rosario, Tito","rosario, tito",Rosario,Tito,,,,,,,,,,no,single-source,wayback_bsnpr_players,https://web.archive.org/web/20070417033701id_/http://www.bsnpr.com:80/estadisticas/enciclopedia.asp,2026-09-08T14:22:06Z
2210,"Santori, Tito","santori, tito",Santori,Tito,,,,,,,,,,no,single-source,wayback_bsnpr_players,https://web.archive.org/web/20070417033701id_/http://www.bsnpr.com:80/estadisticas/enciclopedia.asp,2026-09-08T14:22:06Z
2211,"Daviu, Tomas","daviu, tomas",Daviu,Tomas,,,,,,,,,,no,single-source,wayback_bsnpr_players,https://web.archive.org/web/20070417033701id_/http://www.bsnpr.com:80/estadisticas/enciclopedia.asp,2026-09-08T14:22:06Z
2212,"Dominguez Rohena, Tomas","dominguez rohena, tomas",Dominguez Rohena,Tomas,,8/16/1966,1966,,,,,,,no,single-source,wayback_bsnpr_players,https://web.archive.org/web/20200601011615id_/https://www.bsnpr.com/estadisticas/enciclopedia.asp,2026-09-08T14:25:42Z
2213,"Hunt Cintron, Tomas","hunt cintron, tomas",Hunt Cintron,Tomas,,,,,,,,,,no,single-source,wayback_bsnpr_players,https://web.archive.org/web/20070417033701id_/http://www.bsnpr.com:80/estadisticas/enciclopedia.asp,2026-09-08T14:22:06Z
2214,"Romero Correa, Tomas","romero correa, tomas",Romero Correa,Tomas,,,,,,,,,,no,single-source,wayback_bsnpr_players,https://web.archive.org/web/20070417033701id_/http://www.bsnpr.com:80/estadisticas/enciclopedia.asp,2026-09-08T14:22:06Z
2215,"Serrano, Tomas","serrano, tomas",Serrano,Tomas,,,,,,,,,,no,single-source,wayback_bsnpr_players,https://web.archive.org/web/20070417033701id_/http://www.bsnpr.com:80/estadisticas/enciclopedia.asp,2026-09-08T14:22:06Z
2216,"Gutierrez, Tomas","gutierrez, tomas",Gutierrez,Tomas,guabina,12/29/1940,1940,,,,,,,no,single-source,wayback_bsnpr_players,https://web.archive.org/web/20200601011615id_/https://www.bsnpr.com/estadisticas/enciclopedia.asp,2026-09-08T14:25:42Z
2217,"Harris, Tony","harris, tony",Harris,Tony,,,,,,,,,,no,single-source,wayback_bsnpr_players,https://web.archive.org/web/20070417033701id_/http://www.bsnpr.com:80/estadisticas/enciclopedia.asp,2026-09-08T14:22:06Z
2218,"Massop, Tony","massop, tony",Massop,Tony,,,,,,,,,,no,single-source,wayback_bsnpr_players,https://web.archive.org/web/20070417033701id_/http://www.bsnpr.com:80/estadisticas/enciclopedia.asp,2026-09-08T14:22:06Z
2219,"Tolvent, Tony","tolvent, tony",Tolvent,Tony,,,,,,,,,,no,single-source,wayback_bsnpr_players,https://web.archive.org/web/20070417033701id_/http://www.bsnpr.com:80/estadisticas/enciclopedia.asp,2026-09-08T14:22:06Z
2220,"Williams, Travis","williams, travis",Williams,Travis,,,,,,,,,,no,single-source,wayback_bsnpr_players,https://web.archive.org/web/20070417033701id_/http://www.bsnpr.com:80/estadisticas/enciclopedia.asp,2026-09-08T14:22:06Z
2221,"Lee, Treg","lee, treg",Lee,Treg,,,,,,,,,,no,single-source,wayback_bsnpr_players,https://web.archive.org/web/20070417033701id_/http://www.bsnpr.com:80/estadisticas/enciclopedia.asp,2026-09-08T14:22:06Z
2222,"Wilson, Triviet","wilson, triviet",Wilson,Triviet,,,,,,,,,,no,single-source,wayback_bsnpr_players,https://web.archive.org/web/20070417033701id_/http://www.bsnpr.com:80/estadisticas/enciclopedia.asp,2026-09-08T14:22:06Z
2223,"Rodriguez, Tuco","rodriguez, tuco",Rodriguez,Tuco,,,,,,,,,,no,single-source,wayback_bsnpr_players,https://web.archive.org/web/20070417033701id_/http://www.bsnpr.com:80/estadisticas/enciclopedia.asp,2026-09-08T14:22:06Z
2224,"Suarez Thillet, Tulio g.","suarez thillet, tulio g",Suarez Thillet,Tulio g.,,2/6/1966,1966,,,,,,,no,single-source,wayback_bsnpr_players,https://web.archive.org/web/20200601011615id_/https://www.bsnpr.com/estadisticas/enciclopedia.asp,2026-09-08T14:25:42Z
2225,"Brown Rivera, Tyler","brown rivera, tyler",Brown Rivera,Tyler,,12/28/1975,1975,,,,,,,no,single-source,wayback_bsnpr_players,https://web.archive.org/web/20200601011615id_/https://www.bsnpr.com/estadisticas/enciclopedia.asp,2026-09-08T14:25:42Z
2226,"Braggs, Torraye","braggs, torraye",Braggs,Torraye,,5/15/1976,1976,,,,,,,no,single-source,wayback_bsnpr_players,https://web.archive.org/web/20200601011615id_/https://www.bsnpr.com/estadisticas/enciclopedia.asp,2026-09-08T14:25:42Z
2227,"Washington, Tyrrone","washington, tyrrone",Washington,Tyrrone,,9/16/1976,1976,,,,,,,no,single-source,wayback_bsnpr_players,https://web.archive.org/web/20200601011615id_/https://www.bsnpr.com/estadisticas/enciclopedia.asp,2026-09-08T14:25:42Z
2228,"Gonzalez, Tywan","gonzalez, tywan",Gonzalez,Tywan,,9/26/1977,1977,,,,,,,no,single-source,wayback_bsnpr_players,https://web.archive.org/web/20200601011615id_/https://www.bsnpr.com/estadisticas/enciclopedia.asp,2026-09-08T14:25:42Z
2229,"Loubriel, Ulises","loubriel, ulises",Loubriel,Ulises,,,,,,,,,,no,single-source,wayback_bsnpr_players,https://web.archive.org/web/20070417033701id_/http://www.bsnpr.com:80/estadisticas/enciclopedia.asp,2026-09-08T14:22:06Z
2230,"Velez Vazquez, Ulises","velez vazquez, ulises",Velez Vazquez,Ulises,,8/5/1967,1967,,,,,,,no,single-source,wayback_bsnpr_players,https://web.archive.org/web/20200601011615id_/https://www.bsnpr.com/estadisticas/enciclopedia.asp,2026-09-08T14:25:42Z
2231,"Garcia Collazo, Ulysses","garcia collazo, ulysses",Garcia Collazo,Ulysses,,4/17/1962,1962,,,,,,,no,single-source,wayback_bsnpr_players,https://web.archive.org/web/20200601011615id_/https://www.bsnpr.com/estadisticas/enciclopedia.asp,2026-09-08T14:25:42Z
2232,"Acosta, Vicente","acosta, vicente",Acosta,Vicente,,,,,,,,,,no,single-source,wayback_bsnpr_players,https://web.archive.org/web/20070417033701id_/http://www.bsnpr.com:80/estadisticas/enciclopedia.asp,2026-09-08T14:22:06Z
2233,"Facey Mendez, Vicente","facey mendez, vicente",Facey Mendez,Vicente,,,,,,,,,,no,single-source,wayback_bsnpr_players,https://web.archive.org/web/20070417033701id_/http://www.bsnpr.com:80/estadisticas/enciclopedia.asp,2026-09-08T14:22:06Z
2234,"Ithier Morales, Vicente","ithier morales, vicente",Ithier Morales,Vicente,,4/22/1962,1962,,,,,,,no,single-source,wayback_bsnpr_players,https://web.archive.org/web/20200601011615id_/https://www.bsnpr.com/estadisticas/enciclopedia.asp,2026-09-08T14:25:42Z
2235,"Santori, Vicente","santori, vicente",Santori,Vicente,,,,,,,,,,no,single-source,wayback_bsnpr_players,https://web.archive.org/web/20070417033701id_/http://www.bsnpr.com:80/estadisticas/enciclopedia.asp,2026-09-08T14:22:06Z
2236,"Zabala Rodriguez, Vicente","zabala rodriguez, vicente",Zabala Rodriguez,Vicente,,10/22/1959,1959,,,,,,,no,single-source,wayback_bsnpr_players,https://web.archive.org/web/20200601011615id_/https://www.bsnpr.com/estadisticas/enciclopedia.asp,2026-09-08T14:25:42Z
2237,"Alexander, Victor","alexander, victor",Alexander,Victor,,,,,,,,,,no,single-source,wayback_bsnpr_players,https://web.archive.org/web/20070417033701id_/http://www.bsnpr.com:80/estadisticas/enciclopedia.asp,2026-09-08T14:22:06Z
2238,"Campbell, Victor","campbell, victor",Campbell,Victor,,,,,,,,,,no,single-source,wayback_bsnpr_players,https://web.archive.org/web/20070417033701id_/http://www.bsnpr.com:80/estadisticas/enciclopedia.asp,2026-09-08T14:22:06Z
2239,"Chacon, Victor","chacon, victor",Chacon,Victor,,,,,,,,,,no,single-source,wayback_bsnpr_players,https://web.archive.org/web/20070417033701id_/http://www.bsnpr.com:80/estadisticas/enciclopedia.asp,2026-09-08T14:22:06Z
2240,"Cintron, Victor","cintron, victor",Cintron,Victor,,,,,,,,,,no,single-source,wayback_bsnpr_players,https://web.archive.org/web/20070417033701id_/http://www.bsnpr.com:80/estadisticas/enciclopedia.asp,2026-09-08T14:22:06Z
2241,"Cruz, Victor","cruz, victor",Cruz,Victor,,,,,,,,,,no,single-source,wayback_bsnpr_players,https://web.archive.org/web/20070417033701id_/http://www.bsnpr.com:80/estadisticas/enciclopedia.asp,2026-09-08T14:22:06Z
2242,"Felix, Victor","felix, victor",Felix,Victor,,,,,,,,,,no,single-source,wayback_bsnpr_players,https://web.archive.org/web/20070417033701id_/http://www.bsnpr.com:80/estadisticas/enciclopedia.asp,2026-09-08T14:22:06Z
2243,"Gonzalez, Victor","gonzalez, victor",Gonzalez,Victor,,,,,,,,,,no,single-source,wayback_bsnpr_players,https://web.archive.org/web/20070417033701id_/http://www.bsnpr.com:80/estadisticas/enciclopedia.asp,2026-09-08T14:22:06Z
2244,"Harrison Jackson, Victor","harrison jackson, victor",Harrison Jackson,Victor,,4/4/1959,1959,,,,,,,no,single-source,wayback_bsnpr_players,https://web.archive.org/web/20200601011615id_/https://www.bsnpr.com/estadisticas/enciclopedia.asp,2026-09-08T14:25:42Z
2245,"Henry, Victor","henry, victor",Henry,Victor,,,,,,,,,,no,single-source,wayback_bsnpr_players,https://web.archive.org/web/20070417033701id_/http://www.bsnpr.com:80/estadisticas/enciclopedia.asp,2026-09-08T14:22:06Z
2246,"Lugo Santiago, Victor","lugo santiago, victor",Lugo Santiago,Victor,,,,,,,,,,no,single-source,wayback_bsnpr_players,https://web.archive.org/web/20070417033701id_/http://www.bsnpr.com:80/estadisticas/enciclopedia.asp,2026-09-08T14:22:06Z
2247,"Maldonado, Victor","maldonado, victor",Maldonado,Victor,,,,,,,,,,no,single-source,wayback_bsnpr_players,https://web.archive.org/web/20070417033701id_/http://www.bsnpr.com:80/estadisticas/enciclopedia.asp,2026-09-08T14:22:06Z
2248,"Marcano, Victor","marcano, victor",Marcano,Victor,,,,,,,,,,no,single-source,wayback_bsnpr_players,https://web.archive.org/web/20070417033701id_/http://www.bsnpr.com:80/estadisticas/enciclopedia.asp,2026-09-08T14:22:06Z
2249,"Portuguez, Victor","portuguez, victor",Portuguez,Victor,,,,,,,,,,no,single-source,wayback_bsnpr_players,https://web.archive.org/web/20070417033701id_/http://www.bsnpr.com:80/estadisticas/enciclopedia.asp,2026-09-08T14:22:06Z
2250,"Rodriguez, Victor","rodriguez, victor",Rodriguez,Victor,,,,,,,,,,no,single-source,wayback_bsnpr_players,https://web.archive.org/web/20070417033701id_/http://www.bsnpr.com:80/estadisticas/enciclopedia.asp,2026-09-08T14:22:06Z
2251,"Rodriguez Colon, Victor","rodriguez colon, victor",Rodriguez Colon,Victor,,4/9/1958,1958,,,,,,,no,single-source,wayback_bsnpr_players,https://web.archive.org/web/20200601011615id_/https://www.bsnpr.com/estadisticas/enciclopedia.asp,2026-09-08T14:25:42Z
2252,"Santos Colon, Victor","santos colon, victor",Santos Colon,Victor,,11/27/1961,1961,,,,,,,no,single-source,wayback_bsnpr_players,https://web.archive.org/web/20200601011615id_/https://www.bsnpr.com/estadisticas/enciclopedia.asp,2026-09-08T14:25:42Z
2253,"Secuola Smith, Victor","secuola smith, victor",Secuola Smith,Victor,,3/16/1956,1956,,,,,,,no,single-source,wayback_bsnpr_players,https://web.archive.org/web/20200601011615id_/https://www.bsnpr.com/estadisticas/enciclopedia.asp,2026-09-08T14:25:42Z
2254,"Segarra, Victor","segarra, victor",Segarra,Victor,,2/5/1957,1957,,,,,,,no,single-source,wayback_bsnpr_players,https://web.archive.org/web/20200601011615id_/https://www.bsnpr.com/estadisticas/enciclopedia.asp,2026-09-08T14:25:42Z
2255,"Valiente, Victor","valiente, victor",Valiente,Victor,,,,,,,,,,no,single-source,wayback_bsnpr_players,https://web.archive.org/web/20070417033701id_/http://www.bsnpr.com:80/estadisticas/enciclopedia.asp,2026-09-08T14:22:06Z
2256,"Vega, Victor","vega, victor",Vega,Victor,,,,,,,,,,no,single-source,wayback_bsnpr_players,https://web.archive.org/web/20070417033701id_/http://www.bsnpr.com:80/estadisticas/enciclopedia.asp,2026-09-08T14:22:06Z
2257,"Rivera Maldonado, Victor","rivera maldonado, victor",Rivera Maldonado,Victor,bomba,4/5/1958,1958,,,,,,,no,single-source,wayback_bsnpr_players,https://web.archive.org/web/20200601011615id_/https://www.bsnpr.com/estadisticas/enciclopedia.asp,2026-09-08T14:25:42Z
2258,"Cuevas, Victor","cuevas, victor",Cuevas,Victor,vitito,1/6/1945,1945,,,,,,,no,single-source,wayback_bsnpr_players,https://web.archive.org/web/20200601011615id_/https://www.bsnpr.com/estadisticas/enciclopedia.asp,2026-09-08T14:25:42Z
2259,"Diaz, Victor David","diaz, victor david",Diaz,Victor David,,2/4/1968,1968,,,,,,,no,single-source,wayback_bsnpr_players,https://web.archive.org/web/20200601011615id_/https://www.bsnpr.com/estadisticas/enciclopedia.asp,2026-09-08T14:25:42Z
2260,"Rivera Garcia, Victor hugo","rivera garcia, victor hugo",Rivera Garcia,Victor hugo,,4/12/1961,1961,,,,,,,no,single-source,wayback_bsnpr_players,https://web.archive.org/web/20200601011615id_/https://www.bsnpr.com/estadisticas/enciclopedia.asp,2026-09-08T14:25:42Z
2261,"Ortiz Espada, Victor irving","ortiz espada, victor irving",Ortiz Espada,Victor irving,,9/4/1984,1984,,,,,,,no,single-source,wayback_bsnpr_players,https://web.archive.org/web/20200601011615id_/https://www.bsnpr.com/estadisticas/enciclopedia.asp,2026-09-08T14:25:42Z
2262,"Colon Roman, Victor l","colon roman, victor l",Colon Roman,Victor l,,,,,,,,,,no,single-source,wayback_bsnpr_players,https://web.archive.org/web/20070417033701id_/http://www.bsnpr.com:80/estadisticas/enciclopedia.asp,2026-09-08T14:22:06Z
2263,"Cruz Cortes, Victor m.","cruz cortes, victor m",Cruz Cortes,Victor m.,,,,,,,,,,no,single-source,wayback_bsnpr_players,https://web.archive.org/web/20070417033701id_/http://www.bsnpr.com:80/estadisticas/enciclopedia.asp,2026-09-08T14:22:06Z
2264,"Diaz Tolinichi, Victor m.","diaz tolinichi, victor m",Diaz Tolinichi,Victor m.,,10/3/1966,1966,,,,,,,no,single-source,wayback_bsnpr_players,https://web.archive.org/web/20200601011615id_/https://www.bsnpr.com/estadisticas/enciclopedia.asp,2026-09-08T14:25:42Z
2265,"Ilarraza Roberto, Victor m.","ilarraza roberto, victor m",Ilarraza Roberto,Victor m.,,7/4/1969,1969,,,,,,,no,single-source,wayback_bsnpr_players,https://web.archive.org/web/20200601011615id_/https://www.bsnpr.com/estadisticas/enciclopedia.asp,2026-09-08T14:25:42Z
2266,"Rivera Morales, Victor m.","rivera morales, victor m",Rivera Morales,Victor m.,,,,,,,,,,no,single-source,wayback_bsnpr_players,https://web.archive.org/web/20070417033701id_/http://www.bsnpr.com:80/estadisticas/enciclopedia.asp,2026-09-08T14:22:06Z
2267,"Vazquez, Victor r.","vazquez, victor r",Vazquez,Victor r.,,,,,,,,,,no,single-source,wayback_bsnpr_players,https://web.archive.org/web/20070417033701id_/http://www.bsnpr.com:80/estadisticas/enciclopedia.asp,2026-09-08T14:22:06Z
2268,"Carusso, Vince","carusso, vince",Carusso,Vince,,,,,,,,,,no,single-source,wayback_bsnpr_players,https://web.archive.org/web/20070417033701id_/http://www.bsnpr.com:80/estadisticas/enciclopedia.asp,2026-09-08T14:22:06Z
2269,"Stuart, Virgil","stuart, virgil",Stuart,Virgil,,,,,,,,,,no,single-source,wayback_bsnpr_players,https://web.archive.org/web/20070417033701id_/http://www.bsnpr.com:80/estadisticas/enciclopedia.asp,2026-09-08T14:22:06Z
2270,"Palmer, Waldemar","palmer, waldemar",Palmer,Waldemar,,,,,,,,,,no,single-source,wayback_bsnpr_players,https://web.archive.org/web/20070417033701id_/http://www.bsnpr.com:80/estadisticas/enciclopedia.asp,2026-09-08T14:22:06Z
2271,"Rivera Lugo, Waldemar","rivera lugo, waldemar",Rivera Lugo,Waldemar,,3/29/1971,1971,,,,,,,no,single-source,wayback_bsnpr_players,https://web.archive.org/web/20200601011615id_/https://www.bsnpr.com/estadisticas/enciclopedia.asp,2026-09-08T14:25:42Z
2272,"Oliver, Waldo","oliver, waldo",Oliver,Waldo,,,,,,,,,,no,single-source,wayback_bsnpr_players,https://web.archive.org/web/20070417033701id_/http://www.bsnpr.com:80/estadisticas/enciclopedia.asp,2026-09-08T14:22:06Z
2273,"Hodges Edwards, Walter","hodges edwards, walter",Hodges Edwards,Walter,,8/17/1967,1967,,,,,,,no,single-source,wayback_bsnpr_players,https://web.archive.org/web/20200601011615id_/https://www.bsnpr.com/estadisticas/enciclopedia.asp,2026-09-08T14:25:42Z
2274,"Leon Cruz, Walter","leon cruz, walter",Leon Cruz,Walter,,9/21/1972,1972,,,,,,,no,single-source,wayback_bsnpr_players,https://web.archive.org/web/20200601011615id_/https://www.bsnpr.com/estadisticas/enciclopedia.asp,2026-09-08T14:25:42Z
2275,"Ruiz, Walter","ruiz, walter",Ruiz,Walter,,,,,,,,,,no,single-source,wayback_bsnpr_players,https://web.archive.org/web/20070417033701id_/http://www.bsnpr.com:80/estadisticas/enciclopedia.asp,2026-09-08T14:22:06Z
2276,"Velez, Walter","velez, walter",Velez,Walter,,,,,,,,,,no,single-source,wayback_bsnpr_players,https://web.archive.org/web/20070417033701id_/http://www.bsnpr.com:80/estadisticas/enciclopedia.asp,2026-09-08T14:22:06Z
2277,"Wilson Murray, Wesley","wilson murray, wesley",Wilson Murray,Wesley,,1/25/1980,1980,,,,,,,no,single-source,wayback_bsnpr_players,https://web.archive.org/web/20200601011615id_/https://www.bsnpr.com/estadisticas/enciclopedia.asp,2026-09-08T14:25:42Z
2278,"Correa Crump, Wesley","correa crump, wesley",Correa Crump,Wesley,wes,4/16/1962,1962,,,,,,,no,single-source,wayback_bsnpr_players,https://web.archive.org/web/20200601011615id_/https://www.bsnpr.com/estadisticas/enciclopedia.asp,2026-09-08T14:25:42Z
2279,"Acevedo Arroyo, Wilfredo","acevedo arroyo, wilfredo",Acevedo Arroyo,Wilfredo,,10/24/1976,1976,,,,,,,no,single-source,wayback_bsnpr_players,https://web.archive.org/web/20200601011615id_/https://www.bsnpr.com/estadisticas/enciclopedia.asp,2026-09-08T14:25:42Z
2280,"Burgos Figueroa, Wilfredo","burgos figueroa, wilfredo",Burgos Figueroa,Wilfredo,,4/5/1948,1948,,,,,,,no,single-source,wayback_bsnpr_players,https://web.archive.org/web/20200601011615id_/https://www.bsnpr.com/estadisticas/enciclopedia.asp,2026-09-08T14:25:42Z
2281,"Cadiz, Wilfredo","cadiz, wilfredo",Cadiz,Wilfredo,,,,,,,,,,no,single-source,wayback_bsnpr_players,https://web.archive.org/web/20070417033701id_/http://www.bsnpr.com:80/estadisticas/enciclopedia.asp,2026-09-08T14:22:06Z
2282,"Deliz, Wilfredo","deliz, wilfredo",Deliz,Wilfredo,,,,,,,,,,no,single-source,wayback_bsnpr_players,https://web.archive.org/web/20070417033701id_/http://www.bsnpr.com:80/estadisticas/enciclopedia.asp,2026-09-08T14:22:06Z
2283,"Gines Pagan, Wilfredo","gines pagan, wilfredo",Gines Pagan,Wilfredo,,7/2/1965,1965,,,,,,,no,single-source,wayback_bsnpr_players,https://web.archive.org/web/20200601011615id_/https://www.bsnpr.com/estadisticas/enciclopedia.asp,2026-09-08T14:25:42Z
2284,"Guzman, Wilfredo","guzman, wilfredo",Guzman,Wilfredo,,,,,,,,,,no,single-source,wayback_bsnpr_players,https://web.archive.org/web/20070417033701id_/http://www.bsnpr.com:80/estadisticas/enciclopedia.asp,2026-09-08T14:22:06Z
2285,"Justiniano, Wilfredo","justiniano, wilfredo",Justiniano,Wilfredo,,,,,,,,,,no,single-source,wayback_bsnpr_players,https://web.archive.org/web/20070417033701id_/http://www.bsnpr.com:80/estadisticas/enciclopedia.asp,2026-09-08T14:22:06Z
2286,"Madera Colon, Wilfredo","madera colon, wilfredo",Madera Colon,Wilfredo,,12/4/1969,1969,,,,,,,no,single-source,wayback_bsnpr_players,https://web.archive.org/web/20200601011615id_/https://www.bsnpr.com/estadisticas/enciclopedia.asp,2026-09-08T14:25:42Z
2287,"Melendez Velez, Wilfredo","melendez velez, wilfredo",Melendez Velez,Wilfredo,,9/26/1956,1956,,,,,,,no,single-source,wayback_bsnpr_players,https://web.archive.org/web/20200601011615id_/https://www.bsnpr.com/estadisticas/enciclopedia.asp,2026-09-08T14:25:42Z
2288,"Moreno, Wilfredo","moreno, wilfredo",Moreno,Wilfredo,,,,,,,,,,no,single-source,wayback_bsnpr_players,https://web.archive.org/web/20070417033701id_/http://www.bsnpr.com:80/estadisticas/enciclopedia.asp,2026-09-08T14:22:06Z
2289,"Padin, Wilfredo","padin, wilfredo",Padin,Wilfredo,,,,,,,,,,no,single-source,wayback_bsnpr_players,https://web.archive.org/web/20070417033701id_/http://www.bsnpr.com:80/estadisticas/enciclopedia.asp,2026-09-08T14:22:06Z
2290,"Pagan Roque, Wilfredo","pagan roque, wilfredo",Pagan Roque,Wilfredo,,2/22/1976,1976,,,,,,,no,single-source,wayback_bsnpr_players,https://web.archive.org/web/20200601011615id_/https://www.bsnpr.com/estadisticas/enciclopedia.asp,2026-09-08T14:25:42Z
2291,"Perez, Wilfredo","perez, wilfredo",Perez,Wilfredo,,,,,,,,,,no,single-source,wayback_bsnpr_players,https://web.archive.org/web/20070417033701id_/http://www.bsnpr.com:80/estadisticas/enciclopedia.asp,2026-09-08T14:22:06Z
2292,"Rabel, Wilfredo","rabel, wilfredo",Rabel,Wilfredo,,,,,,,,,,no,single-source,wayback_bsnpr_players,https://web.archive.org/web/20070417033701id_/http://www.bsnpr.com:80/estadisticas/enciclopedia.asp,2026-09-08T14:22:06Z
2293,"Rosado, Wilfredo","rosado, wilfredo",Rosado,Wilfredo,,,,,,,,,,no,single-source,wayback_bsnpr_players,https://web.archive.org/web/20070417033701id_/http://www.bsnpr.com:80/estadisticas/enciclopedia.asp,2026-09-08T14:22:06Z
2294,"Sandin, Wilfredo","sandin, wilfredo",Sandin,Wilfredo,,,,,,,,,,no,single-source,wayback_bsnpr_players,https://web.archive.org/web/20070417033701id_/http://www.bsnpr.com:80/estadisticas/enciclopedia.asp,2026-09-08T14:22:06Z
2295,"Toro Vazquez, Wilfredo","toro vazquez, wilfredo",Toro Vazquez,Wilfredo,,5/18/1962,1962,,,,,,,no,single-source,wayback_bsnpr_players,https://web.archive.org/web/20200601011615id_/https://www.bsnpr.com/estadisticas/enciclopedia.asp,2026-09-08T14:25:42Z
2296,"Torres Nuñez, Wilfredo","torres nunez, wilfredo",Torres Nuñez,Wilfredo,,12/23/1969,1969,,,,,,,no,single-source,wayback_bsnpr_players,https://web.archive.org/web/20200601011615id_/https://www.bsnpr.com/estadisticas/enciclopedia.asp,2026-09-08T14:25:42Z
2297,"Lugo, Wilfredo","lugo, wilfredo",Lugo,Wilfredo,freddie,5/11/1952,1952,,,,,,,no,single-source,wayback_bsnpr_players,https://web.archive.org/web/20200601011615id_/https://www.bsnpr.com/estadisticas/enciclopedia.asp,2026-09-08T14:25:42Z
2298,"Gonzalez Collazo, Wilfredo","gonzalez collazo, wilfredo",Gonzalez Collazo,Wilfredo,freddy,,,,,,,,,no,single-source,wayback_bsnpr_players,https://web.archive.org/web/20070417033701id_/http://www.bsnpr.com:80/estadisticas/enciclopedia.asp,2026-09-08T14:22:06Z
2299,"Brau, Wilhelm h.","brau, wilhelm h",Brau,Wilhelm h.,,9/24/1961,1961,,,,,,,no,single-source,wayback_bsnpr_players,https://web.archive.org/web/20200601011615id_/https://www.bsnpr.com/estadisticas/enciclopedia.asp,2026-09-08T14:25:42Z
2300,"Caanen Cruz, Wilhelmus","caanen cruz, wilhelmus",Caanen Cruz,Wilhelmus,,3/28/1970,1970,,,,,,,no,single-source,wayback_bsnpr_players,https://web.archive.org/web/20200601011615id_/https://www.bsnpr.com/estadisticas/enciclopedia.asp,2026-09-08T14:25:42Z
2301,"Brindle, William","brindle, william",Brindle,William,,,,,,,,,,no,single-source,wayback_bsnpr_players,https://web.archive.org/web/20070417033701id_/http://www.bsnpr.com:80/estadisticas/enciclopedia.asp,2026-09-08T14:22:06Z
2302,"Bryant, William","bryant, william",Bryant,William,,,,,,,,,,no,single-source,wayback_bsnpr_players,https://web.archive.org/web/20070417033701id_/http://www.bsnpr.com:80/estadisticas/enciclopedia.asp,2026-09-08T14:22:06Z
2303,"Castro Benitez, William","castro benitez, william",Castro Benitez,William,,,,,,,,,,no,single-source,wayback_bsnpr_players,https://web.archive.org/web/20070417033701id_/http://www.bsnpr.com:80/estadisticas/enciclopedia.asp,2026-09-08T14:22:06Z
2304,"Davis, William","davis, william",Davis,William,,,,,,,,,,no,single-source,wayback_bsnpr_players,https://web.archive.org/web/20070417033701id_/http://www.bsnpr.com:80/estadisticas/enciclopedia.asp,2026-09-08T14:22:06Z
2305,"Desiderio, William","desiderio, william",Desiderio,William,,,,,,,,,,no,single-source,wayback_bsnpr_players,https://web.archive.org/web/20070417033701id_/http://www.bsnpr.com:80/estadisticas/enciclopedia.asp,2026-09-08T14:22:06Z
2306,"Flores Ramirez, William","flores ramirez, william",Flores Ramirez,William,,1/7/1957,1957,,,,,,,no,single-source,wayback_bsnpr_players,https://web.archive.org/web/20200601011615id_/https://www.bsnpr.com/estadisticas/enciclopedia.asp,2026-09-08T14:25:42Z
2307,"Gonzalez, William","gonzalez, william",Gonzalez,William,,,,,,,,,,no,single-source,wayback_bsnpr_players,https://web.archive.org/web/20070417033701id_/http://www.bsnpr.com:80/estadisticas/enciclopedia.asp,2026-09-08T14:22:06Z
2308,"Micheo Martinez, William","micheo martinez, william",Micheo Martinez,William,,6/4/1956,1956,,,,,,,no,single-source,wayback_bsnpr_players,https://web.archive.org/web/20200601011615id_/https://www.bsnpr.com/estadisticas/enciclopedia.asp,2026-09-08T14:25:42Z
2309,"Orozco Santiago, William","orozco santiago, william",Orozco Santiago,William,,4/10/1985,1985,,,,,,,no,single-source,wayback_bsnpr_players,https://web.archive.org/web/20200601011615id_/https://www.bsnpr.com/estadisticas/enciclopedia.asp,2026-09-08T14:25:42Z
2310,"Reveron De Jesus, William","reveron de jesus, william",Reveron De Jesus,William,Memo,7/10/1964,1964,,,,,,,no,single-source,wayback_bsnpr_players,https://web.archive.org/web/20200601011615id_/https://www.bsnpr.com/estadisticas/enciclopedia.asp,2026-09-08T14:25:42Z
2311,"Rodriguez, William","rodriguez, william",Rodriguez,William,,,,,,,,,,no,single-source,wayback_bsnpr_players,https://web.archive.org/web/20070417033701id_/http://www.bsnpr.com:80/estadisticas/enciclopedia.asp,2026-09-08T14:22:06Z
2312,"Sanders, William","sanders, william",Sanders,William,,,,,,,,,,no,single-source,wayback_bsnpr_players,https://web.archive.org/web/20070417033701id_/http://www.bsnpr.com:80/estadisticas/enciclopedia.asp,2026-09-08T14:22:06Z
2313,"Santiago Cabrera, William","santiago cabrera, william",Santiago Cabrera,William,,8/27/1964,1964,,,,,,,no,single-source,wayback_bsnpr_players,https://web.archive.org/web/20200601011615id_/https://www.bsnpr.com/estadisticas/enciclopedia.asp,2026-09-08T14:25:42Z
2314,"Simms, William","simms, william",Simms,William,,,,,,,,,,no,single-source,wayback_bsnpr_players,https://web.archive.org/web/20070417033701id_/http://www.bsnpr.com:80/estadisticas/enciclopedia.asp,2026-09-08T14:22:06Z
2315,"McCadney, William","mccadney, william",McCadney,William,bill,2/5/1935,1935,,,,,,,no,single-source,wayback_bsnpr_players,https://web.archive.org/web/20200601011615id_/https://www.bsnpr.com/estadisticas/enciclopedia.asp,2026-09-08T14:25:42Z
2316,"Santos Alvarez, William","santos alvarez, william",Santos Alvarez,William,billy,9/26/1959,1959,,,,,,,no,single-source,wayback_bsnpr_players,https://web.archive.org/web/20200601011615id_/https://www.bsnpr.com/estadisticas/enciclopedia.asp,2026-09-08T14:25:42Z
2317,"Ubiñas Taylor, William","ubinas taylor, william",Ubiñas Taylor,William,billy,11/26/1955,1955,,,,,,,no,single-source,wayback_bsnpr_players,https://web.archive.org/web/20200601011615id_/https://www.bsnpr.com/estadisticas/enciclopedia.asp,2026-09-08T14:25:42Z
2318,"Rivera Pizarro, William g.","rivera pizarro, william g",Rivera Pizarro,William g.,,4/17/1973,1973,,,,,,,no,single-source,wayback_bsnpr_players,https://web.archive.org/web/20200601011615id_/https://www.bsnpr.com/estadisticas/enciclopedia.asp,2026-09-08T14:25:42Z
2319,"Lee Mccadney, William henry","lee mccadney, william henry",Lee Mccadney,William henry,,1/6/1960,1960,,,,,,,no,single-source,wayback_bsnpr_players,https://web.archive.org/web/20200601011615id_/https://www.bsnpr.com/estadisticas/enciclopedia.asp,2026-09-08T14:25:42Z
2320,"Colon Ramos, William jose","colon ramos, william jose",Colon Ramos,William jose,,11/27/1955,1955,,,,,,,no,single-source,wayback_bsnpr_players,https://web.archive.org/web/20200601011615id_/https://www.bsnpr.com/estadisticas/enciclopedia.asp,2026-09-08T14:25:42Z
2321,"Ledesma Drennon, William stephen","ledesma drennon, william stephen",Ledesma Drennon,William stephen,,6/4/1964,1964,,,,,,,no,single-source,wayback_bsnpr_players,https://web.archive.org/web/20200601011615id_/https://www.bsnpr.com/estadisticas/enciclopedia.asp,2026-09-08T14:25:42Z
2322,"Guevara, Willie","guevara, willie",Guevara,Willie,,,,,,,,,,no,single-source,wayback_bsnpr_players,https://web.archive.org/web/20070417033701id_/http://www.bsnpr.com:80/estadisticas/enciclopedia.asp,2026-09-08T14:22:06Z
2323,"Walls Masters, Willie earl","walls masters, willie earl",Walls Masters,Willie earl,rocky,,,,,,,,,no,single-source,wayback_bsnpr_players,https://web.archive.org/web/20070417033701id_/http://www.bsnpr.com:80/estadisticas/enciclopedia.asp,2026-09-08T14:22:06Z
2324,"Figueroa, Wilmore","figueroa, wilmore",Figueroa,Wilmore,,,,,,,,,,no,single-source,wayback_bsnpr_players,https://web.archive.org/web/20070417033701id_/http://www.bsnpr.com:80/estadisticas/enciclopedia.asp,2026-09-08T14:22:06Z
2325,"Oquendo Jimenez, Wilson","oquendo jimenez, wilson",Oquendo Jimenez,Wilson,,8/23/1950,1950,,,,,,,no,single-source,wayback_bsnpr_players,https://web.archive.org/web/20200601011615id_/https://www.bsnpr.com/estadisticas/enciclopedia.asp,2026-09-08T14:25:42Z
2326,"Thomas Vellon, Wilson","thomas vellon, wilson",Thomas Vellon,Wilson,,11/27/1962,1962,,,,,,,no,single-source,wayback_bsnpr_players,https://web.archive.org/web/20200601011615id_/https://www.bsnpr.com/estadisticas/enciclopedia.asp,2026-09-08T14:25:42Z
2327,"Oquendo Esquilin, Wilson jr.","oquendo esquilin, wilson jr",Oquendo Esquilin,Wilson jr.,,,,,,,,,,no,single-source,wayback_bsnpr_players,https://web.archive.org/web/20070417033701id_/http://www.bsnpr.com:80/estadisticas/enciclopedia.asp,2026-09-08T14:22:06Z
2328,"Santos, Xionel","santos, xionel",Santos,Xionel,,,,,,,,,,no,single-source,wayback_bsnpr_players,https://web.archive.org/web/20070417033701id_/http://www.bsnpr.com:80/estadisticas/enciclopedia.asp,2026-09-08T14:22:06Z
2329,"Santos Rodriguez, Xioner","santos rodriguez, xioner",Santos Rodriguez,Xioner,,,,,,,,,,no,single-source,wayback_bsnpr_players,https://web.archive.org/web/20070417033701id_/http://www.bsnpr.com:80/estadisticas/enciclopedia.asp,2026-09-08T14:22:06Z
2330,"Brunet, Yamil","brunet, yamil",Brunet,Yamil,,3/12/1950,1950,,,,,,,no,single-source,wayback_bsnpr_players,https://web.archive.org/web/20200601011615id_/https://www.bsnpr.com/estadisticas/enciclopedia.asp,2026-09-08T14:25:42Z
2331,"Garcia Perez, Yan","garcia perez, yan",Garcia Perez,Yan,,,,,,,,,,no,single-source,wayback_bsnpr_players,https://web.archive.org/web/20070417033701id_/http://www.bsnpr.com:80/estadisticas/enciclopedia.asp,2026-09-08T14:22:06Z
2332,"Num, Yiris","num, yiris",Num,Yiris,,,,,,,,,,no,single-source,wayback_bsnpr_players,https://web.archive.org/web/20070417033701id_/http://www.bsnpr.com:80/estadisticas/enciclopedia.asp,2026-09-08T14:22:06Z
2333,"Calderon Sierra, Yorell","calderon sierra, yorell",Calderon Sierra,Yorell,,,,,,,,,,no,single-source,wayback_bsnpr_players,https://web.archive.org/web/20070417033701id_/http://www.bsnpr.com:80/estadisticas/enciclopedia.asp,2026-09-08T14:22:06Z
2334,"Zdrak, Yuri","zdrak, yuri",Zdrak,Yuri,,,,,,,,,,no,single-source,wayback_bsnpr_players,https://web.archive.org/web/20070417033701id_/http://www.bsnpr.com:80/estadisticas/enciclopedia.asp,2026-09-08T14:22:06Z
2335,"nan, Juan","nan, juan",nan,Juan,,,,,,,,,,no,single-source,wayback_bsnpr_players,https://web.archive.org/web/20070417033701id_/http://www.bsnpr.com:80/estadisticas/enciclopedia.asp,2026-09-08T14:22:06Z
2336,"Colón Mojica, Benjamín","colon mojica, benjamin",Colón Mojica,Benjamín,,12/7/1984,1984,,,,,,,no,single-source,wayback_bsnpr_players,https://web.archive.org/web/20200601011615id_/https://www.bsnpr.com/estadisticas/enciclopedia.asp,2026-09-08T14:25:42Z
2337,"Oden, John","oden, john",Oden,John,,,,,,,,,,no,single-source,wayback_bsnpr_players,https://web.archive.org/web/20070417033701id_/http://www.bsnpr.com:80/estadisticas/enciclopedia.asp,2026-09-08T14:22:06Z
2338,"Thompson, Ronald","thompson, ronald",Thompson,Ronald,,,,,,,,,,no,single-source,wayback_bsnpr_players,https://web.archive.org/web/20070417033701id_/http://www.bsnpr.com:80/estadisticas/enciclopedia.asp,2026-09-08T14:22:06Z
2339,"Smith, Jabari","smith, jabari",Smith,Jabari,,2/12/1977,1977,,,,,,,no,single-source,wayback_bsnpr_players,https://web.archive.org/web/20200601011615id_/https://www.bsnpr.com/estadisticas/enciclopedia.asp,2026-09-08T14:25:42Z
2346,"Ballinger, Adam","ballinger, adam",Ballinger,Adam,,6/12/1979,1979,,,,,,,no,single-source,wayback_bsnpr_players,https://web.archive.org/web/20200601011615id_/https://www.bsnpr.com/estadisticas/enciclopedia.asp,2026-09-08T14:25:42Z
2347,"Ere Bell, Ebi","ere bell, ebi",Ere Bell,Ebi,,2/8/1981,1981,,,,,,,no,single-source,wayback_bsnpr_players,https://web.archive.org/web/20200601011615id_/https://www.bsnpr.com/estadisticas/enciclopedia.asp,2026-09-08T14:25:42Z
2348,"Osorio Cirino, Omar","osorio cirino, omar",Osorio Cirino,Omar,,11/11/1984,1984,,,,,,,no,single-source,wayback_bsnpr_players,https://web.archive.org/web/20200601011615id_/https://www.bsnpr.com/estadisticas/enciclopedia.asp,2026-09-08T14:25:42Z
2349,"Encarnación, Nelson","encarnacion, nelson",Encarnación,Nelson,,,,,,,,,,no,single-source,wayback_bsnpr_players,https://web.archive.org/web/20070417033701id_/http://www.bsnpr.com:80/estadisticas/enciclopedia.asp,2026-09-08T14:22:06Z
2350,"Vazquez Concepción, Edwin Ivan","vazquez concepcion, edwin ivan",Vazquez Concepción,Edwin Ivan,,6/5/1983,1983,,,,,,,no,single-source,wayback_bsnpr_players,https://web.archive.org/web/20200601011615id_/https://www.bsnpr.com/estadisticas/enciclopedia.asp,2026-09-08T14:25:42Z
2351,"Polaco, Angel","polaco, angel",Polaco,Angel,,,,,,,,,,no,single-source,wayback_bsnpr_players,https://web.archive.org/web/20070417033701id_/http://www.bsnpr.com:80/estadisticas/enciclopedia.asp,2026-09-08T14:22:06Z
2352,"Gonzalez, Adam","gonzalez, adam",Gonzalez,Adam,,11/2/1983,1983,,,,,,,no,single-source,wayback_bsnpr_players,https://web.archive.org/web/20200601011615id_/https://www.bsnpr.com/estadisticas/enciclopedia.asp,2026-09-08T14:25:42Z
2353,"Valencia, Florentino","valencia, florentino",Valencia,Florentino,,3/12/1985,1985,,,,,,,no,single-source,wayback_bsnpr_players,https://web.archive.org/web/20200601011615id_/https://www.bsnpr.com/estadisticas/enciclopedia.asp,2026-09-08T14:25:42Z
2354,"Pellot Rosa, Jesse","pellot rosa, jesse",Pellot Rosa,Jesse,,7/4/1984,1984,,,,,,,no,single-source,wayback_bsnpr_players,https://web.archive.org/web/20200601011615id_/https://www.bsnpr.com/estadisticas/enciclopedia.asp,2026-09-08T14:25:42Z
2355,"Mojica Izquierdo, Javier","mojica izquierdo, javier",Mojica Izquierdo,Javier,,8/31/1984,1984,,,,,,,no,single-source,wayback_bsnpr_players,https://web.archive.org/web/20200601011615id_/https://www.bsnpr.com/estadisticas/enciclopedia.asp,2026-09-08T14:25:42Z
2356,"Hamilton Rivera, Kevin","hamilton rivera, kevin",Hamilton Rivera,Kevin,,5/2/1984,1984,,,,,,,no,single-source,wayback_bsnpr_players,https://web.archive.org/web/20200601011615id_/https://www.bsnpr.com/estadisticas/enciclopedia.asp,2026-09-08T14:25:42Z
2357,"Casiano Marquez, Anthony","casiano marquez, anthony",Casiano Marquez,Anthony,,7/12/1988,1988,,,,,,,no,single-source,wayback_bsnpr_players,https://web.archive.org/web/20200601011615id_/https://www.bsnpr.com/estadisticas/enciclopedia.asp,2026-09-08T14:25:42Z
2358,"Santana, Edson","santana, edson",Santana,Edson,,,,,,,,,,no,single-source,wayback_bsnpr_players,https://web.archive.org/web/20070417033701id_/http://www.bsnpr.com:80/estadisticas/enciclopedia.asp,2026-09-08T14:22:06Z
2359,"Holcomb, Randy","holcomb, randy",Holcomb,Randy,,8/8/1979,1979,,,,,,,no,single-source,wayback_bsnpr_players,https://web.archive.org/web/20200601011615id_/https://www.bsnpr.com/estadisticas/enciclopedia.asp,2026-09-08T14:25:42Z
2360,"Dyer, Alphonse","dyer, alphonse",Dyer,Alphonse,,4/30/1985,1985,,,,,,,no,single-source,wayback_bsnpr_players,https://web.archive.org/web/20200601011615id_/https://www.bsnpr.com/estadisticas/enciclopedia.asp,2026-09-08T14:25:42Z
2361,"Konecny, Mark","konecny, mark",Konecny,Mark,,3/9/1983,1983,,,,,,,no,single-source,wayback_bsnpr_players,https://web.archive.org/web/20200601011615id_/https://www.bsnpr.com/estadisticas/enciclopedia.asp,2026-09-08T14:25:42Z
2362,"Vega Rivera, David","vega rivera, david",Vega Rivera,David,,6/6/1982,1982,,,,,,,no,single-source,wayback_bsnpr_players,https://web.archive.org/web/20200601011615id_/https://www.bsnpr.com/estadisticas/enciclopedia.asp,2026-09-08T14:25:42Z
2363,"Torres Negron, Dario","torres negron, dario",Torres Negron,Dario,,8/24/1987,1987,,,,,,,no,single-source,wayback_bsnpr_players,https://web.archive.org/web/20200601011615id_/https://www.bsnpr.com/estadisticas/enciclopedia.asp,2026-09-08T14:25:42Z
2364,"Bangura, Alpha","bangura, alpha",Bangura,Alpha,,,,,,,,,,no,single-source,wayback_bsnpr_players,https://web.archive.org/web/20070417033701id_/http://www.bsnpr.com:80/estadisticas/enciclopedia.asp,2026-09-08T14:22:06Z
2365,"Perez, Vladimir","perez, vladimir",Perez,Vladimir,,10/24/1980,1980,,,,,,,no,single-source,wayback_bsnpr_players,https://web.archive.org/web/20200601011615id_/https://www.bsnpr.com/estadisticas/enciclopedia.asp,2026-09-08T14:25:42Z
2366,"Colon Mojica, Modesto","colon mojica, modesto",Colon Mojica,Modesto,,,,,,,,,,no,single-source,wayback_bsnpr_players,https://web.archive.org/web/20070417033701id_/http://www.bsnpr.com:80/estadisticas/enciclopedia.asp,2026-09-08T14:22:06Z
2367,"Duran Colon, Cliff","duran colon, cliff",Duran Colon,Cliff,,1/10/1989,1989,,,,,,,no,single-source,wayback_bsnpr_players,https://web.archive.org/web/20200601011615id_/https://www.bsnpr.com/estadisticas/enciclopedia.asp,2026-09-08T14:25:42Z
2368,"Babilonia Chapel, Jose Juan","babilonia chapel, jose juan",Babilonia Chapel,Jose Juan,,6/20/1981,1981,,,,,,,no,single-source,wayback_bsnpr_players,https://web.archive.org/web/20200601011615id_/https://www.bsnpr.com/estadisticas/enciclopedia.asp,2026-09-08T14:25:42Z
2369,"Valentin, Samuel","valentin, samuel",Valentin,Samuel,,,,,,,,,,no,single-source,wayback_bsnpr_players,https://web.archive.org/web/20070417033701id_/http://www.bsnpr.com:80/estadisticas/enciclopedia.asp,2026-09-08T14:22:06Z
2370,"Cruz Rivera, Christian","cruz rivera, christian",Cruz Rivera,Christian,,10/22/1986,1986,,,,,,,no,single-source,wayback_bsnpr_players,https://web.archive.org/web/20200601011615id_/https://www.bsnpr.com/estadisticas/enciclopedia.asp,2026-09-08T14:25:42Z
2371,"Copeland Serra, Donald","copeland serra, donald",Copeland Serra,Donald,,9/28/1984,1984,,,,,,,no,single-source,wayback_bsnpr_players,https://web.archive.org/web/20200601011615id_/https://www.bsnpr.com/estadisticas/enciclopedia.asp,2026-09-08T14:25:42Z
2372,"Pittsnogle, Kevin","pittsnogle, kevin",Pittsnogle,Kevin,,7/30/1984,1984,,,,,,,no,single-source,wayback_bsnpr_players,https://web.archive.org/web/20200601011615id_/https://www.bsnpr.com/estadisticas/enciclopedia.asp,2026-09-08T14:25:42Z
2373,"Kortright Correa, Jonathan","kortright correa, jonathan",Kortright Correa,Jonathan,,9/30/1985,1985,,,,,,,no,single-source,wayback_bsnpr_players,https://web.archive.org/web/20200601011615id_/https://www.bsnpr.com/estadisticas/enciclopedia.asp,2026-09-08T14:25:42Z
2374,"Ramirez Ortiz, Edgardo","ramirez ortiz, edgardo",Ramirez Ortiz,Edgardo,,12/5/1986,1986,,,,,,,no,single-source,wayback_bsnpr_players,https://web.archive.org/web/20200601011615id_/https://www.bsnpr.com/estadisticas/enciclopedia.asp,2026-09-08T14:25:42Z
2375,"Nieves Perez, Joel","nieves perez, joel",Nieves Perez,Joel,,3/18/1986,1986,,,,,,,no,single-source,wayback_bsnpr_players,https://web.archive.org/web/20200601011615id_/https://www.bsnpr.com/estadisticas/enciclopedia.asp,2026-09-08T14:25:42Z
2376,"Morales, Luis","morales, luis",Morales,Luis,,7/24/1987,1987,,,,,,,no,single-source,wayback_bsnpr_players,https://web.archive.org/web/20200601011615id_/https://www.bsnpr.com/estadisticas/enciclopedia.asp,2026-09-08T14:25:42Z
2377,"Sanchez, Kennel","sanchez, kennel",Sanchez,Kennel,,10/22/1983,1983,,,,,,,no,single-source,wayback_bsnpr_players,https://web.archive.org/web/20200601011615id_/https://www.bsnpr.com/estadisticas/enciclopedia.asp,2026-09-08T14:25:42Z
2378,"Figueroa, Emanuel","figueroa, emanuel",Figueroa,Emanuel,,4/3/1985,1985,,,,,,,no,single-source,wayback_bsnpr_players,https://web.archive.org/web/20200601011615id_/https://www.bsnpr.com/estadisticas/enciclopedia.asp,2026-09-08T14:25:42Z
2379,"Garcia, Moises","garcia, moises",Garcia,Moises,,9/23/1983,1983,,,,,,,no,single-source,wayback_bsnpr_players,https://web.archive.org/web/20200601011615id_/https://www.bsnpr.com/estadisticas/enciclopedia.asp,2026-09-08T14:25:42Z
2380,"Erazo Cruz, Armando","erazo cruz, armando",Erazo Cruz,Armando,,3/9/1987,1987,,,,,,,no,single-source,wayback_bsnpr_players,https://web.archive.org/web/20200601011615id_/https://www.bsnpr.com/estadisticas/enciclopedia.asp,2026-09-08T14:25:42Z
2381,"Rosa Cordero, Jareck","rosa cordero, jareck",Rosa Cordero,Jareck,,9/27/1985,1985,,,,,,,no,single-source,wayback_bsnpr_players,https://web.archive.org/web/20200601011615id_/https://www.bsnpr.com/estadisticas/enciclopedia.asp,2026-09-08T14:25:42Z
2382,"Mendez, Jose","mendez, jose",Mendez,Jose,,9/8/1982,1982,,,,,,,no,single-source,wayback_bsnpr_players,https://web.archive.org/web/20200601011615id_/https://www.bsnpr.com/estadisticas/enciclopedia.asp,2026-09-08T14:25:42Z
2383,"Cummings, T.J.","cummings, tj",Cummings,T.J.,,8/31/1981,1981,,,,,,,no,single-source,wayback_bsnpr_players,https://web.archive.org/web/20200601011615id_/https://www.bsnpr.com/estadisticas/enciclopedia.asp,2026-09-08T14:25:42Z
2384,"Mercado, Christopher","mercado, christopher",Mercado,Christopher,,,,,,,,,,no,single-source,wayback_bsnpr_players,https://web.archive.org/web/20070617082040id_/http://www.bsnpr.com:80/estadisticas/enciclopedia.asp,2026-09-08T14:22:08Z
2385,"Colon Gracia, Nelson","colon gracia, nelson",Colon Gracia,Nelson,,,,,,,,,,no,single-source,wayback_bsnpr_players,https://web.archive.org/web/20070617082040id_/http://www.bsnpr.com:80/estadisticas/enciclopedia.asp,2026-09-08T14:22:08Z
2386,"Villegas Mercado, Johwen","villegas mercado, johwen",Villegas Mercado,Johwen,,4/17/1985,1985,,,,,,,no,single-source,wayback_bsnpr_players,https://web.archive.org/web/20200601011615id_/https://www.bsnpr.com/estadisticas/enciclopedia.asp,2026-09-08T14:25:42Z
2387,"Wingate, Jason","wingate, jason",Wingate,Jason,,,,,,,,,,no,single-source,wayback_bsnpr_players,https://web.archive.org/web/20070617082040id_/http://www.bsnpr.com:80/estadisticas/enciclopedia.asp,2026-09-08T14:22:08Z
2388,"Pellot Rosa, Edwin","pellot rosa, edwin",Pellot Rosa,Edwin,,,,,,,,,,no,single-source,wayback_bsnpr_players,https://web.archive.org/web/20070617082040id_/http://www.bsnpr.com:80/estadisticas/enciclopedia.asp,2026-09-08T14:22:08Z
2389,"Torrens Matta, Cristian L.","torrens matta, cristian l",Torrens Matta,Cristian L.,,3/7/1989,1989,,,,,,,no,single-source,wayback_bsnpr_players,https://web.archive.org/web/20200601011615id_/https://www.bsnpr.com/estadisticas/enciclopedia.asp,2026-09-08T14:25:42Z
2390,"Victor White, Isaiah","victor white, isaiah",Victor White,Isaiah,,7/6/1978,1978,,,,,,,no,single-source,wayback_bsnpr_players,https://web.archive.org/web/20200601011615id_/https://www.bsnpr.com/estadisticas/enciclopedia.asp,2026-09-08T14:25:42Z
2391,"Shannon Dogan, Terrence","shannon dogan, terrence",Shannon Dogan,Terrence,,12/16/1979,1979,,,,,,,no,single-source,wayback_bsnpr_players,https://web.archive.org/web/20200601011615id_/https://www.bsnpr.com/estadisticas/enciclopedia.asp,2026-09-08T14:25:42Z
2393,"Allen, Edward","allen, edward",Allen,Edward,,,,,,,,,,no,single-source,wayback_bsnpr_players,https://web.archive.org/web/20070617082040id_/http://www.bsnpr.com:80/estadisticas/enciclopedia.asp,2026-09-08T14:22:08Z
2394,"Agbai, Uka","agbai, uka",Agbai,Uka,,5/7/1981,1981,,,,,,,no,single-source,wayback_bsnpr_players,https://web.archive.org/web/20200601011615id_/https://www.bsnpr.com/estadisticas/enciclopedia.asp,2026-09-08T14:25:42Z
2395,"Ortega Rios, Juan","ortega rios, juan",Ortega Rios,Juan,,11/7/1982,1982,,,,,,,no,single-source,wayback_bsnpr_players,https://web.archive.org/web/20200601011615id_/https://www.bsnpr.com/estadisticas/enciclopedia.asp,2026-09-08T14:25:42Z
2396,"Lopez, Juan","lopez, juan",Lopez,Juan,,,,,,,,,,no,single-source,wayback_bsnpr_players,https://web.archive.org/web/20070617082040id_/http://www.bsnpr.com:80/estadisticas/enciclopedia.asp,2026-09-08T14:22:08Z
2397,"Oliver Henry, Jonathan","oliver henry, jonathan",Oliver Henry,Jonathan,,9/22/1978,1978,,,,,,,no,single-source,wayback_bsnpr_players,https://web.archive.org/web/20200601011615id_/https://www.bsnpr.com/estadisticas/enciclopedia.asp,2026-09-08T14:25:42Z
2398,"Gonzalez, Miguel","gonzalez, miguel",Gonzalez,Miguel,,2/19/1984,1984,,,,,,,no,single-source,wayback_bsnpr_players,https://web.archive.org/web/20200601011615id_/https://www.bsnpr.com/estadisticas/enciclopedia.asp,2026-09-08T14:25:42Z
2399,"Carrillo Lopez, Ricardo Jr.","carrillo lopez, ricardo jr",Carrillo Lopez,Ricardo Jr.,,12/2/1987,1987,,,,,,,no,single-source,wayback_bsnpr_players,https://web.archive.org/web/20200601011615id_/https://www.bsnpr.com/estadisticas/enciclopedia.asp,2026-09-08T14:25:42Z
2400,"Cepeda, Eliz","cepeda, eliz",Cepeda,Eliz,,,,,,,,,,no,single-source,wayback_bsnpr_players,https://web.archive.org/web/20070617082040id_/http://www.bsnpr.com:80/estadisticas/enciclopedia.asp,2026-09-08T14:22:08Z
2402,"Camara, Babacar","camara, babacar",Camara,Babacar,,10/15/1981,1981,,,,,,,no,single-source,wayback_bsnpr_players,https://web.archive.org/web/20200601011615id_/https://www.bsnpr.com/estadisticas/enciclopedia.asp,2026-09-08T14:25:42Z
2403,"Klette, Tilo","klette, tilo",Klette,Tilo,,12/16/1977,1977,,,,,,,no,single-source,wayback_bsnpr_players,https://web.archive.org/web/20200601011615id_/https://www.bsnpr.com/estadisticas/enciclopedia.asp,2026-09-08T14:25:42Z
2407,"Mata, Christian","mata, christian",Mata,Christian,,,,,,,,,,no,single-source,wayback_bsnpr_players,https://web.archive.org/web/20070617082040id_/http://www.bsnpr.com:80/estadisticas/enciclopedia.asp,2026-09-08T14:22:08Z
2409,"Freeman McKamey, Duke","freeman mckamey, duke",Freeman McKamey,Duke,,4/24/1980,1980,,,,,,,no,single-source,wayback_bsnpr_players,https://web.archive.org/web/20200601011615id_/https://www.bsnpr.com/estadisticas/enciclopedia.asp,2026-09-08T14:25:42Z
2410,"Yates, Ronald","yates, ronald",Yates,Ronald,,,,,,,,,,no,single-source,wayback_bsnpr_players,https://web.archive.org/web/20070617082040id_/http://www.bsnpr.com:80/estadisticas/enciclopedia.asp,2026-09-08T14:22:08Z
2411,"Profit, Laron","profit, laron",Profit,Laron,,8/5/1977,1977,,,,,,,no,single-source,wayback_bsnpr_players,https://web.archive.org/web/20200601011615id_/https://www.bsnpr.com/estadisticas/enciclopedia.asp,2026-09-08T14:25:42Z
2412,"Tucker, Rashad","tucker, rashad",Tucker,Rashad,,2/12/1975,1975,,,,,,,no,single-source,wayback_bsnpr_players,https://web.archive.org/web/20200601011615id_/https://www.bsnpr.com/estadisticas/enciclopedia.asp,2026-09-08T14:25:42Z
2413,"Maxey, Erron","maxey, erron",Maxey,Erron,,12/6/1978,1978,,,,,,,no,single-source,wayback_bsnpr_players,https://web.archive.org/web/20200601011615id_/https://www.bsnpr.com/estadisticas/enciclopedia.asp,2026-09-08T14:25:42Z
2414,"Kinloch, Damien","kinloch, damien",Kinloch,Damien,,1/4/1980,1980,,,,,,,no,single-source,wayback_bsnpr_players,https://web.archive.org/web/20200601011615id_/https://www.bsnpr.com/estadisticas/enciclopedia.asp,2026-09-08T14:25:42Z
2415,"Young, David","young, david",Young,David,,8/18/1981,1981,,,,,,,no,single-source,wayback_bsnpr_players,https://web.archive.org/web/20200601011615id_/https://www.bsnpr.com/estadisticas/enciclopedia.asp,2026-09-08T14:25:42Z
2416,"Murry, Nile","murry, nile",Murry,Nile,,,,,,,,,,no,single-source,wayback_bsnpr_players,https://web.archive.org/web/20070617082040id_/http://www.bsnpr.com:80/estadisticas/enciclopedia.asp,2026-09-08T14:22:08Z
2417,"Brown, Elton","brown, elton",Brown,Elton,,9/9/1983,1983,,,,,,,no,single-source,wayback_bsnpr_players,https://web.archive.org/web/20200601011615id_/https://www.bsnpr.com/estadisticas/enciclopedia.asp,2026-09-08T14:25:42Z
2418,"Hicks, Michael","hicks, michael",Hicks,Michael,,7/17/1983,1983,,,,,,,no,single-source,wayback_bsnpr_players,https://web.archive.org/web/20200601011615id_/https://www.bsnpr.com/estadisticas/enciclopedia.asp,2026-09-08T14:25:42Z
2419,"Brooks, Darren","brooks, darren",Brooks,Darren,,8/28/1982,1982,,,,,,,no,single-source,wayback_bsnpr_players,https://web.archive.org/web/20200601011615id_/https://www.bsnpr.com/estadisticas/enciclopedia.asp,2026-09-08T14:25:42Z
2420,"Withers, Curtis","withers, curtis",Withers,Curtis,,8/4/1984,1984,,,,,,,no,single-source,wayback_bsnpr_players,https://web.archive.org/web/20200601011615id_/https://www.bsnpr.com/estadisticas/enciclopedia.asp,2026-09-08T14:25:42Z
2421,"Little, Donald","little, donald",Little,Donald,,,,,,,,,,no,single-source,wayback_bsnpr_players,https://web.archive.org/web/20070617082040id_/http://www.bsnpr.com:80/estadisticas/enciclopedia.asp,2026-09-08T14:22:08Z
2422,"McFadgon, Cornelius","mcfadgon, cornelius",McFadgon,Cornelius,,5/6/1982,1982,,,,,,,no,single-source,wayback_bsnpr_players,https://web.archive.org/web/20200601011615id_/https://www.bsnpr.com/estadisticas/enciclopedia.asp,2026-09-08T14:25:42Z
2423,"McGhee, Aaron","mcghee, aaron",McGhee,Aaron,,6/28/1979,1979,,,,,,,no,single-source,wayback_bsnpr_players,https://web.archive.org/web/20200601011615id_/https://www.bsnpr.com/estadisticas/enciclopedia.asp,2026-09-08T14:25:42Z
2424,"Traylor, Robert","traylor, robert",Traylor,Robert,,2/1/1977,1977,,,,,,,no,single-source,wayback_bsnpr_players,https://web.archive.org/web/20200601011615id_/https://www.bsnpr.com/estadisticas/enciclopedia.asp,2026-09-08T14:25:42Z
2425,"Okafor, Patrick","okafor, patrick",Okafor,Patrick,,4/13/1979,1979,,,,,,,no,single-source,wayback_bsnpr_players,https://web.archive.org/web/20200601011615id_/https://www.bsnpr.com/estadisticas/enciclopedia.asp,2026-09-08T14:25:42Z
2426,"Jamison, Harold","jamison, harold",Jamison,Harold,,11/20/1976,1976,,,,,,,no,single-source,wayback_bsnpr_players,https://web.archive.org/web/20200601011615id_/https://www.bsnpr.com/estadisticas/enciclopedia.asp,2026-09-08T14:25:42Z
2427,"Allred, Lance","allred, lance",Allred,Lance,,2/2/1981,1981,,,,,,,no,single-source,wayback_bsnpr_players,https://web.archive.org/web/20200601011615id_/https://www.bsnpr.com/estadisticas/enciclopedia.asp,2026-09-08T14:25:42Z
2428,"Conley, Robert","conley, robert",Conley,Robert,,6/4/1977,1977,,,,,,,no,single-source,wayback_bsnpr_players,https://web.archive.org/web/20200601011615id_/https://www.bsnpr.com/estadisticas/enciclopedia.asp,2026-09-08T14:25:42Z
2429,"Bracey, Bryan","bracey, bryan",Bracey,Bryan,,8/5/1978,1978,,,,,,,no,single-source,wayback_bsnpr_players,https://web.archive.org/web/20200601011615id_/https://www.bsnpr.com/estadisticas/enciclopedia.asp,2026-09-08T14:25:42Z
2430,"Johnson, DeMarco","johnson, demarco",Johnson,DeMarco,,10/6/1975,1975,,,,,,,no,single-source,wayback_bsnpr_players,https://web.archive.org/web/20200601011615id_/https://www.bsnpr.com/estadisticas/enciclopedia.asp,2026-09-08T14:25:42Z
2431,"Johnson, Demarco","johnson, demarco",Johnson,Demarco,,,,,,,,,,no,single-source,wayback_bsnpr_players,https://web.archive.org/web/20070617082040id_/http://www.bsnpr.com:80/estadisticas/enciclopedia.asp,2026-09-08T14:22:08Z
2432,"Bender, Brandon","bender, brandon",Bender,Brandon,,11/5/1982,1982,,,,,,,no,single-source,wayback_bsnpr_players,https://web.archive.org/web/20200601011615id_/https://www.bsnpr.com/estadisticas/enciclopedia.asp,2026-09-08T14:25:42Z
2433,"Sanders, Rob","sanders, rob",Sanders,Rob,,,,,,,,,,no,single-source,wayback_bsnpr_players,https://web.archive.org/web/20070617082040id_/http://www.bsnpr.com:80/estadisticas/enciclopedia.asp,2026-09-08T14:22:08Z
2434,"Fizer, Marcus","fizer, marcus",Fizer,Marcus,,8/10/1978,1978,,,,,,,no,single-source,wayback_bsnpr_players,https://web.archive.org/web/20200601011615id_/https://www.bsnpr.com/estadisticas/enciclopedia.asp,2026-09-08T14:25:42Z
2435,"Simmons, Chester","simmons, chester",Simmons,Chester,,7/24/1982,1982,,,,,,,no,single-source,wayback_bsnpr_players,https://web.archive.org/web/20200601011615id_/https://www.bsnpr.com/estadisticas/enciclopedia.asp,2026-09-08T14:25:42Z
2436,"Pasco, Pervis","pasco, pervis",Pasco,Pervis,,5/22/1980,1980,,,,,,,no,single-source,wayback_bsnpr_players,https://web.archive.org/web/20200601011615id_/https://www.bsnpr.com/estadisticas/enciclopedia.asp,2026-09-08T14:25:42Z
2437,"Bell, Rashad","bell, rashad",Bell,Rashad,,,,,,,,,,no,single-source,wayback_bsnpr_players,https://web.archive.org/web/20070718075025id_/http://www.bsnpr.com:80/estadisticas/enciclopedia.asp,2026-09-08T14:22:12Z
2438,"Beasley, Jerome","beasley, jerome",Beasley,Jerome,,,,,,,,,,no,single-source,wayback_bsnpr_players,https://web.archive.org/web/20070718075025id_/http://www.bsnpr.com:80/estadisticas/enciclopedia.asp,2026-09-08T14:22:12Z
2439,"Freeman, Kevin","freeman, kevin",Freeman,Kevin,,,,,,,,,,no,single-source,wayback_bsnpr_players,https://web.archive.org/web/20070718075025id_/http://www.bsnpr.com:80/estadisticas/enciclopedia.asp,2026-09-08T14:22:12Z
2440,"Walker, Samaki","walker, samaki",Walker,Samaki,,2/25/1976,1976,,,,,,,no,single-source,wayback_bsnpr_players,https://web.archive.org/web/20200601011615id_/https://www.bsnpr.com/estadisticas/enciclopedia.asp,2026-09-08T14:25:42Z
2441,"Washington, Roger","washington, roger",Washington,Roger,,,,,,,,,,no,single-source,wayback_bsnpr_players,https://web.archive.org/web/20070718075025id_/http://www.bsnpr.com:80/estadisticas/enciclopedia.asp,2026-09-08T14:22:12Z
2442,"Riley, Roderick","riley, roderick",Riley,Roderick,,3/11/1981,1981,,,,,,,no,single-source,wayback_bsnpr_players,https://web.archive.org/web/20200601011615id_/https://www.bsnpr.com/estadisticas/enciclopedia.asp,2026-09-08T14:25:42Z
2443,"Guevara, Diego","guevara, diego",Guevara,Diego,,2/10/1977,1977,,,,,,,no,single-source,wayback_bsnpr_players,https://web.archive.org/web/20200601011615id_/https://www.bsnpr.com/estadisticas/enciclopedia.asp,2026-09-08T14:25:42Z
2444,"Quintero, Omar","quintero, omar",Quintero,Omar,,9/26/1981,1981,,,,,,,no,single-source,wayback_bsnpr_players,https://web.archive.org/web/20200601011615id_/https://www.bsnpr.com/estadisticas/enciclopedia.asp,2026-09-08T14:25:42Z
2445,"Mariscal Mata, Victor","mariscal mata, victor",Mariscal Mata,Victor,,5/24/1972,1972,,,,,,,no,single-source,wayback_bsnpr_players,https://web.archive.org/web/20200601011615id_/https://www.bsnpr.com/estadisticas/enciclopedia.asp,2026-09-08T14:25:42Z
2446,"Avila Haro, Victor Manuel","avila haro, victor manuel",Avila Haro,Victor Manuel,,3/23/1977,1977,,,,,,,no,single-source,wayback_bsnpr_players,https://web.archive.org/web/20200601011615id_/https://www.bsnpr.com/estadisticas/enciclopedia.asp,2026-09-08T14:25:42Z
2447,"Gittens, Tim","gittens, tim",Gittens,Tim,,1/27/1977,1977,,,,,,,no,single-source,wayback_bsnpr_players,https://web.archive.org/web/20200601011615id_/https://www.bsnpr.com/estadisticas/enciclopedia.asp,2026-09-08T14:25:42Z
2448,"Brown, Takais","brown, takais",Brown,Takais,,8/11/1986,1986,,,,,,,no,single-source,wayback_bsnpr_players,https://web.archive.org/web/20200601011615id_/https://www.bsnpr.com/estadisticas/enciclopedia.asp,2026-09-08T14:25:42Z
2449,"Jeter, Richard","jeter, richard",Jeter,Richard,,6/18/1980,1980,,,,,,,no,single-source,wayback_bsnpr_players,https://web.archive.org/web/20200601011615id_/https://www.bsnpr.com/estadisticas/enciclopedia.asp,2026-09-08T14:25:42Z
2450,"Rivera Rodriguez, Norberto","rivera rodriguez, norberto",Rivera Rodriguez,Norberto,,4/25/1985,1985,,,,,,,no,single-source,wayback_bsnpr_players,https://web.archive.org/web/20200601011615id_/https://www.bsnpr.com/estadisticas/enciclopedia.asp,2026-09-08T14:25:42Z
2451,"Parillon Callwood, Steve","parillon callwood, steve",Parillon Callwood,Steve,,7/10/1978,1978,,,,,,,no,single-source,wayback_bsnpr_players,https://web.archive.org/web/20200601011615id_/https://www.bsnpr.com/estadisticas/enciclopedia.asp,2026-09-08T14:25:42Z
2452,"Wingate, Major","wingate, major",Wingate,Major,,11/10/1983,1983,,,,,,,no,single-source,wayback_bsnpr_players,https://web.archive.org/web/20200601011615id_/https://www.bsnpr.com/estadisticas/enciclopedia.asp,2026-09-08T14:25:42Z
2453,"Gonzalez, Hector","gonzalez, hector",Gonzalez,Hector,,11/3/1978,1978,,,,,,,no,single-source,wayback_bsnpr_players,https://web.archive.org/web/20200601011615id_/https://www.bsnpr.com/estadisticas/enciclopedia.asp,2026-09-08T14:25:42Z
2454,"Franklin, Kavossy","franklin, kavossy",Franklin,Kavossy,,7/18/1975,1975,,,,,,,no,single-source,wayback_bsnpr_players,https://web.archive.org/web/20200601011615id_/https://www.bsnpr.com/estadisticas/enciclopedia.asp,2026-09-08T14:25:42Z
2455,"Rosario, Karel","rosario, karel",Rosario,Karel,,11/27/1977,1977,,,,,,,no,single-source,wayback_bsnpr_players,https://web.archive.org/web/20200601011615id_/https://www.bsnpr.com/estadisticas/enciclopedia.asp,2026-09-08T14:25:42Z
2456,"White, Rodney","white, rodney",White,Rodney,,6/28/1980,1980,,,,,,,no,single-source,wayback_bsnpr_players,https://web.archive.org/web/20200601011615id_/https://www.bsnpr.com/estadisticas/enciclopedia.asp,2026-09-08T14:25:42Z
2457,"Ibekwe, Ekenechukwu","ibekwe, ekenechukwu",Ibekwe,Ekenechukwu,,7/19/1985,1985,,,,,,,no,single-source,wayback_bsnpr_players,https://web.archive.org/web/20200601011615id_/https://www.bsnpr.com/estadisticas/enciclopedia.asp,2026-09-08T14:25:42Z
2458,"Rice, Darius","rice, darius",Rice,Darius,,10/16/1982,1982,,,,,,,no,single-source,wayback_bsnpr_players,https://web.archive.org/web/20200601011615id_/https://www.bsnpr.com/estadisticas/enciclopedia.asp,2026-09-08T14:25:42Z
2459,"Peavy De Jesus, Nathan","peavy de jesus, nathan",Peavy De Jesus,Nathan,,3/31/1985,1985,,,,,,,no,single-source,wayback_bsnpr_players,https://web.archive.org/web/20200601011615id_/https://www.bsnpr.com/estadisticas/enciclopedia.asp,2026-09-08T14:25:42Z
2460,"Jackson, Chris","jackson, chris",Jackson,Chris,,1/13/1981,1981,,,,,,,no,single-source,wayback_bsnpr_players,https://web.archive.org/web/20200601011615id_/https://www.bsnpr.com/estadisticas/enciclopedia.asp,2026-09-08T14:25:42Z
2461,"Lebron, Jorge","lebron, jorge",Lebron,Jorge,,3/22/1986,1986,,,,,,,no,single-source,wayback_bsnpr_players,https://web.archive.org/web/20200601011615id_/https://www.bsnpr.com/estadisticas/enciclopedia.asp,2026-09-08T14:25:42Z
2462,"Dixon, Nigel","dixon, nigel",Dixon,Nigel,,9/6/1980,1980,,,,,,,no,single-source,wayback_bsnpr_players,https://web.archive.org/web/20200601011615id_/https://www.bsnpr.com/estadisticas/enciclopedia.asp,2026-09-08T14:25:42Z
2463,"Andino Vázquez, Guillermo","andino vazquez, guillermo",Andino Vázquez,Guillermo,,1/12/1988,1988,,,,,,,no,single-source,wayback_bsnpr_players,https://web.archive.org/web/20200601011615id_/https://www.bsnpr.com/estadisticas/enciclopedia.asp,2026-09-08T14:25:42Z
2464,"Andino, Jose","andino, jose",Andino,Jose,,4/1/1989,1989,,,,,,,no,single-source,wayback_bsnpr_players,https://web.archive.org/web/20200601011615id_/https://www.bsnpr.com/estadisticas/enciclopedia.asp,2026-09-08T14:25:42Z
2465,"Hinson Gaines, Darnell","hinson gaines, darnell",Hinson Gaines,Darnell,,5/28/1980,1980,,,,,,,no,single-source,wayback_bsnpr_players,https://web.archive.org/web/20200601011615id_/https://www.bsnpr.com/estadisticas/enciclopedia.asp,2026-09-08T14:25:42Z
2466,"Life Flores, James","life flores, james",Life Flores,James,,10/19/1983,1983,,,,,,,no,single-source,wayback_bsnpr_players,https://web.archive.org/web/20200601011615id_/https://www.bsnpr.com/estadisticas/enciclopedia.asp,2026-09-08T14:25:42Z
2467,"Krauser Mays, Carl","krauser mays, carl",Krauser Mays,Carl,,5/13/1981,1981,,,,,,,no,single-source,wayback_bsnpr_players,https://web.archive.org/web/20200601011615id_/https://www.bsnpr.com/estadisticas/enciclopedia.asp,2026-09-08T14:25:42Z
2468,"Padilla Padilla, Sened","padilla padilla, sened",Padilla Padilla,Sened,,12/17/1985,1985,,,,,,,no,single-source,wayback_bsnpr_players,https://web.archive.org/web/20200601011615id_/https://www.bsnpr.com/estadisticas/enciclopedia.asp,2026-09-08T14:25:42Z
2469,"Langhi, Dan","langhi, dan",Langhi,Dan,,11/28/1977,1977,,,,,,,no,single-source,wayback_bsnpr_players,https://web.archive.org/web/20200601011615id_/https://www.bsnpr.com/estadisticas/enciclopedia.asp,2026-09-08T14:25:42Z
2470,"Delk, Tony","delk, tony",Delk,Tony,,1/28/1974,1974,,,,,,,no,single-source,wayback_bsnpr_players,https://web.archive.org/web/20200601011615id_/https://www.bsnpr.com/estadisticas/enciclopedia.asp,2026-09-08T14:25:42Z
2471,"Sanders, Michael","sanders, michael",Sanders,Michael,,10/16/1976,1976,,,,,,,no,single-source,wayback_bsnpr_players,https://web.archive.org/web/20200601011615id_/https://www.bsnpr.com/estadisticas/enciclopedia.asp,2026-09-08T14:25:42Z
2472,"Williams, Jermaine","williams, jermaine",Williams,Jermaine,,3/7/1979,1979,,,,,,,no,single-source,wayback_bsnpr_players,https://web.archive.org/web/20200601011615id_/https://www.bsnpr.com/estadisticas/enciclopedia.asp,2026-09-08T14:25:42Z
2473,"Garcia, Antonio","garcia, antonio",Garcia,Antonio,,11/5/1976,1976,,,,,,,no,single-source,wayback_bsnpr_players,https://web.archive.org/web/20200601011615id_/https://www.bsnpr.com/estadisticas/enciclopedia.asp,2026-09-08T14:25:42Z
2474,"Nicholson, Yemi","nicholson, yemi",Nicholson,Yemi,,6/7/1983,1983,,,,,,,no,single-source,wayback_bsnpr_players,https://web.archive.org/web/20200601011615id_/https://www.bsnpr.com/estadisticas/enciclopedia.asp,2026-09-08T14:25:42Z
2475,"McSweeney, Cilk","mcsweeney, cilk",McSweeney,Cilk,,5/18/1983,1983,,,,,,,no,single-source,wayback_bsnpr_players,https://web.archive.org/web/20200601011615id_/https://www.bsnpr.com/estadisticas/enciclopedia.asp,2026-09-08T14:25:42Z
2476,"Álamo López, Ángel","alamo lopez, angel",Álamo López,Ángel,Junito,6/9/1985,1985,,,,,,,no,single-source,wayback_bsnpr_players,https://web.archive.org/web/20200601011615id_/https://www.bsnpr.com/estadisticas/enciclopedia.asp,2026-09-08T14:25:42Z
2477,"Moreno, Edgard","moreno, edgard",Moreno,Edgard,,8/30/1981,1981,,,,,,,no,single-source,wayback_bsnpr_players,https://web.archive.org/web/20200601011615id_/https://www.bsnpr.com/estadisticas/enciclopedia.asp,2026-09-08T14:25:42Z
2478,"Ashby, Julius","ashby, julius",Ashby,Julius,,9/16/1982,1982,,,,,,,no,single-source,wayback_bsnpr_players,https://web.archive.org/web/20200601011615id_/https://www.bsnpr.com/estadisticas/enciclopedia.asp,2026-09-08T14:25:42Z
2479,"Bryant, Marlyn","bryant, marlyn",Bryant,Marlyn,,8/4/1982,1982,,,,,,,no,single-source,wayback_bsnpr_players,https://web.archive.org/web/20200601011615id_/https://www.bsnpr.com/estadisticas/enciclopedia.asp,2026-09-08T14:25:42Z
2480,"Neptune, Kyle","neptune, kyle",Neptune,Kyle,,1/21/1985,1985,,,,,,,no,single-source,wayback_bsnpr_players,https://web.archive.org/web/20200601011615id_/https://www.bsnpr.com/estadisticas/enciclopedia.asp,2026-09-08T14:25:42Z
2481,"Fuller, Hiram","fuller, hiram",Fuller,Hiram,,5/15/1981,1981,,,,,,,no,single-source,wayback_bsnpr_players,https://web.archive.org/web/20200601011615id_/https://www.bsnpr.com/estadisticas/enciclopedia.asp,2026-09-08T14:25:42Z
2482,"Thompson, Garnett","thompson, garnett",Thompson,Garnett,,7/1/1980,1980,,,,,,,no,single-source,wayback_bsnpr_players,https://web.archive.org/web/20200601011615id_/https://www.bsnpr.com/estadisticas/enciclopedia.asp,2026-09-08T14:25:42Z
2483,"Ruiz, Gabriel","ruiz, gabriel",Ruiz,Gabriel,,,,,,,,,,no,single-source,wayback_bsnpr_players,https://web.archive.org/web/20080307080700id_/http://www.bsnpr.com:80/estadisticas/enciclopedia.asp,2026-09-08T14:22:45Z
2484,"Acosta, Luis","acosta, luis",Acosta,Luis,,7/11/1987,1987,,,,,,,no,single-source,wayback_bsnpr_players,https://web.archive.org/web/20200601011615id_/https://www.bsnpr.com/estadisticas/enciclopedia.asp,2026-09-08T14:25:42Z
2485,"Roman Bermúdez, Mario","roman bermudez, mario",Roman Bermúdez,Mario,,1/5/1988,1988,,,,,,,no,single-source,wayback_bsnpr_players,https://web.archive.org/web/20200601011615id_/https://www.bsnpr.com/estadisticas/enciclopedia.asp,2026-09-08T14:25:42Z
2486,"Lopez Estrella, Jose","lopez estrella, jose",Lopez Estrella,Jose,,3/25/1988,1988,,,,,,,no,single-source,wayback_bsnpr_players,https://web.archive.org/web/20200601011615id_/https://www.bsnpr.com/estadisticas/enciclopedia.asp,2026-09-08T14:25:42Z
2487,"Garcia Santos, Edgardo","garcia santos, edgardo",Garcia Santos,Edgardo,,6/2/1988,1988,,,,,,,no,single-source,wayback_bsnpr_players,https://web.archive.org/web/20200601011615id_/https://www.bsnpr.com/estadisticas/enciclopedia.asp,2026-09-08T14:25:42Z
2488,"Rivera Cotto, Magdiel","rivera cotto, magdiel",Rivera Cotto,Magdiel,,9/29/1983,1983,,,,,,,no,single-source,wayback_bsnpr_players,https://web.archive.org/web/20200601011615id_/https://www.bsnpr.com/estadisticas/enciclopedia.asp,2026-09-08T14:25:42Z
2489,"Rivera, Magdiel","rivera, magdiel",Rivera,Magdiel,,,,,,,,,,no,single-source,wayback_bsnpr_players,https://web.archive.org/web/20080307080700id_/http://www.bsnpr.com:80/estadisticas/enciclopedia.asp,2026-09-08T14:22:45Z
2490,"Beard, Tanoka","beard, tanoka",Beard,Tanoka,,9/29/1971,1971,,,,,,,no,single-source,wayback_bsnpr_players,https://web.archive.org/web/20200601011615id_/https://www.bsnpr.com/estadisticas/enciclopedia.asp,2026-09-08T14:25:42Z
2491,"Matthews, Bryant","matthews, bryant",Matthews,Bryant,,1/12/1982,1982,,,,,,,no,single-source,wayback_bsnpr_players,https://web.archive.org/web/20200601011615id_/https://www.bsnpr.com/estadisticas/enciclopedia.asp,2026-09-08T14:25:42Z
2492,"Jackson, David","jackson, david",Jackson,David,Mooch,8/12/1982,1982,,,,,,,no,single-source,wayback_bsnpr_players,https://web.archive.org/web/20200601011615id_/https://www.bsnpr.com/estadisticas/enciclopedia.asp,2026-09-08T14:25:42Z
2493,"Chappell, Mike","chappell, mike",Chappell,Mike,,1/21/1978,1978,,,,,,,no,single-source,wayback_bsnpr_players,https://web.archive.org/web/20200601011615id_/https://www.bsnpr.com/estadisticas/enciclopedia.asp,2026-09-08T14:25:42Z
2494,"Redhage, Shawn","redhage, shawn",Redhage,Shawn,,1/21/1981,1981,,,,,,,no,single-source,wayback_bsnpr_players,https://web.archive.org/web/20200601011615id_/https://www.bsnpr.com/estadisticas/enciclopedia.asp,2026-09-08T14:25:42Z
2495,"Gardner, Thomas","gardner, thomas",Gardner,Thomas,,2/8/1985,1985,,,,,,,no,single-source,wayback_bsnpr_players,https://web.archive.org/web/20200601011615id_/https://www.bsnpr.com/estadisticas/enciclopedia.asp,2026-09-08T14:25:42Z
2496,"Edwards, Corsley","edwards, corsley",Edwards,Corsley,,3/5/1979,1979,,,,,,,no,single-source,wayback_bsnpr_players,https://web.archive.org/web/20200601011615id_/https://www.bsnpr.com/estadisticas/enciclopedia.asp,2026-09-08T14:25:42Z
2497,"Davila, Javier","davila, javier",Davila,Javier,,,,,,,,,,no,single-source,wayback_bsnpr_players,https://web.archive.org/web/20081217095452id_/http://www.bsnpr.com:80/estadisticas/enciclopedia.asp,2026-09-08T14:23:31Z
2499,"Bautista, Tito","bautista, tito",Bautista,Tito,,4/18/1986,1986,,,,,,,no,single-source,wayback_bsnpr_players,https://web.archive.org/web/20200601011615id_/https://www.bsnpr.com/estadisticas/enciclopedia.asp,2026-09-08T14:25:42Z
2500,"Solano Dionicio, Julio","solano dionicio, julio",Solano Dionicio,Julio,,4/22/1976,1976,,,,,,,no,single-source,wayback_bsnpr_players,https://web.archive.org/web/20200601011615id_/https://www.bsnpr.com/estadisticas/enciclopedia.asp,2026-09-08T14:25:42Z
2501,"Ferguson, Desmond","ferguson, desmond",Ferguson,Desmond,,7/22/1977,1977,,,,,,,no,single-source,wayback_bsnpr_players,https://web.archive.org/web/20200601011615id_/https://www.bsnpr.com/estadisticas/enciclopedia.asp,2026-09-08T14:25:42Z
2502,"White, Albert","white, albert",White,Albert,,6/13/1977,1977,,,,,,,no,single-source,wayback_bsnpr_players,https://web.archive.org/web/20200601011615id_/https://www.bsnpr.com/estadisticas/enciclopedia.asp,2026-09-08T14:25:42Z
2503,"Rogers, Carlos","rogers, carlos",Rogers,Carlos,,2/6/1971,1971,,,,,,,no,single-source,wayback_bsnpr_players,https://web.archive.org/web/20200601011615id_/https://www.bsnpr.com/estadisticas/enciclopedia.asp,2026-09-08T14:25:42Z
2504,"Smith, Jonathan","smith, jonathan",Smith,Jonathan,,8/25/1981,1981,,,,,,,no,single-source,wayback_bsnpr_players,https://web.archive.org/web/20200601011615id_/https://www.bsnpr.com/estadisticas/enciclopedia.asp,2026-09-08T14:25:42Z
2505,"Acevedo, Jeffrey","acevedo, jeffrey",Acevedo,Jeffrey,,,,,,,,,,no,single-source,wayback_bsnpr_players,https://web.archive.org/web/20081217095452id_/http://www.bsnpr.com:80/estadisticas/enciclopedia.asp,2026-09-08T14:23:31Z
2506,"Powell, Ricardo Arturo","powell, ricardo arturo",Powell,Ricardo Arturo,,8/29/1983,1983,,,,,,,no,single-source,wayback_bsnpr_players,https://web.archive.org/web/20200601011615id_/https://www.bsnpr.com/estadisticas/enciclopedia.asp,2026-09-08T14:25:42Z
2507,"Farmer, Desmon","farmer, desmon",Farmer,Desmon,,10/7/1981,1981,,,,,,,no,single-source,wayback_bsnpr_players,https://web.archive.org/web/20200601011615id_/https://www.bsnpr.com/estadisticas/enciclopedia.asp,2026-09-08T14:25:42Z
2508,"Walker, Jermaine","walker, jermaine",Walker,Jermaine,,4/5/1977,1977,,,,,,,no,single-source,wayback_bsnpr_players,https://web.archive.org/web/20200601011615id_/https://www.bsnpr.com/estadisticas/enciclopedia.asp,2026-09-08T14:25:42Z
2509,"Slay, Ronald","slay, ronald",Slay,Ronald,,6/29/1981,1981,,,,,,,no,single-source,wayback_bsnpr_players,https://web.archive.org/web/20200601011615id_/https://www.bsnpr.com/estadisticas/enciclopedia.asp,2026-09-08T14:25:42Z
2510,"Hunter, Brandon","hunter, brandon",Hunter,Brandon,,12/24/1980,1980,,,,,,,no,single-source,wayback_bsnpr_players,https://web.archive.org/web/20200601011615id_/https://www.bsnpr.com/estadisticas/enciclopedia.asp,2026-09-08T14:25:42Z
2511,"Abraham Mercado, Ryann","abraham mercado, ryann",Abraham Mercado,Ryann,,6/9/1987,1987,,,,,,,no,single-source,wayback_bsnpr_players,https://web.archive.org/web/20200601011615id_/https://www.bsnpr.com/estadisticas/enciclopedia.asp,2026-09-08T14:25:42Z
2512,"Bermudez, Eduardo","bermudez, eduardo",Bermudez,Eduardo,,,,,,,,,,no,single-source,wayback_bsnpr_players,https://web.archive.org/web/20081217095452id_/http://www.bsnpr.com:80/estadisticas/enciclopedia.asp,2026-09-08T14:23:31Z
2513,"Gonzalez Lopez, Javier","gonzalez lopez, javier",Gonzalez Lopez,Javier,,4/15/1989,1989,,,,,,,no,single-source,wayback_bsnpr_players,https://web.archive.org/web/20200601011615id_/https://www.bsnpr.com/estadisticas/enciclopedia.asp,2026-09-08T14:25:42Z
2514,"Hodge Jr., Walter","hodge jr, walter",Hodge Jr.,Walter,,9/21/1986,1986,,,,,,,no,single-source,wayback_bsnpr_players,https://web.archive.org/web/20200601011615id_/https://www.bsnpr.com/estadisticas/enciclopedia.asp,2026-09-08T14:25:42Z
2516,"Rodríguez, Jonathan","rodriguez, jonathan",Rodríguez,Jonathan,,11/3/1987,1987,,,,,,,no,single-source,wayback_bsnpr_players,https://web.archive.org/web/20200601011615id_/https://www.bsnpr.com/estadisticas/enciclopedia.asp,2026-09-08T14:25:42Z
2517,"Vassallo Colon, Ángel Daniel","vassallo colon, angel daniel",Vassallo Colon,Ángel Daniel,,4/2/1986,1986,,,,,,,no,single-source,wayback_bsnpr_players,https://web.archive.org/web/20200601011615id_/https://www.bsnpr.com/estadisticas/enciclopedia.asp,2026-09-08T14:25:42Z
2519,"Davila, Victor","davila, victor",Davila,Victor,,,,,,,,,,no,single-source,wayback_bsnpr_players,https://web.archive.org/web/20081217095452id_/http://www.bsnpr.com:80/estadisticas/enciclopedia.asp,2026-09-08T14:23:31Z
2520,"Garcia, Angel","garcia, angel",Garcia,Angel,,,,,,,,,,no,single-source,wayback_bsnpr_players,https://web.archive.org/web/20081217095452id_/http://www.bsnpr.com:80/estadisticas/enciclopedia.asp,2026-09-08T14:23:31Z
2521,"López Sosa, Carlos","lopez sosa, carlos",López Sosa,Carlos,Yao,6/23/1990,1990,,,,,,,no,single-source,wayback_bsnpr_players,https://web.archive.org/web/20200601011615id_/https://www.bsnpr.com/estadisticas/enciclopedia.asp,2026-09-08T14:25:42Z
2522,"Diaz, Jorge Bryan","diaz, jorge bryan",Diaz,Jorge Bryan,,,,,,,,,,no,single-source,wayback_bsnpr_players,https://web.archive.org/web/20081217095452id_/http://www.bsnpr.com:80/estadisticas/enciclopedia.asp,2026-09-08T14:23:31Z
2523,"Frontera, Fernando","frontera, fernando",Frontera,Fernando,,,,,,,,,,no,single-source,wayback_bsnpr_players,https://web.archive.org/web/20081217095452id_/http://www.bsnpr.com:80/estadisticas/enciclopedia.asp,2026-09-08T14:23:31Z
2524,"Matos, Delvin","matos, delvin",Matos,Delvin,,,,,,,,,,no,single-source,wayback_bsnpr_players,https://web.archive.org/web/20081217095452id_/http://www.bsnpr.com:80/estadisticas/enciclopedia.asp,2026-09-08T14:23:31Z
2525,"Prkácin, Nikola","prkacin, nikola",Prkácin,Nikola,,11/15/1975,1975,,,,,,,no,single-source,wayback_bsnpr_players,https://web.archive.org/web/20200601011615id_/https://www.bsnpr.com/estadisticas/enciclopedia.asp,2026-09-08T14:25:42Z
2526,"Bagaric, Dalibor","bagaric, dalibor",Bagaric,Dalibor,,2/7/1980,1980,,,,,,,no,single-source,wayback_bsnpr_players,https://web.archive.org/web/20200601011615id_/https://www.bsnpr.com/estadisticas/enciclopedia.asp,2026-09-08T14:25:42Z
2527,"Banic, Marco","banic, marco",Banic,Marco,,8/31/1984,1984,,,,,,,no,single-source,wayback_bsnpr_players,https://web.archive.org/web/20200601011615id_/https://www.bsnpr.com/estadisticas/enciclopedia.asp,2026-09-08T14:25:42Z
2528,"Barac, Stanko","barac, stanko",Barac,Stanko,,8/13/1986,1986,,,,,,,no,single-source,wayback_bsnpr_players,https://web.archive.org/web/20200601011615id_/https://www.bsnpr.com/estadisticas/enciclopedia.asp,2026-09-08T14:25:42Z
2529,"Bazdaric, Marino","bazdaric, marino",Bazdaric,Marino,,11/25/1978,1978,,,,,,,no,single-source,wayback_bsnpr_players,https://web.archive.org/web/20200601011615id_/https://www.bsnpr.com/estadisticas/enciclopedia.asp,2026-09-08T14:25:42Z
2530,"Kus, Davor","kus, davor",Kus,Davor,,7/21/1978,1978,,,,,,,no,single-source,wayback_bsnpr_players,https://web.archive.org/web/20200601011615id_/https://www.bsnpr.com/estadisticas/enciclopedia.asp,2026-09-08T14:25:42Z
2531,"Longin, Branimir","longin, branimir",Longin,Branimir,,2/7/1978,1978,,,,,,,no,single-source,wayback_bsnpr_players,https://web.archive.org/web/20200601011615id_/https://www.bsnpr.com/estadisticas/enciclopedia.asp,2026-09-08T14:25:42Z
2532,"Markota, Damir","markota, damir",Markota,Damir,,12/26/1985,1985,,,,,,,no,single-source,wayback_bsnpr_players,https://web.archive.org/web/20200601011615id_/https://www.bsnpr.com/estadisticas/enciclopedia.asp,2026-09-08T14:25:42Z
2533,"Planinic, Zoran","planinic, zoran",Planinic,Zoran,,9/12/1982,1982,,,,,,,no,single-source,wayback_bsnpr_players,https://web.archive.org/web/20200601011615id_/https://www.bsnpr.com/estadisticas/enciclopedia.asp,2026-09-08T14:25:42Z
2534,"Rozic, Marin","rozic, marin",Rozic,Marin,,2/14/1983,1983,,,,,,,no,single-source,wayback_bsnpr_players,https://web.archive.org/web/20200601011615id_/https://www.bsnpr.com/estadisticas/enciclopedia.asp,2026-09-08T14:25:42Z
2535,"Stojic, Mario","stojic, mario",Stojic,Mario,,5/6/1980,1980,,,,,,,no,single-source,wayback_bsnpr_players,https://web.archive.org/web/20200601011615id_/https://www.bsnpr.com/estadisticas/enciclopedia.asp,2026-09-08T14:25:42Z
2536,"Tomas, Marko","tomas, marko",Tomas,Marko,,3/1/1985,1985,,,,,,,no,single-source,wayback_bsnpr_players,https://web.archive.org/web/20200601011615id_/https://www.bsnpr.com/estadisticas/enciclopedia.asp,2026-09-08T14:25:42Z
2537,"Tomic, Ante","tomic, ante",Tomic,Ante,,2/17/1987,1987,,,,,,,no,single-source,wayback_bsnpr_players,https://web.archive.org/web/20200601011615id_/https://www.bsnpr.com/estadisticas/enciclopedia.asp,2026-09-08T14:25:42Z
2538,"Ukic, Roko Leni","ukic, roko leni",Ukic,Roko Leni,,12/5/1984,1984,,,,,,,no,single-source,wayback_bsnpr_players,https://web.archive.org/web/20200601011615id_/https://www.bsnpr.com/estadisticas/enciclopedia.asp,2026-09-08T14:25:42Z
2539,"Aboya, Alfred","aboya, alfred",Aboya,Alfred,,1/2/1985,1985,,,,,,,no,single-source,wayback_bsnpr_players,https://web.archive.org/web/20200601011615id_/https://www.bsnpr.com/estadisticas/enciclopedia.asp,2026-09-08T14:25:42Z
2540,"Amougui, Serval","amougui, serval",Amougui,Serval,,,,,,,,,,no,single-source,wayback_bsnpr_players,https://web.archive.org/web/20081217095452id_/http://www.bsnpr.com:80/estadisticas/enciclopedia.asp,2026-09-08T14:23:31Z
2541,"Bayang, Christian","bayang, christian",Bayang,Christian,,5/7/1987,1987,,,,,,,no,single-source,wayback_bsnpr_players,https://web.archive.org/web/20200601011615id_/https://www.bsnpr.com/estadisticas/enciclopedia.asp,2026-09-08T14:25:42Z
2542,"Bitee, Parfait","bitee, parfait",Bitee,Parfait,,7/23/1985,1985,,,,,,,no,single-source,wayback_bsnpr_players,https://web.archive.org/web/20200601011615id_/https://www.bsnpr.com/estadisticas/enciclopedia.asp,2026-09-08T14:25:42Z
2543,"Bouli, Patrick","bouli, patrick",Bouli,Patrick,,1/11/1986,1986,,,,,,,no,single-source,wayback_bsnpr_players,https://web.archive.org/web/20200601011615id_/https://www.bsnpr.com/estadisticas/enciclopedia.asp,2026-09-08T14:25:42Z
2544,"Ekanga Ehawa, Joachim","ekanga ehawa, joachim",Ekanga Ehawa,Joachim,,10/7/1977,1977,,,,,,,no,single-source,wayback_bsnpr_players,https://web.archive.org/web/20200601011615id_/https://www.bsnpr.com/estadisticas/enciclopedia.asp,2026-09-08T14:25:42Z
2545,"Ellong Ebongue, Jean Pierre","ellong ebongue, jean pierre",Ellong Ebongue,Jean Pierre,,10/7/1985,1985,,,,,,,no,single-source,wayback_bsnpr_players,https://web.archive.org/web/20200601011615id_/https://www.bsnpr.com/estadisticas/enciclopedia.asp,2026-09-08T14:25:42Z
2546,"Essengue, Gaston","essengue, gaston",Essengue,Gaston,,10/10/1983,1983,,,,,,,no,single-source,wayback_bsnpr_players,https://web.archive.org/web/20200601011615id_/https://www.bsnpr.com/estadisticas/enciclopedia.asp,2026-09-08T14:25:42Z
2547,"Mbah A Moute, Luc Richard","mbah a moute, luc richard",Mbah A Moute,Luc Richard,,9/9/1986,1986,,,,,,,no,single-source,wayback_bsnpr_players,https://web.archive.org/web/20200601011615id_/https://www.bsnpr.com/estadisticas/enciclopedia.asp,2026-09-08T14:25:42Z
2548,"Nana, Harding","nana, harding",Nana,Harding,,,,,,,,,,no,single-source,wayback_bsnpr_players,https://web.archive.org/web/20081217095452id_/http://www.bsnpr.com:80/estadisticas/enciclopedia.asp,2026-09-08T14:23:31Z
2549,"Ndongo, Frank","ndongo, frank",Ndongo,Frank,,7/12/1988,1988,,,,,,,no,single-source,wayback_bsnpr_players,https://web.archive.org/web/20200601011615id_/https://www.bsnpr.com/estadisticas/enciclopedia.asp,2026-09-08T14:25:42Z
2550,"Njoya, Seidou","njoya, seidou",Njoya,Seidou,,,,,,,,,,no,single-source,wayback_bsnpr_players,https://web.archive.org/web/20081217095452id_/http://www.bsnpr.com:80/estadisticas/enciclopedia.asp,2026-09-08T14:23:31Z
2551,"Owona, Joseph","owona, joseph",Owona,Joseph,,8/26/1976,1976,,,,,,,no,single-source,wayback_bsnpr_players,https://web.archive.org/web/20200601011615id_/https://www.bsnpr.com/estadisticas/enciclopedia.asp,2026-09-08T14:25:42Z
2552,"Pelle, Stephane","pelle, stephane",Pelle,Stephane,,4/15/1980,1980,,,,,,,no,single-source,wayback_bsnpr_players,https://web.archive.org/web/20200601011615id_/https://www.bsnpr.com/estadisticas/enciclopedia.asp,2026-09-08T14:25:42Z
2553,"Vounang, Brice","vounang, brice",Vounang,Brice,,12/3/1982,1982,,,,,,,no,single-source,wayback_bsnpr_players,https://web.archive.org/web/20200601011615id_/https://www.bsnpr.com/estadisticas/enciclopedia.asp,2026-09-08T14:25:42Z
2555,"Graham Gonzales, Paul","graham gonzales, paul",Graham Gonzales,Paul,,12/2/1985,1985,,,,,,,no,single-source,wayback_bsnpr_players,https://web.archive.org/web/20200601011615id_/https://www.bsnpr.com/estadisticas/enciclopedia.asp,2026-09-08T14:25:42Z
2556,"Clemente, Ramon","clemente, ramon",Clemente,Ramon,,12/11/1985,1985,,,,,,,no,single-source,wayback_bsnpr_players,https://web.archive.org/web/20200601011615id_/https://www.bsnpr.com/estadisticas/enciclopedia.asp,2026-09-08T14:25:42Z
2557,"Osimani, Martin","osimani, martin",Osimani,Martin,,5/22/1981,1981,,,,,,,no,single-source,wayback_bsnpr_players,https://web.archive.org/web/20200601011615id_/https://www.bsnpr.com/estadisticas/enciclopedia.asp,2026-09-08T14:25:42Z
2558,"Wolkowisky, Ruben","wolkowisky, ruben",Wolkowisky,Ruben,,9/30/1973,1973,,,,,,,no,single-source,wayback_bsnpr_players,https://web.archive.org/web/20200601011615id_/https://www.bsnpr.com/estadisticas/enciclopedia.asp,2026-09-08T14:25:42Z
2559,"Ubilla Alvarado, Emanuel","ubilla alvarado, emanuel",Ubilla Alvarado,Emanuel,,6/26/1986,1986,,,,,,,no,single-source,wayback_bsnpr_players,https://web.archive.org/web/20200601011615id_/https://www.bsnpr.com/estadisticas/enciclopedia.asp,2026-09-08T14:25:42Z
2560,"Ramirez Rivera, Luis S.","ramirez rivera, luis s",Ramirez Rivera,Luis S.,,5/31/1986,1986,,,,,,,no,single-source,wayback_bsnpr_players,https://web.archive.org/web/20200601011615id_/https://www.bsnpr.com/estadisticas/enciclopedia.asp,2026-09-08T14:25:42Z
2561,"Rodriguez Perez, Ricardo","rodriguez perez, ricardo",Rodriguez Perez,Ricardo,,2/9/1991,1991,,,,,,,no,single-source,wayback_bsnpr_players,https://web.archive.org/web/20200601011615id_/https://www.bsnpr.com/estadisticas/enciclopedia.asp,2026-09-08T14:25:42Z
2562,"Luis Diaz, Giovanni","luis diaz, giovanni",Luis Diaz,Giovanni,,7/31/1990,1990,,,,,,,no,single-source,wayback_bsnpr_players,https://web.archive.org/web/20200601011615id_/https://www.bsnpr.com/estadisticas/enciclopedia.asp,2026-09-08T14:25:42Z
2563,"Maye, James","maye, james",Maye,James,,1/29/1981,1981,,,,,,,no,single-source,wayback_bsnpr_players,https://web.archive.org/web/20200601011615id_/https://www.bsnpr.com/estadisticas/enciclopedia.asp,2026-09-08T14:25:42Z
2564,"Pizarro, Angel","pizarro, angel",Pizarro,Angel,,,,,,,,,,no,single-source,wayback_bsnpr_players,https://web.archive.org/web/20090427184144id_/http://www.bsnpr.com:80/estadisticas/enciclopedia.asp,2026-09-08T14:23:41Z
2565,"Guitián Alicea, José","guitian alicea, jose",Guitián Alicea,José,,1/3/1987,1987,,,,,,,no,single-source,wayback_bsnpr_players,https://web.archive.org/web/20200601011615id_/https://www.bsnpr.com/estadisticas/enciclopedia.asp,2026-09-08T14:25:42Z
2566,"Edwin, Jason","edwin, jason",Edwin,Jason,,6/24/1981,1981,,,,,,,no,single-source,wayback_bsnpr_players,https://web.archive.org/web/20200601011615id_/https://www.bsnpr.com/estadisticas/enciclopedia.asp,2026-09-08T14:25:42Z
2567,"Plaisted, Trent","plaisted, trent",Plaisted,Trent,,,,,,,,,,no,single-source,wayback_bsnpr_players,https://web.archive.org/web/20090427184144id_/http://www.bsnpr.com:80/estadisticas/enciclopedia.asp,2026-09-08T14:23:41Z
2568,"Cruz Price, Dane A.","cruz price, dane a",Cruz Price,Dane A.,,6/2/1986,1986,,,,,,,no,single-source,wayback_bsnpr_players,https://web.archive.org/web/20200601011615id_/https://www.bsnpr.com/estadisticas/enciclopedia.asp,2026-09-08T14:25:42Z
2569,"Smith, Donta","smith, donta",Smith,Donta,,11/23/1983,1983,,,,,,,no,single-source,wayback_bsnpr_players,https://web.archive.org/web/20200601011615id_/https://www.bsnpr.com/estadisticas/enciclopedia.asp,2026-09-08T14:25:42Z
2570,"Han Alicea, Francis Jonathan","han alicea, francis jonathan",Han Alicea,Francis Jonathan,,1/14/1987,1987,,,,,,,no,single-source,wayback_bsnpr_players,https://web.archive.org/web/20200601011615id_/https://www.bsnpr.com/estadisticas/enciclopedia.asp,2026-09-08T14:25:42Z
2571,"Gonzalez Habib, Gregory","gonzalez habib, gregory",Gonzalez Habib,Gregory,,5/8/1985,1985,,,,,,,no,single-source,wayback_bsnpr_players,https://web.archive.org/web/20200601011615id_/https://www.bsnpr.com/estadisticas/enciclopedia.asp,2026-09-08T14:25:42Z
2572,"Hunter, Christopher","hunter, christopher",Hunter,Christopher,,6/9/1984,1984,,,,,,,no,single-source,wayback_bsnpr_players,https://web.archive.org/web/20200601011615id_/https://www.bsnpr.com/estadisticas/enciclopedia.asp,2026-09-08T14:25:42Z
2573,"Barbosa Tillett, Raymond","barbosa tillett, raymond",Barbosa Tillett,Raymond,,10/26/1984,1984,,,,,,,no,single-source,wayback_bsnpr_players,https://web.archive.org/web/20200601011615id_/https://www.bsnpr.com/estadisticas/enciclopedia.asp,2026-09-08T14:25:42Z
2574,"Gonzalez Gómez, Christopher","gonzalez gomez, christopher",Gonzalez Gómez,Christopher,,5/5/1985,1985,,,,,,,no,single-source,wayback_bsnpr_players,https://web.archive.org/web/20200601011615id_/https://www.bsnpr.com/estadisticas/enciclopedia.asp,2026-09-08T14:25:42Z
2575,"Nelson, Edward","nelson, edward",Nelson,Edward,,3/18/1982,1982,,,,,,,no,single-source,wayback_bsnpr_players,https://web.archive.org/web/20200601011615id_/https://www.bsnpr.com/estadisticas/enciclopedia.asp,2026-09-08T14:25:42Z
2576,"Looby, Kurt","looby, kurt",Looby,Kurt,,2/14/1984,1984,,,,,,,no,single-source,wayback_bsnpr_players,https://web.archive.org/web/20200601011615id_/https://www.bsnpr.com/estadisticas/enciclopedia.asp,2026-09-08T14:25:42Z
2577,"Meeking, Antonio","meeking, antonio",Meeking,Antonio,,8/24/1981,1981,,,,,,,no,single-source,wayback_bsnpr_players,https://web.archive.org/web/20200601011615id_/https://www.bsnpr.com/estadisticas/enciclopedia.asp,2026-09-08T14:25:42Z
2578,"Del Valle Montalvo, Williset","del valle montalvo, williset",Del Valle Montalvo,Williset,,5/3/1985,1985,,,,,,,no,single-source,wayback_bsnpr_players,https://web.archive.org/web/20200601011615id_/https://www.bsnpr.com/estadisticas/enciclopedia.asp,2026-09-08T14:25:42Z
2579,"Ruiz Sanchez, Milcar","ruiz sanchez, milcar",Ruiz Sanchez,Milcar,,11/6/1985,1985,,,,,,,no,single-source,wayback_bsnpr_players,https://web.archive.org/web/20200601011615id_/https://www.bsnpr.com/estadisticas/enciclopedia.asp,2026-09-08T14:25:42Z
2580,"Nailon, Lee","nailon, lee",Nailon,Lee,,2/22/1975,1975,,,,,,,no,single-source,wayback_bsnpr_players,https://web.archive.org/web/20200601011615id_/https://www.bsnpr.com/estadisticas/enciclopedia.asp,2026-09-08T14:25:42Z
2581,"Rivera Rosado, Emanuel","rivera rosado, emanuel",Rivera Rosado,Emanuel,,12/25/1986,1986,,,,,,,no,single-source,wayback_bsnpr_players,https://web.archive.org/web/20200601011615id_/https://www.bsnpr.com/estadisticas/enciclopedia.asp,2026-09-08T14:25:42Z
2582,"Cruz Marrero, Cesar Gabriel","cruz marrero, cesar gabriel",Cruz Marrero,Cesar Gabriel,,7/12/1983,1983,,,,,,,no,single-source,wayback_bsnpr_players,https://web.archive.org/web/20200601011615id_/https://www.bsnpr.com/estadisticas/enciclopedia.asp,2026-09-08T14:25:42Z
2583,"Hernandez De Jesus, Samuel","hernandez de jesus, samuel",Hernandez De Jesus,Samuel,,,,,,,,,,no,single-source,wayback_bsnpr_players,https://web.archive.org/web/20090427184144id_/http://www.bsnpr.com:80/estadisticas/enciclopedia.asp,2026-09-08T14:23:41Z
2584,"Humphrey, Ryan","humphrey, ryan",Humphrey,Ryan,,6/24/1972,1972,,,,,,,no,single-source,wayback_bsnpr_players,https://web.archive.org/web/20200601011615id_/https://www.bsnpr.com/estadisticas/enciclopedia.asp,2026-09-08T14:25:42Z
2585,"Stevenson, Greg","stevenson, greg",Stevenson,Greg,,2/10/1978,1978,,,,,,,no,single-source,wayback_bsnpr_players,https://web.archive.org/web/20200601011615id_/https://www.bsnpr.com/estadisticas/enciclopedia.asp,2026-09-08T14:25:42Z
2586,"Williams, Marcus","williams, marcus",Williams,Marcus,,12/3/1985,1985,,,,,,,no,single-source,wayback_bsnpr_players,https://web.archive.org/web/20200601011615id_/https://www.bsnpr.com/estadisticas/enciclopedia.asp,2026-09-08T14:25:42Z
2587,"Jackson, Curtis","jackson, curtis",Jackson,Curtis,,,,,,,,,,no,single-source,wayback_bsnpr_players,https://web.archive.org/web/20090427184144id_/http://www.bsnpr.com:80/estadisticas/enciclopedia.asp,2026-09-08T14:23:41Z
2588,"Martinez, Carlos","martinez, carlos",Martinez,Carlos,,8/15/1988,1988,,,,,,,no,single-source,wayback_bsnpr_players,https://web.archive.org/web/20200601011615id_/https://www.bsnpr.com/estadisticas/enciclopedia.asp,2026-09-08T14:25:42Z
2589,"Perez Martinez, Manuel","perez martinez, manuel",Perez Martinez,Manuel,,9/6/1984,1984,,,,,,,no,single-source,wayback_bsnpr_players,https://web.archive.org/web/20200601011615id_/https://www.bsnpr.com/estadisticas/enciclopedia.asp,2026-09-08T14:25:42Z
2590,"Casiano, Roberto","casiano, roberto",Casiano,Roberto,,,,,,,,,,no,single-source,wayback_bsnpr_players,https://web.archive.org/web/20090529190748id_/http://www.bsnpr.com:80/estadisticas/enciclopedia.asp,2026-09-08T14:23:43Z
2591,"Monds, David","monds, david",Monds,David,,10/10/1983,1983,,,,,,,no,single-source,wayback_bsnpr_players,https://web.archive.org/web/20200601011615id_/https://www.bsnpr.com/estadisticas/enciclopedia.asp,2026-09-08T14:25:42Z
2592,"Davis, Josh","davis, josh",Davis,Josh,,8/10/1980,1980,,,,,,,no,single-source,wayback_bsnpr_players,https://web.archive.org/web/20200601011615id_/https://www.bsnpr.com/estadisticas/enciclopedia.asp,2026-09-08T14:25:42Z
2593,"Lasanta Jr., Richard","lasanta jr, richard",Lasanta Jr.,Richard,,11/22/1985,1985,,,,,,,no,single-source,wayback_bsnpr_players,https://web.archive.org/web/20200601011615id_/https://www.bsnpr.com/estadisticas/enciclopedia.asp,2026-09-08T14:25:42Z
2594,"Butler, Keith","butler, keith",Butler,Keith,,,,,,,,,,no,single-source,wayback_bsnpr_players,https://web.archive.org/web/20090529190748id_/http://www.bsnpr.com:80/estadisticas/enciclopedia.asp,2026-09-08T14:23:43Z
2595,"Bermudez Acevedo, Eduardo","bermudez acevedo, eduardo",Bermudez Acevedo,Eduardo,,9/12/1986,1986,,,,,,,no,single-source,wayback_bsnpr_players,https://web.archive.org/web/20200601011615id_/https://www.bsnpr.com/estadisticas/enciclopedia.asp,2026-09-08T14:25:42Z
2596,"Jones, Jumaine","jones, jumaine",Jones,Jumaine,,2/10/1979,1979,,,,,,,no,single-source,wayback_bsnpr_players,https://web.archive.org/web/20200601011615id_/https://www.bsnpr.com/estadisticas/enciclopedia.asp,2026-09-08T14:25:42Z
2598,"Townes Deare, Darian","townes deare, darian",Townes Deare,Darian,,7/31/1984,1984,,,,,,,no,single-source,wayback_bsnpr_players,https://web.archive.org/web/20200601011615id_/https://www.bsnpr.com/estadisticas/enciclopedia.asp,2026-09-08T14:25:42Z
2599,"Pinnock, Danilo","pinnock, danilo",Pinnock,Danilo,,12/11/1983,1983,,,,,,,no,single-source,wayback_bsnpr_players,https://web.archive.org/web/20200601011615id_/https://www.bsnpr.com/estadisticas/enciclopedia.asp,2026-09-08T14:25:42Z
2600,"Johnson, DerMarr","johnson, dermarr",Johnson,DerMarr,,5/5/1980,1980,,,,,,,no,single-source,wayback_bsnpr_players,https://web.archive.org/web/20200601011615id_/https://www.bsnpr.com/estadisticas/enciclopedia.asp,2026-09-08T14:25:42Z
2601,"McGowan, Glen","mcgowan, glen",McGowan,Glen,,,,,,,,,,no,single-source,wayback_bsnpr_players,https://web.archive.org/web/20090529190748id_/http://www.bsnpr.com:80/estadisticas/enciclopedia.asp,2026-09-08T14:23:43Z
2602,"Douthit, Marcus","douthit, marcus",Douthit,Marcus,,,,,,,,,,no,single-source,wayback_bsnpr_players,https://web.archive.org/web/20090629233445id_/http://www.bsnpr.com:80/estadisticas/enciclopedia.asp,2026-09-08T14:23:46Z
2603,"Baker, Maurice","baker, maurice",Baker,Maurice,,7/28/1975,1975,,,,,,,no,single-source,wayback_bsnpr_players,https://web.archive.org/web/20200601011615id_/https://www.bsnpr.com/estadisticas/enciclopedia.asp,2026-09-08T14:25:42Z
2604,"Soto Martinez, Josue","soto martinez, josue",Soto Martinez,Josue,,2/12/1988,1988,,,,,,,no,single-source,wayback_bsnpr_players,https://web.archive.org/web/20200601011615id_/https://www.bsnpr.com/estadisticas/enciclopedia.asp,2026-09-08T14:25:42Z
2606,"Harvey, Donnell","harvey, donnell",Harvey,Donnell,,8/26/1980,1980,,,,,,,no,single-source,wayback_bsnpr_players,https://web.archive.org/web/20200601011615id_/https://www.bsnpr.com/estadisticas/enciclopedia.asp,2026-09-08T14:25:42Z
2607,"Bortz, Mark","bortz, mark",Bortz,Mark,,12/23/1982,1982,,,,,,,no,single-source,wayback_bsnpr_players,https://web.archive.org/web/20200601011615id_/https://www.bsnpr.com/estadisticas/enciclopedia.asp,2026-09-08T14:25:42Z
2608,"Green, Nathan","green, nathan",Green,Nathan,,12/2/1977,1977,,,,,,,no,single-source,wayback_bsnpr_players,https://web.archive.org/web/20200601011615id_/https://www.bsnpr.com/estadisticas/enciclopedia.asp,2026-09-08T14:25:42Z
2609,"Hammonds, Cliff","hammonds, cliff",Hammonds,Cliff,,12/18/1985,1985,,,,,,,no,single-source,wayback_bsnpr_players,https://web.archive.org/web/20200601011615id_/https://www.bsnpr.com/estadisticas/enciclopedia.asp,2026-09-08T14:25:42Z
2610,"Mercado, Ismael","mercado, ismael",Mercado,Ismael,,,,,,,,,,no,single-source,wayback_bsnpr_players,https://web.archive.org/web/20100309081036id_/http://www.bsnpr.com:80/estadisticas/enciclopedia.asp,2026-09-08T14:24:00Z
2611,"Buford, Rodney","buford, rodney",Buford,Rodney,,,,,,,,,,no,single-source,wayback_bsnpr_players,https://web.archive.org/web/20100309081036id_/http://www.bsnpr.com:80/estadisticas/enciclopedia.asp,2026-09-08T14:24:00Z
2612,"Hernandez, Neal","hernandez, neal",Hernandez,Neal,,,,,,,,,,no,single-source,wayback_bsnpr_players,https://web.archive.org/web/20100309081036id_/http://www.bsnpr.com:80/estadisticas/enciclopedia.asp,2026-09-08T14:24:00Z
2613,"Gale Jr., Michael","gale jr, michael",Gale Jr.,Michael,,,,,,,,,,no,single-source,wayback_bsnpr_players,https://web.archive.org/web/20100309081036id_/http://www.bsnpr.com:80/estadisticas/enciclopedia.asp,2026-09-08T14:24:00Z
2614,"Lassiter, Bryant","lassiter, bryant",Lassiter,Bryant,,,,,,,,,,no,single-source,wayback_bsnpr_players,https://web.archive.org/web/20100309081036id_/http://www.bsnpr.com:80/estadisticas/enciclopedia.asp,2026-09-08T14:24:00Z
2615,"Penn, Kleon","penn, kleon",Penn,Kleon,,9/1/1986,1986,,,,,,,no,single-source,wayback_bsnpr_players,https://web.archive.org/web/20200601011615id_/https://www.bsnpr.com/estadisticas/enciclopedia.asp,2026-09-08T14:25:42Z
2616,"Santiago, Bladimir","santiago, bladimir",Santiago,Bladimir,,,,,,,,,,no,single-source,wayback_bsnpr_players,https://web.archive.org/web/20100309081036id_/http://www.bsnpr.com:80/estadisticas/enciclopedia.asp,2026-09-08T14:24:00Z
2617,"Rodriguez, Christopher","rodriguez, christopher",Rodriguez,Christopher,,,,,,,,,,no,single-source,wayback_bsnpr_players,https://web.archive.org/web/20100309081036id_/http://www.bsnpr.com:80/estadisticas/enciclopedia.asp,2026-09-08T14:24:00Z
2618,"Romero, Jonathan","romero, jonathan",Romero,Jonathan,,,,,,,,,,no,single-source,wayback_bsnpr_players,https://web.archive.org/web/20100309081036id_/http://www.bsnpr.com:80/estadisticas/enciclopedia.asp,2026-09-08T14:24:00Z
2619,"Lopez, Jose Enrique","lopez, jose enrique",Lopez,Jose Enrique,,6/24/1991,1991,,,,,,,no,single-source,wayback_bsnpr_players,https://web.archive.org/web/20200601011615id_/https://www.bsnpr.com/estadisticas/enciclopedia.asp,2026-09-08T14:25:42Z
2620,"Russell Jr., Walker","russell jr, walker",Russell Jr.,Walker,,10/6/1982,1982,,,,,,,no,single-source,wayback_bsnpr_players,https://web.archive.org/web/20200601011615id_/https://www.bsnpr.com/estadisticas/enciclopedia.asp,2026-09-08T14:25:42Z
2621,"Green, Devin","green, devin",Green,Devin,,10/25/1982,1982,,,,,,,no,single-source,wayback_bsnpr_players,https://web.archive.org/web/20200601011615id_/https://www.bsnpr.com/estadisticas/enciclopedia.asp,2026-09-08T14:25:42Z
2622,"Pruitt, Shaun","pruitt, shaun",Pruitt,Shaun,,11/22/1985,1985,,,,,,,no,single-source,wayback_bsnpr_players,https://web.archive.org/web/20200601011615id_/https://www.bsnpr.com/estadisticas/enciclopedia.asp,2026-09-08T14:25:42Z
2623,"Mitchell, Markus","mitchell, markus",Mitchell,Markus,,11/12/1986,1986,,,,,,,no,single-source,wayback_bsnpr_players,https://web.archive.org/web/20200601011615id_/https://www.bsnpr.com/estadisticas/enciclopedia.asp,2026-09-08T14:25:42Z
2624,"Steyn, Frans","steyn, frans",Steyn,Frans,,7/19/1982,1982,,,,,,,no,single-source,wayback_bsnpr_players,https://web.archive.org/web/20200601011615id_/https://www.bsnpr.com/estadisticas/enciclopedia.asp,2026-09-08T14:25:42Z
2625,"Lanauze, Juan Jose","lanauze, juan jose",Lanauze,Juan Jose,,,,,,,,,,no,single-source,wayback_bsnpr_players,https://web.archive.org/web/20100309081036id_/http://www.bsnpr.com:80/estadisticas/enciclopedia.asp,2026-09-08T14:24:00Z
2626,"Burgos, Jerome","burgos, jerome",Burgos,Jerome,,,,,,,,,,no,single-source,wayback_bsnpr_players,https://web.archive.org/web/20100309081036id_/http://www.bsnpr.com:80/estadisticas/enciclopedia.asp,2026-09-08T14:24:00Z
2627,"Garcia, Jose","garcia, jose",Garcia,Jose,,,,,,,,,,no,single-source,wayback_bsnpr_players,https://web.archive.org/web/20100309081036id_/http://www.bsnpr.com:80/estadisticas/enciclopedia.asp,2026-09-08T14:24:00Z
2628,"Morales, Luis Damian","morales, luis damian",Morales,Luis Damian,,3/18/1988,1988,,,,,,,no,single-source,wayback_bsnpr_players,https://web.archive.org/web/20200601011615id_/https://www.bsnpr.com/estadisticas/enciclopedia.asp,2026-09-08T14:25:42Z
2629,"Walker, Antoine","walker, antoine",Walker,Antoine,,8/12/1976,1976,,,,,,,no,single-source,wayback_bsnpr_players,https://web.archive.org/web/20200601011615id_/https://www.bsnpr.com/estadisticas/enciclopedia.asp,2026-09-08T14:25:42Z
2630,"Turner, Larry","turner, larry",Turner,Larry,,,,,,,,,,no,single-source,wayback_bsnpr_players,https://web.archive.org/web/20100309081036id_/http://www.bsnpr.com:80/estadisticas/enciclopedia.asp,2026-09-08T14:24:00Z
2631,"Figueroa, Carlos","figueroa, carlos",Figueroa,Carlos,,5/6/1988,1988,,,,,,,no,single-source,wayback_bsnpr_players,https://web.archive.org/web/20200601011615id_/https://www.bsnpr.com/estadisticas/enciclopedia.asp,2026-09-08T14:25:42Z
2632,"Martinez, Miguel","martinez, miguel",Martinez,Miguel,,,,,,,,,,no,single-source,wayback_bsnpr_players,https://web.archive.org/web/20100309081036id_/http://www.bsnpr.com:80/estadisticas/enciclopedia.asp,2026-09-08T14:24:00Z
2633,"Walker, Blake","walker, blake",Walker,Blake,,,,,,,,,,no,single-source,wayback_bsnpr_players,https://web.archive.org/web/20100309081036id_/http://www.bsnpr.com:80/estadisticas/enciclopedia.asp,2026-09-08T14:24:00Z
2634,"Ofoegbu, Ike","ofoegbu, ike",Ofoegbu,Ike,,11/9/1984,1984,,,,,,,no,single-source,wayback_bsnpr_players,https://web.archive.org/web/20200601011615id_/https://www.bsnpr.com/estadisticas/enciclopedia.asp,2026-09-08T14:25:42Z
2635,"Carmona, Benigno","carmona, benigno",Carmona,Benigno,,,,,,,,,,no,single-source,wayback_bsnpr_players,https://web.archive.org/web/20100309081036id_/http://www.bsnpr.com:80/estadisticas/enciclopedia.asp,2026-09-08T14:24:00Z
2636,"Mays, James","mays, james",Mays,James,,3/8/1986,1986,,,,,,,no,single-source,wayback_bsnpr_players,https://web.archive.org/web/20200601011615id_/https://www.bsnpr.com/estadisticas/enciclopedia.asp,2026-09-08T14:25:42Z
2637,"Hernández Matías, Luis","hernandez matias, luis",Hernández Matías,Luis,Pelacoco,7/16/1988,1988,,,,,,,no,single-source,wayback_bsnpr_players,https://web.archive.org/web/20200601011615id_/https://www.bsnpr.com/estadisticas/enciclopedia.asp,2026-09-08T14:25:42Z
2638,"Gainous, Marquis","gainous, marquis",Gainous,Marquis,,12/6/1976,1976,,,,,,,no,single-source,wayback_bsnpr_players,https://web.archive.org/web/20200601011615id_/https://www.bsnpr.com/estadisticas/enciclopedia.asp,2026-09-08T14:25:42Z
2639,"Sims, Courtney","sims, courtney",Sims,Courtney,,10/21/1983,1983,,,,,,,no,single-source,wayback_bsnpr_players,https://web.archive.org/web/20200601011615id_/https://www.bsnpr.com/estadisticas/enciclopedia.asp,2026-09-08T14:25:42Z
2640,"Almodovar, Josue","almodovar, josue",Almodovar,Josue,,,,,,,,,,no,single-source,wayback_bsnpr_players,https://web.archive.org/web/20110903022720id_/http://www.bsnpr.com:80/estadisticas/enciclopedia.asp,2026-09-08T14:24:03Z
2641,"Millsap, John","millsap, john",Millsap,John,,,,,,,,,,no,single-source,wayback_bsnpr_players,https://web.archive.org/web/20110903022720id_/http://www.bsnpr.com:80/estadisticas/enciclopedia.asp,2026-09-08T14:24:03Z
2642,"Hickerson, LeRoy","hickerson, leroy",Hickerson,LeRoy,,3/9/1982,1982,,,,,,,no,single-source,wayback_bsnpr_players,https://web.archive.org/web/20200601011615id_/https://www.bsnpr.com/estadisticas/enciclopedia.asp,2026-09-08T14:25:42Z
2643,"Daniels, Chris","daniels, chris",Daniels,Chris,,,,,,,,,,no,single-source,wayback_bsnpr_players,https://web.archive.org/web/20110903022720id_/http://www.bsnpr.com:80/estadisticas/enciclopedia.asp,2026-09-08T14:24:03Z
2644,"Rodriguez, Carlos","rodriguez, carlos",Rodriguez,Carlos,,,,,,,,,,no,single-source,wayback_bsnpr_players,https://web.archive.org/web/20110903022720id_/http://www.bsnpr.com:80/estadisticas/enciclopedia.asp,2026-09-08T14:24:03Z
2645,"Rodgers, Leon","rodgers, leon",Rodgers,Leon,,6/19/1980,1980,,,,,,,no,single-source,wayback_bsnpr_players,https://web.archive.org/web/20200601011615id_/https://www.bsnpr.com/estadisticas/enciclopedia.asp,2026-09-08T14:25:42Z
2646,"Brown, Andre","brown, andre",Brown,Andre,,5/12/1981,1981,,,,,,,no,single-source,wayback_bsnpr_players,https://web.archive.org/web/20200601011615id_/https://www.bsnpr.com/estadisticas/enciclopedia.asp,2026-09-08T14:25:42Z
2647,"Strong, Carlos","strong, carlos",Strong,Carlos,,11/20/1987,1987,,,,,,,no,single-source,wayback_bsnpr_players,https://web.archive.org/web/20200601011615id_/https://www.bsnpr.com/estadisticas/enciclopedia.asp,2026-09-08T14:25:42Z
2648,"Melvin, Marcus","melvin, marcus",Melvin,Marcus,,,,,,,,,,no,single-source,wayback_bsnpr_players,https://web.archive.org/web/20110903022720id_/http://www.bsnpr.com:80/estadisticas/enciclopedia.asp,2026-09-08T14:24:03Z
2649,"Tucker, Alando","tucker, alando",Tucker,Alando,,2/11/1984,1984,,,,,,,no,single-source,wayback_bsnpr_players,https://web.archive.org/web/20200601011615id_/https://www.bsnpr.com/estadisticas/enciclopedia.asp,2026-09-08T14:25:42Z
2650,"Jones, Damon","jones, damon",Jones,Damon,,8/25/1976,1976,,,,,,,no,single-source,wayback_bsnpr_players,https://web.archive.org/web/20200601011615id_/https://www.bsnpr.com/estadisticas/enciclopedia.asp,2026-09-08T14:25:42Z
2651,"Sweetney, Michael","sweetney, michael",Sweetney,Michael,,10/25/1982,1982,,,,,,,no,single-source,wayback_bsnpr_players,https://web.archive.org/web/20200601011615id_/https://www.bsnpr.com/estadisticas/enciclopedia.asp,2026-09-08T14:25:42Z
2652,"Williams, Sean","williams, sean",Williams,Sean,,9/13/1986,1986,,,,,,,no,single-source,wayback_bsnpr_players,https://web.archive.org/web/20200601011615id_/https://www.bsnpr.com/estadisticas/enciclopedia.asp,2026-09-08T14:25:42Z
2653,"Pickett, Tim","pickett, tim",Pickett,Tim,,4/18/1981,1981,,,,,,,no,single-source,wayback_bsnpr_players,https://web.archive.org/web/20200601011615id_/https://www.bsnpr.com/estadisticas/enciclopedia.asp,2026-09-08T14:25:42Z
2654,"Austin, Mario","austin, mario",Austin,Mario,,2/26/1982,1982,,,,,,,no,single-source,wayback_bsnpr_players,https://web.archive.org/web/20200601011615id_/https://www.bsnpr.com/estadisticas/enciclopedia.asp,2026-09-08T14:25:42Z
2655,"Emmett, Andre","emmett, andre",Emmett,Andre,,8/27/1982,1982,,,,,,,no,single-source,wayback_bsnpr_players,https://web.archive.org/web/20200601011615id_/https://www.bsnpr.com/estadisticas/enciclopedia.asp,2026-09-08T14:25:42Z
2656,"Bruton, C.J.","bruton, cj",Bruton,C.J.,,,,,,,,,,no,single-source,wayback_bsnpr_players,https://web.archive.org/web/20110903022720id_/http://www.bsnpr.com:80/estadisticas/enciclopedia.asp,2026-09-08T14:24:03Z
2657,"Colon Rivera, Luis Miguel","colon rivera, luis miguel",Colon Rivera,Luis Miguel,,7/10/1986,1986,,,,,,,no,single-source,wayback_bsnpr_players,https://web.archive.org/web/20200601011615id_/https://www.bsnpr.com/estadisticas/enciclopedia.asp,2026-09-08T14:25:42Z
2658,"Anderson, Antonio","anderson, antonio",Anderson,Antonio,,6/5/1985,1985,,,,,,,no,single-source,wayback_bsnpr_players,https://web.archive.org/web/20200601011615id_/https://www.bsnpr.com/estadisticas/enciclopedia.asp,2026-09-08T14:25:42Z
2659,"Okosa, Reggie","okosa, reggie",Okosa,Reggie,,,,,,,,,,no,single-source,wayback_bsnpr_players,https://web.archive.org/web/20110903022720id_/http://www.bsnpr.com:80/estadisticas/enciclopedia.asp,2026-09-08T14:24:03Z
2660,"Reiner, Jared","reiner, jared",Reiner,Jared,,,,,,,,,,no,single-source,wayback_bsnpr_players,https://web.archive.org/web/20110903022720id_/http://www.bsnpr.com:80/estadisticas/enciclopedia.asp,2026-09-08T14:24:03Z
2661,"Vigil, Roberto","vigil, roberto",Vigil,Roberto,,5/6/1957,1957,,,,,,,no,single-source,wayback_bsnpr_players,https://web.archive.org/web/20200601011615id_/https://www.bsnpr.com/estadisticas/enciclopedia.asp,2026-09-08T14:25:42Z
2662,"Matthews, Clarence","matthews, clarence",Matthews,Clarence,,,,,,,,,,no,single-source,wayback_bsnpr_players,https://web.archive.org/web/20110903022720id_/http://www.bsnpr.com:80/estadisticas/enciclopedia.asp,2026-09-08T14:24:03Z
2663,"Davidson, Jermareo","davidson, jermareo",Davidson,Jermareo,,11/15/1985,1985,,,,,,,no,single-source,wayback_bsnpr_players,https://web.archive.org/web/20200601011615id_/https://www.bsnpr.com/estadisticas/enciclopedia.asp,2026-09-08T14:25:42Z
2664,"Chaney, Richard","chaney, richard",Chaney,Richard,,1/23/1984,1984,,,,,,,no,single-source,wayback_bsnpr_players,https://web.archive.org/web/20200601011615id_/https://www.bsnpr.com/estadisticas/enciclopedia.asp,2026-09-08T14:25:42Z
2665,"Benson, Rod","benson, rod",Benson,Rod,,10/10/1984,1984,,,,,,,no,single-source,wayback_bsnpr_players,https://web.archive.org/web/20200601011615id_/https://www.bsnpr.com/estadisticas/enciclopedia.asp,2026-09-08T14:25:42Z
2666,"Diaz, Guillermo","diaz, guillermo",Diaz,Guillermo,,3/4/1985,1985,,,,,,,no,single-source,wayback_bsnpr_players,https://web.archive.org/web/20200601011615id_/https://www.bsnpr.com/estadisticas/enciclopedia.asp,2026-09-08T14:25:42Z
2667,"Clancy Jr., Sam","clancy jr, sam",Clancy Jr.,Sam,,5/4/1980,1980,,,,,,,no,single-source,wayback_bsnpr_players,https://web.archive.org/web/20200601011615id_/https://www.bsnpr.com/estadisticas/enciclopedia.asp,2026-09-08T14:25:42Z
2668,"Robinson, Brandon","robinson, brandon",Robinson,Brandon,,4/15/1981,1981,,,,,,,no,single-source,wayback_bsnpr_players,https://web.archive.org/web/20200601011615id_/https://www.bsnpr.com/estadisticas/enciclopedia.asp,2026-09-08T14:25:42Z
2669,"Henderson, Mychal","henderson, mychal",Henderson,Mychal,,11/15/1984,1984,,,,,,,no,single-source,wayback_bsnpr_players,https://web.archive.org/web/20200601011615id_/https://www.bsnpr.com/estadisticas/enciclopedia.asp,2026-09-08T14:25:42Z
2670,"Rodriguez, Jorge","rodriguez, jorge",Rodriguez,Jorge,,,,,,,,,,no,single-source,wayback_bsnpr_players,https://web.archive.org/web/20110903022720id_/http://www.bsnpr.com:80/estadisticas/enciclopedia.asp,2026-09-08T14:24:03Z
2671,"Santiago, Bladimyr","santiago, bladimyr",Santiago,Bladimyr,,,,,,,,,,no,single-source,wayback_bsnpr_players,https://web.archive.org/web/20110903022720id_/http://www.bsnpr.com:80/estadisticas/enciclopedia.asp,2026-09-08T14:24:03Z
2672,"Soto Torres, Christian A.","soto torres, christian a",Soto Torres,Christian A.,,10/26/1987,1987,,,,,,,no,single-source,wayback_bsnpr_players,https://web.archive.org/web/20200601011615id_/https://www.bsnpr.com/estadisticas/enciclopedia.asp,2026-09-08T14:25:42Z
2673,"Edwards, John","edwards, john",Edwards,John,,7/31/1981,1981,,,,,,,no,single-source,wayback_bsnpr_players,https://web.archive.org/web/20200601011615id_/https://www.bsnpr.com/estadisticas/enciclopedia.asp,2026-09-08T14:25:42Z
2674,"Clinch, Lewis","clinch, lewis",Clinch,Lewis,,6/29/1987,1987,,,,,,,no,single-source,wayback_bsnpr_players,https://web.archive.org/web/20200601011615id_/https://www.bsnpr.com/estadisticas/enciclopedia.asp,2026-09-08T14:25:42Z
2675,"Cotto, Rubén","cotto, ruben",Cotto,Rubén,,3/30/1989,1989,,,,,,,no,single-source,wayback_bsnpr_players,https://web.archive.org/web/20200601011615id_/https://www.bsnpr.com/estadisticas/enciclopedia.asp,2026-09-08T14:25:42Z
2676,"Johnson, Dalron Lamar","johnson, dalron lamar",Johnson,Dalron Lamar,,6/27/1981,1981,,,,,,,no,single-source,wayback_bsnpr_players,https://web.archive.org/web/20200601011615id_/https://www.bsnpr.com/estadisticas/enciclopedia.asp,2026-09-08T14:25:42Z
2677,"Fields, Ronnie","fields, ronnie",Fields,Ronnie,,2/28/1977,1977,,,,,,,no,single-source,wayback_bsnpr_players,https://web.archive.org/web/20200601011615id_/https://www.bsnpr.com/estadisticas/enciclopedia.asp,2026-09-08T14:25:42Z
2678,"Rivera, Edgardo","rivera, edgardo",Rivera,Edgardo,,3/5/1985,1985,,,,,,,no,single-source,wayback_bsnpr_players,https://web.archive.org/web/20200601011615id_/https://www.bsnpr.com/estadisticas/enciclopedia.asp,2026-09-08T14:25:42Z
2679,"Manzano, Tomas","manzano, tomas",Manzano,Tomas,,,,,,,,,,no,single-source,wayback_bsnpr_players,https://web.archive.org/web/20110903022720id_/http://www.bsnpr.com:80/estadisticas/enciclopedia.asp,2026-09-08T14:24:03Z
2680,"Moore, Eric","moore, eric",Moore,Eric,,,,,,,,,,no,single-source,wayback_bsnpr_players,https://web.archive.org/web/20110903022720id_/http://www.bsnpr.com:80/estadisticas/enciclopedia.asp,2026-09-08T14:24:03Z
2681,"Gains, Dominic","gains, dominic",Gains,Dominic,,,,,,,,,,no,single-source,wayback_bsnpr_players,https://web.archive.org/web/20110903022720id_/http://www.bsnpr.com:80/estadisticas/enciclopedia.asp,2026-09-08T14:24:03Z
2682,"Colón, Alexis","colon, alexis",Colón,Alexis,Bebo,7/28/1992,1992,,,,,,,no,single-source,wayback_bsnpr_players,https://web.archive.org/web/20200601011615id_/https://www.bsnpr.com/estadisticas/enciclopedia.asp,2026-09-08T14:25:42Z
2683,"Dawson, Joseth","dawson, joseth",Dawson,Joseth,,,,,,,,,,no,single-source,wayback_bsnpr_players,https://web.archive.org/web/20110903022720id_/http://www.bsnpr.com:80/estadisticas/enciclopedia.asp,2026-09-08T14:24:03Z
2684,"Acevedo, Gilberto","acevedo, gilberto",Acevedo,Gilberto,,,,,,,,,,no,single-source,wayback_bsnpr_players,https://web.archive.org/web/20110903022720id_/http://www.bsnpr.com:80/estadisticas/enciclopedia.asp,2026-09-08T14:24:03Z
2685,"Hill, Armond","hill, armond",Hill,Armond,,10/16/1986,1986,,,,,,,no,single-source,wayback_bsnpr_players,https://web.archive.org/web/20200601011615id_/https://www.bsnpr.com/estadisticas/enciclopedia.asp,2026-09-08T14:25:42Z
2686,"Ramos, Carlos","ramos, carlos",Ramos,Carlos,Frankie,12/29/1991,1991,,,,,,,no,single-source,wayback_bsnpr_players,https://web.archive.org/web/20200601011615id_/https://www.bsnpr.com/estadisticas/enciclopedia.asp,2026-09-08T14:25:42Z
2687,"Leon, Nick","leon, nick",Leon,Nick,,5/6/1988,1988,,,,,,,no,single-source,wayback_bsnpr_players,https://web.archive.org/web/20200601011615id_/https://www.bsnpr.com/estadisticas/enciclopedia.asp,2026-09-08T14:25:42Z
2688,"Romero Rivas, Hector Orlando","romero rivas, hector orlando",Romero Rivas,Hector Orlando,,1/3/1980,1980,,,,,,,no,single-source,wayback_bsnpr_players,https://web.archive.org/web/20200601011615id_/https://www.bsnpr.com/estadisticas/enciclopedia.asp,2026-09-08T14:25:42Z
2689,"Brown, Daniel","brown, daniel",Brown,Daniel,Dee,10/17/1984,1984,,,,,,,no,single-source,wayback_bsnpr_players,https://web.archive.org/web/20200601011615id_/https://www.bsnpr.com/estadisticas/enciclopedia.asp,2026-09-08T14:25:42Z
2690,"Lloreda Ferrón, José Jaime","lloreda ferron, jose jaime",Lloreda Ferrón,José Jaime,,11/10/1980,1980,,,,,,,no,single-source,wayback_bsnpr_players,https://web.archive.org/web/20200601011615id_/https://www.bsnpr.com/estadisticas/enciclopedia.asp,2026-09-08T14:25:42Z
2691,"Clinch Bryant, Lewis","clinch bryant, lewis",Clinch Bryant,Lewis,,6/29/1987,1987,,,,,,,no,single-source,wayback_bsnpr_players,https://web.archive.org/web/20200601011615id_/https://www.bsnpr.com/estadisticas/enciclopedia.asp,2026-09-08T14:25:42Z
2692,"Randolph, Shavlik","randolph, shavlik",Randolph,Shavlik,,11/24/1984,1984,,,,,,,no,single-source,wayback_bsnpr_players,https://web.archive.org/web/20200601011615id_/https://www.bsnpr.com/estadisticas/enciclopedia.asp,2026-09-08T14:25:42Z
2693,"Lamizana, Herve","lamizana, herve",Lamizana,Herve,,1/22/1981,1981,,,,,,,no,single-source,wayback_bsnpr_players,https://web.archive.org/web/20200601011615id_/https://www.bsnpr.com/estadisticas/enciclopedia.asp,2026-09-08T14:25:42Z
2694,"Ortiz, Johan","ortiz, johan",Ortiz,Johan,,,,,,,,,,no,single-source,wayback_bsnpr_players,https://web.archive.org/web/20110903022720id_/http://www.bsnpr.com:80/estadisticas/enciclopedia.asp,2026-09-08T14:24:03Z
2695,"Worthington, Mark","worthington, mark",Worthington,Mark,,8/6/1983,1983,,,,,,,no,single-source,wayback_bsnpr_players,https://web.archive.org/web/20200601011615id_/https://www.bsnpr.com/estadisticas/enciclopedia.asp,2026-09-08T14:25:42Z
2696,"Hernandez, Adrian","hernandez, adrian",Hernandez,Adrian,,,,,,,,,,no,single-source,wayback_bsnpr_players,https://web.archive.org/web/20110903022720id_/http://www.bsnpr.com:80/estadisticas/enciclopedia.asp,2026-09-08T14:24:03Z
2697,"Harris, Mike","harris, mike",Harris,Mike,,6/15/1983,1983,,,,,,,no,single-source,wayback_bsnpr_players,https://web.archive.org/web/20200601011615id_/https://www.bsnpr.com/estadisticas/enciclopedia.asp,2026-09-08T14:25:42Z
2698,"Rodriguez, Joey","rodriguez, joey",Rodriguez,Joey,,6/20/1988,1988,,,,,,,no,single-source,wayback_bsnpr_players,https://web.archive.org/web/20200601011615id_/https://www.bsnpr.com/estadisticas/enciclopedia.asp,2026-09-08T14:25:42Z
2699,"Sims Pruitt, DeShawn","sims pruitt, deshawn",Sims Pruitt,DeShawn,,1/21/1988,1988,,,,,,,no,single-source,wayback_bsnpr_players,https://web.archive.org/web/20200601011615id_/https://www.bsnpr.com/estadisticas/enciclopedia.asp,2026-09-08T14:25:42Z
2700,"Ubiles, Edwin","ubiles, edwin",Ubiles,Edwin,,11/26/1986,1986,,,,,,,no,single-source,wayback_bsnpr_players,https://web.archive.org/web/20200601011615id_/https://www.bsnpr.com/estadisticas/enciclopedia.asp,2026-09-08T14:25:42Z
2701,"Clavell, Gilberto","clavell, gilberto",Clavell,Gilberto,,8/10/1989,1989,,,,,,,no,single-source,wayback_bsnpr_players,https://web.archive.org/web/20200601011615id_/https://www.bsnpr.com/estadisticas/enciclopedia.asp,2026-09-08T14:25:42Z
2702,"Clemente, Denis","clemente, denis",Clemente,Denis,,4/10/1986,1986,,,,,,,no,single-source,wayback_bsnpr_players,https://web.archive.org/web/20200601011615id_/https://www.bsnpr.com/estadisticas/enciclopedia.asp,2026-09-08T14:25:42Z
2703,"Johnson, Ivan","johnson, ivan",Johnson,Ivan,,4/10/1984,1984,,,,,,,no,single-source,wayback_bsnpr_players,https://web.archive.org/web/20200601011615id_/https://www.bsnpr.com/estadisticas/enciclopedia.asp,2026-09-08T14:25:42Z
2704,"Diaz, Leandro","diaz, leandro",Diaz,Leandro,,,,,,,,,,no,single-source,wayback_bsnpr_players,https://web.archive.org/web/20110903022720id_/http://www.bsnpr.com:80/estadisticas/enciclopedia.asp,2026-09-08T14:24:03Z
2705,"Rickert, Rick","rickert, rick",Rickert,Rick,,2/11/1983,1983,,,,,,,no,single-source,wayback_bsnpr_players,https://web.archive.org/web/20200601011615id_/https://www.bsnpr.com/estadisticas/enciclopedia.asp,2026-09-08T14:25:42Z
2706,"Jones, Dwayne","jones, dwayne",Jones,Dwayne,,6/9/1983,1983,,,,,,,no,single-source,wayback_bsnpr_players,https://web.archive.org/web/20200601011615id_/https://www.bsnpr.com/estadisticas/enciclopedia.asp,2026-09-08T14:25:42Z
2707,"Landry, Marcus","landry, marcus",Landry,Marcus,,11/1/1985,1985,,,,,,,no,single-source,wayback_bsnpr_players,https://web.archive.org/web/20200601011615id_/https://www.bsnpr.com/estadisticas/enciclopedia.asp,2026-09-08T14:25:42Z
2708,"Leather, Terrence","leather, terrence",Leather,Terrence,,1/7/1981,1981,,,,,,,no,single-source,wayback_bsnpr_players,https://web.archive.org/web/20200601011615id_/https://www.bsnpr.com/estadisticas/enciclopedia.asp,2026-09-08T14:25:42Z
2709,"Ortiz, Ricardo","ortiz, ricardo",Ortiz,Ricardo,,,,,,,,,,no,single-source,wayback_bsnpr_players,https://web.archive.org/web/20110903022720id_/http://www.bsnpr.com:80/estadisticas/enciclopedia.asp,2026-09-08T14:24:03Z
2710,"McCoy, Jelani","mccoy, jelani",McCoy,Jelani,,12/6/1973,1973,,,,,,,no,single-source,wayback_bsnpr_players,https://web.archive.org/web/20200601011615id_/https://www.bsnpr.com/estadisticas/enciclopedia.asp,2026-09-08T14:25:42Z
2712,"Lopez Lora, Jose R.","lopez lora, jose r",Lopez Lora,Jose R.,,,,,,,,,,no,single-source,wayback_bsnpr_players,https://web.archive.org/web/20110903022720id_/http://www.bsnpr.com:80/estadisticas/enciclopedia.asp,2026-09-08T14:24:03Z
2714,"Freeman, Rashaun","freeman, rashaun",Freeman,Rashaun,,,,,,,,,,no,single-source,wayback_bsnpr_players,https://web.archive.org/web/20110903022720id_/http://www.bsnpr.com:80/estadisticas/enciclopedia.asp,2026-09-08T14:24:03Z
2715,"Killingsworth, Marco","killingsworth, marco",Killingsworth,Marco,,2/21/1982,1982,,,,,,,no,single-source,wayback_bsnpr_players,https://web.archive.org/web/20200601011615id_/https://www.bsnpr.com/estadisticas/enciclopedia.asp,2026-09-08T14:25:42Z
2716,"Tucker, Anthony","tucker, anthony",Tucker,Anthony,PJ,5/5/1985,1985,,,,,,,no,single-source,wayback_bsnpr_players,https://web.archive.org/web/20200601011615id_/https://www.bsnpr.com/estadisticas/enciclopedia.asp,2026-09-08T14:25:42Z
2717,"Kramer, Christopher","kramer, christopher",Kramer,Christopher,,4/4/1988,1988,,,,,,,no,single-source,wayback_bsnpr_players,https://web.archive.org/web/20200601011615id_/https://www.bsnpr.com/estadisticas/enciclopedia.asp,2026-09-08T14:25:42Z
2718,"Washington, Darius","washington, darius",Washington,Darius,,12/6/1985,1985,,,,,,,no,single-source,wayback_bsnpr_players,https://web.archive.org/web/20200601011615id_/https://www.bsnpr.com/estadisticas/enciclopedia.asp,2026-09-08T14:25:42Z
2719,"Osby, Bambale","osby, bambale",Osby,Bambale,,,,,,,,,,no,single-source,wayback_bsnpr_players,https://web.archive.org/web/20110903022720id_/http://www.bsnpr.com:80/estadisticas/enciclopedia.asp,2026-09-08T14:24:03Z
2720,"Washington, Michael","washington, michael",Washington,Michael,,12/2/1986,1986,,,,,,,no,single-source,wayback_bsnpr_players,https://web.archive.org/web/20200601011615id_/https://www.bsnpr.com/estadisticas/enciclopedia.asp,2026-09-08T14:25:42Z
2721,"Flores Salas, Alejandro","flores salas, alejandro",Flores Salas,Alejandro,,12/4/1981,1981,,,,,,,no,single-source,wayback_bsnpr_players,https://web.archive.org/web/20200601011615id_/https://www.bsnpr.com/estadisticas/enciclopedia.asp,2026-09-08T14:25:42Z
2722,"Ortiz, Jose","ortiz, jose",Ortiz,Jose,,,,,,,,,,no,single-source,wayback_bsnpr_players,https://web.archive.org/web/20120308082420id_/http://www.bsnpr.com:80/estadisticas/enciclopedia.asp,2026-09-08T14:24:09Z
2723,"Soto, Luis","soto, luis",Soto,Luis,,,,,,,,,,no,single-source,wayback_bsnpr_players,https://web.archive.org/web/20120308082420id_/http://www.bsnpr.com:80/estadisticas/enciclopedia.asp,2026-09-08T14:24:09Z
2724,"Rivera Cruz, Jesus","rivera cruz, jesus",Rivera Cruz,Jesus,,12/24/1990,1990,,,,,,,no,single-source,wayback_bsnpr_players,https://web.archive.org/web/20200601011615id_/https://www.bsnpr.com/estadisticas/enciclopedia.asp,2026-09-08T14:25:42Z
2725,"Soto, Luis","soto, luis",Soto,Luis,,,,,,,,,,no,single-source,wayback_bsnpr_players,https://web.archive.org/web/20120308082420id_/http://www.bsnpr.com:80/estadisticas/enciclopedia.asp,2026-09-08T14:24:09Z
2726,"Morales Soto, Ferdinand","morales soto, ferdinand",Morales Soto,Ferdinand,,6/25/1988,1988,,,,,,,no,single-source,wayback_bsnpr_players,https://web.archive.org/web/20200601011615id_/https://www.bsnpr.com/estadisticas/enciclopedia.asp,2026-09-08T14:25:42Z
2727,"Vazquez Simmons, Tomas","vazquez simmons, tomas",Vazquez Simmons,Tomas,,9/16/1989,1989,,,,,,,no,single-source,wayback_bsnpr_players,https://web.archive.org/web/20200601011615id_/https://www.bsnpr.com/estadisticas/enciclopedia.asp,2026-09-08T14:25:42Z
2728,"McCants, Rashad","mccants, rashad",McCants,Rashad,,9/25/1984,1984,,,,,,,no,single-source,wayback_bsnpr_players,https://web.archive.org/web/20200601011615id_/https://www.bsnpr.com/estadisticas/enciclopedia.asp,2026-09-08T14:25:42Z
2729,"Katuka, Joseph","katuka, joseph",Katuka,Joseph,,5/11/1988,1988,,,,,,,no,single-source,wayback_bsnpr_players,https://web.archive.org/web/20200601011615id_/https://www.bsnpr.com/estadisticas/enciclopedia.asp,2026-09-08T14:25:42Z
2730,"Marquez, Jed","marquez, jed",Marquez,Jed,,8/27/1987,1987,,,,,,,no,single-source,wayback_bsnpr_players,https://web.archive.org/web/20200601011615id_/https://www.bsnpr.com/estadisticas/enciclopedia.asp,2026-09-08T14:25:42Z
2731,"Rios, Eddie","rios, eddie",Rios,Eddie,,,,,,,,,,no,single-source,wayback_bsnpr_players,https://web.archive.org/web/20120308082420id_/http://www.bsnpr.com:80/estadisticas/enciclopedia.asp,2026-09-08T14:24:09Z
2732,"Green Jones, Kevin","green jones, kevin",Green Jones,Kevin,,5/1/1983,1983,,,,,,,no,single-source,wayback_bsnpr_players,https://web.archive.org/web/20200601011615id_/https://www.bsnpr.com/estadisticas/enciclopedia.asp,2026-09-08T14:25:42Z
2733,"Rivera, Marlon","rivera, marlon",Rivera,Marlon,,,,,,,,,,no,single-source,wayback_bsnpr_players,https://web.archive.org/web/20120308082420id_/http://www.bsnpr.com:80/estadisticas/enciclopedia.asp,2026-09-08T14:24:09Z
2734,"Pinkney, Kevin","pinkney, kevin",Pinkney,Kevin,,10/10/1983,1983,,,,,,,no,single-source,wayback_bsnpr_players,https://web.archive.org/web/20200601011615id_/https://www.bsnpr.com/estadisticas/enciclopedia.asp,2026-09-08T14:25:42Z
2735,"Portalatin, Wayne","portalatin, wayne",Portalatin,Wayne,,6/24/1987,1987,,,,,,,no,single-source,wayback_bsnpr_players,https://web.archive.org/web/20200601011615id_/https://www.bsnpr.com/estadisticas/enciclopedia.asp,2026-09-08T14:25:42Z
2736,"Garnett, Marlon","garnett, marlon",Garnett,Marlon,,7/3/1975,1975,,,,,,,no,single-source,wayback_bsnpr_players,https://web.archive.org/web/20200601011615id_/https://www.bsnpr.com/estadisticas/enciclopedia.asp,2026-09-08T14:25:42Z
2737,"Garces Riquelme, Ruben","garces riquelme, ruben",Garces Riquelme,Ruben,,10/17/1973,1973,,,,,,,no,single-source,wayback_bsnpr_players,https://web.archive.org/web/20200601011615id_/https://www.bsnpr.com/estadisticas/enciclopedia.asp,2026-09-08T14:25:42Z
2738,"Williams, Corey","williams, corey",Williams,Corey,,8/3/1977,1977,,,,,,,no,single-source,wayback_bsnpr_players,https://web.archive.org/web/20200601011615id_/https://www.bsnpr.com/estadisticas/enciclopedia.asp,2026-09-08T14:25:42Z
2739,"Baez, Chris","baez, chris",Baez,Chris,,,,,,,,,,no,single-source,wayback_bsnpr_players,https://web.archive.org/web/20120308082420id_/http://www.bsnpr.com:80/estadisticas/enciclopedia.asp,2026-09-08T14:24:09Z
2740,"Thornton, Al","thornton, al",Thornton,Al,,12/7/1983,1983,,,,,,,no,single-source,wayback_bsnpr_players,https://web.archive.org/web/20200601011615id_/https://www.bsnpr.com/estadisticas/enciclopedia.asp,2026-09-08T14:25:42Z
2741,"Mattis, Mchugh","mattis, mchugh",Mattis,Mchugh,,5/29/1984,1984,,,,,,,no,single-source,wayback_bsnpr_players,https://web.archive.org/web/20200601011615id_/https://www.bsnpr.com/estadisticas/enciclopedia.asp,2026-09-08T14:25:42Z
2742,"O'Bryant, Patrick","obryant, patrick",O'Bryant,Patrick,,6/20/1986,1986,,,,,,,no,single-source,wayback_bsnpr_players,https://web.archive.org/web/20200601011615id_/https://www.bsnpr.com/estadisticas/enciclopedia.asp,2026-09-08T14:25:42Z
2743,"Bethelmy, Luis","bethelmy, luis",Bethelmy,Luis,,10/14/1986,1986,,,,,,,no,single-source,wayback_bsnpr_players,https://web.archive.org/web/20200601011615id_/https://www.bsnpr.com/estadisticas/enciclopedia.asp,2026-09-08T14:25:42Z
2744,"Ely, Melvin","ely, melvin",Ely,Melvin,,5/2/1978,1978,,,,,,,no,single-source,wayback_bsnpr_players,https://web.archive.org/web/20200601011615id_/https://www.bsnpr.com/estadisticas/enciclopedia.asp,2026-09-08T14:25:42Z
2745,"Hodge, Julius","hodge, julius",Hodge,Julius,,11/18/1983,1983,,,,,,,no,single-source,wayback_bsnpr_players,https://web.archive.org/web/20200601011615id_/https://www.bsnpr.com/estadisticas/enciclopedia.asp,2026-09-08T14:25:42Z
2746,"James, Jerome","james, jerome",James,Jerome,,11/17/1975,1975,,,,,,,no,single-source,wayback_bsnpr_players,https://web.archive.org/web/20200601011615id_/https://www.bsnpr.com/estadisticas/enciclopedia.asp,2026-09-08T14:25:42Z
2747,"Davis, Ricky","davis, ricky",Davis,Ricky,,9/23/1979,1979,,,,,,,no,single-source,wayback_bsnpr_players,https://web.archive.org/web/20200601011615id_/https://www.bsnpr.com/estadisticas/enciclopedia.asp,2026-09-08T14:25:42Z
2748,"Nichols, Jamal","nichols, jamal",Nichols,Jamal,,5/28/1983,1983,,,,,,,no,single-source,wayback_bsnpr_players,https://web.archive.org/web/20200601011615id_/https://www.bsnpr.com/estadisticas/enciclopedia.asp,2026-09-08T14:25:42Z
2749,"Powe, Leon","powe, leon",Powe,Leon,,1/22/1984,1984,,,,,,,no,single-source,wayback_bsnpr_players,https://web.archive.org/web/20200601011615id_/https://www.bsnpr.com/estadisticas/enciclopedia.asp,2026-09-08T14:25:42Z
2750,"Zambrana Quijano, Xavier","zambrana quijano, xavier",Zambrana Quijano,Xavier,,3/25/1991,1991,,,,,,,no,single-source,wayback_bsnpr_players,https://web.archive.org/web/20200601011615id_/https://www.bsnpr.com/estadisticas/enciclopedia.asp,2026-09-08T14:25:42Z
2751,"Brock, Evan","brock, evan",Brock,Evan,,4/19/1984,1984,,,,,,,no,single-source,wayback_bsnpr_players,https://web.archive.org/web/20200601011615id_/https://www.bsnpr.com/estadisticas/enciclopedia.asp,2026-09-08T14:25:42Z
2752,"Efejuku-Rose, Weyinmi","efejuku rose, weyinmi",Efejuku-Rose,Weyinmi,,9/15/1986,1986,,,,,,,no,single-source,wayback_bsnpr_players,https://web.archive.org/web/20200601011615id_/https://www.bsnpr.com/estadisticas/enciclopedia.asp,2026-09-08T14:25:42Z
2753,"Sensley, Julian","sensley, julian",Sensley,Julian,,8/29/1982,1982,,,,,,,no,single-source,wayback_bsnpr_players,https://web.archive.org/web/20200601011615id_/https://www.bsnpr.com/estadisticas/enciclopedia.asp,2026-09-08T14:25:42Z
2754,"Alonzo Chavez, Noe","alonzo chavez, noe",Alonzo Chavez,Noe,,12/28/1983,1983,,,,,,,no,single-source,wayback_bsnpr_players,https://web.archive.org/web/20200601011615id_/https://www.bsnpr.com/estadisticas/enciclopedia.asp,2026-09-08T14:25:42Z
2755,"Torres Saldaña, Andres","torres saldana, andres",Torres Saldaña,Andres,,1/3/1989,1989,,,,,,,no,single-source,wayback_bsnpr_players,https://web.archive.org/web/20200601011615id_/https://www.bsnpr.com/estadisticas/enciclopedia.asp,2026-09-08T14:25:42Z
2756,"Powell, Josh","powell, josh",Powell,Josh,,1/25/1983,1983,,,,,,,no,single-source,wayback_bsnpr_players,https://web.archive.org/web/20200601011615id_/https://www.bsnpr.com/estadisticas/enciclopedia.asp,2026-09-08T14:25:42Z
2757,"Butler, Jamar","butler, jamar",Butler,Jamar,,9/27/1986,1986,,,,,,,no,single-source,wayback_bsnpr_players,https://web.archive.org/web/20200601011615id_/https://www.bsnpr.com/estadisticas/enciclopedia.asp,2026-09-08T14:25:42Z
2760,"Brown, Gilbert","brown, gilbert",Brown,Gilbert,,9/5/1987,1987,,,,,,,no,single-source,wayback_bsnpr_players,https://web.archive.org/web/20200601011615id_/https://www.bsnpr.com/estadisticas/enciclopedia.asp,2026-09-08T14:25:42Z
2761,"Diogu, Ike","diogu, ike",Diogu,Ike,,9/11/1983,1983,,,,,,,no,single-source,wayback_bsnpr_players,https://web.archive.org/web/20200601011615id_/https://www.bsnpr.com/estadisticas/enciclopedia.asp,2026-09-08T14:25:42Z
2762,"Reid, Ryan","reid, ryan",Reid,Ryan,,10/30/1986,1986,,,,,,,no,single-source,wayback_bsnpr_players,https://web.archive.org/web/20200601011615id_/https://www.bsnpr.com/estadisticas/enciclopedia.asp,2026-09-08T14:25:42Z
2763,"Caracter, Derrick","caracter, derrick",Caracter,Derrick,,5/4/1988,1988,,,,,,,no,single-source,wayback_bsnpr_players,https://web.archive.org/web/20200601011615id_/https://www.bsnpr.com/estadisticas/enciclopedia.asp,2026-09-08T14:25:42Z
2764,"Young, Ian","young, ian",Young,Ian,,9/27/1981,1981,,,,,,,no,single-source,wayback_bsnpr_players,https://web.archive.org/web/20200601011615id_/https://www.bsnpr.com/estadisticas/enciclopedia.asp,2026-09-08T14:25:42Z
2765,"Barron, Earl","barron, earl",Barron,Earl,,8/14/1981,1981,,,,,,,no,single-source,wayback_bsnpr_players,https://web.archive.org/web/20200601011615id_/https://www.bsnpr.com/estadisticas/enciclopedia.asp,2026-09-08T14:25:42Z
2766,"Franklin, Alexander","franklin, alexander",Franklin,Alexander,,7/11/1988,1988,,,,,,,no,single-source,wayback_bsnpr_players,https://web.archive.org/web/20200601011615id_/https://www.bsnpr.com/estadisticas/enciclopedia.asp,2026-09-08T14:25:42Z
2767,"Mc Donald, Will","mc donald, will",Mc Donald,Will,,,,,,,,,,no,single-source,wayback_bsnpr_players,https://web.archive.org/web/20120508072101id_/http://www.bsnpr.com:80/estadisticas/enciclopedia.asp,2026-09-08T14:24:11Z
2768,"Wilkinson, Gary","wilkinson, gary",Wilkinson,Gary,,10/2/1982,1982,,,,,,,no,single-source,wayback_bsnpr_players,https://web.archive.org/web/20200601011615id_/https://www.bsnpr.com/estadisticas/enciclopedia.asp,2026-09-08T14:25:42Z
2769,"Graham, Joseph","graham, joseph",Graham,Joseph,Joey,6/11/1982,1982,,,,,,,no,single-source,wayback_bsnpr_players,https://web.archive.org/web/20200601011615id_/https://www.bsnpr.com/estadisticas/enciclopedia.asp,2026-09-08T14:25:42Z
2770,"McDonald, William","mcdonald, william",McDonald,William,,5/10/1979,1979,,,,,,,no,single-source,wayback_bsnpr_players,https://web.archive.org/web/20200601011615id_/https://www.bsnpr.com/estadisticas/enciclopedia.asp,2026-09-08T14:25:42Z
2771,"Scales, Alex","scales, alex",Scales,Alex,,7/3/1978,1978,,,,,,,no,single-source,wayback_bsnpr_players,https://web.archive.org/web/20200601011615id_/https://www.bsnpr.com/estadisticas/enciclopedia.asp,2026-09-08T14:25:42Z
2772,"Palacio, Milton","palacio, milton",Palacio,Milton,,2/7/1978,1978,,,,,,,no,single-source,wayback_bsnpr_players,https://web.archive.org/web/20200601011615id_/https://www.bsnpr.com/estadisticas/enciclopedia.asp,2026-09-08T14:25:42Z
2773,"Gadson, Cheyne","gadson, cheyne",Gadson,Cheyne,,7/17/1980,1980,,,,,,,no,single-source,wayback_bsnpr_players,https://web.archive.org/web/20200601011615id_/https://www.bsnpr.com/estadisticas/enciclopedia.asp,2026-09-08T14:25:42Z
2774,"Gransberry, Kentrell","gransberry, kentrell",Gransberry,Kentrell,,8/1/1985,1985,,,,,,,no,single-source,wayback_bsnpr_players,https://web.archive.org/web/20200601011615id_/https://www.bsnpr.com/estadisticas/enciclopedia.asp,2026-09-08T14:25:42Z
2775,"Smith, Jeremis","smith, jeremis",Smith,Jeremis,,5/14/1986,1986,,,,,,,no,single-source,wayback_bsnpr_players,https://web.archive.org/web/20200601011615id_/https://www.bsnpr.com/estadisticas/enciclopedia.asp,2026-09-08T14:25:42Z
2776,"Pérez, Owen","perez, owen",Pérez,Owen,,6/28/1992,1992,,,,,,,no,single-source,wayback_bsnpr_players,https://web.archive.org/web/20200601011615id_/https://www.bsnpr.com/estadisticas/enciclopedia.asp,2026-09-08T14:25:42Z
2777,"Fontan, Jio","fontan, jio",Fontan,Jio,,1/4/1990,1990,,,,,,,no,single-source,wayback_bsnpr_players,https://web.archive.org/web/20200601011615id_/https://www.bsnpr.com/estadisticas/enciclopedia.asp,2026-09-08T14:25:42Z
2778,"Liz, Víctor","liz, victor",Liz,Víctor,,12/5/1986,1986,,,,,,,no,single-source,wayback_bsnpr_players,https://web.archive.org/web/20200601011615id_/https://www.bsnpr.com/estadisticas/enciclopedia.asp,2026-09-08T14:25:42Z
2779,"Early, Jeff","early, jeff",Early,Jeff,,9/2/1988,1988,,,,,,,no,single-source,wayback_bsnpr_players,https://web.archive.org/web/20200601011615id_/https://www.bsnpr.com/estadisticas/enciclopedia.asp,2026-09-08T14:25:42Z
2780,"Díaz Hernandez, Jorge Brian","diaz hernandez, jorge brian",Díaz Hernandez,Jorge Brian,,11/13/1989,1989,,,,,,,no,single-source,wayback_bsnpr_players,https://web.archive.org/web/20200601011615id_/https://www.bsnpr.com/estadisticas/enciclopedia.asp,2026-09-08T14:25:42Z
2781,"Lisch, Kevin","lisch, kevin",Lisch,Kevin,,5/16/1986,1986,,,,,,,no,single-source,wayback_bsnpr_players,https://web.archive.org/web/20200601011615id_/https://www.bsnpr.com/estadisticas/enciclopedia.asp,2026-09-08T14:25:42Z
2782,"Butler Lind, Nathaniel","butler lind, nathaniel",Butler Lind,Nathaniel,,3/21/1989,1989,,,,,,,no,single-source,wayback_bsnpr_players,https://web.archive.org/web/20200601011615id_/https://www.bsnpr.com/estadisticas/enciclopedia.asp,2026-09-08T14:25:42Z
2783,"Horne, Jamelle","horne, jamelle",Horne,Jamelle,,11/4/1988,1988,,,,,,,no,single-source,wayback_bsnpr_players,https://web.archive.org/web/20200601011615id_/https://www.bsnpr.com/estadisticas/enciclopedia.asp,2026-09-08T14:25:42Z
2784,"Estwick, Alberto","estwick, alberto",Estwick,Alberto,,3/5/1990,1990,,,,,,,no,single-source,wayback_bsnpr_players,https://web.archive.org/web/20200601011615id_/https://www.bsnpr.com/estadisticas/enciclopedia.asp,2026-09-08T14:25:42Z
2785,"Navedo, Jose","navedo, jose",Navedo,Jose,,,,,,,,,,no,single-source,wayback_bsnpr_players,https://web.archive.org/web/20130416073002id_/http://www.bsnpr.com:80/estadisticas/enciclopedia.asp,2026-09-08T14:24:20Z
2786,"Perez, Bryan","perez, bryan",Perez,Bryan,,,,,,,,,,no,single-source,wayback_bsnpr_players,https://web.archive.org/web/20130416073002id_/http://www.bsnpr.com:80/estadisticas/enciclopedia.asp,2026-09-08T14:24:20Z
2787,"Ortiz, Nick","ortiz, nick",Ortiz,Nick,,,,,,,,,,no,single-source,wayback_bsnpr_players,https://web.archive.org/web/20130416073002id_/http://www.bsnpr.com:80/estadisticas/enciclopedia.asp,2026-09-08T14:24:20Z
2788,"Vazquez, Gabriel","vazquez, gabriel",Vazquez,Gabriel,,8/18/1992,1992,,,,,,,no,single-source,wayback_bsnpr_players,https://web.archive.org/web/20200601011615id_/https://www.bsnpr.com/estadisticas/enciclopedia.asp,2026-09-08T14:25:42Z
2789,"Smith, Kawika","smith, kawika",Smith,Kawika,,,,,,,,,,no,single-source,wayback_bsnpr_players,https://web.archive.org/web/20130416073002id_/http://www.bsnpr.com:80/estadisticas/enciclopedia.asp,2026-09-08T14:24:20Z
2790,"Garcia, Charles","garcia, charles",Garcia,Charles,,10/13/1988,1988,,,,,,,no,single-source,wayback_bsnpr_players,https://web.archive.org/web/20200601011615id_/https://www.bsnpr.com/estadisticas/enciclopedia.asp,2026-09-08T14:25:42Z
2791,"Castro, Edgardo","castro, edgardo",Castro,Edgardo,,,,,,,,,,no,single-source,wayback_bsnpr_players,https://web.archive.org/web/20130416073002id_/http://www.bsnpr.com:80/estadisticas/enciclopedia.asp,2026-09-08T14:24:20Z
2792,"Rodriguez, Jose Glenn","rodriguez, jose glenn",Rodriguez,Jose Glenn,,,,,,,,,,no,single-source,wayback_bsnpr_players,https://web.archive.org/web/20130416073002id_/http://www.bsnpr.com:80/estadisticas/enciclopedia.asp,2026-09-08T14:24:20Z
2793,"Coronado, Juan","coronado, juan",Coronado,Juan,,8/25/1983,1983,,,,,,,no,single-source,wayback_bsnpr_players,https://web.archive.org/web/20200601011615id_/https://www.bsnpr.com/estadisticas/enciclopedia.asp,2026-09-08T14:25:42Z
2794,"Harrellson, Josh","harrellson, josh",Harrellson,Josh,,2/12/1989,1989,,,,,,,no,single-source,wayback_bsnpr_players,https://web.archive.org/web/20200601011615id_/https://www.bsnpr.com/estadisticas/enciclopedia.asp,2026-09-08T14:25:42Z
2795,"Fortuna, Elpidio Manuel","fortuna, elpidio manuel",Fortuna,Elpidio Manuel,,3/25/1985,1985,,,,,,,no,single-source,wayback_bsnpr_players,https://web.archive.org/web/20200601011615id_/https://www.bsnpr.com/estadisticas/enciclopedia.asp,2026-09-08T14:25:42Z
2796,"Burgos, Pedro","burgos, pedro",Burgos,Pedro,,,,,,,,,,no,single-source,wayback_bsnpr_players,https://web.archive.org/web/20130416073002id_/http://www.bsnpr.com:80/estadisticas/enciclopedia.asp,2026-09-08T14:24:20Z
2797,"De Leon, Bryan","de leon, bryan",De Leon,Bryan,,3/17/1989,1989,,,,,,,no,single-source,wayback_bsnpr_players,https://web.archive.org/web/20200601011615id_/https://www.bsnpr.com/estadisticas/enciclopedia.asp,2026-09-08T14:25:42Z
2798,"Valdez, Carlos","valdez, carlos",Valdez,Carlos,,,,,,,,,,no,single-source,wayback_bsnpr_players,https://web.archive.org/web/20130416073002id_/http://www.bsnpr.com:80/estadisticas/enciclopedia.asp,2026-09-08T14:24:20Z
2799,"McCoy, Jason","mccoy, jason",McCoy,Jason,,,,,,,,,,no,single-source,wayback_bsnpr_players,https://web.archive.org/web/20130416073002id_/http://www.bsnpr.com:80/estadisticas/enciclopedia.asp,2026-09-08T14:24:20Z
2800,"Rivera, Rafael","rivera, rafael",Rivera,Rafael,,,,,,,,,,no,single-source,wayback_bsnpr_players,https://web.archive.org/web/20130416073002id_/http://www.bsnpr.com:80/estadisticas/enciclopedia.asp,2026-09-08T14:24:20Z
2801,"Desiderio, Angel","desiderio, angel",Desiderio,Angel,,9/17/1992,1992,,,,,,,no,single-source,wayback_bsnpr_players,https://web.archive.org/web/20200601011615id_/https://www.bsnpr.com/estadisticas/enciclopedia.asp,2026-09-08T14:25:42Z
2802,"Vegerano, Joseph","vegerano, joseph",Vegerano,Joseph,,5/24/1990,1990,,,,,,,no,single-source,wayback_bsnpr_players,https://web.archive.org/web/20200601011615id_/https://www.bsnpr.com/estadisticas/enciclopedia.asp,2026-09-08T14:25:42Z
2803,"Pacheco, William","pacheco, william",Pacheco,William,,,,,,,,,,no,single-source,wayback_bsnpr_players,https://web.archive.org/web/20130416073002id_/http://www.bsnpr.com:80/estadisticas/enciclopedia.asp,2026-09-08T14:24:20Z
2804,"Collazo, Onix","collazo, onix",Collazo,Onix,,,,,,,,,,no,single-source,wayback_bsnpr_players,https://web.archive.org/web/20130416073002id_/http://www.bsnpr.com:80/estadisticas/enciclopedia.asp,2026-09-08T14:24:20Z
2805,"Ramiu, Kevin","ramiu, kevin",Ramiu,Kevin,,,,,,,,,,no,single-source,wayback_bsnpr_players,https://web.archive.org/web/20130416073002id_/http://www.bsnpr.com:80/estadisticas/enciclopedia.asp,2026-09-08T14:24:20Z
2806,"Hernandez, Jonathan","hernandez, jonathan",Hernandez,Jonathan,,,,,,,,,,no,single-source,wayback_bsnpr_players,https://web.archive.org/web/20130416073002id_/http://www.bsnpr.com:80/estadisticas/enciclopedia.asp,2026-09-08T14:24:20Z
2807,"Soto, Kevin","soto, kevin",Soto,Kevin,,,,,,,,,,no,single-source,wayback_bsnpr_players,https://web.archive.org/web/20130416073002id_/http://www.bsnpr.com:80/estadisticas/enciclopedia.asp,2026-09-08T14:24:20Z
2808,"Vazquez, Ian","vazquez, ian",Vazquez,Ian,,,,,,,,,,no,single-source,wayback_bsnpr_players,https://web.archive.org/web/20130416073002id_/http://www.bsnpr.com:80/estadisticas/enciclopedia.asp,2026-09-08T14:24:20Z
2809,"Cook, Brian","cook, brian",Cook,Brian,,12/4/1980,1980,,,,,,,no,single-source,wayback_bsnpr_players,https://web.archive.org/web/20200601011615id_/https://www.bsnpr.com/estadisticas/enciclopedia.asp,2026-09-08T14:25:42Z
2810,"Rojas, Hector","rojas, hector",Rojas,Hector,,,,,,,,,,no,single-source,wayback_bsnpr_players,https://web.archive.org/web/20130416073002id_/http://www.bsnpr.com:80/estadisticas/enciclopedia.asp,2026-09-08T14:24:20Z
2811,"Addison, Matt","addison, matt",Addison,Matt,,9/9/1987,1987,,,,,,,no,single-source,wayback_bsnpr_players,https://web.archive.org/web/20200601011615id_/https://www.bsnpr.com/estadisticas/enciclopedia.asp,2026-09-08T14:25:42Z
2812,"Jones, Phillip","jones, phillip",Jones,Phillip,,,,,,,,,,no,single-source,wayback_bsnpr_players,https://web.archive.org/web/20130416073002id_/http://www.bsnpr.com:80/estadisticas/enciclopedia.asp,2026-09-08T14:24:20Z
2813,"Polo Stoltman, Tyler","polo stoltman, tyler",Polo Stoltman,Tyler,,3/18/1988,1988,,,,,,,no,single-source,wayback_bsnpr_players,https://web.archive.org/web/20200601011615id_/https://www.bsnpr.com/estadisticas/enciclopedia.asp,2026-09-08T14:25:42Z
2814,"Moiso, Jerome","moiso, jerome",Moiso,Jerome,,6/15/1978,1978,,,,,,,no,single-source,wayback_bsnpr_players,https://web.archive.org/web/20200601011615id_/https://www.bsnpr.com/estadisticas/enciclopedia.asp,2026-09-08T14:25:42Z
2815,"Belardo Del Rio, Gabriel J.","belardo del rio, gabriel j",Belardo Del Rio,Gabriel J.,,10/6/1989,1989,,,,,,,no,single-source,wayback_bsnpr_players,https://web.archive.org/web/20200601011615id_/https://www.bsnpr.com/estadisticas/enciclopedia.asp,2026-09-08T14:25:42Z
2816,"Robertson, Matt","robertson, matt",Robertson,Matt,,10/24/1987,1987,,,,,,,no,single-source,wayback_bsnpr_players,https://web.archive.org/web/20200601011615id_/https://www.bsnpr.com/estadisticas/enciclopedia.asp,2026-09-08T14:25:42Z
2817,"Mata, Lorenzo","mata, lorenzo",Mata,Lorenzo,,3/2/1986,1986,,,,,,,no,single-source,wayback_bsnpr_players,https://web.archive.org/web/20200601011615id_/https://www.bsnpr.com/estadisticas/enciclopedia.asp,2026-09-08T14:25:42Z
2818,"Sosa Carrion, Isaac","sosa carrion, isaac",Sosa Carrion,Isaac,,2/16/1990,1990,,,,,,,no,single-source,wayback_bsnpr_players,https://web.archive.org/web/20200601011615id_/https://www.bsnpr.com/estadisticas/enciclopedia.asp,2026-09-08T14:25:42Z
2819,"Sosa Carrion, Isaac","sosa carrion, isaac",Sosa Carrion,Isaac,,,,,,,,,,no,single-source,wayback_bsnpr_players,https://web.archive.org/web/20130416073002id_/http://www.bsnpr.com:80/estadisticas/enciclopedia.asp,2026-09-08T14:24:20Z
2820,"Nieves, Anthony","nieves, anthony",Nieves,Anthony,,,,,,,,,,no,single-source,wayback_bsnpr_players,https://web.archive.org/web/20130416073002id_/http://www.bsnpr.com:80/estadisticas/enciclopedia.asp,2026-09-08T14:24:20Z
2821,"Gaston, Chris","gaston, chris",Gaston,Chris,,4/20/1989,1989,,,,,,,no,single-source,wayback_bsnpr_players,https://web.archive.org/web/20200601011615id_/https://www.bsnpr.com/estadisticas/enciclopedia.asp,2026-09-08T14:25:42Z
2822,"Siler, Garret","siler, garret",Siler,Garret,,10/25/1986,1986,,,,,,,no,single-source,wayback_bsnpr_players,https://web.archive.org/web/20200601011615id_/https://www.bsnpr.com/estadisticas/enciclopedia.asp,2026-09-08T14:25:42Z
2823,"De Jesús, Jezreel","de jesus, jezreel",De Jesús,Jezreel,,5/5/1991,1991,,,,,,,no,single-source,wayback_bsnpr_players,https://web.archive.org/web/20200601011615id_/https://www.bsnpr.com/estadisticas/enciclopedia.asp,2026-09-08T14:25:42Z
2824,"Keenan, Justin","keenan, justin",Keenan,Justin,,5/2/1988,1988,,,,,,,no,single-source,wayback_bsnpr_players,https://web.archive.org/web/20200601011615id_/https://www.bsnpr.com/estadisticas/enciclopedia.asp,2026-09-08T14:25:42Z
2825,"Williams, Leon V.","williams, leon v",Williams,Leon V.,,7/24/1986,1986,,,,,,,no,single-source,wayback_bsnpr_players,https://web.archive.org/web/20200601011615id_/https://www.bsnpr.com/estadisticas/enciclopedia.asp,2026-09-08T14:25:42Z
2826,"Cintrón Cortés, Raymond","cintron cortes, raymond",Cintrón Cortés,Raymond,,2/22/1990,1990,,,,,,,no,single-source,wayback_bsnpr_players,https://web.archive.org/web/20200601011615id_/https://www.bsnpr.com/estadisticas/enciclopedia.asp,2026-09-08T14:25:42Z
2827,"Graterol, Windy","graterol, windy",Graterol,Windy,,9/10/1986,1986,,,,,,,no,single-source,wayback_bsnpr_players,https://web.archive.org/web/20200601011615id_/https://www.bsnpr.com/estadisticas/enciclopedia.asp,2026-09-08T14:25:42Z
2828,"Graham, Stephen","graham, stephen",Graham,Stephen,,6/11/1982,1982,,,,,,,no,single-source,wayback_bsnpr_players,https://web.archive.org/web/20200601011615id_/https://www.bsnpr.com/estadisticas/enciclopedia.asp,2026-09-08T14:25:42Z
2829,"Rogers, Kevin","rogers, kevin",Rogers,Kevin,,10/22/1986,1986,,,,,,,no,single-source,wayback_bsnpr_players,https://web.archive.org/web/20200601011615id_/https://www.bsnpr.com/estadisticas/enciclopedia.asp,2026-09-08T14:25:42Z
2830,"Green, Donte","green, donte",Green,Donte,,2/21/1988,1988,,,,,,,no,single-source,wayback_bsnpr_players,https://web.archive.org/web/20200601011615id_/https://www.bsnpr.com/estadisticas/enciclopedia.asp,2026-09-08T14:25:42Z
2831,"Imes, David","imes, david",Imes,David,,8/24/1989,1989,,,,,,,no,single-source,wayback_bsnpr_players,https://web.archive.org/web/20200601011615id_/https://www.bsnpr.com/estadisticas/enciclopedia.asp,2026-09-08T14:25:42Z
2832,"Phillip, Darren","phillip, darren",Phillip,Darren,,3/18/1978,1978,,,,,,,no,single-source,wayback_bsnpr_players,https://web.archive.org/web/20200601011615id_/https://www.bsnpr.com/estadisticas/enciclopedia.asp,2026-09-08T14:25:42Z
2833,"Sanders, Thomas","sanders, thomas",Sanders,Thomas,,7/3/1985,1985,,,,,,,no,single-source,wayback_bsnpr_players,https://web.archive.org/web/20200601011615id_/https://www.bsnpr.com/estadisticas/enciclopedia.asp,2026-09-08T14:25:42Z
2834,"Beltran, Derick","beltran, derick",Beltran,Derick,,11/20/1989,1989,,,,,,,no,single-source,wayback_bsnpr_players,https://web.archive.org/web/20200601011615id_/https://www.bsnpr.com/estadisticas/enciclopedia.asp,2026-09-08T14:25:42Z
2835,"Scott, Seth","scott, seth",Scott,Seth,,9/18/1981,1981,,,,,,,no,single-source,wayback_bsnpr_players,https://web.archive.org/web/20200601011615id_/https://www.bsnpr.com/estadisticas/enciclopedia.asp,2026-09-08T14:25:42Z
2836,"Santiago, Jr., Benito","santiago, jr, benito","Santiago, Jr.",Benito,,6/22/1989,1989,,,,,,,no,single-source,wayback_bsnpr_players,https://web.archive.org/web/20200601011615id_/https://www.bsnpr.com/estadisticas/enciclopedia.asp,2026-09-08T14:25:42Z
2837,"Sosa, Edgar","sosa, edgar",Sosa,Edgar,,1/15/1988,1988,,,,,,,no,single-source,wayback_bsnpr_players,https://web.archive.org/web/20200601011615id_/https://www.bsnpr.com/estadisticas/enciclopedia.asp,2026-09-08T14:25:42Z
2838,"Emory, Carlos","emory, carlos",Emory,Carlos,,10/11/1991,1991,,,,,,,no,single-source,wayback_bsnpr_players,https://web.archive.org/web/20200601011615id_/https://www.bsnpr.com/estadisticas/enciclopedia.asp,2026-09-08T14:25:42Z
2839,"Gallon, Keith","gallon, keith",Gallon,Keith,,1/18/1991,1991,,,,,,,no,single-source,wayback_bsnpr_players,https://web.archive.org/web/20200601011615id_/https://www.bsnpr.com/estadisticas/enciclopedia.asp,2026-09-08T14:25:42Z
2841,"Wright, Chris","wright, chris",Wright,Chris,,11/4/1988,1988,,,,,,,no,single-source,wayback_bsnpr_players,https://web.archive.org/web/20200601011615id_/https://www.bsnpr.com/estadisticas/enciclopedia.asp,2026-09-08T14:25:42Z
2843,"Davis, Bennet","davis, bennet",Davis,Bennet,,3/14/1984,1984,,,,,,,no,single-source,wayback_bsnpr_players,https://web.archive.org/web/20200601011615id_/https://www.bsnpr.com/estadisticas/enciclopedia.asp,2026-09-08T14:25:42Z
2844,"Butch, Brian","butch, brian",Butch,Brian,,12/22/1984,1984,,,,,,,no,single-source,wayback_bsnpr_players,https://web.archive.org/web/20200601011615id_/https://www.bsnpr.com/estadisticas/enciclopedia.asp,2026-09-08T14:25:42Z
2845,"Dentmon, Justin","dentmon, justin",Dentmon,Justin,,9/5/1985,1985,,,,,,,no,single-source,wayback_bsnpr_players,https://web.archive.org/web/20200601011615id_/https://www.bsnpr.com/estadisticas/enciclopedia.asp,2026-09-08T14:25:42Z
2846,"Nichols, Demetris","nichols, demetris",Nichols,Demetris,,9/4/1984,1984,,,,,,,no,single-source,wayback_bsnpr_players,https://web.archive.org/web/20200601011615id_/https://www.bsnpr.com/estadisticas/enciclopedia.asp,2026-09-08T14:25:42Z
2847,"Jackson, David","jackson, david",Jackson,David,,8/20/1988,1988,,,,,,,no,single-source,wayback_bsnpr_players,https://web.archive.org/web/20200601011615id_/https://www.bsnpr.com/estadisticas/enciclopedia.asp,2026-09-08T14:25:42Z
2848,"Cann, Rashid","cann, rashid",Cann,Rashid,,7/10/1986,1986,,,,,,,no,single-source,wayback_bsnpr_players,https://web.archive.org/web/20200601011615id_/https://www.bsnpr.com/estadisticas/enciclopedia.asp,2026-09-08T14:25:42Z
2849,"Balkman, Renaldo","balkman, renaldo",Balkman,Renaldo,,7/14/1984,1984,,,,,,,no,single-source,wayback_bsnpr_players,https://web.archive.org/web/20200601011615id_/https://www.bsnpr.com/estadisticas/enciclopedia.asp,2026-09-08T14:25:42Z
2850,"Young Morales, Kevin","young morales, kevin",Young Morales,Kevin,,6/24/1990,1990,,,,,,,no,single-source,wayback_bsnpr_players,https://web.archive.org/web/20200601011615id_/https://www.bsnpr.com/estadisticas/enciclopedia.asp,2026-09-08T14:25:42Z
2851,"Lamela, Alfredo","lamela, alfredo",Lamela,Alfredo,,,,,,,,,,no,single-source,wayback_bsnpr_players,https://web.archive.org/web/20130517061523id_/http://www.bsnpr.com:80/estadisticas/enciclopedia.asp,2026-09-08T14:24:22Z
2852,"Major, Renaldo","major, renaldo",Major,Renaldo,,5/7/1982,1982,,,,,,,no,single-source,wayback_bsnpr_players,https://web.archive.org/web/20200601011615id_/https://www.bsnpr.com/estadisticas/enciclopedia.asp,2026-09-08T14:25:42Z
2853,"Ebi, Ndudu","ebi, ndudu",Ebi,Ndudu,,6/18/1984,1984,,,,,,,no,single-source,wayback_bsnpr_players,https://web.archive.org/web/20200601011615id_/https://www.bsnpr.com/estadisticas/enciclopedia.asp,2026-09-08T14:25:42Z
2854,"Massie, Christopher","massie, christopher",Massie,Christopher,,9/10/1977,1977,,,,,,,no,single-source,wayback_bsnpr_players,https://web.archive.org/web/20200601011615id_/https://www.bsnpr.com/estadisticas/enciclopedia.asp,2026-09-08T14:25:42Z
2855,"DeLeon, Adris","deleon, adris",DeLeon,Adris,,10/7/1984,1984,,,,,,,no,single-source,wayback_bsnpr_players,https://web.archive.org/web/20200601011615id_/https://www.bsnpr.com/estadisticas/enciclopedia.asp,2026-09-08T14:25:42Z
2856,"Winchester, Anthony","winchester, anthony",Winchester,Anthony,,5/15/1983,1983,,,,,,,no,single-source,wayback_bsnpr_players,https://web.archive.org/web/20200601011615id_/https://www.bsnpr.com/estadisticas/enciclopedia.asp,2026-09-08T14:25:42Z
2857,"Garcia Garcia, Angel","garcia garcia, angel",Garcia Garcia,Angel,Piwi,7/11/1988,1988,,,,,,,no,single-source,wayback_bsnpr_players,https://web.archive.org/web/20200601011615id_/https://www.bsnpr.com/estadisticas/enciclopedia.asp,2026-09-08T14:25:42Z
2858,"Gierbolini, Joel","gierbolini, joel",Gierbolini,Joel,,11/19/1989,1989,,,,,,,no,single-source,wayback_bsnpr_players,https://web.archive.org/web/20200601011615id_/https://www.bsnpr.com/estadisticas/enciclopedia.asp,2026-09-08T14:25:42Z
2859,"Rosario, Mike","rosario, mike",Rosario,Mike,,11/2/1990,1990,,,,,,,no,single-source,wayback_bsnpr_players,https://web.archive.org/web/20200601011615id_/https://www.bsnpr.com/estadisticas/enciclopedia.asp,2026-09-08T14:25:42Z
2860,"Gates, Yancy","gates, yancy",Gates,Yancy,,10/15/1989,1989,,,,,,,no,single-source,wayback_bsnpr_players,https://web.archive.org/web/20200601011615id_/https://www.bsnpr.com/estadisticas/enciclopedia.asp,2026-09-08T14:25:42Z
2861,"Monge, Frank","monge, frank",Monge,Frank,,7/13/1985,1985,,,,,,,no,single-source,wayback_bsnpr_players,https://web.archive.org/web/20200601011615id_/https://www.bsnpr.com/estadisticas/enciclopedia.asp,2026-09-08T14:25:42Z
2862,"Marsh, Ricardo","marsh, ricardo",Marsh,Ricardo,,9/12/1981,1981,,,,,,,no,single-source,wayback_bsnpr_players,https://web.archive.org/web/20200601011615id_/https://www.bsnpr.com/estadisticas/enciclopedia.asp,2026-09-08T14:25:42Z
2863,"Bocachica Maldonado, Miguel","bocachica maldonado, miguel",Bocachica Maldonado,Miguel,,3/5/1990,1990,,,,,,,no,single-source,wayback_bsnpr_players,https://web.archive.org/web/20200601011615id_/https://www.bsnpr.com/estadisticas/enciclopedia.asp,2026-09-08T14:25:42Z
2864,"Elegar, Frank","elegar, frank",Elegar,Frank,,3/12/1986,1986,,,,,,,no,single-source,wayback_bsnpr_players,https://web.archive.org/web/20200601011615id_/https://www.bsnpr.com/estadisticas/enciclopedia.asp,2026-09-08T14:25:42Z
2865,"Prince, J.P.","prince, jp",Prince,J.P.,,7/14/1987,1987,,,,,,,no,single-source,wayback_bsnpr_players,https://web.archive.org/web/20200601011615id_/https://www.bsnpr.com/estadisticas/enciclopedia.asp,2026-09-08T14:25:42Z
2866,"Uter, Adrian","uter, adrian",Uter,Adrian,,10/27/1984,1984,,,,,,,no,single-source,wayback_bsnpr_players,https://web.archive.org/web/20200601011615id_/https://www.bsnpr.com/estadisticas/enciclopedia.asp,2026-09-08T14:25:42Z
2867,"Byars, Derrick","byars, derrick",Byars,Derrick,,4/25/1984,1984,,,,,,,no,single-source,wayback_bsnpr_players,https://web.archive.org/web/20200601011615id_/https://www.bsnpr.com/estadisticas/enciclopedia.asp,2026-09-08T14:25:42Z
2868,"Theodore, Jordan","theodore, jordan",Theodore,Jordan,,12/11/1989,1989,,,,,,,no,single-source,wayback_bsnpr_players,https://web.archive.org/web/20200601011615id_/https://www.bsnpr.com/estadisticas/enciclopedia.asp,2026-09-08T14:25:42Z
2870,"Kelley, Alfrie","kelley, alfrie",Kelley,Alfrie,Tre,1/23/1985,1985,,,,,,,no,single-source,wayback_bsnpr_players,https://web.archive.org/web/20200601011615id_/https://www.bsnpr.com/estadisticas/enciclopedia.asp,2026-09-08T14:25:42Z
2872,"Wilson, Lamayn","wilson, lamayn",Wilson,Lamayn,,6/11/1980,1980,,,,,,,no,single-source,wayback_bsnpr_players,https://web.archive.org/web/20200601011615id_/https://www.bsnpr.com/estadisticas/enciclopedia.asp,2026-09-08T14:25:42Z
2873,"Thomas, Brandon","thomas, brandon",Thomas,Brandon,,8/17/1984,1984,,,,,,,no,single-source,wayback_bsnpr_players,https://web.archive.org/web/20200601011615id_/https://www.bsnpr.com/estadisticas/enciclopedia.asp,2026-09-08T14:25:42Z
2874,"Roby, Richard","roby, richard",Roby,Richard,,9/28/1985,1985,,,,,,,no,single-source,wayback_bsnpr_players,https://web.archive.org/web/20200601011615id_/https://www.bsnpr.com/estadisticas/enciclopedia.asp,2026-09-08T14:25:42Z
2875,"Ciorciari, Diego","ciorciari, diego",Ciorciari,Diego,,3/2/1980,1980,,,,,,,no,single-source,wayback_bsnpr_players,https://web.archive.org/web/20200601011615id_/https://www.bsnpr.com/estadisticas/enciclopedia.asp,2026-09-08T14:25:42Z
2876,"Strawberry, D.J.","strawberry, dj",Strawberry,D.J.,,6/15/1985,1985,,,,,,,no,single-source,wayback_bsnpr_players,https://web.archive.org/web/20200601011615id_/https://www.bsnpr.com/estadisticas/enciclopedia.asp,2026-09-08T14:25:42Z
2877,"Jones, Joseph","jones, joseph",Jones,Joseph,,3/21/1986,1986,,,,,,,no,single-source,wayback_bsnpr_players,https://web.archive.org/web/20200601011615id_/https://www.bsnpr.com/estadisticas/enciclopedia.asp,2026-09-08T14:25:42Z
2878,"Newson, Jared","newson, jared",Newson,Jared,,9/26/1984,1984,,,,,,,no,single-source,wayback_bsnpr_players,https://web.archive.org/web/20200601011615id_/https://www.bsnpr.com/estadisticas/enciclopedia.asp,2026-09-08T14:25:42Z
2879,"Lewis, Ron","lewis, ron",Lewis,Ron,,7/27/1984,1984,,,,,,,no,single-source,wayback_bsnpr_players,https://web.archive.org/web/20200601011615id_/https://www.bsnpr.com/estadisticas/enciclopedia.asp,2026-09-08T14:25:42Z
2880,"Young, Sam","young, sam",Young,Sam,,6/1/1985,1985,,,,,,,no,single-source,wayback_bsnpr_players,https://web.archive.org/web/20200601011615id_/https://www.bsnpr.com/estadisticas/enciclopedia.asp,2026-09-08T14:25:42Z
2881,"Wilkerson, Tyler","wilkerson, tyler",Wilkerson,Tyler,,7/25/1988,1988,,,,,,,no,single-source,wayback_bsnpr_players,https://web.archive.org/web/20200601011615id_/https://www.bsnpr.com/estadisticas/enciclopedia.asp,2026-09-08T14:25:42Z
2882,"Echenique, Gregory","echenique, gregory",Echenique,Gregory,,11/23/1990,1990,,,,,,,no,single-source,wayback_bsnpr_players,https://web.archive.org/web/20200601011615id_/https://www.bsnpr.com/estadisticas/enciclopedia.asp,2026-09-08T14:25:42Z
2883,"Morales, Darius","morales, darius",Morales,Darius,,10/27/1990,1990,,,,,,,no,single-source,wayback_bsnpr_players,https://web.archive.org/web/20200601011615id_/https://www.bsnpr.com/estadisticas/enciclopedia.asp,2026-09-08T14:25:42Z
2884,"Jones, Dominique","jones, dominique",Jones,Dominique,,10/15/1988,1988,,,,,,,no,single-source,wayback_bsnpr_players,https://web.archive.org/web/20200601011615id_/https://www.bsnpr.com/estadisticas/enciclopedia.asp,2026-09-08T14:25:42Z
2885,"Araujo, Guillermo","araujo, guillermo",Araujo,Guillermo,,9/20/1982,1982,,,,,,,no,single-source,wayback_bsnpr_players,https://web.archive.org/web/20200601011615id_/https://www.bsnpr.com/estadisticas/enciclopedia.asp,2026-09-08T14:25:42Z
2886,"Carney, Rodney","carney, rodney",Carney,Rodney,,4/5/1984,1984,,,,,,,no,single-source,wayback_bsnpr_players,https://web.archive.org/web/20200601011615id_/https://www.bsnpr.com/estadisticas/enciclopedia.asp,2026-09-08T14:25:42Z
2887,"Vargas, Gregory","vargas, gregory",Vargas,Gregory,,2/18/1986,1986,,,,,,,no,single-source,wayback_bsnpr_players,https://web.archive.org/web/20200601011615id_/https://www.bsnpr.com/estadisticas/enciclopedia.asp,2026-09-08T14:25:42Z
2888,"Taylor, Tyshawn","taylor, tyshawn",Taylor,Tyshawn,,4/12/1990,1990,,,,,,,no,single-source,wayback_bsnpr_players,https://web.archive.org/web/20200601011615id_/https://www.bsnpr.com/estadisticas/enciclopedia.asp,2026-09-08T14:25:42Z
2889,"Ennis, James","ennis, james",Ennis,James,,7/1/1990,1990,,,,,,,no,single-source,wayback_bsnpr_players,https://web.archive.org/web/20200601011615id_/https://www.bsnpr.com/estadisticas/enciclopedia.asp,2026-09-08T14:25:42Z
2890,"Miro, Steven","miro, steven",Miro,Steven,,5/25/1991,1991,,,,,,,no,single-source,wayback_bsnpr_players,https://web.archive.org/web/20200601011615id_/https://www.bsnpr.com/estadisticas/enciclopedia.asp,2026-09-08T14:25:42Z
2891,"Willis, Emanuel","willis, emanuel",Willis,Emanuel,,12/24/1984,1984,,,,,,,no,single-source,wayback_bsnpr_players,https://web.archive.org/web/20200601011615id_/https://www.bsnpr.com/estadisticas/enciclopedia.asp,2026-09-08T14:25:42Z
2892,"Maldonado Laboy, Hector Luis","maldonado laboy, hector luis",Maldonado Laboy,Hector Luis,,9/23/1991,1991,,,,,,,no,single-source,wayback_bsnpr_players,https://web.archive.org/web/20200601011615id_/https://www.bsnpr.com/estadisticas/enciclopedia.asp,2026-09-08T14:25:42Z
2893,"Vellon, Luis Miguel","vellon, luis miguel",Vellon,Luis Miguel,,,,,,,,,,no,single-source,wayback_bsnpr_players,https://web.archive.org/web/20140324111652id_/http://www.bsnpr.com:80/estadisticas/enciclopedia.asp,2026-09-08T14:25:03Z
2894,"Acosta, Nikko","acosta, nikko",Acosta,Nikko,,4/20/1989,1989,,,,,,,no,single-source,wayback_bsnpr_players,https://web.archive.org/web/20200601011615id_/https://www.bsnpr.com/estadisticas/enciclopedia.asp,2026-09-08T14:25:42Z
2895,"Ayala Serrano, Angel","ayala serrano, angel",Ayala Serrano,Angel,,3/8/1991,1991,,,,,,,no,single-source,wayback_bsnpr_players,https://web.archive.org/web/20200601011615id_/https://www.bsnpr.com/estadisticas/enciclopedia.asp,2026-09-08T14:25:42Z
2896,"Mickeal, Pete","mickeal, pete",Mickeal,Pete,,2/22/1978,1978,,,,,,,no,single-source,wayback_bsnpr_players,https://web.archive.org/web/20200601011615id_/https://www.bsnpr.com/estadisticas/enciclopedia.asp,2026-09-08T14:25:42Z
2897,"Mendoza, Daniel","mendoza, daniel",Mendoza,Daniel,,7/7/1984,1984,,,,,,,no,single-source,wayback_bsnpr_players,https://web.archive.org/web/20200601011615id_/https://www.bsnpr.com/estadisticas/enciclopedia.asp,2026-09-08T14:25:42Z
2898,"Holland, John","holland, john",Holland,John,,11/6/1988,1988,,,,,,,no,single-source,wayback_bsnpr_players,https://web.archive.org/web/20200601011615id_/https://www.bsnpr.com/estadisticas/enciclopedia.asp,2026-09-08T14:25:42Z
2899,"Diaz, Gary","diaz, gary",Diaz,Gary,,10/9/1992,1992,,,,,,,no,single-source,wayback_bsnpr_players,https://web.archive.org/web/20200601011615id_/https://www.bsnpr.com/estadisticas/enciclopedia.asp,2026-09-08T14:25:42Z
2900,"Chandler, Marquin","chandler, marquin",Chandler,Marquin,,3/11/1982,1982,,,,,,,no,single-source,wayback_bsnpr_players,https://web.archive.org/web/20200601011615id_/https://www.bsnpr.com/estadisticas/enciclopedia.asp,2026-09-08T14:25:42Z
2901,"Burgos Cartagena, Jeffrey Daniel","burgos cartagena, jeffrey daniel",Burgos Cartagena,Jeffrey Daniel,,4/2/1994,1994,,,,,,,no,single-source,wayback_bsnpr_players,https://web.archive.org/web/20200601011615id_/https://www.bsnpr.com/estadisticas/enciclopedia.asp,2026-09-08T14:25:42Z
2902,"Pettigrew, Steffphon","pettigrew, steffphon",Pettigrew,Steffphon,,3/21/1989,1989,,,,,,,no,single-source,wayback_bsnpr_players,https://web.archive.org/web/20200601011615id_/https://www.bsnpr.com/estadisticas/enciclopedia.asp,2026-09-08T14:25:42Z
2903,"Ortiz, Kenneth","ortiz, kenneth",Ortiz,Kenneth,,3/4/1991,1991,,,,,,,no,single-source,wayback_bsnpr_players,https://web.archive.org/web/20200601011615id_/https://www.bsnpr.com/estadisticas/enciclopedia.asp,2026-09-08T14:25:42Z
2904,"Collado, Luis N.","collado, luis n",Collado,Luis N.,,10/29/1989,1989,,,,,,,no,single-source,wayback_bsnpr_players,https://web.archive.org/web/20200601011615id_/https://www.bsnpr.com/estadisticas/enciclopedia.asp,2026-09-08T14:25:42Z
2905,"Holloway, Terrell","holloway, terrell",Holloway,Terrell,Tu,8/21/1989,1989,,,,,,,no,single-source,wayback_bsnpr_players,https://web.archive.org/web/20200601011615id_/https://www.bsnpr.com/estadisticas/enciclopedia.asp,2026-09-08T14:25:42Z
2906,"Santos, Hamilton","santos, hamilton",Santos,Hamilton,,,,,,,,,,no,single-source,wayback_bsnpr_players,https://web.archive.org/web/20140324111652id_/http://www.bsnpr.com:80/estadisticas/enciclopedia.asp,2026-09-08T14:25:03Z
2907,"Diaz Martinez, Felipe","diaz martinez, felipe",Diaz Martinez,Felipe,,11/1/1989,1989,,,,,,,no,single-source,wayback_bsnpr_players,https://web.archive.org/web/20200601011615id_/https://www.bsnpr.com/estadisticas/enciclopedia.asp,2026-09-08T14:25:42Z
2908,"Florentino Rodriguez, Enemias","florentino rodriguez, enemias",Florentino Rodriguez,Enemias,,12/31/1991,1991,,,,,,,no,single-source,wayback_bsnpr_players,https://web.archive.org/web/20200601011615id_/https://www.bsnpr.com/estadisticas/enciclopedia.asp,2026-09-08T14:25:42Z
2909,"Soto Toro, Roberto J.","soto toro, roberto j",Soto Toro,Roberto J.,,7/30/1995,1995,,,,,,,no,single-source,wayback_bsnpr_players,https://web.archive.org/web/20200601011615id_/https://www.bsnpr.com/estadisticas/enciclopedia.asp,2026-09-08T14:25:42Z
2910,"Phelps, Eugene","phelps, eugene",Phelps,Eugene,,1/23/1990,1990,,,,,,,no,single-source,wayback_bsnpr_players,https://web.archive.org/web/20200601011615id_/https://www.bsnpr.com/estadisticas/enciclopedia.asp,2026-09-08T14:25:42Z
2911,"Allred, Lance","allred, lance",Allred,Lance,,2/2/1981,1981,,,,,,,no,single-source,wayback_bsnpr_players,https://web.archive.org/web/20200601011615id_/https://www.bsnpr.com/estadisticas/enciclopedia.asp,2026-09-08T14:25:42Z
2912,"Davis, Mike","davis, mike",Davis,Mike,,10/21/1988,1988,,,,,,,no,single-source,wayback_bsnpr_players,https://web.archive.org/web/20200601011615id_/https://www.bsnpr.com/estadisticas/enciclopedia.asp,2026-09-08T14:25:42Z
2913,"O'Bryant, Orin","obryant, orin",O'Bryant,Orin,,10/27/1987,1987,,,,,,,no,single-source,wayback_bsnpr_players,https://web.archive.org/web/20200601011615id_/https://www.bsnpr.com/estadisticas/enciclopedia.asp,2026-09-08T14:25:42Z
2914,"Vega, Robert","vega, robert",Vega,Robert,,11/6/1994,1994,,,,,,,no,single-source,wayback_bsnpr_players,https://web.archive.org/web/20200601011615id_/https://www.bsnpr.com/estadisticas/enciclopedia.asp,2026-09-08T14:25:42Z
2915,"Blanchard, LaVell","blanchard, lavell",Blanchard,LaVell,,2/23/1981,1981,,,,,,,no,single-source,wayback_bsnpr_players,https://web.archive.org/web/20200601011615id_/https://www.bsnpr.com/estadisticas/enciclopedia.asp,2026-09-08T14:25:42Z
2916,"Graham, Zach","graham, zach",Graham,Zach,,3/28/1989,1989,,,,,,,no,single-source,wayback_bsnpr_players,https://web.archive.org/web/20200601011615id_/https://www.bsnpr.com/estadisticas/enciclopedia.asp,2026-09-08T14:25:42Z
2917,"Cartagena, Wilfredo","cartagena, wilfredo",Cartagena,Wilfredo,,,,,,,,,,no,single-source,wayback_bsnpr_players,https://web.archive.org/web/20140324111652id_/http://www.bsnpr.com:80/estadisticas/enciclopedia.asp,2026-09-08T14:25:03Z
12910,"Medina Escobar, Luis","medina escobar, luis",Medina Escobar,Luis,,4/3/1990,1990,,,,,,,no,single-source,wayback_bsnpr_players,https://web.archive.org/web/20200601011615id_/https://www.bsnpr.com/estadisticas/enciclopedia.asp,2026-09-08T14:25:42Z
12911,"Hill, Herbert","hill, herbert",Hill,Herbert,,10/1/1984,1984,,,,,,,no,single-source,wayback_bsnpr_players,https://web.archive.org/web/20200601011615id_/https://www.bsnpr.com/estadisticas/enciclopedia.asp,2026-09-08T14:25:42Z
12912,"Moss, Chris","moss, chris",Moss,Chris,,2/7/1980,1980,,,,,,,no,single-source,wayback_bsnpr_players,https://web.archive.org/web/20200601011615id_/https://www.bsnpr.com/estadisticas/enciclopedia.asp,2026-09-08T14:25:42Z
12913,"Naymick, Andrew","naymick, andrew",Naymick,Andrew,,2/18/1985,1985,,,,,,,no,single-source,wayback_bsnpr_players,https://web.archive.org/web/20200601011615id_/https://www.bsnpr.com/estadisticas/enciclopedia.asp,2026-09-08T14:25:42Z
12914,"George, Travis","george, travis",George,Travis,,10/3/1985,1985,,,,,,,no,single-source,wayback_bsnpr_players,https://web.archive.org/web/20200601011615id_/https://www.bsnpr.com/estadisticas/enciclopedia.asp,2026-09-08T14:25:42Z
12915,"Velez Leon, Hector J.","velez leon, hector j",Velez Leon,Hector J.,,2/5/1991,1991,,,,,,,no,single-source,wayback_bsnpr_players,https://web.archive.org/web/20200601011615id_/https://www.bsnpr.com/estadisticas/enciclopedia.asp,2026-09-08T14:25:42Z
12916,"Skeen, Jamie","skeen, jamie",Skeen,Jamie,,5/2/1988,1988,,,,,,,no,single-source,wayback_bsnpr_players,https://web.archive.org/web/20200601011615id_/https://www.bsnpr.com/estadisticas/enciclopedia.asp,2026-09-08T14:25:42Z
12917,"Seda, Luis","seda, luis",Seda,Luis,,,,,,,,,,no,single-source,wayback_bsnpr_players,https://web.archive.org/web/20140420040940id_/http://www.bsnpr.com:80/estadisticas/enciclopedia.asp?,2026-09-08T14:25:05Z
12918,"Santiago, Jeffrey","santiago, jeffrey",Santiago,Jeffrey,,4/1/1991,1991,,,,,,,no,single-source,wayback_bsnpr_players,https://web.archive.org/web/20200601011615id_/https://www.bsnpr.com/estadisticas/enciclopedia.asp,2026-09-08T14:25:42Z
12919,"Wafer, Vakeaton","wafer, vakeaton",Wafer,Vakeaton,Von,7/21/1985,1985,,,,,,,no,single-source,wayback_bsnpr_players,https://web.archive.org/web/20200601011615id_/https://www.bsnpr.com/estadisticas/enciclopedia.asp,2026-09-08T14:25:42Z
12920,"Pittman, Dexter","pittman, dexter",Pittman,Dexter,,3/2/1988,1988,,,,,,,no,single-source,wayback_bsnpr_players,https://web.archive.org/web/20200601011615id_/https://www.bsnpr.com/estadisticas/enciclopedia.asp,2026-09-08T14:25:42Z
12921,"Rutty, Justin","rutty, justin",Rutty,Justin,,7/6/1989,1989,,,,,,,no,single-source,wayback_bsnpr_players,https://web.archive.org/web/20200601011615id_/https://www.bsnpr.com/estadisticas/enciclopedia.asp,2026-09-08T14:25:42Z
12922,"Williams, Terrence","williams, terrence",Williams,Terrence,,6/28/1987,1987,,,,,,,no,single-source,wayback_bsnpr_players,https://web.archive.org/web/20200601011615id_/https://www.bsnpr.com/estadisticas/enciclopedia.asp,2026-09-08T14:25:42Z
12923,"Garcia Morales, Leandro","garcia morales, leandro",Garcia Morales,Leandro,,6/27/1980,1980,,,,,,,no,single-source,wayback_bsnpr_players,https://web.archive.org/web/20200601011615id_/https://www.bsnpr.com/estadisticas/enciclopedia.asp,2026-09-08T14:25:42Z
12924,"Johnson, Daniel","johnson, daniel",Johnson,Daniel,,4/3/1988,1988,,,,,,,no,single-source,wayback_bsnpr_players,https://web.archive.org/web/20200601011615id_/https://www.bsnpr.com/estadisticas/enciclopedia.asp,2026-09-08T14:25:42Z
12925,"Smith, Greg","smith, greg",Smith,Greg,,,,,,,,,,no,single-source,wayback_bsnpr_players,https://web.archive.org/web/20140522024043id_/http://www.bsnpr.com:80/estadisticas/enciclopedia.asp?,2026-09-08T14:25:09Z
12926,"Hernandez Gallegos, Hector","hernandez gallegos, hector",Hernandez Gallegos,Hector,,6/15/1985,1985,,,,,,,no,single-source,wayback_bsnpr_players,https://web.archive.org/web/20200601011615id_/https://www.bsnpr.com/estadisticas/enciclopedia.asp,2026-09-08T14:25:42Z
12927,"Collier, Devon","collier, devon",Collier,Devon,,1/21/1991,1991,,,,,,,no,single-source,wayback_bsnpr_players,https://web.archive.org/web/20200601011615id_/https://www.bsnpr.com/estadisticas/enciclopedia.asp,2026-09-08T14:25:42Z
12928,"Wilkins, Damien","wilkins, damien",Wilkins,Damien,,1/11/1980,1980,,,,,,,no,single-source,wayback_bsnpr_players,https://web.archive.org/web/20200601011615id_/https://www.bsnpr.com/estadisticas/enciclopedia.asp,2026-09-08T14:25:42Z
12929,"Nunnally, James","nunnally, james",Nunnally,James,,7/14/1990,1990,,,,,,,no,single-source,wayback_bsnpr_players,https://web.archive.org/web/20200601011615id_/https://www.bsnpr.com/estadisticas/enciclopedia.asp,2026-09-08T14:25:42Z
12930,"Aska, Ivan","aska, ivan",Aska,Ivan,,6/26/1990,1990,,,,,,,no,single-source,wayback_bsnpr_players,https://web.archive.org/web/20200601011615id_/https://www.bsnpr.com/estadisticas/enciclopedia.asp,2026-09-08T14:25:42Z
12931,"Johnson, Anthony","johnson, anthony",Johnson,Anthony,,5/19/1988,1988,,,,,,,no,single-source,wayback_bsnpr_players,https://web.archive.org/web/20200601011615id_/https://www.bsnpr.com/estadisticas/enciclopedia.asp,2026-09-08T14:25:42Z
12932,"Alvarado, Michael","alvarado, michael",Alvarado,Michael,,3/31/1992,1992,,,,,,,no,single-source,wayback_bsnpr_players,https://web.archive.org/web/20200601011615id_/https://www.bsnpr.com/estadisticas/enciclopedia.asp,2026-09-08T14:25:42Z
12933,"Diaz Rivera, Mario","diaz rivera, mario",Diaz Rivera,Mario,,11/2/1989,1989,,,,,,,no,single-source,wayback_bsnpr_players,https://web.archive.org/web/20200601011615id_/https://www.bsnpr.com/estadisticas/enciclopedia.asp,2026-09-08T14:25:42Z
12934,"Beal, Jermaine","beal, jermaine",Beal,Jermaine,,11/4/1987,1987,,,,,,,no,single-source,wayback_bsnpr_players,https://web.archive.org/web/20200601011615id_/https://www.bsnpr.com/estadisticas/enciclopedia.asp,2026-09-08T14:25:42Z
12935,"Giddens, Justin","giddens, justin",Giddens,Justin,,2/13/1985,1985,,,,,,,no,single-source,wayback_bsnpr_players,https://web.archive.org/web/20200601011615id_/https://www.bsnpr.com/estadisticas/enciclopedia.asp,2026-09-08T14:25:42Z
12936,"Sharpe, Walter","sharpe, walter",Sharpe,Walter,,7/18/1986,1986,,,,,,,no,single-source,wayback_bsnpr_players,https://web.archive.org/web/20200601011615id_/https://www.bsnpr.com/estadisticas/enciclopedia.asp,2026-09-08T14:25:42Z
12937,"Rolle, Magnum","rolle, magnum",Rolle,Magnum,,2/23/1986,1986,,,,,,,no,single-source,wayback_bsnpr_players,https://web.archive.org/web/20200601011615id_/https://www.bsnpr.com/estadisticas/enciclopedia.asp,2026-09-08T14:25:42Z
12938,"Sanchez Caminero, Orlando","sanchez caminero, orlando",Sanchez Caminero,Orlando,,5/26/1988,1988,,,,,,,no,single-source,wayback_bsnpr_players,https://web.archive.org/web/20200601011615id_/https://www.bsnpr.com/estadisticas/enciclopedia.asp,2026-09-08T14:25:42Z
12939,"López, Matt","lopez, matt",López,Matt,,3/25/1992,1992,,,,,,,no,single-source,wayback_bsnpr_players,https://web.archive.org/web/20200601011615id_/https://www.bsnpr.com/estadisticas/enciclopedia.asp,2026-09-08T14:25:42Z
12940,"Polynice, Eniel","polynice, eniel",Polynice,Eniel,,3/18/1988,1988,,,,,,,no,single-source,wayback_bsnpr_players,https://web.archive.org/web/20200601011615id_/https://www.bsnpr.com/estadisticas/enciclopedia.asp,2026-09-08T14:25:42Z
12941,"Buckner, Reggie","buckner, reggie",Buckner,Reggie,,5/12/1991,1991,,,,,,,no,single-source,wayback_bsnpr_players,https://web.archive.org/web/20200601011615id_/https://www.bsnpr.com/estadisticas/enciclopedia.asp,2026-09-08T14:25:42Z
12942,"Ruiz Melendez, Jared","ruiz melendez, jared",Ruiz Melendez,Jared,,9/14/1992,1992,,,,,,,no,single-source,wayback_bsnpr_players,https://web.archive.org/web/20200601011615id_/https://www.bsnpr.com/estadisticas/enciclopedia.asp,2026-09-08T14:25:42Z
12943,"Quinones Mendez, Luis Joel","quinones mendez, luis joel",Quinones Mendez,Luis Joel,,3/2/1992,1992,,,,,,,no,single-source,wayback_bsnpr_players,https://web.archive.org/web/20200601011615id_/https://www.bsnpr.com/estadisticas/enciclopedia.asp,2026-09-08T14:25:42Z
12944,"Acevedo, Angel","acevedo, angel",Acevedo,Angel,Mutombo,,,,,,,,,no,single-source,wayback_bsnpr_players,https://web.archive.org/web/20170703235443id_/http://www.bsnpr.com:80/estadisticas/enciclopedia.asp,2026-09-08T14:25:21Z
12945,"Acevedo, Angel","acevedo, angel",Acevedo,Angel,Mutombo,,,,,,,,,no,single-source,wayback_bsnpr_players,https://web.archive.org/web/20170703235443id_/http://www.bsnpr.com:80/estadisticas/enciclopedia.asp,2026-09-08T14:25:21Z
12946,"Acevedo, Angel","acevedo, angel",Acevedo,Angel,,,,,,,,,,no,single-source,wayback_bsnpr_players,https://web.archive.org/web/20170703235443id_/http://www.bsnpr.com:80/estadisticas/enciclopedia.asp,2026-09-08T14:25:21Z
12947,"Torres, Samuel","torres, samuel",Torres,Samuel,,,,,,,,,,no,single-source,wayback_bsnpr_players,https://web.archive.org/web/20170703235443id_/http://www.bsnpr.com:80/estadisticas/enciclopedia.asp,2026-09-08T14:25:21Z
12948,"Tucker, Darquavis","tucker, darquavis",Tucker,Darquavis,Dar,4/11/1988,1988,,,,,,,no,single-source,wayback_bsnpr_players,https://web.archive.org/web/20200601011615id_/https://www.bsnpr.com/estadisticas/enciclopedia.asp,2026-09-08T14:25:42Z
12949,"Moraes, Eric","moraes, eric",Moraes,Eric,,6/17/1991,1991,,,,,,,no,single-source,wayback_bsnpr_players,https://web.archive.org/web/20200601011615id_/https://www.bsnpr.com/estadisticas/enciclopedia.asp,2026-09-08T14:25:42Z
12950,"Viñales, Kyle","vinales, kyle",Viñales,Kyle,,6/18/1992,1992,,,,,,,no,single-source,wayback_bsnpr_players,https://web.archive.org/web/20200601011615id_/https://www.bsnpr.com/estadisticas/enciclopedia.asp,2026-09-08T14:25:42Z
12951,"Torres Figueroa, Julio","torres figueroa, julio",Torres Figueroa,Julio,,11/22/1991,1991,,,,,,,no,single-source,wayback_bsnpr_players,https://web.archive.org/web/20200601011615id_/https://www.bsnpr.com/estadisticas/enciclopedia.asp,2026-09-08T14:25:42Z
12952,"Mills Nales, Douglas","mills nales, douglas",Mills Nales,Douglas,,12/3/1990,1990,,,,,,,no,single-source,wayback_bsnpr_players,https://web.archive.org/web/20200601011615id_/https://www.bsnpr.com/estadisticas/enciclopedia.asp,2026-09-08T14:25:42Z
12953,"Sanabria Robreno, Jorge","sanabria robreno, jorge",Sanabria Robreno,Jorge,,10/13/1993,1993,,,,,,,no,single-source,wayback_bsnpr_players,https://web.archive.org/web/20200601011615id_/https://www.bsnpr.com/estadisticas/enciclopedia.asp,2026-09-08T14:25:42Z
12954,"Trenche Rodriguez, Enrique Alberto","trenche rodriguez, enrique alberto",Trenche Rodriguez,Enrique Alberto,,7/14/1990,1990,,,,,,,no,single-source,wayback_bsnpr_players,https://web.archive.org/web/20200601011615id_/https://www.bsnpr.com/estadisticas/enciclopedia.asp,2026-09-08T14:25:42Z
12955,"Jones, Rob","jones, rob",Jones,Rob,,1/22/1989,1989,,,,,,,no,single-source,wayback_bsnpr_players,https://web.archive.org/web/20200601011615id_/https://www.bsnpr.com/estadisticas/enciclopedia.asp,2026-09-08T14:25:42Z
12956,"Williams Rodriguez, Taylor","williams rodriguez, taylor",Williams Rodriguez,Taylor,,9/23/1988,1988,,,,,,,no,single-source,wayback_bsnpr_players,https://web.archive.org/web/20200601011615id_/https://www.bsnpr.com/estadisticas/enciclopedia.asp,2026-09-08T14:25:42Z
12957,"De Jesus Abreu, Felix","de jesus abreu, felix",De Jesus Abreu,Felix,,11/22/1992,1992,,,,,,,no,single-source,wayback_bsnpr_players,https://web.archive.org/web/20200601011615id_/https://www.bsnpr.com/estadisticas/enciclopedia.asp,2026-09-08T14:25:42Z
12958,"Morales, Angel","morales, angel",Morales,Angel,,,,,,,,,,no,single-source,wayback_bsnpr_players,https://web.archive.org/web/20170703235443id_/http://www.bsnpr.com:80/estadisticas/enciclopedia.asp,2026-09-08T14:25:21Z
12959,"Acosta, Giancarlos","acosta, giancarlos",Acosta,Giancarlos,,6/5/1985,1985,,,,,,,no,single-source,wayback_bsnpr_players,https://web.archive.org/web/20200601011615id_/https://www.bsnpr.com/estadisticas/enciclopedia.asp,2026-09-08T14:25:42Z
12960,"Rojas Laureano, Brian O.","rojas laureano, brian o",Rojas Laureano,Brian O.,,5/13/1992,1992,,,,,,,no,single-source,wayback_bsnpr_players,https://web.archive.org/web/20200601011615id_/https://www.bsnpr.com/estadisticas/enciclopedia.asp,2026-09-08T14:25:42Z
12961,"Suárez Donis, Rasham","suarez donis, rasham",Suárez Donis,Rasham,,9/21/1992,1992,,,,,,,no,single-source,wayback_bsnpr_players,https://web.archive.org/web/20200601011615id_/https://www.bsnpr.com/estadisticas/enciclopedia.asp,2026-09-08T14:25:42Z
12962,"Rodriguez Mendez, Ernesto","rodriguez mendez, ernesto",Rodriguez Mendez,Ernesto,,12/27/1990,1990,,,,,,,no,single-source,wayback_bsnpr_players,https://web.archive.org/web/20200601011615id_/https://www.bsnpr.com/estadisticas/enciclopedia.asp,2026-09-08T14:25:42Z
12963,"Velez, Jairo","velez, jairo",Velez,Jairo,,,,,,,,,,no,single-source,wayback_bsnpr_players,https://web.archive.org/web/20170703235443id_/http://www.bsnpr.com:80/estadisticas/enciclopedia.asp,2026-09-08T14:25:21Z
12964,"Daniels, Will","daniels, will",Daniels,Will,,4/21/1986,1986,,,,,,,no,single-source,wayback_bsnpr_players,https://web.archive.org/web/20200601011615id_/https://www.bsnpr.com/estadisticas/enciclopedia.asp,2026-09-08T14:25:42Z
12965,"Leslie, CJ","leslie, cj",Leslie,CJ,,6/25/1991,1991,,,,,,,no,single-source,wayback_bsnpr_players,https://web.archive.org/web/20200601011615id_/https://www.bsnpr.com/estadisticas/enciclopedia.asp,2026-09-08T14:25:42Z
12966,"Petro, Johan","petro, johan",Petro,Johan,,1/27/1983,1983,,,,,,,no,single-source,wayback_bsnpr_players,https://web.archive.org/web/20200601011615id_/https://www.bsnpr.com/estadisticas/enciclopedia.asp,2026-09-08T14:25:42Z
12967,"Ahearn, Daniel","ahearn, daniel",Ahearn,Daniel,,5/24/1985,1985,,,,,,,no,single-source,wayback_bsnpr_players,https://web.archive.org/web/20200601011615id_/https://www.bsnpr.com/estadisticas/enciclopedia.asp,2026-09-08T14:25:42Z
12968,"Knox, Justin","knox, justin",Knox,Justin,,1/13/1989,1989,,,,,,,no,single-source,wayback_bsnpr_players,https://web.archive.org/web/20200601011615id_/https://www.bsnpr.com/estadisticas/enciclopedia.asp,2026-09-08T14:25:42Z
12969,"Branch, Onzie","branch, onzie",Branch,Onzie,,10/8/1991,1991,,,,,,,no,single-source,wayback_bsnpr_players,https://web.archive.org/web/20200601011615id_/https://www.bsnpr.com/estadisticas/enciclopedia.asp,2026-09-08T14:25:42Z
12970,"Cummings, Vonteego","cummings, vonteego",Cummings,Vonteego,,2/29/1976,1976,,,,,,,no,single-source,wayback_bsnpr_players,https://web.archive.org/web/20200601011615id_/https://www.bsnpr.com/estadisticas/enciclopedia.asp,2026-09-08T14:25:42Z
12971,"Rivera, Frankie","rivera, frankie",Rivera,Frankie,,,,,,,,,,no,single-source,wayback_bsnpr_players,https://web.archive.org/web/20170703235443id_/http://www.bsnpr.com:80/estadisticas/enciclopedia.asp,2026-09-08T14:25:21Z
12972,"Carter, Maurice","carter, maurice",Carter,Maurice,,6/27/1983,1983,,,,,,,no,single-source,wayback_bsnpr_players,https://web.archive.org/web/20200601011615id_/https://www.bsnpr.com/estadisticas/enciclopedia.asp,2026-09-08T14:25:42Z
12974,"Davis, Bryan","davis, bryan",Davis,Bryan,,12/31/1986,1986,,,,,,,no,single-source,wayback_bsnpr_players,https://web.archive.org/web/20200601011615id_/https://www.bsnpr.com/estadisticas/enciclopedia.asp,2026-09-08T14:25:42Z
12975,"Pietrus, Mickael","pietrus, mickael",Pietrus,Mickael,,2/7/1982,1982,,,,,,,no,single-source,wayback_bsnpr_players,https://web.archive.org/web/20200601011615id_/https://www.bsnpr.com/estadisticas/enciclopedia.asp,2026-09-08T14:25:42Z
12976,"Mitchell, Tony","mitchell, tony",Mitchell,Tony,,4/7/1992,1992,,,,,,,no,single-source,wayback_bsnpr_players,https://web.archive.org/web/20200601011615id_/https://www.bsnpr.com/estadisticas/enciclopedia.asp,2026-09-08T14:25:42Z
12977,"Spurlock, Tristan","spurlock, tristan",Spurlock,Tristan,,2/3/1991,1991,,,,,,,no,single-source,wayback_bsnpr_players,https://web.archive.org/web/20200601011615id_/https://www.bsnpr.com/estadisticas/enciclopedia.asp,2026-09-08T14:25:42Z
12978,"Felix, Noel","felix, noel",Felix,Noel,,10/4/1981,1981,,,,,,,no,single-source,wayback_bsnpr_players,https://web.archive.org/web/20200601011615id_/https://www.bsnpr.com/estadisticas/enciclopedia.asp,2026-09-08T14:25:42Z
12979,"Jennings, Dan","jennings, dan",Jennings,Dan,,3/16/1990,1990,,,,,,,no,single-source,wayback_bsnpr_players,https://web.archive.org/web/20200601011615id_/https://www.bsnpr.com/estadisticas/enciclopedia.asp,2026-09-08T14:25:42Z
12980,"Weaver, Kyle","weaver, kyle",Weaver,Kyle,,2/18/1989,1989,,,,,,,no,single-source,wayback_bsnpr_players,https://web.archive.org/web/20200601011615id_/https://www.bsnpr.com/estadisticas/enciclopedia.asp,2026-09-08T14:25:42Z
12981,"Martínez Correa, Wil","martinez correa, wil",Martínez Correa,Wil,,6/2/1992,1992,,,,,,,no,single-source,wayback_bsnpr_players,https://web.archive.org/web/20200601011615id_/https://www.bsnpr.com/estadisticas/enciclopedia.asp,2026-09-08T14:25:42Z
12982,"Wilkerson, Isaiah","wilkerson, isaiah",Wilkerson,Isaiah,,11/13/1990,1990,,,,,,,no,single-source,wayback_bsnpr_players,https://web.archive.org/web/20200601011615id_/https://www.bsnpr.com/estadisticas/enciclopedia.asp,2026-09-08T14:25:42Z
12983,"Santiago Resto, Carlos G.","santiago resto, carlos g",Santiago Resto,Carlos G.,,9/19/1995,1995,,,,,,,no,single-source,wayback_bsnpr_players,https://web.archive.org/web/20200601011615id_/https://www.bsnpr.com/estadisticas/enciclopedia.asp,2026-09-08T14:25:42Z
12984,"Howard, Ron","howard, ron",Howard,Ron,,11/14/1982,1982,,,,,,,no,single-source,wayback_bsnpr_players,https://web.archive.org/web/20200601011615id_/https://www.bsnpr.com/estadisticas/enciclopedia.asp,2026-09-08T14:25:42Z
12985,"Martinez Marrero, Bryan","martinez marrero, bryan",Martinez Marrero,Bryan,,12/10/1992,1992,,,,,,,no,single-source,wayback_bsnpr_players,https://web.archive.org/web/20200601011615id_/https://www.bsnpr.com/estadisticas/enciclopedia.asp,2026-09-08T14:25:42Z
12986,"Gonzalez Bauza, Michael J.","gonzalez bauza, michael j",Gonzalez Bauza,Michael J.,,12/14/1992,1992,,,,,,,no,single-source,wayback_bsnpr_players,https://web.archive.org/web/20200601011615id_/https://www.bsnpr.com/estadisticas/enciclopedia.asp,2026-09-08T14:25:42Z
12987,"Logan, Dallas","logan, dallas",Logan,Dallas,,11/18/1982,1982,,,,,,,no,single-source,wayback_bsnpr_players,https://web.archive.org/web/20200601011615id_/https://www.bsnpr.com/estadisticas/enciclopedia.asp,2026-09-08T14:25:42Z
12988,"Glynn Ramírez, Jordan","glynn ramirez, jordan",Glynn Ramírez,Jordan,,6/26/1989,1989,,,,,,,no,single-source,wayback_bsnpr_players,https://web.archive.org/web/20200601011615id_/https://www.bsnpr.com/estadisticas/enciclopedia.asp,2026-09-08T14:25:42Z
12989,"Conklin, Brian","conklin, brian",Conklin,Brian,,9/5/1989,1989,,,,,,,no,single-source,wayback_bsnpr_players,https://web.archive.org/web/20200601011615id_/https://www.bsnpr.com/estadisticas/enciclopedia.asp,2026-09-08T14:25:42Z
12990,"Bailey, Ollie","bailey, ollie",Bailey,Ollie,,3/11/1985,1985,,,,,,,no,single-source,wayback_bsnpr_players,https://web.archive.org/web/20200601011615id_/https://www.bsnpr.com/estadisticas/enciclopedia.asp,2026-09-08T14:25:42Z
12991,"Vazquez, Lee","vazquez, lee",Vazquez,Lee,,4/15/1991,1991,,,,,,,no,single-source,wayback_bsnpr_players,https://web.archive.org/web/20200601011615id_/https://www.bsnpr.com/estadisticas/enciclopedia.asp,2026-09-08T14:25:42Z
12992,"Ocasio Tulloch, Jonathan","ocasio tulloch, jonathan",Ocasio Tulloch,Jonathan,,10/30/1992,1992,,,,,,,no,single-source,wayback_bsnpr_players,https://web.archive.org/web/20200601011615id_/https://www.bsnpr.com/estadisticas/enciclopedia.asp,2026-09-08T14:25:42Z
12996,"Rodriguez, Joel","rodriguez, joel",Rodriguez,Joel,,,,,,,,,,no,single-source,wayback_bsnpr_players,https://web.archive.org/web/20170703235443id_/http://www.bsnpr.com:80/estadisticas/enciclopedia.asp,2026-09-08T14:25:21Z
12997,"Taylor, Joseph","taylor, joseph",Taylor,Joseph,,10/17/1985,1985,,,,,,,no,single-source,wayback_bsnpr_players,https://web.archive.org/web/20200601011615id_/https://www.bsnpr.com/estadisticas/enciclopedia.asp,2026-09-08T14:25:42Z
12998,"Abreu Vázquez, Álex","abreu vazquez, alex",Abreu Vázquez,Álex,,8/14/1991,1991,,,,,,,no,single-source,wayback_bsnpr_players,https://web.archive.org/web/20200601011615id_/https://www.bsnpr.com/estadisticas/enciclopedia.asp,2026-09-08T14:25:42Z
12999,"Jones, Ed","jones, ed",Jones,Ed,,2/12/1987,1987,,,,,,,no,single-source,wayback_bsnpr_players,https://web.archive.org/web/20200601011615id_/https://www.bsnpr.com/estadisticas/enciclopedia.asp,2026-09-08T14:25:42Z
13000,"Terry, Reyshawn","terry, reyshawn",Terry,Reyshawn,,4/7/1984,1984,,,,,,,no,single-source,wayback_bsnpr_players,https://web.archive.org/web/20200601011615id_/https://www.bsnpr.com/estadisticas/enciclopedia.asp,2026-09-08T14:25:42Z
13001,"Morales, Donte","morales, donte",Morales,Donte,,,,,,,,,,no,single-source,wayback_bsnpr_players,https://web.archive.org/web/20170703235443id_/http://www.bsnpr.com:80/estadisticas/enciclopedia.asp,2026-09-08T14:25:21Z
13002,"Johnson, Dane","johnson, dane",Johnson,Dane,,4/3/1986,1986,,,,,,,no,single-source,wayback_bsnpr_players,https://web.archive.org/web/20200601011615id_/https://www.bsnpr.com/estadisticas/enciclopedia.asp,2026-09-08T14:25:42Z
13003,"Thomas, Malcolm","thomas, malcolm",Thomas,Malcolm,,11/8/1988,1988,,,,,,,no,single-source,wayback_bsnpr_players,https://web.archive.org/web/20200601011615id_/https://www.bsnpr.com/estadisticas/enciclopedia.asp,2026-09-08T14:25:42Z
13004,"Cousins, Marcus","cousins, marcus",Cousins,Marcus,,12/18/1986,1986,,,,,,,no,single-source,wayback_bsnpr_players,https://web.archive.org/web/20200601011615id_/https://www.bsnpr.com/estadisticas/enciclopedia.asp,2026-09-08T14:25:42Z
13005,"Wayns, Maalik","wayns, maalik",Wayns,Maalik,,5/2/1991,1991,,,,,,,no,single-source,wayback_bsnpr_players,https://web.archive.org/web/20200601011615id_/https://www.bsnpr.com/estadisticas/enciclopedia.asp,2026-09-08T14:25:42Z
13006,"Vargas, Eloy","vargas, eloy",Vargas,Eloy,,12/30/1988,1988,,,,,,,no,single-source,wayback_bsnpr_players,https://web.archive.org/web/20200601011615id_/https://www.bsnpr.com/estadisticas/enciclopedia.asp,2026-09-08T14:25:42Z
13007,"Burtt, Steven","burtt, steven",Burtt,Steven,,11/5/1984,1984,,,,,,,no,single-source,wayback_bsnpr_players,https://web.archive.org/web/20200601011615id_/https://www.bsnpr.com/estadisticas/enciclopedia.asp,2026-09-08T14:25:42Z
13008,"Griffin, Eric","griffin, eric",Griffin,Eric,,5/26/1990,1990,,,,,,,no,single-source,wayback_bsnpr_players,https://web.archive.org/web/20200601011615id_/https://www.bsnpr.com/estadisticas/enciclopedia.asp,2026-09-08T14:25:42Z
13009,"Ebanks, Devin","ebanks, devin",Ebanks,Devin,,10/28/1989,1989,,,,,,,no,single-source,wayback_bsnpr_players,https://web.archive.org/web/20200601011615id_/https://www.bsnpr.com/estadisticas/enciclopedia.asp,2026-09-08T14:25:42Z
13010,"Wade, Lorenzo","wade, lorenzo",Wade,Lorenzo,,11/23/1985,1985,,,,,,,no,single-source,wayback_bsnpr_players,https://web.archive.org/web/20200601011615id_/https://www.bsnpr.com/estadisticas/enciclopedia.asp,2026-09-08T14:25:42Z
13011,"Soto Rivera, Joseph","soto rivera, joseph",Soto Rivera,Joseph,,1/5/1993,1993,,,,,,,no,single-source,wayback_bsnpr_players,https://web.archive.org/web/20200601011615id_/https://www.bsnpr.com/estadisticas/enciclopedia.asp,2026-09-08T14:25:42Z
13012,"Varnado, Jarvis","varnado, jarvis",Varnado,Jarvis,,3/1/1988,1988,,,,,,,no,single-source,wayback_bsnpr_players,https://web.archive.org/web/20200601011615id_/https://www.bsnpr.com/estadisticas/enciclopedia.asp,2026-09-08T14:25:42Z
13013,"Osby, Romero","osby, romero",Osby,Romero,,5/7/1990,1990,,,,,,,no,single-source,wayback_bsnpr_players,https://web.archive.org/web/20200601011615id_/https://www.bsnpr.com/estadisticas/enciclopedia.asp,2026-09-08T14:25:42Z
13014,"Parada, Adam","parada, adam",Parada,Adam,,10/21/1981,1981,,,,,,,no,single-source,wayback_bsnpr_players,https://web.archive.org/web/20200601011615id_/https://www.bsnpr.com/estadisticas/enciclopedia.asp,2026-09-08T14:25:42Z
13015,"Bishop, Tony","bishop, tony",Bishop,Tony,,7/16/1989,1989,,,,,,,no,single-source,wayback_bsnpr_players,https://web.archive.org/web/20200601011615id_/https://www.bsnpr.com/estadisticas/enciclopedia.asp,2026-09-08T14:25:42Z
13016,"Toyloy, Steven","toyloy, steven",Toyloy,Steven,,10/6/1987,1987,,,,,,,no,single-source,wayback_bsnpr_players,https://web.archive.org/web/20200601011615id_/https://www.bsnpr.com/estadisticas/enciclopedia.asp,2026-09-08T14:25:42Z
13017,"Gaines, Frank","gaines, frank",Gaines,Frank,,7/7/1990,1990,,,,,,,no,single-source,wayback_bsnpr_players,https://web.archive.org/web/20200601011615id_/https://www.bsnpr.com/estadisticas/enciclopedia.asp,2026-09-08T14:25:42Z
13018,"Fuentes, Jamel","fuentes, jamel",Fuentes,Jamel,,12/27/1991,1991,,,,,,,no,single-source,wayback_bsnpr_players,https://web.archive.org/web/20200601011615id_/https://www.bsnpr.com/estadisticas/enciclopedia.asp,2026-09-08T14:25:42Z
13019,"Jackson, Cedric","jackson, cedric",Jackson,Cedric,,3/5/1986,1986,,,,,,,no,single-source,wayback_bsnpr_players,https://web.archive.org/web/20200601011615id_/https://www.bsnpr.com/estadisticas/enciclopedia.asp,2026-09-08T14:25:42Z
13020,"Griffin, Justin","griffin, justin",Griffin,Justin,,9/20/1983,1983,,,,,,,no,single-source,wayback_bsnpr_players,https://web.archive.org/web/20200601011615id_/https://www.bsnpr.com/estadisticas/enciclopedia.asp,2026-09-08T14:25:42Z
13021,"Adeleke, Kenny","adeleke, kenny",Adeleke,Kenny,,2/10/1983,1983,,,,,,,no,single-source,wayback_bsnpr_players,https://web.archive.org/web/20200601011615id_/https://www.bsnpr.com/estadisticas/enciclopedia.asp,2026-09-08T14:25:42Z
13022,"Gillenwater, Troy","gillenwater, troy",Gillenwater,Troy,,12/19/1988,1988,,,,,,,no,single-source,wayback_bsnpr_players,https://web.archive.org/web/20200601011615id_/https://www.bsnpr.com/estadisticas/enciclopedia.asp,2026-09-08T14:25:42Z
13023,"Clanton, Keith","clanton, keith",Clanton,Keith,,8/18/1990,1990,,,,,,,no,single-source,wayback_bsnpr_players,https://web.archive.org/web/20200601011615id_/https://www.bsnpr.com/estadisticas/enciclopedia.asp,2026-09-08T14:25:42Z
13024,"Henry, Sek","henry, sek",Henry,Sek,,6/28/1987,1987,,,,,,,no,single-source,wayback_bsnpr_players,https://web.archive.org/web/20200601011615id_/https://www.bsnpr.com/estadisticas/enciclopedia.asp,2026-09-08T14:25:42Z
13025,"Willliams, Jawad","willliams, jawad",Willliams,Jawad,,2/19/1983,1983,,,,,,,no,single-source,wayback_bsnpr_players,https://web.archive.org/web/20200601011615id_/https://www.bsnpr.com/estadisticas/enciclopedia.asp,2026-09-08T14:25:42Z
13026,"Panko, Andy","panko, andy",Panko,Andy,,11/29/1977,1977,,,,,,,no,single-source,wayback_bsnpr_players,https://web.archive.org/web/20200601011615id_/https://www.bsnpr.com/estadisticas/enciclopedia.asp,2026-09-08T14:25:42Z
13027,"Browne Ramirez, Gary","browne ramirez, gary",Browne Ramirez,Gary,,3/24/1993,1993,,,,,,,no,single-source,wayback_bsnpr_players,https://web.archive.org/web/20200601011615id_/https://www.bsnpr.com/estadisticas/enciclopedia.asp,2026-09-08T14:25:42Z
13028,"Feldeine, James","feldeine, james",Feldeine,James,,6/26/1988,1988,,,,,,,no,single-source,wayback_bsnpr_players,https://web.archive.org/web/20200601011615id_/https://www.bsnpr.com/estadisticas/enciclopedia.asp,2026-09-08T14:25:42Z
13029,"Williams, Latavious","williams, latavious",Williams,Latavious,,3/29/1989,1989,,,,,,,no,single-source,wayback_bsnpr_players,https://web.archive.org/web/20200601011615id_/https://www.bsnpr.com/estadisticas/enciclopedia.asp,2026-09-08T14:25:42Z
13030,"Marshall, Rawle","marshall, rawle",Marshall,Rawle,,2/20/1982,1982,,,,,,,no,single-source,wayback_bsnpr_players,https://web.archive.org/web/20200601011615id_/https://www.bsnpr.com/estadisticas/enciclopedia.asp,2026-09-08T14:25:42Z
13031,"Elonu, Chinemelu","elonu, chinemelu",Elonu,Chinemelu,,3/11/1987,1987,,,,,,,no,single-source,wayback_bsnpr_players,https://web.archive.org/web/20200601011615id_/https://www.bsnpr.com/estadisticas/enciclopedia.asp,2026-09-08T14:25:42Z
13032,"Wright, Julian","wright, julian",Wright,Julian,,5/20/1987,1987,,,,,,,no,single-source,wayback_bsnpr_players,https://web.archive.org/web/20200601011615id_/https://www.bsnpr.com/estadisticas/enciclopedia.asp,2026-09-08T14:25:42Z
13033,"Dawson, Eric","dawson, eric",Dawson,Eric,,7/7/1984,1984,,,,,,,no,single-source,wayback_bsnpr_players,https://web.archive.org/web/20200601011615id_/https://www.bsnpr.com/estadisticas/enciclopedia.asp,2026-09-08T14:25:42Z
13034,"Bowman, Brandon","bowman, brandon",Bowman,Brandon,,10/15/1984,1984,,,,,,,no,single-source,wayback_bsnpr_players,https://web.archive.org/web/20200601011615id_/https://www.bsnpr.com/estadisticas/enciclopedia.asp,2026-09-08T14:25:42Z
13035,"Akindele, Jeleel","akindele, jeleel",Akindele,Jeleel,,4/2/1983,1983,,,,,,,no,single-source,wayback_bsnpr_players,https://web.archive.org/web/20200601011615id_/https://www.bsnpr.com/estadisticas/enciclopedia.asp,2026-09-08T14:25:42Z
13036,"Garcia, Francisco","garcia, francisco",Garcia,Francisco,,12/31/1981,1981,,,,,,,no,single-source,wayback_bsnpr_players,https://web.archive.org/web/20200601011615id_/https://www.bsnpr.com/estadisticas/enciclopedia.asp,2026-09-08T14:25:42Z
13037,"Oviedo Evangelista, Dixon","oviedo evangelista, dixon",Oviedo Evangelista,Dixon,,10/16/1994,1994,,,,,,,no,single-source,wayback_bsnpr_players,https://web.archive.org/web/20200601011615id_/https://www.bsnpr.com/estadisticas/enciclopedia.asp,2026-09-08T14:25:42Z
13038,"Pellot Valentin, Emmanuel","pellot valentin, emmanuel",Pellot Valentin,Emmanuel,,12/11/1993,1993,,,,,,,no,single-source,wayback_bsnpr_players,https://web.archive.org/web/20200601011615id_/https://www.bsnpr.com/estadisticas/enciclopedia.asp,2026-09-08T14:25:42Z
13039,"Forbes, Gary","forbes, gary",Forbes,Gary,,2/25/1985,1985,,,,,,,no,single-source,wayback_bsnpr_players,https://web.archive.org/web/20200601011615id_/https://www.bsnpr.com/estadisticas/enciclopedia.asp,2026-09-08T14:25:42Z
13040,"Milbourne, Landon","milbourne, landon",Milbourne,Landon,,6/29/1987,1987,,,,,,,no,single-source,wayback_bsnpr_players,https://web.archive.org/web/20200601011615id_/https://www.bsnpr.com/estadisticas/enciclopedia.asp,2026-09-08T14:25:42Z
13041,"Moultrie, Arnett","moultrie, arnett",Moultrie,Arnett,,11/18/1990,1990,,,,,,,no,single-source,wayback_bsnpr_players,https://web.archive.org/web/20200601011615id_/https://www.bsnpr.com/estadisticas/enciclopedia.asp,2026-09-08T14:25:42Z
13042,"Kendall, Levon","kendall, levon",Kendall,Levon,,7/4/1984,1984,,,,,,,no,single-source,wayback_bsnpr_players,https://web.archive.org/web/20200601011615id_/https://www.bsnpr.com/estadisticas/enciclopedia.asp,2026-09-08T14:25:42Z
13043,"Pena Wright, Antonio","pena wright, antonio",Pena Wright,Antonio,,7/20/1986,1986,,,,,,,no,single-source,wayback_bsnpr_players,https://web.archive.org/web/20200601011615id_/https://www.bsnpr.com/estadisticas/enciclopedia.asp,2026-09-08T14:25:42Z
13044,"English, Carl","english, carl",English,Carl,,2/2/1981,1981,,,,,,,no,single-source,wayback_bsnpr_players,https://web.archive.org/web/20200601011615id_/https://www.bsnpr.com/estadisticas/enciclopedia.asp,2026-09-08T14:25:42Z
13045,"Costner, Brandon","costner, brandon",Costner,Brandon,,7/21/1987,1987,,,,,,,no,single-source,wayback_bsnpr_players,https://web.archive.org/web/20200601011615id_/https://www.bsnpr.com/estadisticas/enciclopedia.asp,2026-09-08T14:25:42Z
13046,"James, Damion","james, damion",James,Damion,,10/7/1987,1987,,,,,,,no,single-source,wayback_bsnpr_players,https://web.archive.org/web/20200601011615id_/https://www.bsnpr.com/estadisticas/enciclopedia.asp,2026-09-08T14:25:42Z
13047,"Page, Dylan","page, dylan",Page,Dylan,,3/28/1982,1982,,,,,,,no,single-source,wayback_bsnpr_players,https://web.archive.org/web/20200601011615id_/https://www.bsnpr.com/estadisticas/enciclopedia.asp,2026-09-08T14:25:42Z
13048,"Wallace, CJ","wallace, cj",Wallace,CJ,,12/31/1982,1982,,,,,,,no,single-source,wayback_bsnpr_players,https://web.archive.org/web/20200601011615id_/https://www.bsnpr.com/estadisticas/enciclopedia.asp,2026-09-08T14:25:42Z
13049,"Goodridge, Vernon","goodridge, vernon",Goodridge,Vernon,,2/18/1984,1984,,,,,,,no,single-source,wayback_bsnpr_players,https://web.archive.org/web/20200601011615id_/https://www.bsnpr.com/estadisticas/enciclopedia.asp,2026-09-08T14:25:42Z
13050,"Mendoza De la Rosa, Rigoberto","mendoza de la rosa, rigoberto",Mendoza De la Rosa,Rigoberto,,7/6/1992,1992,,,,,,,no,single-source,wayback_bsnpr_players,https://web.archive.org/web/20200601011615id_/https://www.bsnpr.com/estadisticas/enciclopedia.asp,2026-09-08T14:25:42Z
13051,"Piñeiro, Juan Pablo","pineiro, juan pablo",Piñeiro,Juan Pablo,,4/15/1990,1990,,,,,,,no,single-source,wayback_bsnpr_players,https://web.archive.org/web/20200601011615id_/https://www.bsnpr.com/estadisticas/enciclopedia.asp,2026-09-08T14:25:42Z
13052,"Gaskins, Trevor","gaskins, trevor",Gaskins,Trevor,,11/24/1989,1989,,,,,,,no,single-source,wayback_bsnpr_players,https://web.archive.org/web/20200601011615id_/https://www.bsnpr.com/estadisticas/enciclopedia.asp,2026-09-08T14:25:42Z
13053,"Lee, Malcolm","lee, malcolm",Lee,Malcolm,,5/22/1990,1990,,,,,,,no,single-source,wayback_bsnpr_players,https://web.archive.org/web/20200601011615id_/https://www.bsnpr.com/estadisticas/enciclopedia.asp,2026-09-08T14:25:42Z
13054,"Fitch, Gerald","fitch, gerald",Fitch,Gerald,,8/12/1982,1982,,,,,,,no,single-source,wayback_bsnpr_players,https://web.archive.org/web/20200601011615id_/https://www.bsnpr.com/estadisticas/enciclopedia.asp,2026-09-08T14:25:42Z
13055,"Rodriguez, Jose G.","rodriguez, jose g",Rodriguez,Jose G.,,10/22/1992,1992,,,,,,,no,single-source,wayback_bsnpr_players,https://web.archive.org/web/20200601011615id_/https://www.bsnpr.com/estadisticas/enciclopedia.asp,2026-09-08T14:25:42Z
13056,"Ramos Abad, Enrique","ramos abad, enrique",Ramos Abad,Enrique,,9/14/1989,1989,,,,,,,no,single-source,wayback_bsnpr_players,https://web.archive.org/web/20200601011615id_/https://www.bsnpr.com/estadisticas/enciclopedia.asp,2026-09-08T14:25:42Z
13057,"Ortiz, Chris","ortiz, chris",Ortiz,Chris,,4/2/1993,1993,,,,,,,no,single-source,wayback_bsnpr_players,https://web.archive.org/web/20200601011615id_/https://www.bsnpr.com/estadisticas/enciclopedia.asp,2026-09-08T14:25:42Z
13058,"Santiago Joseph, David","santiago joseph, david",Santiago Joseph,David,,7/12/1991,1991,,,,,,,no,single-source,wayback_bsnpr_players,https://web.archive.org/web/20200601011615id_/https://www.bsnpr.com/estadisticas/enciclopedia.asp,2026-09-08T14:25:42Z
13059,"Souberbielle, Marcel","souberbielle, marcel",Souberbielle,Marcel,,11/29/1991,1991,,,,,,,no,single-source,wayback_bsnpr_players,https://web.archive.org/web/20200601011615id_/https://www.bsnpr.com/estadisticas/enciclopedia.asp,2026-09-08T14:25:42Z
13060,"Curry, Terrence","curry, terrence",Curry,Terrence,T.J.,3/5/1993,1993,,,,,,,no,single-source,wayback_bsnpr_players,https://web.archive.org/web/20200601011615id_/https://www.bsnpr.com/estadisticas/enciclopedia.asp,2026-09-08T14:25:42Z
13061,"McCrea, Javon","mccrea, javon",McCrea,Javon,,11/5/1992,1992,,,,,,,no,single-source,wayback_bsnpr_players,https://web.archive.org/web/20200601011615id_/https://www.bsnpr.com/estadisticas/enciclopedia.asp,2026-09-08T14:25:42Z
13062,"Pimentel Pigott, Jason","pimentel pigott, jason",Pimentel Pigott,Jason,,6/4/1993,1993,,,,,,,no,single-source,wayback_bsnpr_players,https://web.archive.org/web/20200601011615id_/https://www.bsnpr.com/estadisticas/enciclopedia.asp,2026-09-08T14:25:42Z
13063,"Harris, Robert","harris, robert",Harris,Robert,,2/8/1991,1991,,,,,,,no,single-source,wayback_bsnpr_players,https://web.archive.org/web/20200601011615id_/https://www.bsnpr.com/estadisticas/enciclopedia.asp,2026-09-08T14:25:42Z
13064,"Romero Fernández, Ismael","romero fernandez, ismael",Romero Fernández,Ismael,,6/23/1991,1991,,,,,,,no,single-source,wayback_bsnpr_players,https://web.archive.org/web/20200601011615id_/https://www.bsnpr.com/estadisticas/enciclopedia.asp,2026-09-08T14:25:42Z
13065,"Johnson, Chris","johnson, chris",Johnson,Chris,,7/17/1985,1985,,,,,,,no,single-source,wayback_bsnpr_players,https://web.archive.org/web/20200601011615id_/https://www.bsnpr.com/estadisticas/enciclopedia.asp,2026-09-08T14:25:42Z
13066,"Matías De León, Ángel L.","matias de leon, angel l",Matías De León,Ángel L.,,7/16/1992,1992,,,,,,,no,single-source,wayback_bsnpr_players,https://web.archive.org/web/20200601011615id_/https://www.bsnpr.com/estadisticas/enciclopedia.asp,2026-09-08T14:25:42Z
13067,"Santiago Colon, Ogel A.","santiago colon, ogel a",Santiago Colon,Ogel A.,,11/21/1997,1997,,,,,,,no,single-source,wayback_bsnpr_players,https://web.archive.org/web/20200601011615id_/https://www.bsnpr.com/estadisticas/enciclopedia.asp,2026-09-08T14:25:42Z
13068,"Rodriguez Rivera, Joel M.","rodriguez rivera, joel m",Rodriguez Rivera,Joel M.,,9/16/1996,1996,,,,,,,no,single-source,wayback_bsnpr_players,https://web.archive.org/web/20200601011615id_/https://www.bsnpr.com/estadisticas/enciclopedia.asp,2026-09-08T14:25:42Z
13069,"Diaz Echevarria, Luis Miguel","diaz echevarria, luis miguel",Diaz Echevarria,Luis Miguel,,4/18/1992,1992,,,,,,,no,single-source,wayback_bsnpr_players,https://web.archive.org/web/20200601011615id_/https://www.bsnpr.com/estadisticas/enciclopedia.asp,2026-09-08T14:25:42Z
13071,"Candelario Orozco, Bryan","candelario orozco, bryan",Candelario Orozco,Bryan,,2/16/1993,1993,,,,,,,no,single-source,wayback_bsnpr_players,https://web.archive.org/web/20200601011615id_/https://www.bsnpr.com/estadisticas/enciclopedia.asp,2026-09-08T14:25:42Z
13072,"Medina, Frankie","medina, frankie",Medina,Frankie,,,,,,,,,,no,single-source,wayback_bsnpr_players,https://web.archive.org/web/20170703235443id_/http://www.bsnpr.com:80/estadisticas/enciclopedia.asp,2026-09-08T14:25:21Z
13073,"Batista Aguero, Leonel","batista aguero, leonel",Batista Aguero,Leonel,,3/29/1986,1986,,,,,,,no,single-source,wayback_bsnpr_players,https://web.archive.org/web/20200601011615id_/https://www.bsnpr.com/estadisticas/enciclopedia.asp,2026-09-08T14:25:42Z
13074,"Rivera Lozada, Rafael","rivera lozada, rafael",Rivera Lozada,Rafael,,9/21/1993,1993,,,,,,,no,single-source,wayback_bsnpr_players,https://web.archive.org/web/20200601011615id_/https://www.bsnpr.com/estadisticas/enciclopedia.asp,2026-09-08T14:25:42Z
13075,"Thun, Hans","thun, hans",Thun,Hans,,5/24/1991,1991,,,,,,,no,single-source,wayback_bsnpr_players,https://web.archive.org/web/20200601011615id_/https://www.bsnpr.com/estadisticas/enciclopedia.asp,2026-09-08T14:25:42Z
13076,"Josiah, Jahvari","josiah, jahvari",Josiah,Jahvari,,2/20/1993,1993,,,,,,,no,single-source,wayback_bsnpr_players,https://web.archive.org/web/20200601011615id_/https://www.bsnpr.com/estadisticas/enciclopedia.asp,2026-09-08T14:25:42Z
13077,"Perez Arango, Yudniel","perez arango, yudniel",Perez Arango,Yudniel,,3/7/1984,1984,,,,,,,no,single-source,wayback_bsnpr_players,https://web.archive.org/web/20200601011615id_/https://www.bsnpr.com/estadisticas/enciclopedia.asp,2026-09-08T14:25:42Z
13078,"Rosario Nieves, Brian A.","rosario nieves, brian a",Rosario Nieves,Brian A.,,1/3/1996,1996,,,,,,,no,single-source,wayback_bsnpr_players,https://web.archive.org/web/20200601011615id_/https://www.bsnpr.com/estadisticas/enciclopedia.asp,2026-09-08T14:25:42Z
13079,"Fernández García, Tjader","fernandez garcia, tjader",Fernández García,Tjader,,1/28/1994,1994,,,,,,,no,single-source,wayback_bsnpr_players,https://web.archive.org/web/20200601011615id_/https://www.bsnpr.com/estadisticas/enciclopedia.asp,2026-09-08T14:25:42Z
13080,"Morales Soto, Edwin D.","morales soto, edwin d",Morales Soto,Edwin D.,,4/26/1992,1992,,,,,,,no,single-source,wayback_bsnpr_players,https://web.archive.org/web/20200601011615id_/https://www.bsnpr.com/estadisticas/enciclopedia.asp,2026-09-08T14:25:42Z
13081,"Cruz Solla, Jose L.","cruz solla, jose l",Cruz Solla,Jose L.,,3/7/1992,1992,,,,,,,no,single-source,wayback_bsnpr_players,https://web.archive.org/web/20200601011615id_/https://www.bsnpr.com/estadisticas/enciclopedia.asp,2026-09-08T14:25:42Z
13082,"Matos Nieves, Jorge L.","matos nieves, jorge l",Matos Nieves,Jorge L.,,4/30/1992,1992,,,,,,,no,single-source,wayback_bsnpr_players,https://web.archive.org/web/20200601011615id_/https://www.bsnpr.com/estadisticas/enciclopedia.asp,2026-09-08T14:25:42Z
13083,"Lanauze Carrion, Carlos J.","lanauze carrion, carlos j",Lanauze Carrion,Carlos J.,,11/9/1994,1994,,,,,,,no,single-source,wayback_bsnpr_players,https://web.archive.org/web/20200601011615id_/https://www.bsnpr.com/estadisticas/enciclopedia.asp,2026-09-08T14:25:42Z
13084,"Burgos, Sandy","burgos, sandy",Burgos,Sandy,,,,,,,,,,no,single-source,wayback_bsnpr_players,https://web.archive.org/web/20170703235443id_/http://www.bsnpr.com:80/estadisticas/enciclopedia.asp,2026-09-08T14:25:21Z
13085,"Lopez Santiago, Christian","lopez santiago, christian",Lopez Santiago,Christian,,6/12/1995,1995,,,,,,,no,single-source,wayback_bsnpr_players,https://web.archive.org/web/20200601011615id_/https://www.bsnpr.com/estadisticas/enciclopedia.asp,2026-09-08T14:25:42Z
13086,"Carattini Sánchez, Víctor","carattini sanchez, victor",Carattini Sánchez,Víctor,,6/27/1992,1992,,,,,,,no,single-source,wayback_bsnpr_players,https://web.archive.org/web/20200601011615id_/https://www.bsnpr.com/estadisticas/enciclopedia.asp,2026-09-08T14:25:42Z
13087,"Moon, Jamario","moon, jamario",Moon,Jamario,,6/13/1980,1980,,,,,,,no,single-source,wayback_bsnpr_players,https://web.archive.org/web/20200601011615id_/https://www.bsnpr.com/estadisticas/enciclopedia.asp,2026-09-08T14:25:42Z
13088,"Samhan, Omar","samhan, omar",Samhan,Omar,,11/3/1988,1988,,,,,,,no,single-source,wayback_bsnpr_players,https://web.archive.org/web/20200601011615id_/https://www.bsnpr.com/estadisticas/enciclopedia.asp,2026-09-08T14:25:42Z
13089,"Behanan, Chane","behanan, chane",Behanan,Chane,,9/24/1992,1992,,,,,,,no,single-source,wayback_bsnpr_players,https://web.archive.org/web/20200601011615id_/https://www.bsnpr.com/estadisticas/enciclopedia.asp,2026-09-08T14:25:42Z
13090,"McGuire, Dominic","mcguire, dominic",McGuire,Dominic,,10/20/1985,1985,,,,,,,no,single-source,wayback_bsnpr_players,https://web.archive.org/web/20200601011615id_/https://www.bsnpr.com/estadisticas/enciclopedia.asp,2026-09-08T14:25:42Z
13091,"Singleton, Rashaad","singleton, rashaad",Singleton,Rashaad,,5/22/1987,1987,,,,,,,no,single-source,wayback_bsnpr_players,https://web.archive.org/web/20200601011615id_/https://www.bsnpr.com/estadisticas/enciclopedia.asp,2026-09-08T14:25:42Z
13092,"Jimenez Sosa, Carlos Abner","jimenez sosa, carlos abner",Jimenez Sosa,Carlos Abner,,10/25/1990,1990,,,,,,,no,single-source,wayback_bsnpr_players,https://web.archive.org/web/20200601011615id_/https://www.bsnpr.com/estadisticas/enciclopedia.asp,2026-09-08T14:25:42Z
13093,"Valentin Gonzalez, Roberto A.","valentin gonzalez, roberto a",Valentin Gonzalez,Roberto A.,,6/29/1996,1996,,,,,,,no,single-source,wayback_bsnpr_players,https://web.archive.org/web/20200601011615id_/https://www.bsnpr.com/estadisticas/enciclopedia.asp,2026-09-08T14:25:42Z
13094,"Lucas III, John","lucas iii, john",Lucas III,John,,11/21/1982,1982,,,,,,,no,single-source,wayback_bsnpr_players,https://web.archive.org/web/20200601011615id_/https://www.bsnpr.com/estadisticas/enciclopedia.asp,2026-09-08T14:25:42Z
13095,"Tucker, Clay","tucker, clay",Tucker,Clay,,6/14/1980,1980,,,,,,,no,single-source,wayback_bsnpr_players,https://web.archive.org/web/20200601011615id_/https://www.bsnpr.com/estadisticas/enciclopedia.asp,2026-09-08T14:25:42Z
13096,"Ogilvy, Andrew James","ogilvy, andrew james",Ogilvy,Andrew James,,6/17/1988,1988,,,,,,,no,single-source,wayback_bsnpr_players,https://web.archive.org/web/20200601011615id_/https://www.bsnpr.com/estadisticas/enciclopedia.asp,2026-09-08T14:25:42Z
13097,"Victor, Cuthbert","victor, cuthbert",Victor,Cuthbert,,1/30/1983,1983,,,,,,,no,single-source,wayback_bsnpr_players,https://web.archive.org/web/20200601011615id_/https://www.bsnpr.com/estadisticas/enciclopedia.asp,2026-09-08T14:25:42Z
13098,"Orton, Daniel","orton, daniel",Orton,Daniel,,8/6/1990,1990,,,,,,,no,single-source,wayback_bsnpr_players,https://web.archive.org/web/20200601011615id_/https://www.bsnpr.com/estadisticas/enciclopedia.asp,2026-09-08T14:25:42Z
13099,"Lyons, Leo","lyons, leo",Lyons,Leo,,5/25/1987,1987,,,,,,,no,single-source,wayback_bsnpr_players,https://web.archive.org/web/20200601011615id_/https://www.bsnpr.com/estadisticas/enciclopedia.asp,2026-09-08T14:25:42Z
13100,"Wilson, Jamil","wilson, jamil",Wilson,Jamil,,11/21/1990,1990,,,,,,,no,single-source,wayback_bsnpr_players,https://web.archive.org/web/20200601011615id_/https://www.bsnpr.com/estadisticas/enciclopedia.asp,2026-09-08T14:25:42Z
13101,"Franklin, Jamal","franklin, jamal",Franklin,Jamal,,7/21/1991,1991,,,,,,,no,single-source,wayback_bsnpr_players,https://web.archive.org/web/20200601011615id_/https://www.bsnpr.com/estadisticas/enciclopedia.asp,2026-09-08T14:25:42Z
13102,"Bowles, Denzel","bowles, denzel",Bowles,Denzel,,5/1/1989,1989,,,,,,,no,single-source,wayback_bsnpr_players,https://web.archive.org/web/20200601011615id_/https://www.bsnpr.com/estadisticas/enciclopedia.asp,2026-09-08T14:25:42Z
13103,"Williams, Kendall","williams, kendall",Williams,Kendall,,7/3/1991,1991,,,,,,,no,single-source,wayback_bsnpr_players,https://web.archive.org/web/20200601011615id_/https://www.bsnpr.com/estadisticas/enciclopedia.asp,2026-09-08T14:25:42Z
13104,"Andújar Ortíz, Emmanuel","andujar ortiz, emmanuel",Andújar Ortíz,Emmanuel,Emmy,1/27/1993,1993,,,,,,,no,single-source,wayback_bsnpr_players,https://web.archive.org/web/20200601011615id_/https://www.bsnpr.com/estadisticas/enciclopedia.asp,2026-09-08T14:25:42Z
13105,"Ledo, Ricardo","ledo, ricardo",Ledo,Ricardo,,9/10/1992,1992,,,,,,,no,single-source,wayback_bsnpr_players,https://web.archive.org/web/20200601011615id_/https://www.bsnpr.com/estadisticas/enciclopedia.asp,2026-09-08T14:25:42Z
13106,"Lalanne, Cady","lalanne, cady",Lalanne,Cady,,4/22/1992,1992,,,,,,,no,single-source,wayback_bsnpr_players,https://web.archive.org/web/20200601011615id_/https://www.bsnpr.com/estadisticas/enciclopedia.asp,2026-09-08T14:25:42Z
13107,"Clarke, Coty","clarke, coty",Clarke,Coty,,7/4/1992,1992,,,,,,,no,single-source,wayback_bsnpr_players,https://web.archive.org/web/20200601011615id_/https://www.bsnpr.com/estadisticas/enciclopedia.asp,2026-09-08T14:25:42Z
13108,"Jefferson, Davon","jefferson, davon",Jefferson,Davon,,11/3/1986,1986,,,,,,,no,single-source,wayback_bsnpr_players,https://web.archive.org/web/20200601011615id_/https://www.bsnpr.com/estadisticas/enciclopedia.asp,2026-09-08T14:25:42Z
13109,"Newsom, Reque","newsom, reque",Newsom,Reque,,10/8/1981,1981,,,,,,,no,single-source,wayback_bsnpr_players,https://web.archive.org/web/20200601011615id_/https://www.bsnpr.com/estadisticas/enciclopedia.asp,2026-09-08T14:25:42Z
13110,"Scott, Durand","scott, durand",Scott,Durand,,2/22/1990,1990,,,,,,,no,single-source,wayback_bsnpr_players,https://web.archive.org/web/20200601011615id_/https://www.bsnpr.com/estadisticas/enciclopedia.asp,2026-09-08T14:25:42Z
13111,"Marshall, Khyle","marshall, khyle",Marshall,Khyle,,3/1/1992,1992,,,,,,,no,single-source,wayback_bsnpr_players,https://web.archive.org/web/20200601011615id_/https://www.bsnpr.com/estadisticas/enciclopedia.asp,2026-09-08T14:25:42Z
13112,"Gonzalez Gomez, Eliel","gonzalez gomez, eliel",Gonzalez Gomez,Eliel,,1/11/1995,1995,,,,,,,no,single-source,wayback_bsnpr_players,https://web.archive.org/web/20200601011615id_/https://www.bsnpr.com/estadisticas/enciclopedia.asp,2026-09-08T14:25:42Z
13113,"Reese, Derek","reese, derek",Reese,Derek,,11/3/1993,1993,,,,,,,no,single-source,wayback_bsnpr_players,https://web.archive.org/web/20200601011615id_/https://www.bsnpr.com/estadisticas/enciclopedia.asp,2026-09-08T14:25:42Z
13114,"Warrick, Hakim","warrick, hakim",Warrick,Hakim,,7/8/1982,1982,,,,,,,no,single-source,wayback_bsnpr_players,https://web.archive.org/web/20200601011615id_/https://www.bsnpr.com/estadisticas/enciclopedia.asp,2026-09-08T14:25:42Z
13115,"Cruz Rodriguez, William","cruz rodriguez, william",Cruz Rodriguez,William,,4/12/1995,1995,,,,,,,no,single-source,wayback_bsnpr_players,https://web.archive.org/web/20200601011615id_/https://www.bsnpr.com/estadisticas/enciclopedia.asp,2026-09-08T14:25:42Z
13116,"King, Reuben","king, reuben",King,Reuben,,3/17/1993,1993,,,,,,,no,single-source,wayback_bsnpr_players,https://web.archive.org/web/20200601011615id_/https://www.bsnpr.com/estadisticas/enciclopedia.asp,2026-09-08T14:25:42Z
13117,"Clavell, Gian","clavell, gian",Clavell,Gian,,11/26/1993,1993,,,,,,,no,single-source,wayback_bsnpr_players,https://web.archive.org/web/20200601011615id_/https://www.bsnpr.com/estadisticas/enciclopedia.asp,2026-09-08T14:25:42Z
13118,"Famous, Jarrid","famous, jarrid",Famous,Jarrid,,7/16/1988,1988,,,,,,,no,single-source,wayback_bsnpr_players,https://web.archive.org/web/20200601011615id_/https://www.bsnpr.com/estadisticas/enciclopedia.asp,2026-09-08T14:25:42Z
13119,"James, Shawn","james, shawn",James,Shawn,,9/10/1983,1983,,,,,,,no,single-source,wayback_bsnpr_players,https://web.archive.org/web/20200601011615id_/https://www.bsnpr.com/estadisticas/enciclopedia.asp,2026-09-08T14:25:42Z
13120,"Marrero, DeJuan","marrero, dejuan",Marrero,DeJuan,,6/14/1993,1993,,,,,,,no,single-source,wayback_bsnpr_players,https://web.archive.org/web/20200601011615id_/https://www.bsnpr.com/estadisticas/enciclopedia.asp,2026-09-08T14:25:42Z
13121,"Betancourt Carbonell, Carmelo","betancourt carbonell, carmelo",Betancourt Carbonell,Carmelo,,2/28/1993,1993,,,,,,,no,single-source,wayback_bsnpr_players,https://web.archive.org/web/20200601011615id_/https://www.bsnpr.com/estadisticas/enciclopedia.asp,2026-09-08T14:25:42Z
13122,"Caraballo Sepulveda, Jerome","caraballo sepulveda, jerome",Caraballo Sepulveda,Jerome,,11/28/1994,1994,,,,,,,no,single-source,wayback_bsnpr_players,https://web.archive.org/web/20200601011615id_/https://www.bsnpr.com/estadisticas/enciclopedia.asp,2026-09-08T14:25:42Z
13123,"Greene, Donte","greene, donte",Greene,Donte,,2/21/1988,1988,,,,,,,no,single-source,wayback_bsnpr_players,https://web.archive.org/web/20200601011615id_/https://www.bsnpr.com/estadisticas/enciclopedia.asp,2026-09-08T14:25:42Z
13124,"Arroyo González, Carlos Andrés","arroyo gonzalez, carlos andres",Arroyo González,Carlos Andrés,,10/11/1995,1995,,,,,,,no,single-source,wayback_bsnpr_players,https://web.archive.org/web/20200601011615id_/https://www.bsnpr.com/estadisticas/enciclopedia.asp,2026-09-08T14:25:42Z
13125,"Pizarro Ríos, Christian Jomar","pizarro rios, christian jomar",Pizarro Ríos,Christian Jomar,,2/16/1995,1995,,,,,,,no,single-source,wayback_bsnpr_players,https://web.archive.org/web/20200601011615id_/https://www.bsnpr.com/estadisticas/enciclopedia.asp,2026-09-08T14:25:42Z
13126,"West, Brandon","west, brandon",West,Brandon,,5/14/1989,1989,,,,,,,no,single-source,wayback_bsnpr_players,https://web.archive.org/web/20200601011615id_/https://www.bsnpr.com/estadisticas/enciclopedia.asp,2026-09-08T14:25:42Z
13127,"Fells, Courtney","fells, courtney",Fells,Courtney,,9/20/1986,1986,,,,,,,no,single-source,wayback_bsnpr_players,https://web.archive.org/web/20200601011615id_/https://www.bsnpr.com/estadisticas/enciclopedia.asp,2026-09-08T14:25:42Z
13128,"Berrios, Kevin","berrios, kevin",Berrios,Kevin,,12/20/1994,1994,,,,,,,no,single-source,wayback_bsnpr_players,https://web.archive.org/web/20200601011615id_/https://www.bsnpr.com/estadisticas/enciclopedia.asp,2026-09-08T14:25:42Z
13129,"Cayole, Chris","cayole, chris",Cayole,Chris,,1/1/1985,1985,,,,,,,no,single-source,wayback_bsnpr_players,https://web.archive.org/web/20200601011615id_/https://www.bsnpr.com/estadisticas/enciclopedia.asp,2026-09-08T14:25:42Z
13130,"Laury, David","laury, david",Laury,David,,4/9/1990,1990,,,,,,,no,single-source,wayback_bsnpr_players,https://web.archive.org/web/20200601011615id_/https://www.bsnpr.com/estadisticas/enciclopedia.asp,2026-09-08T14:25:42Z
13131,"Fillyaw, Marcus","fillyaw, marcus",Fillyaw,Marcus,,8/11/1994,1994,,,,,,,no,single-source,wayback_bsnpr_players,https://web.archive.org/web/20200601011615id_/https://www.bsnpr.com/estadisticas/enciclopedia.asp,2026-09-08T14:25:42Z
13132,"Acevedo Hernandez, Samuel","acevedo hernandez, samuel",Acevedo Hernandez,Samuel,,11/16/1995,1995,,,,,,,no,single-source,wayback_bsnpr_players,https://web.archive.org/web/20200601011615id_/https://www.bsnpr.com/estadisticas/enciclopedia.asp,2026-09-08T14:25:42Z
13133,"Perez Garcia, Jaime","perez garcia, jaime",Perez Garcia,Jaime,,2/14/1996,1996,,,,,,,no,single-source,wayback_bsnpr_players,https://web.archive.org/web/20200601011615id_/https://www.bsnpr.com/estadisticas/enciclopedia.asp,2026-09-08T14:25:42Z
13134,"Rodriguez, Michael","rodriguez, michael",Rodriguez,Michael,,8/24/1994,1994,,,,,,,no,single-source,wayback_bsnpr_players,https://web.archive.org/web/20200601011615id_/https://www.bsnpr.com/estadisticas/enciclopedia.asp,2026-09-08T14:25:42Z
13135,"Santiago Cardona, Nathanael","santiago cardona, nathanael",Santiago Cardona,Nathanael,,1/28/1999,1999,,,,,,,no,single-source,wayback_bsnpr_players,https://web.archive.org/web/20200601011615id_/https://www.bsnpr.com/estadisticas/enciclopedia.asp,2026-09-08T14:25:42Z
13137,"Rosado Hernandez, Erick","rosado hernandez, erick",Rosado Hernandez,Erick,,11/21/1997,1997,,,,,,,no,single-source,wayback_bsnpr_players,https://web.archive.org/web/20200601011615id_/https://www.bsnpr.com/estadisticas/enciclopedia.asp,2026-09-08T14:25:42Z
13138,"Vazquez Candelaria, Jason S.","vazquez candelaria, jason s",Vazquez Candelaria,Jason S.,,4/13/1995,1995,,,,,,,no,single-source,wayback_bsnpr_players,https://web.archive.org/web/20200601011615id_/https://www.bsnpr.com/estadisticas/enciclopedia.asp,2026-09-08T14:25:42Z
13139,"Toro Cancel, Fabian","toro cancel, fabian",Toro Cancel,Fabian,,9/11/1998,1998,,,,,,,no,single-source,wayback_bsnpr_players,https://web.archive.org/web/20200601011615id_/https://www.bsnpr.com/estadisticas/enciclopedia.asp,2026-09-08T14:25:42Z
13140,"Oriakhi, Alex","oriakhi, alex",Oriakhi,Alex,,6/21/1990,1990,,,,,,,no,single-source,wayback_bsnpr_players,https://web.archive.org/web/20200601011615id_/https://www.bsnpr.com/estadisticas/enciclopedia.asp,2026-09-08T14:25:42Z
13141,"Fournier Mendez, Pedro","fournier mendez, pedro",Fournier Mendez,Pedro,,8/26/1997,1997,,,,,,,no,single-source,wayback_bsnpr_players,https://web.archive.org/web/20200601011615id_/https://www.bsnpr.com/estadisticas/enciclopedia.asp,2026-09-08T14:25:42Z
13142,"Rodriguez Miranda, Pablo","rodriguez miranda, pablo",Rodriguez Miranda,Pablo,,9/20/1999,1999,,,,,,,no,single-source,wayback_bsnpr_players,https://web.archive.org/web/20200601011615id_/https://www.bsnpr.com/estadisticas/enciclopedia.asp,2026-09-08T14:25:42Z
13143,"Southerland, James","southerland, james",Southerland,James,,4/28/1990,1990,,,,,,,no,single-source,wayback_bsnpr_players,https://web.archive.org/web/20200601011615id_/https://www.bsnpr.com/estadisticas/enciclopedia.asp,2026-09-08T14:25:42Z
13144,"Cordero Capestany, Esteban","cordero capestany, esteban",Cordero Capestany,Esteban,,1/21/1994,1994,,,,,,,no,single-source,wayback_bsnpr_players,https://web.archive.org/web/20200601011615id_/https://www.bsnpr.com/estadisticas/enciclopedia.asp,2026-09-08T14:25:42Z
13145,"Macklin, Vernon","macklin, vernon",Macklin,Vernon,,9/25/1986,1986,,,,,,,no,single-source,wayback_bsnpr_players,https://web.archive.org/web/20200601011615id_/https://www.bsnpr.com/estadisticas/enciclopedia.asp,2026-09-08T14:25:42Z
13146,"Young, Anthony","young, anthony",Young,Anthony,,12/10/1989,1989,,,,,,,no,single-source,wayback_bsnpr_players,https://web.archive.org/web/20200601011615id_/https://www.bsnpr.com/estadisticas/enciclopedia.asp,2026-09-08T14:25:42Z
13147,"Doggett, Quinton","doggett, quinton",Doggett,Quinton,,2/24/1990,1990,,,,,,,no,single-source,wayback_bsnpr_players,https://web.archive.org/web/20200601011615id_/https://www.bsnpr.com/estadisticas/enciclopedia.asp,2026-09-08T14:25:42Z
13148,"Stephens, DJ","stephens, dj",Stephens,DJ,,12/19/1990,1990,,,,,,,no,single-source,wayback_bsnpr_players,https://web.archive.org/web/20200601011615id_/https://www.bsnpr.com/estadisticas/enciclopedia.asp,2026-09-08T14:25:42Z
13149,"Rivera Bernard, Thomas","rivera bernard, thomas",Rivera Bernard,Thomas,,6/28/1994,1994,,,,,,,no,single-source,wayback_bsnpr_players,https://web.archive.org/web/20200601011615id_/https://www.bsnpr.com/estadisticas/enciclopedia.asp,2026-09-08T14:25:42Z
13150,"Drew II, Larry","drew ii, larry",Drew II,Larry,,3/5/1990,1990,,,,,,,no,single-source,wayback_bsnpr_players,https://web.archive.org/web/20200601011615id_/https://www.bsnpr.com/estadisticas/enciclopedia.asp,2026-09-08T14:25:42Z
13151,"Caraballo Ithier, Johanel","caraballo ithier, johanel",Caraballo Ithier,Johanel,,12/21/1992,1992,,,,,,,no,single-source,wayback_bsnpr_players,https://web.archive.org/web/20200601011615id_/https://www.bsnpr.com/estadisticas/enciclopedia.asp,2026-09-08T14:25:42Z
13153,"Hettsheimeir, Rafael","hettsheimeir, rafael",Hettsheimeir,Rafael,,6/16/1986,1986,,,,,,,no,single-source,wayback_bsnpr_players,https://web.archive.org/web/20200601011615id_/https://www.bsnpr.com/estadisticas/enciclopedia.asp,2026-09-08T14:25:42Z
13154,"Patterson, Lamar","patterson, lamar",Patterson,Lamar,,8/12/1991,1991,,,,,,,no,single-source,wayback_bsnpr_players,https://web.archive.org/web/20200601011615id_/https://www.bsnpr.com/estadisticas/enciclopedia.asp,2026-09-08T14:25:42Z
13155,"Hamilton, Jordan","hamilton, jordan",Hamilton,Jordan,,10/6/1990,1990,,,,,,,no,single-source,wayback_bsnpr_players,https://web.archive.org/web/20200601011615id_/https://www.bsnpr.com/estadisticas/enciclopedia.asp,2026-09-08T14:25:42Z
13156,"Freeman, James","freeman, james",Freeman,James,Trey,10/12/1992,1992,,,,,,,no,single-source,wayback_bsnpr_players,https://web.archive.org/web/20200601011615id_/https://www.bsnpr.com/estadisticas/enciclopedia.asp,2026-09-08T14:25:42Z
13157,"Mitchell, Tony","mitchell, tony",Mitchell,Tony,,8/7/1989,1989,,,,,,,no,single-source,wayback_bsnpr_players,https://web.archive.org/web/20200601011615id_/https://www.bsnpr.com/estadisticas/enciclopedia.asp,2026-09-08T14:25:42Z
13158,"Maura Colón, Kevin","maura colon, kevin",Maura Colón,Kevin,K.J.,7/30/1995,1995,,,,,,,no,single-source,wayback_bsnpr_players,https://web.archive.org/web/20200601011615id_/https://www.bsnpr.com/estadisticas/enciclopedia.asp,2026-09-08T14:25:42Z
13160,"Rivas Castillo, Juan Ramón","rivas castillo, juan ramon",Rivas Castillo,Juan Ramón,,10/10/1994,1994,,,,,,,no,single-source,wayback_bsnpr_players,https://web.archive.org/web/20200601011615id_/https://www.bsnpr.com/estadisticas/enciclopedia.asp,2026-09-08T14:25:42Z
13161,"Williams, Devin","williams, devin",Williams,Devin,,5/31/1994,1994,,,,,,,no,single-source,wayback_bsnpr_players,https://web.archive.org/web/20200601011615id_/https://www.bsnpr.com/estadisticas/enciclopedia.asp,2026-09-08T14:25:42Z
13162,"Putney, Raphiael","putney, raphiael",Putney,Raphiael,,4/21/1990,1990,,,,,,,no,single-source,wayback_bsnpr_players,https://web.archive.org/web/20200601011615id_/https://www.bsnpr.com/estadisticas/enciclopedia.asp,2026-09-08T14:25:42Z
13163,"Mayo, Ovinton","mayo, ovinton",Mayo,Ovinton,O. J.,11/5/1987,1987,,,,,,,no,single-source,wayback_bsnpr_players,https://web.archive.org/web/20200601011615id_/https://www.bsnpr.com/estadisticas/enciclopedia.asp,2026-09-08T14:25:42Z
13164,"Mojica Morales, Sammy","mojica morales, sammy",Mojica Morales,Sammy,,10/6/1994,1994,,,,,,,no,single-source,wayback_bsnpr_players,https://web.archive.org/web/20200601011615id_/https://www.bsnpr.com/estadisticas/enciclopedia.asp,2026-09-08T14:25:42Z
13165,"Maldonado Fuentes, Diego","maldonado fuentes, diego",Maldonado Fuentes,Diego,,3/17/1995,1995,,,,,,,no,single-source,wayback_bsnpr_players,https://web.archive.org/web/20200601011615id_/https://www.bsnpr.com/estadisticas/enciclopedia.asp,2026-09-08T14:25:42Z
13166,"Parks, Emilio","parks, emilio",Parks,Emilio,,5/19/1991,1991,,,,,,,no,single-source,wayback_bsnpr_players,https://web.archive.org/web/20200601011615id_/https://www.bsnpr.com/estadisticas/enciclopedia.asp,2026-09-08T14:25:42Z
13167,"Young, Mike","young, mike",Young,Mike,,9/5/1994,1994,,,,,,,no,single-source,wayback_bsnpr_players,https://web.archive.org/web/20200601011615id_/https://www.bsnpr.com/estadisticas/enciclopedia.asp,2026-09-08T14:25:42Z
13168,"Gee, Alonzo","gee, alonzo",Gee,Alonzo,,5/29/1987,1987,,,,,,,no,single-source,wayback_bsnpr_players,https://web.archive.org/web/20200601011615id_/https://www.bsnpr.com/estadisticas/enciclopedia.asp,2026-09-08T14:25:42Z
13169,"Starks, Markel","starks, markel",Starks,Markel,,2/21/1991,1991,,,,,,,no,single-source,wayback_bsnpr_players,https://web.archive.org/web/20200601011615id_/https://www.bsnpr.com/estadisticas/enciclopedia.asp,2026-09-08T14:25:42Z
13170,"Rodriguez Valentin, Wilfredo","rodriguez valentin, wilfredo",Rodriguez Valentin,Wilfredo,Willie,12/9/1994,1994,,,,,,,no,single-source,wayback_bsnpr_players,https://web.archive.org/web/20200601011615id_/https://www.bsnpr.com/estadisticas/enciclopedia.asp,2026-09-08T14:25:42Z
13171,"Williams Gonzalez, Kayvon","williams gonzalez, kayvon",Williams Gonzalez,Kayvon,,1/12/1996,1996,,,,,,,no,single-source,wayback_bsnpr_players,https://web.archive.org/web/20200601011615id_/https://www.bsnpr.com/estadisticas/enciclopedia.asp,2026-09-08T14:25:42Z
13172,"Rivera Beltrán, Luis","rivera beltran, luis",Rivera Beltrán,Luis,,4/25/1997,1997,,,,,,,no,single-source,wayback_bsnpr_players,https://web.archive.org/web/20200601011615id_/https://www.bsnpr.com/estadisticas/enciclopedia.asp,2026-09-08T14:25:42Z
13173,"Brady, Chris","brady, chris",Brady,Chris,,9/15/1995,1995,,,,,,,no,single-source,wayback_bsnpr_players,https://web.archive.org/web/20200601011615id_/https://www.bsnpr.com/estadisticas/enciclopedia.asp,2026-09-08T14:25:42Z
13174,"Walker, Chris","walker, chris",Walker,Chris,,12/22/1994,1994,,,,,,,no,single-source,wayback_bsnpr_players,https://web.archive.org/web/20200601011615id_/https://www.bsnpr.com/estadisticas/enciclopedia.asp,2026-09-08T14:25:42Z
13175,"Rodriguez Tricoche, Angel Daniel","rodriguez tricoche, angel daniel",Rodriguez Tricoche,Angel Daniel,,12/5/1992,1992,,,,,,,no,single-source,wayback_bsnpr_players,https://web.archive.org/web/20200601011615id_/https://www.bsnpr.com/estadisticas/enciclopedia.asp,2026-09-08T14:25:42Z
13176,"Rivera Cuencas, Angel","rivera cuencas, angel",Rivera Cuencas,Angel,Comby,3/17/1995,1995,,,,,,,no,single-source,wayback_bsnpr_players,https://web.archive.org/web/20200601011615id_/https://www.bsnpr.com/estadisticas/enciclopedia.asp,2026-09-08T14:25:42Z
13179,"Nieves Archibald, Juan C.","nieves archibald, juan c",Nieves Archibald,Juan C.,,1/15/1998,1998,,,,,,,no,single-source,wayback_bsnpr_players,https://web.archive.org/web/20200601011615id_/https://www.bsnpr.com/estadisticas/enciclopedia.asp,2026-09-08T14:25:42Z
13180,"Negron Nieves, Alexis J.","negron nieves, alexis j",Negron Nieves,Alexis J.,,9/5/1998,1998,,,,,,,no,single-source,wayback_bsnpr_players,https://web.archive.org/web/20200601011615id_/https://www.bsnpr.com/estadisticas/enciclopedia.asp,2026-09-08T14:25:42Z
13182,"Amaro Looknanan, Max J","amaro looknanan, max j",Amaro Looknanan,Max J,,8/11/1995,1995,,,,,,,no,single-source,wayback_bsnpr_players,https://web.archive.org/web/20200601011615id_/https://www.bsnpr.com/estadisticas/enciclopedia.asp,2026-09-08T14:25:42Z
13183,"Williams, TJ","williams, tj",Williams,TJ,,10/26/1994,1994,,,,,,,no,single-source,wayback_bsnpr_players,https://web.archive.org/web/20200601011615id_/https://www.bsnpr.com/estadisticas/enciclopedia.asp,2026-09-08T14:25:42Z
13185,"Basabe, Melsahn","basabe, melsahn",Basabe,Melsahn,,5/29/1992,1992,,,,,,,no,single-source,wayback_bsnpr_players,https://web.archive.org/web/20200601011615id_/https://www.bsnpr.com/estadisticas/enciclopedia.asp,2026-09-08T14:25:42Z
13186,"Fisher, Anthony","fisher, anthony",Fisher,Anthony,,4/8/1988,1988,,,,,,,no,single-source,wayback_bsnpr_players,https://web.archive.org/web/20200601011615id_/https://www.bsnpr.com/estadisticas/enciclopedia.asp,2026-09-08T14:25:42Z
13187,"Buford, Perrin","buford, perrin",Buford,Perrin,,1/25/1994,1994,,,,,,,no,single-source,wayback_bsnpr_players,https://web.archive.org/web/20200601011615id_/https://www.bsnpr.com/estadisticas/enciclopedia.asp,2026-09-08T14:25:42Z
13188,"Calderon Figueroa, Ramon","calderon figueroa, ramon",Calderon Figueroa,Ramon,,1/21/1995,1995,,,,,,,no,single-source,wayback_bsnpr_players,https://web.archive.org/web/20200601011615id_/https://www.bsnpr.com/estadisticas/enciclopedia.asp,2026-09-08T14:25:42Z
13190,"Arroyo, José Rubén","arroyo, jose ruben",Arroyo,José Rubén,,9/21/1996,1996,,,,,,,no,single-source,wayback_bsnpr_players,https://web.archive.org/web/20200601011615id_/https://www.bsnpr.com/estadisticas/enciclopedia.asp,2026-09-08T14:25:42Z
13191,"Wilson, Jeremiah","wilson, jeremiah",Wilson,Jeremiah,,4/19/1988,1988,,,,,,,no,single-source,wayback_bsnpr_players,https://web.archive.org/web/20200601011615id_/https://www.bsnpr.com/estadisticas/enciclopedia.asp,2026-09-08T14:25:42Z
13192,"Renfroe, Alex","renfroe, alex",Renfroe,Alex,,5/23/1986,1986,,,,,,,no,single-source,wayback_bsnpr_players,https://web.archive.org/web/20200601011615id_/https://www.bsnpr.com/estadisticas/enciclopedia.asp,2026-09-08T14:25:42Z
13193,"Rice Jr, Glen","rice jr, glen",Rice Jr,Glen,,1/1/1991,1991,,,,,,,no,single-source,wayback_bsnpr_players,https://web.archive.org/web/20200601011615id_/https://www.bsnpr.com/estadisticas/enciclopedia.asp,2026-09-08T14:25:42Z
13194,"Green, Rodney","green, rodney",Green,Rodney,,7/24/1988,1988,,,,,,,no,single-source,wayback_bsnpr_players,https://web.archive.org/web/20200601011615id_/https://www.bsnpr.com/estadisticas/enciclopedia.asp,2026-09-08T14:25:42Z
13195,"Helmers, John","helmers, john",Helmers,John,,3/27/1995,1995,,,,,,,no,single-source,wayback_bsnpr_players,https://web.archive.org/web/20200601011615id_/https://www.bsnpr.com/estadisticas/enciclopedia.asp,2026-09-08T14:25:42Z
13196,"Davis, Dwayne","davis, dwayne",Davis,Dwayne,,11/27/1989,1989,,,,,,,no,single-source,wayback_bsnpr_players,https://web.archive.org/web/20200601011615id_/https://www.bsnpr.com/estadisticas/enciclopedia.asp,2026-09-08T14:25:42Z
13197,"Christon, Semaj","christon, semaj",Christon,Semaj,,11/1/1992,1992,,,,,,,no,single-source,wayback_bsnpr_players,https://web.archive.org/web/20200601011615id_/https://www.bsnpr.com/estadisticas/enciclopedia.asp,2026-09-08T14:25:42Z
13198,"Wesley, Tai","wesley, tai",Wesley,Tai,,5/13/1986,1986,,,,,,,no,single-source,wayback_bsnpr_players,https://web.archive.org/web/20200601011615id_/https://www.bsnpr.com/estadisticas/enciclopedia.asp,2026-09-08T14:25:42Z
13199,"Smith, Greg","smith, greg",Smith,Greg,,1/8/1991,1991,,,,,,,no,single-source,wayback_bsnpr_players,https://web.archive.org/web/20200601011615id_/https://www.bsnpr.com/estadisticas/enciclopedia.asp,2026-09-08T14:25:42Z
13200,"Howard, Jordan","howard, jordan",Howard,Jordan,,1/6/1996,1996,,,,,,,no,single-source,wayback_bsnpr_players,https://web.archive.org/web/20200601011615id_/https://www.bsnpr.com/estadisticas/enciclopedia.asp,2026-09-08T14:25:42Z
13201,"Trimble, Romelo","trimble, romelo",Trimble,Romelo,Melo,2/1/1995,1995,,,,,,,no,single-source,wayback_bsnpr_players,https://web.archive.org/web/20200601011615id_/https://www.bsnpr.com/estadisticas/enciclopedia.asp,2026-09-08T14:25:42Z
13202,"Minnerath, Nick","minnerath, nick",Minnerath,Nick,,8/11/1988,1988,,,,,,,no,single-source,wayback_bsnpr_players,https://web.archive.org/web/20200601011615id_/https://www.bsnpr.com/estadisticas/enciclopedia.asp,2026-09-08T14:25:42Z
13203,"Araujo, Jhonatan","araujo, jhonatan",Araujo,Jhonatan,,7/19/1996,1996,,,,,,,no,single-source,wayback_bsnpr_players,https://web.archive.org/web/20200601011615id_/https://www.bsnpr.com/estadisticas/enciclopedia.asp,2026-09-08T14:25:42Z
13204,"Feeley, Andrew","feeley, andrew",Feeley,Andrew,,8/11/1983,1983,,,,,,,no,single-source,wayback_bsnpr_players,https://web.archive.org/web/20200601011615id_/https://www.bsnpr.com/estadisticas/enciclopedia.asp,2026-09-08T14:25:42Z
13205,"Mason, Antoine","mason, antoine",Mason,Antoine,,5/24/1992,1992,,,,,,,no,single-source,wayback_bsnpr_players,https://web.archive.org/web/20200601011615id_/https://www.bsnpr.com/estadisticas/enciclopedia.asp,2026-09-08T14:25:42Z
13206,"Johnson, Brice","johnson, brice",Johnson,Brice,,6/27/1994,1994,,,,,,,no,single-source,wayback_bsnpr_players,https://web.archive.org/web/20200601011615id_/https://www.bsnpr.com/estadisticas/enciclopedia.asp,2026-09-08T14:25:42Z
13207,"Ali, Hameed","ali, hameed",Ali,Hameed,,8/26/1993,1993,,,,,,,no,single-source,wayback_bsnpr_players,https://web.archive.org/web/20200601011615id_/https://www.bsnpr.com/estadisticas/enciclopedia.asp,2026-09-08T14:25:42Z
13208,"Lemon, Stedmon","lemon, stedmon",Lemon,Stedmon,,12/31/1992,1992,,,,,,,no,single-source,wayback_bsnpr_players,https://web.archive.org/web/20200601011615id_/https://www.bsnpr.com/estadisticas/enciclopedia.asp,2026-09-08T14:25:42Z
13209,"Suero, Gerardo","suero, gerardo",Suero,Gerardo,,4/20/1989,1989,,,,,,,no,single-source,wayback_bsnpr_players,https://web.archive.org/web/20200601011615id_/https://www.bsnpr.com/estadisticas/enciclopedia.asp,2026-09-08T14:25:42Z
13210,"Rudd, Victor","rudd, victor",Rudd,Victor,,3/18/1991,1991,,,,,,,no,single-source,wayback_bsnpr_players,https://web.archive.org/web/20200601011615id_/https://www.bsnpr.com/estadisticas/enciclopedia.asp,2026-09-08T14:25:42Z
13211,"Manderson, Isaiah","manderson, isaiah",Manderson,Isaiah,,7/27/1994,1994,,,,,,,no,single-source,wayback_bsnpr_players,https://web.archive.org/web/20200601011615id_/https://www.bsnpr.com/estadisticas/enciclopedia.asp,2026-09-08T14:25:42Z
13212,"Gilder, Trey","gilder, trey",Gilder,Trey,,1/24/1985,1985,,,,,,,no,single-source,wayback_bsnpr_players,https://web.archive.org/web/20200601011615id_/https://www.bsnpr.com/estadisticas/enciclopedia.asp,2026-09-08T14:25:42Z
13213,"Glenn, Robert","glenn, robert",Glenn,Robert,,6/8/1988,1988,,,,,,,no,single-source,wayback_bsnpr_players,https://web.archive.org/web/20200601011615id_/https://www.bsnpr.com/estadisticas/enciclopedia.asp,2026-09-08T14:25:42Z
13214,"Santiago, Jr., Francisco","santiago, jr, francisco","Santiago, Jr.",Francisco,,12/3/1994,1994,,,,,,,no,single-source,wayback_bsnpr_players,https://web.archive.org/web/20200601011615id_/https://www.bsnpr.com/estadisticas/enciclopedia.asp,2026-09-08T14:25:42Z
13215,"Martinez Santiago, Nathaniel","martinez santiago, nathaniel",Martinez Santiago,Nathaniel,,4/11/1996,1996,,,,,,,no,single-source,wayback_bsnpr_players,https://web.archive.org/web/20200601011615id_/https://www.bsnpr.com/estadisticas/enciclopedia.asp,2026-09-08T14:25:42Z
13216,"Rhett, MJ","rhett, mj",Rhett,MJ,,11/15/1992,1992,,,,,,,no,single-source,wayback_bsnpr_players,https://web.archive.org/web/20200601011615id_/https://www.bsnpr.com/estadisticas/enciclopedia.asp,2026-09-08T14:25:42Z
13217,"López Martínez, Luis","lopez martinez, luis",López Martínez,Luis,,4/25/1998,1998,,,,,,,no,single-source,wayback_bsnpr_players,https://web.archive.org/web/20200601011615id_/https://www.bsnpr.com/estadisticas/enciclopedia.asp,2026-09-08T14:25:42Z
13218,"Rivera Pagan, Robin","rivera pagan, robin",Rivera Pagan,Robin,,1/15/1997,1997,,,,,,,no,single-source,wayback_bsnpr_players,https://web.archive.org/web/20200601011615id_/https://www.bsnpr.com/estadisticas/enciclopedia.asp,2026-09-08T14:25:42Z
13219,"Seda, Abel","seda, abel",Seda,Abel,,1/5/1995,1995,,,,,,,no,single-source,wayback_bsnpr_players,https://web.archive.org/web/20200601011615id_/https://www.bsnpr.com/estadisticas/enciclopedia.asp,2026-09-08T14:25:42Z
13220,"Rolón, Tyquan","rolon, tyquan",Rolón,Tyquan,,3/7/1995,1995,,,,,,,no,single-source,wayback_bsnpr_players,https://web.archive.org/web/20200601011615id_/https://www.bsnpr.com/estadisticas/enciclopedia.asp,2026-09-08T14:25:42Z
13221,"Ortiz Colón, Evander J.","ortiz colon, evander j",Ortiz Colón,Evander J.,,7/14/1997,1997,,,,,,,no,single-source,wayback_bsnpr_players,https://web.archive.org/web/20200601011615id_/https://www.bsnpr.com/estadisticas/enciclopedia.asp,2026-09-08T14:25:42Z
13222,"Benson Lebron, Anthony M.","benson lebron, anthony m",Benson Lebron,Anthony M.,,9/30/1997,1997,,,,,,,no,single-source,wayback_bsnpr_players,https://web.archive.org/web/20200601011615id_/https://www.bsnpr.com/estadisticas/enciclopedia.asp,2026-09-08T14:25:42Z
13223,"Rivera Vega, Félix","rivera vega, felix",Rivera Vega,Félix,,2/1/1997,1997,,,,,,,no,single-source,wayback_bsnpr_players,https://web.archive.org/web/20200601011615id_/https://www.bsnpr.com/estadisticas/enciclopedia.asp,2026-09-08T14:25:42Z
13224,"Koenig, Bronson","koenig, bronson",Koenig,Bronson,,11/13/1994,1994,,,,,,,no,single-source,wayback_bsnpr_players,https://web.archive.org/web/20200601011615id_/https://www.bsnpr.com/estadisticas/enciclopedia.asp,2026-09-08T14:25:42Z
13225,"Curnell, Tyrone","curnell, tyrone",Curnell,Tyrone,,4/22/1988,1988,,,,,,,no,single-source,wayback_bsnpr_players,https://web.archive.org/web/20200601011615id_/https://www.bsnpr.com/estadisticas/enciclopedia.asp,2026-09-08T14:25:42Z
13227,"Tyler, Jeremy","tyler, jeremy",Tyler,Jeremy,,6/21/1991,1991,,,,,,,no,single-source,wayback_bsnpr_players,https://web.archive.org/web/20200601011615id_/https://www.bsnpr.com/estadisticas/enciclopedia.asp,2026-09-08T14:25:42Z
13228,"Suero Castillo, Juan Miguel","suero castillo, juan miguel",Suero Castillo,Juan Miguel,,5/11/1993,1993,,,,,,,no,single-source,wayback_bsnpr_players,https://web.archive.org/web/20200601011615id_/https://www.bsnpr.com/estadisticas/enciclopedia.asp,2026-09-08T14:25:42Z
13229,"Reyes, Justin","reyes, justin",Reyes,Justin,,3/16/1995,1995,,,,,,,no,single-source,wayback_bsnpr_players,https://web.archive.org/web/20200601011615id_/https://www.bsnpr.com/estadisticas/enciclopedia.asp,2026-09-08T14:25:42Z
13230,"Davis, Tyler","davis, tyler",Davis,Tyler,,5/22/1997,1997,,,,,,,no,single-source,wayback_bsnpr_players,https://web.archive.org/web/20200601011615id_/https://www.bsnpr.com/estadisticas/enciclopedia.asp,2026-09-08T14:25:42Z
13231,"Tejada, Lance","tejada, lance",Tejada,Lance,,3/4/1995,1995,,,,,,,no,single-source,wayback_bsnpr_players,https://web.archive.org/web/20200601011615id_/https://www.bsnpr.com/estadisticas/enciclopedia.asp,2026-09-08T14:25:42Z
13232,"Harper, Justin","harper, justin",Harper,Justin,,8/30/1989,1989,,,,,,,no,single-source,wayback_bsnpr_players,https://web.archive.org/web/20200601011615id_/https://www.bsnpr.com/estadisticas/enciclopedia.asp,2026-09-08T14:25:42Z
13233,"Erazo Torres, Josue","erazo torres, josue",Erazo Torres,Josue,,4/7/1995,1995,,,,,,,no,single-source,wayback_bsnpr_players,https://web.archive.org/web/20200601011615id_/https://www.bsnpr.com/estadisticas/enciclopedia.asp,2026-09-08T14:25:42Z
13235,"Hickson, James","hickson, james",Hickson,James,,9/4/1988,1988,,,,,,,no,single-source,wayback_bsnpr_players,https://web.archive.org/web/20200601011615id_/https://www.bsnpr.com/estadisticas/enciclopedia.asp,2026-09-08T14:25:42Z
13236,"Mercurius Medina, Dinero","mercurius medina, dinero",Mercurius Medina,Dinero,,7/21/1994,1994,,,,,,,no,single-source,wayback_bsnpr_players,https://web.archive.org/web/20200601011615id_/https://www.bsnpr.com/estadisticas/enciclopedia.asp,2026-09-08T14:25:42Z
13237,"McCullough, Chris","mccullough, chris",McCullough,Chris,,2/5/1995,1995,,,,,,,no,single-source,wayback_bsnpr_players,https://web.archive.org/web/20200601011615id_/https://www.bsnpr.com/estadisticas/enciclopedia.asp,2026-09-08T14:25:42Z
13238,"Stone, Tyler","stone, tyler",Stone,Tyler,,9/8/1992,1992,,,,,,,no,single-source,wayback_bsnpr_players,https://web.archive.org/web/20200601011615id_/https://www.bsnpr.com/estadisticas/enciclopedia.asp,2026-09-08T14:25:42Z
13239,"DeVaughn, Gerard","devaughn, gerard",DeVaughn,Gerard,,11/27/1988,1988,,,,,,,no,single-source,wayback_bsnpr_players,https://web.archive.org/web/20200601011615id_/https://www.bsnpr.com/estadisticas/enciclopedia.asp,2026-09-08T14:25:42Z
13240,"Williams, Darrell","williams, darrell",Williams,Darrell,,9/15/1989,1989,,,,,,,no,single-source,wayback_bsnpr_players,https://web.archive.org/web/20200601011615id_/https://www.bsnpr.com/estadisticas/enciclopedia.asp,2026-09-08T14:25:42Z
13246,"Pineiro, Isaiah","pineiro, isaiah",Pineiro,Isaiah,,2/2/1995,1995,,,,,,,no,single-source,wayback_bsnpr_players,https://web.archive.org/web/20200601011615id_/https://www.bsnpr.com/estadisticas/enciclopedia.asp,2026-09-08T14:25:42Z
13247,"Harper, Aaron","harper, aaron",Harper,Aaron,,3/12/1981,1981,,,,,,,no,single-source,wayback_bsnpr_players,https://web.archive.org/web/20200601011615id_/https://www.bsnpr.com/estadisticas/enciclopedia.asp,2026-09-08T14:25:42Z
13248,"Glover, Jordan","glover, jordan",Glover,Jordan,,2/29/1996,1996,,,,,,,no,single-source,wayback_bsnpr_players,https://web.archive.org/web/20200601011615id_/https://www.bsnpr.com/estadisticas/enciclopedia.asp,2026-09-08T14:25:42Z
13249,"Jordan, Jalen","jordan, jalen",Jordan,Jalen,,12/16/1993,1993,,,,,,,no,single-source,wayback_bsnpr_players,https://web.archive.org/web/20200601011615id_/https://www.bsnpr.com/estadisticas/enciclopedia.asp,2026-09-08T14:25:42Z
13250,"Parrilla, Alexis","parrilla, alexis",Parrilla,Alexis,,11/17/1995,1995,,,,,,,no,single-source,wayback_bsnpr_players,https://web.archive.org/web/20200601011615id_/https://www.bsnpr.com/estadisticas/enciclopedia.asp,2026-09-08T14:25:42Z
13251,"Huertas, Hiram","huertas, hiram",Huertas,Hiram,,2/13/1997,1997,,,,,,,no,single-source,wayback_bsnpr_players,https://web.archive.org/web/20200601011615id_/https://www.bsnpr.com/estadisticas/enciclopedia.asp,2026-09-08T14:25:42Z
13252,"Santos, KJ","santos, kj",Santos,KJ,,6/19/1997,1997,,,,,,,no,single-source,wayback_bsnpr_players,https://web.archive.org/web/20200601011615id_/https://www.bsnpr.com/estadisticas/enciclopedia.asp,2026-09-08T14:25:42Z
13253,"McCauley, Ben","mccauley, ben",McCauley,Ben,,9/6/1986,1986,,,,,,,no,single-source,wayback_bsnpr_players,https://web.archive.org/web/20200601011615id_/https://www.bsnpr.com/estadisticas/enciclopedia.asp,2026-09-08T14:25:42Z
13254,"Torres, Julian","torres, julian",Torres,Julian,,3/18/1997,1997,,,,,,,no,single-source,wayback_bsnpr_players,https://web.archive.org/web/20200601011615id_/https://www.bsnpr.com/estadisticas/enciclopedia.asp,2026-09-08T14:25:42Z
13255,"Smith, Russ","smith, russ",Smith,Russ,,4/19/1991,1991,,,,,,,no,single-source,wayback_bsnpr_players,https://web.archive.org/web/20200601011615id_/https://www.bsnpr.com/estadisticas/enciclopedia.asp,2026-09-08T14:25:42Z
13256,"Gines, Jose","gines, jose",Gines,Jose,,6/14/1999,1999,,,,,,,no,single-source,wayback_bsnpr_players,https://web.archive.org/web/20200601011615id_/https://www.bsnpr.com/estadisticas/enciclopedia.asp,2026-09-08T14:25:42Z
13257,"Ortiz Alicea, Jose","ortiz alicea, jose",Ortiz Alicea,Jose,,2/26/1996,1996,,,,,,,no,single-source,wayback_bsnpr_players,https://web.archive.org/web/20200601011615id_/https://www.bsnpr.com/estadisticas/enciclopedia.asp,2026-09-08T14:25:42Z
13258,"Vazquez Arraiza, Brian","vazquez arraiza, brian",Vazquez Arraiza,Brian,,9/8/1994,1994,,,,,,,no,single-source,wayback_bsnpr_players,https://web.archive.org/web/20200601011615id_/https://www.bsnpr.com/estadisticas/enciclopedia.asp,2026-09-08T14:25:42Z
13259,"Torres, Jorge Luis","torres, jorge luis",Torres,Jorge Luis,,4/19/2000,2000,,,,,,,no,single-source,wayback_bsnpr_players,https://web.archive.org/web/20200601011615id_/https://www.bsnpr.com/estadisticas/enciclopedia.asp,2026-09-08T14:25:42Z
13260,"Ashley, Brandon","ashley, brandon",Ashley,Brandon,,7/15/1994,1994,,,,,,,no,single-source,wayback_bsnpr_players,https://web.archive.org/web/20200601011615id_/https://www.bsnpr.com/estadisticas/enciclopedia.asp,2026-09-08T14:25:42Z
13261,"Barham, Marcus","barham, marcus",Barham,Marcus,,6/11/1996,1996,,,,,,,no,single-source,wayback_bsnpr_players,https://web.archive.org/web/20200601011615id_/https://www.bsnpr.com/estadisticas/enciclopedia.asp,2026-09-08T14:25:42Z
13262,"Hamilton, Daniel","hamilton, daniel",Hamilton,Daniel,,8/8/1995,1995,,,,,,,no,single-source,wayback_bsnpr_players,https://web.archive.org/web/20200601011615id_/https://www.bsnpr.com/estadisticas/enciclopedia.asp,2026-09-08T14:25:42Z
13263,"Christmas, Rakeem","christmas, rakeem",Christmas,Rakeem,,12/1/1991,1991,,,,,,,no,single-source,wayback_bsnpr_players,https://web.archive.org/web/20200601011615id_/https://www.bsnpr.com/estadisticas/enciclopedia.asp,2026-09-08T14:25:42Z
13264,"Rivera, Javier","rivera, javier",Rivera,Javier,,9/13/1997,1997,,,,,,,no,single-source,wayback_bsnpr_players,https://web.archive.org/web/20200601011615id_/https://www.bsnpr.com/estadisticas/enciclopedia.asp,2026-09-08T14:25:42Z
13265,"Caraballo, Hector","caraballo, hector",Caraballo,Hector,,11/5/1996,1996,,,,,,,no,single-source,wayback_bsnpr_players,https://web.archive.org/web/20200601011615id_/https://www.bsnpr.com/estadisticas/enciclopedia.asp,2026-09-08T14:25:42Z
13266,"Jefferson, Cory","jefferson, cory",Jefferson,Cory,,12/26/1990,1990,,,,,,,no,single-source,wayback_bsnpr_players,https://web.archive.org/web/20200601011615id_/https://www.bsnpr.com/estadisticas/enciclopedia.asp,2026-09-08T14:25:42Z
13267,"Cooke, Charles","cooke, charles",Cooke,Charles,,7/1/1994,1994,,,,,,,no,single-source,wayback_bsnpr_players,https://web.archive.org/web/20200601011615id_/https://www.bsnpr.com/estadisticas/enciclopedia.asp,2026-09-08T14:25:42Z
13268,"Miranda, Fhevier","miranda, fhevier",Miranda,Fhevier,,,,,,,,,,no,single-source,wayback_bsnpr_players,https://web.archive.org/web/20200601011615id_/https://www.bsnpr.com/estadisticas/enciclopedia.asp,2026-09-08T14:25:42Z
13269,"Austin, Isaiah","austin, isaiah",Austin,Isaiah,,10/25/1994,1994,,,,,,,no,single-source,wayback_bsnpr_players,https://web.archive.org/web/20200601011615id_/https://www.bsnpr.com/estadisticas/enciclopedia.asp,2026-09-08T14:25:42Z
13270,"Wheeler, Phillip","wheeler, phillip",Wheeler,Phillip,,4/23/2002,2002,,,,,,,no,single-source,wayback_bsnpr_players,https://web.archive.org/web/20200601011615id_/https://www.bsnpr.com/estadisticas/enciclopedia.asp,2026-09-08T14:25:42Z
13271,"Bass, Paris","bass, paris",Bass,Paris,,8/29/1995,1995,,,,,,,no,single-source,wayback_bsnpr_players,https://web.archive.org/web/20200601011615id_/https://www.bsnpr.com/estadisticas/enciclopedia.asp,2026-09-08T14:25:42Z
13272,"De Jesus, Wesley","de jesus, wesley",De Jesus,Wesley,,,,,,,,,,no,single-source,wayback_bsnpr_players,https://web.archive.org/web/20200601011615id_/https://www.bsnpr.com/estadisticas/enciclopedia.asp,2026-09-08T14:25:42Z
13273,"Cuascut Perez, Luis D","cuascut perez, luis d",Cuascut Perez,Luis D,,8/16/1998,1998,,,,,,,no,single-source,wayback_bsnpr_players,https://web.archive.org/web/20200601011615id_/https://www.bsnpr.com/estadisticas/enciclopedia.asp,2026-09-08T14:25:42Z
13274,"Lugo Sanchez, Wilmer","lugo sanchez, wilmer",Lugo Sanchez,Wilmer,,6/11/1998,1998,,,,,,,no,single-source,wayback_bsnpr_players,https://web.archive.org/web/20200601011615id_/https://www.bsnpr.com/estadisticas/enciclopedia.asp,2026-09-08T14:25:42Z
13275,"Pacheco Ortiz, Georgie","pacheco ortiz, georgie",Pacheco Ortiz,Georgie,,6/21/1998,1998,,,,,,,no,single-source,wayback_bsnpr_players,https://web.archive.org/web/20210901033342id_/https://www.bsnpr.com/estadisticas/enciclopedia.asp,2026-09-08T14:25:44Z
13276,"Crawford, E.J.","crawford, ej",Crawford,E.J.,,8/14/1997,1997,,,,,,,no,single-source,wayback_bsnpr_players,https://web.archive.org/web/20210901033342id_/https://www.bsnpr.com/estadisticas/enciclopedia.asp,2026-09-08T14:25:44Z
13277,"Cheatham, Haanif","cheatham, haanif",Cheatham,Haanif,,9/6/1996,1996,,,,,,,no,single-source,wayback_bsnpr_players,https://web.archive.org/web/20210901033342id_/https://www.bsnpr.com/estadisticas/enciclopedia.asp,2026-09-08T14:25:44Z
13278,"Scott, Trevon","scott, trevon",Scott,Trevon,,11/25/1996,1996,,,,,,,no,single-source,wayback_bsnpr_players,https://web.archive.org/web/20210901033342id_/https://www.bsnpr.com/estadisticas/enciclopedia.asp,2026-09-08T14:25:44Z
13279,"Doolittle, Kristian","doolittle, kristian",Doolittle,Kristian,,10/19/1997,1997,,,,,,,no,single-source,wayback_bsnpr_players,https://web.archive.org/web/20210901033342id_/https://www.bsnpr.com/estadisticas/enciclopedia.asp,2026-09-08T14:25:44Z
13280,"Paige, Jaysean","paige, jaysean",Paige,Jaysean,,7/30/1994,1994,,,,,,,no,single-source,wayback_bsnpr_players,https://web.archive.org/web/20210901033342id_/https://www.bsnpr.com/estadisticas/enciclopedia.asp,2026-09-08T14:25:44Z
13281,"White, Terrico","white, terrico",White,Terrico,,3/7/1990,1990,,,,,,,no,single-source,wayback_bsnpr_players,https://web.archive.org/web/20210901033342id_/https://www.bsnpr.com/estadisticas/enciclopedia.asp,2026-09-08T14:25:44Z
13282,"Parker-Rivera, Timajh","parker rivera, timajh",Parker-Rivera,Timajh,,2/9/1994,1994,,,,,,,no,single-source,wayback_bsnpr_players,https://web.archive.org/web/20210901033342id_/https://www.bsnpr.com/estadisticas/enciclopedia.asp,2026-09-08T14:25:44Z
13283,"Boyd, Brandon","boyd, brandon",Boyd,Brandon,,,,,,,,,,no,single-source,wayback_bsnpr_players,https://web.archive.org/web/20210901033342id_/https://www.bsnpr.com/estadisticas/enciclopedia.asp,2026-09-08T14:25:44Z
13284,"Lyons, Mark","lyons, mark",Lyons,Mark,,7/4/1989,1989,,,,,,,no,single-source,wayback_bsnpr_players,https://web.archive.org/web/20210901033342id_/https://www.bsnpr.com/estadisticas/enciclopedia.asp,2026-09-08T14:25:44Z
13285,"Nuñez, Angel","nunez, angel",Nuñez,Angel,,12/29/1991,1991,,,,,,,no,single-source,wayback_bsnpr_players,https://web.archive.org/web/20210901033342id_/https://www.bsnpr.com/estadisticas/enciclopedia.asp,2026-09-08T14:25:44Z
13286,"Stockton, David","stockton, david",Stockton,David,,6/24/1991,1991,,,,,,,no,single-source,wayback_bsnpr_players,https://web.archive.org/web/20210901033342id_/https://www.bsnpr.com/estadisticas/enciclopedia.asp,2026-09-08T14:25:44Z
13287,"Guerra, Kylan","guerra, kylan",Guerra,Kylan,,5/15/1997,1997,,,,,,,no,single-source,wayback_bsnpr_players,https://web.archive.org/web/20210901033342id_/https://www.bsnpr.com/estadisticas/enciclopedia.asp,2026-09-08T14:25:44Z
13288,"Rivera, Lonnie","rivera, lonnie",Rivera,Lonnie,,1/8/1997,1997,,,,,,,no,single-source,wayback_bsnpr_players,https://web.archive.org/web/20210901033342id_/https://www.bsnpr.com/estadisticas/enciclopedia.asp,2026-09-08T14:25:44Z
13289,"Jones, Terrence","jones, terrence",Jones,Terrence,,1/9/1992,1992,,,,,,,no,single-source,wayback_bsnpr_players,https://web.archive.org/web/20210901033342id_/https://www.bsnpr.com/estadisticas/enciclopedia.asp,2026-09-08T14:25:44Z
13290,"Allende, Leandro","allende, leandro",Allende,Leandro,,8/4/1998,1998,,,,,,,no,single-source,wayback_bsnpr_players,https://web.archive.org/web/20210901033342id_/https://www.bsnpr.com/estadisticas/enciclopedia.asp,2026-09-08T14:25:44Z
13291,"Lynch, J.R.","lynch, jr",Lynch,J.R.,,9/18/1996,1996,,,,,,,no,single-source,wayback_bsnpr_players,https://web.archive.org/web/20210901033342id_/https://www.bsnpr.com/estadisticas/enciclopedia.asp,2026-09-08T14:25:44Z
13292,"Ralat, Antonio","ralat, antonio",Ralat,Antonio,,10/24/1996,1996,,,,,,,no,single-source,wayback_bsnpr_players,https://web.archive.org/web/20210901033342id_/https://www.bsnpr.com/estadisticas/enciclopedia.asp,2026-09-08T14:25:44Z
13294,"Bruesewitz, Michael J.","bruesewitz, michael j",Bruesewitz,Michael J.,,8/9/1990,1990,,,,,,,no,single-source,wayback_bsnpr_players,https://web.archive.org/web/20210901033342id_/https://www.bsnpr.com/estadisticas/enciclopedia.asp,2026-09-08T14:25:44Z
13295,"Gilmore III, Leon","gilmore iii, leon",Gilmore III,Leon,,9/3/1995,1995,,,,,,,no,single-source,wayback_bsnpr_players,https://web.archive.org/web/20210901033342id_/https://www.bsnpr.com/estadisticas/enciclopedia.asp,2026-09-08T14:25:44Z
13296,"Bennett, Anthony","bennett, anthony",Bennett,Anthony,,3/14/1993,1993,,,,,,,no,single-source,wayback_bsnpr_players,https://web.archive.org/web/20210901033342id_/https://www.bsnpr.com/estadisticas/enciclopedia.asp,2026-09-08T14:25:44Z
13297,"Robinson, Thomas","robinson, thomas",Robinson,Thomas,,3/17/1991,1991,,,,,,,no,single-source,wayback_bsnpr_players,https://web.archive.org/web/20210901033342id_/https://www.bsnpr.com/estadisticas/enciclopedia.asp,2026-09-08T14:25:44Z
13298,"Cunningham, Dante","cunningham, dante",Cunningham,Dante,,4/22/1987,1987,,,,,,,no,single-source,wayback_bsnpr_players,https://web.archive.org/web/20210901033342id_/https://www.bsnpr.com/estadisticas/enciclopedia.asp,2026-09-08T14:25:44Z
13299,"Cunningham, Dante","cunningham, dante",Cunningham,Dante,,4/27/1987,1987,,,,,,,no,single-source,wayback_bsnpr_players,https://web.archive.org/web/20210901033342id_/https://www.bsnpr.com/estadisticas/enciclopedia.asp,2026-09-08T14:25:44Z
13300,"Brower, Jayson","brower, jayson",Brower,Jayson,,1/1/1998,1998,,,,,,,no,single-source,wayback_bsnpr_players,https://web.archive.org/web/20210901033342id_/https://www.bsnpr.com/estadisticas/enciclopedia.asp,2026-09-08T14:25:44Z
13301,"Brower, Jayson","brower, jayson",Brower,Jayson,,1/1/1998,1998,,,,,,,no,single-source,wayback_bsnpr_players,https://web.archive.org/web/20210901033342id_/https://www.bsnpr.com/estadisticas/enciclopedia.asp,2026-09-08T14:25:44Z
13302,"Thompson, Stephen","thompson, stephen",Thompson,Stephen,,3/23/1997,1997,,,,,,,no,single-source,wayback_bsnpr_players,https://web.archive.org/web/20210901033342id_/https://www.bsnpr.com/estadisticas/enciclopedia.asp,2026-09-08T14:25:44Z
13303,"Gonzalez, Yadiel","gonzalez, yadiel",Gonzalez,Yadiel,,12/13/2000,2000,,,,,,,no,single-source,wayback_bsnpr_players,https://web.archive.org/web/20210901033342id_/https://www.bsnpr.com/estadisticas/enciclopedia.asp,2026-09-08T14:25:44Z
13304,"Robinson, Thomas","robinson, thomas",Robinson,Thomas,,,,,,,,,,no,single-source,wayback_bsnpr_players,https://web.archive.org/web/20210901033342id_/https://www.bsnpr.com/estadisticas/enciclopedia.asp,2026-09-08T14:25:44Z
13305,"Ford, Aleem","ford, aleem",Ford,Aleem,,12/22/1997,1997,,,,,,,no,single-source,wayback_bsnpr_players,https://web.archive.org/web/20210901033342id_/https://www.bsnpr.com/estadisticas/enciclopedia.asp,2026-09-08T14:25:44Z
13306,"Thompson, Deon","thompson, deon",Thompson,Deon,,9/16/1988,1988,,,,,,,no,single-source,wayback_bsnpr_players,https://web.archive.org/web/20210901033342id_/https://www.bsnpr.com/estadisticas/enciclopedia.asp,2026-09-08T14:25:44Z
13307,"Murphy, Jordan","murphy, jordan",Murphy,Jordan,,2/28/1997,1997,,,,,,,no,single-source,wayback_bsnpr_players,https://web.archive.org/web/20210901033342id_/https://www.bsnpr.com/estadisticas/enciclopedia.asp,2026-09-08T14:25:44Z
13308,"Aminu, Alade","aminu, alade",Aminu,Alade,,9/14/1987,1987,,,,,,,no,single-source,wayback_bsnpr_players,https://web.archive.org/web/20210901033342id_/https://www.bsnpr.com/estadisticas/enciclopedia.asp,2026-09-08T14:25:44Z
13309,"Jenkins, Lorenzo","jenkins, lorenzo",Jenkins,Lorenzo,,3/7/1997,1997,,,,,,,no,single-source,wayback_bsnpr_players,https://web.archive.org/web/20210901033342id_/https://www.bsnpr.com/estadisticas/enciclopedia.asp,2026-09-08T14:25:44Z
13310,"Ocasio Negron, Adrian","ocasio negron, adrian",Ocasio Negron,Adrian,,12/30/1998,1998,,,,,,,no,single-source,wayback_bsnpr_players,https://web.archive.org/web/20210901033342id_/https://www.bsnpr.com/estadisticas/enciclopedia.asp,2026-09-08T14:25:44Z
13311,"Govan, Jessie","govan, jessie",Govan,Jessie,,7/25/1997,1997,,,,,,,no,single-source,wayback_bsnpr_players,https://web.archive.org/web/20210901033342id_/https://www.bsnpr.com/estadisticas/enciclopedia.asp,2026-09-08T14:25:44Z
13312,"Bishop, Jermaine","bishop, jermaine",Bishop,Jermaine,,2/22/1997,1997,,,,,,,no,single-source,wayback_bsnpr_players,https://web.archive.org/web/20210901033342id_/https://www.bsnpr.com/estadisticas/enciclopedia.asp,2026-09-08T14:25:44Z
13313,"Davis, Brandon","davis, brandon",Davis,Brandon,,7/25/1991,1991,,,,,,,no,single-source,wayback_bsnpr_players,https://web.archive.org/web/20210901033342id_/https://www.bsnpr.com/estadisticas/enciclopedia.asp,2026-09-08T14:25:44Z
13314,"Gibson, Kyle","gibson, kyle",Gibson,Kyle,,5/22/1987,1987,,,,,,,no,single-source,wayback_bsnpr_players,https://web.archive.org/web/20210901033342id_/https://www.bsnpr.com/estadisticas/enciclopedia.asp,2026-09-08T14:25:44Z
13315,"Stone, Diamond","stone, diamond",Stone,Diamond,,2/10/1997,1997,,,,,,,no,single-source,wayback_bsnpr_players,https://web.archive.org/web/20210901033342id_/https://www.bsnpr.com/estadisticas/enciclopedia.asp,2026-09-08T14:25:44Z
13316,"Stone, Diamond","stone, diamond",Stone,Diamond,,,,,,,,,,no,single-source,wayback_bsnpr_players,https://web.archive.org/web/20210901033342id_/https://www.bsnpr.com/estadisticas/enciclopedia.asp,2026-09-08T14:25:44Z
13317,"Rivera Casanova, Fabian","rivera casanova, fabian",Rivera Casanova,Fabian,,,,,,,,,,no,single-source,wayback_bsnpr_players,https://web.archive.org/web/20210901033342id_/https://www.bsnpr.com/estadisticas/enciclopedia.asp,2026-09-08T14:25:44Z
13318,"Gandia, Ivan","gandia, ivan",Gandia,Ivan,,,,,,,,,,no,single-source,wayback_bsnpr_players,https://web.archive.org/web/20210901033342id_/https://www.bsnpr.com/estadisticas/enciclopedia.asp,2026-09-08T14:25:44Z
13319,"Rivera Casanova, Jabian","rivera casanova, jabian",Rivera Casanova,Jabian,,,,,,,,,,no,single-source,wayback_bsnpr_players,https://web.archive.org/web/20210901033342id_/https://www.bsnpr.com/estadisticas/enciclopedia.asp,2026-09-08T14:25:44Z
13320,"Santos Velez, Kenneth","santos velez, kenneth",Santos Velez,Kenneth,,4/23/1998,1998,,,,,,,no,single-source,wayback_bsnpr_players,https://web.archive.org/web/20210901033342id_/https://www.bsnpr.com/estadisticas/enciclopedia.asp,2026-09-08T14:25:44Z
13323,"Quinones Esquilin, Javier A","quinones esquilin, javier a",Quinones Esquilin,Javier A,,5/10/1999,1999,,,,,,,no,single-source,wayback_bsnpr_players,https://web.archive.org/web/20210901033342id_/https://www.bsnpr.com/estadisticas/enciclopedia.asp,2026-09-08T14:25:44Z
13324,"Rodriguez Lema, Hector","rodriguez lema, hector",Rodriguez Lema,Hector,,1/21/1994,1994,,,,,,,no,single-source,wayback_bsnpr_players,https://web.archive.org/web/20210901033342id_/https://www.bsnpr.com/estadisticas/enciclopedia.asp,2026-09-08T14:25:44Z
13325,"Fontaine, Isaiah","fontaine, isaiah",Fontaine,Isaiah,,11/17/1996,1996,,,,,,,no,single-source,wayback_bsnpr_players,https://web.archive.org/web/20210901033342id_/https://www.bsnpr.com/estadisticas/enciclopedia.asp,2026-09-08T14:25:44Z
13326,"Cruz Paris, Ismael Yomar","cruz paris, ismael yomar",Cruz Paris,Ismael Yomar,,9/13/2000,2000,,,,,,,no,single-source,wayback_bsnpr_players,https://web.archive.org/web/20210901033342id_/https://www.bsnpr.com/estadisticas/enciclopedia.asp,2026-09-08T14:25:44Z
13327,"Millet, Melvin","millet, melvin",Millet,Melvin,,10/26/1999,1999,,,,,,,no,single-source,wayback_bsnpr_players,https://web.archive.org/web/20210901033342id_/https://www.bsnpr.com/estadisticas/enciclopedia.asp,2026-09-08T14:25:44Z
13328,"Rial, Fabian","rial, fabian",Rial,Fabian,,2/10/1999,1999,,,,,,,no,single-source,wayback_bsnpr_players,https://web.archive.org/web/20210901033342id_/https://www.bsnpr.com/estadisticas/enciclopedia.asp,2026-09-08T14:25:44Z
13329,"Mauras, Khary","mauras, khary",Mauras,Khary,,1/23/1998,1998,,,,,,,no,single-source,wayback_bsnpr_players,https://web.archive.org/web/20210901033342id_/https://www.bsnpr.com/estadisticas/enciclopedia.asp,2026-09-08T14:25:44Z
13330,"Cambo, Anthony","cambo, anthony",Cambo,Anthony,,3/25/1999,1999,,,,,,,no,single-source,wayback_bsnpr_players,https://web.archive.org/web/20210901033342id_/https://www.bsnpr.com/estadisticas/enciclopedia.asp,2026-09-08T14:25:44Z
13331,"Mickle, Kevin","mickle, kevin",Mickle,Kevin,,,,,,,,,,no,single-source,wayback_bsnpr_players,https://web.archive.org/web/20210901033342id_/https://www.bsnpr.com/estadisticas/enciclopedia.asp,2026-09-08T14:25:44Z
13332,"Santigo, Axl","santigo, axl",Santigo,Axl,,6/15/1994,1994,,,,,,,no,single-source,wayback_bsnpr_players,https://web.archive.org/web/20210901033342id_/https://www.bsnpr.com/estadisticas/enciclopedia.asp,2026-09-08T14:25:44Z
13333,"McCoy, Brandon","mccoy, brandon",McCoy,Brandon,,6/11/1998,1998,,,,,,,no,single-source,wayback_bsnpr_players,https://web.archive.org/web/20210901033342id_/https://www.bsnpr.com/estadisticas/enciclopedia.asp,2026-09-08T14:25:44Z
13334,"Rivera Rosario, Luis A","rivera rosario, luis a",Rivera Rosario,Luis A,,9/22/1998,1998,,,,,,,no,single-source,wayback_bsnpr_players,https://web.archive.org/web/20210901033342id_/https://www.bsnpr.com/estadisticas/enciclopedia.asp,2026-09-08T14:25:44Z
13335,"Hilton Castillo, Jhimy","hilton castillo, jhimy",Hilton Castillo,Jhimy,,1/5/1997,1997,,,,,,,no,single-source,wayback_bsnpr_players,https://web.archive.org/web/20210901033342id_/https://www.bsnpr.com/estadisticas/enciclopedia.asp,2026-09-08T14:25:44Z
13336,"Colon Benecet, Jatsiel","colon benecet, jatsiel",Colon Benecet,Jatsiel,,9/12/2000,2000,,,,,,,no,single-source,wayback_bsnpr_players,https://web.archive.org/web/20210901033342id_/https://www.bsnpr.com/estadisticas/enciclopedia.asp,2026-09-08T14:25:44Z
13337,"Erans De Jesus, Ricardo","erans de jesus, ricardo",Erans De Jesus,Ricardo,,2/17/1998,1998,,,,,,,no,single-source,wayback_bsnpr_players,https://web.archive.org/web/20210901033342id_/https://www.bsnpr.com/estadisticas/enciclopedia.asp,2026-09-08T14:25:44Z
13338,"Suarez Rivera, Javier A","suarez rivera, javier a",Suarez Rivera,Javier A,,9/24/1997,1997,,,,,,,no,single-source,wayback_bsnpr_players,https://web.archive.org/web/20210901033342id_/https://www.bsnpr.com/estadisticas/enciclopedia.asp,2026-09-08T14:25:44Z
13339,"Cotto Del Valle, Luis M.","cotto del valle, luis m",Cotto Del Valle,Luis M.,,9/18/1996,1996,,,,,,,no,single-source,wayback_bsnpr_players,https://web.archive.org/web/20210901033342id_/https://www.bsnpr.com/estadisticas/enciclopedia.asp,2026-09-08T14:25:44Z
13340,"Villaman Pastrano, Pedro","villaman pastrano, pedro",Villaman Pastrano,Pedro,,11/13/1996,1996,,,,,,,no,single-source,wayback_bsnpr_players,https://web.archive.org/web/20210901033342id_/https://www.bsnpr.com/estadisticas/enciclopedia.asp,2026-09-08T14:25:44Z
13341,"Garrett, Diante","garrett, diante",Garrett,Diante,,11/3/1988,1988,,,,,,,no,single-source,wayback_bsnpr_players,https://web.archive.org/web/20210901033342id_/https://www.bsnpr.com/estadisticas/enciclopedia.asp,2026-09-08T14:25:44Z
13342,"Moore, Doral","moore, doral",Moore,Doral,,1/21/1997,1997,,,,,,,no,single-source,wayback_bsnpr_players,https://web.archive.org/web/20210901033342id_/https://www.bsnpr.com/estadisticas/enciclopedia.asp,2026-09-08T14:25:44Z
13343,"Jack, Kadeem","jack, kadeem",Jack,Kadeem,,10/27/1992,1992,,,,,,,no,single-source,wayback_bsnpr_players,https://web.archive.org/web/20210901033342id_/https://www.bsnpr.com/estadisticas/enciclopedia.asp,2026-09-08T14:25:44Z
13344,"Thomas, Elijah","thomas, elijah",Thomas,Elijah,,10/10/1996,1996,,,,,,,no,single-source,wayback_bsnpr_players,https://web.archive.org/web/20210901033342id_/https://www.bsnpr.com/estadisticas/enciclopedia.asp,2026-09-08T14:25:44Z
