season,category,prom_kind,rank,player_raw,club_raw,games,total,made,attempted,def_reb,off_reb,prom,season_complete,serie_context,capture_date,note,confidence,source_id,source_url,retrieved_at
1986,anotaciones,per_game,1,"Torres, George",Cariduros,33,983,,,,,29.8,True,Serie Regular,2017-08-04,regular-season leader board as of 2017-08-04,single-source,wayback_bsnpr,https://web.archive.org/web/20170804230003id_/http://www.bsnpr.com/estadisticas/lideres.asp?anio=1986&liga=1&serie=1&d=&mes=&dia=&l=&tabla=&grupo=BS26&B1=Ver,2026-09-08T03:53:02Z
1986,anotaciones,per_game,2,"Correa, Wesley ""we",Titanes,30,837,,,,,27.9,True,Serie Regular,2017-08-04,regular-season leader board as of 2017-08-04,single-source,wayback_bsnpr,https://web.archive.org/web/20170804230003id_/http://www.bsnpr.com/estadisticas/lideres.asp?anio=1986&liga=1&serie=1&d=&mes=&dia=&l=&tabla=&grupo=BS26&B1=Ver,2026-09-08T03:53:02Z
1986,anotaciones,per_game,3,"Frazer, Rolando",,30,771,,,,,25.7,True,Serie Regular,2017-08-04,regular-season leader board as of 2017-08-04,single-source,wayback_bsnpr,https://web.archive.org/web/20170804230003id_/http://www.bsnpr.com/estadisticas/lideres.asp?anio=1986&liga=1&serie=1&d=&mes=&dia=&l=&tabla=&grupo=BS26&B1=Ver,2026-09-08T03:53:02Z
1986,anotaciones,per_game,4,"Rodriguez, Ruben",Vaqueros,33,766,,,,,23.2,True,Serie Regular,2017-08-04,regular-season leader board as of 2017-08-04,single-source,wayback_bsnpr,https://web.archive.org/web/20170804230003id_/http://www.bsnpr.com/estadisticas/lideres.asp?anio=1986&liga=1&serie=1&d=&mes=&dia=&l=&tabla=&grupo=BS26&B1=Ver,2026-09-08T03:53:02Z
1986,anotaciones,per_game,5,"Pellot, Edwin",Gallitos,33,759,,,,,23.0,True,Serie Regular,2017-08-04,regular-season leader board as of 2017-08-04,single-source,wayback_bsnpr,https://web.archive.org/web/20170804230003id_/http://www.bsnpr.com/estadisticas/lideres.asp?anio=1986&liga=1&serie=1&d=&mes=&dia=&l=&tabla=&grupo=BS26&B1=Ver,2026-09-08T03:53:02Z
1986,anotaciones,per_game,6,"Rios, Roberto 'B",Atleticos,33,736,,,,,22.3,True,Serie Regular,2017-08-04,regular-season leader board as of 2017-08-04,single-source,wayback_bsnpr,https://web.archive.org/web/20170804230003id_/http://www.bsnpr.com/estadisticas/lideres.asp?anio=1986&liga=1&serie=1&d=&mes=&dia=&l=&tabla=&grupo=BS26&B1=Ver,2026-09-08T03:53:02Z
1986,anotaciones,per_game,7,"Maldonado, Jim",Capitanes,30,724,,,,,24.1,True,Serie Regular,2017-08-04,regular-season leader board as of 2017-08-04,single-source,wayback_bsnpr,https://web.archive.org/web/20170804230003id_/http://www.bsnpr.com/estadisticas/lideres.asp?anio=1986&liga=1&serie=1&d=&mes=&dia=&l=&tabla=&grupo=BS26&B1=Ver,2026-09-08T03:53:02Z
1986,anotaciones,per_game,8,"Pacheco, Bradley",Maratonistas,33,717,,,,,21.7,True,Serie Regular,2017-08-04,regular-season leader board as of 2017-08-04,single-source,wayback_bsnpr,https://web.archive.org/web/20170804230003id_/http://www.bsnpr.com/estadisticas/lideres.asp?anio=1986&liga=1&serie=1&d=&mes=&dia=&l=&tabla=&grupo=BS26&B1=Ver,2026-09-08T03:53:02Z
1986,anotaciones,per_game,9,"Torres, Eddie",Piratas,33,717,,,,,21.7,True,Serie Regular,2017-08-04,regular-season leader board as of 2017-08-04,single-source,wayback_bsnpr,https://web.archive.org/web/20170804230003id_/http://www.bsnpr.com/estadisticas/lideres.asp?anio=1986&liga=1&serie=1&d=&mes=&dia=&l=&tabla=&grupo=BS26&B1=Ver,2026-09-08T03:53:02Z
1986,anotaciones,per_game,10,"Trinidad, Juan",Mets,33,713,,,,,21.6,True,Serie Regular,2017-08-04,regular-season leader board as of 2017-08-04,single-source,wayback_bsnpr,https://web.archive.org/web/20170804230003id_/http://www.bsnpr.com/estadisticas/lideres.asp?anio=1986&liga=1&serie=1&d=&mes=&dia=&l=&tabla=&grupo=BS26&B1=Ver,2026-09-08T03:53:02Z
1986,asistencias,per_game,1,"Melendez, Wilfredo",,33,227,,,,,6.9,True,Serie Regular,2017-08-04,regular-season leader board as of 2017-08-04,single-source,wayback_bsnpr,https://web.archive.org/web/20170804230003id_/http://www.bsnpr.com/estadisticas/lideres.asp?anio=1986&liga=1&serie=1&d=&mes=&dia=&l=&tabla=&grupo=BS26&B1=Ver,2026-09-08T03:53:02Z
1986,asistencias,per_game,2,"Rios, Roberto 'B",Atleticos,33,192,,,,,5.8,True,Serie Regular,2017-08-04,regular-season leader board as of 2017-08-04,single-source,wayback_bsnpr,https://web.archive.org/web/20170804230003id_/http://www.bsnpr.com/estadisticas/lideres.asp?anio=1986&liga=1&serie=1&d=&mes=&dia=&l=&tabla=&grupo=BS26&B1=Ver,2026-09-08T03:53:02Z
1986,asistencias,per_game,3,"Ithier, Vicente",Indios,33,163,,,,,4.9,True,Serie Regular,2017-08-04,regular-season leader board as of 2017-08-04,single-source,wayback_bsnpr,https://web.archive.org/web/20170804230003id_/http://www.bsnpr.com/estadisticas/lideres.asp?anio=1986&liga=1&serie=1&d=&mes=&dia=&l=&tabla=&grupo=BS26&B1=Ver,2026-09-08T03:53:02Z
1986,asistencias,per_game,4,"Rivera, Jorge",Vaqueros,33,155,,,,,4.7,True,Serie Regular,2017-08-04,regular-season leader board as of 2017-08-04,single-source,wayback_bsnpr,https://web.archive.org/web/20170804230003id_/http://www.bsnpr.com/estadisticas/lideres.asp?anio=1986&liga=1&serie=1&d=&mes=&dia=&l=&tabla=&grupo=BS26&B1=Ver,2026-09-08T03:53:02Z
1986,asistencias,per_game,5,"Lopez, Federico",Mets,30,150,,,,,5.0,True,Serie Regular,2017-08-04,regular-season leader board as of 2017-08-04,single-source,wayback_bsnpr,https://web.archive.org/web/20170804230003id_/http://www.bsnpr.com/estadisticas/lideres.asp?anio=1986&liga=1&serie=1&d=&mes=&dia=&l=&tabla=&grupo=BS26&B1=Ver,2026-09-08T03:53:02Z
1986,asistencias,per_game,6,"Fuentes, Oscar",,33,143,,,,,4.3,True,Serie Regular,2017-08-04,regular-season leader board as of 2017-08-04,single-source,wayback_bsnpr,https://web.archive.org/web/20170804230003id_/http://www.bsnpr.com/estadisticas/lideres.asp?anio=1986&liga=1&serie=1&d=&mes=&dia=&l=&tabla=&grupo=BS26&B1=Ver,2026-09-08T03:53:02Z
1986,asistencias,per_game,7,"Santos, William ""b",Gallitos,33,138,,,,,4.2,True,Serie Regular,2017-08-04,regular-season leader board as of 2017-08-04,single-source,wayback_bsnpr,https://web.archive.org/web/20170804230003id_/http://www.bsnpr.com/estadisticas/lideres.asp?anio=1986&liga=1&serie=1&d=&mes=&dia=&l=&tabla=&grupo=BS26&B1=Ver,2026-09-08T03:53:02Z
1986,asistencias,per_game,8,"Ortiz, David",Capitanes,33,138,,,,,4.2,True,Serie Regular,2017-08-04,regular-season leader board as of 2017-08-04,single-source,wayback_bsnpr,https://web.archive.org/web/20170804230003id_/http://www.bsnpr.com/estadisticas/lideres.asp?anio=1986&liga=1&serie=1&d=&mes=&dia=&l=&tabla=&grupo=BS26&B1=Ver,2026-09-08T03:53:02Z
1986,asistencias,per_game,9,"Rivera, Francisco",Maratonistas,33,136,,,,,4.1,True,Serie Regular,2017-08-04,regular-season leader board as of 2017-08-04,single-source,wayback_bsnpr,https://web.archive.org/web/20170804230003id_/http://www.bsnpr.com/estadisticas/lideres.asp?anio=1986&liga=1&serie=1&d=&mes=&dia=&l=&tabla=&grupo=BS26&B1=Ver,2026-09-08T03:53:02Z
1986,asistencias,per_game,10,"Torres, George",Cariduros,33,136,,,,,4.1,True,Serie Regular,2017-08-04,regular-season leader board as of 2017-08-04,single-source,wayback_bsnpr,https://web.archive.org/web/20170804230003id_/http://www.bsnpr.com/estadisticas/lideres.asp?anio=1986&liga=1&serie=1&d=&mes=&dia=&l=&tabla=&grupo=BS26&B1=Ver,2026-09-08T03:53:02Z
1986,canastos_3,per_game,1,"Rodriguez, Ruben",Vaqueros,33,87,,,,,2.6,True,Serie Regular,2017-08-04,regular-season leader board as of 2017-08-04,single-source,wayback_bsnpr,https://web.archive.org/web/20170804230003id_/http://www.bsnpr.com/estadisticas/lideres.asp?anio=1986&liga=1&serie=1&d=&mes=&dia=&l=&tabla=&grupo=BS26&B1=Ver,2026-09-08T03:53:02Z
1986,canastos_3,per_game,2,"Rios, Roberto 'B",Atleticos,33,82,,,,,2.5,True,Serie Regular,2017-08-04,regular-season leader board as of 2017-08-04,single-source,wayback_bsnpr,https://web.archive.org/web/20170804230003id_/http://www.bsnpr.com/estadisticas/lideres.asp?anio=1986&liga=1&serie=1&d=&mes=&dia=&l=&tabla=&grupo=BS26&B1=Ver,2026-09-08T03:53:02Z
1986,canastos_3,per_game,3,"Figueroa, Bernardo",,33,55,,,,,1.7,True,Serie Regular,2017-08-04,regular-season leader board as of 2017-08-04,single-source,wayback_bsnpr,https://web.archive.org/web/20170804230003id_/http://www.bsnpr.com/estadisticas/lideres.asp?anio=1986&liga=1&serie=1&d=&mes=&dia=&l=&tabla=&grupo=BS26&B1=Ver,2026-09-08T03:53:02Z
1986,canastos_3,per_game,4,"Gallardo, Julio",Indios,33,51,,,,,1.5,True,Serie Regular,2017-08-04,regular-season leader board as of 2017-08-04,single-source,wayback_bsnpr,https://web.archive.org/web/20170804230003id_/http://www.bsnpr.com/estadisticas/lideres.asp?anio=1986&liga=1&serie=1&d=&mes=&dia=&l=&tabla=&grupo=BS26&B1=Ver,2026-09-08T03:53:02Z
1986,canastos_3,per_game,5,"Ocasio, Gerald",Indios,31,51,,,,,1.6,True,Serie Regular,2017-08-04,regular-season leader board as of 2017-08-04,single-source,wayback_bsnpr,https://web.archive.org/web/20170804230003id_/http://www.bsnpr.com/estadisticas/lideres.asp?anio=1986&liga=1&serie=1&d=&mes=&dia=&l=&tabla=&grupo=BS26&B1=Ver,2026-09-08T03:53:02Z
1986,canastos_3,per_game,6,"Carrion, Jeffrey",Gallitos,33,51,,,,,1.5,True,Serie Regular,2017-08-04,regular-season leader board as of 2017-08-04,single-source,wayback_bsnpr,https://web.archive.org/web/20170804230003id_/http://www.bsnpr.com/estadisticas/lideres.asp?anio=1986&liga=1&serie=1&d=&mes=&dia=&l=&tabla=&grupo=BS26&B1=Ver,2026-09-08T03:53:02Z
1986,canastos_3,per_game,7,"Vidot, Grimaldi",Capitanes,29,44,,,,,1.5,True,Serie Regular,2017-08-04,regular-season leader board as of 2017-08-04,single-source,wayback_bsnpr,https://web.archive.org/web/20170804230003id_/http://www.bsnpr.com/estadisticas/lideres.asp?anio=1986&liga=1&serie=1&d=&mes=&dia=&l=&tabla=&grupo=BS26&B1=Ver,2026-09-08T03:53:02Z
1986,canastos_3,per_game,8,"Rivera, Francisco",Maratonistas,33,44,,,,,1.3,True,Serie Regular,2017-08-04,regular-season leader board as of 2017-08-04,single-source,wayback_bsnpr,https://web.archive.org/web/20170804230003id_/http://www.bsnpr.com/estadisticas/lideres.asp?anio=1986&liga=1&serie=1&d=&mes=&dia=&l=&tabla=&grupo=BS26&B1=Ver,2026-09-08T03:53:02Z
1986,canastos_3,per_game,9,"Torres, George",Cariduros,33,43,,,,,1.3,True,Serie Regular,2017-08-04,regular-season leader board as of 2017-08-04,single-source,wayback_bsnpr,https://web.archive.org/web/20170804230003id_/http://www.bsnpr.com/estadisticas/lideres.asp?anio=1986&liga=1&serie=1&d=&mes=&dia=&l=&tabla=&grupo=BS26&B1=Ver,2026-09-08T03:53:02Z
1986,canastos_3,per_game,10,"Melendez, Wilfredo",,33,41,,,,,1.2,True,Serie Regular,2017-08-04,regular-season leader board as of 2017-08-04,single-source,wayback_bsnpr,https://web.archive.org/web/20170804230003id_/http://www.bsnpr.com/estadisticas/lideres.asp?anio=1986&liga=1&serie=1&d=&mes=&dia=&l=&tabla=&grupo=BS26&B1=Ver,2026-09-08T03:53:02Z
1986,canastos_3_pct,percentage,1,"Morales, Mario 'Qui",Mets,27,,36,67,,,53.7,True,Serie Regular,2017-08-04,regular-season leader board as of 2017-08-04,single-source,wayback_bsnpr,https://web.archive.org/web/20170804230003id_/http://www.bsnpr.com/estadisticas/lideres.asp?anio=1986&liga=1&serie=1&d=&mes=&dia=&l=&tabla=&grupo=BS26&B1=Ver,2026-09-08T03:53:02Z
1986,canastos_3_pct,percentage,2,"Vassallo, Danny",Capitanes,32,,24,45,,,53.3,True,Serie Regular,2017-08-04,regular-season leader board as of 2017-08-04,single-source,wayback_bsnpr,https://web.archive.org/web/20170804230003id_/http://www.bsnpr.com/estadisticas/lideres.asp?anio=1986&liga=1&serie=1&d=&mes=&dia=&l=&tabla=&grupo=BS26&B1=Ver,2026-09-08T03:53:02Z
1986,canastos_3_pct,percentage,3,"Guzman, Arnaldo",Mets,33,,28,58,,,48.3,True,Serie Regular,2017-08-04,regular-season leader board as of 2017-08-04,single-source,wayback_bsnpr,https://web.archive.org/web/20170804230003id_/http://www.bsnpr.com/estadisticas/lideres.asp?anio=1986&liga=1&serie=1&d=&mes=&dia=&l=&tabla=&grupo=BS26&B1=Ver,2026-09-08T03:53:02Z
1986,canastos_3_pct,percentage,4,"Davila, Luis ""tin""",,26,,19,40,,,47.5,True,Serie Regular,2017-08-04,regular-season leader board as of 2017-08-04,single-source,wayback_bsnpr,https://web.archive.org/web/20170804230003id_/http://www.bsnpr.com/estadisticas/lideres.asp?anio=1986&liga=1&serie=1&d=&mes=&dia=&l=&tabla=&grupo=BS26&B1=Ver,2026-09-08T03:53:02Z
1986,canastos_3_pct,percentage,5,"Flores, Daniel",Titanes,20,,21,45,,,46.7,True,Serie Regular,2017-08-04,regular-season leader board as of 2017-08-04,single-source,wayback_bsnpr,https://web.archive.org/web/20170804230003id_/http://www.bsnpr.com/estadisticas/lideres.asp?anio=1986&liga=1&serie=1&d=&mes=&dia=&l=&tabla=&grupo=BS26&B1=Ver,2026-09-08T03:53:02Z
1986,canastos_3_pct,percentage,6,"Brignoni, Luis",Criollos,32,,33,73,,,45.2,True,Serie Regular,2017-08-04,regular-season leader board as of 2017-08-04,single-source,wayback_bsnpr,https://web.archive.org/web/20170804230003id_/http://www.bsnpr.com/estadisticas/lideres.asp?anio=1986&liga=1&serie=1&d=&mes=&dia=&l=&tabla=&grupo=BS26&B1=Ver,2026-09-08T03:53:02Z
1986,canastos_3_pct,percentage,7,"Rios, Roberto 'B",Atleticos,33,,82,183,,,44.8,True,Serie Regular,2017-08-04,regular-season leader board as of 2017-08-04,single-source,wayback_bsnpr,https://web.archive.org/web/20170804230003id_/http://www.bsnpr.com/estadisticas/lideres.asp?anio=1986&liga=1&serie=1&d=&mes=&dia=&l=&tabla=&grupo=BS26&B1=Ver,2026-09-08T03:53:02Z
1986,canastos_3_pct,percentage,8,"Aponte, Enrique ""q",,33,,27,61,,,44.3,True,Serie Regular,2017-08-04,regular-season leader board as of 2017-08-04,single-source,wayback_bsnpr,https://web.archive.org/web/20170804230003id_/http://www.bsnpr.com/estadisticas/lideres.asp?anio=1986&liga=1&serie=1&d=&mes=&dia=&l=&tabla=&grupo=BS26&B1=Ver,2026-09-08T03:53:02Z
1986,canastos_3_pct,percentage,9,"Diaz, Jose a. ""t",Gigantes,29,,28,65,,,43.1,True,Serie Regular,2017-08-04,regular-season leader board as of 2017-08-04,single-source,wayback_bsnpr,https://web.archive.org/web/20170804230003id_/http://www.bsnpr.com/estadisticas/lideres.asp?anio=1986&liga=1&serie=1&d=&mes=&dia=&l=&tabla=&grupo=BS26&B1=Ver,2026-09-08T03:53:02Z
1986,canastos_3_pct,percentage,10,"Rivera, Juan ramon",Leones,32,,33,77,,,42.9,True,Serie Regular,2017-08-04,regular-season leader board as of 2017-08-04,single-source,wayback_bsnpr,https://web.archive.org/web/20170804230003id_/http://www.bsnpr.com/estadisticas/lideres.asp?anio=1986&liga=1&serie=1&d=&mes=&dia=&l=&tabla=&grupo=BS26&B1=Ver,2026-09-08T03:53:02Z
1986,rebotes,per_game,1,"Butler, Mario Albe",Titanes,30,457,,,457,0,15.2,True,Serie Regular,2017-08-04,regular-season leader board as of 2017-08-04,single-source,wayback_bsnpr,https://web.archive.org/web/20170804230003id_/http://www.bsnpr.com/estadisticas/lideres.asp?anio=1986&liga=1&serie=1&d=&mes=&dia=&l=&tabla=&grupo=BS26&B1=Ver,2026-09-08T03:53:02Z
1986,rebotes,per_game,2,"Torres, Eddie",Piratas,33,402,,,402,0,12.2,True,Serie Regular,2017-08-04,regular-season leader board as of 2017-08-04,single-source,wayback_bsnpr,https://web.archive.org/web/20170804230003id_/http://www.bsnpr.com/estadisticas/lideres.asp?anio=1986&liga=1&serie=1&d=&mes=&dia=&l=&tabla=&grupo=BS26&B1=Ver,2026-09-08T03:53:02Z
1986,rebotes,per_game,3,"Leon, Edgar",Cariduros,29,374,,,374,0,12.9,True,Serie Regular,2017-08-04,regular-season leader board as of 2017-08-04,single-source,wayback_bsnpr,https://web.archive.org/web/20170804230003id_/http://www.bsnpr.com/estadisticas/lideres.asp?anio=1986&liga=1&serie=1&d=&mes=&dia=&l=&tabla=&grupo=BS26&B1=Ver,2026-09-08T03:53:02Z
1986,rebotes,per_game,4,"Frazer, Rolando",,30,372,,,372,0,12.4,True,Serie Regular,2017-08-04,regular-season leader board as of 2017-08-04,single-source,wayback_bsnpr,https://web.archive.org/web/20170804230003id_/http://www.bsnpr.com/estadisticas/lideres.asp?anio=1986&liga=1&serie=1&d=&mes=&dia=&l=&tabla=&grupo=BS26&B1=Ver,2026-09-08T03:53:02Z
1986,rebotes,per_game,5,"Leon, Francisco",Leones,30,356,,,356,0,11.9,True,Serie Regular,2017-08-04,regular-season leader board as of 2017-08-04,single-source,wayback_bsnpr,https://web.archive.org/web/20170804230003id_/http://www.bsnpr.com/estadisticas/lideres.asp?anio=1986&liga=1&serie=1&d=&mes=&dia=&l=&tabla=&grupo=BS26&B1=Ver,2026-09-08T03:53:02Z
1986,rebotes,per_game,6,"Lanauze, Juan Jose",Mets,33,338,,,338,0,10.2,True,Serie Regular,2017-08-04,regular-season leader board as of 2017-08-04,single-source,wayback_bsnpr,https://web.archive.org/web/20170804230003id_/http://www.bsnpr.com/estadisticas/lideres.asp?anio=1986&liga=1&serie=1&d=&mes=&dia=&l=&tabla=&grupo=BS26&B1=Ver,2026-09-08T03:53:02Z
1986,rebotes,per_game,7,"Torruellas, Frank",Gallitos,30,334,,,334,0,11.1,True,Serie Regular,2017-08-04,regular-season leader board as of 2017-08-04,single-source,wayback_bsnpr,https://web.archive.org/web/20170804230003id_/http://www.bsnpr.com/estadisticas/lideres.asp?anio=1986&liga=1&serie=1&d=&mes=&dia=&l=&tabla=&grupo=BS26&B1=Ver,2026-09-08T03:53:02Z
1986,rebotes,per_game,8,"Gallardo, Julio",Indios,33,316,,,316,0,9.6,True,Serie Regular,2017-08-04,regular-season leader board as of 2017-08-04,single-source,wayback_bsnpr,https://web.archive.org/web/20170804230003id_/http://www.bsnpr.com/estadisticas/lideres.asp?anio=1986&liga=1&serie=1&d=&mes=&dia=&l=&tabla=&grupo=BS26&B1=Ver,2026-09-08T03:53:02Z
1986,rebotes,per_game,9,"Rivera, Felix",,30,316,,,316,0,10.5,True,Serie Regular,2017-08-04,regular-season leader board as of 2017-08-04,single-source,wayback_bsnpr,https://web.archive.org/web/20170804230003id_/http://www.bsnpr.com/estadisticas/lideres.asp?anio=1986&liga=1&serie=1&d=&mes=&dia=&l=&tabla=&grupo=BS26&B1=Ver,2026-09-08T03:53:02Z
1986,rebotes,per_game,10,"Ramos, Ramon",,33,305,,,305,0,9.2,True,Serie Regular,2017-08-04,regular-season leader board as of 2017-08-04,single-source,wayback_bsnpr,https://web.archive.org/web/20170804230003id_/http://www.bsnpr.com/estadisticas/lideres.asp?anio=1986&liga=1&serie=1&d=&mes=&dia=&l=&tabla=&grupo=BS26&B1=Ver,2026-09-08T03:53:02Z
1986,tiros_libres_anotados,per_game,1,"Torres, George",Cariduros,33,248,,,,,7.5,True,Serie Regular,2017-08-04,regular-season leader board as of 2017-08-04,single-source,wayback_bsnpr,https://web.archive.org/web/20170804230003id_/http://www.bsnpr.com/estadisticas/lideres.asp?anio=1986&liga=1&serie=1&d=&mes=&dia=&l=&tabla=&grupo=BS26&B1=Ver,2026-09-08T03:53:02Z
1986,tiros_libres_anotados,per_game,2,"Maldonado, Jim",Capitanes,30,212,,,,,7.1,True,Serie Regular,2017-08-04,regular-season leader board as of 2017-08-04,single-source,wayback_bsnpr,https://web.archive.org/web/20170804230003id_/http://www.bsnpr.com/estadisticas/lideres.asp?anio=1986&liga=1&serie=1&d=&mes=&dia=&l=&tabla=&grupo=BS26&B1=Ver,2026-09-08T03:53:02Z
1986,tiros_libres_anotados,per_game,3,"Pellot, Edwin",Gallitos,33,182,,,,,5.5,True,Serie Regular,2017-08-04,regular-season leader board as of 2017-08-04,single-source,wayback_bsnpr,https://web.archive.org/web/20170804230003id_/http://www.bsnpr.com/estadisticas/lideres.asp?anio=1986&liga=1&serie=1&d=&mes=&dia=&l=&tabla=&grupo=BS26&B1=Ver,2026-09-08T03:53:02Z
1986,tiros_libres_anotados,per_game,4,"Gallardo, Julio",Indios,33,173,,,,,5.2,True,Serie Regular,2017-08-04,regular-season leader board as of 2017-08-04,single-source,wayback_bsnpr,https://web.archive.org/web/20170804230003id_/http://www.bsnpr.com/estadisticas/lideres.asp?anio=1986&liga=1&serie=1&d=&mes=&dia=&l=&tabla=&grupo=BS26&B1=Ver,2026-09-08T03:53:02Z
1986,tiros_libres_anotados,per_game,5,"Santiago, Angel 'Cac",,27,157,,,,,5.8,True,Serie Regular,2017-08-04,regular-season leader board as of 2017-08-04,single-source,wayback_bsnpr,https://web.archive.org/web/20170804230003id_/http://www.bsnpr.com/estadisticas/lideres.asp?anio=1986&liga=1&serie=1&d=&mes=&dia=&l=&tabla=&grupo=BS26&B1=Ver,2026-09-08T03:53:02Z
1986,tiros_libres_anotados,per_game,6,"Quiñonez, Jose 'Will",Criollos,30,155,,,,,5.2,True,Serie Regular,2017-08-04,regular-season leader board as of 2017-08-04,single-source,wayback_bsnpr,https://web.archive.org/web/20170804230003id_/http://www.bsnpr.com/estadisticas/lideres.asp?anio=1986&liga=1&serie=1&d=&mes=&dia=&l=&tabla=&grupo=BS26&B1=Ver,2026-09-08T03:53:02Z
1986,tiros_libres_anotados,per_game,7,"Lee, Alfred 'Bu",Leones,31,154,,,,,5.0,True,Serie Regular,2017-08-04,regular-season leader board as of 2017-08-04,single-source,wayback_bsnpr,https://web.archive.org/web/20170804230003id_/http://www.bsnpr.com/estadisticas/lideres.asp?anio=1986&liga=1&serie=1&d=&mes=&dia=&l=&tabla=&grupo=BS26&B1=Ver,2026-09-08T03:53:02Z
1986,tiros_libres_anotados,per_game,8,"Trinidad, Juan",Mets,33,149,,,,,4.5,True,Serie Regular,2017-08-04,regular-season leader board as of 2017-08-04,single-source,wayback_bsnpr,https://web.archive.org/web/20170804230003id_/http://www.bsnpr.com/estadisticas/lideres.asp?anio=1986&liga=1&serie=1&d=&mes=&dia=&l=&tabla=&grupo=BS26&B1=Ver,2026-09-08T03:53:02Z
1986,tiros_libres_anotados,per_game,9,"Pacheco, Bradley",Maratonistas,33,144,,,,,4.4,True,Serie Regular,2017-08-04,regular-season leader board as of 2017-08-04,single-source,wayback_bsnpr,https://web.archive.org/web/20170804230003id_/http://www.bsnpr.com/estadisticas/lideres.asp?anio=1986&liga=1&serie=1&d=&mes=&dia=&l=&tabla=&grupo=BS26&B1=Ver,2026-09-08T03:53:02Z
1986,tiros_libres_anotados,per_game,10,"Carrion, Jeffrey",Gallitos,33,139,,,,,4.2,True,Serie Regular,2017-08-04,regular-season leader board as of 2017-08-04,single-source,wayback_bsnpr,https://web.archive.org/web/20170804230003id_/http://www.bsnpr.com/estadisticas/lideres.asp?anio=1986&liga=1&serie=1&d=&mes=&dia=&l=&tabla=&grupo=BS26&B1=Ver,2026-09-08T03:53:02Z
1986,tiros_libres_pct,percentage,1,"Rodriguez, Ruben",Vaqueros,33,,117,132,,,88.6,True,Serie Regular,2017-08-04,regular-season leader board as of 2017-08-04,single-source,wayback_bsnpr,https://web.archive.org/web/20170804230003id_/http://www.bsnpr.com/estadisticas/lideres.asp?anio=1986&liga=1&serie=1&d=&mes=&dia=&l=&tabla=&grupo=BS26&B1=Ver,2026-09-08T03:53:02Z
1986,tiros_libres_pct,percentage,2,"Vidot, Grimaldi",Capitanes,29,,91,104,,,87.5,True,Serie Regular,2017-08-04,regular-season leader board as of 2017-08-04,single-source,wayback_bsnpr,https://web.archive.org/web/20170804230003id_/http://www.bsnpr.com/estadisticas/lideres.asp?anio=1986&liga=1&serie=1&d=&mes=&dia=&l=&tabla=&grupo=BS26&B1=Ver,2026-09-08T03:53:02Z
1986,tiros_libres_pct,percentage,3,"Malcom, Ernesto",Atleticos,29,,57,66,,,86.4,True,Serie Regular,2017-08-04,regular-season leader board as of 2017-08-04,single-source,wayback_bsnpr,https://web.archive.org/web/20170804230003id_/http://www.bsnpr.com/estadisticas/lideres.asp?anio=1986&liga=1&serie=1&d=&mes=&dia=&l=&tabla=&grupo=BS26&B1=Ver,2026-09-08T03:53:02Z
1986,tiros_libres_pct,percentage,4,"Correa, Wesley ""we",Titanes,30,,131,152,,,86.2,True,Serie Regular,2017-08-04,regular-season leader board as of 2017-08-04,single-source,wayback_bsnpr,https://web.archive.org/web/20170804230003id_/http://www.bsnpr.com/estadisticas/lideres.asp?anio=1986&liga=1&serie=1&d=&mes=&dia=&l=&tabla=&grupo=BS26&B1=Ver,2026-09-08T03:53:02Z
1986,tiros_libres_pct,percentage,5,"Sosa, Jose",Mets,19,,51,60,,,85.0,True,Serie Regular,2017-08-04,regular-season leader board as of 2017-08-04,single-source,wayback_bsnpr,https://web.archive.org/web/20170804230003id_/http://www.bsnpr.com/estadisticas/lideres.asp?anio=1986&liga=1&serie=1&d=&mes=&dia=&l=&tabla=&grupo=BS26&B1=Ver,2026-09-08T03:53:02Z
1986,tiros_libres_pct,percentage,6,"Rivera, Francisco",Maratonistas,33,,50,59,,,84.7,True,Serie Regular,2017-08-04,regular-season leader board as of 2017-08-04,single-source,wayback_bsnpr,https://web.archive.org/web/20170804230003id_/http://www.bsnpr.com/estadisticas/lideres.asp?anio=1986&liga=1&serie=1&d=&mes=&dia=&l=&tabla=&grupo=BS26&B1=Ver,2026-09-08T03:53:02Z
1986,tiros_libres_pct,percentage,7,"Santos, William ""b",Gallitos,33,,59,70,,,84.3,True,Serie Regular,2017-08-04,regular-season leader board as of 2017-08-04,single-source,wayback_bsnpr,https://web.archive.org/web/20170804230003id_/http://www.bsnpr.com/estadisticas/lideres.asp?anio=1986&liga=1&serie=1&d=&mes=&dia=&l=&tabla=&grupo=BS26&B1=Ver,2026-09-08T03:53:02Z
1986,tiros_libres_pct,percentage,8,"Diaz, Jose a. ""t",Gigantes,29,,131,156,,,84.0,True,Serie Regular,2017-08-04,regular-season leader board as of 2017-08-04,single-source,wayback_bsnpr,https://web.archive.org/web/20170804230003id_/http://www.bsnpr.com/estadisticas/lideres.asp?anio=1986&liga=1&serie=1&d=&mes=&dia=&l=&tabla=&grupo=BS26&B1=Ver,2026-09-08T03:53:02Z
1986,tiros_libres_pct,percentage,9,"Torres, Orlando",Brujos,27,,68,81,,,84.0,True,Serie Regular,2017-08-04,regular-season leader board as of 2017-08-04,single-source,wayback_bsnpr,https://web.archive.org/web/20170804230003id_/http://www.bsnpr.com/estadisticas/lideres.asp?anio=1986&liga=1&serie=1&d=&mes=&dia=&l=&tabla=&grupo=BS26&B1=Ver,2026-09-08T03:53:02Z
1986,tiros_libres_pct,percentage,10,"Cruz, Angel 'Ang",,24,,68,81,,,84.0,True,Serie Regular,2017-08-04,regular-season leader board as of 2017-08-04,single-source,wayback_bsnpr,https://web.archive.org/web/20170804230003id_/http://www.bsnpr.com/estadisticas/lideres.asp?anio=1986&liga=1&serie=1&d=&mes=&dia=&l=&tabla=&grupo=BS26&B1=Ver,2026-09-08T03:53:02Z
2007,anotaciones,per_game,1,"Figueroa, Angel Luis","Capitanes, Arecibo",28,691,,,,,24.7,True,Serie Regular,2008-02-04,regular-season leader board as of 2008-02-04,single-source,wayback_bsnpr,https://web.archive.org/web/20080204101431id_/http://www.bsnpr.com:80/estadisticas/lideres.asp?grupo=BS26&serie=1&liga=1&anio=2007&vida=1,2026-09-08T03:51:02Z
2007,anotaciones,per_game,2,"Shannon, Terrence","Conquistadores, Guaynabo",30,631,,,,,21.0,True,Serie Regular,2008-02-04,regular-season leader board as of 2008-02-04,single-source,wayback_bsnpr,https://web.archive.org/web/20080204101431id_/http://www.bsnpr.com:80/estadisticas/lideres.asp?grupo=BS26&serie=1&liga=1&anio=2007&vida=1,2026-09-08T03:51:02Z
2007,anotaciones,per_game,3,"Reyes, Angelo","Gigantes, Carolina",30,599,,,,,20.0,True,Serie Regular,2008-02-04,regular-season leader board as of 2008-02-04,single-source,wayback_bsnpr,https://web.archive.org/web/20080204101431id_/http://www.bsnpr.com:80/estadisticas/lideres.asp?grupo=BS26&serie=1&liga=1&anio=2007&vida=1,2026-09-08T03:51:02Z
2007,anotaciones,per_game,4,"Ere, Ebi","Gigantes, Carolina",30,592,,,,,19.7,True,Serie Regular,2008-02-04,regular-season leader board as of 2008-02-04,single-source,wayback_bsnpr,https://web.archive.org/web/20080204101431id_/http://www.bsnpr.com:80/estadisticas/lideres.asp?grupo=BS26&serie=1&liga=1&anio=2007&vida=1,2026-09-08T03:51:02Z
2007,anotaciones,per_game,5,"Carmona, Alejandro",,29,573,,,,,19.8,True,Serie Regular,2008-02-04,regular-season leader board as of 2008-02-04,single-source,wayback_bsnpr,https://web.archive.org/web/20080204101431id_/http://www.bsnpr.com:80/estadisticas/lideres.asp?grupo=BS26&serie=1&liga=1&anio=2007&vida=1,2026-09-08T03:51:02Z
2007,anotaciones,per_game,6,"Rodriguez, Erick","Brujos, Guayama",30,538,,,,,17.9,True,Serie Regular,2008-02-04,regular-season leader board as of 2008-02-04,single-source,wayback_bsnpr,https://web.archive.org/web/20080204101431id_/http://www.bsnpr.com:80/estadisticas/lideres.asp?grupo=BS26&serie=1&liga=1&anio=2007&vida=1,2026-09-08T03:51:02Z
2007,anotaciones,per_game,7,"Jones, Joel","Leones, Ponce",29,535,,,,,18.4,True,Serie Regular,2008-02-04,regular-season leader board as of 2008-02-04,single-source,wayback_bsnpr,https://web.archive.org/web/20080204101431id_/http://www.bsnpr.com:80/estadisticas/lideres.asp?grupo=BS26&serie=1&liga=1&anio=2007&vida=1,2026-09-08T03:51:02Z
2007,anotaciones,per_game,8,"Lee, Carmelo An","Conquistadores, Guaynabo",29,526,,,,,18.1,True,Serie Regular,2008-02-04,regular-season leader board as of 2008-02-04,single-source,wayback_bsnpr,https://web.archive.org/web/20080204101431id_/http://www.bsnpr.com:80/estadisticas/lideres.asp?grupo=BS26&serie=1&liga=1&anio=2007&vida=1,2026-09-08T03:51:02Z
2007,anotaciones,per_game,9,"Wilson, Monty",,30,500,,,,,16.7,True,Serie Regular,2008-02-04,regular-season leader board as of 2008-02-04,single-source,wayback_bsnpr,https://web.archive.org/web/20080204101431id_/http://www.bsnpr.com:80/estadisticas/lideres.asp?grupo=BS26&serie=1&liga=1&anio=2007&vida=1,2026-09-08T03:51:02Z
2007,anotaciones,per_game,10,"Agbai, Uka","Cariduros, Fajardo",30,492,,,,,16.4,True,Serie Regular,2008-02-04,regular-season leader board as of 2008-02-04,single-source,wayback_bsnpr,https://web.archive.org/web/20080204101431id_/http://www.bsnpr.com:80/estadisticas/lideres.asp?grupo=BS26&serie=1&liga=1&anio=2007&vida=1,2026-09-08T03:51:02Z
2007,asistencias,per_game,1,"Hatton, Roberto Jose",,24,220,,,,,9.2,True,Serie Regular,2008-02-04,regular-season leader board as of 2008-02-04,single-source,wayback_bsnpr,https://web.archive.org/web/20080204101431id_/http://www.bsnpr.com:80/estadisticas/lideres.asp?grupo=BS26&serie=1&liga=1&anio=2007&vida=1,2026-09-08T03:51:02Z
2007,asistencias,per_game,2,"Pagan, Wilfredo",,27,206,,,,,7.6,True,Serie Regular,2008-02-04,regular-season leader board as of 2008-02-04,single-source,wayback_bsnpr,https://web.archive.org/web/20080204101431id_/http://www.bsnpr.com:80/estadisticas/lideres.asp?grupo=BS26&serie=1&liga=1&anio=2007&vida=1,2026-09-08T03:51:02Z
2007,asistencias,per_game,3,"Guzman, Ansel M.","Grises, Humacao",28,151,,,,,5.4,True,Serie Regular,2008-02-04,regular-season leader board as of 2008-02-04,single-source,wayback_bsnpr,https://web.archive.org/web/20080204101431id_/http://www.bsnpr.com:80/estadisticas/lideres.asp?grupo=BS26&serie=1&liga=1&anio=2007&vida=1,2026-09-08T03:51:02Z
2007,asistencias,per_game,4,"Padilla, Edgar",,30,139,,,,,4.6,True,Serie Regular,2008-02-04,regular-season leader board as of 2008-02-04,single-source,wayback_bsnpr,https://web.archive.org/web/20080204101431id_/http://www.bsnpr.com:80/estadisticas/lideres.asp?grupo=BS26&serie=1&liga=1&anio=2007&vida=1,2026-09-08T03:51:02Z
2007,asistencias,per_game,5,"Caro, Ismael",,30,136,,,,,4.5,True,Serie Regular,2008-02-04,regular-season leader board as of 2008-02-04,single-source,wayback_bsnpr,https://web.archive.org/web/20080204101431id_/http://www.bsnpr.com:80/estadisticas/lideres.asp?grupo=BS26&serie=1&liga=1&anio=2007&vida=1,2026-09-08T03:51:02Z
2007,asistencias,per_game,6,"Morales, Elisamuel","Conquistadores, Guaynabo",30,136,,,,,4.5,True,Serie Regular,2008-02-04,regular-season leader board as of 2008-02-04,single-source,wayback_bsnpr,https://web.archive.org/web/20080204101431id_/http://www.bsnpr.com:80/estadisticas/lideres.asp?grupo=BS26&serie=1&liga=1&anio=2007&vida=1,2026-09-08T03:51:02Z
2007,asistencias,per_game,7,"Cruz, Rafael","Capitanes, Arecibo",24,129,,,,,5.4,True,Serie Regular,2008-02-04,regular-season leader board as of 2008-02-04,single-source,wayback_bsnpr,https://web.archive.org/web/20080204101431id_/http://www.bsnpr.com:80/estadisticas/lideres.asp?grupo=BS26&serie=1&liga=1&anio=2007&vida=1,2026-09-08T03:51:02Z
2007,asistencias,per_game,8,"Hamilton, Kevin","Cariduros, Fajardo",30,121,,,,,4.0,True,Serie Regular,2008-02-04,regular-season leader board as of 2008-02-04,single-source,wayback_bsnpr,https://web.archive.org/web/20080204101431id_/http://www.bsnpr.com:80/estadisticas/lideres.asp?grupo=BS26&serie=1&liga=1&anio=2007&vida=1,2026-09-08T03:51:02Z
2007,asistencias,per_game,9,"Herrera, Roberto","Indios, Mayaguez",30,119,,,,,4.0,True,Serie Regular,2008-02-04,regular-season leader board as of 2008-02-04,single-source,wayback_bsnpr,https://web.archive.org/web/20080204101431id_/http://www.bsnpr.com:80/estadisticas/lideres.asp?grupo=BS26&serie=1&liga=1&anio=2007&vida=1,2026-09-08T03:51:02Z
2007,asistencias,per_game,10,"Ere, Ebi","Gigantes, Carolina",30,105,,,,,3.5,True,Serie Regular,2008-02-04,regular-season leader board as of 2008-02-04,single-source,wayback_bsnpr,https://web.archive.org/web/20080204101431id_/http://www.bsnpr.com:80/estadisticas/lideres.asp?grupo=BS26&serie=1&liga=1&anio=2007&vida=1,2026-09-08T03:51:02Z
2007,bloqueos,per_game,1,"Aubry, Jeffrion","Leones, Ponce",27,72,,,,,2.7,True,Serie Regular,2008-02-04,regular-season leader board as of 2008-02-04,single-source,wayback_bsnpr,https://web.archive.org/web/20080204101431id_/http://www.bsnpr.com:80/estadisticas/lideres.asp?grupo=BS26&serie=1&liga=1&anio=2007&vida=1,2026-09-08T03:51:02Z
2007,bloqueos,per_game,2,"Ramos, Peter John","Criollos, Caguas",30,51,,,,,1.7,True,Serie Regular,2008-02-04,regular-season leader board as of 2008-02-04,single-source,wayback_bsnpr,https://web.archive.org/web/20080204101431id_/http://www.bsnpr.com:80/estadisticas/lideres.asp?grupo=BS26&serie=1&liga=1&anio=2007&vida=1,2026-09-08T03:51:02Z
2007,bloqueos,per_game,3,"Lee, Carmelo An","Conquistadores, Guaynabo",29,45,,,,,1.6,True,Serie Regular,2008-02-04,regular-season leader board as of 2008-02-04,single-source,wayback_bsnpr,https://web.archive.org/web/20080204101431id_/http://www.bsnpr.com:80/estadisticas/lideres.asp?grupo=BS26&serie=1&liga=1&anio=2007&vida=1,2026-09-08T03:51:02Z
2007,bloqueos,per_game,4,"Villafane, Luis",,29,41,,,,,1.4,True,Serie Regular,2008-02-04,regular-season leader board as of 2008-02-04,single-source,wayback_bsnpr,https://web.archive.org/web/20080204101431id_/http://www.bsnpr.com:80/estadisticas/lideres.asp?grupo=BS26&serie=1&liga=1&anio=2007&vida=1,2026-09-08T03:51:02Z
2007,bloqueos,per_game,5,"Traylor, Robert",,12,34,,,,,2.8,True,Serie Regular,2008-02-04,regular-season leader board as of 2008-02-04,single-source,wayback_bsnpr,https://web.archive.org/web/20080204101431id_/http://www.bsnpr.com:80/estadisticas/lideres.asp?grupo=BS26&serie=1&liga=1&anio=2007&vida=1,2026-09-08T03:51:02Z
2007,bloqueos,per_game,6,"Brown, Ernest",,21,33,,,,,1.6,True,Serie Regular,2008-02-04,regular-season leader board as of 2008-02-04,single-source,wayback_bsnpr,https://web.archive.org/web/20080204101431id_/http://www.bsnpr.com:80/estadisticas/lideres.asp?grupo=BS26&serie=1&liga=1&anio=2007&vida=1,2026-09-08T03:51:02Z
2007,bloqueos,per_game,7,"Dyer, Alphonse","Atleticos, San German",29,30,,,,,1.0,True,Serie Regular,2008-02-04,regular-season leader board as of 2008-02-04,single-source,wayback_bsnpr,https://web.archive.org/web/20080204101431id_/http://www.bsnpr.com:80/estadisticas/lideres.asp?grupo=BS26&serie=1&liga=1&anio=2007&vida=1,2026-09-08T03:51:02Z
2007,bloqueos,per_game,8,"Agbai, Uka","Cariduros, Fajardo",30,29,,,,,1.0,True,Serie Regular,2008-02-04,regular-season leader board as of 2008-02-04,single-source,wayback_bsnpr,https://web.archive.org/web/20080204101431id_/http://www.bsnpr.com:80/estadisticas/lideres.asp?grupo=BS26&serie=1&liga=1&anio=2007&vida=1,2026-09-08T03:51:02Z
2007,bloqueos,per_game,9,"Rivera, Jorge Luis","Vaqueros, Bayamon",30,28,,,,,0.9,True,Serie Regular,2008-02-04,regular-season leader board as of 2008-02-04,single-source,wayback_bsnpr,https://web.archive.org/web/20080204101431id_/http://www.bsnpr.com:80/estadisticas/lideres.asp?grupo=BS26&serie=1&liga=1&anio=2007&vida=1,2026-09-08T03:51:02Z
2007,bloqueos,per_game,10,"Shannon, Terrence","Conquistadores, Guaynabo",30,27,,,,,0.9,True,Serie Regular,2008-02-04,regular-season leader board as of 2008-02-04,single-source,wayback_bsnpr,https://web.archive.org/web/20080204101431id_/http://www.bsnpr.com:80/estadisticas/lideres.asp?grupo=BS26&serie=1&liga=1&anio=2007&vida=1,2026-09-08T03:51:02Z
2007,canastos_3,per_game,1,"Rodriguez, Erick","Brujos, Guayama",30,92,,,,,3.1,True,Serie Regular,2008-02-04,regular-season leader board as of 2008-02-04,single-source,wayback_bsnpr,https://web.archive.org/web/20080204101431id_/http://www.bsnpr.com:80/estadisticas/lideres.asp?grupo=BS26&serie=1&liga=1&anio=2007&vida=1,2026-09-08T03:51:02Z
2007,canastos_3,per_game,2,"Pittsnogle, Kevin",,30,88,,,,,2.9,True,Serie Regular,2008-02-04,regular-season leader board as of 2008-02-04,single-source,wayback_bsnpr,https://web.archive.org/web/20080204101431id_/http://www.bsnpr.com:80/estadisticas/lideres.asp?grupo=BS26&serie=1&liga=1&anio=2007&vida=1,2026-09-08T03:51:02Z
2007,canastos_3,per_game,3,"Ere, Ebi","Gigantes, Carolina",30,84,,,,,2.8,True,Serie Regular,2008-02-04,regular-season leader board as of 2008-02-04,single-source,wayback_bsnpr,https://web.archive.org/web/20080204101431id_/http://www.bsnpr.com:80/estadisticas/lideres.asp?grupo=BS26&serie=1&liga=1&anio=2007&vida=1,2026-09-08T03:51:02Z
2007,canastos_3,per_game,4,"Lee, Carmelo An","Conquistadores, Guaynabo",29,72,,,,,2.5,True,Serie Regular,2008-02-04,regular-season leader board as of 2008-02-04,single-source,wayback_bsnpr,https://web.archive.org/web/20080204101431id_/http://www.bsnpr.com:80/estadisticas/lideres.asp?grupo=BS26&serie=1&liga=1&anio=2007&vida=1,2026-09-08T03:51:02Z
2007,canastos_3,per_game,5,"Casiano, Eddie","Indios, Mayaguez",22,66,,,,,3.0,True,Serie Regular,2008-02-04,regular-season leader board as of 2008-02-04,single-source,wayback_bsnpr,https://web.archive.org/web/20080204101431id_/http://www.bsnpr.com:80/estadisticas/lideres.asp?grupo=BS26&serie=1&liga=1&anio=2007&vida=1,2026-09-08T03:51:02Z
2007,canastos_3,per_game,6,"Hiraldo, Christopher",,30,66,,,,,2.2,True,Serie Regular,2008-02-04,regular-season leader board as of 2008-02-04,single-source,wayback_bsnpr,https://web.archive.org/web/20080204101431id_/http://www.bsnpr.com:80/estadisticas/lideres.asp?grupo=BS26&serie=1&liga=1&anio=2007&vida=1,2026-09-08T03:51:02Z
2007,canastos_3,per_game,7,"Alvarado, Omar J.",,30,65,,,,,2.2,True,Serie Regular,2008-02-04,regular-season leader board as of 2008-02-04,single-source,wayback_bsnpr,https://web.archive.org/web/20080204101431id_/http://www.bsnpr.com:80/estadisticas/lideres.asp?grupo=BS26&serie=1&liga=1&anio=2007&vida=1,2026-09-08T03:51:02Z
2007,canastos_3,per_game,8,"Wilson, Monty",,30,65,,,,,2.2,True,Serie Regular,2008-02-04,regular-season leader board as of 2008-02-04,single-source,wayback_bsnpr,https://web.archive.org/web/20080204101431id_/http://www.bsnpr.com:80/estadisticas/lideres.asp?grupo=BS26&serie=1&liga=1&anio=2007&vida=1,2026-09-08T03:51:02Z
2007,canastos_3,per_game,9,"Rivera, Carlos Ruben",,25,64,,,,,2.6,True,Serie Regular,2008-02-04,regular-season leader board as of 2008-02-04,single-source,wayback_bsnpr,https://web.archive.org/web/20080204101431id_/http://www.bsnpr.com:80/estadisticas/lideres.asp?grupo=BS26&serie=1&liga=1&anio=2007&vida=1,2026-09-08T03:51:02Z
2007,canastos_3,per_game,10,"Lazor, Robert",,29,63,,,,,2.2,True,Serie Regular,2008-02-04,regular-season leader board as of 2008-02-04,single-source,wayback_bsnpr,https://web.archive.org/web/20080204101431id_/http://www.bsnpr.com:80/estadisticas/lideres.asp?grupo=BS26&serie=1&liga=1&anio=2007&vida=1,2026-09-08T03:51:02Z
2007,canastos_3_pct,percentage,1,"Santiago, Eddin","Cangrejeros, Santurce",15,,19,34,,,55.9,True,Serie Regular,2008-02-04,regular-season leader board as of 2008-02-04,single-source,wayback_bsnpr,https://web.archive.org/web/20080204101431id_/http://www.bsnpr.com:80/estadisticas/lideres.asp?grupo=BS26&serie=1&liga=1&anio=2007&vida=1,2026-09-08T03:51:02Z
2007,canastos_3_pct,percentage,2,"Simon, Melvin",,28,,8,15,,,53.3,True,Serie Regular,2008-02-04,regular-season leader board as of 2008-02-04,single-source,wayback_bsnpr,https://web.archive.org/web/20080204101431id_/http://www.bsnpr.com:80/estadisticas/lideres.asp?grupo=BS26&serie=1&liga=1&anio=2007&vida=1,2026-09-08T03:51:02Z
2007,canastos_3_pct,percentage,3,"Garcia, Jonathan","Criollos, Caguas",29,,10,19,,,52.6,True,Serie Regular,2008-02-04,regular-season leader board as of 2008-02-04,single-source,wayback_bsnpr,https://web.archive.org/web/20080204101431id_/http://www.bsnpr.com:80/estadisticas/lideres.asp?grupo=BS26&serie=1&liga=1&anio=2007&vida=1,2026-09-08T03:51:02Z
2007,canastos_3_pct,percentage,4,"Payano, Carlos R.","Capitanes, Arecibo",7,,14,30,,,46.7,True,Serie Regular,2008-02-04,regular-season leader board as of 2008-02-04,single-source,wayback_bsnpr,https://web.archive.org/web/20080204101431id_/http://www.bsnpr.com:80/estadisticas/lideres.asp?grupo=BS26&serie=1&liga=1&anio=2007&vida=1,2026-09-08T03:51:02Z
2007,canastos_3_pct,percentage,5,"Villegas, Samuel",,26,,46,100,,,46.0,True,Serie Regular,2008-02-04,regular-season leader board as of 2008-02-04,single-source,wayback_bsnpr,https://web.archive.org/web/20080204101431id_/http://www.bsnpr.com:80/estadisticas/lideres.asp?grupo=BS26&serie=1&liga=1&anio=2007&vida=1,2026-09-08T03:51:02Z
2007,canastos_3_pct,percentage,6,"Nieves, Roberto","Grises, Humacao",6,,16,35,,,45.7,True,Serie Regular,2008-02-04,regular-season leader board as of 2008-02-04,single-source,wayback_bsnpr,https://web.archive.org/web/20080204101431id_/http://www.bsnpr.com:80/estadisticas/lideres.asp?grupo=BS26&serie=1&liga=1&anio=2007&vida=1,2026-09-08T03:51:02Z
2007,canastos_3_pct,percentage,7,"Ayuso, Larry","Cangrejeros, Santurce",7,,25,55,,,45.5,True,Serie Regular,2008-02-04,regular-season leader board as of 2008-02-04,single-source,wayback_bsnpr,https://web.archive.org/web/20080204101431id_/http://www.bsnpr.com:80/estadisticas/lideres.asp?grupo=BS26&serie=1&liga=1&anio=2007&vida=1,2026-09-08T03:51:02Z
2007,canastos_3_pct,percentage,8,"Rivera, Carlos Ruben",,25,,64,142,,,45.1,True,Serie Regular,2008-02-04,regular-season leader board as of 2008-02-04,single-source,wayback_bsnpr,https://web.archive.org/web/20080204101431id_/http://www.bsnpr.com:80/estadisticas/lideres.asp?grupo=BS26&serie=1&liga=1&anio=2007&vida=1,2026-09-08T03:51:02Z
2007,canastos_3_pct,percentage,9,"Martinez, Freddie",,21,,46,103,,,44.7,True,Serie Regular,2008-02-04,regular-season leader board as of 2008-02-04,single-source,wayback_bsnpr,https://web.archive.org/web/20080204101431id_/http://www.bsnpr.com:80/estadisticas/lideres.asp?grupo=BS26&serie=1&liga=1&anio=2007&vida=1,2026-09-08T03:51:02Z
2007,canastos_3_pct,percentage,10,"Colon, Angel Luis","Brujos, Guayama",26,,11,25,,,44.0,True,Serie Regular,2008-02-04,regular-season leader board as of 2008-02-04,single-source,wayback_bsnpr,https://web.archive.org/web/20080204101431id_/http://www.bsnpr.com:80/estadisticas/lideres.asp?grupo=BS26&serie=1&liga=1&anio=2007&vida=1,2026-09-08T03:51:02Z
2007,cortes_balon,per_game,1,"Caro, Ismael",,30,63,,,,,2.1,True,Serie Regular,2008-02-04,regular-season leader board as of 2008-02-04,single-source,wayback_bsnpr,https://web.archive.org/web/20080204101431id_/http://www.bsnpr.com:80/estadisticas/lideres.asp?grupo=BS26&serie=1&liga=1&anio=2007&vida=1,2026-09-08T03:51:02Z
2007,cortes_balon,per_game,2,"Hiraldo, Christopher",,30,62,,,,,2.1,True,Serie Regular,2008-02-04,regular-season leader board as of 2008-02-04,single-source,wayback_bsnpr,https://web.archive.org/web/20080204101431id_/http://www.bsnpr.com:80/estadisticas/lideres.asp?grupo=BS26&serie=1&liga=1&anio=2007&vida=1,2026-09-08T03:51:02Z
2007,cortes_balon,per_game,3,"Hamilton, Kevin","Cariduros, Fajardo",30,60,,,,,2.0,True,Serie Regular,2008-02-04,regular-season leader board as of 2008-02-04,single-source,wayback_bsnpr,https://web.archive.org/web/20080204101431id_/http://www.bsnpr.com:80/estadisticas/lideres.asp?grupo=BS26&serie=1&liga=1&anio=2007&vida=1,2026-09-08T03:51:02Z
2007,cortes_balon,per_game,4,"Padilla, Edgar",,30,59,,,,,2.0,True,Serie Regular,2008-02-04,regular-season leader board as of 2008-02-04,single-source,wayback_bsnpr,https://web.archive.org/web/20080204101431id_/http://www.bsnpr.com:80/estadisticas/lideres.asp?grupo=BS26&serie=1&liga=1&anio=2007&vida=1,2026-09-08T03:51:02Z
2007,cortes_balon,per_game,5,"Figueroa, Angel Luis","Capitanes, Arecibo",28,52,,,,,1.9,True,Serie Regular,2008-02-04,regular-season leader board as of 2008-02-04,single-source,wayback_bsnpr,https://web.archive.org/web/20080204101431id_/http://www.bsnpr.com:80/estadisticas/lideres.asp?grupo=BS26&serie=1&liga=1&anio=2007&vida=1,2026-09-08T03:51:02Z
2007,cortes_balon,per_game,6,"Carmona, Alejandro",,29,51,,,,,1.8,True,Serie Regular,2008-02-04,regular-season leader board as of 2008-02-04,single-source,wayback_bsnpr,https://web.archive.org/web/20080204101431id_/http://www.bsnpr.com:80/estadisticas/lideres.asp?grupo=BS26&serie=1&liga=1&anio=2007&vida=1,2026-09-08T03:51:02Z
2007,cortes_balon,per_game,7,"Lee, Carmelo An","Conquistadores, Guaynabo",29,51,,,,,1.8,True,Serie Regular,2008-02-04,regular-season leader board as of 2008-02-04,single-source,wayback_bsnpr,https://web.archive.org/web/20080204101431id_/http://www.bsnpr.com:80/estadisticas/lideres.asp?grupo=BS26&serie=1&liga=1&anio=2007&vida=1,2026-09-08T03:51:02Z
2007,cortes_balon,per_game,8,"Rodriguez, Erick","Brujos, Guayama",30,50,,,,,1.7,True,Serie Regular,2008-02-04,regular-season leader board as of 2008-02-04,single-source,wayback_bsnpr,https://web.archive.org/web/20080204101431id_/http://www.bsnpr.com:80/estadisticas/lideres.asp?grupo=BS26&serie=1&liga=1&anio=2007&vida=1,2026-09-08T03:51:02Z
2007,cortes_balon,per_game,9,"Guzman, Ansel M.","Grises, Humacao",28,49,,,,,1.8,True,Serie Regular,2008-02-04,regular-season leader board as of 2008-02-04,single-source,wayback_bsnpr,https://web.archive.org/web/20080204101431id_/http://www.bsnpr.com:80/estadisticas/lideres.asp?grupo=BS26&serie=1&liga=1&anio=2007&vida=1,2026-09-08T03:51:02Z
2007,cortes_balon,per_game,10,"Brown, Tyler","Gigantes, Carolina",30,47,,,,,1.6,True,Serie Regular,2008-02-04,regular-season leader board as of 2008-02-04,single-source,wayback_bsnpr,https://web.archive.org/web/20080204101431id_/http://www.bsnpr.com:80/estadisticas/lideres.asp?grupo=BS26&serie=1&liga=1&anio=2007&vida=1,2026-09-08T03:51:02Z
2007,rebotes,per_game,1,"Narvaez, Manuel Ant","Maratonistas, Coamo",29,404,,,243,161,13.9,True,Serie Regular,2008-02-04,regular-season leader board as of 2008-02-04,single-source,wayback_bsnpr,https://web.archive.org/web/20080204101431id_/http://www.bsnpr.com:80/estadisticas/lideres.asp?grupo=BS26&serie=1&liga=1&anio=2007&vida=1,2026-09-08T03:51:02Z
2007,rebotes,per_game,2,"Shannon, Terrence","Conquistadores, Guaynabo",30,359,,,226,133,12.0,True,Serie Regular,2008-02-04,regular-season leader board as of 2008-02-04,single-source,wayback_bsnpr,https://web.archive.org/web/20080204101431id_/http://www.bsnpr.com:80/estadisticas/lideres.asp?grupo=BS26&serie=1&liga=1&anio=2007&vida=1,2026-09-08T03:51:02Z
2007,rebotes,per_game,3,"Reyes, Angelo","Gigantes, Carolina",30,358,,,229,129,11.9,True,Serie Regular,2008-02-04,regular-season leader board as of 2008-02-04,single-source,wayback_bsnpr,https://web.archive.org/web/20080204101431id_/http://www.bsnpr.com:80/estadisticas/lideres.asp?grupo=BS26&serie=1&liga=1&anio=2007&vida=1,2026-09-08T03:51:02Z
2007,rebotes,per_game,4,"Ramos, Peter John","Criollos, Caguas",30,337,,,262,75,11.2,True,Serie Regular,2008-02-04,regular-season leader board as of 2008-02-04,single-source,wayback_bsnpr,https://web.archive.org/web/20080204101431id_/http://www.bsnpr.com:80/estadisticas/lideres.asp?grupo=BS26&serie=1&liga=1&anio=2007&vida=1,2026-09-08T03:51:02Z
2007,rebotes,per_game,5,"Aubry, Jeffrion","Leones, Ponce",27,285,,,169,116,10.6,True,Serie Regular,2008-02-04,regular-season leader board as of 2008-02-04,single-source,wayback_bsnpr,https://web.archive.org/web/20080204101431id_/http://www.bsnpr.com:80/estadisticas/lideres.asp?grupo=BS26&serie=1&liga=1&anio=2007&vida=1,2026-09-08T03:51:02Z
2007,rebotes,per_game,6,"Lazor, Robert",,29,244,,,196,48,8.4,True,Serie Regular,2008-02-04,regular-season leader board as of 2008-02-04,single-source,wayback_bsnpr,https://web.archive.org/web/20080204101431id_/http://www.bsnpr.com:80/estadisticas/lideres.asp?grupo=BS26&serie=1&liga=1&anio=2007&vida=1,2026-09-08T03:51:02Z
2007,rebotes,per_game,7,"Figueroa, Angel Luis","Capitanes, Arecibo",28,237,,,144,93,8.5,True,Serie Regular,2008-02-04,regular-season leader board as of 2008-02-04,single-source,wayback_bsnpr,https://web.archive.org/web/20080204101431id_/http://www.bsnpr.com:80/estadisticas/lideres.asp?grupo=BS26&serie=1&liga=1&anio=2007&vida=1,2026-09-08T03:51:02Z
2007,rebotes,per_game,8,"Rivas, Luis A.",,30,230,,,137,93,7.7,True,Serie Regular,2008-02-04,regular-season leader board as of 2008-02-04,single-source,wayback_bsnpr,https://web.archive.org/web/20080204101431id_/http://www.bsnpr.com:80/estadisticas/lideres.asp?grupo=BS26&serie=1&liga=1&anio=2007&vida=1,2026-09-08T03:51:02Z
2007,rebotes,per_game,9,"Falcon, Alexander","Cangrejeros, Santurce",30,229,,,170,59,7.6,True,Serie Regular,2008-02-04,regular-season leader board as of 2008-02-04,single-source,wayback_bsnpr,https://web.archive.org/web/20080204101431id_/http://www.bsnpr.com:80/estadisticas/lideres.asp?grupo=BS26&serie=1&liga=1&anio=2007&vida=1,2026-09-08T03:51:02Z
2007,rebotes,per_game,10,"Brannen, Robert","Criollos, Caguas",30,212,,,147,65,7.1,True,Serie Regular,2008-02-04,regular-season leader board as of 2008-02-04,single-source,wayback_bsnpr,https://web.archive.org/web/20080204101431id_/http://www.bsnpr.com:80/estadisticas/lideres.asp?grupo=BS26&serie=1&liga=1&anio=2007&vida=1,2026-09-08T03:51:02Z
2007,rebotes_ofensivos,per_game,1,"Narvaez, Manuel Ant","Maratonistas, Coamo",29,161,,,,,5.6,True,Serie Regular,2008-02-04,regular-season leader board as of 2008-02-04,single-source,wayback_bsnpr,https://web.archive.org/web/20080204101431id_/http://www.bsnpr.com:80/estadisticas/lideres.asp?grupo=BS26&serie=1&liga=1&anio=2007&vida=1,2026-09-08T03:51:02Z
2007,rebotes_ofensivos,per_game,2,"Shannon, Terrence","Conquistadores, Guaynabo",30,133,,,,,4.4,True,Serie Regular,2008-02-04,regular-season leader board as of 2008-02-04,single-source,wayback_bsnpr,https://web.archive.org/web/20080204101431id_/http://www.bsnpr.com:80/estadisticas/lideres.asp?grupo=BS26&serie=1&liga=1&anio=2007&vida=1,2026-09-08T03:51:02Z
2007,rebotes_ofensivos,per_game,3,"Reyes, Angelo","Gigantes, Carolina",30,129,,,,,4.3,True,Serie Regular,2008-02-04,regular-season leader board as of 2008-02-04,single-source,wayback_bsnpr,https://web.archive.org/web/20080204101431id_/http://www.bsnpr.com:80/estadisticas/lideres.asp?grupo=BS26&serie=1&liga=1&anio=2007&vida=1,2026-09-08T03:51:02Z
2007,rebotes_ofensivos,per_game,4,"Aubry, Jeffrion","Leones, Ponce",27,116,,,,,4.3,True,Serie Regular,2008-02-04,regular-season leader board as of 2008-02-04,single-source,wayback_bsnpr,https://web.archive.org/web/20080204101431id_/http://www.bsnpr.com:80/estadisticas/lideres.asp?grupo=BS26&serie=1&liga=1&anio=2007&vida=1,2026-09-08T03:51:02Z
2007,rebotes_ofensivos,per_game,5,"Agbai, Uka","Cariduros, Fajardo",30,95,,,,,3.2,True,Serie Regular,2008-02-04,regular-season leader board as of 2008-02-04,single-source,wayback_bsnpr,https://web.archive.org/web/20080204101431id_/http://www.bsnpr.com:80/estadisticas/lideres.asp?grupo=BS26&serie=1&liga=1&anio=2007&vida=1,2026-09-08T03:51:02Z
2007,rebotes_ofensivos,per_game,6,"Figueroa, Angel Luis","Capitanes, Arecibo",28,93,,,,,3.3,True,Serie Regular,2008-02-04,regular-season leader board as of 2008-02-04,single-source,wayback_bsnpr,https://web.archive.org/web/20080204101431id_/http://www.bsnpr.com:80/estadisticas/lideres.asp?grupo=BS26&serie=1&liga=1&anio=2007&vida=1,2026-09-08T03:51:02Z
2007,rebotes_ofensivos,per_game,7,"Rivas, Luis A.",,30,93,,,,,3.1,True,Serie Regular,2008-02-04,regular-season leader board as of 2008-02-04,single-source,wayback_bsnpr,https://web.archive.org/web/20080204101431id_/http://www.bsnpr.com:80/estadisticas/lideres.asp?grupo=BS26&serie=1&liga=1&anio=2007&vida=1,2026-09-08T03:51:02Z
2007,rebotes_ofensivos,per_game,8,"Rosario, Jose R.",,30,83,,,,,2.8,True,Serie Regular,2008-02-04,regular-season leader board as of 2008-02-04,single-source,wayback_bsnpr,https://web.archive.org/web/20080204101431id_/http://www.bsnpr.com:80/estadisticas/lideres.asp?grupo=BS26&serie=1&liga=1&anio=2007&vida=1,2026-09-08T03:51:02Z
2007,rebotes_ofensivos,per_game,9,"Jourdon, Keenan","Indios, Mayaguez",30,76,,,,,2.5,True,Serie Regular,2008-02-04,regular-season leader board as of 2008-02-04,single-source,wayback_bsnpr,https://web.archive.org/web/20080204101431id_/http://www.bsnpr.com:80/estadisticas/lideres.asp?grupo=BS26&serie=1&liga=1&anio=2007&vida=1,2026-09-08T03:51:02Z
2007,rebotes_ofensivos,per_game,10,"Ramos, Peter John","Criollos, Caguas",30,75,,,,,2.5,True,Serie Regular,2008-02-04,regular-season leader board as of 2008-02-04,single-source,wayback_bsnpr,https://web.archive.org/web/20080204101431id_/http://www.bsnpr.com:80/estadisticas/lideres.asp?grupo=BS26&serie=1&liga=1&anio=2007&vida=1,2026-09-08T03:51:02Z
2007,tiros_libres_anotados,per_game,1,"Figueroa, Angel Luis","Capitanes, Arecibo",28,192,,,,,6.9,True,Serie Regular,2008-02-04,regular-season leader board as of 2008-02-04,single-source,wayback_bsnpr,https://web.archive.org/web/20080204101431id_/http://www.bsnpr.com:80/estadisticas/lideres.asp?grupo=BS26&serie=1&liga=1&anio=2007&vida=1,2026-09-08T03:51:02Z
2007,tiros_libres_anotados,per_game,2,"Shannon, Terrence","Conquistadores, Guaynabo",30,173,,,,,5.8,True,Serie Regular,2008-02-04,regular-season leader board as of 2008-02-04,single-source,wayback_bsnpr,https://web.archive.org/web/20080204101431id_/http://www.bsnpr.com:80/estadisticas/lideres.asp?grupo=BS26&serie=1&liga=1&anio=2007&vida=1,2026-09-08T03:51:02Z
2007,tiros_libres_anotados,per_game,3,"Reyes, Angelo","Gigantes, Carolina",30,116,,,,,3.9,True,Serie Regular,2008-02-04,regular-season leader board as of 2008-02-04,single-source,wayback_bsnpr,https://web.archive.org/web/20080204101431id_/http://www.bsnpr.com:80/estadisticas/lideres.asp?grupo=BS26&serie=1&liga=1&anio=2007&vida=1,2026-09-08T03:51:02Z
2007,tiros_libres_anotados,per_game,4,"Jourdon, Keenan","Indios, Mayaguez",30,113,,,,,3.8,True,Serie Regular,2008-02-04,regular-season leader board as of 2008-02-04,single-source,wayback_bsnpr,https://web.archive.org/web/20080204101431id_/http://www.bsnpr.com:80/estadisticas/lideres.asp?grupo=BS26&serie=1&liga=1&anio=2007&vida=1,2026-09-08T03:51:02Z
2007,tiros_libres_anotados,per_game,5,"Hatton, Roberto Jose",,24,94,,,,,3.9,True,Serie Regular,2008-02-04,regular-season leader board as of 2008-02-04,single-source,wayback_bsnpr,https://web.archive.org/web/20080204101431id_/http://www.bsnpr.com:80/estadisticas/lideres.asp?grupo=BS26&serie=1&liga=1&anio=2007&vida=1,2026-09-08T03:51:02Z
2007,tiros_libres_anotados,per_game,6,"Carmona, Alejandro",,29,92,,,,,3.2,True,Serie Regular,2008-02-04,regular-season leader board as of 2008-02-04,single-source,wayback_bsnpr,https://web.archive.org/web/20080204101431id_/http://www.bsnpr.com:80/estadisticas/lideres.asp?grupo=BS26&serie=1&liga=1&anio=2007&vida=1,2026-09-08T03:51:02Z
2007,tiros_libres_anotados,per_game,7,"Ere, Ebi","Gigantes, Carolina",30,92,,,,,3.1,True,Serie Regular,2008-02-04,regular-season leader board as of 2008-02-04,single-source,wayback_bsnpr,https://web.archive.org/web/20080204101431id_/http://www.bsnpr.com:80/estadisticas/lideres.asp?grupo=BS26&serie=1&liga=1&anio=2007&vida=1,2026-09-08T03:51:02Z
2007,tiros_libres_anotados,per_game,8,"Guzman, Ansel M.","Grises, Humacao",28,92,,,,,3.3,True,Serie Regular,2008-02-04,regular-season leader board as of 2008-02-04,single-source,wayback_bsnpr,https://web.archive.org/web/20080204101431id_/http://www.bsnpr.com:80/estadisticas/lideres.asp?grupo=BS26&serie=1&liga=1&anio=2007&vida=1,2026-09-08T03:51:02Z
2007,tiros_libres_anotados,per_game,9,"Wilson, Monty",,30,89,,,,,3.0,True,Serie Regular,2008-02-04,regular-season leader board as of 2008-02-04,single-source,wayback_bsnpr,https://web.archive.org/web/20080204101431id_/http://www.bsnpr.com:80/estadisticas/lideres.asp?grupo=BS26&serie=1&liga=1&anio=2007&vida=1,2026-09-08T03:51:02Z
2007,tiros_libres_anotados,per_game,10,"Lee, Carmelo An","Conquistadores, Guaynabo",29,84,,,,,2.9,True,Serie Regular,2008-02-04,regular-season leader board as of 2008-02-04,single-source,wayback_bsnpr,https://web.archive.org/web/20080204101431id_/http://www.bsnpr.com:80/estadisticas/lideres.asp?grupo=BS26&serie=1&liga=1&anio=2007&vida=1,2026-09-08T03:51:02Z
2007,tiros_libres_pct,percentage,1,"Garcia, Jonathan","Criollos, Caguas",29,,8,8,,,100.0,True,Serie Regular,2008-02-04,regular-season leader board as of 2008-02-04,single-source,wayback_bsnpr,https://web.archive.org/web/20080204101431id_/http://www.bsnpr.com:80/estadisticas/lideres.asp?grupo=BS26&serie=1&liga=1&anio=2007&vida=1,2026-09-08T03:51:02Z
2007,tiros_libres_pct,percentage,2,"Ballinger, Adam",,15,,29,31,,,93.5,True,Serie Regular,2008-02-04,regular-season leader board as of 2008-02-04,single-source,wayback_bsnpr,https://web.archive.org/web/20080204101431id_/http://www.bsnpr.com:80/estadisticas/lideres.asp?grupo=BS26&serie=1&liga=1&anio=2007&vida=1,2026-09-08T03:51:02Z
2007,tiros_libres_pct,percentage,3,"Ayuso, Larry","Cangrejeros, Santurce",7,,59,65,,,90.8,True,Serie Regular,2008-02-04,regular-season leader board as of 2008-02-04,single-source,wayback_bsnpr,https://web.archive.org/web/20080204101431id_/http://www.bsnpr.com:80/estadisticas/lideres.asp?grupo=BS26&serie=1&liga=1&anio=2007&vida=1,2026-09-08T03:51:02Z
2007,tiros_libres_pct,percentage,4,"Pittsnogle, Kevin",,30,,49,54,,,90.7,True,Serie Regular,2008-02-04,regular-season leader board as of 2008-02-04,single-source,wayback_bsnpr,https://web.archive.org/web/20080204101431id_/http://www.bsnpr.com:80/estadisticas/lideres.asp?grupo=BS26&serie=1&liga=1&anio=2007&vida=1,2026-09-08T03:51:02Z
2007,tiros_libres_pct,percentage,5,"Melendez, Orlando",,9,,17,19,,,89.5,True,Serie Regular,2008-02-04,regular-season leader board as of 2008-02-04,single-source,wayback_bsnpr,https://web.archive.org/web/20080204101431id_/http://www.bsnpr.com:80/estadisticas/lideres.asp?grupo=BS26&serie=1&liga=1&anio=2007&vida=1,2026-09-08T03:51:02Z
2007,tiros_libres_pct,percentage,6,"Allred, Lance",,5,,8,9,,,88.9,True,Serie Regular,2008-02-04,regular-season leader board as of 2008-02-04,single-source,wayback_bsnpr,https://web.archive.org/web/20080204101431id_/http://www.bsnpr.com:80/estadisticas/lideres.asp?grupo=BS26&serie=1&liga=1&anio=2007&vida=1,2026-09-08T03:51:02Z
2007,tiros_libres_pct,percentage,7,"Andujar, Erlyn A.","Maratonistas, Coamo",5,,8,9,,,88.9,True,Serie Regular,2008-02-04,regular-season leader board as of 2008-02-04,single-source,wayback_bsnpr,https://web.archive.org/web/20080204101431id_/http://www.bsnpr.com:80/estadisticas/lideres.asp?grupo=BS26&serie=1&liga=1&anio=2007&vida=1,2026-09-08T03:51:02Z
2007,tiros_libres_pct,percentage,8,"Santiago, Edwin","Vaqueros, Bayamon",21,,7,8,,,87.5,True,Serie Regular,2008-02-04,regular-season leader board as of 2008-02-04,single-source,wayback_bsnpr,https://web.archive.org/web/20080204101431id_/http://www.bsnpr.com:80/estadisticas/lideres.asp?grupo=BS26&serie=1&liga=1&anio=2007&vida=1,2026-09-08T03:51:02Z
2007,tiros_libres_pct,percentage,9,"Rodriguez, Erick","Brujos, Guayama",30,,74,85,,,87.1,True,Serie Regular,2008-02-04,regular-season leader board as of 2008-02-04,single-source,wayback_bsnpr,https://web.archive.org/web/20080204101431id_/http://www.bsnpr.com:80/estadisticas/lideres.asp?grupo=BS26&serie=1&liga=1&anio=2007&vida=1,2026-09-08T03:51:02Z
2007,tiros_libres_pct,percentage,10,"Jones, Joel","Leones, Ponce",29,,58,67,,,86.6,True,Serie Regular,2008-02-04,regular-season leader board as of 2008-02-04,single-source,wayback_bsnpr,https://web.archive.org/web/20080204101431id_/http://www.bsnpr.com:80/estadisticas/lideres.asp?grupo=BS26&serie=1&liga=1&anio=2007&vida=1,2026-09-08T03:51:02Z
2007,turnovers,per_game,1,"Caro, Ismael",,30,103,,,,,3.4,True,Serie Regular,2008-02-04,regular-season leader board as of 2008-02-04,single-source,wayback_bsnpr,https://web.archive.org/web/20080204101431id_/http://www.bsnpr.com:80/estadisticas/lideres.asp?grupo=BS26&serie=1&liga=1&anio=2007&vida=1,2026-09-08T03:51:02Z
2007,turnovers,per_game,2,"Shannon, Terrence","Conquistadores, Guaynabo",30,93,,,,,3.1,True,Serie Regular,2008-02-04,regular-season leader board as of 2008-02-04,single-source,wayback_bsnpr,https://web.archive.org/web/20080204101431id_/http://www.bsnpr.com:80/estadisticas/lideres.asp?grupo=BS26&serie=1&liga=1&anio=2007&vida=1,2026-09-08T03:51:02Z
2007,turnovers,per_game,3,"Latimer, Antonio",,27,91,,,,,3.4,True,Serie Regular,2008-02-04,regular-season leader board as of 2008-02-04,single-source,wayback_bsnpr,https://web.archive.org/web/20080204101431id_/http://www.bsnpr.com:80/estadisticas/lideres.asp?grupo=BS26&serie=1&liga=1&anio=2007&vida=1,2026-09-08T03:51:02Z
2007,turnovers,per_game,4,"Hatton, Roberto Jose",,24,89,,,,,3.7,True,Serie Regular,2008-02-04,regular-season leader board as of 2008-02-04,single-source,wayback_bsnpr,https://web.archive.org/web/20080204101431id_/http://www.bsnpr.com:80/estadisticas/lideres.asp?grupo=BS26&serie=1&liga=1&anio=2007&vida=1,2026-09-08T03:51:02Z
2007,turnovers,per_game,5,"Figueroa, Angel Luis","Capitanes, Arecibo",28,83,,,,,3.0,True,Serie Regular,2008-02-04,regular-season leader board as of 2008-02-04,single-source,wayback_bsnpr,https://web.archive.org/web/20080204101431id_/http://www.bsnpr.com:80/estadisticas/lideres.asp?grupo=BS26&serie=1&liga=1&anio=2007&vida=1,2026-09-08T03:51:02Z
2007,turnovers,per_game,6,"Jourdon, Keenan","Indios, Mayaguez",30,83,,,,,2.8,True,Serie Regular,2008-02-04,regular-season leader board as of 2008-02-04,single-source,wayback_bsnpr,https://web.archive.org/web/20080204101431id_/http://www.bsnpr.com:80/estadisticas/lideres.asp?grupo=BS26&serie=1&liga=1&anio=2007&vida=1,2026-09-08T03:51:02Z
2007,turnovers,per_game,7,"Ramos, Peter John","Criollos, Caguas",30,81,,,,,2.7,True,Serie Regular,2008-02-04,regular-season leader board as of 2008-02-04,single-source,wayback_bsnpr,https://web.archive.org/web/20080204101431id_/http://www.bsnpr.com:80/estadisticas/lideres.asp?grupo=BS26&serie=1&liga=1&anio=2007&vida=1,2026-09-08T03:51:02Z
2007,turnovers,per_game,8,"Pagan, Wilfredo",,27,78,,,,,2.9,True,Serie Regular,2008-02-04,regular-season leader board as of 2008-02-04,single-source,wayback_bsnpr,https://web.archive.org/web/20080204101431id_/http://www.bsnpr.com:80/estadisticas/lideres.asp?grupo=BS26&serie=1&liga=1&anio=2007&vida=1,2026-09-08T03:51:02Z
2007,turnovers,per_game,9,"Guzman, Ansel M.","Grises, Humacao",28,68,,,,,2.4,True,Serie Regular,2008-02-04,regular-season leader board as of 2008-02-04,single-source,wayback_bsnpr,https://web.archive.org/web/20080204101431id_/http://www.bsnpr.com:80/estadisticas/lideres.asp?grupo=BS26&serie=1&liga=1&anio=2007&vida=1,2026-09-08T03:51:02Z
2007,turnovers,per_game,10,"Jones, Joel","Leones, Ponce",29,67,,,,,2.3,True,Serie Regular,2008-02-04,regular-season leader board as of 2008-02-04,single-source,wayback_bsnpr,https://web.archive.org/web/20080204101431id_/http://www.bsnpr.com:80/estadisticas/lideres.asp?grupo=BS26&serie=1&liga=1&anio=2007&vida=1,2026-09-08T03:51:02Z
2008,anotaciones,per_game,1,"Melendez, Ricardo",Criollos,32,709,,,,,22.2,False,Serie Regular,2008-05-13,regular-season leader board as of 2008-05-13; season in progress at capture — provisional,single-source,wayback_bsnpr,https://web.archive.org/web/20080513111436id_/http://www.bsnpr.com:80/estadisticas/lideres.asp?grupo=BS26&serie=1&liga=1&anio=2008&vida=1,2026-09-08T03:51:12Z
2008,anotaciones,per_game,2,"Figueroa, Angel Luis",Capitanes,31,669,,,,,21.6,False,Serie Regular,2008-05-13,regular-season leader board as of 2008-05-13; season in progress at capture — provisional,single-source,wayback_bsnpr,https://web.archive.org/web/20080513111436id_/http://www.bsnpr.com:80/estadisticas/lideres.asp?grupo=BS26&serie=1&liga=1&anio=2008&vida=1,2026-09-08T03:51:12Z
2008,anotaciones,per_game,3,"Carmona, Alejandro",Gigantes,32,651,,,,,20.3,False,Serie Regular,2008-05-13,regular-season leader board as of 2008-05-13; season in progress at capture — provisional,single-source,wayback_bsnpr,https://web.archive.org/web/20080513111436id_/http://www.bsnpr.com:80/estadisticas/lideres.asp?grupo=BS26&serie=1&liga=1&anio=2008&vida=1,2026-09-08T03:51:12Z
2008,anotaciones,per_game,4,"Ayuso, Larry",Cangrejeros,30,590,,,,,19.7,False,Serie Regular,2008-05-13,regular-season leader board as of 2008-05-13; season in progress at capture — provisional,single-source,wayback_bsnpr,https://web.archive.org/web/20080513111436id_/http://www.bsnpr.com:80/estadisticas/lideres.asp?grupo=BS26&serie=1&liga=1&anio=2008&vida=1,2026-09-08T03:51:12Z
2008,anotaciones,per_game,5,"Guzman, Ansel M.",Grises,31,587,,,,,18.9,False,Serie Regular,2008-05-13,regular-season leader board as of 2008-05-13; season in progress at capture — provisional,single-source,wayback_bsnpr,https://web.archive.org/web/20080513111436id_/http://www.bsnpr.com:80/estadisticas/lideres.asp?grupo=BS26&serie=1&liga=1&anio=2008&vida=1,2026-09-08T03:51:12Z
2008,anotaciones,per_game,6,"Ramos, Peter John",Criollos,32,563,,,,,17.6,False,Serie Regular,2008-05-13,regular-season leader board as of 2008-05-13; season in progress at capture — provisional,single-source,wayback_bsnpr,https://web.archive.org/web/20080513111436id_/http://www.bsnpr.com:80/estadisticas/lideres.asp?grupo=BS26&serie=1&liga=1&anio=2008&vida=1,2026-09-08T03:51:12Z
2008,anotaciones,per_game,7,"White, Rodney",,28,543,,,,,19.4,False,Serie Regular,2008-05-13,regular-season leader board as of 2008-05-13; season in progress at capture — provisional,single-source,wayback_bsnpr,https://web.archive.org/web/20080513111436id_/http://www.bsnpr.com:80/estadisticas/lideres.asp?grupo=BS26&serie=1&liga=1&anio=2008&vida=1,2026-09-08T03:51:12Z
2008,anotaciones,per_game,8,"Freije, Matt",Leones,30,532,,,,,17.7,False,Serie Regular,2008-05-13,regular-season leader board as of 2008-05-13; season in progress at capture — provisional,single-source,wayback_bsnpr,https://web.archive.org/web/20080513111436id_/http://www.bsnpr.com:80/estadisticas/lideres.asp?grupo=BS26&serie=1&liga=1&anio=2008&vida=1,2026-09-08T03:51:12Z
2008,anotaciones,per_game,9,"Escalera, Carlos",Conquistadores,28,526,,,,,18.8,False,Serie Regular,2008-05-13,regular-season leader board as of 2008-05-13; season in progress at capture — provisional,single-source,wayback_bsnpr,https://web.archive.org/web/20080513111436id_/http://www.bsnpr.com:80/estadisticas/lideres.asp?grupo=BS26&serie=1&liga=1&anio=2008&vida=1,2026-09-08T03:51:12Z
2008,anotaciones,per_game,10,"Ere, Ebi",Gigantes,29,525,,,,,18.1,False,Serie Regular,2008-05-13,regular-season leader board as of 2008-05-13; season in progress at capture — provisional,single-source,wayback_bsnpr,https://web.archive.org/web/20080513111436id_/http://www.bsnpr.com:80/estadisticas/lideres.asp?grupo=BS26&serie=1&liga=1&anio=2008&vida=1,2026-09-08T03:51:12Z
2008,asistencias,per_game,1,"Guzman, Ansel M.",Grises,31,204,,,,,6.6,False,Serie Regular,2008-05-13,regular-season leader board as of 2008-05-13; season in progress at capture — provisional,single-source,wayback_bsnpr,https://web.archive.org/web/20080513111436id_/http://www.bsnpr.com:80/estadisticas/lideres.asp?grupo=BS26&serie=1&liga=1&anio=2008&vida=1,2026-09-08T03:51:12Z
2008,asistencias,per_game,2,"Rivera, Filiberto",Gigantes,32,200,,,,,6.2,False,Serie Regular,2008-05-13,regular-season leader board as of 2008-05-13; season in progress at capture — provisional,single-source,wayback_bsnpr,https://web.archive.org/web/20080513111436id_/http://www.bsnpr.com:80/estadisticas/lideres.asp?grupo=BS26&serie=1&liga=1&anio=2008&vida=1,2026-09-08T03:51:12Z
2008,asistencias,per_game,3,"Pagan, Wilfredo",Leones,29,161,,,,,5.6,False,Serie Regular,2008-05-13,regular-season leader board as of 2008-05-13; season in progress at capture — provisional,single-source,wayback_bsnpr,https://web.archive.org/web/20080513111436id_/http://www.bsnpr.com:80/estadisticas/lideres.asp?grupo=BS26&serie=1&liga=1&anio=2008&vida=1,2026-09-08T03:51:12Z
2008,asistencias,per_game,4,"Hatton, Roberto Jo",Capitanes,31,153,,,,,4.9,False,Serie Regular,2008-05-13,regular-season leader board as of 2008-05-13; season in progress at capture — provisional,single-source,wayback_bsnpr,https://web.archive.org/web/20080513111436id_/http://www.bsnpr.com:80/estadisticas/lideres.asp?grupo=BS26&serie=1&liga=1&anio=2008&vida=1,2026-09-08T03:51:12Z
2008,asistencias,per_game,5,"Alvarado, Omar J.",Atleticos,32,145,,,,,4.5,False,Serie Regular,2008-05-13,regular-season leader board as of 2008-05-13; season in progress at capture — provisional,single-source,wayback_bsnpr,https://web.archive.org/web/20080513111436id_/http://www.bsnpr.com:80/estadisticas/lideres.asp?grupo=BS26&serie=1&liga=1&anio=2008&vida=1,2026-09-08T03:51:12Z
2008,asistencias,per_game,6,"Jimenez, Giovanni",Indios,32,134,,,,,4.2,False,Serie Regular,2008-05-13,regular-season leader board as of 2008-05-13; season in progress at capture — provisional,single-source,wayback_bsnpr,https://web.archive.org/web/20080513111436id_/http://www.bsnpr.com:80/estadisticas/lideres.asp?grupo=BS26&serie=1&liga=1&anio=2008&vida=1,2026-09-08T03:51:12Z
2008,asistencias,per_game,7,"Sheppard, Kevin Alph",Conquistadores,31,118,,,,,3.8,False,Serie Regular,2008-05-13,regular-season leader board as of 2008-05-13; season in progress at capture — provisional,single-source,wayback_bsnpr,https://web.archive.org/web/20080513111436id_/http://www.bsnpr.com:80/estadisticas/lideres.asp?grupo=BS26&serie=1&liga=1&anio=2008&vida=1,2026-09-08T03:51:12Z
2008,asistencias,per_game,8,"Caro, Ismael",Atleticos,29,114,,,,,3.9,False,Serie Regular,2008-05-13,regular-season leader board as of 2008-05-13; season in progress at capture — provisional,single-source,wayback_bsnpr,https://web.archive.org/web/20080513111436id_/http://www.bsnpr.com:80/estadisticas/lideres.asp?grupo=BS26&serie=1&liga=1&anio=2008&vida=1,2026-09-08T03:51:12Z
2008,asistencias,per_game,9,"Guevara, Diego",Vaqueros,22,109,,,,,5.0,False,Serie Regular,2008-05-13,regular-season leader board as of 2008-05-13; season in progress at capture — provisional,single-source,wayback_bsnpr,https://web.archive.org/web/20080513111436id_/http://www.bsnpr.com:80/estadisticas/lideres.asp?grupo=BS26&serie=1&liga=1&anio=2008&vida=1,2026-09-08T03:51:12Z
2008,asistencias,per_game,10,"Cruz, Rafael",Capitanes,30,103,,,,,3.4,False,Serie Regular,2008-05-13,regular-season leader board as of 2008-05-13; season in progress at capture — provisional,single-source,wayback_bsnpr,https://web.archive.org/web/20080513111436id_/http://www.bsnpr.com:80/estadisticas/lideres.asp?grupo=BS26&serie=1&liga=1&anio=2008&vida=1,2026-09-08T03:51:12Z
2008,bloqueos,per_game,1,"Ramos, Peter John",Criollos,32,77,,,,,2.4,False,Serie Regular,2008-05-13,regular-season leader board as of 2008-05-13; season in progress at capture — provisional,single-source,wayback_bsnpr,https://web.archive.org/web/20080513111436id_/http://www.bsnpr.com:80/estadisticas/lideres.asp?grupo=BS26&serie=1&liga=1&anio=2008&vida=1,2026-09-08T03:51:12Z
2008,bloqueos,per_game,2,"Traylor, Robert",Cangrejeros,32,75,,,,,2.3,False,Serie Regular,2008-05-13,regular-season leader board as of 2008-05-13; season in progress at capture — provisional,single-source,wayback_bsnpr,https://web.archive.org/web/20080513111436id_/http://www.bsnpr.com:80/estadisticas/lideres.asp?grupo=BS26&serie=1&liga=1&anio=2008&vida=1,2026-09-08T03:51:12Z
2008,bloqueos,per_game,3,"Benson, Lee",Vaqueros,29,52,,,,,1.8,False,Serie Regular,2008-05-13,regular-season leader board as of 2008-05-13; season in progress at capture — provisional,single-source,wayback_bsnpr,https://web.archive.org/web/20080513111436id_/http://www.bsnpr.com:80/estadisticas/lideres.asp?grupo=BS26&serie=1&liga=1&anio=2008&vida=1,2026-09-08T03:51:12Z
2008,bloqueos,per_game,4,"Aubry, Jeffrion",Leones,32,50,,,,,1.6,False,Serie Regular,2008-05-13,regular-season leader board as of 2008-05-13; season in progress at capture — provisional,single-source,wayback_bsnpr,https://web.archive.org/web/20080513111436id_/http://www.bsnpr.com:80/estadisticas/lideres.asp?grupo=BS26&serie=1&liga=1&anio=2008&vida=1,2026-09-08T03:51:12Z
2008,bloqueos,per_game,5,"Lugo, Richard",Atleticos,18,49,,,,,2.7,False,Serie Regular,2008-05-13,regular-season leader board as of 2008-05-13; season in progress at capture — provisional,single-source,wayback_bsnpr,https://web.archive.org/web/20080513111436id_/http://www.bsnpr.com:80/estadisticas/lideres.asp?grupo=BS26&serie=1&liga=1&anio=2008&vida=1,2026-09-08T03:51:12Z
2008,bloqueos,per_game,6,"Dyer, Alphonse",Atleticos,32,46,,,,,1.4,False,Serie Regular,2008-05-13,regular-season leader board as of 2008-05-13; season in progress at capture — provisional,single-source,wayback_bsnpr,https://web.archive.org/web/20080513111436id_/http://www.bsnpr.com:80/estadisticas/lideres.asp?grupo=BS26&serie=1&liga=1&anio=2008&vida=1,2026-09-08T03:51:12Z
2008,bloqueos,per_game,7,"Lee, Carmelo An",Conquistadores,21,44,,,,,2.1,False,Serie Regular,2008-05-13,regular-season leader board as of 2008-05-13; season in progress at capture — provisional,single-source,wayback_bsnpr,https://web.archive.org/web/20080513111436id_/http://www.bsnpr.com:80/estadisticas/lideres.asp?grupo=BS26&serie=1&liga=1&anio=2008&vida=1,2026-09-08T03:51:12Z
2008,bloqueos,per_game,8,"Freije, Matt",Leones,30,38,,,,,1.3,False,Serie Regular,2008-05-13,regular-season leader board as of 2008-05-13; season in progress at capture — provisional,single-source,wayback_bsnpr,https://web.archive.org/web/20080513111436id_/http://www.bsnpr.com:80/estadisticas/lideres.asp?grupo=BS26&serie=1&liga=1&anio=2008&vida=1,2026-09-08T03:51:12Z
2008,bloqueos,per_game,9,"De Jesus, Manuel",Atleticos,30,37,,,,,1.2,False,Serie Regular,2008-05-13,regular-season leader board as of 2008-05-13; season in progress at capture — provisional,single-source,wayback_bsnpr,https://web.archive.org/web/20080513111436id_/http://www.bsnpr.com:80/estadisticas/lideres.asp?grupo=BS26&serie=1&liga=1&anio=2008&vida=1,2026-09-08T03:51:12Z
2008,bloqueos,per_game,10,"Sanchez, Ricky",Grises,28,34,,,,,1.2,False,Serie Regular,2008-05-13,regular-season leader board as of 2008-05-13; season in progress at capture — provisional,single-source,wayback_bsnpr,https://web.archive.org/web/20080513111436id_/http://www.bsnpr.com:80/estadisticas/lideres.asp?grupo=BS26&serie=1&liga=1&anio=2008&vida=1,2026-09-08T03:51:12Z
2008,canastos_3,per_game,1,"Ayuso, Larry",Cangrejeros,30,96,,,,,3.2,False,Serie Regular,2008-05-13,regular-season leader board as of 2008-05-13; season in progress at capture — provisional,single-source,wayback_bsnpr,https://web.archive.org/web/20080513111436id_/http://www.bsnpr.com:80/estadisticas/lideres.asp?grupo=BS26&serie=1&liga=1&anio=2008&vida=1,2026-09-08T03:51:12Z
2008,canastos_3,per_game,2,"Melendez, Ricardo",Criollos,32,73,,,,,2.3,False,Serie Regular,2008-05-13,regular-season leader board as of 2008-05-13; season in progress at capture — provisional,single-source,wayback_bsnpr,https://web.archive.org/web/20080513111436id_/http://www.bsnpr.com:80/estadisticas/lideres.asp?grupo=BS26&serie=1&liga=1&anio=2008&vida=1,2026-09-08T03:51:12Z
2008,canastos_3,per_game,3,"Mojica, Javier",Cariduros,30,71,,,,,2.4,False,Serie Regular,2008-05-13,regular-season leader board as of 2008-05-13; season in progress at capture — provisional,single-source,wayback_bsnpr,https://web.archive.org/web/20080513111436id_/http://www.bsnpr.com:80/estadisticas/lideres.asp?grupo=BS26&serie=1&liga=1&anio=2008&vida=1,2026-09-08T03:51:12Z
2008,canastos_3,per_game,4,"Lazor, Robert",,27,68,,,,,2.5,False,Serie Regular,2008-05-13,regular-season leader board as of 2008-05-13; season in progress at capture — provisional,single-source,wayback_bsnpr,https://web.archive.org/web/20080513111436id_/http://www.bsnpr.com:80/estadisticas/lideres.asp?grupo=BS26&serie=1&liga=1&anio=2008&vida=1,2026-09-08T03:51:12Z
2008,canastos_3,per_game,5,"Alvarado, Omar J.",Atleticos,32,64,,,,,2.0,False,Serie Regular,2008-05-13,regular-season leader board as of 2008-05-13; season in progress at capture — provisional,single-source,wayback_bsnpr,https://web.archive.org/web/20080513111436id_/http://www.bsnpr.com:80/estadisticas/lideres.asp?grupo=BS26&serie=1&liga=1&anio=2008&vida=1,2026-09-08T03:51:12Z
2008,canastos_3,per_game,6,"Freije, Matt",Leones,30,62,,,,,2.1,False,Serie Regular,2008-05-13,regular-season leader board as of 2008-05-13; season in progress at capture — provisional,single-source,wayback_bsnpr,https://web.archive.org/web/20080513111436id_/http://www.bsnpr.com:80/estadisticas/lideres.asp?grupo=BS26&serie=1&liga=1&anio=2008&vida=1,2026-09-08T03:51:12Z
2008,canastos_3,per_game,7,"Ere, Ebi",Gigantes,29,62,,,,,2.1,False,Serie Regular,2008-05-13,regular-season leader board as of 2008-05-13; season in progress at capture — provisional,single-source,wayback_bsnpr,https://web.archive.org/web/20080513111436id_/http://www.bsnpr.com:80/estadisticas/lideres.asp?grupo=BS26&serie=1&liga=1&anio=2008&vida=1,2026-09-08T03:51:12Z
2008,canastos_3,per_game,8,"Guevara, Diego",Vaqueros,22,56,,,,,2.5,False,Serie Regular,2008-05-13,regular-season leader board as of 2008-05-13; season in progress at capture — provisional,single-source,wayback_bsnpr,https://web.archive.org/web/20080513111436id_/http://www.bsnpr.com:80/estadisticas/lideres.asp?grupo=BS26&serie=1&liga=1&anio=2008&vida=1,2026-09-08T03:51:12Z
2008,canastos_3,per_game,9,"Sanchez, Ricky",Grises,28,55,,,,,2.0,False,Serie Regular,2008-05-13,regular-season leader board as of 2008-05-13; season in progress at capture — provisional,single-source,wayback_bsnpr,https://web.archive.org/web/20080513111436id_/http://www.bsnpr.com:80/estadisticas/lideres.asp?grupo=BS26&serie=1&liga=1&anio=2008&vida=1,2026-09-08T03:51:12Z
2008,canastos_3,per_game,10,"Lee, Carmelo An",Conquistadores,21,53,,,,,2.5,False,Serie Regular,2008-05-13,regular-season leader board as of 2008-05-13; season in progress at capture — provisional,single-source,wayback_bsnpr,https://web.archive.org/web/20080513111436id_/http://www.bsnpr.com:80/estadisticas/lideres.asp?grupo=BS26&serie=1&liga=1&anio=2008&vida=1,2026-09-08T03:51:12Z
2008,canastos_3_pct,percentage,1,"Avila, Victor Man",Atleticos,19,,23,43,,,53.5,False,Serie Regular,2008-05-13,regular-season leader board as of 2008-05-13; season in progress at capture — provisional,single-source,wayback_bsnpr,https://web.archive.org/web/20080513111436id_/http://www.bsnpr.com:80/estadisticas/lideres.asp?grupo=BS26&serie=1&liga=1&anio=2008&vida=1,2026-09-08T03:51:12Z
2008,canastos_3_pct,percentage,2,"Delk, Tony",,3,,8,15,,,53.3,False,Serie Regular,2008-05-13,regular-season leader board as of 2008-05-13; season in progress at capture — provisional,single-source,wayback_bsnpr,https://web.archive.org/web/20080513111436id_/http://www.bsnpr.com:80/estadisticas/lideres.asp?grupo=BS26&serie=1&liga=1&anio=2008&vida=1,2026-09-08T03:51:12Z
2008,canastos_3_pct,percentage,3,"Slay, Ronald",Grises,2,,11,21,,,52.4,False,Serie Regular,2008-05-13,regular-season leader board as of 2008-05-13; season in progress at capture — provisional,single-source,wayback_bsnpr,https://web.archive.org/web/20080513111436id_/http://www.bsnpr.com:80/estadisticas/lideres.asp?grupo=BS26&serie=1&liga=1&anio=2008&vida=1,2026-09-08T03:51:12Z
2008,canastos_3_pct,percentage,4,"Santiago, Eddin",Cangrejeros,28,,45,86,,,52.3,False,Serie Regular,2008-05-13,regular-season leader board as of 2008-05-13; season in progress at capture — provisional,single-source,wayback_bsnpr,https://web.archive.org/web/20080513111436id_/http://www.bsnpr.com:80/estadisticas/lideres.asp?grupo=BS26&serie=1&liga=1&anio=2008&vida=1,2026-09-08T03:51:12Z
2008,canastos_3_pct,percentage,5,"Krauser, Carl",Indios,6,,6,13,,,46.2,False,Serie Regular,2008-05-13,regular-season leader board as of 2008-05-13; season in progress at capture — provisional,single-source,wayback_bsnpr,https://web.archive.org/web/20080513111436id_/http://www.bsnpr.com:80/estadisticas/lideres.asp?grupo=BS26&serie=1&liga=1&anio=2008&vida=1,2026-09-08T03:51:12Z
2008,canastos_3_pct,percentage,6,"Wilson, Monty",,21,,51,11,,,45.9,False,Serie Regular,2008-05-13,regular-season leader board as of 2008-05-13; season in progress at capture — provisional,single-source,wayback_bsnpr,https://web.archive.org/web/20080513111436id_/http://www.bsnpr.com:80/estadisticas/lideres.asp?grupo=BS26&serie=1&liga=1&anio=2008&vida=1,2026-09-08T03:51:12Z
2008,canastos_3_pct,percentage,7,"Konecny, Mark",Criollos,22,,14,31,,,45.2,False,Serie Regular,2008-05-13,regular-season leader board as of 2008-05-13; season in progress at capture — provisional,single-source,wayback_bsnpr,https://web.archive.org/web/20080513111436id_/http://www.bsnpr.com:80/estadisticas/lideres.asp?grupo=BS26&serie=1&liga=1&anio=2008&vida=1,2026-09-08T03:51:12Z
2008,canastos_3_pct,percentage,8,"Victor, Isaiah",Grises,11,,18,40,,,45.0,False,Serie Regular,2008-05-13,regular-season leader board as of 2008-05-13; season in progress at capture — provisional,single-source,wayback_bsnpr,https://web.archive.org/web/20080513111436id_/http://www.bsnpr.com:80/estadisticas/lideres.asp?grupo=BS26&serie=1&liga=1&anio=2008&vida=1,2026-09-08T03:51:12Z
2008,canastos_3_pct,percentage,9,"Alamo, Angel",Criollos,26,,17,38,,,44.7,False,Serie Regular,2008-05-13,regular-season leader board as of 2008-05-13; season in progress at capture — provisional,single-source,wayback_bsnpr,https://web.archive.org/web/20080513111436id_/http://www.bsnpr.com:80/estadisticas/lideres.asp?grupo=BS26&serie=1&liga=1&anio=2008&vida=1,2026-09-08T03:51:12Z
2008,canastos_3_pct,percentage,10,"Cruz, Rafael",Capitanes,30,,19,44,,,43.2,False,Serie Regular,2008-05-13,regular-season leader board as of 2008-05-13; season in progress at capture — provisional,single-source,wayback_bsnpr,https://web.archive.org/web/20080513111436id_/http://www.bsnpr.com:80/estadisticas/lideres.asp?grupo=BS26&serie=1&liga=1&anio=2008&vida=1,2026-09-08T03:51:12Z
2008,cortes_balon,per_game,1,"Figueroa, Angel Luis",Capitanes,31,64,,,,,2.1,False,Serie Regular,2008-05-13,regular-season leader board as of 2008-05-13; season in progress at capture — provisional,single-source,wayback_bsnpr,https://web.archive.org/web/20080513111436id_/http://www.bsnpr.com:80/estadisticas/lideres.asp?grupo=BS26&serie=1&liga=1&anio=2008&vida=1,2026-09-08T03:51:12Z
2008,cortes_balon,per_game,2,"Padilla, Edgar",Leones,29,57,,,,,2.0,False,Serie Regular,2008-05-13,regular-season leader board as of 2008-05-13; season in progress at capture — provisional,single-source,wayback_bsnpr,https://web.archive.org/web/20080513111436id_/http://www.bsnpr.com:80/estadisticas/lideres.asp?grupo=BS26&serie=1&liga=1&anio=2008&vida=1,2026-09-08T03:51:12Z
2008,cortes_balon,per_game,3,"Guzman, Ansel M.",Grises,31,52,,,,,1.7,False,Serie Regular,2008-05-13,regular-season leader board as of 2008-05-13; season in progress at capture — provisional,single-source,wayback_bsnpr,https://web.archive.org/web/20080513111436id_/http://www.bsnpr.com:80/estadisticas/lideres.asp?grupo=BS26&serie=1&liga=1&anio=2008&vida=1,2026-09-08T03:51:12Z
2008,cortes_balon,per_game,4,"Jimenez, Giovanni",Indios,32,49,,,,,1.5,False,Serie Regular,2008-05-13,regular-season leader board as of 2008-05-13; season in progress at capture — provisional,single-source,wayback_bsnpr,https://web.archive.org/web/20080513111436id_/http://www.bsnpr.com:80/estadisticas/lideres.asp?grupo=BS26&serie=1&liga=1&anio=2008&vida=1,2026-09-08T03:51:12Z
2008,cortes_balon,per_game,5,"Sheppard, Kevin Alph",Conquistadores,31,45,,,,,1.5,False,Serie Regular,2008-05-13,regular-season leader board as of 2008-05-13; season in progress at capture — provisional,single-source,wayback_bsnpr,https://web.archive.org/web/20080513111436id_/http://www.bsnpr.com:80/estadisticas/lideres.asp?grupo=BS26&serie=1&liga=1&anio=2008&vida=1,2026-09-08T03:51:12Z
2008,cortes_balon,per_game,6,"Santiago, Eddin",Cangrejeros,28,43,,,,,1.5,False,Serie Regular,2008-05-13,regular-season leader board as of 2008-05-13; season in progress at capture — provisional,single-source,wayback_bsnpr,https://web.archive.org/web/20080513111436id_/http://www.bsnpr.com:80/estadisticas/lideres.asp?grupo=BS26&serie=1&liga=1&anio=2008&vida=1,2026-09-08T03:51:12Z
2008,cortes_balon,per_game,7,"Bryant, Marlyn",Criollos,32,41,,,,,1.3,False,Serie Regular,2008-05-13,regular-season leader board as of 2008-05-13; season in progress at capture — provisional,single-source,wayback_bsnpr,https://web.archive.org/web/20080513111436id_/http://www.bsnpr.com:80/estadisticas/lideres.asp?grupo=BS26&serie=1&liga=1&anio=2008&vida=1,2026-09-08T03:51:12Z
2008,cortes_balon,per_game,8,"Mojica, Javier",Cariduros,30,41,,,,,1.4,False,Serie Regular,2008-05-13,regular-season leader board as of 2008-05-13; season in progress at capture — provisional,single-source,wayback_bsnpr,https://web.archive.org/web/20080513111436id_/http://www.bsnpr.com:80/estadisticas/lideres.asp?grupo=BS26&serie=1&liga=1&anio=2008&vida=1,2026-09-08T03:51:12Z
2008,cortes_balon,per_game,9,"Rivera, Carlos Rub",Capitanes,31,37,,,,,1.2,False,Serie Regular,2008-05-13,regular-season leader board as of 2008-05-13; season in progress at capture — provisional,single-source,wayback_bsnpr,https://web.archive.org/web/20080513111436id_/http://www.bsnpr.com:80/estadisticas/lideres.asp?grupo=BS26&serie=1&liga=1&anio=2008&vida=1,2026-09-08T03:51:12Z
2008,cortes_balon,per_game,10,"Cruz, Rafael",Capitanes,30,37,,,,,1.2,False,Serie Regular,2008-05-13,regular-season leader board as of 2008-05-13; season in progress at capture — provisional,single-source,wayback_bsnpr,https://web.archive.org/web/20080513111436id_/http://www.bsnpr.com:80/estadisticas/lideres.asp?grupo=BS26&serie=1&liga=1&anio=2008&vida=1,2026-09-08T03:51:12Z
2008,rebotes,per_game,1,"Benson, Lee",Vaqueros,29,411,,,272,139,14.2,False,Serie Regular,2008-05-13,regular-season leader board as of 2008-05-13; season in progress at capture — provisional,single-source,wayback_bsnpr,https://web.archive.org/web/20080513111436id_/http://www.bsnpr.com:80/estadisticas/lideres.asp?grupo=BS26&serie=1&liga=1&anio=2008&vida=1,2026-09-08T03:51:12Z
2008,rebotes,per_game,2,"Ramos, Peter John",Criollos,32,315,,,240,75,9.8,False,Serie Regular,2008-05-13,regular-season leader board as of 2008-05-13; season in progress at capture — provisional,single-source,wayback_bsnpr,https://web.archive.org/web/20080513111436id_/http://www.bsnpr.com:80/estadisticas/lideres.asp?grupo=BS26&serie=1&liga=1&anio=2008&vida=1,2026-09-08T03:51:12Z
2008,rebotes,per_game,3,"Beard, Tanoka",Cariduros,27,296,,,173,123,11.0,False,Serie Regular,2008-05-13,regular-season leader board as of 2008-05-13; season in progress at capture — provisional,single-source,wayback_bsnpr,https://web.archive.org/web/20080513111436id_/http://www.bsnpr.com:80/estadisticas/lideres.asp?grupo=BS26&serie=1&liga=1&anio=2008&vida=1,2026-09-08T03:51:12Z
2008,rebotes,per_game,4,"Aubry, Jeffrion",Leones,32,292,,,183,109,9.1,False,Serie Regular,2008-05-13,regular-season leader board as of 2008-05-13; season in progress at capture — provisional,single-source,wayback_bsnpr,https://web.archive.org/web/20080513111436id_/http://www.bsnpr.com:80/estadisticas/lideres.asp?grupo=BS26&serie=1&liga=1&anio=2008&vida=1,2026-09-08T03:51:12Z
2008,rebotes,per_game,5,"Figueroa, Angel Luis",Capitanes,31,273,,,180,93,8.8,False,Serie Regular,2008-05-13,regular-season leader board as of 2008-05-13; season in progress at capture — provisional,single-source,wayback_bsnpr,https://web.archive.org/web/20080513111436id_/http://www.bsnpr.com:80/estadisticas/lideres.asp?grupo=BS26&serie=1&liga=1&anio=2008&vida=1,2026-09-08T03:51:12Z
2008,rebotes,per_game,6,"Reyes, Angelo",Gigantes,31,269,,,171,98,8.7,False,Serie Regular,2008-05-13,regular-season leader board as of 2008-05-13; season in progress at capture — provisional,single-source,wayback_bsnpr,https://web.archive.org/web/20080513111436id_/http://www.bsnpr.com:80/estadisticas/lideres.asp?grupo=BS26&serie=1&liga=1&anio=2008&vida=1,2026-09-08T03:51:12Z
2008,rebotes,per_game,7,"Traylor, Robert",Cangrejeros,32,251,,,181,70,7.8,False,Serie Regular,2008-05-13,regular-season leader board as of 2008-05-13; season in progress at capture — provisional,single-source,wayback_bsnpr,https://web.archive.org/web/20080513111436id_/http://www.bsnpr.com:80/estadisticas/lideres.asp?grupo=BS26&serie=1&liga=1&anio=2008&vida=1,2026-09-08T03:51:12Z
2008,rebotes,per_game,8,"Martinez, Jack Micha",Conquistadores,20,246,,,146,100,12.3,False,Serie Regular,2008-05-13,regular-season leader board as of 2008-05-13; season in progress at capture — provisional,single-source,wayback_bsnpr,https://web.archive.org/web/20080513111436id_/http://www.bsnpr.com:80/estadisticas/lideres.asp?grupo=BS26&serie=1&liga=1&anio=2008&vida=1,2026-09-08T03:51:12Z
2008,rebotes,per_game,9,"Langhi, Dan",,28,242,,,189,53,8.6,False,Serie Regular,2008-05-13,regular-season leader board as of 2008-05-13; season in progress at capture — provisional,single-source,wayback_bsnpr,https://web.archive.org/web/20080513111436id_/http://www.bsnpr.com:80/estadisticas/lideres.asp?grupo=BS26&serie=1&liga=1&anio=2008&vida=1,2026-09-08T03:51:12Z
2008,rebotes,per_game,10,"Rivas, Luis A.",Cangrejeros,32,236,,,143,93,7.4,False,Serie Regular,2008-05-13,regular-season leader board as of 2008-05-13; season in progress at capture — provisional,single-source,wayback_bsnpr,https://web.archive.org/web/20080513111436id_/http://www.bsnpr.com:80/estadisticas/lideres.asp?grupo=BS26&serie=1&liga=1&anio=2008&vida=1,2026-09-08T03:51:12Z
2008,rebotes_ofensivos,per_game,1,"Benson, Lee",Vaqueros,29,139,,,,,4.8,False,Serie Regular,2008-05-13,regular-season leader board as of 2008-05-13; season in progress at capture — provisional,single-source,wayback_bsnpr,https://web.archive.org/web/20080513111436id_/http://www.bsnpr.com:80/estadisticas/lideres.asp?grupo=BS26&serie=1&liga=1&anio=2008&vida=1,2026-09-08T03:51:12Z
2008,rebotes_ofensivos,per_game,2,"Beard, Tanoka",Cariduros,27,123,,,,,4.6,False,Serie Regular,2008-05-13,regular-season leader board as of 2008-05-13; season in progress at capture — provisional,single-source,wayback_bsnpr,https://web.archive.org/web/20080513111436id_/http://www.bsnpr.com:80/estadisticas/lideres.asp?grupo=BS26&serie=1&liga=1&anio=2008&vida=1,2026-09-08T03:51:12Z
2008,rebotes_ofensivos,per_game,3,"Aubry, Jeffrion",Leones,32,109,,,,,3.4,False,Serie Regular,2008-05-13,regular-season leader board as of 2008-05-13; season in progress at capture — provisional,single-source,wayback_bsnpr,https://web.archive.org/web/20080513111436id_/http://www.bsnpr.com:80/estadisticas/lideres.asp?grupo=BS26&serie=1&liga=1&anio=2008&vida=1,2026-09-08T03:51:12Z
2008,rebotes_ofensivos,per_game,4,"Martinez, Jack Micha",Conquistadores,20,100,,,,,5.0,False,Serie Regular,2008-05-13,regular-season leader board as of 2008-05-13; season in progress at capture — provisional,single-source,wayback_bsnpr,https://web.archive.org/web/20080513111436id_/http://www.bsnpr.com:80/estadisticas/lideres.asp?grupo=BS26&serie=1&liga=1&anio=2008&vida=1,2026-09-08T03:51:12Z
2008,rebotes_ofensivos,per_game,5,"Reyes, Angelo",Gigantes,31,98,,,,,3.2,False,Serie Regular,2008-05-13,regular-season leader board as of 2008-05-13; season in progress at capture — provisional,single-source,wayback_bsnpr,https://web.archive.org/web/20080513111436id_/http://www.bsnpr.com:80/estadisticas/lideres.asp?grupo=BS26&serie=1&liga=1&anio=2008&vida=1,2026-09-08T03:51:12Z
2008,rebotes_ofensivos,per_game,6,"Rivas, Luis A.",Cangrejeros,32,93,,,,,2.9,False,Serie Regular,2008-05-13,regular-season leader board as of 2008-05-13; season in progress at capture — provisional,single-source,wayback_bsnpr,https://web.archive.org/web/20080513111436id_/http://www.bsnpr.com:80/estadisticas/lideres.asp?grupo=BS26&serie=1&liga=1&anio=2008&vida=1,2026-09-08T03:51:12Z
2008,rebotes_ofensivos,per_game,7,"Figueroa, Angel Luis",Capitanes,31,93,,,,,3.0,False,Serie Regular,2008-05-13,regular-season leader board as of 2008-05-13; season in progress at capture — provisional,single-source,wayback_bsnpr,https://web.archive.org/web/20080513111436id_/http://www.bsnpr.com:80/estadisticas/lideres.asp?grupo=BS26&serie=1&liga=1&anio=2008&vida=1,2026-09-08T03:51:12Z
2008,rebotes_ofensivos,per_game,8,"Colon, Gabriel",Leones,31,78,,,,,2.5,False,Serie Regular,2008-05-13,regular-season leader board as of 2008-05-13; season in progress at capture — provisional,single-source,wayback_bsnpr,https://web.archive.org/web/20080513111436id_/http://www.bsnpr.com:80/estadisticas/lideres.asp?grupo=BS26&serie=1&liga=1&anio=2008&vida=1,2026-09-08T03:51:12Z
2008,rebotes_ofensivos,per_game,9,"Parillon, Steve",Brujos,25,76,,,,,3.0,False,Serie Regular,2008-05-13,regular-season leader board as of 2008-05-13; season in progress at capture — provisional,single-source,wayback_bsnpr,https://web.archive.org/web/20080513111436id_/http://www.bsnpr.com:80/estadisticas/lideres.asp?grupo=BS26&serie=1&liga=1&anio=2008&vida=1,2026-09-08T03:51:12Z
2008,rebotes_ofensivos,per_game,10,"Ramos, Peter John",Criollos,32,75,,,,,2.3,False,Serie Regular,2008-05-13,regular-season leader board as of 2008-05-13; season in progress at capture — provisional,single-source,wayback_bsnpr,https://web.archive.org/web/20080513111436id_/http://www.bsnpr.com:80/estadisticas/lideres.asp?grupo=BS26&serie=1&liga=1&anio=2008&vida=1,2026-09-08T03:51:12Z
2008,tiros_libres_anotados,per_game,1,"Melendez, Ricardo",Criollos,32,192,,,,,6.0,False,Serie Regular,2008-05-13,regular-season leader board as of 2008-05-13; season in progress at capture — provisional,single-source,wayback_bsnpr,https://web.archive.org/web/20080513111436id_/http://www.bsnpr.com:80/estadisticas/lideres.asp?grupo=BS26&serie=1&liga=1&anio=2008&vida=1,2026-09-08T03:51:12Z
2008,tiros_libres_anotados,per_game,2,"Figueroa, Angel Luis",Capitanes,31,163,,,,,5.3,False,Serie Regular,2008-05-13,regular-season leader board as of 2008-05-13; season in progress at capture — provisional,single-source,wayback_bsnpr,https://web.archive.org/web/20080513111436id_/http://www.bsnpr.com:80/estadisticas/lideres.asp?grupo=BS26&serie=1&liga=1&anio=2008&vida=1,2026-09-08T03:51:12Z
2008,tiros_libres_anotados,per_game,3,"Guzman, Ansel M.",Grises,31,132,,,,,4.3,False,Serie Regular,2008-05-13,regular-season leader board as of 2008-05-13; season in progress at capture — provisional,single-source,wayback_bsnpr,https://web.archive.org/web/20080513111436id_/http://www.bsnpr.com:80/estadisticas/lideres.asp?grupo=BS26&serie=1&liga=1&anio=2008&vida=1,2026-09-08T03:51:12Z
2008,tiros_libres_anotados,per_game,4,"Ayuso, Larry",Cangrejeros,30,122,,,,,4.1,False,Serie Regular,2008-05-13,regular-season leader board as of 2008-05-13; season in progress at capture — provisional,single-source,wayback_bsnpr,https://web.archive.org/web/20080513111436id_/http://www.bsnpr.com:80/estadisticas/lideres.asp?grupo=BS26&serie=1&liga=1&anio=2008&vida=1,2026-09-08T03:51:12Z
2008,tiros_libres_anotados,per_game,5,"Freije, Matt",Leones,30,122,,,,,4.1,False,Serie Regular,2008-05-13,regular-season leader board as of 2008-05-13; season in progress at capture — provisional,single-source,wayback_bsnpr,https://web.archive.org/web/20080513111436id_/http://www.bsnpr.com:80/estadisticas/lideres.asp?grupo=BS26&serie=1&liga=1&anio=2008&vida=1,2026-09-08T03:51:12Z
2008,tiros_libres_anotados,per_game,6,"Vega, Christophe",Vaqueros,31,120,,,,,3.9,False,Serie Regular,2008-05-13,regular-season leader board as of 2008-05-13; season in progress at capture — provisional,single-source,wayback_bsnpr,https://web.archive.org/web/20080513111436id_/http://www.bsnpr.com:80/estadisticas/lideres.asp?grupo=BS26&serie=1&liga=1&anio=2008&vida=1,2026-09-08T03:51:12Z
2008,tiros_libres_anotados,per_game,7,"Agbai, Uka",Cariduros,29,118,,,,,4.1,False,Serie Regular,2008-05-13,regular-season leader board as of 2008-05-13; season in progress at capture — provisional,single-source,wayback_bsnpr,https://web.archive.org/web/20080513111436id_/http://www.bsnpr.com:80/estadisticas/lideres.asp?grupo=BS26&serie=1&liga=1&anio=2008&vida=1,2026-09-08T03:51:12Z
2008,tiros_libres_anotados,per_game,8,"White, Rodney",,28,114,,,,,4.1,False,Serie Regular,2008-05-13,regular-season leader board as of 2008-05-13; season in progress at capture — provisional,single-source,wayback_bsnpr,https://web.archive.org/web/20080513111436id_/http://www.bsnpr.com:80/estadisticas/lideres.asp?grupo=BS26&serie=1&liga=1&anio=2008&vida=1,2026-09-08T03:51:12Z
2008,tiros_libres_anotados,per_game,9,"Escalera, Carlos",Conquistadores,28,101,,,,,3.6,False,Serie Regular,2008-05-13,regular-season leader board as of 2008-05-13; season in progress at capture — provisional,single-source,wayback_bsnpr,https://web.archive.org/web/20080513111436id_/http://www.bsnpr.com:80/estadisticas/lideres.asp?grupo=BS26&serie=1&liga=1&anio=2008&vida=1,2026-09-08T03:51:12Z
2008,tiros_libres_anotados,per_game,10,"Bryant, Marlyn",Criollos,32,99,,,,,3.1,False,Serie Regular,2008-05-13,regular-season leader board as of 2008-05-13; season in progress at capture — provisional,single-source,wayback_bsnpr,https://web.archive.org/web/20080513111436id_/http://www.bsnpr.com:80/estadisticas/lideres.asp?grupo=BS26&serie=1&liga=1&anio=2008&vida=1,2026-09-08T03:51:12Z
2008,tiros_libres_pct,percentage,1,"Zayas, Hector",Indios,26,,10,10,,,100.0,False,Serie Regular,2008-05-13,regular-season leader board as of 2008-05-13; season in progress at capture — provisional,single-source,wayback_bsnpr,https://web.archive.org/web/20080513111436id_/http://www.bsnpr.com:80/estadisticas/lideres.asp?grupo=BS26&serie=1&liga=1&anio=2008&vida=1,2026-09-08T03:51:12Z
2008,tiros_libres_pct,percentage,2,"Ashby, Julius",,8,,8,8,,,100.0,False,Serie Regular,2008-05-13,regular-season leader board as of 2008-05-13; season in progress at capture — provisional,single-source,wayback_bsnpr,https://web.archive.org/web/20080513111436id_/http://www.bsnpr.com:80/estadisticas/lideres.asp?grupo=BS26&serie=1&liga=1&anio=2008&vida=1,2026-09-08T03:51:12Z
2008,tiros_libres_pct,percentage,3,"Erazo, Armando",Indios,20,,7,7,,,100.0,False,Serie Regular,2008-05-13,regular-season leader board as of 2008-05-13; season in progress at capture — provisional,single-source,wayback_bsnpr,https://web.archive.org/web/20080513111436id_/http://www.bsnpr.com:80/estadisticas/lideres.asp?grupo=BS26&serie=1&liga=1&anio=2008&vida=1,2026-09-08T03:51:12Z
2008,tiros_libres_pct,percentage,4,"Rice, Darius",,6,,20,22,,,90.9,False,Serie Regular,2008-05-13,regular-season leader board as of 2008-05-13; season in progress at capture — provisional,single-source,wayback_bsnpr,https://web.archive.org/web/20080513111436id_/http://www.bsnpr.com:80/estadisticas/lideres.asp?grupo=BS26&serie=1&liga=1&anio=2008&vida=1,2026-09-08T03:51:12Z
2008,tiros_libres_pct,percentage,5,"Simon, Melvin",Conquistadores,19,,10,11,,,90.9,False,Serie Regular,2008-05-13,regular-season leader board as of 2008-05-13; season in progress at capture — provisional,single-source,wayback_bsnpr,https://web.archive.org/web/20080513111436id_/http://www.bsnpr.com:80/estadisticas/lideres.asp?grupo=BS26&serie=1&liga=1&anio=2008&vida=1,2026-09-08T03:51:12Z
2008,tiros_libres_pct,percentage,6,"Vazquez, Christian",Cariduros,18,,9,10,,,90.0,False,Serie Regular,2008-05-13,regular-season leader board as of 2008-05-13; season in progress at capture — provisional,single-source,wayback_bsnpr,https://web.archive.org/web/20080513111436id_/http://www.bsnpr.com:80/estadisticas/lideres.asp?grupo=BS26&serie=1&liga=1&anio=2008&vida=1,2026-09-08T03:51:12Z
2008,tiros_libres_pct,percentage,7,"Lee, Carmelo An",Conquistadores,21,,68,76,,,89.5,False,Serie Regular,2008-05-13,regular-season leader board as of 2008-05-13; season in progress at capture — provisional,single-source,wayback_bsnpr,https://web.archive.org/web/20080513111436id_/http://www.bsnpr.com:80/estadisticas/lideres.asp?grupo=BS26&serie=1&liga=1&anio=2008&vida=1,2026-09-08T03:51:12Z
2008,tiros_libres_pct,percentage,8,"Brignoni, Luis Jr.",Brujos,21,,8,9,,,88.9,False,Serie Regular,2008-05-13,regular-season leader board as of 2008-05-13; season in progress at capture — provisional,single-source,wayback_bsnpr,https://web.archive.org/web/20080513111436id_/http://www.bsnpr.com:80/estadisticas/lideres.asp?grupo=BS26&serie=1&liga=1&anio=2008&vida=1,2026-09-08T03:51:12Z
2008,tiros_libres_pct,percentage,9,"Delk, Tony",,3,,8,9,,,88.9,False,Serie Regular,2008-05-13,regular-season leader board as of 2008-05-13; season in progress at capture — provisional,single-source,wayback_bsnpr,https://web.archive.org/web/20080513111436id_/http://www.bsnpr.com:80/estadisticas/lideres.asp?grupo=BS26&serie=1&liga=1&anio=2008&vida=1,2026-09-08T03:51:12Z
2008,tiros_libres_pct,percentage,10,"Cortes, David",Capitanes,23,,14,16,,,87.5,False,Serie Regular,2008-05-13,regular-season leader board as of 2008-05-13; season in progress at capture — provisional,single-source,wayback_bsnpr,https://web.archive.org/web/20080513111436id_/http://www.bsnpr.com:80/estadisticas/lideres.asp?grupo=BS26&serie=1&liga=1&anio=2008&vida=1,2026-09-08T03:51:12Z
2008,turnovers,per_game,1,"Guzman, Ansel M.",Grises,31,107,,,,,3.5,False,Serie Regular,2008-05-13,regular-season leader board as of 2008-05-13; season in progress at capture — provisional,single-source,wayback_bsnpr,https://web.archive.org/web/20080513111436id_/http://www.bsnpr.com:80/estadisticas/lideres.asp?grupo=BS26&serie=1&liga=1&anio=2008&vida=1,2026-09-08T03:51:12Z
2008,turnovers,per_game,2,"Traylor, Robert",Cangrejeros,32,91,,,,,2.8,False,Serie Regular,2008-05-13,regular-season leader board as of 2008-05-13; season in progress at capture — provisional,single-source,wayback_bsnpr,https://web.archive.org/web/20080513111436id_/http://www.bsnpr.com:80/estadisticas/lideres.asp?grupo=BS26&serie=1&liga=1&anio=2008&vida=1,2026-09-08T03:51:12Z
2008,turnovers,per_game,3,"Ramos, Peter John",Criollos,32,89,,,,,2.8,False,Serie Regular,2008-05-13,regular-season leader board as of 2008-05-13; season in progress at capture — provisional,single-source,wayback_bsnpr,https://web.archive.org/web/20080513111436id_/http://www.bsnpr.com:80/estadisticas/lideres.asp?grupo=BS26&serie=1&liga=1&anio=2008&vida=1,2026-09-08T03:51:12Z
2008,turnovers,per_game,4,"Jourdon, Keenan",Capitanes,31,79,,,,,2.5,False,Serie Regular,2008-05-13,regular-season leader board as of 2008-05-13; season in progress at capture — provisional,single-source,wayback_bsnpr,https://web.archive.org/web/20080513111436id_/http://www.bsnpr.com:80/estadisticas/lideres.asp?grupo=BS26&serie=1&liga=1&anio=2008&vida=1,2026-09-08T03:51:12Z
2008,turnovers,per_game,5,"Pagan, Wilfredo",Leones,29,79,,,,,2.7,False,Serie Regular,2008-05-13,regular-season leader board as of 2008-05-13; season in progress at capture — provisional,single-source,wayback_bsnpr,https://web.archive.org/web/20080513111436id_/http://www.bsnpr.com:80/estadisticas/lideres.asp?grupo=BS26&serie=1&liga=1&anio=2008&vida=1,2026-09-08T03:51:12Z
2008,turnovers,per_game,6,"Escalera, Carlos",Conquistadores,28,79,,,,,2.8,False,Serie Regular,2008-05-13,regular-season leader board as of 2008-05-13; season in progress at capture — provisional,single-source,wayback_bsnpr,https://web.archive.org/web/20080513111436id_/http://www.bsnpr.com:80/estadisticas/lideres.asp?grupo=BS26&serie=1&liga=1&anio=2008&vida=1,2026-09-08T03:51:12Z
2008,turnovers,per_game,7,"Alvarado, Omar J.",Atleticos,32,77,,,,,2.4,False,Serie Regular,2008-05-13,regular-season leader board as of 2008-05-13; season in progress at capture — provisional,single-source,wayback_bsnpr,https://web.archive.org/web/20080513111436id_/http://www.bsnpr.com:80/estadisticas/lideres.asp?grupo=BS26&serie=1&liga=1&anio=2008&vida=1,2026-09-08T03:51:12Z
2008,turnovers,per_game,8,"Carmona, Alejandro",Gigantes,32,75,,,,,2.3,False,Serie Regular,2008-05-13,regular-season leader board as of 2008-05-13; season in progress at capture — provisional,single-source,wayback_bsnpr,https://web.archive.org/web/20080513111436id_/http://www.bsnpr.com:80/estadisticas/lideres.asp?grupo=BS26&serie=1&liga=1&anio=2008&vida=1,2026-09-08T03:51:12Z
2008,turnovers,per_game,9,"Ayuso, Larry",Cangrejeros,30,74,,,,,2.5,False,Serie Regular,2008-05-13,regular-season leader board as of 2008-05-13; season in progress at capture — provisional,single-source,wayback_bsnpr,https://web.archive.org/web/20080513111436id_/http://www.bsnpr.com:80/estadisticas/lideres.asp?grupo=BS26&serie=1&liga=1&anio=2008&vida=1,2026-09-08T03:51:12Z
2008,turnovers,per_game,10,"White, Rodney",,28,70,,,,,2.5,False,Serie Regular,2008-05-13,regular-season leader board as of 2008-05-13; season in progress at capture — provisional,single-source,wayback_bsnpr,https://web.archive.org/web/20080513111436id_/http://www.bsnpr.com:80/estadisticas/lideres.asp?grupo=BS26&serie=1&liga=1&anio=2008&vida=1,2026-09-08T03:51:12Z
2009,anotaciones,per_game,1,"Pellot, Jesse",Atleticos,24,569,,,,,23.7,False,Serie Regular,2009-06-16,regular-season leader board as of 2009-06-16; season in progress at capture — provisional,single-source,wayback_bsnpr,https://web.archive.org/web/20090616224137id_/http://www.bsnpr.com:80/estadisticas/lideres.asp,2026-09-08T03:51:20Z
2009,anotaciones,per_game,2,"Carmona, Alejandro",Gigantes,25,559,,,,,22.4,False,Serie Regular,2009-06-16,regular-season leader board as of 2009-06-16; season in progress at capture — provisional,single-source,wayback_bsnpr,https://web.archive.org/web/20090616224137id_/http://www.bsnpr.com:80/estadisticas/lideres.asp,2026-09-08T03:51:20Z
2009,anotaciones,per_game,3,"Ayuso, Larry",Cangrejeros,24,518,,,,,21.6,False,Serie Regular,2009-06-16,regular-season leader board as of 2009-06-16; season in progress at capture — provisional,single-source,wayback_bsnpr,https://web.archive.org/web/20090616224137id_/http://www.bsnpr.com:80/estadisticas/lideres.asp,2026-09-08T03:51:20Z
2009,anotaciones,per_game,4,"Nailon, Lee",Leones,24,499,,,,,20.8,False,Serie Regular,2009-06-16,regular-season leader board as of 2009-06-16; season in progress at capture — provisional,single-source,wayback_bsnpr,https://web.archive.org/web/20090616224137id_/http://www.bsnpr.com:80/estadisticas/lideres.asp,2026-09-08T03:51:20Z
2009,anotaciones,per_game,5,"Ere, Ebi",Gigantes,23,480,,,,,20.9,False,Serie Regular,2009-06-16,regular-season leader board as of 2009-06-16; season in progress at capture — provisional,single-source,wayback_bsnpr,https://web.archive.org/web/20090616224137id_/http://www.bsnpr.com:80/estadisticas/lideres.asp,2026-09-08T03:51:20Z
2009,anotaciones,per_game,6,"Escalera, Carlos",Conquistadores,23,465,,,,,20.2,False,Serie Regular,2009-06-16,regular-season leader board as of 2009-06-16; season in progress at capture — provisional,single-source,wayback_bsnpr,https://web.archive.org/web/20090616224137id_/http://www.bsnpr.com:80/estadisticas/lideres.asp,2026-09-08T03:51:20Z
2009,anotaciones,per_game,7,"Freije, Matt",Criollos,24,462,,,,,19.2,False,Serie Regular,2009-06-16,regular-season leader board as of 2009-06-16; season in progress at capture — provisional,single-source,wayback_bsnpr,https://web.archive.org/web/20090616224137id_/http://www.bsnpr.com:80/estadisticas/lideres.asp,2026-09-08T03:51:20Z
2009,anotaciones,per_game,8,"Maye, James",Indios,24,462,,,,,19.2,False,Serie Regular,2009-06-16,regular-season leader board as of 2009-06-16; season in progress at capture — provisional,single-source,wayback_bsnpr,https://web.archive.org/web/20090616224137id_/http://www.bsnpr.com:80/estadisticas/lideres.asp,2026-09-08T03:51:20Z
2009,anotaciones,per_game,9,"Dalmau, Christian",Vaqueros,24,459,,,,,19.1,False,Serie Regular,2009-06-16,regular-season leader board as of 2009-06-16; season in progress at capture — provisional,single-source,wayback_bsnpr,https://web.archive.org/web/20090616224137id_/http://www.bsnpr.com:80/estadisticas/lideres.asp,2026-09-08T03:51:20Z
2009,anotaciones,per_game,10,"Redhage, Shawn",Piratas,24,427,,,,,17.8,False,Serie Regular,2009-06-16,regular-season leader board as of 2009-06-16; season in progress at capture — provisional,single-source,wayback_bsnpr,https://web.archive.org/web/20090616224137id_/http://www.bsnpr.com:80/estadisticas/lideres.asp,2026-09-08T03:51:20Z
2009,asistencias,per_game,1,"Williams, Marcus",Piratas,24,215,,,,,9.0,False,Serie Regular,2009-06-16,regular-season leader board as of 2009-06-16; season in progress at capture — provisional,single-source,wayback_bsnpr,https://web.archive.org/web/20090616224137id_/http://www.bsnpr.com:80/estadisticas/lideres.asp,2026-09-08T03:51:20Z
2009,asistencias,per_game,2,"Guzman, Ansel M",Conquistadores,24,145,,,,,6.0,False,Serie Regular,2009-06-16,regular-season leader board as of 2009-06-16; season in progress at capture — provisional,single-source,wayback_bsnpr,https://web.archive.org/web/20090616224137id_/http://www.bsnpr.com:80/estadisticas/lideres.asp,2026-09-08T03:51:20Z
2009,asistencias,per_game,3,"Dalmau, Christian",Vaqueros,24,132,,,,,5.5,False,Serie Regular,2009-06-16,regular-season leader board as of 2009-06-16; season in progress at capture — provisional,single-source,wayback_bsnpr,https://web.archive.org/web/20090616224137id_/http://www.bsnpr.com:80/estadisticas/lideres.asp,2026-09-08T03:51:20Z
2009,asistencias,per_game,4,"Hamilton, Kevin",Indios,18,105,,,,,5.8,False,Serie Regular,2009-06-16,regular-season leader board as of 2009-06-16; season in progress at capture — provisional,single-source,wayback_bsnpr,https://web.archive.org/web/20090616224137id_/http://www.bsnpr.com:80/estadisticas/lideres.asp,2026-09-08T03:51:20Z
2009,asistencias,per_game,5,"Escalera, Carlos",Conquistadores,23,103,,,,,4.5,False,Serie Regular,2009-06-16,regular-season leader board as of 2009-06-16; season in progress at capture — provisional,single-source,wayback_bsnpr,https://web.archive.org/web/20090616224137id_/http://www.bsnpr.com:80/estadisticas/lideres.asp,2026-09-08T03:51:20Z
2009,asistencias,per_game,6,"Osimani, Martin",,19,93,,,,,4.9,False,Serie Regular,2009-06-16,regular-season leader board as of 2009-06-16; season in progress at capture — provisional,single-source,wayback_bsnpr,https://web.archive.org/web/20090616224137id_/http://www.bsnpr.com:80/estadisticas/lideres.asp,2026-09-08T03:51:20Z
2009,asistencias,per_game,7,"Cruz, Alvin",Gigantes,15,93,,,,,6.2,False,Serie Regular,2009-06-16,regular-season leader board as of 2009-06-16; season in progress at capture — provisional,single-source,wayback_bsnpr,https://web.archive.org/web/20090616224137id_/http://www.bsnpr.com:80/estadisticas/lideres.asp,2026-09-08T03:51:20Z
2009,asistencias,per_game,8,"Han, Francis Jo",Criollos,24,91,,,,,3.8,False,Serie Regular,2009-06-16,regular-season leader board as of 2009-06-16; season in progress at capture — provisional,single-source,wayback_bsnpr,https://web.archive.org/web/20090616224137id_/http://www.bsnpr.com:80/estadisticas/lideres.asp,2026-09-08T03:51:20Z
2009,asistencias,per_game,9,"Pagan, Wilfredo",Capitanes,23,82,,,,,3.6,False,Serie Regular,2009-06-16,regular-season leader board as of 2009-06-16; season in progress at capture — provisional,single-source,wayback_bsnpr,https://web.archive.org/web/20090616224137id_/http://www.bsnpr.com:80/estadisticas/lideres.asp,2026-09-08T03:51:20Z
2009,asistencias,per_game,10,"Wingate, Jason",Gigantes,25,78,,,,,3.1,False,Serie Regular,2009-06-16,regular-season leader board as of 2009-06-16; season in progress at capture — provisional,single-source,wayback_bsnpr,https://web.archive.org/web/20090616224137id_/http://www.bsnpr.com:80/estadisticas/lideres.asp,2026-09-08T03:51:20Z
2009,bloqueos,per_game,1,"Looby, Kurt",Grises,22,62,,,,,2.8,False,Serie Regular,2009-06-16,regular-season leader board as of 2009-06-16; season in progress at capture — provisional,single-source,wayback_bsnpr,https://web.archive.org/web/20090616224137id_/http://www.bsnpr.com:80/estadisticas/lideres.asp,2026-09-08T03:51:20Z
2009,bloqueos,per_game,2,"Dyer, Alphonse",Atleticos,23,50,,,,,2.2,False,Serie Regular,2009-06-16,regular-season leader board as of 2009-06-16; season in progress at capture — provisional,single-source,wayback_bsnpr,https://web.archive.org/web/20090616224137id_/http://www.bsnpr.com:80/estadisticas/lideres.asp,2026-09-08T03:51:20Z
2009,bloqueos,per_game,3,"Aubry, Jeffrion",Capitanes,23,44,,,,,1.9,False,Serie Regular,2009-06-16,regular-season leader board as of 2009-06-16; season in progress at capture — provisional,single-source,wayback_bsnpr,https://web.archive.org/web/20090616224137id_/http://www.bsnpr.com:80/estadisticas/lideres.asp,2026-09-08T03:51:20Z
2009,bloqueos,per_game,4,"Smith, Jabari",Conquistadores,27,30,,,,,1.1,False,Serie Regular,2009-06-16,regular-season leader board as of 2009-06-16; season in progress at capture — provisional,single-source,wayback_bsnpr,https://web.archive.org/web/20090616224137id_/http://www.bsnpr.com:80/estadisticas/lideres.asp,2026-09-08T03:51:20Z
2009,bloqueos,per_game,5,"Ramos, Peter John",Piratas,22,30,,,,,1.4,False,Serie Regular,2009-06-16,regular-season leader board as of 2009-06-16; season in progress at capture — provisional,single-source,wayback_bsnpr,https://web.archive.org/web/20090616224137id_/http://www.bsnpr.com:80/estadisticas/lideres.asp,2026-09-08T03:51:20Z
2009,bloqueos,per_game,6,"Freije, Matt",Criollos,24,26,,,,,1.1,False,Serie Regular,2009-06-16,regular-season leader board as of 2009-06-16; season in progress at capture — provisional,single-source,wayback_bsnpr,https://web.archive.org/web/20090616224137id_/http://www.bsnpr.com:80/estadisticas/lideres.asp,2026-09-08T03:51:20Z
2009,bloqueos,per_game,7,"Jones, Joel",Piratas,24,23,,,,,1.0,False,Serie Regular,2009-06-16,regular-season leader board as of 2009-06-16; season in progress at capture — provisional,single-source,wayback_bsnpr,https://web.archive.org/web/20090616224137id_/http://www.bsnpr.com:80/estadisticas/lideres.asp,2026-09-08T03:51:20Z
2009,bloqueos,per_game,8,"Langhi, Dan",Indios,24,21,,,,,0.9,False,Serie Regular,2009-06-16,regular-season leader board as of 2009-06-16; season in progress at capture — provisional,single-source,wayback_bsnpr,https://web.archive.org/web/20090616224137id_/http://www.bsnpr.com:80/estadisticas/lideres.asp,2026-09-08T03:51:20Z
2009,bloqueos,per_game,9,"Colon, Gabriel",Leones,24,20,,,,,0.8,False,Serie Regular,2009-06-16,regular-season leader board as of 2009-06-16; season in progress at capture — provisional,single-source,wayback_bsnpr,https://web.archive.org/web/20090616224137id_/http://www.bsnpr.com:80/estadisticas/lideres.asp,2026-09-08T03:51:20Z
2009,bloqueos,per_game,10,"Wolkowisky, Ruben",Atleticos,24,20,,,,,0.8,False,Serie Regular,2009-06-16,regular-season leader board as of 2009-06-16; season in progress at capture — provisional,single-source,wayback_bsnpr,https://web.archive.org/web/20090616224137id_/http://www.bsnpr.com:80/estadisticas/lideres.asp,2026-09-08T03:51:20Z
2009,canastos_3,per_game,1,"Ayuso, Larry",Cangrejeros,24,77,,,,,3.2,False,Serie Regular,2009-06-16,regular-season leader board as of 2009-06-16; season in progress at capture — provisional,single-source,wayback_bsnpr,https://web.archive.org/web/20090616224137id_/http://www.bsnpr.com:80/estadisticas/lideres.asp,2026-09-08T03:51:20Z
2009,canastos_3,per_game,2,"Pellot, Jesse",Atleticos,24,65,,,,,2.7,False,Serie Regular,2009-06-16,regular-season leader board as of 2009-06-16; season in progress at capture — provisional,single-source,wayback_bsnpr,https://web.archive.org/web/20090616224137id_/http://www.bsnpr.com:80/estadisticas/lideres.asp,2026-09-08T03:51:20Z
2009,canastos_3,per_game,3,"Jones, Joel",Piratas,24,64,,,,,2.7,False,Serie Regular,2009-06-16,regular-season leader board as of 2009-06-16; season in progress at capture — provisional,single-source,wayback_bsnpr,https://web.archive.org/web/20090616224137id_/http://www.bsnpr.com:80/estadisticas/lideres.asp,2026-09-08T03:51:20Z
2009,canastos_3,per_game,4,"Ere, Ebi",Gigantes,23,62,,,,,2.7,False,Serie Regular,2009-06-16,regular-season leader board as of 2009-06-16; season in progress at capture — provisional,single-source,wayback_bsnpr,https://web.archive.org/web/20090616224137id_/http://www.bsnpr.com:80/estadisticas/lideres.asp,2026-09-08T03:51:20Z
2009,canastos_3,per_game,5,"Dalmau, Christian",Vaqueros,24,60,,,,,2.5,False,Serie Regular,2009-06-16,regular-season leader board as of 2009-06-16; season in progress at capture — provisional,single-source,wayback_bsnpr,https://web.archive.org/web/20090616224137id_/http://www.bsnpr.com:80/estadisticas/lideres.asp,2026-09-08T03:51:20Z
2009,canastos_3,per_game,6,"Freije, Matt",Criollos,24,55,,,,,2.3,False,Serie Regular,2009-06-16,regular-season leader board as of 2009-06-16; season in progress at capture — provisional,single-source,wayback_bsnpr,https://web.archive.org/web/20090616224137id_/http://www.bsnpr.com:80/estadisticas/lideres.asp,2026-09-08T03:51:20Z
2009,canastos_3,per_game,7,"Williams, Marcus",Piratas,24,52,,,,,2.2,False,Serie Regular,2009-06-16,regular-season leader board as of 2009-06-16; season in progress at capture — provisional,single-source,wayback_bsnpr,https://web.archive.org/web/20090616224137id_/http://www.bsnpr.com:80/estadisticas/lideres.asp,2026-09-08T03:51:20Z
2009,canastos_3,per_game,8,"Life, James",Grises,19,52,,,,,2.7,False,Serie Regular,2009-06-16,regular-season leader board as of 2009-06-16; season in progress at capture — provisional,single-source,wayback_bsnpr,https://web.archive.org/web/20090616224137id_/http://www.bsnpr.com:80/estadisticas/lideres.asp,2026-09-08T03:51:20Z
2009,canastos_3,per_game,9,"Dalmau, Ricardo",Cangrejeros,23,49,,,,,2.1,False,Serie Regular,2009-06-16,regular-season leader board as of 2009-06-16; season in progress at capture — provisional,single-source,wayback_bsnpr,https://web.archive.org/web/20090616224137id_/http://www.bsnpr.com:80/estadisticas/lideres.asp,2026-09-08T03:51:20Z
2009,canastos_3,per_game,10,"Melendez, Ricardo",Leones,24,44,,,,,1.8,False,Serie Regular,2009-06-16,regular-season leader board as of 2009-06-16; season in progress at capture — provisional,single-source,wayback_bsnpr,https://web.archive.org/web/20090616224137id_/http://www.bsnpr.com:80/estadisticas/lideres.asp,2026-09-08T03:51:20Z
2009,canastos_3_pct,percentage,1,"Pagan, Wilfredo",Capitanes,23,,32,67,,,47.8,False,Serie Regular,2009-06-16,regular-season leader board as of 2009-06-16; season in progress at capture — provisional,single-source,wayback_bsnpr,https://web.archive.org/web/20090616224137id_/http://www.bsnpr.com:80/estadisticas/lideres.asp,2026-09-08T03:51:20Z
2009,canastos_3_pct,percentage,2,"Davis, Josh",,14,,28,59,,,47.5,False,Serie Regular,2009-06-16,regular-season leader board as of 2009-06-16; season in progress at capture — provisional,single-source,wayback_bsnpr,https://web.archive.org/web/20090616224137id_/http://www.bsnpr.com:80/estadisticas/lideres.asp,2026-09-08T03:51:20Z
2009,canastos_3_pct,percentage,3,"Redhage, Shawn",Piratas,24,,35,78,,,44.9,False,Serie Regular,2009-06-16,regular-season leader board as of 2009-06-16; season in progress at capture — provisional,single-source,wayback_bsnpr,https://web.archive.org/web/20090616224137id_/http://www.bsnpr.com:80/estadisticas/lideres.asp,2026-09-08T03:51:20Z
2009,canastos_3_pct,percentage,4,"Sanchez, Ricky",Cangrejeros,21,,32,74,,,43.2,False,Serie Regular,2009-06-16,regular-season leader board as of 2009-06-16; season in progress at capture — provisional,single-source,wayback_bsnpr,https://web.archive.org/web/20090616224137id_/http://www.bsnpr.com:80/estadisticas/lideres.asp,2026-09-08T03:51:20Z
2009,canastos_3_pct,percentage,5,"Pellot, Jesse",Atleticos,24,,65,151,,,43.0,False,Serie Regular,2009-06-16,regular-season leader board as of 2009-06-16; season in progress at capture — provisional,single-source,wayback_bsnpr,https://web.archive.org/web/20090616224137id_/http://www.bsnpr.com:80/estadisticas/lideres.asp,2026-09-08T03:51:20Z
2009,canastos_3_pct,percentage,6,"Maye, James",Indios,24,,38,89,,,42.7,False,Serie Regular,2009-06-16,regular-season leader board as of 2009-06-16; season in progress at capture — provisional,single-source,wayback_bsnpr,https://web.archive.org/web/20090616224137id_/http://www.bsnpr.com:80/estadisticas/lideres.asp,2026-09-08T03:51:20Z
2009,canastos_3_pct,percentage,7,"Freije, Matt",Criollos,24,,55,129,,,42.6,False,Serie Regular,2009-06-16,regular-season leader board as of 2009-06-16; season in progress at capture — provisional,single-source,wayback_bsnpr,https://web.archive.org/web/20090616224137id_/http://www.bsnpr.com:80/estadisticas/lideres.asp,2026-09-08T03:51:20Z
2009,canastos_3_pct,percentage,8,"Smith, Jabari",Conquistadores,27,,23,55,,,41.8,False,Serie Regular,2009-06-16,regular-season leader board as of 2009-06-16; season in progress at capture — provisional,single-source,wayback_bsnpr,https://web.archive.org/web/20090616224137id_/http://www.bsnpr.com:80/estadisticas/lideres.asp,2026-09-08T03:51:20Z
2009,canastos_3_pct,percentage,9,"Carmona, Alejandro",Gigantes,25,,32,77,,,41.6,False,Serie Regular,2009-06-16,regular-season leader board as of 2009-06-16; season in progress at capture — provisional,single-source,wayback_bsnpr,https://web.archive.org/web/20090616224137id_/http://www.bsnpr.com:80/estadisticas/lideres.asp,2026-09-08T03:51:20Z
2009,canastos_3_pct,percentage,10,"Orta, Raul",Leones,24,,36,87,,,41.4,False,Serie Regular,2009-06-16,regular-season leader board as of 2009-06-16; season in progress at capture — provisional,single-source,wayback_bsnpr,https://web.archive.org/web/20090616224137id_/http://www.bsnpr.com:80/estadisticas/lideres.asp,2026-09-08T03:51:20Z
2009,cortes_balon,per_game,1,"Guzman, Ansel M",Conquistadores,24,49,,,,,2.0,False,Serie Regular,2009-06-16,regular-season leader board as of 2009-06-16; season in progress at capture — provisional,single-source,wayback_bsnpr,https://web.archive.org/web/20090616224137id_/http://www.bsnpr.com:80/estadisticas/lideres.asp,2026-09-08T03:51:20Z
2009,cortes_balon,per_game,2,"Carmona, Alejandro",Gigantes,25,41,,,,,1.6,False,Serie Regular,2009-06-16,regular-season leader board as of 2009-06-16; season in progress at capture — provisional,single-source,wayback_bsnpr,https://web.archive.org/web/20090616224137id_/http://www.bsnpr.com:80/estadisticas/lideres.asp,2026-09-08T03:51:20Z
2009,cortes_balon,per_game,3,"Ayuso, Larry",Cangrejeros,24,38,,,,,1.6,False,Serie Regular,2009-06-16,regular-season leader board as of 2009-06-16; season in progress at capture — provisional,single-source,wayback_bsnpr,https://web.archive.org/web/20090616224137id_/http://www.bsnpr.com:80/estadisticas/lideres.asp,2026-09-08T03:51:20Z
2009,cortes_balon,per_game,4,"Figueroa, Angel Luis",Capitanes,21,38,,,,,1.8,False,Serie Regular,2009-06-16,regular-season leader board as of 2009-06-16; season in progress at capture — provisional,single-source,wayback_bsnpr,https://web.archive.org/web/20090616224137id_/http://www.bsnpr.com:80/estadisticas/lideres.asp,2026-09-08T03:51:20Z
2009,cortes_balon,per_game,5,"Ere, Ebi",Gigantes,23,37,,,,,1.6,False,Serie Regular,2009-06-16,regular-season leader board as of 2009-06-16; season in progress at capture — provisional,single-source,wayback_bsnpr,https://web.archive.org/web/20090616224137id_/http://www.bsnpr.com:80/estadisticas/lideres.asp,2026-09-08T03:51:20Z
2009,cortes_balon,per_game,6,"Escalera, Carlos",Conquistadores,23,34,,,,,1.5,False,Serie Regular,2009-06-16,regular-season leader board as of 2009-06-16; season in progress at capture — provisional,single-source,wayback_bsnpr,https://web.archive.org/web/20090616224137id_/http://www.bsnpr.com:80/estadisticas/lideres.asp,2026-09-08T03:51:20Z
2009,cortes_balon,per_game,7,"Jimenez, Giovanni",Indios,24,30,,,,,1.2,False,Serie Regular,2009-06-16,regular-season leader board as of 2009-06-16; season in progress at capture — provisional,single-source,wayback_bsnpr,https://web.archive.org/web/20090616224137id_/http://www.bsnpr.com:80/estadisticas/lideres.asp,2026-09-08T03:51:20Z
2009,cortes_balon,per_game,8,"Pagan, Wilfredo",Capitanes,23,30,,,,,1.3,False,Serie Regular,2009-06-16,regular-season leader board as of 2009-06-16; season in progress at capture — provisional,single-source,wayback_bsnpr,https://web.archive.org/web/20090616224137id_/http://www.bsnpr.com:80/estadisticas/lideres.asp,2026-09-08T03:51:20Z
2009,cortes_balon,per_game,9,"Mojica, Javier",Vaqueros,22,30,,,,,1.4,False,Serie Regular,2009-06-16,regular-season leader board as of 2009-06-16; season in progress at capture — provisional,single-source,wayback_bsnpr,https://web.archive.org/web/20090616224137id_/http://www.bsnpr.com:80/estadisticas/lideres.asp,2026-09-08T03:51:20Z
2009,cortes_balon,per_game,10,"Wilson, Monty",Conquistadores,24,29,,,,,1.2,False,Serie Regular,2009-06-16,regular-season leader board as of 2009-06-16; season in progress at capture — provisional,single-source,wayback_bsnpr,https://web.archive.org/web/20090616224137id_/http://www.bsnpr.com:80/estadisticas/lideres.asp,2026-09-08T03:51:20Z
2009,rebotes,per_game,1,"Aubry, Jeffrion",Capitanes,23,259,,,148,111,11.3,False,Serie Regular,2009-06-16,regular-season leader board as of 2009-06-16; season in progress at capture — provisional,single-source,wayback_bsnpr,https://web.archive.org/web/20090616224137id_/http://www.bsnpr.com:80/estadisticas/lideres.asp,2026-09-08T03:51:20Z
2009,rebotes,per_game,2,"Looby, Kurt",Grises,22,230,,,148,82,10.5,False,Serie Regular,2009-06-16,regular-season leader board as of 2009-06-16; season in progress at capture — provisional,single-source,wayback_bsnpr,https://web.archive.org/web/20090616224137id_/http://www.bsnpr.com:80/estadisticas/lideres.asp,2026-09-08T03:51:20Z
2009,rebotes,per_game,3,"Langhi, Dan",Indios,24,228,,,157,71,9.5,False,Serie Regular,2009-06-16,regular-season leader board as of 2009-06-16; season in progress at capture — provisional,single-source,wayback_bsnpr,https://web.archive.org/web/20090616224137id_/http://www.bsnpr.com:80/estadisticas/lideres.asp,2026-09-08T03:51:20Z
2009,rebotes,per_game,4,"Ramos, Peter John",Piratas,22,227,,,164,63,10.3,False,Serie Regular,2009-06-16,regular-season leader board as of 2009-06-16; season in progress at capture — provisional,single-source,wayback_bsnpr,https://web.archive.org/web/20090616224137id_/http://www.bsnpr.com:80/estadisticas/lideres.asp,2026-09-08T03:51:20Z
2009,rebotes,per_game,5,"Benson, Lee",Gigantes,16,222,,,142,80,13.9,False,Serie Regular,2009-06-16,regular-season leader board as of 2009-06-16; season in progress at capture — provisional,single-source,wayback_bsnpr,https://web.archive.org/web/20090616224137id_/http://www.bsnpr.com:80/estadisticas/lideres.asp,2026-09-08T03:51:20Z
2009,rebotes,per_game,6,"Smith, Jabari",Conquistadores,27,213,,,139,74,7.9,False,Serie Regular,2009-06-16,regular-season leader board as of 2009-06-16; season in progress at capture — provisional,single-source,wayback_bsnpr,https://web.archive.org/web/20090616224137id_/http://www.bsnpr.com:80/estadisticas/lideres.asp,2026-09-08T03:51:20Z
2009,rebotes,per_game,7,"Carmona, Alejandro",Gigantes,25,201,,,121,80,8.0,False,Serie Regular,2009-06-16,regular-season leader board as of 2009-06-16; season in progress at capture — provisional,single-source,wayback_bsnpr,https://web.archive.org/web/20090616224137id_/http://www.bsnpr.com:80/estadisticas/lideres.asp,2026-09-08T03:51:20Z
2009,rebotes,per_game,8,"Nailon, Lee",Leones,24,196,,,118,78,8.2,False,Serie Regular,2009-06-16,regular-season leader board as of 2009-06-16; season in progress at capture — provisional,single-source,wayback_bsnpr,https://web.archive.org/web/20090616224137id_/http://www.bsnpr.com:80/estadisticas/lideres.asp,2026-09-08T03:51:20Z
2009,rebotes,per_game,9,"Wolkowisky, Ruben",Atleticos,24,193,,,160,33,8.0,False,Serie Regular,2009-06-16,regular-season leader board as of 2009-06-16; season in progress at capture — provisional,single-source,wayback_bsnpr,https://web.archive.org/web/20090616224137id_/http://www.bsnpr.com:80/estadisticas/lideres.asp,2026-09-08T03:51:20Z
2009,rebotes,per_game,10,"Wilson, Monty",Conquistadores,24,187,,,148,39,7.8,False,Serie Regular,2009-06-16,regular-season leader board as of 2009-06-16; season in progress at capture — provisional,single-source,wayback_bsnpr,https://web.archive.org/web/20090616224137id_/http://www.bsnpr.com:80/estadisticas/lideres.asp,2026-09-08T03:51:20Z
2009,rebotes_ofensivos,per_game,1,"Aubry, Jeffrion",Capitanes,23,111,,,,,4.8,False,Serie Regular,2009-06-16,regular-season leader board as of 2009-06-16; season in progress at capture — provisional,single-source,wayback_bsnpr,https://web.archive.org/web/20090616224137id_/http://www.bsnpr.com:80/estadisticas/lideres.asp,2026-09-08T03:51:20Z
2009,rebotes_ofensivos,per_game,2,"Looby, Kurt",Grises,22,82,,,,,3.7,False,Serie Regular,2009-06-16,regular-season leader board as of 2009-06-16; season in progress at capture — provisional,single-source,wayback_bsnpr,https://web.archive.org/web/20090616224137id_/http://www.bsnpr.com:80/estadisticas/lideres.asp,2026-09-08T03:51:20Z
2009,rebotes_ofensivos,per_game,3,"Carmona, Alejandro",Gigantes,25,80,,,,,3.2,False,Serie Regular,2009-06-16,regular-season leader board as of 2009-06-16; season in progress at capture — provisional,single-source,wayback_bsnpr,https://web.archive.org/web/20090616224137id_/http://www.bsnpr.com:80/estadisticas/lideres.asp,2026-09-08T03:51:20Z
2009,rebotes_ofensivos,per_game,4,"Benson, Lee",Gigantes,16,80,,,,,5.0,False,Serie Regular,2009-06-16,regular-season leader board as of 2009-06-16; season in progress at capture — provisional,single-source,wayback_bsnpr,https://web.archive.org/web/20090616224137id_/http://www.bsnpr.com:80/estadisticas/lideres.asp,2026-09-08T03:51:20Z
2009,rebotes_ofensivos,per_game,5,"Nailon, Lee",Leones,24,78,,,,,3.2,False,Serie Regular,2009-06-16,regular-season leader board as of 2009-06-16; season in progress at capture — provisional,single-source,wayback_bsnpr,https://web.archive.org/web/20090616224137id_/http://www.bsnpr.com:80/estadisticas/lideres.asp,2026-09-08T03:51:20Z
2009,rebotes_ofensivos,per_game,6,"Smith, Jabari",Conquistadores,27,74,,,,,2.7,False,Serie Regular,2009-06-16,regular-season leader board as of 2009-06-16; season in progress at capture — provisional,single-source,wayback_bsnpr,https://web.archive.org/web/20090616224137id_/http://www.bsnpr.com:80/estadisticas/lideres.asp,2026-09-08T03:51:20Z
2009,rebotes_ofensivos,per_game,7,"Langhi, Dan",Indios,24,71,,,,,3.0,False,Serie Regular,2009-06-16,regular-season leader board as of 2009-06-16; season in progress at capture — provisional,single-source,wayback_bsnpr,https://web.archive.org/web/20090616224137id_/http://www.bsnpr.com:80/estadisticas/lideres.asp,2026-09-08T03:51:20Z
2009,rebotes_ofensivos,per_game,8,"Pellot, Jesse",Atleticos,24,70,,,,,2.9,False,Serie Regular,2009-06-16,regular-season leader board as of 2009-06-16; season in progress at capture — provisional,single-source,wayback_bsnpr,https://web.archive.org/web/20090616224137id_/http://www.bsnpr.com:80/estadisticas/lideres.asp,2026-09-08T03:51:20Z
2009,rebotes_ofensivos,per_game,9,"Redhage, Shawn",Piratas,24,65,,,,,2.7,False,Serie Regular,2009-06-16,regular-season leader board as of 2009-06-16; season in progress at capture — provisional,single-source,wayback_bsnpr,https://web.archive.org/web/20090616224137id_/http://www.bsnpr.com:80/estadisticas/lideres.asp,2026-09-08T03:51:20Z
2009,rebotes_ofensivos,per_game,10,"Ramos, Peter John",Piratas,22,63,,,,,2.9,False,Serie Regular,2009-06-16,regular-season leader board as of 2009-06-16; season in progress at capture — provisional,single-source,wayback_bsnpr,https://web.archive.org/web/20090616224137id_/http://www.bsnpr.com:80/estadisticas/lideres.asp,2026-09-08T03:51:20Z
2009,tiros_libres_anotados,per_game,1,"Pellot, Jesse",Atleticos,24,130,,,,,5.4,False,Serie Regular,2009-06-16,regular-season leader board as of 2009-06-16; season in progress at capture — provisional,single-source,wayback_bsnpr,https://web.archive.org/web/20090616224137id_/http://www.bsnpr.com:80/estadisticas/lideres.asp,2026-09-08T03:51:20Z
2009,tiros_libres_anotados,per_game,2,"Langhi, Dan",Indios,24,107,,,,,4.5,False,Serie Regular,2009-06-16,regular-season leader board as of 2009-06-16; season in progress at capture — provisional,single-source,wayback_bsnpr,https://web.archive.org/web/20090616224137id_/http://www.bsnpr.com:80/estadisticas/lideres.asp,2026-09-08T03:51:20Z
2009,tiros_libres_anotados,per_game,3,"Ayuso, Larry",Cangrejeros,24,101,,,,,4.2,False,Serie Regular,2009-06-16,regular-season leader board as of 2009-06-16; season in progress at capture — provisional,single-source,wayback_bsnpr,https://web.archive.org/web/20090616224137id_/http://www.bsnpr.com:80/estadisticas/lideres.asp,2026-09-08T03:51:20Z
2009,tiros_libres_anotados,per_game,4,"Guzman, Ansel M",Conquistadores,24,97,,,,,4.0,False,Serie Regular,2009-06-16,regular-season leader board as of 2009-06-16; season in progress at capture — provisional,single-source,wayback_bsnpr,https://web.archive.org/web/20090616224137id_/http://www.bsnpr.com:80/estadisticas/lideres.asp,2026-09-08T03:51:20Z
2009,tiros_libres_anotados,per_game,5,"Freije, Matt",Criollos,24,93,,,,,3.9,False,Serie Regular,2009-06-16,regular-season leader board as of 2009-06-16; season in progress at capture — provisional,single-source,wayback_bsnpr,https://web.archive.org/web/20090616224137id_/http://www.bsnpr.com:80/estadisticas/lideres.asp,2026-09-08T03:51:20Z
2009,tiros_libres_anotados,per_game,6,"Dalmau, Christian",Vaqueros,24,91,,,,,3.8,False,Serie Regular,2009-06-16,regular-season leader board as of 2009-06-16; season in progress at capture — provisional,single-source,wayback_bsnpr,https://web.archive.org/web/20090616224137id_/http://www.bsnpr.com:80/estadisticas/lideres.asp,2026-09-08T03:51:20Z
2009,tiros_libres_anotados,per_game,7,"Carmona, Alejandro",Gigantes,25,89,,,,,3.6,False,Serie Regular,2009-06-16,regular-season leader board as of 2009-06-16; season in progress at capture — provisional,single-source,wayback_bsnpr,https://web.archive.org/web/20090616224137id_/http://www.bsnpr.com:80/estadisticas/lideres.asp,2026-09-08T03:51:20Z
2009,tiros_libres_anotados,per_game,8,"Escalera, Carlos",Conquistadores,23,85,,,,,3.7,False,Serie Regular,2009-06-16,regular-season leader board as of 2009-06-16; season in progress at capture — provisional,single-source,wayback_bsnpr,https://web.archive.org/web/20090616224137id_/http://www.bsnpr.com:80/estadisticas/lideres.asp,2026-09-08T03:51:20Z
2009,tiros_libres_anotados,per_game,9,"Redhage, Shawn",Piratas,24,84,,,,,3.5,False,Serie Regular,2009-06-16,regular-season leader board as of 2009-06-16; season in progress at capture — provisional,single-source,wayback_bsnpr,https://web.archive.org/web/20090616224137id_/http://www.bsnpr.com:80/estadisticas/lideres.asp,2026-09-08T03:51:20Z
2009,tiros_libres_anotados,per_game,10,"Figueroa, Angel Luis",Capitanes,21,83,,,,,4.0,False,Serie Regular,2009-06-16,regular-season leader board as of 2009-06-16; season in progress at capture — provisional,single-source,wayback_bsnpr,https://web.archive.org/web/20090616224137id_/http://www.bsnpr.com:80/estadisticas/lideres.asp,2026-09-08T03:51:20Z
2009,tiros_libres_pct,percentage,1,"Maye, James",Indios,24,,76,83,,,91.6,False,Serie Regular,2009-06-16,regular-season leader board as of 2009-06-16; season in progress at capture — provisional,single-source,wayback_bsnpr,https://web.archive.org/web/20090616224137id_/http://www.bsnpr.com:80/estadisticas/lideres.asp,2026-09-08T03:51:20Z
2009,tiros_libres_pct,percentage,2,"Muoneke, Gabriel",,13,,68,78,,,87.2,False,Serie Regular,2009-06-16,regular-season leader board as of 2009-06-16; season in progress at capture — provisional,single-source,wayback_bsnpr,https://web.archive.org/web/20090616224137id_/http://www.bsnpr.com:80/estadisticas/lideres.asp,2026-09-08T03:51:20Z
2009,tiros_libres_pct,percentage,3,"Ayuso, Larry",Cangrejeros,24,,101,116,,,87.1,False,Serie Regular,2009-06-16,regular-season leader board as of 2009-06-16; season in progress at capture — provisional,single-source,wayback_bsnpr,https://web.archive.org/web/20090616224137id_/http://www.bsnpr.com:80/estadisticas/lideres.asp,2026-09-08T03:51:20Z
2009,tiros_libres_pct,percentage,4,"Wilson, Monty",Conquistadores,24,,63,73,,,86.3,False,Serie Regular,2009-06-16,regular-season leader board as of 2009-06-16; season in progress at capture — provisional,single-source,wayback_bsnpr,https://web.archive.org/web/20090616224137id_/http://www.bsnpr.com:80/estadisticas/lideres.asp,2026-09-08T03:51:20Z
2009,tiros_libres_pct,percentage,5,"Ere, Ebi",Gigantes,23,,78,92,,,84.8,False,Serie Regular,2009-06-16,regular-season leader board as of 2009-06-16; season in progress at capture — provisional,single-source,wayback_bsnpr,https://web.archive.org/web/20090616224137id_/http://www.bsnpr.com:80/estadisticas/lideres.asp,2026-09-08T03:51:20Z
2009,tiros_libres_pct,percentage,6,"Pellot, Jesse",Atleticos,24,,130,156,,,83.3,False,Serie Regular,2009-06-16,regular-season leader board as of 2009-06-16; season in progress at capture — provisional,single-source,wayback_bsnpr,https://web.archive.org/web/20090616224137id_/http://www.bsnpr.com:80/estadisticas/lideres.asp,2026-09-08T03:51:20Z
2009,tiros_libres_pct,percentage,7,"Redhage, Shawn",Piratas,24,,84,101,,,83.2,False,Serie Regular,2009-06-16,regular-season leader board as of 2009-06-16; season in progress at capture — provisional,single-source,wayback_bsnpr,https://web.archive.org/web/20090616224137id_/http://www.bsnpr.com:80/estadisticas/lideres.asp,2026-09-08T03:51:20Z
2009,tiros_libres_pct,percentage,8,"Escalera, Carlos",Conquistadores,23,,85,105,,,81.0,False,Serie Regular,2009-06-16,regular-season leader board as of 2009-06-16; season in progress at capture — provisional,single-source,wayback_bsnpr,https://web.archive.org/web/20090616224137id_/http://www.bsnpr.com:80/estadisticas/lideres.asp,2026-09-08T03:51:20Z
2009,tiros_libres_pct,percentage,9,"Carmona, Alejandro",Gigantes,25,,89,110,,,80.9,False,Serie Regular,2009-06-16,regular-season leader board as of 2009-06-16; season in progress at capture — provisional,single-source,wayback_bsnpr,https://web.archive.org/web/20090616224137id_/http://www.bsnpr.com:80/estadisticas/lideres.asp,2026-09-08T03:51:20Z
2009,tiros_libres_pct,percentage,10,"Nailon, Lee",Leones,24,,81,101,,,80.2,False,Serie Regular,2009-06-16,regular-season leader board as of 2009-06-16; season in progress at capture — provisional,single-source,wayback_bsnpr,https://web.archive.org/web/20090616224137id_/http://www.bsnpr.com:80/estadisticas/lideres.asp,2026-09-08T03:51:20Z
2009,turnovers,per_game,1,"Williams, Marcus",Piratas,24,95,,,,,4.0,False,Serie Regular,2009-06-16,regular-season leader board as of 2009-06-16; season in progress at capture — provisional,single-source,wayback_bsnpr,https://web.archive.org/web/20090616224137id_/http://www.bsnpr.com:80/estadisticas/lideres.asp,2026-09-08T03:51:20Z
2009,turnovers,per_game,2,"Osimani, Martin",,19,73,,,,,3.8,False,Serie Regular,2009-06-16,regular-season leader board as of 2009-06-16; season in progress at capture — provisional,single-source,wayback_bsnpr,https://web.archive.org/web/20090616224137id_/http://www.bsnpr.com:80/estadisticas/lideres.asp,2026-09-08T03:51:20Z
2009,turnovers,per_game,3,"Maye, James",Indios,24,71,,,,,3.0,False,Serie Regular,2009-06-16,regular-season leader board as of 2009-06-16; season in progress at capture — provisional,single-source,wayback_bsnpr,https://web.archive.org/web/20090616224137id_/http://www.bsnpr.com:80/estadisticas/lideres.asp,2026-09-08T03:51:20Z
2009,turnovers,per_game,4,"Dalmau, Christian",Vaqueros,24,70,,,,,2.9,False,Serie Regular,2009-06-16,regular-season leader board as of 2009-06-16; season in progress at capture — provisional,single-source,wayback_bsnpr,https://web.archive.org/web/20090616224137id_/http://www.bsnpr.com:80/estadisticas/lideres.asp,2026-09-08T03:51:20Z
2009,turnovers,per_game,5,"Escalera, Carlos",Conquistadores,23,68,,,,,3.0,False,Serie Regular,2009-06-16,regular-season leader board as of 2009-06-16; season in progress at capture — provisional,single-source,wayback_bsnpr,https://web.archive.org/web/20090616224137id_/http://www.bsnpr.com:80/estadisticas/lideres.asp,2026-09-08T03:51:20Z
2009,turnovers,per_game,6,"Guzman, Ansel M",Conquistadores,24,64,,,,,2.7,False,Serie Regular,2009-06-16,regular-season leader board as of 2009-06-16; season in progress at capture — provisional,single-source,wayback_bsnpr,https://web.archive.org/web/20090616224137id_/http://www.bsnpr.com:80/estadisticas/lideres.asp,2026-09-08T03:51:20Z
2009,turnovers,per_game,7,"Ayuso, Larry",Cangrejeros,24,59,,,,,2.5,False,Serie Regular,2009-06-16,regular-season leader board as of 2009-06-16; season in progress at capture — provisional,single-source,wayback_bsnpr,https://web.archive.org/web/20090616224137id_/http://www.bsnpr.com:80/estadisticas/lideres.asp,2026-09-08T03:51:20Z
2009,turnovers,per_game,8,"Nailon, Lee",Leones,24,57,,,,,2.4,False,Serie Regular,2009-06-16,regular-season leader board as of 2009-06-16; season in progress at capture — provisional,single-source,wayback_bsnpr,https://web.archive.org/web/20090616224137id_/http://www.bsnpr.com:80/estadisticas/lideres.asp,2026-09-08T03:51:20Z
2009,turnovers,per_game,9,"Carmona, Alejandro",Gigantes,25,56,,,,,2.2,False,Serie Regular,2009-06-16,regular-season leader board as of 2009-06-16; season in progress at capture — provisional,single-source,wayback_bsnpr,https://web.archive.org/web/20090616224137id_/http://www.bsnpr.com:80/estadisticas/lideres.asp,2026-09-08T03:51:20Z
2009,turnovers,per_game,10,"Figueroa, Angel Luis",Capitanes,21,56,,,,,2.7,False,Serie Regular,2009-06-16,regular-season leader board as of 2009-06-16; season in progress at capture — provisional,single-source,wayback_bsnpr,https://web.archive.org/web/20090616224137id_/http://www.bsnpr.com:80/estadisticas/lideres.asp,2026-09-08T03:51:20Z
2010,anotaciones,per_game,1,"Perez, Rafael Alb",Gallitos,2,45,,,,,22.5,False,Serie Regular,2010-03-09,regular-season leader board as of 2010-03-09; season in progress at capture — provisional,single-source,wayback_bsnpr,https://web.archive.org/web/20100309073911id_/http://bsnpr.com:80/estadisticas/lideres.asp?,2026-09-08T03:51:44Z
2010,anotaciones,per_game,2,"Copeland, Donald",Atleticos,2,42,,,,,21.0,False,Serie Regular,2010-03-09,regular-season leader board as of 2010-03-09; season in progress at capture — provisional,single-source,wayback_bsnpr,https://web.archive.org/web/20100309073911id_/http://bsnpr.com:80/estadisticas/lideres.asp?,2026-09-08T03:51:44Z
2010,anotaciones,per_game,3,"Figueroa, Angel Luis",Mets,2,41,,,,,20.5,False,Serie Regular,2010-03-09,regular-season leader board as of 2010-03-09; season in progress at capture — provisional,single-source,wayback_bsnpr,https://web.archive.org/web/20100309073911id_/http://bsnpr.com:80/estadisticas/lideres.asp?,2026-09-08T03:51:44Z
2010,anotaciones,per_game,4,"Dalmau, Christian",Vaqueros,2,41,,,,,20.5,False,Serie Regular,2010-03-09,regular-season leader board as of 2010-03-09; season in progress at capture — provisional,single-source,wayback_bsnpr,https://web.archive.org/web/20100309073911id_/http://bsnpr.com:80/estadisticas/lideres.asp?,2026-09-08T03:51:44Z
2010,anotaciones,per_game,5,"Ayuso, Larry",Capitanes,2,40,,,,,20.0,False,Serie Regular,2010-03-09,regular-season leader board as of 2010-03-09; season in progress at capture — provisional,single-source,wayback_bsnpr,https://web.archive.org/web/20100309073911id_/http://bsnpr.com:80/estadisticas/lideres.asp?,2026-09-08T03:51:44Z
2010,anotaciones,per_game,6,"Villegas, Johwen",Atleticos,2,39,,,,,19.5,False,Serie Regular,2010-03-09,regular-season leader board as of 2010-03-09; season in progress at capture — provisional,single-source,wayback_bsnpr,https://web.archive.org/web/20100309073911id_/http://bsnpr.com:80/estadisticas/lideres.asp?,2026-09-08T03:51:44Z
2010,anotaciones,per_game,7,"Melendez, Ricardo",Leones,2,38,,,,,19.0,False,Serie Regular,2010-03-09,regular-season leader board as of 2010-03-09; season in progress at capture — provisional,single-source,wayback_bsnpr,https://web.archive.org/web/20100309073911id_/http://bsnpr.com:80/estadisticas/lideres.asp?,2026-09-08T03:51:44Z
2010,anotaciones,per_game,8,"Green, Davin",Gallitos,2,38,,,,,19.0,False,Serie Regular,2010-03-09,regular-season leader board as of 2010-03-09; season in progress at capture — provisional,single-source,wayback_bsnpr,https://web.archive.org/web/20100309073911id_/http://bsnpr.com:80/estadisticas/lideres.asp?,2026-09-08T03:51:44Z
2010,anotaciones,per_game,9,"Escalera, Carlos",Mets,2,38,,,,,19.0,False,Serie Regular,2010-03-09,regular-season leader board as of 2010-03-09; season in progress at capture — provisional,single-source,wayback_bsnpr,https://web.archive.org/web/20100309073911id_/http://bsnpr.com:80/estadisticas/lideres.asp?,2026-09-08T03:51:44Z
2010,anotaciones,per_game,10,"Gale Jr., Michael",Indios,2,37,,,,,18.5,False,Serie Regular,2010-03-09,regular-season leader board as of 2010-03-09; season in progress at capture — provisional,single-source,wayback_bsnpr,https://web.archive.org/web/20100309073911id_/http://bsnpr.com:80/estadisticas/lideres.asp?,2026-09-08T03:51:44Z
2010,asistencias,per_game,1,"Dalmau, Christian",Vaqueros,2,14,,,,,7.0,False,Serie Regular,2010-03-09,regular-season leader board as of 2010-03-09; season in progress at capture — provisional,single-source,wayback_bsnpr,https://web.archive.org/web/20100309073911id_/http://bsnpr.com:80/estadisticas/lideres.asp?,2026-09-08T03:51:44Z
2010,asistencias,per_game,2,"Cruz, Alvin",Leones,2,13,,,,,6.5,False,Serie Regular,2010-03-09,regular-season leader board as of 2010-03-09; season in progress at capture — provisional,single-source,wayback_bsnpr,https://web.archive.org/web/20100309073911id_/http://bsnpr.com:80/estadisticas/lideres.asp?,2026-09-08T03:51:44Z
2010,asistencias,per_game,3,"Copeland, Donald",Atleticos,2,11,,,,,5.5,False,Serie Regular,2010-03-09,regular-season leader board as of 2010-03-09; season in progress at capture — provisional,single-source,wayback_bsnpr,https://web.archive.org/web/20100309073911id_/http://bsnpr.com:80/estadisticas/lideres.asp?,2026-09-08T03:51:44Z
2010,asistencias,per_game,4,"Cruz, Rafael",Capitanes,2,10,,,,,5.0,False,Serie Regular,2010-03-09,regular-season leader board as of 2010-03-09; season in progress at capture — provisional,single-source,wayback_bsnpr,https://web.archive.org/web/20100309073911id_/http://bsnpr.com:80/estadisticas/lideres.asp?,2026-09-08T03:51:44Z
2010,asistencias,per_game,5,"Rivera, Filiberto",Gallitos,2,9,,,,,4.5,False,Serie Regular,2010-03-09,regular-season leader board as of 2010-03-09; season in progress at capture — provisional,single-source,wayback_bsnpr,https://web.archive.org/web/20100309073911id_/http://bsnpr.com:80/estadisticas/lideres.asp?,2026-09-08T03:51:44Z
2010,asistencias,per_game,6,"Russell, Walker",Piratas,1,9,,,,,9.0,False,Serie Regular,2010-03-09,regular-season leader board as of 2010-03-09; season in progress at capture — provisional,single-source,wayback_bsnpr,https://web.archive.org/web/20100309073911id_/http://bsnpr.com:80/estadisticas/lideres.asp?,2026-09-08T03:51:44Z
2010,asistencias,per_game,7,"Figueroa, Angel Luis",Mets,2,8,,,,,4.0,False,Serie Regular,2010-03-09,regular-season leader board as of 2010-03-09; season in progress at capture — provisional,single-source,wayback_bsnpr,https://web.archive.org/web/20100309073911id_/http://bsnpr.com:80/estadisticas/lideres.asp?,2026-09-08T03:51:44Z
2010,asistencias,per_game,8,"Hatton, Roberto Jo",Leones,2,7,,,,,3.5,False,Serie Regular,2010-03-09,regular-season leader board as of 2010-03-09; season in progress at capture — provisional,single-source,wayback_bsnpr,https://web.archive.org/web/20100309073911id_/http://bsnpr.com:80/estadisticas/lideres.asp?,2026-09-08T03:51:44Z
2010,asistencias,per_game,9,"Green, Davin",Gallitos,2,7,,,,,3.5,False,Serie Regular,2010-03-09,regular-season leader board as of 2010-03-09; season in progress at capture — provisional,single-source,wayback_bsnpr,https://web.archive.org/web/20100309073911id_/http://bsnpr.com:80/estadisticas/lideres.asp?,2026-09-08T03:51:44Z
2010,asistencias,per_game,10,"Guzman, Ansel M",Mets,2,7,,,,,3.5,False,Serie Regular,2010-03-09,regular-season leader board as of 2010-03-09; season in progress at capture — provisional,single-source,wayback_bsnpr,https://web.archive.org/web/20100309073911id_/http://bsnpr.com:80/estadisticas/lideres.asp?,2026-09-08T03:51:44Z
2010,bloqueos,per_game,1,"Priutt, Shawn",Gallitos,2,5,,,,,2.5,False,Serie Regular,2010-03-09,regular-season leader board as of 2010-03-09; season in progress at capture — provisional,single-source,wayback_bsnpr,https://web.archive.org/web/20100309073911id_/http://bsnpr.com:80/estadisticas/lideres.asp?,2026-09-08T03:51:44Z
2010,bloqueos,per_game,2,"Collins, De angelo",Leones,2,5,,,,,2.5,False,Serie Regular,2010-03-09,regular-season leader board as of 2010-03-09; season in progress at capture — provisional,single-source,wayback_bsnpr,https://web.archive.org/web/20100309073911id_/http://bsnpr.com:80/estadisticas/lideres.asp?,2026-09-08T03:51:44Z
2010,bloqueos,per_game,3,"Rivas, Luis A.",Gallitos,2,4,,,,,2.0,False,Serie Regular,2010-03-09,regular-season leader board as of 2010-03-09; season in progress at capture — provisional,single-source,wayback_bsnpr,https://web.archive.org/web/20100309073911id_/http://bsnpr.com:80/estadisticas/lideres.asp?,2026-09-08T03:51:44Z
2010,bloqueos,per_game,4,"Wingate, Major",Caciques,2,4,,,,,2.0,False,Serie Regular,2010-03-09,regular-season leader board as of 2010-03-09; season in progress at capture — provisional,single-source,wayback_bsnpr,https://web.archive.org/web/20100309073911id_/http://bsnpr.com:80/estadisticas/lideres.asp?,2026-09-08T03:51:44Z
2010,bloqueos,per_game,5,"Lee, Carmelo An",Vaqueros,2,4,,,,,2.0,False,Serie Regular,2010-03-09,regular-season leader board as of 2010-03-09; season in progress at capture — provisional,single-source,wayback_bsnpr,https://web.archive.org/web/20100309073911id_/http://bsnpr.com:80/estadisticas/lideres.asp?,2026-09-08T03:51:44Z
2010,bloqueos,per_game,6,"Colon, Gabriel",Leones,2,4,,,,,2.0,False,Serie Regular,2010-03-09,regular-season leader board as of 2010-03-09; season in progress at capture — provisional,single-source,wayback_bsnpr,https://web.archive.org/web/20100309073911id_/http://bsnpr.com:80/estadisticas/lideres.asp?,2026-09-08T03:51:44Z
2010,bloqueos,per_game,7,"Walker, Antoine",Mets,2,3,,,,,1.5,False,Serie Regular,2010-03-09,regular-season leader board as of 2010-03-09; season in progress at capture — provisional,single-source,wayback_bsnpr,https://web.archive.org/web/20100309073911id_/http://bsnpr.com:80/estadisticas/lideres.asp?,2026-09-08T03:51:44Z
2010,bloqueos,per_game,8,"Ortiz, Andres",Mets,2,3,,,,,1.5,False,Serie Regular,2010-03-09,regular-season leader board as of 2010-03-09; season in progress at capture — provisional,single-source,wayback_bsnpr,https://web.archive.org/web/20100309073911id_/http://bsnpr.com:80/estadisticas/lideres.asp?,2026-09-08T03:51:44Z
2010,bloqueos,per_game,9,"Jimenez, Giovanni",Indios,2,2,,,,,1.0,False,Serie Regular,2010-03-09,regular-season leader board as of 2010-03-09; season in progress at capture — provisional,single-source,wayback_bsnpr,https://web.archive.org/web/20100309073911id_/http://bsnpr.com:80/estadisticas/lideres.asp?,2026-09-08T03:51:44Z
2010,bloqueos,per_game,10,"Rivera, Jose Luis",Gallitos,2,2,,,,,1.0,False,Serie Regular,2010-03-09,regular-season leader board as of 2010-03-09; season in progress at capture — provisional,single-source,wayback_bsnpr,https://web.archive.org/web/20100309073911id_/http://bsnpr.com:80/estadisticas/lideres.asp?,2026-09-08T03:51:44Z
2010,cortes_balon,per_game,1,"Copeland, Donald",Atleticos,2,6,,,,,3.0,False,Serie Regular,2010-03-09,regular-season leader board as of 2010-03-09; season in progress at capture — provisional,single-source,wayback_bsnpr,https://web.archive.org/web/20100309073911id_/http://bsnpr.com:80/estadisticas/lideres.asp?,2026-09-08T03:51:44Z
2010,cortes_balon,per_game,2,"Berdiel, Miguel Ali",Caciques,2,5,,,,,2.5,False,Serie Regular,2010-03-09,regular-season leader board as of 2010-03-09; season in progress at capture — provisional,single-source,wayback_bsnpr,https://web.archive.org/web/20100309073911id_/http://bsnpr.com:80/estadisticas/lideres.asp?,2026-09-08T03:51:44Z
2010,cortes_balon,per_game,3,"Perez, Rafael Alb",Gallitos,2,4,,,,,2.0,False,Serie Regular,2010-03-09,regular-season leader board as of 2010-03-09; season in progress at capture — provisional,single-source,wayback_bsnpr,https://web.archive.org/web/20100309073911id_/http://bsnpr.com:80/estadisticas/lideres.asp?,2026-09-08T03:51:44Z
2010,cortes_balon,per_game,4,"Ayala, Sadell",Caciques,2,4,,,,,2.0,False,Serie Regular,2010-03-09,regular-season leader board as of 2010-03-09; season in progress at capture — provisional,single-source,wayback_bsnpr,https://web.archive.org/web/20100309073911id_/http://bsnpr.com:80/estadisticas/lideres.asp?,2026-09-08T03:51:44Z
2010,cortes_balon,per_game,5,"Mojica, Javier",Vaqueros,2,4,,,,,2.0,False,Serie Regular,2010-03-09,regular-season leader board as of 2010-03-09; season in progress at capture — provisional,single-source,wayback_bsnpr,https://web.archive.org/web/20100309073911id_/http://bsnpr.com:80/estadisticas/lideres.asp?,2026-09-08T03:51:44Z
2010,cortes_balon,per_game,6,"Lee, Carmelo An",Vaqueros,2,4,,,,,2.0,False,Serie Regular,2010-03-09,regular-season leader board as of 2010-03-09; season in progress at capture — provisional,single-source,wayback_bsnpr,https://web.archive.org/web/20100309073911id_/http://bsnpr.com:80/estadisticas/lideres.asp?,2026-09-08T03:51:44Z
2010,cortes_balon,per_game,7,"Cortes, David",Capitanes,2,4,,,,,2.0,False,Serie Regular,2010-03-09,regular-season leader board as of 2010-03-09; season in progress at capture — provisional,single-source,wayback_bsnpr,https://web.archive.org/web/20100309073911id_/http://bsnpr.com:80/estadisticas/lideres.asp?,2026-09-08T03:51:44Z
2010,cortes_balon,per_game,8,"Cruz, Alvin",Leones,2,3,,,,,1.5,False,Serie Regular,2010-03-09,regular-season leader board as of 2010-03-09; season in progress at capture — provisional,single-source,wayback_bsnpr,https://web.archive.org/web/20100309073911id_/http://bsnpr.com:80/estadisticas/lideres.asp?,2026-09-08T03:51:44Z
2010,cortes_balon,per_game,9,"Hinson, Darnell",Gallitos,2,3,,,,,1.5,False,Serie Regular,2010-03-09,regular-season leader board as of 2010-03-09; season in progress at capture — provisional,single-source,wayback_bsnpr,https://web.archive.org/web/20100309073911id_/http://bsnpr.com:80/estadisticas/lideres.asp?,2026-09-08T03:51:44Z
2010,cortes_balon,per_game,10,"Han, Francis Jo",Gallitos,2,3,,,,,1.5,False,Serie Regular,2010-03-09,regular-season leader board as of 2010-03-09; season in progress at capture — provisional,single-source,wayback_bsnpr,https://web.archive.org/web/20100309073911id_/http://bsnpr.com:80/estadisticas/lideres.asp?,2026-09-08T03:51:44Z
2010,rebotes,per_game,1,"Priutt, Shawn",Gallitos,2,28,,,20,8,14.0,False,Serie Regular,2010-03-09,regular-season leader board as of 2010-03-09; season in progress at capture — provisional,single-source,wayback_bsnpr,https://web.archive.org/web/20100309073911id_/http://bsnpr.com:80/estadisticas/lideres.asp?,2026-09-08T03:51:44Z
2010,rebotes,per_game,2,"Dyer, Alphonse",Atleticos,2,24,,,17,7,12.0,False,Serie Regular,2010-03-09,regular-season leader board as of 2010-03-09; season in progress at capture — provisional,single-source,wayback_bsnpr,https://web.archive.org/web/20100309073911id_/http://bsnpr.com:80/estadisticas/lideres.asp?,2026-09-08T03:51:44Z
2010,rebotes,per_game,3,"Walker, Antoine",Mets,2,21,,,14,7,10.5,False,Serie Regular,2010-03-09,regular-season leader board as of 2010-03-09; season in progress at capture — provisional,single-source,wayback_bsnpr,https://web.archive.org/web/20100309073911id_/http://bsnpr.com:80/estadisticas/lideres.asp?,2026-09-08T03:51:44Z
2010,rebotes,per_game,4,"Collins, De angelo",Leones,2,18,,,10,8,9.0,False,Serie Regular,2010-03-09,regular-season leader board as of 2010-03-09; season in progress at capture — provisional,single-source,wayback_bsnpr,https://web.archive.org/web/20100309073911id_/http://bsnpr.com:80/estadisticas/lideres.asp?,2026-09-08T03:51:44Z
2010,rebotes,per_game,5,"Figueroa, Angel Luis",Mets,2,17,,,13,4,8.5,False,Serie Regular,2010-03-09,regular-season leader board as of 2010-03-09; season in progress at capture — provisional,single-source,wayback_bsnpr,https://web.archive.org/web/20100309073911id_/http://bsnpr.com:80/estadisticas/lideres.asp?,2026-09-08T03:51:44Z
2010,rebotes,per_game,6,"Ofoegbu, Ike",Indios,2,16,,,8,8,8.0,False,Serie Regular,2010-03-09,regular-season leader board as of 2010-03-09; season in progress at capture — provisional,single-source,wayback_bsnpr,https://web.archive.org/web/20100309073911id_/http://bsnpr.com:80/estadisticas/lideres.asp?,2026-09-08T03:51:44Z
2010,rebotes,per_game,7,"Colon, Gabriel",Leones,2,16,,,14,2,8.0,False,Serie Regular,2010-03-09,regular-season leader board as of 2010-03-09; season in progress at capture — provisional,single-source,wayback_bsnpr,https://web.archive.org/web/20100309073911id_/http://bsnpr.com:80/estadisticas/lideres.asp?,2026-09-08T03:51:44Z
2010,rebotes,per_game,8,"Aubry, Jeffrion",Capitanes,2,15,,,8,7,7.5,False,Serie Regular,2010-03-09,regular-season leader board as of 2010-03-09; season in progress at capture — provisional,single-source,wayback_bsnpr,https://web.archive.org/web/20100309073911id_/http://bsnpr.com:80/estadisticas/lideres.asp?,2026-09-08T03:51:44Z
2010,rebotes,per_game,9,"Narvaez, Manuel Ant",Leones,2,15,,,11,4,7.5,False,Serie Regular,2010-03-09,regular-season leader board as of 2010-03-09; season in progress at capture — provisional,single-source,wayback_bsnpr,https://web.archive.org/web/20100309073911id_/http://bsnpr.com:80/estadisticas/lideres.asp?,2026-09-08T03:51:44Z
2010,rebotes,per_game,10,"Reyes, Angelo",Capitanes,2,15,,,11,4,7.5,False,Serie Regular,2010-03-09,regular-season leader board as of 2010-03-09; season in progress at capture — provisional,single-source,wayback_bsnpr,https://web.archive.org/web/20100309073911id_/http://bsnpr.com:80/estadisticas/lideres.asp?,2026-09-08T03:51:44Z
2010,rebotes_ofensivos,per_game,1,"Priutt, Shawn",Gallitos,2,8,,,,,4.0,False,Serie Regular,2010-03-09,regular-season leader board as of 2010-03-09; season in progress at capture — provisional,single-source,wayback_bsnpr,https://web.archive.org/web/20100309073911id_/http://bsnpr.com:80/estadisticas/lideres.asp?,2026-09-08T03:51:44Z
2010,rebotes_ofensivos,per_game,2,"Ofoegbu, Ike",Indios,2,8,,,,,4.0,False,Serie Regular,2010-03-09,regular-season leader board as of 2010-03-09; season in progress at capture — provisional,single-source,wayback_bsnpr,https://web.archive.org/web/20100309073911id_/http://bsnpr.com:80/estadisticas/lideres.asp?,2026-09-08T03:51:44Z
2010,rebotes_ofensivos,per_game,3,"Collins, De angelo",Leones,2,8,,,,,4.0,False,Serie Regular,2010-03-09,regular-season leader board as of 2010-03-09; season in progress at capture — provisional,single-source,wayback_bsnpr,https://web.archive.org/web/20100309073911id_/http://bsnpr.com:80/estadisticas/lideres.asp?,2026-09-08T03:51:44Z
2010,rebotes_ofensivos,per_game,4,"Aubry, Jeffrion",Capitanes,2,7,,,,,3.5,False,Serie Regular,2010-03-09,regular-season leader board as of 2010-03-09; season in progress at capture — provisional,single-source,wayback_bsnpr,https://web.archive.org/web/20100309073911id_/http://bsnpr.com:80/estadisticas/lideres.asp?,2026-09-08T03:51:44Z
2010,rebotes_ofensivos,per_game,5,"Dyer, Alphonse",Atleticos,2,7,,,,,3.5,False,Serie Regular,2010-03-09,regular-season leader board as of 2010-03-09; season in progress at capture — provisional,single-source,wayback_bsnpr,https://web.archive.org/web/20100309073911id_/http://bsnpr.com:80/estadisticas/lideres.asp?,2026-09-08T03:51:44Z
2010,rebotes_ofensivos,per_game,6,"Walker, Antoine",Mets,2,7,,,,,3.5,False,Serie Regular,2010-03-09,regular-season leader board as of 2010-03-09; season in progress at capture — provisional,single-source,wayback_bsnpr,https://web.archive.org/web/20100309073911id_/http://bsnpr.com:80/estadisticas/lideres.asp?,2026-09-08T03:51:44Z
2010,rebotes_ofensivos,per_game,7,"Perez, Rafael Alb",Gallitos,2,6,,,,,3.0,False,Serie Regular,2010-03-09,regular-season leader board as of 2010-03-09; season in progress at capture — provisional,single-source,wayback_bsnpr,https://web.archive.org/web/20100309073911id_/http://bsnpr.com:80/estadisticas/lideres.asp?,2026-09-08T03:51:44Z
2010,rebotes_ofensivos,per_game,8,"Mays, James",Caciques,2,6,,,,,3.0,False,Serie Regular,2010-03-09,regular-season leader board as of 2010-03-09; season in progress at capture — provisional,single-source,wayback_bsnpr,https://web.archive.org/web/20100309073911id_/http://bsnpr.com:80/estadisticas/lideres.asp?,2026-09-08T03:51:44Z
2010,rebotes_ofensivos,per_game,9,"Western, Franklin",Vaqueros,2,6,,,,,3.0,False,Serie Regular,2010-03-09,regular-season leader board as of 2010-03-09; season in progress at capture — provisional,single-source,wayback_bsnpr,https://web.archive.org/web/20100309073911id_/http://bsnpr.com:80/estadisticas/lideres.asp?,2026-09-08T03:51:44Z
2010,rebotes_ofensivos,per_game,10,"Nailon, Lee",Piratas,1,6,,,,,6.0,False,Serie Regular,2010-03-09,regular-season leader board as of 2010-03-09; season in progress at capture — provisional,single-source,wayback_bsnpr,https://web.archive.org/web/20100309073911id_/http://bsnpr.com:80/estadisticas/lideres.asp?,2026-09-08T03:51:44Z
2010,tiros_libres_anotados,per_game,1,"Copeland, Donald",Atleticos,2,13,,,,,6.5,False,Serie Regular,2010-03-09,regular-season leader board as of 2010-03-09; season in progress at capture — provisional,single-source,wayback_bsnpr,https://web.archive.org/web/20100309073911id_/http://bsnpr.com:80/estadisticas/lideres.asp?,2026-09-08T03:51:44Z
2010,tiros_libres_anotados,per_game,2,"Ayuso, Larry",Capitanes,2,12,,,,,6.0,False,Serie Regular,2010-03-09,regular-season leader board as of 2010-03-09; season in progress at capture — provisional,single-source,wayback_bsnpr,https://web.archive.org/web/20100309073911id_/http://bsnpr.com:80/estadisticas/lideres.asp?,2026-09-08T03:51:44Z
2010,tiros_libres_anotados,per_game,3,"Green, Davin",Gallitos,2,11,,,,,5.5,False,Serie Regular,2010-03-09,regular-season leader board as of 2010-03-09; season in progress at capture — provisional,single-source,wayback_bsnpr,https://web.archive.org/web/20100309073911id_/http://bsnpr.com:80/estadisticas/lideres.asp?,2026-09-08T03:51:44Z
2010,tiros_libres_anotados,per_game,4,"Cruz, Alvin",Leones,2,10,,,,,5.0,False,Serie Regular,2010-03-09,regular-season leader board as of 2010-03-09; season in progress at capture — provisional,single-source,wayback_bsnpr,https://web.archive.org/web/20100309073911id_/http://bsnpr.com:80/estadisticas/lideres.asp?,2026-09-08T03:51:44Z
2010,tiros_libres_anotados,per_game,5,"Johnson, DeMarco",Vaqueros,2,10,,,,,5.0,False,Serie Regular,2010-03-09,regular-season leader board as of 2010-03-09; season in progress at capture — provisional,single-source,wayback_bsnpr,https://web.archive.org/web/20100309073911id_/http://bsnpr.com:80/estadisticas/lideres.asp?,2026-09-08T03:51:44Z
2010,tiros_libres_anotados,per_game,6,"Figueroa, Angel Luis",Mets,2,9,,,,,4.5,False,Serie Regular,2010-03-09,regular-season leader board as of 2010-03-09; season in progress at capture — provisional,single-source,wayback_bsnpr,https://web.archive.org/web/20100309073911id_/http://bsnpr.com:80/estadisticas/lideres.asp?,2026-09-08T03:51:44Z
2010,tiros_libres_anotados,per_game,7,"Rivera, Filiberto",Gallitos,2,9,,,,,4.5,False,Serie Regular,2010-03-09,regular-season leader board as of 2010-03-09; season in progress at capture — provisional,single-source,wayback_bsnpr,https://web.archive.org/web/20100309073911id_/http://bsnpr.com:80/estadisticas/lideres.asp?,2026-09-08T03:51:44Z
2010,tiros_libres_anotados,per_game,8,"Johnson, DerMarr",Leones,2,8,,,,,4.0,False,Serie Regular,2010-03-09,regular-season leader board as of 2010-03-09; season in progress at capture — provisional,single-source,wayback_bsnpr,https://web.archive.org/web/20100309073911id_/http://bsnpr.com:80/estadisticas/lideres.asp?,2026-09-08T03:51:44Z
2010,tiros_libres_anotados,per_game,9,"Reyes, Angelo",Capitanes,2,8,,,,,4.0,False,Serie Regular,2010-03-09,regular-season leader board as of 2010-03-09; season in progress at capture — provisional,single-source,wayback_bsnpr,https://web.archive.org/web/20100309073911id_/http://bsnpr.com:80/estadisticas/lideres.asp?,2026-09-08T03:51:44Z
2010,tiros_libres_anotados,per_game,10,"Dalmau, Christian",Vaqueros,2,8,,,,,4.0,False,Serie Regular,2010-03-09,regular-season leader board as of 2010-03-09; season in progress at capture — provisional,single-source,wayback_bsnpr,https://web.archive.org/web/20100309073911id_/http://bsnpr.com:80/estadisticas/lideres.asp?,2026-09-08T03:51:44Z
2010,turnovers,per_game,1,"Copeland, Donald",Atleticos,2,11,,,,,5.5,False,Serie Regular,2010-03-09,regular-season leader board as of 2010-03-09; season in progress at capture — provisional,single-source,wayback_bsnpr,https://web.archive.org/web/20100309073911id_/http://bsnpr.com:80/estadisticas/lideres.asp?,2026-09-08T03:51:44Z
2010,turnovers,per_game,2,"Mays, James",Caciques,2,8,,,,,4.0,False,Serie Regular,2010-03-09,regular-season leader board as of 2010-03-09; season in progress at capture — provisional,single-source,wayback_bsnpr,https://web.archive.org/web/20100309073911id_/http://bsnpr.com:80/estadisticas/lideres.asp?,2026-09-08T03:51:44Z
2010,turnovers,per_game,3,"Dalmau, Christian",Vaqueros,2,8,,,,,4.0,False,Serie Regular,2010-03-09,regular-season leader board as of 2010-03-09; season in progress at capture — provisional,single-source,wayback_bsnpr,https://web.archive.org/web/20100309073911id_/http://bsnpr.com:80/estadisticas/lideres.asp?,2026-09-08T03:51:44Z
2010,turnovers,per_game,4,"Priutt, Shawn",Gallitos,2,7,,,,,3.5,False,Serie Regular,2010-03-09,regular-season leader board as of 2010-03-09; season in progress at capture — provisional,single-source,wayback_bsnpr,https://web.archive.org/web/20100309073911id_/http://bsnpr.com:80/estadisticas/lideres.asp?,2026-09-08T03:51:44Z
2010,turnovers,per_game,5,"Ayuso, Larry",Capitanes,2,7,,,,,3.5,False,Serie Regular,2010-03-09,regular-season leader board as of 2010-03-09; season in progress at capture — provisional,single-source,wayback_bsnpr,https://web.archive.org/web/20100309073911id_/http://bsnpr.com:80/estadisticas/lideres.asp?,2026-09-08T03:51:44Z
2010,turnovers,per_game,6,"Wingate, Major",Caciques,2,6,,,,,3.0,False,Serie Regular,2010-03-09,regular-season leader board as of 2010-03-09; season in progress at capture — provisional,single-source,wayback_bsnpr,https://web.archive.org/web/20100309073911id_/http://bsnpr.com:80/estadisticas/lideres.asp?,2026-09-08T03:51:44Z
2010,turnovers,per_game,7,"Walker, Blake",Atleticos,2,6,,,,,3.0,False,Serie Regular,2010-03-09,regular-season leader board as of 2010-03-09; season in progress at capture — provisional,single-source,wayback_bsnpr,https://web.archive.org/web/20100309073911id_/http://bsnpr.com:80/estadisticas/lideres.asp?,2026-09-08T03:51:44Z
2010,turnovers,per_game,8,"Perez, Rafael Alb",Gallitos,2,5,,,,,2.5,False,Serie Regular,2010-03-09,regular-season leader board as of 2010-03-09; season in progress at capture — provisional,single-source,wayback_bsnpr,https://web.archive.org/web/20100309073911id_/http://bsnpr.com:80/estadisticas/lideres.asp?,2026-09-08T03:51:44Z
2010,turnovers,per_game,9,"Walker, Antoine",Mets,2,5,,,,,2.5,False,Serie Regular,2010-03-09,regular-season leader board as of 2010-03-09; season in progress at capture — provisional,single-source,wayback_bsnpr,https://web.archive.org/web/20100309073911id_/http://bsnpr.com:80/estadisticas/lideres.asp?,2026-09-08T03:51:44Z
2010,turnovers,per_game,10,"Rodriguez, Andres",Capitanes,2,5,,,,,2.5,False,Serie Regular,2010-03-09,regular-season leader board as of 2010-03-09; season in progress at capture — provisional,single-source,wayback_bsnpr,https://web.archive.org/web/20100309073911id_/http://bsnpr.com:80/estadisticas/lideres.asp?,2026-09-08T03:51:44Z
2012,anotaciones,per_game,1,"Thornton, Al",Brujos,28,708,,,,,25.3,False,Serie Regular,2012-04-30,regular-season leader board as of 2012-04-30; season in progress at capture — provisional,single-source,wayback_bsnpr,https://web.archive.org/web/20120430040958id_/http://www.bsnpr.com:80/estadisticas/lideres.asp,2026-09-08T03:51:55Z
2012,anotaciones,per_game,2,"Ramos, Peter John",Piratas,27,497,,,,,18.4,False,Serie Regular,2012-04-30,regular-season leader board as of 2012-04-30; season in progress at capture — provisional,single-source,wayback_bsnpr,https://web.archive.org/web/20120430040958id_/http://www.bsnpr.com:80/estadisticas/lideres.asp,2026-09-08T03:51:55Z
2012,anotaciones,per_game,3,"Dalmau, Christian",Vaqueros,24,453,,,,,18.9,False,Serie Regular,2012-04-30,regular-season leader board as of 2012-04-30; season in progress at capture — provisional,single-source,wayback_bsnpr,https://web.archive.org/web/20120430040958id_/http://www.bsnpr.com:80/estadisticas/lideres.asp,2026-09-08T03:51:55Z
2012,anotaciones,per_game,4,"Harris, Mike",Atleticos,20,435,,,,,21.8,False,Serie Regular,2012-04-30,regular-season leader board as of 2012-04-30; season in progress at capture — provisional,single-source,wayback_bsnpr,https://web.archive.org/web/20120430040958id_/http://www.bsnpr.com:80/estadisticas/lideres.asp,2026-09-08T03:51:55Z
2012,anotaciones,per_game,5,"Ayuso, Elias 'Lar",Capitanes,24,434,,,,,18.1,False,Serie Regular,2012-04-30,regular-season leader board as of 2012-04-30; season in progress at capture — provisional,single-source,wayback_bsnpr,https://web.archive.org/web/20120430040958id_/http://www.bsnpr.com:80/estadisticas/lideres.asp,2026-09-08T03:51:55Z
2012,anotaciones,per_game,6,"Maye, James",Mets,27,413,,,,,15.3,False,Serie Regular,2012-04-30,regular-season leader board as of 2012-04-30; season in progress at capture — provisional,single-source,wayback_bsnpr,https://web.archive.org/web/20120430040958id_/http://www.bsnpr.com:80/estadisticas/lideres.asp,2026-09-08T03:51:55Z
2012,anotaciones,per_game,7,"Pinnock, Danilo",Capitanes,27,382,,,,,14.1,False,Serie Regular,2012-04-30,regular-season leader board as of 2012-04-30; season in progress at capture — provisional,single-source,wayback_bsnpr,https://web.archive.org/web/20120430040958id_/http://www.bsnpr.com:80/estadisticas/lideres.asp,2026-09-08T03:51:55Z
2012,anotaciones,per_game,8,"Galindo, Alex",Brujos,25,374,,,,,15.0,False,Serie Regular,2012-04-30,regular-season leader board as of 2012-04-30; season in progress at capture — provisional,single-source,wayback_bsnpr,https://web.archive.org/web/20120430040958id_/http://www.bsnpr.com:80/estadisticas/lideres.asp,2026-09-08T03:51:55Z
2012,anotaciones,per_game,9,"Rivera, Carlos Rub",Indios,27,368,,,,,13.6,False,Serie Regular,2012-04-30,regular-season leader board as of 2012-04-30; season in progress at capture — provisional,single-source,wayback_bsnpr,https://web.archive.org/web/20120430040958id_/http://www.bsnpr.com:80/estadisticas/lideres.asp,2026-09-08T03:51:55Z
2012,anotaciones,per_game,10,"O'Bryant, Patrick",Indios,28,368,,,,,13.1,False,Serie Regular,2012-04-30,regular-season leader board as of 2012-04-30; season in progress at capture — provisional,single-source,wayback_bsnpr,https://web.archive.org/web/20120430040958id_/http://www.bsnpr.com:80/estadisticas/lideres.asp,2026-09-08T03:51:55Z
2012,asistencias,per_game,1,"Guzman, Ansel M",Mets,27,149,,,,,5.5,False,Serie Regular,2012-04-30,regular-season leader board as of 2012-04-30; season in progress at capture — provisional,single-source,wayback_bsnpr,https://web.archive.org/web/20120430040958id_/http://www.bsnpr.com:80/estadisticas/lideres.asp,2026-09-08T03:51:55Z
2012,asistencias,per_game,2,"Rivera, Filiberto",Atleticos,24,136,,,,,5.7,False,Serie Regular,2012-04-30,regular-season leader board as of 2012-04-30; season in progress at capture — provisional,single-source,wayback_bsnpr,https://web.archive.org/web/20120430040958id_/http://www.bsnpr.com:80/estadisticas/lideres.asp,2026-09-08T03:51:55Z
2012,asistencias,per_game,3,"Smith, Donta",Indios,23,130,,,,,5.7,False,Serie Regular,2012-04-30,regular-season leader board as of 2012-04-30; season in progress at capture — provisional,single-source,wayback_bsnpr,https://web.archive.org/web/20120430040958id_/http://www.bsnpr.com:80/estadisticas/lideres.asp,2026-09-08T03:51:55Z
2012,asistencias,per_game,4,"Pagan, Wilfredo",Brujos,26,129,,,,,5.0,False,Serie Regular,2012-04-30,regular-season leader board as of 2012-04-30; season in progress at capture — provisional,single-source,wayback_bsnpr,https://web.archive.org/web/20120430040958id_/http://www.bsnpr.com:80/estadisticas/lideres.asp,2026-09-08T03:51:55Z
2012,asistencias,per_game,5,"Pinnock, Danilo",Capitanes,27,126,,,,,4.7,False,Serie Regular,2012-04-30,regular-season leader board as of 2012-04-30; season in progress at capture — provisional,single-source,wayback_bsnpr,https://web.archive.org/web/20120430040958id_/http://www.bsnpr.com:80/estadisticas/lideres.asp,2026-09-08T03:51:55Z
2012,asistencias,per_game,6,"Garcia, Jonathan",Caciques,27,115,,,,,4.3,False,Serie Regular,2012-04-30,regular-season leader board as of 2012-04-30; season in progress at capture — provisional,single-source,wayback_bsnpr,https://web.archive.org/web/20120430040958id_/http://www.bsnpr.com:80/estadisticas/lideres.asp,2026-09-08T03:51:55Z
2012,asistencias,per_game,7,"Dalmau, Christian",Vaqueros,24,96,,,,,4.0,False,Serie Regular,2012-04-30,regular-season leader board as of 2012-04-30; season in progress at capture — provisional,single-source,wayback_bsnpr,https://web.archive.org/web/20120430040958id_/http://www.bsnpr.com:80/estadisticas/lideres.asp,2026-09-08T03:51:55Z
2012,asistencias,per_game,8,"Rodriguez, Joey",Atleticos,28,91,,,,,3.2,False,Serie Regular,2012-04-30,regular-season leader board as of 2012-04-30; season in progress at capture — provisional,single-source,wayback_bsnpr,https://web.archive.org/web/20120430040958id_/http://www.bsnpr.com:80/estadisticas/lideres.asp,2026-09-08T03:51:55Z
2012,asistencias,per_game,9,"Rivera, Carlos Rub",Indios,27,86,,,,,3.2,False,Serie Regular,2012-04-30,regular-season leader board as of 2012-04-30; season in progress at capture — provisional,single-source,wayback_bsnpr,https://web.archive.org/web/20120430040958id_/http://www.bsnpr.com:80/estadisticas/lideres.asp,2026-09-08T03:51:55Z
2012,asistencias,per_game,10,"Cruz, Alvin",Piratas,23,78,,,,,3.4,False,Serie Regular,2012-04-30,regular-season leader board as of 2012-04-30; season in progress at capture — provisional,single-source,wayback_bsnpr,https://web.archive.org/web/20120430040958id_/http://www.bsnpr.com:80/estadisticas/lideres.asp,2026-09-08T03:51:55Z
2012,bloqueos,per_game,1,"Lamizana, Herve",Vaqueros,25,59,,,,,2.4,False,Serie Regular,2012-04-30,regular-season leader board as of 2012-04-30; season in progress at capture — provisional,single-source,wayback_bsnpr,https://web.archive.org/web/20120430040958id_/http://www.bsnpr.com:80/estadisticas/lideres.asp,2026-09-08T03:51:55Z
2012,bloqueos,per_game,2,"O'Bryant, Patrick",Indios,28,50,,,,,1.8,False,Serie Regular,2012-04-30,regular-season leader board as of 2012-04-30; season in progress at capture — provisional,single-source,wayback_bsnpr,https://web.archive.org/web/20120430040958id_/http://www.bsnpr.com:80/estadisticas/lideres.asp,2026-09-08T03:51:55Z
2012,bloqueos,per_game,3,"Thornton, Al",Brujos,28,45,,,,,1.6,False,Serie Regular,2012-04-30,regular-season leader board as of 2012-04-30; season in progress at capture — provisional,single-source,wayback_bsnpr,https://web.archive.org/web/20120430040958id_/http://www.bsnpr.com:80/estadisticas/lideres.asp,2026-09-08T03:51:55Z
2012,bloqueos,per_game,4,"Ramos, Peter John",Piratas,27,33,,,,,1.2,False,Serie Regular,2012-04-30,regular-season leader board as of 2012-04-30; season in progress at capture — provisional,single-source,wayback_bsnpr,https://web.archive.org/web/20120430040958id_/http://www.bsnpr.com:80/estadisticas/lideres.asp,2026-09-08T03:51:55Z
2012,bloqueos,per_game,5,"Shannon, Terrence",,19,31,,,,,1.6,False,Serie Regular,2012-04-30,regular-season leader board as of 2012-04-30; season in progress at capture — provisional,single-source,wayback_bsnpr,https://web.archive.org/web/20120430040958id_/http://www.bsnpr.com:80/estadisticas/lideres.asp,2026-09-08T03:51:55Z
2012,bloqueos,per_game,6,"Aubry, Jeffrion",Capitanes,24,30,,,,,1.2,False,Serie Regular,2012-04-30,regular-season leader board as of 2012-04-30; season in progress at capture — provisional,single-source,wayback_bsnpr,https://web.archive.org/web/20120430040958id_/http://www.bsnpr.com:80/estadisticas/lideres.asp,2026-09-08T03:51:55Z
2012,bloqueos,per_game,7,"Burgess, Chris",,21,30,,,,,1.4,False,Serie Regular,2012-04-30,regular-season leader board as of 2012-04-30; season in progress at capture — provisional,single-source,wayback_bsnpr,https://web.archive.org/web/20120430040958id_/http://www.bsnpr.com:80/estadisticas/lideres.asp,2026-09-08T03:51:55Z
2012,bloqueos,per_game,8,"Sweetney, Michael",Vaqueros,27,24,,,,,0.9,False,Serie Regular,2012-04-30,regular-season leader board as of 2012-04-30; season in progress at capture — provisional,single-source,wayback_bsnpr,https://web.archive.org/web/20120430040958id_/http://www.bsnpr.com:80/estadisticas/lideres.asp,2026-09-08T03:51:55Z
2012,bloqueos,per_game,9,"Santiago, Daniel 'Da",Capitanes,26,24,,,,,0.9,False,Serie Regular,2012-04-30,regular-season leader board as of 2012-04-30; season in progress at capture — provisional,single-source,wayback_bsnpr,https://web.archive.org/web/20120430040958id_/http://www.bsnpr.com:80/estadisticas/lideres.asp,2026-09-08T03:51:55Z
2012,bloqueos,per_game,10,"Penn, Kleon",Caciques,13,23,,,,,1.8,False,Serie Regular,2012-04-30,regular-season leader board as of 2012-04-30; season in progress at capture — provisional,single-source,wayback_bsnpr,https://web.archive.org/web/20120430040958id_/http://www.bsnpr.com:80/estadisticas/lideres.asp,2026-09-08T03:51:55Z
2012,canastos_3,per_game,1,"Ayuso, Elias 'Lar",Capitanes,24,67,,,,,2.8,False,Serie Regular,2012-04-30,regular-season leader board as of 2012-04-30; season in progress at capture — provisional,single-source,wayback_bsnpr,https://web.archive.org/web/20120430040958id_/http://www.bsnpr.com:80/estadisticas/lideres.asp,2026-09-08T03:51:55Z
2012,canastos_3,per_game,2,"Galindo, Alex",Brujos,25,59,,,,,2.4,False,Serie Regular,2012-04-30,regular-season leader board as of 2012-04-30; season in progress at capture — provisional,single-source,wayback_bsnpr,https://web.archive.org/web/20120430040958id_/http://www.bsnpr.com:80/estadisticas/lideres.asp,2026-09-08T03:51:55Z
2012,canastos_3,per_game,3,"Dalmau, Christian",Vaqueros,24,58,,,,,2.4,False,Serie Regular,2012-04-30,regular-season leader board as of 2012-04-30; season in progress at capture — provisional,single-source,wayback_bsnpr,https://web.archive.org/web/20120430040958id_/http://www.bsnpr.com:80/estadisticas/lideres.asp,2026-09-08T03:51:55Z
2012,canastos_3,per_game,4,"Huertas, David",Piratas,27,54,,,,,2.0,False,Serie Regular,2012-04-30,regular-season leader board as of 2012-04-30; season in progress at capture — provisional,single-source,wayback_bsnpr,https://web.archive.org/web/20120430040958id_/http://www.bsnpr.com:80/estadisticas/lideres.asp,2026-09-08T03:51:55Z
2012,canastos_3,per_game,5,"Strong, Carlos",Atleticos,27,47,,,,,1.7,False,Serie Regular,2012-04-30,regular-season leader board as of 2012-04-30; season in progress at capture — provisional,single-source,wayback_bsnpr,https://web.archive.org/web/20120430040958id_/http://www.bsnpr.com:80/estadisticas/lideres.asp,2026-09-08T03:51:55Z
2012,canastos_3,per_game,6,"Jones, Joel",Piratas,23,47,,,,,2.0,False,Serie Regular,2012-04-30,regular-season leader board as of 2012-04-30; season in progress at capture — provisional,single-source,wayback_bsnpr,https://web.archive.org/web/20120430040958id_/http://www.bsnpr.com:80/estadisticas/lideres.asp,2026-09-08T03:51:55Z
2012,canastos_3,per_game,7,"Mojica, Javier",Vaqueros,28,45,,,,,1.6,False,Serie Regular,2012-04-30,regular-season leader board as of 2012-04-30; season in progress at capture — provisional,single-source,wayback_bsnpr,https://web.archive.org/web/20120430040958id_/http://www.bsnpr.com:80/estadisticas/lideres.asp,2026-09-08T03:51:55Z
2012,canastos_3,per_game,8,"Sensley, Julian",Caciques,15,43,,,,,2.9,False,Serie Regular,2012-04-30,regular-season leader board as of 2012-04-30; season in progress at capture — provisional,single-source,wayback_bsnpr,https://web.archive.org/web/20120430040958id_/http://www.bsnpr.com:80/estadisticas/lideres.asp,2026-09-08T03:51:55Z
2012,canastos_3,per_game,9,"Rivera, Carlos Rub",Indios,27,42,,,,,1.6,False,Serie Regular,2012-04-30,regular-season leader board as of 2012-04-30; season in progress at capture — provisional,single-source,wayback_bsnpr,https://web.archive.org/web/20120430040958id_/http://www.bsnpr.com:80/estadisticas/lideres.asp,2026-09-08T03:51:55Z
2012,canastos_3,per_game,10,"Rodriguez, Erick",Brujos,28,41,,,,,1.5,False,Serie Regular,2012-04-30,regular-season leader board as of 2012-04-30; season in progress at capture — provisional,single-source,wayback_bsnpr,https://web.archive.org/web/20120430040958id_/http://www.bsnpr.com:80/estadisticas/lideres.asp,2026-09-08T03:51:55Z
2012,canastos_3_pct,percentage,1,"Jones, Joel",Piratas,23,,47,96,,,49.0,False,Serie Regular,2012-04-30,regular-season leader board as of 2012-04-30; season in progress at capture — provisional,single-source,wayback_bsnpr,https://web.archive.org/web/20120430040958id_/http://www.bsnpr.com:80/estadisticas/lideres.asp,2026-09-08T03:51:55Z
2012,canastos_3_pct,percentage,2,"De Jesus, Manuel",Atleticos,24,,30,64,,,46.9,False,Serie Regular,2012-04-30,regular-season leader board as of 2012-04-30; season in progress at capture — provisional,single-source,wayback_bsnpr,https://web.archive.org/web/20120430040958id_/http://www.bsnpr.com:80/estadisticas/lideres.asp,2026-09-08T03:51:55Z
2012,canastos_3_pct,percentage,3,"Strong, Carlos",Atleticos,27,,47,109,,,43.1,False,Serie Regular,2012-04-30,regular-season leader board as of 2012-04-30; season in progress at capture — provisional,single-source,wayback_bsnpr,https://web.archive.org/web/20120430040958id_/http://www.bsnpr.com:80/estadisticas/lideres.asp,2026-09-08T03:51:55Z
2012,canastos_3_pct,percentage,4,"Alonzo, Noe",Caciques,18,,40,97,,,41.2,False,Serie Regular,2012-04-30,regular-season leader board as of 2012-04-30; season in progress at capture — provisional,single-source,wayback_bsnpr,https://web.archive.org/web/20120430040958id_/http://www.bsnpr.com:80/estadisticas/lideres.asp,2026-09-08T03:51:55Z
2012,canastos_3_pct,percentage,5,"Cortes, David",Capitanes,26,,25,61,,,41.0,False,Serie Regular,2012-04-30,regular-season leader board as of 2012-04-30; season in progress at capture — provisional,single-source,wayback_bsnpr,https://web.archive.org/web/20120430040958id_/http://www.bsnpr.com:80/estadisticas/lideres.asp,2026-09-08T03:51:55Z
2012,canastos_3_pct,percentage,6,"Mojica, Javier",Vaqueros,28,,45,111,,,40.5,False,Serie Regular,2012-04-30,regular-season leader board as of 2012-04-30; season in progress at capture — provisional,single-source,wayback_bsnpr,https://web.archive.org/web/20120430040958id_/http://www.bsnpr.com:80/estadisticas/lideres.asp,2026-09-08T03:51:55Z
2012,canastos_3_pct,percentage,7,"Cruz, Alvin",Piratas,23,,20,50,,,40.0,False,Serie Regular,2012-04-30,regular-season leader board as of 2012-04-30; season in progress at capture — provisional,single-source,wayback_bsnpr,https://web.archive.org/web/20120430040958id_/http://www.bsnpr.com:80/estadisticas/lideres.asp,2026-09-08T03:51:55Z
2012,canastos_3_pct,percentage,8,"Garcia, Jonathan",Caciques,27,,31,78,,,39.7,False,Serie Regular,2012-04-30,regular-season leader board as of 2012-04-30; season in progress at capture — provisional,single-source,wayback_bsnpr,https://web.archive.org/web/20120430040958id_/http://www.bsnpr.com:80/estadisticas/lideres.asp,2026-09-08T03:51:55Z
2012,canastos_3_pct,percentage,9,"Smith, Donta",Indios,23,,30,78,,,38.5,False,Serie Regular,2012-04-30,regular-season leader board as of 2012-04-30; season in progress at capture — provisional,single-source,wayback_bsnpr,https://web.archive.org/web/20120430040958id_/http://www.bsnpr.com:80/estadisticas/lideres.asp,2026-09-08T03:51:55Z
2012,canastos_3_pct,percentage,10,"Melendez, Ricardo",Capitanes,22,,30,78,,,38.5,False,Serie Regular,2012-04-30,regular-season leader board as of 2012-04-30; season in progress at capture — provisional,single-source,wayback_bsnpr,https://web.archive.org/web/20120430040958id_/http://www.bsnpr.com:80/estadisticas/lideres.asp,2026-09-08T03:51:55Z
2012,cortes_balon,per_game,1,"Smith, Donta",Indios,23,53,,,,,2.3,False,Serie Regular,2012-04-30,regular-season leader board as of 2012-04-30; season in progress at capture — provisional,single-source,wayback_bsnpr,https://web.archive.org/web/20120430040958id_/http://www.bsnpr.com:80/estadisticas/lideres.asp,2026-09-08T03:51:55Z
2012,cortes_balon,per_game,2,"Mojica, Javier",Vaqueros,28,46,,,,,1.6,False,Serie Regular,2012-04-30,regular-season leader board as of 2012-04-30; season in progress at capture — provisional,single-source,wayback_bsnpr,https://web.archive.org/web/20120430040958id_/http://www.bsnpr.com:80/estadisticas/lideres.asp,2026-09-08T03:51:55Z
2012,cortes_balon,per_game,3,"Pinnock, Danilo",Capitanes,27,44,,,,,1.6,False,Serie Regular,2012-04-30,regular-season leader board as of 2012-04-30; season in progress at capture — provisional,single-source,wayback_bsnpr,https://web.archive.org/web/20120430040958id_/http://www.bsnpr.com:80/estadisticas/lideres.asp,2026-09-08T03:51:55Z
2012,cortes_balon,per_game,4,"Thornton, Al",Brujos,28,37,,,,,1.3,False,Serie Regular,2012-04-30,regular-season leader board as of 2012-04-30; season in progress at capture — provisional,single-source,wayback_bsnpr,https://web.archive.org/web/20120430040958id_/http://www.bsnpr.com:80/estadisticas/lideres.asp,2026-09-08T03:51:55Z
2012,cortes_balon,per_game,5,"Ramirez, Luis Steve",Indios,28,36,,,,,1.3,False,Serie Regular,2012-04-30,regular-season leader board as of 2012-04-30; season in progress at capture — provisional,single-source,wayback_bsnpr,https://web.archive.org/web/20120430040958id_/http://www.bsnpr.com:80/estadisticas/lideres.asp,2026-09-08T03:51:55Z
2012,cortes_balon,per_game,6,"Cotto, Rubén",Indios,28,34,,,,,1.2,False,Serie Regular,2012-04-30,regular-season leader board as of 2012-04-30; season in progress at capture — provisional,single-source,wayback_bsnpr,https://web.archive.org/web/20120430040958id_/http://www.bsnpr.com:80/estadisticas/lideres.asp,2026-09-08T03:51:55Z
2012,cortes_balon,per_game,7,"Strong, Carlos",Atleticos,27,32,,,,,1.2,False,Serie Regular,2012-04-30,regular-season leader board as of 2012-04-30; season in progress at capture — provisional,single-source,wayback_bsnpr,https://web.archive.org/web/20120430040958id_/http://www.bsnpr.com:80/estadisticas/lideres.asp,2026-09-08T03:51:55Z
2012,cortes_balon,per_game,8,"Ortiz, Andres",Indios,27,32,,,,,1.2,False,Serie Regular,2012-04-30,regular-season leader board as of 2012-04-30; season in progress at capture — provisional,single-source,wayback_bsnpr,https://web.archive.org/web/20120430040958id_/http://www.bsnpr.com:80/estadisticas/lideres.asp,2026-09-08T03:51:55Z
2012,cortes_balon,per_game,9,"Rivera, Filiberto",Atleticos,24,32,,,,,1.3,False,Serie Regular,2012-04-30,regular-season leader board as of 2012-04-30; season in progress at capture — provisional,single-source,wayback_bsnpr,https://web.archive.org/web/20120430040958id_/http://www.bsnpr.com:80/estadisticas/lideres.asp,2026-09-08T03:51:55Z
2012,cortes_balon,per_game,10,"Pagan, Wilfredo",Brujos,26,30,,,,,1.2,False,Serie Regular,2012-04-30,regular-season leader board as of 2012-04-30; season in progress at capture — provisional,single-source,wayback_bsnpr,https://web.archive.org/web/20120430040958id_/http://www.bsnpr.com:80/estadisticas/lideres.asp,2026-09-08T03:51:55Z
2012,rebotes,per_game,1,"Thornton, Al",Brujos,28,258,,,183,75,9.2,False,Serie Regular,2012-04-30,regular-season leader board as of 2012-04-30; season in progress at capture — provisional,single-source,wayback_bsnpr,https://web.archive.org/web/20120430040958id_/http://www.bsnpr.com:80/estadisticas/lideres.asp,2026-09-08T03:51:55Z
2012,rebotes,per_game,2,"Ramos, Peter John",Piratas,27,249,,,192,57,9.2,False,Serie Regular,2012-04-30,regular-season leader board as of 2012-04-30; season in progress at capture — provisional,single-source,wayback_bsnpr,https://web.archive.org/web/20120430040958id_/http://www.bsnpr.com:80/estadisticas/lideres.asp,2026-09-08T03:51:55Z
2012,rebotes,per_game,3,"O'Bryant, Patrick",Indios,28,239,,,162,77,8.5,False,Serie Regular,2012-04-30,regular-season leader board as of 2012-04-30; season in progress at capture — provisional,single-source,wayback_bsnpr,https://web.archive.org/web/20120430040958id_/http://www.bsnpr.com:80/estadisticas/lideres.asp,2026-09-08T03:51:55Z
2012,rebotes,per_game,4,"Sweetney, Michael",Vaqueros,27,232,,,120,112,8.6,False,Serie Regular,2012-04-30,regular-season leader board as of 2012-04-30; season in progress at capture — provisional,single-source,wayback_bsnpr,https://web.archive.org/web/20120430040958id_/http://www.bsnpr.com:80/estadisticas/lideres.asp,2026-09-08T03:51:55Z
2012,rebotes,per_game,5,"Harris, Mike",Atleticos,20,206,,,145,61,10.3,False,Serie Regular,2012-04-30,regular-season leader board as of 2012-04-30; season in progress at capture — provisional,single-source,wayback_bsnpr,https://web.archive.org/web/20120430040958id_/http://www.bsnpr.com:80/estadisticas/lideres.asp,2026-09-08T03:51:55Z
2012,rebotes,per_game,6,"Narvaez, Manuel Ant",Mets,27,188,,,121,67,7.0,False,Serie Regular,2012-04-30,regular-season leader board as of 2012-04-30; season in progress at capture — provisional,single-source,wayback_bsnpr,https://web.archive.org/web/20120430040958id_/http://www.bsnpr.com:80/estadisticas/lideres.asp,2026-09-08T03:51:55Z
2012,rebotes,per_game,7,"Burgess, Chris",,21,176,,,113,63,8.4,False,Serie Regular,2012-04-30,regular-season leader board as of 2012-04-30; season in progress at capture — provisional,single-source,wayback_bsnpr,https://web.archive.org/web/20120430040958id_/http://www.bsnpr.com:80/estadisticas/lideres.asp,2026-09-08T03:51:55Z
2012,rebotes,per_game,8,"Pinnock, Danilo",Capitanes,27,166,,,124,42,6.1,False,Serie Regular,2012-04-30,regular-season leader board as of 2012-04-30; season in progress at capture — provisional,single-source,wayback_bsnpr,https://web.archive.org/web/20120430040958id_/http://www.bsnpr.com:80/estadisticas/lideres.asp,2026-09-08T03:51:55Z
2012,rebotes,per_game,9,"Smith, Donta",Indios,23,156,,,126,30,6.8,False,Serie Regular,2012-04-30,regular-season leader board as of 2012-04-30; season in progress at capture — provisional,single-source,wayback_bsnpr,https://web.archive.org/web/20120430040958id_/http://www.bsnpr.com:80/estadisticas/lideres.asp,2026-09-08T03:51:55Z
2012,rebotes,per_game,10,"Shannon, Terrence",,19,154,,,96,58,8.1,False,Serie Regular,2012-04-30,regular-season leader board as of 2012-04-30; season in progress at capture — provisional,single-source,wayback_bsnpr,https://web.archive.org/web/20120430040958id_/http://www.bsnpr.com:80/estadisticas/lideres.asp,2026-09-08T03:51:55Z
2012,rebotes_ofensivos,per_game,1,"Sweetney, Michael",Vaqueros,27,112,,,,,4.1,False,Serie Regular,2012-04-30,regular-season leader board as of 2012-04-30; season in progress at capture — provisional,single-source,wayback_bsnpr,https://web.archive.org/web/20120430040958id_/http://www.bsnpr.com:80/estadisticas/lideres.asp,2026-09-08T03:51:55Z
2012,rebotes_ofensivos,per_game,2,"O'Bryant, Patrick",Indios,28,77,,,,,2.8,False,Serie Regular,2012-04-30,regular-season leader board as of 2012-04-30; season in progress at capture — provisional,single-source,wayback_bsnpr,https://web.archive.org/web/20120430040958id_/http://www.bsnpr.com:80/estadisticas/lideres.asp,2026-09-08T03:51:55Z
2012,rebotes_ofensivos,per_game,3,"Thornton, Al",Brujos,28,75,,,,,2.7,False,Serie Regular,2012-04-30,regular-season leader board as of 2012-04-30; season in progress at capture — provisional,single-source,wayback_bsnpr,https://web.archive.org/web/20120430040958id_/http://www.bsnpr.com:80/estadisticas/lideres.asp,2026-09-08T03:51:55Z
2012,rebotes_ofensivos,per_game,4,"Narvaez, Manuel Ant",Mets,27,67,,,,,2.5,False,Serie Regular,2012-04-30,regular-season leader board as of 2012-04-30; season in progress at capture — provisional,single-source,wayback_bsnpr,https://web.archive.org/web/20120430040958id_/http://www.bsnpr.com:80/estadisticas/lideres.asp,2026-09-08T03:51:55Z
2012,rebotes_ofensivos,per_game,5,"Burgess, Chris",,21,63,,,,,3.0,False,Serie Regular,2012-04-30,regular-season leader board as of 2012-04-30; season in progress at capture — provisional,single-source,wayback_bsnpr,https://web.archive.org/web/20120430040958id_/http://www.bsnpr.com:80/estadisticas/lideres.asp,2026-09-08T03:51:55Z
2012,rebotes_ofensivos,per_game,6,"Harris, Mike",Atleticos,20,61,,,,,3.0,False,Serie Regular,2012-04-30,regular-season leader board as of 2012-04-30; season in progress at capture — provisional,single-source,wayback_bsnpr,https://web.archive.org/web/20120430040958id_/http://www.bsnpr.com:80/estadisticas/lideres.asp,2026-09-08T03:51:55Z
2012,rebotes_ofensivos,per_game,7,"Shannon, Terrence",,19,58,,,,,3.1,False,Serie Regular,2012-04-30,regular-season leader board as of 2012-04-30; season in progress at capture — provisional,single-source,wayback_bsnpr,https://web.archive.org/web/20120430040958id_/http://www.bsnpr.com:80/estadisticas/lideres.asp,2026-09-08T03:51:55Z
2012,rebotes_ofensivos,per_game,8,"Ramos, Peter John",Piratas,27,57,,,,,2.1,False,Serie Regular,2012-04-30,regular-season leader board as of 2012-04-30; season in progress at capture — provisional,single-source,wayback_bsnpr,https://web.archive.org/web/20120430040958id_/http://www.bsnpr.com:80/estadisticas/lideres.asp,2026-09-08T03:51:55Z
2012,rebotes_ofensivos,per_game,9,"Garces, Ruben",,17,52,,,,,3.1,False,Serie Regular,2012-04-30,regular-season leader board as of 2012-04-30; season in progress at capture — provisional,single-source,wayback_bsnpr,https://web.archive.org/web/20120430040958id_/http://www.bsnpr.com:80/estadisticas/lideres.asp,2026-09-08T03:51:55Z
2012,rebotes_ofensivos,per_game,10,"Ortiz, Andres",Indios,27,51,,,,,1.9,False,Serie Regular,2012-04-30,regular-season leader board as of 2012-04-30; season in progress at capture — provisional,single-source,wayback_bsnpr,https://web.archive.org/web/20120430040958id_/http://www.bsnpr.com:80/estadisticas/lideres.asp,2026-09-08T03:51:55Z
2012,tiros_libres_anotados,per_game,1,"Thornton, Al",Brujos,28,179,,,,,6.4,False,Serie Regular,2012-04-30,regular-season leader board as of 2012-04-30; season in progress at capture — provisional,single-source,wayback_bsnpr,https://web.archive.org/web/20120430040958id_/http://www.bsnpr.com:80/estadisticas/lideres.asp,2026-09-08T03:51:55Z
2012,tiros_libres_anotados,per_game,2,"Rivera, Filiberto",Atleticos,24,122,,,,,5.1,False,Serie Regular,2012-04-30,regular-season leader board as of 2012-04-30; season in progress at capture — provisional,single-source,wayback_bsnpr,https://web.archive.org/web/20120430040958id_/http://www.bsnpr.com:80/estadisticas/lideres.asp,2026-09-08T03:51:55Z
2012,tiros_libres_anotados,per_game,3,"Sweetney, Michael",Vaqueros,27,105,,,,,3.9,False,Serie Regular,2012-04-30,regular-season leader board as of 2012-04-30; season in progress at capture — provisional,single-source,wayback_bsnpr,https://web.archive.org/web/20120430040958id_/http://www.bsnpr.com:80/estadisticas/lideres.asp,2026-09-08T03:51:55Z
2012,tiros_libres_anotados,per_game,4,"Dalmau, Christian",Vaqueros,24,97,,,,,4.0,False,Serie Regular,2012-04-30,regular-season leader board as of 2012-04-30; season in progress at capture — provisional,single-source,wayback_bsnpr,https://web.archive.org/web/20120430040958id_/http://www.bsnpr.com:80/estadisticas/lideres.asp,2026-09-08T03:51:55Z
2012,tiros_libres_anotados,per_game,5,"Figueroa, Angel Luis",Piratas,26,85,,,,,3.3,False,Serie Regular,2012-04-30,regular-season leader board as of 2012-04-30; season in progress at capture — provisional,single-source,wayback_bsnpr,https://web.archive.org/web/20120430040958id_/http://www.bsnpr.com:80/estadisticas/lideres.asp,2026-09-08T03:51:55Z
2012,tiros_libres_anotados,per_game,6,"Harris, Mike",Atleticos,20,82,,,,,4.1,False,Serie Regular,2012-04-30,regular-season leader board as of 2012-04-30; season in progress at capture — provisional,single-source,wayback_bsnpr,https://web.archive.org/web/20120430040958id_/http://www.bsnpr.com:80/estadisticas/lideres.asp,2026-09-08T03:51:55Z
2012,tiros_libres_anotados,per_game,7,"Ayuso, Elias 'Lar",Capitanes,24,77,,,,,3.2,False,Serie Regular,2012-04-30,regular-season leader board as of 2012-04-30; season in progress at capture — provisional,single-source,wayback_bsnpr,https://web.archive.org/web/20120430040958id_/http://www.bsnpr.com:80/estadisticas/lideres.asp,2026-09-08T03:51:55Z
2012,tiros_libres_anotados,per_game,8,"Huertas, David",Piratas,27,70,,,,,2.6,False,Serie Regular,2012-04-30,regular-season leader board as of 2012-04-30; season in progress at capture — provisional,single-source,wayback_bsnpr,https://web.archive.org/web/20120430040958id_/http://www.bsnpr.com:80/estadisticas/lideres.asp,2026-09-08T03:51:55Z
2012,tiros_libres_anotados,per_game,9,"Shannon, Terrence",,19,70,,,,,3.7,False,Serie Regular,2012-04-30,regular-season leader board as of 2012-04-30; season in progress at capture — provisional,single-source,wayback_bsnpr,https://web.archive.org/web/20120430040958id_/http://www.bsnpr.com:80/estadisticas/lideres.asp,2026-09-08T03:51:55Z
2012,tiros_libres_anotados,per_game,10,"O'Bryant, Patrick",Indios,28,67,,,,,2.4,False,Serie Regular,2012-04-30,regular-season leader board as of 2012-04-30; season in progress at capture — provisional,single-source,wayback_bsnpr,https://web.archive.org/web/20120430040958id_/http://www.bsnpr.com:80/estadisticas/lideres.asp,2026-09-08T03:51:55Z
2012,tiros_libres_pct,percentage,1,"Ayuso, Elias 'Lar",Capitanes,24,,77,82,,,93.9,False,Serie Regular,2012-04-30,regular-season leader board as of 2012-04-30; season in progress at capture — provisional,single-source,wayback_bsnpr,https://web.archive.org/web/20120430040958id_/http://www.bsnpr.com:80/estadisticas/lideres.asp,2026-09-08T03:51:55Z
2012,tiros_libres_pct,percentage,2,"Maye, James",Mets,27,,62,69,,,89.9,False,Serie Regular,2012-04-30,regular-season leader board as of 2012-04-30; season in progress at capture — provisional,single-source,wayback_bsnpr,https://web.archive.org/web/20120430040958id_/http://www.bsnpr.com:80/estadisticas/lideres.asp,2026-09-08T03:51:55Z
2012,tiros_libres_pct,percentage,3,"Vassallo, Angel Dani",Mets,17,,67,77,,,87.0,False,Serie Regular,2012-04-30,regular-season leader board as of 2012-04-30; season in progress at capture — provisional,single-source,wayback_bsnpr,https://web.archive.org/web/20120430040958id_/http://www.bsnpr.com:80/estadisticas/lideres.asp,2026-09-08T03:51:55Z
2012,tiros_libres_pct,percentage,4,"Alonzo, Noe",Caciques,18,,40,47,,,85.1,False,Serie Regular,2012-04-30,regular-season leader board as of 2012-04-30; season in progress at capture — provisional,single-source,wayback_bsnpr,https://web.archive.org/web/20120430040958id_/http://www.bsnpr.com:80/estadisticas/lideres.asp,2026-09-08T03:51:55Z
2012,tiros_libres_pct,percentage,5,"Powell, Josh",,14,,55,65,,,84.6,False,Serie Regular,2012-04-30,regular-season leader board as of 2012-04-30; season in progress at capture — provisional,single-source,wayback_bsnpr,https://web.archive.org/web/20120430040958id_/http://www.bsnpr.com:80/estadisticas/lideres.asp,2026-09-08T03:51:55Z
2012,tiros_libres_pct,percentage,6,"Rivera, Carlos Rub",Indios,27,,60,71,,,84.5,False,Serie Regular,2012-04-30,regular-season leader board as of 2012-04-30; season in progress at capture — provisional,single-source,wayback_bsnpr,https://web.archive.org/web/20120430040958id_/http://www.bsnpr.com:80/estadisticas/lideres.asp,2026-09-08T03:51:55Z
2012,tiros_libres_pct,percentage,7,"Rivera, Filiberto",Atleticos,24,,122,147,,,83.0,False,Serie Regular,2012-04-30,regular-season leader board as of 2012-04-30; season in progress at capture — provisional,single-source,wayback_bsnpr,https://web.archive.org/web/20120430040958id_/http://www.bsnpr.com:80/estadisticas/lideres.asp,2026-09-08T03:51:55Z
2012,tiros_libres_pct,percentage,8,"Randolph, Shavlik",Piratas,8,,38,46,,,82.6,False,Serie Regular,2012-04-30,regular-season leader board as of 2012-04-30; season in progress at capture — provisional,single-source,wayback_bsnpr,https://web.archive.org/web/20120430040958id_/http://www.bsnpr.com:80/estadisticas/lideres.asp,2026-09-08T03:51:55Z
2012,tiros_libres_pct,percentage,9,"Brown, Gilbert",Caciques,10,,33,40,,,82.5,False,Serie Regular,2012-04-30,regular-season leader board as of 2012-04-30; season in progress at capture — provisional,single-source,wayback_bsnpr,https://web.archive.org/web/20120430040958id_/http://www.bsnpr.com:80/estadisticas/lideres.asp,2026-09-08T03:51:55Z
2012,tiros_libres_pct,percentage,10,"Harris, Mike",Atleticos,20,,82,100,,,82.0,False,Serie Regular,2012-04-30,regular-season leader board as of 2012-04-30; season in progress at capture — provisional,single-source,wayback_bsnpr,https://web.archive.org/web/20120430040958id_/http://www.bsnpr.com:80/estadisticas/lideres.asp,2026-09-08T03:51:55Z
2012,turnovers,per_game,1,"Ramos, Peter John",Piratas,27,83,,,,,3.1,False,Serie Regular,2012-04-30,regular-season leader board as of 2012-04-30; season in progress at capture — provisional,single-source,wayback_bsnpr,https://web.archive.org/web/20120430040958id_/http://www.bsnpr.com:80/estadisticas/lideres.asp,2026-09-08T03:51:55Z
2012,turnovers,per_game,2,"Pinnock, Danilo",Capitanes,27,76,,,,,2.8,False,Serie Regular,2012-04-30,regular-season leader board as of 2012-04-30; season in progress at capture — provisional,single-source,wayback_bsnpr,https://web.archive.org/web/20120430040958id_/http://www.bsnpr.com:80/estadisticas/lideres.asp,2026-09-08T03:51:55Z
2012,turnovers,per_game,3,"Dalmau, Christian",Vaqueros,24,67,,,,,2.8,False,Serie Regular,2012-04-30,regular-season leader board as of 2012-04-30; season in progress at capture — provisional,single-source,wayback_bsnpr,https://web.archive.org/web/20120430040958id_/http://www.bsnpr.com:80/estadisticas/lideres.asp,2026-09-08T03:51:55Z
2012,turnovers,per_game,4,"Thornton, Al",Brujos,28,57,,,,,2.0,False,Serie Regular,2012-04-30,regular-season leader board as of 2012-04-30; season in progress at capture — provisional,single-source,wayback_bsnpr,https://web.archive.org/web/20120430040958id_/http://www.bsnpr.com:80/estadisticas/lideres.asp,2026-09-08T03:51:55Z
2012,turnovers,per_game,5,"Guzman, Ansel M",Mets,27,56,,,,,2.1,False,Serie Regular,2012-04-30,regular-season leader board as of 2012-04-30; season in progress at capture — provisional,single-source,wayback_bsnpr,https://web.archive.org/web/20120430040958id_/http://www.bsnpr.com:80/estadisticas/lideres.asp,2026-09-08T03:51:55Z
2012,turnovers,per_game,6,"Galindo, Alex",Brujos,25,52,,,,,2.1,False,Serie Regular,2012-04-30,regular-season leader board as of 2012-04-30; season in progress at capture — provisional,single-source,wayback_bsnpr,https://web.archive.org/web/20120430040958id_/http://www.bsnpr.com:80/estadisticas/lideres.asp,2026-09-08T03:51:55Z
2012,turnovers,per_game,7,"Smith, Donta",Indios,23,50,,,,,2.2,False,Serie Regular,2012-04-30,regular-season leader board as of 2012-04-30; season in progress at capture — provisional,single-source,wayback_bsnpr,https://web.archive.org/web/20120430040958id_/http://www.bsnpr.com:80/estadisticas/lideres.asp,2026-09-08T03:51:55Z
2012,turnovers,per_game,8,"Rodriguez, Joey",Atleticos,28,48,,,,,1.7,False,Serie Regular,2012-04-30,regular-season leader board as of 2012-04-30; season in progress at capture — provisional,single-source,wayback_bsnpr,https://web.archive.org/web/20120430040958id_/http://www.bsnpr.com:80/estadisticas/lideres.asp,2026-09-08T03:51:55Z
2012,turnovers,per_game,9,"O'Bryant, Patrick",Indios,28,46,,,,,1.6,False,Serie Regular,2012-04-30,regular-season leader board as of 2012-04-30; season in progress at capture — provisional,single-source,wayback_bsnpr,https://web.archive.org/web/20120430040958id_/http://www.bsnpr.com:80/estadisticas/lideres.asp,2026-09-08T03:51:55Z
2012,turnovers,per_game,10,"Santiago, Daniel 'Da",Capitanes,26,46,,,,,1.8,False,Serie Regular,2012-04-30,regular-season leader board as of 2012-04-30; season in progress at capture — provisional,single-source,wayback_bsnpr,https://web.archive.org/web/20120430040958id_/http://www.bsnpr.com:80/estadisticas/lideres.asp,2026-09-08T03:51:55Z
2013,anotaciones,per_game,1,"Shannon, Terrence",Vaqueros,25,456,,,,,18.2,False,Serie Regular,2013-05-26,regular-season leader board as of 2013-05-26; season in progress at capture — provisional,single-source,wayback_bsnpr,https://web.archive.org/web/20130526035153id_/http://www.bsnpr.com:80/estadisticas/lideres.asp?,2026-09-08T03:52:10Z
2013,anotaciones,per_game,2,"Ayuso, Elias 'Lar",Mets,24,454,,,,,18.9,False,Serie Regular,2013-05-26,regular-season leader board as of 2013-05-26; season in progress at capture — provisional,single-source,wayback_bsnpr,https://web.archive.org/web/20130526035153id_/http://www.bsnpr.com:80/estadisticas/lideres.asp?,2026-09-08T03:52:10Z
2013,anotaciones,per_game,3,"Vassallo, Angel Dani",Capitanes,24,411,,,,,17.1,False,Serie Regular,2013-05-26,regular-season leader board as of 2013-05-26; season in progress at capture — provisional,single-source,wayback_bsnpr,https://web.archive.org/web/20130526035153id_/http://www.bsnpr.com:80/estadisticas/lideres.asp?,2026-09-08T03:52:10Z
2013,anotaciones,per_game,4,"Efejuku-Rose, Weyinmi",Indios,24,387,,,,,16.1,False,Serie Regular,2013-05-26,regular-season leader board as of 2013-05-26; season in progress at capture — provisional,single-source,wayback_bsnpr,https://web.archive.org/web/20130526035153id_/http://www.bsnpr.com:80/estadisticas/lideres.asp?,2026-09-08T03:52:10Z
2013,anotaciones,per_game,5,"Brown, Gilbert",Caciques,22,383,,,,,17.4,False,Serie Regular,2013-05-26,regular-season leader board as of 2013-05-26; season in progress at capture — provisional,single-source,wayback_bsnpr,https://web.archive.org/web/20130526035153id_/http://www.bsnpr.com:80/estadisticas/lideres.asp?,2026-09-08T03:52:10Z
2013,anotaciones,per_game,6,"Ramos, Peter John",Capitanes,23,382,,,,,16.6,False,Serie Regular,2013-05-26,regular-season leader board as of 2013-05-26; season in progress at capture — provisional,single-source,wayback_bsnpr,https://web.archive.org/web/20130526035153id_/http://www.bsnpr.com:80/estadisticas/lideres.asp?,2026-09-08T03:52:10Z
2013,anotaciones,per_game,7,"Harris, Mike",Leones,19,382,,,,,20.1,False,Serie Regular,2013-05-26,regular-season leader board as of 2013-05-26; season in progress at capture — provisional,single-source,wayback_bsnpr,https://web.archive.org/web/20130526035153id_/http://www.bsnpr.com:80/estadisticas/lideres.asp?,2026-09-08T03:52:10Z
2013,anotaciones,per_game,8,"Galindo, Alex",Cangrejeros,24,379,,,,,15.8,False,Serie Regular,2013-05-26,regular-season leader board as of 2013-05-26; season in progress at capture — provisional,single-source,wayback_bsnpr,https://web.archive.org/web/20130526035153id_/http://www.bsnpr.com:80/estadisticas/lideres.asp?,2026-09-08T03:52:10Z
2013,anotaciones,per_game,9,"Williams, Leon Verno",Cangrejeros,24,374,,,,,15.6,False,Serie Regular,2013-05-26,regular-season leader board as of 2013-05-26; season in progress at capture — provisional,single-source,wayback_bsnpr,https://web.archive.org/web/20130526035153id_/http://www.bsnpr.com:80/estadisticas/lideres.asp?,2026-09-08T03:52:10Z
2013,anotaciones,per_game,10,"Jones, Joel",Brujos,23,362,,,,,15.7,False,Serie Regular,2013-05-26,regular-season leader board as of 2013-05-26; season in progress at capture — provisional,single-source,wayback_bsnpr,https://web.archive.org/web/20130526035153id_/http://www.bsnpr.com:80/estadisticas/lideres.asp?,2026-09-08T03:52:10Z
2013,asistencias,per_game,1,"Clemente, Denis",Caciques,22,114,,,,,5.2,False,Serie Regular,2013-05-26,regular-season leader board as of 2013-05-26; season in progress at capture — provisional,single-source,wayback_bsnpr,https://web.archive.org/web/20130526035153id_/http://www.bsnpr.com:80/estadisticas/lideres.asp?,2026-09-08T03:52:10Z
2013,asistencias,per_game,2,"Rivera, Carlos Rub",Leones,22,107,,,,,4.9,False,Serie Regular,2013-05-26,regular-season leader board as of 2013-05-26; season in progress at capture — provisional,single-source,wayback_bsnpr,https://web.archive.org/web/20130526035153id_/http://www.bsnpr.com:80/estadisticas/lideres.asp?,2026-09-08T03:52:10Z
2013,asistencias,per_game,3,"Huertas, David",Piratas,24,100,,,,,4.2,False,Serie Regular,2013-05-26,regular-season leader board as of 2013-05-26; season in progress at capture — provisional,single-source,wayback_bsnpr,https://web.archive.org/web/20130526035153id_/http://www.bsnpr.com:80/estadisticas/lideres.asp?,2026-09-08T03:52:10Z
2013,asistencias,per_game,4,"Dalmau, Christian",Mets,18,95,,,,,5.3,False,Serie Regular,2013-05-26,regular-season leader board as of 2013-05-26; season in progress at capture — provisional,single-source,wayback_bsnpr,https://web.archive.org/web/20130526035153id_/http://www.bsnpr.com:80/estadisticas/lideres.asp?,2026-09-08T03:52:10Z
2013,asistencias,per_game,5,"Coronado, Juan",Brujos,24,94,,,,,3.9,False,Serie Regular,2013-05-26,regular-season leader board as of 2013-05-26; season in progress at capture — provisional,single-source,wayback_bsnpr,https://web.archive.org/web/20130526035153id_/http://www.bsnpr.com:80/estadisticas/lideres.asp?,2026-09-08T03:52:10Z
2013,asistencias,per_game,6,"Garcia, Jonathan",Piratas,23,85,,,,,3.7,False,Serie Regular,2013-05-26,regular-season leader board as of 2013-05-26; season in progress at capture — provisional,single-source,wayback_bsnpr,https://web.archive.org/web/20130526035153id_/http://www.bsnpr.com:80/estadisticas/lideres.asp?,2026-09-08T03:52:10Z
2013,asistencias,per_game,7,"Pagan, Wilfredo",Cangrejeros,24,82,,,,,3.4,False,Serie Regular,2013-05-26,regular-season leader board as of 2013-05-26; season in progress at capture — provisional,single-source,wayback_bsnpr,https://web.archive.org/web/20130526035153id_/http://www.bsnpr.com:80/estadisticas/lideres.asp?,2026-09-08T03:52:10Z
2013,asistencias,per_game,8,"Santiago, Eddin",Leones,24,72,,,,,3.0,False,Serie Regular,2013-05-26,regular-season leader board as of 2013-05-26; season in progress at capture — provisional,single-source,wayback_bsnpr,https://web.archive.org/web/20130526035153id_/http://www.bsnpr.com:80/estadisticas/lideres.asp?,2026-09-08T03:52:10Z
2013,asistencias,per_game,9,"Cruz, Alvin",Mets,24,72,,,,,3.0,False,Serie Regular,2013-05-26,regular-season leader board as of 2013-05-26; season in progress at capture — provisional,single-source,wayback_bsnpr,https://web.archive.org/web/20130526035153id_/http://www.bsnpr.com:80/estadisticas/lideres.asp?,2026-09-08T03:52:10Z
2013,asistencias,per_game,10,"Fortuna, Manuel",Leones,24,72,,,,,3.0,False,Serie Regular,2013-05-26,regular-season leader board as of 2013-05-26; season in progress at capture — provisional,single-source,wayback_bsnpr,https://web.archive.org/web/20130526035153id_/http://www.bsnpr.com:80/estadisticas/lideres.asp?,2026-09-08T03:52:10Z
2013,bloqueos,per_game,1,"Penn, Kleon",Caciques,22,42,,,,,1.9,False,Serie Regular,2013-05-26,regular-season leader board as of 2013-05-26; season in progress at capture — provisional,single-source,wayback_bsnpr,https://web.archive.org/web/20130526035153id_/http://www.bsnpr.com:80/estadisticas/lideres.asp?,2026-09-08T03:52:10Z
2013,bloqueos,per_game,2,"Mata, Lorenzo",Piratas,24,37,,,,,1.5,False,Serie Regular,2013-05-26,regular-season leader board as of 2013-05-26; season in progress at capture — provisional,single-source,wayback_bsnpr,https://web.archive.org/web/20130526035153id_/http://www.bsnpr.com:80/estadisticas/lideres.asp?,2026-09-08T03:52:10Z
2013,bloqueos,per_game,3,"Aubry, Jeffrion",Indios,24,29,,,,,1.2,False,Serie Regular,2013-05-26,regular-season leader board as of 2013-05-26; season in progress at capture — provisional,single-source,wayback_bsnpr,https://web.archive.org/web/20130526035153id_/http://www.bsnpr.com:80/estadisticas/lideres.asp?,2026-09-08T03:52:10Z
2013,bloqueos,per_game,4,"Harrellson, Josh",,20,29,,,,,1.4,False,Serie Regular,2013-05-26,regular-season leader board as of 2013-05-26; season in progress at capture — provisional,single-source,wayback_bsnpr,https://web.archive.org/web/20130526035153id_/http://www.bsnpr.com:80/estadisticas/lideres.asp?,2026-09-08T03:52:10Z
2013,bloqueos,per_game,5,"Lee, Carmelo An",Piratas,24,28,,,,,1.2,False,Serie Regular,2013-05-26,regular-season leader board as of 2013-05-26; season in progress at capture — provisional,single-source,wayback_bsnpr,https://web.archive.org/web/20130526035153id_/http://www.bsnpr.com:80/estadisticas/lideres.asp?,2026-09-08T03:52:10Z
2013,bloqueos,per_game,6,"Scott, Seth",Caciques,20,23,,,,,1.2,False,Serie Regular,2013-05-26,regular-season leader board as of 2013-05-26; season in progress at capture — provisional,single-source,wayback_bsnpr,https://web.archive.org/web/20130526035153id_/http://www.bsnpr.com:80/estadisticas/lideres.asp?,2026-09-08T03:52:10Z
2013,bloqueos,per_game,7,"Shannon, Terrence",Vaqueros,25,22,,,,,0.9,False,Serie Regular,2013-05-26,regular-season leader board as of 2013-05-26; season in progress at capture — provisional,single-source,wayback_bsnpr,https://web.archive.org/web/20130526035153id_/http://www.bsnpr.com:80/estadisticas/lideres.asp?,2026-09-08T03:52:10Z
2013,bloqueos,per_game,8,"Graterol, Windy",Capitanes,23,22,,,,,1.0,False,Serie Regular,2013-05-26,regular-season leader board as of 2013-05-26; season in progress at capture — provisional,single-source,wayback_bsnpr,https://web.archive.org/web/20130526035153id_/http://www.bsnpr.com:80/estadisticas/lideres.asp?,2026-09-08T03:52:10Z
2013,bloqueos,per_game,9,"Siler, Garret",,14,21,,,,,1.5,False,Serie Regular,2013-05-26,regular-season leader board as of 2013-05-26; season in progress at capture — provisional,single-source,wayback_bsnpr,https://web.archive.org/web/20130526035153id_/http://www.bsnpr.com:80/estadisticas/lideres.asp?,2026-09-08T03:52:10Z
2013,bloqueos,per_game,10,"Harris, Mike",Leones,19,19,,,,,1.0,False,Serie Regular,2013-05-26,regular-season leader board as of 2013-05-26; season in progress at capture — provisional,single-source,wayback_bsnpr,https://web.archive.org/web/20130526035153id_/http://www.bsnpr.com:80/estadisticas/lideres.asp?,2026-09-08T03:52:10Z
2013,canastos_3,per_game,1,"Ayuso, Elias 'Lar",Mets,24,83,,,,,3.5,False,Serie Regular,2013-05-26,regular-season leader board as of 2013-05-26; season in progress at capture — provisional,single-source,wayback_bsnpr,https://web.archive.org/web/20130526035153id_/http://www.bsnpr.com:80/estadisticas/lideres.asp?,2026-09-08T03:52:10Z
2013,canastos_3,per_game,2,"Galindo, Alex",Cangrejeros,24,71,,,,,3.0,False,Serie Regular,2013-05-26,regular-season leader board as of 2013-05-26; season in progress at capture — provisional,single-source,wayback_bsnpr,https://web.archive.org/web/20130526035153id_/http://www.bsnpr.com:80/estadisticas/lideres.asp?,2026-09-08T03:52:10Z
2013,canastos_3,per_game,3,"Jones, Joel",Brujos,23,54,,,,,2.3,False,Serie Regular,2013-05-26,regular-season leader board as of 2013-05-26; season in progress at capture — provisional,single-source,wayback_bsnpr,https://web.archive.org/web/20130526035153id_/http://www.bsnpr.com:80/estadisticas/lideres.asp?,2026-09-08T03:52:10Z
2013,canastos_3,per_game,4,"Strong, Carlos",Atleticos,22,51,,,,,2.3,False,Serie Regular,2013-05-26,regular-season leader board as of 2013-05-26; season in progress at capture — provisional,single-source,wayback_bsnpr,https://web.archive.org/web/20130526035153id_/http://www.bsnpr.com:80/estadisticas/lideres.asp?,2026-09-08T03:52:10Z
2013,canastos_3,per_game,5,"Villegas, Johwen",Mets,24,47,,,,,2.0,False,Serie Regular,2013-05-26,regular-season leader board as of 2013-05-26; season in progress at capture — provisional,single-source,wayback_bsnpr,https://web.archive.org/web/20130526035153id_/http://www.bsnpr.com:80/estadisticas/lideres.asp?,2026-09-08T03:52:10Z
2013,canastos_3,per_game,6,"Lee, Carmelo An",Piratas,24,47,,,,,2.0,False,Serie Regular,2013-05-26,regular-season leader board as of 2013-05-26; season in progress at capture — provisional,single-source,wayback_bsnpr,https://web.archive.org/web/20130526035153id_/http://www.bsnpr.com:80/estadisticas/lideres.asp?,2026-09-08T03:52:10Z
2013,canastos_3,per_game,7,"Melendez, Ricardo",Piratas,24,45,,,,,1.9,False,Serie Regular,2013-05-26,regular-season leader board as of 2013-05-26; season in progress at capture — provisional,single-source,wayback_bsnpr,https://web.archive.org/web/20130526035153id_/http://www.bsnpr.com:80/estadisticas/lideres.asp?,2026-09-08T03:52:10Z
2013,canastos_3,per_game,8,"Clemente, Denis",Caciques,22,44,,,,,2.0,False,Serie Regular,2013-05-26,regular-season leader board as of 2013-05-26; season in progress at capture — provisional,single-source,wayback_bsnpr,https://web.archive.org/web/20130526035153id_/http://www.bsnpr.com:80/estadisticas/lideres.asp?,2026-09-08T03:52:10Z
2013,canastos_3,per_game,9,"Huertas, David",Piratas,24,42,,,,,1.8,False,Serie Regular,2013-05-26,regular-season leader board as of 2013-05-26; season in progress at capture — provisional,single-source,wayback_bsnpr,https://web.archive.org/web/20130526035153id_/http://www.bsnpr.com:80/estadisticas/lideres.asp?,2026-09-08T03:52:10Z
2013,canastos_3,per_game,10,"Pinnock, Danilo",Indios,24,39,,,,,1.6,False,Serie Regular,2013-05-26,regular-season leader board as of 2013-05-26; season in progress at capture — provisional,single-source,wayback_bsnpr,https://web.archive.org/web/20130526035153id_/http://www.bsnpr.com:80/estadisticas/lideres.asp?,2026-09-08T03:52:10Z
2013,canastos_3_pct,percentage,1,"Gainous, Marquis",,11,,29,54,,,53.7,False,Serie Regular,2013-05-26,regular-season leader board as of 2013-05-26; season in progress at capture — provisional,single-source,wayback_bsnpr,https://web.archive.org/web/20130526035153id_/http://www.bsnpr.com:80/estadisticas/lideres.asp?,2026-09-08T03:52:10Z
2013,canastos_3_pct,percentage,2,"Sanchez, Ricky",Cangrejeros,19,,36,72,,,50.0,False,Serie Regular,2013-05-26,regular-season leader board as of 2013-05-26; season in progress at capture — provisional,single-source,wayback_bsnpr,https://web.archive.org/web/20130526035153id_/http://www.bsnpr.com:80/estadisticas/lideres.asp?,2026-09-08T03:52:10Z
2013,canastos_3_pct,percentage,3,"Duran, Cliff",Indios,23,,20,42,,,47.6,False,Serie Regular,2013-05-26,regular-season leader board as of 2013-05-26; season in progress at capture — provisional,single-source,wayback_bsnpr,https://web.archive.org/web/20130526035153id_/http://www.bsnpr.com:80/estadisticas/lideres.asp?,2026-09-08T03:52:10Z
2013,canastos_3_pct,percentage,4,"Pagan, Wilfredo",Cangrejeros,24,,27,57,,,47.4,False,Serie Regular,2013-05-26,regular-season leader board as of 2013-05-26; season in progress at capture — provisional,single-source,wayback_bsnpr,https://web.archive.org/web/20130526035153id_/http://www.bsnpr.com:80/estadisticas/lideres.asp?,2026-09-08T03:52:10Z
2013,canastos_3_pct,percentage,5,"Lee, Carmelo An",Piratas,24,,47,106,,,44.3,False,Serie Regular,2013-05-26,regular-season leader board as of 2013-05-26; season in progress at capture — provisional,single-source,wayback_bsnpr,https://web.archive.org/web/20130526035153id_/http://www.bsnpr.com:80/estadisticas/lideres.asp?,2026-09-08T03:52:10Z
2013,canastos_3_pct,percentage,6,"González, Javier",Cangrejeros,17,,24,57,,,42.1,False,Serie Regular,2013-05-26,regular-season leader board as of 2013-05-26; season in progress at capture — provisional,single-source,wayback_bsnpr,https://web.archive.org/web/20130526035153id_/http://www.bsnpr.com:80/estadisticas/lideres.asp?,2026-09-08T03:52:10Z
2013,canastos_3_pct,percentage,7,"Jones, Joel",Brujos,23,,54,129,,,41.9,False,Serie Regular,2013-05-26,regular-season leader board as of 2013-05-26; season in progress at capture — provisional,single-source,wayback_bsnpr,https://web.archive.org/web/20130526035153id_/http://www.bsnpr.com:80/estadisticas/lideres.asp?,2026-09-08T03:52:10Z
2013,canastos_3_pct,percentage,8,"Guitian, Jose",Atleticos,24,,30,72,,,41.7,False,Serie Regular,2013-05-26,regular-season leader board as of 2013-05-26; season in progress at capture — provisional,single-source,wayback_bsnpr,https://web.archive.org/web/20130526035153id_/http://www.bsnpr.com:80/estadisticas/lideres.asp?,2026-09-08T03:52:10Z
2013,canastos_3_pct,percentage,9,"Strong, Carlos",Atleticos,22,,51,126,,,40.5,False,Serie Regular,2013-05-26,regular-season leader board as of 2013-05-26; season in progress at capture — provisional,single-source,wayback_bsnpr,https://web.archive.org/web/20130526035153id_/http://www.bsnpr.com:80/estadisticas/lideres.asp?,2026-09-08T03:52:10Z
2013,canastos_3_pct,percentage,10,"Galindo, Alex",Cangrejeros,24,,71,176,,,40.3,False,Serie Regular,2013-05-26,regular-season leader board as of 2013-05-26; season in progress at capture — provisional,single-source,wayback_bsnpr,https://web.archive.org/web/20130526035153id_/http://www.bsnpr.com:80/estadisticas/lideres.asp?,2026-09-08T03:52:10Z
2013,cortes_balon,per_game,1,"Fortuna, Manuel",Leones,24,56,,,,,2.3,False,Serie Regular,2013-05-26,regular-season leader board as of 2013-05-26; season in progress at capture — provisional,single-source,wayback_bsnpr,https://web.archive.org/web/20130526035153id_/http://www.bsnpr.com:80/estadisticas/lideres.asp?,2026-09-08T03:52:10Z
2013,cortes_balon,per_game,2,"Coronado, Juan",Brujos,24,52,,,,,2.2,False,Serie Regular,2013-05-26,regular-season leader board as of 2013-05-26; season in progress at capture — provisional,single-source,wayback_bsnpr,https://web.archive.org/web/20130526035153id_/http://www.bsnpr.com:80/estadisticas/lideres.asp?,2026-09-08T03:52:10Z
2013,cortes_balon,per_game,3,"Pinnock, Danilo",Indios,24,35,,,,,1.5,False,Serie Regular,2013-05-26,regular-season leader board as of 2013-05-26; season in progress at capture — provisional,single-source,wayback_bsnpr,https://web.archive.org/web/20130526035153id_/http://www.bsnpr.com:80/estadisticas/lideres.asp?,2026-09-08T03:52:10Z
2013,cortes_balon,per_game,4,"Williams, Leon Verno",Cangrejeros,24,32,,,,,1.3,False,Serie Regular,2013-05-26,regular-season leader board as of 2013-05-26; season in progress at capture — provisional,single-source,wayback_bsnpr,https://web.archive.org/web/20130526035153id_/http://www.bsnpr.com:80/estadisticas/lideres.asp?,2026-09-08T03:52:10Z
2013,cortes_balon,per_game,5,"Rodriguez, Erick",Brujos,21,32,,,,,1.5,False,Serie Regular,2013-05-26,regular-season leader board as of 2013-05-26; season in progress at capture — provisional,single-source,wayback_bsnpr,https://web.archive.org/web/20130526035153id_/http://www.bsnpr.com:80/estadisticas/lideres.asp?,2026-09-08T03:52:10Z
2013,cortes_balon,per_game,6,"Santiago, Eddin",Leones,24,29,,,,,1.2,False,Serie Regular,2013-05-26,regular-season leader board as of 2013-05-26; season in progress at capture — provisional,single-source,wayback_bsnpr,https://web.archive.org/web/20130526035153id_/http://www.bsnpr.com:80/estadisticas/lideres.asp?,2026-09-08T03:52:10Z
2013,cortes_balon,per_game,7,"Ayuso, Elias 'Lar",Mets,24,28,,,,,1.2,False,Serie Regular,2013-05-26,regular-season leader board as of 2013-05-26; season in progress at capture — provisional,single-source,wayback_bsnpr,https://web.archive.org/web/20130526035153id_/http://www.bsnpr.com:80/estadisticas/lideres.asp?,2026-09-08T03:52:10Z
2013,cortes_balon,per_game,8,"Liz, Victor",Atleticos,24,28,,,,,1.2,False,Serie Regular,2013-05-26,regular-season leader board as of 2013-05-26; season in progress at capture — provisional,single-source,wayback_bsnpr,https://web.archive.org/web/20130526035153id_/http://www.bsnpr.com:80/estadisticas/lideres.asp?,2026-09-08T03:52:10Z
2013,cortes_balon,per_game,9,"Ortiz, Andres",Indios,23,28,,,,,1.2,False,Serie Regular,2013-05-26,regular-season leader board as of 2013-05-26; season in progress at capture — provisional,single-source,wayback_bsnpr,https://web.archive.org/web/20130526035153id_/http://www.bsnpr.com:80/estadisticas/lideres.asp?,2026-09-08T03:52:10Z
2013,cortes_balon,per_game,10,"Mojica, Javier",Vaqueros,18,28,,,,,1.6,False,Serie Regular,2013-05-26,regular-season leader board as of 2013-05-26; season in progress at capture — provisional,single-source,wayback_bsnpr,https://web.archive.org/web/20130526035153id_/http://www.bsnpr.com:80/estadisticas/lideres.asp?,2026-09-08T03:52:10Z
2013,rebotes,per_game,1,"Ramos, Peter John",Capitanes,23,223,,,168,55,9.7,False,Serie Regular,2013-05-26,regular-season leader board as of 2013-05-26; season in progress at capture — provisional,single-source,wayback_bsnpr,https://web.archive.org/web/20130526035153id_/http://www.bsnpr.com:80/estadisticas/lideres.asp?,2026-09-08T03:52:10Z
2013,rebotes,per_game,2,"Shannon, Terrence",Vaqueros,25,208,,,128,80,8.3,False,Serie Regular,2013-05-26,regular-season leader board as of 2013-05-26; season in progress at capture — provisional,single-source,wayback_bsnpr,https://web.archive.org/web/20130526035153id_/http://www.bsnpr.com:80/estadisticas/lideres.asp?,2026-09-08T03:52:10Z
2013,rebotes,per_game,3,"Harris, Mike",Leones,19,208,,,148,60,10.9,False,Serie Regular,2013-05-26,regular-season leader board as of 2013-05-26; season in progress at capture — provisional,single-source,wayback_bsnpr,https://web.archive.org/web/20130526035153id_/http://www.bsnpr.com:80/estadisticas/lideres.asp?,2026-09-08T03:52:10Z
2013,rebotes,per_game,4,"Phillip, Darren",Atleticos,22,207,,,136,71,9.4,False,Serie Regular,2013-05-26,regular-season leader board as of 2013-05-26; season in progress at capture — provisional,single-source,wayback_bsnpr,https://web.archive.org/web/20130526035153id_/http://www.bsnpr.com:80/estadisticas/lideres.asp?,2026-09-08T03:52:10Z
2013,rebotes,per_game,5,"Graterol, Windy",Capitanes,23,188,,,133,55,8.2,False,Serie Regular,2013-05-26,regular-season leader board as of 2013-05-26; season in progress at capture — provisional,single-source,wayback_bsnpr,https://web.archive.org/web/20130526035153id_/http://www.bsnpr.com:80/estadisticas/lideres.asp?,2026-09-08T03:52:10Z
2013,rebotes,per_game,6,"Williams, Leon Verno",Cangrejeros,24,184,,,126,58,7.7,False,Serie Regular,2013-05-26,regular-season leader board as of 2013-05-26; season in progress at capture — provisional,single-source,wayback_bsnpr,https://web.archive.org/web/20130526035153id_/http://www.bsnpr.com:80/estadisticas/lideres.asp?,2026-09-08T03:52:10Z
2013,rebotes,per_game,7,"Gransberry, Kentrell",Indios,24,176,,,106,70,7.3,False,Serie Regular,2013-05-26,regular-season leader board as of 2013-05-26; season in progress at capture — provisional,single-source,wayback_bsnpr,https://web.archive.org/web/20130526035153id_/http://www.bsnpr.com:80/estadisticas/lideres.asp?,2026-09-08T03:52:10Z
2013,rebotes,per_game,8,"Mata, Lorenzo",Piratas,24,172,,,109,63,7.2,False,Serie Regular,2013-05-26,regular-season leader board as of 2013-05-26; season in progress at capture — provisional,single-source,wayback_bsnpr,https://web.archive.org/web/20130526035153id_/http://www.bsnpr.com:80/estadisticas/lideres.asp?,2026-09-08T03:52:10Z
2013,rebotes,per_game,9,"Harrellson, Josh",,20,164,,,127,37,8.2,False,Serie Regular,2013-05-26,regular-season leader board as of 2013-05-26; season in progress at capture — provisional,single-source,wayback_bsnpr,https://web.archive.org/web/20130526035153id_/http://www.bsnpr.com:80/estadisticas/lideres.asp?,2026-09-08T03:52:10Z
2013,rebotes,per_game,10,"Pinnock, Danilo",Indios,24,153,,,123,30,6.4,False,Serie Regular,2013-05-26,regular-season leader board as of 2013-05-26; season in progress at capture — provisional,single-source,wayback_bsnpr,https://web.archive.org/web/20130526035153id_/http://www.bsnpr.com:80/estadisticas/lideres.asp?,2026-09-08T03:52:10Z
2013,rebotes_ofensivos,per_game,1,"Shannon, Terrence",Vaqueros,25,80,,,,,3.2,False,Serie Regular,2013-05-26,regular-season leader board as of 2013-05-26; season in progress at capture — provisional,single-source,wayback_bsnpr,https://web.archive.org/web/20130526035153id_/http://www.bsnpr.com:80/estadisticas/lideres.asp?,2026-09-08T03:52:10Z
2013,rebotes_ofensivos,per_game,2,"Phillip, Darren",Atleticos,22,71,,,,,3.2,False,Serie Regular,2013-05-26,regular-season leader board as of 2013-05-26; season in progress at capture — provisional,single-source,wayback_bsnpr,https://web.archive.org/web/20130526035153id_/http://www.bsnpr.com:80/estadisticas/lideres.asp?,2026-09-08T03:52:10Z
2013,rebotes_ofensivos,per_game,3,"Gransberry, Kentrell",Indios,24,70,,,,,2.9,False,Serie Regular,2013-05-26,regular-season leader board as of 2013-05-26; season in progress at capture — provisional,single-source,wayback_bsnpr,https://web.archive.org/web/20130526035153id_/http://www.bsnpr.com:80/estadisticas/lideres.asp?,2026-09-08T03:52:10Z
2013,rebotes_ofensivos,per_game,4,"Lloreda, José Jaime",Mets,14,68,,,,,4.9,False,Serie Regular,2013-05-26,regular-season leader board as of 2013-05-26; season in progress at capture — provisional,single-source,wayback_bsnpr,https://web.archive.org/web/20130526035153id_/http://www.bsnpr.com:80/estadisticas/lideres.asp?,2026-09-08T03:52:10Z
2013,rebotes_ofensivos,per_game,5,"Mata, Lorenzo",Piratas,24,63,,,,,2.6,False,Serie Regular,2013-05-26,regular-season leader board as of 2013-05-26; season in progress at capture — provisional,single-source,wayback_bsnpr,https://web.archive.org/web/20130526035153id_/http://www.bsnpr.com:80/estadisticas/lideres.asp?,2026-09-08T03:52:10Z
2013,rebotes_ofensivos,per_game,6,"Harris, Mike",Leones,19,60,,,,,3.2,False,Serie Regular,2013-05-26,regular-season leader board as of 2013-05-26; season in progress at capture — provisional,single-source,wayback_bsnpr,https://web.archive.org/web/20130526035153id_/http://www.bsnpr.com:80/estadisticas/lideres.asp?,2026-09-08T03:52:10Z
2013,rebotes_ofensivos,per_game,7,"Williams, Leon Verno",Cangrejeros,24,58,,,,,2.4,False,Serie Regular,2013-05-26,regular-season leader board as of 2013-05-26; season in progress at capture — provisional,single-source,wayback_bsnpr,https://web.archive.org/web/20130526035153id_/http://www.bsnpr.com:80/estadisticas/lideres.asp?,2026-09-08T03:52:10Z
2013,rebotes_ofensivos,per_game,8,"Aubry, Jeffrion",Indios,24,58,,,,,2.4,False,Serie Regular,2013-05-26,regular-season leader board as of 2013-05-26; season in progress at capture — provisional,single-source,wayback_bsnpr,https://web.archive.org/web/20130526035153id_/http://www.bsnpr.com:80/estadisticas/lideres.asp?,2026-09-08T03:52:10Z
2013,rebotes_ofensivos,per_game,9,"Ramos, Peter John",Capitanes,23,55,,,,,2.4,False,Serie Regular,2013-05-26,regular-season leader board as of 2013-05-26; season in progress at capture — provisional,single-source,wayback_bsnpr,https://web.archive.org/web/20130526035153id_/http://www.bsnpr.com:80/estadisticas/lideres.asp?,2026-09-08T03:52:10Z
2013,rebotes_ofensivos,per_game,10,"Graterol, Windy",Capitanes,23,55,,,,,2.4,False,Serie Regular,2013-05-26,regular-season leader board as of 2013-05-26; season in progress at capture — provisional,single-source,wayback_bsnpr,https://web.archive.org/web/20130526035153id_/http://www.bsnpr.com:80/estadisticas/lideres.asp?,2026-09-08T03:52:10Z
2013,tiros_libres_anotados,per_game,1,"Shannon, Terrence",Vaqueros,25,129,,,,,5.2,False,Serie Regular,2013-05-26,regular-season leader board as of 2013-05-26; season in progress at capture — provisional,single-source,wayback_bsnpr,https://web.archive.org/web/20130526035153id_/http://www.bsnpr.com:80/estadisticas/lideres.asp?,2026-09-08T03:52:10Z
2013,tiros_libres_anotados,per_game,2,"Brown, Gilbert",Caciques,22,109,,,,,5.0,False,Serie Regular,2013-05-26,regular-season leader board as of 2013-05-26; season in progress at capture — provisional,single-source,wayback_bsnpr,https://web.archive.org/web/20130526035153id_/http://www.bsnpr.com:80/estadisticas/lideres.asp?,2026-09-08T03:52:10Z
2013,tiros_libres_anotados,per_game,3,"Phillip, Darren",Atleticos,22,105,,,,,4.8,False,Serie Regular,2013-05-26,regular-season leader board as of 2013-05-26; season in progress at capture — provisional,single-source,wayback_bsnpr,https://web.archive.org/web/20130526035153id_/http://www.bsnpr.com:80/estadisticas/lideres.asp?,2026-09-08T03:52:10Z
2013,tiros_libres_anotados,per_game,4,"Vassallo, Angel Dani",Capitanes,24,103,,,,,4.3,False,Serie Regular,2013-05-26,regular-season leader board as of 2013-05-26; season in progress at capture — provisional,single-source,wayback_bsnpr,https://web.archive.org/web/20130526035153id_/http://www.bsnpr.com:80/estadisticas/lideres.asp?,2026-09-08T03:52:10Z
2013,tiros_libres_anotados,per_game,5,"Williams, Leon Verno",Cangrejeros,24,97,,,,,4.0,False,Serie Regular,2013-05-26,regular-season leader board as of 2013-05-26; season in progress at capture — provisional,single-source,wayback_bsnpr,https://web.archive.org/web/20130526035153id_/http://www.bsnpr.com:80/estadisticas/lideres.asp?,2026-09-08T03:52:10Z
2013,tiros_libres_anotados,per_game,6,"Efejuku-Rose, Weyinmi",Indios,24,97,,,,,4.0,False,Serie Regular,2013-05-26,regular-season leader board as of 2013-05-26; season in progress at capture — provisional,single-source,wayback_bsnpr,https://web.archive.org/web/20130526035153id_/http://www.bsnpr.com:80/estadisticas/lideres.asp?,2026-09-08T03:52:10Z
2013,tiros_libres_anotados,per_game,7,"Huertas, David",Piratas,24,86,,,,,3.6,False,Serie Regular,2013-05-26,regular-season leader board as of 2013-05-26; season in progress at capture — provisional,single-source,wayback_bsnpr,https://web.archive.org/web/20130526035153id_/http://www.bsnpr.com:80/estadisticas/lideres.asp?,2026-09-08T03:52:10Z
2013,tiros_libres_anotados,per_game,8,"Ayuso, Elias 'Lar",Mets,24,83,,,,,3.5,False,Serie Regular,2013-05-26,regular-season leader board as of 2013-05-26; season in progress at capture — provisional,single-source,wayback_bsnpr,https://web.archive.org/web/20130526035153id_/http://www.bsnpr.com:80/estadisticas/lideres.asp?,2026-09-08T03:52:10Z
2013,tiros_libres_anotados,per_game,9,"Figueroa, Angel Luis",Brujos,23,73,,,,,3.2,False,Serie Regular,2013-05-26,regular-season leader board as of 2013-05-26; season in progress at capture — provisional,single-source,wayback_bsnpr,https://web.archive.org/web/20130526035153id_/http://www.bsnpr.com:80/estadisticas/lideres.asp?,2026-09-08T03:52:10Z
2013,tiros_libres_anotados,per_game,10,"Hickerson, LeRoy",,17,71,,,,,4.2,False,Serie Regular,2013-05-26,regular-season leader board as of 2013-05-26; season in progress at capture — provisional,single-source,wayback_bsnpr,https://web.archive.org/web/20130526035153id_/http://www.bsnpr.com:80/estadisticas/lideres.asp?,2026-09-08T03:52:10Z
2013,tiros_libres_pct,percentage,1,"Ayuso, Elias 'Lar",Mets,24,,83,92,,,90.2,False,Serie Regular,2013-05-26,regular-season leader board as of 2013-05-26; season in progress at capture — provisional,single-source,wayback_bsnpr,https://web.archive.org/web/20130526035153id_/http://www.bsnpr.com:80/estadisticas/lideres.asp?,2026-09-08T03:52:10Z
2013,tiros_libres_pct,percentage,2,"Jones, Joel",Brujos,23,,46,52,,,88.5,False,Serie Regular,2013-05-26,regular-season leader board as of 2013-05-26; season in progress at capture — provisional,single-source,wayback_bsnpr,https://web.archive.org/web/20130526035153id_/http://www.bsnpr.com:80/estadisticas/lideres.asp?,2026-09-08T03:52:10Z
2013,tiros_libres_pct,percentage,3,"Rivera, Carlos Rub",Leones,22,,49,57,,,86.0,False,Serie Regular,2013-05-26,regular-season leader board as of 2013-05-26; season in progress at capture — provisional,single-source,wayback_bsnpr,https://web.archive.org/web/20130526035153id_/http://www.bsnpr.com:80/estadisticas/lideres.asp?,2026-09-08T03:52:10Z
2013,tiros_libres_pct,percentage,4,"Pagan, Wilfredo",Cangrejeros,24,,45,53,,,84.9,False,Serie Regular,2013-05-26,regular-season leader board as of 2013-05-26; season in progress at capture — provisional,single-source,wayback_bsnpr,https://web.archive.org/web/20130526035153id_/http://www.bsnpr.com:80/estadisticas/lideres.asp?,2026-09-08T03:52:10Z
2013,tiros_libres_pct,percentage,5,"Efejuku-Rose, Weyinmi",Indios,24,,97,116,,,83.6,False,Serie Regular,2013-05-26,regular-season leader board as of 2013-05-26; season in progress at capture — provisional,single-source,wayback_bsnpr,https://web.archive.org/web/20130526035153id_/http://www.bsnpr.com:80/estadisticas/lideres.asp?,2026-09-08T03:52:10Z
2013,tiros_libres_pct,percentage,6,"Harris, Mike",Leones,19,,68,82,,,82.9,False,Serie Regular,2013-05-26,regular-season leader board as of 2013-05-26; season in progress at capture — provisional,single-source,wayback_bsnpr,https://web.archive.org/web/20130526035153id_/http://www.bsnpr.com:80/estadisticas/lideres.asp?,2026-09-08T03:52:10Z
2013,tiros_libres_pct,percentage,7,"Huertas, David",Piratas,24,,86,105,,,81.9,False,Serie Regular,2013-05-26,regular-season leader board as of 2013-05-26; season in progress at capture — provisional,single-source,wayback_bsnpr,https://web.archive.org/web/20130526035153id_/http://www.bsnpr.com:80/estadisticas/lideres.asp?,2026-09-08T03:52:10Z
2013,tiros_libres_pct,percentage,8,"Graham, Joseph",Mets,20,,45,55,,,81.8,False,Serie Regular,2013-05-26,regular-season leader board as of 2013-05-26; season in progress at capture — provisional,single-source,wayback_bsnpr,https://web.archive.org/web/20130526035153id_/http://www.bsnpr.com:80/estadisticas/lideres.asp?,2026-09-08T03:52:10Z
2013,tiros_libres_pct,percentage,9,"Phillip, Darren",Atleticos,22,,105,129,,,81.4,False,Serie Regular,2013-05-26,regular-season leader board as of 2013-05-26; season in progress at capture — provisional,single-source,wayback_bsnpr,https://web.archive.org/web/20130526035153id_/http://www.bsnpr.com:80/estadisticas/lideres.asp?,2026-09-08T03:52:10Z
2013,tiros_libres_pct,percentage,10,"Williams, Leon Verno",Cangrejeros,24,,97,120,,,80.8,False,Serie Regular,2013-05-26,regular-season leader board as of 2013-05-26; season in progress at capture — provisional,single-source,wayback_bsnpr,https://web.archive.org/web/20130526035153id_/http://www.bsnpr.com:80/estadisticas/lideres.asp?,2026-09-08T03:52:10Z
2013,turnovers,per_game,1,"Huertas, David",Piratas,24,69,,,,,2.9,False,Serie Regular,2013-05-26,regular-season leader board as of 2013-05-26; season in progress at capture — provisional,single-source,wayback_bsnpr,https://web.archive.org/web/20130526035153id_/http://www.bsnpr.com:80/estadisticas/lideres.asp?,2026-09-08T03:52:10Z
2013,turnovers,per_game,2,"Coronado, Juan",Brujos,24,64,,,,,2.7,False,Serie Regular,2013-05-26,regular-season leader board as of 2013-05-26; season in progress at capture — provisional,single-source,wayback_bsnpr,https://web.archive.org/web/20130526035153id_/http://www.bsnpr.com:80/estadisticas/lideres.asp?,2026-09-08T03:52:10Z
2013,turnovers,per_game,3,"Brown, Gilbert",Caciques,22,59,,,,,2.7,False,Serie Regular,2013-05-26,regular-season leader board as of 2013-05-26; season in progress at capture — provisional,single-source,wayback_bsnpr,https://web.archive.org/web/20130526035153id_/http://www.bsnpr.com:80/estadisticas/lideres.asp?,2026-09-08T03:52:10Z
2013,turnovers,per_game,4,"Shannon, Terrence",Vaqueros,25,55,,,,,2.2,False,Serie Regular,2013-05-26,regular-season leader board as of 2013-05-26; season in progress at capture — provisional,single-source,wayback_bsnpr,https://web.archive.org/web/20130526035153id_/http://www.bsnpr.com:80/estadisticas/lideres.asp?,2026-09-08T03:52:10Z
2013,turnovers,per_game,5,"Ramos, Peter John",Capitanes,23,54,,,,,2.3,False,Serie Regular,2013-05-26,regular-season leader board as of 2013-05-26; season in progress at capture — provisional,single-source,wayback_bsnpr,https://web.archive.org/web/20130526035153id_/http://www.bsnpr.com:80/estadisticas/lideres.asp?,2026-09-08T03:52:10Z
2013,turnovers,per_game,6,"Vassallo, Angel Dani",Capitanes,24,53,,,,,2.2,False,Serie Regular,2013-05-26,regular-season leader board as of 2013-05-26; season in progress at capture — provisional,single-source,wayback_bsnpr,https://web.archive.org/web/20130526035153id_/http://www.bsnpr.com:80/estadisticas/lideres.asp?,2026-09-08T03:52:10Z
2013,turnovers,per_game,7,"Dalmau, Christian",Mets,18,51,,,,,2.8,False,Serie Regular,2013-05-26,regular-season leader board as of 2013-05-26; season in progress at capture — provisional,single-source,wayback_bsnpr,https://web.archive.org/web/20130526035153id_/http://www.bsnpr.com:80/estadisticas/lideres.asp?,2026-09-08T03:52:10Z
2013,turnovers,per_game,8,"Pinnock, Danilo",Indios,24,50,,,,,2.1,False,Serie Regular,2013-05-26,regular-season leader board as of 2013-05-26; season in progress at capture — provisional,single-source,wayback_bsnpr,https://web.archive.org/web/20130526035153id_/http://www.bsnpr.com:80/estadisticas/lideres.asp?,2026-09-08T03:52:10Z
2013,turnovers,per_game,9,"Liz, Victor",Atleticos,24,49,,,,,2.0,False,Serie Regular,2013-05-26,regular-season leader board as of 2013-05-26; season in progress at capture — provisional,single-source,wayback_bsnpr,https://web.archive.org/web/20130526035153id_/http://www.bsnpr.com:80/estadisticas/lideres.asp?,2026-09-08T03:52:10Z
2013,turnovers,per_game,10,"Clemente, Denis",Caciques,22,46,,,,,2.1,False,Serie Regular,2013-05-26,regular-season leader board as of 2013-05-26; season in progress at capture — provisional,single-source,wayback_bsnpr,https://web.archive.org/web/20130526035153id_/http://www.bsnpr.com:80/estadisticas/lideres.asp?,2026-09-08T03:52:10Z
2014,anotaciones,per_game,1,"Harris, Mike",Leones,26,522,,,,,20.1,False,Serie Regular,2014-05-29,regular-season leader board as of 2014-05-29; season in progress at capture — provisional,single-source,wayback_bsnpr,https://web.archive.org/web/20140529195004id_/http://www.bsnpr.com:80/estadisticas/lideres.asp,2026-09-08T03:52:38Z
2014,anotaciones,per_game,2,"Young, Sam",Vaqueros,25,515,,,,,20.6,False,Serie Regular,2014-05-29,regular-season leader board as of 2014-05-29; season in progress at capture — provisional,single-source,wayback_bsnpr,https://web.archive.org/web/20140529195004id_/http://www.bsnpr.com:80/estadisticas/lideres.asp,2026-09-08T03:52:38Z
2014,anotaciones,per_game,3,"De Jesus, Jezreel",Maratonistas,26,472,,,,,18.2,False,Serie Regular,2014-05-29,regular-season leader board as of 2014-05-29; season in progress at capture — provisional,single-source,wayback_bsnpr,https://web.archive.org/web/20140529195004id_/http://www.bsnpr.com:80/estadisticas/lideres.asp,2026-09-08T03:52:38Z
2014,anotaciones,per_game,4,"Carmona, Alejandro",Brujos,26,471,,,,,18.1,False,Serie Regular,2014-05-29,regular-season leader board as of 2014-05-29; season in progress at capture — provisional,single-source,wayback_bsnpr,https://web.archive.org/web/20140529195004id_/http://www.bsnpr.com:80/estadisticas/lideres.asp,2026-09-08T03:52:38Z
2014,anotaciones,per_game,5,"Wafer, Vakeaton """,Indios,19,440,,,,,23.2,False,Serie Regular,2014-05-29,regular-season leader board as of 2014-05-29; season in progress at capture — provisional,single-source,wayback_bsnpr,https://web.archive.org/web/20140529195004id_/http://www.bsnpr.com:80/estadisticas/lideres.asp,2026-09-08T03:52:38Z
2014,anotaciones,per_game,6,"Huertas, David",Piratas,26,435,,,,,16.7,False,Serie Regular,2014-05-29,regular-season leader board as of 2014-05-29; season in progress at capture — provisional,single-source,wayback_bsnpr,https://web.archive.org/web/20140529195004id_/http://www.bsnpr.com:80/estadisticas/lideres.asp,2026-09-08T03:52:38Z
2014,anotaciones,per_game,7,"Thornton, Al",Brujos,17,424,,,,,24.9,False,Serie Regular,2014-05-29,regular-season leader board as of 2014-05-29; season in progress at capture — provisional,single-source,wayback_bsnpr,https://web.archive.org/web/20140529195004id_/http://www.bsnpr.com:80/estadisticas/lideres.asp,2026-09-08T03:52:38Z
2014,anotaciones,per_game,8,"Graham, Zach",,20,421,,,,,21.0,False,Serie Regular,2014-05-29,regular-season leader board as of 2014-05-29; season in progress at capture — provisional,single-source,wayback_bsnpr,https://web.archive.org/web/20140529195004id_/http://www.bsnpr.com:80/estadisticas/lideres.asp,2026-09-08T03:52:38Z
2014,anotaciones,per_game,9,"Williams, Leon Verno",Cangrejeros,26,408,,,,,15.7,False,Serie Regular,2014-05-29,regular-season leader board as of 2014-05-29; season in progress at capture — provisional,single-source,wayback_bsnpr,https://web.archive.org/web/20140529195004id_/http://www.bsnpr.com:80/estadisticas/lideres.asp,2026-09-08T03:52:38Z
2014,anotaciones,per_game,10,"Keenan, Justin",Maratonistas,19,407,,,,,21.4,False,Serie Regular,2014-05-29,regular-season leader board as of 2014-05-29; season in progress at capture — provisional,single-source,wayback_bsnpr,https://web.archive.org/web/20140529195004id_/http://www.bsnpr.com:80/estadisticas/lideres.asp,2026-09-08T03:52:38Z
2014,asistencias,per_game,1,"Vargas, Gregory",Brujos,26,147,,,,,5.7,False,Serie Regular,2014-05-29,regular-season leader board as of 2014-05-29; season in progress at capture — provisional,single-source,wayback_bsnpr,https://web.archive.org/web/20140529195004id_/http://www.bsnpr.com:80/estadisticas/lideres.asp,2026-09-08T03:52:38Z
2014,asistencias,per_game,2,"Hodge Jr., Walter",Capitanes,23,143,,,,,6.2,False,Serie Regular,2014-05-29,regular-season leader board as of 2014-05-29; season in progress at capture — provisional,single-source,wayback_bsnpr,https://web.archive.org/web/20140529195004id_/http://www.bsnpr.com:80/estadisticas/lideres.asp,2026-09-08T03:52:38Z
2014,asistencias,per_game,3,"Dalmau, Christian",Cangrejeros,25,135,,,,,5.4,False,Serie Regular,2014-05-29,regular-season leader board as of 2014-05-29; season in progress at capture — provisional,single-source,wayback_bsnpr,https://web.archive.org/web/20140529195004id_/http://www.bsnpr.com:80/estadisticas/lideres.asp,2026-09-08T03:52:38Z
2014,asistencias,per_game,4,"Rivera, Filiberto",Vaqueros,24,123,,,,,5.1,False,Serie Regular,2014-05-29,regular-season leader board as of 2014-05-29; season in progress at capture — provisional,single-source,wayback_bsnpr,https://web.archive.org/web/20140529195004id_/http://www.bsnpr.com:80/estadisticas/lideres.asp,2026-09-08T03:52:38Z
2014,asistencias,per_game,5,"Taylor, Tyshawn",,17,113,,,,,6.6,False,Serie Regular,2014-05-29,regular-season leader board as of 2014-05-29; season in progress at capture — provisional,single-source,wayback_bsnpr,https://web.archive.org/web/20140529195004id_/http://www.bsnpr.com:80/estadisticas/lideres.asp,2026-09-08T03:52:38Z
2014,asistencias,per_game,6,"De Jesus, Jezreel",Maratonistas,26,108,,,,,4.2,False,Serie Regular,2014-05-29,regular-season leader board as of 2014-05-29; season in progress at capture — provisional,single-source,wayback_bsnpr,https://web.archive.org/web/20140529195004id_/http://www.bsnpr.com:80/estadisticas/lideres.asp,2026-09-08T03:52:38Z
2014,asistencias,per_game,7,"Guzman, Ansel M",Caciques,22,87,,,,,4.0,False,Serie Regular,2014-05-29,regular-season leader board as of 2014-05-29; season in progress at capture — provisional,single-source,wayback_bsnpr,https://web.archive.org/web/20140529195004id_/http://www.bsnpr.com:80/estadisticas/lideres.asp,2026-09-08T03:52:38Z
2014,asistencias,per_game,8,"Diaz, Guillermo",Capitanes,27,84,,,,,3.1,False,Serie Regular,2014-05-29,regular-season leader board as of 2014-05-29; season in progress at capture — provisional,single-source,wayback_bsnpr,https://web.archive.org/web/20140529195004id_/http://www.bsnpr.com:80/estadisticas/lideres.asp,2026-09-08T03:52:38Z
2014,asistencias,per_game,9,"Santiago, Eddin",Leones,26,81,,,,,3.1,False,Serie Regular,2014-05-29,regular-season leader board as of 2014-05-29; season in progress at capture — provisional,single-source,wayback_bsnpr,https://web.archive.org/web/20140529195004id_/http://www.bsnpr.com:80/estadisticas/lideres.asp,2026-09-08T03:52:38Z
2014,asistencias,per_game,10,"Huertas, David",Piratas,26,78,,,,,3.0,False,Serie Regular,2014-05-29,regular-season leader board as of 2014-05-29; season in progress at capture — provisional,single-source,wayback_bsnpr,https://web.archive.org/web/20140529195004id_/http://www.bsnpr.com:80/estadisticas/lideres.asp,2026-09-08T03:52:38Z
2014,bloqueos,per_game,1,"Penn, Kleon",Vaqueros,25,66,,,,,2.64,False,Serie Regular,2014-05-29,regular-season leader board as of 2014-05-29; season in progress at capture — provisional,single-source,wayback_bsnpr,https://web.archive.org/web/20140529195004id_/http://www.bsnpr.com:80/estadisticas/lideres.asp,2026-09-08T03:52:38Z
2014,bloqueos,per_game,2,"Siler, Garret",Capitanes,27,37,,,,,1.37,False,Serie Regular,2014-05-29,regular-season leader board as of 2014-05-29; season in progress at capture — provisional,single-source,wayback_bsnpr,https://web.archive.org/web/20140529195004id_/http://www.bsnpr.com:80/estadisticas/lideres.asp,2026-09-08T03:52:38Z
2014,bloqueos,per_game,3,"Aubry, Jeffrion",Indios,26,35,,,,,1.346,False,Serie Regular,2014-05-29,regular-season leader board as of 2014-05-29; season in progress at capture — provisional,single-source,wayback_bsnpr,https://web.archive.org/web/20140529195004id_/http://www.bsnpr.com:80/estadisticas/lideres.asp,2026-09-08T03:52:38Z
2014,bloqueos,per_game,4,"Balkman, Renaldo",Capitanes,14,33,,,,,2.357,False,Serie Regular,2014-05-29,regular-season leader board as of 2014-05-29; season in progress at capture — provisional,single-source,wayback_bsnpr,https://web.archive.org/web/20140529195004id_/http://www.bsnpr.com:80/estadisticas/lideres.asp,2026-09-08T03:52:38Z
2014,bloqueos,per_game,5,"Lee, Carmelo An",Piratas,26,31,,,,,1.192,False,Serie Regular,2014-05-29,regular-season leader board as of 2014-05-29; season in progress at capture — provisional,single-source,wayback_bsnpr,https://web.archive.org/web/20140529195004id_/http://www.bsnpr.com:80/estadisticas/lideres.asp,2026-09-08T03:52:38Z
2014,bloqueos,per_game,6,"Santiago, Daniel 'Da",Cangrejeros,26,30,,,,,1.154,False,Serie Regular,2014-05-29,regular-season leader board as of 2014-05-29; season in progress at capture — provisional,single-source,wayback_bsnpr,https://web.archive.org/web/20140529195004id_/http://www.bsnpr.com:80/estadisticas/lideres.asp,2026-09-08T03:52:38Z
2014,bloqueos,per_game,7,"Pittman, Dexter",Caciques,16,28,,,,,1.75,False,Serie Regular,2014-05-29,regular-season leader board as of 2014-05-29; season in progress at capture — provisional,single-source,wayback_bsnpr,https://web.archive.org/web/20140529195004id_/http://www.bsnpr.com:80/estadisticas/lideres.asp,2026-09-08T03:52:38Z
2014,bloqueos,per_game,8,"Diaz, Jorge Brya",Piratas,26,23,,,,,0.885,False,Serie Regular,2014-05-29,regular-season leader board as of 2014-05-29; season in progress at capture — provisional,single-source,wayback_bsnpr,https://web.archive.org/web/20140529195004id_/http://www.bsnpr.com:80/estadisticas/lideres.asp,2026-09-08T03:52:38Z
2014,bloqueos,per_game,9,"Harris, Mike",Leones,26,22,,,,,0.846,False,Serie Regular,2014-05-29,regular-season leader board as of 2014-05-29; season in progress at capture — provisional,single-source,wayback_bsnpr,https://web.archive.org/web/20140529195004id_/http://www.bsnpr.com:80/estadisticas/lideres.asp,2026-09-08T03:52:38Z
2014,bloqueos,per_game,10,"Santiago, Benito",Maratonistas,26,19,,,,,0.731,False,Serie Regular,2014-05-29,regular-season leader board as of 2014-05-29; season in progress at capture — provisional,single-source,wayback_bsnpr,https://web.archive.org/web/20140529195004id_/http://www.bsnpr.com:80/estadisticas/lideres.asp,2026-09-08T03:52:38Z
2014,canastos_3,per_game,1,"Ayuso, Elias 'Lar",Vaqueros,25,72,,,,,2.9,False,Serie Regular,2014-05-29,regular-season leader board as of 2014-05-29; season in progress at capture — provisional,single-source,wayback_bsnpr,https://web.archive.org/web/20140529195004id_/http://www.bsnpr.com:80/estadisticas/lideres.asp,2026-09-08T03:52:38Z
2014,canastos_3,per_game,2,"Dalmau, Christian",Cangrejeros,25,59,,,,,2.4,False,Serie Regular,2014-05-29,regular-season leader board as of 2014-05-29; season in progress at capture — provisional,single-source,wayback_bsnpr,https://web.archive.org/web/20140529195004id_/http://www.bsnpr.com:80/estadisticas/lideres.asp,2026-09-08T03:52:38Z
2014,canastos_3,per_game,3,"Cintron, Raymond",Maratonistas,26,58,,,,,2.2,False,Serie Regular,2014-05-29,regular-season leader board as of 2014-05-29; season in progress at capture — provisional,single-source,wayback_bsnpr,https://web.archive.org/web/20140529195004id_/http://www.bsnpr.com:80/estadisticas/lideres.asp,2026-09-08T03:52:38Z
2014,canastos_3,per_game,4,"Jones, Joel",Atleticos,26,51,,,,,2.0,False,Serie Regular,2014-05-29,regular-season leader board as of 2014-05-29; season in progress at capture — provisional,single-source,wayback_bsnpr,https://web.archive.org/web/20140529195004id_/http://www.bsnpr.com:80/estadisticas/lideres.asp,2026-09-08T03:52:38Z
2014,canastos_3,per_game,5,"Wafer, Vakeaton """,Indios,19,51,,,,,2.7,False,Serie Regular,2014-05-29,regular-season leader board as of 2014-05-29; season in progress at capture — provisional,single-source,wayback_bsnpr,https://web.archive.org/web/20140529195004id_/http://www.bsnpr.com:80/estadisticas/lideres.asp,2026-09-08T03:52:38Z
2014,canastos_3,per_game,6,"Wilkinson, Gary",Vaqueros,21,50,,,,,2.4,False,Serie Regular,2014-05-29,regular-season leader board as of 2014-05-29; season in progress at capture — provisional,single-source,wayback_bsnpr,https://web.archive.org/web/20140529195004id_/http://www.bsnpr.com:80/estadisticas/lideres.asp,2026-09-08T03:52:38Z
2014,canastos_3,per_game,7,"Mojica, Javier",Cangrejeros,26,47,,,,,1.8,False,Serie Regular,2014-05-29,regular-season leader board as of 2014-05-29; season in progress at capture — provisional,single-source,wayback_bsnpr,https://web.archive.org/web/20140529195004id_/http://www.bsnpr.com:80/estadisticas/lideres.asp,2026-09-08T03:52:38Z
2014,canastos_3,per_game,8,"Apodaca, Rick",Indios,25,44,,,,,1.8,False,Serie Regular,2014-05-29,regular-season leader board as of 2014-05-29; season in progress at capture — provisional,single-source,wayback_bsnpr,https://web.archive.org/web/20140529195004id_/http://www.bsnpr.com:80/estadisticas/lideres.asp,2026-09-08T03:52:38Z
2014,canastos_3,per_game,9,"Vassallo, Angel Dani",Leones,22,42,,,,,1.9,False,Serie Regular,2014-05-29,regular-season leader board as of 2014-05-29; season in progress at capture — provisional,single-source,wayback_bsnpr,https://web.archive.org/web/20140529195004id_/http://www.bsnpr.com:80/estadisticas/lideres.asp,2026-09-08T03:52:38Z
2014,canastos_3,per_game,10,"Melendez, Ricardo",Piratas,23,41,,,,,1.8,False,Serie Regular,2014-05-29,regular-season leader board as of 2014-05-29; season in progress at capture — provisional,single-source,wayback_bsnpr,https://web.archive.org/web/20140529195004id_/http://www.bsnpr.com:80/estadisticas/lideres.asp,2026-09-08T03:52:38Z
2014,canastos_3_pct,percentage,1,"Latimer, Antonio",Brujos,12,,7,13,,,53.8,False,Serie Regular,2014-05-29,regular-season leader board as of 2014-05-29; season in progress at capture — provisional,single-source,wayback_bsnpr,https://web.archive.org/web/20140529195004id_/http://www.bsnpr.com:80/estadisticas/lideres.asp,2026-09-08T03:52:38Z
2014,canastos_3_pct,percentage,2,"Ere, Ebi",Caciques,1,,5,10,,,50.0,False,Serie Regular,2014-05-29,regular-season leader board as of 2014-05-29; season in progress at capture — provisional,single-source,wayback_bsnpr,https://web.archive.org/web/20140529195004id_/http://www.bsnpr.com:80/estadisticas/lideres.asp,2026-09-08T03:52:38Z
2014,canastos_3_pct,percentage,3,"Morales, Luis Damia",Indios,19,,12,25,,,48.0,False,Serie Regular,2014-05-29,regular-season leader board as of 2014-05-29; season in progress at capture — provisional,single-source,wayback_bsnpr,https://web.archive.org/web/20140529195004id_/http://www.bsnpr.com:80/estadisticas/lideres.asp,2026-09-08T03:52:38Z
2014,canastos_3_pct,percentage,4,"Shannon, Terrence",,18,,9,19,,,47.4,False,Serie Regular,2014-05-29,regular-season leader board as of 2014-05-29; season in progress at capture — provisional,single-source,wayback_bsnpr,https://web.archive.org/web/20140529195004id_/http://www.bsnpr.com:80/estadisticas/lideres.asp,2026-09-08T03:52:38Z
2014,canastos_3_pct,percentage,5,"Hamilton, Kevin",Indios,9,,13,28,,,46.4,False,Serie Regular,2014-05-29,regular-season leader board as of 2014-05-29; season in progress at capture — provisional,single-source,wayback_bsnpr,https://web.archive.org/web/20140529195004id_/http://www.bsnpr.com:80/estadisticas/lideres.asp,2026-09-08T03:52:38Z
2014,canastos_3_pct,percentage,6,"Cotto, Rubén",Indios,23,,22,48,,,45.8,False,Serie Regular,2014-05-29,regular-season leader board as of 2014-05-29; season in progress at capture — provisional,single-source,wayback_bsnpr,https://web.archive.org/web/20140529195004id_/http://www.bsnpr.com:80/estadisticas/lideres.asp,2026-09-08T03:52:38Z
2014,canastos_3_pct,percentage,7,"Hernandez, Hector",Atleticos,12,,24,54,,,44.4,False,Serie Regular,2014-05-29,regular-season leader board as of 2014-05-29; season in progress at capture — provisional,single-source,wayback_bsnpr,https://web.archive.org/web/20140529195004id_/http://www.bsnpr.com:80/estadisticas/lideres.asp,2026-09-08T03:52:38Z
2014,canastos_3_pct,percentage,8,"Mickeal, Pete",,14,,17,39,,,43.6,False,Serie Regular,2014-05-29,regular-season leader board as of 2014-05-29; season in progress at capture — provisional,single-source,wayback_bsnpr,https://web.archive.org/web/20140529195004id_/http://www.bsnpr.com:80/estadisticas/lideres.asp,2026-09-08T03:52:38Z
2014,canastos_3_pct,percentage,9,"Duran, Cliff",Indios,21,,23,54,,,42.6,False,Serie Regular,2014-05-29,regular-season leader board as of 2014-05-29; season in progress at capture — provisional,single-source,wayback_bsnpr,https://web.archive.org/web/20140529195004id_/http://www.bsnpr.com:80/estadisticas/lideres.asp,2026-09-08T03:52:38Z
2014,canastos_3_pct,percentage,10,"Cruz, Alvin",Capitanes,25,,13,31,,,41.9,False,Serie Regular,2014-05-29,regular-season leader board as of 2014-05-29; season in progress at capture — provisional,single-source,wayback_bsnpr,https://web.archive.org/web/20140529195004id_/http://www.bsnpr.com:80/estadisticas/lideres.asp,2026-09-08T03:52:38Z
2014,cortes_balon,per_game,1,"Hodge Jr., Walter",Capitanes,23,40,,,,,1.7,False,Serie Regular,2014-05-29,regular-season leader board as of 2014-05-29; season in progress at capture — provisional,single-source,wayback_bsnpr,https://web.archive.org/web/20140529195004id_/http://www.bsnpr.com:80/estadisticas/lideres.asp,2026-09-08T03:52:38Z
2014,cortes_balon,per_game,2,"Strong, Carlos",Atleticos,26,34,,,,,1.3,False,Serie Regular,2014-05-29,regular-season leader board as of 2014-05-29; season in progress at capture — provisional,single-source,wayback_bsnpr,https://web.archive.org/web/20140529195004id_/http://www.bsnpr.com:80/estadisticas/lideres.asp,2026-09-08T03:52:38Z
2014,cortes_balon,per_game,3,"Duran, Cliff",Indios,21,33,,,,,1.6,False,Serie Regular,2014-05-29,regular-season leader board as of 2014-05-29; season in progress at capture — provisional,single-source,wayback_bsnpr,https://web.archive.org/web/20140529195004id_/http://www.bsnpr.com:80/estadisticas/lideres.asp,2026-09-08T03:52:38Z
2014,cortes_balon,per_game,4,"Mojica, Javier",Cangrejeros,26,29,,,,,1.1,False,Serie Regular,2014-05-29,regular-season leader board as of 2014-05-29; season in progress at capture — provisional,single-source,wayback_bsnpr,https://web.archive.org/web/20140529195004id_/http://www.bsnpr.com:80/estadisticas/lideres.asp,2026-09-08T03:52:38Z
2014,cortes_balon,per_game,5,"Jones, Joel",Atleticos,26,29,,,,,1.1,False,Serie Regular,2014-05-29,regular-season leader board as of 2014-05-29; season in progress at capture — provisional,single-source,wayback_bsnpr,https://web.archive.org/web/20140529195004id_/http://www.bsnpr.com:80/estadisticas/lideres.asp,2026-09-08T03:52:38Z
2014,cortes_balon,per_game,6,"Williams, Leon Verno",Cangrejeros,26,29,,,,,1.1,False,Serie Regular,2014-05-29,regular-season leader board as of 2014-05-29; season in progress at capture — provisional,single-source,wayback_bsnpr,https://web.archive.org/web/20140529195004id_/http://www.bsnpr.com:80/estadisticas/lideres.asp,2026-09-08T03:52:38Z
2014,cortes_balon,per_game,7,"Santiago, Benito",Maratonistas,26,29,,,,,1.1,False,Serie Regular,2014-05-29,regular-season leader board as of 2014-05-29; season in progress at capture — provisional,single-source,wayback_bsnpr,https://web.archive.org/web/20140529195004id_/http://www.bsnpr.com:80/estadisticas/lideres.asp,2026-09-08T03:52:38Z
2014,cortes_balon,per_game,8,"Taylor, Tyshawn",,17,28,,,,,1.6,False,Serie Regular,2014-05-29,regular-season leader board as of 2014-05-29; season in progress at capture — provisional,single-source,wayback_bsnpr,https://web.archive.org/web/20140529195004id_/http://www.bsnpr.com:80/estadisticas/lideres.asp,2026-09-08T03:52:38Z
2014,cortes_balon,per_game,9,"Garcia, Leandro",Capitanes,16,28,,,,,1.8,False,Serie Regular,2014-05-29,regular-season leader board as of 2014-05-29; season in progress at capture — provisional,single-source,wayback_bsnpr,https://web.archive.org/web/20140529195004id_/http://www.bsnpr.com:80/estadisticas/lideres.asp,2026-09-08T03:52:38Z
2014,cortes_balon,per_game,10,"Young, Sam",Vaqueros,25,27,,,,,1.1,False,Serie Regular,2014-05-29,regular-season leader board as of 2014-05-29; season in progress at capture — provisional,single-source,wayback_bsnpr,https://web.archive.org/web/20140529195004id_/http://www.bsnpr.com:80/estadisticas/lideres.asp,2026-09-08T03:52:38Z
2014,rebotes,per_game,1,"Williams, Leon Verno",Cangrejeros,26,259,,,156,103,10.0,False,Serie Regular,2014-05-29,regular-season leader board as of 2014-05-29; season in progress at capture — provisional,single-source,wayback_bsnpr,https://web.archive.org/web/20140529195004id_/http://www.bsnpr.com:80/estadisticas/lideres.asp,2026-09-08T03:52:38Z
2014,rebotes,per_game,2,"Harris, Mike",Leones,26,244,,,178,66,9.4,False,Serie Regular,2014-05-29,regular-season leader board as of 2014-05-29; season in progress at capture — provisional,single-source,wayback_bsnpr,https://web.archive.org/web/20140529195004id_/http://www.bsnpr.com:80/estadisticas/lideres.asp,2026-09-08T03:52:38Z
2014,rebotes,per_game,3,"Young, Sam",Vaqueros,25,194,,,133,61,7.8,False,Serie Regular,2014-05-29,regular-season leader board as of 2014-05-29; season in progress at capture — provisional,single-source,wayback_bsnpr,https://web.archive.org/web/20140529195004id_/http://www.bsnpr.com:80/estadisticas/lideres.asp,2026-09-08T03:52:38Z
2014,rebotes,per_game,4,"Siler, Garret",Capitanes,27,192,,,111,81,7.1,False,Serie Regular,2014-05-29,regular-season leader board as of 2014-05-29; season in progress at capture — provisional,single-source,wayback_bsnpr,https://web.archive.org/web/20140529195004id_/http://www.bsnpr.com:80/estadisticas/lideres.asp,2026-09-08T03:52:38Z
2014,rebotes,per_game,5,"Ramos, Peter John",Brujos,25,192,,,132,60,7.7,False,Serie Regular,2014-05-29,regular-season leader board as of 2014-05-29; season in progress at capture — provisional,single-source,wayback_bsnpr,https://web.archive.org/web/20140529195004id_/http://www.bsnpr.com:80/estadisticas/lideres.asp,2026-09-08T03:52:38Z
2014,rebotes,per_game,6,"Carmona, Alejandro",Brujos,26,187,,,123,64,7.2,False,Serie Regular,2014-05-29,regular-season leader board as of 2014-05-29; season in progress at capture — provisional,single-source,wayback_bsnpr,https://web.archive.org/web/20140529195004id_/http://www.bsnpr.com:80/estadisticas/lideres.asp,2026-09-08T03:52:38Z
2014,rebotes,per_game,7,"Aubry, Jeffrion",Indios,26,179,,,108,71,6.9,False,Serie Regular,2014-05-29,regular-season leader board as of 2014-05-29; season in progress at capture — provisional,single-source,wayback_bsnpr,https://web.archive.org/web/20140529195004id_/http://www.bsnpr.com:80/estadisticas/lideres.asp,2026-09-08T03:52:38Z
2014,rebotes,per_game,8,"Keenan, Justin",Maratonistas,19,149,,,83,66,7.8,False,Serie Regular,2014-05-29,regular-season leader board as of 2014-05-29; season in progress at capture — provisional,single-source,wayback_bsnpr,https://web.archive.org/web/20140529195004id_/http://www.bsnpr.com:80/estadisticas/lideres.asp,2026-09-08T03:52:38Z
2014,rebotes,per_game,9,"Jones, Joel",Atleticos,26,141,,,121,20,5.4,False,Serie Regular,2014-05-29,regular-season leader board as of 2014-05-29; season in progress at capture — provisional,single-source,wayback_bsnpr,https://web.archive.org/web/20140529195004id_/http://www.bsnpr.com:80/estadisticas/lideres.asp,2026-09-08T03:52:38Z
2014,rebotes,per_game,10,"Santiago, Daniel 'Da",Cangrejeros,26,137,,,89,48,5.3,False,Serie Regular,2014-05-29,regular-season leader board as of 2014-05-29; season in progress at capture — provisional,single-source,wayback_bsnpr,https://web.archive.org/web/20140529195004id_/http://www.bsnpr.com:80/estadisticas/lideres.asp,2026-09-08T03:52:38Z
2014,rebotes_ofensivos,per_game,1,"Williams, Leon Verno",Cangrejeros,26,103,,,,,4.0,False,Serie Regular,2014-05-29,regular-season leader board as of 2014-05-29; season in progress at capture — provisional,single-source,wayback_bsnpr,https://web.archive.org/web/20140529195004id_/http://www.bsnpr.com:80/estadisticas/lideres.asp,2026-09-08T03:52:38Z
2014,rebotes_ofensivos,per_game,2,"Siler, Garret",Capitanes,27,81,,,,,3.0,False,Serie Regular,2014-05-29,regular-season leader board as of 2014-05-29; season in progress at capture — provisional,single-source,wayback_bsnpr,https://web.archive.org/web/20140529195004id_/http://www.bsnpr.com:80/estadisticas/lideres.asp,2026-09-08T03:52:38Z
2014,rebotes_ofensivos,per_game,3,"Aubry, Jeffrion",Indios,26,71,,,,,2.7,False,Serie Regular,2014-05-29,regular-season leader board as of 2014-05-29; season in progress at capture — provisional,single-source,wayback_bsnpr,https://web.archive.org/web/20140529195004id_/http://www.bsnpr.com:80/estadisticas/lideres.asp,2026-09-08T03:52:38Z
2014,rebotes_ofensivos,per_game,4,"Harris, Mike",Leones,26,66,,,,,2.5,False,Serie Regular,2014-05-29,regular-season leader board as of 2014-05-29; season in progress at capture — provisional,single-source,wayback_bsnpr,https://web.archive.org/web/20140529195004id_/http://www.bsnpr.com:80/estadisticas/lideres.asp,2026-09-08T03:52:38Z
2014,rebotes_ofensivos,per_game,5,"Keenan, Justin",Maratonistas,19,66,,,,,3.5,False,Serie Regular,2014-05-29,regular-season leader board as of 2014-05-29; season in progress at capture — provisional,single-source,wayback_bsnpr,https://web.archive.org/web/20140529195004id_/http://www.bsnpr.com:80/estadisticas/lideres.asp,2026-09-08T03:52:38Z
2014,rebotes_ofensivos,per_game,6,"Carmona, Alejandro",Brujos,26,64,,,,,2.5,False,Serie Regular,2014-05-29,regular-season leader board as of 2014-05-29; season in progress at capture — provisional,single-source,wayback_bsnpr,https://web.archive.org/web/20140529195004id_/http://www.bsnpr.com:80/estadisticas/lideres.asp,2026-09-08T03:52:38Z
2014,rebotes_ofensivos,per_game,7,"Young, Sam",Vaqueros,25,61,,,,,2.4,False,Serie Regular,2014-05-29,regular-season leader board as of 2014-05-29; season in progress at capture — provisional,single-source,wayback_bsnpr,https://web.archive.org/web/20140529195004id_/http://www.bsnpr.com:80/estadisticas/lideres.asp,2026-09-08T03:52:38Z
2014,rebotes_ofensivos,per_game,8,"Ramos, Peter John",Brujos,25,60,,,,,2.4,False,Serie Regular,2014-05-29,regular-season leader board as of 2014-05-29; season in progress at capture — provisional,single-source,wayback_bsnpr,https://web.archive.org/web/20140529195004id_/http://www.bsnpr.com:80/estadisticas/lideres.asp,2026-09-08T03:52:38Z
2014,rebotes_ofensivos,per_game,9,"Wilkerson, Tyler",,14,58,,,,,4.1,False,Serie Regular,2014-05-29,regular-season leader board as of 2014-05-29; season in progress at capture — provisional,single-source,wayback_bsnpr,https://web.archive.org/web/20140529195004id_/http://www.bsnpr.com:80/estadisticas/lideres.asp,2026-09-08T03:52:38Z
2014,rebotes_ofensivos,per_game,10,"Phelps, Eugene",,13,51,,,,,3.9,False,Serie Regular,2014-05-29,regular-season leader board as of 2014-05-29; season in progress at capture — provisional,single-source,wayback_bsnpr,https://web.archive.org/web/20140529195004id_/http://www.bsnpr.com:80/estadisticas/lideres.asp,2026-09-08T03:52:38Z
2014,tiros_libres_anotados,per_game,1,"Keenan, Justin",Maratonistas,19,121,,,,,6.4,False,Serie Regular,2014-05-29,regular-season leader board as of 2014-05-29; season in progress at capture — provisional,single-source,wayback_bsnpr,https://web.archive.org/web/20140529195004id_/http://www.bsnpr.com:80/estadisticas/lideres.asp,2026-09-08T03:52:38Z
2014,tiros_libres_anotados,per_game,2,"Young, Sam",Vaqueros,25,117,,,,,4.7,False,Serie Regular,2014-05-29,regular-season leader board as of 2014-05-29; season in progress at capture — provisional,single-source,wayback_bsnpr,https://web.archive.org/web/20140529195004id_/http://www.bsnpr.com:80/estadisticas/lideres.asp,2026-09-08T03:52:38Z
2014,tiros_libres_anotados,per_game,3,"Carmona, Alejandro",Brujos,26,114,,,,,4.4,False,Serie Regular,2014-05-29,regular-season leader board as of 2014-05-29; season in progress at capture — provisional,single-source,wayback_bsnpr,https://web.archive.org/web/20140529195004id_/http://www.bsnpr.com:80/estadisticas/lideres.asp,2026-09-08T03:52:38Z
2014,tiros_libres_anotados,per_game,4,"De Jesus, Jezreel",Maratonistas,26,113,,,,,4.3,False,Serie Regular,2014-05-29,regular-season leader board as of 2014-05-29; season in progress at capture — provisional,single-source,wayback_bsnpr,https://web.archive.org/web/20140529195004id_/http://www.bsnpr.com:80/estadisticas/lideres.asp,2026-09-08T03:52:38Z
2014,tiros_libres_anotados,per_game,5,"Williams, Leon Verno",Cangrejeros,26,104,,,,,4.0,False,Serie Regular,2014-05-29,regular-season leader board as of 2014-05-29; season in progress at capture — provisional,single-source,wayback_bsnpr,https://web.archive.org/web/20140529195004id_/http://www.bsnpr.com:80/estadisticas/lideres.asp,2026-09-08T03:52:38Z
2014,tiros_libres_anotados,per_game,6,"Huertas, David",Piratas,26,104,,,,,4.0,False,Serie Regular,2014-05-29,regular-season leader board as of 2014-05-29; season in progress at capture — provisional,single-source,wayback_bsnpr,https://web.archive.org/web/20140529195004id_/http://www.bsnpr.com:80/estadisticas/lideres.asp,2026-09-08T03:52:38Z
2014,tiros_libres_anotados,per_game,7,"Taylor, Tyshawn",,17,103,,,,,6.1,False,Serie Regular,2014-05-29,regular-season leader board as of 2014-05-29; season in progress at capture — provisional,single-source,wayback_bsnpr,https://web.archive.org/web/20140529195004id_/http://www.bsnpr.com:80/estadisticas/lideres.asp,2026-09-08T03:52:38Z
2014,tiros_libres_anotados,per_game,8,"Graham, Zach",,20,97,,,,,4.8,False,Serie Regular,2014-05-29,regular-season leader board as of 2014-05-29; season in progress at capture — provisional,single-source,wayback_bsnpr,https://web.archive.org/web/20140529195004id_/http://www.bsnpr.com:80/estadisticas/lideres.asp,2026-09-08T03:52:38Z
2014,tiros_libres_anotados,per_game,9,"Thornton, Al",Brujos,17,97,,,,,5.7,False,Serie Regular,2014-05-29,regular-season leader board as of 2014-05-29; season in progress at capture — provisional,single-source,wayback_bsnpr,https://web.archive.org/web/20140529195004id_/http://www.bsnpr.com:80/estadisticas/lideres.asp,2026-09-08T03:52:38Z
2014,tiros_libres_anotados,per_game,10,"Hodge Jr., Walter",Capitanes,23,96,,,,,4.2,False,Serie Regular,2014-05-29,regular-season leader board as of 2014-05-29; season in progress at capture — provisional,single-source,wayback_bsnpr,https://web.archive.org/web/20140529195004id_/http://www.bsnpr.com:80/estadisticas/lideres.asp,2026-09-08T03:52:38Z
2014,tiros_libres_pct,percentage,1,"Maye, James",Caciques,26,,64,68,,,94.1,False,Serie Regular,2014-05-29,regular-season leader board as of 2014-05-29; season in progress at capture — provisional,single-source,wayback_bsnpr,https://web.archive.org/web/20140529195004id_/http://www.bsnpr.com:80/estadisticas/lideres.asp,2026-09-08T03:52:38Z
2014,tiros_libres_pct,percentage,2,"Johnson, Daniel",Piratas,11,,56,62,,,90.3,False,Serie Regular,2014-05-29,regular-season leader board as of 2014-05-29; season in progress at capture — provisional,single-source,wayback_bsnpr,https://web.archive.org/web/20140529195004id_/http://www.bsnpr.com:80/estadisticas/lideres.asp,2026-09-08T03:52:38Z
2014,tiros_libres_pct,percentage,3,"Wafer, Vakeaton """,Indios,19,,89,99,,,89.9,False,Serie Regular,2014-05-29,regular-season leader board as of 2014-05-29; season in progress at capture — provisional,single-source,wayback_bsnpr,https://web.archive.org/web/20140529195004id_/http://www.bsnpr.com:80/estadisticas/lideres.asp,2026-09-08T03:52:38Z
2014,tiros_libres_pct,percentage,4,"Graham, Zach",,20,,97,108,,,89.8,False,Serie Regular,2014-05-29,regular-season leader board as of 2014-05-29; season in progress at capture — provisional,single-source,wayback_bsnpr,https://web.archive.org/web/20140529195004id_/http://www.bsnpr.com:80/estadisticas/lideres.asp,2026-09-08T03:52:38Z
2014,tiros_libres_pct,percentage,5,"Ayuso, Elias 'Lar",Vaqueros,25,,90,101,,,89.1,False,Serie Regular,2014-05-29,regular-season leader board as of 2014-05-29; season in progress at capture — provisional,single-source,wayback_bsnpr,https://web.archive.org/web/20140529195004id_/http://www.bsnpr.com:80/estadisticas/lideres.asp,2026-09-08T03:52:38Z
2014,tiros_libres_pct,percentage,6,"Ramirez, Luis Steve",Indios,23,,23,26,,,88.5,False,Serie Regular,2014-05-29,regular-season leader board as of 2014-05-29; season in progress at capture — provisional,single-source,wayback_bsnpr,https://web.archive.org/web/20140529195004id_/http://www.bsnpr.com:80/estadisticas/lideres.asp,2026-09-08T03:52:38Z
2014,tiros_libres_pct,percentage,7,"Nunnally, James",,6,,21,24,,,87.5,False,Serie Regular,2014-05-29,regular-season leader board as of 2014-05-29; season in progress at capture — provisional,single-source,wayback_bsnpr,https://web.archive.org/web/20140529195004id_/http://www.bsnpr.com:80/estadisticas/lideres.asp,2026-09-08T03:52:38Z
2014,tiros_libres_pct,percentage,8,"Huertas, David",Piratas,26,,104,119,,,87.4,False,Serie Regular,2014-05-29,regular-season leader board as of 2014-05-29; season in progress at capture — provisional,single-source,wayback_bsnpr,https://web.archive.org/web/20140529195004id_/http://www.bsnpr.com:80/estadisticas/lideres.asp,2026-09-08T03:52:38Z
2014,tiros_libres_pct,percentage,9,"Cortes, David",Capitanes,27,,18,21,,,85.7,False,Serie Regular,2014-05-29,regular-season leader board as of 2014-05-29; season in progress at capture — provisional,single-source,wayback_bsnpr,https://web.archive.org/web/20140529195004id_/http://www.bsnpr.com:80/estadisticas/lideres.asp,2026-09-08T03:52:38Z
2014,tiros_libres_pct,percentage,10,"Rivera, Carlos Rub",Leones,19,,40,47,,,85.1,False,Serie Regular,2014-05-29,regular-season leader board as of 2014-05-29; season in progress at capture — provisional,single-source,wayback_bsnpr,https://web.archive.org/web/20140529195004id_/http://www.bsnpr.com:80/estadisticas/lideres.asp,2026-09-08T03:52:38Z
2014,turnovers,per_game,1,"Huertas, David",Piratas,26,72,,,,,2.8,False,Serie Regular,2014-05-29,regular-season leader board as of 2014-05-29; season in progress at capture — provisional,single-source,wayback_bsnpr,https://web.archive.org/web/20140529195004id_/http://www.bsnpr.com:80/estadisticas/lideres.asp,2026-09-08T03:52:38Z
2014,turnovers,per_game,2,"Dalmau, Christian",Cangrejeros,25,67,,,,,2.7,False,Serie Regular,2014-05-29,regular-season leader board as of 2014-05-29; season in progress at capture — provisional,single-source,wayback_bsnpr,https://web.archive.org/web/20140529195004id_/http://www.bsnpr.com:80/estadisticas/lideres.asp,2026-09-08T03:52:38Z
2014,turnovers,per_game,3,"Ramos, Peter John",Brujos,25,66,,,,,2.6,False,Serie Regular,2014-05-29,regular-season leader board as of 2014-05-29; season in progress at capture — provisional,single-source,wayback_bsnpr,https://web.archive.org/web/20140529195004id_/http://www.bsnpr.com:80/estadisticas/lideres.asp,2026-09-08T03:52:38Z
2014,turnovers,per_game,4,"De Jesus, Jezreel",Maratonistas,26,63,,,,,2.4,False,Serie Regular,2014-05-29,regular-season leader board as of 2014-05-29; season in progress at capture — provisional,single-source,wayback_bsnpr,https://web.archive.org/web/20140529195004id_/http://www.bsnpr.com:80/estadisticas/lideres.asp,2026-09-08T03:52:38Z
2014,turnovers,per_game,5,"Young, Sam",Vaqueros,25,63,,,,,2.5,False,Serie Regular,2014-05-29,regular-season leader board as of 2014-05-29; season in progress at capture — provisional,single-source,wayback_bsnpr,https://web.archive.org/web/20140529195004id_/http://www.bsnpr.com:80/estadisticas/lideres.asp,2026-09-08T03:52:38Z
2014,turnovers,per_game,6,"Hodge Jr., Walter",Capitanes,23,63,,,,,2.7,False,Serie Regular,2014-05-29,regular-season leader board as of 2014-05-29; season in progress at capture — provisional,single-source,wayback_bsnpr,https://web.archive.org/web/20140529195004id_/http://www.bsnpr.com:80/estadisticas/lideres.asp,2026-09-08T03:52:38Z
2014,turnovers,per_game,7,"Taylor, Tyshawn",,17,63,,,,,3.7,False,Serie Regular,2014-05-29,regular-season leader board as of 2014-05-29; season in progress at capture — provisional,single-source,wayback_bsnpr,https://web.archive.org/web/20140529195004id_/http://www.bsnpr.com:80/estadisticas/lideres.asp,2026-09-08T03:52:38Z
2014,turnovers,per_game,8,"Rivera, Filiberto",Vaqueros,24,61,,,,,2.5,False,Serie Regular,2014-05-29,regular-season leader board as of 2014-05-29; season in progress at capture — provisional,single-source,wayback_bsnpr,https://web.archive.org/web/20140529195004id_/http://www.bsnpr.com:80/estadisticas/lideres.asp,2026-09-08T03:52:38Z
2014,turnovers,per_game,9,"Carmona, Alejandro",Brujos,26,54,,,,,2.1,False,Serie Regular,2014-05-29,regular-season leader board as of 2014-05-29; season in progress at capture — provisional,single-source,wayback_bsnpr,https://web.archive.org/web/20140529195004id_/http://www.bsnpr.com:80/estadisticas/lideres.asp,2026-09-08T03:52:38Z
2014,turnovers,per_game,10,"Ayuso, Elias 'Lar",Vaqueros,25,52,,,,,2.1,False,Serie Regular,2014-05-29,regular-season leader board as of 2014-05-29; season in progress at capture — provisional,single-source,wayback_bsnpr,https://web.archive.org/web/20140529195004id_/http://www.bsnpr.com:80/estadisticas/lideres.asp,2026-09-08T03:52:38Z
2018,anotaciones,per_game,1,"Terry, Reyshawn",,26,600,,,,,23.1,False,Serie Regular,2018-07-10,regular-season leader board as of 2018-07-10; season in progress at capture — provisional,single-source,wayback_bsnpr,https://web.archive.org/web/20180710102122id_/https://www.bsnpr.com/estadisticas/lideres.asp,2026-09-08T03:53:48Z
2018,anotaciones,per_game,2,"Viñales, Kyle",,24,506,,,,,21.1,False,Serie Regular,2018-07-10,regular-season leader board as of 2018-07-10; season in progress at capture — provisional,single-source,wayback_bsnpr,https://web.archive.org/web/20180710102122id_/https://www.bsnpr.com/estadisticas/lideres.asp,2026-09-08T03:53:48Z
2018,anotaciones,per_game,3,"Costner, Brandon",,25,467,,,,,18.7,False,Serie Regular,2018-07-10,regular-season leader board as of 2018-07-10; season in progress at capture — provisional,single-source,wayback_bsnpr,https://web.archive.org/web/20180710102122id_/https://www.bsnpr.com/estadisticas/lideres.asp,2026-09-08T03:53:48Z
2018,anotaciones,per_game,4,"Young, Mike",,22,443,,,,,20.1,False,Serie Regular,2018-07-10,regular-season leader board as of 2018-07-10; season in progress at capture — provisional,single-source,wayback_bsnpr,https://web.archive.org/web/20180710102122id_/https://www.bsnpr.com/estadisticas/lideres.asp,2026-09-08T03:53:48Z
2018,anotaciones,per_game,5,"Romero, Ismael",,26,424,,,,,16.3,False,Serie Regular,2018-07-10,regular-season leader board as of 2018-07-10; season in progress at capture — provisional,single-source,wayback_bsnpr,https://web.archive.org/web/20180710102122id_/https://www.bsnpr.com/estadisticas/lideres.asp,2026-09-08T03:53:48Z
2018,anotaciones,per_game,6,"Arroyo, Carlos A.",,26,423,,,,,16.3,False,Serie Regular,2018-07-10,regular-season leader board as of 2018-07-10; season in progress at capture — provisional,single-source,wayback_bsnpr,https://web.archive.org/web/20180710102122id_/https://www.bsnpr.com/estadisticas/lideres.asp,2026-09-08T03:53:48Z
2018,anotaciones,per_game,7,"Rodriguez, Jonathan",,27,420,,,,,15.6,False,Serie Regular,2018-07-10,regular-season leader board as of 2018-07-10; season in progress at capture — provisional,single-source,wayback_bsnpr,https://web.archive.org/web/20180710102122id_/https://www.bsnpr.com/estadisticas/lideres.asp,2026-09-08T03:53:48Z
2018,anotaciones,per_game,8,"Vassallo, Angel D.",,24,394,,,,,16.4,False,Serie Regular,2018-07-10,regular-season leader board as of 2018-07-10; season in progress at capture — provisional,single-source,wayback_bsnpr,https://web.archive.org/web/20180710102122id_/https://www.bsnpr.com/estadisticas/lideres.asp,2026-09-08T03:53:48Z
2018,anotaciones,per_game,9,"Ledo, Ricardo",,21,371,,,,,17.7,False,Serie Regular,2018-07-10,regular-season leader board as of 2018-07-10; season in progress at capture — provisional,single-source,wayback_bsnpr,https://web.archive.org/web/20180710102122id_/https://www.bsnpr.com/estadisticas/lideres.asp,2026-09-08T03:53:48Z
2018,anotaciones,per_game,10,"Mojica, Javier",,27,352,,,,,13.0,False,Serie Regular,2018-07-10,regular-season leader board as of 2018-07-10; season in progress at capture — provisional,single-source,wayback_bsnpr,https://web.archive.org/web/20180710102122id_/https://www.bsnpr.com/estadisticas/lideres.asp,2026-09-08T03:53:48Z
2018,asistencias,per_game,1,"Arroyo, Carlos A.",,26,176,,,,,6.8,False,Serie Regular,2018-07-10,regular-season leader board as of 2018-07-10; season in progress at capture — provisional,single-source,wayback_bsnpr,https://web.archive.org/web/20180710102122id_/https://www.bsnpr.com/estadisticas/lideres.asp,2026-09-08T03:53:48Z
2018,asistencias,per_game,2,"González, Javier",,26,141,,,,,5.4,False,Serie Regular,2018-07-10,regular-season leader board as of 2018-07-10; season in progress at capture — provisional,single-source,wayback_bsnpr,https://web.archive.org/web/20180710102122id_/https://www.bsnpr.com/estadisticas/lideres.asp,2026-09-08T03:53:48Z
2018,asistencias,per_game,3,"Han, Francis Jo",Santeros,27,127,,,,,4.7,False,Serie Regular,2018-07-10,regular-season leader board as of 2018-07-10; season in progress at capture — provisional,single-source,wayback_bsnpr,https://web.archive.org/web/20180710102122id_/https://www.bsnpr.com/estadisticas/lideres.asp,2026-09-08T03:53:48Z
2018,asistencias,per_game,4,"Williams, Marcus",,16,120,,,,,7.5,False,Serie Regular,2018-07-10,regular-season leader board as of 2018-07-10; season in progress at capture — provisional,single-source,wayback_bsnpr,https://web.archive.org/web/20180710102122id_/https://www.bsnpr.com/estadisticas/lideres.asp,2026-09-08T03:53:48Z
2018,asistencias,per_game,5,"Rivera, Carlos Rub",Leones,24,115,,,,,4.8,False,Serie Regular,2018-07-10,regular-season leader board as of 2018-07-10; season in progress at capture — provisional,single-source,wayback_bsnpr,https://web.archive.org/web/20180710102122id_/https://www.bsnpr.com/estadisticas/lideres.asp,2026-09-08T03:53:48Z
2018,asistencias,per_game,6,"Soto, Joseph R.",Vaqueros,20,109,,,,,5.4,False,Serie Regular,2018-07-10,regular-season leader board as of 2018-07-10; season in progress at capture — provisional,single-source,wayback_bsnpr,https://web.archive.org/web/20180710102122id_/https://www.bsnpr.com/estadisticas/lideres.asp,2026-09-08T03:53:48Z
2018,asistencias,per_game,7,"Costner, Brandon",,25,90,,,,,3.6,False,Serie Regular,2018-07-10,regular-season leader board as of 2018-07-10; season in progress at capture — provisional,single-source,wayback_bsnpr,https://web.archive.org/web/20180710102122id_/https://www.bsnpr.com/estadisticas/lideres.asp,2026-09-08T03:53:48Z
2018,asistencias,per_game,8,"Ledo, Ricardo",,21,87,,,,,4.1,False,Serie Regular,2018-07-10,regular-season leader board as of 2018-07-10; season in progress at capture — provisional,single-source,wayback_bsnpr,https://web.archive.org/web/20180710102122id_/https://www.bsnpr.com/estadisticas/lideres.asp,2026-09-08T03:53:48Z
2018,asistencias,per_game,9,"Viñales, Kyle",,24,84,,,,,3.5,False,Serie Regular,2018-07-10,regular-season leader board as of 2018-07-10; season in progress at capture — provisional,single-source,wayback_bsnpr,https://web.archive.org/web/20180710102122id_/https://www.bsnpr.com/estadisticas/lideres.asp,2026-09-08T03:53:48Z
2018,asistencias,per_game,10,"Rodriguez, Jonathan",,27,81,,,,,3.0,False,Serie Regular,2018-07-10,regular-season leader board as of 2018-07-10; season in progress at capture — provisional,single-source,wayback_bsnpr,https://web.archive.org/web/20180710102122id_/https://www.bsnpr.com/estadisticas/lideres.asp,2026-09-08T03:53:48Z
2018,bloqueos,per_game,1,"Penn, Kleon",Caciques,24,42,,,,,1.75,False,Serie Regular,2018-07-10,regular-season leader board as of 2018-07-10; season in progress at capture — provisional,single-source,wayback_bsnpr,https://web.archive.org/web/20180710102122id_/https://www.bsnpr.com/estadisticas/lideres.asp,2026-09-08T03:53:48Z
2018,bloqueos,per_game,2,"Hernandez, Luis",Piratas,26,37,,,,,1.423,False,Serie Regular,2018-07-10,regular-season leader board as of 2018-07-10; season in progress at capture — provisional,single-source,wayback_bsnpr,https://web.archive.org/web/20180710102122id_/https://www.bsnpr.com/estadisticas/lideres.asp,2026-09-08T03:53:48Z
2018,bloqueos,per_game,3,"Diaz, Jorge Brya",,26,30,,,,,1.154,False,Serie Regular,2018-07-10,regular-season leader board as of 2018-07-10; season in progress at capture — provisional,single-source,wayback_bsnpr,https://web.archive.org/web/20180710102122id_/https://www.bsnpr.com/estadisticas/lideres.asp,2026-09-08T03:53:48Z
2018,bloqueos,per_game,4,"Putney, Raphiael",,10,20,,,,,2.0,False,Serie Regular,2018-07-10,regular-season leader board as of 2018-07-10; season in progress at capture — provisional,single-source,wayback_bsnpr,https://web.archive.org/web/20180710102122id_/https://www.bsnpr.com/estadisticas/lideres.asp,2026-09-08T03:53:48Z
2018,bloqueos,per_game,5,"Colon, Benjamin",Vaqueros,24,18,,,,,0.75,False,Serie Regular,2018-07-10,regular-season leader board as of 2018-07-10; season in progress at capture — provisional,single-source,wayback_bsnpr,https://web.archive.org/web/20180710102122id_/https://www.bsnpr.com/estadisticas/lideres.asp,2026-09-08T03:53:48Z
2018,bloqueos,per_game,6,"Ramos, Peter John",,26,17,,,,,0.654,False,Serie Regular,2018-07-10,regular-season leader board as of 2018-07-10; season in progress at capture — provisional,single-source,wayback_bsnpr,https://web.archive.org/web/20180710102122id_/https://www.bsnpr.com/estadisticas/lideres.asp,2026-09-08T03:53:48Z
2018,bloqueos,per_game,7,"Buckner, Reggie",Cariduros,14,15,,,,,1.071,False,Serie Regular,2018-07-10,regular-season leader board as of 2018-07-10; season in progress at capture — provisional,single-source,wayback_bsnpr,https://web.archive.org/web/20180710102122id_/https://www.bsnpr.com/estadisticas/lideres.asp,2026-09-08T03:53:48Z
2018,bloqueos,per_game,8,"Young, Mike",,22,14,,,,,0.636,False,Serie Regular,2018-07-10,regular-season leader board as of 2018-07-10; season in progress at capture — provisional,single-source,wayback_bsnpr,https://web.archive.org/web/20180710102122id_/https://www.bsnpr.com/estadisticas/lideres.asp,2026-09-08T03:53:48Z
2018,bloqueos,per_game,9,"Akindele, Jeleel",,17,14,,,,,0.824,False,Serie Regular,2018-07-10,regular-season leader board as of 2018-07-10; season in progress at capture — provisional,single-source,wayback_bsnpr,https://web.archive.org/web/20180710102122id_/https://www.bsnpr.com/estadisticas/lideres.asp,2026-09-08T03:53:48Z
2018,bloqueos,per_game,10,"Gaston, Chris",,24,13,,,,,0.542,False,Serie Regular,2018-07-10,regular-season leader board as of 2018-07-10; season in progress at capture — provisional,single-source,wayback_bsnpr,https://web.archive.org/web/20180710102122id_/https://www.bsnpr.com/estadisticas/lideres.asp,2026-09-08T03:53:48Z
2018,canastos_3,per_game,1,"Mojica, Javier",,27,65,,,,,2.4,False,Serie Regular,2018-07-10,regular-season leader board as of 2018-07-10; season in progress at capture — provisional,single-source,wayback_bsnpr,https://web.archive.org/web/20180710102122id_/https://www.bsnpr.com/estadisticas/lideres.asp,2026-09-08T03:53:48Z
2018,canastos_3,per_game,2,"Ledo, Ricardo",,21,60,,,,,2.9,False,Serie Regular,2018-07-10,regular-season leader board as of 2018-07-10; season in progress at capture — provisional,single-source,wayback_bsnpr,https://web.archive.org/web/20180710102122id_/https://www.bsnpr.com/estadisticas/lideres.asp,2026-09-08T03:53:48Z
2018,canastos_3,per_game,3,"Vassallo, Angel D.",,24,59,,,,,2.5,False,Serie Regular,2018-07-10,regular-season leader board as of 2018-07-10; season in progress at capture — provisional,single-source,wayback_bsnpr,https://web.archive.org/web/20180710102122id_/https://www.bsnpr.com/estadisticas/lideres.asp,2026-09-08T03:53:48Z
2018,canastos_3,per_game,4,"Arroyo, Carlos A.",,26,58,,,,,2.2,False,Serie Regular,2018-07-10,regular-season leader board as of 2018-07-10; season in progress at capture — provisional,single-source,wayback_bsnpr,https://web.archive.org/web/20180710102122id_/https://www.bsnpr.com/estadisticas/lideres.asp,2026-09-08T03:53:48Z
2018,canastos_3,per_game,5,"Galindo, Alex",Vaqueros,25,54,,,,,2.2,False,Serie Regular,2018-07-10,regular-season leader board as of 2018-07-10; season in progress at capture — provisional,single-source,wayback_bsnpr,https://web.archive.org/web/20180710102122id_/https://www.bsnpr.com/estadisticas/lideres.asp,2026-09-08T03:53:48Z
2018,canastos_3,per_game,6,"Huertas, David",,25,52,,,,,2.1,False,Serie Regular,2018-07-10,regular-season leader board as of 2018-07-10; season in progress at capture — provisional,single-source,wayback_bsnpr,https://web.archive.org/web/20180710102122id_/https://www.bsnpr.com/estadisticas/lideres.asp,2026-09-08T03:53:48Z
2018,canastos_3,per_game,7,"Viñales, Kyle",,24,49,,,,,2.0,False,Serie Regular,2018-07-10,regular-season leader board as of 2018-07-10; season in progress at capture — provisional,single-source,wayback_bsnpr,https://web.archive.org/web/20180710102122id_/https://www.bsnpr.com/estadisticas/lideres.asp,2026-09-08T03:53:48Z
2018,canastos_3,per_game,8,"Rivera, Carlos Rub",Leones,24,44,,,,,1.8,False,Serie Regular,2018-07-10,regular-season leader board as of 2018-07-10; season in progress at capture — provisional,single-source,wayback_bsnpr,https://web.archive.org/web/20180710102122id_/https://www.bsnpr.com/estadisticas/lideres.asp,2026-09-08T03:53:48Z
2018,canastos_3,per_game,9,"Mayo, Ovinton 'O",,21,43,,,,,2.0,False,Serie Regular,2018-07-10,regular-season leader board as of 2018-07-10; season in progress at capture — provisional,single-source,wayback_bsnpr,https://web.archive.org/web/20180710102122id_/https://www.bsnpr.com/estadisticas/lideres.asp,2026-09-08T03:53:48Z
2018,canastos_3,per_game,10,"Rosario, Michael",Piratas,17,43,,,,,2.5,False,Serie Regular,2018-07-10,regular-season leader board as of 2018-07-10; season in progress at capture — provisional,single-source,wayback_bsnpr,https://web.archive.org/web/20180710102122id_/https://www.bsnpr.com/estadisticas/lideres.asp,2026-09-08T03:53:48Z
2018,canastos_3_pct,percentage,1,"González, Javier",,26,,41,82,,,50.0,False,Serie Regular,2018-07-10,regular-season leader board as of 2018-07-10; season in progress at capture — provisional,single-source,wayback_bsnpr,https://web.archive.org/web/20180710102122id_/https://www.bsnpr.com/estadisticas/lideres.asp,2026-09-08T03:53:48Z
2018,canastos_3_pct,percentage,2,"Viñales, Kyle",,24,,49,102,,,48.0,False,Serie Regular,2018-07-10,regular-season leader board as of 2018-07-10; season in progress at capture — provisional,single-source,wayback_bsnpr,https://web.archive.org/web/20180710102122id_/https://www.bsnpr.com/estadisticas/lideres.asp,2026-09-08T03:53:48Z
2018,canastos_3_pct,percentage,3,"Sanchez, Ricky",,12,,24,52,,,46.2,False,Serie Regular,2018-07-10,regular-season leader board as of 2018-07-10; season in progress at capture — provisional,single-source,wayback_bsnpr,https://web.archive.org/web/20180710102122id_/https://www.bsnpr.com/estadisticas/lideres.asp,2026-09-08T03:53:48Z
2018,canastos_3_pct,percentage,4,"Mojica, Javier",,27,,65,145,,,44.8,False,Serie Regular,2018-07-10,regular-season leader board as of 2018-07-10; season in progress at capture — provisional,single-source,wayback_bsnpr,https://web.archive.org/web/20180710102122id_/https://www.bsnpr.com/estadisticas/lideres.asp,2026-09-08T03:53:48Z
2018,canastos_3_pct,percentage,5,"Galindo, Alex",Vaqueros,25,,54,121,,,44.6,False,Serie Regular,2018-07-10,regular-season leader board as of 2018-07-10; season in progress at capture — provisional,single-source,wayback_bsnpr,https://web.archive.org/web/20180710102122id_/https://www.bsnpr.com/estadisticas/lideres.asp,2026-09-08T03:53:48Z
2018,canastos_3_pct,percentage,6,"Rivera, Carlos Rub",Leones,24,,44,104,,,42.3,False,Serie Regular,2018-07-10,regular-season leader board as of 2018-07-10; season in progress at capture — provisional,single-source,wayback_bsnpr,https://web.archive.org/web/20180710102122id_/https://www.bsnpr.com/estadisticas/lideres.asp,2026-09-08T03:53:48Z
2018,canastos_3_pct,percentage,7,"Terry, Reyshawn",,26,,31,74,,,41.9,False,Serie Regular,2018-07-10,regular-season leader board as of 2018-07-10; season in progress at capture — provisional,single-source,wayback_bsnpr,https://web.archive.org/web/20180710102122id_/https://www.bsnpr.com/estadisticas/lideres.asp,2026-09-08T03:53:48Z
2018,canastos_3_pct,percentage,8,"Melendez, Ricardo",Piratas,26,,35,84,,,41.7,False,Serie Regular,2018-07-10,regular-season leader board as of 2018-07-10; season in progress at capture — provisional,single-source,wayback_bsnpr,https://web.archive.org/web/20180710102122id_/https://www.bsnpr.com/estadisticas/lideres.asp,2026-09-08T03:53:48Z
2018,canastos_3_pct,percentage,9,"Clavell, Gilberto",,27,,32,77,,,41.6,False,Serie Regular,2018-07-10,regular-season leader board as of 2018-07-10; season in progress at capture — provisional,single-source,wayback_bsnpr,https://web.archive.org/web/20180710102122id_/https://www.bsnpr.com/estadisticas/lideres.asp,2026-09-08T03:53:48Z
2018,canastos_3_pct,percentage,10,"Cintron, Raymond",Capitanes,25,,42,102,,,41.2,False,Serie Regular,2018-07-10,regular-season leader board as of 2018-07-10; season in progress at capture — provisional,single-source,wayback_bsnpr,https://web.archive.org/web/20180710102122id_/https://www.bsnpr.com/estadisticas/lideres.asp,2026-09-08T03:53:48Z
2018,cortes_balon,per_game,1,"Viñales, Kyle",,24,40,,,,,1.7,False,Serie Regular,2018-07-10,regular-season leader board as of 2018-07-10; season in progress at capture — provisional,single-source,wayback_bsnpr,https://web.archive.org/web/20180710102122id_/https://www.bsnpr.com/estadisticas/lideres.asp,2026-09-08T03:53:48Z
2018,cortes_balon,per_game,2,"Romero, Ismael",,26,35,,,,,1.3,False,Serie Regular,2018-07-10,regular-season leader board as of 2018-07-10; season in progress at capture — provisional,single-source,wayback_bsnpr,https://web.archive.org/web/20180710102122id_/https://www.bsnpr.com/estadisticas/lideres.asp,2026-09-08T03:53:48Z
2018,cortes_balon,per_game,3,"González, Javier",,26,32,,,,,1.2,False,Serie Regular,2018-07-10,regular-season leader board as of 2018-07-10; season in progress at capture — provisional,single-source,wayback_bsnpr,https://web.archive.org/web/20180710102122id_/https://www.bsnpr.com/estadisticas/lideres.asp,2026-09-08T03:53:48Z
2018,cortes_balon,per_game,4,"Mojica, Javier",,27,30,,,,,1.1,False,Serie Regular,2018-07-10,regular-season leader board as of 2018-07-10; season in progress at capture — provisional,single-source,wayback_bsnpr,https://web.archive.org/web/20180710102122id_/https://www.bsnpr.com/estadisticas/lideres.asp,2026-09-08T03:53:48Z
2018,cortes_balon,per_game,5,"Han, Francis Jo",Santeros,27,28,,,,,1.0,False,Serie Regular,2018-07-10,regular-season leader board as of 2018-07-10; season in progress at capture — provisional,single-source,wayback_bsnpr,https://web.archive.org/web/20180710102122id_/https://www.bsnpr.com/estadisticas/lideres.asp,2026-09-08T03:53:48Z
2018,cortes_balon,per_game,6,"Ledo, Ricardo",,21,27,,,,,1.3,False,Serie Regular,2018-07-10,regular-season leader board as of 2018-07-10; season in progress at capture — provisional,single-source,wayback_bsnpr,https://web.archive.org/web/20180710102122id_/https://www.bsnpr.com/estadisticas/lideres.asp,2026-09-08T03:53:48Z
2018,cortes_balon,per_game,7,"Ortiz, Chris",,27,25,,,,,0.9,False,Serie Regular,2018-07-10,regular-season leader board as of 2018-07-10; season in progress at capture — provisional,single-source,wayback_bsnpr,https://web.archive.org/web/20180710102122id_/https://www.bsnpr.com/estadisticas/lideres.asp,2026-09-08T03:53:48Z
2018,cortes_balon,per_game,8,"Rivera, Carlos Rub",Leones,24,25,,,,,1.0,False,Serie Regular,2018-07-10,regular-season leader board as of 2018-07-10; season in progress at capture — provisional,single-source,wayback_bsnpr,https://web.archive.org/web/20180710102122id_/https://www.bsnpr.com/estadisticas/lideres.asp,2026-09-08T03:53:48Z
2018,cortes_balon,per_game,9,"Terry, Reyshawn",,26,24,,,,,0.9,False,Serie Regular,2018-07-10,regular-season leader board as of 2018-07-10; season in progress at capture — provisional,single-source,wayback_bsnpr,https://web.archive.org/web/20180710102122id_/https://www.bsnpr.com/estadisticas/lideres.asp,2026-09-08T03:53:48Z
2018,cortes_balon,per_game,10,"Costner, Brandon",,25,24,,,,,1.0,False,Serie Regular,2018-07-10,regular-season leader board as of 2018-07-10; season in progress at capture — provisional,single-source,wayback_bsnpr,https://web.archive.org/web/20180710102122id_/https://www.bsnpr.com/estadisticas/lideres.asp,2026-09-08T03:53:48Z
2018,rebotes,per_game,1,"Dawson, Eric",Vaqueros,18,209,,,154,55,11.6,False,Serie Regular,2018-07-10,regular-season leader board as of 2018-07-10; season in progress at capture — provisional,single-source,wayback_bsnpr,https://web.archive.org/web/20180710102122id_/https://www.bsnpr.com/estadisticas/lideres.asp,2026-09-08T03:53:48Z
2018,rebotes,per_game,2,"Terry, Reyshawn",,26,207,,,155,52,8.0,False,Serie Regular,2018-07-10,regular-season leader board as of 2018-07-10; season in progress at capture — provisional,single-source,wayback_bsnpr,https://web.archive.org/web/20180710102122id_/https://www.bsnpr.com/estadisticas/lideres.asp,2026-09-08T03:53:48Z
2018,rebotes,per_game,3,"Williams, Devin",,22,200,,,133,67,9.1,False,Serie Regular,2018-07-10,regular-season leader board as of 2018-07-10; season in progress at capture — provisional,single-source,wayback_bsnpr,https://web.archive.org/web/20180710102122id_/https://www.bsnpr.com/estadisticas/lideres.asp,2026-09-08T03:53:48Z
2018,rebotes,per_game,4,"Romero, Ismael",,26,183,,,117,66,7.0,False,Serie Regular,2018-07-10,regular-season leader board as of 2018-07-10; season in progress at capture — provisional,single-source,wayback_bsnpr,https://web.archive.org/web/20180710102122id_/https://www.bsnpr.com/estadisticas/lideres.asp,2026-09-08T03:53:48Z
2018,rebotes,per_game,5,"Costner, Brandon",,25,179,,,141,38,7.2,False,Serie Regular,2018-07-10,regular-season leader board as of 2018-07-10; season in progress at capture — provisional,single-source,wayback_bsnpr,https://web.archive.org/web/20180710102122id_/https://www.bsnpr.com/estadisticas/lideres.asp,2026-09-08T03:53:48Z
2018,rebotes,per_game,6,"Akindele, Jeleel",,17,175,,,128,47,10.3,False,Serie Regular,2018-07-10,regular-season leader board as of 2018-07-10; season in progress at capture — provisional,single-source,wayback_bsnpr,https://web.archive.org/web/20180710102122id_/https://www.bsnpr.com/estadisticas/lideres.asp,2026-09-08T03:53:48Z
2018,rebotes,per_game,7,"Gaston, Chris",,24,163,,,123,40,6.8,False,Serie Regular,2018-07-10,regular-season leader board as of 2018-07-10; season in progress at capture — provisional,single-source,wayback_bsnpr,https://web.archive.org/web/20180710102122id_/https://www.bsnpr.com/estadisticas/lideres.asp,2026-09-08T03:53:48Z
2018,rebotes,per_game,8,"Lopez, Carlos 'Ya",Atleticos,24,157,,,90,67,6.5,False,Serie Regular,2018-07-10,regular-season leader board as of 2018-07-10; season in progress at capture — provisional,single-source,wayback_bsnpr,https://web.archive.org/web/20180710102122id_/https://www.bsnpr.com/estadisticas/lideres.asp,2026-09-08T03:53:48Z
2018,rebotes,per_game,9,"Ramos, Peter John",,26,147,,,110,37,5.7,False,Serie Regular,2018-07-10,regular-season leader board as of 2018-07-10; season in progress at capture — provisional,single-source,wayback_bsnpr,https://web.archive.org/web/20180710102122id_/https://www.bsnpr.com/estadisticas/lideres.asp,2026-09-08T03:53:48Z
2018,rebotes,per_game,10,"Powell, Josh",Santeros,22,144,,,89,55,6.5,False,Serie Regular,2018-07-10,regular-season leader board as of 2018-07-10; season in progress at capture — provisional,single-source,wayback_bsnpr,https://web.archive.org/web/20180710102122id_/https://www.bsnpr.com/estadisticas/lideres.asp,2026-09-08T03:53:48Z
2018,rebotes_ofensivos,per_game,1,"Lopez, Carlos 'Ya",Atleticos,24,67,,,,,2.8,False,Serie Regular,2018-07-10,regular-season leader board as of 2018-07-10; season in progress at capture — provisional,single-source,wayback_bsnpr,https://web.archive.org/web/20180710102122id_/https://www.bsnpr.com/estadisticas/lideres.asp,2026-09-08T03:53:48Z
2018,rebotes_ofensivos,per_game,2,"Williams, Devin",,22,67,,,,,3.0,False,Serie Regular,2018-07-10,regular-season leader board as of 2018-07-10; season in progress at capture — provisional,single-source,wayback_bsnpr,https://web.archive.org/web/20180710102122id_/https://www.bsnpr.com/estadisticas/lideres.asp,2026-09-08T03:53:48Z
2018,rebotes_ofensivos,per_game,3,"Romero, Ismael",,26,66,,,,,2.5,False,Serie Regular,2018-07-10,regular-season leader board as of 2018-07-10; season in progress at capture — provisional,single-source,wayback_bsnpr,https://web.archive.org/web/20180710102122id_/https://www.bsnpr.com/estadisticas/lideres.asp,2026-09-08T03:53:48Z
2018,rebotes_ofensivos,per_game,4,"Powell, Josh",Santeros,22,55,,,,,2.5,False,Serie Regular,2018-07-10,regular-season leader board as of 2018-07-10; season in progress at capture — provisional,single-source,wayback_bsnpr,https://web.archive.org/web/20180710102122id_/https://www.bsnpr.com/estadisticas/lideres.asp,2026-09-08T03:53:48Z
2018,rebotes_ofensivos,per_game,5,"Dawson, Eric",Vaqueros,18,55,,,,,3.1,False,Serie Regular,2018-07-10,regular-season leader board as of 2018-07-10; season in progress at capture — provisional,single-source,wayback_bsnpr,https://web.archive.org/web/20180710102122id_/https://www.bsnpr.com/estadisticas/lideres.asp,2026-09-08T03:53:48Z
2018,rebotes_ofensivos,per_game,6,"Terry, Reyshawn",,26,52,,,,,2.0,False,Serie Regular,2018-07-10,regular-season leader board as of 2018-07-10; season in progress at capture — provisional,single-source,wayback_bsnpr,https://web.archive.org/web/20180710102122id_/https://www.bsnpr.com/estadisticas/lideres.asp,2026-09-08T03:53:48Z
2018,rebotes_ofensivos,per_game,7,"Rodriguez, Jonathan",,27,48,,,,,1.8,False,Serie Regular,2018-07-10,regular-season leader board as of 2018-07-10; season in progress at capture — provisional,single-source,wayback_bsnpr,https://web.archive.org/web/20180710102122id_/https://www.bsnpr.com/estadisticas/lideres.asp,2026-09-08T03:53:48Z
2018,rebotes_ofensivos,per_game,8,"Akindele, Jeleel",,17,47,,,,,2.8,False,Serie Regular,2018-07-10,regular-season leader board as of 2018-07-10; season in progress at capture — provisional,single-source,wayback_bsnpr,https://web.archive.org/web/20180710102122id_/https://www.bsnpr.com/estadisticas/lideres.asp,2026-09-08T03:53:48Z
2018,rebotes_ofensivos,per_game,9,"Penn, Kleon",Caciques,24,44,,,,,1.8,False,Serie Regular,2018-07-10,regular-season leader board as of 2018-07-10; season in progress at capture — provisional,single-source,wayback_bsnpr,https://web.archive.org/web/20180710102122id_/https://www.bsnpr.com/estadisticas/lideres.asp,2026-09-08T03:53:48Z
2018,rebotes_ofensivos,per_game,10,"Ofoegbu, Ike",,18,41,,,,,2.3,False,Serie Regular,2018-07-10,regular-season leader board as of 2018-07-10; season in progress at capture — provisional,single-source,wayback_bsnpr,https://web.archive.org/web/20180710102122id_/https://www.bsnpr.com/estadisticas/lideres.asp,2026-09-08T03:53:48Z
2018,tiros_libres_anotados,per_game,1,"Terry, Reyshawn",,26,171,,,,,6.6,False,Serie Regular,2018-07-10,regular-season leader board as of 2018-07-10; season in progress at capture — provisional,single-source,wayback_bsnpr,https://web.archive.org/web/20180710102122id_/https://www.bsnpr.com/estadisticas/lideres.asp,2026-09-08T03:53:48Z
2018,tiros_libres_anotados,per_game,2,"Costner, Brandon",,25,143,,,,,5.7,False,Serie Regular,2018-07-10,regular-season leader board as of 2018-07-10; season in progress at capture — provisional,single-source,wayback_bsnpr,https://web.archive.org/web/20180710102122id_/https://www.bsnpr.com/estadisticas/lideres.asp,2026-09-08T03:53:48Z
2018,tiros_libres_anotados,per_game,3,"Young, Mike",,22,98,,,,,4.5,False,Serie Regular,2018-07-10,regular-season leader board as of 2018-07-10; season in progress at capture — provisional,single-source,wayback_bsnpr,https://web.archive.org/web/20180710102122id_/https://www.bsnpr.com/estadisticas/lideres.asp,2026-09-08T03:53:48Z
2018,tiros_libres_anotados,per_game,4,"Viñales, Kyle",,24,97,,,,,4.0,False,Serie Regular,2018-07-10,regular-season leader board as of 2018-07-10; season in progress at capture — provisional,single-source,wayback_bsnpr,https://web.archive.org/web/20180710102122id_/https://www.bsnpr.com/estadisticas/lideres.asp,2026-09-08T03:53:48Z
2018,tiros_libres_anotados,per_game,5,"Arroyo, Carlos A.",,26,79,,,,,3.0,False,Serie Regular,2018-07-10,regular-season leader board as of 2018-07-10; season in progress at capture — provisional,single-source,wayback_bsnpr,https://web.archive.org/web/20180710102122id_/https://www.bsnpr.com/estadisticas/lideres.asp,2026-09-08T03:53:48Z
2018,tiros_libres_anotados,per_game,6,"Akindele, Jeleel",,17,76,,,,,4.5,False,Serie Regular,2018-07-10,regular-season leader board as of 2018-07-10; season in progress at capture — provisional,single-source,wayback_bsnpr,https://web.archive.org/web/20180710102122id_/https://www.bsnpr.com/estadisticas/lideres.asp,2026-09-08T03:53:48Z
2018,tiros_libres_anotados,per_game,7,"Vassallo, Angel D.",,24,69,,,,,2.9,False,Serie Regular,2018-07-10,regular-season leader board as of 2018-07-10; season in progress at capture — provisional,single-source,wayback_bsnpr,https://web.archive.org/web/20180710102122id_/https://www.bsnpr.com/estadisticas/lideres.asp,2026-09-08T03:53:48Z
2018,tiros_libres_anotados,per_game,8,"Diaz, Guillermo",Capitanes,22,69,,,,,3.1,False,Serie Regular,2018-07-10,regular-season leader board as of 2018-07-10; season in progress at capture — provisional,single-source,wayback_bsnpr,https://web.archive.org/web/20180710102122id_/https://www.bsnpr.com/estadisticas/lideres.asp,2026-09-08T03:53:48Z
2018,tiros_libres_anotados,per_game,9,"Huertas, David",,25,68,,,,,2.7,False,Serie Regular,2018-07-10,regular-season leader board as of 2018-07-10; season in progress at capture — provisional,single-source,wayback_bsnpr,https://web.archive.org/web/20180710102122id_/https://www.bsnpr.com/estadisticas/lideres.asp,2026-09-08T03:53:48Z
2018,tiros_libres_anotados,per_game,10,"De Jesus, Jezreel",,25,65,,,,,2.6,False,Serie Regular,2018-07-10,regular-season leader board as of 2018-07-10; season in progress at capture — provisional,single-source,wayback_bsnpr,https://web.archive.org/web/20180710102122id_/https://www.bsnpr.com/estadisticas/lideres.asp,2026-09-08T03:53:48Z
2018,tiros_libres_pct,percentage,1,"Viñales, Kyle",,24,,97,104,,,93.3,False,Serie Regular,2018-07-10,regular-season leader board as of 2018-07-10; season in progress at capture — provisional,single-source,wayback_bsnpr,https://web.archive.org/web/20180710102122id_/https://www.bsnpr.com/estadisticas/lideres.asp,2026-09-08T03:53:48Z
2018,tiros_libres_pct,percentage,2,"Villegas, Johwen",Capitanes,25,,26,28,,,92.9,False,Serie Regular,2018-07-10,regular-season leader board as of 2018-07-10; season in progress at capture — provisional,single-source,wayback_bsnpr,https://web.archive.org/web/20180710102122id_/https://www.bsnpr.com/estadisticas/lideres.asp,2026-09-08T03:53:48Z
2018,tiros_libres_pct,percentage,3,"Arroyo, Carlos A.",,26,,79,90,,,87.8,False,Serie Regular,2018-07-10,regular-season leader board as of 2018-07-10; season in progress at capture — provisional,single-source,wayback_bsnpr,https://web.archive.org/web/20180710102122id_/https://www.bsnpr.com/estadisticas/lideres.asp,2026-09-08T03:53:48Z
2018,tiros_libres_pct,percentage,4,"Diaz, Guillermo",Capitanes,22,,69,79,,,87.3,False,Serie Regular,2018-07-10,regular-season leader board as of 2018-07-10; season in progress at capture — provisional,single-source,wayback_bsnpr,https://web.archive.org/web/20180710102122id_/https://www.bsnpr.com/estadisticas/lideres.asp,2026-09-08T03:53:48Z
2018,tiros_libres_pct,percentage,5,"Terry, Reyshawn",,26,,171,197,,,86.8,False,Serie Regular,2018-07-10,regular-season leader board as of 2018-07-10; season in progress at capture — provisional,single-source,wayback_bsnpr,https://web.archive.org/web/20180710102122id_/https://www.bsnpr.com/estadisticas/lideres.asp,2026-09-08T03:53:48Z
2018,tiros_libres_pct,percentage,6,"Keenan, Justin",Santeros,4,,23,27,,,85.2,False,Serie Regular,2018-07-10,regular-season leader board as of 2018-07-10; season in progress at capture — provisional,single-source,wayback_bsnpr,https://web.archive.org/web/20180710102122id_/https://www.bsnpr.com/estadisticas/lideres.asp,2026-09-08T03:53:48Z
2018,tiros_libres_pct,percentage,7,"Hodge Jr., Walter",Capitanes,10,,44,52,,,84.6,False,Serie Regular,2018-07-10,regular-season leader board as of 2018-07-10; season in progress at capture — provisional,single-source,wayback_bsnpr,https://web.archive.org/web/20180710102122id_/https://www.bsnpr.com/estadisticas/lideres.asp,2026-09-08T03:53:48Z
2018,tiros_libres_pct,percentage,8,"Huertas, David",,25,,68,81,,,84.0,False,Serie Regular,2018-07-10,regular-season leader board as of 2018-07-10; season in progress at capture — provisional,single-source,wayback_bsnpr,https://web.archive.org/web/20180710102122id_/https://www.bsnpr.com/estadisticas/lideres.asp,2026-09-08T03:53:48Z
2018,tiros_libres_pct,percentage,9,"Rosario, Michael",Piratas,17,,31,37,,,83.8,False,Serie Regular,2018-07-10,regular-season leader board as of 2018-07-10; season in progress at capture — provisional,single-source,wayback_bsnpr,https://web.archive.org/web/20180710102122id_/https://www.bsnpr.com/estadisticas/lideres.asp,2026-09-08T03:53:48Z
2018,tiros_libres_pct,percentage,10,"Mayo, Ovinton 'O",,21,,50,60,,,83.3,False,Serie Regular,2018-07-10,regular-season leader board as of 2018-07-10; season in progress at capture — provisional,single-source,wayback_bsnpr,https://web.archive.org/web/20180710102122id_/https://www.bsnpr.com/estadisticas/lideres.asp,2026-09-08T03:53:48Z
2018,turnovers,per_game,1,"Costner, Brandon",,25,69,,,,,2.8,False,Serie Regular,2018-07-10,regular-season leader board as of 2018-07-10; season in progress at capture — provisional,single-source,wayback_bsnpr,https://web.archive.org/web/20180710102122id_/https://www.bsnpr.com/estadisticas/lideres.asp,2026-09-08T03:53:48Z
2018,turnovers,per_game,2,"Arroyo, Carlos A.",,26,64,,,,,2.5,False,Serie Regular,2018-07-10,regular-season leader board as of 2018-07-10; season in progress at capture — provisional,single-source,wayback_bsnpr,https://web.archive.org/web/20180710102122id_/https://www.bsnpr.com/estadisticas/lideres.asp,2026-09-08T03:53:48Z
2018,turnovers,per_game,3,"Terry, Reyshawn",,26,57,,,,,2.2,False,Serie Regular,2018-07-10,regular-season leader board as of 2018-07-10; season in progress at capture — provisional,single-source,wayback_bsnpr,https://web.archive.org/web/20180710102122id_/https://www.bsnpr.com/estadisticas/lideres.asp,2026-09-08T03:53:48Z
2018,turnovers,per_game,4,"Ledo, Ricardo",,21,57,,,,,2.7,False,Serie Regular,2018-07-10,regular-season leader board as of 2018-07-10; season in progress at capture — provisional,single-source,wayback_bsnpr,https://web.archive.org/web/20180710102122id_/https://www.bsnpr.com/estadisticas/lideres.asp,2026-09-08T03:53:48Z
2018,turnovers,per_game,5,"González, Javier",,26,56,,,,,2.2,False,Serie Regular,2018-07-10,regular-season leader board as of 2018-07-10; season in progress at capture — provisional,single-source,wayback_bsnpr,https://web.archive.org/web/20180710102122id_/https://www.bsnpr.com/estadisticas/lideres.asp,2026-09-08T03:53:48Z
2018,turnovers,per_game,6,"Viñales, Kyle",,24,51,,,,,2.1,False,Serie Regular,2018-07-10,regular-season leader board as of 2018-07-10; season in progress at capture — provisional,single-source,wayback_bsnpr,https://web.archive.org/web/20180710102122id_/https://www.bsnpr.com/estadisticas/lideres.asp,2026-09-08T03:53:48Z
2018,turnovers,per_game,7,"Williams, Devin",,22,51,,,,,2.3,False,Serie Regular,2018-07-10,regular-season leader board as of 2018-07-10; season in progress at capture — provisional,single-source,wayback_bsnpr,https://web.archive.org/web/20180710102122id_/https://www.bsnpr.com/estadisticas/lideres.asp,2026-09-08T03:53:48Z
2018,turnovers,per_game,8,"Huertas, David",,25,49,,,,,2.0,False,Serie Regular,2018-07-10,regular-season leader board as of 2018-07-10; season in progress at capture — provisional,single-source,wayback_bsnpr,https://web.archive.org/web/20180710102122id_/https://www.bsnpr.com/estadisticas/lideres.asp,2026-09-08T03:53:48Z
2018,turnovers,per_game,9,"Han, Francis Jo",Santeros,27,48,,,,,1.8,False,Serie Regular,2018-07-10,regular-season leader board as of 2018-07-10; season in progress at capture — provisional,single-source,wayback_bsnpr,https://web.archive.org/web/20180710102122id_/https://www.bsnpr.com/estadisticas/lideres.asp,2026-09-08T03:53:48Z
2018,turnovers,per_game,10,"Romero, Ismael",,26,48,,,,,1.8,False,Serie Regular,2018-07-10,regular-season leader board as of 2018-07-10; season in progress at capture — provisional,single-source,wayback_bsnpr,https://web.archive.org/web/20180710102122id_/https://www.bsnpr.com/estadisticas/lideres.asp,2026-09-08T03:53:48Z
2019,anotaciones,per_game,1,"Suero, Gerardo",Vaqueros,16,313,,,,,19.6,False,Serie Regular,2019-04-14,regular-season leader board as of 2019-04-14; season in progress at capture — provisional,single-source,wayback_bsnpr,https://web.archive.org/web/20190414080102id_/https://www.bsnpr.com/estadisticas/lideres.asp,2026-09-08T03:53:58Z
2019,anotaciones,per_game,2,"Rudd, Victor",Capitanes,17,298,,,,,17.5,False,Serie Regular,2019-04-14,regular-season leader board as of 2019-04-14; season in progress at capture — provisional,single-source,wayback_bsnpr,https://web.archive.org/web/20190414080102id_/https://www.bsnpr.com/estadisticas/lideres.asp,2026-09-08T03:53:58Z
2019,anotaciones,per_game,3,"Glenn, Robert",Cariduros,15,298,,,,,19.9,False,Serie Regular,2019-04-14,regular-season leader board as of 2019-04-14; season in progress at capture — provisional,single-source,wayback_bsnpr,https://web.archive.org/web/20190414080102id_/https://www.bsnpr.com/estadisticas/lideres.asp,2026-09-08T03:53:58Z
2019,anotaciones,per_game,4,"Sosa, Isaac",Atleticos,14,280,,,,,20.0,False,Serie Regular,2019-04-14,regular-season leader board as of 2019-04-14; season in progress at capture — provisional,single-source,wayback_bsnpr,https://web.archive.org/web/20190414080102id_/https://www.bsnpr.com/estadisticas/lideres.asp,2026-09-08T03:53:58Z
2019,anotaciones,per_game,5,"Santiago, Benito",Vaqueros,14,280,,,,,20.0,False,Serie Regular,2019-04-14,regular-season leader board as of 2019-04-14; season in progress at capture — provisional,single-source,wayback_bsnpr,https://web.archive.org/web/20190414080102id_/https://www.bsnpr.com/estadisticas/lideres.asp,2026-09-08T03:53:58Z
2019,anotaciones,per_game,6,"De Jesus, Jezreel",Indios,15,278,,,,,18.5,False,Serie Regular,2019-04-14,regular-season leader board as of 2019-04-14; season in progress at capture — provisional,single-source,wayback_bsnpr,https://web.archive.org/web/20190414080102id_/https://www.bsnpr.com/estadisticas/lideres.asp,2026-09-08T03:53:58Z
2019,anotaciones,per_game,7,"Wesley, Tai",Brujos,16,263,,,,,16.4,False,Serie Regular,2019-04-14,regular-season leader board as of 2019-04-14; season in progress at capture — provisional,single-source,wayback_bsnpr,https://web.archive.org/web/20190414080102id_/https://www.bsnpr.com/estadisticas/lideres.asp,2026-09-08T03:53:58Z
2019,anotaciones,per_game,8,"Minnerath, Nick",Leones,12,260,,,,,21.7,False,Serie Regular,2019-04-14,regular-season leader board as of 2019-04-14; season in progress at capture — provisional,single-source,wayback_bsnpr,https://web.archive.org/web/20190414080102id_/https://www.bsnpr.com/estadisticas/lideres.asp,2026-09-08T03:53:58Z
2019,anotaciones,per_game,9,"Smith, Greg",Vaqueros,13,254,,,,,19.5,False,Serie Regular,2019-04-14,regular-season leader board as of 2019-04-14; season in progress at capture — provisional,single-source,wayback_bsnpr,https://web.archive.org/web/20190414080102id_/https://www.bsnpr.com/estadisticas/lideres.asp,2026-09-08T03:53:58Z
2019,anotaciones,per_game,10,"Martinez, Wil",Indios,14,251,,,,,17.9,False,Serie Regular,2019-04-14,regular-season leader board as of 2019-04-14; season in progress at capture — provisional,single-source,wayback_bsnpr,https://web.archive.org/web/20190414080102id_/https://www.bsnpr.com/estadisticas/lideres.asp,2026-09-08T03:53:58Z
2019,asistencias,per_game,1,"Arroyo, Carlos A.",Leones,12,136,,,,,11.3,False,Serie Regular,2019-04-14,regular-season leader board as of 2019-04-14; season in progress at capture — provisional,single-source,wayback_bsnpr,https://web.archive.org/web/20190414080102id_/https://www.bsnpr.com/estadisticas/lideres.asp,2026-09-08T03:53:58Z
2019,asistencias,per_game,2,"Abreu, Alex",Santeros,16,100,,,,,6.2,False,Serie Regular,2019-04-14,regular-season leader board as of 2019-04-14; season in progress at capture — provisional,single-source,wayback_bsnpr,https://web.archive.org/web/20190414080102id_/https://www.bsnpr.com/estadisticas/lideres.asp,2026-09-08T03:53:58Z
2019,asistencias,per_game,3,"Trimble, Romelo 'Me",Piratas,14,85,,,,,6.1,False,Serie Regular,2019-04-14,regular-season leader board as of 2019-04-14; season in progress at capture — provisional,single-source,wayback_bsnpr,https://web.archive.org/web/20190414080102id_/https://www.bsnpr.com/estadisticas/lideres.asp,2026-09-08T03:53:58Z
2019,asistencias,per_game,4,"Han, Francis Jo",Vaqueros,12,82,,,,,6.8,False,Serie Regular,2019-04-14,regular-season leader board as of 2019-04-14; season in progress at capture — provisional,single-source,wayback_bsnpr,https://web.archive.org/web/20190414080102id_/https://www.bsnpr.com/estadisticas/lideres.asp,2026-09-08T03:53:58Z
2019,asistencias,per_game,5,"Fernandez, Tjader",Cariduros,15,74,,,,,4.9,False,Serie Regular,2019-04-14,regular-season leader board as of 2019-04-14; season in progress at capture — provisional,single-source,wayback_bsnpr,https://web.archive.org/web/20190414080102id_/https://www.bsnpr.com/estadisticas/lideres.asp,2026-09-08T03:53:58Z
2019,asistencias,per_game,6,"Clemente, Denis",Capitanes,12,70,,,,,5.8,False,Serie Regular,2019-04-14,regular-season leader board as of 2019-04-14; season in progress at capture — provisional,single-source,wayback_bsnpr,https://web.archive.org/web/20190414080102id_/https://www.bsnpr.com/estadisticas/lideres.asp,2026-09-08T03:53:58Z
2019,asistencias,per_game,7,"Rudd, Victor",Capitanes,17,65,,,,,3.8,False,Serie Regular,2019-04-14,regular-season leader board as of 2019-04-14; season in progress at capture — provisional,single-source,wayback_bsnpr,https://web.archive.org/web/20190414080102id_/https://www.bsnpr.com/estadisticas/lideres.asp,2026-09-08T03:53:58Z
2019,asistencias,per_game,8,"Berdiel, Miguel Ali",Brujos,16,63,,,,,3.9,False,Serie Regular,2019-04-14,regular-season leader board as of 2019-04-14; season in progress at capture — provisional,single-source,wayback_bsnpr,https://web.archive.org/web/20190414080102id_/https://www.bsnpr.com/estadisticas/lideres.asp,2026-09-08T03:53:58Z
2019,asistencias,per_game,9,"Pizarro, Christian",Capitanes,17,62,,,,,3.6,False,Serie Regular,2019-04-14,regular-season leader board as of 2019-04-14; season in progress at capture — provisional,single-source,wayback_bsnpr,https://web.archive.org/web/20190414080102id_/https://www.bsnpr.com/estadisticas/lideres.asp,2026-09-08T03:53:58Z
2019,asistencias,per_game,10,"Suarez, Rasham",Indios,12,62,,,,,5.2,False,Serie Regular,2019-04-14,regular-season leader board as of 2019-04-14; season in progress at capture — provisional,single-source,wayback_bsnpr,https://web.archive.org/web/20190414080102id_/https://www.bsnpr.com/estadisticas/lideres.asp,2026-09-08T03:53:58Z
2019,bloqueos,per_game,1,"Lopez, Carlos 'Ya",Capitanes,16,28,,,,,1.75,False,Serie Regular,2019-04-14,regular-season leader board as of 2019-04-14; season in progress at capture — provisional,single-source,wayback_bsnpr,https://web.archive.org/web/20190414080102id_/https://www.bsnpr.com/estadisticas/lideres.asp,2026-09-08T03:53:58Z
2019,bloqueos,per_game,2,"Hernandez, Luis",Piratas,15,25,,,,,1.667,False,Serie Regular,2019-04-14,regular-season leader board as of 2019-04-14; season in progress at capture — provisional,single-source,wayback_bsnpr,https://web.archive.org/web/20190414080102id_/https://www.bsnpr.com/estadisticas/lideres.asp,2026-09-08T03:53:58Z
2019,bloqueos,per_game,3,"Glenn, Robert",Cariduros,15,23,,,,,1.533,False,Serie Regular,2019-04-14,regular-season leader board as of 2019-04-14; season in progress at capture — provisional,single-source,wayback_bsnpr,https://web.archive.org/web/20190414080102id_/https://www.bsnpr.com/estadisticas/lideres.asp,2026-09-08T03:53:58Z
2019,bloqueos,per_game,4,"Wesley, Tai",Brujos,16,17,,,,,1.062,False,Serie Regular,2019-04-14,regular-season leader board as of 2019-04-14; season in progress at capture — provisional,single-source,wayback_bsnpr,https://web.archive.org/web/20190414080102id_/https://www.bsnpr.com/estadisticas/lideres.asp,2026-09-08T03:53:58Z
2019,bloqueos,per_game,5,"Penn, Kleon",Brujos,15,17,,,,,1.133,False,Serie Regular,2019-04-14,regular-season leader board as of 2019-04-14; season in progress at capture — provisional,single-source,wayback_bsnpr,https://web.archive.org/web/20190414080102id_/https://www.bsnpr.com/estadisticas/lideres.asp,2026-09-08T03:53:58Z
2019,bloqueos,per_game,6,"Uter, Adrian",Leones,12,17,,,,,1.417,False,Serie Regular,2019-04-14,regular-season leader board as of 2019-04-14; season in progress at capture — provisional,single-source,wayback_bsnpr,https://web.archive.org/web/20190414080102id_/https://www.bsnpr.com/estadisticas/lideres.asp,2026-09-08T03:53:58Z
2019,bloqueos,per_game,7,"Diaz, Jorge Brya",Piratas,15,15,,,,,1.0,False,Serie Regular,2019-04-14,regular-season leader board as of 2019-04-14; season in progress at capture — provisional,single-source,wayback_bsnpr,https://web.archive.org/web/20190414080102id_/https://www.bsnpr.com/estadisticas/lideres.asp,2026-09-08T03:53:58Z
2019,bloqueos,per_game,8,"Ramos, Enrique",Cariduros,15,14,,,,,0.933,False,Serie Regular,2019-04-14,regular-season leader board as of 2019-04-14; season in progress at capture — provisional,single-source,wayback_bsnpr,https://web.archive.org/web/20190414080102id_/https://www.bsnpr.com/estadisticas/lideres.asp,2026-09-08T03:53:58Z
2019,bloqueos,per_game,9,"Smith, Greg",Vaqueros,13,13,,,,,1.0,False,Serie Regular,2019-04-14,regular-season leader board as of 2019-04-14; season in progress at capture — provisional,single-source,wayback_bsnpr,https://web.archive.org/web/20190414080102id_/https://www.bsnpr.com/estadisticas/lideres.asp,2026-09-08T03:53:58Z
2019,bloqueos,per_game,10,"Collier, Devon",Indios,8,13,,,,,1.625,False,Serie Regular,2019-04-14,regular-season leader board as of 2019-04-14; season in progress at capture — provisional,single-source,wayback_bsnpr,https://web.archive.org/web/20190414080102id_/https://www.bsnpr.com/estadisticas/lideres.asp,2026-09-08T03:53:58Z
2019,canastos_3,per_game,1,"Sosa, Isaac",Atleticos,14,52,,,,,3.7,False,Serie Regular,2019-04-14,regular-season leader board as of 2019-04-14; season in progress at capture — provisional,single-source,wayback_bsnpr,https://web.archive.org/web/20190414080102id_/https://www.bsnpr.com/estadisticas/lideres.asp,2026-09-08T03:53:58Z
2019,canastos_3,per_game,2,"Rudd, Victor",Capitanes,17,47,,,,,2.8,False,Serie Regular,2019-04-14,regular-season leader board as of 2019-04-14; season in progress at capture — provisional,single-source,wayback_bsnpr,https://web.archive.org/web/20190414080102id_/https://www.bsnpr.com/estadisticas/lideres.asp,2026-09-08T03:53:58Z
2019,canastos_3,per_game,3,"Martinez, Wil",Indios,14,40,,,,,2.9,False,Serie Regular,2019-04-14,regular-season leader board as of 2019-04-14; season in progress at capture — provisional,single-source,wayback_bsnpr,https://web.archive.org/web/20190414080102id_/https://www.bsnpr.com/estadisticas/lideres.asp,2026-09-08T03:53:58Z
2019,canastos_3,per_game,4,"Cintron, Raymond",Capitanes,17,40,,,,,2.4,False,Serie Regular,2019-04-14,regular-season leader board as of 2019-04-14; season in progress at capture — provisional,single-source,wayback_bsnpr,https://web.archive.org/web/20190414080102id_/https://www.bsnpr.com/estadisticas/lideres.asp,2026-09-08T03:53:58Z
2019,canastos_3,per_game,5,"Rodriguez, Jose G.",Brujos,16,39,,,,,2.4,False,Serie Regular,2019-04-14,regular-season leader board as of 2019-04-14; season in progress at capture — provisional,single-source,wayback_bsnpr,https://web.archive.org/web/20190414080102id_/https://www.bsnpr.com/estadisticas/lideres.asp,2026-09-08T03:53:58Z
2019,canastos_3,per_game,6,"Santiago, Benito",Vaqueros,14,38,,,,,2.7,False,Serie Regular,2019-04-14,regular-season leader board as of 2019-04-14; season in progress at capture — provisional,single-source,wayback_bsnpr,https://web.archive.org/web/20190414080102id_/https://www.bsnpr.com/estadisticas/lideres.asp,2026-09-08T03:53:58Z
2019,canastos_3,per_game,7,"Suero, Gerardo",Vaqueros,16,32,,,,,2.0,False,Serie Regular,2019-04-14,regular-season leader board as of 2019-04-14; season in progress at capture — provisional,single-source,wayback_bsnpr,https://web.archive.org/web/20190414080102id_/https://www.bsnpr.com/estadisticas/lideres.asp,2026-09-08T03:53:58Z
2019,canastos_3,per_game,8,"Berdiel, Miguel Ali",Brujos,16,31,,,,,1.9,False,Serie Regular,2019-04-14,regular-season leader board as of 2019-04-14; season in progress at capture — provisional,single-source,wayback_bsnpr,https://web.archive.org/web/20190414080102id_/https://www.bsnpr.com/estadisticas/lideres.asp,2026-09-08T03:53:58Z
2019,canastos_3,per_game,9,"Rosario, Michael",Piratas,15,31,,,,,2.1,False,Serie Regular,2019-04-14,regular-season leader board as of 2019-04-14; season in progress at capture — provisional,single-source,wayback_bsnpr,https://web.archive.org/web/20190414080102id_/https://www.bsnpr.com/estadisticas/lideres.asp,2026-09-08T03:53:58Z
2019,canastos_3,per_game,10,"Ayuso, Elias 'Lar",Atleticos,16,29,,,,,1.8,False,Serie Regular,2019-04-14,regular-season leader board as of 2019-04-14; season in progress at capture — provisional,single-source,wayback_bsnpr,https://web.archive.org/web/20190414080102id_/https://www.bsnpr.com/estadisticas/lideres.asp,2026-09-08T03:53:58Z
2019,canastos_3_pct,percentage,1,"Sosa, Isaac",Atleticos,14,,52,96,,,54.2,False,Serie Regular,2019-04-14,regular-season leader board as of 2019-04-14; season in progress at capture — provisional,single-source,wayback_bsnpr,https://web.archive.org/web/20190414080102id_/https://www.bsnpr.com/estadisticas/lideres.asp,2026-09-08T03:53:58Z
2019,canastos_3_pct,percentage,2,"Emory, Carlos",Santeros,16,,23,49,,,46.9,False,Serie Regular,2019-04-14,regular-season leader board as of 2019-04-14; season in progress at capture — provisional,single-source,wayback_bsnpr,https://web.archive.org/web/20190414080102id_/https://www.bsnpr.com/estadisticas/lideres.asp,2026-09-08T03:53:58Z
2019,canastos_3_pct,percentage,3,"Suero, Gerardo",Vaqueros,16,,32,69,,,46.4,False,Serie Regular,2019-04-14,regular-season leader board as of 2019-04-14; season in progress at capture — provisional,single-source,wayback_bsnpr,https://web.archive.org/web/20190414080102id_/https://www.bsnpr.com/estadisticas/lideres.asp,2026-09-08T03:53:58Z
2019,canastos_3_pct,percentage,4,"Garcia, Jonathan",Piratas,13,,14,31,,,45.2,False,Serie Regular,2019-04-14,regular-season leader board as of 2019-04-14; season in progress at capture — provisional,single-source,wayback_bsnpr,https://web.archive.org/web/20190414080102id_/https://www.bsnpr.com/estadisticas/lideres.asp,2026-09-08T03:53:58Z
2019,canastos_3_pct,percentage,5,"Cintron, Raymond",Capitanes,17,,40,92,,,43.5,False,Serie Regular,2019-04-14,regular-season leader board as of 2019-04-14; season in progress at capture — provisional,single-source,wayback_bsnpr,https://web.archive.org/web/20190414080102id_/https://www.bsnpr.com/estadisticas/lideres.asp,2026-09-08T03:53:58Z
2019,canastos_3_pct,percentage,6,"Matias, Angel L.",Capitanes,16,,13,30,,,43.3,False,Serie Regular,2019-04-14,regular-season leader board as of 2019-04-14; season in progress at capture — provisional,single-source,wayback_bsnpr,https://web.archive.org/web/20190414080102id_/https://www.bsnpr.com/estadisticas/lideres.asp,2026-09-08T03:53:58Z
2019,canastos_3_pct,percentage,7,"Melendez, Ricardo",Cariduros,15,,17,40,,,42.5,False,Serie Regular,2019-04-14,regular-season leader board as of 2019-04-14; season in progress at capture — provisional,single-source,wayback_bsnpr,https://web.archive.org/web/20190414080102id_/https://www.bsnpr.com/estadisticas/lideres.asp,2026-09-08T03:53:58Z
2019,canastos_3_pct,percentage,8,"Han, Francis Jo",Vaqueros,12,,27,65,,,41.5,False,Serie Regular,2019-04-14,regular-season leader board as of 2019-04-14; season in progress at capture — provisional,single-source,wayback_bsnpr,https://web.archive.org/web/20190414080102id_/https://www.bsnpr.com/estadisticas/lideres.asp,2026-09-08T03:53:58Z
2019,canastos_3_pct,percentage,9,"Rudd, Victor",Capitanes,17,,47,114,,,41.2,False,Serie Regular,2019-04-14,regular-season leader board as of 2019-04-14; season in progress at capture — provisional,single-source,wayback_bsnpr,https://web.archive.org/web/20190414080102id_/https://www.bsnpr.com/estadisticas/lideres.asp,2026-09-08T03:53:58Z
2019,canastos_3_pct,percentage,10,"Rodriguez, Jose G.",Brujos,16,,39,95,,,41.1,False,Serie Regular,2019-04-14,regular-season leader board as of 2019-04-14; season in progress at capture — provisional,single-source,wayback_bsnpr,https://web.archive.org/web/20190414080102id_/https://www.bsnpr.com/estadisticas/lideres.asp,2026-09-08T03:53:58Z
2019,cortes_balon,per_game,1,"Smith, Greg",Vaqueros,13,28,,,,,2.2,False,Serie Regular,2019-04-14,regular-season leader board as of 2019-04-14; season in progress at capture — provisional,single-source,wayback_bsnpr,https://web.archive.org/web/20190414080102id_/https://www.bsnpr.com/estadisticas/lideres.asp,2026-09-08T03:53:58Z
2019,cortes_balon,per_game,2,"De Jesus, Jezreel",Indios,15,25,,,,,1.7,False,Serie Regular,2019-04-14,regular-season leader board as of 2019-04-14; season in progress at capture — provisional,single-source,wayback_bsnpr,https://web.archive.org/web/20190414080102id_/https://www.bsnpr.com/estadisticas/lideres.asp,2026-09-08T03:53:58Z
2019,cortes_balon,per_game,3,"Fillyaw, Marcus",Brujos,16,24,,,,,1.5,False,Serie Regular,2019-04-14,regular-season leader board as of 2019-04-14; season in progress at capture — provisional,single-source,wayback_bsnpr,https://web.archive.org/web/20190414080102id_/https://www.bsnpr.com/estadisticas/lideres.asp,2026-09-08T03:53:58Z
2019,cortes_balon,per_game,4,"Josiah, Jahvari",Cariduros,14,23,,,,,1.6,False,Serie Regular,2019-04-14,regular-season leader board as of 2019-04-14; season in progress at capture — provisional,single-source,wayback_bsnpr,https://web.archive.org/web/20190414080102id_/https://www.bsnpr.com/estadisticas/lideres.asp,2026-09-08T03:53:58Z
2019,cortes_balon,per_game,5,"Rudd, Victor",Capitanes,17,22,,,,,1.3,False,Serie Regular,2019-04-14,regular-season leader board as of 2019-04-14; season in progress at capture — provisional,single-source,wayback_bsnpr,https://web.archive.org/web/20190414080102id_/https://www.bsnpr.com/estadisticas/lideres.asp,2026-09-08T03:53:58Z
2019,cortes_balon,per_game,6,"Berdiel, Miguel Ali",Brujos,16,22,,,,,1.4,False,Serie Regular,2019-04-14,regular-season leader board as of 2019-04-14; season in progress at capture — provisional,single-source,wayback_bsnpr,https://web.archive.org/web/20190414080102id_/https://www.bsnpr.com/estadisticas/lideres.asp,2026-09-08T03:53:58Z
2019,cortes_balon,per_game,7,"Liz, Victor",Leones,12,21,,,,,1.8,False,Serie Regular,2019-04-14,regular-season leader board as of 2019-04-14; season in progress at capture — provisional,single-source,wayback_bsnpr,https://web.archive.org/web/20190414080102id_/https://www.bsnpr.com/estadisticas/lideres.asp,2026-09-08T03:53:58Z
2019,cortes_balon,per_game,8,"Santiago, Benito",Vaqueros,14,19,,,,,1.4,False,Serie Regular,2019-04-14,regular-season leader board as of 2019-04-14; season in progress at capture — provisional,single-source,wayback_bsnpr,https://web.archive.org/web/20190414080102id_/https://www.bsnpr.com/estadisticas/lideres.asp,2026-09-08T03:53:58Z
2019,cortes_balon,per_game,9,"Suero, Gerardo",Vaqueros,16,17,,,,,1.1,False,Serie Regular,2019-04-14,regular-season leader board as of 2019-04-14; season in progress at capture — provisional,single-source,wayback_bsnpr,https://web.archive.org/web/20190414080102id_/https://www.bsnpr.com/estadisticas/lideres.asp,2026-09-08T03:53:58Z
2019,cortes_balon,per_game,10,"Piñeiro, Juan Pablo",Brujos,16,16,,,,,1.0,False,Serie Regular,2019-04-14,regular-season leader board as of 2019-04-14; season in progress at capture — provisional,single-source,wayback_bsnpr,https://web.archive.org/web/20190414080102id_/https://www.bsnpr.com/estadisticas/lideres.asp,2026-09-08T03:53:58Z
2019,rebotes,per_game,1,"Rhett, MJ",Capitanes,15,145,,,97,48,9.7,False,Serie Regular,2019-04-14,regular-season leader board as of 2019-04-14; season in progress at capture — provisional,single-source,wayback_bsnpr,https://web.archive.org/web/20190414080102id_/https://www.bsnpr.com/estadisticas/lideres.asp,2026-09-08T03:53:58Z
2019,rebotes,per_game,2,"Rudd, Victor",Capitanes,17,144,,,124,20,8.5,False,Serie Regular,2019-04-14,regular-season leader board as of 2019-04-14; season in progress at capture — provisional,single-source,wayback_bsnpr,https://web.archive.org/web/20190414080102id_/https://www.bsnpr.com/estadisticas/lideres.asp,2026-09-08T03:53:58Z
2019,rebotes,per_game,3,"Laury, David",Brujos,15,136,,,87,49,9.1,False,Serie Regular,2019-04-14,regular-season leader board as of 2019-04-14; season in progress at capture — provisional,single-source,wayback_bsnpr,https://web.archive.org/web/20190414080102id_/https://www.bsnpr.com/estadisticas/lideres.asp,2026-09-08T03:53:58Z
2019,rebotes,per_game,4,"Smith, Greg",Vaqueros,13,130,,,92,38,10.0,False,Serie Regular,2019-04-14,regular-season leader board as of 2019-04-14; season in progress at capture — provisional,single-source,wayback_bsnpr,https://web.archive.org/web/20190414080102id_/https://www.bsnpr.com/estadisticas/lideres.asp,2026-09-08T03:53:58Z
2019,rebotes,per_game,5,"Glenn, Robert",Cariduros,15,122,,,89,33,8.1,False,Serie Regular,2019-04-14,regular-season leader board as of 2019-04-14; season in progress at capture — provisional,single-source,wayback_bsnpr,https://web.archive.org/web/20190414080102id_/https://www.bsnpr.com/estadisticas/lideres.asp,2026-09-08T03:53:58Z
2019,rebotes,per_game,6,"Jones, Joseph",Santeros,15,106,,,73,33,7.1,False,Serie Regular,2019-04-14,regular-season leader board as of 2019-04-14; season in progress at capture — provisional,single-source,wayback_bsnpr,https://web.archive.org/web/20190414080102id_/https://www.bsnpr.com/estadisticas/lideres.asp,2026-09-08T03:53:58Z
2019,rebotes,per_game,7,"Gaston, Chris",Santeros,16,102,,,73,29,6.4,False,Serie Regular,2019-04-14,regular-season leader board as of 2019-04-14; season in progress at capture — provisional,single-source,wayback_bsnpr,https://web.archive.org/web/20190414080102id_/https://www.bsnpr.com/estadisticas/lideres.asp,2026-09-08T03:53:58Z
2019,rebotes,per_game,8,"Wesley, Tai",Brujos,16,100,,,55,45,6.2,False,Serie Regular,2019-04-14,regular-season leader board as of 2019-04-14; season in progress at capture — provisional,single-source,wayback_bsnpr,https://web.archive.org/web/20190414080102id_/https://www.bsnpr.com/estadisticas/lideres.asp,2026-09-08T03:53:58Z
2019,rebotes,per_game,9,"Lopez, Carlos 'Ya",Capitanes,16,95,,,57,38,5.9,False,Serie Regular,2019-04-14,regular-season leader board as of 2019-04-14; season in progress at capture — provisional,single-source,wayback_bsnpr,https://web.archive.org/web/20190414080102id_/https://www.bsnpr.com/estadisticas/lideres.asp,2026-09-08T03:53:58Z
2019,rebotes,per_game,10,"Rodriguez, Jose G.",Brujos,16,93,,,79,14,5.8,False,Serie Regular,2019-04-14,regular-season leader board as of 2019-04-14; season in progress at capture — provisional,single-source,wayback_bsnpr,https://web.archive.org/web/20190414080102id_/https://www.bsnpr.com/estadisticas/lideres.asp,2026-09-08T03:53:58Z
2019,rebotes_ofensivos,per_game,1,"Laury, David",Brujos,15,49,,,,,3.3,False,Serie Regular,2019-04-14,regular-season leader board as of 2019-04-14; season in progress at capture — provisional,single-source,wayback_bsnpr,https://web.archive.org/web/20190414080102id_/https://www.bsnpr.com/estadisticas/lideres.asp,2026-09-08T03:53:58Z
2019,rebotes_ofensivos,per_game,2,"Rhett, MJ",Capitanes,15,48,,,,,3.2,False,Serie Regular,2019-04-14,regular-season leader board as of 2019-04-14; season in progress at capture — provisional,single-source,wayback_bsnpr,https://web.archive.org/web/20190414080102id_/https://www.bsnpr.com/estadisticas/lideres.asp,2026-09-08T03:53:58Z
2019,rebotes_ofensivos,per_game,3,"Wesley, Tai",Brujos,16,45,,,,,2.8,False,Serie Regular,2019-04-14,regular-season leader board as of 2019-04-14; season in progress at capture — provisional,single-source,wayback_bsnpr,https://web.archive.org/web/20190414080102id_/https://www.bsnpr.com/estadisticas/lideres.asp,2026-09-08T03:53:58Z
2019,rebotes_ofensivos,per_game,4,"Ramos, Enrique",Cariduros,15,41,,,,,2.7,False,Serie Regular,2019-04-14,regular-season leader board as of 2019-04-14; season in progress at capture — provisional,single-source,wayback_bsnpr,https://web.archive.org/web/20190414080102id_/https://www.bsnpr.com/estadisticas/lideres.asp,2026-09-08T03:53:58Z
2019,rebotes_ofensivos,per_game,5,"Lopez, Carlos 'Ya",Capitanes,16,38,,,,,2.4,False,Serie Regular,2019-04-14,regular-season leader board as of 2019-04-14; season in progress at capture — provisional,single-source,wayback_bsnpr,https://web.archive.org/web/20190414080102id_/https://www.bsnpr.com/estadisticas/lideres.asp,2026-09-08T03:53:58Z
2019,rebotes_ofensivos,per_game,6,"Smith, Greg",Vaqueros,13,38,,,,,2.9,False,Serie Regular,2019-04-14,regular-season leader board as of 2019-04-14; season in progress at capture — provisional,single-source,wayback_bsnpr,https://web.archive.org/web/20190414080102id_/https://www.bsnpr.com/estadisticas/lideres.asp,2026-09-08T03:53:58Z
2019,rebotes_ofensivos,per_game,7,"Collier, Devon",Indios,8,38,,,,,4.8,False,Serie Regular,2019-04-14,regular-season leader board as of 2019-04-14; season in progress at capture — provisional,single-source,wayback_bsnpr,https://web.archive.org/web/20190414080102id_/https://www.bsnpr.com/estadisticas/lideres.asp,2026-09-08T03:53:58Z
2019,rebotes_ofensivos,per_game,8,"Liz, Victor",Leones,12,34,,,,,2.8,False,Serie Regular,2019-04-14,regular-season leader board as of 2019-04-14; season in progress at capture — provisional,single-source,wayback_bsnpr,https://web.archive.org/web/20190414080102id_/https://www.bsnpr.com/estadisticas/lideres.asp,2026-09-08T03:53:58Z
2019,rebotes_ofensivos,per_game,9,"Jones, Joseph",Santeros,15,33,,,,,2.2,False,Serie Regular,2019-04-14,regular-season leader board as of 2019-04-14; season in progress at capture — provisional,single-source,wayback_bsnpr,https://web.archive.org/web/20190414080102id_/https://www.bsnpr.com/estadisticas/lideres.asp,2026-09-08T03:53:58Z
2019,rebotes_ofensivos,per_game,10,"Glenn, Robert",Cariduros,15,33,,,,,2.2,False,Serie Regular,2019-04-14,regular-season leader board as of 2019-04-14; season in progress at capture — provisional,single-source,wayback_bsnpr,https://web.archive.org/web/20190414080102id_/https://www.bsnpr.com/estadisticas/lideres.asp,2026-09-08T03:53:58Z
2019,tiros_libres_anotados,per_game,1,"Santiago, Benito",Vaqueros,14,64,,,,,4.6,False,Serie Regular,2019-04-14,regular-season leader board as of 2019-04-14; season in progress at capture — provisional,single-source,wayback_bsnpr,https://web.archive.org/web/20190414080102id_/https://www.bsnpr.com/estadisticas/lideres.asp,2026-09-08T03:53:58Z
2019,tiros_libres_anotados,per_game,2,"De Jesus, Jezreel",Indios,15,63,,,,,4.2,False,Serie Regular,2019-04-14,regular-season leader board as of 2019-04-14; season in progress at capture — provisional,single-source,wayback_bsnpr,https://web.archive.org/web/20190414080102id_/https://www.bsnpr.com/estadisticas/lideres.asp,2026-09-08T03:53:58Z
2019,tiros_libres_anotados,per_game,3,"Suero, Gerardo",Vaqueros,16,59,,,,,3.7,False,Serie Regular,2019-04-14,regular-season leader board as of 2019-04-14; season in progress at capture — provisional,single-source,wayback_bsnpr,https://web.archive.org/web/20190414080102id_/https://www.bsnpr.com/estadisticas/lideres.asp,2026-09-08T03:53:58Z
2019,tiros_libres_anotados,per_game,4,"Trimble, Romelo 'Me",Piratas,14,58,,,,,4.1,False,Serie Regular,2019-04-14,regular-season leader board as of 2019-04-14; season in progress at capture — provisional,single-source,wayback_bsnpr,https://web.archive.org/web/20190414080102id_/https://www.bsnpr.com/estadisticas/lideres.asp,2026-09-08T03:53:58Z
2019,tiros_libres_anotados,per_game,5,"Liz, Victor",Leones,12,54,,,,,4.5,False,Serie Regular,2019-04-14,regular-season leader board as of 2019-04-14; season in progress at capture — provisional,single-source,wayback_bsnpr,https://web.archive.org/web/20190414080102id_/https://www.bsnpr.com/estadisticas/lideres.asp,2026-09-08T03:53:58Z
2019,tiros_libres_anotados,per_game,6,"Glenn, Robert",Cariduros,15,53,,,,,3.5,False,Serie Regular,2019-04-14,regular-season leader board as of 2019-04-14; season in progress at capture — provisional,single-source,wayback_bsnpr,https://web.archive.org/web/20190414080102id_/https://www.bsnpr.com/estadisticas/lideres.asp,2026-09-08T03:53:58Z
2019,tiros_libres_anotados,per_game,7,"Smith, Greg",Vaqueros,13,50,,,,,3.8,False,Serie Regular,2019-04-14,regular-season leader board as of 2019-04-14; season in progress at capture — provisional,single-source,wayback_bsnpr,https://web.archive.org/web/20190414080102id_/https://www.bsnpr.com/estadisticas/lideres.asp,2026-09-08T03:53:58Z
2019,tiros_libres_anotados,per_game,8,"Wesley, Tai",Brujos,16,49,,,,,3.1,False,Serie Regular,2019-04-14,regular-season leader board as of 2019-04-14; season in progress at capture — provisional,single-source,wayback_bsnpr,https://web.archive.org/web/20190414080102id_/https://www.bsnpr.com/estadisticas/lideres.asp,2026-09-08T03:53:58Z
2019,tiros_libres_anotados,per_game,9,"Minnerath, Nick",Leones,12,42,,,,,3.5,False,Serie Regular,2019-04-14,regular-season leader board as of 2019-04-14; season in progress at capture — provisional,single-source,wayback_bsnpr,https://web.archive.org/web/20190414080102id_/https://www.bsnpr.com/estadisticas/lideres.asp,2026-09-08T03:53:58Z
2019,tiros_libres_anotados,per_game,10,"Rudd, Victor",Capitanes,17,41,,,,,2.4,False,Serie Regular,2019-04-14,regular-season leader board as of 2019-04-14; season in progress at capture — provisional,single-source,wayback_bsnpr,https://web.archive.org/web/20190414080102id_/https://www.bsnpr.com/estadisticas/lideres.asp,2026-09-08T03:53:58Z
2019,tiros_libres_pct,percentage,1,"Minnerath, Nick",Leones,12,,42,43,,,97.7,False,Serie Regular,2019-04-14,regular-season leader board as of 2019-04-14; season in progress at capture — provisional,single-source,wayback_bsnpr,https://web.archive.org/web/20190414080102id_/https://www.bsnpr.com/estadisticas/lideres.asp,2026-09-08T03:53:58Z
2019,tiros_libres_pct,percentage,2,"Vassallo, Angel Dani",Leones,12,,33,34,,,97.1,False,Serie Regular,2019-04-14,regular-season leader board as of 2019-04-14; season in progress at capture — provisional,single-source,wayback_bsnpr,https://web.archive.org/web/20190414080102id_/https://www.bsnpr.com/estadisticas/lideres.asp,2026-09-08T03:53:58Z
2019,tiros_libres_pct,percentage,3,"Ayuso, Elias 'Lar",Atleticos,16,,39,43,,,90.7,False,Serie Regular,2019-04-14,regular-season leader board as of 2019-04-14; season in progress at capture — provisional,single-source,wayback_bsnpr,https://web.archive.org/web/20190414080102id_/https://www.bsnpr.com/estadisticas/lideres.asp,2026-09-08T03:53:58Z
2019,tiros_libres_pct,percentage,4,"Rodriguez, Jose G.",Brujos,16,,32,36,,,88.9,False,Serie Regular,2019-04-14,regular-season leader board as of 2019-04-14; season in progress at capture — provisional,single-source,wayback_bsnpr,https://web.archive.org/web/20190414080102id_/https://www.bsnpr.com/estadisticas/lideres.asp,2026-09-08T03:53:58Z
2019,tiros_libres_pct,percentage,5,"Diaz, Guillermo",Atleticos,7,,22,25,,,88.0,False,Serie Regular,2019-04-14,regular-season leader board as of 2019-04-14; season in progress at capture — provisional,single-source,wayback_bsnpr,https://web.archive.org/web/20190414080102id_/https://www.bsnpr.com/estadisticas/lideres.asp,2026-09-08T03:53:58Z
2019,tiros_libres_pct,percentage,6,"Trimble, Romelo 'Me",Piratas,14,,58,67,,,86.6,False,Serie Regular,2019-04-14,regular-season leader board as of 2019-04-14; season in progress at capture — provisional,single-source,wayback_bsnpr,https://web.archive.org/web/20190414080102id_/https://www.bsnpr.com/estadisticas/lideres.asp,2026-09-08T03:53:58Z
2019,tiros_libres_pct,percentage,7,"Lemon, Stedmon",Santeros,16,,21,25,,,84.0,False,Serie Regular,2019-04-14,regular-season leader board as of 2019-04-14; season in progress at capture — provisional,single-source,wayback_bsnpr,https://web.archive.org/web/20190414080102id_/https://www.bsnpr.com/estadisticas/lideres.asp,2026-09-08T03:53:58Z
2019,tiros_libres_pct,percentage,8,"Martinez, Wil",Indios,14,,35,42,,,83.3,False,Serie Regular,2019-04-14,regular-season leader board as of 2019-04-14; season in progress at capture — provisional,single-source,wayback_bsnpr,https://web.archive.org/web/20190414080102id_/https://www.bsnpr.com/estadisticas/lideres.asp,2026-09-08T03:53:58Z
2019,tiros_libres_pct,percentage,9,"Liz, Victor",Leones,12,,54,65,,,83.1,False,Serie Regular,2019-04-14,regular-season leader board as of 2019-04-14; season in progress at capture — provisional,single-source,wayback_bsnpr,https://web.archive.org/web/20190414080102id_/https://www.bsnpr.com/estadisticas/lideres.asp,2026-09-08T03:53:58Z
2019,tiros_libres_pct,percentage,10,"Cintron, Raymond",Capitanes,17,,23,28,,,82.1,False,Serie Regular,2019-04-14,regular-season leader board as of 2019-04-14; season in progress at capture — provisional,single-source,wayback_bsnpr,https://web.archive.org/web/20190414080102id_/https://www.bsnpr.com/estadisticas/lideres.asp,2026-09-08T03:53:58Z
2019,turnovers,per_game,1,"Suero, Gerardo",Vaqueros,16,43,,,,,2.7,False,Serie Regular,2019-04-14,regular-season leader board as of 2019-04-14; season in progress at capture — provisional,single-source,wayback_bsnpr,https://web.archive.org/web/20190414080102id_/https://www.bsnpr.com/estadisticas/lideres.asp,2026-09-08T03:53:58Z
2019,turnovers,per_game,2,"Rudd, Victor",Capitanes,17,41,,,,,2.4,False,Serie Regular,2019-04-14,regular-season leader board as of 2019-04-14; season in progress at capture — provisional,single-source,wayback_bsnpr,https://web.archive.org/web/20190414080102id_/https://www.bsnpr.com/estadisticas/lideres.asp,2026-09-08T03:53:58Z
2019,turnovers,per_game,3,"Trimble, Romelo 'Me",Piratas,14,40,,,,,2.9,False,Serie Regular,2019-04-14,regular-season leader board as of 2019-04-14; season in progress at capture — provisional,single-source,wayback_bsnpr,https://web.archive.org/web/20190414080102id_/https://www.bsnpr.com/estadisticas/lideres.asp,2026-09-08T03:53:58Z
2019,turnovers,per_game,4,"Rodriguez, Jose G.",Brujos,16,39,,,,,2.4,False,Serie Regular,2019-04-14,regular-season leader board as of 2019-04-14; season in progress at capture — provisional,single-source,wayback_bsnpr,https://web.archive.org/web/20190414080102id_/https://www.bsnpr.com/estadisticas/lideres.asp,2026-09-08T03:53:58Z
2019,turnovers,per_game,5,"Santiago, Benito",Vaqueros,14,38,,,,,2.7,False,Serie Regular,2019-04-14,regular-season leader board as of 2019-04-14; season in progress at capture — provisional,single-source,wayback_bsnpr,https://web.archive.org/web/20190414080102id_/https://www.bsnpr.com/estadisticas/lideres.asp,2026-09-08T03:53:58Z
2019,turnovers,per_game,6,"Glenn, Robert",Cariduros,15,36,,,,,2.4,False,Serie Regular,2019-04-14,regular-season leader board as of 2019-04-14; season in progress at capture — provisional,single-source,wayback_bsnpr,https://web.archive.org/web/20190414080102id_/https://www.bsnpr.com/estadisticas/lideres.asp,2026-09-08T03:53:58Z
2019,turnovers,per_game,7,"Smith, Greg",Vaqueros,13,32,,,,,2.5,False,Serie Regular,2019-04-14,regular-season leader board as of 2019-04-14; season in progress at capture — provisional,single-source,wayback_bsnpr,https://web.archive.org/web/20190414080102id_/https://www.bsnpr.com/estadisticas/lideres.asp,2026-09-08T03:53:58Z
2019,turnovers,per_game,8,"Arroyo, Carlos A.",Leones,12,32,,,,,2.7,False,Serie Regular,2019-04-14,regular-season leader board as of 2019-04-14; season in progress at capture — provisional,single-source,wayback_bsnpr,https://web.archive.org/web/20190414080102id_/https://www.bsnpr.com/estadisticas/lideres.asp,2026-09-08T03:53:58Z
2019,turnovers,per_game,9,"Colon, Benjamin",Vaqueros,14,31,,,,,2.2,False,Serie Regular,2019-04-14,regular-season leader board as of 2019-04-14; season in progress at capture — provisional,single-source,wayback_bsnpr,https://web.archive.org/web/20190414080102id_/https://www.bsnpr.com/estadisticas/lideres.asp,2026-09-08T03:53:58Z
2019,turnovers,per_game,10,"Abreu, Alex",Santeros,16,30,,,,,1.9,False,Serie Regular,2019-04-14,regular-season leader board as of 2019-04-14; season in progress at capture — provisional,single-source,wayback_bsnpr,https://web.archive.org/web/20190414080102id_/https://www.bsnpr.com/estadisticas/lideres.asp,2026-09-08T03:53:58Z
2020,anotaciones,per_game,1,"Rodriguez, Jose G.",Brujos,6,106,,,,,17.7,False,Serie Regular,2020-06-01,regular-season leader board as of 2020-06-01; season in progress at capture — provisional,single-source,wayback_bsnpr,https://web.archive.org/web/20200601011614id_/https://www.bsnpr.com/estadisticas/lideres.asp,2026-09-08T03:54:00Z
2020,anotaciones,per_game,2,"Daniels, Will",Brujos,6,102,,,,,17.0,False,Serie Regular,2020-06-01,regular-season leader board as of 2020-06-01; season in progress at capture — provisional,single-source,wayback_bsnpr,https://web.archive.org/web/20200601011614id_/https://www.bsnpr.com/estadisticas/lideres.asp,2026-09-08T03:54:00Z
2020,anotaciones,per_game,3,"Mojica, Javier",Vaqueros,5,102,,,,,20.4,False,Serie Regular,2020-06-01,regular-season leader board as of 2020-06-01; season in progress at capture — provisional,single-source,wayback_bsnpr,https://web.archive.org/web/20200601011614id_/https://www.bsnpr.com/estadisticas/lideres.asp,2026-09-08T03:54:00Z
2020,anotaciones,per_game,4,"Howard, Jordan",Brujos,5,100,,,,,20.0,False,Serie Regular,2020-06-01,regular-season leader board as of 2020-06-01; season in progress at capture — provisional,single-source,wayback_bsnpr,https://web.archive.org/web/20200601011614id_/https://www.bsnpr.com/estadisticas/lideres.asp,2026-09-08T03:54:00Z
2020,anotaciones,per_game,5,"Ashley, Brandon",Indios,4,82,,,,,20.5,False,Serie Regular,2020-06-01,regular-season leader board as of 2020-06-01; season in progress at capture — provisional,single-source,wayback_bsnpr,https://web.archive.org/web/20200601011614id_/https://www.bsnpr.com/estadisticas/lideres.asp,2026-09-08T03:54:00Z
2020,anotaciones,per_game,6,"Tyler, Jeremy",Indios,4,81,,,,,20.2,False,Serie Regular,2020-06-01,regular-season leader board as of 2020-06-01; season in progress at capture — provisional,single-source,wayback_bsnpr,https://web.archive.org/web/20200601011614id_/https://www.bsnpr.com/estadisticas/lideres.asp,2026-09-08T03:54:00Z
2020,anotaciones,per_game,7,"Gaston, Chris",Atleticos,5,76,,,,,15.2,False,Serie Regular,2020-06-01,regular-season leader board as of 2020-06-01; season in progress at capture — provisional,single-source,wayback_bsnpr,https://web.archive.org/web/20200601011614id_/https://www.bsnpr.com/estadisticas/lideres.asp,2026-09-08T03:54:00Z
2020,anotaciones,per_game,8,"Terry, Reyshawn",Vaqueros,5,74,,,,,14.8,False,Serie Regular,2020-06-01,regular-season leader board as of 2020-06-01; season in progress at capture — provisional,single-source,wayback_bsnpr,https://web.archive.org/web/20200601011614id_/https://www.bsnpr.com/estadisticas/lideres.asp,2026-09-08T03:54:00Z
2020,anotaciones,per_game,9,"Belardo, Gabriel J.",Brujos,6,74,,,,,12.3,False,Serie Regular,2020-06-01,regular-season leader board as of 2020-06-01; season in progress at capture — provisional,single-source,wayback_bsnpr,https://web.archive.org/web/20200601011614id_/https://www.bsnpr.com/estadisticas/lideres.asp,2026-09-08T03:54:00Z
2020,anotaciones,per_game,10,"Smith, Russ",Cariduros,3,74,,,,,24.7,False,Serie Regular,2020-06-01,regular-season leader board as of 2020-06-01; season in progress at capture — provisional,single-source,wayback_bsnpr,https://web.archive.org/web/20200601011614id_/https://www.bsnpr.com/estadisticas/lideres.asp,2026-09-08T03:54:00Z
2020,asistencias,per_game,1,"Cruz, Alvin",Vaqueros,5,38,,,,,7.6,False,Serie Regular,2020-06-01,regular-season leader board as of 2020-06-01; season in progress at capture — provisional,single-source,wayback_bsnpr,https://web.archive.org/web/20200601011614id_/https://www.bsnpr.com/estadisticas/lideres.asp,2026-09-08T03:54:00Z
2020,asistencias,per_game,2,"Belardo, Gabriel J.",Brujos,6,36,,,,,6.0,False,Serie Regular,2020-06-01,regular-season leader board as of 2020-06-01; season in progress at capture — provisional,single-source,wayback_bsnpr,https://web.archive.org/web/20200601011614id_/https://www.bsnpr.com/estadisticas/lideres.asp,2026-09-08T03:54:00Z
2020,asistencias,per_game,3,"Fernández, Tjader",Atleticos,5,26,,,,,5.2,False,Serie Regular,2020-06-01,regular-season leader board as of 2020-06-01; season in progress at capture — provisional,single-source,wayback_bsnpr,https://web.archive.org/web/20200601011614id_/https://www.bsnpr.com/estadisticas/lideres.asp,2026-09-08T03:54:00Z
2020,asistencias,per_game,4,"Clemente, Denis",Capitanes,4,23,,,,,5.8,False,Serie Regular,2020-06-01,regular-season leader board as of 2020-06-01; season in progress at capture — provisional,single-source,wayback_bsnpr,https://web.archive.org/web/20200601011614id_/https://www.bsnpr.com/estadisticas/lideres.asp,2026-09-08T03:54:00Z
2020,asistencias,per_game,5,"Howard, Jordan",Brujos,5,22,,,,,4.4,False,Serie Regular,2020-06-01,regular-season leader board as of 2020-06-01; season in progress at capture — provisional,single-source,wayback_bsnpr,https://web.archive.org/web/20200601011614id_/https://www.bsnpr.com/estadisticas/lideres.asp,2026-09-08T03:54:00Z
2020,asistencias,per_game,6,"Patterson, Lamar",Piratas,4,22,,,,,5.5,False,Serie Regular,2020-06-01,regular-season leader board as of 2020-06-01; season in progress at capture — provisional,single-source,wayback_bsnpr,https://web.archive.org/web/20200601011614id_/https://www.bsnpr.com/estadisticas/lideres.asp,2026-09-08T03:54:00Z
2020,asistencias,per_game,7,"Han, Francis Jo",Mets,4,21,,,,,5.2,False,Serie Regular,2020-06-01,regular-season leader board as of 2020-06-01; season in progress at capture — provisional,single-source,wayback_bsnpr,https://web.archive.org/web/20200601011614id_/https://www.bsnpr.com/estadisticas/lideres.asp,2026-09-08T03:54:00Z
2020,asistencias,per_game,8,"Rivera, Carlos Rub",Leones,3,21,,,,,7.0,False,Serie Regular,2020-06-01,regular-season leader board as of 2020-06-01; season in progress at capture — provisional,single-source,wayback_bsnpr,https://web.archive.org/web/20200601011614id_/https://www.bsnpr.com/estadisticas/lideres.asp,2026-09-08T03:54:00Z
2020,asistencias,per_game,9,"Rodriguez, Jose G.",Brujos,6,20,,,,,3.3,False,Serie Regular,2020-06-01,regular-season leader board as of 2020-06-01; season in progress at capture — provisional,single-source,wayback_bsnpr,https://web.archive.org/web/20200601011614id_/https://www.bsnpr.com/estadisticas/lideres.asp,2026-09-08T03:54:00Z
2020,asistencias,per_game,10,"Fillyaw, Marcus",Brujos,6,18,,,,,3.0,False,Serie Regular,2020-06-01,regular-season leader board as of 2020-06-01; season in progress at capture — provisional,single-source,wayback_bsnpr,https://web.archive.org/web/20200601011614id_/https://www.bsnpr.com/estadisticas/lideres.asp,2026-09-08T03:54:00Z
2020,bloqueos,per_game,1,"Penn, Kleon",Brujos,6,10,,,,,1.667,False,Serie Regular,2020-06-01,regular-season leader board as of 2020-06-01; season in progress at capture — provisional,single-source,wayback_bsnpr,https://web.archive.org/web/20200601011614id_/https://www.bsnpr.com/estadisticas/lideres.asp,2026-09-08T03:54:00Z
2020,bloqueos,per_game,2,"Akindele, Jeleel",Vaqueros,5,9,,,,,1.8,False,Serie Regular,2020-06-01,regular-season leader board as of 2020-06-01; season in progress at capture — provisional,single-source,wayback_bsnpr,https://web.archive.org/web/20200601011614id_/https://www.bsnpr.com/estadisticas/lideres.asp,2026-09-08T03:54:00Z
2020,bloqueos,per_game,3,"Erazo, Josue",Atleticos,5,6,,,,,1.2,False,Serie Regular,2020-06-01,regular-season leader board as of 2020-06-01; season in progress at capture — provisional,single-source,wayback_bsnpr,https://web.archive.org/web/20200601011614id_/https://www.bsnpr.com/estadisticas/lideres.asp,2026-09-08T03:54:00Z
2020,bloqueos,per_game,4,"Christmas, Rakeem",Mets,4,6,,,,,1.5,False,Serie Regular,2020-06-01,regular-season leader board as of 2020-06-01; season in progress at capture — provisional,single-source,wayback_bsnpr,https://web.archive.org/web/20200601011614id_/https://www.bsnpr.com/estadisticas/lideres.asp,2026-09-08T03:54:00Z
2020,bloqueos,per_game,5,"Austin, Isaiah",Mets,4,6,,,,,1.5,False,Serie Regular,2020-06-01,regular-season leader board as of 2020-06-01; season in progress at capture — provisional,single-source,wayback_bsnpr,https://web.archive.org/web/20200601011614id_/https://www.bsnpr.com/estadisticas/lideres.asp,2026-09-08T03:54:00Z
2020,bloqueos,per_game,6,"Jefferson, Cory",Atleticos,5,5,,,,,1.0,False,Serie Regular,2020-06-01,regular-season leader board as of 2020-06-01; season in progress at capture — provisional,single-source,wayback_bsnpr,https://web.archive.org/web/20200601011614id_/https://www.bsnpr.com/estadisticas/lideres.asp,2026-09-08T03:54:00Z
2020,bloqueos,per_game,7,"Ashley, Brandon",Indios,4,5,,,,,1.25,False,Serie Regular,2020-06-01,regular-season leader board as of 2020-06-01; season in progress at capture — provisional,single-source,wayback_bsnpr,https://web.archive.org/web/20200601011614id_/https://www.bsnpr.com/estadisticas/lideres.asp,2026-09-08T03:54:00Z
2020,bloqueos,per_game,8,"Daniels, Will",Brujos,6,4,,,,,0.667,False,Serie Regular,2020-06-01,regular-season leader board as of 2020-06-01; season in progress at capture — provisional,single-source,wayback_bsnpr,https://web.archive.org/web/20200601011614id_/https://www.bsnpr.com/estadisticas/lideres.asp,2026-09-08T03:54:00Z
2020,bloqueos,per_game,9,"Elonu, Chinemelu",Capitanes,4,4,,,,,1.0,False,Serie Regular,2020-06-01,regular-season leader board as of 2020-06-01; season in progress at capture — provisional,single-source,wayback_bsnpr,https://web.archive.org/web/20200601011614id_/https://www.bsnpr.com/estadisticas/lideres.asp,2026-09-08T03:54:00Z
2020,bloqueos,per_game,10,"Josiah, Jahvari",Cariduros,3,4,,,,,1.333,False,Serie Regular,2020-06-01,regular-season leader board as of 2020-06-01; season in progress at capture — provisional,single-source,wayback_bsnpr,https://web.archive.org/web/20200601011614id_/https://www.bsnpr.com/estadisticas/lideres.asp,2026-09-08T03:54:00Z
2020,canastos_3,per_game,1,"Howard, Jordan",Brujos,5,19,,,,,3.8,False,Serie Regular,2020-06-01,regular-season leader board as of 2020-06-01; season in progress at capture — provisional,single-source,wayback_bsnpr,https://web.archive.org/web/20200601011614id_/https://www.bsnpr.com/estadisticas/lideres.asp,2026-09-08T03:54:00Z
2020,canastos_3,per_game,2,"Santiago, Jr., Benito",Vaqueros,5,11,,,,,2.2,False,Serie Regular,2020-06-01,regular-season leader board as of 2020-06-01; season in progress at capture — provisional,single-source,wayback_bsnpr,https://web.archive.org/web/20200601011614id_/https://www.bsnpr.com/estadisticas/lideres.asp,2026-09-08T03:54:00Z
2020,canastos_3,per_game,3,"Rodriguez, Jose G.",Brujos,6,11,,,,,1.8,False,Serie Regular,2020-06-01,regular-season leader board as of 2020-06-01; season in progress at capture — provisional,single-source,wayback_bsnpr,https://web.archive.org/web/20200601011614id_/https://www.bsnpr.com/estadisticas/lideres.asp,2026-09-08T03:54:00Z
2020,canastos_3,per_game,4,"Jefferson, Cory",Atleticos,5,11,,,,,2.2,False,Serie Regular,2020-06-01,regular-season leader board as of 2020-06-01; season in progress at capture — provisional,single-source,wayback_bsnpr,https://web.archive.org/web/20200601011614id_/https://www.bsnpr.com/estadisticas/lideres.asp,2026-09-08T03:54:00Z
2020,canastos_3,per_game,5,"Mojica, Javier",Vaqueros,5,10,,,,,2.0,False,Serie Regular,2020-06-01,regular-season leader board as of 2020-06-01; season in progress at capture — provisional,single-source,wayback_bsnpr,https://web.archive.org/web/20200601011614id_/https://www.bsnpr.com/estadisticas/lideres.asp,2026-09-08T03:54:00Z
2020,canastos_3,per_game,6,"Cintrón, Raymond",Capitanes,4,10,,,,,2.5,False,Serie Regular,2020-06-01,regular-season leader board as of 2020-06-01; season in progress at capture — provisional,single-source,wayback_bsnpr,https://web.archive.org/web/20200601011614id_/https://www.bsnpr.com/estadisticas/lideres.asp,2026-09-08T03:54:00Z
2020,canastos_3,per_game,7,"Harper, Aaron",Capitanes,4,10,,,,,2.5,False,Serie Regular,2020-06-01,regular-season leader board as of 2020-06-01; season in progress at capture — provisional,single-source,wayback_bsnpr,https://web.archive.org/web/20200601011614id_/https://www.bsnpr.com/estadisticas/lideres.asp,2026-09-08T03:54:00Z
2020,canastos_3,per_game,8,"Vassallo, Ángel Dani",Leones,3,10,,,,,3.3,False,Serie Regular,2020-06-01,regular-season leader board as of 2020-06-01; season in progress at capture — provisional,single-source,wayback_bsnpr,https://web.archive.org/web/20200601011614id_/https://www.bsnpr.com/estadisticas/lideres.asp,2026-09-08T03:54:00Z
2020,canastos_3,per_game,9,"Hamilton, Daniel",Mets,4,9,,,,,2.2,False,Serie Regular,2020-06-01,regular-season leader board as of 2020-06-01; season in progress at capture — provisional,single-source,wayback_bsnpr,https://web.archive.org/web/20200601011614id_/https://www.bsnpr.com/estadisticas/lideres.asp,2026-09-08T03:54:00Z
2020,canastos_3,per_game,10,"Terry, Reyshawn",Vaqueros,5,9,,,,,1.8,False,Serie Regular,2020-06-01,regular-season leader board as of 2020-06-01; season in progress at capture — provisional,single-source,wayback_bsnpr,https://web.archive.org/web/20200601011614id_/https://www.bsnpr.com/estadisticas/lideres.asp,2026-09-08T03:54:00Z
2020,canastos_3_pct,percentage,1,"Howard, Jordan",Brujos,5,,19,33,,,57.6,False,Serie Regular,2020-06-01,regular-season leader board as of 2020-06-01; season in progress at capture — provisional,single-source,wayback_bsnpr,https://web.archive.org/web/20200601011614id_/https://www.bsnpr.com/estadisticas/lideres.asp,2026-09-08T03:54:00Z
2020,canastos_3_pct,percentage,2,"Smith, Russ",Cariduros,3,,6,11,,,54.5,False,Serie Regular,2020-06-01,regular-season leader board as of 2020-06-01; season in progress at capture — provisional,single-source,wayback_bsnpr,https://web.archive.org/web/20200601011614id_/https://www.bsnpr.com/estadisticas/lideres.asp,2026-09-08T03:54:00Z
2020,canastos_3_pct,percentage,3,"Clavell, Gilberto",Santeros,4,,8,15,,,53.3,False,Serie Regular,2020-06-01,regular-season leader board as of 2020-06-01; season in progress at capture — provisional,single-source,wayback_bsnpr,https://web.archive.org/web/20200601011614id_/https://www.bsnpr.com/estadisticas/lideres.asp,2026-09-08T03:54:00Z
2020,canastos_3_pct,percentage,4,"Meléndez, Ricardo 'R",Cariduros,3,,6,12,,,50.0,False,Serie Regular,2020-06-01,regular-season leader board as of 2020-06-01; season in progress at capture — provisional,single-source,wayback_bsnpr,https://web.archive.org/web/20200601011614id_/https://www.bsnpr.com/estadisticas/lideres.asp,2026-09-08T03:54:00Z
2020,canastos_3_pct,percentage,5,"Austin, Isaiah",Mets,4,,5,11,,,45.5,False,Serie Regular,2020-06-01,regular-season leader board as of 2020-06-01; season in progress at capture — provisional,single-source,wayback_bsnpr,https://web.archive.org/web/20200601011614id_/https://www.bsnpr.com/estadisticas/lideres.asp,2026-09-08T03:54:00Z
2020,canastos_3_pct,percentage,6,"Rodríguez, Jonathan",Santeros,4,,9,20,,,45.0,False,Serie Regular,2020-06-01,regular-season leader board as of 2020-06-01; season in progress at capture — provisional,single-source,wayback_bsnpr,https://web.archive.org/web/20200601011614id_/https://www.bsnpr.com/estadisticas/lideres.asp,2026-09-08T03:54:00Z
2020,canastos_3_pct,percentage,7,"Jefferson, Cory",Atleticos,5,,11,25,,,44.0,False,Serie Regular,2020-06-01,regular-season leader board as of 2020-06-01; season in progress at capture — provisional,single-source,wayback_bsnpr,https://web.archive.org/web/20200601011614id_/https://www.bsnpr.com/estadisticas/lideres.asp,2026-09-08T03:54:00Z
2020,canastos_3_pct,percentage,8,"Vassallo, Ángel Dani",Leones,3,,10,23,,,43.5,False,Serie Regular,2020-06-01,regular-season leader board as of 2020-06-01; season in progress at capture — provisional,single-source,wayback_bsnpr,https://web.archive.org/web/20200601011614id_/https://www.bsnpr.com/estadisticas/lideres.asp,2026-09-08T03:54:00Z
2020,canastos_3_pct,percentage,9,"McCauley, Ben",Brujos,6,,7,17,,,41.2,False,Serie Regular,2020-06-01,regular-season leader board as of 2020-06-01; season in progress at capture — provisional,single-source,wayback_bsnpr,https://web.archive.org/web/20200601011614id_/https://www.bsnpr.com/estadisticas/lideres.asp,2026-09-08T03:54:00Z
2020,canastos_3_pct,percentage,10,"Terry, Reyshawn",Vaqueros,5,,9,22,,,40.9,False,Serie Regular,2020-06-01,regular-season leader board as of 2020-06-01; season in progress at capture — provisional,single-source,wayback_bsnpr,https://web.archive.org/web/20200601011614id_/https://www.bsnpr.com/estadisticas/lideres.asp,2026-09-08T03:54:00Z
2020,cortes_balon,per_game,1,"Mojica, Javier",Vaqueros,5,16,,,,,3.2,False,Serie Regular,2020-06-01,regular-season leader board as of 2020-06-01; season in progress at capture — provisional,single-source,wayback_bsnpr,https://web.archive.org/web/20200601011614id_/https://www.bsnpr.com/estadisticas/lideres.asp,2026-09-08T03:54:00Z
2020,cortes_balon,per_game,2,"Rodriguez, Jose G.",Brujos,6,9,,,,,1.5,False,Serie Regular,2020-06-01,regular-season leader board as of 2020-06-01; season in progress at capture — provisional,single-source,wayback_bsnpr,https://web.archive.org/web/20200601011614id_/https://www.bsnpr.com/estadisticas/lideres.asp,2026-09-08T03:54:00Z
2020,cortes_balon,per_game,3,"Branch, Onzie",Atleticos,5,9,,,,,1.8,False,Serie Regular,2020-06-01,regular-season leader board as of 2020-06-01; season in progress at capture — provisional,single-source,wayback_bsnpr,https://web.archive.org/web/20200601011614id_/https://www.bsnpr.com/estadisticas/lideres.asp,2026-09-08T03:54:00Z
2020,cortes_balon,per_game,4,"Belardo, Gabriel J.",Brujos,6,8,,,,,1.3,False,Serie Regular,2020-06-01,regular-season leader board as of 2020-06-01; season in progress at capture — provisional,single-source,wayback_bsnpr,https://web.archive.org/web/20200601011614id_/https://www.bsnpr.com/estadisticas/lideres.asp,2026-09-08T03:54:00Z
2020,cortes_balon,per_game,5,"Daniels, Will",Brujos,6,8,,,,,1.3,False,Serie Regular,2020-06-01,regular-season leader board as of 2020-06-01; season in progress at capture — provisional,single-source,wayback_bsnpr,https://web.archive.org/web/20200601011614id_/https://www.bsnpr.com/estadisticas/lideres.asp,2026-09-08T03:54:00Z
2020,cortes_balon,per_game,6,"Fillyaw, Marcus",Brujos,6,8,,,,,1.3,False,Serie Regular,2020-06-01,regular-season leader board as of 2020-06-01; season in progress at capture — provisional,single-source,wayback_bsnpr,https://web.archive.org/web/20200601011614id_/https://www.bsnpr.com/estadisticas/lideres.asp,2026-09-08T03:54:00Z
2020,cortes_balon,per_game,7,"Ruiz, Jared",Indios,4,8,,,,,2.0,False,Serie Regular,2020-06-01,regular-season leader board as of 2020-06-01; season in progress at capture — provisional,single-source,wayback_bsnpr,https://web.archive.org/web/20200601011614id_/https://www.bsnpr.com/estadisticas/lideres.asp,2026-09-08T03:54:00Z
2020,cortes_balon,per_game,8,"Berdiel, Miguel 'Al",Mets,4,7,,,,,1.8,False,Serie Regular,2020-06-01,regular-season leader board as of 2020-06-01; season in progress at capture — provisional,single-source,wayback_bsnpr,https://web.archive.org/web/20200601011614id_/https://www.bsnpr.com/estadisticas/lideres.asp,2026-09-08T03:54:00Z
2020,cortes_balon,per_game,9,"Patterson, Lamar",Piratas,4,7,,,,,1.8,False,Serie Regular,2020-06-01,regular-season leader board as of 2020-06-01; season in progress at capture — provisional,single-source,wayback_bsnpr,https://web.archive.org/web/20200601011614id_/https://www.bsnpr.com/estadisticas/lideres.asp,2026-09-08T03:54:00Z
2020,cortes_balon,per_game,10,"Piñeiro, Juan Pablo",Brujos,5,6,,,,,1.2,False,Serie Regular,2020-06-01,regular-season leader board as of 2020-06-01; season in progress at capture — provisional,single-source,wayback_bsnpr,https://web.archive.org/web/20200601011614id_/https://www.bsnpr.com/estadisticas/lideres.asp,2026-09-08T03:54:00Z
2020,rebotes,per_game,1,"Rodriguez, Jose G.",Brujos,6,46,,,43,3,7.7,False,Serie Regular,2020-06-01,regular-season leader board as of 2020-06-01; season in progress at capture — provisional,single-source,wayback_bsnpr,https://web.archive.org/web/20200601011614id_/https://www.bsnpr.com/estadisticas/lideres.asp,2026-09-08T03:54:00Z
2020,rebotes,per_game,2,"McCauley, Ben",Brujos,6,44,,,23,21,7.3,False,Serie Regular,2020-06-01,regular-season leader board as of 2020-06-01; season in progress at capture — provisional,single-source,wayback_bsnpr,https://web.archive.org/web/20200601011614id_/https://www.bsnpr.com/estadisticas/lideres.asp,2026-09-08T03:54:00Z
2020,rebotes,per_game,3,"Elonu, Chinemelu",Capitanes,4,44,,,26,18,11.0,False,Serie Regular,2020-06-01,regular-season leader board as of 2020-06-01; season in progress at capture — provisional,single-source,wayback_bsnpr,https://web.archive.org/web/20200601011614id_/https://www.bsnpr.com/estadisticas/lideres.asp,2026-09-08T03:54:00Z
2020,rebotes,per_game,4,"Bass, Paris",Atleticos,3,42,,,22,20,14.0,False,Serie Regular,2020-06-01,regular-season leader board as of 2020-06-01; season in progress at capture — provisional,single-source,wayback_bsnpr,https://web.archive.org/web/20200601011614id_/https://www.bsnpr.com/estadisticas/lideres.asp,2026-09-08T03:54:00Z
2020,rebotes,per_game,5,"Ashley, Brandon",Indios,4,41,,,29,12,10.2,False,Serie Regular,2020-06-01,regular-season leader board as of 2020-06-01; season in progress at capture — provisional,single-source,wayback_bsnpr,https://web.archive.org/web/20200601011614id_/https://www.bsnpr.com/estadisticas/lideres.asp,2026-09-08T03:54:00Z
2020,rebotes,per_game,6,"Daniels, Will",Brujos,6,38,,,27,11,6.3,False,Serie Regular,2020-06-01,regular-season leader board as of 2020-06-01; season in progress at capture — provisional,single-source,wayback_bsnpr,https://web.archive.org/web/20200601011614id_/https://www.bsnpr.com/estadisticas/lideres.asp,2026-09-08T03:54:00Z
2020,rebotes,per_game,7,"Gaston, Chris",Atleticos,5,37,,,25,12,7.4,False,Serie Regular,2020-06-01,regular-season leader board as of 2020-06-01; season in progress at capture — provisional,single-source,wayback_bsnpr,https://web.archive.org/web/20200601011614id_/https://www.bsnpr.com/estadisticas/lideres.asp,2026-09-08T03:54:00Z
2020,rebotes,per_game,8,"Branch, Onzie",Atleticos,5,36,,,19,17,7.2,False,Serie Regular,2020-06-01,regular-season leader board as of 2020-06-01; season in progress at capture — provisional,single-source,wayback_bsnpr,https://web.archive.org/web/20200601011614id_/https://www.bsnpr.com/estadisticas/lideres.asp,2026-09-08T03:54:00Z
2020,rebotes,per_game,9,"Terry, Reyshawn",Vaqueros,5,36,,,25,11,7.2,False,Serie Regular,2020-06-01,regular-season leader board as of 2020-06-01; season in progress at capture — provisional,single-source,wayback_bsnpr,https://web.archive.org/web/20200601011614id_/https://www.bsnpr.com/estadisticas/lideres.asp,2026-09-08T03:54:00Z
2020,rebotes,per_game,10,"Reese, Derek",Cariduros,3,35,,,26,9,11.7,False,Serie Regular,2020-06-01,regular-season leader board as of 2020-06-01; season in progress at capture — provisional,single-source,wayback_bsnpr,https://web.archive.org/web/20200601011614id_/https://www.bsnpr.com/estadisticas/lideres.asp,2026-09-08T03:54:00Z
2020,rebotes_ofensivos,per_game,1,"McCauley, Ben",Brujos,6,21,,,,,3.5,False,Serie Regular,2020-06-01,regular-season leader board as of 2020-06-01; season in progress at capture — provisional,single-source,wayback_bsnpr,https://web.archive.org/web/20200601011614id_/https://www.bsnpr.com/estadisticas/lideres.asp,2026-09-08T03:54:00Z
2020,rebotes_ofensivos,per_game,2,"Bass, Paris",Atleticos,3,20,,,,,6.7,False,Serie Regular,2020-06-01,regular-season leader board as of 2020-06-01; season in progress at capture — provisional,single-source,wayback_bsnpr,https://web.archive.org/web/20200601011614id_/https://www.bsnpr.com/estadisticas/lideres.asp,2026-09-08T03:54:00Z
2020,rebotes_ofensivos,per_game,3,"Elonu, Chinemelu",Capitanes,4,18,,,,,4.5,False,Serie Regular,2020-06-01,regular-season leader board as of 2020-06-01; season in progress at capture — provisional,single-source,wayback_bsnpr,https://web.archive.org/web/20200601011614id_/https://www.bsnpr.com/estadisticas/lideres.asp,2026-09-08T03:54:00Z
2020,rebotes_ofensivos,per_game,4,"Branch, Onzie",Atleticos,5,17,,,,,3.4,False,Serie Regular,2020-06-01,regular-season leader board as of 2020-06-01; season in progress at capture — provisional,single-source,wayback_bsnpr,https://web.archive.org/web/20200601011614id_/https://www.bsnpr.com/estadisticas/lideres.asp,2026-09-08T03:54:00Z
2020,rebotes_ofensivos,per_game,5,"Rodriguez, Wilfredo '",Capitanes,4,15,,,,,3.8,False,Serie Regular,2020-06-01,regular-season leader board as of 2020-06-01; season in progress at capture — provisional,single-source,wayback_bsnpr,https://web.archive.org/web/20200601011614id_/https://www.bsnpr.com/estadisticas/lideres.asp,2026-09-08T03:54:00Z
2020,rebotes_ofensivos,per_game,6,"Gaston, Chris",Atleticos,5,12,,,,,2.4,False,Serie Regular,2020-06-01,regular-season leader board as of 2020-06-01; season in progress at capture — provisional,single-source,wayback_bsnpr,https://web.archive.org/web/20200601011614id_/https://www.bsnpr.com/estadisticas/lideres.asp,2026-09-08T03:54:00Z
2020,rebotes_ofensivos,per_game,7,"Ashley, Brandon",Indios,4,12,,,,,3.0,False,Serie Regular,2020-06-01,regular-season leader board as of 2020-06-01; season in progress at capture — provisional,single-source,wayback_bsnpr,https://web.archive.org/web/20200601011614id_/https://www.bsnpr.com/estadisticas/lideres.asp,2026-09-08T03:54:00Z
2020,rebotes_ofensivos,per_game,8,"Austin, Isaiah",Mets,4,12,,,,,3.0,False,Serie Regular,2020-06-01,regular-season leader board as of 2020-06-01; season in progress at capture — provisional,single-source,wayback_bsnpr,https://web.archive.org/web/20200601011614id_/https://www.bsnpr.com/estadisticas/lideres.asp,2026-09-08T03:54:00Z
2020,rebotes_ofensivos,per_game,9,"Daniels, Will",Brujos,6,11,,,,,1.8,False,Serie Regular,2020-06-01,regular-season leader board as of 2020-06-01; season in progress at capture — provisional,single-source,wayback_bsnpr,https://web.archive.org/web/20200601011614id_/https://www.bsnpr.com/estadisticas/lideres.asp,2026-09-08T03:54:00Z
2020,rebotes_ofensivos,per_game,10,"Terry, Reyshawn",Vaqueros,5,11,,,,,2.2,False,Serie Regular,2020-06-01,regular-season leader board as of 2020-06-01; season in progress at capture — provisional,single-source,wayback_bsnpr,https://web.archive.org/web/20200601011614id_/https://www.bsnpr.com/estadisticas/lideres.asp,2026-09-08T03:54:00Z
2020,tiros_libres_anotados,per_game,1,"Smith, Russ",Cariduros,3,26,,,,,8.7,False,Serie Regular,2020-06-01,regular-season leader board as of 2020-06-01; season in progress at capture — provisional,single-source,wayback_bsnpr,https://web.archive.org/web/20200601011614id_/https://www.bsnpr.com/estadisticas/lideres.asp,2026-09-08T03:54:00Z
2020,tiros_libres_anotados,per_game,2,"Bass, Paris",Atleticos,3,22,,,,,7.3,False,Serie Regular,2020-06-01,regular-season leader board as of 2020-06-01; season in progress at capture — provisional,single-source,wayback_bsnpr,https://web.archive.org/web/20200601011614id_/https://www.bsnpr.com/estadisticas/lideres.asp,2026-09-08T03:54:00Z
2020,tiros_libres_anotados,per_game,3,"Daniels, Will",Brujos,6,21,,,,,3.5,False,Serie Regular,2020-06-01,regular-season leader board as of 2020-06-01; season in progress at capture — provisional,single-source,wayback_bsnpr,https://web.archive.org/web/20200601011614id_/https://www.bsnpr.com/estadisticas/lideres.asp,2026-09-08T03:54:00Z
2020,tiros_libres_anotados,per_game,4,"Patterson, Lamar",Piratas,4,21,,,,,5.2,False,Serie Regular,2020-06-01,regular-season leader board as of 2020-06-01; season in progress at capture — provisional,single-source,wayback_bsnpr,https://web.archive.org/web/20200601011614id_/https://www.bsnpr.com/estadisticas/lideres.asp,2026-09-08T03:54:00Z
2020,tiros_libres_anotados,per_game,5,"Terry, Reyshawn",Vaqueros,5,19,,,,,3.8,False,Serie Regular,2020-06-01,regular-season leader board as of 2020-06-01; season in progress at capture — provisional,single-source,wayback_bsnpr,https://web.archive.org/web/20200601011614id_/https://www.bsnpr.com/estadisticas/lideres.asp,2026-09-08T03:54:00Z
2020,tiros_libres_anotados,per_game,6,"Rodriguez, Jose G.",Brujos,6,17,,,,,2.8,False,Serie Regular,2020-06-01,regular-season leader board as of 2020-06-01; season in progress at capture — provisional,single-source,wayback_bsnpr,https://web.archive.org/web/20200601011614id_/https://www.bsnpr.com/estadisticas/lideres.asp,2026-09-08T03:54:00Z
2020,tiros_libres_anotados,per_game,7,"Suero, Gerardo",Cariduros,3,17,,,,,5.7,False,Serie Regular,2020-06-01,regular-season leader board as of 2020-06-01; season in progress at capture — provisional,single-source,wayback_bsnpr,https://web.archive.org/web/20200601011614id_/https://www.bsnpr.com/estadisticas/lideres.asp,2026-09-08T03:54:00Z
2020,tiros_libres_anotados,per_game,8,"Mojica, Javier",Vaqueros,5,16,,,,,3.2,False,Serie Regular,2020-06-01,regular-season leader board as of 2020-06-01; season in progress at capture — provisional,single-source,wayback_bsnpr,https://web.archive.org/web/20200601011614id_/https://www.bsnpr.com/estadisticas/lideres.asp,2026-09-08T03:54:00Z
2020,tiros_libres_anotados,per_game,9,"Vassallo, Ángel Dani",Leones,3,15,,,,,5.0,False,Serie Regular,2020-06-01,regular-season leader board as of 2020-06-01; season in progress at capture — provisional,single-source,wayback_bsnpr,https://web.archive.org/web/20200601011614id_/https://www.bsnpr.com/estadisticas/lideres.asp,2026-09-08T03:54:00Z
2020,tiros_libres_anotados,per_game,10,"Gaston, Chris",Atleticos,5,13,,,,,2.6,False,Serie Regular,2020-06-01,regular-season leader board as of 2020-06-01; season in progress at capture — provisional,single-source,wayback_bsnpr,https://web.archive.org/web/20200601011614id_/https://www.bsnpr.com/estadisticas/lideres.asp,2026-09-08T03:54:00Z
2020,tiros_libres_pct,percentage,1,"Fernández, Tjader",Atleticos,5,,8,8,,,100.0,False,Serie Regular,2020-06-01,regular-season leader board as of 2020-06-01; season in progress at capture — provisional,single-source,wayback_bsnpr,https://web.archive.org/web/20200601011614id_/https://www.bsnpr.com/estadisticas/lideres.asp,2026-09-08T03:54:00Z
2020,tiros_libres_pct,percentage,2,"Rivera, Carlos Rub",Leones,3,,7,7,,,100.0,False,Serie Regular,2020-06-01,regular-season leader board as of 2020-06-01; season in progress at capture — provisional,single-source,wayback_bsnpr,https://web.archive.org/web/20200601011614id_/https://www.bsnpr.com/estadisticas/lideres.asp,2026-09-08T03:54:00Z
2020,tiros_libres_pct,percentage,3,"Cintrón, Raymond",Capitanes,4,,6,6,,,100.0,False,Serie Regular,2020-06-01,regular-season leader board as of 2020-06-01; season in progress at capture — provisional,single-source,wayback_bsnpr,https://web.archive.org/web/20200601011614id_/https://www.bsnpr.com/estadisticas/lideres.asp,2026-09-08T03:54:00Z
2020,tiros_libres_pct,percentage,4,"Clarke, Coty",Piratas,4,,6,6,,,100.0,False,Serie Regular,2020-06-01,regular-season leader board as of 2020-06-01; season in progress at capture — provisional,single-source,wayback_bsnpr,https://web.archive.org/web/20200601011614id_/https://www.bsnpr.com/estadisticas/lideres.asp,2026-09-08T03:54:00Z
2020,tiros_libres_pct,percentage,5,"Vassallo, Ángel Dani",Leones,3,,15,16,,,93.8,False,Serie Regular,2020-06-01,regular-season leader board as of 2020-06-01; season in progress at capture — provisional,single-source,wayback_bsnpr,https://web.archive.org/web/20200601011614id_/https://www.bsnpr.com/estadisticas/lideres.asp,2026-09-08T03:54:00Z
2020,tiros_libres_pct,percentage,6,"Rodríguez, Jonathan",Santeros,4,,10,11,,,90.9,False,Serie Regular,2020-06-01,regular-season leader board as of 2020-06-01; season in progress at capture — provisional,single-source,wayback_bsnpr,https://web.archive.org/web/20200601011614id_/https://www.bsnpr.com/estadisticas/lideres.asp,2026-09-08T03:54:00Z
2020,tiros_libres_pct,percentage,7,"Penn, Kleon",Brujos,6,,9,10,,,90.0,False,Serie Regular,2020-06-01,regular-season leader board as of 2020-06-01; season in progress at capture — provisional,single-source,wayback_bsnpr,https://web.archive.org/web/20200601011614id_/https://www.bsnpr.com/estadisticas/lideres.asp,2026-09-08T03:54:00Z
2020,tiros_libres_pct,percentage,8,"Mojica, Javier",Vaqueros,5,,16,18,,,88.9,False,Serie Regular,2020-06-01,regular-season leader board as of 2020-06-01; season in progress at capture — provisional,single-source,wayback_bsnpr,https://web.archive.org/web/20200601011614id_/https://www.bsnpr.com/estadisticas/lideres.asp,2026-09-08T03:54:00Z
2020,tiros_libres_pct,percentage,9,"Berdiel, Miguel 'Al",Mets,4,,8,9,,,88.9,False,Serie Regular,2020-06-01,regular-season leader board as of 2020-06-01; season in progress at capture — provisional,single-source,wayback_bsnpr,https://web.archive.org/web/20200601011614id_/https://www.bsnpr.com/estadisticas/lideres.asp,2026-09-08T03:54:00Z
2020,tiros_libres_pct,percentage,10,"Brady, Chris",Santeros,4,,7,8,,,87.5,False,Serie Regular,2020-06-01,regular-season leader board as of 2020-06-01; season in progress at capture — provisional,single-source,wayback_bsnpr,https://web.archive.org/web/20200601011614id_/https://www.bsnpr.com/estadisticas/lideres.asp,2026-09-08T03:54:00Z
2020,turnovers,per_game,1,"Patterson, Lamar",Piratas,4,21,,,,,5.2,False,Serie Regular,2020-06-01,regular-season leader board as of 2020-06-01; season in progress at capture — provisional,single-source,wayback_bsnpr,https://web.archive.org/web/20200601011614id_/https://www.bsnpr.com/estadisticas/lideres.asp,2026-09-08T03:54:00Z
2020,turnovers,per_game,2,"Austin, Isaiah",Mets,4,15,,,,,3.8,False,Serie Regular,2020-06-01,regular-season leader board as of 2020-06-01; season in progress at capture — provisional,single-source,wayback_bsnpr,https://web.archive.org/web/20200601011614id_/https://www.bsnpr.com/estadisticas/lideres.asp,2026-09-08T03:54:00Z
2020,turnovers,per_game,3,"Rodriguez, Jose G.",Brujos,6,14,,,,,2.3,False,Serie Regular,2020-06-01,regular-season leader board as of 2020-06-01; season in progress at capture — provisional,single-source,wayback_bsnpr,https://web.archive.org/web/20200601011614id_/https://www.bsnpr.com/estadisticas/lideres.asp,2026-09-08T03:54:00Z
2020,turnovers,per_game,4,"Tyler, Jeremy",Indios,4,13,,,,,3.2,False,Serie Regular,2020-06-01,regular-season leader board as of 2020-06-01; season in progress at capture — provisional,single-source,wayback_bsnpr,https://web.archive.org/web/20200601011614id_/https://www.bsnpr.com/estadisticas/lideres.asp,2026-09-08T03:54:00Z
2020,turnovers,per_game,5,"Belardo, Gabriel J.",Brujos,6,12,,,,,2.0,False,Serie Regular,2020-06-01,regular-season leader board as of 2020-06-01; season in progress at capture — provisional,single-source,wayback_bsnpr,https://web.archive.org/web/20200601011614id_/https://www.bsnpr.com/estadisticas/lideres.asp,2026-09-08T03:54:00Z
2020,turnovers,per_game,6,"Mojica, Javier",Vaqueros,5,12,,,,,2.4,False,Serie Regular,2020-06-01,regular-season leader board as of 2020-06-01; season in progress at capture — provisional,single-source,wayback_bsnpr,https://web.archive.org/web/20200601011614id_/https://www.bsnpr.com/estadisticas/lideres.asp,2026-09-08T03:54:00Z
2020,turnovers,per_game,7,"Fernández, Tjader",Atleticos,5,12,,,,,2.4,False,Serie Regular,2020-06-01,regular-season leader board as of 2020-06-01; season in progress at capture — provisional,single-source,wayback_bsnpr,https://web.archive.org/web/20200601011614id_/https://www.bsnpr.com/estadisticas/lideres.asp,2026-09-08T03:54:00Z
2020,turnovers,per_game,8,"Howard, Jordan",Brujos,5,12,,,,,2.4,False,Serie Regular,2020-06-01,regular-season leader board as of 2020-06-01; season in progress at capture — provisional,single-source,wayback_bsnpr,https://web.archive.org/web/20200601011614id_/https://www.bsnpr.com/estadisticas/lideres.asp,2026-09-08T03:54:00Z
2020,turnovers,per_game,9,"Akindele, Jeleel",Vaqueros,5,11,,,,,2.2,False,Serie Regular,2020-06-01,regular-season leader board as of 2020-06-01; season in progress at capture — provisional,single-source,wayback_bsnpr,https://web.archive.org/web/20200601011614id_/https://www.bsnpr.com/estadisticas/lideres.asp,2026-09-08T03:54:00Z
2020,turnovers,per_game,10,"Terry, Reyshawn",Vaqueros,5,11,,,,,2.2,False,Serie Regular,2020-06-01,regular-season leader board as of 2020-06-01; season in progress at capture — provisional,single-source,wayback_bsnpr,https://web.archive.org/web/20200601011614id_/https://www.bsnpr.com/estadisticas/lideres.asp,2026-09-08T03:54:00Z
2021,anotaciones,per_game,1,"Bass, Paris",Atleticos,32,725,,,,,22.7,True,Serie Regular,2021-10-26,regular-season leader board as of 2021-10-26,single-source,wayback_bsnpr,https://web.archive.org/web/20211026051849id_/https://www.bsnpr.com/estadisticas/lideres.asp?anio=2021&liga=1&serie=1&grupo=BS26&B1=Ver,2026-09-08T03:54:04Z
2021,anotaciones,per_game,2,"Stockton, David",Mets,32,675,,,,,21.1,True,Serie Regular,2021-10-26,regular-season leader board as of 2021-10-26,single-source,wayback_bsnpr,https://web.archive.org/web/20211026051849id_/https://www.bsnpr.com/estadisticas/lideres.asp?anio=2021&liga=1&serie=1&grupo=BS26&B1=Ver,2026-09-08T03:54:04Z
2021,anotaciones,per_game,3,"Holloway, Terrell 'T",Piratas,31,647,,,,,20.9,True,Serie Regular,2021-10-26,regular-season leader board as of 2021-10-26,single-source,wayback_bsnpr,https://web.archive.org/web/20211026051849id_/https://www.bsnpr.com/estadisticas/lideres.asp?anio=2021&liga=1&serie=1&grupo=BS26&B1=Ver,2026-09-08T03:54:04Z
2021,anotaciones,per_game,4,"De Jesús, Jezreel",Capitanes,32,594,,,,,18.6,True,Serie Regular,2021-10-26,regular-season leader board as of 2021-10-26,single-source,wayback_bsnpr,https://web.archive.org/web/20211026051849id_/https://www.bsnpr.com/estadisticas/lideres.asp?anio=2021&liga=1&serie=1&grupo=BS26&B1=Ver,2026-09-08T03:54:04Z
2021,anotaciones,per_game,5,"Aminu, Alade",Atleticos,31,545,,,,,17.6,True,Serie Regular,2021-10-26,regular-season leader board as of 2021-10-26,single-source,wayback_bsnpr,https://web.archive.org/web/20211026051849id_/https://www.bsnpr.com/estadisticas/lideres.asp?anio=2021&liga=1&serie=1&grupo=BS26&B1=Ver,2026-09-08T03:54:04Z
2021,anotaciones,per_game,6,"Hodge Jr., Walter",Capitanes,30,534,,,,,17.8,True,Serie Regular,2021-10-26,regular-season leader board as of 2021-10-26,single-source,wayback_bsnpr,https://web.archive.org/web/20211026051849id_/https://www.bsnpr.com/estadisticas/lideres.asp?anio=2021&liga=1&serie=1&grupo=BS26&B1=Ver,2026-09-08T03:54:04Z
2021,anotaciones,per_game,7,"Robinson, Thomas",Cangrejeros,30,511,,,,,17.0,True,Serie Regular,2021-10-26,regular-season leader board as of 2021-10-26,single-source,wayback_bsnpr,https://web.archive.org/web/20211026051849id_/https://www.bsnpr.com/estadisticas/lideres.asp?anio=2021&liga=1&serie=1&grupo=BS26&B1=Ver,2026-09-08T03:54:04Z
2021,anotaciones,per_game,8,"Bishop, Tony",Cangrejeros,31,495,,,,,16.0,True,Serie Regular,2021-10-26,regular-season leader board as of 2021-10-26,single-source,wayback_bsnpr,https://web.archive.org/web/20211026051849id_/https://www.bsnpr.com/estadisticas/lideres.asp?anio=2021&liga=1&serie=1&grupo=BS26&B1=Ver,2026-09-08T03:54:04Z
2021,anotaciones,per_game,9,"Rudd, Victor",Cariduros,27,484,,,,,17.9,True,Serie Regular,2021-10-26,regular-season leader board as of 2021-10-26,single-source,wayback_bsnpr,https://web.archive.org/web/20211026051849id_/https://www.bsnpr.com/estadisticas/lideres.asp?anio=2021&liga=1&serie=1&grupo=BS26&B1=Ver,2026-09-08T03:54:04Z
2021,anotaciones,per_game,10,"Martínez, Wil",Gigantes,29,477,,,,,16.4,True,Serie Regular,2021-10-26,regular-season leader board as of 2021-10-26,single-source,wayback_bsnpr,https://web.archive.org/web/20211026051849id_/https://www.bsnpr.com/estadisticas/lideres.asp?anio=2021&liga=1&serie=1&grupo=BS26&B1=Ver,2026-09-08T03:54:04Z
2021,asistencias,per_game,1,"Stockton, David",Mets,32,238,,,,,7.4,True,Serie Regular,2021-10-26,regular-season leader board as of 2021-10-26,single-source,wayback_bsnpr,https://web.archive.org/web/20211026051849id_/https://www.bsnpr.com/estadisticas/lideres.asp?anio=2021&liga=1&serie=1&grupo=BS26&B1=Ver,2026-09-08T03:54:04Z
2021,asistencias,per_game,2,"Holloway, Terrell 'T",Piratas,31,207,,,,,6.7,True,Serie Regular,2021-10-26,regular-season leader board as of 2021-10-26,single-source,wayback_bsnpr,https://web.archive.org/web/20211026051849id_/https://www.bsnpr.com/estadisticas/lideres.asp?anio=2021&liga=1&serie=1&grupo=BS26&B1=Ver,2026-09-08T03:54:04Z
2021,asistencias,per_game,3,"Rodriguez, Angel Dani",Vaqueros,24,202,,,,,8.4,True,Serie Regular,2021-10-26,regular-season leader board as of 2021-10-26,single-source,wayback_bsnpr,https://web.archive.org/web/20211026051849id_/https://www.bsnpr.com/estadisticas/lideres.asp?anio=2021&liga=1&serie=1&grupo=BS26&B1=Ver,2026-09-08T03:54:04Z
2021,asistencias,per_game,4,"Pizarro, Christian",Indios,32,184,,,,,5.8,True,Serie Regular,2021-10-26,regular-season leader board as of 2021-10-26,single-source,wayback_bsnpr,https://web.archive.org/web/20211026051849id_/https://www.bsnpr.com/estadisticas/lideres.asp?anio=2021&liga=1&serie=1&grupo=BS26&B1=Ver,2026-09-08T03:54:04Z
2021,asistencias,per_game,5,"Fernández, Tjader",Atleticos,32,183,,,,,5.7,True,Serie Regular,2021-10-26,regular-season leader board as of 2021-10-26,single-source,wayback_bsnpr,https://web.archive.org/web/20211026051849id_/https://www.bsnpr.com/estadisticas/lideres.asp?anio=2021&liga=1&serie=1&grupo=BS26&B1=Ver,2026-09-08T03:54:04Z
2021,asistencias,per_game,6,"Hodge Jr., Walter",Capitanes,30,183,,,,,6.1,True,Serie Regular,2021-10-26,regular-season leader board as of 2021-10-26,single-source,wayback_bsnpr,https://web.archive.org/web/20211026051849id_/https://www.bsnpr.com/estadisticas/lideres.asp?anio=2021&liga=1&serie=1&grupo=BS26&B1=Ver,2026-09-08T03:54:04Z
2021,asistencias,per_game,7,"Abreu, Álex",Cariduros,32,159,,,,,5.0,True,Serie Regular,2021-10-26,regular-season leader board as of 2021-10-26,single-source,wayback_bsnpr,https://web.archive.org/web/20211026051849id_/https://www.bsnpr.com/estadisticas/lideres.asp?anio=2021&liga=1&serie=1&grupo=BS26&B1=Ver,2026-09-08T03:54:04Z
2021,asistencias,per_game,8,"Bass, Paris",Atleticos,32,152,,,,,4.8,True,Serie Regular,2021-10-26,regular-season leader board as of 2021-10-26,single-source,wayback_bsnpr,https://web.archive.org/web/20211026051849id_/https://www.bsnpr.com/estadisticas/lideres.asp?anio=2021&liga=1&serie=1&grupo=BS26&B1=Ver,2026-09-08T03:54:04Z
2021,asistencias,per_game,9,"Rolón, Tyquan",Mets,32,146,,,,,4.6,True,Serie Regular,2021-10-26,regular-season leader board as of 2021-10-26,single-source,wayback_bsnpr,https://web.archive.org/web/20211026051849id_/https://www.bsnpr.com/estadisticas/lideres.asp?anio=2021&liga=1&serie=1&grupo=BS26&B1=Ver,2026-09-08T03:54:04Z
2021,asistencias,per_game,10,"Renfroe, Alex",Leones,22,146,,,,,6.6,True,Serie Regular,2021-10-26,regular-season leader board as of 2021-10-26,single-source,wayback_bsnpr,https://web.archive.org/web/20211026051849id_/https://www.bsnpr.com/estadisticas/lideres.asp?anio=2021&liga=1&serie=1&grupo=BS26&B1=Ver,2026-09-08T03:54:04Z
2021,bloqueos,per_game,1,"Elonu, Chinemelu",Capitanes,32,55,,,,,1.719,True,Serie Regular,2021-10-26,regular-season leader board as of 2021-10-26,single-source,wayback_bsnpr,https://web.archive.org/web/20211026051849id_/https://www.bsnpr.com/estadisticas/lideres.asp?anio=2021&liga=1&serie=1&grupo=BS26&B1=Ver,2026-09-08T03:54:04Z
2021,bloqueos,per_game,2,"Díaz, Jorge Bria",Piratas,30,30,,,,,1.0,True,Serie Regular,2021-10-26,regular-season leader board as of 2021-10-26,single-source,wayback_bsnpr,https://web.archive.org/web/20211026051849id_/https://www.bsnpr.com/estadisticas/lideres.asp?anio=2021&liga=1&serie=1&grupo=BS26&B1=Ver,2026-09-08T03:54:04Z
2021,bloqueos,per_game,3,"Bass, Paris",Atleticos,32,28,,,,,0.875,True,Serie Regular,2021-10-26,regular-season leader board as of 2021-10-26,single-source,wayback_bsnpr,https://web.archive.org/web/20211026051849id_/https://www.bsnpr.com/estadisticas/lideres.asp?anio=2021&liga=1&serie=1&grupo=BS26&B1=Ver,2026-09-08T03:54:04Z
2021,bloqueos,per_game,4,"Aminu, Alade",Atleticos,31,28,,,,,0.903,True,Serie Regular,2021-10-26,regular-season leader board as of 2021-10-26,single-source,wayback_bsnpr,https://web.archive.org/web/20211026051849id_/https://www.bsnpr.com/estadisticas/lideres.asp?anio=2021&liga=1&serie=1&grupo=BS26&B1=Ver,2026-09-08T03:54:04Z
2021,bloqueos,per_game,5,"Murphy, Jordan",Leones,30,27,,,,,0.9,True,Serie Regular,2021-10-26,regular-season leader board as of 2021-10-26,single-source,wayback_bsnpr,https://web.archive.org/web/20211026051849id_/https://www.bsnpr.com/estadisticas/lideres.asp?anio=2021&liga=1&serie=1&grupo=BS26&B1=Ver,2026-09-08T03:54:04Z
2021,bloqueos,per_game,6,"Robinson, Thomas",Cangrejeros,30,25,,,,,0.833,True,Serie Regular,2021-10-26,regular-season leader board as of 2021-10-26,single-source,wayback_bsnpr,https://web.archive.org/web/20211026051849id_/https://www.bsnpr.com/estadisticas/lideres.asp?anio=2021&liga=1&serie=1&grupo=BS26&B1=Ver,2026-09-08T03:54:04Z
2021,bloqueos,per_game,7,"Nuñez, Angel",Mets,21,24,,,,,1.143,True,Serie Regular,2021-10-26,regular-season leader board as of 2021-10-26,single-source,wayback_bsnpr,https://web.archive.org/web/20211026051849id_/https://www.bsnpr.com/estadisticas/lideres.asp?anio=2021&liga=1&serie=1&grupo=BS26&B1=Ver,2026-09-08T03:54:04Z
2021,bloqueos,per_game,8,"Bishop, Tony",Cangrejeros,31,23,,,,,0.742,True,Serie Regular,2021-10-26,regular-season leader board as of 2021-10-26,single-source,wayback_bsnpr,https://web.archive.org/web/20211026051849id_/https://www.bsnpr.com/estadisticas/lideres.asp?anio=2021&liga=1&serie=1&grupo=BS26&B1=Ver,2026-09-08T03:54:04Z
2021,bloqueos,per_game,9,"Thompson, Deon",Leones,27,21,,,,,0.778,True,Serie Regular,2021-10-26,regular-season leader board as of 2021-10-26,single-source,wayback_bsnpr,https://web.archive.org/web/20211026051849id_/https://www.bsnpr.com/estadisticas/lideres.asp?anio=2021&liga=1&serie=1&grupo=BS26&B1=Ver,2026-09-08T03:54:04Z
2021,bloqueos,per_game,10,"Rivera, Félix",Grises,32,20,,,,,0.625,True,Serie Regular,2021-10-26,regular-season leader board as of 2021-10-26,single-source,wayback_bsnpr,https://web.archive.org/web/20211026051849id_/https://www.bsnpr.com/estadisticas/lideres.asp?anio=2021&liga=1&serie=1&grupo=BS26&B1=Ver,2026-09-08T03:54:04Z
2021,canastos_3,per_game,1,"Sosa, Isaac",Cangrejeros,31,86,,,,,2.8,True,Serie Regular,2021-10-26,regular-season leader board as of 2021-10-26,single-source,wayback_bsnpr,https://web.archive.org/web/20211026051849id_/https://www.bsnpr.com/estadisticas/lideres.asp?anio=2021&liga=1&serie=1&grupo=BS26&B1=Ver,2026-09-08T03:54:04Z
2021,canastos_3,per_game,2,"Martínez, Wil",Gigantes,29,81,,,,,2.8,True,Serie Regular,2021-10-26,regular-season leader board as of 2021-10-26,single-source,wayback_bsnpr,https://web.archive.org/web/20211026051849id_/https://www.bsnpr.com/estadisticas/lideres.asp?anio=2021&liga=1&serie=1&grupo=BS26&B1=Ver,2026-09-08T03:54:04Z
2021,canastos_3,per_game,3,"Stockton, David",Mets,32,80,,,,,2.5,True,Serie Regular,2021-10-26,regular-season leader board as of 2021-10-26,single-source,wayback_bsnpr,https://web.archive.org/web/20211026051849id_/https://www.bsnpr.com/estadisticas/lideres.asp?anio=2021&liga=1&serie=1&grupo=BS26&B1=Ver,2026-09-08T03:54:04Z
2021,canastos_3,per_game,4,"Santiago, Jr., Benito",,29,79,,,,,2.7,True,Serie Regular,2021-10-26,regular-season leader board as of 2021-10-26,single-source,wayback_bsnpr,https://web.archive.org/web/20211026051849id_/https://www.bsnpr.com/estadisticas/lideres.asp?anio=2021&liga=1&serie=1&grupo=BS26&B1=Ver,2026-09-08T03:54:04Z
2021,canastos_3,per_game,5,"Rudd, Victor",Cariduros,27,71,,,,,2.6,True,Serie Regular,2021-10-26,regular-season leader board as of 2021-10-26,single-source,wayback_bsnpr,https://web.archive.org/web/20211026051849id_/https://www.bsnpr.com/estadisticas/lideres.asp?anio=2021&liga=1&serie=1&grupo=BS26&B1=Ver,2026-09-08T03:54:04Z
2021,canastos_3,per_game,6,"Hodge Jr., Walter",Capitanes,30,69,,,,,2.3,True,Serie Regular,2021-10-26,regular-season leader board as of 2021-10-26,single-source,wayback_bsnpr,https://web.archive.org/web/20211026051849id_/https://www.bsnpr.com/estadisticas/lideres.asp?anio=2021&liga=1&serie=1&grupo=BS26&B1=Ver,2026-09-08T03:54:04Z
2021,canastos_3,per_game,7,"Holloway, Terrell 'T",Piratas,31,68,,,,,2.2,True,Serie Regular,2021-10-26,regular-season leader board as of 2021-10-26,single-source,wayback_bsnpr,https://web.archive.org/web/20211026051849id_/https://www.bsnpr.com/estadisticas/lideres.asp?anio=2021&liga=1&serie=1&grupo=BS26&B1=Ver,2026-09-08T03:54:04Z
2021,canastos_3,per_game,8,"Rosario, Mike",Piratas,28,66,,,,,2.4,True,Serie Regular,2021-10-26,regular-season leader board as of 2021-10-26,single-source,wayback_bsnpr,https://web.archive.org/web/20211026051849id_/https://www.bsnpr.com/estadisticas/lideres.asp?anio=2021&liga=1&serie=1&grupo=BS26&B1=Ver,2026-09-08T03:54:04Z
2021,canastos_3,per_game,9,"Fernández, Tjader",Atleticos,32,63,,,,,2.0,True,Serie Regular,2021-10-26,regular-season leader board as of 2021-10-26,single-source,wayback_bsnpr,https://web.archive.org/web/20211026051849id_/https://www.bsnpr.com/estadisticas/lideres.asp?anio=2021&liga=1&serie=1&grupo=BS26&B1=Ver,2026-09-08T03:54:04Z
2021,canastos_3,per_game,10,"Paige, Jaysean",Indios,32,63,,,,,2.0,True,Serie Regular,2021-10-26,regular-season leader board as of 2021-10-26,single-source,wayback_bsnpr,https://web.archive.org/web/20211026051849id_/https://www.bsnpr.com/estadisticas/lideres.asp?anio=2021&liga=1&serie=1&grupo=BS26&B1=Ver,2026-09-08T03:54:04Z
2021,canastos_3_pct,percentage,1,"Reyes, Justin",Indios,20,,18,33,,,54.5,True,Serie Regular,2021-10-26,regular-season leader board as of 2021-10-26,single-source,wayback_bsnpr,https://web.archive.org/web/20211026051849id_/https://www.bsnpr.com/estadisticas/lideres.asp?anio=2021&liga=1&serie=1&grupo=BS26&B1=Ver,2026-09-08T03:54:04Z
2021,canastos_3_pct,percentage,2,"Han, Francis Jo",Mets,27,,47,92,,,51.1,True,Serie Regular,2021-10-26,regular-season leader board as of 2021-10-26,single-source,wayback_bsnpr,https://web.archive.org/web/20211026051849id_/https://www.bsnpr.com/estadisticas/lideres.asp?anio=2021&liga=1&serie=1&grupo=BS26&B1=Ver,2026-09-08T03:54:04Z
2021,canastos_3_pct,percentage,3,"Maura, Kevin 'K.J",Cariduros,31,,24,47,,,51.1,True,Serie Regular,2021-10-26,regular-season leader board as of 2021-10-26,single-source,wayback_bsnpr,https://web.archive.org/web/20211026051849id_/https://www.bsnpr.com/estadisticas/lideres.asp?anio=2021&liga=1&serie=1&grupo=BS26&B1=Ver,2026-09-08T03:54:04Z
2021,canastos_3_pct,percentage,4,"Duran, Cliff",Vaqueros,15,,21,43,,,48.8,True,Serie Regular,2021-10-26,regular-season leader board as of 2021-10-26,single-source,wayback_bsnpr,https://web.archive.org/web/20211026051849id_/https://www.bsnpr.com/estadisticas/lideres.asp?anio=2021&liga=1&serie=1&grupo=BS26&B1=Ver,2026-09-08T03:54:04Z
2021,canastos_3_pct,percentage,5,"Rodríguez, Jonathan",Cariduros,31,,47,99,,,47.5,True,Serie Regular,2021-10-26,regular-season leader board as of 2021-10-26,single-source,wayback_bsnpr,https://web.archive.org/web/20211026051849id_/https://www.bsnpr.com/estadisticas/lideres.asp?anio=2021&liga=1&serie=1&grupo=BS26&B1=Ver,2026-09-08T03:54:04Z
2021,canastos_3_pct,percentage,6,"Rodriguez, Jose G.",Piratas,15,,26,56,,,46.4,True,Serie Regular,2021-10-26,regular-season leader board as of 2021-10-26,single-source,wayback_bsnpr,https://web.archive.org/web/20211026051849id_/https://www.bsnpr.com/estadisticas/lideres.asp?anio=2021&liga=1&serie=1&grupo=BS26&B1=Ver,2026-09-08T03:54:04Z
2021,canastos_3_pct,percentage,7,"Cruz, Ismael Yom",Leones,30,,54,117,,,46.2,True,Serie Regular,2021-10-26,regular-season leader board as of 2021-10-26,single-source,wayback_bsnpr,https://web.archive.org/web/20211026051849id_/https://www.bsnpr.com/estadisticas/lideres.asp?anio=2021&liga=1&serie=1&grupo=BS26&B1=Ver,2026-09-08T03:54:04Z
2021,canastos_3_pct,percentage,8,"Ortiz, Jose",Gigantes,27,,28,61,,,45.9,True,Serie Regular,2021-10-26,regular-season leader board as of 2021-10-26,single-source,wayback_bsnpr,https://web.archive.org/web/20211026051849id_/https://www.bsnpr.com/estadisticas/lideres.asp?anio=2021&liga=1&serie=1&grupo=BS26&B1=Ver,2026-09-08T03:54:04Z
2021,canastos_3_pct,percentage,9,"Emory, Carlos",Piratas,19,,24,53,,,45.3,True,Serie Regular,2021-10-26,regular-season leader board as of 2021-10-26,single-source,wayback_bsnpr,https://web.archive.org/web/20211026051849id_/https://www.bsnpr.com/estadisticas/lideres.asp?anio=2021&liga=1&serie=1&grupo=BS26&B1=Ver,2026-09-08T03:54:04Z
2021,canastos_3_pct,percentage,10,"Pacheco, Georgie",Brujos,32,,46,102,,,45.1,True,Serie Regular,2021-10-26,regular-season leader board as of 2021-10-26,single-source,wayback_bsnpr,https://web.archive.org/web/20211026051849id_/https://www.bsnpr.com/estadisticas/lideres.asp?anio=2021&liga=1&serie=1&grupo=BS26&B1=Ver,2026-09-08T03:54:04Z
2021,cortes_balon,per_game,1,"Rodriguez, Angel Dani",Vaqueros,24,51,,,,,2.1,True,Serie Regular,2021-10-26,regular-season leader board as of 2021-10-26,single-source,wayback_bsnpr,https://web.archive.org/web/20211026051849id_/https://www.bsnpr.com/estadisticas/lideres.asp?anio=2021&liga=1&serie=1&grupo=BS26&B1=Ver,2026-09-08T03:54:04Z
2021,cortes_balon,per_game,2,"Holloway, Terrell 'T",Piratas,31,43,,,,,1.4,True,Serie Regular,2021-10-26,regular-season leader board as of 2021-10-26,single-source,wayback_bsnpr,https://web.archive.org/web/20211026051849id_/https://www.bsnpr.com/estadisticas/lideres.asp?anio=2021&liga=1&serie=1&grupo=BS26&B1=Ver,2026-09-08T03:54:04Z
2021,cortes_balon,per_game,3,"Paige, Jaysean",Indios,32,41,,,,,1.3,True,Serie Regular,2021-10-26,regular-season leader board as of 2021-10-26,single-source,wayback_bsnpr,https://web.archive.org/web/20211026051849id_/https://www.bsnpr.com/estadisticas/lideres.asp?anio=2021&liga=1&serie=1&grupo=BS26&B1=Ver,2026-09-08T03:54:04Z
2021,cortes_balon,per_game,4,"Bass, Paris",Atleticos,32,40,,,,,1.2,True,Serie Regular,2021-10-26,regular-season leader board as of 2021-10-26,single-source,wayback_bsnpr,https://web.archive.org/web/20211026051849id_/https://www.bsnpr.com/estadisticas/lideres.asp?anio=2021&liga=1&serie=1&grupo=BS26&B1=Ver,2026-09-08T03:54:04Z
2021,cortes_balon,per_game,5,"Pizarro, Christian",Indios,32,40,,,,,1.2,True,Serie Regular,2021-10-26,regular-season leader board as of 2021-10-26,single-source,wayback_bsnpr,https://web.archive.org/web/20211026051849id_/https://www.bsnpr.com/estadisticas/lideres.asp?anio=2021&liga=1&serie=1&grupo=BS26&B1=Ver,2026-09-08T03:54:04Z
2021,cortes_balon,per_game,6,"Santiago, Jr., Benito",,29,40,,,,,1.4,True,Serie Regular,2021-10-26,regular-season leader board as of 2021-10-26,single-source,wayback_bsnpr,https://web.archive.org/web/20211026051849id_/https://www.bsnpr.com/estadisticas/lideres.asp?anio=2021&liga=1&serie=1&grupo=BS26&B1=Ver,2026-09-08T03:54:04Z
2021,cortes_balon,per_game,7,"Stockton, David",Mets,32,36,,,,,1.1,True,Serie Regular,2021-10-26,regular-season leader board as of 2021-10-26,single-source,wayback_bsnpr,https://web.archive.org/web/20211026051849id_/https://www.bsnpr.com/estadisticas/lideres.asp?anio=2021&liga=1&serie=1&grupo=BS26&B1=Ver,2026-09-08T03:54:04Z
2021,cortes_balon,per_game,8,"Andújar, Emmanuel '",Cariduros,30,35,,,,,1.2,True,Serie Regular,2021-10-26,regular-season leader board as of 2021-10-26,single-source,wayback_bsnpr,https://web.archive.org/web/20211026051849id_/https://www.bsnpr.com/estadisticas/lideres.asp?anio=2021&liga=1&serie=1&grupo=BS26&B1=Ver,2026-09-08T03:54:04Z
2021,cortes_balon,per_game,9,"Mendoza, Rigoberto",Cariduros,28,34,,,,,1.2,True,Serie Regular,2021-10-26,regular-season leader board as of 2021-10-26,single-source,wayback_bsnpr,https://web.archive.org/web/20211026051849id_/https://www.bsnpr.com/estadisticas/lideres.asp?anio=2021&liga=1&serie=1&grupo=BS26&B1=Ver,2026-09-08T03:54:04Z
2021,cortes_balon,per_game,10,"Parker-Rivera, Timajh",Gigantes,30,33,,,,,1.1,True,Serie Regular,2021-10-26,regular-season leader board as of 2021-10-26,single-source,wayback_bsnpr,https://web.archive.org/web/20211026051849id_/https://www.bsnpr.com/estadisticas/lideres.asp?anio=2021&liga=1&serie=1&grupo=BS26&B1=Ver,2026-09-08T03:54:04Z
2021,rebotes,per_game,1,"Robinson, Thomas",Cangrejeros,30,301,,,205,96,10.0,True,Serie Regular,2021-10-26,regular-season leader board as of 2021-10-26,single-source,wayback_bsnpr,https://web.archive.org/web/20211026051849id_/https://www.bsnpr.com/estadisticas/lideres.asp?anio=2021&liga=1&serie=1&grupo=BS26&B1=Ver,2026-09-08T03:54:04Z
2021,rebotes,per_game,2,"Rivera, Félix",Grises,32,300,,,186,114,9.4,True,Serie Regular,2021-10-26,regular-season leader board as of 2021-10-26,single-source,wayback_bsnpr,https://web.archive.org/web/20211026051849id_/https://www.bsnpr.com/estadisticas/lideres.asp?anio=2021&liga=1&serie=1&grupo=BS26&B1=Ver,2026-09-08T03:54:04Z
2021,rebotes,per_game,3,"Bass, Paris",Atleticos,32,299,,,198,101,9.3,True,Serie Regular,2021-10-26,regular-season leader board as of 2021-10-26,single-source,wayback_bsnpr,https://web.archive.org/web/20211026051849id_/https://www.bsnpr.com/estadisticas/lideres.asp?anio=2021&liga=1&serie=1&grupo=BS26&B1=Ver,2026-09-08T03:54:04Z
2021,rebotes,per_game,4,"Parker-Rivera, Timajh",Gigantes,30,279,,,152,127,9.3,True,Serie Regular,2021-10-26,regular-season leader board as of 2021-10-26,single-source,wayback_bsnpr,https://web.archive.org/web/20211026051849id_/https://www.bsnpr.com/estadisticas/lideres.asp?anio=2021&liga=1&serie=1&grupo=BS26&B1=Ver,2026-09-08T03:54:04Z
2021,rebotes,per_game,5,"Elonu, Chinemelu",Capitanes,32,262,,,179,83,8.2,True,Serie Regular,2021-10-26,regular-season leader board as of 2021-10-26,single-source,wayback_bsnpr,https://web.archive.org/web/20211026051849id_/https://www.bsnpr.com/estadisticas/lideres.asp?anio=2021&liga=1&serie=1&grupo=BS26&B1=Ver,2026-09-08T03:54:04Z
2021,rebotes,per_game,6,"Aminu, Alade",Atleticos,31,246,,,159,87,7.9,True,Serie Regular,2021-10-26,regular-season leader board as of 2021-10-26,single-source,wayback_bsnpr,https://web.archive.org/web/20211026051849id_/https://www.bsnpr.com/estadisticas/lideres.asp?anio=2021&liga=1&serie=1&grupo=BS26&B1=Ver,2026-09-08T03:54:04Z
2021,rebotes,per_game,7,"Bishop, Tony",Cangrejeros,31,231,,,155,76,7.5,True,Serie Regular,2021-10-26,regular-season leader board as of 2021-10-26,single-source,wayback_bsnpr,https://web.archive.org/web/20211026051849id_/https://www.bsnpr.com/estadisticas/lideres.asp?anio=2021&liga=1&serie=1&grupo=BS26&B1=Ver,2026-09-08T03:54:04Z
2021,rebotes,per_game,8,"Rudd, Victor",Cariduros,27,226,,,199,27,8.4,True,Serie Regular,2021-10-26,regular-season leader board as of 2021-10-26,single-source,wayback_bsnpr,https://web.archive.org/web/20211026051849id_/https://www.bsnpr.com/estadisticas/lideres.asp?anio=2021&liga=1&serie=1&grupo=BS26&B1=Ver,2026-09-08T03:54:04Z
2021,rebotes,per_game,9,"Reese, Derek",Gigantes,30,210,,,135,75,7.0,True,Serie Regular,2021-10-26,regular-season leader board as of 2021-10-26,single-source,wayback_bsnpr,https://web.archive.org/web/20211026051849id_/https://www.bsnpr.com/estadisticas/lideres.asp?anio=2021&liga=1&serie=1&grupo=BS26&B1=Ver,2026-09-08T03:54:04Z
2021,rebotes,per_game,10,"McCauley, Ben",Brujos,29,207,,,130,77,7.1,True,Serie Regular,2021-10-26,regular-season leader board as of 2021-10-26,single-source,wayback_bsnpr,https://web.archive.org/web/20211026051849id_/https://www.bsnpr.com/estadisticas/lideres.asp?anio=2021&liga=1&serie=1&grupo=BS26&B1=Ver,2026-09-08T03:54:04Z
2021,rebotes_ofensivos,per_game,1,"Parker-Rivera, Timajh",Gigantes,30,127,,,,,4.2,True,Serie Regular,2021-10-26,regular-season leader board as of 2021-10-26,single-source,wayback_bsnpr,https://web.archive.org/web/20211026051849id_/https://www.bsnpr.com/estadisticas/lideres.asp?anio=2021&liga=1&serie=1&grupo=BS26&B1=Ver,2026-09-08T03:54:04Z
2021,rebotes_ofensivos,per_game,2,"Rivera, Félix",Grises,32,114,,,,,3.6,True,Serie Regular,2021-10-26,regular-season leader board as of 2021-10-26,single-source,wayback_bsnpr,https://web.archive.org/web/20211026051849id_/https://www.bsnpr.com/estadisticas/lideres.asp?anio=2021&liga=1&serie=1&grupo=BS26&B1=Ver,2026-09-08T03:54:04Z
2021,rebotes_ofensivos,per_game,3,"Bass, Paris",Atleticos,32,101,,,,,3.2,True,Serie Regular,2021-10-26,regular-season leader board as of 2021-10-26,single-source,wayback_bsnpr,https://web.archive.org/web/20211026051849id_/https://www.bsnpr.com/estadisticas/lideres.asp?anio=2021&liga=1&serie=1&grupo=BS26&B1=Ver,2026-09-08T03:54:04Z
2021,rebotes_ofensivos,per_game,4,"Robinson, Thomas",Cangrejeros,30,96,,,,,3.2,True,Serie Regular,2021-10-26,regular-season leader board as of 2021-10-26,single-source,wayback_bsnpr,https://web.archive.org/web/20211026051849id_/https://www.bsnpr.com/estadisticas/lideres.asp?anio=2021&liga=1&serie=1&grupo=BS26&B1=Ver,2026-09-08T03:54:04Z
2021,rebotes_ofensivos,per_game,5,"Aminu, Alade",Atleticos,31,87,,,,,2.8,True,Serie Regular,2021-10-26,regular-season leader board as of 2021-10-26,single-source,wayback_bsnpr,https://web.archive.org/web/20211026051849id_/https://www.bsnpr.com/estadisticas/lideres.asp?anio=2021&liga=1&serie=1&grupo=BS26&B1=Ver,2026-09-08T03:54:04Z
2021,rebotes_ofensivos,per_game,6,"Elonu, Chinemelu",Capitanes,32,83,,,,,2.6,True,Serie Regular,2021-10-26,regular-season leader board as of 2021-10-26,single-source,wayback_bsnpr,https://web.archive.org/web/20211026051849id_/https://www.bsnpr.com/estadisticas/lideres.asp?anio=2021&liga=1&serie=1&grupo=BS26&B1=Ver,2026-09-08T03:54:04Z
2021,rebotes_ofensivos,per_game,7,"McCauley, Ben",Brujos,29,77,,,,,2.7,True,Serie Regular,2021-10-26,regular-season leader board as of 2021-10-26,single-source,wayback_bsnpr,https://web.archive.org/web/20211026051849id_/https://www.bsnpr.com/estadisticas/lideres.asp?anio=2021&liga=1&serie=1&grupo=BS26&B1=Ver,2026-09-08T03:54:04Z
2021,rebotes_ofensivos,per_game,8,"Bishop, Tony",Cangrejeros,31,76,,,,,2.5,True,Serie Regular,2021-10-26,regular-season leader board as of 2021-10-26,single-source,wayback_bsnpr,https://web.archive.org/web/20211026051849id_/https://www.bsnpr.com/estadisticas/lideres.asp?anio=2021&liga=1&serie=1&grupo=BS26&B1=Ver,2026-09-08T03:54:04Z
2021,rebotes_ofensivos,per_game,9,"Reese, Derek",Gigantes,30,75,,,,,2.5,True,Serie Regular,2021-10-26,regular-season leader board as of 2021-10-26,single-source,wayback_bsnpr,https://web.archive.org/web/20211026051849id_/https://www.bsnpr.com/estadisticas/lideres.asp?anio=2021&liga=1&serie=1&grupo=BS26&B1=Ver,2026-09-08T03:54:04Z
2021,rebotes_ofensivos,per_game,10,"Uter, Adrian",Vaqueros,29,70,,,,,2.4,True,Serie Regular,2021-10-26,regular-season leader board as of 2021-10-26,single-source,wayback_bsnpr,https://web.archive.org/web/20211026051849id_/https://www.bsnpr.com/estadisticas/lideres.asp?anio=2021&liga=1&serie=1&grupo=BS26&B1=Ver,2026-09-08T03:54:04Z
2021,tiros_libres_anotados,per_game,1,"Holloway, Terrell 'T",Piratas,31,193,,,,,6.2,True,Serie Regular,2021-10-26,regular-season leader board as of 2021-10-26,single-source,wayback_bsnpr,https://web.archive.org/web/20211026051849id_/https://www.bsnpr.com/estadisticas/lideres.asp?anio=2021&liga=1&serie=1&grupo=BS26&B1=Ver,2026-09-08T03:54:04Z
2021,tiros_libres_anotados,per_game,2,"Bass, Paris",Atleticos,32,158,,,,,4.9,True,Serie Regular,2021-10-26,regular-season leader board as of 2021-10-26,single-source,wayback_bsnpr,https://web.archive.org/web/20211026051849id_/https://www.bsnpr.com/estadisticas/lideres.asp?anio=2021&liga=1&serie=1&grupo=BS26&B1=Ver,2026-09-08T03:54:04Z
2021,tiros_libres_anotados,per_game,3,"Stockton, David",Mets,32,135,,,,,4.2,True,Serie Regular,2021-10-26,regular-season leader board as of 2021-10-26,single-source,wayback_bsnpr,https://web.archive.org/web/20211026051849id_/https://www.bsnpr.com/estadisticas/lideres.asp?anio=2021&liga=1&serie=1&grupo=BS26&B1=Ver,2026-09-08T03:54:04Z
2021,tiros_libres_anotados,per_game,4,"De Jesús, Jezreel",Capitanes,32,133,,,,,4.2,True,Serie Regular,2021-10-26,regular-season leader board as of 2021-10-26,single-source,wayback_bsnpr,https://web.archive.org/web/20211026051849id_/https://www.bsnpr.com/estadisticas/lideres.asp?anio=2021&liga=1&serie=1&grupo=BS26&B1=Ver,2026-09-08T03:54:04Z
2021,tiros_libres_anotados,per_game,5,"Hodge Jr., Walter",Capitanes,30,105,,,,,3.5,True,Serie Regular,2021-10-26,regular-season leader board as of 2021-10-26,single-source,wayback_bsnpr,https://web.archive.org/web/20211026051849id_/https://www.bsnpr.com/estadisticas/lideres.asp?anio=2021&liga=1&serie=1&grupo=BS26&B1=Ver,2026-09-08T03:54:04Z
2021,tiros_libres_anotados,per_game,6,"Robinson, Thomas",Cangrejeros,30,102,,,,,3.4,True,Serie Regular,2021-10-26,regular-season leader board as of 2021-10-26,single-source,wayback_bsnpr,https://web.archive.org/web/20211026051849id_/https://www.bsnpr.com/estadisticas/lideres.asp?anio=2021&liga=1&serie=1&grupo=BS26&B1=Ver,2026-09-08T03:54:04Z
2021,tiros_libres_anotados,per_game,7,"Rodriguez, Angel Dani",Vaqueros,24,101,,,,,4.2,True,Serie Regular,2021-10-26,regular-season leader board as of 2021-10-26,single-source,wayback_bsnpr,https://web.archive.org/web/20211026051849id_/https://www.bsnpr.com/estadisticas/lideres.asp?anio=2021&liga=1&serie=1&grupo=BS26&B1=Ver,2026-09-08T03:54:04Z
2021,tiros_libres_anotados,per_game,8,"Andújar, Emmanuel '",Cariduros,30,99,,,,,3.3,True,Serie Regular,2021-10-26,regular-season leader board as of 2021-10-26,single-source,wayback_bsnpr,https://web.archive.org/web/20211026051849id_/https://www.bsnpr.com/estadisticas/lideres.asp?anio=2021&liga=1&serie=1&grupo=BS26&B1=Ver,2026-09-08T03:54:04Z
2021,tiros_libres_anotados,per_game,9,"Ortiz, Chris",Brujos,30,98,,,,,3.3,True,Serie Regular,2021-10-26,regular-season leader board as of 2021-10-26,single-source,wayback_bsnpr,https://web.archive.org/web/20211026051849id_/https://www.bsnpr.com/estadisticas/lideres.asp?anio=2021&liga=1&serie=1&grupo=BS26&B1=Ver,2026-09-08T03:54:04Z
2021,tiros_libres_anotados,per_game,10,"Aminu, Alade",Atleticos,31,97,,,,,3.1,True,Serie Regular,2021-10-26,regular-season leader board as of 2021-10-26,single-source,wayback_bsnpr,https://web.archive.org/web/20211026051849id_/https://www.bsnpr.com/estadisticas/lideres.asp?anio=2021&liga=1&serie=1&grupo=BS26&B1=Ver,2026-09-08T03:54:04Z
2021,tiros_libres_pct,percentage,1,"Clavell, Gilberto",Cariduros,25,,45,47,,,95.7,True,Serie Regular,2021-10-26,regular-season leader board as of 2021-10-26,single-source,wayback_bsnpr,https://web.archive.org/web/20211026051849id_/https://www.bsnpr.com/estadisticas/lideres.asp?anio=2021&liga=1&serie=1&grupo=BS26&B1=Ver,2026-09-08T03:54:04Z
2021,tiros_libres_pct,percentage,2,"Rivera, Carlos Rub",Leones,21,,46,49,,,93.9,True,Serie Regular,2021-10-26,regular-season leader board as of 2021-10-26,single-source,wayback_bsnpr,https://web.archive.org/web/20211026051849id_/https://www.bsnpr.com/estadisticas/lideres.asp?anio=2021&liga=1&serie=1&grupo=BS26&B1=Ver,2026-09-08T03:54:04Z
2021,tiros_libres_pct,percentage,3,"Abreu, Álex",Cariduros,32,,47,51,,,92.2,True,Serie Regular,2021-10-26,regular-season leader board as of 2021-10-26,single-source,wayback_bsnpr,https://web.archive.org/web/20211026051849id_/https://www.bsnpr.com/estadisticas/lideres.asp?anio=2021&liga=1&serie=1&grupo=BS26&B1=Ver,2026-09-08T03:54:04Z
2021,tiros_libres_pct,percentage,4,"Holloway, Terrell 'T",Piratas,31,,193,215,,,89.8,True,Serie Regular,2021-10-26,regular-season leader board as of 2021-10-26,single-source,wayback_bsnpr,https://web.archive.org/web/20211026051849id_/https://www.bsnpr.com/estadisticas/lideres.asp?anio=2021&liga=1&serie=1&grupo=BS26&B1=Ver,2026-09-08T03:54:04Z
2021,tiros_libres_pct,percentage,5,"Pacheco, Georgie",Brujos,32,,77,87,,,88.5,True,Serie Regular,2021-10-26,regular-season leader board as of 2021-10-26,single-source,wayback_bsnpr,https://web.archive.org/web/20211026051849id_/https://www.bsnpr.com/estadisticas/lideres.asp?anio=2021&liga=1&serie=1&grupo=BS26&B1=Ver,2026-09-08T03:54:04Z
2021,tiros_libres_pct,percentage,6,"Diaz, Guillermo",Cariduros,21,,43,49,,,87.8,True,Serie Regular,2021-10-26,regular-season leader board as of 2021-10-26,single-source,wayback_bsnpr,https://web.archive.org/web/20211026051849id_/https://www.bsnpr.com/estadisticas/lideres.asp?anio=2021&liga=1&serie=1&grupo=BS26&B1=Ver,2026-09-08T03:54:04Z
2021,tiros_libres_pct,percentage,7,"Smith, Donta",Cangrejeros,8,,21,24,,,87.5,True,Serie Regular,2021-10-26,regular-season leader board as of 2021-10-26,single-source,wayback_bsnpr,https://web.archive.org/web/20211026051849id_/https://www.bsnpr.com/estadisticas/lideres.asp?anio=2021&liga=1&serie=1&grupo=BS26&B1=Ver,2026-09-08T03:54:04Z
2021,tiros_libres_pct,percentage,8,"Paige, Jaysean",Indios,32,,61,70,,,87.1,True,Serie Regular,2021-10-26,regular-season leader board as of 2021-10-26,single-source,wayback_bsnpr,https://web.archive.org/web/20211026051849id_/https://www.bsnpr.com/estadisticas/lideres.asp?anio=2021&liga=1&serie=1&grupo=BS26&B1=Ver,2026-09-08T03:54:04Z
2021,tiros_libres_pct,percentage,9,"Suero, Gerardo",Grises,10,,61,70,,,87.1,True,Serie Regular,2021-10-26,regular-season leader board as of 2021-10-26,single-source,wayback_bsnpr,https://web.archive.org/web/20211026051849id_/https://www.bsnpr.com/estadisticas/lideres.asp?anio=2021&liga=1&serie=1&grupo=BS26&B1=Ver,2026-09-08T03:54:04Z
2021,tiros_libres_pct,percentage,10,"Rodriguez, Jose G.",Piratas,15,,40,46,,,87.0,True,Serie Regular,2021-10-26,regular-season leader board as of 2021-10-26,single-source,wayback_bsnpr,https://web.archive.org/web/20211026051849id_/https://www.bsnpr.com/estadisticas/lideres.asp?anio=2021&liga=1&serie=1&grupo=BS26&B1=Ver,2026-09-08T03:54:04Z
2021,turnovers,per_game,1,"Bass, Paris",Atleticos,32,96,,,,,3.0,True,Serie Regular,2021-10-26,regular-season leader board as of 2021-10-26,single-source,wayback_bsnpr,https://web.archive.org/web/20211026051849id_/https://www.bsnpr.com/estadisticas/lideres.asp?anio=2021&liga=1&serie=1&grupo=BS26&B1=Ver,2026-09-08T03:54:04Z
2021,turnovers,per_game,2,"Robinson, Thomas",Cangrejeros,30,89,,,,,3.0,True,Serie Regular,2021-10-26,regular-season leader board as of 2021-10-26,single-source,wayback_bsnpr,https://web.archive.org/web/20211026051849id_/https://www.bsnpr.com/estadisticas/lideres.asp?anio=2021&liga=1&serie=1&grupo=BS26&B1=Ver,2026-09-08T03:54:04Z
2021,turnovers,per_game,3,"Holloway, Terrell 'T",Piratas,31,87,,,,,2.8,True,Serie Regular,2021-10-26,regular-season leader board as of 2021-10-26,single-source,wayback_bsnpr,https://web.archive.org/web/20211026051849id_/https://www.bsnpr.com/estadisticas/lideres.asp?anio=2021&liga=1&serie=1&grupo=BS26&B1=Ver,2026-09-08T03:54:04Z
2021,turnovers,per_game,4,"Rodriguez, Angel Dani",Vaqueros,24,85,,,,,3.5,True,Serie Regular,2021-10-26,regular-season leader board as of 2021-10-26,single-source,wayback_bsnpr,https://web.archive.org/web/20211026051849id_/https://www.bsnpr.com/estadisticas/lideres.asp?anio=2021&liga=1&serie=1&grupo=BS26&B1=Ver,2026-09-08T03:54:04Z
2021,turnovers,per_game,5,"Stockton, David",Mets,32,77,,,,,2.4,True,Serie Regular,2021-10-26,regular-season leader board as of 2021-10-26,single-source,wayback_bsnpr,https://web.archive.org/web/20211026051849id_/https://www.bsnpr.com/estadisticas/lideres.asp?anio=2021&liga=1&serie=1&grupo=BS26&B1=Ver,2026-09-08T03:54:04Z
2021,turnovers,per_game,6,"Hodge Jr., Walter",Capitanes,30,76,,,,,2.5,True,Serie Regular,2021-10-26,regular-season leader board as of 2021-10-26,single-source,wayback_bsnpr,https://web.archive.org/web/20211026051849id_/https://www.bsnpr.com/estadisticas/lideres.asp?anio=2021&liga=1&serie=1&grupo=BS26&B1=Ver,2026-09-08T03:54:04Z
2021,turnovers,per_game,7,"Pizarro, Christian",Indios,32,70,,,,,2.2,True,Serie Regular,2021-10-26,regular-season leader board as of 2021-10-26,single-source,wayback_bsnpr,https://web.archive.org/web/20211026051849id_/https://www.bsnpr.com/estadisticas/lideres.asp?anio=2021&liga=1&serie=1&grupo=BS26&B1=Ver,2026-09-08T03:54:04Z
2021,turnovers,per_game,8,"Liz, Víctor",Leones,30,65,,,,,2.2,True,Serie Regular,2021-10-26,regular-season leader board as of 2021-10-26,single-source,wayback_bsnpr,https://web.archive.org/web/20211026051849id_/https://www.bsnpr.com/estadisticas/lideres.asp?anio=2021&liga=1&serie=1&grupo=BS26&B1=Ver,2026-09-08T03:54:04Z
2021,turnovers,per_game,9,"Ocasio, Jonathan",Grises,32,60,,,,,1.9,True,Serie Regular,2021-10-26,regular-season leader board as of 2021-10-26,single-source,wayback_bsnpr,https://web.archive.org/web/20211026051849id_/https://www.bsnpr.com/estadisticas/lideres.asp?anio=2021&liga=1&serie=1&grupo=BS26&B1=Ver,2026-09-08T03:54:04Z
2021,turnovers,per_game,10,"Franklin, Alexander",Brujos,26,60,,,,,2.3,True,Serie Regular,2021-10-26,regular-season leader board as of 2021-10-26,single-source,wayback_bsnpr,https://web.archive.org/web/20211026051849id_/https://www.bsnpr.com/estadisticas/lideres.asp?anio=2021&liga=1&serie=1&grupo=BS26&B1=Ver,2026-09-08T03:54:04Z
