bsnpr_id,season,franchise_id,jersey_number,height_cm,position_raw,name_raw,source_id,source_url,retrieved_at,confidence
37,2013,caciques_humacao,,194,G/F,Carmona Alejandro,latinbasket,http://basketball.latinbasket.com:80/team/Puerto-Rico/Caciques_de_Humacao/1901?Year=2013,20140504034205,single-source
37,2015,brujos_guayama,,194,G/F,Alejandro Carmona,latinbasket,http://basketball.latinbasket.com:80/team/Puerto-Rico/Brujos_de_Guayama/2634,20150421134809,single-source
37,2018,piratas_quebradillas,12,194,G/F,Alejandro Carmona,latinbasket,https://basketball.latinbasket.com/team/Puerto-Rico/Piratas-de-Quebradillas/20147,20181012123815,single-source
37,2019,piratas_quebradillas,12,194,G/F,Alejandro Carmona,latinbasket,https://basketball.latinbasket.com/team/Puerto-Rico/Piratas-de-Quebradillas/20147,20190721090530,single-source
74,2010,leones_ponce,28,186,G,Cruz Alvin,latinbasket,http://basketball.latinbasket.com:80/team/Puerto-Rico/Leones_de_Ponce/1954?Year=2010,20140122015859,single-source
74,2014,capitanes_arecibo,,186,PG,Alvin Cruz,latinbasket,http://basketball.latinbasket.com:80/team/Puerto-Rico/Capitanes_de_Arecibo/2187,20141015195216,single-source
74,2016,capitanes_arecibo,28,186,PG,Alvin Cruz,latinbasket,http://basketball.latinbasket.com:80/team/Puerto-Rico/Capitanes-de-Arecibo/2187,20160709120133,single-source
74,2017,capitanes_arecibo,28,186,PG,Cruz Alvin,latinbasket,http://basketball.latinbasket.com/team/Puerto-Rico/Capitanes-de-Arecibo/2187?Year=2016-2017,20170703152251,single-source
74,2018,capitanes_arecibo,28,186,PG,Cruz Alvin,latinbasket,http://basketball.latinbasket.com/team/Puerto-Rico/Capitanes-de-Arecibo/2187?Page=1&Year=2017-2018,20171115170726,single-source
86,2014,indios_mayaguez,,191,G,Andres Ortiz,latinbasket,http://basketball.latinbasket.com:80/team/Puerto-Rico/Indios_de_Mayaguez/10936,20140918102201,single-source
86,2015,indios_mayaguez,,191,G,Andres Ortiz,latinbasket,http://basketball.latinbasket.com:80/team/Puerto-Rico/Indios_de_Mayaguez/10936,20150516181941,single-source
87,2010,capitanes_arecibo,05,182,G,Rodriguez Andres,latinbasket,http://basketball.latinbasket.com:80/team/Puerto-Rico/Capitanes_de_Arecibo/2187?Year=2010,20150110124312,single-source
87,2014,cangrejeros_santurce,,184,PG,Andres Rodriguez,latinbasket,http://basketball.latinbasket.com:80/team/Puerto-Rico/Cangrejeros_de_Santurce/2635,20141016232747,single-source
118,2009,atleticos_san_german,7,204,F/C,Paniagua Angel,latinbasket,http://basketball.latinbasket.com:80/team/Puerto-Rico/Atleticos-de-San-German/1957?Year=2009,20160401114423,single-source
135,2009,capitanes_arecibo,33,196,G/F,Figueroa Angel,latinbasket,http://basketball.latinbasket.com:80/team/Puerto-Rico/Capitanes_de_Arecibo/2187?Year=2009,20150110124304,single-source
148,2009,capitanes_arecibo,21,206,F/C,Rosa-Clemente Angel,latinbasket,http://basketball.latinbasket.com:80/team/Puerto-Rico/Capitanes_de_Arecibo/2187?Year=2009,20150110124304,single-source
148,2012,capitanes_arecibo,21,206,F/C,Rosa-Clemente Angel,latinbasket,http://basketball.latinbasket.com:80/team/Puerto-Rico/Capitanes_de_Arecibo/2187?Year=2012,20150110124323,single-source
148,2013,capitanes_arecibo,6,206,F/C,Rosa-Clemente Angel,latinbasket,http://basketball.latinbasket.com:80/team/Puerto-Rico/Capitanes_de_Arecibo/2187?Year=2013,20150110124328,single-source
148,2014,atleticos_san_german,,206,F/C,Angel Rosa-Clemente,latinbasket,http://basketball.latinbasket.com:80/team/Puerto-Rico/Atleticos_de_San_German/1957,20141027173403,single-source
148,2017,piratas_quebradillas,13,206,F/C,Angel Rosa-Clemente,latinbasket,http://basketball.latinbasket.com/team/Puerto-Rico/Piratas_de_Quebradillas/20147?Page=1,20171105001102,single-source
151,2010,capitanes_arecibo,09,205,F/C,Reyes Angelo,latinbasket,http://basketball.latinbasket.com:80/team/Puerto-Rico/Capitanes_de_Arecibo/2187?Year=2010,20150110124312,single-source
151,2015,piratas_quebradillas,,205,F/C,Angelo Reyes,latinbasket,http://basketball.latinbasket.com:80/team/Puerto-Rico/Piratas_de_Quebradillas/20147,20150416045639,single-source
158,2009,caciques_humacao,10,175,G,Guzman Ansel,latinbasket,http://basketball.latinbasket.com:80/team/Puerto-Rico/Caciques_de_Humacao/1901?Year=2009,20140504034146,single-source
158,2015,piratas_quebradillas,,174,PG,Ansel Guzman,latinbasket,http://basketball.latinbasket.com:80/team/Puerto-Rico/Piratas_de_Quebradillas/20147,20150416045639,single-source
158,2016,cangrejeros_santurce,10,174,PG,Ansel Guzman,latinbasket,http://basketball.latinbasket.com:80/team/Puerto-Rico/Cangrejeros_de_Santurce/2635,20160918132100,single-source
158,2017,caciques_humacao,10,174,PG,Ansel Guzman,latinbasket,http://basketball.latinbasket.com/team/Puerto-Rico/Gallitos-de-Isabela/1901,20171104075738,single-source
158,2018,santeros_aguada,10,174,PG,Ansel Guzman,latinbasket,https://basketball.latinbasket.com/team/Puerto-Rico/Santeros-de-Aguada/1976,20181012124014,single-source
193,2010,capitanes_arecibo,15,204,F/G,Latimer Antonio,latinbasket,http://basketball.latinbasket.com:80/team/Puerto-Rico/Capitanes_de_Arecibo/2187?Year=2010,20150110124312,single-source
193,2011,capitanes_arecibo,15,204,F/G,Latimer Antonio,latinbasket,http://basketball.latinbasket.com:80/team/Puerto-Rico/Capitanes_de_Arecibo/2187?Year=2011,20150110124318,single-source
193,2012,capitanes_arecibo,15,204,F/G,Latimer Antonio,latinbasket,http://basketball.latinbasket.com:80/team/Puerto-Rico/Capitanes_de_Arecibo/2187?Year=2012,20150110124323,single-source
193,2013,mets_guaynabo,,204,F/G,Antonio Latimer,latinbasket,http://basketball.latinbasket.com:80/team/Puerto-Rico/Mets_de_Guaynabo/9280,20131122110300,single-source
193,2015,cangrejeros_santurce,,204,F/G,Antonio Latimer,latinbasket,http://basketball.latinbasket.com:80/team/Puerto-Rico/Cangrejeros_de_Santurce/2635,20150516202755,single-source
264,2011,cangrejeros_santurce,17,198,F,Benison Cameron,latinbasket,http://basketball.latinbasket.com:80/team/Puerto-Rico/Cangrejeros_de_Santurce/2635?Year=2011,20140110084831,single-source
273,2015,cangrejeros_santurce,,188,PG,Carlos Arroyo,latinbasket,http://basketball.latinbasket.com:80/team/Puerto-Rico/Cangrejeros_de_Santurce/2635,20150516202755,single-source
273,2017,cariduros_fajardo,7,188,PG,Carlos Arroyo,latinbasket,http://basketball.latinbasket.com/team/Puerto-Rico/Cariduros_de_Fajardo/10934?Page=1,20171104130224,single-source
273,2018,cariduros_fajardo,7,188,PG,Carlos Arroyo,latinbasket,https://basketball.latinbasket.com/team/Puerto-Rico/Cariduros-de-Fajardo/10934,20181012124202,single-source
284,2013,capitanes_arecibo,6,190,G,Escalera Carlos,latinbasket,http://basketball.latinbasket.com:80/team/Puerto-Rico/Capitanes_de_Arecibo/2187?Year=2013,20150110124328,single-source
338,2009,capitanes_arecibo,31,187,G,Rivera Carlos,latinbasket,http://basketball.latinbasket.com:80/team/Puerto-Rico/Capitanes_de_Arecibo/2187?Year=2009,20150110124304,single-source
338,2013,leones_ponce,,187,PG,Rivera Carlos,latinbasket,http://basketball.latinbasket.com:80/team/Puerto-Rico/Leones_de_Ponce/1954?Year=2013,20140122015914,single-source
338,2014,leones_ponce,,187,PG,Carlos Rivera,latinbasket,http://basketball.latinbasket.com:80/team/Puerto-Rico/Leones_de_Ponce/1954,20141015195236,single-source
338,2019,leones_ponce,31,187,PG,Carlos Rivera,latinbasket,https://basketball.latinbasket.com/team/Puerto-Rico/Leones-de-Ponce/1954,20190721092056,single-source
349,2015,atenienses_manati,,201,F,Carmelo Lee,latinbasket,http://basketball.latinbasket.com:80/team/Puerto-Rico/Atenienses_de_Manati/1963,20150513020841,single-source
349,2016,piratas_quebradillas,4,201,F,Carmelo Lee,latinbasket,http://basketball.latinbasket.com:80/team/Puerto-Rico/Piratas-de-Quebradillas/20147,20160712151212,single-source
386,2009,cangrejeros_santurce,18,208,C,Rivera Christian,latinbasket,http://basketball.latinbasket.com:80/team/Puerto-Rico/Cangrejeros_de_Santurce/2635?Year=2009,20140110084821,single-source
386,2010,cangrejeros_santurce,18,208,C,Rivera Christian,latinbasket,http://basketball.latinbasket.com:80/team/Puerto-Rico/Cangrejeros_de_Santurce/2635?Year=2010,20140110084826,single-source
392,2009,capitanes_arecibo,17,182,G,Vega Christopher,latinbasket,http://basketball.latinbasket.com:80/team/Puerto-Rico/Capitanes_de_Arecibo/2187?Year=2009,20150110124304,single-source
427,2011,capitanes_arecibo,09,216,C,Santiago Daniel,latinbasket,http://basketball.latinbasket.com:80/team/Puerto-Rico/Capitanes_de_Arecibo/2187?Year=2011,20150110124318,single-source
427,2012,capitanes_arecibo,25,216,C,Santiago Daniel,latinbasket,http://basketball.latinbasket.com:80/team/Puerto-Rico/Capitanes_de_Arecibo/2187?Year=2012,20150110124323,single-source
427,2013,mets_guaynabo,,216,C,Daniel Santiago,latinbasket,http://basketball.latinbasket.com:80/team/Puerto-Rico/Mets_de_Guaynabo/9280,20131122110300,single-source
427,2014,cangrejeros_santurce,,216,C,Daniel Santiago,latinbasket,http://basketball.latinbasket.com:80/team/Puerto-Rico/Cangrejeros_de_Santurce/2635,20141016232747,single-source
448,2009,capitanes_arecibo,18,190,G/F,Cortes David,latinbasket,http://basketball.latinbasket.com:80/team/Puerto-Rico/Capitanes_de_Arecibo/2187?Year=2009,20150110124304,single-source
448,2010,capitanes_arecibo,18,190,G/F,Cortes David,latinbasket,http://basketball.latinbasket.com:80/team/Puerto-Rico/Capitanes_de_Arecibo/2187?Year=2010,20150110124312,single-source
448,2014,capitanes_arecibo,,190,G/F,David Cortes,latinbasket,http://basketball.latinbasket.com:80/team/Puerto-Rico/Capitanes_de_Arecibo/2187,20141015195216,single-source
448,2016,capitanes_arecibo,,190,,David Cortez,latinbasket,http://basketball.latinbasket.com:80/team/Puerto-Rico/Capitanes-de-Arecibo/2187,20160709120133,single-source
448,2017,capitanes_arecibo,18,190,G/F,Cortez David,latinbasket,http://basketball.latinbasket.com/team/Puerto-Rico/Capitanes-de-Arecibo/2187?Year=2016-2017,20170703152251,single-source
448,2018,capitanes_arecibo,18,190,G/F,Cortez David,latinbasket,http://basketball.latinbasket.com/team/Puerto-Rico/Capitanes-de-Arecibo/2187?Page=1&Year=2017-2018,20171115170726,single-source
451,2016,capitanes_arecibo,,195,,David Huertas,latinbasket,http://basketball.latinbasket.com:80/team/Puerto-Rico/Capitanes-de-Arecibo/2187,20160709120133,single-source
451,2017,capitanes_arecibo,33,195,G/F,Huertas David,latinbasket,http://basketball.latinbasket.com/team/Puerto-Rico/Capitanes-de-Arecibo/2187?Year=2016-2017,20170703152251,single-source
451,2018,capitanes_arecibo,33,195,G/F,Huertas David,latinbasket,http://basketball.latinbasket.com/team/Puerto-Rico/Capitanes-de-Arecibo/2187?Page=1&Year=2017-2018,20171115170726,single-source
502,2009,cangrejeros_santurce,32,185,G,Santiago Eddin 'Guayito',latinbasket,http://basketball.latinbasket.com:80/team/Puerto-Rico/Cangrejeros_de_Santurce/2635?Year=2009,20140110084821,single-source
502,2010,cangrejeros_santurce,32,185,G,Santiago Eddin 'Guayito',latinbasket,http://basketball.latinbasket.com:80/team/Puerto-Rico/Cangrejeros_de_Santurce/2635?Year=2010,20140110084826,single-source
502,2012,capitanes_arecibo,32,185,G,Santiago Eddin 'Guayito',latinbasket,http://basketball.latinbasket.com:80/team/Puerto-Rico/Capitanes_de_Arecibo/2187?Year=2012,20150110124323,single-source
502,2013,leones_ponce,,185,G,Santiago Eddin 'Guayito',latinbasket,http://basketball.latinbasket.com:80/team/Puerto-Rico/Leones_de_Ponce/1954?Year=2013,20140122015914,single-source
502,2014,leones_ponce,,185,G,Eddin 'Guayito' Santiago,latinbasket,http://basketball.latinbasket.com:80/team/Puerto-Rico/Leones_de_Ponce/1954,20141015195236,single-source
502,2015,vaqueros_bayamon,32,185,G,Santiago Eddin 'Guayito',latinbasket,http://basketball.latinbasket.com:80/team/Puerto-Rico/Vaqueros-de-Bayamon/1677?Year=2015,20160517223025,single-source
574,2009,cangrejeros_santurce,10,190,G,Ayuso Larry,latinbasket,http://basketball.latinbasket.com:80/team/Puerto-Rico/Cangrejeros_de_Santurce/2635?Year=2009,20140110084821,single-source
574,2010,capitanes_arecibo,10,190,G,Ayuso Larry,latinbasket,http://basketball.latinbasket.com:80/team/Puerto-Rico/Capitanes_de_Arecibo/2187?Year=2010,20150110124312,single-source
574,2011,capitanes_arecibo,10,190,G,Ayuso Larry,latinbasket,http://basketball.latinbasket.com:80/team/Puerto-Rico/Capitanes_de_Arecibo/2187?Year=2011,20150110124318,single-source
574,2012,capitanes_arecibo,10,190,G,Ayuso Larry,latinbasket,http://basketball.latinbasket.com:80/team/Puerto-Rico/Capitanes_de_Arecibo/2187?Year=2012,20150110124323,single-source
574,2013,mets_guaynabo,,190,G,Larry Ayuso,latinbasket,http://basketball.latinbasket.com:80/team/Puerto-Rico/Mets_de_Guaynabo/9280,20131122110300,single-source
574,2015,mets_guaynabo,,190,SG,Elias Ayuso,latinbasket,http://basketball.latinbasket.com:80/team/Puerto-Rico/Mets_de_Guaynabo/9280?,20150517050747,single-source
574,2016,piratas_quebradillas,10,190,SG,Elias Ayuso,latinbasket,http://basketball.latinbasket.com:80/team/Puerto-Rico/Piratas-de-Quebradillas/20147,20160712151212,single-source
574,2017,cariduros_fajardo,10,190,SG,Elias Ayuso,latinbasket,http://basketball.latinbasket.com/team/Puerto-Rico/Cariduros_de_Fajardo/10934?Page=1,20171104130224,single-source
574,2018,cariduros_fajardo,10,190,SG,Elias Ayuso,latinbasket,https://basketball.latinbasket.com/team/Puerto-Rico/Cariduros-de-Fajardo/10934,20181012124202,single-source
574,2019,atleticos_san_german,20,190,SG,Elias Ayuso,latinbasket,https://basketball.latinbasket.com/team/Puerto-Rico/Atleticos-de-San-German/1957,20190721090532,single-source
624,2016,brujos_guayama,9,190,G,Erick Rodriguez,latinbasket,http://basketball.latinbasket.com:80/team/Puerto-Rico/Brujos-de-Guayama/2634?,20160813195450,single-source
685,2016,caciques_humacao,24,197,F,Ferdinand Morales,latinbasket,http://basketball.latinbasket.com:80/team/Puerto-Rico/Caciques-de-Humacao/1901?,20160813193526,single-source
697,2010,cangrejeros_santurce,11,196,F/G,Ortiz Fernando,latinbasket,http://basketball.latinbasket.com:80/team/Puerto-Rico/Cangrejeros_de_Santurce/2635?Year=2010,20140110084826,single-source
704,2012,atleticos_san_german,6,190,PG,Rivera Filiberto,latinbasket,http://basketball.latinbasket.com:80/team/Puerto-Rico/Atleticos-de-San-German/1957?Year=2012,20160331154649,single-source
704,2015,indios_mayaguez,,190,PG,Filiberto Rivera,latinbasket,http://basketball.latinbasket.com:80/team/Puerto-Rico/Indios_de_Mayaguez/10936,20150516181941,single-source
704,2017,cariduros_fajardo,21,189,PG,Filiberto Rivera,latinbasket,http://basketball.latinbasket.com/team/Puerto-Rico/Cariduros_de_Fajardo/10934?Page=1,20171104130224,single-source
704,2018,cariduros_fajardo,21,189,PG,Filiberto Rivera,latinbasket,https://basketball.latinbasket.com/team/Puerto-Rico/Cariduros-de-Fajardo/10934,20181012124202,single-source
772,2009,atleticos_san_german,13,198,F/C,Ruiz Gabriel,latinbasket,http://basketball.latinbasket.com:80/team/Puerto-Rico/Atleticos-de-San-German/1957?Year=2009,20160401114423,single-source
772,2010,atleticos_san_german,13,198,F/C,Ruiz Gabriel,latinbasket,http://basketball.latinbasket.com:80/team/Puerto-Rico/Atleticos-de-San-German/1957?Year=2010,20160331180338,single-source
772,2011,atleticos_san_german,13,198,F/C,Ruiz Gabriel,latinbasket,http://basketball.latinbasket.com:80/team/Puerto-Rico/Atleticos-de-San-German/1957?Year=2011,20160401120859,single-source
772,2012,atleticos_san_german,13,198,F/C,Ruiz Gabriel,latinbasket,http://basketball.latinbasket.com:80/team/Puerto-Rico/Atleticos-de-San-German/1957?Year=2012,20160331154649,single-source
772,2016,atenienses_manati,13,198,F/C,Gabriel Ruiz,latinbasket,http://basketball.latinbasket.com:80/team/Puerto-Rico/Atenienses-de-Manati/1963,20160811092940,single-source
772,2017,atleticos_san_german,17,198,F/C,Gabriel Ruiz,latinbasket,http://basketball.latinbasket.com:80/team/Puerto-Rico/Atleticos-de-San-German/1957?Page=1,20170803204823,single-source
772,2018,atleticos_san_german,17,198,F/C,Gabriel Ruiz,latinbasket,http://basketball.latinbasket.com/team/Puerto-Rico/Atleticos-de-San-German/1957?Page=1,20180521021055,single-source
772,2019,santeros_aguada,17,198,F/C,Gabriel Ruiz,latinbasket,https://basketball.latinbasket.com/team/Puerto-Rico/Santeros-de-Aguada/1976,20190721090536,single-source
773,2009,leones_ponce,15,200,G/F,Colon Gabriel,latinbasket,http://basketball.latinbasket.com:80/team/Puerto-Rico/Leones_de_Ponce/1954?Year=2009,20140122015854,single-source
773,2010,leones_ponce,15,200,G/F,Colon Gabriel,latinbasket,http://basketball.latinbasket.com:80/team/Puerto-Rico/Leones_de_Ponce/1954?Year=2010,20140122015859,single-source
773,2013,leones_ponce,,200,G/F,Colon Gabriel,latinbasket,http://basketball.latinbasket.com:80/team/Puerto-Rico/Leones_de_Ponce/1954?Year=2013,20140122015914,single-source
773,2017,leones_ponce,15,200,G/F,Colon Gabriel,latinbasket,http://basketball.latinbasket.com/team/Puerto-Rico/Leones-de-Ponce/1954?Year=2016-2017,20170703122929,single-source
773,2018,leones_ponce,15,200,G/F,Gabriel Colon,latinbasket,https://basketball.latinbasket.com/team/Puerto-Rico/Leones-de-Ponce/1954,20181012123736,single-source
808,2009,cangrejeros_santurce,8,194,F,Venzen Gilberto,latinbasket,http://basketball.latinbasket.com:80/team/Puerto-Rico/Cangrejeros_de_Santurce/2635?Year=2009,20140110084821,single-source
812,2014,leones_ponce,,187,PG,Giovanni Jimenez,latinbasket,http://basketball.latinbasket.com:80/team/Puerto-Rico/Leones_de_Ponce/1954,20141015195236,single-source
812,2016,indios_mayaguez,10,187,PG,Giovanni Jimenez,latinbasket,http://basketball.latinbasket.com:80/team/Puerto-Rico/Indios-de-Mayaguez/10936,20161220062544,single-source
812,2017,piratas_quebradillas,10,187,PG,Giovanni Jimenez,latinbasket,http://basketball.latinbasket.com/team/Puerto-Rico/Piratas_de_Quebradillas/20147?Page=1,20171105001102,single-source
826,2010,capitanes_arecibo,,183,G,Vidot Grimaldi Jr,latinbasket,http://basketball.latinbasket.com:80/team/Puerto-Rico/Capitanes_de_Arecibo/2187?Year=2010,20150110124312,single-source
869,2012,caciques_humacao,41,204,C,Valenzuela Hector,latinbasket,http://basketball.latinbasket.com:80/team/Puerto-Rico/Caciques_de_Humacao/1901?Year=2012,20140504033943,single-source
869,2013,caciques_humacao,45,204,C,Valenzuela Hector,latinbasket,http://basketball.latinbasket.com:80/team/Puerto-Rico/Caciques_de_Humacao/1901?Year=2013,20140504034205,single-source
870,2009,leones_ponce,20,201,F,Zayas Hector,latinbasket,http://basketball.latinbasket.com:80/team/Puerto-Rico/Leones_de_Ponce/1954?Year=2009,20140122015854,single-source
870,2010,leones_ponce,20,196,F,Zayas Hector,latinbasket,http://basketball.latinbasket.com:80/team/Puerto-Rico/Leones_de_Ponce/1954?Year=2010,20140122015859,single-source
870,2011,atleticos_san_german,16,196,F,Zayas Hector,latinbasket,http://basketball.latinbasket.com:80/team/Puerto-Rico/Atleticos-de-San-German/1957?Year=2011,20160401120859,single-source
952,2013,leones_ponce,,208,C/F,Lopez Ivan,latinbasket,http://basketball.latinbasket.com:80/team/Puerto-Rico/Leones_de_Ponce/1954?Year=2013,20140122015914,single-source
968,2016,caciques_humacao,15,201,F,Jack Michael Martinez,latinbasket,http://basketball.latinbasket.com:80/team/Puerto-Rico/Caciques-de-Humacao/1901?,20160813193526,single-source
1019,2010,caciques_humacao,32,207,C,Morales Jean Carlos,latinbasket,http://basketball.latinbasket.com:80/team/Puerto-Rico/Caciques_de_Humacao/1901?Year=2010,20140504034152,single-source
1025,2013,indios_mayaguez,,205,C,Jeffrion Aubry,latinbasket,http://basketball.latinbasket.com:80/team/Puerto-Rico/Indios_de_Mayaguez/10936,20131117123350,single-source
1025,2014,indios_mayaguez,,205,C,Jeffrion Aubry,latinbasket,http://basketball.latinbasket.com:80/team/Puerto-Rico/Indios_de_Mayaguez/10936,20140918102201,single-source
1025,2015,cangrejeros_santurce,,205,C,Jeffrion Aubry,latinbasket,http://basketball.latinbasket.com:80/team/Puerto-Rico/Cangrejeros_de_Santurce/2635,20150516202755,single-source
1041,2013,capitanes_arecibo,23,193,G,Verdejo Jesus,latinbasket,http://basketball.latinbasket.com:80/team/Puerto-Rico/Capitanes_de_Arecibo/2187?Year=2013,20150110124328,single-source
1041,2014,atleticos_san_german,,193,G,Jesus Verdejo,latinbasket,http://basketball.latinbasket.com:80/team/Puerto-Rico/Atleticos_de_San_German/1957,20141027173403,single-source
1041,2015,atleticos_san_german,15,193,G,Verdejo Jesus,latinbasket,http://basketball.latinbasket.com:80/team/Puerto-Rico/Atleticos-de-San-German/1957?Year=2015,20160330150110,single-source
1064,2016,capitanes_arecibo,30,196,G/F,Joel Jones,latinbasket,http://basketball.latinbasket.com:80/team/Puerto-Rico/Capitanes-de-Arecibo/2187,20160709120133,single-source
1064,2017,capitanes_arecibo,30,196,G/F,Jones Joel,latinbasket,http://basketball.latinbasket.com/team/Puerto-Rico/Capitanes-de-Arecibo/2187?Year=2016-2017,20170703152251,single-source
1094,2011,caciques_humacao,07,183,G,Garcia Jonathan,latinbasket,http://basketball.latinbasket.com:80/team/Puerto-Rico/Caciques_de_Humacao/1901?Year=2011,20140504033923,single-source
1094,2012,caciques_humacao,7,183,G,Garcia Jonathan,latinbasket,http://basketball.latinbasket.com:80/team/Puerto-Rico/Caciques_de_Humacao/1901?Year=2012,20140504033943,single-source
1094,2015,atenienses_manati,,183,G,Jonathan Garcia,latinbasket,http://basketball.latinbasket.com:80/team/Puerto-Rico/Atenienses_de_Manati/1963,20150513020841,single-source
1094,2017,piratas_quebradillas,7,183,G,Jonathan Garcia,latinbasket,http://basketball.latinbasket.com/team/Puerto-Rico/Piratas_de_Quebradillas/20147?Page=1,20171105001102,single-source
1094,2018,piratas_quebradillas,7,183,G,Jonathan Garcia,latinbasket,https://basketball.latinbasket.com/team/Puerto-Rico/Piratas-de-Quebradillas/20147,20181012123815,single-source
1272,2009,leones_ponce,18,194,F/C,Rosario Jose 'YoYo',latinbasket,http://basketball.latinbasket.com:80/team/Puerto-Rico/Leones_de_Ponce/1954?Year=2009,20140122015854,single-source
1272,2010,capitanes_arecibo,34,194,F/C,Rosario Jose 'YoYo',latinbasket,http://basketball.latinbasket.com:80/team/Puerto-Rico/Capitanes_de_Arecibo/2187?Year=2010,20150110124312,single-source
1497,2009,caciques_humacao,14,203,F/C,Rosa-Clemente Luis,latinbasket,http://basketball.latinbasket.com:80/team/Puerto-Rico/Caciques_de_Humacao/1901?Year=2009,20140504034146,single-source
1497,2010,atleticos_san_german,11,203,F/C,Rosa-Clemente Luis,latinbasket,http://basketball.latinbasket.com:80/team/Puerto-Rico/Atleticos-de-San-German/1957?Year=2010,20160331180338,single-source
1498,2010,caciques_humacao,25,201,F/C,Salgado Luis,latinbasket,http://basketball.latinbasket.com:80/team/Puerto-Rico/Caciques_de_Humacao/1901?Year=2010,20140504034152,single-source
1502,2010,cangrejeros_santurce,11,208,C/F,Villafane Luis,latinbasket,http://basketball.latinbasket.com:80/team/Puerto-Rico/Cangrejeros_de_Santurce/2635?Year=2010,20140110084826,single-source
1502,2011,cangrejeros_santurce,11,208,C/F,Villafane Luis,latinbasket,http://basketball.latinbasket.com:80/team/Puerto-Rico/Cangrejeros_de_Santurce/2635?Year=2011,20140110084831,single-source
1502,2013,cangrejeros_santurce,,208,C/F,Villafane Luis,latinbasket,http://basketball.latinbasket.com:80/team/Puerto-Rico/Cangrejeros_de_Santurce/2635?Year=2013,20140110084836,single-source
1502,2014,cangrejeros_santurce,,208,C/F,Luis Villafane,latinbasket,http://basketball.latinbasket.com:80/team/Puerto-Rico/Cangrejeros_de_Santurce/2635,20141016232747,single-source
1502,2016,caciques_humacao,11,208,C/F,Luis Villafane,latinbasket,http://basketball.latinbasket.com:80/team/Puerto-Rico/Caciques-de-Humacao/1901?,20160813193526,single-source
1502,2017,cariduros_fajardo,11,208,C/F,Luis Villafane,latinbasket,http://basketball.latinbasket.com/team/Puerto-Rico/Cariduros_de_Fajardo/10934?Page=1,20171104130224,single-source
1512,2009,cangrejeros_santurce,42,200,F,Rivas Luis,latinbasket,http://basketball.latinbasket.com:80/team/Puerto-Rico/Cangrejeros_de_Santurce/2635?Year=2009,20140110084821,single-source
1550,2009,atleticos_san_german,16,206,C,De Jesus Manuel,latinbasket,http://basketball.latinbasket.com:80/team/Puerto-Rico/Atleticos-de-San-German/1957?Year=2009,20160401114423,single-source
1550,2010,leones_ponce,24,206,C/F,De Jesus Manuel,latinbasket,http://basketball.latinbasket.com:80/team/Puerto-Rico/Leones_de_Ponce/1954?Year=2010,20140122015859,single-source
1550,2012,atleticos_san_german,50,206,C/F,De Jesus Manuel,latinbasket,http://basketball.latinbasket.com:80/team/Puerto-Rico/Atleticos-de-San-German/1957?Year=2012,20160331154649,single-source
1550,2014,leones_ponce,,206,C/F,Manuel De Jesus,latinbasket,http://basketball.latinbasket.com:80/team/Puerto-Rico/Leones_de_Ponce/1954,20141015195236,single-source
1550,2017,caciques_humacao,16,206,C/F,Manuel De Jesus,latinbasket,http://basketball.latinbasket.com/team/Puerto-Rico/Gallitos-de-Isabela/1901,20171104075738,single-source
1562,2009,cangrejeros_santurce,50,211,C,Narvaez Manuel,latinbasket,http://basketball.latinbasket.com:80/team/Puerto-Rico/Cangrejeros_de_Santurce/2635?Year=2009,20140110084821,single-source
1562,2010,leones_ponce,50,211,C,Narvaez Manuel,latinbasket,http://basketball.latinbasket.com:80/team/Puerto-Rico/Leones_de_Ponce/1954?Year=2010,20140122015859,single-source
1562,2013,mets_guaynabo,,211,C,Manuel Antonio Narvaez,latinbasket,http://basketball.latinbasket.com:80/team/Puerto-Rico/Mets_de_Guaynabo/9280,20131122110300,single-source
1628,2009,capitanes_arecibo,22,186,G,Watson Michael,latinbasket,http://basketball.latinbasket.com:80/team/Puerto-Rico/Capitanes_de_Arecibo/2187?Year=2009,20150110124304,single-source
1628,2010,caciques_humacao,22,186,G,Watson Michael,latinbasket,http://basketball.latinbasket.com:80/team/Puerto-Rico/Caciques_de_Humacao/1901?Year=2010,20140504034152,single-source
1666,2009,cangrejeros_santurce,11,198,G,Berdiel Ali,latinbasket,http://basketball.latinbasket.com:80/team/Puerto-Rico/Cangrejeros_de_Santurce/2635?Year=2009,20140110084821,single-source
1666,2010,caciques_humacao,07,198,G,Berdiel Ali,latinbasket,http://basketball.latinbasket.com:80/team/Puerto-Rico/Caciques_de_Humacao/1901?Year=2010,20140504034152,single-source
1666,2016,vaqueros_bayamon,7,198,G,Miguel Ali Berdiel,latinbasket,http://basketball.latinbasket.com:80/team/Puerto-Rico/Vaqueros-de-Bayamon/1677,20160918155639,single-source
1666,2017,cariduros_fajardo,12,198,G,Miguel Ali Berdiel,latinbasket,http://basketball.latinbasket.com/team/Puerto-Rico/Cariduros_de_Fajardo/10934?Page=1,20171104130224,single-source
1666,2018,cariduros_fajardo,12,198,G,Miguel Ali Berdiel,latinbasket,https://basketball.latinbasket.com/team/Puerto-Rico/Cariduros-de-Fajardo/10934,20181012124202,single-source
1666,2019,brujos_guayama,7,198,G,Miguel Ali Berdiel,latinbasket,https://basketball.latinbasket.com/team/Puerto-Rico/Brujos-de-Guayama/2634,20190721093624,single-source
1666,2020,mets_guaynabo,7,198,G,Miguel Ali Berdiel,latinbasket,https://basketball.latinbasket.com/team/Puerto-Rico/Mets-de-Guaynabo/9280,20200716011902,single-source
1685,2010,atleticos_san_german,33,197,F,Wilson Monty,latinbasket,http://basketball.latinbasket.com:80/team/Puerto-Rico/Atleticos-de-San-German/1957?Year=2010,20160331180338,single-source
1739,2009,atleticos_san_german,8,180,G,Alvarado Omar,latinbasket,http://basketball.latinbasket.com:80/team/Puerto-Rico/Atleticos-de-San-German/1957?Year=2009,20160401114423,single-source
1739,2010,capitanes_arecibo,08,180,G,Alvarado Omar,latinbasket,http://basketball.latinbasket.com:80/team/Puerto-Rico/Capitanes_de_Arecibo/2187?Year=2010,20150110124312,single-source
1739,2011,capitanes_arecibo,08,180,G,Alvarado Omar,latinbasket,http://basketball.latinbasket.com:80/team/Puerto-Rico/Capitanes_de_Arecibo/2187?Year=2011,20150110124318,single-source
1739,2012,capitanes_arecibo,8,180,PG,Alvarado Omar,latinbasket,http://basketball.latinbasket.com:80/team/Puerto-Rico/Capitanes_de_Arecibo/2187?Year=2012,20150110124323,single-source
1739,2013,vaqueros_bayamon,,180,PG,Omar Alvarado,latinbasket,http://basketball.latinbasket.com:80/team/Puerto-Rico/Vaqueros_de_Bayamon/1677,20131122110707,single-source
1739,2015,maratonistas_coamo,,180,PG,Omar Alvarado,latinbasket,http://basketball.latinbasket.com:80/team/Puerto-Rico/Maratonistas_de_Coamo/1976,20150516113803,single-source
1739,2016,atenienses_manati,8,180,PG,Omar Alvarado,latinbasket,http://basketball.latinbasket.com:80/team/Puerto-Rico/Atenienses-de-Manati/1963,20160811092940,single-source
1771,2009,atleticos_san_german,20,188,G,Mendez Osvaldo,latinbasket,http://basketball.latinbasket.com:80/team/Puerto-Rico/Atleticos-de-San-German/1957?Year=2009,20160401114423,single-source
1836,2013,capitanes_arecibo,,222,C,Ramos Peter John,latinbasket,http://basketball.latinbasket.com:80/team/Puerto-Rico/Capitanes_de_Arecibo/2187?Year=2013,20150110124328,single-source
1836,2015,brujos_guayama,,222,C,Peter Ramos,latinbasket,http://basketball.latinbasket.com:80/team/Puerto-Rico/Brujos_de_Guayama/2634,20150421134809,single-source
1836,2016,vaqueros_bayamon,36,222,C,Peter Ramos,latinbasket,http://basketball.latinbasket.com:80/team/Puerto-Rico/Vaqueros-de-Bayamon/1677,20160918155639,single-source
1836,2018,leones_ponce,36,222,C,Peter Ramos,latinbasket,https://basketball.latinbasket.com/team/Puerto-Rico/Leones-de-Ponce/1954,20181012123736,single-source
1836,2019,leones_ponce,36,222,C,Peter Ramos,latinbasket,https://basketball.latinbasket.com/team/Puerto-Rico/Leones-de-Ponce/1954,20190721092056,single-source
1895,2009,capitanes_arecibo,13,187,G,Cruz Rafael,latinbasket,http://basketball.latinbasket.com:80/team/Puerto-Rico/Capitanes_de_Arecibo/2187?Year=2009,20150110124304,single-source
1895,2010,capitanes_arecibo,13,187,G,Cruz Rafael,latinbasket,http://basketball.latinbasket.com:80/team/Puerto-Rico/Capitanes_de_Arecibo/2187?Year=2010,20150110124312,single-source
1895,2011,capitanes_arecibo,13,187,G,Cruz Rafael,latinbasket,http://basketball.latinbasket.com:80/team/Puerto-Rico/Capitanes_de_Arecibo/2187?Year=2011,20150110124318,single-source
1895,2012,capitanes_arecibo,13,187,PG,Cruz Rafael,latinbasket,http://basketball.latinbasket.com:80/team/Puerto-Rico/Capitanes_de_Arecibo/2187?Year=2012,20150110124323,single-source
1895,2013,capitanes_arecibo,13,186,PG,Cruz Rafael,latinbasket,http://basketball.latinbasket.com:80/team/Puerto-Rico/Capitanes_de_Arecibo/2187?Year=2013,20150110124328,single-source
1895,2014,atleticos_san_german,,186,PG,Rafael Cruz,latinbasket,http://basketball.latinbasket.com:80/team/Puerto-Rico/Atleticos_de_San_German/1957,20141027173403,single-source
1897,2020,mets_guaynabo,27,193,G/F,Rafael Perez,latinbasket,https://basketball.latinbasket.com/team/Puerto-Rico/Mets-de-Guaynabo/9280,20200716011902,single-source
1946,2009,leones_ponce,7,196,G,Orta Raul,latinbasket,http://basketball.latinbasket.com:80/team/Puerto-Rico/Leones_de_Ponce/1954?Year=2009,20140122015854,single-source
1946,2010,atleticos_san_german,07,196,G,Orta Raul,latinbasket,http://basketball.latinbasket.com:80/team/Puerto-Rico/Atleticos-de-San-German/1957?Year=2010,20160331180338,single-source
1946,2011,atleticos_san_german,8,196,G,Orta Raul,latinbasket,http://basketball.latinbasket.com:80/team/Puerto-Rico/Atleticos-de-San-German/1957?Year=2011,20160401120859,single-source
1946,2012,atleticos_san_german,8,196,G,Orta Raul,latinbasket,http://basketball.latinbasket.com:80/team/Puerto-Rico/Atleticos-de-San-German/1957?Year=2012,20160331154649,single-source
1946,2017,santeros_aguada,10,196,G,Raul Orta,latinbasket,http://basketball.latinbasket.com/team/Puerto-Rico/Santeros_de_Aguada/1976?Page=1,20171115063608,single-source
1947,2009,capitanes_arecibo,14,215,C,Rivera Raul,latinbasket,http://basketball.latinbasket.com:80/team/Puerto-Rico/Capitanes_de_Arecibo/2187?Year=2009,20150110124304,single-source
1947,2010,capitanes_arecibo,14,215,C,Rivera Raul,latinbasket,http://basketball.latinbasket.com:80/team/Puerto-Rico/Capitanes_de_Arecibo/2187?Year=2010,20150110124312,single-source
1992,2009,cangrejeros_santurce,20,188,G,Dalmau Ricardo,latinbasket,http://basketball.latinbasket.com:80/team/Puerto-Rico/Cangrejeros_de_Santurce/2635?Year=2009,20140110084821,single-source
1992,2010,cangrejeros_santurce,20,188,G,Dalmau Ricardo,latinbasket,http://basketball.latinbasket.com:80/team/Puerto-Rico/Cangrejeros_de_Santurce/2635?Year=2010,20140110084826,single-source
1995,2009,leones_ponce,22,180,G,Melendez Ricardo,latinbasket,http://basketball.latinbasket.com:80/team/Puerto-Rico/Leones_de_Ponce/1954?Year=2009,20140122015854,single-source
1995,2010,leones_ponce,22,180,G,Melendez Ricardo,latinbasket,http://basketball.latinbasket.com:80/team/Puerto-Rico/Leones_de_Ponce/1954?Year=2010,20140122015859,single-source
1995,2011,atleticos_san_german,20,180,G,Melendez Ricardo,latinbasket,http://basketball.latinbasket.com:80/team/Puerto-Rico/Atleticos-de-San-German/1957?Year=2011,20160401120859,single-source
1995,2012,capitanes_arecibo,22,179,PG,Melendez Ricardo,latinbasket,http://basketball.latinbasket.com:80/team/Puerto-Rico/Capitanes_de_Arecibo/2187?Year=2012,20150110124323,single-source
1995,2015,atenienses_manati,,179,PG,Ricardo Melendez,latinbasket,http://basketball.latinbasket.com:80/team/Puerto-Rico/Atenienses_de_Manati/1963,20150513020841,single-source
1995,2016,atenienses_manati,22,179,G,Ricardo Melendez,latinbasket,http://basketball.latinbasket.com:80/team/Puerto-Rico/Atenienses-de-Manati/1963,20160811092940,single-source
1995,2017,cariduros_fajardo,22,179,SG,Ricardo Melendez,latinbasket,http://basketball.latinbasket.com/team/Puerto-Rico/Cariduros_de_Fajardo/10934?Page=1,20171104130224,single-source
1995,2018,piratas_quebradillas,22,179,SG,Ricardo Melendez,latinbasket,https://basketball.latinbasket.com/team/Puerto-Rico/Piratas-de-Quebradillas/20147,20181012123815,single-source
1995,2020,cariduros_fajardo,22,179,SG,Ricardo Melendez,latinbasket,https://basketball.latinbasket.com/team/Puerto-Rico/Cariduros-de-Fajardo/10934,20200530072933,single-source
2028,2012,capitanes_arecibo,22,193,G,Apodaca Rick,latinbasket,http://basketball.latinbasket.com:80/team/Puerto-Rico/Capitanes_de_Arecibo/2187?Year=2012,20150110124323,single-source
2028,2013,leones_ponce,,193,G,Apodaca Rick,latinbasket,http://basketball.latinbasket.com:80/team/Puerto-Rico/Leones_de_Ponce/1954?Year=2013,20140122015914,single-source
2028,2014,indios_mayaguez,,193,G,Rick Apodaca,latinbasket,http://basketball.latinbasket.com:80/team/Puerto-Rico/Indios_de_Mayaguez/10936,20140918102201,single-source
2028,2015,mets_guaynabo,,193,G,Rick Apodaca,latinbasket,http://basketball.latinbasket.com:80/team/Puerto-Rico/Mets_de_Guaynabo/9280?,20150517050747,single-source
2033,2010,cangrejeros_santurce,14,212,C/F,Sanchez Ricky,latinbasket,http://basketball.latinbasket.com:80/team/Puerto-Rico/Cangrejeros_de_Santurce/2635?Year=2010,20140110084826,single-source
2033,2011,cangrejeros_santurce,15,212,C/F,Sanchez Ricky,latinbasket,http://basketball.latinbasket.com:80/team/Puerto-Rico/Cangrejeros_de_Santurce/2635?Year=2011,20140110084831,single-source
2067,2010,cangrejeros_santurce,25,194,G,Nieves Roberto,latinbasket,http://basketball.latinbasket.com:80/team/Puerto-Rico/Cangrejeros_de_Santurce/2635?Year=2010,20140110084826,single-source
2067,2011,cangrejeros_santurce,12,194,G,Nieves Roberto,latinbasket,http://basketball.latinbasket.com:80/team/Puerto-Rico/Cangrejeros_de_Santurce/2635?Year=2011,20140110084831,single-source
2067,2013,cangrejeros_santurce,,194,G,Nieves Roberto,latinbasket,http://basketball.latinbasket.com:80/team/Puerto-Rico/Cangrejeros_de_Santurce/2635?Year=2013,20140110084836,single-source
2074,2009,leones_ponce,10,187,G,Hatton Roberto Jose,latinbasket,http://basketball.latinbasket.com:80/team/Puerto-Rico/Leones_de_Ponce/1954?Year=2009,20140122015854,single-source
2074,2010,leones_ponce,10,187,G,Hatton Roberto Jose,latinbasket,http://basketball.latinbasket.com:80/team/Puerto-Rico/Leones_de_Ponce/1954?Year=2010,20140122015859,single-source
2122,2009,caciques_humacao,15,190,G,Ayala Sadell,latinbasket,http://basketball.latinbasket.com:80/team/Puerto-Rico/Caciques_de_Humacao/1901?Year=2009,20140504034146,single-source
2122,2010,caciques_humacao,15,193,G,Ayala Sadell,latinbasket,http://basketball.latinbasket.com:80/team/Puerto-Rico/Caciques_de_Humacao/1901?Year=2010,20140504034152,single-source
2145,2013,cangrejeros_santurce,,198,G/F,Villegas Samuel,latinbasket,http://basketball.latinbasket.com:80/team/Puerto-Rico/Cangrejeros_de_Santurce/2635?Year=2013,20140110084836,single-source
2145,2015,vaqueros_bayamon,24,198,G/F,Villegas Samuel,latinbasket,http://basketball.latinbasket.com:80/team/Puerto-Rico/Vaqueros-de-Bayamon/1677?Year=2015,20160517223025,single-source
2145,2016,vaqueros_bayamon,24,198,G/F,Samuel Villegas,latinbasket,http://basketball.latinbasket.com:80/team/Puerto-Rico/Vaqueros-de-Bayamon/1677,20160918155639,single-source
2146,2012,atleticos_san_german,8,180,PG,Rosas Samuel,latinbasket,http://basketball.latinbasket.com:80/team/Puerto-Rico/Atleticos-de-San-German/1957?Year=2012,20160331154649,single-source
2146,2013,atleticos_san_german,5,180,PG,Rosas Samuel,latinbasket,http://basketball.latinbasket.com:80/team/Puerto-Rico/Atleticos-de-San-German/1957?Year=2013,20160331154330,single-source
2146,2015,atleticos_san_german,5,180,PG,Rosas Samuel,latinbasket,http://basketball.latinbasket.com:80/team/Puerto-Rico/Atleticos-de-San-German/1957?Year=2015,20160330150110,single-source
2146,2016,brujos_guayama,5,180,PG,Samuel Rosas,latinbasket,http://basketball.latinbasket.com:80/team/Puerto-Rico/Brujos-de-Guayama/2634?,20160813195450,single-source
2290,2009,capitanes_arecibo,10,184,G,Pagan Wilfredo,latinbasket,http://basketball.latinbasket.com:80/team/Puerto-Rico/Capitanes_de_Arecibo/2187?Year=2009,20150110124304,single-source
2290,2010,cangrejeros_santurce,10,184,G,Pagan Wilfredo,latinbasket,http://basketball.latinbasket.com:80/team/Puerto-Rico/Cangrejeros_de_Santurce/2635?Year=2010,20140110084826,single-source
2290,2011,cangrejeros_santurce,10,184,G,Pagan Wilfredo,latinbasket,http://basketball.latinbasket.com:80/team/Puerto-Rico/Cangrejeros_de_Santurce/2635?Year=2011,20140110084831,single-source
2290,2013,cangrejeros_santurce,,184,PG,Pagan Wilfredo,latinbasket,http://basketball.latinbasket.com:80/team/Puerto-Rico/Cangrejeros_de_Santurce/2635?Year=2013,20140110084836,single-source
2309,2009,caciques_humacao,11,207,F,Orozco William,latinbasket,http://basketball.latinbasket.com:80/team/Puerto-Rico/Caciques_de_Humacao/1901?Year=2009,20140504034146,single-source
2309,2010,caciques_humacao,11,207,F,Orozco William,latinbasket,http://basketball.latinbasket.com:80/team/Puerto-Rico/Caciques_de_Humacao/1901?Year=2010,20140504034152,single-source
2309,2011,capitanes_arecibo,11,201,F,Orozco William,latinbasket,http://basketball.latinbasket.com:80/team/Puerto-Rico/Capitanes_de_Arecibo/2187?Year=2011,20150110124318,single-source
2309,2013,cangrejeros_santurce,,201,F,Orozco William,latinbasket,http://basketball.latinbasket.com:80/team/Puerto-Rico/Cangrejeros_de_Santurce/2635?Year=2013,20140110084836,single-source
2309,2015,piratas_quebradillas,,201,F,William Orozco,latinbasket,http://basketball.latinbasket.com:80/team/Puerto-Rico/Piratas_de_Quebradillas/20147,20150416045639,single-source
2309,2016,caciques_humacao,20,201,F,William Orozco,latinbasket,http://basketball.latinbasket.com:80/team/Puerto-Rico/Caciques-de-Humacao/1901?,20160813193526,single-source
2309,2018,atleticos_san_german,20,201,F,William Orozco,latinbasket,http://basketball.latinbasket.com/team/Puerto-Rico/Atleticos-de-San-German/1957?Page=1,20180521021055,single-source
2336,2010,cangrejeros_santurce,31,201,F,Colon Benjamin,latinbasket,http://basketball.latinbasket.com:80/team/Puerto-Rico/Cangrejeros_de_Santurce/2635?Year=2010,20140110084826,single-source
2336,2015,brujos_guayama,,201,F,Benjamin Colon,latinbasket,http://basketball.latinbasket.com:80/team/Puerto-Rico/Brujos_de_Guayama/2634,20150421134809,single-source
2336,2018,vaqueros_bayamon,2,201,F,Benjamin Colon,latinbasket,https://basketball.latinbasket.com/team/Puerto-Rico/Vaqueros-de-Bayamon/1677,20181012124041,single-source
2336,2019,vaqueros_bayamon,2,201,F,Benjamin Colon,latinbasket,https://basketball.latinbasket.com/team/Puerto-Rico/Vaqueros-de-Bayamon/1677,20190701050249,single-source
2353,2015,vaqueros_bayamon,42,196,F,Valencia Florentino,latinbasket,http://basketball.latinbasket.com:80/team/Puerto-Rico/Vaqueros-de-Bayamon/1677?Year=2015,20160517223025,single-source
2353,2016,indios_mayaguez,42,196,F,Florentino Valencia,latinbasket,http://basketball.latinbasket.com:80/team/Puerto-Rico/Indios-de-Mayaguez/10936,20161220062544,single-source
2353,2017,capitanes_arecibo,50,196,F,Valencia Florentino,latinbasket,http://basketball.latinbasket.com/team/Puerto-Rico/Capitanes-de-Arecibo/2187?Year=2016-2017,20170703152251,single-source
2353,2018,capitanes_arecibo,50,196,F,Valencia Florentino,latinbasket,http://basketball.latinbasket.com/team/Puerto-Rico/Capitanes-de-Arecibo/2187?Page=1&Year=2017-2018,20171115170726,single-source
2354,2009,atleticos_san_german,1,193,G,Pellot-Rosa Jesse,latinbasket,http://basketball.latinbasket.com:80/team/Puerto-Rico/Atleticos-de-San-German/1957?Year=2009,20160401114423,single-source
2354,2011,atleticos_san_german,14,193,G,Pellot-Rosa Jesse,latinbasket,http://basketball.latinbasket.com:80/team/Puerto-Rico/Atleticos-de-San-German/1957?Year=2011,20160401120859,single-source
2354,2012,atleticos_san_german,1,193,G,Pellot-Rosa Jesse,latinbasket,http://basketball.latinbasket.com:80/team/Puerto-Rico/Atleticos-de-San-German/1957?Year=2012,20160331154649,single-source
2354,2016,vaqueros_bayamon,10,193,G,Jesse Pellot-Rosa,latinbasket,http://basketball.latinbasket.com:80/team/Puerto-Rico/Vaqueros-de-Bayamon/1677,20160918155639,single-source
2355,2013,vaqueros_bayamon,,190,G,Javier Mojica,latinbasket,http://basketball.latinbasket.com:80/team/Puerto-Rico/Vaqueros_de_Bayamon/1677,20131122110707,single-source
2355,2014,cangrejeros_santurce,,190,SG,Javier Mojica,latinbasket,http://basketball.latinbasket.com:80/team/Puerto-Rico/Cangrejeros_de_Santurce/2635,20141016232747,single-source
2355,2015,cangrejeros_santurce,,190,SG,Javier Mojica,latinbasket,http://basketball.latinbasket.com:80/team/Puerto-Rico/Cangrejeros_de_Santurce/2635,20150516202755,single-source
2355,2016,cangrejeros_santurce,44,190,SG,Javier Mojica,latinbasket,http://basketball.latinbasket.com:80/team/Puerto-Rico/Cangrejeros_de_Santurce/2635,20160918132100,single-source
2355,2017,piratas_quebradillas,44,190,SG,Javier Mojica,latinbasket,http://basketball.latinbasket.com/team/Puerto-Rico/Piratas_de_Quebradillas/20147?Page=1,20171105001102,single-source
2355,2018,vaqueros_bayamon,44,190,SG,Javier Mojica,latinbasket,https://basketball.latinbasket.com/team/Puerto-Rico/Vaqueros-de-Bayamon/1677,20181012124041,single-source
2355,2019,vaqueros_bayamon,44,190,SG,Javier Mojica,latinbasket,https://basketball.latinbasket.com/team/Puerto-Rico/Vaqueros-de-Bayamon/1677,20190701050249,single-source
2356,2016,cangrejeros_santurce,14,193,PG,Kevin Hamilton,latinbasket,http://basketball.latinbasket.com:80/team/Puerto-Rico/Cangrejeros_de_Santurce/2635,20160918132100,single-source
2360,2009,atleticos_san_german,21,213,C,Dyer Alphonse,latinbasket,http://basketball.latinbasket.com:80/team/Puerto-Rico/Atleticos-de-San-German/1957?Year=2009,20160401114423,single-source
2360,2010,atleticos_san_german,21,213,C,Dyer Alphonse,latinbasket,http://basketball.latinbasket.com:80/team/Puerto-Rico/Atleticos-de-San-German/1957?Year=2010,20160331180338,single-source
2360,2011,atleticos_san_german,15,213,F/C,Dyer Alphonse,latinbasket,http://basketball.latinbasket.com:80/team/Puerto-Rico/Atleticos-de-San-German/1957?Year=2011,20160401120859,single-source
2360,2012,caciques_humacao,21,213,F/C,Dyer Alphonse,latinbasket,http://basketball.latinbasket.com:80/team/Puerto-Rico/Caciques_de_Humacao/1901?Year=2012,20140504033943,single-source
2360,2013,vaqueros_bayamon,,213,F/C,Alphonse Dyer,latinbasket,http://basketball.latinbasket.com:80/team/Puerto-Rico/Vaqueros_de_Bayamon/1677,20131122110707,single-source
2363,2009,caciques_humacao,1,179,G,Torres Dario,latinbasket,http://basketball.latinbasket.com:80/team/Puerto-Rico/Caciques_de_Humacao/1901?Year=2009,20140504034146,single-source
2363,2010,cangrejeros_santurce,,179,G,Torres Dario,latinbasket,http://basketball.latinbasket.com:80/team/Puerto-Rico/Cangrejeros_de_Santurce/2635?Year=2010,20140110084826,single-source
2367,2013,indios_mayaguez,,191,G,Cliff Duran,latinbasket,http://basketball.latinbasket.com:80/team/Puerto-Rico/Indios_de_Mayaguez/10936,20131117123350,single-source
2367,2014,indios_mayaguez,,191,G,Cliff Duran,latinbasket,http://basketball.latinbasket.com:80/team/Puerto-Rico/Indios_de_Mayaguez/10936,20140918102201,single-source
2367,2015,indios_mayaguez,,191,G,Cliff Duran,latinbasket,http://basketball.latinbasket.com:80/team/Puerto-Rico/Indios_de_Mayaguez/10936,20150516181941,single-source
2367,2016,caciques_humacao,7,191,G,Cliff Duran,latinbasket,http://basketball.latinbasket.com:80/team/Puerto-Rico/Caciques-de-Humacao/1901?,20160813193526,single-source
2367,2018,leones_ponce,7,191,G,Cliff Duran,latinbasket,https://basketball.latinbasket.com/team/Puerto-Rico/Leones-de-Ponce/1954,20181012123736,single-source
2371,2011,atleticos_san_german,12,177,PG,Copeland Donald,latinbasket,http://basketball.latinbasket.com:80/team/Puerto-Rico/Atleticos-de-San-German/1957?Year=2011,20160401120859,single-source
2373,2013,leones_ponce,,188,G,Kortright Jonathan,latinbasket,http://basketball.latinbasket.com:80/team/Puerto-Rico/Leones_de_Ponce/1954?Year=2013,20140122015914,single-source
2374,2009,capitanes_arecibo,7,193,G/F,Ramirez Edgardo,latinbasket,http://basketball.latinbasket.com:80/team/Puerto-Rico/Capitanes_de_Arecibo/2187?Year=2009,20150110124304,single-source
2374,2010,capitanes_arecibo,07,193,G/F,Ramirez Edgardo,latinbasket,http://basketball.latinbasket.com:80/team/Puerto-Rico/Capitanes_de_Arecibo/2187?Year=2010,20150110124312,single-source
2374,2011,capitanes_arecibo,7,193,G/F,Ramirez Edgardo,latinbasket,http://basketball.latinbasket.com:80/team/Puerto-Rico/Capitanes_de_Arecibo/2187?Year=2011,20150110124318,single-source
2374,2012,capitanes_arecibo,7,193,G/F,Ramirez Edgardo,latinbasket,http://basketball.latinbasket.com:80/team/Puerto-Rico/Capitanes_de_Arecibo/2187?Year=2012,20150110124323,single-source
2374,2013,capitanes_arecibo,7,193,G/F,Ramirez Edgardo,latinbasket,http://basketball.latinbasket.com:80/team/Puerto-Rico/Capitanes_de_Arecibo/2187?Year=2013,20150110124328,single-source
2375,2016,capitanes_arecibo,12,191,G,Joel Nieves,latinbasket,http://basketball.latinbasket.com:80/team/Puerto-Rico/Capitanes-de-Arecibo/2187,20160709120133,single-source
2375,2017,brujos_guayama,33,191,G,Joel Nieves,latinbasket,http://basketball.latinbasket.com:80/team/Puerto-Rico/Brujos-de-Guayama/2634?Page=1,20170711054328,single-source
2377,2012,caciques_humacao,6,195,G/F,Sanchez Kennel,latinbasket,http://basketball.latinbasket.com:80/team/Puerto-Rico/Caciques_de_Humacao/1901?Year=2012,20140504033943,single-source
2377,2013,caciques_humacao,,195,G/F,Sanchez Kennel,latinbasket,http://basketball.latinbasket.com:80/team/Puerto-Rico/Caciques_de_Humacao/1901?Year=2013,20140504034205,single-source
2380,2010,caciques_humacao,34,183,G,Erazo Armando,latinbasket,http://basketball.latinbasket.com:80/team/Puerto-Rico/Caciques_de_Humacao/1901?Year=2010,20140504034152,single-source
2380,2011,caciques_humacao,11,183,PG,Erazo Armando,latinbasket,http://basketball.latinbasket.com:80/team/Puerto-Rico/Caciques_de_Humacao/1901?Year=2011,20140504033923,single-source
2386,2009,capitanes_arecibo,20,193,G,Villegas Johwen,latinbasket,http://basketball.latinbasket.com:80/team/Puerto-Rico/Capitanes_de_Arecibo/2187?Year=2009,20150110124304,single-source
2386,2010,atleticos_san_german,22,193,G,Villegas Johwen,latinbasket,http://basketball.latinbasket.com:80/team/Puerto-Rico/Atleticos-de-San-German/1957?Year=2010,20160331180338,single-source
2386,2017,vaqueros_bayamon,22,193,F,Johwen Villegas,latinbasket,http://basketball.latinbasket.com/team/Puerto-Rico/Vaqueros_de_Bayamon/1677?Page=1,20171104223840,single-source
2386,2019,capitanes_arecibo,22,193,F,Johwen Villegas,latinbasket,https://basketball.latinbasket.com/team/Puerto-Rico/Capitanes-de-Arecibo/2187,20190325112059,single-source
2398,2009,cangrejeros_santurce,25,183,G,Gonzalez Miguel,latinbasket,http://basketball.latinbasket.com:80/team/Puerto-Rico/Cangrejeros_de_Santurce/2635?Year=2009,20140110084821,single-source
2398,2010,cangrejeros_santurce,01,183,G,Gonzalez Miguel,latinbasket,http://basketball.latinbasket.com:80/team/Puerto-Rico/Cangrejeros_de_Santurce/2635?Year=2010,20140110084826,single-source
2398,2011,cangrejeros_santurce,04,183,G,Gonzalez Miguel,latinbasket,http://basketball.latinbasket.com:80/team/Puerto-Rico/Cangrejeros_de_Santurce/2635?Year=2011,20140110084831,single-source
2417,2015,indios_mayaguez,,206,C,Elton Brown,latinbasket,http://basketball.latinbasket.com:80/team/Puerto-Rico/Indios_de_Mayaguez/10936,20150516181941,single-source
2423,2015,vaqueros_bayamon,13,203,F/C,McGhee Aaron,latinbasket,http://basketball.latinbasket.com:80/team/Puerto-Rico/Vaqueros-de-Bayamon/1677?Year=2015,20160517223025,single-source
2429,2011,capitanes_arecibo,30,201,F,Bracey Bryan,latinbasket,http://basketball.latinbasket.com:80/team/Puerto-Rico/Capitanes_de_Arecibo/2187?Year=2011,20150110124318,single-source
2434,2009,capitanes_arecibo,53,203,F,Fizer Marcus,latinbasket,http://basketball.latinbasket.com:80/team/Puerto-Rico/Capitanes_de_Arecibo/2187?Year=2009,20150110124304,single-source
2457,2015,atenienses_manati,,206,F/C,Ekenechukwu Ibekwe,latinbasket,http://basketball.latinbasket.com:80/team/Puerto-Rico/Atenienses_de_Manati/1963,20150513020841,single-source
2458,2011,atleticos_san_german,,208,F,Rice Darius,latinbasket,http://basketball.latinbasket.com:80/team/Puerto-Rico/Atleticos-de-San-German/1957?Year=2011,20160401120859,single-source
2459,2017,cariduros_fajardo,31,203,F,Nathan Peavy,latinbasket,http://basketball.latinbasket.com/team/Puerto-Rico/Cariduros_de_Fajardo/10934?Page=1,20171104130224,single-source
2461,2009,leones_ponce,5,188,G,Lebron Jorge,latinbasket,http://basketball.latinbasket.com:80/team/Puerto-Rico/Leones_de_Ponce/1954?Year=2009,20140122015854,single-source
2461,2010,caciques_humacao,05,188,G,Lebron Jorge,latinbasket,http://basketball.latinbasket.com:80/team/Puerto-Rico/Caciques_de_Humacao/1901?Year=2010,20140504034152,single-source
2461,2013,atleticos_san_german,,188,G,Lebron Jorge,latinbasket,http://basketball.latinbasket.com:80/team/Puerto-Rico/Atleticos-de-San-German/1957?Year=2013,20160331154330,single-source
2462,2009,leones_ponce,50,210,C/F,Dixon Nigel,latinbasket,http://basketball.latinbasket.com:80/team/Puerto-Rico/Leones_de_Ponce/1954?Year=2009,20140122015854,single-source
2463,2009,atleticos_san_german,12,186,G,Andino Guillermo,latinbasket,http://basketball.latinbasket.com:80/team/Puerto-Rico/Atleticos-de-San-German/1957?Year=2009,20160401114423,single-source
2463,2010,atleticos_san_german,16,186,G,Andino Guillermo,latinbasket,http://basketball.latinbasket.com:80/team/Puerto-Rico/Atleticos-de-San-German/1957?Year=2010,20160331180338,single-source
2464,2010,atleticos_san_german,23,198,G/F,Andino Jose,latinbasket,http://basketball.latinbasket.com:80/team/Puerto-Rico/Atleticos-de-San-German/1957?Year=2010,20160331180338,single-source
2465,2015,brujos_guayama,,185,G,Darnell Hinson,latinbasket,http://basketball.latinbasket.com:80/team/Puerto-Rico/Brujos_de_Guayama/2634,20150421134809,single-source
2465,2016,brujos_guayama,6,185,G,Darnell Hinson,latinbasket,http://basketball.latinbasket.com:80/team/Puerto-Rico/Brujos-de-Guayama/2634?,20160813195450,single-source
2465,2017,brujos_guayama,6,185,G,Darnell Hinson,latinbasket,http://basketball.latinbasket.com:80/team/Puerto-Rico/Brujos-de-Guayama/2634?Page=1,20170711054328,single-source
2466,2009,caciques_humacao,34,194,G,Life James,latinbasket,http://basketball.latinbasket.com:80/team/Puerto-Rico/Caciques_de_Humacao/1901?Year=2009,20140504034146,single-source
2466,2011,caciques_humacao,05,194,G,Life James,latinbasket,http://basketball.latinbasket.com:80/team/Puerto-Rico/Caciques_de_Humacao/1901?Year=2011,20140504033923,single-source
2466,2012,caciques_humacao,,194,G,Life James,latinbasket,http://basketball.latinbasket.com:80/team/Puerto-Rico/Caciques_de_Humacao/1901?Year=2012,20140504033943,single-source
2476,2014,capitanes_arecibo,,206,F,Angel Alamo,latinbasket,http://basketball.latinbasket.com:80/team/Puerto-Rico/Capitanes_de_Arecibo/2187,20141015195216,single-source
2476,2016,capitanes_arecibo,,206,,Angel Alamo,latinbasket,http://basketball.latinbasket.com:80/team/Puerto-Rico/Capitanes-de-Arecibo/2187,20160709120133,single-source
2476,2017,capitanes_arecibo,7,206,F,Alamo Angel,latinbasket,http://basketball.latinbasket.com/team/Puerto-Rico/Capitanes-de-Arecibo/2187?Year=2016-2017,20170703152251,single-source
2476,2018,capitanes_arecibo,7,206,F,Alamo Angel,latinbasket,http://basketball.latinbasket.com/team/Puerto-Rico/Capitanes-de-Arecibo/2187?Page=1&Year=2017-2018,20171115170726,single-source
2476,2018,piratas_quebradillas,,206,,Angel Alamo,latinbasket,https://basketball.latinbasket.com/team/Puerto-Rico/Piratas-de-Quebradillas/20147,20181012123815,single-source
2476,2020,mets_guaynabo,77,206,F,Angel Alamo,latinbasket,https://basketball.latinbasket.com/team/Puerto-Rico/Mets-de-Guaynabo/9280,20200716011902,single-source
2486,2010,caciques_humacao,12,196,F,Lopez Jose,latinbasket,http://basketball.latinbasket.com:80/team/Puerto-Rico/Caciques_de_Humacao/1901?Year=2010,20140504034152,single-source
2486,2012,caciques_humacao,12,196,F,Lopez Jose,latinbasket,http://basketball.latinbasket.com:80/team/Puerto-Rico/Caciques_de_Humacao/1901?Year=2012,20140504033943,single-source
2486,2013,caciques_humacao,22,196,F,Lopez Jose,latinbasket,http://basketball.latinbasket.com:80/team/Puerto-Rico/Caciques_de_Humacao/1901?Year=2013,20140504034205,single-source
2511,2010,atleticos_san_german,09,178,G,Abraham Ryann,latinbasket,http://basketball.latinbasket.com:80/team/Puerto-Rico/Atleticos-de-San-German/1957?Year=2010,20160331180338,single-source
2511,2011,atleticos_san_german,9,178,PG,Abraham Ryann,latinbasket,http://basketball.latinbasket.com:80/team/Puerto-Rico/Atleticos-de-San-German/1957?Year=2011,20160401120859,single-source
2511,2013,vaqueros_bayamon,,178,PG,Ryann Abraham,latinbasket,http://basketball.latinbasket.com:80/team/Puerto-Rico/Vaqueros_de_Bayamon/1677,20131122110707,single-source
2511,2015,caciques_humacao,,178,PG,Ryann Abraham,latinbasket,http://basketball.latinbasket.com:80/team/Puerto-Rico/Caciques_de_Humacao/1901?,20150516202507,single-source
2511,2015,vaqueros_bayamon,23,178,PG,Abraham Ryann,latinbasket,http://basketball.latinbasket.com:80/team/Puerto-Rico/Vaqueros-de-Bayamon/1677?Year=2015,20160517223025,single-source
2513,2017,vaqueros_bayamon,68,185,PG,Javier Gonzalez,latinbasket,http://basketball.latinbasket.com/team/Puerto-Rico/Vaqueros_de_Bayamon/1677?Page=1,20171104223840,single-source
2513,2018,vaqueros_bayamon,6,185,PG,Javier Gonzalez,latinbasket,https://basketball.latinbasket.com/team/Puerto-Rico/Vaqueros-de-Bayamon/1677,20181012124041,single-source
2513,2019,brujos_guayama,6,185,PG,Javier Gonzalez,latinbasket,https://basketball.latinbasket.com/team/Puerto-Rico/Brujos-de-Guayama/2634,20190721093624,single-source
2514,2010,cangrejeros_santurce,15,183,G,Hodge Walter,latinbasket,http://basketball.latinbasket.com:80/team/Puerto-Rico/Cangrejeros_de_Santurce/2635?Year=2010,20140110084826,single-source
2514,2016,capitanes_arecibo,6,183,PG,Walter Hodge,latinbasket,http://basketball.latinbasket.com:80/team/Puerto-Rico/Capitanes-de-Arecibo/2187,20160709120133,single-source
2514,2018,capitanes_arecibo,15,183,PG,Hodge Walter,latinbasket,http://basketball.latinbasket.com/team/Puerto-Rico/Capitanes-de-Arecibo/2187?Page=1&Year=2017-2018,20171115170726,single-source
2516,2013,leones_ponce,,196,F,Rodriguez Jonathan,latinbasket,http://basketball.latinbasket.com:80/team/Puerto-Rico/Leones_de_Ponce/1954?Year=2013,20140122015914,single-source
2516,2019,santeros_aguada,13,196,G/F,Jonathan Rodriguez,latinbasket,https://basketball.latinbasket.com/team/Puerto-Rico/Santeros-de-Aguada/1976,20190721090536,single-source
2517,2013,capitanes_arecibo,8,198,G/F,Vassallo Angel Daniel,latinbasket,http://basketball.latinbasket.com:80/team/Puerto-Rico/Capitanes_de_Arecibo/2187?Year=2013,20150110124328,single-source
2517,2014,leones_ponce,,198,G/F,Angel Daniel Vassallo,latinbasket,http://basketball.latinbasket.com:80/team/Puerto-Rico/Leones_de_Ponce/1954,20141015195236,single-source
2517,2017,leones_ponce,40,198,G/F,Vassallo Angel Daniel,latinbasket,http://basketball.latinbasket.com/team/Puerto-Rico/Leones-de-Ponce/1954?Year=2016-2017,20170703122929,single-source
2517,2018,leones_ponce,8,198,G/F,Angel Daniel Vassallo,latinbasket,https://basketball.latinbasket.com/team/Puerto-Rico/Leones-de-Ponce/1954,20181012123736,single-source
2517,2019,leones_ponce,40,198,G/F,Angel Daniel Vassallo,latinbasket,https://basketball.latinbasket.com/team/Puerto-Rico/Leones-de-Ponce/1954,20190721092056,single-source
2521,2015,atleticos_san_german,4,208,F,Lopez-Sosa Carlos,latinbasket,http://basketball.latinbasket.com:80/team/Puerto-Rico/Atleticos-de-San-German/1957?Year=2015,20160330150110,single-source
2521,2016,atleticos_san_german,4,208,F,Lopez-Sosa Carlos,latinbasket,http://basketball.latinbasket.com:80/team/Puerto-Rico/Atleticos-de-San-German/1957?Year=2016,20160330140340,single-source
2521,2017,atleticos_san_german,4,208,F,Carlos Lopez-Sosa,latinbasket,http://basketball.latinbasket.com:80/team/Puerto-Rico/Atleticos-de-San-German/1957?Page=1,20170803204823,single-source
2521,2018,atleticos_san_german,21,208,F,Carlos Lopez-Sosa,latinbasket,http://basketball.latinbasket.com/team/Puerto-Rico/Atleticos-de-San-German/1957?Page=1,20180521021055,single-source
2521,2019,capitanes_arecibo,23,208,F,Carlos Lopez-Sosa,latinbasket,https://basketball.latinbasket.com/team/Puerto-Rico/Capitanes-de-Arecibo/2187,20190325112059,single-source
2555,2013,caciques_humacao,,192,G,Graham Paul,latinbasket,http://basketball.latinbasket.com:80/team/Puerto-Rico/Caciques_de_Humacao/1901?Year=2013,20140504034205,single-source
2555,2015,piratas_quebradillas,,196,SG,Paul Graham,latinbasket,http://basketball.latinbasket.com:80/team/Puerto-Rico/Piratas_de_Quebradillas/20147,20150416045639,single-source
2555,2017,atleticos_san_german,25,196,SG,Paul Graham,latinbasket,http://basketball.latinbasket.com:80/team/Puerto-Rico/Atleticos-de-San-German/1957?Page=1,20170803204823,single-source
2557,2009,atleticos_san_german,11,194,G,Osimani Martin,latinbasket,http://basketball.latinbasket.com:80/team/Puerto-Rico/Atleticos-de-San-German/1957?Year=2009,20160401114423,single-source
2558,2009,atleticos_san_german,15,207,C,Wolkowisky Ruben,latinbasket,http://basketball.latinbasket.com:80/team/Puerto-Rico/Atleticos-de-San-German/1957?Year=2009,20160401114423,single-source
2560,2009,atleticos_san_german,4,180,G,Ramirez Luis Steven,latinbasket,http://basketball.latinbasket.com:80/team/Puerto-Rico/Atleticos-de-San-German/1957?Year=2009,20160401114423,single-source
2560,2010,atleticos_san_german,04,180,G,Ramirez Luis Steven,latinbasket,http://basketball.latinbasket.com:80/team/Puerto-Rico/Atleticos-de-San-German/1957?Year=2010,20160331180338,single-source
2560,2013,indios_mayaguez,,181,PG,Luis Steven Ramirez,latinbasket,http://basketball.latinbasket.com:80/team/Puerto-Rico/Indios_de_Mayaguez/10936,20131117123350,single-source
2560,2014,indios_mayaguez,,181,PG,Luis Steven Ramirez,latinbasket,http://basketball.latinbasket.com:80/team/Puerto-Rico/Indios_de_Mayaguez/10936,20140918102201,single-source
2560,2016,indios_mayaguez,6,181,PG,Luis Steven Ramirez,latinbasket,http://basketball.latinbasket.com:80/team/Puerto-Rico/Indios-de-Mayaguez/10936,20161220062544,single-source
2560,2017,indios_mayaguez,6,181,PG,Luis Steven Ramirez,latinbasket,http://basketball.latinbasket.com/team/Puerto-Rico/Indios_de_Mayaguez/10936?Page=1,20171104080231,single-source
2565,2009,caciques_humacao,31,207,F,Guitian Jose,latinbasket,http://basketball.latinbasket.com:80/team/Puerto-Rico/Caciques_de_Humacao/1901?Year=2009,20140504034146,single-source
2565,2010,caciques_humacao,24,207,F,Guitian Jose,latinbasket,http://basketball.latinbasket.com:80/team/Puerto-Rico/Caciques_de_Humacao/1901?Year=2010,20140504034152,single-source
2565,2012,atleticos_san_german,24,207,F,Guitian Jose,latinbasket,http://basketball.latinbasket.com:80/team/Puerto-Rico/Atleticos-de-San-German/1957?Year=2012,20160331154649,single-source
2565,2013,atleticos_san_german,,207,F,Guitian Jose,latinbasket,http://basketball.latinbasket.com:80/team/Puerto-Rico/Atleticos-de-San-German/1957?Year=2013,20160331154330,single-source
2565,2015,maratonistas_coamo,,207,F,Jose Guitian,latinbasket,http://basketball.latinbasket.com:80/team/Puerto-Rico/Maratonistas_de_Coamo/1976,20150516113803,single-source
2565,2016,santeros_aguada,24,207,F,Guitian Jose,latinbasket,http://basketball.latinbasket.com:80/team/Puerto-Rico/Santeros-de-Aguada/1976?Year=2016,20160517211325,single-source
2565,2019,leones_ponce,17,207,F,Jose Guitian,latinbasket,https://basketball.latinbasket.com/team/Puerto-Rico/Leones-de-Ponce/1954,20190721092056,single-source
2568,2010,cangrejeros_santurce,,178,G,Cruz Dane,latinbasket,http://basketball.latinbasket.com:80/team/Puerto-Rico/Cangrejeros_de_Santurce/2635?Year=2010,20140110084826,single-source
2570,2014,capitanes_arecibo,,185,PG,Francis Jonathan Han,latinbasket,http://basketball.latinbasket.com:80/team/Puerto-Rico/Capitanes_de_Arecibo/2187,20141015195216,single-source
2570,2015,caciques_humacao,,185,PG,Francis Jonathan Han,latinbasket,http://basketball.latinbasket.com:80/team/Puerto-Rico/Caciques_de_Humacao/1901?,20150516202507,single-source
2570,2018,santeros_aguada,7,185,PG,Francis Jonathan Han,latinbasket,https://basketball.latinbasket.com/team/Puerto-Rico/Santeros-de-Aguada/1976,20181012124014,single-source
2570,2019,vaqueros_bayamon,7,185,PG,Francis Jonathan Han,latinbasket,https://basketball.latinbasket.com/team/Puerto-Rico/Vaqueros-de-Bayamon/1677,20190701050249,single-source
2570,2020,mets_guaynabo,10,185,PG,Francis Jonathan Han,latinbasket,https://basketball.latinbasket.com/team/Puerto-Rico/Mets-de-Guaynabo/9280,20200716011902,single-source
2573,2013,vaqueros_bayamon,,188,G,Raymond Barbosa,latinbasket,http://basketball.latinbasket.com:80/team/Puerto-Rico/Vaqueros_de_Bayamon/1677,20131122110707,single-source
2574,2010,cangrejeros_santurce,34,203,G/F,Gonzalez Christopher,latinbasket,http://basketball.latinbasket.com:80/team/Puerto-Rico/Cangrejeros_de_Santurce/2635?Year=2010,20140110084826,single-source
2575,2009,cangrejeros_santurce,54,203,F,Nelson Edward,latinbasket,http://basketball.latinbasket.com:80/team/Puerto-Rico/Cangrejeros_de_Santurce/2635?Year=2009,20140110084821,single-source
2576,2009,caciques_humacao,50,208,F/C,Looby Kurt,latinbasket,http://basketball.latinbasket.com:80/team/Puerto-Rico/Caciques_de_Humacao/1901?Year=2009,20140504034146,single-source
2577,2009,caciques_humacao,44,203,F,Meeking Antonio,latinbasket,http://basketball.latinbasket.com:80/team/Puerto-Rico/Caciques_de_Humacao/1901?Year=2009,20140504034146,single-source
2580,2009,leones_ponce,55,204,F,Nailon Lee,latinbasket,http://basketball.latinbasket.com:80/team/Puerto-Rico/Leones_de_Ponce/1954?Year=2009,20140122015854,single-source
2580,2010,leones_ponce,88,204,F,Nailon Lee,latinbasket,http://basketball.latinbasket.com:80/team/Puerto-Rico/Leones_de_Ponce/1954?Year=2010,20140122015859,single-source
2588,2009,atleticos_san_german,23,191,G,Martinez Carlos,latinbasket,http://basketball.latinbasket.com:80/team/Puerto-Rico/Atleticos-de-San-German/1957?Year=2009,20160401114423,single-source
2588,2016,santeros_aguada,6,191,G,Martinez Carlos,latinbasket,http://basketball.latinbasket.com:80/team/Puerto-Rico/Santeros-de-Aguada/1976?Year=2016,20160517211325,single-source
2588,2017,atleticos_san_german,6,191,G,Carlos Martinez,latinbasket,http://basketball.latinbasket.com:80/team/Puerto-Rico/Atleticos-de-San-German/1957?Page=1,20170803204823,single-source
2599,2011,capitanes_arecibo,12,196,G,Pinnock Danilo,latinbasket,http://basketball.latinbasket.com:80/team/Puerto-Rico/Capitanes_de_Arecibo/2187?Year=2011,20150110124318,single-source
2599,2012,capitanes_arecibo,24,196,G,Pinnock Danilo,latinbasket,http://basketball.latinbasket.com:80/team/Puerto-Rico/Capitanes_de_Arecibo/2187?Year=2012,20150110124323,single-source
2600,2010,leones_ponce,55,206,G,Johnson DerMarr,latinbasket,http://basketball.latinbasket.com:80/team/Puerto-Rico/Leones_de_Ponce/1954?Year=2010,20140122015859,single-source
2604,2013,capitanes_arecibo,9,183,G,Soto Josue,latinbasket,http://basketball.latinbasket.com:80/team/Puerto-Rico/Capitanes_de_Arecibo/2187?Year=2013,20150110124328,single-source
2615,2010,caciques_humacao,50,211,C,Penn Kleon,latinbasket,http://basketball.latinbasket.com:80/team/Puerto-Rico/Caciques_de_Humacao/1901?Year=2010,20140504034152,single-source
2615,2011,caciques_humacao,16,211,C,Penn Kleon,latinbasket,http://basketball.latinbasket.com:80/team/Puerto-Rico/Caciques_de_Humacao/1901?Year=2011,20140504033923,single-source
2615,2013,caciques_humacao,,213,C,Penn Kleon,latinbasket,http://basketball.latinbasket.com:80/team/Puerto-Rico/Caciques_de_Humacao/1901?Year=2013,20140504034205,single-source
2615,2015,vaqueros_bayamon,50,213,C,Penn Kleon,latinbasket,http://basketball.latinbasket.com:80/team/Puerto-Rico/Vaqueros-de-Bayamon/1677?Year=2015,20160517223025,single-source
2615,2017,brujos_guayama,50,213,C,Kleon Penn,latinbasket,http://basketball.latinbasket.com:80/team/Puerto-Rico/Brujos-de-Guayama/2634?Page=1,20170711054328,single-source
2615,2019,brujos_guayama,15,213,C,Kleon Penn,latinbasket,https://basketball.latinbasket.com/team/Puerto-Rico/Brujos-de-Guayama/2634,20190721093624,single-source
2623,2013,indios_mayaguez,,201,F,Markus Mitchell,latinbasket,http://basketball.latinbasket.com:80/team/Puerto-Rico/Indios_de_Mayaguez/10936,20131117123350,single-source
2623,2014,indios_mayaguez,,201,F,Markus Mitchell,latinbasket,http://basketball.latinbasket.com:80/team/Puerto-Rico/Indios_de_Mayaguez/10936,20140918102201,single-source
2628,2011,cangrejeros_santurce,20,191,F,Morales Luis Damian,latinbasket,http://basketball.latinbasket.com:80/team/Puerto-Rico/Cangrejeros_de_Santurce/2635?Year=2011,20140110084831,single-source
2628,2014,indios_mayaguez,,191,F,Luis Damian Morales,latinbasket,http://basketball.latinbasket.com:80/team/Puerto-Rico/Indios_de_Mayaguez/10936,20140918102201,single-source
2631,2010,leones_ponce,05,197,G,Figueroa Carlos,latinbasket,http://basketball.latinbasket.com:80/team/Puerto-Rico/Leones_de_Ponce/1954?Year=2010,20140122015859,single-source
2631,2013,leones_ponce,,197,G,Figueroa Carlos,latinbasket,http://basketball.latinbasket.com:80/team/Puerto-Rico/Leones_de_Ponce/1954?Year=2013,20140122015914,single-source
2631,2014,leones_ponce,,197,G,Carlos Figueroa,latinbasket,http://basketball.latinbasket.com:80/team/Puerto-Rico/Leones_de_Ponce/1954,20141015195236,single-source
2631,2015,atleticos_san_german,6,197,G,Figueroa Carlos,latinbasket,http://basketball.latinbasket.com:80/team/Puerto-Rico/Atleticos-de-San-German/1957?Year=2015,20160330150110,single-source
2631,2017,atleticos_san_german,8,201,F,Carlos Figueroa,latinbasket,http://basketball.latinbasket.com:80/team/Puerto-Rico/Atleticos-de-San-German/1957?Page=1,20170803204823,single-source
2636,2010,caciques_humacao,32,206,F,Mays James,latinbasket,http://basketball.latinbasket.com:80/team/Puerto-Rico/Caciques_de_Humacao/1901?Year=2010,20140504034152,single-source
2637,2013,vaqueros_bayamon,,198,F,Luis Hernandez,latinbasket,http://basketball.latinbasket.com:80/team/Puerto-Rico/Vaqueros_de_Bayamon/1677,20131122110707,single-source
2637,2015,maratonistas_coamo,,198,F,Luis Hernandez,latinbasket,http://basketball.latinbasket.com:80/team/Puerto-Rico/Maratonistas_de_Coamo/1976,20150516113803,single-source
2637,2016,santeros_aguada,15,198,F,Hernandez Luis,latinbasket,http://basketball.latinbasket.com:80/team/Puerto-Rico/Santeros-de-Aguada/1976?Year=2016,20160517211325,single-source
2637,2018,piratas_quebradillas,15,198,F,Luis Hernandez,latinbasket,https://basketball.latinbasket.com/team/Puerto-Rico/Piratas-de-Quebradillas/20147,20181012123815,single-source
2637,2019,piratas_quebradillas,15,206,F,Luis Hernandez,latinbasket,https://basketball.latinbasket.com/team/Puerto-Rico/Piratas-de-Quebradillas/20147,20190721090530,single-source
2642,2010,atleticos_san_german,33,196,G,Hickerson LeRoy,latinbasket,http://basketball.latinbasket.com:80/team/Puerto-Rico/Atleticos-de-San-German/1957?Year=2010,20160331180338,single-source
2642,2014,atleticos_san_german,,196,G,LeRoy Hickerson,latinbasket,http://basketball.latinbasket.com:80/team/Puerto-Rico/Atleticos_de_San_German/1957,20141027173403,single-source
2645,2010,leones_ponce,55,199,F,Rodgers Leon,latinbasket,http://basketball.latinbasket.com:80/team/Puerto-Rico/Leones_de_Ponce/1954?Year=2010,20140122015859,single-source
2646,2010,leones_ponce,88,205,F/C,Brown Andre,latinbasket,http://basketball.latinbasket.com:80/team/Puerto-Rico/Leones_de_Ponce/1954?Year=2010,20140122015859,single-source
2647,2010,atleticos_san_german,32,191,G,Strong Carlos,latinbasket,http://basketball.latinbasket.com:80/team/Puerto-Rico/Atleticos-de-San-German/1957?Year=2010,20160331180338,single-source
2647,2011,atleticos_san_german,7,191,G,Strong Carlos,latinbasket,http://basketball.latinbasket.com:80/team/Puerto-Rico/Atleticos-de-San-German/1957?Year=2011,20160401120859,single-source
2647,2012,atleticos_san_german,22,191,G,Strong Carlos,latinbasket,http://basketball.latinbasket.com:80/team/Puerto-Rico/Atleticos-de-San-German/1957?Year=2012,20160331154649,single-source
2647,2013,atleticos_san_german,,191,G,Strong Carlos,latinbasket,http://basketball.latinbasket.com:80/team/Puerto-Rico/Atleticos-de-San-German/1957?Year=2013,20160331154330,single-source
2647,2015,indios_mayaguez,,193,G,Carlos Strong,latinbasket,http://basketball.latinbasket.com:80/team/Puerto-Rico/Indios_de_Mayaguez/10936,20150516181941,single-source
2647,2016,brujos_guayama,22,193,G,Carlos Strong,latinbasket,http://basketball.latinbasket.com:80/team/Puerto-Rico/Brujos-de-Guayama/2634?,20160813195450,single-source
2647,2017,capitanes_arecibo,9,193,G,Strong Carlos,latinbasket,http://basketball.latinbasket.com/team/Puerto-Rico/Capitanes-de-Arecibo/2187?Year=2016-2017,20170703152251,single-source
2651,2010,cangrejeros_santurce,54,203,F,Sweetney Michael,latinbasket,http://basketball.latinbasket.com:80/team/Puerto-Rico/Cangrejeros_de_Santurce/2635?Year=2010,20140110084826,single-source
2655,2019,capitanes_arecibo,,196,,Andre Emmett,latinbasket,https://basketball.latinbasket.com/team/Puerto-Rico/Capitanes-de-Arecibo/2187,20190325112059,single-source
2664,2011,cangrejeros_santurce,08,196,G,Chaney Richard,latinbasket,http://basketball.latinbasket.com:80/team/Puerto-Rico/Cangrejeros_de_Santurce/2635?Year=2011,20140110084831,single-source
2664,2015,atleticos_san_german,35,196,G,Chaney Richard,latinbasket,http://basketball.latinbasket.com:80/team/Puerto-Rico/Atleticos-de-San-German/1957?Year=2015,20160330150110,single-source
2664,2015,mets_guaynabo,,196,G,Richard Chaney,latinbasket,http://basketball.latinbasket.com:80/team/Puerto-Rico/Mets_de_Guaynabo/9280?,20150517050747,single-source
2664,2016,piratas_quebradillas,24,196,G,Richard Chaney,latinbasket,http://basketball.latinbasket.com:80/team/Puerto-Rico/Piratas-de-Quebradillas/20147,20160712151212,single-source
2664,2017,piratas_quebradillas,24,196,G,Richard Chaney,latinbasket,http://basketball.latinbasket.com/team/Puerto-Rico/Piratas_de_Quebradillas/20147?Page=1,20171105001102,single-source
2666,2013,capitanes_arecibo,1,188,G,Diaz Guillermo,latinbasket,http://basketball.latinbasket.com:80/team/Puerto-Rico/Capitanes_de_Arecibo/2187?Year=2013,20150110124328,single-source
2666,2014,capitanes_arecibo,,188,G,Guillermo Diaz,latinbasket,http://basketball.latinbasket.com:80/team/Puerto-Rico/Capitanes_de_Arecibo/2187,20141015195216,single-source
2666,2016,capitanes_arecibo,2,188,G,Guillermo Diaz,latinbasket,http://basketball.latinbasket.com:80/team/Puerto-Rico/Capitanes-de-Arecibo/2187,20160709120133,single-source
2666,2017,capitanes_arecibo,1,188,G,Diaz Guillermo,latinbasket,http://basketball.latinbasket.com/team/Puerto-Rico/Capitanes-de-Arecibo/2187?Year=2016-2017,20170703152251,single-source
2666,2019,atleticos_san_german,2,188,G,Guillermo Diaz,latinbasket,https://basketball.latinbasket.com/team/Puerto-Rico/Atleticos-de-San-German/1957,20190721090532,single-source
2668,2011,caciques_humacao,06,202,F,Robinson Brandon,latinbasket,http://basketball.latinbasket.com:80/team/Puerto-Rico/Caciques_de_Humacao/1901?Year=2011,20140504033923,single-source
2672,2011,cangrejeros_santurce,09,203,F,Soto Christian,latinbasket,http://basketball.latinbasket.com:80/team/Puerto-Rico/Cangrejeros_de_Santurce/2635?Year=2011,20140110084831,single-source
2672,2013,caciques_humacao,,203,F,Soto Christian,latinbasket,http://basketball.latinbasket.com:80/team/Puerto-Rico/Caciques_de_Humacao/1901?Year=2013,20140504034205,single-source
2672,2016,cangrejeros_santurce,15,203,F,Christian Soto,latinbasket,http://basketball.latinbasket.com:80/team/Puerto-Rico/Cangrejeros_de_Santurce/2635,20160918132100,single-source
2672,2017,capitanes_arecibo,31,203,F,Soto Christian,latinbasket,http://basketball.latinbasket.com/team/Puerto-Rico/Capitanes-de-Arecibo/2187?Year=2016-2017,20170703152251,single-source
2672,2018,capitanes_arecibo,31,203,F,Soto Christian,latinbasket,http://basketball.latinbasket.com/team/Puerto-Rico/Capitanes-de-Arecibo/2187?Page=1&Year=2017-2018,20171115170726,single-source
2672,2018,vaqueros_bayamon,31,203,F,Christian Soto,latinbasket,https://basketball.latinbasket.com/team/Puerto-Rico/Vaqueros-de-Bayamon/1677,20181012124041,single-source
2675,2013,indios_mayaguez,,182,G,Ruben Cotto,latinbasket,http://basketball.latinbasket.com:80/team/Puerto-Rico/Indios_de_Mayaguez/10936,20131117123350,single-source
2675,2014,indios_mayaguez,,182,G,Ruben Cotto,latinbasket,http://basketball.latinbasket.com:80/team/Puerto-Rico/Indios_de_Mayaguez/10936,20140918102201,single-source
2675,2015,caciques_humacao,,182,G,Ruben Cotto,latinbasket,http://basketball.latinbasket.com:80/team/Puerto-Rico/Caciques_de_Humacao/1901?,20150516202507,single-source
2682,2019,piratas_quebradillas,14,196,F/G,Alexis Colon,latinbasket,https://basketball.latinbasket.com/team/Puerto-Rico/Piratas-de-Quebradillas/20147,20190721090530,single-source
2687,2012,caciques_humacao,52,181,PG,Leon Nick,latinbasket,http://basketball.latinbasket.com:80/team/Puerto-Rico/Caciques_de_Humacao/1901?Year=2012,20140504033943,single-source
2690,2011,atleticos_san_german,52,201,F/C,Lloreda Jaime,latinbasket,http://basketball.latinbasket.com:80/team/Puerto-Rico/Atleticos-de-San-German/1957?Year=2011,20160401120859,single-source
2698,2012,atleticos_san_german,12,178,PG,Rodriguez Joey,latinbasket,http://basketball.latinbasket.com:80/team/Puerto-Rico/Atleticos-de-San-German/1957?Year=2012,20160331154649,single-source
2698,2013,atleticos_san_german,0,178,PG,Rodriguez Joey,latinbasket,http://basketball.latinbasket.com:80/team/Puerto-Rico/Atleticos-de-San-German/1957?Year=2013,20160331154330,single-source
2700,2016,caciques_humacao,14,198,F/G,Edwin Ubiles,latinbasket,http://basketball.latinbasket.com:80/team/Puerto-Rico/Caciques-de-Humacao/1901?,20160813193526,single-source
2700,2018,leones_ponce,35,198,F/G,Edwin Ubiles,latinbasket,https://basketball.latinbasket.com/team/Puerto-Rico/Leones-de-Ponce/1954,20181012123736,single-source
2701,2015,maratonistas_coamo,,200,F,Gilberto Clavell,latinbasket,http://basketball.latinbasket.com:80/team/Puerto-Rico/Maratonistas_de_Coamo/1976,20150516113803,single-source
2701,2016,santeros_aguada,,200,F,Clavell Gilberto,latinbasket,http://basketball.latinbasket.com:80/team/Puerto-Rico/Santeros-de-Aguada/1976?Year=2016,20160517211325,single-source
2701,2017,santeros_aguada,14,200,F,Gilberto Clavell,latinbasket,http://basketball.latinbasket.com/team/Puerto-Rico/Santeros_de_Aguada/1976?Page=1,20171115063608,single-source
2701,2018,santeros_aguada,14,200,F,Gilberto Clavell,latinbasket,https://basketball.latinbasket.com/team/Puerto-Rico/Santeros-de-Aguada/1976,20181012124014,single-source
2702,2013,caciques_humacao,,183,PG,Clemente Denis,latinbasket,http://basketball.latinbasket.com:80/team/Puerto-Rico/Caciques_de_Humacao/1901?Year=2013,20140504034205,single-source
2702,2016,capitanes_arecibo,,183,,Denis Clemente,latinbasket,http://basketball.latinbasket.com:80/team/Puerto-Rico/Capitanes-de-Arecibo/2187,20160709120133,single-source
2702,2017,capitanes_arecibo,16,183,PG,Clemente Denis,latinbasket,http://basketball.latinbasket.com/team/Puerto-Rico/Capitanes-de-Arecibo/2187?Year=2016-2017,20170703152251,single-source
2702,2018,capitanes_arecibo,16,183,PG,Clemente Denis,latinbasket,http://basketball.latinbasket.com/team/Puerto-Rico/Capitanes-de-Arecibo/2187?Page=1&Year=2017-2018,20171115170726,single-source
2702,2019,capitanes_arecibo,16,183,PG,Denis Clemente,latinbasket,https://basketball.latinbasket.com/team/Puerto-Rico/Capitanes-de-Arecibo/2187,20190325112059,single-source
2726,2017,caciques_humacao,5,193,F,Ferdinand Morales,latinbasket,http://basketball.latinbasket.com/team/Puerto-Rico/Gallitos-de-Isabela/1901,20171104075738,single-source
2727,2015,mets_guaynabo,,202,F,Tomas Vazquez-Simmons,latinbasket,http://basketball.latinbasket.com:80/team/Puerto-Rico/Mets_de_Guaynabo/9280?,20150517050747,single-source
2728,2012,caciques_humacao,,193,G/F,McCants Rashad,latinbasket,http://basketball.latinbasket.com:80/team/Puerto-Rico/Caciques_de_Humacao/1901?Year=2012,20140504033943,single-source
2729,2012,caciques_humacao,,210,C,Katuka Joseph,latinbasket,http://basketball.latinbasket.com:80/team/Puerto-Rico/Caciques_de_Humacao/1901?Year=2012,20140504033943,single-source
2735,2013,atleticos_san_german,,208,C,Portalatin Wayne,latinbasket,http://basketball.latinbasket.com:80/team/Puerto-Rico/Atleticos-de-San-German/1957?Year=2013,20160331154330,single-source
2735,2014,atleticos_san_german,,208,C,Wayne Portalatin,latinbasket,http://basketball.latinbasket.com:80/team/Puerto-Rico/Atleticos_de_San_German/1957,20141027173403,single-source
2735,2015,maratonistas_coamo,,208,C,Wayne Portalatin,latinbasket,http://basketball.latinbasket.com:80/team/Puerto-Rico/Maratonistas_de_Coamo/1976,20150516113803,single-source
2735,2016,santeros_aguada,22,208,C,Portalatin Wayne,latinbasket,http://basketball.latinbasket.com:80/team/Puerto-Rico/Santeros-de-Aguada/1976?Year=2016,20160517211325,single-source
2736,2012,atleticos_san_german,,188,G,Garnett Marlon,latinbasket,http://basketball.latinbasket.com:80/team/Puerto-Rico/Atleticos-de-San-German/1957?Year=2012,20160331154649,single-source
2737,2012,capitanes_arecibo,,206,C/F,Garces Ruben,latinbasket,http://basketball.latinbasket.com:80/team/Puerto-Rico/Capitanes_de_Arecibo/2187?Year=2012,20150110124323,single-source
2740,2017,brujos_guayama,14,203,F,Al Thornton,latinbasket,http://basketball.latinbasket.com:80/team/Puerto-Rico/Brujos-de-Guayama/2634?Page=1,20170711054328,single-source
2746,2015,atenienses_manati,,216,C,Jerome James,latinbasket,http://basketball.latinbasket.com:80/team/Puerto-Rico/Atenienses_de_Manati/1963,20150513020841,single-source
2750,2017,cariduros_fajardo,8,193,G/F,Xavier Zambrana,latinbasket,http://basketball.latinbasket.com/team/Puerto-Rico/Cariduros_de_Fajardo/10934?Page=1,20171104130224,single-source
2755,2015,brujos_guayama,,177,PG,Andres Torres,latinbasket,http://basketball.latinbasket.com:80/team/Puerto-Rico/Brujos_de_Guayama/2634,20150421134809,single-source
2755,2016,vaqueros_bayamon,8,177,PG,Andres Torres,latinbasket,http://basketball.latinbasket.com:80/team/Puerto-Rico/Vaqueros-de-Bayamon/1677,20160918155639,single-source
2755,2017,leones_ponce,3,177,PG,Torres Andres,latinbasket,http://basketball.latinbasket.com/team/Puerto-Rico/Leones-de-Ponce/1954?Year=2016-2017,20170703122929,single-source
2755,2018,leones_ponce,2,177,PG,Andres Torres,latinbasket,https://basketball.latinbasket.com/team/Puerto-Rico/Leones-de-Ponce/1954,20181012123736,single-source
2764,2013,cangrejeros_santurce,,191,PG,Young Ian,latinbasket,http://basketball.latinbasket.com:80/team/Puerto-Rico/Cangrejeros_de_Santurce/2635?Year=2013,20140110084836,single-source
2769,2013,capitanes_arecibo,12,200,G/F,Graham Joey,latinbasket,http://basketball.latinbasket.com:80/team/Puerto-Rico/Capitanes_de_Arecibo/2187?Year=2013,20150110124328,single-source
2777,2013,atleticos_san_german,,183,PG,Fontan Jio,latinbasket,http://basketball.latinbasket.com:80/team/Puerto-Rico/Atleticos-de-San-German/1957?Year=2013,20160331154330,single-source
2778,2017,leones_ponce,24,188,SG,Liz Victor,latinbasket,http://basketball.latinbasket.com/team/Puerto-Rico/Leones-de-Ponce/1954?Year=2016-2017,20170703122929,single-source
2778,2018,leones_ponce,24,193,SG,Victor Liz,latinbasket,https://basketball.latinbasket.com/team/Puerto-Rico/Leones-de-Ponce/1954,20181012123736,single-source
2778,2019,leones_ponce,24,193,SG,Victor Liz,latinbasket,https://basketball.latinbasket.com/team/Puerto-Rico/Leones-de-Ponce/1954,20190721092056,single-source
2779,2013,atleticos_san_german,,185,PG,Early Jeff,latinbasket,http://basketball.latinbasket.com:80/team/Puerto-Rico/Atleticos-de-San-German/1957?Year=2013,20160331154330,single-source
2779,2015,cangrejeros_santurce,,190,G,Jeff Early,latinbasket,http://basketball.latinbasket.com:80/team/Puerto-Rico/Cangrejeros_de_Santurce/2635,20150516202755,single-source
2779,2016,cangrejeros_santurce,22,190,G,Jeff Early,latinbasket,http://basketball.latinbasket.com:80/team/Puerto-Rico/Cangrejeros_de_Santurce/2635,20160918132100,single-source
2780,2015,mets_guaynabo,,210,C,Jorge Bryan Diaz,latinbasket,http://basketball.latinbasket.com:80/team/Puerto-Rico/Mets_de_Guaynabo/9280?,20150517050747,single-source
2780,2016,piratas_quebradillas,10,210,C,Jorge Bryan Diaz,latinbasket,http://basketball.latinbasket.com:80/team/Puerto-Rico/Piratas-de-Quebradillas/20147,20160712151212,single-source
2780,2018,piratas_quebradillas,12,210,C,Jorge Bryan Diaz,latinbasket,https://basketball.latinbasket.com/team/Puerto-Rico/Piratas-de-Quebradillas/20147,20181012123815,single-source
2780,2019,piratas_quebradillas,21,210,C,Jorge Bryan Diaz,latinbasket,https://basketball.latinbasket.com/team/Puerto-Rico/Piratas-de-Quebradillas/20147,20190721090530,single-source
2781,2016,piratas_quebradillas,12,188,G,Kevin Lisch,latinbasket,http://basketball.latinbasket.com:80/team/Puerto-Rico/Piratas-de-Quebradillas/20147,20160712151212,single-source
2783,2013,caciques_humacao,,200,F,Horne Jamelle,latinbasket,http://basketball.latinbasket.com:80/team/Puerto-Rico/Caciques_de_Humacao/1901?Year=2013,20140504034205,single-source
2790,2013,atleticos_san_german,,206,F,Garcia Charles,latinbasket,http://basketball.latinbasket.com:80/team/Puerto-Rico/Atleticos-de-San-German/1957?Year=2013,20160331154330,single-source
2790,2015,vaqueros_bayamon,45,208,F,Garcia Charles,latinbasket,http://basketball.latinbasket.com:80/team/Puerto-Rico/Vaqueros-de-Bayamon/1677?Year=2015,20160517223025,single-source
2793,2015,brujos_guayama,,193,G,Juan Coronado,latinbasket,http://basketball.latinbasket.com:80/team/Puerto-Rico/Brujos_de_Guayama/2634,20150421134809,single-source
2794,2015,brujos_guayama,,208,F,Josh Harrellson,latinbasket,http://basketball.latinbasket.com:80/team/Puerto-Rico/Brujos_de_Guayama/2634,20150421134809,single-source
2795,2013,leones_ponce,,188,G,Fortuna Elpidio,latinbasket,http://basketball.latinbasket.com:80/team/Puerto-Rico/Leones_de_Ponce/1954?Year=2013,20140122015914,single-source
2811,2013,cangrejeros_santurce,,172,PG,Addison Matt,latinbasket,http://basketball.latinbasket.com:80/team/Puerto-Rico/Cangrejeros_de_Santurce/2635?Year=2013,20140110084836,single-source
2813,2016,vaqueros_bayamon,,201,,Tyler Polo,latinbasket,http://basketball.latinbasket.com:80/team/Puerto-Rico/Vaqueros-de-Bayamon/1677,20160918155639,single-source
2813,2017,atleticos_san_german,18,201,F,Tyler Polo,latinbasket,http://basketball.latinbasket.com:80/team/Puerto-Rico/Atleticos-de-San-German/1957?Page=1,20170803204823,single-source
2813,2018,piratas_quebradillas,18,201,F,Tyler Polo,latinbasket,https://basketball.latinbasket.com/team/Puerto-Rico/Piratas-de-Quebradillas/20147,20181012123815,single-source
2815,2016,indios_mayaguez,12,188,G,Gabriel Belardo,latinbasket,http://basketball.latinbasket.com:80/team/Puerto-Rico/Indios-de-Mayaguez/10936,20161220062544,single-source
2815,2016,santeros_aguada,12,188,G,Belardo Gabriel,latinbasket,http://basketball.latinbasket.com:80/team/Puerto-Rico/Santeros-de-Aguada/1976?Year=2016,20160517211325,single-source
2815,2017,leones_ponce,2,188,G,Belardo Gabriel,latinbasket,http://basketball.latinbasket.com/team/Puerto-Rico/Leones-de-Ponce/1954?Year=2016-2017,20170703122929,single-source
2818,2017,atleticos_san_german,11,190,G,Isaac Sosa Carrion,latinbasket,http://basketball.latinbasket.com:80/team/Puerto-Rico/Atleticos-de-San-German/1957?Page=1,20170803204823,single-source
2818,2018,atleticos_san_german,22,190,G,Isaac Sosa Carrion,latinbasket,http://basketball.latinbasket.com/team/Puerto-Rico/Atleticos-de-San-German/1957?Page=1,20180521021055,single-source
2822,2014,capitanes_arecibo,,213,C,Garret Siler,latinbasket,http://basketball.latinbasket.com:80/team/Puerto-Rico/Capitanes_de_Arecibo/2187,20141015195216,single-source
2823,2016,santeros_aguada,,185,G,De Jesus Jezreel,latinbasket,http://basketball.latinbasket.com:80/team/Puerto-Rico/Santeros-de-Aguada/1976?Year=2016,20160517211325,single-source
2824,2015,maratonistas_coamo,,202,F/C,Justin Keenan,latinbasket,http://basketball.latinbasket.com:80/team/Puerto-Rico/Maratonistas_de_Coamo/1976,20150516113803,single-source
2825,2015,cangrejeros_santurce,,203,C/F,Leon Williams,latinbasket,http://basketball.latinbasket.com:80/team/Puerto-Rico/Cangrejeros_de_Santurce/2635,20150516202755,single-source
2826,2015,atleticos_san_german,15,183,PG,Cintron Cortes Raymond,latinbasket,http://basketball.latinbasket.com:80/team/Puerto-Rico/Atleticos-de-San-German/1957?Year=2015,20160330150110,single-source
2826,2016,atleticos_san_german,15,183,PG,Cintron Cortes Raymond,latinbasket,http://basketball.latinbasket.com:80/team/Puerto-Rico/Atleticos-de-San-German/1957?Year=2016,20160330140340,single-source
2826,2017,caciques_humacao,14,183,PG,Raymond Cintron Cortes,latinbasket,http://basketball.latinbasket.com/team/Puerto-Rico/Gallitos-de-Isabela/1901,20171104075738,single-source
2826,2019,capitanes_arecibo,25,183,PG,Raymond Cintron Cortes,latinbasket,https://basketball.latinbasket.com/team/Puerto-Rico/Capitanes-de-Arecibo/2187,20190325112059,single-source
2828,2013,capitanes_arecibo,7,198,F/G,Graham Stephen,latinbasket,http://basketball.latinbasket.com:80/team/Puerto-Rico/Capitanes_de_Arecibo/2187?Year=2013,20150110124328,single-source
2831,2013,vaqueros_bayamon,,201,F,David Imes,latinbasket,http://basketball.latinbasket.com:80/team/Puerto-Rico/Vaqueros_de_Bayamon/1677,20131122110707,single-source
2835,2013,caciques_humacao,,208,F/C,Scott Seth,latinbasket,http://basketball.latinbasket.com:80/team/Puerto-Rico/Caciques_de_Humacao/1901?Year=2013,20140504034205,single-source
2836,2018,vaqueros_bayamon,22,198,F,Benito Santiago,latinbasket,https://basketball.latinbasket.com/team/Puerto-Rico/Vaqueros-de-Bayamon/1677,20181012124041,single-source
2836,2019,vaqueros_bayamon,22,198,F,Benito Santiago,latinbasket,https://basketball.latinbasket.com/team/Puerto-Rico/Vaqueros-de-Bayamon/1677,20190701050249,single-source
2838,2017,leones_ponce,30,196,F,Emory Carlos,latinbasket,http://basketball.latinbasket.com/team/Puerto-Rico/Leones-de-Ponce/1954?Year=2016-2017,20170703122929,single-source
2838,2018,santeros_aguada,30,196,F,Carlos Emory,latinbasket,https://basketball.latinbasket.com/team/Puerto-Rico/Santeros-de-Aguada/1976,20181012124014,single-source
2838,2020,mets_guaynabo,30,196,F,Carlos Emory,latinbasket,https://basketball.latinbasket.com/team/Puerto-Rico/Mets-de-Guaynabo/9280,20200716011902,single-source
2849,2014,capitanes_arecibo,,201,F,Renaldo Balkman,latinbasket,http://basketball.latinbasket.com:80/team/Puerto-Rico/Capitanes_de_Arecibo/2187,20141015195216,single-source
2849,2016,capitanes_arecibo,13,203,F,Renaldo Balkman,latinbasket,http://basketball.latinbasket.com:80/team/Puerto-Rico/Capitanes-de-Arecibo/2187,20160709120133,single-source
2849,2017,capitanes_arecibo,32,203,F,Balkman Renaldo,latinbasket,http://basketball.latinbasket.com/team/Puerto-Rico/Capitanes-de-Arecibo/2187?Year=2016-2017,20170703152251,single-source
2850,2016,indios_mayaguez,40,203,F,Kevin Young,latinbasket,http://basketball.latinbasket.com:80/team/Puerto-Rico/Indios-de-Mayaguez/10936,20161220062544,single-source
2850,2018,cariduros_fajardo,,203,F,Kevin Young,latinbasket,https://basketball.latinbasket.com/team/Puerto-Rico/Cariduros-de-Fajardo/10934,20181012124202,single-source
2857,2015,mets_guaynabo,,209,C,Angel Garcia,latinbasket,http://basketball.latinbasket.com:80/team/Puerto-Rico/Mets_de_Guaynabo/9280?,20150517050747,single-source
2857,2016,piratas_quebradillas,33,209,C,Angel Garcia,latinbasket,http://basketball.latinbasket.com:80/team/Puerto-Rico/Piratas-de-Quebradillas/20147,20160712151212,single-source
2858,2013,leones_ponce,,203,F,Gierbolini Joel,latinbasket,http://basketball.latinbasket.com:80/team/Puerto-Rico/Leones_de_Ponce/1954?Year=2013,20140122015914,single-source
2858,2015,atleticos_san_german,55,203,F,Gierbolini Joel,latinbasket,http://basketball.latinbasket.com:80/team/Puerto-Rico/Atleticos-de-San-German/1957?Year=2015,20160330150110,single-source
2858,2016,cangrejeros_santurce,55,203,F,Joel Gierbolini,latinbasket,http://basketball.latinbasket.com:80/team/Puerto-Rico/Cangrejeros_de_Santurce/2635,20160918132100,single-source
2858,2017,piratas_quebradillas,6,203,F,Joel Gierbolini,latinbasket,http://basketball.latinbasket.com/team/Puerto-Rico/Piratas_de_Quebradillas/20147?Page=1,20171105001102,single-source
2859,2014,leones_ponce,,190,G,Michael Rosario,latinbasket,http://basketball.latinbasket.com:80/team/Puerto-Rico/Leones_de_Ponce/1954,20141015195236,single-source
2859,2016,cangrejeros_santurce,3,190,SG,Michael Rosario,latinbasket,http://basketball.latinbasket.com:80/team/Puerto-Rico/Cangrejeros_de_Santurce/2635,20160918132100,single-source
2859,2018,piratas_quebradillas,5,190,SG,Michael Rosario,latinbasket,https://basketball.latinbasket.com/team/Puerto-Rico/Piratas-de-Quebradillas/20147,20181012123815,single-source
2859,2019,piratas_quebradillas,5,190,SG,Michael Rosario,latinbasket,https://basketball.latinbasket.com/team/Puerto-Rico/Piratas-de-Quebradillas/20147,20190721090530,single-source
2860,2018,santeros_aguada,12,206,C/F,Yancy Gates,latinbasket,https://basketball.latinbasket.com/team/Puerto-Rico/Santeros-de-Aguada/1976,20181012124014,single-source
2866,2018,leones_ponce,55,201,F/C,Adrian Uter,latinbasket,https://basketball.latinbasket.com/team/Puerto-Rico/Leones-de-Ponce/1954,20181012123736,single-source
2866,2019,leones_ponce,55,201,F/C,Adrian Uter,latinbasket,https://basketball.latinbasket.com/team/Puerto-Rico/Leones-de-Ponce/1954,20190721092056,single-source
2867,2016,santeros_aguada,4,201,G/F,Byars Derrick,latinbasket,http://basketball.latinbasket.com:80/team/Puerto-Rico/Santeros-de-Aguada/1976?Year=2016,20160517211325,single-source
2873,2016,brujos_guayama,8,198,G/F,Brandon Thomas,latinbasket,http://basketball.latinbasket.com:80/team/Puerto-Rico/Brujos-de-Guayama/2634?,20160813195450,single-source
2877,2019,santeros_aguada,50,206,C/F,Joseph Jones,latinbasket,https://basketball.latinbasket.com/team/Puerto-Rico/Santeros-de-Aguada/1976,20190721090536,single-source
2881,2015,piratas_quebradillas,,203,F,Tyler Wilkerson,latinbasket,http://basketball.latinbasket.com:80/team/Puerto-Rico/Piratas_de_Quebradillas/20147,20150416045639,single-source
2883,2017,leones_ponce,22,207,C/F,Morales Darius,latinbasket,http://basketball.latinbasket.com/team/Puerto-Rico/Leones-de-Ponce/1954?Year=2016-2017,20170703122929,single-source
2884,2015,atenienses_manati,,193,G,Dominique Jones,latinbasket,http://basketball.latinbasket.com:80/team/Puerto-Rico/Atenienses_de_Manati/1963,20150513020841,single-source
2888,2015,indios_mayaguez,,191,G,Tyshawn Taylor,latinbasket,http://basketball.latinbasket.com:80/team/Puerto-Rico/Indios_de_Mayaguez/10936,20150516181941,single-source
2890,2017,cariduros_fajardo,25,190,G,Steven Miro Bonefont,latinbasket,http://basketball.latinbasket.com/team/Puerto-Rico/Cariduros_de_Fajardo/10934?Page=1,20171104130224,single-source
2894,2014,cangrejeros_santurce,,205,F,Nikko Acosta,latinbasket,http://basketball.latinbasket.com:80/team/Puerto-Rico/Cangrejeros_de_Santurce/2635,20141016232747,single-source
2894,2016,cangrejeros_santurce,23,205,F,Nikko Acosta,latinbasket,http://basketball.latinbasket.com:80/team/Puerto-Rico/Cangrejeros_de_Santurce/2635,20160918132100,single-source
2895,2016,cangrejeros_santurce,,193,,Angel Ayala,latinbasket,http://basketball.latinbasket.com:80/team/Puerto-Rico/Cangrejeros_de_Santurce/2635,20160918132100,single-source
2898,2019,santeros_aguada,10,195,F/G,John Holland,latinbasket,https://basketball.latinbasket.com/team/Puerto-Rico/Santeros-de-Aguada/1976,20190721090536,single-source
2901,2015,cangrejeros_santurce,,198,F,Jeffrey Burgos,latinbasket,http://basketball.latinbasket.com:80/team/Puerto-Rico/Cangrejeros_de_Santurce/2635,20150516202755,single-source
2901,2018,cariduros_fajardo,2,198,F,Jeffrey Burgos,latinbasket,https://basketball.latinbasket.com/team/Puerto-Rico/Cariduros-de-Fajardo/10934,20181012124202,single-source
2901,2019,cariduros_fajardo,24,198,F,Jeffrey Burgos,latinbasket,https://basketball.latinbasket.com/team/Puerto-Rico/Cariduros-de-Fajardo/10934,20190721093627,single-source
2903,2014,atleticos_san_german,,183,PG,Kenneth Ortiz,latinbasket,http://basketball.latinbasket.com:80/team/Puerto-Rico/Atleticos_de_San_German/1957,20141027173403,single-source
2903,2015,atleticos_san_german,1,183,PG,Ortiz Kenneth,latinbasket,http://basketball.latinbasket.com:80/team/Puerto-Rico/Atleticos-de-San-German/1957?Year=2015,20160330150110,single-source
2905,2019,piratas_quebradillas,0,183,G,Tu Holloway,latinbasket,https://basketball.latinbasket.com/team/Puerto-Rico/Piratas-de-Quebradillas/20147,20190721090530,single-source
2910,2019,atleticos_san_german,4,198,F,Eugene Phelps,latinbasket,https://basketball.latinbasket.com/team/Puerto-Rico/Atleticos-de-San-German/1957,20190721090532,single-source
2913,2014,capitanes_arecibo,,211,C,Orin O'Bryant,latinbasket,http://basketball.latinbasket.com:80/team/Puerto-Rico/Capitanes_de_Arecibo/2187,20141015195216,single-source
2913,2015,piratas_quebradillas,,211,C,Orin O'Bryant,latinbasket,http://basketball.latinbasket.com:80/team/Puerto-Rico/Piratas_de_Quebradillas/20147,20150416045639,single-source
2913,2016,vaqueros_bayamon,,211,,Orin O'Bryant,latinbasket,http://basketball.latinbasket.com:80/team/Puerto-Rico/Vaqueros-de-Bayamon/1677,20160918155639,single-source
2913,2017,vaqueros_bayamon,0,211,C,Orin O'Bryant,latinbasket,http://basketball.latinbasket.com/team/Puerto-Rico/Vaqueros_de_Bayamon/1677?Page=1,20171104223840,single-source
2914,2016,piratas_quebradillas,,188,,Robert Vega,latinbasket,http://basketball.latinbasket.com:80/team/Puerto-Rico/Piratas-de-Quebradillas/20147,20160712151212,single-source
12922,2015,vaqueros_bayamon,55,198,F/G,Williams Terrence,latinbasket,http://basketball.latinbasket.com:80/team/Puerto-Rico/Vaqueros-de-Bayamon/1677?Year=2015,20160517223025,single-source
12923,2014,capitanes_arecibo,,188,PG,Leandro Garcia Morales,latinbasket,http://basketball.latinbasket.com:80/team/Puerto-Rico/Capitanes_de_Arecibo/2187,20141015195216,single-source
12927,2015,caciques_humacao,,203,PF,Devon Collier,latinbasket,http://basketball.latinbasket.com:80/team/Puerto-Rico/Caciques_de_Humacao/1901?,20150516202507,single-source
12928,2014,indios_mayaguez,,201,G/F,Damien Wilkins,latinbasket,http://basketball.latinbasket.com:80/team/Puerto-Rico/Indios_de_Mayaguez/10936,20140918102201,single-source
12928,2015,indios_mayaguez,,198,G,Damien Wilkins,latinbasket,http://basketball.latinbasket.com:80/team/Puerto-Rico/Indios_de_Mayaguez/10936,20150516181941,single-source
12928,2017,brujos_guayama,21,198,G,Damien Wilkins,latinbasket,http://basketball.latinbasket.com:80/team/Puerto-Rico/Brujos-de-Guayama/2634?Page=1,20170711054328,single-source
12932,2014,capitanes_arecibo,,188,G,Michael Alvarado,latinbasket,http://basketball.latinbasket.com:80/team/Puerto-Rico/Capitanes_de_Arecibo/2187,20141015195216,single-source
12939,2016,atleticos_san_german,35,213,C,Lopez Matt,latinbasket,http://basketball.latinbasket.com:80/team/Puerto-Rico/Atleticos-de-San-German/1957?Year=2016,20160330140340,single-source
12939,2017,santeros_aguada,35,213,C,Matt Lopez,latinbasket,http://basketball.latinbasket.com/team/Puerto-Rico/Santeros_de_Aguada/1976?Page=1,20171115063608,single-source
12939,2018,santeros_aguada,35,213,C,Matt Lopez,latinbasket,https://basketball.latinbasket.com/team/Puerto-Rico/Santeros-de-Aguada/1976,20181012124014,single-source
12940,2015,piratas_quebradillas,,195,G,Eniel Polynice,latinbasket,http://basketball.latinbasket.com:80/team/Puerto-Rico/Piratas_de_Quebradillas/20147,20150416045639,single-source
12942,2016,piratas_quebradillas,,188,,Jared Ruiz,latinbasket,http://basketball.latinbasket.com:80/team/Puerto-Rico/Piratas-de-Quebradillas/20147,20160712151212,single-source
12942,2019,indios_mayaguez,24,188,G,Jared Ruiz,latinbasket,https://basketball.latinbasket.com/team/Puerto-Rico/Indios-de-Mayaguez/10936,20190721092113,single-source
12948,2015,vaqueros_bayamon,,193,SF,Tucker Dar,latinbasket,http://basketball.latinbasket.com:80/team/Puerto-Rico/Vaqueros-de-Bayamon/1677?Year=2015,20160517223025,single-source
12950,2015,vaqueros_bayamon,0,185,G,Vinales Kyle,latinbasket,http://basketball.latinbasket.com:80/team/Puerto-Rico/Vaqueros-de-Bayamon/1677?Year=2015,20160517223025,single-source
12950,2016,brujos_guayama,0,185,G,Kyle Vinales,latinbasket,http://basketball.latinbasket.com:80/team/Puerto-Rico/Brujos-de-Guayama/2634?,20160813195450,single-source
12950,2017,brujos_guayama,0,185,G,Kyle Vinales,latinbasket,http://basketball.latinbasket.com:80/team/Puerto-Rico/Brujos-de-Guayama/2634?Page=1,20170711054328,single-source
12950,2019,brujos_guayama,0,185,G,Kyle Vinales,latinbasket,https://basketball.latinbasket.com/team/Puerto-Rico/Brujos-de-Guayama/2634,20190721093624,single-source
12951,2016,brujos_guayama,,190,,Julio Torres,latinbasket,http://basketball.latinbasket.com:80/team/Puerto-Rico/Brujos-de-Guayama/2634?,20160813195450,single-source
12951,2017,brujos_guayama,25,190,G,Julio Torres,latinbasket,http://basketball.latinbasket.com:80/team/Puerto-Rico/Brujos-de-Guayama/2634?Page=1,20170711054328,single-source
12951,2019,brujos_guayama,,190,,Julio Torres,latinbasket,https://basketball.latinbasket.com/team/Puerto-Rico/Brujos-de-Guayama/2634,20190721093624,single-source
12952,2016,cangrejeros_santurce,,188,,Douglas Mills,latinbasket,http://basketball.latinbasket.com:80/team/Puerto-Rico/Cangrejeros_de_Santurce/2635,20160918132100,single-source
12953,2016,vaqueros_bayamon,13,191,G,Jorge Sanabria,latinbasket,http://basketball.latinbasket.com:80/team/Puerto-Rico/Vaqueros-de-Bayamon/1677,20160918155639,single-source
12953,2017,vaqueros_bayamon,13,191,G,Jorge Sanabria,latinbasket,http://basketball.latinbasket.com/team/Puerto-Rico/Vaqueros_de_Bayamon/1677?Page=1,20171104223840,single-source
12954,2016,indios_mayaguez,9,190,G/F,Enrique Trenche,latinbasket,http://basketball.latinbasket.com:80/team/Puerto-Rico/Indios-de-Mayaguez/10936,20161220062544,single-source
12955,2015,brujos_guayama,,196,F,Rob Jones,latinbasket,http://basketball.latinbasket.com:80/team/Puerto-Rico/Brujos_de_Guayama/2634,20150421134809,single-source
12957,2016,atleticos_san_german,24,180,G,de Jesus Felix,latinbasket,http://basketball.latinbasket.com:80/team/Puerto-Rico/Atleticos-de-San-German/1957?Year=2016,20160330140340,single-source
12957,2017,caciques_humacao,4,180,G,Felix de Jesus,latinbasket,http://basketball.latinbasket.com/team/Puerto-Rico/Gallitos-de-Isabela/1901,20171104075738,single-source
12961,2015,mets_guaynabo,,190,G,Rasham Suarez,latinbasket,http://basketball.latinbasket.com:80/team/Puerto-Rico/Mets_de_Guaynabo/9280?,20150517050747,single-source
12961,2016,caciques_humacao,0,190,G,Rasham Suarez,latinbasket,http://basketball.latinbasket.com:80/team/Puerto-Rico/Caciques-de-Humacao/1901?,20160813193526,single-source
12961,2017,indios_mayaguez,15,190,G,Rasham Suarez,latinbasket,http://basketball.latinbasket.com/team/Puerto-Rico/Indios_de_Mayaguez/10936?Page=1,20171104080231,single-source
12961,2018,atleticos_san_german,0,190,G,Rasham Suarez,latinbasket,http://basketball.latinbasket.com/team/Puerto-Rico/Atleticos-de-San-German/1957?Page=1,20180521021055,single-source
12962,2016,piratas_quebradillas,20,178,G,Ernesto Rodriguez,latinbasket,http://basketball.latinbasket.com:80/team/Puerto-Rico/Piratas-de-Quebradillas/20147,20160712151212,single-source
12962,2017,piratas_quebradillas,27,178,G,Ernesto Rodriguez,latinbasket,http://basketball.latinbasket.com/team/Puerto-Rico/Piratas_de_Quebradillas/20147?Page=1,20171105001102,single-source
12962,2018,piratas_quebradillas,27,178,G,Ernesto Rodriguez,latinbasket,https://basketball.latinbasket.com/team/Puerto-Rico/Piratas-de-Quebradillas/20147,20181012123815,single-source
12964,2015,mets_guaynabo,,203,F,Will Daniels,latinbasket,http://basketball.latinbasket.com:80/team/Puerto-Rico/Mets_de_Guaynabo/9280?,20150517050747,single-source
12964,2019,leones_ponce,32,202,F,Will Daniels,latinbasket,https://basketball.latinbasket.com/team/Puerto-Rico/Leones-de-Ponce/1954,20190721092056,single-source
12969,2017,atleticos_san_german,55,198,F,Onzie Branch,latinbasket,http://basketball.latinbasket.com:80/team/Puerto-Rico/Atleticos-de-San-German/1957?Page=1,20170803204823,single-source
12969,2018,atleticos_san_german,8,198,F,Onzie Branch,latinbasket,http://basketball.latinbasket.com/team/Puerto-Rico/Atleticos-de-San-German/1957?Page=1,20180521021055,single-source
12969,2019,atleticos_san_german,15,198,F,Onzie Branch,latinbasket,https://basketball.latinbasket.com/team/Puerto-Rico/Atleticos-de-San-German/1957,20190721090532,single-source
12972,2015,maratonistas_coamo,,183,G,Maurice Carter,latinbasket,http://basketball.latinbasket.com:80/team/Puerto-Rico/Maratonistas_de_Coamo/1976,20150516113803,single-source
12972,2016,atleticos_san_german,13,183,G,Carter Maurice,latinbasket,http://basketball.latinbasket.com:80/team/Puerto-Rico/Atleticos-de-San-German/1957?Year=2016,20160330140340,single-source
12975,2015,mets_guaynabo,,198,G/F,Mickael Pietrus,latinbasket,http://basketball.latinbasket.com:80/team/Puerto-Rico/Mets_de_Guaynabo/9280?,20150517050747,single-source
12976,2015,atleticos_san_german,9,203,F,Mitchell Tony,latinbasket,http://basketball.latinbasket.com:80/team/Puerto-Rico/Atleticos-de-San-German/1957?Year=2015,20160330150110,single-source
12978,2015,caciques_humacao,,205,C/F,Noel Felix,latinbasket,http://basketball.latinbasket.com:80/team/Puerto-Rico/Caciques_de_Humacao/1901?,20150516202507,single-source
12979,2015,caciques_humacao,,206,F,Dan Jennings,latinbasket,http://basketball.latinbasket.com:80/team/Puerto-Rico/Caciques_de_Humacao/1901?,20150516202507,single-source
12981,2017,caciques_humacao,8,188,G,Wil Martinez,latinbasket,http://basketball.latinbasket.com/team/Puerto-Rico/Gallitos-de-Isabela/1901,20171104075738,single-source
12983,2016,brujos_guayama,23,195,F/G,Carlos Santiago,latinbasket,http://basketball.latinbasket.com:80/team/Puerto-Rico/Brujos-de-Guayama/2634?,20160813195450,single-source
12984,2015,piratas_quebradillas,,196,G,Ron Howard,latinbasket,http://basketball.latinbasket.com:80/team/Puerto-Rico/Piratas_de_Quebradillas/20147,20150416045639,single-source
12987,2016,atenienses_manati,7,193,G,Dallas Logan,latinbasket,http://basketball.latinbasket.com:80/team/Puerto-Rico/Atenienses-de-Manati/1963,20160811092940,single-source
12988,2016,piratas_quebradillas,32,200,F,Jordan Glynn,latinbasket,http://basketball.latinbasket.com:80/team/Puerto-Rico/Piratas-de-Quebradillas/20147,20160712151212,single-source
12988,2019,indios_mayaguez,23,200,F,Jordan Glynn,latinbasket,https://basketball.latinbasket.com/team/Puerto-Rico/Indios-de-Mayaguez/10936,20190721092113,single-source
12989,2015,cangrejeros_santurce,,198,F,Brian Conklin,latinbasket,http://basketball.latinbasket.com:80/team/Puerto-Rico/Cangrejeros_de_Santurce/2635,20150516202755,single-source
12990,2015,caciques_humacao,,201,G/F,Ollie Bailey,latinbasket,http://basketball.latinbasket.com:80/team/Puerto-Rico/Caciques_de_Humacao/1901?,20150516202507,single-source
12992,2016,atleticos_san_german,26,203,G/F,Ocasio Jonathan,latinbasket,http://basketball.latinbasket.com:80/team/Puerto-Rico/Atleticos-de-San-German/1957?Year=2016,20160330140340,single-source
12992,2019,atleticos_san_german,9,203,G/F,Jonathan Ocasio,latinbasket,https://basketball.latinbasket.com/team/Puerto-Rico/Atleticos-de-San-German/1957,20190721090532,single-source
12998,2015,maratonistas_coamo,,178,PG,Alex Abreu,latinbasket,http://basketball.latinbasket.com:80/team/Puerto-Rico/Maratonistas_de_Coamo/1976,20150516113803,single-source
12998,2016,santeros_aguada,11,180,PG,Abreu Alex,latinbasket,http://basketball.latinbasket.com:80/team/Puerto-Rico/Santeros-de-Aguada/1976?Year=2016,20160517211325,single-source
13000,2018,piratas_quebradillas,,203,F,Reyshawn Terry,latinbasket,https://basketball.latinbasket.com/team/Puerto-Rico/Piratas-de-Quebradillas/20147,20181012123815,single-source
13002,2015,caciques_humacao,,208,C,Dane Johnson,latinbasket,http://basketball.latinbasket.com:80/team/Puerto-Rico/Caciques_de_Humacao/1901?,20150516202507,single-source
13003,2015,piratas_quebradillas,,206,F,Malcolm Thomas,latinbasket,http://basketball.latinbasket.com:80/team/Puerto-Rico/Piratas_de_Quebradillas/20147,20150416045639,single-source
13005,2015,atenienses_manati,,185,PG,Maalik Wayns,latinbasket,http://basketball.latinbasket.com:80/team/Puerto-Rico/Atenienses_de_Manati/1963,20150513020841,single-source
13009,2015,brujos_guayama,,206,F,Devin Ebanks,latinbasket,http://basketball.latinbasket.com:80/team/Puerto-Rico/Brujos_de_Guayama/2634,20150421134809,single-source
13011,2015,atenienses_manati,,190,G,Joseph Soto,latinbasket,http://basketball.latinbasket.com:80/team/Puerto-Rico/Atenienses_de_Manati/1963,20150513020841,single-source
13011,2018,vaqueros_bayamon,1,190,G,Joseph Soto,latinbasket,https://basketball.latinbasket.com/team/Puerto-Rico/Vaqueros-de-Bayamon/1677,20181012124041,single-source
13011,2019,vaqueros_bayamon,1,190,G,Joseph Soto,latinbasket,https://basketball.latinbasket.com/team/Puerto-Rico/Vaqueros-de-Bayamon/1677,20190701050249,single-source
13013,2015,indios_mayaguez,,202,PF,Romero Osby,latinbasket,http://basketball.latinbasket.com:80/team/Puerto-Rico/Indios_de_Mayaguez/10936,20150516181941,single-source
13014,2015,indios_mayaguez,,213,C,Adam Parada,latinbasket,http://basketball.latinbasket.com:80/team/Puerto-Rico/Indios_de_Mayaguez/10936,20150516181941,single-source
13015,2016,atleticos_san_german,23,201,F,Bishop Tony,latinbasket,http://basketball.latinbasket.com:80/team/Puerto-Rico/Atleticos-de-San-German/1957?Year=2016,20160330140340,single-source
13017,2015,caciques_humacao,,190,G,Frank Gaines,latinbasket,http://basketball.latinbasket.com:80/team/Puerto-Rico/Caciques_de_Humacao/1901?,20150516202507,single-source
13018,2015,maratonistas_coamo,,193,G,Jamel Fuentes,latinbasket,http://basketball.latinbasket.com:80/team/Puerto-Rico/Maratonistas_de_Coamo/1976,20150516113803,single-source
13019,2015,mets_guaynabo,,191,G,Cedric Jackson,latinbasket,http://basketball.latinbasket.com:80/team/Puerto-Rico/Mets_de_Guaynabo/9280?,20150517050747,single-source
13027,2016,atleticos_san_german,14,185,G,Browne Gary,latinbasket,http://basketball.latinbasket.com:80/team/Puerto-Rico/Atleticos-de-San-German/1957?Year=2016,20160330140340,single-source
13027,2019,atleticos_san_german,14,185,G,Gary Browne,latinbasket,https://basketball.latinbasket.com/team/Puerto-Rico/Atleticos-de-San-German/1957,20190721090532,single-source
13031,2018,capitanes_arecibo,5,206,F/C,Elonu Chinemelu,latinbasket,http://basketball.latinbasket.com/team/Puerto-Rico/Capitanes-de-Arecibo/2187?Page=1&Year=2017-2018,20171115170726,single-source
13033,2017,leones_ponce,35,206,F/C,Dawson Eric,latinbasket,http://basketball.latinbasket.com/team/Puerto-Rico/Leones-de-Ponce/1954?Year=2016-2017,20170703122929,single-source
13035,2016,vaqueros_bayamon,1,216,C,Jeleel Akindele,latinbasket,http://basketball.latinbasket.com:80/team/Puerto-Rico/Vaqueros-de-Bayamon/1677,20160918155639,single-source
13036,2016,vaqueros_bayamon,23,201,F/G,Francisco Garcia,latinbasket,http://basketball.latinbasket.com:80/team/Puerto-Rico/Vaqueros-de-Bayamon/1677,20160918155639,single-source
13038,2017,leones_ponce,33,203,F,Pellot Emmanuel,latinbasket,http://basketball.latinbasket.com/team/Puerto-Rico/Leones-de-Ponce/1954?Year=2016-2017,20170703122929,single-source
13044,2016,caciques_humacao,23,192,G,Carl English,latinbasket,http://basketball.latinbasket.com:80/team/Puerto-Rico/Caciques-de-Humacao/1901?,20160813193526,single-source
13045,2019,brujos_guayama,33,206,F,Brandon Costner,latinbasket,https://basketball.latinbasket.com/team/Puerto-Rico/Brujos-de-Guayama/2634,20190721093624,single-source
13046,2017,cariduros_fajardo,9,201,F,Damion James,latinbasket,http://basketball.latinbasket.com/team/Puerto-Rico/Cariduros_de_Fajardo/10934?Page=1,20171104130224,single-source
13046,2018,vaqueros_bayamon,7,201,F,Damion James,latinbasket,https://basketball.latinbasket.com/team/Puerto-Rico/Vaqueros-de-Bayamon/1677,20181012124041,single-source
13050,2016,santeros_aguada,2,190,G,Mendoza Rigoberto,latinbasket,http://basketball.latinbasket.com:80/team/Puerto-Rico/Santeros-de-Aguada/1976?Year=2016,20160517211325,single-source
13050,2019,santeros_aguada,2,190,G,Rigoberto Mendoza,latinbasket,https://basketball.latinbasket.com/team/Puerto-Rico/Santeros-de-Aguada/1976,20190721090536,single-source
13051,2016,brujos_guayama,13,193,G,Juan Pineiro,latinbasket,http://basketball.latinbasket.com:80/team/Puerto-Rico/Brujos-de-Guayama/2634?,20160813195450,single-source
13051,2017,brujos_guayama,8,193,G,Juan Pineiro,latinbasket,http://basketball.latinbasket.com:80/team/Puerto-Rico/Brujos-de-Guayama/2634?Page=1,20170711054328,single-source
13051,2019,brujos_guayama,18,193,G,Juan Pineiro,latinbasket,https://basketball.latinbasket.com/team/Puerto-Rico/Brujos-de-Guayama/2634,20190721093624,single-source
13052,2016,indios_mayaguez,5,188,G,Trevor Gaskins,latinbasket,http://basketball.latinbasket.com:80/team/Puerto-Rico/Indios-de-Mayaguez/10936,20161220062544,single-source
13055,2017,indios_mayaguez,4,201,F,Jose Rodriguez,latinbasket,http://basketball.latinbasket.com/team/Puerto-Rico/Indios_de_Mayaguez/10936?Page=1,20171104080231,single-source
13056,2016,brujos_guayama,17,202,C,Enrique Ramos,latinbasket,http://basketball.latinbasket.com:80/team/Puerto-Rico/Brujos-de-Guayama/2634?,20160813195450,single-source
13056,2017,brujos_guayama,17,202,C,Enrique Ramos,latinbasket,http://basketball.latinbasket.com:80/team/Puerto-Rico/Brujos-de-Guayama/2634?Page=1,20170711054328,single-source
13056,2019,cariduros_fajardo,30,202,C,Enrique Ramos,latinbasket,https://basketball.latinbasket.com/team/Puerto-Rico/Cariduros-de-Fajardo/10934,20190721093627,single-source
13056,2020,cariduros_fajardo,30,202,C,Enrique Ramos,latinbasket,https://basketball.latinbasket.com/team/Puerto-Rico/Cariduros-de-Fajardo/10934,20200530072933,single-source
13057,2017,cariduros_fajardo,6,203,F,Chris Ortiz,latinbasket,http://basketball.latinbasket.com/team/Puerto-Rico/Cariduros_de_Fajardo/10934?Page=1,20171104130224,single-source
13060,2018,leones_ponce,,182,,Terrence Curry,latinbasket,https://basketball.latinbasket.com/team/Puerto-Rico/Leones-de-Ponce/1954,20181012123736,single-source
13064,2016,atleticos_san_german,28,203,C,Romero Ismael,latinbasket,http://basketball.latinbasket.com:80/team/Puerto-Rico/Atleticos-de-San-German/1957?Year=2016,20160330140340,single-source
13064,2019,vaqueros_bayamon,,203,C,Ismael Romero,latinbasket,https://basketball.latinbasket.com/team/Puerto-Rico/Vaqueros-de-Bayamon/1677,20190701050249,single-source
13066,2017,capitanes_arecibo,35,193,F,Matias Angel,latinbasket,http://basketball.latinbasket.com/team/Puerto-Rico/Capitanes-de-Arecibo/2187?Year=2016-2017,20170703152251,single-source
13066,2018,capitanes_arecibo,35,193,F,Matias Angel,latinbasket,http://basketball.latinbasket.com/team/Puerto-Rico/Capitanes-de-Arecibo/2187?Page=1&Year=2017-2018,20171115170726,single-source
13068,2016,capitanes_arecibo,6,195,F,Joel Rodriguez,latinbasket,http://basketball.latinbasket.com:80/team/Puerto-Rico/Capitanes-de-Arecibo/2187,20160709120133,single-source
13068,2017,capitanes_arecibo,42,195,F,Rodriguez Joel,latinbasket,http://basketball.latinbasket.com/team/Puerto-Rico/Capitanes-de-Arecibo/2187?Year=2016-2017,20170703152251,single-source
13068,2018,capitanes_arecibo,42,195,F,Rodriguez Joel,latinbasket,http://basketball.latinbasket.com/team/Puerto-Rico/Capitanes-de-Arecibo/2187?Page=1&Year=2017-2018,20171115170726,single-source
13069,2016,brujos_guayama,,185,,Luis Diaz,latinbasket,http://basketball.latinbasket.com:80/team/Puerto-Rico/Brujos-de-Guayama/2634?,20160813195450,single-source
13069,2017,brujos_guayama,2,185,G,Luis Diaz,latinbasket,http://basketball.latinbasket.com:80/team/Puerto-Rico/Brujos-de-Guayama/2634?Page=1,20170711054328,single-source
13069,2019,cariduros_fajardo,55,185,G,Luis Diaz,latinbasket,https://basketball.latinbasket.com/team/Puerto-Rico/Cariduros-de-Fajardo/10934,20190721093627,single-source
13073,2016,atleticos_san_german,21,206,C,Batista Leonel,latinbasket,http://basketball.latinbasket.com:80/team/Puerto-Rico/Atleticos-de-San-German/1957?Year=2016,20160330140340,single-source
13075,2016,indios_mayaguez,2,196,G,Hans Thun,latinbasket,http://basketball.latinbasket.com:80/team/Puerto-Rico/Indios-de-Mayaguez/10936,20161220062544,single-source
13076,2016,atleticos_san_german,25,193,G,Josiah Jahvari,latinbasket,http://basketball.latinbasket.com:80/team/Puerto-Rico/Atleticos-de-San-German/1957?Year=2016,20160330140340,single-source
13076,2019,cariduros_fajardo,28,193,G,Jahvari Josiah,latinbasket,https://basketball.latinbasket.com/team/Puerto-Rico/Cariduros-de-Fajardo/10934,20190721093627,single-source
13076,2020,cariduros_fajardo,0,193,G,Jahvari Josiah,latinbasket,https://basketball.latinbasket.com/team/Puerto-Rico/Cariduros-de-Fajardo/10934,20200530072933,single-source
13077,2016,piratas_quebradillas,25,189,G,Yudniel Perez,latinbasket,http://basketball.latinbasket.com:80/team/Puerto-Rico/Piratas-de-Quebradillas/20147,20160712151212,single-source
13077,2017,caciques_humacao,25,189,G,Yudniel Perez,latinbasket,http://basketball.latinbasket.com/team/Puerto-Rico/Gallitos-de-Isabela/1901,20171104075738,single-source
13078,2016,piratas_quebradillas,,180,,Brian Rosario,latinbasket,http://basketball.latinbasket.com:80/team/Puerto-Rico/Piratas-de-Quebradillas/20147,20160712151212,single-source
13078,2017,piratas_quebradillas,22,180,G,Brian Rosario,latinbasket,http://basketball.latinbasket.com/team/Puerto-Rico/Piratas_de_Quebradillas/20147?Page=1,20171105001102,single-source
13079,2016,santeros_aguada,10,178,PG,Fernandez Tjader,latinbasket,http://basketball.latinbasket.com:80/team/Puerto-Rico/Santeros-de-Aguada/1976?Year=2016,20160517211325,single-source
13079,2017,santeros_aguada,4,178,PG,Tjader Fernandez,latinbasket,http://basketball.latinbasket.com/team/Puerto-Rico/Santeros_de_Aguada/1976?Page=1,20171115063608,single-source
13079,2019,cariduros_fajardo,2,178,PG,Tjader Fernandez,latinbasket,https://basketball.latinbasket.com/team/Puerto-Rico/Cariduros-de-Fajardo/10934,20190721093627,single-source
13081,2016,atenienses_manati,0,201,F,Jose Cruz Solla,latinbasket,http://basketball.latinbasket.com:80/team/Puerto-Rico/Atenienses-de-Manati/1963,20160811092940,single-source
13081,2016,santeros_aguada,32,201,F,Cruz Solla Jose,latinbasket,http://basketball.latinbasket.com:80/team/Puerto-Rico/Santeros-de-Aguada/1976?Year=2016,20160517211325,single-source
13082,2016,santeros_aguada,30,185,G,Matos Jorge,latinbasket,http://basketball.latinbasket.com:80/team/Puerto-Rico/Santeros-de-Aguada/1976?Year=2016,20160517211325,single-source
13082,2017,santeros_aguada,30,185,G,Jorge Matos,latinbasket,http://basketball.latinbasket.com/team/Puerto-Rico/Santeros_de_Aguada/1976?Page=1,20171115063608,single-source
13082,2019,cariduros_fajardo,12,185,G,Jorge Matos,latinbasket,https://basketball.latinbasket.com/team/Puerto-Rico/Cariduros-de-Fajardo/10934,20190721093627,single-source
13082,2020,cariduros_fajardo,31,185,G,Jorge Matos,latinbasket,https://basketball.latinbasket.com/team/Puerto-Rico/Cariduros-de-Fajardo/10934,20200530072933,single-source
13086,2016,vaqueros_bayamon,,170,,Victor Carattini,latinbasket,http://basketball.latinbasket.com:80/team/Puerto-Rico/Vaqueros-de-Bayamon/1677,20160918155639,single-source
13086,2018,vaqueros_bayamon,14,170,G,Victor Carattini,latinbasket,https://basketball.latinbasket.com/team/Puerto-Rico/Vaqueros-de-Bayamon/1677,20181012124041,single-source
13088,2016,atleticos_san_german,,211,C,Samhan Omar,latinbasket,http://basketball.latinbasket.com:80/team/Puerto-Rico/Atleticos-de-San-German/1957?Year=2016,20160330140340,single-source
13089,2016,santeros_aguada,21,198,F,Behanan Chane,latinbasket,http://basketball.latinbasket.com:80/team/Puerto-Rico/Santeros-de-Aguada/1976?Year=2016,20160517211325,single-source
13089,2017,capitanes_arecibo,5,198,F,Behanan Chane,latinbasket,http://basketball.latinbasket.com/team/Puerto-Rico/Capitanes-de-Arecibo/2187?Year=2016-2017,20170703152251,single-source
13089,2019,atleticos_san_german,24,198,F,Chane Behanan,latinbasket,https://basketball.latinbasket.com/team/Puerto-Rico/Atleticos-de-San-German/1957,20190721090532,single-source
13095,2016,vaqueros_bayamon,2,196,G,Clay Tucker,latinbasket,http://basketball.latinbasket.com:80/team/Puerto-Rico/Vaqueros-de-Bayamon/1677,20160918155639,single-source
13096,2016,atenienses_manati,6,211,C,Andrew James Ogilvy,latinbasket,http://basketball.latinbasket.com:80/team/Puerto-Rico/Atenienses-de-Manati/1963,20160811092940,single-source
13097,2016,capitanes_arecibo,,197,,Cuthbert Victor,latinbasket,http://basketball.latinbasket.com:80/team/Puerto-Rico/Capitanes-de-Arecibo/2187,20160709120133,single-source
13106,2016,capitanes_arecibo,25,208,C,Cady Lalanne,latinbasket,http://basketball.latinbasket.com:80/team/Puerto-Rico/Capitanes-de-Arecibo/2187,20160709120133,single-source
13106,2017,capitanes_arecibo,25,208,C,Lalanne Cady,latinbasket,http://basketball.latinbasket.com/team/Puerto-Rico/Capitanes-de-Arecibo/2187?Year=2016-2017,20170703152251,single-source
13106,2019,piratas_quebradillas,25,208,C,Cady Lalanne,latinbasket,https://basketball.latinbasket.com/team/Puerto-Rico/Piratas-de-Quebradillas/20147,20190721090530,single-source
13107,2016,capitanes_arecibo,2,201,F,Coty Clarke,latinbasket,http://basketball.latinbasket.com:80/team/Puerto-Rico/Capitanes-de-Arecibo/2187,20160709120133,single-source
13107,2019,vaqueros_bayamon,8,201,F,Coty Clarke,latinbasket,https://basketball.latinbasket.com/team/Puerto-Rico/Vaqueros-de-Bayamon/1677,20190701050249,single-source
13108,2016,capitanes_arecibo,19,204,F,Davon Jefferson,latinbasket,http://basketball.latinbasket.com:80/team/Puerto-Rico/Capitanes-de-Arecibo/2187,20160709120133,single-source
13108,2018,capitanes_arecibo,25,204,F,Jefferson Davon,latinbasket,http://basketball.latinbasket.com/team/Puerto-Rico/Capitanes-de-Arecibo/2187?Page=1&Year=2017-2018,20171115170726,single-source
13111,2016,cangrejeros_santurce,18,198,F,Khyle Marshall,latinbasket,http://basketball.latinbasket.com:80/team/Puerto-Rico/Cangrejeros_de_Santurce/2635,20160918132100,single-source
13112,2017,leones_ponce,7,188,G,Gonzalez Eliel,latinbasket,http://basketball.latinbasket.com/team/Puerto-Rico/Leones-de-Ponce/1954?Year=2016-2017,20170703122929,single-source
13113,2017,leones_ponce,23,201,F,Reese Derek,latinbasket,http://basketball.latinbasket.com/team/Puerto-Rico/Leones-de-Ponce/1954?Year=2016-2017,20170703122929,single-source
13113,2018,leones_ponce,23,201,F,Derek Reese,latinbasket,https://basketball.latinbasket.com/team/Puerto-Rico/Leones-de-Ponce/1954,20181012123736,single-source
13113,2019,cariduros_fajardo,1,201,F,Derek Reese,latinbasket,https://basketball.latinbasket.com/team/Puerto-Rico/Cariduros-de-Fajardo/10934,20190721093627,single-source
13113,2020,cariduros_fajardo,1,201,F,Derek Reese,latinbasket,https://basketball.latinbasket.com/team/Puerto-Rico/Cariduros-de-Fajardo/10934,20200530072933,single-source
13114,2017,leones_ponce,1,206,F/C,Warrick Hakim,latinbasket,http://basketball.latinbasket.com/team/Puerto-Rico/Leones-de-Ponce/1954?Year=2016-2017,20170703122929,single-source
13115,2017,atleticos_san_german,23,180,PG,William Cruz,latinbasket,http://basketball.latinbasket.com:80/team/Puerto-Rico/Atleticos-de-San-German/1957?Page=1,20170803204823,single-source
13117,2017,brujos_guayama,1,193,G,Gian Clavell,latinbasket,http://basketball.latinbasket.com:80/team/Puerto-Rico/Brujos-de-Guayama/2634?Page=1,20170711054328,single-source
13120,2017,brujos_guayama,55,198,F,DeJuan Marrero,latinbasket,http://basketball.latinbasket.com:80/team/Puerto-Rico/Brujos-de-Guayama/2634?Page=1,20170711054328,single-source
13120,2019,leones_ponce,2,198,F,DeJuan Marrero,latinbasket,https://basketball.latinbasket.com/team/Puerto-Rico/Leones-de-Ponce/1954,20190721092056,single-source
13122,2017,indios_mayaguez,14,,,Jerome Caraballo,latinbasket,http://basketball.latinbasket.com/team/Puerto-Rico/Indios_de_Mayaguez/10936?Page=1,20171104080231,single-source
13122,2019,indios_mayaguez,14,196,F,Jerome Caraballo,latinbasket,https://basketball.latinbasket.com/team/Puerto-Rico/Indios-de-Mayaguez/10936,20190721092113,single-source
13123,2013,atleticos_san_german,,206,F,Greene Donte,latinbasket,http://basketball.latinbasket.com:80/team/Puerto-Rico/Atleticos-de-San-German/1957?Year=2013,20160331154330,single-source
13124,2019,indios_mayaguez,25,188,G,Carlos Arroyo,latinbasket,https://basketball.latinbasket.com/team/Puerto-Rico/Indios-de-Mayaguez/10936,20190721092113,single-source
13125,2017,capitanes_arecibo,30,,G,Pizarro Christian,latinbasket,http://basketball.latinbasket.com/team/Puerto-Rico/Capitanes-de-Arecibo/2187?Year=2016-2017,20170703152251,single-source
13125,2018,capitanes_arecibo,30,,G,Pizarro Christian,latinbasket,http://basketball.latinbasket.com/team/Puerto-Rico/Capitanes-de-Arecibo/2187?Page=1&Year=2017-2018,20171115170726,single-source
13125,2019,capitanes_arecibo,30,180,G,Christian Pizarro,latinbasket,https://basketball.latinbasket.com/team/Puerto-Rico/Capitanes-de-Arecibo/2187,20190325112059,single-source
13125,2019,indios_mayaguez,30,180,G,Christian Pizarro,latinbasket,https://basketball.latinbasket.com/team/Puerto-Rico/Indios-de-Mayaguez/10936,20190721092113,single-source
13127,2017,atleticos_san_german,45,196,F/G,Courtney Fells,latinbasket,http://basketball.latinbasket.com:80/team/Puerto-Rico/Atleticos-de-San-German/1957?Page=1,20170803204823,single-source
13128,2017,atleticos_san_german,12,202,F/C,Kevin Berrios,latinbasket,http://basketball.latinbasket.com:80/team/Puerto-Rico/Atleticos-de-San-German/1957?Page=1,20170803204823,single-source
13129,2017,brujos_guayama,35,201,F,Chris Cayole,latinbasket,http://basketball.latinbasket.com:80/team/Puerto-Rico/Brujos-de-Guayama/2634?Page=1,20170711054328,single-source
13131,2017,brujos_guayama,30,185,PG,Marcus Fillyaw,latinbasket,http://basketball.latinbasket.com:80/team/Puerto-Rico/Brujos-de-Guayama/2634?Page=1,20170711054328,single-source
13131,2019,brujos_guayama,32,185,PG,Marcus Fillyaw,latinbasket,https://basketball.latinbasket.com/team/Puerto-Rico/Brujos-de-Guayama/2634,20190721093624,single-source
13135,2019,santeros_aguada,15,201,F,Nathanael Santiago,latinbasket,https://basketball.latinbasket.com/team/Puerto-Rico/Santeros-de-Aguada/1976,20190721090536,single-source
13137,2019,piratas_quebradillas,19,203,F,Erick Rosado,latinbasket,https://basketball.latinbasket.com/team/Puerto-Rico/Piratas-de-Quebradillas/20147,20190721090530,single-source
13138,2017,capitanes_arecibo,20,192,G/F,Vazquez Jason,latinbasket,http://basketball.latinbasket.com/team/Puerto-Rico/Capitanes-de-Arecibo/2187?Year=2016-2017,20170703152251,single-source
13141,2019,indios_mayaguez,28,191,G,Pedro Fournier,latinbasket,https://basketball.latinbasket.com/team/Puerto-Rico/Indios-de-Mayaguez/10936,20190721092113,single-source
13144,2017,atleticos_san_german,9,,,Esteban Cordero,latinbasket,http://basketball.latinbasket.com:80/team/Puerto-Rico/Atleticos-de-San-German/1957?Page=1,20170803204823,single-source
13144,2018,atleticos_san_german,9,,,Esteban Cordero,latinbasket,http://basketball.latinbasket.com/team/Puerto-Rico/Atleticos-de-San-German/1957?Page=1,20180521021055,single-source
13156,2017,indios_mayaguez,9,188,PG,Trey Freeman,latinbasket,http://basketball.latinbasket.com/team/Puerto-Rico/Indios_de_Mayaguez/10936?Page=1,20171104080231,single-source
13158,2018,santeros_aguada,2,173,PG,Kevin Maura,latinbasket,https://basketball.latinbasket.com/team/Puerto-Rico/Santeros-de-Aguada/1976,20181012124014,single-source
13158,2019,santeros_aguada,7,173,PG,Kevin Maura,latinbasket,https://basketball.latinbasket.com/team/Puerto-Rico/Santeros-de-Aguada/1976,20190721090536,single-source
13160,2019,indios_mayaguez,9,203,F,Juan Ramon Rivas,latinbasket,https://basketball.latinbasket.com/team/Puerto-Rico/Indios-de-Mayaguez/10936,20190721092113,single-source
13162,2018,atleticos_san_german,31,207,F,Raphiael Putney,latinbasket,http://basketball.latinbasket.com/team/Puerto-Rico/Atleticos-de-San-German/1957?Page=1,20180521021055,single-source
13165,2019,atleticos_san_german,31,193,G,Diego Maldonado,latinbasket,https://basketball.latinbasket.com/team/Puerto-Rico/Atleticos-de-San-German/1957,20190721090532,single-source
13170,2019,capitanes_arecibo,42,198,F,Wilfredo Rodriguez,latinbasket,https://basketball.latinbasket.com/team/Puerto-Rico/Capitanes-de-Arecibo/2187,20190325112059,single-source
13173,2018,atleticos_san_german,43,208,C,Chris Brady,latinbasket,http://basketball.latinbasket.com/team/Puerto-Rico/Atleticos-de-San-German/1957?Page=1,20180521021055,single-source
13175,2019,vaqueros_bayamon,13,193,F,Angel Rodriguez,latinbasket,https://basketball.latinbasket.com/team/Puerto-Rico/Vaqueros-de-Bayamon/1677,20190701050249,single-source
13176,2018,atleticos_san_german,5,173,G,Angel Rivera,latinbasket,http://basketball.latinbasket.com/team/Puerto-Rico/Atleticos-de-San-German/1957?Page=1,20180521021055,single-source
13180,2019,vaqueros_bayamon,20,193,SG,Alexis Negron,latinbasket,https://basketball.latinbasket.com/team/Puerto-Rico/Vaqueros-de-Bayamon/1677,20190701050249,single-source
13182,2019,cariduros_fajardo,10,178,G,Max Amaro,latinbasket,https://basketball.latinbasket.com/team/Puerto-Rico/Cariduros-de-Fajardo/10934,20190721093627,single-source
13182,2020,cariduros_fajardo,5,178,PG,Max Amaro,latinbasket,https://basketball.latinbasket.com/team/Puerto-Rico/Cariduros-de-Fajardo/10934,20200530072933,single-source
13185,2019,brujos_guayama,25,201,PF,Melsahn Basabe,latinbasket,https://basketball.latinbasket.com/team/Puerto-Rico/Brujos-de-Guayama/2634,20190721093624,single-source
13188,2019,cariduros_fajardo,30,208,C,Ramon Calderon,latinbasket,https://basketball.latinbasket.com/team/Puerto-Rico/Cariduros-de-Fajardo/10934,20190721093627,single-source
13190,2018,leones_ponce,,203,F,Jose Arroyo-Felix,latinbasket,https://basketball.latinbasket.com/team/Puerto-Rico/Leones-de-Ponce/1954,20181012123736,single-source
13190,2019,leones_ponce,22,203,F,Jose Arroyo-Felix,latinbasket,https://basketball.latinbasket.com/team/Puerto-Rico/Leones-de-Ponce/1954,20190721092056,single-source
13198,2019,brujos_guayama,42,201,F,Tai Wesley,latinbasket,https://basketball.latinbasket.com/team/Puerto-Rico/Brujos-de-Guayama/2634,20190721093624,single-source
13199,2019,vaqueros_bayamon,11,208,C,Greg Smith,latinbasket,https://basketball.latinbasket.com/team/Puerto-Rico/Vaqueros-de-Bayamon/1677,20190701050249,single-source
13201,2019,piratas_quebradillas,9,190,G,Melo Trimble,latinbasket,https://basketball.latinbasket.com/team/Puerto-Rico/Piratas-de-Quebradillas/20147,20190721090530,single-source
13209,2020,cariduros_fajardo,10,196,G,Gerardo Suero,latinbasket,https://basketball.latinbasket.com/team/Puerto-Rico/Cariduros-de-Fajardo/10934,20200530072933,single-source
13210,2019,capitanes_arecibo,1,205,F,Victor Rudd,latinbasket,https://basketball.latinbasket.com/team/Puerto-Rico/Capitanes-de-Arecibo/2187,20190325112059,single-source
13211,2019,indios_mayaguez,10,208,F,Isaiah Manderson,latinbasket,https://basketball.latinbasket.com/team/Puerto-Rico/Indios-de-Mayaguez/10936,20190721092113,single-source
13212,2019,capitanes_arecibo,2,206,PF,Trey Gilder,latinbasket,https://basketball.latinbasket.com/team/Puerto-Rico/Capitanes-de-Arecibo/2187,20190325112059,single-source
13217,2019,leones_ponce,25,182,G,Luis Lopez,latinbasket,https://basketball.latinbasket.com/team/Puerto-Rico/Leones-de-Ponce/1954,20190721092056,single-source
13220,2019,santeros_aguada,23,190,G,Tyquan Rolon,latinbasket,https://basketball.latinbasket.com/team/Puerto-Rico/Santeros-de-Aguada/1976,20190721090536,single-source
13220,2020,mets_guaynabo,0,190,G,Tyquan Rolon,latinbasket,https://basketball.latinbasket.com/team/Puerto-Rico/Mets-de-Guaynabo/9280,20200716011902,single-source
13221,2019,cariduros_fajardo,11,178,G,Evander Ortiz,latinbasket,https://basketball.latinbasket.com/team/Puerto-Rico/Cariduros-de-Fajardo/10934,20190721093627,single-source
13221,2020,cariduros_fajardo,2,178,G,Evander Ortiz,latinbasket,https://basketball.latinbasket.com/team/Puerto-Rico/Cariduros-de-Fajardo/10934,20200530072933,single-source
13227,2019,atleticos_san_german,34,208,F,Jeremy Tyler,latinbasket,https://basketball.latinbasket.com/team/Puerto-Rico/Atleticos-de-San-German/1957,20190721090532,single-source
13229,2019,indios_mayaguez,21,193,G/F,Justin Reyes,latinbasket,https://basketball.latinbasket.com/team/Puerto-Rico/Indios-de-Mayaguez/10936,20190721092113,single-source
13255,2020,cariduros_fajardo,9,183,PG,Russ Smith,latinbasket,https://basketball.latinbasket.com/team/Puerto-Rico/Cariduros-de-Fajardo/10934,20200530072933,single-source
13256,2020,cariduros_fajardo,23,185,G,Jose Gines,latinbasket,https://basketball.latinbasket.com/team/Puerto-Rico/Cariduros-de-Fajardo/10934,20200530072933,single-source
13262,2020,mets_guaynabo,5,201,SG,Daniel Hamilton,latinbasket,https://basketball.latinbasket.com/team/Puerto-Rico/Mets-de-Guaynabo/9280,20200716011902,single-source
13263,2019,capitanes_arecibo,34,206,F,Rakeem Christmas,latinbasket,https://basketball.latinbasket.com/team/Puerto-Rico/Capitanes-de-Arecibo/2187,20190325112059,single-source
13263,2020,mets_guaynabo,25,206,F,Rakeem Christmas,latinbasket,https://basketball.latinbasket.com/team/Puerto-Rico/Mets-de-Guaynabo/9280,20200716011902,single-source
13288,2020,mets_guaynabo,,198,F,Lonnie Rivera,latinbasket,https://basketball.latinbasket.com/team/Puerto-Rico/Mets-de-Guaynabo/9280,20200716011902,single-source
990024,2009,atleticos_san_german,2,196,F/G,Martinez Freddie,latinbasket,http://basketball.latinbasket.com:80/team/Puerto-Rico/Atleticos-de-San-German/1957?Year=2009,20160401114423,single-source
