bsnpr_id,season,team_raw,games,points,source_id,source_url,retrieved_at
1,1957,"Capitanes, Arecibo",4,6,wayback_bsnpr_players,https://web.archive.org/web/20070828231743id_/http://www.bsnpr.com:80/jugadores/jugador.asp?id=1&e=,2026-09-08T14:26:01Z
2,1957,"Cardenales, Rio Piedras",6,10,wayback_bsnpr_players,https://web.archive.org/web/20070828224344id_/http://www.bsnpr.com:80/jugadores/jugador.asp?id=2&e=,2026-09-08T14:26:03Z
3,1992,"Santeros, Aguada",3,31,wayback_bsnpr_players,https://web.archive.org/web/20160128141919id_/http://www.bsnpr.com/jugadores/jugador.asp?id=3,2026-09-08T14:26:05Z
3,1994,"Vaqueros, Bayamon",8,149,wayback_bsnpr_players,https://web.archive.org/web/20160128141919id_/http://www.bsnpr.com/jugadores/jugador.asp?id=3,2026-09-08T14:26:05Z
3,1996,"Santeros, Aguada",12,181,wayback_bsnpr_players,https://web.archive.org/web/20160128141919id_/http://www.bsnpr.com/jugadores/jugador.asp?id=3,2026-09-08T14:26:05Z
3,1997,"Leones, Ponce",19,250,wayback_bsnpr_players,https://web.archive.org/web/20160128141919id_/http://www.bsnpr.com/jugadores/jugador.asp?id=3,2026-09-08T14:26:05Z
3,2001,"Maratonistas, Coamo",6,112,wayback_bsnpr_players,https://web.archive.org/web/20160128141919id_/http://www.bsnpr.com/jugadores/jugador.asp?id=3,2026-09-08T14:26:05Z
3,2002,"Maratonistas, Coamo",2,6,wayback_bsnpr_players,https://web.archive.org/web/20160128141919id_/http://www.bsnpr.com/jugadores/jugador.asp?id=3,2026-09-08T14:26:05Z
11,1974,"Cariduros, Fajardo",31,128,wayback_bsnpr_players,https://web.archive.org/web/20070829042648id_/http://www.bsnpr.com:80/jugadores/jugador.asp?id=11&e=,2026-09-08T14:26:07Z
11,1975,"Cariduros, Fajardo",28,108,wayback_bsnpr_players,https://web.archive.org/web/20070829042648id_/http://www.bsnpr.com:80/jugadores/jugador.asp?id=11&e=,2026-09-08T14:26:07Z
11,1976,"Cariduros, Fajardo",29,90,wayback_bsnpr_players,https://web.archive.org/web/20070829042648id_/http://www.bsnpr.com:80/jugadores/jugador.asp?id=11&e=,2026-09-08T14:26:07Z
23,1992,"Cariduros, Fajardo",17,45,wayback_bsnpr_players,https://web.archive.org/web/20070828230237id_/http://www.bsnpr.com:80/jugadores/jugador.asp?id=23&e=,2026-09-08T14:26:09Z
23,1995,"Capitanes, Arecibo",3,5,wayback_bsnpr_players,https://web.archive.org/web/20070828230237id_/http://www.bsnpr.com:80/jugadores/jugador.asp?id=23&e=,2026-09-08T14:26:09Z
31,1970,"Capitanes, Arecibo",8,37,wayback_bsnpr_players,https://web.archive.org/web/20070828230619id_/http://www.bsnpr.com:80/jugadores/jugador.asp?id=31&e=,2026-09-08T14:26:12Z
31,1971,"Capitanes, Arecibo",16,27,wayback_bsnpr_players,https://web.archive.org/web/20070828230619id_/http://www.bsnpr.com:80/jugadores/jugador.asp?id=31&e=,2026-09-08T14:26:12Z
31,1972,"Capitanes, Arecibo",13,22,wayback_bsnpr_players,https://web.archive.org/web/20070828230619id_/http://www.bsnpr.com:80/jugadores/jugador.asp?id=31&e=,2026-09-08T14:26:12Z
32,2003,"Criollos, Caguas",8,6,wayback_bsnpr_players,https://web.archive.org/web/20070828231618id_/http://www.bsnpr.com:80/jugadores/jugador.asp?id=32&e=,2026-09-08T14:26:14Z
33,1961,"Vaqueros, Bayamon",15,107,wayback_bsnpr_players,https://web.archive.org/web/20070828224018id_/http://www.bsnpr.com:80/jugadores/jugador.asp?id=33&e=,2026-09-08T14:26:16Z
33,1962,"Vaqueros, Bayamon",11,96,wayback_bsnpr_players,https://web.archive.org/web/20070828224018id_/http://www.bsnpr.com:80/jugadores/jugador.asp?id=33&e=,2026-09-08T14:26:16Z
33,1963,"Vaqueros, Bayamon",21,336,wayback_bsnpr_players,https://web.archive.org/web/20070828224018id_/http://www.bsnpr.com:80/jugadores/jugador.asp?id=33&e=,2026-09-08T14:26:16Z
33,1964,"Vaqueros, Bayamon",21,279,wayback_bsnpr_players,https://web.archive.org/web/20070828224018id_/http://www.bsnpr.com:80/jugadores/jugador.asp?id=33&e=,2026-09-08T14:26:16Z
33,1965,"Vaqueros, Bayamon",13,150,wayback_bsnpr_players,https://web.archive.org/web/20070828224018id_/http://www.bsnpr.com:80/jugadores/jugador.asp?id=33&e=,2026-09-08T14:26:16Z
33,1966,"Vaqueros, Bayamon",21,232,wayback_bsnpr_players,https://web.archive.org/web/20070828224018id_/http://www.bsnpr.com:80/jugadores/jugador.asp?id=33&e=,2026-09-08T14:26:16Z
33,1967,"Vaqueros, Bayamon",20,321,wayback_bsnpr_players,https://web.archive.org/web/20070828224018id_/http://www.bsnpr.com:80/jugadores/jugador.asp?id=33&e=,2026-09-08T14:26:16Z
33,1968,"Vaqueros, Bayamon",21,286,wayback_bsnpr_players,https://web.archive.org/web/20070828224018id_/http://www.bsnpr.com:80/jugadores/jugador.asp?id=33&e=,2026-09-08T14:26:16Z
33,1969,"Vaqueros, Bayamon",27,362,wayback_bsnpr_players,https://web.archive.org/web/20070828224018id_/http://www.bsnpr.com:80/jugadores/jugador.asp?id=33&e=,2026-09-08T14:26:16Z
33,1970,"Vaqueros, Bayamon",27,314,wayback_bsnpr_players,https://web.archive.org/web/20070828224018id_/http://www.bsnpr.com:80/jugadores/jugador.asp?id=33&e=,2026-09-08T14:26:16Z
33,1971,"Vaqueros, Bayamon",20,165,wayback_bsnpr_players,https://web.archive.org/web/20070828224018id_/http://www.bsnpr.com:80/jugadores/jugador.asp?id=33&e=,2026-09-08T14:26:16Z
33,1972,"Vaqueros, Bayamon",27,231,wayback_bsnpr_players,https://web.archive.org/web/20070828224018id_/http://www.bsnpr.com:80/jugadores/jugador.asp?id=33&e=,2026-09-08T14:26:16Z
33,1973,"Vaqueros, Bayamon",29,270,wayback_bsnpr_players,https://web.archive.org/web/20070828224018id_/http://www.bsnpr.com:80/jugadores/jugador.asp?id=33&e=,2026-09-08T14:26:16Z
33,1974,"Vaqueros, Bayamon",28,218,wayback_bsnpr_players,https://web.archive.org/web/20070828224018id_/http://www.bsnpr.com:80/jugadores/jugador.asp?id=33&e=,2026-09-08T14:26:16Z
35,1996,"Cariduros, Fajardo",12,20,wayback_bsnpr_players,https://web.archive.org/web/20080803163146id_/http://bsnpr.com:80/jugadores/jugador.asp?id=35&e=,2026-09-08T14:26:19Z
35,1997,"Cariduros, Fajardo",8,33,wayback_bsnpr_players,https://web.archive.org/web/20080803163146id_/http://bsnpr.com:80/jugadores/jugador.asp?id=35&e=,2026-09-08T14:26:19Z
35,1998,"Cangrejeros, Santurce",10,17,wayback_bsnpr_players,https://web.archive.org/web/20080803163146id_/http://bsnpr.com:80/jugadores/jugador.asp?id=35&e=,2026-09-08T14:26:19Z
35,1999,"Cangrejeros, Santurce",14,34,wayback_bsnpr_players,https://web.archive.org/web/20080803163146id_/http://bsnpr.com:80/jugadores/jugador.asp?id=35&e=,2026-09-08T14:26:19Z
35,2000,"Cangrejeros, Santurce",10,5,wayback_bsnpr_players,https://web.archive.org/web/20080803163146id_/http://bsnpr.com:80/jugadores/jugador.asp?id=35&e=,2026-09-08T14:26:19Z
35,2001,"Cangrejeros, Santurce",12,14,wayback_bsnpr_players,https://web.archive.org/web/20080803163146id_/http://bsnpr.com:80/jugadores/jugador.asp?id=35&e=,2026-09-08T14:26:19Z
35,2002,"Cangrejeros, Santurce",11,20,wayback_bsnpr_players,https://web.archive.org/web/20080803163146id_/http://bsnpr.com:80/jugadores/jugador.asp?id=35&e=,2026-09-08T14:26:19Z
35,2003,"Cangrejeros, Santurce",17,38,wayback_bsnpr_players,https://web.archive.org/web/20080803163146id_/http://bsnpr.com:80/jugadores/jugador.asp?id=35&e=,2026-09-08T14:26:19Z
35,2004,"Cangrejeros, Santurce",10,18,wayback_bsnpr_players,https://web.archive.org/web/20080803163146id_/http://bsnpr.com:80/jugadores/jugador.asp?id=35&e=,2026-09-08T14:26:19Z
35,2005,"Cangrejeros, Santurce",6,11,wayback_bsnpr_players,https://web.archive.org/web/20080803163146id_/http://bsnpr.com:80/jugadores/jugador.asp?id=35&e=,2026-09-08T14:26:19Z
35,2006,"Conquistadores, Guaynabo",20,21,wayback_bsnpr_players,https://web.archive.org/web/20080803163146id_/http://bsnpr.com:80/jugadores/jugador.asp?id=35&e=,2026-09-08T14:26:19Z
35,2007,"Cariduros, Fajardo",16,14,wayback_bsnpr_players,https://web.archive.org/web/20080803163146id_/http://bsnpr.com:80/jugadores/jugador.asp?id=35&e=,2026-09-08T14:26:19Z
35,2008,"Cariduros, Fajardo",12,5,wayback_bsnpr_players,https://web.archive.org/web/20080803163146id_/http://bsnpr.com:80/jugadores/jugador.asp?id=35&e=,2026-09-08T14:26:19Z
36,2005,"Gallitos, Isabela",19,42,wayback_bsnpr_players,https://web.archive.org/web/20070828224647id_/http://www.bsnpr.com:80/jugadores/jugador.asp?id=36&e=,2026-09-08T14:26:21Z
37,2001,"Indios, Mayaguez",5,16,wayback_bsnpr_players,https://web.archive.org/web/20170715120606id_/http://www.bsnpr.com:80/jugadores/jugador.asp?id=37&e=,2026-09-08T14:26:23Z
37,2002,"Indios, Mayaguez",13,217,wayback_bsnpr_players,https://web.archive.org/web/20170715120606id_/http://www.bsnpr.com:80/jugadores/jugador.asp?id=37&e=,2026-09-08T14:26:23Z
37,2003,"Indios, Mayaguez",30,482,wayback_bsnpr_players,https://web.archive.org/web/20170715120606id_/http://www.bsnpr.com:80/jugadores/jugador.asp?id=37&e=,2026-09-08T14:26:23Z
37,2004,"Indios, Mayaguez",22,398,wayback_bsnpr_players,https://web.archive.org/web/20170715120606id_/http://www.bsnpr.com:80/jugadores/jugador.asp?id=37&e=,2026-09-08T14:26:23Z
37,2005,"Vaqueros, Bayamon",28,408,wayback_bsnpr_players,https://web.archive.org/web/20170715120606id_/http://www.bsnpr.com:80/jugadores/jugador.asp?id=37&e=,2026-09-08T14:26:23Z
37,2006,"Vaqueros, Bayamon",13,253,wayback_bsnpr_players,https://web.archive.org/web/20170715120606id_/http://www.bsnpr.com:80/jugadores/jugador.asp?id=37&e=,2026-09-08T14:26:23Z
37,2007,"Vaqueros, Bayamon",29,573,wayback_bsnpr_players,https://web.archive.org/web/20170715120606id_/http://www.bsnpr.com:80/jugadores/jugador.asp?id=37&e=,2026-09-08T14:26:23Z
37,2008,"Gigantes, Carolina",32,651,wayback_bsnpr_players,https://web.archive.org/web/20170715120606id_/http://www.bsnpr.com:80/jugadores/jugador.asp?id=37&e=,2026-09-08T14:26:23Z
37,2009,"Gigantes, Carolina",30,646,wayback_bsnpr_players,https://web.archive.org/web/20170715120606id_/http://www.bsnpr.com:80/jugadores/jugador.asp?id=37&e=,2026-09-08T14:26:23Z
37,2010,"Indios, Mayaguez",22,444,wayback_bsnpr_players,https://web.archive.org/web/20170715120606id_/http://www.bsnpr.com:80/jugadores/jugador.asp?id=37&e=,2026-09-08T14:26:23Z
37,2011,"Indios, Mayaguez",23,382,wayback_bsnpr_players,https://web.archive.org/web/20170715120606id_/http://www.bsnpr.com:80/jugadores/jugador.asp?id=37&e=,2026-09-08T14:26:23Z
37,2013,"Caciques, Humacao",29,567,wayback_bsnpr_players,https://web.archive.org/web/20170715120606id_/http://www.bsnpr.com:80/jugadores/jugador.asp?id=37&e=,2026-09-08T14:26:23Z
37,2014,"Brujos, Guayama",36,642,wayback_bsnpr_players,https://web.archive.org/web/20170715120606id_/http://www.bsnpr.com:80/jugadores/jugador.asp?id=37&e=,2026-09-08T14:26:23Z
37,2015,"Brujos, Guayama",32,490,wayback_bsnpr_players,https://web.archive.org/web/20170715120606id_/http://www.bsnpr.com:80/jugadores/jugador.asp?id=37&e=,2026-09-08T14:26:23Z
37,2016,"Atenienses, Manati",11,139,wayback_bsnpr_players,https://web.archive.org/web/20170715120606id_/http://www.bsnpr.com:80/jugadores/jugador.asp?id=37&e=,2026-09-08T14:26:23Z
37,2016,"Brujos, Guayama",26,378,wayback_bsnpr_players,https://web.archive.org/web/20170715120606id_/http://www.bsnpr.com:80/jugadores/jugador.asp?id=37&e=,2026-09-08T14:26:23Z
37,2017,"Piratas, Quebradillas",35,460,wayback_bsnpr_players,https://web.archive.org/web/20170715120606id_/http://www.bsnpr.com:80/jugadores/jugador.asp?id=37&e=,2026-09-08T14:26:23Z
40,1996,"Avancinos, Villalba",12,21,wayback_bsnpr_players,https://web.archive.org/web/20070828225124id_/http://www.bsnpr.com:80/jugadores/jugador.asp?id=40&e=,2026-09-08T14:26:25Z
42,2002,"Indios, Mayaguez",2,2,wayback_bsnpr_players,https://web.archive.org/web/20200414030750id_/https://bsnpr.com/jugadores/jugador.asp?id=42&amp;e=1,2026-09-08T14:26:27Z
42,2009,"Indios, Mayaguez",30,256,wayback_bsnpr_players,https://web.archive.org/web/20200414030750id_/https://bsnpr.com/jugadores/jugador.asp?id=42&amp;e=1,2026-09-08T14:26:27Z
42,2010,"Indios, Mayaguez",11,210,wayback_bsnpr_players,https://web.archive.org/web/20200414030750id_/https://bsnpr.com/jugadores/jugador.asp?id=42&amp;e=1,2026-09-08T14:26:27Z
42,2011,"Gallitos, Isabela",10,185,wayback_bsnpr_players,https://web.archive.org/web/20200414030750id_/https://bsnpr.com/jugadores/jugador.asp?id=42&amp;e=1,2026-09-08T14:26:27Z
42,2012,"Brujos, Guayama",26,394,wayback_bsnpr_players,https://web.archive.org/web/20200414030750id_/https://bsnpr.com/jugadores/jugador.asp?id=42&amp;e=1,2026-09-08T14:26:27Z
42,2013,"Cangrejeros, Santurce",34,552,wayback_bsnpr_players,https://web.archive.org/web/20200414030750id_/https://bsnpr.com/jugadores/jugador.asp?id=42&amp;e=1,2026-09-08T14:26:27Z
42,2014,"Cangrejeros, Santurce",33,382,wayback_bsnpr_players,https://web.archive.org/web/20200414030750id_/https://bsnpr.com/jugadores/jugador.asp?id=42&amp;e=1,2026-09-08T14:26:27Z
42,2015,"Cangrejeros, Santurce",11,115,wayback_bsnpr_players,https://web.archive.org/web/20200414030750id_/https://bsnpr.com/jugadores/jugador.asp?id=42&amp;e=1,2026-09-08T14:26:27Z
42,2015,"Indios, Mayaguez",24,270,wayback_bsnpr_players,https://web.archive.org/web/20200414030750id_/https://bsnpr.com/jugadores/jugador.asp?id=42&amp;e=1,2026-09-08T14:26:27Z
42,2016,"Indios, Mayaguez",33,582,wayback_bsnpr_players,https://web.archive.org/web/20200414030750id_/https://bsnpr.com/jugadores/jugador.asp?id=42&amp;e=1,2026-09-08T14:26:27Z
42,2017,"Caciques-Gallitos, Humacao-Isabela",20,284,wayback_bsnpr_players,https://web.archive.org/web/20200414030750id_/https://bsnpr.com/jugadores/jugador.asp?id=42&amp;e=1,2026-09-08T14:26:27Z
42,2017,"Vaqueros, Bayamon",13,147,wayback_bsnpr_players,https://web.archive.org/web/20200414030750id_/https://bsnpr.com/jugadores/jugador.asp?id=42&amp;e=1,2026-09-08T14:26:27Z
42,2018,"Vaqueros, Bayamon",33,275,wayback_bsnpr_players,https://web.archive.org/web/20200414030750id_/https://bsnpr.com/jugadores/jugador.asp?id=42&amp;e=1,2026-09-08T14:26:27Z
42,2019,"Atleticos, San German",17,74,wayback_bsnpr_players,https://web.archive.org/web/20200414030750id_/https://bsnpr.com/jugadores/jugador.asp?id=42&amp;e=1,2026-09-08T14:26:27Z
45,1975,"Piratas, Quebradillas",17,46,wayback_bsnpr_players,https://web.archive.org/web/20070829042606id_/http://www.bsnpr.com:80/jugadores/jugador.asp?id=45&e=,2026-09-08T14:26:29Z
45,1976,"Indios, Mayaguez",28,501,wayback_bsnpr_players,https://web.archive.org/web/20070829042606id_/http://www.bsnpr.com:80/jugadores/jugador.asp?id=45&e=,2026-09-08T14:26:29Z
45,1977,"Indios, Mayaguez",30,704,wayback_bsnpr_players,https://web.archive.org/web/20070829042606id_/http://www.bsnpr.com:80/jugadores/jugador.asp?id=45&e=,2026-09-08T14:26:29Z
45,1978,"Indios, Mayaguez",28,759,wayback_bsnpr_players,https://web.archive.org/web/20070829042606id_/http://www.bsnpr.com:80/jugadores/jugador.asp?id=45&e=,2026-09-08T14:26:29Z
45,1979,"Indios, Mayaguez",23,646,wayback_bsnpr_players,https://web.archive.org/web/20070829042606id_/http://www.bsnpr.com:80/jugadores/jugador.asp?id=45&e=,2026-09-08T14:26:29Z
45,1980,"Indios, Mayaguez",29,723,wayback_bsnpr_players,https://web.archive.org/web/20070829042606id_/http://www.bsnpr.com:80/jugadores/jugador.asp?id=45&e=,2026-09-08T14:26:29Z
45,1981,"Indios, Mayaguez",31,496,wayback_bsnpr_players,https://web.archive.org/web/20070829042606id_/http://www.bsnpr.com:80/jugadores/jugador.asp?id=45&e=,2026-09-08T14:26:29Z
45,1982,"Indios, Mayaguez",30,592,wayback_bsnpr_players,https://web.archive.org/web/20070829042606id_/http://www.bsnpr.com:80/jugadores/jugador.asp?id=45&e=,2026-09-08T14:26:29Z
45,1983,"Gallitos, Isabela",33,558,wayback_bsnpr_players,https://web.archive.org/web/20070829042606id_/http://www.bsnpr.com:80/jugadores/jugador.asp?id=45&e=,2026-09-08T14:26:29Z
45,1984,"Gallitos, Isabela",30,441,wayback_bsnpr_players,https://web.archive.org/web/20070829042606id_/http://www.bsnpr.com:80/jugadores/jugador.asp?id=45&e=,2026-09-08T14:26:29Z
45,1985,"Gallitos, Isabela",32,574,wayback_bsnpr_players,https://web.archive.org/web/20070829042606id_/http://www.bsnpr.com:80/jugadores/jugador.asp?id=45&e=,2026-09-08T14:26:29Z
45,1986,"Vaqueros, Bayamon",24,287,wayback_bsnpr_players,https://web.archive.org/web/20070829042606id_/http://www.bsnpr.com:80/jugadores/jugador.asp?id=45&e=,2026-09-08T14:26:29Z
45,1990,"Indios, Canovanas",22,68,wayback_bsnpr_players,https://web.archive.org/web/20070829042606id_/http://www.bsnpr.com:80/jugadores/jugador.asp?id=45&e=,2026-09-08T14:26:29Z
49,1999,"Criollos, Caguas",8,11,wayback_bsnpr_players,https://web.archive.org/web/20080501072254id_/http://www.bsnpr.com:80/jugadores/jugador.asp?id=49&e=11,2026-09-08T14:26:31Z
49,2001,"Criollos, Caguas",6,19,wayback_bsnpr_players,https://web.archive.org/web/20080501072254id_/http://www.bsnpr.com:80/jugadores/jugador.asp?id=49&e=11,2026-09-08T14:26:31Z
49,2002,"Criollos, Caguas",22,38,wayback_bsnpr_players,https://web.archive.org/web/20080501072254id_/http://www.bsnpr.com:80/jugadores/jugador.asp?id=49&e=11,2026-09-08T14:26:31Z
49,2003,"Criollos, Caguas",22,77,wayback_bsnpr_players,https://web.archive.org/web/20080501072254id_/http://www.bsnpr.com:80/jugadores/jugador.asp?id=49&e=11,2026-09-08T14:26:31Z
49,2004,"Criollos, Caguas",23,24,wayback_bsnpr_players,https://web.archive.org/web/20080501072254id_/http://www.bsnpr.com:80/jugadores/jugador.asp?id=49&e=11,2026-09-08T14:26:31Z
49,2006,"Criollos, Caguas",7,6,wayback_bsnpr_players,https://web.archive.org/web/20080501072254id_/http://www.bsnpr.com:80/jugadores/jugador.asp?id=49&e=11,2026-09-08T14:26:31Z
49,2007,"Criollos, Caguas",8,5,wayback_bsnpr_players,https://web.archive.org/web/20080501072254id_/http://www.bsnpr.com:80/jugadores/jugador.asp?id=49&e=11,2026-09-08T14:26:31Z
49,2008,"Criollos, Caguas",6,0,wayback_bsnpr_players,https://web.archive.org/web/20080501072254id_/http://www.bsnpr.com:80/jugadores/jugador.asp?id=49&e=11,2026-09-08T14:26:31Z
50,1992,"Leones, Ponce",14,13,wayback_bsnpr_players,https://web.archive.org/web/20130428000600id_/http://www.bsnpr.com:80/jugadores/jugador.asp?id=50&e=,2026-09-08T14:26:33Z
50,1993,"Tiburones, Aguadilla",33,248,wayback_bsnpr_players,https://web.archive.org/web/20130428000600id_/http://www.bsnpr.com:80/jugadores/jugador.asp?id=50&e=,2026-09-08T14:26:33Z
50,1994,"Tiburones, Aguadilla",25,121,wayback_bsnpr_players,https://web.archive.org/web/20130428000600id_/http://www.bsnpr.com:80/jugadores/jugador.asp?id=50&e=,2026-09-08T14:26:33Z
50,1995,"Tiburones, Aguadilla",32,294,wayback_bsnpr_players,https://web.archive.org/web/20130428000600id_/http://www.bsnpr.com:80/jugadores/jugador.asp?id=50&e=,2026-09-08T14:26:33Z
50,1996,"Tiburones, Aguadilla",34,546,wayback_bsnpr_players,https://web.archive.org/web/20130428000600id_/http://www.bsnpr.com:80/jugadores/jugador.asp?id=50&e=,2026-09-08T14:26:33Z
50,1997,"Tiburones, Aguadilla",15,256,wayback_bsnpr_players,https://web.archive.org/web/20130428000600id_/http://www.bsnpr.com:80/jugadores/jugador.asp?id=50&e=,2026-09-08T14:26:33Z
50,1998,"Mets, Guaynabo",25,264,wayback_bsnpr_players,https://web.archive.org/web/20130428000600id_/http://www.bsnpr.com:80/jugadores/jugador.asp?id=50&e=,2026-09-08T14:26:33Z
50,1999,"Mets, Guaynabo",29,547,wayback_bsnpr_players,https://web.archive.org/web/20130428000600id_/http://www.bsnpr.com:80/jugadores/jugador.asp?id=50&e=,2026-09-08T14:26:33Z
50,2000,"Mets, Guaynabo",28,333,wayback_bsnpr_players,https://web.archive.org/web/20130428000600id_/http://www.bsnpr.com:80/jugadores/jugador.asp?id=50&e=,2026-09-08T14:26:33Z
50,2001,"Cangrejeros, Santurce",26,251,wayback_bsnpr_players,https://web.archive.org/web/20130428000600id_/http://www.bsnpr.com:80/jugadores/jugador.asp?id=50&e=,2026-09-08T14:26:33Z
50,2002,"Cangrejeros, Santurce",29,307,wayback_bsnpr_players,https://web.archive.org/web/20130428000600id_/http://www.bsnpr.com:80/jugadores/jugador.asp?id=50&e=,2026-09-08T14:26:33Z
50,2003,"Cangrejeros, Santurce",21,213,wayback_bsnpr_players,https://web.archive.org/web/20130428000600id_/http://www.bsnpr.com:80/jugadores/jugador.asp?id=50&e=,2026-09-08T14:26:33Z
50,2004,"Cangrejeros, Santurce",30,313,wayback_bsnpr_players,https://web.archive.org/web/20130428000600id_/http://www.bsnpr.com:80/jugadores/jugador.asp?id=50&e=,2026-09-08T14:26:33Z
50,2005,"Cangrejeros, Santurce",31,328,wayback_bsnpr_players,https://web.archive.org/web/20130428000600id_/http://www.bsnpr.com:80/jugadores/jugador.asp?id=50&e=,2026-09-08T14:26:33Z
50,2006,"Cangrejeros, Santurce",15,172,wayback_bsnpr_players,https://web.archive.org/web/20130428000600id_/http://www.bsnpr.com:80/jugadores/jugador.asp?id=50&e=,2026-09-08T14:26:33Z
50,2007,"Cangrejeros, Santurce",30,360,wayback_bsnpr_players,https://web.archive.org/web/20130428000600id_/http://www.bsnpr.com:80/jugadores/jugador.asp?id=50&e=,2026-09-08T14:26:33Z
50,2008,"Cangrejeros, Santurce",32,236,wayback_bsnpr_players,https://web.archive.org/web/20130428000600id_/http://www.bsnpr.com:80/jugadores/jugador.asp?id=50&e=,2026-09-08T14:26:33Z
50,2009,"Cangrejeros, Santurce",14,46,wayback_bsnpr_players,https://web.archive.org/web/20130428000600id_/http://www.bsnpr.com:80/jugadores/jugador.asp?id=50&e=,2026-09-08T14:26:33Z
50,2010,"Leones, Ponce",28,92,wayback_bsnpr_players,https://web.archive.org/web/20130428000600id_/http://www.bsnpr.com:80/jugadores/jugador.asp?id=50&e=,2026-09-08T14:26:33Z
50,2011,"Capitanes, Arecibo",28,80,wayback_bsnpr_players,https://web.archive.org/web/20130428000600id_/http://www.bsnpr.com:80/jugadores/jugador.asp?id=50&e=,2026-09-08T14:26:33Z
50,2013,"Cangrejeros, Santurce",2,1,wayback_bsnpr_players,https://web.archive.org/web/20130428000600id_/http://www.bsnpr.com:80/jugadores/jugador.asp?id=50&e=,2026-09-08T14:26:33Z
54,1993,"Gigantes, Carolina",7,8,wayback_bsnpr_players,https://web.archive.org/web/20090829072413id_/http://bsnpr.com:80/jugadores/jugador.asp?id=54&e=,2026-09-08T14:26:35Z
54,1996,"Santos, San Juan",14,21,wayback_bsnpr_players,https://web.archive.org/web/20090829072413id_/http://bsnpr.com:80/jugadores/jugador.asp?id=54&e=,2026-09-08T14:26:35Z
54,1998,"Brujos, Guayama",6,5,wayback_bsnpr_players,https://web.archive.org/web/20090829072413id_/http://bsnpr.com:80/jugadores/jugador.asp?id=54&e=,2026-09-08T14:26:35Z
54,2003,"Criollos, Caguas",0,0,wayback_bsnpr_players,https://web.archive.org/web/20090829072413id_/http://bsnpr.com:80/jugadores/jugador.asp?id=54&e=,2026-09-08T14:26:35Z
54,2009,"Gigantes, Carolina",8,6,wayback_bsnpr_players,https://web.archive.org/web/20090829072413id_/http://bsnpr.com:80/jugadores/jugador.asp?id=54&e=,2026-09-08T14:26:35Z
57,1960,"Leones, Ponce",7,10,wayback_bsnpr_players,https://web.archive.org/web/20070828231504id_/http://www.bsnpr.com:80/jugadores/jugador.asp?id=57&e=,2026-09-08T14:26:36Z
57,1961,"Leones, Ponce",10,10,wayback_bsnpr_players,https://web.archive.org/web/20070828231504id_/http://www.bsnpr.com:80/jugadores/jugador.asp?id=57&e=,2026-09-08T14:26:36Z
57,1962,"Leones, Ponce",8,4,wayback_bsnpr_players,https://web.archive.org/web/20070828231504id_/http://www.bsnpr.com:80/jugadores/jugador.asp?id=57&e=,2026-09-08T14:26:36Z
57,1963,"Santos, San Juan",7,35,wayback_bsnpr_players,https://web.archive.org/web/20070828231504id_/http://www.bsnpr.com:80/jugadores/jugador.asp?id=57&e=,2026-09-08T14:26:36Z
57,1966,"Cangrejeros, Santurce",2,2,wayback_bsnpr_players,https://web.archive.org/web/20070828231504id_/http://www.bsnpr.com:80/jugadores/jugador.asp?id=57&e=,2026-09-08T14:26:36Z
67,1984,"Cariduros, Fajardo",3,1,wayback_bsnpr_players,https://web.archive.org/web/20070828224339id_/http://www.bsnpr.com:80/jugadores/jugador.asp?id=67&e=,2026-09-08T14:26:38Z
67,1989,"Cariduros, Fajardo",24,53,wayback_bsnpr_players,https://web.archive.org/web/20070828224339id_/http://www.bsnpr.com:80/jugadores/jugador.asp?id=67&e=,2026-09-08T14:26:38Z
73,2000,"Vaqueros, Bayamon",8,9,wayback_bsnpr_players,https://web.archive.org/web/20080406040813id_/http://www.bsnpr.com:80/jugadores/jugador.asp?id=73&e=10,2026-09-08T14:26:40Z
73,2001,"Vaqueros, Bayamon",11,60,wayback_bsnpr_players,https://web.archive.org/web/20080406040813id_/http://www.bsnpr.com:80/jugadores/jugador.asp?id=73&e=10,2026-09-08T14:26:40Z
73,2002,"Vaqueros, Bayamon",20,87,wayback_bsnpr_players,https://web.archive.org/web/20080406040813id_/http://www.bsnpr.com:80/jugadores/jugador.asp?id=73&e=10,2026-09-08T14:26:40Z
74,1998,"Vaqueros, Bayamon",9,12,wayback_bsnpr_players,https://web.archive.org/web/20170817055003id_/http://www.bsnpr.com:80/jugadores/jugador.asp?id=74&e=2,2026-09-08T14:26:42Z
74,1999,"Vaqueros, Bayamon",10,15,wayback_bsnpr_players,https://web.archive.org/web/20170817055003id_/http://www.bsnpr.com:80/jugadores/jugador.asp?id=74&e=2,2026-09-08T14:26:42Z
74,2000,"Vaqueros, Bayamon",8,9,wayback_bsnpr_players,https://web.archive.org/web/20170817055003id_/http://www.bsnpr.com:80/jugadores/jugador.asp?id=74&e=2,2026-09-08T14:26:42Z
74,2001,"Vaqueros, Bayamon",11,60,wayback_bsnpr_players,https://web.archive.org/web/20170817055003id_/http://www.bsnpr.com:80/jugadores/jugador.asp?id=74&e=2,2026-09-08T14:26:42Z
74,2002,"Vaqueros, Bayamon",20,87,wayback_bsnpr_players,https://web.archive.org/web/20170817055003id_/http://www.bsnpr.com:80/jugadores/jugador.asp?id=74&e=2,2026-09-08T14:26:42Z
74,2005,"Vaqueros, Bayamon",11,134,wayback_bsnpr_players,https://web.archive.org/web/20170817055003id_/http://www.bsnpr.com:80/jugadores/jugador.asp?id=74&e=2,2026-09-08T14:26:42Z
74,2006,"Vaqueros, Bayamon",24,211,wayback_bsnpr_players,https://web.archive.org/web/20170817055003id_/http://www.bsnpr.com:80/jugadores/jugador.asp?id=74&e=2,2026-09-08T14:26:42Z
74,2007,"Vaqueros, Bayamon",16,149,wayback_bsnpr_players,https://web.archive.org/web/20170817055003id_/http://www.bsnpr.com:80/jugadores/jugador.asp?id=74&e=2,2026-09-08T14:26:42Z
74,2008,"Gigantes, Carolina",32,181,wayback_bsnpr_players,https://web.archive.org/web/20170817055003id_/http://www.bsnpr.com:80/jugadores/jugador.asp?id=74&e=2,2026-09-08T14:26:42Z
74,2009,"Gigantes, Carolina",18,251,wayback_bsnpr_players,https://web.archive.org/web/20170817055003id_/http://www.bsnpr.com:80/jugadores/jugador.asp?id=74&e=2,2026-09-08T14:26:42Z
74,2010,"Leones, Ponce",29,329,wayback_bsnpr_players,https://web.archive.org/web/20170817055003id_/http://www.bsnpr.com:80/jugadores/jugador.asp?id=74&e=2,2026-09-08T14:26:42Z
74,2011,"Piratas, Quebradillas",3,8,wayback_bsnpr_players,https://web.archive.org/web/20170817055003id_/http://www.bsnpr.com:80/jugadores/jugador.asp?id=74&e=2,2026-09-08T14:26:42Z
74,2012,"Piratas, Quebradillas",26,125,wayback_bsnpr_players,https://web.archive.org/web/20170817055003id_/http://www.bsnpr.com:80/jugadores/jugador.asp?id=74&e=2,2026-09-08T14:26:42Z
74,2013,"Mets, Guaynabo",36,175,wayback_bsnpr_players,https://web.archive.org/web/20170817055003id_/http://www.bsnpr.com:80/jugadores/jugador.asp?id=74&e=2,2026-09-08T14:26:42Z
74,2014,"Capitanes, Arecibo",32,62,wayback_bsnpr_players,https://web.archive.org/web/20170817055003id_/http://www.bsnpr.com:80/jugadores/jugador.asp?id=74&e=2,2026-09-08T14:26:42Z
74,2015,"Capitanes, Arecibo",33,175,wayback_bsnpr_players,https://web.archive.org/web/20170817055003id_/http://www.bsnpr.com:80/jugadores/jugador.asp?id=74&e=2,2026-09-08T14:26:42Z
74,2016,"Capitanes, Arecibo",28,46,wayback_bsnpr_players,https://web.archive.org/web/20170817055003id_/http://www.bsnpr.com:80/jugadores/jugador.asp?id=74&e=2,2026-09-08T14:26:42Z
74,2017,"Capitanes, Arecibo",27,90,wayback_bsnpr_players,https://web.archive.org/web/20170817055003id_/http://www.bsnpr.com:80/jugadores/jugador.asp?id=74&e=2,2026-09-08T14:26:42Z
78,2003,"Gallitos, Isabela",19,338,wayback_bsnpr_players,https://web.archive.org/web/20080417000059id_/http://www.bsnpr.com:80/jugadores/jugador.asp?id=78&e=13,2026-09-08T14:26:44Z
78,2004,"Criollos, Caguas",18,207,wayback_bsnpr_players,https://web.archive.org/web/20080417000059id_/http://www.bsnpr.com:80/jugadores/jugador.asp?id=78&e=13,2026-09-08T14:26:44Z
81,2002,"Maratonistas, Coamo",2,22,wayback_bsnpr_players,https://web.archive.org/web/20071211045931id_/http://bsnpr.com:80/jugadores/jugador.asp?id=81&e=,2026-09-08T14:26:47Z
81,2005,"Maratonistas, Coamo",21,227,wayback_bsnpr_players,https://web.archive.org/web/20071211045931id_/http://bsnpr.com:80/jugadores/jugador.asp?id=81&e=,2026-09-08T14:26:47Z
81,2006,"Atleticos, San German",13,126,wayback_bsnpr_players,https://web.archive.org/web/20071211045931id_/http://bsnpr.com:80/jugadores/jugador.asp?id=81&e=,2026-09-08T14:26:47Z
81,2006,"Maratonistas, Coamo",13,136,wayback_bsnpr_players,https://web.archive.org/web/20071211045931id_/http://bsnpr.com:80/jugadores/jugador.asp?id=81&e=,2026-09-08T14:26:47Z
81,2007,"Gigantes, Carolina",29,134,wayback_bsnpr_players,https://web.archive.org/web/20071211045931id_/http://bsnpr.com:80/jugadores/jugador.asp?id=81&e=,2026-09-08T14:26:47Z
86,2006,"Maratonistas, Coamo",13,40,wayback_bsnpr_players,https://web.archive.org/web/20140122201102id_/http://www.bsnpr.com:80/jugadores/jugador.asp?id=86&e=,2026-09-08T14:26:49Z
86,2007,"Maratonistas, Coamo",8,17,wayback_bsnpr_players,https://web.archive.org/web/20140122201102id_/http://www.bsnpr.com:80/jugadores/jugador.asp?id=86&e=,2026-09-08T14:26:49Z
86,2008,"Mets, Guaynabo",27,128,wayback_bsnpr_players,https://web.archive.org/web/20140122201102id_/http://www.bsnpr.com:80/jugadores/jugador.asp?id=86&e=,2026-09-08T14:26:49Z
86,2009,"Mets, Guaynabo",25,177,wayback_bsnpr_players,https://web.archive.org/web/20140122201102id_/http://www.bsnpr.com:80/jugadores/jugador.asp?id=86&e=,2026-09-08T14:26:49Z
86,2010,"Mets, Guaynabo",20,50,wayback_bsnpr_players,https://web.archive.org/web/20140122201102id_/http://www.bsnpr.com:80/jugadores/jugador.asp?id=86&e=,2026-09-08T14:26:49Z
86,2011,"Maratonistas, Coamo",28,196,wayback_bsnpr_players,https://web.archive.org/web/20140122201102id_/http://www.bsnpr.com:80/jugadores/jugador.asp?id=86&e=,2026-09-08T14:26:49Z
86,2012,"Indios, Mayaguez",29,288,wayback_bsnpr_players,https://web.archive.org/web/20140122201102id_/http://www.bsnpr.com:80/jugadores/jugador.asp?id=86&e=,2026-09-08T14:26:49Z
86,2013,"Indios, Mayaguez",28,222,wayback_bsnpr_players,https://web.archive.org/web/20140122201102id_/http://www.bsnpr.com:80/jugadores/jugador.asp?id=86&e=,2026-09-08T14:26:49Z
87,1999,"Criollos, Caguas",19,37,wayback_bsnpr_players,https://web.archive.org/web/20180424203035id_/http://www.bsnpr.com/jugadores/jugador.asp?id=87&e,2026-09-08T14:26:50Z
87,2000,"Criollos, Caguas",3,3,wayback_bsnpr_players,https://web.archive.org/web/20180424203035id_/http://www.bsnpr.com/jugadores/jugador.asp?id=87&e,2026-09-08T14:26:50Z
87,2001,"Criollos, Caguas",14,23,wayback_bsnpr_players,https://web.archive.org/web/20180424203035id_/http://www.bsnpr.com/jugadores/jugador.asp?id=87&e,2026-09-08T14:26:50Z
87,2002,"Criollos, Caguas",26,179,wayback_bsnpr_players,https://web.archive.org/web/20180424203035id_/http://www.bsnpr.com/jugadores/jugador.asp?id=87&e,2026-09-08T14:26:50Z
87,2004,"Criollos, Caguas",21,172,wayback_bsnpr_players,https://web.archive.org/web/20180424203035id_/http://www.bsnpr.com/jugadores/jugador.asp?id=87&e,2026-09-08T14:26:50Z
87,2006,"Criollos, Caguas",20,131,wayback_bsnpr_players,https://web.archive.org/web/20180424203035id_/http://www.bsnpr.com/jugadores/jugador.asp?id=87&e,2026-09-08T14:26:50Z
87,2007,"Criollos, Caguas",5,35,wayback_bsnpr_players,https://web.archive.org/web/20180424203035id_/http://www.bsnpr.com/jugadores/jugador.asp?id=87&e,2026-09-08T14:26:50Z
87,2010,"Capitanes, Arecibo",28,195,wayback_bsnpr_players,https://web.archive.org/web/20180424203035id_/http://www.bsnpr.com/jugadores/jugador.asp?id=87&e,2026-09-08T14:26:50Z
87,2011,"Capitanes, Arecibo",4,16,wayback_bsnpr_players,https://web.archive.org/web/20180424203035id_/http://www.bsnpr.com/jugadores/jugador.asp?id=87&e,2026-09-08T14:26:50Z
87,2014,"Cangrejeros, Santurce",25,60,wayback_bsnpr_players,https://web.archive.org/web/20180424203035id_/http://www.bsnpr.com/jugadores/jugador.asp?id=87&e,2026-09-08T14:26:50Z
87,2015,"Vaqueros, Bayamon",41,178,wayback_bsnpr_players,https://web.archive.org/web/20180424203035id_/http://www.bsnpr.com/jugadores/jugador.asp?id=87&e,2026-09-08T14:26:50Z
87,2016,"Atenienses, Manati",1,0,wayback_bsnpr_players,https://web.archive.org/web/20180424203035id_/http://www.bsnpr.com/jugadores/jugador.asp?id=87&e,2026-09-08T14:26:50Z
89,1972,"Atleticos, San German",6,16,wayback_bsnpr_players,https://web.archive.org/web/20070829042611id_/http://www.bsnpr.com:80/jugadores/jugador.asp?id=89&e=,2026-09-08T14:26:52Z
89,1973,"Indios, Mayaguez",28,323,wayback_bsnpr_players,https://web.archive.org/web/20070829042611id_/http://www.bsnpr.com:80/jugadores/jugador.asp?id=89&e=,2026-09-08T14:26:52Z
89,1974,"Capitanes, Arecibo",1,0,wayback_bsnpr_players,https://web.archive.org/web/20070829042611id_/http://www.bsnpr.com:80/jugadores/jugador.asp?id=89&e=,2026-09-08T14:26:52Z
89,1974,"Indios, Mayaguez",22,318,wayback_bsnpr_players,https://web.archive.org/web/20070829042611id_/http://www.bsnpr.com:80/jugadores/jugador.asp?id=89&e=,2026-09-08T14:26:52Z
89,1975,"Indios, Mayaguez",30,363,wayback_bsnpr_players,https://web.archive.org/web/20070829042611id_/http://www.bsnpr.com:80/jugadores/jugador.asp?id=89&e=,2026-09-08T14:26:52Z
89,1976,"Indios, Mayaguez",22,133,wayback_bsnpr_players,https://web.archive.org/web/20070829042611id_/http://www.bsnpr.com:80/jugadores/jugador.asp?id=89&e=,2026-09-08T14:26:52Z
89,1977,"Indios, Mayaguez",26,93,wayback_bsnpr_players,https://web.archive.org/web/20070829042611id_/http://www.bsnpr.com:80/jugadores/jugador.asp?id=89&e=,2026-09-08T14:26:52Z
89,1978,"Indios, Mayaguez",16,106,wayback_bsnpr_players,https://web.archive.org/web/20070829042611id_/http://www.bsnpr.com:80/jugadores/jugador.asp?id=89&e=,2026-09-08T14:26:52Z
89,1979,"Indios, Mayaguez",25,167,wayback_bsnpr_players,https://web.archive.org/web/20070829042611id_/http://www.bsnpr.com:80/jugadores/jugador.asp?id=89&e=,2026-09-08T14:26:52Z
89,1980,"Indios, Mayaguez",3,2,wayback_bsnpr_players,https://web.archive.org/web/20070829042611id_/http://www.bsnpr.com:80/jugadores/jugador.asp?id=89&e=,2026-09-08T14:26:52Z
89,1981,"Atleticos, San German",7,13,wayback_bsnpr_players,https://web.archive.org/web/20070829042611id_/http://www.bsnpr.com:80/jugadores/jugador.asp?id=89&e=,2026-09-08T14:26:52Z
93,2003,"Titanes, Morovis",29,114,wayback_bsnpr_players,https://web.archive.org/web/20090110001639id_/http://www.bsnpr.com:80/jugadores/jugador.asp?id=93&e=,2026-09-08T14:26:54Z
93,2004,"Piratas, Quebradillas",29,126,wayback_bsnpr_players,https://web.archive.org/web/20090110001639id_/http://www.bsnpr.com:80/jugadores/jugador.asp?id=93&e=,2026-09-08T14:26:54Z
93,2006,"Brujos, Guayama",22,50,wayback_bsnpr_players,https://web.archive.org/web/20090110001639id_/http://www.bsnpr.com:80/jugadores/jugador.asp?id=93&e=,2026-09-08T14:26:54Z
93,2007,"Indios, Mayaguez",17,38,wayback_bsnpr_players,https://web.archive.org/web/20090110001639id_/http://www.bsnpr.com:80/jugadores/jugador.asp?id=93&e=,2026-09-08T14:26:54Z
93,2008,"Brujos, Guayama",10,80,wayback_bsnpr_players,https://web.archive.org/web/20090110001639id_/http://www.bsnpr.com:80/jugadores/jugador.asp?id=93&e=,2026-09-08T14:26:54Z
96,1977,"Gigantes, Carolina",13,12,wayback_bsnpr_players,https://web.archive.org/web/20070829035218id_/http://www.bsnpr.com:80/jugadores/jugador.asp?id=96&e=,2026-09-08T14:26:56Z
102,1982,"Vaqueros, Bayamon",3,9,wayback_bsnpr_players,https://web.archive.org/web/20070828230717id_/http://www.bsnpr.com:80/jugadores/jugador.asp?id=102&e=,2026-09-08T14:26:58Z
104,1961,"Leones, Ponce",10,26,wayback_bsnpr_players,https://web.archive.org/web/20191209053505id_/https://www.bsnpr.com/jugadores/jugador.asp?id=104,2026-09-08T14:27:00Z
104,1962,"Leones, Ponce",6,26,wayback_bsnpr_players,https://web.archive.org/web/20191209053505id_/https://www.bsnpr.com/jugadores/jugador.asp?id=104,2026-09-08T14:27:00Z
104,1963,"Leones, Ponce",5,29,wayback_bsnpr_players,https://web.archive.org/web/20191209053505id_/https://www.bsnpr.com/jugadores/jugador.asp?id=104,2026-09-08T14:27:00Z
104,1964,"Leones, Ponce",21,221,wayback_bsnpr_players,https://web.archive.org/web/20191209053505id_/https://www.bsnpr.com/jugadores/jugador.asp?id=104,2026-09-08T14:27:00Z
104,1965,"Leones, Ponce",21,230,wayback_bsnpr_players,https://web.archive.org/web/20191209053505id_/https://www.bsnpr.com/jugadores/jugador.asp?id=104,2026-09-08T14:27:00Z
104,1966,"Leones, Ponce",21,185,wayback_bsnpr_players,https://web.archive.org/web/20191209053505id_/https://www.bsnpr.com/jugadores/jugador.asp?id=104,2026-09-08T14:27:00Z
104,1967,"Leones, Ponce",28,284,wayback_bsnpr_players,https://web.archive.org/web/20191209053505id_/https://www.bsnpr.com/jugadores/jugador.asp?id=104,2026-09-08T14:27:00Z
104,1968,"Leones, Ponce",19,69,wayback_bsnpr_players,https://web.archive.org/web/20191209053505id_/https://www.bsnpr.com/jugadores/jugador.asp?id=104,2026-09-08T14:27:00Z
104,1969,"Leones, Ponce",25,315,wayback_bsnpr_players,https://web.archive.org/web/20191209053505id_/https://www.bsnpr.com/jugadores/jugador.asp?id=104,2026-09-08T14:27:00Z
104,1970,"Leones, Ponce",27,226,wayback_bsnpr_players,https://web.archive.org/web/20191209053505id_/https://www.bsnpr.com/jugadores/jugador.asp?id=104,2026-09-08T14:27:00Z
104,1972,"Atleticos, San German",27,308,wayback_bsnpr_players,https://web.archive.org/web/20191209053505id_/https://www.bsnpr.com/jugadores/jugador.asp?id=104,2026-09-08T14:27:00Z
104,1973,"Atleticos, San German",10,52,wayback_bsnpr_players,https://web.archive.org/web/20191209053505id_/https://www.bsnpr.com/jugadores/jugador.asp?id=104,2026-09-08T14:27:00Z
104,1975,"Leones, Ponce",9,21,wayback_bsnpr_players,https://web.archive.org/web/20191209053505id_/https://www.bsnpr.com/jugadores/jugador.asp?id=104,2026-09-08T14:27:00Z
106,1969,"Santos, San Juan",17,86,wayback_bsnpr_players,https://web.archive.org/web/20070829040110id_/http://www.bsnpr.com:80/jugadores/jugador.asp?id=106&e=,2026-09-08T14:27:02Z
106,1970,"Santos, San Juan",14,13,wayback_bsnpr_players,https://web.archive.org/web/20070829040110id_/http://www.bsnpr.com:80/jugadores/jugador.asp?id=106&e=,2026-09-08T14:27:02Z
116,1974,"Piratas, Quebradillas",10,11,wayback_bsnpr_players,https://web.archive.org/web/20070828225237id_/http://www.bsnpr.com:80/jugadores/jugador.asp?id=116&e=,2026-09-08T14:27:04Z
117,1977,"Indios, Canovanas",28,397,wayback_bsnpr_players,https://web.archive.org/web/20171029173422id_/http://www.bsnpr.com/jugadores/jugador.asp?id=117,2026-09-08T14:27:06Z
117,1978,"Indios, Canovanas",33,452,wayback_bsnpr_players,https://web.archive.org/web/20171029173422id_/http://www.bsnpr.com/jugadores/jugador.asp?id=117,2026-09-08T14:27:06Z
117,1979,"Indios, Canovanas",26,387,wayback_bsnpr_players,https://web.archive.org/web/20171029173422id_/http://www.bsnpr.com/jugadores/jugador.asp?id=117,2026-09-08T14:27:06Z
117,1980,"Indios, Canovanas",30,515,wayback_bsnpr_players,https://web.archive.org/web/20171029173422id_/http://www.bsnpr.com/jugadores/jugador.asp?id=117,2026-09-08T14:27:06Z
117,1981,"Indios, Canovanas",27,499,wayback_bsnpr_players,https://web.archive.org/web/20171029173422id_/http://www.bsnpr.com/jugadores/jugador.asp?id=117,2026-09-08T14:27:06Z
117,1982,"Indios, Canovanas",25,441,wayback_bsnpr_players,https://web.archive.org/web/20171029173422id_/http://www.bsnpr.com/jugadores/jugador.asp?id=117,2026-09-08T14:27:06Z
117,1983,"Indios, Canovanas",28,411,wayback_bsnpr_players,https://web.archive.org/web/20171029173422id_/http://www.bsnpr.com/jugadores/jugador.asp?id=117,2026-09-08T14:27:06Z
117,1984,"Indios, Canovanas",27,366,wayback_bsnpr_players,https://web.archive.org/web/20171029173422id_/http://www.bsnpr.com/jugadores/jugador.asp?id=117,2026-09-08T14:27:06Z
117,1985,"Indios, Canovanas",24,416,wayback_bsnpr_players,https://web.archive.org/web/20171029173422id_/http://www.bsnpr.com/jugadores/jugador.asp?id=117,2026-09-08T14:27:06Z
117,1986,"Indios, Canovanas",24,353,wayback_bsnpr_players,https://web.archive.org/web/20171029173422id_/http://www.bsnpr.com/jugadores/jugador.asp?id=117,2026-09-08T14:27:06Z
117,1987,"Indios, Canovanas",24,437,wayback_bsnpr_players,https://web.archive.org/web/20171029173422id_/http://www.bsnpr.com/jugadores/jugador.asp?id=117,2026-09-08T14:27:06Z
117,1988,"Indios, Canovanas",27,511,wayback_bsnpr_players,https://web.archive.org/web/20171029173422id_/http://www.bsnpr.com/jugadores/jugador.asp?id=117,2026-09-08T14:27:06Z
117,1990,"Indios, Canovanas",20,273,wayback_bsnpr_players,https://web.archive.org/web/20171029173422id_/http://www.bsnpr.com/jugadores/jugador.asp?id=117,2026-09-08T14:27:06Z
117,1991,"Titanes, Morovis",2,14,wayback_bsnpr_players,https://web.archive.org/web/20171029173422id_/http://www.bsnpr.com/jugadores/jugador.asp?id=117,2026-09-08T14:27:06Z
117,1992,"Titanes, Morovis",30,278,wayback_bsnpr_players,https://web.archive.org/web/20171029173422id_/http://www.bsnpr.com/jugadores/jugador.asp?id=117,2026-09-08T14:27:06Z
117,1993,"Titanes, Morovis",24,155,wayback_bsnpr_players,https://web.archive.org/web/20171029173422id_/http://www.bsnpr.com/jugadores/jugador.asp?id=117,2026-09-08T14:27:06Z
118,1995,"Conquistadores, Guaynabo",24,51,wayback_bsnpr_players,https://web.archive.org/web/20090713001227id_/http://www.bsnpr.com:80/jugadores/jugador.asp?id=118&e=7,2026-09-08T14:27:08Z
118,1996,"Conquistadores, Guaynabo",29,123,wayback_bsnpr_players,https://web.archive.org/web/20090713001227id_/http://www.bsnpr.com:80/jugadores/jugador.asp?id=118&e=7,2026-09-08T14:27:08Z
118,1997,"Conquistadores, Guaynabo",32,235,wayback_bsnpr_players,https://web.archive.org/web/20090713001227id_/http://www.bsnpr.com:80/jugadores/jugador.asp?id=118&e=7,2026-09-08T14:27:08Z
118,1998,"Conquistadores, Guaynabo",24,251,wayback_bsnpr_players,https://web.archive.org/web/20090713001227id_/http://www.bsnpr.com:80/jugadores/jugador.asp?id=118&e=7,2026-09-08T14:27:08Z
118,1999,"Polluelos, Aibonito",30,420,wayback_bsnpr_players,https://web.archive.org/web/20090713001227id_/http://www.bsnpr.com:80/jugadores/jugador.asp?id=118&e=7,2026-09-08T14:27:08Z
118,2000,"Brujos, Guayama",22,231,wayback_bsnpr_players,https://web.archive.org/web/20090713001227id_/http://www.bsnpr.com:80/jugadores/jugador.asp?id=118&e=7,2026-09-08T14:27:08Z
118,2000,"Polluelos, Aibonito",6,40,wayback_bsnpr_players,https://web.archive.org/web/20090713001227id_/http://www.bsnpr.com:80/jugadores/jugador.asp?id=118&e=7,2026-09-08T14:27:08Z
118,2001,"Brujos, Guayama",9,88,wayback_bsnpr_players,https://web.archive.org/web/20090713001227id_/http://www.bsnpr.com:80/jugadores/jugador.asp?id=118&e=7,2026-09-08T14:27:08Z
118,2002,"Gallitos, Isabela",11,81,wayback_bsnpr_players,https://web.archive.org/web/20090713001227id_/http://www.bsnpr.com:80/jugadores/jugador.asp?id=118&e=7,2026-09-08T14:27:08Z
118,2002,"Titanes, Morovis",18,124,wayback_bsnpr_players,https://web.archive.org/web/20090713001227id_/http://www.bsnpr.com:80/jugadores/jugador.asp?id=118&e=7,2026-09-08T14:27:08Z
118,2003,"Vaqueros, Bayamon",26,76,wayback_bsnpr_players,https://web.archive.org/web/20090713001227id_/http://www.bsnpr.com:80/jugadores/jugador.asp?id=118&e=7,2026-09-08T14:27:08Z
118,2004,"Atleticos, San German",30,237,wayback_bsnpr_players,https://web.archive.org/web/20090713001227id_/http://www.bsnpr.com:80/jugadores/jugador.asp?id=118&e=7,2026-09-08T14:27:08Z
118,2005,"Atleticos, San German",29,305,wayback_bsnpr_players,https://web.archive.org/web/20090713001227id_/http://www.bsnpr.com:80/jugadores/jugador.asp?id=118&e=7,2026-09-08T14:27:08Z
118,2006,"Atleticos, San German",10,58,wayback_bsnpr_players,https://web.archive.org/web/20090713001227id_/http://www.bsnpr.com:80/jugadores/jugador.asp?id=118&e=7,2026-09-08T14:27:08Z
118,2007,"Brujos, Guayama",30,176,wayback_bsnpr_players,https://web.archive.org/web/20090713001227id_/http://www.bsnpr.com:80/jugadores/jugador.asp?id=118&e=7,2026-09-08T14:27:08Z
118,2008,"Conquistadores, Guaynabo",11,3,wayback_bsnpr_players,https://web.archive.org/web/20090713001227id_/http://www.bsnpr.com:80/jugadores/jugador.asp?id=118&e=7,2026-09-08T14:27:08Z
118,2009,"Atleticos, San German",11,15,wayback_bsnpr_players,https://web.archive.org/web/20090713001227id_/http://www.bsnpr.com:80/jugadores/jugador.asp?id=118&e=7,2026-09-08T14:27:08Z
119,1973,"Cangrejeros, Santurce",10,25,wayback_bsnpr_players,https://web.archive.org/web/20171029065526id_/http://www.bsnpr.com/jugadores/jugador.asp?id=119,2026-09-08T14:27:10Z
119,1974,"Cangrejeros, Santurce",31,259,wayback_bsnpr_players,https://web.archive.org/web/20171029065526id_/http://www.bsnpr.com/jugadores/jugador.asp?id=119,2026-09-08T14:27:10Z
119,1975,"Cangrejeros, Santurce",27,361,wayback_bsnpr_players,https://web.archive.org/web/20171029065526id_/http://www.bsnpr.com/jugadores/jugador.asp?id=119,2026-09-08T14:27:10Z
119,1976,"Cangrejeros, Santurce",24,235,wayback_bsnpr_players,https://web.archive.org/web/20171029065526id_/http://www.bsnpr.com/jugadores/jugador.asp?id=119,2026-09-08T14:27:10Z
119,1977,"Mets, Guaynabo",31,537,wayback_bsnpr_players,https://web.archive.org/web/20171029065526id_/http://www.bsnpr.com/jugadores/jugador.asp?id=119,2026-09-08T14:27:10Z
119,1978,"Mets, Guaynabo",32,595,wayback_bsnpr_players,https://web.archive.org/web/20171029065526id_/http://www.bsnpr.com/jugadores/jugador.asp?id=119,2026-09-08T14:27:10Z
119,1979,"Mets, Guaynabo",29,436,wayback_bsnpr_players,https://web.archive.org/web/20171029065526id_/http://www.bsnpr.com/jugadores/jugador.asp?id=119,2026-09-08T14:27:10Z
119,1980,"Cardenales, Rio Piedras",30,774,wayback_bsnpr_players,https://web.archive.org/web/20171029065526id_/http://www.bsnpr.com/jugadores/jugador.asp?id=119,2026-09-08T14:27:10Z
119,1981,"Cardenales, Rio Piedras",31,890,wayback_bsnpr_players,https://web.archive.org/web/20171029065526id_/http://www.bsnpr.com/jugadores/jugador.asp?id=119,2026-09-08T14:27:10Z
119,1982,"Cardenales, Rio Piedras",32,749,wayback_bsnpr_players,https://web.archive.org/web/20171029065526id_/http://www.bsnpr.com/jugadores/jugador.asp?id=119,2026-09-08T14:27:10Z
119,1983,"Leones, Ponce",31,738,wayback_bsnpr_players,https://web.archive.org/web/20171029065526id_/http://www.bsnpr.com/jugadores/jugador.asp?id=119,2026-09-08T14:27:10Z
119,1984,"Leones, Ponce",24,543,wayback_bsnpr_players,https://web.archive.org/web/20171029065526id_/http://www.bsnpr.com/jugadores/jugador.asp?id=119,2026-09-08T14:27:10Z
119,1985,"Polluelos, Aibonito",33,786,wayback_bsnpr_players,https://web.archive.org/web/20171029065526id_/http://www.bsnpr.com/jugadores/jugador.asp?id=119,2026-09-08T14:27:10Z
119,1986,"Polluelos, Aibonito",27,685,wayback_bsnpr_players,https://web.archive.org/web/20171029065526id_/http://www.bsnpr.com/jugadores/jugador.asp?id=119,2026-09-08T14:27:10Z
119,1987,"Polluelos, Aibonito",28,678,wayback_bsnpr_players,https://web.archive.org/web/20171029065526id_/http://www.bsnpr.com/jugadores/jugador.asp?id=119,2026-09-08T14:27:10Z
119,1988,"Polluelos, Aibonito",32,813,wayback_bsnpr_players,https://web.archive.org/web/20171029065526id_/http://www.bsnpr.com/jugadores/jugador.asp?id=119,2026-09-08T14:27:10Z
119,1989,"Polluelos, Aibonito",29,714,wayback_bsnpr_players,https://web.archive.org/web/20171029065526id_/http://www.bsnpr.com/jugadores/jugador.asp?id=119,2026-09-08T14:27:10Z
119,1990,"Brujos, Guayama",21,352,wayback_bsnpr_players,https://web.archive.org/web/20171029065526id_/http://www.bsnpr.com/jugadores/jugador.asp?id=119,2026-09-08T14:27:10Z
119,1990,"Polluelos, Aibonito",8,118,wayback_bsnpr_players,https://web.archive.org/web/20171029065526id_/http://www.bsnpr.com/jugadores/jugador.asp?id=119,2026-09-08T14:27:10Z
119,1991,"Brujos, Guayama",24,338,wayback_bsnpr_players,https://web.archive.org/web/20171029065526id_/http://www.bsnpr.com/jugadores/jugador.asp?id=119,2026-09-08T14:27:10Z
119,1992,"Brujos, Guayama",20,285,wayback_bsnpr_players,https://web.archive.org/web/20171029065526id_/http://www.bsnpr.com/jugadores/jugador.asp?id=119,2026-09-08T14:27:10Z
119,1993,"Brujos, Guayama",27,192,wayback_bsnpr_players,https://web.archive.org/web/20171029065526id_/http://www.bsnpr.com/jugadores/jugador.asp?id=119,2026-09-08T14:27:10Z
119,1995,"Leones, Ponce",6,35,wayback_bsnpr_players,https://web.archive.org/web/20171029065526id_/http://www.bsnpr.com/jugadores/jugador.asp?id=119,2026-09-08T14:27:10Z
119,1996,"Capitanes, Arecibo",30,149,wayback_bsnpr_players,https://web.archive.org/web/20171029065526id_/http://www.bsnpr.com/jugadores/jugador.asp?id=119,2026-09-08T14:27:10Z
120,1997,"Conquistadores, Guaynabo",32,175,wayback_bsnpr_players,https://web.archive.org/web/20091209192040id_/http://www.bsnpr.com:80/jugadores/jugador.asp?id=120&e=,2026-09-08T14:27:12Z
120,1998,"Conquistadores, Guaynabo",29,299,wayback_bsnpr_players,https://web.archive.org/web/20091209192040id_/http://www.bsnpr.com:80/jugadores/jugador.asp?id=120&e=,2026-09-08T14:27:12Z
120,1999,"Polluelos, Aibonito",30,291,wayback_bsnpr_players,https://web.archive.org/web/20091209192040id_/http://www.bsnpr.com:80/jugadores/jugador.asp?id=120&e=,2026-09-08T14:27:12Z
120,2000,"Indios, Mayaguez",28,361,wayback_bsnpr_players,https://web.archive.org/web/20091209192040id_/http://www.bsnpr.com:80/jugadores/jugador.asp?id=120&e=,2026-09-08T14:27:12Z
120,2001,"Brujos, Guayama",12,222,wayback_bsnpr_players,https://web.archive.org/web/20091209192040id_/http://www.bsnpr.com:80/jugadores/jugador.asp?id=120&e=,2026-09-08T14:27:12Z
120,2001,"Indios, Mayaguez",14,169,wayback_bsnpr_players,https://web.archive.org/web/20091209192040id_/http://www.bsnpr.com:80/jugadores/jugador.asp?id=120&e=,2026-09-08T14:27:12Z
120,2002,"Titanes, Morovis",15,130,wayback_bsnpr_players,https://web.archive.org/web/20091209192040id_/http://www.bsnpr.com:80/jugadores/jugador.asp?id=120&e=,2026-09-08T14:27:12Z
120,2003,"Indios, Mayaguez",12,73,wayback_bsnpr_players,https://web.archive.org/web/20091209192040id_/http://www.bsnpr.com:80/jugadores/jugador.asp?id=120&e=,2026-09-08T14:27:12Z
120,2003,"Titanes, Morovis",14,142,wayback_bsnpr_players,https://web.archive.org/web/20091209192040id_/http://www.bsnpr.com:80/jugadores/jugador.asp?id=120&e=,2026-09-08T14:27:12Z
120,2004,"Cangrejeros, Santurce",29,190,wayback_bsnpr_players,https://web.archive.org/web/20091209192040id_/http://www.bsnpr.com:80/jugadores/jugador.asp?id=120&e=,2026-09-08T14:27:12Z
120,2005,"Grises, Humacao",25,293,wayback_bsnpr_players,https://web.archive.org/web/20091209192040id_/http://www.bsnpr.com:80/jugadores/jugador.asp?id=120&e=,2026-09-08T14:27:12Z
120,2006,"Criollos, Caguas",26,246,wayback_bsnpr_players,https://web.archive.org/web/20091209192040id_/http://www.bsnpr.com:80/jugadores/jugador.asp?id=120&e=,2026-09-08T14:27:12Z
120,2007,"Criollos, Caguas",26,178,wayback_bsnpr_players,https://web.archive.org/web/20091209192040id_/http://www.bsnpr.com:80/jugadores/jugador.asp?id=120&e=,2026-09-08T14:27:12Z
120,2007,"Vaqueros, Bayamon",5,13,wayback_bsnpr_players,https://web.archive.org/web/20091209192040id_/http://www.bsnpr.com:80/jugadores/jugador.asp?id=120&e=,2026-09-08T14:27:12Z
120,2008,"Grises, Humacao",7,32,wayback_bsnpr_players,https://web.archive.org/web/20091209192040id_/http://www.bsnpr.com:80/jugadores/jugador.asp?id=120&e=,2026-09-08T14:27:12Z
120,2009,"Conquistadores, Guaynabo",30,234,wayback_bsnpr_players,https://web.archive.org/web/20091209192040id_/http://www.bsnpr.com:80/jugadores/jugador.asp?id=120&e=,2026-09-08T14:27:12Z
121,2006,"Titanes, Morovis",8,5,wayback_bsnpr_players,https://web.archive.org/web/20070829042551id_/http://www.bsnpr.com:80/jugadores/jugador.asp?id=121&e=,2026-09-08T14:27:15Z
122,1983,"Indios, Mayaguez",12,24,wayback_bsnpr_players,https://web.archive.org/web/20070829040729id_/http://www.bsnpr.com:80/jugadores/jugador.asp?id=122&e=,2026-09-08T14:27:17Z
122,1988,"Gallitos, Isabela",2,0,wayback_bsnpr_players,https://web.archive.org/web/20070829040729id_/http://www.bsnpr.com:80/jugadores/jugador.asp?id=122&e=,2026-09-08T14:27:17Z
122,1992,"Atleticos, San German",7,2,wayback_bsnpr_players,https://web.archive.org/web/20070829040729id_/http://www.bsnpr.com:80/jugadores/jugador.asp?id=122&e=,2026-09-08T14:27:17Z
129,1999,"Mets, Guaynabo",1,8,wayback_bsnpr_players,https://web.archive.org/web/20110412235201id_/http://www.bsnpr.com:80/jugadores/jugador.asp?id=129&e=14,2026-09-08T14:27:18Z
129,2003,"Toritos, Cayey",31,242,wayback_bsnpr_players,https://web.archive.org/web/20110412235201id_/http://www.bsnpr.com:80/jugadores/jugador.asp?id=129&e=14,2026-09-08T14:27:18Z
129,2004,"Toritos, Cayey",29,260,wayback_bsnpr_players,https://web.archive.org/web/20110412235201id_/http://www.bsnpr.com:80/jugadores/jugador.asp?id=129&e=14,2026-09-08T14:27:18Z
129,2005,"Vaqueros, Bayamon",21,75,wayback_bsnpr_players,https://web.archive.org/web/20110412235201id_/http://www.bsnpr.com:80/jugadores/jugador.asp?id=129&e=14,2026-09-08T14:27:18Z
129,2006,"Vaqueros, Bayamon",26,174,wayback_bsnpr_players,https://web.archive.org/web/20110412235201id_/http://www.bsnpr.com:80/jugadores/jugador.asp?id=129&e=14,2026-09-08T14:27:18Z
129,2007,"Vaqueros, Bayamon",19,30,wayback_bsnpr_players,https://web.archive.org/web/20110412235201id_/http://www.bsnpr.com:80/jugadores/jugador.asp?id=129&e=14,2026-09-08T14:27:18Z
129,2008,"Mets, Guaynabo",32,231,wayback_bsnpr_players,https://web.archive.org/web/20110412235201id_/http://www.bsnpr.com:80/jugadores/jugador.asp?id=129&e=14,2026-09-08T14:27:18Z
129,2009,"Mets, Guaynabo",16,69,wayback_bsnpr_players,https://web.archive.org/web/20110412235201id_/http://www.bsnpr.com:80/jugadores/jugador.asp?id=129&e=14,2026-09-08T14:27:18Z
129,2010,"Mets, Guaynabo",27,145,wayback_bsnpr_players,https://web.archive.org/web/20110412235201id_/http://www.bsnpr.com:80/jugadores/jugador.asp?id=129&e=14,2026-09-08T14:27:18Z
129,2011,"Mets, Guaynabo",3,0,wayback_bsnpr_players,https://web.archive.org/web/20110412235201id_/http://www.bsnpr.com:80/jugadores/jugador.asp?id=129&e=14,2026-09-08T14:27:18Z
131,1990,"Capitanes, Arecibo",7,12,wayback_bsnpr_players,https://web.archive.org/web/20070829041631id_/http://www.bsnpr.com:80/jugadores/jugador.asp?id=131&e=,2026-09-08T14:27:20Z
131,1991,"Capitanes, Arecibo",1,0,wayback_bsnpr_players,https://web.archive.org/web/20070829041631id_/http://www.bsnpr.com:80/jugadores/jugador.asp?id=131&e=,2026-09-08T14:27:20Z
131,1992,"Conquistadores, Guaynabo",7,15,wayback_bsnpr_players,https://web.archive.org/web/20070829041631id_/http://www.bsnpr.com:80/jugadores/jugador.asp?id=131&e=,2026-09-08T14:27:20Z
135,1999,"Mets, Guaynabo",29,447,wayback_bsnpr_players,https://web.archive.org/web/20140122195630id_/http://www.bsnpr.com:80/jugadores/jugador.asp?id=135&e=,2026-09-08T14:27:22Z
135,2000,"Mets, Guaynabo",19,177,wayback_bsnpr_players,https://web.archive.org/web/20140122195630id_/http://www.bsnpr.com:80/jugadores/jugador.asp?id=135&e=,2026-09-08T14:27:22Z
135,2001,"Capitanes, Arecibo",21,272,wayback_bsnpr_players,https://web.archive.org/web/20140122195630id_/http://www.bsnpr.com:80/jugadores/jugador.asp?id=135&e=,2026-09-08T14:27:22Z
135,2002,"Capitanes, Arecibo",30,467,wayback_bsnpr_players,https://web.archive.org/web/20140122195630id_/http://www.bsnpr.com:80/jugadores/jugador.asp?id=135&e=,2026-09-08T14:27:22Z
135,2003,"Capitanes, Arecibo",30,536,wayback_bsnpr_players,https://web.archive.org/web/20140122195630id_/http://www.bsnpr.com:80/jugadores/jugador.asp?id=135&e=,2026-09-08T14:27:22Z
135,2004,"Capitanes, Arecibo",19,311,wayback_bsnpr_players,https://web.archive.org/web/20140122195630id_/http://www.bsnpr.com:80/jugadores/jugador.asp?id=135&e=,2026-09-08T14:27:22Z
135,2005,"Capitanes, Arecibo",30,570,wayback_bsnpr_players,https://web.archive.org/web/20140122195630id_/http://www.bsnpr.com:80/jugadores/jugador.asp?id=135&e=,2026-09-08T14:27:22Z
135,2006,"Capitanes, Arecibo",26,539,wayback_bsnpr_players,https://web.archive.org/web/20140122195630id_/http://www.bsnpr.com:80/jugadores/jugador.asp?id=135&e=,2026-09-08T14:27:22Z
135,2007,"Capitanes, Arecibo",28,691,wayback_bsnpr_players,https://web.archive.org/web/20140122195630id_/http://www.bsnpr.com:80/jugadores/jugador.asp?id=135&e=,2026-09-08T14:27:22Z
135,2008,"Capitanes, Arecibo",31,669,wayback_bsnpr_players,https://web.archive.org/web/20140122195630id_/http://www.bsnpr.com:80/jugadores/jugador.asp?id=135&e=,2026-09-08T14:27:22Z
135,2009,"Capitanes, Arecibo",27,487,wayback_bsnpr_players,https://web.archive.org/web/20140122195630id_/http://www.bsnpr.com:80/jugadores/jugador.asp?id=135&e=,2026-09-08T14:27:22Z
135,2010,"Mets, Guaynabo",26,437,wayback_bsnpr_players,https://web.archive.org/web/20140122195630id_/http://www.bsnpr.com:80/jugadores/jugador.asp?id=135&e=,2026-09-08T14:27:22Z
135,2011,"Mets, Guaynabo",29,402,wayback_bsnpr_players,https://web.archive.org/web/20140122195630id_/http://www.bsnpr.com:80/jugadores/jugador.asp?id=135&e=,2026-09-08T14:27:22Z
135,2012,"Mets, Guaynabo",16,217,wayback_bsnpr_players,https://web.archive.org/web/20140122195630id_/http://www.bsnpr.com:80/jugadores/jugador.asp?id=135&e=,2026-09-08T14:27:22Z
135,2012,"Piratas, Quebradillas",11,65,wayback_bsnpr_players,https://web.archive.org/web/20140122195630id_/http://www.bsnpr.com:80/jugadores/jugador.asp?id=135&e=,2026-09-08T14:27:22Z
135,2013,"Brujos, Guayama",33,409,wayback_bsnpr_players,https://web.archive.org/web/20140122195630id_/http://www.bsnpr.com:80/jugadores/jugador.asp?id=135&e=,2026-09-08T14:27:22Z
136,1993,"Criollos, Caguas",34,356,wayback_bsnpr_players,https://web.archive.org/web/20080501071021id_/http://www.bsnpr.com:80/jugadores/jugador.asp?id=136&e=13,2026-09-08T14:27:24Z
136,1994,"Criollos, Caguas",29,151,wayback_bsnpr_players,https://web.archive.org/web/20080501071021id_/http://www.bsnpr.com:80/jugadores/jugador.asp?id=136&e=13,2026-09-08T14:27:24Z
136,1995,"Criollos, Caguas",27,104,wayback_bsnpr_players,https://web.archive.org/web/20080501071021id_/http://www.bsnpr.com:80/jugadores/jugador.asp?id=136&e=13,2026-09-08T14:27:24Z
136,1996,"Criollos, Caguas",33,277,wayback_bsnpr_players,https://web.archive.org/web/20080501071021id_/http://www.bsnpr.com:80/jugadores/jugador.asp?id=136&e=13,2026-09-08T14:27:24Z
136,1997,"Criollos, Caguas",31,241,wayback_bsnpr_players,https://web.archive.org/web/20080501071021id_/http://www.bsnpr.com:80/jugadores/jugador.asp?id=136&e=13,2026-09-08T14:27:24Z
136,1998,"Criollos, Caguas",30,217,wayback_bsnpr_players,https://web.archive.org/web/20080501071021id_/http://www.bsnpr.com:80/jugadores/jugador.asp?id=136&e=13,2026-09-08T14:27:24Z
136,1999,"Criollos, Caguas",31,175,wayback_bsnpr_players,https://web.archive.org/web/20080501071021id_/http://www.bsnpr.com:80/jugadores/jugador.asp?id=136&e=13,2026-09-08T14:27:24Z
136,2000,"Criollos, Caguas",27,131,wayback_bsnpr_players,https://web.archive.org/web/20080501071021id_/http://www.bsnpr.com:80/jugadores/jugador.asp?id=136&e=13,2026-09-08T14:27:24Z
136,2001,"Criollos, Caguas",26,330,wayback_bsnpr_players,https://web.archive.org/web/20080501071021id_/http://www.bsnpr.com:80/jugadores/jugador.asp?id=136&e=13,2026-09-08T14:27:24Z
136,2002,"Criollos, Caguas",30,250,wayback_bsnpr_players,https://web.archive.org/web/20080501071021id_/http://www.bsnpr.com:80/jugadores/jugador.asp?id=136&e=13,2026-09-08T14:27:24Z
136,2003,"Criollos, Caguas",15,105,wayback_bsnpr_players,https://web.archive.org/web/20080501071021id_/http://www.bsnpr.com:80/jugadores/jugador.asp?id=136&e=13,2026-09-08T14:27:24Z
136,2004,"Toritos, Cayey",12,159,wayback_bsnpr_players,https://web.archive.org/web/20080501071021id_/http://www.bsnpr.com:80/jugadores/jugador.asp?id=136&e=13,2026-09-08T14:27:24Z
136,2005,"Brujos, Guayama",27,83,wayback_bsnpr_players,https://web.archive.org/web/20080501071021id_/http://www.bsnpr.com:80/jugadores/jugador.asp?id=136&e=13,2026-09-08T14:27:24Z
136,2006,"Capitanes, Arecibo",13,8,wayback_bsnpr_players,https://web.archive.org/web/20080501071021id_/http://www.bsnpr.com:80/jugadores/jugador.asp?id=136&e=13,2026-09-08T14:27:24Z
136,2007,"Brujos, Guayama",26,56,wayback_bsnpr_players,https://web.archive.org/web/20080501071021id_/http://www.bsnpr.com:80/jugadores/jugador.asp?id=136&e=13,2026-09-08T14:27:24Z
143,1992,"Brujos, Guayama",12,10,wayback_bsnpr_players,https://web.archive.org/web/20090411231151id_/http://www.bsnpr.com:80/jugadores/jugador.asp?id=143&e=11,2026-09-08T14:27:26Z
143,1993,"Brujos, Guayama",13,21,wayback_bsnpr_players,https://web.archive.org/web/20090411231151id_/http://www.bsnpr.com:80/jugadores/jugador.asp?id=143&e=11,2026-09-08T14:27:26Z
143,1994,"Brujos, Guayama",24,181,wayback_bsnpr_players,https://web.archive.org/web/20090411231151id_/http://www.bsnpr.com:80/jugadores/jugador.asp?id=143&e=11,2026-09-08T14:27:26Z
143,1995,"Brujos, Guayama",26,135,wayback_bsnpr_players,https://web.archive.org/web/20090411231151id_/http://www.bsnpr.com:80/jugadores/jugador.asp?id=143&e=11,2026-09-08T14:27:26Z
143,1996,"Cariduros, Fajardo",17,189,wayback_bsnpr_players,https://web.archive.org/web/20090411231151id_/http://www.bsnpr.com:80/jugadores/jugador.asp?id=143&e=11,2026-09-08T14:27:26Z
143,1997,"Polluelos, Aibonito",29,145,wayback_bsnpr_players,https://web.archive.org/web/20090411231151id_/http://www.bsnpr.com:80/jugadores/jugador.asp?id=143&e=11,2026-09-08T14:27:26Z
143,1998,"Polluelos, Aibonito",8,33,wayback_bsnpr_players,https://web.archive.org/web/20090411231151id_/http://www.bsnpr.com:80/jugadores/jugador.asp?id=143&e=11,2026-09-08T14:27:26Z
143,1999,"Polluelos, Aibonito",26,237,wayback_bsnpr_players,https://web.archive.org/web/20090411231151id_/http://www.bsnpr.com:80/jugadores/jugador.asp?id=143&e=11,2026-09-08T14:27:26Z
143,2000,"Polluelos, Aibonito",26,238,wayback_bsnpr_players,https://web.archive.org/web/20090411231151id_/http://www.bsnpr.com:80/jugadores/jugador.asp?id=143&e=11,2026-09-08T14:27:26Z
143,2001,"Polluelos, Aibonito",23,366,wayback_bsnpr_players,https://web.archive.org/web/20090411231151id_/http://www.bsnpr.com:80/jugadores/jugador.asp?id=143&e=11,2026-09-08T14:27:26Z
143,2002,"Toritos, Cayey",20,221,wayback_bsnpr_players,https://web.archive.org/web/20090411231151id_/http://www.bsnpr.com:80/jugadores/jugador.asp?id=143&e=11,2026-09-08T14:27:26Z
143,2003,"Titanes, Morovis",12,135,wayback_bsnpr_players,https://web.archive.org/web/20090411231151id_/http://www.bsnpr.com:80/jugadores/jugador.asp?id=143&e=11,2026-09-08T14:27:26Z
143,2003,"Vaqueros, Bayamon",18,61,wayback_bsnpr_players,https://web.archive.org/web/20090411231151id_/http://www.bsnpr.com:80/jugadores/jugador.asp?id=143&e=11,2026-09-08T14:27:26Z
143,2004,"Maratonistas, Coamo",26,266,wayback_bsnpr_players,https://web.archive.org/web/20090411231151id_/http://www.bsnpr.com:80/jugadores/jugador.asp?id=143&e=11,2026-09-08T14:27:26Z
143,2005,"Brujos, Guayama",16,71,wayback_bsnpr_players,https://web.archive.org/web/20090411231151id_/http://www.bsnpr.com:80/jugadores/jugador.asp?id=143&e=11,2026-09-08T14:27:26Z
143,2006,"Maratonistas, Coamo",10,6,wayback_bsnpr_players,https://web.archive.org/web/20090411231151id_/http://www.bsnpr.com:80/jugadores/jugador.asp?id=143&e=11,2026-09-08T14:27:26Z
143,2008,"Brujos, Guayama",21,195,wayback_bsnpr_players,https://web.archive.org/web/20090411231151id_/http://www.bsnpr.com:80/jugadores/jugador.asp?id=143&e=11,2026-09-08T14:27:26Z
143,2008,"Leones, Ponce",2,3,wayback_bsnpr_players,https://web.archive.org/web/20090411231151id_/http://www.bsnpr.com:80/jugadores/jugador.asp?id=143&e=11,2026-09-08T14:27:26Z
144,2003,"Gigantes, Carolina",30,400,wayback_bsnpr_players,https://web.archive.org/web/20091004045433id_/http://www.bsnpr.com:80/jugadores/jugador.asp?id=144&e=,2026-09-08T14:27:28Z
144,2004,"Maratonistas, Coamo",20,168,wayback_bsnpr_players,https://web.archive.org/web/20091004045433id_/http://www.bsnpr.com:80/jugadores/jugador.asp?id=144&e=,2026-09-08T14:27:28Z
144,2005,"Leones, Ponce",30,122,wayback_bsnpr_players,https://web.archive.org/web/20091004045433id_/http://www.bsnpr.com:80/jugadores/jugador.asp?id=144&e=,2026-09-08T14:27:28Z
144,2006,"Leones, Ponce",21,134,wayback_bsnpr_players,https://web.archive.org/web/20091004045433id_/http://www.bsnpr.com:80/jugadores/jugador.asp?id=144&e=,2026-09-08T14:27:28Z
144,2007,"Indios, Mayaguez",28,230,wayback_bsnpr_players,https://web.archive.org/web/20091004045433id_/http://www.bsnpr.com:80/jugadores/jugador.asp?id=144&e=,2026-09-08T14:27:28Z
144,2008,"Indios, Mayaguez",26,263,wayback_bsnpr_players,https://web.archive.org/web/20091004045433id_/http://www.bsnpr.com:80/jugadores/jugador.asp?id=144&e=,2026-09-08T14:27:28Z
144,2009,"Piratas, Quebradillas",8,15,wayback_bsnpr_players,https://web.archive.org/web/20091004045433id_/http://www.bsnpr.com:80/jugadores/jugador.asp?id=144&e=,2026-09-08T14:27:28Z
145,1990,"Gallitos, Isabela",7,1,wayback_bsnpr_players,https://web.archive.org/web/20070829040602id_/http://www.bsnpr.com:80/jugadores/jugador.asp?id=145&e=,2026-09-08T14:27:30Z
145,1991,"Gallitos, Isabela",9,5,wayback_bsnpr_players,https://web.archive.org/web/20070829040602id_/http://www.bsnpr.com:80/jugadores/jugador.asp?id=145&e=,2026-09-08T14:27:30Z
145,1992,"Gallitos, Isabela",5,5,wayback_bsnpr_players,https://web.archive.org/web/20070829040602id_/http://www.bsnpr.com:80/jugadores/jugador.asp?id=145&e=,2026-09-08T14:27:30Z
145,1995,"Piratas, Quebradillas",10,14,wayback_bsnpr_players,https://web.archive.org/web/20070829040602id_/http://www.bsnpr.com:80/jugadores/jugador.asp?id=145&e=,2026-09-08T14:27:30Z
145,1996,"Piratas, Quebradillas",2,3,wayback_bsnpr_players,https://web.archive.org/web/20070829040602id_/http://www.bsnpr.com:80/jugadores/jugador.asp?id=145&e=,2026-09-08T14:27:30Z
148,2002,"Leones, Ponce",3,6,wayback_bsnpr_players,https://web.archive.org/web/20171030093558id_/http://www.bsnpr.com/jugadores/jugador.asp?id=148,2026-09-08T14:27:32Z
148,2005,"Leones, Ponce",13,26,wayback_bsnpr_players,https://web.archive.org/web/20171030093558id_/http://www.bsnpr.com/jugadores/jugador.asp?id=148,2026-09-08T14:27:32Z
148,2006,"Leones, Ponce",24,96,wayback_bsnpr_players,https://web.archive.org/web/20171030093558id_/http://www.bsnpr.com/jugadores/jugador.asp?id=148,2026-09-08T14:27:32Z
148,2007,"Capitanes, Arecibo",23,106,wayback_bsnpr_players,https://web.archive.org/web/20171030093558id_/http://www.bsnpr.com/jugadores/jugador.asp?id=148,2026-09-08T14:27:32Z
148,2007,"Leones, Ponce",6,36,wayback_bsnpr_players,https://web.archive.org/web/20171030093558id_/http://www.bsnpr.com/jugadores/jugador.asp?id=148,2026-09-08T14:27:32Z
148,2008,"Capitanes, Arecibo",32,181,wayback_bsnpr_players,https://web.archive.org/web/20171030093558id_/http://www.bsnpr.com/jugadores/jugador.asp?id=148,2026-09-08T14:27:32Z
148,2009,"Capitanes, Arecibo",25,71,wayback_bsnpr_players,https://web.archive.org/web/20171030093558id_/http://www.bsnpr.com/jugadores/jugador.asp?id=148,2026-09-08T14:27:32Z
148,2010,"Indios, Mayaguez",25,65,wayback_bsnpr_players,https://web.archive.org/web/20171030093558id_/http://www.bsnpr.com/jugadores/jugador.asp?id=148,2026-09-08T14:27:32Z
148,2011,"Indios, Mayaguez",21,77,wayback_bsnpr_players,https://web.archive.org/web/20171030093558id_/http://www.bsnpr.com/jugadores/jugador.asp?id=148,2026-09-08T14:27:32Z
148,2012,"Capitanes, Arecibo",18,30,wayback_bsnpr_players,https://web.archive.org/web/20171030093558id_/http://www.bsnpr.com/jugadores/jugador.asp?id=148,2026-09-08T14:27:32Z
148,2013,"Capitanes, Arecibo",27,79,wayback_bsnpr_players,https://web.archive.org/web/20171030093558id_/http://www.bsnpr.com/jugadores/jugador.asp?id=148,2026-09-08T14:27:32Z
148,2014,"Atleticos, San German",5,2,wayback_bsnpr_players,https://web.archive.org/web/20171030093558id_/http://www.bsnpr.com/jugadores/jugador.asp?id=148,2026-09-08T14:27:32Z
148,2014,"Capitanes, Arecibo",8,11,wayback_bsnpr_players,https://web.archive.org/web/20171030093558id_/http://www.bsnpr.com/jugadores/jugador.asp?id=148,2026-09-08T14:27:32Z
148,2016,"Indios, Mayaguez",3,2,wayback_bsnpr_players,https://web.archive.org/web/20171030093558id_/http://www.bsnpr.com/jugadores/jugador.asp?id=148,2026-09-08T14:27:32Z
148,2017,"Piratas, Quebradillas",14,13,wayback_bsnpr_players,https://web.archive.org/web/20171030093558id_/http://www.bsnpr.com/jugadores/jugador.asp?id=148,2026-09-08T14:27:32Z
151,2002,"Titanes, Morovis",26,157,wayback_bsnpr_players,https://web.archive.org/web/20140122195645id_/http://www.bsnpr.com:80/jugadores/jugador.asp?id=151&e=,2026-09-08T14:27:33Z
151,2004,"Criollos, Caguas",27,133,wayback_bsnpr_players,https://web.archive.org/web/20140122195645id_/http://www.bsnpr.com:80/jugadores/jugador.asp?id=151&e=,2026-09-08T14:27:33Z
151,2005,"Caciques, Humacao",14,102,wayback_bsnpr_players,https://web.archive.org/web/20140122195645id_/http://www.bsnpr.com:80/jugadores/jugador.asp?id=151&e=,2026-09-08T14:27:33Z
151,2006,"Criollos, Caguas",4,71,wayback_bsnpr_players,https://web.archive.org/web/20140122195645id_/http://www.bsnpr.com:80/jugadores/jugador.asp?id=151&e=,2026-09-08T14:27:33Z
151,2006,"Titanes, Morovis",23,397,wayback_bsnpr_players,https://web.archive.org/web/20140122195645id_/http://www.bsnpr.com:80/jugadores/jugador.asp?id=151&e=,2026-09-08T14:27:33Z
151,2007,"Gigantes, Carolina",30,599,wayback_bsnpr_players,https://web.archive.org/web/20140122195645id_/http://www.bsnpr.com:80/jugadores/jugador.asp?id=151&e=,2026-09-08T14:27:33Z
151,2008,"Gigantes, Carolina",31,399,wayback_bsnpr_players,https://web.archive.org/web/20140122195645id_/http://www.bsnpr.com:80/jugadores/jugador.asp?id=151&e=,2026-09-08T14:27:33Z
151,2009,"Gigantes, Carolina",10,150,wayback_bsnpr_players,https://web.archive.org/web/20140122195645id_/http://www.bsnpr.com:80/jugadores/jugador.asp?id=151&e=,2026-09-08T14:27:33Z
151,2010,"Capitanes, Arecibo",28,278,wayback_bsnpr_players,https://web.archive.org/web/20140122195645id_/http://www.bsnpr.com:80/jugadores/jugador.asp?id=151&e=,2026-09-08T14:27:33Z
151,2011,"Cangrejeros, Santurce",28,201,wayback_bsnpr_players,https://web.archive.org/web/20140122195645id_/http://www.bsnpr.com:80/jugadores/jugador.asp?id=151&e=,2026-09-08T14:27:33Z
151,2013,"Piratas, Quebradillas",33,126,wayback_bsnpr_players,https://web.archive.org/web/20140122195645id_/http://www.bsnpr.com:80/jugadores/jugador.asp?id=151&e=,2026-09-08T14:27:33Z
152,1972,"Capitanes, Arecibo",10,15,wayback_bsnpr_players,https://web.archive.org/web/20070829041922id_/http://www.bsnpr.com:80/jugadores/jugador.asp?id=152&e=,2026-09-08T14:27:35Z
152,1975,"Capitanes, Arecibo",11,24,wayback_bsnpr_players,https://web.archive.org/web/20070829041922id_/http://www.bsnpr.com:80/jugadores/jugador.asp?id=152&e=,2026-09-08T14:27:35Z
152,1979,"Capitanes, Arecibo",20,55,wayback_bsnpr_players,https://web.archive.org/web/20070829041922id_/http://www.bsnpr.com:80/jugadores/jugador.asp?id=152&e=,2026-09-08T14:27:35Z
158,2003,"Indios, Mayaguez",11,9,wayback_bsnpr_players,https://web.archive.org/web/20170715113537id_/http://www.bsnpr.com:80/jugadores/jugador.asp?id=158&e=,2026-09-08T14:27:37Z
158,2006,"Caciques, Humacao",26,314,wayback_bsnpr_players,https://web.archive.org/web/20170715113537id_/http://www.bsnpr.com:80/jugadores/jugador.asp?id=158&e=,2026-09-08T14:27:37Z
158,2007,"Caciques, Humacao",28,436,wayback_bsnpr_players,https://web.archive.org/web/20170715113537id_/http://www.bsnpr.com:80/jugadores/jugador.asp?id=158&e=,2026-09-08T14:27:37Z
158,2008,"Caciques, Humacao",31,587,wayback_bsnpr_players,https://web.archive.org/web/20170715113537id_/http://www.bsnpr.com:80/jugadores/jugador.asp?id=158&e=,2026-09-08T14:27:37Z
158,2009,"Caciques, Humacao",15,294,wayback_bsnpr_players,https://web.archive.org/web/20170715113537id_/http://www.bsnpr.com:80/jugadores/jugador.asp?id=158&e=,2026-09-08T14:27:37Z
158,2009,"Mets, Guaynabo",10,134,wayback_bsnpr_players,https://web.archive.org/web/20170715113537id_/http://www.bsnpr.com:80/jugadores/jugador.asp?id=158&e=,2026-09-08T14:27:37Z
158,2010,"Mets, Guaynabo",29,311,wayback_bsnpr_players,https://web.archive.org/web/20170715113537id_/http://www.bsnpr.com:80/jugadores/jugador.asp?id=158&e=,2026-09-08T14:27:37Z
158,2011,"Mets, Guaynabo",11,88,wayback_bsnpr_players,https://web.archive.org/web/20170715113537id_/http://www.bsnpr.com:80/jugadores/jugador.asp?id=158&e=,2026-09-08T14:27:37Z
158,2012,"Mets, Guaynabo",30,332,wayback_bsnpr_players,https://web.archive.org/web/20170715113537id_/http://www.bsnpr.com:80/jugadores/jugador.asp?id=158&e=,2026-09-08T14:27:37Z
158,2013,"Vaqueros, Bayamon",14,146,wayback_bsnpr_players,https://web.archive.org/web/20170715113537id_/http://www.bsnpr.com:80/jugadores/jugador.asp?id=158&e=,2026-09-08T14:27:37Z
158,2014,"Caciques, Humacao",33,297,wayback_bsnpr_players,https://web.archive.org/web/20170715113537id_/http://www.bsnpr.com:80/jugadores/jugador.asp?id=158&e=,2026-09-08T14:27:37Z
158,2015,"Caciques, Humacao",9,100,wayback_bsnpr_players,https://web.archive.org/web/20170715113537id_/http://www.bsnpr.com:80/jugadores/jugador.asp?id=158&e=,2026-09-08T14:27:37Z
158,2015,"Piratas, Quebradillas",31,459,wayback_bsnpr_players,https://web.archive.org/web/20170715113537id_/http://www.bsnpr.com:80/jugadores/jugador.asp?id=158&e=,2026-09-08T14:27:37Z
158,2016,"Cangrejeros, Santurce",36,223,wayback_bsnpr_players,https://web.archive.org/web/20170715113537id_/http://www.bsnpr.com:80/jugadores/jugador.asp?id=158&e=,2026-09-08T14:27:37Z
158,2017,"Caciques-Gallitos, Humacao-Isabela",27,210,wayback_bsnpr_players,https://web.archive.org/web/20170715113537id_/http://www.bsnpr.com:80/jugadores/jugador.asp?id=158&e=,2026-09-08T14:27:37Z
165,1997,"Titanes, Morovis",11,124,wayback_bsnpr_players,https://web.archive.org/web/20070828223356id_/http://www.bsnpr.com:80/jugadores/jugador.asp?id=165&e=,2026-09-08T14:27:40Z
176,1965,"Vaqueros, Bayamon",17,32,wayback_bsnpr_players,https://web.archive.org/web/20070828224035id_/http://www.bsnpr.com:80/jugadores/jugador.asp?id=176&e=,2026-09-08T14:27:42Z
176,1966,"Vaqueros, Bayamon",18,106,wayback_bsnpr_players,https://web.archive.org/web/20070828224035id_/http://www.bsnpr.com:80/jugadores/jugador.asp?id=176&e=,2026-09-08T14:27:42Z
176,1967,"Vaqueros, Bayamon",21,44,wayback_bsnpr_players,https://web.archive.org/web/20070828224035id_/http://www.bsnpr.com:80/jugadores/jugador.asp?id=176&e=,2026-09-08T14:27:42Z
176,1968,"Capitanes, Arecibo",17,36,wayback_bsnpr_players,https://web.archive.org/web/20070828224035id_/http://www.bsnpr.com:80/jugadores/jugador.asp?id=176&e=,2026-09-08T14:27:42Z
176,1969,"Capitanes, Arecibo",26,206,wayback_bsnpr_players,https://web.archive.org/web/20070828224035id_/http://www.bsnpr.com:80/jugadores/jugador.asp?id=176&e=,2026-09-08T14:27:42Z
176,1971,"Vaqueros, Bayamon",7,8,wayback_bsnpr_players,https://web.archive.org/web/20070828224035id_/http://www.bsnpr.com:80/jugadores/jugador.asp?id=176&e=,2026-09-08T14:27:42Z
176,1972,"Capitanes, Arecibo",13,37,wayback_bsnpr_players,https://web.archive.org/web/20070828224035id_/http://www.bsnpr.com:80/jugadores/jugador.asp?id=176&e=,2026-09-08T14:27:42Z
176,1973,"Capitanes, Arecibo",2,1,wayback_bsnpr_players,https://web.archive.org/web/20070828224035id_/http://www.bsnpr.com:80/jugadores/jugador.asp?id=176&e=,2026-09-08T14:27:42Z
188,1974,"Vaqueros, Bayamon",8,5,wayback_bsnpr_players,https://web.archive.org/web/20070828230350id_/http://www.bsnpr.com:80/jugadores/jugador.asp?id=188&e=,2026-09-08T14:27:44Z
189,1966,"Atleticos, San German",10,9,wayback_bsnpr_players,https://web.archive.org/web/20070829040520id_/http://www.bsnpr.com:80/jugadores/jugador.asp?id=189&e=,2026-09-08T14:27:45Z
193,1994,"Vaqueros, Bayamon",13,11,wayback_bsnpr_players,https://web.archive.org/web/20130612084140id_/http://www.bsnpr.com:80/jugadores/jugador.asp?id=193&e=14,2026-09-08T14:27:47Z
193,1995,"Vaqueros, Bayamon",12,60,wayback_bsnpr_players,https://web.archive.org/web/20130612084140id_/http://www.bsnpr.com:80/jugadores/jugador.asp?id=193&e=14,2026-09-08T14:27:47Z
193,1996,"Vaqueros, Bayamon",26,134,wayback_bsnpr_players,https://web.archive.org/web/20130612084140id_/http://www.bsnpr.com:80/jugadores/jugador.asp?id=193&e=14,2026-09-08T14:27:47Z
193,1997,"Vaqueros, Bayamon",20,66,wayback_bsnpr_players,https://web.archive.org/web/20130612084140id_/http://www.bsnpr.com:80/jugadores/jugador.asp?id=193&e=14,2026-09-08T14:27:47Z
193,1998,"Vaqueros, Bayamon",15,103,wayback_bsnpr_players,https://web.archive.org/web/20130612084140id_/http://www.bsnpr.com:80/jugadores/jugador.asp?id=193&e=14,2026-09-08T14:27:47Z
193,1999,"Vaqueros, Bayamon",21,114,wayback_bsnpr_players,https://web.archive.org/web/20130612084140id_/http://www.bsnpr.com:80/jugadores/jugador.asp?id=193&e=14,2026-09-08T14:27:47Z
193,2000,"Vaqueros, Bayamon",2,25,wayback_bsnpr_players,https://web.archive.org/web/20130612084140id_/http://www.bsnpr.com:80/jugadores/jugador.asp?id=193&e=14,2026-09-08T14:27:47Z
193,2001,"Maratonistas, Coamo",7,83,wayback_bsnpr_players,https://web.archive.org/web/20130612084140id_/http://www.bsnpr.com:80/jugadores/jugador.asp?id=193&e=14,2026-09-08T14:27:47Z
193,2001,"Vaqueros, Bayamon",14,181,wayback_bsnpr_players,https://web.archive.org/web/20130612084140id_/http://www.bsnpr.com:80/jugadores/jugador.asp?id=193&e=14,2026-09-08T14:27:47Z
193,2002,"Indios, Mayaguez",9,132,wayback_bsnpr_players,https://web.archive.org/web/20130612084140id_/http://www.bsnpr.com:80/jugadores/jugador.asp?id=193&e=14,2026-09-08T14:27:47Z
193,2002,"Maratonistas, Coamo",16,244,wayback_bsnpr_players,https://web.archive.org/web/20130612084140id_/http://www.bsnpr.com:80/jugadores/jugador.asp?id=193&e=14,2026-09-08T14:27:47Z
193,2003,"Indios, Mayaguez",21,319,wayback_bsnpr_players,https://web.archive.org/web/20130612084140id_/http://www.bsnpr.com:80/jugadores/jugador.asp?id=193&e=14,2026-09-08T14:27:47Z
193,2004,"Indios, Mayaguez",13,136,wayback_bsnpr_players,https://web.archive.org/web/20130612084140id_/http://www.bsnpr.com:80/jugadores/jugador.asp?id=193&e=14,2026-09-08T14:27:47Z
193,2005,"Vaqueros, Bayamon",29,316,wayback_bsnpr_players,https://web.archive.org/web/20130612084140id_/http://www.bsnpr.com:80/jugadores/jugador.asp?id=193&e=14,2026-09-08T14:27:47Z
193,2006,"Atleticos, San German",8,142,wayback_bsnpr_players,https://web.archive.org/web/20130612084140id_/http://www.bsnpr.com:80/jugadores/jugador.asp?id=193&e=14,2026-09-08T14:27:47Z
193,2006,"Maratonistas, Coamo",12,222,wayback_bsnpr_players,https://web.archive.org/web/20130612084140id_/http://www.bsnpr.com:80/jugadores/jugador.asp?id=193&e=14,2026-09-08T14:27:47Z
193,2007,"Maratonistas, Coamo",13,171,wayback_bsnpr_players,https://web.archive.org/web/20130612084140id_/http://www.bsnpr.com:80/jugadores/jugador.asp?id=193&e=14,2026-09-08T14:27:47Z
193,2007,"Mets, Guaynabo",14,179,wayback_bsnpr_players,https://web.archive.org/web/20130612084140id_/http://www.bsnpr.com:80/jugadores/jugador.asp?id=193&e=14,2026-09-08T14:27:47Z
193,2008,"Leones, Ponce",13,88,wayback_bsnpr_players,https://web.archive.org/web/20130612084140id_/http://www.bsnpr.com:80/jugadores/jugador.asp?id=193&e=14,2026-09-08T14:27:47Z
193,2008,"Mets, Guaynabo",14,148,wayback_bsnpr_players,https://web.archive.org/web/20130612084140id_/http://www.bsnpr.com:80/jugadores/jugador.asp?id=193&e=14,2026-09-08T14:27:47Z
193,2009,"Gigantes, Carolina",21,53,wayback_bsnpr_players,https://web.archive.org/web/20130612084140id_/http://www.bsnpr.com:80/jugadores/jugador.asp?id=193&e=14,2026-09-08T14:27:47Z
193,2010,"Capitanes, Arecibo",18,73,wayback_bsnpr_players,https://web.archive.org/web/20130612084140id_/http://www.bsnpr.com:80/jugadores/jugador.asp?id=193&e=14,2026-09-08T14:27:47Z
193,2011,"Capitanes, Arecibo",30,227,wayback_bsnpr_players,https://web.archive.org/web/20130612084140id_/http://www.bsnpr.com:80/jugadores/jugador.asp?id=193&e=14,2026-09-08T14:27:47Z
193,2012,"Capitanes, Arecibo",11,36,wayback_bsnpr_players,https://web.archive.org/web/20130612084140id_/http://www.bsnpr.com:80/jugadores/jugador.asp?id=193&e=14,2026-09-08T14:27:47Z
193,2012,"Vaqueros, Bayamon",12,30,wayback_bsnpr_players,https://web.archive.org/web/20130612084140id_/http://www.bsnpr.com:80/jugadores/jugador.asp?id=193&e=14,2026-09-08T14:27:47Z
193,2013,"Mets, Guaynabo",20,87,wayback_bsnpr_players,https://web.archive.org/web/20130612084140id_/http://www.bsnpr.com:80/jugadores/jugador.asp?id=193&e=14,2026-09-08T14:27:47Z
194,1981,"Leones, Ponce",29,177,wayback_bsnpr_players,https://web.archive.org/web/20070829041523id_/http://www.bsnpr.com:80/jugadores/jugador.asp?id=194&e=,2026-09-08T14:27:49Z
194,1982,"Indios, Mayaguez",7,23,wayback_bsnpr_players,https://web.archive.org/web/20070829041523id_/http://www.bsnpr.com:80/jugadores/jugador.asp?id=194&e=,2026-09-08T14:27:49Z
194,1983,"Criollos, Caguas",22,135,wayback_bsnpr_players,https://web.archive.org/web/20070829041523id_/http://www.bsnpr.com:80/jugadores/jugador.asp?id=194&e=,2026-09-08T14:27:49Z
197,1974,"Capitanes, Arecibo",30,110,wayback_bsnpr_players,https://web.archive.org/web/20070829042535id_/http://www.bsnpr.com:80/jugadores/jugador.asp?id=197&e=,2026-09-08T14:27:51Z
197,1975,"Capitanes, Arecibo",30,138,wayback_bsnpr_players,https://web.archive.org/web/20070829042535id_/http://www.bsnpr.com:80/jugadores/jugador.asp?id=197&e=,2026-09-08T14:27:51Z
197,1976,"Capitanes, Arecibo",32,328,wayback_bsnpr_players,https://web.archive.org/web/20070829042535id_/http://www.bsnpr.com:80/jugadores/jugador.asp?id=197&e=,2026-09-08T14:27:51Z
197,1977,"Capitanes, Arecibo",33,309,wayback_bsnpr_players,https://web.archive.org/web/20070829042535id_/http://www.bsnpr.com:80/jugadores/jugador.asp?id=197&e=,2026-09-08T14:27:51Z
197,1978,"Capitanes, Arecibo",33,274,wayback_bsnpr_players,https://web.archive.org/web/20070829042535id_/http://www.bsnpr.com:80/jugadores/jugador.asp?id=197&e=,2026-09-08T14:27:51Z
197,1979,"Capitanes, Arecibo",16,191,wayback_bsnpr_players,https://web.archive.org/web/20070829042535id_/http://www.bsnpr.com:80/jugadores/jugador.asp?id=197&e=,2026-09-08T14:27:51Z
198,1976,"Gigantes, Carolina",5,7,wayback_bsnpr_players,https://web.archive.org/web/20070829041022id_/http://www.bsnpr.com:80/jugadores/jugador.asp?id=198&e=,2026-09-08T14:27:53Z
198,1977,"Gigantes, Carolina",11,5,wayback_bsnpr_players,https://web.archive.org/web/20070829041022id_/http://www.bsnpr.com:80/jugadores/jugador.asp?id=198&e=,2026-09-08T14:27:53Z
198,1978,"Indios, Mayaguez",23,51,wayback_bsnpr_players,https://web.archive.org/web/20070829041022id_/http://www.bsnpr.com:80/jugadores/jugador.asp?id=198&e=,2026-09-08T14:27:53Z
199,1971,"Cardenales, Rio Piedras",7,11,wayback_bsnpr_players,https://web.archive.org/web/20070828230328id_/http://www.bsnpr.com:80/jugadores/jugador.asp?id=199&e=,2026-09-08T14:27:54Z
199,1972,"Brujos, Guayama",24,110,wayback_bsnpr_players,https://web.archive.org/web/20070828230328id_/http://www.bsnpr.com:80/jugadores/jugador.asp?id=199&e=,2026-09-08T14:27:54Z
199,1974,"Santos, San Juan",11,15,wayback_bsnpr_players,https://web.archive.org/web/20070828230328id_/http://www.bsnpr.com:80/jugadores/jugador.asp?id=199&e=,2026-09-08T14:27:54Z
199,1977,"Polluelos, Aibonito",33,559,wayback_bsnpr_players,https://web.archive.org/web/20070828230328id_/http://www.bsnpr.com:80/jugadores/jugador.asp?id=199&e=,2026-09-08T14:27:54Z
199,1978,"Polluelos, Aibonito",31,426,wayback_bsnpr_players,https://web.archive.org/web/20070828230328id_/http://www.bsnpr.com:80/jugadores/jugador.asp?id=199&e=,2026-09-08T14:27:54Z
199,1979,"Conquistadores, Guaynabo",12,75,wayback_bsnpr_players,https://web.archive.org/web/20070828230328id_/http://www.bsnpr.com:80/jugadores/jugador.asp?id=199&e=,2026-09-08T14:27:54Z
199,1979,"Polluelos, Aibonito",4,66,wayback_bsnpr_players,https://web.archive.org/web/20070828230328id_/http://www.bsnpr.com:80/jugadores/jugador.asp?id=199&e=,2026-09-08T14:27:54Z
199,1980,"Conquistadores, Guaynabo",2,0,wayback_bsnpr_players,https://web.archive.org/web/20070828230328id_/http://www.bsnpr.com:80/jugadores/jugador.asp?id=199&e=,2026-09-08T14:27:54Z
199,1980,"Indios, Mayaguez",28,304,wayback_bsnpr_players,https://web.archive.org/web/20070828230328id_/http://www.bsnpr.com:80/jugadores/jugador.asp?id=199&e=,2026-09-08T14:27:54Z
199,1981,"Atleticos, San German",32,250,wayback_bsnpr_players,https://web.archive.org/web/20070828230328id_/http://www.bsnpr.com:80/jugadores/jugador.asp?id=199&e=,2026-09-08T14:27:54Z
199,1982,"Indios, Canovanas",32,221,wayback_bsnpr_players,https://web.archive.org/web/20070828230328id_/http://www.bsnpr.com:80/jugadores/jugador.asp?id=199&e=,2026-09-08T14:27:54Z
204,1986,"Titanes, Morovis",3,0,wayback_bsnpr_players,https://web.archive.org/web/20070829041927id_/http://www.bsnpr.com:80/jugadores/jugador.asp?id=204&e=,2026-09-08T14:27:56Z
205,1956,"Cardenales, Rio Piedras",6,10,wayback_bsnpr_players,https://web.archive.org/web/20070828231534id_/http://www.bsnpr.com:80/jugadores/jugador.asp?id=205&e=,2026-09-08T14:27:59Z
208,1959,"Atleticos, San German",11,18,wayback_bsnpr_players,https://web.archive.org/web/20070828224737id_/http://www.bsnpr.com:80/jugadores/jugador.asp?id=208&e=,2026-09-08T14:28:01Z
210,1987,"Brujos, Guayama",1,0,wayback_bsnpr_players,https://web.archive.org/web/20070828225457id_/http://www.bsnpr.com:80/jugadores/jugador.asp?id=210&e=,2026-09-08T14:28:03Z
216,1988,"Cariduros, Fajardo",3,0,wayback_bsnpr_players,https://web.archive.org/web/20070828231421id_/http://www.bsnpr.com:80/jugadores/jugador.asp?id=216&e=,2026-09-08T14:28:05Z
217,1995,"Vaqueros, Bayamon",3,0,wayback_bsnpr_players,https://web.archive.org/web/20090710220945id_/http://www.bsnpr.com:80/jugadores/jugador.asp?id=217&e=,2026-09-08T14:28:07Z
217,1996,"Vaqueros, Bayamon",8,19,wayback_bsnpr_players,https://web.archive.org/web/20090710220945id_/http://www.bsnpr.com:80/jugadores/jugador.asp?id=217&e=,2026-09-08T14:28:07Z
217,1997,"Vaqueros, Bayamon",8,26,wayback_bsnpr_players,https://web.archive.org/web/20090710220945id_/http://www.bsnpr.com:80/jugadores/jugador.asp?id=217&e=,2026-09-08T14:28:07Z
217,1998,"Vaqueros, Bayamon",11,20,wayback_bsnpr_players,https://web.archive.org/web/20090710220945id_/http://www.bsnpr.com:80/jugadores/jugador.asp?id=217&e=,2026-09-08T14:28:07Z
217,1999,"Vaqueros, Bayamon",17,19,wayback_bsnpr_players,https://web.archive.org/web/20090710220945id_/http://www.bsnpr.com:80/jugadores/jugador.asp?id=217&e=,2026-09-08T14:28:07Z
217,2000,"Vaqueros, Bayamon",11,24,wayback_bsnpr_players,https://web.archive.org/web/20090710220945id_/http://www.bsnpr.com:80/jugadores/jugador.asp?id=217&e=,2026-09-08T14:28:07Z
217,2001,"Atleticos, San German",23,91,wayback_bsnpr_players,https://web.archive.org/web/20090710220945id_/http://www.bsnpr.com:80/jugadores/jugador.asp?id=217&e=,2026-09-08T14:28:07Z
217,2002,"Atleticos, San German",20,49,wayback_bsnpr_players,https://web.archive.org/web/20090710220945id_/http://www.bsnpr.com:80/jugadores/jugador.asp?id=217&e=,2026-09-08T14:28:07Z
217,2003,"Titanes, Morovis",1,5,wayback_bsnpr_players,https://web.archive.org/web/20090710220945id_/http://www.bsnpr.com:80/jugadores/jugador.asp?id=217&e=,2026-09-08T14:28:07Z
217,2003,"Toritos, Cayey",6,28,wayback_bsnpr_players,https://web.archive.org/web/20090710220945id_/http://www.bsnpr.com:80/jugadores/jugador.asp?id=217&e=,2026-09-08T14:28:07Z
217,2003,"Vaqueros, Bayamon",12,32,wayback_bsnpr_players,https://web.archive.org/web/20090710220945id_/http://www.bsnpr.com:80/jugadores/jugador.asp?id=217&e=,2026-09-08T14:28:07Z
217,2004,"Gallitos, Isabela",7,32,wayback_bsnpr_players,https://web.archive.org/web/20090710220945id_/http://www.bsnpr.com:80/jugadores/jugador.asp?id=217&e=,2026-09-08T14:28:07Z
217,2004,"Vaqueros, Bayamon",10,44,wayback_bsnpr_players,https://web.archive.org/web/20090710220945id_/http://www.bsnpr.com:80/jugadores/jugador.asp?id=217&e=,2026-09-08T14:28:07Z
217,2005,"Grises, Humacao",13,90,wayback_bsnpr_players,https://web.archive.org/web/20090710220945id_/http://www.bsnpr.com:80/jugadores/jugador.asp?id=217&e=,2026-09-08T14:28:07Z
217,2005,"Vaqueros, Bayamon",3,4,wayback_bsnpr_players,https://web.archive.org/web/20090710220945id_/http://www.bsnpr.com:80/jugadores/jugador.asp?id=217&e=,2026-09-08T14:28:07Z
217,2006,"Grises, Humacao",26,136,wayback_bsnpr_players,https://web.archive.org/web/20090710220945id_/http://www.bsnpr.com:80/jugadores/jugador.asp?id=217&e=,2026-09-08T14:28:07Z
217,2007,"Grises, Humacao",25,140,wayback_bsnpr_players,https://web.archive.org/web/20090710220945id_/http://www.bsnpr.com:80/jugadores/jugador.asp?id=217&e=,2026-09-08T14:28:07Z
217,2008,"Grises, Humacao",11,57,wayback_bsnpr_players,https://web.archive.org/web/20090710220945id_/http://www.bsnpr.com:80/jugadores/jugador.asp?id=217&e=,2026-09-08T14:28:07Z
217,2009,"Indios, Mayaguez",20,26,wayback_bsnpr_players,https://web.archive.org/web/20090710220945id_/http://www.bsnpr.com:80/jugadores/jugador.asp?id=217&e=,2026-09-08T14:28:07Z
218,1978,"Gallitos, Isabela",29,183,wayback_bsnpr_players,https://web.archive.org/web/20070829042840id_/http://www.bsnpr.com:80/jugadores/jugador.asp?id=218&e=,2026-09-08T14:28:09Z
218,1979,"Gallitos, Isabela",23,202,wayback_bsnpr_players,https://web.archive.org/web/20070829042840id_/http://www.bsnpr.com:80/jugadores/jugador.asp?id=218&e=,2026-09-08T14:28:09Z
218,1980,"Gigantes, Carolina",30,175,wayback_bsnpr_players,https://web.archive.org/web/20070829042840id_/http://www.bsnpr.com:80/jugadores/jugador.asp?id=218&e=,2026-09-08T14:28:09Z
218,1981,"Gigantes, Carolina",33,230,wayback_bsnpr_players,https://web.archive.org/web/20070829042840id_/http://www.bsnpr.com:80/jugadores/jugador.asp?id=218&e=,2026-09-08T14:28:09Z
218,1982,"Gigantes, Carolina",32,240,wayback_bsnpr_players,https://web.archive.org/web/20070829042840id_/http://www.bsnpr.com:80/jugadores/jugador.asp?id=218&e=,2026-09-08T14:28:09Z
218,1983,"Gigantes, Carolina",10,25,wayback_bsnpr_players,https://web.archive.org/web/20070829042840id_/http://www.bsnpr.com:80/jugadores/jugador.asp?id=218&e=,2026-09-08T14:28:09Z
218,1983,"Leones, Ponce",16,47,wayback_bsnpr_players,https://web.archive.org/web/20070829042840id_/http://www.bsnpr.com:80/jugadores/jugador.asp?id=218&e=,2026-09-08T14:28:09Z
218,1984,"Leones, Ponce",24,47,wayback_bsnpr_players,https://web.archive.org/web/20070829042840id_/http://www.bsnpr.com:80/jugadores/jugador.asp?id=218&e=,2026-09-08T14:28:09Z
218,1985,"Conquistadores, Guaynabo",32,161,wayback_bsnpr_players,https://web.archive.org/web/20070829042840id_/http://www.bsnpr.com:80/jugadores/jugador.asp?id=218&e=,2026-09-08T14:28:09Z
218,1986,"Conquistadores, Guaynabo",33,219,wayback_bsnpr_players,https://web.archive.org/web/20070829042840id_/http://www.bsnpr.com:80/jugadores/jugador.asp?id=218&e=,2026-09-08T14:28:09Z
218,1987,"Piratas, Quebradillas",30,175,wayback_bsnpr_players,https://web.archive.org/web/20070829042840id_/http://www.bsnpr.com:80/jugadores/jugador.asp?id=218&e=,2026-09-08T14:28:09Z
218,1988,"Cariduros, Fajardo",33,201,wayback_bsnpr_players,https://web.archive.org/web/20070829042840id_/http://www.bsnpr.com:80/jugadores/jugador.asp?id=218&e=,2026-09-08T14:28:09Z
218,1989,"Cariduros, Fajardo",29,126,wayback_bsnpr_players,https://web.archive.org/web/20070829042840id_/http://www.bsnpr.com:80/jugadores/jugador.asp?id=218&e=,2026-09-08T14:28:09Z
218,1990,"Leones, Ponce",28,28,wayback_bsnpr_players,https://web.archive.org/web/20070829042840id_/http://www.bsnpr.com:80/jugadores/jugador.asp?id=218&e=,2026-09-08T14:28:09Z
218,1991,"Leones, Ponce",2,0,wayback_bsnpr_players,https://web.archive.org/web/20070829042840id_/http://www.bsnpr.com:80/jugadores/jugador.asp?id=218&e=,2026-09-08T14:28:09Z
219,1957,"Leones, Ponce",15,195,wayback_bsnpr_players,https://web.archive.org/web/20070829040258id_/http://www.bsnpr.com:80/jugadores/jugador.asp?id=219&e=,2026-09-08T14:28:12Z
219,1958,"Leones, Ponce",18,161,wayback_bsnpr_players,https://web.archive.org/web/20070829040258id_/http://www.bsnpr.com:80/jugadores/jugador.asp?id=219&e=,2026-09-08T14:28:12Z
219,1959,"Leones, Ponce",21,222,wayback_bsnpr_players,https://web.archive.org/web/20070829040258id_/http://www.bsnpr.com:80/jugadores/jugador.asp?id=219&e=,2026-09-08T14:28:12Z
220,1977,"Leones, Ponce",11,26,wayback_bsnpr_players,https://web.archive.org/web/20070828225216id_/http://www.bsnpr.com:80/jugadores/jugador.asp?id=220&e=,2026-09-08T14:28:14Z
220,1978,"Leones, Ponce",24,129,wayback_bsnpr_players,https://web.archive.org/web/20070828225216id_/http://www.bsnpr.com:80/jugadores/jugador.asp?id=220&e=,2026-09-08T14:28:14Z
220,1979,"Leones, Ponce",22,100,wayback_bsnpr_players,https://web.archive.org/web/20070828225216id_/http://www.bsnpr.com:80/jugadores/jugador.asp?id=220&e=,2026-09-08T14:28:14Z
220,1980,"Leones, Ponce",22,97,wayback_bsnpr_players,https://web.archive.org/web/20070828225216id_/http://www.bsnpr.com:80/jugadores/jugador.asp?id=220&e=,2026-09-08T14:28:14Z
220,1981,"Gallitos, Isabela",32,299,wayback_bsnpr_players,https://web.archive.org/web/20070828225216id_/http://www.bsnpr.com:80/jugadores/jugador.asp?id=220&e=,2026-09-08T14:28:14Z
220,1982,"Gallitos, Isabela",14,51,wayback_bsnpr_players,https://web.archive.org/web/20070828225216id_/http://www.bsnpr.com:80/jugadores/jugador.asp?id=220&e=,2026-09-08T14:28:14Z
220,1983,"Indios, Mayaguez",18,48,wayback_bsnpr_players,https://web.archive.org/web/20070828225216id_/http://www.bsnpr.com:80/jugadores/jugador.asp?id=220&e=,2026-09-08T14:28:14Z
220,1984,"Leones, Ponce",23,58,wayback_bsnpr_players,https://web.archive.org/web/20070828225216id_/http://www.bsnpr.com:80/jugadores/jugador.asp?id=220&e=,2026-09-08T14:28:14Z
220,1985,"Atleticos, San German",1,0,wayback_bsnpr_players,https://web.archive.org/web/20070828225216id_/http://www.bsnpr.com:80/jugadores/jugador.asp?id=220&e=,2026-09-08T14:28:14Z
220,1986,"Conquistadores, Guaynabo",17,30,wayback_bsnpr_players,https://web.archive.org/web/20070828225216id_/http://www.bsnpr.com:80/jugadores/jugador.asp?id=220&e=,2026-09-08T14:28:14Z
221,2006,"Criollos, Caguas",7,15,wayback_bsnpr_players,https://web.archive.org/web/20080410091445id_/http://www.bsnpr.com:80/jugadores/jugador.asp?id=221&e=,2026-09-08T14:28:16Z
221,2007,"Criollos, Caguas",15,27,wayback_bsnpr_players,https://web.archive.org/web/20080410091445id_/http://www.bsnpr.com:80/jugadores/jugador.asp?id=221&e=,2026-09-08T14:28:16Z
236,1999,"Polluelos, Aibonito",2,0,wayback_bsnpr_players,https://web.archive.org/web/20090830021433id_/http://bsnpr.com:80/jugadores/jugador.asp?id=236&e=,2026-09-08T14:28:18Z
236,2000,"Polluelos, Aibonito",5,4,wayback_bsnpr_players,https://web.archive.org/web/20090830021433id_/http://bsnpr.com:80/jugadores/jugador.asp?id=236&e=,2026-09-08T14:28:18Z
236,2001,"Polluelos, Aibonito",18,14,wayback_bsnpr_players,https://web.archive.org/web/20090830021433id_/http://bsnpr.com:80/jugadores/jugador.asp?id=236&e=,2026-09-08T14:28:18Z
236,2002,"Toritos, Cayey",19,28,wayback_bsnpr_players,https://web.archive.org/web/20090830021433id_/http://bsnpr.com:80/jugadores/jugador.asp?id=236&e=,2026-09-08T14:28:18Z
236,2003,"Toritos, Cayey",16,37,wayback_bsnpr_players,https://web.archive.org/web/20090830021433id_/http://bsnpr.com:80/jugadores/jugador.asp?id=236&e=,2026-09-08T14:28:18Z
236,2004,"Toritos, Cayey",24,92,wayback_bsnpr_players,https://web.archive.org/web/20090830021433id_/http://bsnpr.com:80/jugadores/jugador.asp?id=236&e=,2026-09-08T14:28:18Z
236,2006,"Brujos, Guayama",19,19,wayback_bsnpr_players,https://web.archive.org/web/20090830021433id_/http://bsnpr.com:80/jugadores/jugador.asp?id=236&e=,2026-09-08T14:28:18Z
236,2007,"Brujos, Guayama",14,7,wayback_bsnpr_players,https://web.archive.org/web/20090830021433id_/http://bsnpr.com:80/jugadores/jugador.asp?id=236&e=,2026-09-08T14:28:18Z
236,2008,"Brujos, Guayama",24,89,wayback_bsnpr_players,https://web.archive.org/web/20090830021433id_/http://bsnpr.com:80/jugadores/jugador.asp?id=236&e=,2026-09-08T14:28:18Z
236,2009,"Criollos, Caguas",18,42,wayback_bsnpr_players,https://web.archive.org/web/20090830021433id_/http://bsnpr.com:80/jugadores/jugador.asp?id=236&e=,2026-09-08T14:28:18Z
238,1992,"Polluelos, Aibonito",11,14,wayback_bsnpr_players,https://web.archive.org/web/20080410091503id_/http://www.bsnpr.com:80/jugadores/jugador.asp?id=238&e=,2026-09-08T14:28:21Z
238,1993,"Polluelos, Aibonito",21,31,wayback_bsnpr_players,https://web.archive.org/web/20080410091503id_/http://www.bsnpr.com:80/jugadores/jugador.asp?id=238&e=,2026-09-08T14:28:21Z
238,1994,"Indios, Mayaguez",30,117,wayback_bsnpr_players,https://web.archive.org/web/20080410091503id_/http://www.bsnpr.com:80/jugadores/jugador.asp?id=238&e=,2026-09-08T14:28:21Z
238,1995,"Indios, Mayaguez",23,27,wayback_bsnpr_players,https://web.archive.org/web/20080410091503id_/http://www.bsnpr.com:80/jugadores/jugador.asp?id=238&e=,2026-09-08T14:28:21Z
238,1996,"Indios, Mayaguez",24,25,wayback_bsnpr_players,https://web.archive.org/web/20080410091503id_/http://www.bsnpr.com:80/jugadores/jugador.asp?id=238&e=,2026-09-08T14:28:21Z
238,2001,"Capitanes, Arecibo",17,42,wayback_bsnpr_players,https://web.archive.org/web/20080410091503id_/http://www.bsnpr.com:80/jugadores/jugador.asp?id=238&e=,2026-09-08T14:28:21Z
238,2002,"Piratas, Quebradillas",20,29,wayback_bsnpr_players,https://web.archive.org/web/20080410091503id_/http://www.bsnpr.com:80/jugadores/jugador.asp?id=238&e=,2026-09-08T14:28:21Z
238,2003,"Piratas, Quebradillas",20,33,wayback_bsnpr_players,https://web.archive.org/web/20080410091503id_/http://www.bsnpr.com:80/jugadores/jugador.asp?id=238&e=,2026-09-08T14:28:21Z
238,2004,"Indios, Mayaguez",12,10,wayback_bsnpr_players,https://web.archive.org/web/20080410091503id_/http://www.bsnpr.com:80/jugadores/jugador.asp?id=238&e=,2026-09-08T14:28:21Z
238,2006,"Conquistadores, Guaynabo",21,41,wayback_bsnpr_players,https://web.archive.org/web/20080410091503id_/http://www.bsnpr.com:80/jugadores/jugador.asp?id=238&e=,2026-09-08T14:28:21Z
238,2007,"Conquistadores, Guaynabo",8,7,wayback_bsnpr_players,https://web.archive.org/web/20080410091503id_/http://www.bsnpr.com:80/jugadores/jugador.asp?id=238&e=,2026-09-08T14:28:21Z
242,1977,"Criollos, Caguas",3,7,wayback_bsnpr_players,https://web.archive.org/web/20070828225703id_/http://www.bsnpr.com:80/jugadores/jugador.asp?id=242&e=,2026-09-08T14:28:23Z
242,1978,"Criollos, Caguas",13,34,wayback_bsnpr_players,https://web.archive.org/web/20070828225703id_/http://www.bsnpr.com:80/jugadores/jugador.asp?id=242&e=,2026-09-08T14:28:23Z
242,1979,"Criollos, Caguas",26,146,wayback_bsnpr_players,https://web.archive.org/web/20070828225703id_/http://www.bsnpr.com:80/jugadores/jugador.asp?id=242&e=,2026-09-08T14:28:23Z
245,1978,"Indios, Canovanas",9,40,wayback_bsnpr_players,https://web.archive.org/web/20070828225358id_/http://www.bsnpr.com:80/jugadores/jugador.asp?id=245&e=,2026-09-08T14:28:25Z
245,1979,"Indios, Canovanas",29,247,wayback_bsnpr_players,https://web.archive.org/web/20070828225358id_/http://www.bsnpr.com:80/jugadores/jugador.asp?id=245&e=,2026-09-08T14:28:25Z
245,1980,"Indios, Canovanas",30,425,wayback_bsnpr_players,https://web.archive.org/web/20070828225358id_/http://www.bsnpr.com:80/jugadores/jugador.asp?id=245&e=,2026-09-08T14:28:25Z
245,1981,"Indios, Canovanas",33,543,wayback_bsnpr_players,https://web.archive.org/web/20070828225358id_/http://www.bsnpr.com:80/jugadores/jugador.asp?id=245&e=,2026-09-08T14:28:25Z
245,1982,"Indios, Canovanas",33,561,wayback_bsnpr_players,https://web.archive.org/web/20070828225358id_/http://www.bsnpr.com:80/jugadores/jugador.asp?id=245&e=,2026-09-08T14:28:25Z
245,1983,"Indios, Canovanas",33,630,wayback_bsnpr_players,https://web.archive.org/web/20070828225358id_/http://www.bsnpr.com:80/jugadores/jugador.asp?id=245&e=,2026-09-08T14:28:25Z
245,1984,"Indios, Canovanas",26,416,wayback_bsnpr_players,https://web.archive.org/web/20070828225358id_/http://www.bsnpr.com:80/jugadores/jugador.asp?id=245&e=,2026-09-08T14:28:25Z
245,1985,"Indios, Canovanas",33,406,wayback_bsnpr_players,https://web.archive.org/web/20070828225358id_/http://www.bsnpr.com:80/jugadores/jugador.asp?id=245&e=,2026-09-08T14:28:25Z
245,1986,"Indios, Canovanas",33,523,wayback_bsnpr_players,https://web.archive.org/web/20070828225358id_/http://www.bsnpr.com:80/jugadores/jugador.asp?id=245&e=,2026-09-08T14:28:25Z
245,1987,"Indios, Canovanas",30,486,wayback_bsnpr_players,https://web.archive.org/web/20070828225358id_/http://www.bsnpr.com:80/jugadores/jugador.asp?id=245&e=,2026-09-08T14:28:25Z
245,1988,"Indios, Canovanas",33,448,wayback_bsnpr_players,https://web.archive.org/web/20070828225358id_/http://www.bsnpr.com:80/jugadores/jugador.asp?id=245&e=,2026-09-08T14:28:25Z
245,1989,"Conquistadores, Guaynabo",30,335,wayback_bsnpr_players,https://web.archive.org/web/20070828225358id_/http://www.bsnpr.com:80/jugadores/jugador.asp?id=245&e=,2026-09-08T14:28:25Z
245,1990,"Conquistadores, Guaynabo",30,230,wayback_bsnpr_players,https://web.archive.org/web/20070828225358id_/http://www.bsnpr.com:80/jugadores/jugador.asp?id=245&e=,2026-09-08T14:28:25Z
245,1991,"Titanes, Morovis",16,26,wayback_bsnpr_players,https://web.archive.org/web/20070828225358id_/http://www.bsnpr.com:80/jugadores/jugador.asp?id=245&e=,2026-09-08T14:28:25Z
245,1992,"Gigantes, Carolina",18,126,wayback_bsnpr_players,https://web.archive.org/web/20070828225358id_/http://www.bsnpr.com:80/jugadores/jugador.asp?id=245&e=,2026-09-08T14:28:25Z
245,1993,"Cariduros, Fajardo",25,202,wayback_bsnpr_players,https://web.archive.org/web/20070828225358id_/http://www.bsnpr.com:80/jugadores/jugador.asp?id=245&e=,2026-09-08T14:28:25Z
245,1994,"Cariduros, Fajardo",30,102,wayback_bsnpr_players,https://web.archive.org/web/20070828225358id_/http://www.bsnpr.com:80/jugadores/jugador.asp?id=245&e=,2026-09-08T14:28:25Z
248,1958,"Capitanes, Arecibo",7,18,wayback_bsnpr_players,https://web.archive.org/web/20070829035334id_/http://www.bsnpr.com:80/jugadores/jugador.asp?id=248&e=,2026-09-08T14:28:26Z
251,2006,"Criollos, Caguas",23,490,wayback_bsnpr_players,https://web.archive.org/web/20080224181618id_/http://www.bsnpr.com:80/jugadores/jugador.asp?id=251&e=11,2026-09-08T14:28:28Z
251,2007,"Criollos, Caguas",30,344,wayback_bsnpr_players,https://web.archive.org/web/20080224181618id_/http://www.bsnpr.com:80/jugadores/jugador.asp?id=251&e=11,2026-09-08T14:28:28Z
252,1973,"Santos, San Juan",4,6,wayback_bsnpr_players,https://web.archive.org/web/20070829042530id_/http://www.bsnpr.com:80/jugadores/jugador.asp?id=252&e=,2026-09-08T14:28:30Z
257,2003,"Criollos, Caguas",8,151,wayback_bsnpr_players,https://web.archive.org/web/20070828224229id_/http://www.bsnpr.com:80/jugadores/jugador.asp?id=257&e=,2026-09-08T14:28:32Z
258,1990,"Gallitos, Isabela",25,43,wayback_bsnpr_players,https://web.archive.org/web/20070828225136id_/http://www.bsnpr.com:80/jugadores/jugador.asp?id=258&e=,2026-09-08T14:28:34Z
259,1970,"Atleticos, San German",14,23,wayback_bsnpr_players,https://web.archive.org/web/20070828230933id_/http://www.bsnpr.com:80/jugadores/jugador.asp?id=259&e=,2026-09-08T14:28:36Z
262,1997,"Atleticos, San German",3,11,wayback_bsnpr_players,https://web.archive.org/web/20070829035034id_/http://www.bsnpr.com:80/jugadores/jugador.asp?id=262&e=,2026-09-08T14:28:37Z
265,1991,"Gallitos, Isabela",8,2,wayback_bsnpr_players,https://web.archive.org/web/20070829040541id_/http://www.bsnpr.com:80/jugadores/jugador.asp?id=265&e=,2026-09-08T14:28:39Z
265,1993,"Maratonistas, Coamo",14,7,wayback_bsnpr_players,https://web.archive.org/web/20070829040541id_/http://www.bsnpr.com:80/jugadores/jugador.asp?id=265&e=,2026-09-08T14:28:39Z
265,1994,"Maratonistas, Coamo",4,5,wayback_bsnpr_players,https://web.archive.org/web/20070829040541id_/http://www.bsnpr.com:80/jugadores/jugador.asp?id=265&e=,2026-09-08T14:28:39Z
267,1974,"Cardenales, Rio Piedras",16,8,wayback_bsnpr_players,https://web.archive.org/web/20070828230423id_/http://www.bsnpr.com:80/jugadores/jugador.asp?id=267&e=,2026-09-08T14:28:41Z
268,1975,"Atleticos, San German",21,77,wayback_bsnpr_players,https://web.archive.org/web/20070828224218id_/http://www.bsnpr.com:80/jugadores/jugador.asp?id=268&e=,2026-09-08T14:28:43Z
268,1976,"Atleticos, San German",30,96,wayback_bsnpr_players,https://web.archive.org/web/20070828224218id_/http://www.bsnpr.com:80/jugadores/jugador.asp?id=268&e=,2026-09-08T14:28:43Z
269,2000,"Polluelos, Aibonito",2,7,wayback_bsnpr_players,https://web.archive.org/web/20070828230633id_/http://www.bsnpr.com:80/jugadores/jugador.asp?id=269&e=,2026-09-08T14:28:45Z
273,1996,"Cariduros, Fajardo",34,371,wayback_bsnpr_players,https://web.archive.org/web/20170715120129id_/http://www.bsnpr.com:80/jugadores/jugador.asp?id=273&e=,2026-09-08T14:28:47Z
273,1997,"Cariduros, Fajardo",32,543,wayback_bsnpr_players,https://web.archive.org/web/20170715120129id_/http://www.bsnpr.com:80/jugadores/jugador.asp?id=273&e=,2026-09-08T14:28:47Z
273,1998,"Cangrejeros, Santurce",29,243,wayback_bsnpr_players,https://web.archive.org/web/20170715120129id_/http://www.bsnpr.com:80/jugadores/jugador.asp?id=273&e=,2026-09-08T14:28:47Z
273,1999,"Cangrejeros, Santurce",30,457,wayback_bsnpr_players,https://web.archive.org/web/20170715120129id_/http://www.bsnpr.com:80/jugadores/jugador.asp?id=273&e=,2026-09-08T14:28:47Z
273,2000,"Cangrejeros, Santurce",28,480,wayback_bsnpr_players,https://web.archive.org/web/20170715120129id_/http://www.bsnpr.com:80/jugadores/jugador.asp?id=273&e=,2026-09-08T14:28:47Z
273,2001,"Cangrejeros, Santurce",8,164,wayback_bsnpr_players,https://web.archive.org/web/20170715120129id_/http://www.bsnpr.com:80/jugadores/jugador.asp?id=273&e=,2026-09-08T14:28:47Z
273,2002,"Cangrejeros, Santurce",10,200,wayback_bsnpr_players,https://web.archive.org/web/20170715120129id_/http://www.bsnpr.com:80/jugadores/jugador.asp?id=273&e=,2026-09-08T14:28:47Z
273,2003,"Cangrejeros, Santurce",1,14,wayback_bsnpr_players,https://web.archive.org/web/20170715120129id_/http://www.bsnpr.com:80/jugadores/jugador.asp?id=273&e=,2026-09-08T14:28:47Z
273,2015,"Cangrejeros, Santurce",33,597,wayback_bsnpr_players,https://web.archive.org/web/20170715120129id_/http://www.bsnpr.com:80/jugadores/jugador.asp?id=273&e=,2026-09-08T14:28:47Z
273,2017,"Cariduros, Fajardo",27,443,wayback_bsnpr_players,https://web.archive.org/web/20170715120129id_/http://www.bsnpr.com:80/jugadores/jugador.asp?id=273&e=,2026-09-08T14:28:47Z
277,1971,"Criollos, Caguas",26,196,wayback_bsnpr_players,https://web.archive.org/web/20070829040006id_/http://www.bsnpr.com:80/jugadores/jugador.asp?id=277&e=,2026-09-08T14:28:49Z
277,1972,"Criollos, Caguas",27,200,wayback_bsnpr_players,https://web.archive.org/web/20070829040006id_/http://www.bsnpr.com:80/jugadores/jugador.asp?id=277&e=,2026-09-08T14:28:49Z
277,1973,"Criollos, Caguas",32,404,wayback_bsnpr_players,https://web.archive.org/web/20070829040006id_/http://www.bsnpr.com:80/jugadores/jugador.asp?id=277&e=,2026-09-08T14:28:49Z
277,1974,"Criollos, Caguas",29,385,wayback_bsnpr_players,https://web.archive.org/web/20070829040006id_/http://www.bsnpr.com:80/jugadores/jugador.asp?id=277&e=,2026-09-08T14:28:49Z
277,1975,"Criollos, Caguas",27,128,wayback_bsnpr_players,https://web.archive.org/web/20070829040006id_/http://www.bsnpr.com:80/jugadores/jugador.asp?id=277&e=,2026-09-08T14:28:49Z
277,1976,"Cariduros, Fajardo",32,471,wayback_bsnpr_players,https://web.archive.org/web/20070829040006id_/http://www.bsnpr.com:80/jugadores/jugador.asp?id=277&e=,2026-09-08T14:28:49Z
277,1977,"Cariduros, Fajardo",1,0,wayback_bsnpr_players,https://web.archive.org/web/20070829040006id_/http://www.bsnpr.com:80/jugadores/jugador.asp?id=277&e=,2026-09-08T14:28:49Z
277,1978,"Cariduros, Fajardo",26,151,wayback_bsnpr_players,https://web.archive.org/web/20070829040006id_/http://www.bsnpr.com:80/jugadores/jugador.asp?id=277&e=,2026-09-08T14:28:49Z
277,1979,"Indios, Canovanas",25,88,wayback_bsnpr_players,https://web.archive.org/web/20070829040006id_/http://www.bsnpr.com:80/jugadores/jugador.asp?id=277&e=,2026-09-08T14:28:49Z
277,1980,"Indios, Canovanas",5,26,wayback_bsnpr_players,https://web.archive.org/web/20070829040006id_/http://www.bsnpr.com:80/jugadores/jugador.asp?id=277&e=,2026-09-08T14:28:49Z
277,1980,"Leones, Ponce",19,75,wayback_bsnpr_players,https://web.archive.org/web/20070829040006id_/http://www.bsnpr.com:80/jugadores/jugador.asp?id=277&e=,2026-09-08T14:28:49Z
277,1981,"Cardenales, Rio Piedras",33,257,wayback_bsnpr_players,https://web.archive.org/web/20070829040006id_/http://www.bsnpr.com:80/jugadores/jugador.asp?id=277&e=,2026-09-08T14:28:49Z
277,1982,"Cardenales, Rio Piedras",31,135,wayback_bsnpr_players,https://web.archive.org/web/20070829040006id_/http://www.bsnpr.com:80/jugadores/jugador.asp?id=277&e=,2026-09-08T14:28:49Z
277,1983,"Gigantes, Carolina",31,238,wayback_bsnpr_players,https://web.archive.org/web/20070829040006id_/http://www.bsnpr.com:80/jugadores/jugador.asp?id=277&e=,2026-09-08T14:28:49Z
277,1984,"Gigantes, Carolina",27,135,wayback_bsnpr_players,https://web.archive.org/web/20070829040006id_/http://www.bsnpr.com:80/jugadores/jugador.asp?id=277&e=,2026-09-08T14:28:49Z
278,1992,"Santeros, Aguada",6,6,wayback_bsnpr_players,https://web.archive.org/web/20070828231415id_/http://www.bsnpr.com:80/jugadores/jugador.asp?id=278&e=,2026-09-08T14:28:50Z
279,2003,"Titanes, Morovis",22,31,wayback_bsnpr_players,https://web.archive.org/web/20100216125752id_/http://www.bsnpr.com:80/jugadores/jugador.asp?id=279&e=5,2026-09-08T14:28:52Z
279,2007,"Cariduros, Fajardo",15,36,wayback_bsnpr_players,https://web.archive.org/web/20100216125752id_/http://www.bsnpr.com:80/jugadores/jugador.asp?id=279&e=5,2026-09-08T14:28:52Z
279,2008,"Cariduros, Fajardo",18,11,wayback_bsnpr_players,https://web.archive.org/web/20100216125752id_/http://www.bsnpr.com:80/jugadores/jugador.asp?id=279&e=5,2026-09-08T14:28:52Z
279,2009,"Leones, Ponce",17,38,wayback_bsnpr_players,https://web.archive.org/web/20100216125752id_/http://www.bsnpr.com:80/jugadores/jugador.asp?id=279&e=5,2026-09-08T14:28:52Z
283,1996,"Santos, San Juan",21,34,wayback_bsnpr_players,https://web.archive.org/web/20070829040552id_/http://www.bsnpr.com:80/jugadores/jugador.asp?id=283&e=,2026-09-08T14:28:54Z
283,1997,"Santos, San Juan",31,101,wayback_bsnpr_players,https://web.archive.org/web/20070829040552id_/http://www.bsnpr.com:80/jugadores/jugador.asp?id=283&e=,2026-09-08T14:28:54Z
284,1997,"Tiburones, Aguadilla",8,15,wayback_bsnpr_players,https://web.archive.org/web/20180829212304id_/https://www.bsnpr.com/jugadores/jugador.asp?id=284&e,2026-09-08T14:28:56Z
284,1998,"Indios, Mayaguez",18,110,wayback_bsnpr_players,https://web.archive.org/web/20180829212304id_/https://www.bsnpr.com/jugadores/jugador.asp?id=284&e,2026-09-08T14:28:56Z
284,1999,"Maratonistas, Coamo",28,164,wayback_bsnpr_players,https://web.archive.org/web/20180829212304id_/https://www.bsnpr.com/jugadores/jugador.asp?id=284&e,2026-09-08T14:28:56Z
284,2000,"Maratonistas, Coamo",27,480,wayback_bsnpr_players,https://web.archive.org/web/20180829212304id_/https://www.bsnpr.com/jugadores/jugador.asp?id=284&e,2026-09-08T14:28:56Z
284,2001,"Maratonistas, Coamo",25,447,wayback_bsnpr_players,https://web.archive.org/web/20180829212304id_/https://www.bsnpr.com/jugadores/jugador.asp?id=284&e,2026-09-08T14:28:56Z
284,2002,"Maratonistas, Coamo",18,425,wayback_bsnpr_players,https://web.archive.org/web/20180829212304id_/https://www.bsnpr.com/jugadores/jugador.asp?id=284&e,2026-09-08T14:28:56Z
284,2003,"Maratonistas, Coamo",30,762,wayback_bsnpr_players,https://web.archive.org/web/20180829212304id_/https://www.bsnpr.com/jugadores/jugador.asp?id=284&e,2026-09-08T14:28:56Z
284,2004,"Maratonistas, Coamo",28,571,wayback_bsnpr_players,https://web.archive.org/web/20180829212304id_/https://www.bsnpr.com/jugadores/jugador.asp?id=284&e,2026-09-08T14:28:56Z
284,2005,"Maratonistas, Coamo",27,537,wayback_bsnpr_players,https://web.archive.org/web/20180829212304id_/https://www.bsnpr.com/jugadores/jugador.asp?id=284&e,2026-09-08T14:28:56Z
284,2006,"Maratonistas, Coamo",21,392,wayback_bsnpr_players,https://web.archive.org/web/20180829212304id_/https://www.bsnpr.com/jugadores/jugador.asp?id=284&e,2026-09-08T14:28:56Z
284,2006,"Vaqueros, Bayamon",4,54,wayback_bsnpr_players,https://web.archive.org/web/20180829212304id_/https://www.bsnpr.com/jugadores/jugador.asp?id=284&e,2026-09-08T14:28:56Z
284,2007,"Vaqueros, Bayamon",28,400,wayback_bsnpr_players,https://web.archive.org/web/20180829212304id_/https://www.bsnpr.com/jugadores/jugador.asp?id=284&e,2026-09-08T14:28:56Z
284,2008,"Mets, Guaynabo",28,526,wayback_bsnpr_players,https://web.archive.org/web/20180829212304id_/https://www.bsnpr.com/jugadores/jugador.asp?id=284&e,2026-09-08T14:28:56Z
284,2009,"Mets, Guaynabo",27,566,wayback_bsnpr_players,https://web.archive.org/web/20180829212304id_/https://www.bsnpr.com/jugadores/jugador.asp?id=284&e,2026-09-08T14:28:56Z
284,2010,"Mets, Guaynabo",10,124,wayback_bsnpr_players,https://web.archive.org/web/20180829212304id_/https://www.bsnpr.com/jugadores/jugador.asp?id=284&e,2026-09-08T14:28:56Z
284,2011,"Mets, Guaynabo",30,332,wayback_bsnpr_players,https://web.archive.org/web/20180829212304id_/https://www.bsnpr.com/jugadores/jugador.asp?id=284&e,2026-09-08T14:28:56Z
284,2012,"Mets, Guaynabo",27,150,wayback_bsnpr_players,https://web.archive.org/web/20180829212304id_/https://www.bsnpr.com/jugadores/jugador.asp?id=284&e,2026-09-08T14:28:56Z
284,2013,"Capitanes, Arecibo",30,272,wayback_bsnpr_players,https://web.archive.org/web/20180829212304id_/https://www.bsnpr.com/jugadores/jugador.asp?id=284&e,2026-09-08T14:28:56Z
286,1960,"Cardenales, Rio Piedras",2,2,wayback_bsnpr_players,https://web.archive.org/web/20070828224652id_/http://www.bsnpr.com:80/jugadores/jugador.asp?id=286&e=,2026-09-08T14:28:58Z
286,1961,"Cardenales, Rio Piedras",13,9,wayback_bsnpr_players,https://web.archive.org/web/20070828224652id_/http://www.bsnpr.com:80/jugadores/jugador.asp?id=286&e=,2026-09-08T14:28:58Z
288,1960,"Piratas, Quebradillas",7,6,wayback_bsnpr_players,https://web.archive.org/web/20070828230312id_/http://www.bsnpr.com:80/jugadores/jugador.asp?id=288&e=,2026-09-08T14:29:00Z
288,1962,"Piratas, Quebradillas",2,9,wayback_bsnpr_players,https://web.archive.org/web/20070828230312id_/http://www.bsnpr.com:80/jugadores/jugador.asp?id=288&e=,2026-09-08T14:29:00Z
293,1993,"Gallitos, Isabela",12,22,wayback_bsnpr_players,https://web.archive.org/web/20070828231438id_/http://www.bsnpr.com:80/jugadores/jugador.asp?id=293&e=,2026-09-08T14:29:02Z
293,1994,"Tiburones, Aguadilla",15,51,wayback_bsnpr_players,https://web.archive.org/web/20070828231438id_/http://www.bsnpr.com:80/jugadores/jugador.asp?id=293&e=,2026-09-08T14:29:02Z
299,1974,"Indios, Mayaguez",9,15,wayback_bsnpr_players,https://web.archive.org/web/20070829035620id_/http://www.bsnpr.com:80/jugadores/jugador.asp?id=299&e=,2026-09-08T14:29:03Z
300,1971,"Vaqueros, Bayamon",9,17,wayback_bsnpr_players,https://web.archive.org/web/20070829040227id_/http://www.bsnpr.com:80/jugadores/jugador.asp?id=300&e=,2026-09-08T14:29:05Z
301,1984,"Titanes, Morovis",25,47,wayback_bsnpr_players,https://web.archive.org/web/20070828230943id_/http://www.bsnpr.com:80/jugadores/jugador.asp?id=301&e=,2026-09-08T14:29:07Z
301,1985,"Gallitos, Isabela",17,45,wayback_bsnpr_players,https://web.archive.org/web/20070828230943id_/http://www.bsnpr.com:80/jugadores/jugador.asp?id=301&e=,2026-09-08T14:29:07Z
301,1985,"Polluelos, Aibonito",5,4,wayback_bsnpr_players,https://web.archive.org/web/20070828230943id_/http://www.bsnpr.com:80/jugadores/jugador.asp?id=301&e=,2026-09-08T14:29:07Z
301,1986,"Cariduros, Fajardo",22,35,wayback_bsnpr_players,https://web.archive.org/web/20070828230943id_/http://www.bsnpr.com:80/jugadores/jugador.asp?id=301&e=,2026-09-08T14:29:07Z
301,1986,"Polluelos, Aibonito",1,0,wayback_bsnpr_players,https://web.archive.org/web/20070828230943id_/http://www.bsnpr.com:80/jugadores/jugador.asp?id=301&e=,2026-09-08T14:29:07Z
301,1987,"Polluelos, Aibonito",3,5,wayback_bsnpr_players,https://web.archive.org/web/20070828230943id_/http://www.bsnpr.com:80/jugadores/jugador.asp?id=301&e=,2026-09-08T14:29:07Z
305,1986,"Indios, Mayaguez",20,39,wayback_bsnpr_players,https://web.archive.org/web/20070829035517id_/http://www.bsnpr.com:80/jugadores/jugador.asp?id=305&e=,2026-09-08T14:29:09Z
305,1987,"Indios, Mayaguez",23,141,wayback_bsnpr_players,https://web.archive.org/web/20070829035517id_/http://www.bsnpr.com:80/jugadores/jugador.asp?id=305&e=,2026-09-08T14:29:09Z
305,1988,"Indios, Mayaguez",15,50,wayback_bsnpr_players,https://web.archive.org/web/20070829035517id_/http://www.bsnpr.com:80/jugadores/jugador.asp?id=305&e=,2026-09-08T14:29:09Z
305,1989,"Tainos, Cabo Rojo",26,144,wayback_bsnpr_players,https://web.archive.org/web/20070829035517id_/http://www.bsnpr.com:80/jugadores/jugador.asp?id=305&e=,2026-09-08T14:29:09Z
307,1996,"Titanes, Morovis",1,12,wayback_bsnpr_players,https://web.archive.org/web/20070828231310id_/http://www.bsnpr.com:80/jugadores/jugador.asp?id=307&e=,2026-09-08T14:29:10Z
307,1997,"Criollos, Caguas",17,133,wayback_bsnpr_players,https://web.archive.org/web/20070828231310id_/http://www.bsnpr.com:80/jugadores/jugador.asp?id=307&e=,2026-09-08T14:29:10Z
311,1958,"Capitanes, Arecibo",18,60,wayback_bsnpr_players,https://web.archive.org/web/20070829035028id_/http://www.bsnpr.com:80/jugadores/jugador.asp?id=311&e=,2026-09-08T14:29:12Z
311,1959,"Capitanes, Arecibo",21,286,wayback_bsnpr_players,https://web.archive.org/web/20070829035028id_/http://www.bsnpr.com:80/jugadores/jugador.asp?id=311&e=,2026-09-08T14:29:12Z
311,1960,"Capitanes, Arecibo",21,382,wayback_bsnpr_players,https://web.archive.org/web/20070829035028id_/http://www.bsnpr.com:80/jugadores/jugador.asp?id=311&e=,2026-09-08T14:29:12Z
311,1961,"Capitanes, Arecibo",21,131,wayback_bsnpr_players,https://web.archive.org/web/20070829035028id_/http://www.bsnpr.com:80/jugadores/jugador.asp?id=311&e=,2026-09-08T14:29:12Z
311,1962,"Capitanes, Arecibo",12,141,wayback_bsnpr_players,https://web.archive.org/web/20070829035028id_/http://www.bsnpr.com:80/jugadores/jugador.asp?id=311&e=,2026-09-08T14:29:12Z
311,1963,"Capitanes, Arecibo",16,50,wayback_bsnpr_players,https://web.archive.org/web/20070829035028id_/http://www.bsnpr.com:80/jugadores/jugador.asp?id=311&e=,2026-09-08T14:29:12Z
319,1956,"Piratas, Quebradillas",11,29,wayback_bsnpr_players,https://web.archive.org/web/20070829035436id_/http://www.bsnpr.com:80/jugadores/jugador.asp?id=319&e=,2026-09-08T14:29:14Z
319,1957,"Piratas, Quebradillas",8,20,wayback_bsnpr_players,https://web.archive.org/web/20070829035436id_/http://www.bsnpr.com:80/jugadores/jugador.asp?id=319&e=,2026-09-08T14:29:14Z
320,1996,"Brujos, Guayama",16,31,wayback_bsnpr_players,https://web.archive.org/web/20080410091522id_/http://www.bsnpr.com:80/jugadores/jugador.asp?id=320&e=,2026-09-08T14:29:17Z
320,1997,"Brujos, Guayama",12,28,wayback_bsnpr_players,https://web.archive.org/web/20080410091522id_/http://www.bsnpr.com:80/jugadores/jugador.asp?id=320&e=,2026-09-08T14:29:17Z
320,1998,"Brujos, Guayama",11,12,wayback_bsnpr_players,https://web.archive.org/web/20080410091522id_/http://www.bsnpr.com:80/jugadores/jugador.asp?id=320&e=,2026-09-08T14:29:17Z
320,1999,"Brujos, Guayama",31,98,wayback_bsnpr_players,https://web.archive.org/web/20080410091522id_/http://www.bsnpr.com:80/jugadores/jugador.asp?id=320&e=,2026-09-08T14:29:17Z
320,2000,"Brujos, Guayama",25,71,wayback_bsnpr_players,https://web.archive.org/web/20080410091522id_/http://www.bsnpr.com:80/jugadores/jugador.asp?id=320&e=,2026-09-08T14:29:17Z
320,2001,"Brujos, Guayama",26,231,wayback_bsnpr_players,https://web.archive.org/web/20080410091522id_/http://www.bsnpr.com:80/jugadores/jugador.asp?id=320&e=,2026-09-08T14:29:17Z
320,2002,"Atleticos, San German",5,6,wayback_bsnpr_players,https://web.archive.org/web/20080410091522id_/http://www.bsnpr.com:80/jugadores/jugador.asp?id=320&e=,2026-09-08T14:29:17Z
320,2002,"Gallitos, Isabela",18,165,wayback_bsnpr_players,https://web.archive.org/web/20080410091522id_/http://www.bsnpr.com:80/jugadores/jugador.asp?id=320&e=,2026-09-08T14:29:17Z
320,2002,"Titanes, Morovis",11,19,wayback_bsnpr_players,https://web.archive.org/web/20080410091522id_/http://www.bsnpr.com:80/jugadores/jugador.asp?id=320&e=,2026-09-08T14:29:17Z
320,2003,"Gallitos, Isabela",30,248,wayback_bsnpr_players,https://web.archive.org/web/20080410091522id_/http://www.bsnpr.com:80/jugadores/jugador.asp?id=320&e=,2026-09-08T14:29:17Z
320,2004,"Criollos, Caguas",26,82,wayback_bsnpr_players,https://web.archive.org/web/20080410091522id_/http://www.bsnpr.com:80/jugadores/jugador.asp?id=320&e=,2026-09-08T14:29:17Z
320,2005,"Brujos, Guayama",31,113,wayback_bsnpr_players,https://web.archive.org/web/20080410091522id_/http://www.bsnpr.com:80/jugadores/jugador.asp?id=320&e=,2026-09-08T14:29:17Z
320,2006,"Leones, Ponce",18,22,wayback_bsnpr_players,https://web.archive.org/web/20080410091522id_/http://www.bsnpr.com:80/jugadores/jugador.asp?id=320&e=,2026-09-08T14:29:17Z
320,2007,"Grises, Humacao",23,9,wayback_bsnpr_players,https://web.archive.org/web/20080410091522id_/http://www.bsnpr.com:80/jugadores/jugador.asp?id=320&e=,2026-09-08T14:29:17Z
325,1987,"Gallitos, Isabela",6,15,wayback_bsnpr_players,https://web.archive.org/web/20070828225337id_/http://www.bsnpr.com:80/jugadores/jugador.asp?id=325&e=,2026-09-08T14:29:19Z
325,1988,"Criollos, Caguas",3,0,wayback_bsnpr_players,https://web.archive.org/web/20070828225337id_/http://www.bsnpr.com:80/jugadores/jugador.asp?id=325&e=,2026-09-08T14:29:19Z
326,1972,"Cardenales, Rio Piedras",26,238,wayback_bsnpr_players,https://web.archive.org/web/20070828225221id_/http://www.bsnpr.com:80/jugadores/jugador.asp?id=326&e=,2026-09-08T14:29:21Z
326,1973,"Cardenales, Rio Piedras",32,505,wayback_bsnpr_players,https://web.archive.org/web/20070828225221id_/http://www.bsnpr.com:80/jugadores/jugador.asp?id=326&e=,2026-09-08T14:29:21Z
326,1974,"Cardenales, Rio Piedras",30,462,wayback_bsnpr_players,https://web.archive.org/web/20070828225221id_/http://www.bsnpr.com:80/jugadores/jugador.asp?id=326&e=,2026-09-08T14:29:21Z
326,1975,"Cardenales, Rio Piedras",31,269,wayback_bsnpr_players,https://web.archive.org/web/20070828225221id_/http://www.bsnpr.com:80/jugadores/jugador.asp?id=326&e=,2026-09-08T14:29:21Z
326,1978,"Gallitos, Isabela",31,200,wayback_bsnpr_players,https://web.archive.org/web/20070828225221id_/http://www.bsnpr.com:80/jugadores/jugador.asp?id=326&e=,2026-09-08T14:29:21Z
331,1976,"Leones, Ponce",4,4,wayback_bsnpr_players,https://web.archive.org/web/20070828230722id_/http://www.bsnpr.com:80/jugadores/jugador.asp?id=331&e=,2026-09-08T14:29:26Z
331,1977,"Atleticos, San German",9,16,wayback_bsnpr_players,https://web.archive.org/web/20070828230722id_/http://www.bsnpr.com:80/jugadores/jugador.asp?id=331&e=,2026-09-08T14:29:26Z
331,1977,"Polluelos, Aibonito",3,4,wayback_bsnpr_players,https://web.archive.org/web/20070828230722id_/http://www.bsnpr.com:80/jugadores/jugador.asp?id=331&e=,2026-09-08T14:29:26Z
334,1970,"Leones, Ponce",22,250,wayback_bsnpr_players,https://web.archive.org/web/20171029065957id_/http://www.bsnpr.com/jugadores/jugador.asp?id=334,2026-09-08T14:29:27Z
334,1971,"Leones, Ponce",16,244,wayback_bsnpr_players,https://web.archive.org/web/20171029065957id_/http://www.bsnpr.com/jugadores/jugador.asp?id=334,2026-09-08T14:29:27Z
334,1972,"Leones, Ponce",24,273,wayback_bsnpr_players,https://web.archive.org/web/20171029065957id_/http://www.bsnpr.com/jugadores/jugador.asp?id=334,2026-09-08T14:29:27Z
334,1973,"Santos, San Juan",32,376,wayback_bsnpr_players,https://web.archive.org/web/20171029065957id_/http://www.bsnpr.com/jugadores/jugador.asp?id=334,2026-09-08T14:29:27Z
334,1974,"Santos, San Juan",31,494,wayback_bsnpr_players,https://web.archive.org/web/20171029065957id_/http://www.bsnpr.com/jugadores/jugador.asp?id=334,2026-09-08T14:29:27Z
334,1975,"Santos, San Juan",26,342,wayback_bsnpr_players,https://web.archive.org/web/20171029065957id_/http://www.bsnpr.com/jugadores/jugador.asp?id=334,2026-09-08T14:29:27Z
334,1976,"Santos, San Juan",31,429,wayback_bsnpr_players,https://web.archive.org/web/20171029065957id_/http://www.bsnpr.com/jugadores/jugador.asp?id=334,2026-09-08T14:29:27Z
334,1977,"Indios, Canovanas",31,583,wayback_bsnpr_players,https://web.archive.org/web/20171029065957id_/http://www.bsnpr.com/jugadores/jugador.asp?id=334,2026-09-08T14:29:27Z
334,1978,"Indios, Canovanas",28,578,wayback_bsnpr_players,https://web.archive.org/web/20171029065957id_/http://www.bsnpr.com/jugadores/jugador.asp?id=334,2026-09-08T14:29:27Z
334,1979,"Indios, Canovanas",30,550,wayback_bsnpr_players,https://web.archive.org/web/20171029065957id_/http://www.bsnpr.com/jugadores/jugador.asp?id=334,2026-09-08T14:29:27Z
334,1980,"Indios, Canovanas",28,347,wayback_bsnpr_players,https://web.archive.org/web/20171029065957id_/http://www.bsnpr.com/jugadores/jugador.asp?id=334,2026-09-08T14:29:27Z
334,1981,"Indios, Canovanas",32,509,wayback_bsnpr_players,https://web.archive.org/web/20171029065957id_/http://www.bsnpr.com/jugadores/jugador.asp?id=334,2026-09-08T14:29:27Z
334,1982,"Indios, Canovanas",33,574,wayback_bsnpr_players,https://web.archive.org/web/20171029065957id_/http://www.bsnpr.com/jugadores/jugador.asp?id=334,2026-09-08T14:29:27Z
334,1983,"Indios, Canovanas",33,406,wayback_bsnpr_players,https://web.archive.org/web/20171029065957id_/http://www.bsnpr.com/jugadores/jugador.asp?id=334,2026-09-08T14:29:27Z
334,1984,"Indios, Canovanas",25,312,wayback_bsnpr_players,https://web.archive.org/web/20171029065957id_/http://www.bsnpr.com/jugadores/jugador.asp?id=334,2026-09-08T14:29:27Z
335,1991,"Criollos, Caguas",6,8,wayback_bsnpr_players,https://web.archive.org/web/20091209055642id_/http://www.bsnpr.com:80/jugadores/jugador.asp?id=335&e=,2026-09-08T14:29:29Z
335,1992,"Criollos, Caguas",30,166,wayback_bsnpr_players,https://web.archive.org/web/20091209055642id_/http://www.bsnpr.com:80/jugadores/jugador.asp?id=335&e=,2026-09-08T14:29:29Z
335,1994,"Criollos, Caguas",28,193,wayback_bsnpr_players,https://web.archive.org/web/20091209055642id_/http://www.bsnpr.com:80/jugadores/jugador.asp?id=335&e=,2026-09-08T14:29:29Z
335,1995,"Criollos, Caguas",11,69,wayback_bsnpr_players,https://web.archive.org/web/20091209055642id_/http://www.bsnpr.com:80/jugadores/jugador.asp?id=335&e=,2026-09-08T14:29:29Z
335,1996,"Polluelos, Aibonito",34,263,wayback_bsnpr_players,https://web.archive.org/web/20091209055642id_/http://www.bsnpr.com:80/jugadores/jugador.asp?id=335&e=,2026-09-08T14:29:29Z
335,1997,"Polluelos, Aibonito",31,324,wayback_bsnpr_players,https://web.archive.org/web/20091209055642id_/http://www.bsnpr.com:80/jugadores/jugador.asp?id=335&e=,2026-09-08T14:29:29Z
335,1998,"Polluelos, Aibonito",28,455,wayback_bsnpr_players,https://web.archive.org/web/20091209055642id_/http://www.bsnpr.com:80/jugadores/jugador.asp?id=335&e=,2026-09-08T14:29:29Z
335,1999,"Polluelos, Aibonito",29,636,wayback_bsnpr_players,https://web.archive.org/web/20091209055642id_/http://www.bsnpr.com:80/jugadores/jugador.asp?id=335&e=,2026-09-08T14:29:29Z
335,2000,"Leones, Ponce",28,301,wayback_bsnpr_players,https://web.archive.org/web/20091209055642id_/http://www.bsnpr.com:80/jugadores/jugador.asp?id=335&e=,2026-09-08T14:29:29Z
335,2001,"Maratonistas, Coamo",14,222,wayback_bsnpr_players,https://web.archive.org/web/20091209055642id_/http://www.bsnpr.com:80/jugadores/jugador.asp?id=335&e=,2026-09-08T14:29:29Z
335,2001,"Vaqueros, Bayamon",12,133,wayback_bsnpr_players,https://web.archive.org/web/20091209055642id_/http://www.bsnpr.com:80/jugadores/jugador.asp?id=335&e=,2026-09-08T14:29:29Z
335,2002,"Vaqueros, Bayamon",28,190,wayback_bsnpr_players,https://web.archive.org/web/20091209055642id_/http://www.bsnpr.com:80/jugadores/jugador.asp?id=335&e=,2026-09-08T14:29:29Z
335,2003,"Vaqueros, Bayamon",24,381,wayback_bsnpr_players,https://web.archive.org/web/20091209055642id_/http://www.bsnpr.com:80/jugadores/jugador.asp?id=335&e=,2026-09-08T14:29:29Z
335,2004,"Atleticos, San German",20,168,wayback_bsnpr_players,https://web.archive.org/web/20091209055642id_/http://www.bsnpr.com:80/jugadores/jugador.asp?id=335&e=,2026-09-08T14:29:29Z
335,2005,"Brujos, Guayama",32,223,wayback_bsnpr_players,https://web.archive.org/web/20091209055642id_/http://www.bsnpr.com:80/jugadores/jugador.asp?id=335&e=,2026-09-08T14:29:29Z
335,2006,"Grises, Humacao",25,232,wayback_bsnpr_players,https://web.archive.org/web/20091209055642id_/http://www.bsnpr.com:80/jugadores/jugador.asp?id=335&e=,2026-09-08T14:29:29Z
335,2007,"Capitanes, Arecibo",7,65,wayback_bsnpr_players,https://web.archive.org/web/20091209055642id_/http://www.bsnpr.com:80/jugadores/jugador.asp?id=335&e=,2026-09-08T14:29:29Z
335,2007,"Grises, Humacao",20,114,wayback_bsnpr_players,https://web.archive.org/web/20091209055642id_/http://www.bsnpr.com:80/jugadores/jugador.asp?id=335&e=,2026-09-08T14:29:29Z
335,2008,"Brujos, Guayama",10,111,wayback_bsnpr_players,https://web.archive.org/web/20091209055642id_/http://www.bsnpr.com:80/jugadores/jugador.asp?id=335&e=,2026-09-08T14:29:29Z
335,2008,"Capitanes, Arecibo",14,58,wayback_bsnpr_players,https://web.archive.org/web/20091209055642id_/http://www.bsnpr.com:80/jugadores/jugador.asp?id=335&e=,2026-09-08T14:29:29Z
335,2009,"Criollos, Caguas",9,45,wayback_bsnpr_players,https://web.archive.org/web/20091209055642id_/http://www.bsnpr.com:80/jugadores/jugador.asp?id=335&e=,2026-09-08T14:29:29Z
336,1991,"Leones, Ponce",4,4,wayback_bsnpr_players,https://web.archive.org/web/20070829035136id_/http://www.bsnpr.com:80/jugadores/jugador.asp?id=336&e=,2026-09-08T14:29:31Z
336,1992,"Leones, Ponce",12,39,wayback_bsnpr_players,https://web.archive.org/web/20070829035136id_/http://www.bsnpr.com:80/jugadores/jugador.asp?id=336&e=,2026-09-08T14:29:31Z
336,1993,"Leones, Ponce",34,193,wayback_bsnpr_players,https://web.archive.org/web/20070829035136id_/http://www.bsnpr.com:80/jugadores/jugador.asp?id=336&e=,2026-09-08T14:29:31Z
336,1994,"Leones, Ponce",27,121,wayback_bsnpr_players,https://web.archive.org/web/20070829035136id_/http://www.bsnpr.com:80/jugadores/jugador.asp?id=336&e=,2026-09-08T14:29:31Z
336,1995,"Leones, Ponce",32,269,wayback_bsnpr_players,https://web.archive.org/web/20070829035136id_/http://www.bsnpr.com:80/jugadores/jugador.asp?id=336&e=,2026-09-08T14:29:31Z
336,1996,"Leones, Ponce",28,223,wayback_bsnpr_players,https://web.archive.org/web/20070829035136id_/http://www.bsnpr.com:80/jugadores/jugador.asp?id=336&e=,2026-09-08T14:29:31Z
336,1997,"Leones, Ponce",23,140,wayback_bsnpr_players,https://web.archive.org/web/20070829035136id_/http://www.bsnpr.com:80/jugadores/jugador.asp?id=336&e=,2026-09-08T14:29:31Z
336,1999,"Leones, Ponce",2,3,wayback_bsnpr_players,https://web.archive.org/web/20070829035136id_/http://www.bsnpr.com:80/jugadores/jugador.asp?id=336&e=,2026-09-08T14:29:31Z
337,1978,"Leones, Ponce",10,18,wayback_bsnpr_players,https://web.archive.org/web/20070829035213id_/http://www.bsnpr.com:80/jugadores/jugador.asp?id=337&e=,2026-09-08T14:29:33Z
338,1999,"Atleticos, San German",3,10,wayback_bsnpr_players,https://web.archive.org/web/20171030093822id_/http://www.bsnpr.com/jugadores/jugador.asp?id=338,2026-09-08T14:29:35Z
338,2000,"Atleticos, San German",8,11,wayback_bsnpr_players,https://web.archive.org/web/20171030093822id_/http://www.bsnpr.com/jugadores/jugador.asp?id=338,2026-09-08T14:29:35Z
338,2007,"Atleticos, San German",25,304,wayback_bsnpr_players,https://web.archive.org/web/20171030093822id_/http://www.bsnpr.com/jugadores/jugador.asp?id=338,2026-09-08T14:29:35Z
338,2008,"Capitanes, Arecibo",31,255,wayback_bsnpr_players,https://web.archive.org/web/20171030093822id_/http://www.bsnpr.com/jugadores/jugador.asp?id=338,2026-09-08T14:29:35Z
338,2009,"Capitanes, Arecibo",27,203,wayback_bsnpr_players,https://web.archive.org/web/20171030093822id_/http://www.bsnpr.com/jugadores/jugador.asp?id=338,2026-09-08T14:29:35Z
338,2010,"Leones, Ponce",14,90,wayback_bsnpr_players,https://web.archive.org/web/20171030093822id_/http://www.bsnpr.com/jugadores/jugador.asp?id=338,2026-09-08T14:29:35Z
338,2011,"Indios, Mayaguez",29,400,wayback_bsnpr_players,https://web.archive.org/web/20171030093822id_/http://www.bsnpr.com/jugadores/jugador.asp?id=338,2026-09-08T14:29:35Z
338,2012,"Indios, Mayaguez",29,393,wayback_bsnpr_players,https://web.archive.org/web/20171030093822id_/http://www.bsnpr.com/jugadores/jugador.asp?id=338,2026-09-08T14:29:35Z
338,2013,"Leones, Ponce",34,379,wayback_bsnpr_players,https://web.archive.org/web/20171030093822id_/http://www.bsnpr.com/jugadores/jugador.asp?id=338,2026-09-08T14:29:35Z
338,2014,"Leones, Ponce",29,309,wayback_bsnpr_players,https://web.archive.org/web/20171030093822id_/http://www.bsnpr.com/jugadores/jugador.asp?id=338,2026-09-08T14:29:35Z
338,2015,"Leones, Ponce",40,471,wayback_bsnpr_players,https://web.archive.org/web/20171030093822id_/http://www.bsnpr.com/jugadores/jugador.asp?id=338,2026-09-08T14:29:35Z
338,2016,"Leones, Ponce",23,227,wayback_bsnpr_players,https://web.archive.org/web/20171030093822id_/http://www.bsnpr.com/jugadores/jugador.asp?id=338,2026-09-08T14:29:35Z
338,2017,"Leones, Ponce",4,22,wayback_bsnpr_players,https://web.archive.org/web/20171030093822id_/http://www.bsnpr.com/jugadores/jugador.asp?id=338,2026-09-08T14:29:35Z
349,2005,"Gallitos, Isabela",32,236,wayback_bsnpr_players,https://web.archive.org/web/20140122200649id_/http://www.bsnpr.com:80/jugadores/jugador.asp?id=349&e=,2026-09-08T14:29:36Z
349,2006,"Mets, Guaynabo",26,472,wayback_bsnpr_players,https://web.archive.org/web/20140122200649id_/http://www.bsnpr.com:80/jugadores/jugador.asp?id=349&e=,2026-09-08T14:29:36Z
349,2007,"Mets, Guaynabo",29,526,wayback_bsnpr_players,https://web.archive.org/web/20140122200649id_/http://www.bsnpr.com:80/jugadores/jugador.asp?id=349&e=,2026-09-08T14:29:36Z
349,2008,"Mets, Guaynabo",21,369,wayback_bsnpr_players,https://web.archive.org/web/20140122200649id_/http://www.bsnpr.com:80/jugadores/jugador.asp?id=349&e=,2026-09-08T14:29:36Z
349,2009,"Vaqueros, Bayamon",12,128,wayback_bsnpr_players,https://web.archive.org/web/20140122200649id_/http://www.bsnpr.com:80/jugadores/jugador.asp?id=349&e=,2026-09-08T14:29:36Z
349,2010,"Vaqueros, Bayamon",26,301,wayback_bsnpr_players,https://web.archive.org/web/20140122200649id_/http://www.bsnpr.com:80/jugadores/jugador.asp?id=349&e=,2026-09-08T14:29:36Z
349,2011,"Vaqueros, Bayamon",30,314,wayback_bsnpr_players,https://web.archive.org/web/20140122200649id_/http://www.bsnpr.com:80/jugadores/jugador.asp?id=349&e=,2026-09-08T14:29:36Z
349,2012,"Vaqueros, Bayamon",12,73,wayback_bsnpr_players,https://web.archive.org/web/20140122200649id_/http://www.bsnpr.com:80/jugadores/jugador.asp?id=349&e=,2026-09-08T14:29:36Z
349,2013,"Piratas, Quebradillas",36,329,wayback_bsnpr_players,https://web.archive.org/web/20140122200649id_/http://www.bsnpr.com:80/jugadores/jugador.asp?id=349&e=,2026-09-08T14:29:36Z
354,1974,"Atleticos, San German",7,61,wayback_bsnpr_players,https://web.archive.org/web/20171030093600id_/http://www.bsnpr.com/jugadores/jugador.asp?id=354,2026-09-08T14:29:38Z
354,1975,"Atleticos, San German",31,496,wayback_bsnpr_players,https://web.archive.org/web/20171030093600id_/http://www.bsnpr.com/jugadores/jugador.asp?id=354,2026-09-08T14:29:38Z
354,1976,"Indios, Mayaguez",29,495,wayback_bsnpr_players,https://web.archive.org/web/20171030093600id_/http://www.bsnpr.com/jugadores/jugador.asp?id=354,2026-09-08T14:29:38Z
354,1977,"Indios, Mayaguez",2,56,wayback_bsnpr_players,https://web.archive.org/web/20171030093600id_/http://www.bsnpr.com/jugadores/jugador.asp?id=354,2026-09-08T14:29:38Z
354,1977,"Piratas, Quebradillas",32,446,wayback_bsnpr_players,https://web.archive.org/web/20171030093600id_/http://www.bsnpr.com/jugadores/jugador.asp?id=354,2026-09-08T14:29:38Z
354,1978,"Piratas, Quebradillas",31,498,wayback_bsnpr_players,https://web.archive.org/web/20171030093600id_/http://www.bsnpr.com/jugadores/jugador.asp?id=354,2026-09-08T14:29:38Z
354,1979,"Piratas, Quebradillas",29,508,wayback_bsnpr_players,https://web.archive.org/web/20171030093600id_/http://www.bsnpr.com/jugadores/jugador.asp?id=354,2026-09-08T14:29:38Z
354,1980,"Piratas, Quebradillas",19,289,wayback_bsnpr_players,https://web.archive.org/web/20171030093600id_/http://www.bsnpr.com/jugadores/jugador.asp?id=354,2026-09-08T14:29:38Z
354,1981,"Piratas, Quebradillas",25,404,wayback_bsnpr_players,https://web.archive.org/web/20171030093600id_/http://www.bsnpr.com/jugadores/jugador.asp?id=354,2026-09-08T14:29:38Z
354,1982,"Piratas, Quebradillas",28,376,wayback_bsnpr_players,https://web.archive.org/web/20171030093600id_/http://www.bsnpr.com/jugadores/jugador.asp?id=354,2026-09-08T14:29:38Z
354,1983,"Piratas, Quebradillas",31,403,wayback_bsnpr_players,https://web.archive.org/web/20171030093600id_/http://www.bsnpr.com/jugadores/jugador.asp?id=354,2026-09-08T14:29:38Z
354,1986,"Piratas, Quebradillas",32,345,wayback_bsnpr_players,https://web.archive.org/web/20171030093600id_/http://www.bsnpr.com/jugadores/jugador.asp?id=354,2026-09-08T14:29:38Z
354,1987,"Maratonistas, Coamo",19,214,wayback_bsnpr_players,https://web.archive.org/web/20171030093600id_/http://www.bsnpr.com/jugadores/jugador.asp?id=354,2026-09-08T14:29:38Z
355,2001,"Gigantes, Carolina",7,14,wayback_bsnpr_players,https://web.archive.org/web/20070829040535id_/http://www.bsnpr.com:80/jugadores/jugador.asp?id=355&e=,2026-09-08T14:29:41Z
355,2002,"Titanes, Morovis",11,22,wayback_bsnpr_players,https://web.archive.org/web/20070829040535id_/http://www.bsnpr.com:80/jugadores/jugador.asp?id=355&e=,2026-09-08T14:29:41Z
357,1991,"Conquistadores, Guaynabo",7,16,wayback_bsnpr_players,https://web.archive.org/web/20080229015214id_/http://www.bsnpr.com:80/jugadores/jugador.asp?id=357&e=5,2026-09-08T14:29:43Z
357,1992,"Conquistadores, Guaynabo",19,30,wayback_bsnpr_players,https://web.archive.org/web/20080229015214id_/http://www.bsnpr.com:80/jugadores/jugador.asp?id=357&e=5,2026-09-08T14:29:43Z
357,1993,"Tainos, Cabo Rojo",32,170,wayback_bsnpr_players,https://web.archive.org/web/20080229015214id_/http://www.bsnpr.com:80/jugadores/jugador.asp?id=357&e=5,2026-09-08T14:29:43Z
357,1994,"Indios, Mayaguez",27,185,wayback_bsnpr_players,https://web.archive.org/web/20080229015214id_/http://www.bsnpr.com:80/jugadores/jugador.asp?id=357&e=5,2026-09-08T14:29:43Z
357,1995,"Atleticos, San German",27,193,wayback_bsnpr_players,https://web.archive.org/web/20080229015214id_/http://www.bsnpr.com:80/jugadores/jugador.asp?id=357&e=5,2026-09-08T14:29:43Z
357,1996,"Atleticos, San German",26,108,wayback_bsnpr_players,https://web.archive.org/web/20080229015214id_/http://www.bsnpr.com:80/jugadores/jugador.asp?id=357&e=5,2026-09-08T14:29:43Z
357,1997,"Titanes, Morovis",31,221,wayback_bsnpr_players,https://web.archive.org/web/20080229015214id_/http://www.bsnpr.com:80/jugadores/jugador.asp?id=357&e=5,2026-09-08T14:29:43Z
357,1998,"Titanes, Morovis",30,240,wayback_bsnpr_players,https://web.archive.org/web/20080229015214id_/http://www.bsnpr.com:80/jugadores/jugador.asp?id=357&e=5,2026-09-08T14:29:43Z
357,1999,"Titanes, Morovis",29,137,wayback_bsnpr_players,https://web.archive.org/web/20080229015214id_/http://www.bsnpr.com:80/jugadores/jugador.asp?id=357&e=5,2026-09-08T14:29:43Z
357,2000,"Cangrejeros, Santurce",27,64,wayback_bsnpr_players,https://web.archive.org/web/20080229015214id_/http://www.bsnpr.com:80/jugadores/jugador.asp?id=357&e=5,2026-09-08T14:29:43Z
357,2001,"Cangrejeros, Santurce",24,88,wayback_bsnpr_players,https://web.archive.org/web/20080229015214id_/http://www.bsnpr.com:80/jugadores/jugador.asp?id=357&e=5,2026-09-08T14:29:43Z
357,2002,"Toritos, Cayey",23,196,wayback_bsnpr_players,https://web.archive.org/web/20080229015214id_/http://www.bsnpr.com:80/jugadores/jugador.asp?id=357&e=5,2026-09-08T14:29:43Z
357,2003,"Atleticos, San German",30,233,wayback_bsnpr_players,https://web.archive.org/web/20080229015214id_/http://www.bsnpr.com:80/jugadores/jugador.asp?id=357&e=5,2026-09-08T14:29:43Z
357,2004,"Atleticos, San German",27,193,wayback_bsnpr_players,https://web.archive.org/web/20080229015214id_/http://www.bsnpr.com:80/jugadores/jugador.asp?id=357&e=5,2026-09-08T14:29:43Z
357,2005,"Brujos, Guayama",30,59,wayback_bsnpr_players,https://web.archive.org/web/20080229015214id_/http://www.bsnpr.com:80/jugadores/jugador.asp?id=357&e=5,2026-09-08T14:29:43Z
357,2006,"Leones, Ponce",23,79,wayback_bsnpr_players,https://web.archive.org/web/20080229015214id_/http://www.bsnpr.com:80/jugadores/jugador.asp?id=357&e=5,2026-09-08T14:29:43Z
357,2007,"Leones, Ponce",21,32,wayback_bsnpr_players,https://web.archive.org/web/20080229015214id_/http://www.bsnpr.com:80/jugadores/jugador.asp?id=357&e=5,2026-09-08T14:29:43Z
359,1998,"Indios, Mayaguez",21,170,wayback_bsnpr_players,https://web.archive.org/web/20080411054336id_/http://www.bsnpr.com:80/jugadores/jugador.asp?id=359&e=,2026-09-08T14:29:45Z
359,1999,"Polluelos, Aibonito",18,89,wayback_bsnpr_players,https://web.archive.org/web/20080411054336id_/http://www.bsnpr.com:80/jugadores/jugador.asp?id=359&e=,2026-09-08T14:29:45Z
359,2000,"Leones, Ponce",7,16,wayback_bsnpr_players,https://web.archive.org/web/20080411054336id_/http://www.bsnpr.com:80/jugadores/jugador.asp?id=359&e=,2026-09-08T14:29:45Z
359,2001,"Brujos, Guayama",7,8,wayback_bsnpr_players,https://web.archive.org/web/20080411054336id_/http://www.bsnpr.com:80/jugadores/jugador.asp?id=359&e=,2026-09-08T14:29:45Z
359,2003,"Maratonistas, Coamo",3,9,wayback_bsnpr_players,https://web.archive.org/web/20080411054336id_/http://www.bsnpr.com:80/jugadores/jugador.asp?id=359&e=,2026-09-08T14:29:45Z
359,2007,"Atleticos, San German",17,24,wayback_bsnpr_players,https://web.archive.org/web/20080411054336id_/http://www.bsnpr.com:80/jugadores/jugador.asp?id=359&e=,2026-09-08T14:29:45Z
360,1996,"Criollos, Caguas",2,17,wayback_bsnpr_players,https://web.archive.org/web/20180325112624id_/http://www.bsnpr.com:80/jugadores/jugador.asp?id=360,2026-09-08T14:29:47Z
362,2002,"Vaqueros, Bayamon",0,0,wayback_bsnpr_players,https://web.archive.org/web/20080411054342id_/http://www.bsnpr.com:80/jugadores/jugador.asp?id=362&e=1,2026-09-08T14:29:54Z
362,2005,"Grises, Humacao",10,62,wayback_bsnpr_players,https://web.archive.org/web/20080411054342id_/http://www.bsnpr.com:80/jugadores/jugador.asp?id=362&e=1,2026-09-08T14:29:54Z
362,2006,"Cangrejeros, Santurce",11,4,wayback_bsnpr_players,https://web.archive.org/web/20080411054342id_/http://www.bsnpr.com:80/jugadores/jugador.asp?id=362&e=1,2026-09-08T14:29:54Z
362,2007,"Cangrejeros, Santurce",15,38,wayback_bsnpr_players,https://web.archive.org/web/20080411054342id_/http://www.bsnpr.com:80/jugadores/jugador.asp?id=362&e=1,2026-09-08T14:29:54Z
365,1998,"Vaqueros, Bayamon",5,38,wayback_bsnpr_players,https://web.archive.org/web/20070828230748id_/http://www.bsnpr.com:80/jugadores/jugador.asp?id=365&e=,2026-09-08T14:29:56Z
372,1956,"Santos, San Juan",5,8,wayback_bsnpr_players,https://web.archive.org/web/20070828224736id_/http://www.bsnpr.com:80/jugadores/jugador.asp?id=372&e=,2026-09-08T14:29:57Z
373,2006,"Conquistadores, Guaynabo",12,96,wayback_bsnpr_players,https://web.archive.org/web/20070828231453id_/http://www.bsnpr.com:80/jugadores/jugador.asp?id=373&e=,2026-09-08T14:29:59Z
374,2006,"Criollos, Caguas",25,445,wayback_bsnpr_players,https://web.archive.org/web/20080529135233id_/http://www.bsnpr.com:80/jugadores/jugador.asp?id=374&e=10,2026-09-08T14:30:05Z
374,2008,"Gigantes, Carolina",2,27,wayback_bsnpr_players,https://web.archive.org/web/20080529135233id_/http://www.bsnpr.com:80/jugadores/jugador.asp?id=374&e=10,2026-09-08T14:30:05Z
375,2002,"Toritos, Cayey",7,156,wayback_bsnpr_players,https://web.archive.org/web/20070828230835id_/http://www.bsnpr.com:80/jugadores/jugador.asp?id=375&e=,2026-09-08T14:30:08Z
376,1993,"Santeros, Aguada",26,640,wayback_bsnpr_players,https://web.archive.org/web/20070828223617id_/http://www.bsnpr.com:80/jugadores/jugador.asp?id=376&e=,2026-09-08T14:30:10Z
376,1995,"Gigantes, Carolina",2,18,wayback_bsnpr_players,https://web.archive.org/web/20070828223617id_/http://www.bsnpr.com:80/jugadores/jugador.asp?id=376&e=,2026-09-08T14:30:10Z
382,1992,"Piratas, Quebradillas",12,41,wayback_bsnpr_players,https://web.archive.org/web/20170715121156id_/http://www.bsnpr.com:80/jugadores/jugador.asp?id=382&e=,2026-09-08T14:30:12Z
382,1993,"Piratas, Quebradillas",34,339,wayback_bsnpr_players,https://web.archive.org/web/20170715121156id_/http://www.bsnpr.com:80/jugadores/jugador.asp?id=382&e=,2026-09-08T14:30:12Z
382,1994,"Piratas, Quebradillas",30,235,wayback_bsnpr_players,https://web.archive.org/web/20170715121156id_/http://www.bsnpr.com:80/jugadores/jugador.asp?id=382&e=,2026-09-08T14:30:12Z
382,1995,"Maratonistas, Coamo",31,451,wayback_bsnpr_players,https://web.archive.org/web/20170715121156id_/http://www.bsnpr.com:80/jugadores/jugador.asp?id=382&e=,2026-09-08T14:30:12Z
382,1996,"Avancinos, Villalba",29,381,wayback_bsnpr_players,https://web.archive.org/web/20170715121156id_/http://www.bsnpr.com:80/jugadores/jugador.asp?id=382&e=,2026-09-08T14:30:12Z
382,1997,"Avancinos, Villalba",32,609,wayback_bsnpr_players,https://web.archive.org/web/20170715121156id_/http://www.bsnpr.com:80/jugadores/jugador.asp?id=382&e=,2026-09-08T14:30:12Z
382,1998,"Avancinos, Villalba",29,601,wayback_bsnpr_players,https://web.archive.org/web/20170715121156id_/http://www.bsnpr.com:80/jugadores/jugador.asp?id=382&e=,2026-09-08T14:30:12Z
382,1999,"Maratonistas, Coamo",29,444,wayback_bsnpr_players,https://web.archive.org/web/20170715121156id_/http://www.bsnpr.com:80/jugadores/jugador.asp?id=382&e=,2026-09-08T14:30:12Z
382,2000,"Maratonistas, Coamo",27,512,wayback_bsnpr_players,https://web.archive.org/web/20170715121156id_/http://www.bsnpr.com:80/jugadores/jugador.asp?id=382&e=,2026-09-08T14:30:12Z
382,2001,"Atleticos, San German",25,508,wayback_bsnpr_players,https://web.archive.org/web/20170715121156id_/http://www.bsnpr.com:80/jugadores/jugador.asp?id=382&e=,2026-09-08T14:30:12Z
382,2002,"Atleticos, San German",28,638,wayback_bsnpr_players,https://web.archive.org/web/20170715121156id_/http://www.bsnpr.com:80/jugadores/jugador.asp?id=382&e=,2026-09-08T14:30:12Z
382,2003,"Atleticos, San German",19,430,wayback_bsnpr_players,https://web.archive.org/web/20170715121156id_/http://www.bsnpr.com:80/jugadores/jugador.asp?id=382&e=,2026-09-08T14:30:12Z
382,2004,"Atleticos, San German",29,697,wayback_bsnpr_players,https://web.archive.org/web/20170715121156id_/http://www.bsnpr.com:80/jugadores/jugador.asp?id=382&e=,2026-09-08T14:30:12Z
382,2005,"Atleticos, San German",28,752,wayback_bsnpr_players,https://web.archive.org/web/20170715121156id_/http://www.bsnpr.com:80/jugadores/jugador.asp?id=382&e=,2026-09-08T14:30:12Z
382,2007,"Atleticos, San German",8,113,wayback_bsnpr_players,https://web.archive.org/web/20170715121156id_/http://www.bsnpr.com:80/jugadores/jugador.asp?id=382&e=,2026-09-08T14:30:12Z
382,2009,"Vaqueros, Bayamon",30,559,wayback_bsnpr_players,https://web.archive.org/web/20170715121156id_/http://www.bsnpr.com:80/jugadores/jugador.asp?id=382&e=,2026-09-08T14:30:12Z
382,2010,"Vaqueros, Bayamon",28,604,wayback_bsnpr_players,https://web.archive.org/web/20170715121156id_/http://www.bsnpr.com:80/jugadores/jugador.asp?id=382&e=,2026-09-08T14:30:12Z
382,2011,"Vaqueros, Bayamon",29,618,wayback_bsnpr_players,https://web.archive.org/web/20170715121156id_/http://www.bsnpr.com:80/jugadores/jugador.asp?id=382&e=,2026-09-08T14:30:12Z
382,2012,"Vaqueros, Bayamon",26,495,wayback_bsnpr_players,https://web.archive.org/web/20170715121156id_/http://www.bsnpr.com:80/jugadores/jugador.asp?id=382&e=,2026-09-08T14:30:12Z
382,2013,"Mets, Guaynabo",24,305,wayback_bsnpr_players,https://web.archive.org/web/20170715121156id_/http://www.bsnpr.com:80/jugadores/jugador.asp?id=382&e=,2026-09-08T14:30:12Z
382,2014,"Cangrejeros, Santurce",30,413,wayback_bsnpr_players,https://web.archive.org/web/20170715121156id_/http://www.bsnpr.com:80/jugadores/jugador.asp?id=382&e=,2026-09-08T14:30:12Z
382,2015,"Mets, Guaynabo",20,411,wayback_bsnpr_players,https://web.archive.org/web/20170715121156id_/http://www.bsnpr.com:80/jugadores/jugador.asp?id=382&e=,2026-09-08T14:30:12Z
382,2016,"Piratas, Quebradillas",28,207,wayback_bsnpr_players,https://web.archive.org/web/20170715121156id_/http://www.bsnpr.com:80/jugadores/jugador.asp?id=382&e=,2026-09-08T14:30:12Z
382,2017,"Vaqueros, Bayamon",34,207,wayback_bsnpr_players,https://web.archive.org/web/20170715121156id_/http://www.bsnpr.com:80/jugadores/jugador.asp?id=382&e=,2026-09-08T14:30:12Z
385,2003,"Gigantes, Carolina",18,31,wayback_bsnpr_players,https://web.archive.org/web/20090829072403id_/http://bsnpr.com:80/jugadores/jugador.asp?id=385&e=,2026-09-08T14:30:14Z
385,2004,"Gallitos, Isabela",4,10,wayback_bsnpr_players,https://web.archive.org/web/20090829072403id_/http://bsnpr.com:80/jugadores/jugador.asp?id=385&e=,2026-09-08T14:30:14Z
385,2004,"Vaqueros, Bayamon",5,2,wayback_bsnpr_players,https://web.archive.org/web/20090829072403id_/http://bsnpr.com:80/jugadores/jugador.asp?id=385&e=,2026-09-08T14:30:14Z
385,2005,"Maratonistas, Coamo",19,21,wayback_bsnpr_players,https://web.archive.org/web/20090829072403id_/http://bsnpr.com:80/jugadores/jugador.asp?id=385&e=,2026-09-08T14:30:14Z
385,2006,"Grises, Humacao",23,44,wayback_bsnpr_players,https://web.archive.org/web/20090829072403id_/http://bsnpr.com:80/jugadores/jugador.asp?id=385&e=,2026-09-08T14:30:14Z
385,2007,"Cariduros, Fajardo",30,75,wayback_bsnpr_players,https://web.archive.org/web/20090829072403id_/http://bsnpr.com:80/jugadores/jugador.asp?id=385&e=,2026-09-08T14:30:14Z
385,2008,"Cariduros, Fajardo",18,27,wayback_bsnpr_players,https://web.archive.org/web/20090829072403id_/http://bsnpr.com:80/jugadores/jugador.asp?id=385&e=,2026-09-08T14:30:14Z
385,2009,"Criollos, Caguas",30,152,wayback_bsnpr_players,https://web.archive.org/web/20090829072403id_/http://bsnpr.com:80/jugadores/jugador.asp?id=385&e=,2026-09-08T14:30:14Z
386,2004,"Cangrejeros, Santurce",5,3,wayback_bsnpr_players,https://web.archive.org/web/20091206130013id_/http://www.bsnpr.com:80/jugadores/jugador.asp?id=386&e=,2026-09-08T14:30:15Z
386,2005,"Cangrejeros, Santurce",4,2,wayback_bsnpr_players,https://web.archive.org/web/20091206130013id_/http://www.bsnpr.com:80/jugadores/jugador.asp?id=386&e=,2026-09-08T14:30:15Z
386,2006,"Vaqueros, Bayamon",9,6,wayback_bsnpr_players,https://web.archive.org/web/20091206130013id_/http://www.bsnpr.com:80/jugadores/jugador.asp?id=386&e=,2026-09-08T14:30:15Z
386,2007,"Vaqueros, Bayamon",8,2,wayback_bsnpr_players,https://web.archive.org/web/20091206130013id_/http://www.bsnpr.com:80/jugadores/jugador.asp?id=386&e=,2026-09-08T14:30:15Z
386,2008,"Cangrejeros, Santurce",2,2,wayback_bsnpr_players,https://web.archive.org/web/20091206130013id_/http://www.bsnpr.com:80/jugadores/jugador.asp?id=386&e=,2026-09-08T14:30:15Z
386,2009,"Cangrejeros, Santurce",19,12,wayback_bsnpr_players,https://web.archive.org/web/20091206130013id_/http://www.bsnpr.com:80/jugadores/jugador.asp?id=386&e=,2026-09-08T14:30:15Z
387,2000,"Indios, Mayaguez",0,0,wayback_bsnpr_players,https://web.archive.org/web/20070829041906id_/http://www.bsnpr.com:80/jugadores/jugador.asp?id=387&e=,2026-09-08T14:30:17Z
388,1996,"Gigantes, Carolina",14,51,wayback_bsnpr_players,https://web.archive.org/web/20090912004758id_/http://www.bsnpr.com:80/jugadores/jugador.asp?id=388&e=,2026-09-08T14:30:23Z
388,1997,"Gigantes, Carolina",7,10,wayback_bsnpr_players,https://web.archive.org/web/20090912004758id_/http://www.bsnpr.com:80/jugadores/jugador.asp?id=388&e=,2026-09-08T14:30:23Z
388,1998,"Polluelos, Aibonito",15,44,wayback_bsnpr_players,https://web.archive.org/web/20090912004758id_/http://www.bsnpr.com:80/jugadores/jugador.asp?id=388&e=,2026-09-08T14:30:23Z
388,1999,"Polluelos, Aibonito",28,183,wayback_bsnpr_players,https://web.archive.org/web/20090912004758id_/http://www.bsnpr.com:80/jugadores/jugador.asp?id=388&e=,2026-09-08T14:30:23Z
388,2000,"Polluelos, Aibonito",26,224,wayback_bsnpr_players,https://web.archive.org/web/20090912004758id_/http://www.bsnpr.com:80/jugadores/jugador.asp?id=388&e=,2026-09-08T14:30:23Z
388,2001,"Polluelos, Aibonito",26,265,wayback_bsnpr_players,https://web.archive.org/web/20090912004758id_/http://www.bsnpr.com:80/jugadores/jugador.asp?id=388&e=,2026-09-08T14:30:23Z
388,2002,"Toritos, Cayey",30,548,wayback_bsnpr_players,https://web.archive.org/web/20090912004758id_/http://www.bsnpr.com:80/jugadores/jugador.asp?id=388&e=,2026-09-08T14:30:23Z
388,2003,"Vaqueros, Bayamon",30,284,wayback_bsnpr_players,https://web.archive.org/web/20090912004758id_/http://www.bsnpr.com:80/jugadores/jugador.asp?id=388&e=,2026-09-08T14:30:23Z
388,2004,"Vaqueros, Bayamon",27,142,wayback_bsnpr_players,https://web.archive.org/web/20090912004758id_/http://www.bsnpr.com:80/jugadores/jugador.asp?id=388&e=,2026-09-08T14:30:23Z
388,2006,"Grises, Humacao",26,387,wayback_bsnpr_players,https://web.archive.org/web/20090912004758id_/http://www.bsnpr.com:80/jugadores/jugador.asp?id=388&e=,2026-09-08T14:30:23Z
388,2007,"Grises, Humacao",24,365,wayback_bsnpr_players,https://web.archive.org/web/20090912004758id_/http://www.bsnpr.com:80/jugadores/jugador.asp?id=388&e=,2026-09-08T14:30:23Z
388,2007,"Maratonistas, Coamo",6,109,wayback_bsnpr_players,https://web.archive.org/web/20090912004758id_/http://www.bsnpr.com:80/jugadores/jugador.asp?id=388&e=,2026-09-08T14:30:23Z
388,2008,"Gigantes, Carolina",29,158,wayback_bsnpr_players,https://web.archive.org/web/20090912004758id_/http://www.bsnpr.com:80/jugadores/jugador.asp?id=388&e=,2026-09-08T14:30:23Z
388,2009,"Conquistadores, Guaynabo",9,12,wayback_bsnpr_players,https://web.archive.org/web/20090912004758id_/http://www.bsnpr.com:80/jugadores/jugador.asp?id=388&e=,2026-09-08T14:30:23Z
388,2009,"Gigantes, Carolina",13,94,wayback_bsnpr_players,https://web.archive.org/web/20090912004758id_/http://www.bsnpr.com:80/jugadores/jugador.asp?id=388&e=,2026-09-08T14:30:23Z
392,2002,"Titanes, Morovis",7,17,wayback_bsnpr_players,https://web.archive.org/web/20140122200704id_/http://www.bsnpr.com:80/jugadores/jugador.asp?id=392&e=,2026-09-08T14:30:25Z
392,2003,"Titanes, Morovis",22,198,wayback_bsnpr_players,https://web.archive.org/web/20140122200704id_/http://www.bsnpr.com:80/jugadores/jugador.asp?id=392&e=,2026-09-08T14:30:25Z
392,2004,"Gigantes, Carolina",27,219,wayback_bsnpr_players,https://web.archive.org/web/20140122200704id_/http://www.bsnpr.com:80/jugadores/jugador.asp?id=392&e=,2026-09-08T14:30:25Z
392,2005,"Vaqueros, Bayamon",23,186,wayback_bsnpr_players,https://web.archive.org/web/20140122200704id_/http://www.bsnpr.com:80/jugadores/jugador.asp?id=392&e=,2026-09-08T14:30:25Z
392,2006,"Vaqueros, Bayamon",26,227,wayback_bsnpr_players,https://web.archive.org/web/20140122200704id_/http://www.bsnpr.com:80/jugadores/jugador.asp?id=392&e=,2026-09-08T14:30:25Z
392,2007,"Vaqueros, Bayamon",30,295,wayback_bsnpr_players,https://web.archive.org/web/20140122200704id_/http://www.bsnpr.com:80/jugadores/jugador.asp?id=392&e=,2026-09-08T14:30:25Z
392,2008,"Vaqueros, Bayamon",31,475,wayback_bsnpr_players,https://web.archive.org/web/20140122200704id_/http://www.bsnpr.com:80/jugadores/jugador.asp?id=392&e=,2026-09-08T14:30:25Z
392,2009,"Atleticos, San German",22,325,wayback_bsnpr_players,https://web.archive.org/web/20140122200704id_/http://www.bsnpr.com:80/jugadores/jugador.asp?id=392&e=,2026-09-08T14:30:25Z
392,2009,"Capitanes, Arecibo",8,42,wayback_bsnpr_players,https://web.archive.org/web/20140122200704id_/http://www.bsnpr.com:80/jugadores/jugador.asp?id=392&e=,2026-09-08T14:30:25Z
392,2010,"Mets, Guaynabo",28,209,wayback_bsnpr_players,https://web.archive.org/web/20140122200704id_/http://www.bsnpr.com:80/jugadores/jugador.asp?id=392&e=,2026-09-08T14:30:25Z
392,2011,"Maratonistas, Coamo",31,348,wayback_bsnpr_players,https://web.archive.org/web/20140122200704id_/http://www.bsnpr.com:80/jugadores/jugador.asp?id=392&e=,2026-09-08T14:30:25Z
392,2012,"Brujos, Guayama",29,152,wayback_bsnpr_players,https://web.archive.org/web/20140122200704id_/http://www.bsnpr.com:80/jugadores/jugador.asp?id=392&e=,2026-09-08T14:30:25Z
392,2013,"Brujos, Guayama",30,118,wayback_bsnpr_players,https://web.archive.org/web/20140122200704id_/http://www.bsnpr.com:80/jugadores/jugador.asp?id=392&e=,2026-09-08T14:30:25Z
393,1992,"Maratonistas, Coamo",27,322,wayback_bsnpr_players,https://web.archive.org/web/20070829042800id_/http://www.bsnpr.com:80/jugadores/jugador.asp?id=393&e=,2026-09-08T14:30:27Z
396,1981,"Capitanes, Arecibo",33,222,wayback_bsnpr_players,https://web.archive.org/web/20070829041042id_/http://www.bsnpr.com:80/jugadores/jugador.asp?id=396&e=,2026-09-08T14:30:29Z
399,1976,"Santos, San Juan",7,4,wayback_bsnpr_players,https://web.archive.org/web/20070828230851id_/http://www.bsnpr.com:80/jugadores/jugador.asp?id=399&e=,2026-09-08T14:30:31Z
399,1978,"Cariduros, Fajardo",33,389,wayback_bsnpr_players,https://web.archive.org/web/20070828230851id_/http://www.bsnpr.com:80/jugadores/jugador.asp?id=399&e=,2026-09-08T14:30:31Z
399,1979,"Cariduros, Fajardo",5,8,wayback_bsnpr_players,https://web.archive.org/web/20070828230851id_/http://www.bsnpr.com:80/jugadores/jugador.asp?id=399&e=,2026-09-08T14:30:31Z
399,1982,"Atleticos, San German",5,2,wayback_bsnpr_players,https://web.archive.org/web/20070828230851id_/http://www.bsnpr.com:80/jugadores/jugador.asp?id=399&e=,2026-09-08T14:30:31Z
399,1982,"Capitanes, Arecibo",20,149,wayback_bsnpr_players,https://web.archive.org/web/20070828230851id_/http://www.bsnpr.com:80/jugadores/jugador.asp?id=399&e=,2026-09-08T14:30:31Z
399,1983,"Indios, Mayaguez",29,200,wayback_bsnpr_players,https://web.archive.org/web/20070828230851id_/http://www.bsnpr.com:80/jugadores/jugador.asp?id=399&e=,2026-09-08T14:30:31Z
399,1984,"Gigantes, Carolina",7,10,wayback_bsnpr_players,https://web.archive.org/web/20070828230851id_/http://www.bsnpr.com:80/jugadores/jugador.asp?id=399&e=,2026-09-08T14:30:31Z
399,1985,"Gallitos, Isabela",21,30,wayback_bsnpr_players,https://web.archive.org/web/20070828230851id_/http://www.bsnpr.com:80/jugadores/jugador.asp?id=399&e=,2026-09-08T14:30:31Z
399,1986,"Maratonistas, Coamo",29,55,wayback_bsnpr_players,https://web.archive.org/web/20070828230851id_/http://www.bsnpr.com:80/jugadores/jugador.asp?id=399&e=,2026-09-08T14:30:31Z
401,2006,"Mets, Guaynabo",5,114,wayback_bsnpr_players,https://web.archive.org/web/20220121061815id_/https://www.bsnpr.com/jugadores/jugador.asp?id=401,2026-09-08T14:30:33Z
403,1962,"Piratas, Quebradillas",4,7,wayback_bsnpr_players,https://web.archive.org/web/20070829041647id_/http://www.bsnpr.com:80/jugadores/jugador.asp?id=403&e=,2026-09-08T14:30:35Z
403,1964,"Piratas, Quebradillas",21,204,wayback_bsnpr_players,https://web.archive.org/web/20070829041647id_/http://www.bsnpr.com:80/jugadores/jugador.asp?id=403&e=,2026-09-08T14:30:35Z
403,1965,"Piratas, Quebradillas",20,141,wayback_bsnpr_players,https://web.archive.org/web/20070829041647id_/http://www.bsnpr.com:80/jugadores/jugador.asp?id=403&e=,2026-09-08T14:30:35Z
403,1966,"Piratas, Quebradillas",13,58,wayback_bsnpr_players,https://web.archive.org/web/20070829041647id_/http://www.bsnpr.com:80/jugadores/jugador.asp?id=403&e=,2026-09-08T14:30:35Z
403,1967,"Piratas, Quebradillas",4,4,wayback_bsnpr_players,https://web.archive.org/web/20070829041647id_/http://www.bsnpr.com:80/jugadores/jugador.asp?id=403&e=,2026-09-08T14:30:35Z
404,1999,"Conquistadores, Guaynabo",4,26,wayback_bsnpr_players,https://web.archive.org/web/20070828231706id_/http://www.bsnpr.com:80/jugadores/jugador.asp?id=404&e=,2026-09-08T14:30:37Z
408,1995,"Maratonistas, Coamo",3,19,wayback_bsnpr_players,https://web.archive.org/web/20070828231320id_/http://www.bsnpr.com:80/jugadores/jugador.asp?id=408&e=,2026-09-08T14:30:40Z
410,1992,"Tainos, Cabo Rojo",8,43,wayback_bsnpr_players,https://web.archive.org/web/20070829035534id_/http://www.bsnpr.com:80/jugadores/jugador.asp?id=410&e=,2026-09-08T14:30:42Z
411,1991,"Maratonistas, Coamo",14,138,wayback_bsnpr_players,https://web.archive.org/web/20070829041424id_/http://www.bsnpr.com:80/jugadores/jugador.asp?id=411&e=,2026-09-08T14:30:44Z
411,1992,"Gigantes, Carolina",23,225,wayback_bsnpr_players,https://web.archive.org/web/20070829041424id_/http://www.bsnpr.com:80/jugadores/jugador.asp?id=411&e=,2026-09-08T14:30:44Z
411,1993,"Piratas, Quebradillas",1,2,wayback_bsnpr_players,https://web.archive.org/web/20070829041424id_/http://www.bsnpr.com:80/jugadores/jugador.asp?id=411&e=,2026-09-08T14:30:44Z
411,1994,"Piratas, Quebradillas",1,4,wayback_bsnpr_players,https://web.archive.org/web/20070829041424id_/http://www.bsnpr.com:80/jugadores/jugador.asp?id=411&e=,2026-09-08T14:30:44Z
411,1997,"Santeros, Aguada",32,463,wayback_bsnpr_players,https://web.archive.org/web/20070829041424id_/http://www.bsnpr.com:80/jugadores/jugador.asp?id=411&e=,2026-09-08T14:30:44Z
411,1998,"Santeros, Aguada",29,400,wayback_bsnpr_players,https://web.archive.org/web/20070829041424id_/http://www.bsnpr.com:80/jugadores/jugador.asp?id=411&e=,2026-09-08T14:30:44Z
411,1999,"Indios, Mayaguez",31,441,wayback_bsnpr_players,https://web.archive.org/web/20070829041424id_/http://www.bsnpr.com:80/jugadores/jugador.asp?id=411&e=,2026-09-08T14:30:44Z
411,2000,"Indios, Mayaguez",27,185,wayback_bsnpr_players,https://web.archive.org/web/20070829041424id_/http://www.bsnpr.com:80/jugadores/jugador.asp?id=411&e=,2026-09-08T14:30:44Z
417,2004,"Piratas, Quebradillas",17,55,wayback_bsnpr_players,https://web.archive.org/web/20070828225407id_/http://www.bsnpr.com:80/jugadores/jugador.asp?id=417&e=,2026-09-08T14:30:47Z
418,1995,"Santos, San Juan",28,63,wayback_bsnpr_players,https://web.archive.org/web/20070828224137id_/http://www.bsnpr.com:80/jugadores/jugador.asp?id=418&e=,2026-09-08T14:30:49Z
427,1996,"Vaqueros, Bayamon",23,114,wayback_bsnpr_players,https://web.archive.org/web/20191219041215id_/https://www.bsnpr.com/jugadores/jugador.asp?id=427,2026-09-08T14:30:51Z
427,1997,"Vaqueros, Bayamon",24,107,wayback_bsnpr_players,https://web.archive.org/web/20191219041215id_/https://www.bsnpr.com/jugadores/jugador.asp?id=427,2026-09-08T14:30:51Z
427,1998,"Vaqueros, Bayamon",7,24,wayback_bsnpr_players,https://web.archive.org/web/20191219041215id_/https://www.bsnpr.com/jugadores/jugador.asp?id=427,2026-09-08T14:30:51Z
427,2001,"Vaqueros, Bayamon",6,61,wayback_bsnpr_players,https://web.archive.org/web/20191219041215id_/https://www.bsnpr.com/jugadores/jugador.asp?id=427,2026-09-08T14:30:51Z
427,2002,"Vaqueros, Bayamon",27,405,wayback_bsnpr_players,https://web.archive.org/web/20191219041215id_/https://www.bsnpr.com/jugadores/jugador.asp?id=427,2026-09-08T14:30:51Z
427,2010,"Capitanes, Arecibo",12,160,wayback_bsnpr_players,https://web.archive.org/web/20191219041215id_/https://www.bsnpr.com/jugadores/jugador.asp?id=427,2026-09-08T14:30:51Z
427,2011,"Capitanes, Arecibo",28,295,wayback_bsnpr_players,https://web.archive.org/web/20191219041215id_/https://www.bsnpr.com/jugadores/jugador.asp?id=427,2026-09-08T14:30:51Z
427,2012,"Capitanes, Arecibo",29,306,wayback_bsnpr_players,https://web.archive.org/web/20191219041215id_/https://www.bsnpr.com/jugadores/jugador.asp?id=427,2026-09-08T14:30:51Z
427,2013,"Mets, Guaynabo",17,190,wayback_bsnpr_players,https://web.archive.org/web/20191219041215id_/https://www.bsnpr.com/jugadores/jugador.asp?id=427,2026-09-08T14:30:51Z
427,2014,"Cangrejeros, Santurce",36,369,wayback_bsnpr_players,https://web.archive.org/web/20191219041215id_/https://www.bsnpr.com/jugadores/jugador.asp?id=427,2026-09-08T14:30:51Z
427,2015,"Cangrejeros, Santurce",11,60,wayback_bsnpr_players,https://web.archive.org/web/20191219041215id_/https://www.bsnpr.com/jugadores/jugador.asp?id=427,2026-09-08T14:30:51Z
435,1998,"Santeros, Aguada",29,497,wayback_bsnpr_players,https://web.archive.org/web/20181230234226id_/https://bsnpr.com/jugadores/jugador.asp?id=435&e,2026-09-08T14:30:53Z
437,1995,"Gigantes, Carolina",14,181,wayback_bsnpr_players,https://web.archive.org/web/20070828225102id_/http://www.bsnpr.com:80/jugadores/jugador.asp?id=437&e=,2026-09-08T14:30:54Z
437,1996,"Criollos, Caguas",19,180,wayback_bsnpr_players,https://web.archive.org/web/20070828225102id_/http://www.bsnpr.com:80/jugadores/jugador.asp?id=437&e=,2026-09-08T14:30:54Z
444,1998,"Cangrejeros, Santurce",23,371,wayback_bsnpr_players,https://web.archive.org/web/20070828223606id_/http://www.bsnpr.com:80/jugadores/jugador.asp?id=444&e=,2026-09-08T14:30:56Z
444,1999,"Cangrejeros, Santurce",6,120,wayback_bsnpr_players,https://web.archive.org/web/20070828223606id_/http://www.bsnpr.com:80/jugadores/jugador.asp?id=444&e=,2026-09-08T14:30:56Z
444,2000,"Cangrejeros, Santurce",14,252,wayback_bsnpr_players,https://web.archive.org/web/20070828223606id_/http://www.bsnpr.com:80/jugadores/jugador.asp?id=444&e=,2026-09-08T14:30:56Z
444,2000,"Conquistadores, Guaynabo",14,260,wayback_bsnpr_players,https://web.archive.org/web/20070828223606id_/http://www.bsnpr.com:80/jugadores/jugador.asp?id=444&e=,2026-09-08T14:30:56Z
444,2001,"Cangrejeros, Santurce",12,172,wayback_bsnpr_players,https://web.archive.org/web/20070828223606id_/http://www.bsnpr.com:80/jugadores/jugador.asp?id=444&e=,2026-09-08T14:30:56Z
445,1997,"Piratas, Quebradillas",6,8,wayback_bsnpr_players,https://web.archive.org/web/20090422184947id_/http://www.bsnpr.com:80/jugadores/jugador.asp?id=445&e=9,2026-09-08T14:30:59Z
445,2000,"Criollos, Caguas",1,0,wayback_bsnpr_players,https://web.archive.org/web/20090422184947id_/http://www.bsnpr.com:80/jugadores/jugador.asp?id=445&e=9,2026-09-08T14:30:59Z
445,2006,"Criollos, Caguas",25,274,wayback_bsnpr_players,https://web.archive.org/web/20090422184947id_/http://www.bsnpr.com:80/jugadores/jugador.asp?id=445&e=9,2026-09-08T14:30:59Z
445,2007,"Criollos, Caguas",23,102,wayback_bsnpr_players,https://web.archive.org/web/20090422184947id_/http://www.bsnpr.com:80/jugadores/jugador.asp?id=445&e=9,2026-09-08T14:30:59Z
445,2008,"Criollos, Caguas",1,2,wayback_bsnpr_players,https://web.archive.org/web/20090422184947id_/http://www.bsnpr.com:80/jugadores/jugador.asp?id=445&e=9,2026-09-08T14:30:59Z
445,2008,"Vaqueros, Bayamon",19,93,wayback_bsnpr_players,https://web.archive.org/web/20090422184947id_/http://www.bsnpr.com:80/jugadores/jugador.asp?id=445&e=9,2026-09-08T14:30:59Z
448,1998,"Capitanes, Arecibo",4,4,wayback_bsnpr_players,https://web.archive.org/web/20170817054958id_/http://www.bsnpr.com:80/jugadores/jugador.asp?id=448&e=2,2026-09-08T14:31:01Z
448,1999,"Capitanes, Arecibo",3,3,wayback_bsnpr_players,https://web.archive.org/web/20170817054958id_/http://www.bsnpr.com:80/jugadores/jugador.asp?id=448&e=2,2026-09-08T14:31:01Z
448,2000,"Capitanes, Arecibo",25,117,wayback_bsnpr_players,https://web.archive.org/web/20170817054958id_/http://www.bsnpr.com:80/jugadores/jugador.asp?id=448&e=2,2026-09-08T14:31:01Z
448,2001,"Capitanes, Arecibo",20,123,wayback_bsnpr_players,https://web.archive.org/web/20170817054958id_/http://www.bsnpr.com:80/jugadores/jugador.asp?id=448&e=2,2026-09-08T14:31:01Z
448,2002,"Capitanes, Arecibo",26,182,wayback_bsnpr_players,https://web.archive.org/web/20170817054958id_/http://www.bsnpr.com:80/jugadores/jugador.asp?id=448&e=2,2026-09-08T14:31:01Z
448,2003,"Capitanes, Arecibo",29,202,wayback_bsnpr_players,https://web.archive.org/web/20170817054958id_/http://www.bsnpr.com:80/jugadores/jugador.asp?id=448&e=2,2026-09-08T14:31:01Z
448,2004,"Capitanes, Arecibo",29,217,wayback_bsnpr_players,https://web.archive.org/web/20170817054958id_/http://www.bsnpr.com:80/jugadores/jugador.asp?id=448&e=2,2026-09-08T14:31:01Z
448,2005,"Capitanes, Arecibo",30,178,wayback_bsnpr_players,https://web.archive.org/web/20170817054958id_/http://www.bsnpr.com:80/jugadores/jugador.asp?id=448&e=2,2026-09-08T14:31:01Z
448,2006,"Capitanes, Arecibo",26,153,wayback_bsnpr_players,https://web.archive.org/web/20170817054958id_/http://www.bsnpr.com:80/jugadores/jugador.asp?id=448&e=2,2026-09-08T14:31:01Z
448,2007,"Capitanes, Arecibo",26,397,wayback_bsnpr_players,https://web.archive.org/web/20170817054958id_/http://www.bsnpr.com:80/jugadores/jugador.asp?id=448&e=2,2026-09-08T14:31:01Z
448,2008,"Capitanes, Arecibo",23,123,wayback_bsnpr_players,https://web.archive.org/web/20170817054958id_/http://www.bsnpr.com:80/jugadores/jugador.asp?id=448&e=2,2026-09-08T14:31:01Z
448,2009,"Capitanes, Arecibo",30,434,wayback_bsnpr_players,https://web.archive.org/web/20170817054958id_/http://www.bsnpr.com:80/jugadores/jugador.asp?id=448&e=2,2026-09-08T14:31:01Z
448,2010,"Capitanes, Arecibo",29,378,wayback_bsnpr_players,https://web.archive.org/web/20170817054958id_/http://www.bsnpr.com:80/jugadores/jugador.asp?id=448&e=2,2026-09-08T14:31:01Z
448,2011,"Capitanes, Arecibo",29,275,wayback_bsnpr_players,https://web.archive.org/web/20170817054958id_/http://www.bsnpr.com:80/jugadores/jugador.asp?id=448&e=2,2026-09-08T14:31:01Z
448,2012,"Capitanes, Arecibo",29,294,wayback_bsnpr_players,https://web.archive.org/web/20170817054958id_/http://www.bsnpr.com:80/jugadores/jugador.asp?id=448&e=2,2026-09-08T14:31:01Z
448,2013,"Capitanes, Arecibo",36,243,wayback_bsnpr_players,https://web.archive.org/web/20170817054958id_/http://www.bsnpr.com:80/jugadores/jugador.asp?id=448&e=2,2026-09-08T14:31:01Z
448,2014,"Capitanes, Arecibo",36,346,wayback_bsnpr_players,https://web.archive.org/web/20170817054958id_/http://www.bsnpr.com:80/jugadores/jugador.asp?id=448&e=2,2026-09-08T14:31:01Z
448,2015,"Capitanes, Arecibo",44,504,wayback_bsnpr_players,https://web.archive.org/web/20170817054958id_/http://www.bsnpr.com:80/jugadores/jugador.asp?id=448&e=2,2026-09-08T14:31:01Z
448,2016,"Capitanes, Arecibo",34,253,wayback_bsnpr_players,https://web.archive.org/web/20170817054958id_/http://www.bsnpr.com:80/jugadores/jugador.asp?id=448&e=2,2026-09-08T14:31:01Z
448,2017,"Capitanes, Arecibo",33,184,wayback_bsnpr_players,https://web.archive.org/web/20170817054958id_/http://www.bsnpr.com:80/jugadores/jugador.asp?id=448&e=2,2026-09-08T14:31:01Z
451,2002,"Criollos, Caguas",9,27,wayback_bsnpr_players,https://web.archive.org/web/20171201042723id_/http://www.bsnpr.com/jugadores/jugador.asp?id=451&e=6,2026-09-08T14:31:02Z
451,2009,"Piratas, Quebradillas",16,221,wayback_bsnpr_players,https://web.archive.org/web/20171201042723id_/http://www.bsnpr.com/jugadores/jugador.asp?id=451&e=6,2026-09-08T14:31:02Z
451,2010,"Piratas, Quebradillas",28,472,wayback_bsnpr_players,https://web.archive.org/web/20171201042723id_/http://www.bsnpr.com/jugadores/jugador.asp?id=451&e=6,2026-09-08T14:31:02Z
451,2011,"Piratas, Quebradillas",17,224,wayback_bsnpr_players,https://web.archive.org/web/20171201042723id_/http://www.bsnpr.com/jugadores/jugador.asp?id=451&e=6,2026-09-08T14:31:02Z
451,2012,"Piratas, Quebradillas",30,404,wayback_bsnpr_players,https://web.archive.org/web/20171201042723id_/http://www.bsnpr.com/jugadores/jugador.asp?id=451&e=6,2026-09-08T14:31:02Z
451,2013,"Piratas, Quebradillas",36,591,wayback_bsnpr_players,https://web.archive.org/web/20171201042723id_/http://www.bsnpr.com/jugadores/jugador.asp?id=451&e=6,2026-09-08T14:31:02Z
451,2014,"Piratas, Quebradillas",34,575,wayback_bsnpr_players,https://web.archive.org/web/20171201042723id_/http://www.bsnpr.com/jugadores/jugador.asp?id=451&e=6,2026-09-08T14:31:02Z
451,2015,"Capitanes, Arecibo",30,416,wayback_bsnpr_players,https://web.archive.org/web/20171201042723id_/http://www.bsnpr.com/jugadores/jugador.asp?id=451&e=6,2026-09-08T14:31:02Z
451,2016,"Capitanes, Arecibo",26,385,wayback_bsnpr_players,https://web.archive.org/web/20171201042723id_/http://www.bsnpr.com/jugadores/jugador.asp?id=451&e=6,2026-09-08T14:31:02Z
451,2017,"Capitanes, Arecibo",34,582,wayback_bsnpr_players,https://web.archive.org/web/20171201042723id_/http://www.bsnpr.com/jugadores/jugador.asp?id=451&e=6,2026-09-08T14:31:02Z
461,1996,"Brujos, Guayama",9,19,wayback_bsnpr_players,https://web.archive.org/web/20070828224523id_/http://www.bsnpr.com:80/jugadores/jugador.asp?id=461&e=,2026-09-08T14:31:04Z
461,1997,"Brujos, Guayama",28,140,wayback_bsnpr_players,https://web.archive.org/web/20070828224523id_/http://www.bsnpr.com:80/jugadores/jugador.asp?id=461&e=,2026-09-08T14:31:04Z
461,1999,"Leones, Ponce",10,12,wayback_bsnpr_players,https://web.archive.org/web/20070828224523id_/http://www.bsnpr.com:80/jugadores/jugador.asp?id=461&e=,2026-09-08T14:31:04Z
461,2001,"Indios, Mayaguez",25,63,wayback_bsnpr_players,https://web.archive.org/web/20070828224523id_/http://www.bsnpr.com:80/jugadores/jugador.asp?id=461&e=,2026-09-08T14:31:04Z
461,2002,"Gallitos, Isabela",25,297,wayback_bsnpr_players,https://web.archive.org/web/20070828224523id_/http://www.bsnpr.com:80/jugadores/jugador.asp?id=461&e=,2026-09-08T14:31:04Z
461,2003,"Gallitos, Isabela",29,203,wayback_bsnpr_players,https://web.archive.org/web/20070828224523id_/http://www.bsnpr.com:80/jugadores/jugador.asp?id=461&e=,2026-09-08T14:31:04Z
461,2004,"Gallitos, Isabela",26,136,wayback_bsnpr_players,https://web.archive.org/web/20070828224523id_/http://www.bsnpr.com:80/jugadores/jugador.asp?id=461&e=,2026-09-08T14:31:04Z
463,1957,"Cardenales, Rio Piedras",16,127,wayback_bsnpr_players,https://web.archive.org/web/20070829040423id_/http://www.bsnpr.com:80/jugadores/jugador.asp?id=463&e=,2026-09-08T14:31:06Z
463,1958,"Cardenales, Rio Piedras",18,141,wayback_bsnpr_players,https://web.archive.org/web/20070829040423id_/http://www.bsnpr.com:80/jugadores/jugador.asp?id=463&e=,2026-09-08T14:31:06Z
463,1959,"Cardenales, Rio Piedras",21,218,wayback_bsnpr_players,https://web.archive.org/web/20070829040423id_/http://www.bsnpr.com:80/jugadores/jugador.asp?id=463&e=,2026-09-08T14:31:06Z
471,1978,"Atleticos, San German",8,76,wayback_bsnpr_players,https://web.archive.org/web/20070828230819id_/http://www.bsnpr.com:80/jugadores/jugador.asp?id=471&e=,2026-09-08T14:31:08Z
471,1978,"Cardenales, Rio Piedras",4,0,wayback_bsnpr_players,https://web.archive.org/web/20070828230819id_/http://www.bsnpr.com:80/jugadores/jugador.asp?id=471&e=,2026-09-08T14:31:08Z
478,1977,"Conquistadores, Guaynabo",25,53,wayback_bsnpr_players,https://web.archive.org/web/20070828224528id_/http://www.bsnpr.com:80/jugadores/jugador.asp?id=478&e=,2026-09-08T14:31:10Z
478,1978,"Criollos, Caguas",8,22,wayback_bsnpr_players,https://web.archive.org/web/20070828224528id_/http://www.bsnpr.com:80/jugadores/jugador.asp?id=478&e=,2026-09-08T14:31:10Z
478,1978,"Gigantes, Carolina",9,9,wayback_bsnpr_players,https://web.archive.org/web/20070828224528id_/http://www.bsnpr.com:80/jugadores/jugador.asp?id=478&e=,2026-09-08T14:31:10Z
478,1979,"Gigantes, Carolina",3,8,wayback_bsnpr_players,https://web.archive.org/web/20070828224528id_/http://www.bsnpr.com:80/jugadores/jugador.asp?id=478&e=,2026-09-08T14:31:10Z
478,1980,"Gigantes, Carolina",25,57,wayback_bsnpr_players,https://web.archive.org/web/20070828224528id_/http://www.bsnpr.com:80/jugadores/jugador.asp?id=478&e=,2026-09-08T14:31:10Z
478,1981,"Cariduros, Fajardo",27,68,wayback_bsnpr_players,https://web.archive.org/web/20070828224528id_/http://www.bsnpr.com:80/jugadores/jugador.asp?id=478&e=,2026-09-08T14:31:10Z
478,1982,"Conquistadores, Guaynabo",20,47,wayback_bsnpr_players,https://web.archive.org/web/20070828224528id_/http://www.bsnpr.com:80/jugadores/jugador.asp?id=478&e=,2026-09-08T14:31:10Z
478,1983,"Conquistadores, Guaynabo",28,51,wayback_bsnpr_players,https://web.archive.org/web/20070828224528id_/http://www.bsnpr.com:80/jugadores/jugador.asp?id=478&e=,2026-09-08T14:31:10Z
478,1984,"Conquistadores, Guaynabo",6,15,wayback_bsnpr_players,https://web.archive.org/web/20070828224528id_/http://www.bsnpr.com:80/jugadores/jugador.asp?id=478&e=,2026-09-08T14:31:10Z
478,1984,"Gigantes, Carolina",17,39,wayback_bsnpr_players,https://web.archive.org/web/20070828224528id_/http://www.bsnpr.com:80/jugadores/jugador.asp?id=478&e=,2026-09-08T14:31:10Z
478,1985,"Leones, Ponce",4,6,wayback_bsnpr_players,https://web.archive.org/web/20070828224528id_/http://www.bsnpr.com:80/jugadores/jugador.asp?id=478&e=,2026-09-08T14:31:10Z
478,1986,"Conquistadores, Guaynabo",27,42,wayback_bsnpr_players,https://web.archive.org/web/20070828224528id_/http://www.bsnpr.com:80/jugadores/jugador.asp?id=478&e=,2026-09-08T14:31:10Z
487,1997,"Atleticos, San German",6,68,wayback_bsnpr_players,https://web.archive.org/web/20070829040647id_/http://www.bsnpr.com:80/jugadores/jugador.asp?id=487&e=,2026-09-08T14:31:12Z
491,1998,"Indios, Mayaguez",1,4,wayback_bsnpr_players,https://web.archive.org/web/20070829035307id_/http://www.bsnpr.com:80/jugadores/jugador.asp?id=491&e=,2026-09-08T14:31:14Z
492,1971,"Cardenales, Rio Piedras",26,217,wayback_bsnpr_players,https://web.archive.org/web/20191210113549id_/https://www.bsnpr.com/jugadores/jugador.asp?id=492,2026-09-08T14:31:15Z
492,1972,"Cardenales, Rio Piedras",22,187,wayback_bsnpr_players,https://web.archive.org/web/20191210113549id_/https://www.bsnpr.com/jugadores/jugador.asp?id=492,2026-09-08T14:31:15Z
492,1973,"Cardenales, Rio Piedras",6,31,wayback_bsnpr_players,https://web.archive.org/web/20191210113549id_/https://www.bsnpr.com/jugadores/jugador.asp?id=492,2026-09-08T14:31:15Z
492,1975,"Cardenales, Rio Piedras",27,364,wayback_bsnpr_players,https://web.archive.org/web/20191210113549id_/https://www.bsnpr.com/jugadores/jugador.asp?id=492,2026-09-08T14:31:15Z
492,1976,"Cardenales, Rio Piedras",19,239,wayback_bsnpr_players,https://web.archive.org/web/20191210113549id_/https://www.bsnpr.com/jugadores/jugador.asp?id=492,2026-09-08T14:31:15Z
492,1977,"Cardenales, Rio Piedras",32,538,wayback_bsnpr_players,https://web.archive.org/web/20191210113549id_/https://www.bsnpr.com/jugadores/jugador.asp?id=492,2026-09-08T14:31:15Z
492,1978,"Cardenales, Rio Piedras",25,384,wayback_bsnpr_players,https://web.archive.org/web/20191210113549id_/https://www.bsnpr.com/jugadores/jugador.asp?id=492,2026-09-08T14:31:15Z
492,1980,"Mets, Guaynabo",25,258,wayback_bsnpr_players,https://web.archive.org/web/20191210113549id_/https://www.bsnpr.com/jugadores/jugador.asp?id=492,2026-09-08T14:31:15Z
492,1981,"Mets, Guaynabo",29,301,wayback_bsnpr_players,https://web.archive.org/web/20191210113549id_/https://www.bsnpr.com/jugadores/jugador.asp?id=492,2026-09-08T14:31:15Z
492,1982,"Mets, Guaynabo",31,277,wayback_bsnpr_players,https://web.archive.org/web/20191210113549id_/https://www.bsnpr.com/jugadores/jugador.asp?id=492,2026-09-08T14:31:15Z
492,1984,"Mets, Guaynabo",6,41,wayback_bsnpr_players,https://web.archive.org/web/20191210113549id_/https://www.bsnpr.com/jugadores/jugador.asp?id=492,2026-09-08T14:31:15Z
492,1985,"Mets, Guaynabo",31,155,wayback_bsnpr_players,https://web.archive.org/web/20191210113549id_/https://www.bsnpr.com/jugadores/jugador.asp?id=492,2026-09-08T14:31:15Z
494,1993,"Santos, San Juan",5,68,wayback_bsnpr_players,https://web.archive.org/web/20070829041435id_/http://www.bsnpr.com:80/jugadores/jugador.asp?id=494&e=,2026-09-08T14:31:17Z
497,1957,"Capitanes, Arecibo",17,162,wayback_bsnpr_players,https://web.archive.org/web/20180506035822id_/http://www.bsnpr.com/jugadores/jugador.asp?id=497,2026-09-08T14:31:19Z
497,1958,"Capitanes, Arecibo",4,21,wayback_bsnpr_players,https://web.archive.org/web/20180506035822id_/http://www.bsnpr.com/jugadores/jugador.asp?id=497,2026-09-08T14:31:19Z
497,1959,"Cangrejeros, Santurce",20,255,wayback_bsnpr_players,https://web.archive.org/web/20180506035822id_/http://www.bsnpr.com/jugadores/jugador.asp?id=497,2026-09-08T14:31:19Z
497,1960,"Cangrejeros, Santurce",21,300,wayback_bsnpr_players,https://web.archive.org/web/20180506035822id_/http://www.bsnpr.com/jugadores/jugador.asp?id=497,2026-09-08T14:31:19Z
497,1961,"Cangrejeros, Santurce",21,285,wayback_bsnpr_players,https://web.archive.org/web/20180506035822id_/http://www.bsnpr.com/jugadores/jugador.asp?id=497,2026-09-08T14:31:19Z
497,1962,"Capitanes, Arecibo",14,183,wayback_bsnpr_players,https://web.archive.org/web/20180506035822id_/http://www.bsnpr.com/jugadores/jugador.asp?id=497,2026-09-08T14:31:19Z
497,1963,"Capitanes, Arecibo",21,303,wayback_bsnpr_players,https://web.archive.org/web/20180506035822id_/http://www.bsnpr.com/jugadores/jugador.asp?id=497,2026-09-08T14:31:19Z
497,1964,"Capitanes, Arecibo",17,187,wayback_bsnpr_players,https://web.archive.org/web/20180506035822id_/http://www.bsnpr.com/jugadores/jugador.asp?id=497,2026-09-08T14:31:19Z
498,1988,"Atleticos, San German",14,46,wayback_bsnpr_players,https://web.archive.org/web/20180221123707id_/http://www.bsnpr.com/jugadores/jugador.asp?id=498,2026-09-08T14:31:21Z
498,1989,"Atleticos, San German",30,219,wayback_bsnpr_players,https://web.archive.org/web/20180221123707id_/http://www.bsnpr.com/jugadores/jugador.asp?id=498,2026-09-08T14:31:21Z
498,1990,"Atleticos, San German",17,137,wayback_bsnpr_players,https://web.archive.org/web/20180221123707id_/http://www.bsnpr.com/jugadores/jugador.asp?id=498,2026-09-08T14:31:21Z
498,1991,"Atleticos, San German",30,590,wayback_bsnpr_players,https://web.archive.org/web/20180221123707id_/http://www.bsnpr.com/jugadores/jugador.asp?id=498,2026-09-08T14:31:21Z
498,1992,"Atleticos, San German",23,529,wayback_bsnpr_players,https://web.archive.org/web/20180221123707id_/http://www.bsnpr.com/jugadores/jugador.asp?id=498,2026-09-08T14:31:21Z
498,1993,"Atleticos, San German",31,647,wayback_bsnpr_players,https://web.archive.org/web/20180221123707id_/http://www.bsnpr.com/jugadores/jugador.asp?id=498,2026-09-08T14:31:21Z
498,1994,"Atleticos, San German",26,465,wayback_bsnpr_players,https://web.archive.org/web/20180221123707id_/http://www.bsnpr.com/jugadores/jugador.asp?id=498,2026-09-08T14:31:21Z
498,1995,"Atleticos, San German",13,331,wayback_bsnpr_players,https://web.archive.org/web/20180221123707id_/http://www.bsnpr.com/jugadores/jugador.asp?id=498,2026-09-08T14:31:21Z
498,1996,"Atleticos, San German",33,849,wayback_bsnpr_players,https://web.archive.org/web/20180221123707id_/http://www.bsnpr.com/jugadores/jugador.asp?id=498,2026-09-08T14:31:21Z
498,1997,"Atleticos, San German",30,799,wayback_bsnpr_players,https://web.archive.org/web/20180221123707id_/http://www.bsnpr.com/jugadores/jugador.asp?id=498,2026-09-08T14:31:21Z
498,1998,"Atleticos, San German",17,411,wayback_bsnpr_players,https://web.archive.org/web/20180221123707id_/http://www.bsnpr.com/jugadores/jugador.asp?id=498,2026-09-08T14:31:21Z
498,1999,"Atleticos, San German",21,532,wayback_bsnpr_players,https://web.archive.org/web/20180221123707id_/http://www.bsnpr.com/jugadores/jugador.asp?id=498,2026-09-08T14:31:21Z
498,2000,"Atleticos, San German",24,535,wayback_bsnpr_players,https://web.archive.org/web/20180221123707id_/http://www.bsnpr.com/jugadores/jugador.asp?id=498,2026-09-08T14:31:21Z
498,2001,"Leones, Ponce",23,481,wayback_bsnpr_players,https://web.archive.org/web/20180221123707id_/http://www.bsnpr.com/jugadores/jugador.asp?id=498,2026-09-08T14:31:21Z
498,2002,"Leones, Ponce",29,605,wayback_bsnpr_players,https://web.archive.org/web/20180221123707id_/http://www.bsnpr.com/jugadores/jugador.asp?id=498,2026-09-08T14:31:21Z
498,2003,"Leones, Ponce",21,492,wayback_bsnpr_players,https://web.archive.org/web/20180221123707id_/http://www.bsnpr.com/jugadores/jugador.asp?id=498,2026-09-08T14:31:21Z
498,2004,"Leones, Ponce",28,513,wayback_bsnpr_players,https://web.archive.org/web/20180221123707id_/http://www.bsnpr.com/jugadores/jugador.asp?id=498,2026-09-08T14:31:21Z
498,2005,"Leones, Ponce",24,439,wayback_bsnpr_players,https://web.archive.org/web/20180221123707id_/http://www.bsnpr.com/jugadores/jugador.asp?id=498,2026-09-08T14:31:21Z
498,2006,"Leones, Ponce",15,179,wayback_bsnpr_players,https://web.archive.org/web/20180221123707id_/http://www.bsnpr.com/jugadores/jugador.asp?id=498,2026-09-08T14:31:21Z
498,2007,"Indios, Mayaguez",22,373,wayback_bsnpr_players,https://web.archive.org/web/20180221123707id_/http://www.bsnpr.com/jugadores/jugador.asp?id=498,2026-09-08T14:31:21Z
498,2008,"Indios, Mayaguez",13,134,wayback_bsnpr_players,https://web.archive.org/web/20180221123707id_/http://www.bsnpr.com/jugadores/jugador.asp?id=498,2026-09-08T14:31:21Z
499,2001,"Leones, Ponce",3,52,wayback_bsnpr_players,https://web.archive.org/web/20080403064157id_/http://www.bsnpr.com:80/jugadores/jugador.asp?id=499&e=,2026-09-08T14:31:23Z
499,2002,"Leones, Ponce",10,129,wayback_bsnpr_players,https://web.archive.org/web/20080403064157id_/http://www.bsnpr.com:80/jugadores/jugador.asp?id=499&e=,2026-09-08T14:31:23Z
499,2003,"Gallitos, Isabela",7,68,wayback_bsnpr_players,https://web.archive.org/web/20080403064157id_/http://www.bsnpr.com:80/jugadores/jugador.asp?id=499&e=,2026-09-08T14:31:23Z
502,1997,"Vaqueros, Bayamon",6,6,wayback_bsnpr_players,https://web.archive.org/web/20130428000605id_/http://www.bsnpr.com:80/jugadores/jugador.asp?id=502&e=,2026-09-08T14:31:25Z
502,1998,"Vaqueros, Bayamon",9,10,wayback_bsnpr_players,https://web.archive.org/web/20130428000605id_/http://www.bsnpr.com:80/jugadores/jugador.asp?id=502&e=,2026-09-08T14:31:25Z
502,1999,"Vaqueros, Bayamon",26,57,wayback_bsnpr_players,https://web.archive.org/web/20130428000605id_/http://www.bsnpr.com:80/jugadores/jugador.asp?id=502&e=,2026-09-08T14:31:25Z
502,2000,"Vaqueros, Bayamon",28,140,wayback_bsnpr_players,https://web.archive.org/web/20130428000605id_/http://www.bsnpr.com:80/jugadores/jugador.asp?id=502&e=,2026-09-08T14:31:25Z
502,2001,"Vaqueros, Bayamon",26,105,wayback_bsnpr_players,https://web.archive.org/web/20130428000605id_/http://www.bsnpr.com:80/jugadores/jugador.asp?id=502&e=,2026-09-08T14:31:25Z
502,2002,"Vaqueros, Bayamon",27,179,wayback_bsnpr_players,https://web.archive.org/web/20130428000605id_/http://www.bsnpr.com:80/jugadores/jugador.asp?id=502&e=,2026-09-08T14:31:25Z
502,2003,"Vaqueros, Bayamon",30,297,wayback_bsnpr_players,https://web.archive.org/web/20130428000605id_/http://www.bsnpr.com:80/jugadores/jugador.asp?id=502&e=,2026-09-08T14:31:25Z
502,2004,"Vaqueros, Bayamon",23,222,wayback_bsnpr_players,https://web.archive.org/web/20130428000605id_/http://www.bsnpr.com:80/jugadores/jugador.asp?id=502&e=,2026-09-08T14:31:25Z
502,2005,"Vaqueros, Bayamon",12,87,wayback_bsnpr_players,https://web.archive.org/web/20130428000605id_/http://www.bsnpr.com:80/jugadores/jugador.asp?id=502&e=,2026-09-08T14:31:25Z
502,2006,"Cangrejeros, Santurce",24,135,wayback_bsnpr_players,https://web.archive.org/web/20130428000605id_/http://www.bsnpr.com:80/jugadores/jugador.asp?id=502&e=,2026-09-08T14:31:25Z
502,2007,"Cangrejeros, Santurce",15,123,wayback_bsnpr_players,https://web.archive.org/web/20130428000605id_/http://www.bsnpr.com:80/jugadores/jugador.asp?id=502&e=,2026-09-08T14:31:25Z
502,2008,"Cangrejeros, Santurce",28,168,wayback_bsnpr_players,https://web.archive.org/web/20130428000605id_/http://www.bsnpr.com:80/jugadores/jugador.asp?id=502&e=,2026-09-08T14:31:25Z
502,2009,"Cangrejeros, Santurce",21,149,wayback_bsnpr_players,https://web.archive.org/web/20130428000605id_/http://www.bsnpr.com:80/jugadores/jugador.asp?id=502&e=,2026-09-08T14:31:25Z
502,2010,"Cangrejeros, Santurce",29,165,wayback_bsnpr_players,https://web.archive.org/web/20130428000605id_/http://www.bsnpr.com:80/jugadores/jugador.asp?id=502&e=,2026-09-08T14:31:25Z
502,2011,"Cangrejeros, Santurce",20,95,wayback_bsnpr_players,https://web.archive.org/web/20130428000605id_/http://www.bsnpr.com:80/jugadores/jugador.asp?id=502&e=,2026-09-08T14:31:25Z
502,2012,"Capitanes, Arecibo",24,51,wayback_bsnpr_players,https://web.archive.org/web/20130428000605id_/http://www.bsnpr.com:80/jugadores/jugador.asp?id=502&e=,2026-09-08T14:31:25Z
502,2013,"Leones, Ponce",11,23,wayback_bsnpr_players,https://web.archive.org/web/20130428000605id_/http://www.bsnpr.com:80/jugadores/jugador.asp?id=502&e=,2026-09-08T14:31:25Z
503,1997,"Titanes, Morovis",10,19,wayback_bsnpr_players,https://web.archive.org/web/20070828224513id_/http://www.bsnpr.com:80/jugadores/jugador.asp?id=503&e=,2026-09-08T14:31:27Z
503,1998,"Gallitos, Isabela",4,4,wayback_bsnpr_players,https://web.archive.org/web/20070828224513id_/http://www.bsnpr.com:80/jugadores/jugador.asp?id=503&e=,2026-09-08T14:31:27Z
508,1981,"Cariduros, Fajardo",23,79,wayback_bsnpr_players,https://web.archive.org/web/20070828230643id_/http://www.bsnpr.com:80/jugadores/jugador.asp?id=508&e=,2026-09-08T14:31:28Z
508,1983,"Cariduros, Fajardo",33,423,wayback_bsnpr_players,https://web.archive.org/web/20070828230643id_/http://www.bsnpr.com:80/jugadores/jugador.asp?id=508&e=,2026-09-08T14:31:28Z
508,1984,"Cariduros, Fajardo",28,392,wayback_bsnpr_players,https://web.archive.org/web/20070828230643id_/http://www.bsnpr.com:80/jugadores/jugador.asp?id=508&e=,2026-09-08T14:31:28Z
508,1985,"Cariduros, Fajardo",32,572,wayback_bsnpr_players,https://web.archive.org/web/20070828230643id_/http://www.bsnpr.com:80/jugadores/jugador.asp?id=508&e=,2026-09-08T14:31:28Z
508,1986,"Cariduros, Fajardo",29,574,wayback_bsnpr_players,https://web.archive.org/web/20070828230643id_/http://www.bsnpr.com:80/jugadores/jugador.asp?id=508&e=,2026-09-08T14:31:28Z
508,1987,"Cariduros, Fajardo",30,716,wayback_bsnpr_players,https://web.archive.org/web/20070828230643id_/http://www.bsnpr.com:80/jugadores/jugador.asp?id=508&e=,2026-09-08T14:31:28Z
508,1988,"Cariduros, Fajardo",31,916,wayback_bsnpr_players,https://web.archive.org/web/20070828230643id_/http://www.bsnpr.com:80/jugadores/jugador.asp?id=508&e=,2026-09-08T14:31:28Z
508,1989,"Cariduros, Fajardo",30,902,wayback_bsnpr_players,https://web.archive.org/web/20070828230643id_/http://www.bsnpr.com:80/jugadores/jugador.asp?id=508&e=,2026-09-08T14:31:28Z
508,1990,"Cariduros, Fajardo",30,954,wayback_bsnpr_players,https://web.archive.org/web/20070828230643id_/http://www.bsnpr.com:80/jugadores/jugador.asp?id=508&e=,2026-09-08T14:31:28Z
508,1991,"Cariduros, Fajardo",27,736,wayback_bsnpr_players,https://web.archive.org/web/20070828230643id_/http://www.bsnpr.com:80/jugadores/jugador.asp?id=508&e=,2026-09-08T14:31:28Z
508,1992,"Cariduros, Fajardo",22,430,wayback_bsnpr_players,https://web.archive.org/web/20070828230643id_/http://www.bsnpr.com:80/jugadores/jugador.asp?id=508&e=,2026-09-08T14:31:28Z
508,1993,"Cariduros, Fajardo",15,264,wayback_bsnpr_players,https://web.archive.org/web/20070828230643id_/http://www.bsnpr.com:80/jugadores/jugador.asp?id=508&e=,2026-09-08T14:31:28Z
508,1994,"Cariduros, Fajardo",20,268,wayback_bsnpr_players,https://web.archive.org/web/20070828230643id_/http://www.bsnpr.com:80/jugadores/jugador.asp?id=508&e=,2026-09-08T14:31:28Z
508,1995,"Cariduros, Fajardo",17,304,wayback_bsnpr_players,https://web.archive.org/web/20070828230643id_/http://www.bsnpr.com:80/jugadores/jugador.asp?id=508&e=,2026-09-08T14:31:28Z
508,1996,"Leones, Ponce",21,290,wayback_bsnpr_players,https://web.archive.org/web/20070828230643id_/http://www.bsnpr.com:80/jugadores/jugador.asp?id=508&e=,2026-09-08T14:31:28Z
508,1997,"Leones, Ponce",24,252,wayback_bsnpr_players,https://web.archive.org/web/20070828230643id_/http://www.bsnpr.com:80/jugadores/jugador.asp?id=508&e=,2026-09-08T14:31:28Z
508,1998,"Leones, Ponce",24,104,wayback_bsnpr_players,https://web.archive.org/web/20070828230643id_/http://www.bsnpr.com:80/jugadores/jugador.asp?id=508&e=,2026-09-08T14:31:28Z
508,1999,"Criollos, Caguas",28,137,wayback_bsnpr_players,https://web.archive.org/web/20070828230643id_/http://www.bsnpr.com:80/jugadores/jugador.asp?id=508&e=,2026-09-08T14:31:28Z
508,2000,"Conquistadores, Guaynabo",22,63,wayback_bsnpr_players,https://web.archive.org/web/20070828230643id_/http://www.bsnpr.com:80/jugadores/jugador.asp?id=508&e=,2026-09-08T14:31:28Z
509,1990,"Vaqueros, Bayamon",3,6,wayback_bsnpr_players,https://web.archive.org/web/20080803173052id_/http://bsnpr.com:80/jugadores/jugador.asp?id=509&e=,2026-09-08T14:31:30Z
509,1991,"Vaqueros, Bayamon",6,9,wayback_bsnpr_players,https://web.archive.org/web/20080803173052id_/http://bsnpr.com:80/jugadores/jugador.asp?id=509&e=,2026-09-08T14:31:30Z
509,1992,"Vaqueros, Bayamon",11,29,wayback_bsnpr_players,https://web.archive.org/web/20080803173052id_/http://bsnpr.com:80/jugadores/jugador.asp?id=509&e=,2026-09-08T14:31:30Z
509,1993,"Conquistadores, Guaynabo",33,223,wayback_bsnpr_players,https://web.archive.org/web/20080803173052id_/http://bsnpr.com:80/jugadores/jugador.asp?id=509&e=,2026-09-08T14:31:30Z
509,1994,"Conquistadores, Guaynabo",25,276,wayback_bsnpr_players,https://web.archive.org/web/20080803173052id_/http://bsnpr.com:80/jugadores/jugador.asp?id=509&e=,2026-09-08T14:31:30Z
509,1995,"Conquistadores, Guaynabo",23,314,wayback_bsnpr_players,https://web.archive.org/web/20080803173052id_/http://bsnpr.com:80/jugadores/jugador.asp?id=509&e=,2026-09-08T14:31:30Z
509,1996,"Conquistadores, Guaynabo",19,202,wayback_bsnpr_players,https://web.archive.org/web/20080803173052id_/http://bsnpr.com:80/jugadores/jugador.asp?id=509&e=,2026-09-08T14:31:30Z
509,1997,"Gallitos, Isabela",22,385,wayback_bsnpr_players,https://web.archive.org/web/20080803173052id_/http://bsnpr.com:80/jugadores/jugador.asp?id=509&e=,2026-09-08T14:31:30Z
509,1998,"Gallitos, Isabela",30,482,wayback_bsnpr_players,https://web.archive.org/web/20080803173052id_/http://bsnpr.com:80/jugadores/jugador.asp?id=509&e=,2026-09-08T14:31:30Z
509,1999,"Conquistadores, Guaynabo",3,36,wayback_bsnpr_players,https://web.archive.org/web/20080803173052id_/http://bsnpr.com:80/jugadores/jugador.asp?id=509&e=,2026-09-08T14:31:30Z
509,2000,"Conquistadores, Guaynabo",12,125,wayback_bsnpr_players,https://web.archive.org/web/20080803173052id_/http://bsnpr.com:80/jugadores/jugador.asp?id=509&e=,2026-09-08T14:31:30Z
509,2000,"Criollos, Caguas",15,120,wayback_bsnpr_players,https://web.archive.org/web/20080803173052id_/http://bsnpr.com:80/jugadores/jugador.asp?id=509&e=,2026-09-08T14:31:30Z
509,2001,"Vaqueros, Bayamon",26,248,wayback_bsnpr_players,https://web.archive.org/web/20080803173052id_/http://bsnpr.com:80/jugadores/jugador.asp?id=509&e=,2026-09-08T14:31:30Z
509,2002,"Vaqueros, Bayamon",24,106,wayback_bsnpr_players,https://web.archive.org/web/20080803173052id_/http://bsnpr.com:80/jugadores/jugador.asp?id=509&e=,2026-09-08T14:31:30Z
509,2003,"Cangrejeros, Santurce",29,290,wayback_bsnpr_players,https://web.archive.org/web/20080803173052id_/http://bsnpr.com:80/jugadores/jugador.asp?id=509&e=,2026-09-08T14:31:30Z
509,2004,"Cangrejeros, Santurce",26,219,wayback_bsnpr_players,https://web.archive.org/web/20080803173052id_/http://bsnpr.com:80/jugadores/jugador.asp?id=509&e=,2026-09-08T14:31:30Z
509,2005,"Capitanes, Arecibo",30,127,wayback_bsnpr_players,https://web.archive.org/web/20080803173052id_/http://bsnpr.com:80/jugadores/jugador.asp?id=509&e=,2026-09-08T14:31:30Z
509,2006,"Capitanes, Arecibo",23,80,wayback_bsnpr_players,https://web.archive.org/web/20080803173052id_/http://bsnpr.com:80/jugadores/jugador.asp?id=509&e=,2026-09-08T14:31:30Z
509,2007,"Capitanes, Arecibo",30,155,wayback_bsnpr_players,https://web.archive.org/web/20080803173052id_/http://bsnpr.com:80/jugadores/jugador.asp?id=509&e=,2026-09-08T14:31:30Z
509,2008,"Leones, Ponce",29,130,wayback_bsnpr_players,https://web.archive.org/web/20080803173052id_/http://bsnpr.com:80/jugadores/jugador.asp?id=509&e=,2026-09-08T14:31:30Z
510,1989,"Conquistadores, Guaynabo",8,8,wayback_bsnpr_players,https://web.archive.org/web/20070828225252id_/http://www.bsnpr.com:80/jugadores/jugador.asp?id=510&e=,2026-09-08T14:31:32Z
517,1964,"Santos, San Juan",21,119,wayback_bsnpr_players,https://web.archive.org/web/20070828223504id_/http://www.bsnpr.com:80/jugadores/jugador.asp?id=517&e=,2026-09-08T14:31:34Z
517,1965,"Santos, San Juan",20,69,wayback_bsnpr_players,https://web.archive.org/web/20070828223504id_/http://www.bsnpr.com:80/jugadores/jugador.asp?id=517&e=,2026-09-08T14:31:34Z
517,1966,"Santos, San Juan",21,128,wayback_bsnpr_players,https://web.archive.org/web/20070828223504id_/http://www.bsnpr.com:80/jugadores/jugador.asp?id=517&e=,2026-09-08T14:31:34Z
517,1967,"Santos, San Juan",12,103,wayback_bsnpr_players,https://web.archive.org/web/20070828223504id_/http://www.bsnpr.com:80/jugadores/jugador.asp?id=517&e=,2026-09-08T14:31:34Z
517,1970,"Piratas, Quebradillas",22,94,wayback_bsnpr_players,https://web.archive.org/web/20070828223504id_/http://www.bsnpr.com:80/jugadores/jugador.asp?id=517&e=,2026-09-08T14:31:34Z
517,1971,"Piratas, Quebradillas",9,38,wayback_bsnpr_players,https://web.archive.org/web/20070828223504id_/http://www.bsnpr.com:80/jugadores/jugador.asp?id=517&e=,2026-09-08T14:31:34Z
517,1972,"Gigantes, Carolina",4,45,wayback_bsnpr_players,https://web.archive.org/web/20070828223504id_/http://www.bsnpr.com:80/jugadores/jugador.asp?id=517&e=,2026-09-08T14:31:34Z
526,1974,"Santos, San Juan",9,23,wayback_bsnpr_players,https://web.archive.org/web/20070829041614id_/http://www.bsnpr.com:80/jugadores/jugador.asp?id=526&e=,2026-09-08T14:31:36Z
526,1975,"Brujos, Guayama",9,11,wayback_bsnpr_players,https://web.archive.org/web/20070829041614id_/http://www.bsnpr.com:80/jugadores/jugador.asp?id=526&e=,2026-09-08T14:31:36Z
527,1988,"Cariduros, Fajardo",6,10,wayback_bsnpr_players,https://web.archive.org/web/20070828231733id_/http://www.bsnpr.com:80/jugadores/jugador.asp?id=527&e=,2026-09-08T14:31:38Z
527,1989,"Cariduros, Fajardo",10,9,wayback_bsnpr_players,https://web.archive.org/web/20070828231733id_/http://www.bsnpr.com:80/jugadores/jugador.asp?id=527&e=,2026-09-08T14:31:38Z
527,1990,"Cariduros, Fajardo",6,18,wayback_bsnpr_players,https://web.archive.org/web/20070828231733id_/http://www.bsnpr.com:80/jugadores/jugador.asp?id=527&e=,2026-09-08T14:31:38Z
527,1991,"Cariduros, Fajardo",18,32,wayback_bsnpr_players,https://web.archive.org/web/20070828231733id_/http://www.bsnpr.com:80/jugadores/jugador.asp?id=527&e=,2026-09-08T14:31:38Z
532,1963,"Piratas, Quebradillas",7,10,wayback_bsnpr_players,https://web.archive.org/web/20070829041729id_/http://www.bsnpr.com:80/jugadores/jugador.asp?id=532&e=,2026-09-08T14:31:39Z
535,1969,"Cardenales, Rio Piedras",17,29,wayback_bsnpr_players,https://web.archive.org/web/20070828223423id_/http://www.bsnpr.com:80/jugadores/jugador.asp?id=535&e=,2026-09-08T14:31:41Z
535,1970,"Cardenales, Rio Piedras",10,16,wayback_bsnpr_players,https://web.archive.org/web/20070828223423id_/http://www.bsnpr.com:80/jugadores/jugador.asp?id=535&e=,2026-09-08T14:31:41Z
542,2003,"Piratas, Quebradillas",10,34,wayback_bsnpr_players,https://web.archive.org/web/20080411054400id_/http://www.bsnpr.com:80/jugadores/jugador.asp?id=542&e=,2026-09-08T14:31:43Z
542,2004,"Piratas, Quebradillas",23,69,wayback_bsnpr_players,https://web.archive.org/web/20080411054400id_/http://www.bsnpr.com:80/jugadores/jugador.asp?id=542&e=,2026-09-08T14:31:43Z
542,2007,"Indios, Mayaguez",11,12,wayback_bsnpr_players,https://web.archive.org/web/20080411054400id_/http://www.bsnpr.com:80/jugadores/jugador.asp?id=542&e=,2026-09-08T14:31:43Z
551,1959,"Capitanes, Arecibo",2,0,wayback_bsnpr_players,https://web.archive.org/web/20070828225502id_/http://www.bsnpr.com:80/jugadores/jugador.asp?id=551&e=,2026-09-08T14:31:46Z
552,1971,"Piratas, Quebradillas",9,12,wayback_bsnpr_players,https://web.archive.org/web/20070828225302id_/http://www.bsnpr.com:80/jugadores/jugador.asp?id=552&e=,2026-09-08T14:31:48Z
552,1972,"Piratas, Quebradillas",16,20,wayback_bsnpr_players,https://web.archive.org/web/20070828225302id_/http://www.bsnpr.com:80/jugadores/jugador.asp?id=552&e=,2026-09-08T14:31:48Z
552,1973,"Piratas, Quebradillas",14,14,wayback_bsnpr_players,https://web.archive.org/web/20070828225302id_/http://www.bsnpr.com:80/jugadores/jugador.asp?id=552&e=,2026-09-08T14:31:48Z
552,1974,"Capitanes, Arecibo",20,172,wayback_bsnpr_players,https://web.archive.org/web/20070828225302id_/http://www.bsnpr.com:80/jugadores/jugador.asp?id=552&e=,2026-09-08T14:31:48Z
552,1975,"Brujos, Guayama",32,162,wayback_bsnpr_players,https://web.archive.org/web/20070828225302id_/http://www.bsnpr.com:80/jugadores/jugador.asp?id=552&e=,2026-09-08T14:31:48Z
552,1976,"Brujos, Guayama",32,221,wayback_bsnpr_players,https://web.archive.org/web/20070828225302id_/http://www.bsnpr.com:80/jugadores/jugador.asp?id=552&e=,2026-09-08T14:31:48Z
555,1986,"Cariduros, Fajardo",4,6,wayback_bsnpr_players,https://web.archive.org/web/20080411054901id_/http://www.bsnpr.com:80/jugadores/jugador.asp?id=555&e=,2026-09-08T14:31:50Z
555,1989,"Indios, Canovanas",11,24,wayback_bsnpr_players,https://web.archive.org/web/20080411054901id_/http://www.bsnpr.com:80/jugadores/jugador.asp?id=555&e=,2026-09-08T14:31:50Z
555,1990,"Indios, Canovanas",28,166,wayback_bsnpr_players,https://web.archive.org/web/20080411054901id_/http://www.bsnpr.com:80/jugadores/jugador.asp?id=555&e=,2026-09-08T14:31:50Z
555,1991,"Indios, Canovanas",30,268,wayback_bsnpr_players,https://web.archive.org/web/20080411054901id_/http://www.bsnpr.com:80/jugadores/jugador.asp?id=555&e=,2026-09-08T14:31:50Z
555,1992,"Brujos, Guayama",34,284,wayback_bsnpr_players,https://web.archive.org/web/20080411054901id_/http://www.bsnpr.com:80/jugadores/jugador.asp?id=555&e=,2026-09-08T14:31:50Z
555,1993,"Brujos, Guayama",15,110,wayback_bsnpr_players,https://web.archive.org/web/20080411054901id_/http://www.bsnpr.com:80/jugadores/jugador.asp?id=555&e=,2026-09-08T14:31:50Z
555,1995,"Brujos, Guayama",32,395,wayback_bsnpr_players,https://web.archive.org/web/20080411054901id_/http://www.bsnpr.com:80/jugadores/jugador.asp?id=555&e=,2026-09-08T14:31:50Z
555,1996,"Capitanes, Arecibo",32,352,wayback_bsnpr_players,https://web.archive.org/web/20080411054901id_/http://www.bsnpr.com:80/jugadores/jugador.asp?id=555&e=,2026-09-08T14:31:50Z
555,1997,"Criollos, Caguas",31,295,wayback_bsnpr_players,https://web.archive.org/web/20080411054901id_/http://www.bsnpr.com:80/jugadores/jugador.asp?id=555&e=,2026-09-08T14:31:50Z
555,1998,"Criollos, Caguas",30,218,wayback_bsnpr_players,https://web.archive.org/web/20080411054901id_/http://www.bsnpr.com:80/jugadores/jugador.asp?id=555&e=,2026-09-08T14:31:50Z
555,1999,"Criollos, Caguas",25,147,wayback_bsnpr_players,https://web.archive.org/web/20080411054901id_/http://www.bsnpr.com:80/jugadores/jugador.asp?id=555&e=,2026-09-08T14:31:50Z
555,1999,"Piratas, Quebradillas",2,4,wayback_bsnpr_players,https://web.archive.org/web/20080411054901id_/http://www.bsnpr.com:80/jugadores/jugador.asp?id=555&e=,2026-09-08T14:31:50Z
555,2000,"Cangrejeros, Santurce",28,89,wayback_bsnpr_players,https://web.archive.org/web/20080411054901id_/http://www.bsnpr.com:80/jugadores/jugador.asp?id=555&e=,2026-09-08T14:31:50Z
555,2001,"Cangrejeros, Santurce",24,218,wayback_bsnpr_players,https://web.archive.org/web/20080411054901id_/http://www.bsnpr.com:80/jugadores/jugador.asp?id=555&e=,2026-09-08T14:31:50Z
555,2002,"Cangrejeros, Santurce",24,204,wayback_bsnpr_players,https://web.archive.org/web/20080411054901id_/http://www.bsnpr.com:80/jugadores/jugador.asp?id=555&e=,2026-09-08T14:31:50Z
555,2003,"Criollos, Caguas",22,149,wayback_bsnpr_players,https://web.archive.org/web/20080411054901id_/http://www.bsnpr.com:80/jugadores/jugador.asp?id=555&e=,2026-09-08T14:31:50Z
555,2003,"Leones, Ponce",1,7,wayback_bsnpr_players,https://web.archive.org/web/20080411054901id_/http://www.bsnpr.com:80/jugadores/jugador.asp?id=555&e=,2026-09-08T14:31:50Z
555,2004,"Leones, Ponce",26,156,wayback_bsnpr_players,https://web.archive.org/web/20080411054901id_/http://www.bsnpr.com:80/jugadores/jugador.asp?id=555&e=,2026-09-08T14:31:50Z
555,2005,"Leones, Ponce",24,87,wayback_bsnpr_players,https://web.archive.org/web/20080411054901id_/http://www.bsnpr.com:80/jugadores/jugador.asp?id=555&e=,2026-09-08T14:31:50Z
555,2006,"Capitanes, Arecibo",22,52,wayback_bsnpr_players,https://web.archive.org/web/20080411054901id_/http://www.bsnpr.com:80/jugadores/jugador.asp?id=555&e=,2026-09-08T14:31:50Z
555,2007,"Vaqueros, Bayamon",21,55,wayback_bsnpr_players,https://web.archive.org/web/20080411054901id_/http://www.bsnpr.com:80/jugadores/jugador.asp?id=555&e=,2026-09-08T14:31:50Z
562,1977,"Criollos, Caguas",5,16,wayback_bsnpr_players,https://web.archive.org/web/20070828225948id_/http://www.bsnpr.com:80/jugadores/jugador.asp?id=562&e=,2026-09-08T14:31:52Z
562,1978,"Criollos, Caguas",20,63,wayback_bsnpr_players,https://web.archive.org/web/20070828225948id_/http://www.bsnpr.com:80/jugadores/jugador.asp?id=562&e=,2026-09-08T14:31:52Z
562,1979,"Criollos, Caguas",6,16,wayback_bsnpr_players,https://web.archive.org/web/20070828225948id_/http://www.bsnpr.com:80/jugadores/jugador.asp?id=562&e=,2026-09-08T14:31:52Z
562,1980,"Criollos, Caguas",16,37,wayback_bsnpr_players,https://web.archive.org/web/20070828225948id_/http://www.bsnpr.com:80/jugadores/jugador.asp?id=562&e=,2026-09-08T14:31:52Z
565,1987,"Cariduros, Fajardo",9,9,wayback_bsnpr_players,https://web.archive.org/web/20070829042729id_/http://www.bsnpr.com:80/jugadores/jugador.asp?id=565&e=,2026-09-08T14:31:54Z
566,1981,"Brujos, Guayama",3,3,wayback_bsnpr_players,https://web.archive.org/web/20070828225327id_/http://www.bsnpr.com:80/jugadores/jugador.asp?id=566&e=,2026-09-08T14:31:55Z
572,1993,"Tiburones, Aguadilla",4,0,wayback_bsnpr_players,https://web.archive.org/web/20070828230928id_/http://www.bsnpr.com:80/jugadores/jugador.asp?id=572&e=,2026-09-08T14:31:57Z
574,1996,"Piratas, Quebradillas",27,231,wayback_bsnpr_players,https://web.archive.org/web/20170715120228id_/http://www.bsnpr.com:80/jugadores/jugador.asp?id=574&e=,2026-09-08T14:31:59Z
574,1997,"Piratas, Quebradillas",17,109,wayback_bsnpr_players,https://web.archive.org/web/20170715120228id_/http://www.bsnpr.com:80/jugadores/jugador.asp?id=574&e=,2026-09-08T14:31:59Z
574,1999,"Piratas, Quebradillas",28,288,wayback_bsnpr_players,https://web.archive.org/web/20170715120228id_/http://www.bsnpr.com:80/jugadores/jugador.asp?id=574&e=,2026-09-08T14:31:59Z
574,2000,"Atleticos, San German",28,455,wayback_bsnpr_players,https://web.archive.org/web/20170715120228id_/http://www.bsnpr.com:80/jugadores/jugador.asp?id=574&e=,2026-09-08T14:31:59Z
574,2001,"Atleticos, San German",26,580,wayback_bsnpr_players,https://web.archive.org/web/20170715120228id_/http://www.bsnpr.com:80/jugadores/jugador.asp?id=574&e=,2026-09-08T14:31:59Z
574,2002,"Atleticos, San German",29,703,wayback_bsnpr_players,https://web.archive.org/web/20170715120228id_/http://www.bsnpr.com:80/jugadores/jugador.asp?id=574&e=,2026-09-08T14:31:59Z
574,2003,"Atleticos, San German",4,78,wayback_bsnpr_players,https://web.archive.org/web/20170715120228id_/http://www.bsnpr.com:80/jugadores/jugador.asp?id=574&e=,2026-09-08T14:31:59Z
574,2005,"Capitanes, Arecibo",31,742,wayback_bsnpr_players,https://web.archive.org/web/20170715120228id_/http://www.bsnpr.com:80/jugadores/jugador.asp?id=574&e=,2026-09-08T14:31:59Z
574,2006,"Capitanes, Arecibo",26,517,wayback_bsnpr_players,https://web.archive.org/web/20170715120228id_/http://www.bsnpr.com:80/jugadores/jugador.asp?id=574&e=,2026-09-08T14:31:59Z
574,2007,"Cangrejeros, Santurce",7,172,wayback_bsnpr_players,https://web.archive.org/web/20170715120228id_/http://www.bsnpr.com:80/jugadores/jugador.asp?id=574&e=,2026-09-08T14:31:59Z
574,2008,"Cangrejeros, Santurce",30,590,wayback_bsnpr_players,https://web.archive.org/web/20170715120228id_/http://www.bsnpr.com:80/jugadores/jugador.asp?id=574&e=,2026-09-08T14:31:59Z
574,2009,"Cangrejeros, Santurce",30,656,wayback_bsnpr_players,https://web.archive.org/web/20170715120228id_/http://www.bsnpr.com:80/jugadores/jugador.asp?id=574&e=,2026-09-08T14:31:59Z
574,2010,"Capitanes, Arecibo",29,527,wayback_bsnpr_players,https://web.archive.org/web/20170715120228id_/http://www.bsnpr.com:80/jugadores/jugador.asp?id=574&e=,2026-09-08T14:31:59Z
574,2011,"Capitanes, Arecibo",22,417,wayback_bsnpr_players,https://web.archive.org/web/20170715120228id_/http://www.bsnpr.com:80/jugadores/jugador.asp?id=574&e=,2026-09-08T14:31:59Z
574,2012,"Capitanes, Arecibo",27,488,wayback_bsnpr_players,https://web.archive.org/web/20170715120228id_/http://www.bsnpr.com:80/jugadores/jugador.asp?id=574&e=,2026-09-08T14:31:59Z
574,2013,"Mets, Guaynabo",36,715,wayback_bsnpr_players,https://web.archive.org/web/20170715120228id_/http://www.bsnpr.com:80/jugadores/jugador.asp?id=574&e=,2026-09-08T14:31:59Z
574,2014,"Vaqueros, Bayamon",36,609,wayback_bsnpr_players,https://web.archive.org/web/20170715120228id_/http://www.bsnpr.com:80/jugadores/jugador.asp?id=574&e=,2026-09-08T14:31:59Z
574,2015,"Mets, Guaynabo",44,825,wayback_bsnpr_players,https://web.archive.org/web/20170715120228id_/http://www.bsnpr.com:80/jugadores/jugador.asp?id=574&e=,2026-09-08T14:31:59Z
574,2016,"Piratas, Quebradillas",36,525,wayback_bsnpr_players,https://web.archive.org/web/20170715120228id_/http://www.bsnpr.com:80/jugadores/jugador.asp?id=574&e=,2026-09-08T14:31:59Z
574,2017,"Brujos, Guayama",10,107,wayback_bsnpr_players,https://web.archive.org/web/20170715120228id_/http://www.bsnpr.com:80/jugadores/jugador.asp?id=574&e=,2026-09-08T14:31:59Z
574,2017,"Cariduros, Fajardo",26,236,wayback_bsnpr_players,https://web.archive.org/web/20170715120228id_/http://www.bsnpr.com:80/jugadores/jugador.asp?id=574&e=,2026-09-08T14:31:59Z
578,2000,"Piratas, Quebradillas",14,22,wayback_bsnpr_players,https://web.archive.org/web/20070828231641id_/http://www.bsnpr.com:80/jugadores/jugador.asp?id=578&e=,2026-09-08T14:32:01Z
578,2003,"Gigantes, Carolina",21,128,wayback_bsnpr_players,https://web.archive.org/web/20070828231641id_/http://www.bsnpr.com:80/jugadores/jugador.asp?id=578&e=,2026-09-08T14:32:01Z
578,2004,"Gigantes, Carolina",24,115,wayback_bsnpr_players,https://web.archive.org/web/20070828231641id_/http://www.bsnpr.com:80/jugadores/jugador.asp?id=578&e=,2026-09-08T14:32:01Z
579,2001,"Capitanes, Arecibo",10,42,wayback_bsnpr_players,https://web.archive.org/web/20070829040948id_/http://www.bsnpr.com:80/jugadores/jugador.asp?id=579&e=,2026-09-08T14:32:03Z
580,2001,"Piratas, Quebradillas",13,15,wayback_bsnpr_players,https://web.archive.org/web/20090624063720id_/http://www.bsnpr.com:80/jugadores/jugador.asp?id=580&e=9,2026-09-08T14:32:05Z
580,2002,"Piratas, Quebradillas",2,0,wayback_bsnpr_players,https://web.archive.org/web/20090624063720id_/http://www.bsnpr.com:80/jugadores/jugador.asp?id=580&e=9,2026-09-08T14:32:05Z
580,2003,"Titanes, Morovis",25,111,wayback_bsnpr_players,https://web.archive.org/web/20090624063720id_/http://www.bsnpr.com:80/jugadores/jugador.asp?id=580&e=9,2026-09-08T14:32:05Z
580,2004,"Gallitos, Isabela",28,211,wayback_bsnpr_players,https://web.archive.org/web/20090624063720id_/http://www.bsnpr.com:80/jugadores/jugador.asp?id=580&e=9,2026-09-08T14:32:05Z
580,2005,"Gallitos, Isabela",28,163,wayback_bsnpr_players,https://web.archive.org/web/20090624063720id_/http://www.bsnpr.com:80/jugadores/jugador.asp?id=580&e=9,2026-09-08T14:32:05Z
580,2006,"Conquistadores, Guaynabo",24,96,wayback_bsnpr_players,https://web.archive.org/web/20090624063720id_/http://www.bsnpr.com:80/jugadores/jugador.asp?id=580&e=9,2026-09-08T14:32:05Z
580,2007,"Conquistadores, Guaynabo",30,245,wayback_bsnpr_players,https://web.archive.org/web/20090624063720id_/http://www.bsnpr.com:80/jugadores/jugador.asp?id=580&e=9,2026-09-08T14:32:05Z
580,2008,"Cariduros, Fajardo",16,43,wayback_bsnpr_players,https://web.archive.org/web/20090624063720id_/http://www.bsnpr.com:80/jugadores/jugador.asp?id=580&e=9,2026-09-08T14:32:05Z
580,2008,"Vaqueros, Bayamon",7,2,wayback_bsnpr_players,https://web.archive.org/web/20090624063720id_/http://www.bsnpr.com:80/jugadores/jugador.asp?id=580&e=9,2026-09-08T14:32:05Z
581,1982,"Brujos, Guayama",32,736,wayback_bsnpr_players,https://web.archive.org/web/20201227135556id_/https://www.bsnpr.com/jugadores/jugador.asp?id=581&e=,2026-09-08T14:32:07Z
581,1983,"Brujos, Guayama",23,570,wayback_bsnpr_players,https://web.archive.org/web/20201227135556id_/https://www.bsnpr.com/jugadores/jugador.asp?id=581&e=,2026-09-08T14:32:07Z
590,1996,"Polluelos, Aibonito",7,10,wayback_bsnpr_players,https://web.archive.org/web/20070828230440id_/http://www.bsnpr.com:80/jugadores/jugador.asp?id=590&e=,2026-09-08T14:32:09Z
591,1991,"Conquistadores, Guaynabo",4,7,wayback_bsnpr_players,https://web.archive.org/web/20070828231817id_/http://www.bsnpr.com:80/jugadores/jugador.asp?id=591&e=,2026-09-08T14:32:10Z
594,2001,"Vaqueros, Bayamon",7,15,wayback_bsnpr_players,https://web.archive.org/web/20070828231458id_/http://www.bsnpr.com:80/jugadores/jugador.asp?id=594&e=,2026-09-08T14:32:12Z
598,1974,"Indios, Mayaguez",31,210,wayback_bsnpr_players,https://web.archive.org/web/20070829040504id_/http://www.bsnpr.com:80/jugadores/jugador.asp?id=598&e=,2026-09-08T14:32:14Z
598,1975,"Indios, Mayaguez",18,81,wayback_bsnpr_players,https://web.archive.org/web/20070829040504id_/http://www.bsnpr.com:80/jugadores/jugador.asp?id=598&e=,2026-09-08T14:32:14Z
598,1977,"Capitanes, Arecibo",30,252,wayback_bsnpr_players,https://web.archive.org/web/20070829040504id_/http://www.bsnpr.com:80/jugadores/jugador.asp?id=598&e=,2026-09-08T14:32:14Z
598,1978,"Capitanes, Arecibo",28,174,wayback_bsnpr_players,https://web.archive.org/web/20070829040504id_/http://www.bsnpr.com:80/jugadores/jugador.asp?id=598&e=,2026-09-08T14:32:14Z
598,1979,"Atleticos, San German",26,123,wayback_bsnpr_players,https://web.archive.org/web/20070829040504id_/http://www.bsnpr.com:80/jugadores/jugador.asp?id=598&e=,2026-09-08T14:32:14Z
599,1973,"Cariduros, Fajardo",8,16,wayback_bsnpr_players,https://web.archive.org/web/20070829040011id_/http://www.bsnpr.com:80/jugadores/jugador.asp?id=599&e=,2026-09-08T14:32:16Z
601,1999,"Gallitos, Isabela",2,6,wayback_bsnpr_players,https://web.archive.org/web/20070828231544id_/http://www.bsnpr.com:80/jugadores/jugador.asp?id=601&e=,2026-09-08T14:32:18Z
612,1996,"Gallitos, Isabela",13,19,wayback_bsnpr_players,https://web.archive.org/web/20070828230149id_/http://www.bsnpr.com:80/jugadores/jugador.asp?id=612&e=,2026-09-08T14:32:20Z
612,1996,"Indios, Mayaguez",21,16,wayback_bsnpr_players,https://web.archive.org/web/20070828230149id_/http://www.bsnpr.com:80/jugadores/jugador.asp?id=612&e=,2026-09-08T14:32:20Z
612,1997,"Gallitos, Isabela",8,1,wayback_bsnpr_players,https://web.archive.org/web/20070828230149id_/http://www.bsnpr.com:80/jugadores/jugador.asp?id=612&e=,2026-09-08T14:32:20Z
612,1998,"Indios, Mayaguez",13,22,wayback_bsnpr_players,https://web.archive.org/web/20070828230149id_/http://www.bsnpr.com:80/jugadores/jugador.asp?id=612&e=,2026-09-08T14:32:20Z
618,2006,"Cangrejeros, Santurce",20,280,wayback_bsnpr_players,https://web.archive.org/web/20071211045840id_/http://bsnpr.com:80/jugadores/jugador.asp?id=618&e=,2026-09-08T14:32:23Z
618,2007,"Cariduros, Fajardo",11,64,wayback_bsnpr_players,https://web.archive.org/web/20071211045840id_/http://bsnpr.com:80/jugadores/jugador.asp?id=618&e=,2026-09-08T14:32:23Z
621,1992,"Piratas, Quebradillas",25,120,wayback_bsnpr_players,https://web.archive.org/web/20070829042653id_/http://www.bsnpr.com:80/jugadores/jugador.asp?id=621&e=,2026-09-08T14:32:25Z
621,1993,"Piratas, Quebradillas",31,197,wayback_bsnpr_players,https://web.archive.org/web/20070829042653id_/http://www.bsnpr.com:80/jugadores/jugador.asp?id=621&e=,2026-09-08T14:32:25Z
621,1994,"Criollos, Caguas",16,32,wayback_bsnpr_players,https://web.archive.org/web/20070829042653id_/http://www.bsnpr.com:80/jugadores/jugador.asp?id=621&e=,2026-09-08T14:32:25Z
621,1996,"Santeros, Aguada",33,204,wayback_bsnpr_players,https://web.archive.org/web/20070829042653id_/http://www.bsnpr.com:80/jugadores/jugador.asp?id=621&e=,2026-09-08T14:32:25Z
624,1996,"Brujos, Guayama",15,15,wayback_bsnpr_players,https://web.archive.org/web/20140122200729id_/http://www.bsnpr.com:80/jugadores/jugador.asp?id=624&e=,2026-09-08T14:32:29Z
624,1997,"Brujos, Guayama",17,30,wayback_bsnpr_players,https://web.archive.org/web/20140122200729id_/http://www.bsnpr.com:80/jugadores/jugador.asp?id=624&e=,2026-09-08T14:32:29Z
624,1998,"Brujos, Guayama",26,92,wayback_bsnpr_players,https://web.archive.org/web/20140122200729id_/http://www.bsnpr.com:80/jugadores/jugador.asp?id=624&e=,2026-09-08T14:32:29Z
624,1999,"Brujos, Guayama",28,156,wayback_bsnpr_players,https://web.archive.org/web/20140122200729id_/http://www.bsnpr.com:80/jugadores/jugador.asp?id=624&e=,2026-09-08T14:32:29Z
624,2000,"Brujos, Guayama",6,47,wayback_bsnpr_players,https://web.archive.org/web/20140122200729id_/http://www.bsnpr.com:80/jugadores/jugador.asp?id=624&e=,2026-09-08T14:32:29Z
624,2000,"Polluelos, Aibonito",22,256,wayback_bsnpr_players,https://web.archive.org/web/20140122200729id_/http://www.bsnpr.com:80/jugadores/jugador.asp?id=624&e=,2026-09-08T14:32:29Z
624,2001,"Polluelos, Aibonito",23,241,wayback_bsnpr_players,https://web.archive.org/web/20140122200729id_/http://www.bsnpr.com:80/jugadores/jugador.asp?id=624&e=,2026-09-08T14:32:29Z
624,2002,"Cangrejeros, Santurce",29,143,wayback_bsnpr_players,https://web.archive.org/web/20140122200729id_/http://www.bsnpr.com:80/jugadores/jugador.asp?id=624&e=,2026-09-08T14:32:29Z
624,2003,"Cangrejeros, Santurce",30,169,wayback_bsnpr_players,https://web.archive.org/web/20140122200729id_/http://www.bsnpr.com:80/jugadores/jugador.asp?id=624&e=,2026-09-08T14:32:29Z
624,2004,"Cangrejeros, Santurce",30,173,wayback_bsnpr_players,https://web.archive.org/web/20140122200729id_/http://www.bsnpr.com:80/jugadores/jugador.asp?id=624&e=,2026-09-08T14:32:29Z
624,2005,"Leones, Ponce",31,146,wayback_bsnpr_players,https://web.archive.org/web/20140122200729id_/http://www.bsnpr.com:80/jugadores/jugador.asp?id=624&e=,2026-09-08T14:32:29Z
624,2006,"Brujos, Guayama",26,370,wayback_bsnpr_players,https://web.archive.org/web/20140122200729id_/http://www.bsnpr.com:80/jugadores/jugador.asp?id=624&e=,2026-09-08T14:32:29Z
624,2007,"Brujos, Guayama",30,538,wayback_bsnpr_players,https://web.archive.org/web/20140122200729id_/http://www.bsnpr.com:80/jugadores/jugador.asp?id=624&e=,2026-09-08T14:32:29Z
624,2008,"Capitanes, Arecibo",21,141,wayback_bsnpr_players,https://web.archive.org/web/20140122200729id_/http://www.bsnpr.com:80/jugadores/jugador.asp?id=624&e=,2026-09-08T14:32:29Z
624,2009,"Vaqueros, Bayamon",24,77,wayback_bsnpr_players,https://web.archive.org/web/20140122200729id_/http://www.bsnpr.com:80/jugadores/jugador.asp?id=624&e=,2026-09-08T14:32:29Z
624,2010,"Vaqueros, Bayamon",25,84,wayback_bsnpr_players,https://web.archive.org/web/20140122200729id_/http://www.bsnpr.com:80/jugadores/jugador.asp?id=624&e=,2026-09-08T14:32:29Z
624,2011,"Indios, Mayaguez",31,201,wayback_bsnpr_players,https://web.archive.org/web/20140122200729id_/http://www.bsnpr.com:80/jugadores/jugador.asp?id=624&e=,2026-09-08T14:32:29Z
624,2012,"Brujos, Guayama",28,174,wayback_bsnpr_players,https://web.archive.org/web/20140122200729id_/http://www.bsnpr.com:80/jugadores/jugador.asp?id=624&e=,2026-09-08T14:32:29Z
624,2013,"Brujos, Guayama",33,206,wayback_bsnpr_players,https://web.archive.org/web/20140122200729id_/http://www.bsnpr.com:80/jugadores/jugador.asp?id=624&e=,2026-09-08T14:32:29Z
626,1994,"Polluelos, Aibonito",2,0,wayback_bsnpr_players,https://web.archive.org/web/20070829042415id_/http://www.bsnpr.com:80/jugadores/jugador.asp?id=626&e=,2026-09-08T14:32:31Z
630,2006,"Conquistadores, Guaynabo",10,30,wayback_bsnpr_players,https://web.archive.org/web/20080229064900id_/http://www.bsnpr.com:80/jugadores/jugador.asp?id=630&e=3,2026-09-08T14:32:35Z
630,2007,"Conquistadores, Guaynabo",8,4,wayback_bsnpr_players,https://web.archive.org/web/20080229064900id_/http://www.bsnpr.com:80/jugadores/jugador.asp?id=630&e=3,2026-09-08T14:32:35Z
630,2007,"Maratonistas, Coamo",5,31,wayback_bsnpr_players,https://web.archive.org/web/20080229064900id_/http://www.bsnpr.com:80/jugadores/jugador.asp?id=630&e=3,2026-09-08T14:32:35Z
651,1988,"Atleticos, San German",7,6,wayback_bsnpr_players,https://web.archive.org/web/20191215231529id_/https://www.bsnpr.com/jugadores/jugador.asp?id=651,2026-09-08T14:32:37Z
651,1989,"Atleticos, San German",11,14,wayback_bsnpr_players,https://web.archive.org/web/20191215231529id_/https://www.bsnpr.com/jugadores/jugador.asp?id=651,2026-09-08T14:32:37Z
651,1990,"Atleticos, San German",12,23,wayback_bsnpr_players,https://web.archive.org/web/20191215231529id_/https://www.bsnpr.com/jugadores/jugador.asp?id=651,2026-09-08T14:32:37Z
651,1991,"Atleticos, San German",22,54,wayback_bsnpr_players,https://web.archive.org/web/20191215231529id_/https://www.bsnpr.com/jugadores/jugador.asp?id=651,2026-09-08T14:32:37Z
651,1992,"Santeros, Aguada",28,184,wayback_bsnpr_players,https://web.archive.org/web/20191215231529id_/https://www.bsnpr.com/jugadores/jugador.asp?id=651,2026-09-08T14:32:37Z
651,1993,"Santeros, Aguada",31,245,wayback_bsnpr_players,https://web.archive.org/web/20191215231529id_/https://www.bsnpr.com/jugadores/jugador.asp?id=651,2026-09-08T14:32:37Z
651,1994,"Santeros, Aguada",29,158,wayback_bsnpr_players,https://web.archive.org/web/20191215231529id_/https://www.bsnpr.com/jugadores/jugador.asp?id=651,2026-09-08T14:32:37Z
651,1995,"Santeros, Aguada",28,344,wayback_bsnpr_players,https://web.archive.org/web/20191215231529id_/https://www.bsnpr.com/jugadores/jugador.asp?id=651,2026-09-08T14:32:37Z
651,1996,"Indios, Mayaguez",29,444,wayback_bsnpr_players,https://web.archive.org/web/20191215231529id_/https://www.bsnpr.com/jugadores/jugador.asp?id=651,2026-09-08T14:32:37Z
651,1997,"Santeros, Aguada",25,177,wayback_bsnpr_players,https://web.archive.org/web/20191215231529id_/https://www.bsnpr.com/jugadores/jugador.asp?id=651,2026-09-08T14:32:37Z
651,1998,"Vaqueros, Bayamon",30,200,wayback_bsnpr_players,https://web.archive.org/web/20191215231529id_/https://www.bsnpr.com/jugadores/jugador.asp?id=651,2026-09-08T14:32:37Z
651,1999,"Mets, Guaynabo",21,108,wayback_bsnpr_players,https://web.archive.org/web/20191215231529id_/https://www.bsnpr.com/jugadores/jugador.asp?id=651,2026-09-08T14:32:37Z
651,2000,"Indios, Mayaguez",17,23,wayback_bsnpr_players,https://web.archive.org/web/20191215231529id_/https://www.bsnpr.com/jugadores/jugador.asp?id=651,2026-09-08T14:32:37Z
651,2001,"Indios, Mayaguez",1,0,wayback_bsnpr_players,https://web.archive.org/web/20191215231529id_/https://www.bsnpr.com/jugadores/jugador.asp?id=651,2026-09-08T14:32:37Z
651,2001,"Leones, Ponce",15,45,wayback_bsnpr_players,https://web.archive.org/web/20191215231529id_/https://www.bsnpr.com/jugadores/jugador.asp?id=651,2026-09-08T14:32:37Z
651,2002,"Leones, Ponce",29,46,wayback_bsnpr_players,https://web.archive.org/web/20191215231529id_/https://www.bsnpr.com/jugadores/jugador.asp?id=651,2026-09-08T14:32:37Z
651,2003,"Leones, Ponce",28,32,wayback_bsnpr_players,https://web.archive.org/web/20191215231529id_/https://www.bsnpr.com/jugadores/jugador.asp?id=651,2026-09-08T14:32:37Z
651,2004,"Atleticos, San German",17,7,wayback_bsnpr_players,https://web.archive.org/web/20191215231529id_/https://www.bsnpr.com/jugadores/jugador.asp?id=651,2026-09-08T14:32:37Z
651,2005,"Atleticos, San German",8,0,wayback_bsnpr_players,https://web.archive.org/web/20191215231529id_/https://www.bsnpr.com/jugadores/jugador.asp?id=651,2026-09-08T14:32:37Z
652,1994,"Brujos, Guayama",5,10,wayback_bsnpr_players,https://web.archive.org/web/20070829035143id_/http://www.bsnpr.com:80/jugadores/jugador.asp?id=652&e=,2026-09-08T14:32:39Z
664,1980,"Indios, Canovanas",6,6,wayback_bsnpr_players,https://web.archive.org/web/20070829042030id_/http://www.bsnpr.com:80/jugadores/jugador.asp?id=664&e=,2026-09-08T14:32:41Z
667,1961,"Atleticos, San German",8,1,wayback_bsnpr_players,https://web.archive.org/web/20070829041604id_/http://www.bsnpr.com:80/jugadores/jugador.asp?id=667&e=,2026-09-08T14:32:43Z
667,1962,"Atleticos, San German",10,31,wayback_bsnpr_players,https://web.archive.org/web/20070829041604id_/http://www.bsnpr.com:80/jugadores/jugador.asp?id=667&e=,2026-09-08T14:32:43Z
667,1963,"Atleticos, San German",17,154,wayback_bsnpr_players,https://web.archive.org/web/20070829041604id_/http://www.bsnpr.com:80/jugadores/jugador.asp?id=667&e=,2026-09-08T14:32:43Z
667,1964,"Atleticos, San German",20,162,wayback_bsnpr_players,https://web.archive.org/web/20070829041604id_/http://www.bsnpr.com:80/jugadores/jugador.asp?id=667&e=,2026-09-08T14:32:43Z
667,1965,"Atleticos, San German",12,55,wayback_bsnpr_players,https://web.archive.org/web/20070829041604id_/http://www.bsnpr.com:80/jugadores/jugador.asp?id=667&e=,2026-09-08T14:32:43Z
667,1968,"Atleticos, San German",4,12,wayback_bsnpr_players,https://web.archive.org/web/20070829041604id_/http://www.bsnpr.com:80/jugadores/jugador.asp?id=667&e=,2026-09-08T14:32:43Z
670,1976,"Gallitos, Isabela",6,9,wayback_bsnpr_players,https://web.archive.org/web/20070829040745id_/http://www.bsnpr.com:80/jugadores/jugador.asp?id=670&e=,2026-09-08T14:32:45Z
671,1963,"Piratas, Quebradillas",11,14,wayback_bsnpr_players,https://web.archive.org/web/20070828230156id_/http://www.bsnpr.com:80/jugadores/jugador.asp?id=671&e=,2026-09-08T14:32:47Z
671,1964,"Piratas, Quebradillas",10,26,wayback_bsnpr_players,https://web.archive.org/web/20070828230156id_/http://www.bsnpr.com:80/jugadores/jugador.asp?id=671&e=,2026-09-08T14:32:47Z
673,1983,"Cardenales, Rio Piedras",12,24,wayback_bsnpr_players,https://web.archive.org/web/20070828230354id_/http://www.bsnpr.com:80/jugadores/jugador.asp?id=673&e=,2026-09-08T14:32:50Z
673,1984,"Cardenales, Rio Piedras",23,55,wayback_bsnpr_players,https://web.archive.org/web/20070828230354id_/http://www.bsnpr.com:80/jugadores/jugador.asp?id=673&e=,2026-09-08T14:32:50Z
673,1986,"Maratonistas, Coamo",33,359,wayback_bsnpr_players,https://web.archive.org/web/20070828230354id_/http://www.bsnpr.com:80/jugadores/jugador.asp?id=673&e=,2026-09-08T14:32:50Z
673,1987,"Maratonistas, Coamo",29,187,wayback_bsnpr_players,https://web.archive.org/web/20070828230354id_/http://www.bsnpr.com:80/jugadores/jugador.asp?id=673&e=,2026-09-08T14:32:50Z
673,1988,"Gallitos, Isabela",33,144,wayback_bsnpr_players,https://web.archive.org/web/20070828230354id_/http://www.bsnpr.com:80/jugadores/jugador.asp?id=673&e=,2026-09-08T14:32:50Z
673,1989,"Tainos, Cabo Rojo",30,167,wayback_bsnpr_players,https://web.archive.org/web/20070828230354id_/http://www.bsnpr.com:80/jugadores/jugador.asp?id=673&e=,2026-09-08T14:32:50Z
673,1990,"Polluelos, Aibonito",30,180,wayback_bsnpr_players,https://web.archive.org/web/20070828230354id_/http://www.bsnpr.com:80/jugadores/jugador.asp?id=673&e=,2026-09-08T14:32:50Z
673,1991,"Polluelos, Aibonito",29,99,wayback_bsnpr_players,https://web.archive.org/web/20070828230354id_/http://www.bsnpr.com:80/jugadores/jugador.asp?id=673&e=,2026-09-08T14:32:50Z
673,1992,"Vaqueros, Bayamon",25,87,wayback_bsnpr_players,https://web.archive.org/web/20070828230354id_/http://www.bsnpr.com:80/jugadores/jugador.asp?id=673&e=,2026-09-08T14:32:50Z
673,1993,"Santos, San Juan",32,100,wayback_bsnpr_players,https://web.archive.org/web/20070828230354id_/http://www.bsnpr.com:80/jugadores/jugador.asp?id=673&e=,2026-09-08T14:32:50Z
673,1995,"Maratonistas, Coamo",8,11,wayback_bsnpr_players,https://web.archive.org/web/20070828230354id_/http://www.bsnpr.com:80/jugadores/jugador.asp?id=673&e=,2026-09-08T14:32:50Z
673,1996,"Capitanes, Arecibo",5,2,wayback_bsnpr_players,https://web.archive.org/web/20070828230354id_/http://www.bsnpr.com:80/jugadores/jugador.asp?id=673&e=,2026-09-08T14:32:50Z
676,1978,"Gigantes, Carolina",13,30,wayback_bsnpr_players,https://web.archive.org/web/20070829035234id_/http://www.bsnpr.com:80/jugadores/jugador.asp?id=676&e=,2026-09-08T14:32:52Z
676,1979,"Gigantes, Carolina",5,19,wayback_bsnpr_players,https://web.archive.org/web/20070829035234id_/http://www.bsnpr.com:80/jugadores/jugador.asp?id=676&e=,2026-09-08T14:32:52Z
676,1980,"Gigantes, Carolina",18,136,wayback_bsnpr_players,https://web.archive.org/web/20070829035234id_/http://www.bsnpr.com:80/jugadores/jugador.asp?id=676&e=,2026-09-08T14:32:52Z
676,1981,"Gigantes, Carolina",33,202,wayback_bsnpr_players,https://web.archive.org/web/20070829035234id_/http://www.bsnpr.com:80/jugadores/jugador.asp?id=676&e=,2026-09-08T14:32:52Z
676,1982,"Indios, Canovanas",33,295,wayback_bsnpr_players,https://web.archive.org/web/20070829035234id_/http://www.bsnpr.com:80/jugadores/jugador.asp?id=676&e=,2026-09-08T14:32:52Z
676,1983,"Indios, Canovanas",31,284,wayback_bsnpr_players,https://web.archive.org/web/20070829035234id_/http://www.bsnpr.com:80/jugadores/jugador.asp?id=676&e=,2026-09-08T14:32:52Z
676,1984,"Indios, Canovanas",29,462,wayback_bsnpr_players,https://web.archive.org/web/20070829035234id_/http://www.bsnpr.com:80/jugadores/jugador.asp?id=676&e=,2026-09-08T14:32:52Z
676,1985,"Indios, Canovanas",32,585,wayback_bsnpr_players,https://web.archive.org/web/20070829035234id_/http://www.bsnpr.com:80/jugadores/jugador.asp?id=676&e=,2026-09-08T14:32:52Z
676,1986,"Indios, Canovanas",30,567,wayback_bsnpr_players,https://web.archive.org/web/20070829035234id_/http://www.bsnpr.com:80/jugadores/jugador.asp?id=676&e=,2026-09-08T14:32:52Z
676,1987,"Indios, Canovanas",30,467,wayback_bsnpr_players,https://web.archive.org/web/20070829035234id_/http://www.bsnpr.com:80/jugadores/jugador.asp?id=676&e=,2026-09-08T14:32:52Z
676,1988,"Indios, Canovanas",33,507,wayback_bsnpr_players,https://web.archive.org/web/20070829035234id_/http://www.bsnpr.com:80/jugadores/jugador.asp?id=676&e=,2026-09-08T14:32:52Z
676,1989,"Conquistadores, Guaynabo",31,364,wayback_bsnpr_players,https://web.archive.org/web/20070829035234id_/http://www.bsnpr.com:80/jugadores/jugador.asp?id=676&e=,2026-09-08T14:32:52Z
676,1990,"Conquistadores, Guaynabo",30,367,wayback_bsnpr_players,https://web.archive.org/web/20070829035234id_/http://www.bsnpr.com:80/jugadores/jugador.asp?id=676&e=,2026-09-08T14:32:52Z
676,1991,"Conquistadores, Guaynabo",30,347,wayback_bsnpr_players,https://web.archive.org/web/20070829035234id_/http://www.bsnpr.com:80/jugadores/jugador.asp?id=676&e=,2026-09-08T14:32:52Z
676,1992,"Criollos, Caguas",28,236,wayback_bsnpr_players,https://web.archive.org/web/20070829035234id_/http://www.bsnpr.com:80/jugadores/jugador.asp?id=676&e=,2026-09-08T14:32:52Z
676,1993,"Criollos, Caguas",27,113,wayback_bsnpr_players,https://web.archive.org/web/20070829035234id_/http://www.bsnpr.com:80/jugadores/jugador.asp?id=676&e=,2026-09-08T14:32:52Z
676,1994,"Vaqueros, Bayamon",27,104,wayback_bsnpr_players,https://web.archive.org/web/20070829035234id_/http://www.bsnpr.com:80/jugadores/jugador.asp?id=676&e=,2026-09-08T14:32:52Z
676,1995,"Vaqueros, Bayamon",32,119,wayback_bsnpr_players,https://web.archive.org/web/20070829035234id_/http://www.bsnpr.com:80/jugadores/jugador.asp?id=676&e=,2026-09-08T14:32:52Z
676,1996,"Santos, San Juan",8,4,wayback_bsnpr_players,https://web.archive.org/web/20070829035234id_/http://www.bsnpr.com:80/jugadores/jugador.asp?id=676&e=,2026-09-08T14:32:52Z
683,1978,"Piratas, Quebradillas",3,0,wayback_bsnpr_players,https://web.archive.org/web/20070829041429id_/http://www.bsnpr.com:80/jugadores/jugador.asp?id=683&e=,2026-09-08T14:32:54Z
684,1962,"Piratas, Quebradillas",4,7,wayback_bsnpr_players,https://web.archive.org/web/20070829042723id_/http://www.bsnpr.com:80/jugadores/jugador.asp?id=684&e=,2026-09-08T14:32:55Z
688,1999,"Maratonistas, Coamo",19,27,wayback_bsnpr_players,https://web.archive.org/web/20090110024922id_/http://www.bsnpr.com:80/jugadores/jugador.asp?id=688&e=,2026-09-08T14:32:57Z
688,2000,"Maratonistas, Coamo",11,15,wayback_bsnpr_players,https://web.archive.org/web/20090110024922id_/http://www.bsnpr.com:80/jugadores/jugador.asp?id=688&e=,2026-09-08T14:32:57Z
688,2001,"Maratonistas, Coamo",8,23,wayback_bsnpr_players,https://web.archive.org/web/20090110024922id_/http://www.bsnpr.com:80/jugadores/jugador.asp?id=688&e=,2026-09-08T14:32:57Z
688,2002,"Maratonistas, Coamo",10,14,wayback_bsnpr_players,https://web.archive.org/web/20090110024922id_/http://www.bsnpr.com:80/jugadores/jugador.asp?id=688&e=,2026-09-08T14:32:57Z
688,2003,"Maratonistas, Coamo",16,27,wayback_bsnpr_players,https://web.archive.org/web/20090110024922id_/http://www.bsnpr.com:80/jugadores/jugador.asp?id=688&e=,2026-09-08T14:32:57Z
688,2004,"Maratonistas, Coamo",19,40,wayback_bsnpr_players,https://web.archive.org/web/20090110024922id_/http://www.bsnpr.com:80/jugadores/jugador.asp?id=688&e=,2026-09-08T14:32:57Z
688,2005,"Maratonistas, Coamo",6,4,wayback_bsnpr_players,https://web.archive.org/web/20090110024922id_/http://www.bsnpr.com:80/jugadores/jugador.asp?id=688&e=,2026-09-08T14:32:57Z
688,2006,"Criollos, Caguas",14,34,wayback_bsnpr_players,https://web.archive.org/web/20090110024922id_/http://www.bsnpr.com:80/jugadores/jugador.asp?id=688&e=,2026-09-08T14:32:57Z
688,2007,"Criollos, Caguas",16,36,wayback_bsnpr_players,https://web.archive.org/web/20090110024922id_/http://www.bsnpr.com:80/jugadores/jugador.asp?id=688&e=,2026-09-08T14:32:57Z
688,2008,"Criollos, Caguas",10,12,wayback_bsnpr_players,https://web.archive.org/web/20090110024922id_/http://www.bsnpr.com:80/jugadores/jugador.asp?id=688&e=,2026-09-08T14:32:57Z
696,2001,"Indios, Mayaguez",0,0,wayback_bsnpr_players,https://web.archive.org/web/20070829042738id_/http://www.bsnpr.com:80/jugadores/jugador.asp?id=696&e=,2026-09-08T14:32:59Z
697,1994,"Maratonistas, Coamo",10,14,wayback_bsnpr_players,https://web.archive.org/web/20091209191937id_/http://www.bsnpr.com:80/jugadores/jugador.asp?id=697&e=,2026-09-08T14:33:01Z
697,1995,"Maratonistas, Coamo",31,291,wayback_bsnpr_players,https://web.archive.org/web/20091209191937id_/http://www.bsnpr.com:80/jugadores/jugador.asp?id=697&e=,2026-09-08T14:33:01Z
697,1996,"Avancinos, Villalba",30,259,wayback_bsnpr_players,https://web.archive.org/web/20091209191937id_/http://www.bsnpr.com:80/jugadores/jugador.asp?id=697&e=,2026-09-08T14:33:01Z
697,1997,"Avancinos, Villalba",32,398,wayback_bsnpr_players,https://web.archive.org/web/20091209191937id_/http://www.bsnpr.com:80/jugadores/jugador.asp?id=697&e=,2026-09-08T14:33:01Z
697,1998,"Avancinos, Villalba",28,403,wayback_bsnpr_players,https://web.archive.org/web/20091209191937id_/http://www.bsnpr.com:80/jugadores/jugador.asp?id=697&e=,2026-09-08T14:33:01Z
697,1999,"Indios, Mayaguez",20,364,wayback_bsnpr_players,https://web.archive.org/web/20091209191937id_/http://www.bsnpr.com:80/jugadores/jugador.asp?id=697&e=,2026-09-08T14:33:01Z
697,2000,"Indios, Mayaguez",18,279,wayback_bsnpr_players,https://web.archive.org/web/20091209191937id_/http://www.bsnpr.com:80/jugadores/jugador.asp?id=697&e=,2026-09-08T14:33:01Z
697,2002,"Indios, Mayaguez",18,107,wayback_bsnpr_players,https://web.archive.org/web/20091209191937id_/http://www.bsnpr.com:80/jugadores/jugador.asp?id=697&e=,2026-09-08T14:33:01Z
697,2002,"Maratonistas, Coamo",8,60,wayback_bsnpr_players,https://web.archive.org/web/20091209191937id_/http://www.bsnpr.com:80/jugadores/jugador.asp?id=697&e=,2026-09-08T14:33:01Z
697,2003,"Maratonistas, Coamo",31,245,wayback_bsnpr_players,https://web.archive.org/web/20091209191937id_/http://www.bsnpr.com:80/jugadores/jugador.asp?id=697&e=,2026-09-08T14:33:01Z
697,2004,"Maratonistas, Coamo",27,367,wayback_bsnpr_players,https://web.archive.org/web/20091209191937id_/http://www.bsnpr.com:80/jugadores/jugador.asp?id=697&e=,2026-09-08T14:33:01Z
697,2005,"Maratonistas, Coamo",31,271,wayback_bsnpr_players,https://web.archive.org/web/20091209191937id_/http://www.bsnpr.com:80/jugadores/jugador.asp?id=697&e=,2026-09-08T14:33:01Z
697,2006,"Criollos, Caguas",21,174,wayback_bsnpr_players,https://web.archive.org/web/20091209191937id_/http://www.bsnpr.com:80/jugadores/jugador.asp?id=697&e=,2026-09-08T14:33:01Z
697,2007,"Criollos, Caguas",30,275,wayback_bsnpr_players,https://web.archive.org/web/20091209191937id_/http://www.bsnpr.com:80/jugadores/jugador.asp?id=697&e=,2026-09-08T14:33:01Z
697,2008,"Criollos, Caguas",29,156,wayback_bsnpr_players,https://web.archive.org/web/20091209191937id_/http://www.bsnpr.com:80/jugadores/jugador.asp?id=697&e=,2026-09-08T14:33:01Z
697,2009,"Conquistadores, Guaynabo",28,95,wayback_bsnpr_players,https://web.archive.org/web/20091209191937id_/http://www.bsnpr.com:80/jugadores/jugador.asp?id=697&e=,2026-09-08T14:33:01Z
698,1995,"Leones, Ponce",4,0,wayback_bsnpr_players,https://web.archive.org/web/20070829040403id_/http://www.bsnpr.com:80/jugadores/jugador.asp?id=698&e=,2026-09-08T14:33:03Z
699,1990,"Cariduros, Fajardo",7,7,wayback_bsnpr_players,https://web.archive.org/web/20070828225322id_/http://www.bsnpr.com:80/jugadores/jugador.asp?id=699&e=,2026-09-08T14:33:05Z
699,1991,"Cariduros, Fajardo",6,6,wayback_bsnpr_players,https://web.archive.org/web/20070828225322id_/http://www.bsnpr.com:80/jugadores/jugador.asp?id=699&e=,2026-09-08T14:33:05Z
699,1993,"Atleticos, San German",17,24,wayback_bsnpr_players,https://web.archive.org/web/20070828225322id_/http://www.bsnpr.com:80/jugadores/jugador.asp?id=699&e=,2026-09-08T14:33:05Z
704,2000,"Maratonistas, Coamo",13,34,wayback_bsnpr_players,https://web.archive.org/web/20170715121350id_/http://www.bsnpr.com:80/jugadores/jugador.asp?id=704&e=,2026-09-08T14:33:09Z
704,2001,"Maratonistas, Coamo",26,339,wayback_bsnpr_players,https://web.archive.org/web/20170715121350id_/http://www.bsnpr.com:80/jugadores/jugador.asp?id=704&e=,2026-09-08T14:33:09Z
704,2002,"Maratonistas, Coamo",24,375,wayback_bsnpr_players,https://web.archive.org/web/20170715121350id_/http://www.bsnpr.com:80/jugadores/jugador.asp?id=704&e=,2026-09-08T14:33:09Z
704,2008,"Gigantes, Carolina",32,370,wayback_bsnpr_players,https://web.archive.org/web/20170715121350id_/http://www.bsnpr.com:80/jugadores/jugador.asp?id=704&e=,2026-09-08T14:33:09Z
704,2009,"Gigantes, Carolina",5,89,wayback_bsnpr_players,https://web.archive.org/web/20170715121350id_/http://www.bsnpr.com:80/jugadores/jugador.asp?id=704&e=,2026-09-08T14:33:09Z
704,2010,"Gallitos, Isabela",29,492,wayback_bsnpr_players,https://web.archive.org/web/20170715121350id_/http://www.bsnpr.com:80/jugadores/jugador.asp?id=704&e=,2026-09-08T14:33:09Z
704,2011,"Atleticos, San German",11,139,wayback_bsnpr_players,https://web.archive.org/web/20170715121350id_/http://www.bsnpr.com:80/jugadores/jugador.asp?id=704&e=,2026-09-08T14:33:09Z
704,2012,"Atleticos, San German",25,376,wayback_bsnpr_players,https://web.archive.org/web/20170715121350id_/http://www.bsnpr.com:80/jugadores/jugador.asp?id=704&e=,2026-09-08T14:33:09Z
704,2013,"Caciques, Humacao",15,171,wayback_bsnpr_players,https://web.archive.org/web/20170715121350id_/http://www.bsnpr.com:80/jugadores/jugador.asp?id=704&e=,2026-09-08T14:33:09Z
704,2014,"Vaqueros, Bayamon",34,393,wayback_bsnpr_players,https://web.archive.org/web/20170715121350id_/http://www.bsnpr.com:80/jugadores/jugador.asp?id=704&e=,2026-09-08T14:33:09Z
704,2015,"Indios, Mayaguez",37,358,wayback_bsnpr_players,https://web.archive.org/web/20170715121350id_/http://www.bsnpr.com:80/jugadores/jugador.asp?id=704&e=,2026-09-08T14:33:09Z
704,2016,"Indios, Mayaguez",32,357,wayback_bsnpr_players,https://web.archive.org/web/20170715121350id_/http://www.bsnpr.com:80/jugadores/jugador.asp?id=704&e=,2026-09-08T14:33:09Z
704,2017,"Cariduros, Fajardo",33,241,wayback_bsnpr_players,https://web.archive.org/web/20170715121350id_/http://www.bsnpr.com:80/jugadores/jugador.asp?id=704&e=,2026-09-08T14:33:09Z
705,1988,"Gallitos, Isabela",33,319,wayback_bsnpr_players,https://web.archive.org/web/20070829041657id_/http://www.bsnpr.com:80/jugadores/jugador.asp?id=705&e=,2026-09-08T14:33:10Z
705,1989,"Capitanes, Arecibo",30,352,wayback_bsnpr_players,https://web.archive.org/web/20070829041657id_/http://www.bsnpr.com:80/jugadores/jugador.asp?id=705&e=,2026-09-08T14:33:10Z
705,1990,"Capitanes, Arecibo",30,329,wayback_bsnpr_players,https://web.archive.org/web/20070829041657id_/http://www.bsnpr.com:80/jugadores/jugador.asp?id=705&e=,2026-09-08T14:33:10Z
705,1991,"Capitanes, Arecibo",29,250,wayback_bsnpr_players,https://web.archive.org/web/20070829041657id_/http://www.bsnpr.com:80/jugadores/jugador.asp?id=705&e=,2026-09-08T14:33:10Z
705,1992,"Capitanes, Arecibo",32,284,wayback_bsnpr_players,https://web.archive.org/web/20070829041657id_/http://www.bsnpr.com:80/jugadores/jugador.asp?id=705&e=,2026-09-08T14:33:10Z
705,1994,"Indios, Mayaguez",4,20,wayback_bsnpr_players,https://web.archive.org/web/20070829041657id_/http://www.bsnpr.com:80/jugadores/jugador.asp?id=705&e=,2026-09-08T14:33:10Z
705,1996,"Capitanes, Arecibo",34,163,wayback_bsnpr_players,https://web.archive.org/web/20070829041657id_/http://www.bsnpr.com:80/jugadores/jugador.asp?id=705&e=,2026-09-08T14:33:10Z
705,1997,"Vaqueros, Bayamon",17,40,wayback_bsnpr_players,https://web.archive.org/web/20070829041657id_/http://www.bsnpr.com:80/jugadores/jugador.asp?id=705&e=,2026-09-08T14:33:10Z
705,1998,"Criollos, Caguas",8,2,wayback_bsnpr_players,https://web.archive.org/web/20070829041657id_/http://www.bsnpr.com:80/jugadores/jugador.asp?id=705&e=,2026-09-08T14:33:10Z
705,2000,"Capitanes, Arecibo",4,2,wayback_bsnpr_players,https://web.archive.org/web/20070829041657id_/http://www.bsnpr.com:80/jugadores/jugador.asp?id=705&e=,2026-09-08T14:33:10Z
705,2003,"Titanes, Morovis",8,10,wayback_bsnpr_players,https://web.archive.org/web/20070829041657id_/http://www.bsnpr.com:80/jugadores/jugador.asp?id=705&e=,2026-09-08T14:33:10Z
706,1965,"Santos, San Juan",16,54,wayback_bsnpr_players,https://web.archive.org/web/20070828230608id_/http://www.bsnpr.com:80/jugadores/jugador.asp?id=706&e=,2026-09-08T14:33:12Z
706,1966,"Santos, San Juan",21,203,wayback_bsnpr_players,https://web.archive.org/web/20070828230608id_/http://www.bsnpr.com:80/jugadores/jugador.asp?id=706&e=,2026-09-08T14:33:12Z
706,1967,"Santos, San Juan",28,244,wayback_bsnpr_players,https://web.archive.org/web/20070828230608id_/http://www.bsnpr.com:80/jugadores/jugador.asp?id=706&e=,2026-09-08T14:33:12Z
706,1968,"Santos, San Juan",19,200,wayback_bsnpr_players,https://web.archive.org/web/20070828230608id_/http://www.bsnpr.com:80/jugadores/jugador.asp?id=706&e=,2026-09-08T14:33:12Z
706,1969,"Santos, San Juan",26,297,wayback_bsnpr_players,https://web.archive.org/web/20070828230608id_/http://www.bsnpr.com:80/jugadores/jugador.asp?id=706&e=,2026-09-08T14:33:12Z
706,1970,"Santos, San Juan",26,393,wayback_bsnpr_players,https://web.archive.org/web/20070828230608id_/http://www.bsnpr.com:80/jugadores/jugador.asp?id=706&e=,2026-09-08T14:33:12Z
706,1971,"Santos, San Juan",26,301,wayback_bsnpr_players,https://web.archive.org/web/20070828230608id_/http://www.bsnpr.com:80/jugadores/jugador.asp?id=706&e=,2026-09-08T14:33:12Z
706,1972,"Gigantes, Carolina",27,492,wayback_bsnpr_players,https://web.archive.org/web/20070828230608id_/http://www.bsnpr.com:80/jugadores/jugador.asp?id=706&e=,2026-09-08T14:33:12Z
706,1973,"Gigantes, Carolina",32,637,wayback_bsnpr_players,https://web.archive.org/web/20070828230608id_/http://www.bsnpr.com:80/jugadores/jugador.asp?id=706&e=,2026-09-08T14:33:12Z
706,1974,"Gigantes, Carolina",31,537,wayback_bsnpr_players,https://web.archive.org/web/20070828230608id_/http://www.bsnpr.com:80/jugadores/jugador.asp?id=706&e=,2026-09-08T14:33:12Z
706,1975,"Gigantes, Carolina",32,692,wayback_bsnpr_players,https://web.archive.org/web/20070828230608id_/http://www.bsnpr.com:80/jugadores/jugador.asp?id=706&e=,2026-09-08T14:33:12Z
706,1976,"Gigantes, Carolina",32,582,wayback_bsnpr_players,https://web.archive.org/web/20070828230608id_/http://www.bsnpr.com:80/jugadores/jugador.asp?id=706&e=,2026-09-08T14:33:12Z
706,1977,"Gigantes, Carolina",32,421,wayback_bsnpr_players,https://web.archive.org/web/20070828230608id_/http://www.bsnpr.com:80/jugadores/jugador.asp?id=706&e=,2026-09-08T14:33:12Z
708,1957,"Piratas, Quebradillas",1,4,wayback_bsnpr_players,https://web.archive.org/web/20070828231345id_/http://www.bsnpr.com:80/jugadores/jugador.asp?id=708&e=,2026-09-08T14:33:15Z
710,1960,"Atleticos, San German",3,11,wayback_bsnpr_players,https://web.archive.org/web/20070828231701id_/http://www.bsnpr.com:80/jugadores/jugador.asp?id=710&e=,2026-09-08T14:33:17Z
710,1961,"Atleticos, San German",20,125,wayback_bsnpr_players,https://web.archive.org/web/20070828231701id_/http://www.bsnpr.com:80/jugadores/jugador.asp?id=710&e=,2026-09-08T14:33:17Z
710,1962,"Atleticos, San German",12,115,wayback_bsnpr_players,https://web.archive.org/web/20070828231701id_/http://www.bsnpr.com:80/jugadores/jugador.asp?id=710&e=,2026-09-08T14:33:17Z
713,2004,"Cangrejeros, Santurce",6,12,wayback_bsnpr_players,https://web.archive.org/web/20070829040625id_/http://www.bsnpr.com:80/jugadores/jugador.asp?id=713&e=,2026-09-08T14:33:19Z
713,2005,"Cangrejeros, Santurce",7,9,wayback_bsnpr_players,https://web.archive.org/web/20070829040625id_/http://www.bsnpr.com:80/jugadores/jugador.asp?id=713&e=,2026-09-08T14:33:19Z
714,1973,"Criollos, Caguas",3,8,wayback_bsnpr_players,https://web.archive.org/web/20070829041744id_/http://www.bsnpr.com:80/jugadores/jugador.asp?id=714&e=,2026-09-08T14:33:21Z
714,1974,"Criollos, Caguas",8,17,wayback_bsnpr_players,https://web.archive.org/web/20070829041744id_/http://www.bsnpr.com:80/jugadores/jugador.asp?id=714&e=,2026-09-08T14:33:21Z
721,1965,"Capitanes, Arecibo",13,32,wayback_bsnpr_players,https://web.archive.org/web/20070828224742id_/http://www.bsnpr.com:80/jugadores/jugador.asp?id=721&e=,2026-09-08T14:33:23Z
721,1966,"Capitanes, Arecibo",10,12,wayback_bsnpr_players,https://web.archive.org/web/20070828224742id_/http://www.bsnpr.com:80/jugadores/jugador.asp?id=721&e=,2026-09-08T14:33:23Z
721,1967,"Capitanes, Arecibo",18,44,wayback_bsnpr_players,https://web.archive.org/web/20070828224742id_/http://www.bsnpr.com:80/jugadores/jugador.asp?id=721&e=,2026-09-08T14:33:23Z
721,1968,"Capitanes, Arecibo",10,12,wayback_bsnpr_players,https://web.archive.org/web/20070828224742id_/http://www.bsnpr.com:80/jugadores/jugador.asp?id=721&e=,2026-09-08T14:33:23Z
721,1969,"Capitanes, Arecibo",16,74,wayback_bsnpr_players,https://web.archive.org/web/20070828224742id_/http://www.bsnpr.com:80/jugadores/jugador.asp?id=721&e=,2026-09-08T14:33:23Z
723,1976,"Capitanes, Arecibo",20,65,wayback_bsnpr_players,https://web.archive.org/web/20070829040954id_/http://www.bsnpr.com:80/jugadores/jugador.asp?id=723&e=,2026-09-08T14:33:24Z
723,1977,"Titanes, Morovis",32,517,wayback_bsnpr_players,https://web.archive.org/web/20070829040954id_/http://www.bsnpr.com:80/jugadores/jugador.asp?id=723&e=,2026-09-08T14:33:24Z
723,1978,"Titanes, Morovis",32,496,wayback_bsnpr_players,https://web.archive.org/web/20070829040954id_/http://www.bsnpr.com:80/jugadores/jugador.asp?id=723&e=,2026-09-08T14:33:24Z
723,1979,"Gallitos, Isabela",14,100,wayback_bsnpr_players,https://web.archive.org/web/20070829040954id_/http://www.bsnpr.com:80/jugadores/jugador.asp?id=723&e=,2026-09-08T14:33:24Z
723,1979,"Titanes, Morovis",3,27,wayback_bsnpr_players,https://web.archive.org/web/20070829040954id_/http://www.bsnpr.com:80/jugadores/jugador.asp?id=723&e=,2026-09-08T14:33:24Z
731,1970,"Gallitos, Isabela",5,6,wayback_bsnpr_players,https://web.archive.org/web/20070828231514id_/http://www.bsnpr.com:80/jugadores/jugador.asp?id=731&e=,2026-09-08T14:33:27Z
731,1972,"Gallitos, Isabela",5,6,wayback_bsnpr_players,https://web.archive.org/web/20070828231514id_/http://www.bsnpr.com:80/jugadores/jugador.asp?id=731&e=,2026-09-08T14:33:27Z
732,1973,"Brujos, Guayama",1,0,wayback_bsnpr_players,https://web.archive.org/web/20070829040510id_/http://www.bsnpr.com:80/jugadores/jugador.asp?id=732&e=,2026-09-08T14:33:28Z
732,1978,"Atleticos, San German",27,174,wayback_bsnpr_players,https://web.archive.org/web/20070829040510id_/http://www.bsnpr.com:80/jugadores/jugador.asp?id=732&e=,2026-09-08T14:33:28Z
732,1979,"Polluelos, Aibonito",30,177,wayback_bsnpr_players,https://web.archive.org/web/20070829040510id_/http://www.bsnpr.com:80/jugadores/jugador.asp?id=732&e=,2026-09-08T14:33:28Z
732,1980,"Polluelos, Aibonito",19,40,wayback_bsnpr_players,https://web.archive.org/web/20070829040510id_/http://www.bsnpr.com:80/jugadores/jugador.asp?id=732&e=,2026-09-08T14:33:28Z
733,1959,"Atleticos, San German",1,1,wayback_bsnpr_players,https://web.archive.org/web/20070829042830id_/http://www.bsnpr.com:80/jugadores/jugador.asp?id=733&e=,2026-09-08T14:33:30Z
742,2004,"Leones, Ponce",10,17,wayback_bsnpr_players,https://web.archive.org/web/20071211045905id_/http://www.bsnpr.com:80/jugadores/jugador.asp?id=742&e=,2026-09-08T14:33:32Z
742,2005,"Leones, Ponce",12,15,wayback_bsnpr_players,https://web.archive.org/web/20071211045905id_/http://www.bsnpr.com:80/jugadores/jugador.asp?id=742&e=,2026-09-08T14:33:32Z
742,2006,"Brujos, Guayama",3,8,wayback_bsnpr_players,https://web.archive.org/web/20071211045905id_/http://www.bsnpr.com:80/jugadores/jugador.asp?id=742&e=,2026-09-08T14:33:32Z
742,2007,"Leones, Ponce",9,6,wayback_bsnpr_players,https://web.archive.org/web/20071211045905id_/http://www.bsnpr.com:80/jugadores/jugador.asp?id=742&e=,2026-09-08T14:33:32Z
743,1995,"Indios, Mayaguez",30,254,wayback_bsnpr_players,https://web.archive.org/web/20070829035629id_/http://www.bsnpr.com:80/jugadores/jugador.asp?id=743&e=,2026-09-08T14:33:35Z
743,1996,"Santeros, Aguada",27,188,wayback_bsnpr_players,https://web.archive.org/web/20070829035629id_/http://www.bsnpr.com:80/jugadores/jugador.asp?id=743&e=,2026-09-08T14:33:35Z
747,2006,"Atleticos, San German",10,18,wayback_bsnpr_players,https://web.archive.org/web/20091206153506id_/http://www.bsnpr.com:80/jugadores/jugador.asp?id=747&e=,2026-09-08T14:33:37Z
747,2007,"Atleticos, San German",11,8,wayback_bsnpr_players,https://web.archive.org/web/20091206153506id_/http://www.bsnpr.com:80/jugadores/jugador.asp?id=747&e=,2026-09-08T14:33:37Z
747,2008,"Indios, Mayaguez",26,119,wayback_bsnpr_players,https://web.archive.org/web/20091206153506id_/http://www.bsnpr.com:80/jugadores/jugador.asp?id=747&e=,2026-09-08T14:33:37Z
747,2009,"Indios, Mayaguez",27,29,wayback_bsnpr_players,https://web.archive.org/web/20091206153506id_/http://www.bsnpr.com:80/jugadores/jugador.asp?id=747&e=,2026-09-08T14:33:37Z
748,1984,"Atleticos, San German",27,242,wayback_bsnpr_players,https://web.archive.org/web/20070828225151id_/http://www.bsnpr.com:80/jugadores/jugador.asp?id=748&e=,2026-09-08T14:33:39Z
748,1985,"Atleticos, San German",15,78,wayback_bsnpr_players,https://web.archive.org/web/20070828225151id_/http://www.bsnpr.com:80/jugadores/jugador.asp?id=748&e=,2026-09-08T14:33:39Z
748,1985,"Brujos, Guayama",12,74,wayback_bsnpr_players,https://web.archive.org/web/20070828225151id_/http://www.bsnpr.com:80/jugadores/jugador.asp?id=748&e=,2026-09-08T14:33:39Z
748,1986,"Piratas, Quebradillas",17,138,wayback_bsnpr_players,https://web.archive.org/web/20070828225151id_/http://www.bsnpr.com:80/jugadores/jugador.asp?id=748&e=,2026-09-08T14:33:39Z
748,1987,"Leones, Ponce",14,47,wayback_bsnpr_players,https://web.archive.org/web/20070828225151id_/http://www.bsnpr.com:80/jugadores/jugador.asp?id=748&e=,2026-09-08T14:33:39Z
748,1988,"Indios, Mayaguez",29,329,wayback_bsnpr_players,https://web.archive.org/web/20070828225151id_/http://www.bsnpr.com:80/jugadores/jugador.asp?id=748&e=,2026-09-08T14:33:39Z
748,1989,"Tainos, Cabo Rojo",27,383,wayback_bsnpr_players,https://web.archive.org/web/20070828225151id_/http://www.bsnpr.com:80/jugadores/jugador.asp?id=748&e=,2026-09-08T14:33:39Z
748,1991,"Gallitos, Isabela",27,242,wayback_bsnpr_players,https://web.archive.org/web/20070828225151id_/http://www.bsnpr.com:80/jugadores/jugador.asp?id=748&e=,2026-09-08T14:33:39Z
748,1992,"Gallitos, Isabela",32,492,wayback_bsnpr_players,https://web.archive.org/web/20070828225151id_/http://www.bsnpr.com:80/jugadores/jugador.asp?id=748&e=,2026-09-08T14:33:39Z
748,1993,"Gallitos, Isabela",31,340,wayback_bsnpr_players,https://web.archive.org/web/20070828225151id_/http://www.bsnpr.com:80/jugadores/jugador.asp?id=748&e=,2026-09-08T14:33:39Z
748,1994,"Criollos, Caguas",30,239,wayback_bsnpr_players,https://web.archive.org/web/20070828225151id_/http://www.bsnpr.com:80/jugadores/jugador.asp?id=748&e=,2026-09-08T14:33:39Z
748,1995,"Santeros, Aguada",24,149,wayback_bsnpr_players,https://web.archive.org/web/20070828225151id_/http://www.bsnpr.com:80/jugadores/jugador.asp?id=748&e=,2026-09-08T14:33:39Z
748,1996,"Santeros, Aguada",33,333,wayback_bsnpr_players,https://web.archive.org/web/20070828225151id_/http://www.bsnpr.com:80/jugadores/jugador.asp?id=748&e=,2026-09-08T14:33:39Z
748,1997,"Tiburones, Aguadilla",29,90,wayback_bsnpr_players,https://web.archive.org/web/20070828225151id_/http://www.bsnpr.com:80/jugadores/jugador.asp?id=748&e=,2026-09-08T14:33:39Z
751,1984,"Gallitos, Isabela",30,325,wayback_bsnpr_players,https://web.archive.org/web/20171029174323id_/http://www.bsnpr.com/jugadores/jugador.asp?id=751,2026-09-08T14:33:41Z
751,1985,"Gallitos, Isabela",33,371,wayback_bsnpr_players,https://web.archive.org/web/20171029174323id_/http://www.bsnpr.com/jugadores/jugador.asp?id=751,2026-09-08T14:33:41Z
751,1986,"Gallitos, Isabela",30,412,wayback_bsnpr_players,https://web.archive.org/web/20171029174323id_/http://www.bsnpr.com/jugadores/jugador.asp?id=751,2026-09-08T14:33:41Z
752,1999,"Capitanes, Arecibo",3,3,wayback_bsnpr_players,https://web.archive.org/web/20070828225442id_/http://www.bsnpr.com:80/jugadores/jugador.asp?id=752&e=,2026-09-08T14:33:43Z
755,1999,"Vaqueros, Bayamon",11,26,wayback_bsnpr_players,https://web.archive.org/web/20070829035624id_/http://www.bsnpr.com:80/jugadores/jugador.asp?id=755&e=,2026-09-08T14:33:45Z
755,2000,"Vaqueros, Bayamon",0,0,wayback_bsnpr_players,https://web.archive.org/web/20070829035624id_/http://www.bsnpr.com:80/jugadores/jugador.asp?id=755&e=,2026-09-08T14:33:45Z
757,1991,"Polluelos, Aibonito",16,147,wayback_bsnpr_players,https://web.archive.org/web/20091207221748id_/http://www.bsnpr.com:80/jugadores/jugador.asp?id=757&e=9,2026-09-08T14:33:47Z
757,1996,"Vaqueros, Bayamon",21,280,wayback_bsnpr_players,https://web.archive.org/web/20091207221748id_/http://www.bsnpr.com:80/jugadores/jugador.asp?id=757&e=9,2026-09-08T14:33:47Z
757,1997,"Vaqueros, Bayamon",27,544,wayback_bsnpr_players,https://web.archive.org/web/20091207221748id_/http://www.bsnpr.com:80/jugadores/jugador.asp?id=757&e=9,2026-09-08T14:33:47Z
757,1998,"Vaqueros, Bayamon",30,635,wayback_bsnpr_players,https://web.archive.org/web/20091207221748id_/http://www.bsnpr.com:80/jugadores/jugador.asp?id=757&e=9,2026-09-08T14:33:47Z
757,1999,"Vaqueros, Bayamon",28,607,wayback_bsnpr_players,https://web.archive.org/web/20091207221748id_/http://www.bsnpr.com:80/jugadores/jugador.asp?id=757&e=9,2026-09-08T14:33:47Z
757,2000,"Vaqueros, Bayamon",22,418,wayback_bsnpr_players,https://web.archive.org/web/20091207221748id_/http://www.bsnpr.com:80/jugadores/jugador.asp?id=757&e=9,2026-09-08T14:33:47Z
757,2001,"Vaqueros, Bayamon",24,526,wayback_bsnpr_players,https://web.archive.org/web/20091207221748id_/http://www.bsnpr.com:80/jugadores/jugador.asp?id=757&e=9,2026-09-08T14:33:47Z
757,2002,"Vaqueros, Bayamon",24,484,wayback_bsnpr_players,https://web.archive.org/web/20091207221748id_/http://www.bsnpr.com:80/jugadores/jugador.asp?id=757&e=9,2026-09-08T14:33:47Z
757,2003,"Vaqueros, Bayamon",23,251,wayback_bsnpr_players,https://web.archive.org/web/20091207221748id_/http://www.bsnpr.com:80/jugadores/jugador.asp?id=757&e=9,2026-09-08T14:33:47Z
757,2004,"Vaqueros, Bayamon",30,541,wayback_bsnpr_players,https://web.archive.org/web/20091207221748id_/http://www.bsnpr.com:80/jugadores/jugador.asp?id=757&e=9,2026-09-08T14:33:47Z
757,2005,"Vaqueros, Bayamon",5,89,wayback_bsnpr_players,https://web.archive.org/web/20091207221748id_/http://www.bsnpr.com:80/jugadores/jugador.asp?id=757&e=9,2026-09-08T14:33:47Z
757,2006,"Vaqueros, Bayamon",15,244,wayback_bsnpr_players,https://web.archive.org/web/20091207221748id_/http://www.bsnpr.com:80/jugadores/jugador.asp?id=757&e=9,2026-09-08T14:33:47Z
757,2007,"Vaqueros, Bayamon",26,273,wayback_bsnpr_players,https://web.archive.org/web/20091207221748id_/http://www.bsnpr.com:80/jugadores/jugador.asp?id=757&e=9,2026-09-08T14:33:47Z
757,2008,"Vaqueros, Bayamon",26,248,wayback_bsnpr_players,https://web.archive.org/web/20091207221748id_/http://www.bsnpr.com:80/jugadores/jugador.asp?id=757&e=9,2026-09-08T14:33:47Z
757,2009,"Vaqueros, Bayamon",29,402,wayback_bsnpr_players,https://web.archive.org/web/20091207221748id_/http://www.bsnpr.com:80/jugadores/jugador.asp?id=757&e=9,2026-09-08T14:33:47Z
763,1996,"Leones, Ponce",14,33,wayback_bsnpr_players,https://web.archive.org/web/20090713002149id_/http://www.bsnpr.com:80/jugadores/jugador.asp?id=763&e=7,2026-09-08T14:33:48Z
763,1997,"Leones, Ponce",14,29,wayback_bsnpr_players,https://web.archive.org/web/20090713002149id_/http://www.bsnpr.com:80/jugadores/jugador.asp?id=763&e=7,2026-09-08T14:33:48Z
763,1998,"Leones, Ponce",22,135,wayback_bsnpr_players,https://web.archive.org/web/20090713002149id_/http://www.bsnpr.com:80/jugadores/jugador.asp?id=763&e=7,2026-09-08T14:33:48Z
763,1999,"Leones, Ponce",20,204,wayback_bsnpr_players,https://web.archive.org/web/20090713002149id_/http://www.bsnpr.com:80/jugadores/jugador.asp?id=763&e=7,2026-09-08T14:33:48Z
763,2001,"Indios, Mayaguez",24,130,wayback_bsnpr_players,https://web.archive.org/web/20090713002149id_/http://www.bsnpr.com:80/jugadores/jugador.asp?id=763&e=7,2026-09-08T14:33:48Z
763,2002,"Indios, Mayaguez",4,5,wayback_bsnpr_players,https://web.archive.org/web/20090713002149id_/http://www.bsnpr.com:80/jugadores/jugador.asp?id=763&e=7,2026-09-08T14:33:48Z
763,2003,"Leones, Ponce",5,2,wayback_bsnpr_players,https://web.archive.org/web/20090713002149id_/http://www.bsnpr.com:80/jugadores/jugador.asp?id=763&e=7,2026-09-08T14:33:48Z
763,2003,"Toritos, Cayey",22,185,wayback_bsnpr_players,https://web.archive.org/web/20090713002149id_/http://www.bsnpr.com:80/jugadores/jugador.asp?id=763&e=7,2026-09-08T14:33:48Z
763,2004,"Toritos, Cayey",28,393,wayback_bsnpr_players,https://web.archive.org/web/20090713002149id_/http://www.bsnpr.com:80/jugadores/jugador.asp?id=763&e=7,2026-09-08T14:33:48Z
763,2005,"Brujos, Guayama",28,256,wayback_bsnpr_players,https://web.archive.org/web/20090713002149id_/http://www.bsnpr.com:80/jugadores/jugador.asp?id=763&e=7,2026-09-08T14:33:48Z
763,2006,"Leones, Ponce",20,86,wayback_bsnpr_players,https://web.archive.org/web/20090713002149id_/http://www.bsnpr.com:80/jugadores/jugador.asp?id=763&e=7,2026-09-08T14:33:48Z
763,2006,"Titanes, Morovis",5,16,wayback_bsnpr_players,https://web.archive.org/web/20090713002149id_/http://www.bsnpr.com:80/jugadores/jugador.asp?id=763&e=7,2026-09-08T14:33:48Z
763,2007,"Indios, Mayaguez",21,193,wayback_bsnpr_players,https://web.archive.org/web/20090713002149id_/http://www.bsnpr.com:80/jugadores/jugador.asp?id=763&e=7,2026-09-08T14:33:48Z
763,2008,"Leones, Ponce",23,207,wayback_bsnpr_players,https://web.archive.org/web/20090713002149id_/http://www.bsnpr.com:80/jugadores/jugador.asp?id=763&e=7,2026-09-08T14:33:48Z
763,2009,"Atleticos, San German",20,65,wayback_bsnpr_players,https://web.archive.org/web/20090713002149id_/http://www.bsnpr.com:80/jugadores/jugador.asp?id=763&e=7,2026-09-08T14:33:48Z
766,1972,"Vaqueros, Bayamon",1,2,wayback_bsnpr_players,https://web.archive.org/web/20070829042014id_/http://www.bsnpr.com:80/jugadores/jugador.asp?id=766&e=,2026-09-08T14:33:50Z
766,1973,"Vaqueros, Bayamon",12,13,wayback_bsnpr_players,https://web.archive.org/web/20070829042014id_/http://www.bsnpr.com:80/jugadores/jugador.asp?id=766&e=,2026-09-08T14:33:50Z
766,1974,"Vaqueros, Bayamon",1,2,wayback_bsnpr_players,https://web.archive.org/web/20070829042014id_/http://www.bsnpr.com:80/jugadores/jugador.asp?id=766&e=,2026-09-08T14:33:50Z
772,2003,"Indios, Mayaguez",1,0,wayback_bsnpr_players,https://web.archive.org/web/20170715120815id_/http://www.bsnpr.com:80/jugadores/jugador.asp?id=772&e=,2026-09-08T14:33:52Z
772,2008,"Criollos, Caguas",3,0,wayback_bsnpr_players,https://web.archive.org/web/20170715120815id_/http://www.bsnpr.com:80/jugadores/jugador.asp?id=772&e=,2026-09-08T14:33:52Z
772,2009,"Atleticos, San German",16,25,wayback_bsnpr_players,https://web.archive.org/web/20170715120815id_/http://www.bsnpr.com:80/jugadores/jugador.asp?id=772&e=,2026-09-08T14:33:52Z
772,2010,"Atleticos, San German",25,75,wayback_bsnpr_players,https://web.archive.org/web/20170715120815id_/http://www.bsnpr.com:80/jugadores/jugador.asp?id=772&e=,2026-09-08T14:33:52Z
772,2011,"Atleticos, San German",15,12,wayback_bsnpr_players,https://web.archive.org/web/20170715120815id_/http://www.bsnpr.com:80/jugadores/jugador.asp?id=772&e=,2026-09-08T14:33:52Z
772,2012,"Atleticos, San German",11,16,wayback_bsnpr_players,https://web.archive.org/web/20170715120815id_/http://www.bsnpr.com:80/jugadores/jugador.asp?id=772&e=,2026-09-08T14:33:52Z
772,2013,"Indios, Mayaguez",22,37,wayback_bsnpr_players,https://web.archive.org/web/20170715120815id_/http://www.bsnpr.com:80/jugadores/jugador.asp?id=772&e=,2026-09-08T14:33:52Z
772,2014,"Indios, Mayaguez",6,4,wayback_bsnpr_players,https://web.archive.org/web/20170715120815id_/http://www.bsnpr.com:80/jugadores/jugador.asp?id=772&e=,2026-09-08T14:33:52Z
772,2015,"Brujos, Guayama",16,6,wayback_bsnpr_players,https://web.archive.org/web/20170715120815id_/http://www.bsnpr.com:80/jugadores/jugador.asp?id=772&e=,2026-09-08T14:33:52Z
772,2016,"Atenienses, Manati",18,19,wayback_bsnpr_players,https://web.archive.org/web/20170715120815id_/http://www.bsnpr.com:80/jugadores/jugador.asp?id=772&e=,2026-09-08T14:33:52Z
772,2016,"Piratas, Quebradillas",3,6,wayback_bsnpr_players,https://web.archive.org/web/20170715120815id_/http://www.bsnpr.com:80/jugadores/jugador.asp?id=772&e=,2026-09-08T14:33:52Z
772,2017,"Atleticos, San German",23,41,wayback_bsnpr_players,https://web.archive.org/web/20170715120815id_/http://www.bsnpr.com:80/jugadores/jugador.asp?id=772&e=,2026-09-08T14:33:52Z
773,2001,"Leones, Ponce",6,21,wayback_bsnpr_players,https://web.archive.org/web/20170715120412id_/http://www.bsnpr.com:80/jugadores/jugador.asp?id=773&e=,2026-09-08T14:33:54Z
773,2002,"Leones, Ponce",13,60,wayback_bsnpr_players,https://web.archive.org/web/20170715120412id_/http://www.bsnpr.com:80/jugadores/jugador.asp?id=773&e=,2026-09-08T14:33:54Z
773,2003,"Leones, Ponce",6,22,wayback_bsnpr_players,https://web.archive.org/web/20170715120412id_/http://www.bsnpr.com:80/jugadores/jugador.asp?id=773&e=,2026-09-08T14:33:54Z
773,2004,"Leones, Ponce",27,183,wayback_bsnpr_players,https://web.archive.org/web/20170715120412id_/http://www.bsnpr.com:80/jugadores/jugador.asp?id=773&e=,2026-09-08T14:33:54Z
773,2005,"Leones, Ponce",32,237,wayback_bsnpr_players,https://web.archive.org/web/20170715120412id_/http://www.bsnpr.com:80/jugadores/jugador.asp?id=773&e=,2026-09-08T14:33:54Z
773,2006,"Leones, Ponce",26,231,wayback_bsnpr_players,https://web.archive.org/web/20170715120412id_/http://www.bsnpr.com:80/jugadores/jugador.asp?id=773&e=,2026-09-08T14:33:54Z
773,2007,"Leones, Ponce",30,342,wayback_bsnpr_players,https://web.archive.org/web/20170715120412id_/http://www.bsnpr.com:80/jugadores/jugador.asp?id=773&e=,2026-09-08T14:33:54Z
773,2008,"Leones, Ponce",31,370,wayback_bsnpr_players,https://web.archive.org/web/20170715120412id_/http://www.bsnpr.com:80/jugadores/jugador.asp?id=773&e=,2026-09-08T14:33:54Z
773,2009,"Leones, Ponce",30,294,wayback_bsnpr_players,https://web.archive.org/web/20170715120412id_/http://www.bsnpr.com:80/jugadores/jugador.asp?id=773&e=,2026-09-08T14:33:54Z
773,2010,"Leones, Ponce",29,184,wayback_bsnpr_players,https://web.archive.org/web/20170715120412id_/http://www.bsnpr.com:80/jugadores/jugador.asp?id=773&e=,2026-09-08T14:33:54Z
773,2011,"Mets, Guaynabo",19,66,wayback_bsnpr_players,https://web.archive.org/web/20170715120412id_/http://www.bsnpr.com:80/jugadores/jugador.asp?id=773&e=,2026-09-08T14:33:54Z
773,2012,"Mets, Guaynabo",30,222,wayback_bsnpr_players,https://web.archive.org/web/20170715120412id_/http://www.bsnpr.com:80/jugadores/jugador.asp?id=773&e=,2026-09-08T14:33:54Z
773,2013,"Leones, Ponce",36,141,wayback_bsnpr_players,https://web.archive.org/web/20170715120412id_/http://www.bsnpr.com:80/jugadores/jugador.asp?id=773&e=,2026-09-08T14:33:54Z
773,2014,"Leones, Ponce",34,72,wayback_bsnpr_players,https://web.archive.org/web/20170715120412id_/http://www.bsnpr.com:80/jugadores/jugador.asp?id=773&e=,2026-09-08T14:33:54Z
773,2015,"Leones, Ponce",44,174,wayback_bsnpr_players,https://web.archive.org/web/20170715120412id_/http://www.bsnpr.com:80/jugadores/jugador.asp?id=773&e=,2026-09-08T14:33:54Z
773,2016,"Leones, Ponce",35,143,wayback_bsnpr_players,https://web.archive.org/web/20170715120412id_/http://www.bsnpr.com:80/jugadores/jugador.asp?id=773&e=,2026-09-08T14:33:54Z
773,2017,"Leones, Ponce",32,137,wayback_bsnpr_players,https://web.archive.org/web/20170715120412id_/http://www.bsnpr.com:80/jugadores/jugador.asp?id=773&e=,2026-09-08T14:33:54Z
777,1993,"Criollos, Caguas",34,285,wayback_bsnpr_players,https://web.archive.org/web/20080325084937id_/http://www.bsnpr.com:80/jugadores/jugador.asp?id=777&e=14,2026-09-08T14:33:56Z
777,1994,"Criollos, Caguas",29,111,wayback_bsnpr_players,https://web.archive.org/web/20080325084937id_/http://www.bsnpr.com:80/jugadores/jugador.asp?id=777&e=14,2026-09-08T14:33:56Z
777,1995,"Criollos, Caguas",18,125,wayback_bsnpr_players,https://web.archive.org/web/20080325084937id_/http://www.bsnpr.com:80/jugadores/jugador.asp?id=777&e=14,2026-09-08T14:33:56Z
777,1996,"Criollos, Caguas",34,307,wayback_bsnpr_players,https://web.archive.org/web/20080325084937id_/http://www.bsnpr.com:80/jugadores/jugador.asp?id=777&e=14,2026-09-08T14:33:56Z
777,1997,"Criollos, Caguas",32,273,wayback_bsnpr_players,https://web.archive.org/web/20080325084937id_/http://www.bsnpr.com:80/jugadores/jugador.asp?id=777&e=14,2026-09-08T14:33:56Z
777,1998,"Criollos, Caguas",25,158,wayback_bsnpr_players,https://web.archive.org/web/20080325084937id_/http://www.bsnpr.com:80/jugadores/jugador.asp?id=777&e=14,2026-09-08T14:33:56Z
777,1999,"Criollos, Caguas",32,342,wayback_bsnpr_players,https://web.archive.org/web/20080325084937id_/http://www.bsnpr.com:80/jugadores/jugador.asp?id=777&e=14,2026-09-08T14:33:56Z
777,2000,"Criollos, Caguas",28,89,wayback_bsnpr_players,https://web.archive.org/web/20080325084937id_/http://www.bsnpr.com:80/jugadores/jugador.asp?id=777&e=14,2026-09-08T14:33:56Z
777,2001,"Criollos, Caguas",24,74,wayback_bsnpr_players,https://web.archive.org/web/20080325084937id_/http://www.bsnpr.com:80/jugadores/jugador.asp?id=777&e=14,2026-09-08T14:33:56Z
777,2002,"Toritos, Cayey",22,185,wayback_bsnpr_players,https://web.archive.org/web/20080325084937id_/http://www.bsnpr.com:80/jugadores/jugador.asp?id=777&e=14,2026-09-08T14:33:56Z
777,2003,"Atleticos, San German",11,106,wayback_bsnpr_players,https://web.archive.org/web/20080325084937id_/http://www.bsnpr.com:80/jugadores/jugador.asp?id=777&e=14,2026-09-08T14:33:56Z
777,2003,"Indios, Mayaguez",3,0,wayback_bsnpr_players,https://web.archive.org/web/20080325084937id_/http://www.bsnpr.com:80/jugadores/jugador.asp?id=777&e=14,2026-09-08T14:33:56Z
777,2004,"Maratonistas, Coamo",10,51,wayback_bsnpr_players,https://web.archive.org/web/20080325084937id_/http://www.bsnpr.com:80/jugadores/jugador.asp?id=777&e=14,2026-09-08T14:33:56Z
777,2005,"Vaqueros, Bayamon",18,63,wayback_bsnpr_players,https://web.archive.org/web/20080325084937id_/http://www.bsnpr.com:80/jugadores/jugador.asp?id=777&e=14,2026-09-08T14:33:56Z
777,2006,"Grises, Humacao",8,17,wayback_bsnpr_players,https://web.archive.org/web/20080325084937id_/http://www.bsnpr.com:80/jugadores/jugador.asp?id=777&e=14,2026-09-08T14:33:56Z
777,2006,"Maratonistas, Coamo",16,39,wayback_bsnpr_players,https://web.archive.org/web/20080325084937id_/http://www.bsnpr.com:80/jugadores/jugador.asp?id=777&e=14,2026-09-08T14:33:56Z
777,2007,"Conquistadores, Guaynabo",28,57,wayback_bsnpr_players,https://web.archive.org/web/20080325084937id_/http://www.bsnpr.com:80/jugadores/jugador.asp?id=777&e=14,2026-09-08T14:33:56Z
779,1973,"Santos, San Juan",29,103,wayback_bsnpr_players,https://web.archive.org/web/20070829035208id_/http://www.bsnpr.com:80/jugadores/jugador.asp?id=779&e=,2026-09-08T14:33:58Z
779,1974,"Indios, Mayaguez",22,155,wayback_bsnpr_players,https://web.archive.org/web/20070829035208id_/http://www.bsnpr.com:80/jugadores/jugador.asp?id=779&e=,2026-09-08T14:33:58Z
779,1975,"Vaqueros, Bayamon",15,18,wayback_bsnpr_players,https://web.archive.org/web/20070829035208id_/http://www.bsnpr.com:80/jugadores/jugador.asp?id=779&e=,2026-09-08T14:33:58Z
779,1978,"Gallitos, Isabela",20,52,wayback_bsnpr_players,https://web.archive.org/web/20070829035208id_/http://www.bsnpr.com:80/jugadores/jugador.asp?id=779&e=,2026-09-08T14:33:58Z
780,1995,"Indios, Mayaguez",6,72,wayback_bsnpr_players,https://web.archive.org/web/20070829042410id_/http://www.bsnpr.com:80/jugadores/jugador.asp?id=780&e=,2026-09-08T14:34:00Z
782,1957,"Vaqueros, Bayamon",11,20,wayback_bsnpr_players,https://web.archive.org/web/20070829035022id_/http://www.bsnpr.com:80/jugadores/jugador.asp?id=782&e=,2026-09-08T14:34:02Z
782,1958,"Vaqueros, Bayamon",15,58,wayback_bsnpr_players,https://web.archive.org/web/20070829035022id_/http://www.bsnpr.com:80/jugadores/jugador.asp?id=782&e=,2026-09-08T14:34:02Z
782,1959,"Vaqueros, Bayamon",20,113,wayback_bsnpr_players,https://web.archive.org/web/20070829035022id_/http://www.bsnpr.com:80/jugadores/jugador.asp?id=782&e=,2026-09-08T14:34:02Z
782,1960,"Vaqueros, Bayamon",18,84,wayback_bsnpr_players,https://web.archive.org/web/20070829035022id_/http://www.bsnpr.com:80/jugadores/jugador.asp?id=782&e=,2026-09-08T14:34:02Z
782,1961,"Vaqueros, Bayamon",16,44,wayback_bsnpr_players,https://web.archive.org/web/20070829035022id_/http://www.bsnpr.com:80/jugadores/jugador.asp?id=782&e=,2026-09-08T14:34:02Z
782,1962,"Cardenales, Rio Piedras",14,77,wayback_bsnpr_players,https://web.archive.org/web/20070829035022id_/http://www.bsnpr.com:80/jugadores/jugador.asp?id=782&e=,2026-09-08T14:34:02Z
782,1963,"Vaqueros, Bayamon",21,122,wayback_bsnpr_players,https://web.archive.org/web/20070829035022id_/http://www.bsnpr.com:80/jugadores/jugador.asp?id=782&e=,2026-09-08T14:34:02Z
782,1964,"Vaqueros, Bayamon",14,34,wayback_bsnpr_players,https://web.archive.org/web/20070829035022id_/http://www.bsnpr.com:80/jugadores/jugador.asp?id=782&e=,2026-09-08T14:34:02Z
782,1965,"Vaqueros, Bayamon",18,82,wayback_bsnpr_players,https://web.archive.org/web/20070829035022id_/http://www.bsnpr.com:80/jugadores/jugador.asp?id=782&e=,2026-09-08T14:34:02Z
782,1966,"Vaqueros, Bayamon",13,7,wayback_bsnpr_players,https://web.archive.org/web/20070829035022id_/http://www.bsnpr.com:80/jugadores/jugador.asp?id=782&e=,2026-09-08T14:34:02Z
782,1967,"Vaqueros, Bayamon",6,3,wayback_bsnpr_players,https://web.archive.org/web/20070829035022id_/http://www.bsnpr.com:80/jugadores/jugador.asp?id=782&e=,2026-09-08T14:34:02Z
786,1985,"Gigantes, Carolina",13,16,wayback_bsnpr_players,https://web.archive.org/web/20070829042520id_/http://www.bsnpr.com:80/jugadores/jugador.asp?id=786&e=,2026-09-08T14:34:04Z
786,1986,"Gigantes, Carolina",19,21,wayback_bsnpr_players,https://web.archive.org/web/20070829042520id_/http://www.bsnpr.com:80/jugadores/jugador.asp?id=786&e=,2026-09-08T14:34:04Z
786,1988,"Brujos, Guayama",30,141,wayback_bsnpr_players,https://web.archive.org/web/20070829042520id_/http://www.bsnpr.com:80/jugadores/jugador.asp?id=786&e=,2026-09-08T14:34:04Z
787,1975,"Cangrejeros, Santurce",4,28,wayback_bsnpr_players,https://web.archive.org/web/20070828231335id_/http://www.bsnpr.com:80/jugadores/jugador.asp?id=787&e=,2026-09-08T14:34:05Z
787,1976,"Cangrejeros, Santurce",27,219,wayback_bsnpr_players,https://web.archive.org/web/20070828231335id_/http://www.bsnpr.com:80/jugadores/jugador.asp?id=787&e=,2026-09-08T14:34:05Z
791,1973,"Santos, San Juan",11,26,wayback_bsnpr_players,https://web.archive.org/web/20070828224131id_/http://www.bsnpr.com:80/jugadores/jugador.asp?id=791&e=,2026-09-08T14:34:07Z
791,1974,"Santos, San Juan",10,29,wayback_bsnpr_players,https://web.archive.org/web/20070828224131id_/http://www.bsnpr.com:80/jugadores/jugador.asp?id=791&e=,2026-09-08T14:34:07Z
791,1975,"Santos, San Juan",32,158,wayback_bsnpr_players,https://web.archive.org/web/20070828224131id_/http://www.bsnpr.com:80/jugadores/jugador.asp?id=791&e=,2026-09-08T14:34:07Z
791,1976,"Atleticos, San German",32,429,wayback_bsnpr_players,https://web.archive.org/web/20070828224131id_/http://www.bsnpr.com:80/jugadores/jugador.asp?id=791&e=,2026-09-08T14:34:07Z
791,1977,"Atleticos, San German",33,616,wayback_bsnpr_players,https://web.archive.org/web/20070828224131id_/http://www.bsnpr.com:80/jugadores/jugador.asp?id=791&e=,2026-09-08T14:34:07Z
791,1978,"Atleticos, San German",33,660,wayback_bsnpr_players,https://web.archive.org/web/20070828224131id_/http://www.bsnpr.com:80/jugadores/jugador.asp?id=791&e=,2026-09-08T14:34:07Z
791,1979,"Atleticos, San German",30,600,wayback_bsnpr_players,https://web.archive.org/web/20070828224131id_/http://www.bsnpr.com:80/jugadores/jugador.asp?id=791&e=,2026-09-08T14:34:07Z
791,1980,"Atleticos, San German",30,602,wayback_bsnpr_players,https://web.archive.org/web/20070828224131id_/http://www.bsnpr.com:80/jugadores/jugador.asp?id=791&e=,2026-09-08T14:34:07Z
791,1981,"Atleticos, San German",33,496,wayback_bsnpr_players,https://web.archive.org/web/20070828224131id_/http://www.bsnpr.com:80/jugadores/jugador.asp?id=791&e=,2026-09-08T14:34:07Z
791,1982,"Atleticos, San German",29,183,wayback_bsnpr_players,https://web.archive.org/web/20070828224131id_/http://www.bsnpr.com:80/jugadores/jugador.asp?id=791&e=,2026-09-08T14:34:07Z
791,1983,"Atleticos, San German",31,113,wayback_bsnpr_players,https://web.archive.org/web/20070828224131id_/http://www.bsnpr.com:80/jugadores/jugador.asp?id=791&e=,2026-09-08T14:34:07Z
791,1984,"Atleticos, San German",3,11,wayback_bsnpr_players,https://web.archive.org/web/20070828224131id_/http://www.bsnpr.com:80/jugadores/jugador.asp?id=791&e=,2026-09-08T14:34:07Z
791,1984,"Capitanes, Arecibo",14,86,wayback_bsnpr_players,https://web.archive.org/web/20070828224131id_/http://www.bsnpr.com:80/jugadores/jugador.asp?id=791&e=,2026-09-08T14:34:07Z
791,1985,"Maratonistas, Coamo",32,254,wayback_bsnpr_players,https://web.archive.org/web/20070828224131id_/http://www.bsnpr.com:80/jugadores/jugador.asp?id=791&e=,2026-09-08T14:34:07Z
791,1986,"Maratonistas, Coamo",26,103,wayback_bsnpr_players,https://web.archive.org/web/20070828224131id_/http://www.bsnpr.com:80/jugadores/jugador.asp?id=791&e=,2026-09-08T14:34:07Z
791,1987,"Indios, Mayaguez",27,58,wayback_bsnpr_players,https://web.archive.org/web/20070828224131id_/http://www.bsnpr.com:80/jugadores/jugador.asp?id=791&e=,2026-09-08T14:34:07Z
791,1988,"Atleticos, San German",14,10,wayback_bsnpr_players,https://web.archive.org/web/20070828224131id_/http://www.bsnpr.com:80/jugadores/jugador.asp?id=791&e=,2026-09-08T14:34:07Z
791,1989,"Brujos, Guayama",3,5,wayback_bsnpr_players,https://web.archive.org/web/20070828224131id_/http://www.bsnpr.com:80/jugadores/jugador.asp?id=791&e=,2026-09-08T14:34:07Z
792,1975,"Cariduros, Fajardo",19,52,wayback_bsnpr_players,https://web.archive.org/web/20171030004306id_/http://www.bsnpr.com/jugadores/jugador.asp?id=792,2026-09-08T14:34:09Z
792,1977,"Capitanes, Arecibo",32,662,wayback_bsnpr_players,https://web.archive.org/web/20171030004306id_/http://www.bsnpr.com/jugadores/jugador.asp?id=792,2026-09-08T14:34:09Z
792,1978,"Capitanes, Arecibo",28,409,wayback_bsnpr_players,https://web.archive.org/web/20171030004306id_/http://www.bsnpr.com/jugadores/jugador.asp?id=792,2026-09-08T14:34:09Z
792,1980,"Capitanes, Arecibo",25,388,wayback_bsnpr_players,https://web.archive.org/web/20171030004306id_/http://www.bsnpr.com/jugadores/jugador.asp?id=792,2026-09-08T14:34:09Z
792,1981,"Capitanes, Arecibo",33,626,wayback_bsnpr_players,https://web.archive.org/web/20171030004306id_/http://www.bsnpr.com/jugadores/jugador.asp?id=792,2026-09-08T14:34:09Z
792,1982,"Capitanes, Arecibo",32,610,wayback_bsnpr_players,https://web.archive.org/web/20171030004306id_/http://www.bsnpr.com/jugadores/jugador.asp?id=792,2026-09-08T14:34:09Z
792,1983,"Indios, Mayaguez",32,514,wayback_bsnpr_players,https://web.archive.org/web/20171030004306id_/http://www.bsnpr.com/jugadores/jugador.asp?id=792,2026-09-08T14:34:09Z
792,1984,"Indios, Mayaguez",29,542,wayback_bsnpr_players,https://web.archive.org/web/20171030004306id_/http://www.bsnpr.com/jugadores/jugador.asp?id=792,2026-09-08T14:34:09Z
792,1985,"Indios, Mayaguez",32,479,wayback_bsnpr_players,https://web.archive.org/web/20171030004306id_/http://www.bsnpr.com/jugadores/jugador.asp?id=792,2026-09-08T14:34:09Z
792,1986,"Indios, Mayaguez",31,534,wayback_bsnpr_players,https://web.archive.org/web/20171030004306id_/http://www.bsnpr.com/jugadores/jugador.asp?id=792,2026-09-08T14:34:09Z
792,1987,"Indios, Mayaguez",30,475,wayback_bsnpr_players,https://web.archive.org/web/20171030004306id_/http://www.bsnpr.com/jugadores/jugador.asp?id=792,2026-09-08T14:34:09Z
792,1988,"Leones, Ponce",33,304,wayback_bsnpr_players,https://web.archive.org/web/20171030004306id_/http://www.bsnpr.com/jugadores/jugador.asp?id=792,2026-09-08T14:34:09Z
792,1989,"Vaqueros, Bayamon",25,256,wayback_bsnpr_players,https://web.archive.org/web/20171030004306id_/http://www.bsnpr.com/jugadores/jugador.asp?id=792,2026-09-08T14:34:09Z
792,1990,"Vaqueros, Bayamon",12,39,wayback_bsnpr_players,https://web.archive.org/web/20171030004306id_/http://www.bsnpr.com/jugadores/jugador.asp?id=792,2026-09-08T14:34:09Z
792,1991,"Gallitos, Isabela",8,13,wayback_bsnpr_players,https://web.archive.org/web/20171030004306id_/http://www.bsnpr.com/jugadores/jugador.asp?id=792,2026-09-08T14:34:09Z
792,1992,"Gallitos, Isabela",25,100,wayback_bsnpr_players,https://web.archive.org/web/20171030004306id_/http://www.bsnpr.com/jugadores/jugador.asp?id=792,2026-09-08T14:34:09Z
792,1993,"Gallitos, Isabela",5,6,wayback_bsnpr_players,https://web.archive.org/web/20171030004306id_/http://www.bsnpr.com/jugadores/jugador.asp?id=792,2026-09-08T14:34:09Z
793,2000,"Atleticos, San German",3,2,wayback_bsnpr_players,https://web.archive.org/web/20080229064905id_/http://www.bsnpr.com:80/jugadores/jugador.asp?id=793&e=3,2026-09-08T14:34:11Z
793,2007,"Gigantes, Carolina",4,2,wayback_bsnpr_players,https://web.archive.org/web/20080229064905id_/http://www.bsnpr.com:80/jugadores/jugador.asp?id=793&e=3,2026-09-08T14:34:11Z
795,2001,"Atleticos, San German",6,9,wayback_bsnpr_players,https://web.archive.org/web/20070828230733id_/http://www.bsnpr.com:80/jugadores/jugador.asp?id=795&e=,2026-09-08T14:34:13Z
800,1988,"Titanes, Morovis",4,5,wayback_bsnpr_players,https://web.archive.org/web/20070829040217id_/http://www.bsnpr.com:80/jugadores/jugador.asp?id=800&e=,2026-09-08T14:34:15Z
800,1989,"Vaqueros, Bayamon",5,8,wayback_bsnpr_players,https://web.archive.org/web/20070829040217id_/http://www.bsnpr.com:80/jugadores/jugador.asp?id=800&e=,2026-09-08T14:34:15Z
800,1990,"Vaqueros, Bayamon",3,10,wayback_bsnpr_players,https://web.archive.org/web/20070829040217id_/http://www.bsnpr.com:80/jugadores/jugador.asp?id=800&e=,2026-09-08T14:34:15Z
800,1991,"Vaqueros, Bayamon",6,7,wayback_bsnpr_players,https://web.archive.org/web/20070829040217id_/http://www.bsnpr.com:80/jugadores/jugador.asp?id=800&e=,2026-09-08T14:34:15Z
800,1992,"Vaqueros, Bayamon",13,31,wayback_bsnpr_players,https://web.archive.org/web/20070829040217id_/http://www.bsnpr.com:80/jugadores/jugador.asp?id=800&e=,2026-09-08T14:34:15Z
800,1993,"Vaqueros, Bayamon",27,271,wayback_bsnpr_players,https://web.archive.org/web/20070829040217id_/http://www.bsnpr.com:80/jugadores/jugador.asp?id=800&e=,2026-09-08T14:34:15Z
800,1994,"Vaqueros, Bayamon",6,37,wayback_bsnpr_players,https://web.archive.org/web/20070829040217id_/http://www.bsnpr.com:80/jugadores/jugador.asp?id=800&e=,2026-09-08T14:34:15Z
800,1995,"Vaqueros, Bayamon",25,128,wayback_bsnpr_players,https://web.archive.org/web/20070829040217id_/http://www.bsnpr.com:80/jugadores/jugador.asp?id=800&e=,2026-09-08T14:34:15Z
800,1996,"Polluelos, Aibonito",32,350,wayback_bsnpr_players,https://web.archive.org/web/20070829040217id_/http://www.bsnpr.com:80/jugadores/jugador.asp?id=800&e=,2026-09-08T14:34:15Z
800,1998,"Cangrejeros, Santurce",21,87,wayback_bsnpr_players,https://web.archive.org/web/20070829040217id_/http://www.bsnpr.com:80/jugadores/jugador.asp?id=800&e=,2026-09-08T14:34:15Z
800,1999,"Cangrejeros, Santurce",24,173,wayback_bsnpr_players,https://web.archive.org/web/20070829040217id_/http://www.bsnpr.com:80/jugadores/jugador.asp?id=800&e=,2026-09-08T14:34:15Z
800,2000,"Cangrejeros, Santurce",18,39,wayback_bsnpr_players,https://web.archive.org/web/20070829040217id_/http://www.bsnpr.com:80/jugadores/jugador.asp?id=800&e=,2026-09-08T14:34:15Z
800,2001,"Indios, Mayaguez",9,25,wayback_bsnpr_players,https://web.archive.org/web/20070829040217id_/http://www.bsnpr.com:80/jugadores/jugador.asp?id=800&e=,2026-09-08T14:34:15Z
806,1969,"Leones, Ponce",24,137,wayback_bsnpr_players,https://web.archive.org/web/20070829041734id_/http://www.bsnpr.com:80/jugadores/jugador.asp?id=806&e=,2026-09-08T14:34:17Z
806,1970,"Leones, Ponce",26,133,wayback_bsnpr_players,https://web.archive.org/web/20070829041734id_/http://www.bsnpr.com:80/jugadores/jugador.asp?id=806&e=,2026-09-08T14:34:17Z
806,1971,"Leones, Ponce",26,157,wayback_bsnpr_players,https://web.archive.org/web/20070829041734id_/http://www.bsnpr.com:80/jugadores/jugador.asp?id=806&e=,2026-09-08T14:34:17Z
806,1972,"Leones, Ponce",13,29,wayback_bsnpr_players,https://web.archive.org/web/20070829041734id_/http://www.bsnpr.com:80/jugadores/jugador.asp?id=806&e=,2026-09-08T14:34:17Z
808,1995,"Cariduros, Fajardo",7,16,wayback_bsnpr_players,https://web.archive.org/web/20091004045524id_/http://www.bsnpr.com:80/jugadores/jugador.asp?id=808&e=,2026-09-08T14:34:18Z
808,1998,"Cariduros, Fajardo",18,165,wayback_bsnpr_players,https://web.archive.org/web/20091004045524id_/http://www.bsnpr.com:80/jugadores/jugador.asp?id=808&e=,2026-09-08T14:34:18Z
808,2000,"Gallitos, Isabela",23,174,wayback_bsnpr_players,https://web.archive.org/web/20091004045524id_/http://www.bsnpr.com:80/jugadores/jugador.asp?id=808&e=,2026-09-08T14:34:18Z
808,2001,"Gallitos, Isabela",12,86,wayback_bsnpr_players,https://web.archive.org/web/20091004045524id_/http://www.bsnpr.com:80/jugadores/jugador.asp?id=808&e=,2026-09-08T14:34:18Z
808,2001,"Polluelos, Aibonito",13,73,wayback_bsnpr_players,https://web.archive.org/web/20091004045524id_/http://www.bsnpr.com:80/jugadores/jugador.asp?id=808&e=,2026-09-08T14:34:18Z
808,2002,"Piratas, Quebradillas",8,33,wayback_bsnpr_players,https://web.archive.org/web/20091004045524id_/http://www.bsnpr.com:80/jugadores/jugador.asp?id=808&e=,2026-09-08T14:34:18Z
808,2002,"Toritos, Cayey",22,164,wayback_bsnpr_players,https://web.archive.org/web/20091004045524id_/http://www.bsnpr.com:80/jugadores/jugador.asp?id=808&e=,2026-09-08T14:34:18Z
808,2003,"Piratas, Quebradillas",29,206,wayback_bsnpr_players,https://web.archive.org/web/20091004045524id_/http://www.bsnpr.com:80/jugadores/jugador.asp?id=808&e=,2026-09-08T14:34:18Z
808,2004,"Indios, Mayaguez",25,122,wayback_bsnpr_players,https://web.archive.org/web/20091004045524id_/http://www.bsnpr.com:80/jugadores/jugador.asp?id=808&e=,2026-09-08T14:34:18Z
808,2005,"Atleticos, San German",11,50,wayback_bsnpr_players,https://web.archive.org/web/20091004045524id_/http://www.bsnpr.com:80/jugadores/jugador.asp?id=808&e=,2026-09-08T14:34:18Z
808,2006,"Atleticos, San German",12,47,wayback_bsnpr_players,https://web.archive.org/web/20091004045524id_/http://www.bsnpr.com:80/jugadores/jugador.asp?id=808&e=,2026-09-08T14:34:18Z
808,2006,"Maratonistas, Coamo",12,99,wayback_bsnpr_players,https://web.archive.org/web/20091004045524id_/http://www.bsnpr.com:80/jugadores/jugador.asp?id=808&e=,2026-09-08T14:34:18Z
808,2007,"Maratonistas, Coamo",27,120,wayback_bsnpr_players,https://web.archive.org/web/20091004045524id_/http://www.bsnpr.com:80/jugadores/jugador.asp?id=808&e=,2026-09-08T14:34:18Z
808,2008,"Indios, Mayaguez",29,199,wayback_bsnpr_players,https://web.archive.org/web/20091004045524id_/http://www.bsnpr.com:80/jugadores/jugador.asp?id=808&e=,2026-09-08T14:34:18Z
808,2009,"Cangrejeros, Santurce",5,7,wayback_bsnpr_players,https://web.archive.org/web/20091004045524id_/http://www.bsnpr.com:80/jugadores/jugador.asp?id=808&e=,2026-09-08T14:34:18Z
808,2009,"Leones, Ponce",16,26,wayback_bsnpr_players,https://web.archive.org/web/20091004045524id_/http://www.bsnpr.com:80/jugadores/jugador.asp?id=808&e=,2026-09-08T14:34:18Z
810,1993,"Conquistadores, Guaynabo",7,0,wayback_bsnpr_players,https://web.archive.org/web/20070828230613id_/http://www.bsnpr.com:80/jugadores/jugador.asp?id=810&e=,2026-09-08T14:34:20Z
810,1994,"Conquistadores, Guaynabo",7,4,wayback_bsnpr_players,https://web.archive.org/web/20070828230613id_/http://www.bsnpr.com:80/jugadores/jugador.asp?id=810&e=,2026-09-08T14:34:20Z
810,1996,"Gigantes, Carolina",5,3,wayback_bsnpr_players,https://web.archive.org/web/20070828230613id_/http://www.bsnpr.com:80/jugadores/jugador.asp?id=810&e=,2026-09-08T14:34:20Z
812,1998,"Piratas, Quebradillas",3,5,wayback_bsnpr_players,https://web.archive.org/web/20170715120616id_/http://www.bsnpr.com:80/jugadores/jugador.asp?id=812&e=,2026-09-08T14:34:22Z
812,1999,"Piratas, Quebradillas",9,7,wayback_bsnpr_players,https://web.archive.org/web/20170715120616id_/http://www.bsnpr.com:80/jugadores/jugador.asp?id=812&e=,2026-09-08T14:34:22Z
812,2000,"Piratas, Quebradillas",9,21,wayback_bsnpr_players,https://web.archive.org/web/20170715120616id_/http://www.bsnpr.com:80/jugadores/jugador.asp?id=812&e=,2026-09-08T14:34:22Z
812,2001,"Piratas, Quebradillas",15,12,wayback_bsnpr_players,https://web.archive.org/web/20170715120616id_/http://www.bsnpr.com:80/jugadores/jugador.asp?id=812&e=,2026-09-08T14:34:22Z
812,2002,"Capitanes, Arecibo",30,251,wayback_bsnpr_players,https://web.archive.org/web/20170715120616id_/http://www.bsnpr.com:80/jugadores/jugador.asp?id=812&e=,2026-09-08T14:34:22Z
812,2003,"Capitanes, Arecibo",30,260,wayback_bsnpr_players,https://web.archive.org/web/20170715120616id_/http://www.bsnpr.com:80/jugadores/jugador.asp?id=812&e=,2026-09-08T14:34:22Z
812,2004,"Capitanes, Arecibo",27,224,wayback_bsnpr_players,https://web.archive.org/web/20170715120616id_/http://www.bsnpr.com:80/jugadores/jugador.asp?id=812&e=,2026-09-08T14:34:22Z
812,2005,"Atleticos, San German",31,88,wayback_bsnpr_players,https://web.archive.org/web/20170715120616id_/http://www.bsnpr.com:80/jugadores/jugador.asp?id=812&e=,2026-09-08T14:34:22Z
812,2006,"Titanes, Morovis",26,197,wayback_bsnpr_players,https://web.archive.org/web/20170715120616id_/http://www.bsnpr.com:80/jugadores/jugador.asp?id=812&e=,2026-09-08T14:34:22Z
812,2007,"Indios, Mayaguez",23,169,wayback_bsnpr_players,https://web.archive.org/web/20170715120616id_/http://www.bsnpr.com:80/jugadores/jugador.asp?id=812&e=,2026-09-08T14:34:22Z
812,2008,"Indios, Mayaguez",32,406,wayback_bsnpr_players,https://web.archive.org/web/20170715120616id_/http://www.bsnpr.com:80/jugadores/jugador.asp?id=812&e=,2026-09-08T14:34:22Z
812,2009,"Indios, Mayaguez",30,360,wayback_bsnpr_players,https://web.archive.org/web/20170715120616id_/http://www.bsnpr.com:80/jugadores/jugador.asp?id=812&e=,2026-09-08T14:34:22Z
812,2010,"Indios, Mayaguez",3,24,wayback_bsnpr_players,https://web.archive.org/web/20170715120616id_/http://www.bsnpr.com:80/jugadores/jugador.asp?id=812&e=,2026-09-08T14:34:22Z
812,2011,"Indios, Mayaguez",28,96,wayback_bsnpr_players,https://web.archive.org/web/20170715120616id_/http://www.bsnpr.com:80/jugadores/jugador.asp?id=812&e=,2026-09-08T14:34:22Z
812,2012,"Indios, Mayaguez",23,123,wayback_bsnpr_players,https://web.archive.org/web/20170715120616id_/http://www.bsnpr.com:80/jugadores/jugador.asp?id=812&e=,2026-09-08T14:34:22Z
812,2013,"Piratas, Quebradillas",19,16,wayback_bsnpr_players,https://web.archive.org/web/20170715120616id_/http://www.bsnpr.com:80/jugadores/jugador.asp?id=812&e=,2026-09-08T14:34:22Z
812,2014,"Leones, Ponce",16,38,wayback_bsnpr_players,https://web.archive.org/web/20170715120616id_/http://www.bsnpr.com:80/jugadores/jugador.asp?id=812&e=,2026-09-08T14:34:22Z
812,2015,"Leones, Ponce",20,34,wayback_bsnpr_players,https://web.archive.org/web/20170715120616id_/http://www.bsnpr.com:80/jugadores/jugador.asp?id=812&e=,2026-09-08T14:34:22Z
812,2016,"Indios, Mayaguez",28,88,wayback_bsnpr_players,https://web.archive.org/web/20170715120616id_/http://www.bsnpr.com:80/jugadores/jugador.asp?id=812&e=,2026-09-08T14:34:22Z
812,2017,"Piratas, Quebradillas",18,28,wayback_bsnpr_players,https://web.archive.org/web/20170715120616id_/http://www.bsnpr.com:80/jugadores/jugador.asp?id=812&e=,2026-09-08T14:34:22Z
824,1956,"Santos, San Juan",3,6,wayback_bsnpr_players,https://web.archive.org/web/20070829041501id_/http://www.bsnpr.com:80/jugadores/jugador.asp?id=824&e=,2026-09-08T14:34:24Z
826,2003,"Capitanes, Arecibo",7,6,wayback_bsnpr_players,https://web.archive.org/web/20070828224627id_/http://www.bsnpr.com:80/jugadores/jugador.asp?id=826&e=,2026-09-08T14:34:27Z
826,2004,"Capitanes, Arecibo",7,14,wayback_bsnpr_players,https://web.archive.org/web/20070828224627id_/http://www.bsnpr.com:80/jugadores/jugador.asp?id=826&e=,2026-09-08T14:34:27Z
826,2005,"Capitanes, Arecibo",8,23,wayback_bsnpr_players,https://web.archive.org/web/20070828224627id_/http://www.bsnpr.com:80/jugadores/jugador.asp?id=826&e=,2026-09-08T14:34:27Z
828,1959,"Atleticos, San German",21,190,wayback_bsnpr_players,https://web.archive.org/web/20070829040458id_/http://www.bsnpr.com:80/jugadores/jugador.asp?id=828&e=,2026-09-08T14:34:29Z
828,1960,"Atleticos, San German",1,2,wayback_bsnpr_players,https://web.archive.org/web/20070829040458id_/http://www.bsnpr.com:80/jugadores/jugador.asp?id=828&e=,2026-09-08T14:34:29Z
828,1961,"Atleticos, San German",6,2,wayback_bsnpr_players,https://web.archive.org/web/20070829040458id_/http://www.bsnpr.com:80/jugadores/jugador.asp?id=828&e=,2026-09-08T14:34:29Z
828,1962,"Atleticos, San German",1,2,wayback_bsnpr_players,https://web.archive.org/web/20070829040458id_/http://www.bsnpr.com:80/jugadores/jugador.asp?id=828&e=,2026-09-08T14:34:29Z
829,1970,"Criollos, Caguas",25,137,wayback_bsnpr_players,https://web.archive.org/web/20070828230216id_/http://www.bsnpr.com:80/jugadores/jugador.asp?id=829&e=,2026-09-08T14:34:30Z
829,1971,"Criollos, Caguas",20,154,wayback_bsnpr_players,https://web.archive.org/web/20070828230216id_/http://www.bsnpr.com:80/jugadores/jugador.asp?id=829&e=,2026-09-08T14:34:30Z
829,1973,"Cangrejeros, Santurce",22,206,wayback_bsnpr_players,https://web.archive.org/web/20070828230216id_/http://www.bsnpr.com:80/jugadores/jugador.asp?id=829&e=,2026-09-08T14:34:30Z
829,1974,"Cangrejeros, Santurce",25,291,wayback_bsnpr_players,https://web.archive.org/web/20070828230216id_/http://www.bsnpr.com:80/jugadores/jugador.asp?id=829&e=,2026-09-08T14:34:30Z
830,1997,"Leones, Ponce",4,4,wayback_bsnpr_players,https://web.archive.org/web/20070828223428id_/http://www.bsnpr.com:80/jugadores/jugador.asp?id=830&e=,2026-09-08T14:34:32Z
830,1998,"Leones, Ponce",6,4,wayback_bsnpr_players,https://web.archive.org/web/20070828223428id_/http://www.bsnpr.com:80/jugadores/jugador.asp?id=830&e=,2026-09-08T14:34:32Z
830,2003,"Cangrejeros, Santurce",23,47,wayback_bsnpr_players,https://web.archive.org/web/20070828223428id_/http://www.bsnpr.com:80/jugadores/jugador.asp?id=830&e=,2026-09-08T14:34:32Z
835,1977,"Atleticos, San German",22,74,wayback_bsnpr_players,https://web.archive.org/web/20070828230247id_/http://www.bsnpr.com:80/jugadores/jugador.asp?id=835&e=,2026-09-08T14:34:34Z
835,1979,"Criollos, Caguas",17,35,wayback_bsnpr_players,https://web.archive.org/web/20070828230247id_/http://www.bsnpr.com:80/jugadores/jugador.asp?id=835&e=,2026-09-08T14:34:34Z
838,1999,"Vaqueros, Bayamon",9,27,wayback_bsnpr_players,https://web.archive.org/web/20090429221640id_/http://bsnpr.com:80/jugadores/jugador.asp?id=838&e=,2026-09-08T14:34:36Z
838,2000,"Vaqueros, Bayamon",15,24,wayback_bsnpr_players,https://web.archive.org/web/20090429221640id_/http://bsnpr.com:80/jugadores/jugador.asp?id=838&e=,2026-09-08T14:34:36Z
838,2001,"Vaqueros, Bayamon",17,52,wayback_bsnpr_players,https://web.archive.org/web/20090429221640id_/http://bsnpr.com:80/jugadores/jugador.asp?id=838&e=,2026-09-08T14:34:36Z
838,2002,"Gallitos, Isabela",9,48,wayback_bsnpr_players,https://web.archive.org/web/20090429221640id_/http://bsnpr.com:80/jugadores/jugador.asp?id=838&e=,2026-09-08T14:34:36Z
838,2003,"Indios, Mayaguez",12,9,wayback_bsnpr_players,https://web.archive.org/web/20090429221640id_/http://bsnpr.com:80/jugadores/jugador.asp?id=838&e=,2026-09-08T14:34:36Z
838,2004,"Atleticos, San German",3,1,wayback_bsnpr_players,https://web.archive.org/web/20090429221640id_/http://bsnpr.com:80/jugadores/jugador.asp?id=838&e=,2026-09-08T14:34:36Z
838,2007,"Brujos, Guayama",25,28,wayback_bsnpr_players,https://web.archive.org/web/20090429221640id_/http://bsnpr.com:80/jugadores/jugador.asp?id=838&e=,2026-09-08T14:34:36Z
838,2008,"Vaqueros, Bayamon",14,10,wayback_bsnpr_players,https://web.archive.org/web/20090429221640id_/http://bsnpr.com:80/jugadores/jugador.asp?id=838&e=,2026-09-08T14:34:36Z
840,1991,"Atleticos, San German",21,18,wayback_bsnpr_players,https://web.archive.org/web/20070828230222id_/http://www.bsnpr.com:80/jugadores/jugador.asp?id=840&e=,2026-09-08T14:34:38Z
841,1997,"Titanes, Morovis",2,22,wayback_bsnpr_players,https://web.archive.org/web/20070828223707id_/http://www.bsnpr.com:80/jugadores/jugador.asp?id=841&e=,2026-09-08T14:34:40Z
842,2006,"Titanes, Morovis",9,24,wayback_bsnpr_players,https://web.archive.org/web/20070829040938id_/http://www.bsnpr.com:80/jugadores/jugador.asp?id=842&e=,2026-09-08T14:34:41Z
846,1993,"Gigantes, Carolina",10,11,wayback_bsnpr_players,https://web.archive.org/web/20070828230845id_/http://www.bsnpr.com:80/jugadores/jugador.asp?id=846&e=,2026-09-08T14:34:43Z
846,1995,"Tiburones, Aguadilla",11,10,wayback_bsnpr_players,https://web.archive.org/web/20070828230845id_/http://www.bsnpr.com:80/jugadores/jugador.asp?id=846&e=,2026-09-08T14:34:43Z
846,1996,"Tiburones, Aguadilla",10,8,wayback_bsnpr_players,https://web.archive.org/web/20070828230845id_/http://www.bsnpr.com:80/jugadores/jugador.asp?id=846&e=,2026-09-08T14:34:43Z
846,1997,"Tiburones, Aguadilla",5,4,wayback_bsnpr_players,https://web.archive.org/web/20070828230845id_/http://www.bsnpr.com:80/jugadores/jugador.asp?id=846&e=,2026-09-08T14:34:43Z
854,1960,"Piratas, Quebradillas",15,61,wayback_bsnpr_players,https://web.archive.org/web/20070829040841id_/http://www.bsnpr.com:80/jugadores/jugador.asp?id=854&e=,2026-09-08T14:34:45Z
855,1963,"Cangrejeros, Santurce",4,19,wayback_bsnpr_players,https://web.archive.org/web/20070828230808id_/http://www.bsnpr.com:80/jugadores/jugador.asp?id=855&e=,2026-09-08T14:34:47Z
855,1964,"Cangrejeros, Santurce",17,59,wayback_bsnpr_players,https://web.archive.org/web/20070828230808id_/http://www.bsnpr.com:80/jugadores/jugador.asp?id=855&e=,2026-09-08T14:34:47Z
855,1965,"Cangrejeros, Santurce",21,169,wayback_bsnpr_players,https://web.archive.org/web/20070828230808id_/http://www.bsnpr.com:80/jugadores/jugador.asp?id=855&e=,2026-09-08T14:34:47Z
855,1966,"Cangrejeros, Santurce",7,35,wayback_bsnpr_players,https://web.archive.org/web/20070828230808id_/http://www.bsnpr.com:80/jugadores/jugador.asp?id=855&e=,2026-09-08T14:34:47Z
858,1973,"Criollos, Caguas",4,7,wayback_bsnpr_players,https://web.archive.org/web/20070828230648id_/http://www.bsnpr.com:80/jugadores/jugador.asp?id=858&e=,2026-09-08T14:34:49Z
858,1975,"Capitanes, Arecibo",32,431,wayback_bsnpr_players,https://web.archive.org/web/20070828230648id_/http://www.bsnpr.com:80/jugadores/jugador.asp?id=858&e=,2026-09-08T14:34:49Z
858,1976,"Capitanes, Arecibo",30,277,wayback_bsnpr_players,https://web.archive.org/web/20070828230648id_/http://www.bsnpr.com:80/jugadores/jugador.asp?id=858&e=,2026-09-08T14:34:49Z
858,1977,"Capitanes, Arecibo",30,300,wayback_bsnpr_players,https://web.archive.org/web/20070828230648id_/http://www.bsnpr.com:80/jugadores/jugador.asp?id=858&e=,2026-09-08T14:34:49Z
858,1978,"Criollos, Caguas",29,397,wayback_bsnpr_players,https://web.archive.org/web/20070828230648id_/http://www.bsnpr.com:80/jugadores/jugador.asp?id=858&e=,2026-09-08T14:34:49Z
858,1979,"Criollos, Caguas",28,473,wayback_bsnpr_players,https://web.archive.org/web/20070828230648id_/http://www.bsnpr.com:80/jugadores/jugador.asp?id=858&e=,2026-09-08T14:34:49Z
858,1980,"Criollos, Caguas",29,333,wayback_bsnpr_players,https://web.archive.org/web/20070828230648id_/http://www.bsnpr.com:80/jugadores/jugador.asp?id=858&e=,2026-09-08T14:34:49Z
858,1981,"Criollos, Caguas",27,207,wayback_bsnpr_players,https://web.archive.org/web/20070828230648id_/http://www.bsnpr.com:80/jugadores/jugador.asp?id=858&e=,2026-09-08T14:34:49Z
858,1982,"Brujos, Guayama",27,106,wayback_bsnpr_players,https://web.archive.org/web/20070828230648id_/http://www.bsnpr.com:80/jugadores/jugador.asp?id=858&e=,2026-09-08T14:34:49Z
859,1989,"Cariduros, Fajardo",4,4,wayback_bsnpr_players,https://web.archive.org/web/20070828224354id_/http://www.bsnpr.com:80/jugadores/jugador.asp?id=859&e=,2026-09-08T14:34:51Z
860,2002,"Gallitos, Isabela",23,51,wayback_bsnpr_players,https://web.archive.org/web/20091206173340id_/http://www.bsnpr.com:80/jugadores/jugador.asp?id=860&e=,2026-09-08T14:34:52Z
860,2003,"Gallitos, Isabela",4,2,wayback_bsnpr_players,https://web.archive.org/web/20091206173340id_/http://www.bsnpr.com:80/jugadores/jugador.asp?id=860&e=,2026-09-08T14:34:52Z
860,2005,"Grises, Humacao",17,43,wayback_bsnpr_players,https://web.archive.org/web/20091206173340id_/http://www.bsnpr.com:80/jugadores/jugador.asp?id=860&e=,2026-09-08T14:34:52Z
860,2007,"Leones, Ponce",25,47,wayback_bsnpr_players,https://web.archive.org/web/20091206173340id_/http://www.bsnpr.com:80/jugadores/jugador.asp?id=860&e=,2026-09-08T14:34:52Z
860,2008,"Criollos, Caguas",24,73,wayback_bsnpr_players,https://web.archive.org/web/20091206173340id_/http://www.bsnpr.com:80/jugadores/jugador.asp?id=860&e=,2026-09-08T14:34:52Z
860,2009,"Grises, Humacao",10,16,wayback_bsnpr_players,https://web.archive.org/web/20091206173340id_/http://www.bsnpr.com:80/jugadores/jugador.asp?id=860&e=,2026-09-08T14:34:52Z
861,1981,"Capitanes, Arecibo",1,1,wayback_bsnpr_players,https://web.archive.org/web/20070829035131id_/http://www.bsnpr.com:80/jugadores/jugador.asp?id=861&e=,2026-09-08T14:34:54Z
862,1958,"Vaqueros, Bayamon",3,5,wayback_bsnpr_players,https://web.archive.org/web/20070829035049id_/http://www.bsnpr.com:80/jugadores/jugador.asp?id=862&e=,2026-09-08T14:34:56Z
862,1959,"Vaqueros, Bayamon",11,23,wayback_bsnpr_players,https://web.archive.org/web/20070829035049id_/http://www.bsnpr.com:80/jugadores/jugador.asp?id=862&e=,2026-09-08T14:34:56Z
863,1974,"Criollos, Caguas",28,356,wayback_bsnpr_players,https://web.archive.org/web/20171029065941id_/http://www.bsnpr.com/jugadores/jugador.asp?id=863,2026-09-08T14:34:58Z
863,1975,"Criollos, Caguas",20,164,wayback_bsnpr_players,https://web.archive.org/web/20171029065941id_/http://www.bsnpr.com/jugadores/jugador.asp?id=863,2026-09-08T14:34:58Z
863,1976,"Criollos, Caguas",32,463,wayback_bsnpr_players,https://web.archive.org/web/20171029065941id_/http://www.bsnpr.com/jugadores/jugador.asp?id=863,2026-09-08T14:34:58Z
863,1977,"Criollos, Caguas",33,885,wayback_bsnpr_players,https://web.archive.org/web/20171029065941id_/http://www.bsnpr.com/jugadores/jugador.asp?id=863,2026-09-08T14:34:58Z
863,1978,"Criollos, Caguas",24,613,wayback_bsnpr_players,https://web.archive.org/web/20171029065941id_/http://www.bsnpr.com/jugadores/jugador.asp?id=863,2026-09-08T14:34:58Z
863,1979,"Criollos, Caguas",30,868,wayback_bsnpr_players,https://web.archive.org/web/20171029065941id_/http://www.bsnpr.com/jugadores/jugador.asp?id=863,2026-09-08T14:34:58Z
863,1980,"Criollos, Caguas",28,526,wayback_bsnpr_players,https://web.archive.org/web/20171029065941id_/http://www.bsnpr.com/jugadores/jugador.asp?id=863,2026-09-08T14:34:58Z
863,1981,"Leones, Ponce",27,553,wayback_bsnpr_players,https://web.archive.org/web/20171029065941id_/http://www.bsnpr.com/jugadores/jugador.asp?id=863,2026-09-08T14:34:58Z
863,1982,"Leones, Ponce",33,766,wayback_bsnpr_players,https://web.archive.org/web/20171029065941id_/http://www.bsnpr.com/jugadores/jugador.asp?id=863,2026-09-08T14:34:58Z
863,1983,"Indios, Canovanas",33,683,wayback_bsnpr_players,https://web.archive.org/web/20171029065941id_/http://www.bsnpr.com/jugadores/jugador.asp?id=863,2026-09-08T14:34:58Z
863,1984,"Indios, Canovanas",30,489,wayback_bsnpr_players,https://web.archive.org/web/20171029065941id_/http://www.bsnpr.com/jugadores/jugador.asp?id=863,2026-09-08T14:34:58Z
863,1985,"Indios, Canovanas",29,670,wayback_bsnpr_players,https://web.archive.org/web/20171029065941id_/http://www.bsnpr.com/jugadores/jugador.asp?id=863,2026-09-08T14:34:58Z
863,1986,"Indios, Canovanas",33,692,wayback_bsnpr_players,https://web.archive.org/web/20171029065941id_/http://www.bsnpr.com/jugadores/jugador.asp?id=863,2026-09-08T14:34:58Z
863,1990,"Criollos, Caguas",16,138,wayback_bsnpr_players,https://web.archive.org/web/20171029065941id_/http://www.bsnpr.com/jugadores/jugador.asp?id=863,2026-09-08T14:34:58Z
863,1991,"Criollos, Caguas",30,141,wayback_bsnpr_players,https://web.archive.org/web/20171029065941id_/http://www.bsnpr.com/jugadores/jugador.asp?id=863,2026-09-08T14:34:58Z
865,1963,"Piratas, Quebradillas",16,49,wayback_bsnpr_players,https://web.archive.org/web/20070829040618id_/http://www.bsnpr.com:80/jugadores/jugador.asp?id=865&e=,2026-09-08T14:35:00Z
865,1964,"Piratas, Quebradillas",15,65,wayback_bsnpr_players,https://web.archive.org/web/20070829040618id_/http://www.bsnpr.com:80/jugadores/jugador.asp?id=865&e=,2026-09-08T14:35:00Z
865,1965,"Piratas, Quebradillas",14,15,wayback_bsnpr_players,https://web.archive.org/web/20070829040618id_/http://www.bsnpr.com:80/jugadores/jugador.asp?id=865&e=,2026-09-08T14:35:00Z
865,1966,"Piratas, Quebradillas",20,85,wayback_bsnpr_players,https://web.archive.org/web/20070829040618id_/http://www.bsnpr.com:80/jugadores/jugador.asp?id=865&e=,2026-09-08T14:35:00Z
865,1967,"Leones, Ponce",18,32,wayback_bsnpr_players,https://web.archive.org/web/20070829040618id_/http://www.bsnpr.com:80/jugadores/jugador.asp?id=865&e=,2026-09-08T14:35:00Z
865,1968,"Leones, Ponce",8,16,wayback_bsnpr_players,https://web.archive.org/web/20070829040618id_/http://www.bsnpr.com:80/jugadores/jugador.asp?id=865&e=,2026-09-08T14:35:00Z
868,1964,"Cangrejeros, Santurce",12,9,wayback_bsnpr_players,https://web.archive.org/web/20070828225057id_/http://www.bsnpr.com:80/jugadores/jugador.asp?id=868&e=,2026-09-08T14:35:02Z
868,1965,"Cangrejeros, Santurce",11,16,wayback_bsnpr_players,https://web.archive.org/web/20070828225057id_/http://www.bsnpr.com:80/jugadores/jugador.asp?id=868&e=,2026-09-08T14:35:02Z
868,1966,"Cangrejeros, Santurce",4,0,wayback_bsnpr_players,https://web.archive.org/web/20070828225057id_/http://www.bsnpr.com:80/jugadores/jugador.asp?id=868&e=,2026-09-08T14:35:02Z
869,1998,"Capitanes, Arecibo",6,3,wayback_bsnpr_players,https://web.archive.org/web/20140122201124id_/http://www.bsnpr.com:80/jugadores/jugador.asp?id=869&e=,2026-09-08T14:35:04Z
869,2000,"Capitanes, Arecibo",5,12,wayback_bsnpr_players,https://web.archive.org/web/20140122201124id_/http://www.bsnpr.com:80/jugadores/jugador.asp?id=869&e=,2026-09-08T14:35:04Z
869,2001,"Gigantes, Carolina",14,24,wayback_bsnpr_players,https://web.archive.org/web/20140122201124id_/http://www.bsnpr.com:80/jugadores/jugador.asp?id=869&e=,2026-09-08T14:35:04Z
869,2002,"Gigantes, Carolina",19,40,wayback_bsnpr_players,https://web.archive.org/web/20140122201124id_/http://www.bsnpr.com:80/jugadores/jugador.asp?id=869&e=,2026-09-08T14:35:04Z
869,2005,"Brujos, Guayama",22,77,wayback_bsnpr_players,https://web.archive.org/web/20140122201124id_/http://www.bsnpr.com:80/jugadores/jugador.asp?id=869&e=,2026-09-08T14:35:04Z
869,2006,"Mets, Guaynabo",26,205,wayback_bsnpr_players,https://web.archive.org/web/20140122201124id_/http://www.bsnpr.com:80/jugadores/jugador.asp?id=869&e=,2026-09-08T14:35:04Z
869,2007,"Mets, Guaynabo",30,306,wayback_bsnpr_players,https://web.archive.org/web/20140122201124id_/http://www.bsnpr.com:80/jugadores/jugador.asp?id=869&e=,2026-09-08T14:35:04Z
869,2008,"Vaqueros, Bayamon",31,154,wayback_bsnpr_players,https://web.archive.org/web/20140122201124id_/http://www.bsnpr.com:80/jugadores/jugador.asp?id=869&e=,2026-09-08T14:35:04Z
869,2009,"Vaqueros, Bayamon",20,14,wayback_bsnpr_players,https://web.archive.org/web/20140122201124id_/http://www.bsnpr.com:80/jugadores/jugador.asp?id=869&e=,2026-09-08T14:35:04Z
869,2010,"Vaqueros, Bayamon",13,19,wayback_bsnpr_players,https://web.archive.org/web/20140122201124id_/http://www.bsnpr.com:80/jugadores/jugador.asp?id=869&e=,2026-09-08T14:35:04Z
869,2011,"Indios, Mayaguez",27,114,wayback_bsnpr_players,https://web.archive.org/web/20140122201124id_/http://www.bsnpr.com:80/jugadores/jugador.asp?id=869&e=,2026-09-08T14:35:04Z
869,2012,"Caciques, Humacao",30,233,wayback_bsnpr_players,https://web.archive.org/web/20140122201124id_/http://www.bsnpr.com:80/jugadores/jugador.asp?id=869&e=,2026-09-08T14:35:04Z
869,2013,"Caciques, Humacao",29,53,wayback_bsnpr_players,https://web.archive.org/web/20140122201124id_/http://www.bsnpr.com:80/jugadores/jugador.asp?id=869&e=,2026-09-08T14:35:04Z
870,2000,"Indios, Mayaguez",0,0,wayback_bsnpr_players,https://web.archive.org/web/20130614021757id_/http://www.bsnpr.com:80/jugadores/jugador.asp?id=870&e=13,2026-09-08T14:35:06Z
870,2001,"Indios, Mayaguez",1,0,wayback_bsnpr_players,https://web.archive.org/web/20130614021757id_/http://www.bsnpr.com:80/jugadores/jugador.asp?id=870&e=13,2026-09-08T14:35:06Z
870,2002,"Atleticos, San German",0,0,wayback_bsnpr_players,https://web.archive.org/web/20130614021757id_/http://www.bsnpr.com:80/jugadores/jugador.asp?id=870&e=13,2026-09-08T14:35:06Z
870,2006,"Criollos, Caguas",12,43,wayback_bsnpr_players,https://web.archive.org/web/20130614021757id_/http://www.bsnpr.com:80/jugadores/jugador.asp?id=870&e=13,2026-09-08T14:35:06Z
870,2006,"Maratonistas, Coamo",2,0,wayback_bsnpr_players,https://web.archive.org/web/20130614021757id_/http://www.bsnpr.com:80/jugadores/jugador.asp?id=870&e=13,2026-09-08T14:35:06Z
870,2007,"Maratonistas, Coamo",23,69,wayback_bsnpr_players,https://web.archive.org/web/20130614021757id_/http://www.bsnpr.com:80/jugadores/jugador.asp?id=870&e=13,2026-09-08T14:35:06Z
870,2008,"Indios, Mayaguez",26,99,wayback_bsnpr_players,https://web.archive.org/web/20130614021757id_/http://www.bsnpr.com:80/jugadores/jugador.asp?id=870&e=13,2026-09-08T14:35:06Z
870,2009,"Leones, Ponce",11,14,wayback_bsnpr_players,https://web.archive.org/web/20130614021757id_/http://www.bsnpr.com:80/jugadores/jugador.asp?id=870&e=13,2026-09-08T14:35:06Z
870,2010,"Leones, Ponce",11,12,wayback_bsnpr_players,https://web.archive.org/web/20130614021757id_/http://www.bsnpr.com:80/jugadores/jugador.asp?id=870&e=13,2026-09-08T14:35:06Z
870,2011,"Atleticos, San German",14,6,wayback_bsnpr_players,https://web.archive.org/web/20130614021757id_/http://www.bsnpr.com:80/jugadores/jugador.asp?id=870&e=13,2026-09-08T14:35:06Z
870,2013,"Brujos, Guayama",12,17,wayback_bsnpr_players,https://web.archive.org/web/20130614021757id_/http://www.bsnpr.com:80/jugadores/jugador.asp?id=870&e=13,2026-09-08T14:35:06Z
872,1970,"Capitanes, Arecibo",14,216,wayback_bsnpr_players,https://web.archive.org/web/20220114144339id_/https://www.bsnpr.com/jugadores/jugador.asp?id=872,2026-09-08T14:35:08Z
872,1971,"Capitanes, Arecibo",17,341,wayback_bsnpr_players,https://web.archive.org/web/20220114144339id_/https://www.bsnpr.com/jugadores/jugador.asp?id=872,2026-09-08T14:35:08Z
872,1972,"Capitanes, Arecibo",26,547,wayback_bsnpr_players,https://web.archive.org/web/20220114144339id_/https://www.bsnpr.com/jugadores/jugador.asp?id=872,2026-09-08T14:35:08Z
872,1973,"Capitanes, Arecibo",20,425,wayback_bsnpr_players,https://web.archive.org/web/20220114144339id_/https://www.bsnpr.com/jugadores/jugador.asp?id=872,2026-09-08T14:35:08Z
872,1974,"Capitanes, Arecibo",30,752,wayback_bsnpr_players,https://web.archive.org/web/20220114144339id_/https://www.bsnpr.com/jugadores/jugador.asp?id=872,2026-09-08T14:35:08Z
872,1976,"Cardenales, Rio Piedras",24,303,wayback_bsnpr_players,https://web.archive.org/web/20220114144339id_/https://www.bsnpr.com/jugadores/jugador.asp?id=872,2026-09-08T14:35:08Z
872,1977,"Cardenales, Rio Piedras",29,373,wayback_bsnpr_players,https://web.archive.org/web/20220114144339id_/https://www.bsnpr.com/jugadores/jugador.asp?id=872,2026-09-08T14:35:08Z
872,1978,"Cardenales, Rio Piedras",30,480,wayback_bsnpr_players,https://web.archive.org/web/20220114144339id_/https://www.bsnpr.com/jugadores/jugador.asp?id=872,2026-09-08T14:35:08Z
872,1979,"Cardenales, Rio Piedras",27,539,wayback_bsnpr_players,https://web.archive.org/web/20220114144339id_/https://www.bsnpr.com/jugadores/jugador.asp?id=872,2026-09-08T14:35:08Z
872,1980,"Titanes, Morovis",29,576,wayback_bsnpr_players,https://web.archive.org/web/20220114144339id_/https://www.bsnpr.com/jugadores/jugador.asp?id=872,2026-09-08T14:35:08Z
872,1981,"Indios, Mayaguez",33,514,wayback_bsnpr_players,https://web.archive.org/web/20220114144339id_/https://www.bsnpr.com/jugadores/jugador.asp?id=872,2026-09-08T14:35:08Z
872,1982,"Cardenales, Rio Piedras",30,249,wayback_bsnpr_players,https://web.archive.org/web/20220114144339id_/https://www.bsnpr.com/jugadores/jugador.asp?id=872,2026-09-08T14:35:08Z
872,1983,"Gallitos, Isabela",5,12,wayback_bsnpr_players,https://web.archive.org/web/20220114144339id_/https://www.bsnpr.com/jugadores/jugador.asp?id=872,2026-09-08T14:35:08Z
872,1983,"Mets, Guaynabo",14,34,wayback_bsnpr_players,https://web.archive.org/web/20220114144339id_/https://www.bsnpr.com/jugadores/jugador.asp?id=872,2026-09-08T14:35:08Z
873,1956,"Vaqueros, Bayamon",13,26,wayback_bsnpr_players,https://web.archive.org/web/20070829041856id_/http://www.bsnpr.com:80/jugadores/jugador.asp?id=873&e=,2026-09-08T14:35:10Z
873,1957,"Vaqueros, Bayamon",5,34,wayback_bsnpr_players,https://web.archive.org/web/20070829041856id_/http://www.bsnpr.com:80/jugadores/jugador.asp?id=873&e=,2026-09-08T14:35:10Z
873,1958,"Vaqueros, Bayamon",10,9,wayback_bsnpr_players,https://web.archive.org/web/20070829041856id_/http://www.bsnpr.com:80/jugadores/jugador.asp?id=873&e=,2026-09-08T14:35:10Z
873,1959,"Vaqueros, Bayamon",10,22,wayback_bsnpr_players,https://web.archive.org/web/20070829041856id_/http://www.bsnpr.com:80/jugadores/jugador.asp?id=873&e=,2026-09-08T14:35:10Z
873,1960,"Vaqueros, Bayamon",6,13,wayback_bsnpr_players,https://web.archive.org/web/20070829041856id_/http://www.bsnpr.com:80/jugadores/jugador.asp?id=873&e=,2026-09-08T14:35:10Z
874,1987,"Gallitos, Isabela",30,249,wayback_bsnpr_players,https://web.archive.org/web/20070829040723id_/http://www.bsnpr.com:80/jugadores/jugador.asp?id=874&e=,2026-09-08T14:35:11Z
874,1988,"Capitanes, Arecibo",25,194,wayback_bsnpr_players,https://web.archive.org/web/20070829040723id_/http://www.bsnpr.com:80/jugadores/jugador.asp?id=874&e=,2026-09-08T14:35:11Z
874,1989,"Capitanes, Arecibo",22,87,wayback_bsnpr_players,https://web.archive.org/web/20070829040723id_/http://www.bsnpr.com:80/jugadores/jugador.asp?id=874&e=,2026-09-08T14:35:11Z
874,1990,"Atleticos, San German",23,25,wayback_bsnpr_players,https://web.archive.org/web/20070829040723id_/http://www.bsnpr.com:80/jugadores/jugador.asp?id=874&e=,2026-09-08T14:35:11Z
874,1992,"Santeros, Aguada",27,87,wayback_bsnpr_players,https://web.archive.org/web/20070829040723id_/http://www.bsnpr.com:80/jugadores/jugador.asp?id=874&e=,2026-09-08T14:35:11Z
874,1993,"Santeros, Aguada",17,28,wayback_bsnpr_players,https://web.archive.org/web/20070829040723id_/http://www.bsnpr.com:80/jugadores/jugador.asp?id=874&e=,2026-09-08T14:35:11Z
880,1973,"Cariduros, Fajardo",21,83,wayback_bsnpr_players,https://web.archive.org/web/20070829040632id_/http://www.bsnpr.com:80/jugadores/jugador.asp?id=880&e=,2026-09-08T14:35:13Z
880,1977,"Titanes, Morovis",18,127,wayback_bsnpr_players,https://web.archive.org/web/20070829040632id_/http://www.bsnpr.com:80/jugadores/jugador.asp?id=880&e=,2026-09-08T14:35:13Z
880,1977,"Vaqueros, Bayamon",3,2,wayback_bsnpr_players,https://web.archive.org/web/20070829040632id_/http://www.bsnpr.com:80/jugadores/jugador.asp?id=880&e=,2026-09-08T14:35:13Z
880,1978,"Vaqueros, Bayamon",5,15,wayback_bsnpr_players,https://web.archive.org/web/20070829040632id_/http://www.bsnpr.com:80/jugadores/jugador.asp?id=880&e=,2026-09-08T14:35:13Z
880,1979,"Vaqueros, Bayamon",7,3,wayback_bsnpr_players,https://web.archive.org/web/20070829040632id_/http://www.bsnpr.com:80/jugadores/jugador.asp?id=880&e=,2026-09-08T14:35:13Z
882,1992,"Leones, Ponce",16,68,wayback_bsnpr_players,https://web.archive.org/web/20070828230252id_/http://www.bsnpr.com:80/jugadores/jugador.asp?id=882&e=,2026-09-08T14:35:15Z
882,1993,"Leones, Ponce",20,100,wayback_bsnpr_players,https://web.archive.org/web/20070828230252id_/http://www.bsnpr.com:80/jugadores/jugador.asp?id=882&e=,2026-09-08T14:35:15Z
882,1994,"Leones, Ponce",8,8,wayback_bsnpr_players,https://web.archive.org/web/20070828230252id_/http://www.bsnpr.com:80/jugadores/jugador.asp?id=882&e=,2026-09-08T14:35:15Z
882,1995,"Tiburones, Aguadilla",18,29,wayback_bsnpr_players,https://web.archive.org/web/20070828230252id_/http://www.bsnpr.com:80/jugadores/jugador.asp?id=882&e=,2026-09-08T14:35:15Z
883,1972,"Indios, Mayaguez",10,28,wayback_bsnpr_players,https://web.archive.org/web/20070828230230id_/http://www.bsnpr.com:80/jugadores/jugador.asp?id=883&e=,2026-09-08T14:35:17Z
883,1973,"Cariduros, Fajardo",17,88,wayback_bsnpr_players,https://web.archive.org/web/20070828230230id_/http://www.bsnpr.com:80/jugadores/jugador.asp?id=883&e=,2026-09-08T14:35:17Z
883,1973,"Indios, Mayaguez",10,28,wayback_bsnpr_players,https://web.archive.org/web/20070828230230id_/http://www.bsnpr.com:80/jugadores/jugador.asp?id=883&e=,2026-09-08T14:35:17Z
883,1974,"Cariduros, Fajardo",32,234,wayback_bsnpr_players,https://web.archive.org/web/20070828230230id_/http://www.bsnpr.com:80/jugadores/jugador.asp?id=883&e=,2026-09-08T14:35:17Z
883,1975,"Cariduros, Fajardo",31,326,wayback_bsnpr_players,https://web.archive.org/web/20070828230230id_/http://www.bsnpr.com:80/jugadores/jugador.asp?id=883&e=,2026-09-08T14:35:17Z
883,1976,"Cariduros, Fajardo",28,270,wayback_bsnpr_players,https://web.archive.org/web/20070828230230id_/http://www.bsnpr.com:80/jugadores/jugador.asp?id=883&e=,2026-09-08T14:35:17Z
883,1977,"Cariduros, Fajardo",32,261,wayback_bsnpr_players,https://web.archive.org/web/20070828230230id_/http://www.bsnpr.com:80/jugadores/jugador.asp?id=883&e=,2026-09-08T14:35:17Z
883,1979,"Gigantes, Carolina",12,26,wayback_bsnpr_players,https://web.archive.org/web/20070828230230id_/http://www.bsnpr.com:80/jugadores/jugador.asp?id=883&e=,2026-09-08T14:35:17Z
891,1970,"Cangrejeros, Santurce",8,10,wayback_bsnpr_players,https://web.archive.org/web/20070829035349id_/http://www.bsnpr.com:80/jugadores/jugador.asp?id=891&e=,2026-09-08T14:35:19Z
891,1971,"Brujos, Guayama",19,45,wayback_bsnpr_players,https://web.archive.org/web/20070829035349id_/http://www.bsnpr.com:80/jugadores/jugador.asp?id=891&e=,2026-09-08T14:35:19Z
891,1972,"Brujos, Guayama",8,8,wayback_bsnpr_players,https://web.archive.org/web/20070829035349id_/http://www.bsnpr.com:80/jugadores/jugador.asp?id=891&e=,2026-09-08T14:35:19Z
891,1973,"Brujos, Guayama",29,84,wayback_bsnpr_players,https://web.archive.org/web/20070829035349id_/http://www.bsnpr.com:80/jugadores/jugador.asp?id=891&e=,2026-09-08T14:35:19Z
897,1987,"Indios, Mayaguez",5,2,wayback_bsnpr_players,https://web.archive.org/web/20070829035239id_/http://www.bsnpr.com:80/jugadores/jugador.asp?id=897&e=,2026-09-08T14:35:21Z
899,1977,"Indios, Mayaguez",33,793,wayback_bsnpr_players,https://web.archive.org/web/20070828231646id_/http://www.bsnpr.com:80/jugadores/jugador.asp?id=899&e=,2026-09-08T14:35:23Z
899,1978,"Indios, Mayaguez",33,797,wayback_bsnpr_players,https://web.archive.org/web/20070828231646id_/http://www.bsnpr.com:80/jugadores/jugador.asp?id=899&e=,2026-09-08T14:35:23Z
903,1959,"Piratas, Quebradillas",20,209,wayback_bsnpr_players,https://web.archive.org/web/20070829040001id_/http://www.bsnpr.com:80/jugadores/jugador.asp?id=903&e=,2026-09-08T14:35:24Z
903,1960,"Piratas, Quebradillas",21,326,wayback_bsnpr_players,https://web.archive.org/web/20070829040001id_/http://www.bsnpr.com:80/jugadores/jugador.asp?id=903&e=,2026-09-08T14:35:24Z
903,1961,"Piratas, Quebradillas",17,177,wayback_bsnpr_players,https://web.archive.org/web/20070829040001id_/http://www.bsnpr.com:80/jugadores/jugador.asp?id=903&e=,2026-09-08T14:35:24Z
903,1962,"Piratas, Quebradillas",6,84,wayback_bsnpr_players,https://web.archive.org/web/20070829040001id_/http://www.bsnpr.com:80/jugadores/jugador.asp?id=903&e=,2026-09-08T14:35:24Z
903,1965,"Piratas, Quebradillas",20,230,wayback_bsnpr_players,https://web.archive.org/web/20070829040001id_/http://www.bsnpr.com:80/jugadores/jugador.asp?id=903&e=,2026-09-08T14:35:24Z
903,1966,"Piratas, Quebradillas",20,270,wayback_bsnpr_players,https://web.archive.org/web/20070829040001id_/http://www.bsnpr.com:80/jugadores/jugador.asp?id=903&e=,2026-09-08T14:35:24Z
903,1967,"Piratas, Quebradillas",27,229,wayback_bsnpr_players,https://web.archive.org/web/20070829040001id_/http://www.bsnpr.com:80/jugadores/jugador.asp?id=903&e=,2026-09-08T14:35:24Z
903,1968,"Piratas, Quebradillas",15,39,wayback_bsnpr_players,https://web.archive.org/web/20070829040001id_/http://www.bsnpr.com:80/jugadores/jugador.asp?id=903&e=,2026-09-08T14:35:24Z
903,1969,"Piratas, Quebradillas",1,4,wayback_bsnpr_players,https://web.archive.org/web/20070829040001id_/http://www.bsnpr.com:80/jugadores/jugador.asp?id=903&e=,2026-09-08T14:35:24Z
905,2002,"Toritos, Cayey",16,36,wayback_bsnpr_players,https://web.archive.org/web/20071026020435id_/http://www.bsnpr.com:80/jugadores/jugador.asp?id=905&e=12,2026-09-08T14:35:26Z
905,2003,"Toritos, Cayey",7,9,wayback_bsnpr_players,https://web.archive.org/web/20071026020435id_/http://www.bsnpr.com:80/jugadores/jugador.asp?id=905&e=12,2026-09-08T14:35:26Z
905,2007,"Indios, Mayaguez",11,27,wayback_bsnpr_players,https://web.archive.org/web/20071026020435id_/http://www.bsnpr.com:80/jugadores/jugador.asp?id=905&e=12,2026-09-08T14:35:26Z
909,1959,"Cangrejeros, Santurce",12,40,wayback_bsnpr_players,https://web.archive.org/web/20070829035249id_/http://www.bsnpr.com:80/jugadores/jugador.asp?id=909&e=,2026-09-08T14:35:28Z
909,1960,"Cangrejeros, Santurce",12,44,wayback_bsnpr_players,https://web.archive.org/web/20070829035249id_/http://www.bsnpr.com:80/jugadores/jugador.asp?id=909&e=,2026-09-08T14:35:28Z
910,2002,"Toritos, Cayey",7,8,wayback_bsnpr_players,https://web.archive.org/web/20080411054913id_/http://www.bsnpr.com:80/jugadores/jugador.asp?id=910&e=,2026-09-08T14:35:30Z
910,2006,"Brujos, Guayama",6,11,wayback_bsnpr_players,https://web.archive.org/web/20080411054913id_/http://www.bsnpr.com:80/jugadores/jugador.asp?id=910&e=,2026-09-08T14:35:30Z
910,2007,"Leones, Ponce",2,3,wayback_bsnpr_players,https://web.archive.org/web/20080411054913id_/http://www.bsnpr.com:80/jugadores/jugador.asp?id=910&e=,2026-09-08T14:35:30Z
914,1990,"Tainos, Cabo Rojo",30,495,wayback_bsnpr_players,https://web.archive.org/web/20180830005417id_/https://bsnpr.com/jugadores/jugador.asp?id=914&e=6,2026-09-08T14:35:32Z
914,1991,"Tainos, Cabo Rojo",28,541,wayback_bsnpr_players,https://web.archive.org/web/20180830005417id_/https://bsnpr.com/jugadores/jugador.asp?id=914&e=6,2026-09-08T14:35:32Z
914,1992,"Tainos, Cabo Rojo",11,222,wayback_bsnpr_players,https://web.archive.org/web/20180830005417id_/https://bsnpr.com/jugadores/jugador.asp?id=914&e=6,2026-09-08T14:35:32Z
914,1993,"Piratas, Quebradillas",28,588,wayback_bsnpr_players,https://web.archive.org/web/20180830005417id_/https://bsnpr.com/jugadores/jugador.asp?id=914&e=6,2026-09-08T14:35:32Z
914,1996,"Mets, Guaynabo",32,639,wayback_bsnpr_players,https://web.archive.org/web/20180830005417id_/https://bsnpr.com/jugadores/jugador.asp?id=914&e=6,2026-09-08T14:35:32Z
914,1997,"Tiburones, Aguadilla",28,430,wayback_bsnpr_players,https://web.archive.org/web/20180830005417id_/https://bsnpr.com/jugadores/jugador.asp?id=914&e=6,2026-09-08T14:35:32Z
914,1998,"Vaqueros, Bayamon",20,359,wayback_bsnpr_players,https://web.archive.org/web/20180830005417id_/https://bsnpr.com/jugadores/jugador.asp?id=914&e=6,2026-09-08T14:35:32Z
914,1999,"Piratas, Quebradillas",22,194,wayback_bsnpr_players,https://web.archive.org/web/20180830005417id_/https://bsnpr.com/jugadores/jugador.asp?id=914&e=6,2026-09-08T14:35:32Z
914,2000,"Piratas, Quebradillas",28,458,wayback_bsnpr_players,https://web.archive.org/web/20180830005417id_/https://bsnpr.com/jugadores/jugador.asp?id=914&e=6,2026-09-08T14:35:32Z
914,2001,"Leones, Ponce",26,377,wayback_bsnpr_players,https://web.archive.org/web/20180830005417id_/https://bsnpr.com/jugadores/jugador.asp?id=914&e=6,2026-09-08T14:35:32Z
914,2002,"Piratas, Quebradillas",19,215,wayback_bsnpr_players,https://web.archive.org/web/20180830005417id_/https://bsnpr.com/jugadores/jugador.asp?id=914&e=6,2026-09-08T14:35:32Z
914,2007,"Indios, Mayaguez",26,131,wayback_bsnpr_players,https://web.archive.org/web/20180830005417id_/https://bsnpr.com/jugadores/jugador.asp?id=914&e=6,2026-09-08T14:35:32Z
914,2009,"Piratas, Quebradillas",21,36,wayback_bsnpr_players,https://web.archive.org/web/20180830005417id_/https://bsnpr.com/jugadores/jugador.asp?id=914&e=6,2026-09-08T14:35:32Z
914,2010,"Piratas, Quebradillas",27,77,wayback_bsnpr_players,https://web.archive.org/web/20180830005417id_/https://bsnpr.com/jugadores/jugador.asp?id=914&e=6,2026-09-08T14:35:32Z
914,2011,"Piratas, Quebradillas",12,14,wayback_bsnpr_players,https://web.archive.org/web/20180830005417id_/https://bsnpr.com/jugadores/jugador.asp?id=914&e=6,2026-09-08T14:35:32Z
919,1998,"Piratas, Quebradillas",20,350,wayback_bsnpr_players,https://web.archive.org/web/20070828225232id_/http://www.bsnpr.com:80/jugadores/jugador.asp?id=919&e=,2026-09-08T14:35:33Z
919,1999,"Piratas, Quebradillas",10,115,wayback_bsnpr_players,https://web.archive.org/web/20070828225232id_/http://www.bsnpr.com:80/jugadores/jugador.asp?id=919&e=,2026-09-08T14:35:33Z
919,2000,"Conquistadores, Guaynabo",17,152,wayback_bsnpr_players,https://web.archive.org/web/20070828225232id_/http://www.bsnpr.com:80/jugadores/jugador.asp?id=919&e=,2026-09-08T14:35:33Z
919,2000,"Vaqueros, Bayamon",6,65,wayback_bsnpr_players,https://web.archive.org/web/20070828225232id_/http://www.bsnpr.com:80/jugadores/jugador.asp?id=919&e=,2026-09-08T14:35:33Z
920,1995,"Vaqueros, Bayamon",1,1,wayback_bsnpr_players,https://web.archive.org/web/20080417000104id_/http://www.bsnpr.com:80/jugadores/jugador.asp?id=920&e=,2026-09-08T14:35:35Z
920,1996,"Gallitos, Isabela",13,82,wayback_bsnpr_players,https://web.archive.org/web/20080417000104id_/http://www.bsnpr.com:80/jugadores/jugador.asp?id=920&e=,2026-09-08T14:35:35Z
920,1997,"Gallitos, Isabela",16,88,wayback_bsnpr_players,https://web.archive.org/web/20080417000104id_/http://www.bsnpr.com:80/jugadores/jugador.asp?id=920&e=,2026-09-08T14:35:35Z
920,1998,"Gallitos, Isabela",10,34,wayback_bsnpr_players,https://web.archive.org/web/20080417000104id_/http://www.bsnpr.com:80/jugadores/jugador.asp?id=920&e=,2026-09-08T14:35:35Z
920,2001,"Maratonistas, Coamo",25,384,wayback_bsnpr_players,https://web.archive.org/web/20080417000104id_/http://www.bsnpr.com:80/jugadores/jugador.asp?id=920&e=,2026-09-08T14:35:35Z
920,2002,"Maratonistas, Coamo",28,390,wayback_bsnpr_players,https://web.archive.org/web/20080417000104id_/http://www.bsnpr.com:80/jugadores/jugador.asp?id=920&e=,2026-09-08T14:35:35Z
920,2003,"Maratonistas, Coamo",31,392,wayback_bsnpr_players,https://web.archive.org/web/20080417000104id_/http://www.bsnpr.com:80/jugadores/jugador.asp?id=920&e=,2026-09-08T14:35:35Z
920,2004,"Gigantes, Carolina",27,334,wayback_bsnpr_players,https://web.archive.org/web/20080417000104id_/http://www.bsnpr.com:80/jugadores/jugador.asp?id=920&e=,2026-09-08T14:35:35Z
920,2005,"Atleticos, San German",13,67,wayback_bsnpr_players,https://web.archive.org/web/20080417000104id_/http://www.bsnpr.com:80/jugadores/jugador.asp?id=920&e=,2026-09-08T14:35:35Z
920,2005,"Grises, Humacao",8,38,wayback_bsnpr_players,https://web.archive.org/web/20080417000104id_/http://www.bsnpr.com:80/jugadores/jugador.asp?id=920&e=,2026-09-08T14:35:35Z
932,2002,"Indios, Mayaguez",9,11,wayback_bsnpr_players,https://web.archive.org/web/20110717025736id_/http://www.bsnpr.com:80/jugadores/jugador.asp?id=932&e=2,2026-09-08T14:35:37Z
932,2003,"Gigantes, Carolina",8,65,wayback_bsnpr_players,https://web.archive.org/web/20110717025736id_/http://www.bsnpr.com:80/jugadores/jugador.asp?id=932&e=2,2026-09-08T14:35:37Z
932,2004,"Gigantes, Carolina",6,47,wayback_bsnpr_players,https://web.archive.org/web/20110717025736id_/http://www.bsnpr.com:80/jugadores/jugador.asp?id=932&e=2,2026-09-08T14:35:37Z
932,2005,"Caciques, Humacao",15,106,wayback_bsnpr_players,https://web.archive.org/web/20110717025736id_/http://www.bsnpr.com:80/jugadores/jugador.asp?id=932&e=2,2026-09-08T14:35:37Z
932,2005,"Maratonistas, Coamo",12,79,wayback_bsnpr_players,https://web.archive.org/web/20110717025736id_/http://www.bsnpr.com:80/jugadores/jugador.asp?id=932&e=2,2026-09-08T14:35:37Z
932,2006,"Atleticos, San German",14,166,wayback_bsnpr_players,https://web.archive.org/web/20110717025736id_/http://www.bsnpr.com:80/jugadores/jugador.asp?id=932&e=2,2026-09-08T14:35:37Z
932,2006,"Maratonistas, Coamo",13,136,wayback_bsnpr_players,https://web.archive.org/web/20110717025736id_/http://www.bsnpr.com:80/jugadores/jugador.asp?id=932&e=2,2026-09-08T14:35:37Z
932,2007,"Cariduros, Fajardo",30,367,wayback_bsnpr_players,https://web.archive.org/web/20110717025736id_/http://www.bsnpr.com:80/jugadores/jugador.asp?id=932&e=2,2026-09-08T14:35:37Z
932,2008,"Atleticos, San German",18,115,wayback_bsnpr_players,https://web.archive.org/web/20110717025736id_/http://www.bsnpr.com:80/jugadores/jugador.asp?id=932&e=2,2026-09-08T14:35:37Z
932,2008,"Brujos, Guayama",11,130,wayback_bsnpr_players,https://web.archive.org/web/20110717025736id_/http://www.bsnpr.com:80/jugadores/jugador.asp?id=932&e=2,2026-09-08T14:35:37Z
932,2009,"Caciques, Humacao",13,163,wayback_bsnpr_players,https://web.archive.org/web/20110717025736id_/http://www.bsnpr.com:80/jugadores/jugador.asp?id=932&e=2,2026-09-08T14:35:37Z
932,2009,"Mets, Guaynabo",9,73,wayback_bsnpr_players,https://web.archive.org/web/20110717025736id_/http://www.bsnpr.com:80/jugadores/jugador.asp?id=932&e=2,2026-09-08T14:35:37Z
932,2011,"Capitanes, Arecibo",18,64,wayback_bsnpr_players,https://web.archive.org/web/20110717025736id_/http://www.bsnpr.com:80/jugadores/jugador.asp?id=932&e=2,2026-09-08T14:35:37Z
937,1960,"Santos, San Juan",9,30,wayback_bsnpr_players,https://web.archive.org/web/20070828225347id_/http://www.bsnpr.com:80/jugadores/jugador.asp?id=937&e=,2026-09-08T14:35:39Z
937,1961,"Santos, San Juan",5,0,wayback_bsnpr_players,https://web.archive.org/web/20070828225347id_/http://www.bsnpr.com:80/jugadores/jugador.asp?id=937&e=,2026-09-08T14:35:39Z
942,2001,"Gigantes, Carolina",4,4,wayback_bsnpr_players,https://web.archive.org/web/20080410091526id_/http://www.bsnpr.com:80/jugadores/jugador.asp?id=942&e=,2026-09-08T14:35:41Z
942,2003,"Gigantes, Carolina",22,85,wayback_bsnpr_players,https://web.archive.org/web/20080410091526id_/http://www.bsnpr.com:80/jugadores/jugador.asp?id=942&e=,2026-09-08T14:35:41Z
942,2007,"Gigantes, Carolina",17,53,wayback_bsnpr_players,https://web.archive.org/web/20080410091526id_/http://www.bsnpr.com:80/jugadores/jugador.asp?id=942&e=,2026-09-08T14:35:41Z
944,1984,"Capitanes, Arecibo",3,3,wayback_bsnpr_players,https://web.archive.org/web/20070828230536id_/http://www.bsnpr.com:80/jugadores/jugador.asp?id=944&e=,2026-09-08T14:35:42Z
944,1986,"Gallitos, Isabela",17,33,wayback_bsnpr_players,https://web.archive.org/web/20070828230536id_/http://www.bsnpr.com:80/jugadores/jugador.asp?id=944&e=,2026-09-08T14:35:42Z
944,1987,"Piratas, Quebradillas",5,6,wayback_bsnpr_players,https://web.archive.org/web/20070828230536id_/http://www.bsnpr.com:80/jugadores/jugador.asp?id=944&e=,2026-09-08T14:35:42Z
945,1991,"Criollos, Caguas",6,10,wayback_bsnpr_players,https://web.archive.org/web/20070829035618id_/http://www.bsnpr.com:80/jugadores/jugador.asp?id=945&e=,2026-09-08T14:35:44Z
945,1992,"Titanes, Morovis",5,3,wayback_bsnpr_players,https://web.archive.org/web/20070829035618id_/http://www.bsnpr.com:80/jugadores/jugador.asp?id=945&e=,2026-09-08T14:35:44Z
945,1993,"Capitanes, Arecibo",15,15,wayback_bsnpr_players,https://web.archive.org/web/20070829035618id_/http://www.bsnpr.com:80/jugadores/jugador.asp?id=945&e=,2026-09-08T14:35:44Z
946,1995,"Criollos, Caguas",13,73,wayback_bsnpr_players,https://web.archive.org/web/20070829040525id_/http://www.bsnpr.com:80/jugadores/jugador.asp?id=946&e=,2026-09-08T14:35:46Z
946,1996,"Polluelos, Aibonito",16,50,wayback_bsnpr_players,https://web.archive.org/web/20070829040525id_/http://www.bsnpr.com:80/jugadores/jugador.asp?id=946&e=,2026-09-08T14:35:46Z
946,1997,"Santos, San Juan",26,98,wayback_bsnpr_players,https://web.archive.org/web/20070829040525id_/http://www.bsnpr.com:80/jugadores/jugador.asp?id=946&e=,2026-09-08T14:35:46Z
946,1998,"Gallitos, Isabela",12,20,wayback_bsnpr_players,https://web.archive.org/web/20070829040525id_/http://www.bsnpr.com:80/jugadores/jugador.asp?id=946&e=,2026-09-08T14:35:46Z
951,2002,"Indios, Mayaguez",2,3,wayback_bsnpr_players,https://web.archive.org/web/20070829041642id_/http://www.bsnpr.com:80/jugadores/jugador.asp?id=951&e=,2026-09-08T14:35:48Z
952,2002,"Indios, Mayaguez",2,3,wayback_bsnpr_players,https://web.archive.org/web/20130428001411id_/http://www.bsnpr.com:80/jugadores/jugador.asp?id=952&e=,2026-09-08T14:35:50Z
952,2005,"Gallitos, Isabela",22,123,wayback_bsnpr_players,https://web.archive.org/web/20130428001411id_/http://www.bsnpr.com:80/jugadores/jugador.asp?id=952&e=,2026-09-08T14:35:50Z
952,2005,"Vaqueros, Bayamon",8,36,wayback_bsnpr_players,https://web.archive.org/web/20130428001411id_/http://www.bsnpr.com:80/jugadores/jugador.asp?id=952&e=,2026-09-08T14:35:50Z
952,2006,"Maratonistas, Coamo",4,22,wayback_bsnpr_players,https://web.archive.org/web/20130428001411id_/http://www.bsnpr.com:80/jugadores/jugador.asp?id=952&e=,2026-09-08T14:35:50Z
952,2006,"Vaqueros, Bayamon",17,135,wayback_bsnpr_players,https://web.archive.org/web/20130428001411id_/http://www.bsnpr.com:80/jugadores/jugador.asp?id=952&e=,2026-09-08T14:35:50Z
952,2007,"Vaqueros, Bayamon",24,229,wayback_bsnpr_players,https://web.archive.org/web/20130428001411id_/http://www.bsnpr.com:80/jugadores/jugador.asp?id=952&e=,2026-09-08T14:35:50Z
952,2008,"Vaqueros, Bayamon",23,162,wayback_bsnpr_players,https://web.archive.org/web/20130428001411id_/http://www.bsnpr.com:80/jugadores/jugador.asp?id=952&e=,2026-09-08T14:35:50Z
952,2009,"Vaqueros, Bayamon",14,54,wayback_bsnpr_players,https://web.archive.org/web/20130428001411id_/http://www.bsnpr.com:80/jugadores/jugador.asp?id=952&e=,2026-09-08T14:35:50Z
952,2010,"Indios, Mayaguez",23,98,wayback_bsnpr_players,https://web.archive.org/web/20130428001411id_/http://www.bsnpr.com:80/jugadores/jugador.asp?id=952&e=,2026-09-08T14:35:50Z
952,2011,"Vaqueros, Bayamon",28,56,wayback_bsnpr_players,https://web.archive.org/web/20130428001411id_/http://www.bsnpr.com:80/jugadores/jugador.asp?id=952&e=,2026-09-08T14:35:50Z
952,2012,"Caciques-Gigantes, Humacao-Carolina",7,23,wayback_bsnpr_players,https://web.archive.org/web/20130428001411id_/http://www.bsnpr.com:80/jugadores/jugador.asp?id=952&e=,2026-09-08T14:35:50Z
952,2013,"Leones, Ponce",1,0,wayback_bsnpr_players,https://web.archive.org/web/20130428001411id_/http://www.bsnpr.com:80/jugadores/jugador.asp?id=952&e=,2026-09-08T14:35:50Z
954,2000,"Gigantes, Carolina",27,271,wayback_bsnpr_players,https://web.archive.org/web/20070828224100id_/http://www.bsnpr.com:80/jugadores/jugador.asp?id=954&e=,2026-09-08T14:35:53Z
954,2001,"Gigantes, Carolina",26,397,wayback_bsnpr_players,https://web.archive.org/web/20070828224100id_/http://www.bsnpr.com:80/jugadores/jugador.asp?id=954&e=,2026-09-08T14:35:53Z
954,2002,"Leones, Ponce",10,22,wayback_bsnpr_players,https://web.archive.org/web/20070828224100id_/http://www.bsnpr.com:80/jugadores/jugador.asp?id=954&e=,2026-09-08T14:35:53Z
954,2003,"Titanes, Morovis",8,2,wayback_bsnpr_players,https://web.archive.org/web/20070828224100id_/http://www.bsnpr.com:80/jugadores/jugador.asp?id=954&e=,2026-09-08T14:35:53Z
957,1993,"Gallitos, Isabela",7,12,wayback_bsnpr_players,https://web.archive.org/web/20070829041912id_/http://www.bsnpr.com:80/jugadores/jugador.asp?id=957&e=,2026-09-08T14:35:55Z
957,1996,"Gallitos, Isabela",18,37,wayback_bsnpr_players,https://web.archive.org/web/20070829041912id_/http://www.bsnpr.com:80/jugadores/jugador.asp?id=957&e=,2026-09-08T14:35:55Z
959,2000,"Piratas, Quebradillas",8,6,wayback_bsnpr_players,https://web.archive.org/web/20091206130018id_/http://www.bsnpr.com:80/jugadores/jugador.asp?id=959&e=,2026-09-08T14:35:57Z
959,2001,"Piratas, Quebradillas",8,6,wayback_bsnpr_players,https://web.archive.org/web/20091206130018id_/http://www.bsnpr.com:80/jugadores/jugador.asp?id=959&e=,2026-09-08T14:35:57Z
959,2003,"Gigantes, Carolina",9,10,wayback_bsnpr_players,https://web.archive.org/web/20091206130018id_/http://www.bsnpr.com:80/jugadores/jugador.asp?id=959&e=,2026-09-08T14:35:57Z
959,2007,"Gigantes, Carolina",2,2,wayback_bsnpr_players,https://web.archive.org/web/20091206130018id_/http://www.bsnpr.com:80/jugadores/jugador.asp?id=959&e=,2026-09-08T14:35:57Z
959,2008,"Gigantes, Carolina",7,12,wayback_bsnpr_players,https://web.archive.org/web/20091206130018id_/http://www.bsnpr.com:80/jugadores/jugador.asp?id=959&e=,2026-09-08T14:35:57Z
959,2009,"Gigantes, Carolina",7,12,wayback_bsnpr_players,https://web.archive.org/web/20091206130018id_/http://www.bsnpr.com:80/jugadores/jugador.asp?id=959&e=,2026-09-08T14:35:57Z
967,1966,"Atleticos, San German",20,152,wayback_bsnpr_players,https://web.archive.org/web/20070829041702id_/http://www.bsnpr.com:80/jugadores/jugador.asp?id=967&e=,2026-09-08T14:35:59Z
967,1967,"Atleticos, San German",29,227,wayback_bsnpr_players,https://web.archive.org/web/20070829041702id_/http://www.bsnpr.com:80/jugadores/jugador.asp?id=967&e=,2026-09-08T14:35:59Z
967,1968,"Atleticos, San German",21,174,wayback_bsnpr_players,https://web.archive.org/web/20070829041702id_/http://www.bsnpr.com:80/jugadores/jugador.asp?id=967&e=,2026-09-08T14:35:59Z
967,1969,"Atleticos, San German",12,76,wayback_bsnpr_players,https://web.archive.org/web/20070829041702id_/http://www.bsnpr.com:80/jugadores/jugador.asp?id=967&e=,2026-09-08T14:35:59Z
967,1970,"Atleticos, San German",26,215,wayback_bsnpr_players,https://web.archive.org/web/20070829041702id_/http://www.bsnpr.com:80/jugadores/jugador.asp?id=967&e=,2026-09-08T14:35:59Z
967,1971,"Atleticos, San German",24,134,wayback_bsnpr_players,https://web.archive.org/web/20070829041702id_/http://www.bsnpr.com:80/jugadores/jugador.asp?id=967&e=,2026-09-08T14:35:59Z
967,1972,"Leones, Ponce",2,0,wayback_bsnpr_players,https://web.archive.org/web/20070829041702id_/http://www.bsnpr.com:80/jugadores/jugador.asp?id=967&e=,2026-09-08T14:35:59Z
967,1973,"Indios, Mayaguez",12,28,wayback_bsnpr_players,https://web.archive.org/web/20070829041702id_/http://www.bsnpr.com:80/jugadores/jugador.asp?id=967&e=,2026-09-08T14:35:59Z
967,1974,"Piratas, Quebradillas",9,9,wayback_bsnpr_players,https://web.archive.org/web/20070829041702id_/http://www.bsnpr.com:80/jugadores/jugador.asp?id=967&e=,2026-09-08T14:35:59Z
968,2005,"Atleticos, San German",32,602,wayback_bsnpr_players,https://web.archive.org/web/20090110153816id_/http://www.bsnpr.com:80/jugadores/jugador.asp?id=968&e=,2026-09-08T14:36:00Z
968,2008,"Conquistadores, Guaynabo",11,147,wayback_bsnpr_players,https://web.archive.org/web/20090110153816id_/http://www.bsnpr.com:80/jugadores/jugador.asp?id=968&e=,2026-09-08T14:36:00Z
968,2008,"Grises, Humacao",9,161,wayback_bsnpr_players,https://web.archive.org/web/20090110153816id_/http://www.bsnpr.com:80/jugadores/jugador.asp?id=968&e=,2026-09-08T14:36:00Z
985,1999,"Gallitos, Isabela",24,222,wayback_bsnpr_players,https://web.archive.org/web/20090110024201id_/http://www.bsnpr.com:80/jugadores/jugador.asp?id=985&e=,2026-09-08T14:36:02Z
985,2000,"Titanes, Morovis",5,41,wayback_bsnpr_players,https://web.archive.org/web/20090110024201id_/http://www.bsnpr.com:80/jugadores/jugador.asp?id=985&e=,2026-09-08T14:36:02Z
985,2001,"Vaqueros, Bayamon",26,221,wayback_bsnpr_players,https://web.archive.org/web/20090110024201id_/http://www.bsnpr.com:80/jugadores/jugador.asp?id=985&e=,2026-09-08T14:36:02Z
985,2002,"Vaqueros, Bayamon",1,4,wayback_bsnpr_players,https://web.archive.org/web/20090110024201id_/http://www.bsnpr.com:80/jugadores/jugador.asp?id=985&e=,2026-09-08T14:36:02Z
985,2003,"Maratonistas, Coamo",24,195,wayback_bsnpr_players,https://web.archive.org/web/20090110024201id_/http://www.bsnpr.com:80/jugadores/jugador.asp?id=985&e=,2026-09-08T14:36:02Z
985,2004,"Maratonistas, Coamo",30,251,wayback_bsnpr_players,https://web.archive.org/web/20090110024201id_/http://www.bsnpr.com:80/jugadores/jugador.asp?id=985&e=,2026-09-08T14:36:02Z
985,2005,"Gallitos, Isabela",10,87,wayback_bsnpr_players,https://web.archive.org/web/20090110024201id_/http://www.bsnpr.com:80/jugadores/jugador.asp?id=985&e=,2026-09-08T14:36:02Z
985,2005,"Maratonistas, Coamo",22,134,wayback_bsnpr_players,https://web.archive.org/web/20090110024201id_/http://www.bsnpr.com:80/jugadores/jugador.asp?id=985&e=,2026-09-08T14:36:02Z
985,2008,"Grises, Humacao",16,101,wayback_bsnpr_players,https://web.archive.org/web/20090110024201id_/http://www.bsnpr.com:80/jugadores/jugador.asp?id=985&e=,2026-09-08T14:36:02Z
986,2002,"Capitanes, Arecibo",7,160,wayback_bsnpr_players,https://web.archive.org/web/20090110115043id_/http://www.bsnpr.com:80/jugadores/jugador.asp?id=986&e=,2026-09-08T14:36:04Z
986,2003,"Gallitos, Isabela",8,68,wayback_bsnpr_players,https://web.archive.org/web/20090110115043id_/http://www.bsnpr.com:80/jugadores/jugador.asp?id=986&e=,2026-09-08T14:36:04Z
986,2004,"Gigantes, Carolina",28,536,wayback_bsnpr_players,https://web.archive.org/web/20090110115043id_/http://www.bsnpr.com:80/jugadores/jugador.asp?id=986&e=,2026-09-08T14:36:04Z
986,2005,"Capitanes, Arecibo",4,19,wayback_bsnpr_players,https://web.archive.org/web/20090110115043id_/http://www.bsnpr.com:80/jugadores/jugador.asp?id=986&e=,2026-09-08T14:36:04Z
986,2008,"Leones, Ponce",11,78,wayback_bsnpr_players,https://web.archive.org/web/20090110115043id_/http://www.bsnpr.com:80/jugadores/jugador.asp?id=986&e=,2026-09-08T14:36:04Z
987,2002,"Maratonistas, Coamo",5,66,wayback_bsnpr_players,https://web.archive.org/web/20090704012001id_/http://www.bsnpr.com:80/jugadores/jugador.asp?id=987&e=1,2026-09-08T14:36:06Z
987,2009,"Cangrejeros, Santurce",8,91,wayback_bsnpr_players,https://web.archive.org/web/20090704012001id_/http://www.bsnpr.com:80/jugadores/jugador.asp?id=987&e=1,2026-09-08T14:36:06Z
989,1987,"Brujos, Guayama",24,573,wayback_bsnpr_players,https://web.archive.org/web/20070825200128id_/http://www.bsnpr.com:80/jugadores/jugador.asp?id=989&e=,2026-09-08T14:36:10Z
989,1988,"Brujos, Guayama",33,787,wayback_bsnpr_players,https://web.archive.org/web/20070825200128id_/http://www.bsnpr.com:80/jugadores/jugador.asp?id=989&e=,2026-09-08T14:36:10Z
989,1989,"Brujos, Guayama",30,643,wayback_bsnpr_players,https://web.archive.org/web/20070825200128id_/http://www.bsnpr.com:80/jugadores/jugador.asp?id=989&e=,2026-09-08T14:36:10Z
989,1990,"Brujos, Guayama",30,685,wayback_bsnpr_players,https://web.archive.org/web/20070825200128id_/http://www.bsnpr.com:80/jugadores/jugador.asp?id=989&e=,2026-09-08T14:36:10Z
989,1991,"Brujos, Guayama",30,681,wayback_bsnpr_players,https://web.archive.org/web/20070825200128id_/http://www.bsnpr.com:80/jugadores/jugador.asp?id=989&e=,2026-09-08T14:36:10Z
989,1992,"Brujos, Guayama",22,448,wayback_bsnpr_players,https://web.archive.org/web/20070825200128id_/http://www.bsnpr.com:80/jugadores/jugador.asp?id=989&e=,2026-09-08T14:36:10Z
989,1993,"Brujos, Guayama",32,682,wayback_bsnpr_players,https://web.archive.org/web/20070825200128id_/http://www.bsnpr.com:80/jugadores/jugador.asp?id=989&e=,2026-09-08T14:36:10Z
989,1994,"Brujos, Guayama",30,674,wayback_bsnpr_players,https://web.archive.org/web/20070825200128id_/http://www.bsnpr.com:80/jugadores/jugador.asp?id=989&e=,2026-09-08T14:36:10Z
989,1995,"Brujos, Guayama",17,312,wayback_bsnpr_players,https://web.archive.org/web/20070825200128id_/http://www.bsnpr.com:80/jugadores/jugador.asp?id=989&e=,2026-09-08T14:36:10Z
989,1996,"Brujos, Guayama",34,691,wayback_bsnpr_players,https://web.archive.org/web/20070825200128id_/http://www.bsnpr.com:80/jugadores/jugador.asp?id=989&e=,2026-09-08T14:36:10Z
989,1997,"Brujos, Guayama",28,580,wayback_bsnpr_players,https://web.archive.org/web/20070825200128id_/http://www.bsnpr.com:80/jugadores/jugador.asp?id=989&e=,2026-09-08T14:36:10Z
989,1998,"Brujos, Guayama",30,587,wayback_bsnpr_players,https://web.archive.org/web/20070825200128id_/http://www.bsnpr.com:80/jugadores/jugador.asp?id=989&e=,2026-09-08T14:36:10Z
989,1999,"Brujos, Guayama",28,486,wayback_bsnpr_players,https://web.archive.org/web/20070825200128id_/http://www.bsnpr.com:80/jugadores/jugador.asp?id=989&e=,2026-09-08T14:36:10Z
989,2000,"Brujos, Guayama",28,564,wayback_bsnpr_players,https://web.archive.org/web/20070825200128id_/http://www.bsnpr.com:80/jugadores/jugador.asp?id=989&e=,2026-09-08T14:36:10Z
989,2001,"Brujos, Guayama",14,307,wayback_bsnpr_players,https://web.archive.org/web/20070825200128id_/http://www.bsnpr.com:80/jugadores/jugador.asp?id=989&e=,2026-09-08T14:36:10Z
989,2001,"Indios, Mayaguez",12,217,wayback_bsnpr_players,https://web.archive.org/web/20070825200128id_/http://www.bsnpr.com:80/jugadores/jugador.asp?id=989&e=,2026-09-08T14:36:10Z
989,2002,"Criollos, Caguas",30,450,wayback_bsnpr_players,https://web.archive.org/web/20070825200128id_/http://www.bsnpr.com:80/jugadores/jugador.asp?id=989&e=,2026-09-08T14:36:10Z
989,2003,"Criollos, Caguas",30,424,wayback_bsnpr_players,https://web.archive.org/web/20070825200128id_/http://www.bsnpr.com:80/jugadores/jugador.asp?id=989&e=,2026-09-08T14:36:10Z
989,2004,"Capitanes, Arecibo",30,215,wayback_bsnpr_players,https://web.archive.org/web/20070825200128id_/http://www.bsnpr.com:80/jugadores/jugador.asp?id=989&e=,2026-09-08T14:36:10Z
989,2005,"Maratonistas, Coamo",23,120,wayback_bsnpr_players,https://web.archive.org/web/20070825200128id_/http://www.bsnpr.com:80/jugadores/jugador.asp?id=989&e=,2026-09-08T14:36:10Z
989,2006,"Brujos, Guayama",8,22,wayback_bsnpr_players,https://web.archive.org/web/20070825200128id_/http://www.bsnpr.com:80/jugadores/jugador.asp?id=989&e=,2026-09-08T14:36:10Z
996,2002,"Gigantes, Carolina",5,52,wayback_bsnpr_players,https://web.archive.org/web/20070828225211id_/http://www.bsnpr.com:80/jugadores/jugador.asp?id=996&e=,2026-09-08T14:36:11Z
998,2006,"Vaqueros, Bayamon",1,2,wayback_bsnpr_players,https://web.archive.org/web/20070829041533id_/http://www.bsnpr.com:80/jugadores/jugador.asp?id=998&e=,2026-09-08T14:36:13Z
1000,1988,"Conquistadores, Guaynabo",32,92,wayback_bsnpr_players,https://web.archive.org/web/20070828224712id_/http://www.bsnpr.com:80/jugadores/jugador.asp?id=1000&e=,2026-09-08T14:36:15Z
1000,1989,"Conquistadores, Guaynabo",27,41,wayback_bsnpr_players,https://web.archive.org/web/20070828224712id_/http://www.bsnpr.com:80/jugadores/jugador.asp?id=1000&e=,2026-09-08T14:36:15Z
1000,1990,"Conquistadores, Guaynabo",30,89,wayback_bsnpr_players,https://web.archive.org/web/20070828224712id_/http://www.bsnpr.com:80/jugadores/jugador.asp?id=1000&e=,2026-09-08T14:36:15Z
1000,1991,"Conquistadores, Guaynabo",22,18,wayback_bsnpr_players,https://web.archive.org/web/20070828224712id_/http://www.bsnpr.com:80/jugadores/jugador.asp?id=1000&e=,2026-09-08T14:36:15Z
1000,1992,"Capitanes, Arecibo",24,51,wayback_bsnpr_players,https://web.archive.org/web/20070828224712id_/http://www.bsnpr.com:80/jugadores/jugador.asp?id=1000&e=,2026-09-08T14:36:15Z
1000,1993,"Capitanes, Arecibo",32,41,wayback_bsnpr_players,https://web.archive.org/web/20070828224712id_/http://www.bsnpr.com:80/jugadores/jugador.asp?id=1000&e=,2026-09-08T14:36:15Z
1001,1999,"Titanes, Morovis",1,2,wayback_bsnpr_players,https://web.archive.org/web/20070829041544id_/http://www.bsnpr.com:80/jugadores/jugador.asp?id=1001&e=,2026-09-08T14:36:17Z
1004,1985,"Cariduros, Fajardo",24,30,wayback_bsnpr_players,https://web.archive.org/web/20070828223534id_/http://www.bsnpr.com:80/jugadores/jugador.asp?id=1004&e=,2026-09-08T14:36:19Z
1004,1986,"Cariduros, Fajardo",31,102,wayback_bsnpr_players,https://web.archive.org/web/20070828223534id_/http://www.bsnpr.com:80/jugadores/jugador.asp?id=1004&e=,2026-09-08T14:36:19Z
1004,1987,"Cariduros, Fajardo",28,253,wayback_bsnpr_players,https://web.archive.org/web/20070828223534id_/http://www.bsnpr.com:80/jugadores/jugador.asp?id=1004&e=,2026-09-08T14:36:19Z
1004,1988,"Cariduros, Fajardo",32,459,wayback_bsnpr_players,https://web.archive.org/web/20070828223534id_/http://www.bsnpr.com:80/jugadores/jugador.asp?id=1004&e=,2026-09-08T14:36:19Z
1004,1989,"Cariduros, Fajardo",21,275,wayback_bsnpr_players,https://web.archive.org/web/20070828223534id_/http://www.bsnpr.com:80/jugadores/jugador.asp?id=1004&e=,2026-09-08T14:36:19Z
1004,1990,"Cariduros, Fajardo",28,293,wayback_bsnpr_players,https://web.archive.org/web/20070828223534id_/http://www.bsnpr.com:80/jugadores/jugador.asp?id=1004&e=,2026-09-08T14:36:19Z
1004,1991,"Cariduros, Fajardo",25,236,wayback_bsnpr_players,https://web.archive.org/web/20070828223534id_/http://www.bsnpr.com:80/jugadores/jugador.asp?id=1004&e=,2026-09-08T14:36:19Z
1004,1992,"Cariduros, Fajardo",30,241,wayback_bsnpr_players,https://web.archive.org/web/20070828223534id_/http://www.bsnpr.com:80/jugadores/jugador.asp?id=1004&e=,2026-09-08T14:36:19Z
1004,1993,"Cariduros, Fajardo",29,277,wayback_bsnpr_players,https://web.archive.org/web/20070828223534id_/http://www.bsnpr.com:80/jugadores/jugador.asp?id=1004&e=,2026-09-08T14:36:19Z
1004,1994,"Cariduros, Fajardo",25,281,wayback_bsnpr_players,https://web.archive.org/web/20070828223534id_/http://www.bsnpr.com:80/jugadores/jugador.asp?id=1004&e=,2026-09-08T14:36:19Z
1004,1995,"Cariduros, Fajardo",30,347,wayback_bsnpr_players,https://web.archive.org/web/20070828223534id_/http://www.bsnpr.com:80/jugadores/jugador.asp?id=1004&e=,2026-09-08T14:36:19Z
1004,1996,"Cariduros, Fajardo",22,227,wayback_bsnpr_players,https://web.archive.org/web/20070828223534id_/http://www.bsnpr.com:80/jugadores/jugador.asp?id=1004&e=,2026-09-08T14:36:19Z
1004,1997,"Cariduros, Fajardo",32,292,wayback_bsnpr_players,https://web.archive.org/web/20070828223534id_/http://www.bsnpr.com:80/jugadores/jugador.asp?id=1004&e=,2026-09-08T14:36:19Z
1004,1998,"Polluelos, Aibonito",29,171,wayback_bsnpr_players,https://web.archive.org/web/20070828223534id_/http://www.bsnpr.com:80/jugadores/jugador.asp?id=1004&e=,2026-09-08T14:36:19Z
1004,1999,"Polluelos, Aibonito",6,10,wayback_bsnpr_players,https://web.archive.org/web/20070828223534id_/http://www.bsnpr.com:80/jugadores/jugador.asp?id=1004&e=,2026-09-08T14:36:19Z
1011,1987,"Leones, Ponce",19,87,wayback_bsnpr_players,https://web.archive.org/web/20190210044842id_/https://www.bsnpr.com/jugadores/jugador.asp?id=1011&e,2026-09-08T14:36:21Z
1011,1988,"Leones, Ponce",30,183,wayback_bsnpr_players,https://web.archive.org/web/20190210044842id_/https://www.bsnpr.com/jugadores/jugador.asp?id=1011&e,2026-09-08T14:36:21Z
1011,1989,"Leones, Ponce",30,377,wayback_bsnpr_players,https://web.archive.org/web/20190210044842id_/https://www.bsnpr.com/jugadores/jugador.asp?id=1011&e,2026-09-08T14:36:21Z
1011,1990,"Leones, Ponce",24,286,wayback_bsnpr_players,https://web.archive.org/web/20190210044842id_/https://www.bsnpr.com/jugadores/jugador.asp?id=1011&e,2026-09-08T14:36:21Z
1011,1991,"Leones, Ponce",30,419,wayback_bsnpr_players,https://web.archive.org/web/20190210044842id_/https://www.bsnpr.com/jugadores/jugador.asp?id=1011&e,2026-09-08T14:36:21Z
1011,1992,"Leones, Ponce",21,329,wayback_bsnpr_players,https://web.archive.org/web/20190210044842id_/https://www.bsnpr.com/jugadores/jugador.asp?id=1011&e,2026-09-08T14:36:21Z
1011,1993,"Leones, Ponce",34,617,wayback_bsnpr_players,https://web.archive.org/web/20190210044842id_/https://www.bsnpr.com/jugadores/jugador.asp?id=1011&e,2026-09-08T14:36:21Z
1011,1994,"Leones, Ponce",26,384,wayback_bsnpr_players,https://web.archive.org/web/20190210044842id_/https://www.bsnpr.com/jugadores/jugador.asp?id=1011&e,2026-09-08T14:36:21Z
1011,1995,"Leones, Ponce",16,268,wayback_bsnpr_players,https://web.archive.org/web/20190210044842id_/https://www.bsnpr.com/jugadores/jugador.asp?id=1011&e,2026-09-08T14:36:21Z
1011,1996,"Leones, Ponce",33,504,wayback_bsnpr_players,https://web.archive.org/web/20190210044842id_/https://www.bsnpr.com/jugadores/jugador.asp?id=1011&e,2026-09-08T14:36:21Z
1011,1997,"Leones, Ponce",28,472,wayback_bsnpr_players,https://web.archive.org/web/20190210044842id_/https://www.bsnpr.com/jugadores/jugador.asp?id=1011&e,2026-09-08T14:36:21Z
1011,1998,"Leones, Ponce",30,475,wayback_bsnpr_players,https://web.archive.org/web/20190210044842id_/https://www.bsnpr.com/jugadores/jugador.asp?id=1011&e,2026-09-08T14:36:21Z
1011,2000,"Leones, Ponce",18,195,wayback_bsnpr_players,https://web.archive.org/web/20190210044842id_/https://www.bsnpr.com/jugadores/jugador.asp?id=1011&e,2026-09-08T14:36:21Z
1011,2001,"Leones, Ponce",25,341,wayback_bsnpr_players,https://web.archive.org/web/20190210044842id_/https://www.bsnpr.com/jugadores/jugador.asp?id=1011&e,2026-09-08T14:36:21Z
1011,2002,"Leones, Ponce",28,427,wayback_bsnpr_players,https://web.archive.org/web/20190210044842id_/https://www.bsnpr.com/jugadores/jugador.asp?id=1011&e,2026-09-08T14:36:21Z
1011,2003,"Leones, Ponce",29,415,wayback_bsnpr_players,https://web.archive.org/web/20190210044842id_/https://www.bsnpr.com/jugadores/jugador.asp?id=1011&e,2026-09-08T14:36:21Z
1011,2004,"Leones, Ponce",29,324,wayback_bsnpr_players,https://web.archive.org/web/20190210044842id_/https://www.bsnpr.com/jugadores/jugador.asp?id=1011&e,2026-09-08T14:36:21Z
1011,2005,"Leones, Ponce",32,325,wayback_bsnpr_players,https://web.archive.org/web/20190210044842id_/https://www.bsnpr.com/jugadores/jugador.asp?id=1011&e,2026-09-08T14:36:21Z
1011,2006,"Leones, Ponce",25,225,wayback_bsnpr_players,https://web.archive.org/web/20190210044842id_/https://www.bsnpr.com/jugadores/jugador.asp?id=1011&e,2026-09-08T14:36:21Z
1011,2007,"Leones, Ponce",28,145,wayback_bsnpr_players,https://web.archive.org/web/20190210044842id_/https://www.bsnpr.com/jugadores/jugador.asp?id=1011&e,2026-09-08T14:36:21Z
1011,2008,"Leones, Ponce",20,51,wayback_bsnpr_players,https://web.archive.org/web/20190210044842id_/https://www.bsnpr.com/jugadores/jugador.asp?id=1011&e,2026-09-08T14:36:21Z
1014,1976,"Cangrejeros, Santurce",26,42,wayback_bsnpr_players,https://web.archive.org/web/20171029065309id_/http://www.bsnpr.com/jugadores/jugador.asp?id=1014,2026-09-08T14:36:23Z
1014,1977,"Mets, Guaynabo",32,209,wayback_bsnpr_players,https://web.archive.org/web/20171029065309id_/http://www.bsnpr.com/jugadores/jugador.asp?id=1014,2026-09-08T14:36:23Z
1014,1978,"Leones, Ponce",32,295,wayback_bsnpr_players,https://web.archive.org/web/20171029065309id_/http://www.bsnpr.com/jugadores/jugador.asp?id=1014,2026-09-08T14:36:23Z
1014,1979,"Leones, Ponce",28,387,wayback_bsnpr_players,https://web.archive.org/web/20171029065309id_/http://www.bsnpr.com/jugadores/jugador.asp?id=1014,2026-09-08T14:36:23Z
1014,1980,"Leones, Ponce",29,363,wayback_bsnpr_players,https://web.archive.org/web/20171029065309id_/http://www.bsnpr.com/jugadores/jugador.asp?id=1014,2026-09-08T14:36:23Z
1014,1981,"Criollos, Caguas",25,216,wayback_bsnpr_players,https://web.archive.org/web/20171029065309id_/http://www.bsnpr.com/jugadores/jugador.asp?id=1014,2026-09-08T14:36:23Z
1019,2006,"Conquistadores, Guaynabo",9,12,wayback_bsnpr_players,https://web.archive.org/web/20091209191247id_/http://www.bsnpr.com:80/jugadores/jugador.asp?id=1019&e=,2026-09-08T14:36:25Z
1019,2007,"Conquistadores, Guaynabo",20,6,wayback_bsnpr_players,https://web.archive.org/web/20091209191247id_/http://www.bsnpr.com:80/jugadores/jugador.asp?id=1019&e=,2026-09-08T14:36:25Z
1019,2008,"Grises, Humacao",20,34,wayback_bsnpr_players,https://web.archive.org/web/20091209191247id_/http://www.bsnpr.com:80/jugadores/jugador.asp?id=1019&e=,2026-09-08T14:36:25Z
1019,2009,"Grises, Humacao",17,23,wayback_bsnpr_players,https://web.archive.org/web/20091209191247id_/http://www.bsnpr.com:80/jugadores/jugador.asp?id=1019&e=,2026-09-08T14:36:25Z
1023,1977,"Gallitos, Isabela",20,186,wayback_bsnpr_players,https://web.archive.org/web/20171030093710id_/http://www.bsnpr.com/jugadores/jugador.asp?id=1023,2026-09-08T14:36:27Z
1023,1978,"Gallitos, Isabela",21,267,wayback_bsnpr_players,https://web.archive.org/web/20171030093710id_/http://www.bsnpr.com/jugadores/jugador.asp?id=1023,2026-09-08T14:36:27Z
1023,1979,"Gallitos, Isabela",3,22,wayback_bsnpr_players,https://web.archive.org/web/20171030093710id_/http://www.bsnpr.com/jugadores/jugador.asp?id=1023,2026-09-08T14:36:27Z
1023,1980,"Gallitos, Isabela",25,395,wayback_bsnpr_players,https://web.archive.org/web/20171030093710id_/http://www.bsnpr.com/jugadores/jugador.asp?id=1023,2026-09-08T14:36:27Z
1023,1981,"Gallitos, Isabela",29,495,wayback_bsnpr_players,https://web.archive.org/web/20171030093710id_/http://www.bsnpr.com/jugadores/jugador.asp?id=1023,2026-09-08T14:36:27Z
1023,1982,"Gallitos, Isabela",32,480,wayback_bsnpr_players,https://web.archive.org/web/20171030093710id_/http://www.bsnpr.com/jugadores/jugador.asp?id=1023,2026-09-08T14:36:27Z
1023,1983,"Gallitos, Isabela",33,643,wayback_bsnpr_players,https://web.archive.org/web/20171030093710id_/http://www.bsnpr.com/jugadores/jugador.asp?id=1023,2026-09-08T14:36:27Z
1023,1984,"Gallitos, Isabela",30,511,wayback_bsnpr_players,https://web.archive.org/web/20171030093710id_/http://www.bsnpr.com/jugadores/jugador.asp?id=1023,2026-09-08T14:36:27Z
1023,1985,"Gallitos, Isabela",33,522,wayback_bsnpr_players,https://web.archive.org/web/20171030093710id_/http://www.bsnpr.com/jugadores/jugador.asp?id=1023,2026-09-08T14:36:27Z
1023,1986,"Gallitos, Isabela",33,678,wayback_bsnpr_players,https://web.archive.org/web/20171030093710id_/http://www.bsnpr.com/jugadores/jugador.asp?id=1023,2026-09-08T14:36:27Z
1023,1987,"Gallitos, Isabela",30,559,wayback_bsnpr_players,https://web.archive.org/web/20171030093710id_/http://www.bsnpr.com/jugadores/jugador.asp?id=1023,2026-09-08T14:36:27Z
1023,1988,"Criollos, Caguas",19,429,wayback_bsnpr_players,https://web.archive.org/web/20171030093710id_/http://www.bsnpr.com/jugadores/jugador.asp?id=1023,2026-09-08T14:36:27Z
1023,1988,"Maratonistas, Coamo",12,283,wayback_bsnpr_players,https://web.archive.org/web/20171030093710id_/http://www.bsnpr.com/jugadores/jugador.asp?id=1023,2026-09-08T14:36:27Z
1023,1989,"Gallitos, Isabela",28,232,wayback_bsnpr_players,https://web.archive.org/web/20171030093710id_/http://www.bsnpr.com/jugadores/jugador.asp?id=1023,2026-09-08T14:36:27Z
1023,1991,"Gallitos, Isabela",4,0,wayback_bsnpr_players,https://web.archive.org/web/20171030093710id_/http://www.bsnpr.com/jugadores/jugador.asp?id=1023,2026-09-08T14:36:27Z
1025,1998,"Cangrejeros, Santurce",14,32,wayback_bsnpr_players,https://web.archive.org/web/20140122195610id_/http://www.bsnpr.com:80/jugadores/jugador.asp?id=1025&e=,2026-09-08T14:36:29Z
1025,1999,"Cangrejeros, Santurce",24,82,wayback_bsnpr_players,https://web.archive.org/web/20140122195610id_/http://www.bsnpr.com:80/jugadores/jugador.asp?id=1025&e=,2026-09-08T14:36:29Z
1025,2000,"Cangrejeros, Santurce",15,32,wayback_bsnpr_players,https://web.archive.org/web/20140122195610id_/http://www.bsnpr.com:80/jugadores/jugador.asp?id=1025&e=,2026-09-08T14:36:29Z
1025,2001,"Cangrejeros, Santurce",25,76,wayback_bsnpr_players,https://web.archive.org/web/20140122195610id_/http://www.bsnpr.com:80/jugadores/jugador.asp?id=1025&e=,2026-09-08T14:36:29Z
1025,2002,"Cangrejeros, Santurce",25,181,wayback_bsnpr_players,https://web.archive.org/web/20140122195610id_/http://www.bsnpr.com:80/jugadores/jugador.asp?id=1025&e=,2026-09-08T14:36:29Z
1025,2003,"Cangrejeros, Santurce",30,336,wayback_bsnpr_players,https://web.archive.org/web/20140122195610id_/http://www.bsnpr.com:80/jugadores/jugador.asp?id=1025&e=,2026-09-08T14:36:29Z
1025,2004,"Cangrejeros, Santurce",30,201,wayback_bsnpr_players,https://web.archive.org/web/20140122195610id_/http://www.bsnpr.com:80/jugadores/jugador.asp?id=1025&e=,2026-09-08T14:36:29Z
1025,2005,"Leones, Ponce",32,191,wayback_bsnpr_players,https://web.archive.org/web/20140122195610id_/http://www.bsnpr.com:80/jugadores/jugador.asp?id=1025&e=,2026-09-08T14:36:29Z
1025,2007,"Leones, Ponce",27,282,wayback_bsnpr_players,https://web.archive.org/web/20140122195610id_/http://www.bsnpr.com:80/jugadores/jugador.asp?id=1025&e=,2026-09-08T14:36:29Z
1025,2008,"Leones, Ponce",32,229,wayback_bsnpr_players,https://web.archive.org/web/20140122195610id_/http://www.bsnpr.com:80/jugadores/jugador.asp?id=1025&e=,2026-09-08T14:36:29Z
1025,2009,"Capitanes, Arecibo",30,303,wayback_bsnpr_players,https://web.archive.org/web/20140122195610id_/http://www.bsnpr.com:80/jugadores/jugador.asp?id=1025&e=,2026-09-08T14:36:29Z
1025,2010,"Capitanes, Arecibo",28,239,wayback_bsnpr_players,https://web.archive.org/web/20140122195610id_/http://www.bsnpr.com:80/jugadores/jugador.asp?id=1025&e=,2026-09-08T14:36:29Z
1025,2011,"Capitanes, Arecibo",30,151,wayback_bsnpr_players,https://web.archive.org/web/20140122195610id_/http://www.bsnpr.com:80/jugadores/jugador.asp?id=1025&e=,2026-09-08T14:36:29Z
1025,2012,"Capitanes, Arecibo",27,89,wayback_bsnpr_players,https://web.archive.org/web/20140122195610id_/http://www.bsnpr.com:80/jugadores/jugador.asp?id=1025&e=,2026-09-08T14:36:29Z
1025,2013,"Indios, Mayaguez",36,149,wayback_bsnpr_players,https://web.archive.org/web/20140122195610id_/http://www.bsnpr.com:80/jugadores/jugador.asp?id=1025&e=,2026-09-08T14:36:29Z
1030,2000,"Capitanes, Arecibo",15,160,wayback_bsnpr_players,https://web.archive.org/web/20180108175320id_/http://www.bsnpr.com/jugadores/jugador.asp?id=1030&e,2026-09-08T14:36:31Z
1032,1982,"Vaqueros, Bayamon",10,29,wayback_bsnpr_players,https://web.archive.org/web/20180817125525id_/https://www.bsnpr.com/jugadores/jugador.asp?id=1032&e,2026-09-08T14:36:33Z
1032,1983,"Vaqueros, Bayamon",2,6,wayback_bsnpr_players,https://web.archive.org/web/20180817125525id_/https://www.bsnpr.com/jugadores/jugador.asp?id=1032&e,2026-09-08T14:36:33Z
1032,1984,"Vaqueros, Bayamon",8,111,wayback_bsnpr_players,https://web.archive.org/web/20180817125525id_/https://www.bsnpr.com/jugadores/jugador.asp?id=1032&e,2026-09-08T14:36:33Z
1032,1985,"Vaqueros, Bayamon",32,660,wayback_bsnpr_players,https://web.archive.org/web/20180817125525id_/https://www.bsnpr.com/jugadores/jugador.asp?id=1032&e,2026-09-08T14:36:33Z
1032,1986,"Vaqueros, Bayamon",18,387,wayback_bsnpr_players,https://web.archive.org/web/20180817125525id_/https://www.bsnpr.com/jugadores/jugador.asp?id=1032&e,2026-09-08T14:36:33Z
1032,1987,"Vaqueros, Bayamon",30,617,wayback_bsnpr_players,https://web.archive.org/web/20180817125525id_/https://www.bsnpr.com/jugadores/jugador.asp?id=1032&e,2026-09-08T14:36:33Z
1032,1988,"Vaqueros, Bayamon",32,590,wayback_bsnpr_players,https://web.archive.org/web/20180817125525id_/https://www.bsnpr.com/jugadores/jugador.asp?id=1032&e,2026-09-08T14:36:33Z
1032,1989,"Vaqueros, Bayamon",30,732,wayback_bsnpr_players,https://web.archive.org/web/20180817125525id_/https://www.bsnpr.com/jugadores/jugador.asp?id=1032&e,2026-09-08T14:36:33Z
1032,1990,"Vaqueros, Bayamon",24,414,wayback_bsnpr_players,https://web.archive.org/web/20180817125525id_/https://www.bsnpr.com/jugadores/jugador.asp?id=1032&e,2026-09-08T14:36:33Z
1032,1991,"Vaqueros, Bayamon",22,469,wayback_bsnpr_players,https://web.archive.org/web/20180817125525id_/https://www.bsnpr.com/jugadores/jugador.asp?id=1032&e,2026-09-08T14:36:33Z
1032,1992,"Vaqueros, Bayamon",1,5,wayback_bsnpr_players,https://web.archive.org/web/20180817125525id_/https://www.bsnpr.com/jugadores/jugador.asp?id=1032&e,2026-09-08T14:36:33Z
1032,1993,"Vaqueros, Bayamon",31,553,wayback_bsnpr_players,https://web.archive.org/web/20180817125525id_/https://www.bsnpr.com/jugadores/jugador.asp?id=1032&e,2026-09-08T14:36:33Z
1032,1994,"Vaqueros, Bayamon",14,256,wayback_bsnpr_players,https://web.archive.org/web/20180817125525id_/https://www.bsnpr.com/jugadores/jugador.asp?id=1032&e,2026-09-08T14:36:33Z
1032,1995,"Vaqueros, Bayamon",23,453,wayback_bsnpr_players,https://web.archive.org/web/20180817125525id_/https://www.bsnpr.com/jugadores/jugador.asp?id=1032&e,2026-09-08T14:36:33Z
1032,1996,"Vaqueros, Bayamon",26,458,wayback_bsnpr_players,https://web.archive.org/web/20180817125525id_/https://www.bsnpr.com/jugadores/jugador.asp?id=1032&e,2026-09-08T14:36:33Z
1032,1997,"Vaqueros, Bayamon",19,330,wayback_bsnpr_players,https://web.archive.org/web/20180817125525id_/https://www.bsnpr.com/jugadores/jugador.asp?id=1032&e,2026-09-08T14:36:33Z
1032,1998,"Vaqueros, Bayamon",13,186,wayback_bsnpr_players,https://web.archive.org/web/20180817125525id_/https://www.bsnpr.com/jugadores/jugador.asp?id=1032&e,2026-09-08T14:36:33Z
1032,1999,"Vaqueros, Bayamon",22,344,wayback_bsnpr_players,https://web.archive.org/web/20180817125525id_/https://www.bsnpr.com/jugadores/jugador.asp?id=1032&e,2026-09-08T14:36:33Z
1032,2000,"Vaqueros, Bayamon",23,359,wayback_bsnpr_players,https://web.archive.org/web/20180817125525id_/https://www.bsnpr.com/jugadores/jugador.asp?id=1032&e,2026-09-08T14:36:33Z
1032,2001,"Vaqueros, Bayamon",25,281,wayback_bsnpr_players,https://web.archive.org/web/20180817125525id_/https://www.bsnpr.com/jugadores/jugador.asp?id=1032&e,2026-09-08T14:36:33Z
1032,2002,"Vaqueros, Bayamon",24,131,wayback_bsnpr_players,https://web.archive.org/web/20180817125525id_/https://www.bsnpr.com/jugadores/jugador.asp?id=1032&e,2026-09-08T14:36:33Z
1032,2003,"Leones, Ponce",22,93,wayback_bsnpr_players,https://web.archive.org/web/20180817125525id_/https://www.bsnpr.com/jugadores/jugador.asp?id=1032&e,2026-09-08T14:36:33Z
1041,2001,"Indios, Mayaguez",2,11,wayback_bsnpr_players,https://web.archive.org/web/20140122195615id_/http://www.bsnpr.com:80/jugadores/jugador.asp?id=1041&e=,2026-09-08T14:36:35Z
1041,2010,"Piratas, Quebradillas",17,32,wayback_bsnpr_players,https://web.archive.org/web/20140122195615id_/http://www.bsnpr.com:80/jugadores/jugador.asp?id=1041&e=,2026-09-08T14:36:35Z
1041,2011,"Gallitos, Isabela",30,386,wayback_bsnpr_players,https://web.archive.org/web/20140122195615id_/http://www.bsnpr.com:80/jugadores/jugador.asp?id=1041&e=,2026-09-08T14:36:35Z
1041,2012,"Brujos, Guayama",29,231,wayback_bsnpr_players,https://web.archive.org/web/20140122195615id_/http://www.bsnpr.com:80/jugadores/jugador.asp?id=1041&e=,2026-09-08T14:36:35Z
1041,2013,"Capitanes, Arecibo",5,12,wayback_bsnpr_players,https://web.archive.org/web/20140122195615id_/http://www.bsnpr.com:80/jugadores/jugador.asp?id=1041&e=,2026-09-08T14:36:35Z
1061,1969,"Criollos, Caguas",12,156,wayback_bsnpr_players,https://web.archive.org/web/20070829040328id_/http://www.bsnpr.com:80/jugadores/jugador.asp?id=1061&e=,2026-09-08T14:36:38Z
1062,1994,"Vaqueros, Bayamon",19,408,wayback_bsnpr_players,https://web.archive.org/web/20070829041405id_/http://www.bsnpr.com:80/jugadores/jugador.asp?id=1062&e=,2026-09-08T14:36:39Z
1062,1995,"Vaqueros, Bayamon",26,451,wayback_bsnpr_players,https://web.archive.org/web/20070829041405id_/http://www.bsnpr.com:80/jugadores/jugador.asp?id=1062&e=,2026-09-08T14:36:39Z
1062,1996,"Gigantes, Carolina",29,554,wayback_bsnpr_players,https://web.archive.org/web/20070829041405id_/http://www.bsnpr.com:80/jugadores/jugador.asp?id=1062&e=,2026-09-08T14:36:39Z
1062,1997,"Vaqueros, Bayamon",9,163,wayback_bsnpr_players,https://web.archive.org/web/20070829041405id_/http://www.bsnpr.com:80/jugadores/jugador.asp?id=1062&e=,2026-09-08T14:36:39Z
1062,1998,"Vaqueros, Bayamon",7,80,wayback_bsnpr_players,https://web.archive.org/web/20070829041405id_/http://www.bsnpr.com:80/jugadores/jugador.asp?id=1062&e=,2026-09-08T14:36:39Z
1062,1999,"Leones, Ponce",3,55,wayback_bsnpr_players,https://web.archive.org/web/20070829041405id_/http://www.bsnpr.com:80/jugadores/jugador.asp?id=1062&e=,2026-09-08T14:36:39Z
1062,2000,"Leones, Ponce",1,15,wayback_bsnpr_players,https://web.archive.org/web/20070829041405id_/http://www.bsnpr.com:80/jugadores/jugador.asp?id=1062&e=,2026-09-08T14:36:39Z
1062,2001,"Brujos, Guayama",9,114,wayback_bsnpr_players,https://web.archive.org/web/20070829041405id_/http://www.bsnpr.com:80/jugadores/jugador.asp?id=1062&e=,2026-09-08T14:36:39Z
1063,1992,"Gigantes, Carolina",17,42,wayback_bsnpr_players,https://web.archive.org/web/20090110181606id_/http://www.bsnpr.com:80/jugadores/jugador.asp?id=1063&e=,2026-09-08T14:36:41Z
1063,1993,"Gigantes, Carolina",30,363,wayback_bsnpr_players,https://web.archive.org/web/20090110181606id_/http://www.bsnpr.com:80/jugadores/jugador.asp?id=1063&e=,2026-09-08T14:36:41Z
1063,1994,"Santos, San Juan",26,366,wayback_bsnpr_players,https://web.archive.org/web/20090110181606id_/http://www.bsnpr.com:80/jugadores/jugador.asp?id=1063&e=,2026-09-08T14:36:41Z
1063,1995,"Gigantes, Carolina",31,790,wayback_bsnpr_players,https://web.archive.org/web/20090110181606id_/http://www.bsnpr.com:80/jugadores/jugador.asp?id=1063&e=,2026-09-08T14:36:41Z
1063,1996,"Gigantes, Carolina",26,487,wayback_bsnpr_players,https://web.archive.org/web/20090110181606id_/http://www.bsnpr.com:80/jugadores/jugador.asp?id=1063&e=,2026-09-08T14:36:41Z
1063,1997,"Capitanes, Arecibo",32,455,wayback_bsnpr_players,https://web.archive.org/web/20090110181606id_/http://www.bsnpr.com:80/jugadores/jugador.asp?id=1063&e=,2026-09-08T14:36:41Z
1063,1998,"Atleticos, San German",28,454,wayback_bsnpr_players,https://web.archive.org/web/20090110181606id_/http://www.bsnpr.com:80/jugadores/jugador.asp?id=1063&e=,2026-09-08T14:36:41Z
1063,1999,"Atleticos, San German",32,380,wayback_bsnpr_players,https://web.archive.org/web/20090110181606id_/http://www.bsnpr.com:80/jugadores/jugador.asp?id=1063&e=,2026-09-08T14:36:41Z
1063,2000,"Piratas, Quebradillas",28,434,wayback_bsnpr_players,https://web.archive.org/web/20090110181606id_/http://www.bsnpr.com:80/jugadores/jugador.asp?id=1063&e=,2026-09-08T14:36:41Z
1063,2001,"Piratas, Quebradillas",22,396,wayback_bsnpr_players,https://web.archive.org/web/20090110181606id_/http://www.bsnpr.com:80/jugadores/jugador.asp?id=1063&e=,2026-09-08T14:36:41Z
1063,2002,"Piratas, Quebradillas",30,462,wayback_bsnpr_players,https://web.archive.org/web/20090110181606id_/http://www.bsnpr.com:80/jugadores/jugador.asp?id=1063&e=,2026-09-08T14:36:41Z
1063,2003,"Piratas, Quebradillas",25,327,wayback_bsnpr_players,https://web.archive.org/web/20090110181606id_/http://www.bsnpr.com:80/jugadores/jugador.asp?id=1063&e=,2026-09-08T14:36:41Z
1063,2004,"Leones, Ponce",30,205,wayback_bsnpr_players,https://web.archive.org/web/20090110181606id_/http://www.bsnpr.com:80/jugadores/jugador.asp?id=1063&e=,2026-09-08T14:36:41Z
1063,2006,"Conquistadores, Guaynabo",17,191,wayback_bsnpr_players,https://web.archive.org/web/20090110181606id_/http://www.bsnpr.com:80/jugadores/jugador.asp?id=1063&e=,2026-09-08T14:36:41Z
1063,2007,"Capitanes, Arecibo",7,44,wayback_bsnpr_players,https://web.archive.org/web/20090110181606id_/http://www.bsnpr.com:80/jugadores/jugador.asp?id=1063&e=,2026-09-08T14:36:41Z
1063,2008,"Leones, Ponce",27,86,wayback_bsnpr_players,https://web.archive.org/web/20090110181606id_/http://www.bsnpr.com:80/jugadores/jugador.asp?id=1063&e=,2026-09-08T14:36:41Z
1064,2002,"Vaqueros, Bayamon",13,169,wayback_bsnpr_players,https://web.archive.org/web/20140122195620id_/http://www.bsnpr.com:80/jugadores/jugador.asp?id=1064&e=,2026-09-08T14:36:43Z
1064,2004,"Vaqueros, Bayamon",4,52,wayback_bsnpr_players,https://web.archive.org/web/20140122195620id_/http://www.bsnpr.com:80/jugadores/jugador.asp?id=1064&e=,2026-09-08T14:36:43Z
1064,2005,"Vaqueros, Bayamon",32,460,wayback_bsnpr_players,https://web.archive.org/web/20140122195620id_/http://www.bsnpr.com:80/jugadores/jugador.asp?id=1064&e=,2026-09-08T14:36:43Z
1064,2006,"Vaqueros, Bayamon",16,245,wayback_bsnpr_players,https://web.archive.org/web/20140122195620id_/http://www.bsnpr.com:80/jugadores/jugador.asp?id=1064&e=,2026-09-08T14:36:43Z
1064,2007,"Leones, Ponce",29,535,wayback_bsnpr_players,https://web.archive.org/web/20140122195620id_/http://www.bsnpr.com:80/jugadores/jugador.asp?id=1064&e=,2026-09-08T14:36:43Z
1064,2008,"Leones, Ponce",16,323,wayback_bsnpr_players,https://web.archive.org/web/20140122195620id_/http://www.bsnpr.com:80/jugadores/jugador.asp?id=1064&e=,2026-09-08T14:36:43Z
1064,2009,"Piratas, Quebradillas",30,497,wayback_bsnpr_players,https://web.archive.org/web/20140122195620id_/http://www.bsnpr.com:80/jugadores/jugador.asp?id=1064&e=,2026-09-08T14:36:43Z
1064,2010,"Piratas, Quebradillas",27,440,wayback_bsnpr_players,https://web.archive.org/web/20140122195620id_/http://www.bsnpr.com:80/jugadores/jugador.asp?id=1064&e=,2026-09-08T14:36:43Z
1064,2011,"Piratas, Quebradillas",28,340,wayback_bsnpr_players,https://web.archive.org/web/20140122195620id_/http://www.bsnpr.com:80/jugadores/jugador.asp?id=1064&e=,2026-09-08T14:36:43Z
1064,2012,"Piratas, Quebradillas",24,307,wayback_bsnpr_players,https://web.archive.org/web/20140122195620id_/http://www.bsnpr.com:80/jugadores/jugador.asp?id=1064&e=,2026-09-08T14:36:43Z
1064,2013,"Brujos, Guayama",31,444,wayback_bsnpr_players,https://web.archive.org/web/20140122195620id_/http://www.bsnpr.com:80/jugadores/jugador.asp?id=1064&e=,2026-09-08T14:36:43Z
1065,2001,"Gigantes, Carolina",18,76,wayback_bsnpr_players,https://web.archive.org/web/20070829040858id_/http://www.bsnpr.com:80/jugadores/jugador.asp?id=1065&e=,2026-09-08T14:36:45Z
1066,2004,"Piratas, Quebradillas",29,169,wayback_bsnpr_players,https://web.archive.org/web/20080210080410id_/http://www.bsnpr.com:80/jugadores/jugador.asp?id=1066&e=,2026-09-08T14:36:47Z
1066,2006,"Titanes, Morovis",26,159,wayback_bsnpr_players,https://web.archive.org/web/20080210080410id_/http://www.bsnpr.com:80/jugadores/jugador.asp?id=1066&e=,2026-09-08T14:36:47Z
1066,2007,"Capitanes, Arecibo",22,65,wayback_bsnpr_players,https://web.archive.org/web/20080210080410id_/http://www.bsnpr.com:80/jugadores/jugador.asp?id=1066&e=,2026-09-08T14:36:47Z
1067,2006,"Grises, Humacao",4,8,wayback_bsnpr_players,https://web.archive.org/web/20080410091435id_/http://www.bsnpr.com:80/jugadores/jugador.asp?id=1067&e=,2026-09-08T14:36:49Z
1067,2007,"Grises, Humacao",7,4,wayback_bsnpr_players,https://web.archive.org/web/20080410091435id_/http://www.bsnpr.com:80/jugadores/jugador.asp?id=1067&e=,2026-09-08T14:36:49Z
1069,1993,"Atleticos, San German",10,25,wayback_bsnpr_players,https://web.archive.org/web/20090710220928id_/http://www.bsnpr.com:80/jugadores/jugador.asp?id=1069&e=,2026-09-08T14:36:51Z
1069,1994,"Atleticos, San German",14,43,wayback_bsnpr_players,https://web.archive.org/web/20090710220928id_/http://www.bsnpr.com:80/jugadores/jugador.asp?id=1069&e=,2026-09-08T14:36:51Z
1069,1995,"Indios, Mayaguez",27,129,wayback_bsnpr_players,https://web.archive.org/web/20090710220928id_/http://www.bsnpr.com:80/jugadores/jugador.asp?id=1069&e=,2026-09-08T14:36:51Z
1069,1996,"Indios, Mayaguez",34,470,wayback_bsnpr_players,https://web.archive.org/web/20090710220928id_/http://www.bsnpr.com:80/jugadores/jugador.asp?id=1069&e=,2026-09-08T14:36:51Z
1069,1997,"Gallitos, Isabela",32,295,wayback_bsnpr_players,https://web.archive.org/web/20090710220928id_/http://www.bsnpr.com:80/jugadores/jugador.asp?id=1069&e=,2026-09-08T14:36:51Z
1069,1998,"Gallitos, Isabela",29,284,wayback_bsnpr_players,https://web.archive.org/web/20090710220928id_/http://www.bsnpr.com:80/jugadores/jugador.asp?id=1069&e=,2026-09-08T14:36:51Z
1069,1999,"Gallitos, Isabela",31,450,wayback_bsnpr_players,https://web.archive.org/web/20090710220928id_/http://www.bsnpr.com:80/jugadores/jugador.asp?id=1069&e=,2026-09-08T14:36:51Z
1069,2000,"Gallitos, Isabela",28,281,wayback_bsnpr_players,https://web.archive.org/web/20090710220928id_/http://www.bsnpr.com:80/jugadores/jugador.asp?id=1069&e=,2026-09-08T14:36:51Z
1069,2001,"Gallitos, Isabela",18,292,wayback_bsnpr_players,https://web.archive.org/web/20090710220928id_/http://www.bsnpr.com:80/jugadores/jugador.asp?id=1069&e=,2026-09-08T14:36:51Z
1069,2002,"Gallitos, Isabela",24,362,wayback_bsnpr_players,https://web.archive.org/web/20090710220928id_/http://www.bsnpr.com:80/jugadores/jugador.asp?id=1069&e=,2026-09-08T14:36:51Z
1069,2003,"Gallitos, Isabela",29,358,wayback_bsnpr_players,https://web.archive.org/web/20090710220928id_/http://www.bsnpr.com:80/jugadores/jugador.asp?id=1069&e=,2026-09-08T14:36:51Z
1069,2004,"Atleticos, San German",30,269,wayback_bsnpr_players,https://web.archive.org/web/20090710220928id_/http://www.bsnpr.com:80/jugadores/jugador.asp?id=1069&e=,2026-09-08T14:36:51Z
1069,2005,"Atleticos, San German",25,166,wayback_bsnpr_players,https://web.archive.org/web/20090710220928id_/http://www.bsnpr.com:80/jugadores/jugador.asp?id=1069&e=,2026-09-08T14:36:51Z
1069,2006,"Atleticos, San German",26,244,wayback_bsnpr_players,https://web.archive.org/web/20090710220928id_/http://www.bsnpr.com:80/jugadores/jugador.asp?id=1069&e=,2026-09-08T14:36:51Z
1069,2007,"Capitanes, Arecibo",6,22,wayback_bsnpr_players,https://web.archive.org/web/20090710220928id_/http://www.bsnpr.com:80/jugadores/jugador.asp?id=1069&e=,2026-09-08T14:36:51Z
1069,2007,"Leones, Ponce",21,33,wayback_bsnpr_players,https://web.archive.org/web/20090710220928id_/http://www.bsnpr.com:80/jugadores/jugador.asp?id=1069&e=,2026-09-08T14:36:51Z
1069,2009,"Indios, Mayaguez",20,62,wayback_bsnpr_players,https://web.archive.org/web/20090710220928id_/http://www.bsnpr.com:80/jugadores/jugador.asp?id=1069&e=,2026-09-08T14:36:51Z
1070,1992,"Criollos, Caguas",20,333,wayback_bsnpr_players,https://web.archive.org/web/20070829041440id_/http://www.bsnpr.com:80/jugadores/jugador.asp?id=1070&e=,2026-09-08T14:36:53Z
1074,1971,"Piratas, Quebradillas",23,340,wayback_bsnpr_players,https://web.archive.org/web/20070829040206id_/http://www.bsnpr.com:80/jugadores/jugador.asp?id=1074&e=,2026-09-08T14:36:55Z
1074,1972,"Piratas, Quebradillas",18,216,wayback_bsnpr_players,https://web.archive.org/web/20070829040206id_/http://www.bsnpr.com:80/jugadores/jugador.asp?id=1074&e=,2026-09-08T14:36:55Z
1076,1984,"Gigantes, Carolina",15,39,wayback_bsnpr_players,https://web.archive.org/web/20070829040809id_/http://www.bsnpr.com:80/jugadores/jugador.asp?id=1076&e=,2026-09-08T14:36:56Z
1076,1985,"Indios, Mayaguez",11,20,wayback_bsnpr_players,https://web.archive.org/web/20070829040809id_/http://www.bsnpr.com:80/jugadores/jugador.asp?id=1076&e=,2026-09-08T14:36:56Z
1076,1986,"Indios, Mayaguez",1,0,wayback_bsnpr_players,https://web.archive.org/web/20070829040809id_/http://www.bsnpr.com:80/jugadores/jugador.asp?id=1076&e=,2026-09-08T14:36:56Z
1078,1990,"Brujos, Guayama",8,6,wayback_bsnpr_players,https://web.archive.org/web/20070828231433id_/http://www.bsnpr.com:80/jugadores/jugador.asp?id=1078&e=,2026-09-08T14:36:58Z
1083,1958,"Cangrejeros, Santurce",6,14,wayback_bsnpr_players,https://web.archive.org/web/20070828230307id_/http://www.bsnpr.com:80/jugadores/jugador.asp?id=1083&e=,2026-09-08T14:37:00Z
1086,1989,"Leones, Ponce",2,10,wayback_bsnpr_players,https://web.archive.org/web/20070829040408id_/http://www.bsnpr.com:80/jugadores/jugador.asp?id=1086&e=,2026-09-08T14:37:02Z
1086,1990,"Tainos, Cabo Rojo",10,6,wayback_bsnpr_players,https://web.archive.org/web/20070829040408id_/http://www.bsnpr.com:80/jugadores/jugador.asp?id=1086&e=,2026-09-08T14:37:02Z
1087,1974,"Leones, Ponce",8,8,wayback_bsnpr_players,https://web.archive.org/web/20070829042327id_/http://www.bsnpr.com:80/jugadores/jugador.asp?id=1087&e=,2026-09-08T14:37:04Z
1087,1975,"Leones, Ponce",11,20,wayback_bsnpr_players,https://web.archive.org/web/20070829042327id_/http://www.bsnpr.com:80/jugadores/jugador.asp?id=1087&e=,2026-09-08T14:37:04Z
1087,1976,"Piratas, Quebradillas",32,666,wayback_bsnpr_players,https://web.archive.org/web/20070829042327id_/http://www.bsnpr.com:80/jugadores/jugador.asp?id=1087&e=,2026-09-08T14:37:04Z
1087,1977,"Leones, Ponce",27,119,wayback_bsnpr_players,https://web.archive.org/web/20070829042327id_/http://www.bsnpr.com:80/jugadores/jugador.asp?id=1087&e=,2026-09-08T14:37:04Z
1087,1978,"Leones, Ponce",22,66,wayback_bsnpr_players,https://web.archive.org/web/20070829042327id_/http://www.bsnpr.com:80/jugadores/jugador.asp?id=1087&e=,2026-09-08T14:37:04Z
1087,1979,"Atleticos, San German",26,177,wayback_bsnpr_players,https://web.archive.org/web/20070829042327id_/http://www.bsnpr.com:80/jugadores/jugador.asp?id=1087&e=,2026-09-08T14:37:04Z
1087,1980,"Atleticos, San German",25,114,wayback_bsnpr_players,https://web.archive.org/web/20070829042327id_/http://www.bsnpr.com:80/jugadores/jugador.asp?id=1087&e=,2026-09-08T14:37:04Z
1087,1981,"Indios, Mayaguez",18,52,wayback_bsnpr_players,https://web.archive.org/web/20070829042327id_/http://www.bsnpr.com:80/jugadores/jugador.asp?id=1087&e=,2026-09-08T14:37:04Z
1091,1999,"Gallitos, Isabela",12,11,wayback_bsnpr_players,https://web.archive.org/web/20070828223557id_/http://www.bsnpr.com:80/jugadores/jugador.asp?id=1091&e=,2026-09-08T14:37:06Z
1092,1995,"Capitanes, Arecibo",16,19,wayback_bsnpr_players,https://web.archive.org/web/20080411054220id_/http://www.bsnpr.com:80/jugadores/jugador.asp?id=1092&e=,2026-09-08T14:37:08Z
1092,1996,"Capitanes, Arecibo",11,28,wayback_bsnpr_players,https://web.archive.org/web/20080411054220id_/http://www.bsnpr.com:80/jugadores/jugador.asp?id=1092&e=,2026-09-08T14:37:08Z
1092,1997,"Capitanes, Arecibo",15,46,wayback_bsnpr_players,https://web.archive.org/web/20080411054220id_/http://www.bsnpr.com:80/jugadores/jugador.asp?id=1092&e=,2026-09-08T14:37:08Z
1092,1999,"Conquistadores, Guaynabo",16,52,wayback_bsnpr_players,https://web.archive.org/web/20080411054220id_/http://www.bsnpr.com:80/jugadores/jugador.asp?id=1092&e=,2026-09-08T14:37:08Z
1092,2000,"Capitanes, Arecibo",19,51,wayback_bsnpr_players,https://web.archive.org/web/20080411054220id_/http://www.bsnpr.com:80/jugadores/jugador.asp?id=1092&e=,2026-09-08T14:37:08Z
1092,2002,"Capitanes, Arecibo",15,22,wayback_bsnpr_players,https://web.archive.org/web/20080411054220id_/http://www.bsnpr.com:80/jugadores/jugador.asp?id=1092&e=,2026-09-08T14:37:08Z
1092,2003,"Capitanes, Arecibo",21,59,wayback_bsnpr_players,https://web.archive.org/web/20080411054220id_/http://www.bsnpr.com:80/jugadores/jugador.asp?id=1092&e=,2026-09-08T14:37:08Z
1092,2004,"Capitanes, Arecibo",11,15,wayback_bsnpr_players,https://web.archive.org/web/20080411054220id_/http://www.bsnpr.com:80/jugadores/jugador.asp?id=1092&e=,2026-09-08T14:37:08Z
1092,2007,"Indios, Mayaguez",21,62,wayback_bsnpr_players,https://web.archive.org/web/20080411054220id_/http://www.bsnpr.com:80/jugadores/jugador.asp?id=1092&e=,2026-09-08T14:37:08Z
1094,2006,"Criollos, Caguas",7,12,wayback_bsnpr_players,https://web.archive.org/web/20170715112450id_/http://www.bsnpr.com:80/jugadores/jugador.asp?id=1094&e=,2026-09-08T14:37:10Z
1094,2007,"Criollos, Caguas",29,48,wayback_bsnpr_players,https://web.archive.org/web/20170715112450id_/http://www.bsnpr.com:80/jugadores/jugador.asp?id=1094&e=,2026-09-08T14:37:10Z
1094,2008,"Criollos, Caguas",15,69,wayback_bsnpr_players,https://web.archive.org/web/20170715112450id_/http://www.bsnpr.com:80/jugadores/jugador.asp?id=1094&e=,2026-09-08T14:37:10Z
1094,2009,"Piratas, Quebradillas",26,57,wayback_bsnpr_players,https://web.archive.org/web/20170715112450id_/http://www.bsnpr.com:80/jugadores/jugador.asp?id=1094&e=,2026-09-08T14:37:10Z
1094,2010,"Piratas, Quebradillas",19,69,wayback_bsnpr_players,https://web.archive.org/web/20170715112450id_/http://www.bsnpr.com:80/jugadores/jugador.asp?id=1094&e=,2026-09-08T14:37:10Z
1094,2011,"Caciques, Humacao",29,134,wayback_bsnpr_players,https://web.archive.org/web/20170715112450id_/http://www.bsnpr.com:80/jugadores/jugador.asp?id=1094&e=,2026-09-08T14:37:10Z
1094,2012,"Caciques, Humacao",30,260,wayback_bsnpr_players,https://web.archive.org/web/20170715112450id_/http://www.bsnpr.com:80/jugadores/jugador.asp?id=1094&e=,2026-09-08T14:37:10Z
1094,2013,"Piratas, Quebradillas",34,149,wayback_bsnpr_players,https://web.archive.org/web/20170715112450id_/http://www.bsnpr.com:80/jugadores/jugador.asp?id=1094&e=,2026-09-08T14:37:10Z
1094,2014,"Piratas, Quebradillas",27,144,wayback_bsnpr_players,https://web.archive.org/web/20170715112450id_/http://www.bsnpr.com:80/jugadores/jugador.asp?id=1094&e=,2026-09-08T14:37:10Z
1094,2015,"Atenienses, Manati",43,408,wayback_bsnpr_players,https://web.archive.org/web/20170715112450id_/http://www.bsnpr.com:80/jugadores/jugador.asp?id=1094&e=,2026-09-08T14:37:10Z
1094,2016,"Atenienses, Manati",8,81,wayback_bsnpr_players,https://web.archive.org/web/20170715112450id_/http://www.bsnpr.com:80/jugadores/jugador.asp?id=1094&e=,2026-09-08T14:37:10Z
1094,2016,"Leones, Ponce",26,72,wayback_bsnpr_players,https://web.archive.org/web/20170715112450id_/http://www.bsnpr.com:80/jugadores/jugador.asp?id=1094&e=,2026-09-08T14:37:10Z
1094,2017,"Piratas, Quebradillas",25,118,wayback_bsnpr_players,https://web.archive.org/web/20170715112450id_/http://www.bsnpr.com:80/jugadores/jugador.asp?id=1094&e=,2026-09-08T14:37:10Z
1095,2000,"Polluelos, Aibonito",10,8,wayback_bsnpr_players,https://web.archive.org/web/20070828224606id_/http://www.bsnpr.com:80/jugadores/jugador.asp?id=1095&e=,2026-09-08T14:37:11Z
1103,1966,"Capitanes, Arecibo",5,155,wayback_bsnpr_players,https://web.archive.org/web/20070829041805id_/http://www.bsnpr.com:80/jugadores/jugador.asp?id=1103&e=,2026-09-08T14:37:13Z
1103,1967,"Capitanes, Arecibo",29,155,wayback_bsnpr_players,https://web.archive.org/web/20070829041805id_/http://www.bsnpr.com:80/jugadores/jugador.asp?id=1103&e=,2026-09-08T14:37:13Z
1103,1968,"Capitanes, Arecibo",21,156,wayback_bsnpr_players,https://web.archive.org/web/20070829041805id_/http://www.bsnpr.com:80/jugadores/jugador.asp?id=1103&e=,2026-09-08T14:37:13Z
1103,1969,"Capitanes, Arecibo",24,160,wayback_bsnpr_players,https://web.archive.org/web/20070829041805id_/http://www.bsnpr.com:80/jugadores/jugador.asp?id=1103&e=,2026-09-08T14:37:13Z
1103,1970,"Capitanes, Arecibo",24,250,wayback_bsnpr_players,https://web.archive.org/web/20070829041805id_/http://www.bsnpr.com:80/jugadores/jugador.asp?id=1103&e=,2026-09-08T14:37:13Z
1103,1971,"Cangrejeros, Santurce",27,398,wayback_bsnpr_players,https://web.archive.org/web/20070829041805id_/http://www.bsnpr.com:80/jugadores/jugador.asp?id=1103&e=,2026-09-08T14:37:13Z
1103,1972,"Cangrejeros, Santurce",24,298,wayback_bsnpr_players,https://web.archive.org/web/20070829041805id_/http://www.bsnpr.com:80/jugadores/jugador.asp?id=1103&e=,2026-09-08T14:37:13Z
1103,1973,"Cangrejeros, Santurce",32,320,wayback_bsnpr_players,https://web.archive.org/web/20070829041805id_/http://www.bsnpr.com:80/jugadores/jugador.asp?id=1103&e=,2026-09-08T14:37:13Z
1103,1974,"Cangrejeros, Santurce",26,212,wayback_bsnpr_players,https://web.archive.org/web/20070829041805id_/http://www.bsnpr.com:80/jugadores/jugador.asp?id=1103&e=,2026-09-08T14:37:13Z
1103,1975,"Cangrejeros, Santurce",3,8,wayback_bsnpr_players,https://web.archive.org/web/20070829041805id_/http://www.bsnpr.com:80/jugadores/jugador.asp?id=1103&e=,2026-09-08T14:37:13Z
1103,1976,"Cardenales, Rio Piedras",7,5,wayback_bsnpr_players,https://web.archive.org/web/20070829041805id_/http://www.bsnpr.com:80/jugadores/jugador.asp?id=1103&e=,2026-09-08T14:37:13Z
1110,1980,"Indios, Canovanas",25,81,wayback_bsnpr_players,https://web.archive.org/web/20070828231628id_/http://www.bsnpr.com:80/jugadores/jugador.asp?id=1110&e=,2026-09-08T14:37:15Z
1110,1981,"Indios, Canovanas",33,236,wayback_bsnpr_players,https://web.archive.org/web/20070828231628id_/http://www.bsnpr.com:80/jugadores/jugador.asp?id=1110&e=,2026-09-08T14:37:15Z
1110,1982,"Indios, Canovanas",20,108,wayback_bsnpr_players,https://web.archive.org/web/20070828231628id_/http://www.bsnpr.com:80/jugadores/jugador.asp?id=1110&e=,2026-09-08T14:37:15Z
1110,1983,"Cardenales, Rio Piedras",24,277,wayback_bsnpr_players,https://web.archive.org/web/20070828231628id_/http://www.bsnpr.com:80/jugadores/jugador.asp?id=1110&e=,2026-09-08T14:37:15Z
1110,1983,"Indios, Canovanas",6,4,wayback_bsnpr_players,https://web.archive.org/web/20070828231628id_/http://www.bsnpr.com:80/jugadores/jugador.asp?id=1110&e=,2026-09-08T14:37:15Z
1110,1984,"Cardenales, Rio Piedras",28,430,wayback_bsnpr_players,https://web.archive.org/web/20070828231628id_/http://www.bsnpr.com:80/jugadores/jugador.asp?id=1110&e=,2026-09-08T14:37:15Z
1110,1985,"Maratonistas, Coamo",29,396,wayback_bsnpr_players,https://web.archive.org/web/20070828231628id_/http://www.bsnpr.com:80/jugadores/jugador.asp?id=1110&e=,2026-09-08T14:37:15Z
1110,1986,"Gigantes, Carolina",18,206,wayback_bsnpr_players,https://web.archive.org/web/20070828231628id_/http://www.bsnpr.com:80/jugadores/jugador.asp?id=1110&e=,2026-09-08T14:37:15Z
1110,1986,"Maratonistas, Coamo",15,189,wayback_bsnpr_players,https://web.archive.org/web/20070828231628id_/http://www.bsnpr.com:80/jugadores/jugador.asp?id=1110&e=,2026-09-08T14:37:15Z
1110,1987,"Cariduros, Fajardo",18,157,wayback_bsnpr_players,https://web.archive.org/web/20070828231628id_/http://www.bsnpr.com:80/jugadores/jugador.asp?id=1110&e=,2026-09-08T14:37:15Z
1110,1987,"Gigantes, Carolina",13,85,wayback_bsnpr_players,https://web.archive.org/web/20070828231628id_/http://www.bsnpr.com:80/jugadores/jugador.asp?id=1110&e=,2026-09-08T14:37:15Z
1110,1988,"Cariduros, Fajardo",33,357,wayback_bsnpr_players,https://web.archive.org/web/20070828231628id_/http://www.bsnpr.com:80/jugadores/jugador.asp?id=1110&e=,2026-09-08T14:37:15Z
1111,1998,"Titanes, Morovis",9,15,wayback_bsnpr_players,https://web.archive.org/web/20070829041825id_/http://www.bsnpr.com:80/jugadores/jugador.asp?id=1111&e=,2026-09-08T14:37:17Z
1113,1981,"Indios, Canovanas",18,66,wayback_bsnpr_players,https://web.archive.org/web/20070829042400id_/http://www.bsnpr.com:80/jugadores/jugador.asp?id=1113&e=,2026-09-08T14:37:19Z
1113,1982,"Indios, Canovanas",15,45,wayback_bsnpr_players,https://web.archive.org/web/20070829042400id_/http://www.bsnpr.com:80/jugadores/jugador.asp?id=1113&e=,2026-09-08T14:37:19Z
1113,1983,"Indios, Canovanas",16,56,wayback_bsnpr_players,https://web.archive.org/web/20070829042400id_/http://www.bsnpr.com:80/jugadores/jugador.asp?id=1113&e=,2026-09-08T14:37:19Z
1113,1984,"Indios, Canovanas",29,114,wayback_bsnpr_players,https://web.archive.org/web/20070829042400id_/http://www.bsnpr.com:80/jugadores/jugador.asp?id=1113&e=,2026-09-08T14:37:19Z
1113,1985,"Indios, Canovanas",32,195,wayback_bsnpr_players,https://web.archive.org/web/20070829042400id_/http://www.bsnpr.com:80/jugadores/jugador.asp?id=1113&e=,2026-09-08T14:37:19Z
1113,1986,"Vaqueros, Bayamon",33,323,wayback_bsnpr_players,https://web.archive.org/web/20070829042400id_/http://www.bsnpr.com:80/jugadores/jugador.asp?id=1113&e=,2026-09-08T14:37:19Z
1113,1987,"Vaqueros, Bayamon",28,117,wayback_bsnpr_players,https://web.archive.org/web/20070829042400id_/http://www.bsnpr.com:80/jugadores/jugador.asp?id=1113&e=,2026-09-08T14:37:19Z
1113,1988,"Vaqueros, Bayamon",22,112,wayback_bsnpr_players,https://web.archive.org/web/20070829042400id_/http://www.bsnpr.com:80/jugadores/jugador.asp?id=1113&e=,2026-09-08T14:37:19Z
1113,1989,"Vaqueros, Bayamon",12,87,wayback_bsnpr_players,https://web.archive.org/web/20070829042400id_/http://www.bsnpr.com:80/jugadores/jugador.asp?id=1113&e=,2026-09-08T14:37:19Z
1113,1991,"Vaqueros, Bayamon",23,52,wayback_bsnpr_players,https://web.archive.org/web/20070829042400id_/http://www.bsnpr.com:80/jugadores/jugador.asp?id=1113&e=,2026-09-08T14:37:19Z
1113,1992,"Vaqueros, Bayamon",20,140,wayback_bsnpr_players,https://web.archive.org/web/20070829042400id_/http://www.bsnpr.com:80/jugadores/jugador.asp?id=1113&e=,2026-09-08T14:37:19Z
1113,1993,"Santos, San Juan",26,233,wayback_bsnpr_players,https://web.archive.org/web/20070829042400id_/http://www.bsnpr.com:80/jugadores/jugador.asp?id=1113&e=,2026-09-08T14:37:19Z
1113,1994,"Polluelos, Aibonito",18,27,wayback_bsnpr_players,https://web.archive.org/web/20070829042400id_/http://www.bsnpr.com:80/jugadores/jugador.asp?id=1113&e=,2026-09-08T14:37:19Z
1115,1961,"Vaqueros, Bayamon",8,5,wayback_bsnpr_players,https://web.archive.org/web/20070829035359id_/http://www.bsnpr.com:80/jugadores/jugador.asp?id=1115&e=,2026-09-08T14:37:21Z
1115,1962,"Vaqueros, Bayamon",13,82,wayback_bsnpr_players,https://web.archive.org/web/20070829035359id_/http://www.bsnpr.com:80/jugadores/jugador.asp?id=1115&e=,2026-09-08T14:37:21Z
1115,1963,"Vaqueros, Bayamon",19,37,wayback_bsnpr_players,https://web.archive.org/web/20070829035359id_/http://www.bsnpr.com:80/jugadores/jugador.asp?id=1115&e=,2026-09-08T14:37:21Z
1115,1964,"Vaqueros, Bayamon",17,15,wayback_bsnpr_players,https://web.archive.org/web/20070829035359id_/http://www.bsnpr.com:80/jugadores/jugador.asp?id=1115&e=,2026-09-08T14:37:21Z
1115,1965,"Vaqueros, Bayamon",9,10,wayback_bsnpr_players,https://web.archive.org/web/20070829035359id_/http://www.bsnpr.com:80/jugadores/jugador.asp?id=1115&e=,2026-09-08T14:37:21Z
1118,1999,"Gallitos, Isabela",11,18,wayback_bsnpr_players,https://web.archive.org/web/20070829041609id_/http://www.bsnpr.com:80/jugadores/jugador.asp?id=1118&e=,2026-09-08T14:37:22Z
1119,1971,"Capitanes, Arecibo",3,15,wayback_bsnpr_players,https://web.archive.org/web/20070829042025id_/http://www.bsnpr.com:80/jugadores/jugador.asp?id=1119&e=,2026-09-08T14:37:24Z
1121,2004,"Indios, Mayaguez",7,4,wayback_bsnpr_players,https://web.archive.org/web/20070828225343id_/http://www.bsnpr.com:80/jugadores/jugador.asp?id=1121&e=,2026-09-08T14:37:26Z
1124,1964,"Santos, San Juan",20,67,wayback_bsnpr_players,https://web.archive.org/web/20070828223712id_/http://www.bsnpr.com:80/jugadores/jugador.asp?id=1124&e=,2026-09-08T14:37:28Z
1124,1967,"Santos, San Juan",6,22,wayback_bsnpr_players,https://web.archive.org/web/20070828223712id_/http://www.bsnpr.com:80/jugadores/jugador.asp?id=1124&e=,2026-09-08T14:37:28Z
1127,1992,"Criollos, Caguas",22,47,wayback_bsnpr_players,https://web.archive.org/web/20110412235156id_/http://www.bsnpr.com:80/jugadores/jugador.asp?id=1127&e=14,2026-09-08T14:37:30Z
1127,1993,"Criollos, Caguas",34,256,wayback_bsnpr_players,https://web.archive.org/web/20110412235156id_/http://www.bsnpr.com:80/jugadores/jugador.asp?id=1127&e=14,2026-09-08T14:37:30Z
1127,1994,"Indios, Mayaguez",30,322,wayback_bsnpr_players,https://web.archive.org/web/20110412235156id_/http://www.bsnpr.com:80/jugadores/jugador.asp?id=1127&e=14,2026-09-08T14:37:30Z
1127,1995,"Indios, Mayaguez",25,267,wayback_bsnpr_players,https://web.archive.org/web/20110412235156id_/http://www.bsnpr.com:80/jugadores/jugador.asp?id=1127&e=14,2026-09-08T14:37:30Z
1127,1996,"Santeros, Aguada",33,434,wayback_bsnpr_players,https://web.archive.org/web/20110412235156id_/http://www.bsnpr.com:80/jugadores/jugador.asp?id=1127&e=14,2026-09-08T14:37:30Z
1127,1997,"Capitanes, Arecibo",34,269,wayback_bsnpr_players,https://web.archive.org/web/20110412235156id_/http://www.bsnpr.com:80/jugadores/jugador.asp?id=1127&e=14,2026-09-08T14:37:30Z
1127,1998,"Capitanes, Arecibo",30,279,wayback_bsnpr_players,https://web.archive.org/web/20110412235156id_/http://www.bsnpr.com:80/jugadores/jugador.asp?id=1127&e=14,2026-09-08T14:37:30Z
1127,1999,"Capitanes, Arecibo",32,418,wayback_bsnpr_players,https://web.archive.org/web/20110412235156id_/http://www.bsnpr.com:80/jugadores/jugador.asp?id=1127&e=14,2026-09-08T14:37:30Z
1127,2000,"Capitanes, Arecibo",28,392,wayback_bsnpr_players,https://web.archive.org/web/20110412235156id_/http://www.bsnpr.com:80/jugadores/jugador.asp?id=1127&e=14,2026-09-08T14:37:30Z
1127,2001,"Capitanes, Arecibo",24,312,wayback_bsnpr_players,https://web.archive.org/web/20110412235156id_/http://www.bsnpr.com:80/jugadores/jugador.asp?id=1127&e=14,2026-09-08T14:37:30Z
1127,2002,"Vaqueros, Bayamon",24,146,wayback_bsnpr_players,https://web.archive.org/web/20110412235156id_/http://www.bsnpr.com:80/jugadores/jugador.asp?id=1127&e=14,2026-09-08T14:37:30Z
1127,2003,"Vaqueros, Bayamon",23,270,wayback_bsnpr_players,https://web.archive.org/web/20110412235156id_/http://www.bsnpr.com:80/jugadores/jugador.asp?id=1127&e=14,2026-09-08T14:37:30Z
1127,2004,"Vaqueros, Bayamon",30,337,wayback_bsnpr_players,https://web.archive.org/web/20110412235156id_/http://www.bsnpr.com:80/jugadores/jugador.asp?id=1127&e=14,2026-09-08T14:37:30Z
1127,2005,"Cangrejeros, Santurce",23,133,wayback_bsnpr_players,https://web.archive.org/web/20110412235156id_/http://www.bsnpr.com:80/jugadores/jugador.asp?id=1127&e=14,2026-09-08T14:37:30Z
1127,2006,"Vaqueros, Bayamon",25,89,wayback_bsnpr_players,https://web.archive.org/web/20110412235156id_/http://www.bsnpr.com:80/jugadores/jugador.asp?id=1127&e=14,2026-09-08T14:37:30Z
1127,2007,"Vaqueros, Bayamon",30,148,wayback_bsnpr_players,https://web.archive.org/web/20110412235156id_/http://www.bsnpr.com:80/jugadores/jugador.asp?id=1127&e=14,2026-09-08T14:37:30Z
1127,2008,"Cariduros, Fajardo",32,156,wayback_bsnpr_players,https://web.archive.org/web/20110412235156id_/http://www.bsnpr.com:80/jugadores/jugador.asp?id=1127&e=14,2026-09-08T14:37:30Z
1127,2009,"Mets, Guaynabo",26,62,wayback_bsnpr_players,https://web.archive.org/web/20110412235156id_/http://www.bsnpr.com:80/jugadores/jugador.asp?id=1127&e=14,2026-09-08T14:37:30Z
1127,2010,"Mets, Guaynabo",24,51,wayback_bsnpr_players,https://web.archive.org/web/20110412235156id_/http://www.bsnpr.com:80/jugadores/jugador.asp?id=1127&e=14,2026-09-08T14:37:30Z
1127,2011,"Mets, Guaynabo",4,4,wayback_bsnpr_players,https://web.archive.org/web/20110412235156id_/http://www.bsnpr.com:80/jugadores/jugador.asp?id=1127&e=14,2026-09-08T14:37:30Z
1130,2001,"Polluelos, Aibonito",7,0,wayback_bsnpr_players,https://web.archive.org/web/20070828225413id_/http://www.bsnpr.com:80/jugadores/jugador.asp?id=1130&e=,2026-09-08T14:37:32Z
1130,2002,"Toritos, Cayey",6,8,wayback_bsnpr_players,https://web.archive.org/web/20070828225413id_/http://www.bsnpr.com:80/jugadores/jugador.asp?id=1130&e=,2026-09-08T14:37:32Z
1130,2003,"Vaqueros, Bayamon",6,5,wayback_bsnpr_players,https://web.archive.org/web/20070828225413id_/http://www.bsnpr.com:80/jugadores/jugador.asp?id=1130&e=,2026-09-08T14:37:32Z
1131,1984,"Atleticos, San German",13,16,wayback_bsnpr_players,https://web.archive.org/web/20070829041554id_/http://www.bsnpr.com:80/jugadores/jugador.asp?id=1131&e=,2026-09-08T14:37:33Z
1140,1978,"Titanes, Morovis",32,584,wayback_bsnpr_players,https://web.archive.org/web/20070828230232id_/http://www.bsnpr.com:80/jugadores/jugador.asp?id=1140&e=,2026-09-08T14:37:35Z
1140,1979,"Titanes, Morovis",27,289,wayback_bsnpr_players,https://web.archive.org/web/20070828230232id_/http://www.bsnpr.com:80/jugadores/jugador.asp?id=1140&e=,2026-09-08T14:37:35Z
1140,1980,"Brujos, Guayama",15,124,wayback_bsnpr_players,https://web.archive.org/web/20070828230232id_/http://www.bsnpr.com:80/jugadores/jugador.asp?id=1140&e=,2026-09-08T14:37:35Z
1140,1980,"Titanes, Morovis",11,67,wayback_bsnpr_players,https://web.archive.org/web/20070828230232id_/http://www.bsnpr.com:80/jugadores/jugador.asp?id=1140&e=,2026-09-08T14:37:35Z
1140,1981,"Brujos, Guayama",30,340,wayback_bsnpr_players,https://web.archive.org/web/20070828230232id_/http://www.bsnpr.com:80/jugadores/jugador.asp?id=1140&e=,2026-09-08T14:37:35Z
1140,1982,"Brujos, Guayama",32,476,wayback_bsnpr_players,https://web.archive.org/web/20070828230232id_/http://www.bsnpr.com:80/jugadores/jugador.asp?id=1140&e=,2026-09-08T14:37:35Z
1140,1983,"Brujos, Guayama",32,489,wayback_bsnpr_players,https://web.archive.org/web/20070828230232id_/http://www.bsnpr.com:80/jugadores/jugador.asp?id=1140&e=,2026-09-08T14:37:35Z
1140,1984,"Brujos, Guayama",27,371,wayback_bsnpr_players,https://web.archive.org/web/20070828230232id_/http://www.bsnpr.com:80/jugadores/jugador.asp?id=1140&e=,2026-09-08T14:37:35Z
1140,1985,"Brujos, Guayama",1,5,wayback_bsnpr_players,https://web.archive.org/web/20070828230232id_/http://www.bsnpr.com:80/jugadores/jugador.asp?id=1140&e=,2026-09-08T14:37:35Z
1140,1986,"Vaqueros, Bayamon",14,35,wayback_bsnpr_players,https://web.archive.org/web/20070828230232id_/http://www.bsnpr.com:80/jugadores/jugador.asp?id=1140&e=,2026-09-08T14:37:35Z
1144,1956,"Cangrejeros, Santurce",3,9,wayback_bsnpr_players,https://web.archive.org/web/20070828230638id_/http://www.bsnpr.com:80/jugadores/jugador.asp?id=1144&e=,2026-09-08T14:37:37Z
1148,1957,"Santos, San Juan",11,78,wayback_bsnpr_players,https://web.archive.org/web/20070828230557id_/http://www.bsnpr.com:80/jugadores/jugador.asp?id=1148&e=,2026-09-08T14:37:39Z
1148,1958,"Cardenales, Rio Piedras",17,80,wayback_bsnpr_players,https://web.archive.org/web/20070828230557id_/http://www.bsnpr.com:80/jugadores/jugador.asp?id=1148&e=,2026-09-08T14:37:39Z
1148,1959,"Cardenales, Rio Piedras",21,168,wayback_bsnpr_players,https://web.archive.org/web/20070828230557id_/http://www.bsnpr.com:80/jugadores/jugador.asp?id=1148&e=,2026-09-08T14:37:39Z
1148,1960,"Cardenales, Rio Piedras",2,2,wayback_bsnpr_players,https://web.archive.org/web/20070828230557id_/http://www.bsnpr.com:80/jugadores/jugador.asp?id=1148&e=,2026-09-08T14:37:39Z
1148,1961,"Cardenales, Rio Piedras",16,35,wayback_bsnpr_players,https://web.archive.org/web/20070828230557id_/http://www.bsnpr.com:80/jugadores/jugador.asp?id=1148&e=,2026-09-08T14:37:39Z
1148,1962,"Cardenales, Rio Piedras",5,5,wayback_bsnpr_players,https://web.archive.org/web/20070828230557id_/http://www.bsnpr.com:80/jugadores/jugador.asp?id=1148&e=,2026-09-08T14:37:39Z
1149,1978,"Gigantes, Carolina",21,85,wayback_bsnpr_players,https://web.archive.org/web/20070829040418id_/http://www.bsnpr.com:80/jugadores/jugador.asp?id=1149&e=,2026-09-08T14:37:41Z
1149,1980,"Gigantes, Carolina",2,11,wayback_bsnpr_players,https://web.archive.org/web/20070829040418id_/http://www.bsnpr.com:80/jugadores/jugador.asp?id=1149&e=,2026-09-08T14:37:41Z
1158,1997,"Santeros, Aguada",18,69,wayback_bsnpr_players,https://web.archive.org/web/20070828230907id_/http://www.bsnpr.com:80/jugadores/jugador.asp?id=1158&e=,2026-09-08T14:37:42Z
1158,1998,"Santeros, Aguada",26,93,wayback_bsnpr_players,https://web.archive.org/web/20070828230907id_/http://www.bsnpr.com:80/jugadores/jugador.asp?id=1158&e=,2026-09-08T14:37:42Z
1158,1999,"Gallitos, Isabela",24,104,wayback_bsnpr_players,https://web.archive.org/web/20070828230907id_/http://www.bsnpr.com:80/jugadores/jugador.asp?id=1158&e=,2026-09-08T14:37:42Z
1164,1984,"Indios, Mayaguez",11,12,wayback_bsnpr_players,https://web.archive.org/web/20070828231553id_/http://www.bsnpr.com:80/jugadores/jugador.asp?id=1164&e=,2026-09-08T14:37:45Z
1164,1985,"Indios, Mayaguez",24,51,wayback_bsnpr_players,https://web.archive.org/web/20070828231553id_/http://www.bsnpr.com:80/jugadores/jugador.asp?id=1164&e=,2026-09-08T14:37:45Z
1164,1986,"Indios, Mayaguez",26,64,wayback_bsnpr_players,https://web.archive.org/web/20070828231553id_/http://www.bsnpr.com:80/jugadores/jugador.asp?id=1164&e=,2026-09-08T14:37:45Z
1164,1987,"Conquistadores, Guaynabo",25,55,wayback_bsnpr_players,https://web.archive.org/web/20070828231553id_/http://www.bsnpr.com:80/jugadores/jugador.asp?id=1164&e=,2026-09-08T14:37:45Z
1164,1988,"Indios, Mayaguez",25,81,wayback_bsnpr_players,https://web.archive.org/web/20070828231553id_/http://www.bsnpr.com:80/jugadores/jugador.asp?id=1164&e=,2026-09-08T14:37:45Z
1164,1989,"Leones, Ponce",29,136,wayback_bsnpr_players,https://web.archive.org/web/20070828231553id_/http://www.bsnpr.com:80/jugadores/jugador.asp?id=1164&e=,2026-09-08T14:37:45Z
1164,1990,"Leones, Ponce",22,33,wayback_bsnpr_players,https://web.archive.org/web/20070828231553id_/http://www.bsnpr.com:80/jugadores/jugador.asp?id=1164&e=,2026-09-08T14:37:45Z
1164,1991,"Atleticos, San German",28,47,wayback_bsnpr_players,https://web.archive.org/web/20070828231553id_/http://www.bsnpr.com:80/jugadores/jugador.asp?id=1164&e=,2026-09-08T14:37:45Z
1164,1992,"Atleticos, San German",27,50,wayback_bsnpr_players,https://web.archive.org/web/20070828231553id_/http://www.bsnpr.com:80/jugadores/jugador.asp?id=1164&e=,2026-09-08T14:37:45Z
1164,1993,"Tiburones, Aguadilla",30,146,wayback_bsnpr_players,https://web.archive.org/web/20070828231553id_/http://www.bsnpr.com:80/jugadores/jugador.asp?id=1164&e=,2026-09-08T14:37:45Z
1164,1995,"Maratonistas, Coamo",23,58,wayback_bsnpr_players,https://web.archive.org/web/20070828231553id_/http://www.bsnpr.com:80/jugadores/jugador.asp?id=1164&e=,2026-09-08T14:37:45Z
1164,1998,"Avancinos, Villalba",16,77,wayback_bsnpr_players,https://web.archive.org/web/20070828231553id_/http://www.bsnpr.com:80/jugadores/jugador.asp?id=1164&e=,2026-09-08T14:37:45Z
1165,1960,"Capitanes, Arecibo",1,8,wayback_bsnpr_players,https://web.archive.org/web/20070828230515id_/http://www.bsnpr.com:80/jugadores/jugador.asp?id=1165&e=,2026-09-08T14:37:46Z
1165,1963,"Piratas, Quebradillas",20,80,wayback_bsnpr_players,https://web.archive.org/web/20070828230515id_/http://www.bsnpr.com:80/jugadores/jugador.asp?id=1165&e=,2026-09-08T14:37:46Z
1174,1958,"Capitanes, Arecibo",2,0,wayback_bsnpr_players,https://web.archive.org/web/20070828230541id_/http://www.bsnpr.com:80/jugadores/jugador.asp?id=1174&e=,2026-09-08T14:37:48Z
1177,1993,"Criollos, Caguas",22,456,wayback_bsnpr_players,https://web.archive.org/web/20180115185357id_/http://www.bsnpr.com/jugadores/jugador.asp?id=1177&e,2026-09-08T14:37:50Z
1177,1996,"Gigantes, Carolina",16,342,wayback_bsnpr_players,https://web.archive.org/web/20180115185357id_/http://www.bsnpr.com/jugadores/jugador.asp?id=1177&e,2026-09-08T14:37:50Z
1178,1976,"Santos, San Juan",9,13,wayback_bsnpr_players,https://web.archive.org/web/20070829035532id_/http://www.bsnpr.com:80/jugadores/jugador.asp?id=1178&e=,2026-09-08T14:37:52Z
1178,1977,"Titanes, Morovis",33,173,wayback_bsnpr_players,https://web.archive.org/web/20070829035532id_/http://www.bsnpr.com:80/jugadores/jugador.asp?id=1178&e=,2026-09-08T14:37:52Z
1178,1978,"Titanes, Morovis",31,348,wayback_bsnpr_players,https://web.archive.org/web/20070829035532id_/http://www.bsnpr.com:80/jugadores/jugador.asp?id=1178&e=,2026-09-08T14:37:52Z
1178,1979,"Titanes, Morovis",30,349,wayback_bsnpr_players,https://web.archive.org/web/20070829035532id_/http://www.bsnpr.com:80/jugadores/jugador.asp?id=1178&e=,2026-09-08T14:37:52Z
1178,1980,"Titanes, Morovis",20,93,wayback_bsnpr_players,https://web.archive.org/web/20070829035532id_/http://www.bsnpr.com:80/jugadores/jugador.asp?id=1178&e=,2026-09-08T14:37:52Z
1178,1981,"Conquistadores, Guaynabo",3,9,wayback_bsnpr_players,https://web.archive.org/web/20070829035532id_/http://www.bsnpr.com:80/jugadores/jugador.asp?id=1178&e=,2026-09-08T14:37:52Z
1178,1981,"Indios, Mayaguez",20,117,wayback_bsnpr_players,https://web.archive.org/web/20070829035532id_/http://www.bsnpr.com:80/jugadores/jugador.asp?id=1178&e=,2026-09-08T14:37:52Z
1178,1982,"Capitanes, Arecibo",19,74,wayback_bsnpr_players,https://web.archive.org/web/20070829035532id_/http://www.bsnpr.com:80/jugadores/jugador.asp?id=1178&e=,2026-09-08T14:37:52Z
1178,1983,"Criollos, Caguas",33,240,wayback_bsnpr_players,https://web.archive.org/web/20070829035532id_/http://www.bsnpr.com:80/jugadores/jugador.asp?id=1178&e=,2026-09-08T14:37:52Z
1178,1984,"Polluelos, Aibonito",27,154,wayback_bsnpr_players,https://web.archive.org/web/20070829035532id_/http://www.bsnpr.com:80/jugadores/jugador.asp?id=1178&e=,2026-09-08T14:37:52Z
1178,1985,"Criollos, Caguas",33,210,wayback_bsnpr_players,https://web.archive.org/web/20070829035532id_/http://www.bsnpr.com:80/jugadores/jugador.asp?id=1178&e=,2026-09-08T14:37:52Z
1178,1986,"Criollos, Caguas",7,39,wayback_bsnpr_players,https://web.archive.org/web/20070829035532id_/http://www.bsnpr.com:80/jugadores/jugador.asp?id=1178&e=,2026-09-08T14:37:52Z
1178,1986,"Gallitos, Isabela",25,89,wayback_bsnpr_players,https://web.archive.org/web/20070829035532id_/http://www.bsnpr.com:80/jugadores/jugador.asp?id=1178&e=,2026-09-08T14:37:52Z
1178,1987,"Cariduros, Fajardo",10,25,wayback_bsnpr_players,https://web.archive.org/web/20070829035532id_/http://www.bsnpr.com:80/jugadores/jugador.asp?id=1178&e=,2026-09-08T14:37:52Z
1178,1987,"Gigantes, Carolina",16,82,wayback_bsnpr_players,https://web.archive.org/web/20070829035532id_/http://www.bsnpr.com:80/jugadores/jugador.asp?id=1178&e=,2026-09-08T14:37:52Z
1178,1988,"Piratas, Quebradillas",31,100,wayback_bsnpr_players,https://web.archive.org/web/20070829035532id_/http://www.bsnpr.com:80/jugadores/jugador.asp?id=1178&e=,2026-09-08T14:37:52Z
1178,1989,"Atleticos, San German",28,58,wayback_bsnpr_players,https://web.archive.org/web/20070829035532id_/http://www.bsnpr.com:80/jugadores/jugador.asp?id=1178&e=,2026-09-08T14:37:52Z
1178,1990,"Atleticos, San German",30,45,wayback_bsnpr_players,https://web.archive.org/web/20070829035532id_/http://www.bsnpr.com:80/jugadores/jugador.asp?id=1178&e=,2026-09-08T14:37:52Z
1179,1983,"Titanes, Morovis",11,15,wayback_bsnpr_players,https://web.archive.org/web/20070828225242id_/http://www.bsnpr.com:80/jugadores/jugador.asp?id=1179&e=,2026-09-08T14:37:54Z
1179,1984,"Titanes, Morovis",8,2,wayback_bsnpr_players,https://web.archive.org/web/20070828225242id_/http://www.bsnpr.com:80/jugadores/jugador.asp?id=1179&e=,2026-09-08T14:37:54Z
1179,1986,"Maratonistas, Coamo",21,46,wayback_bsnpr_players,https://web.archive.org/web/20070828225242id_/http://www.bsnpr.com:80/jugadores/jugador.asp?id=1179&e=,2026-09-08T14:37:54Z
1179,1988,"Capitanes, Arecibo",12,21,wayback_bsnpr_players,https://web.archive.org/web/20070828225242id_/http://www.bsnpr.com:80/jugadores/jugador.asp?id=1179&e=,2026-09-08T14:37:54Z
1183,1975,"Cardenales, Rio Piedras",7,9,wayback_bsnpr_players,https://web.archive.org/web/20070828225039id_/http://www.bsnpr.com:80/jugadores/jugador.asp?id=1183&e=,2026-09-08T14:37:56Z
1183,1976,"Cardenales, Rio Piedras",1,0,wayback_bsnpr_players,https://web.archive.org/web/20070828225039id_/http://www.bsnpr.com:80/jugadores/jugador.asp?id=1183&e=,2026-09-08T14:37:56Z
1186,1978,"Vaqueros, Bayamon",17,47,wayback_bsnpr_players,https://web.archive.org/web/20070828224110id_/http://www.bsnpr.com:80/jugadores/jugador.asp?id=1186&e=,2026-09-08T14:37:57Z
1186,1979,"Vaqueros, Bayamon",10,8,wayback_bsnpr_players,https://web.archive.org/web/20070828224110id_/http://www.bsnpr.com:80/jugadores/jugador.asp?id=1186&e=,2026-09-08T14:37:57Z
1186,1981,"Cardenales, Rio Piedras",19,58,wayback_bsnpr_players,https://web.archive.org/web/20070828224110id_/http://www.bsnpr.com:80/jugadores/jugador.asp?id=1186&e=,2026-09-08T14:37:57Z
1186,1982,"Titanes, Morovis",22,114,wayback_bsnpr_players,https://web.archive.org/web/20070828224110id_/http://www.bsnpr.com:80/jugadores/jugador.asp?id=1186&e=,2026-09-08T14:37:57Z
1187,1981,"Capitanes, Arecibo",13,25,wayback_bsnpr_players,https://web.archive.org/web/20070829040232id_/http://www.bsnpr.com:80/jugadores/jugador.asp?id=1187&e=,2026-09-08T14:37:59Z
1188,1957,"Santos, San Juan",16,169,wayback_bsnpr_players,https://web.archive.org/web/20070828230206id_/http://www.bsnpr.com:80/jugadores/jugador.asp?id=1188&e=,2026-09-08T14:38:01Z
1188,1958,"Santos, San Juan",8,32,wayback_bsnpr_players,https://web.archive.org/web/20070828230206id_/http://www.bsnpr.com:80/jugadores/jugador.asp?id=1188&e=,2026-09-08T14:38:01Z
1188,1959,"Santos, San Juan",21,272,wayback_bsnpr_players,https://web.archive.org/web/20070828230206id_/http://www.bsnpr.com:80/jugadores/jugador.asp?id=1188&e=,2026-09-08T14:38:01Z
1188,1960,"Santos, San Juan",18,252,wayback_bsnpr_players,https://web.archive.org/web/20070828230206id_/http://www.bsnpr.com:80/jugadores/jugador.asp?id=1188&e=,2026-09-08T14:38:01Z
1188,1962,"Santos, San Juan",7,60,wayback_bsnpr_players,https://web.archive.org/web/20070828230206id_/http://www.bsnpr.com:80/jugadores/jugador.asp?id=1188&e=,2026-09-08T14:38:01Z
1190,1983,"Titanes, Morovis",5,5,wayback_bsnpr_players,https://web.archive.org/web/20070828230547id_/http://www.bsnpr.com:80/jugadores/jugador.asp?id=1190&e=,2026-09-08T14:38:03Z
1193,1980,"Vaqueros, Bayamon",12,18,wayback_bsnpr_players,https://web.archive.org/web/20070828230015id_/http://www.bsnpr.com:80/jugadores/jugador.asp?id=1193&e=,2026-09-08T14:38:04Z
1193,1981,"Vaqueros, Bayamon",8,10,wayback_bsnpr_players,https://web.archive.org/web/20070828230015id_/http://www.bsnpr.com:80/jugadores/jugador.asp?id=1193&e=,2026-09-08T14:38:04Z
1193,1982,"Indios, Mayaguez",8,32,wayback_bsnpr_players,https://web.archive.org/web/20070828230015id_/http://www.bsnpr.com:80/jugadores/jugador.asp?id=1193&e=,2026-09-08T14:38:04Z
1193,1982,"Vaqueros, Bayamon",16,77,wayback_bsnpr_players,https://web.archive.org/web/20070828230015id_/http://www.bsnpr.com:80/jugadores/jugador.asp?id=1193&e=,2026-09-08T14:38:04Z
1193,1983,"Cardenales, Rio Piedras",32,291,wayback_bsnpr_players,https://web.archive.org/web/20070828230015id_/http://www.bsnpr.com:80/jugadores/jugador.asp?id=1193&e=,2026-09-08T14:38:04Z
1193,1983,"Indios, Mayaguez",10,41,wayback_bsnpr_players,https://web.archive.org/web/20070828230015id_/http://www.bsnpr.com:80/jugadores/jugador.asp?id=1193&e=,2026-09-08T14:38:04Z
1193,1983,"Vaqueros, Bayamon",25,267,wayback_bsnpr_players,https://web.archive.org/web/20070828230015id_/http://www.bsnpr.com:80/jugadores/jugador.asp?id=1193&e=,2026-09-08T14:38:04Z
1193,1984,"Cardenales, Rio Piedras",25,183,wayback_bsnpr_players,https://web.archive.org/web/20070828230015id_/http://www.bsnpr.com:80/jugadores/jugador.asp?id=1193&e=,2026-09-08T14:38:04Z
1193,1984,"Indios, Mayaguez",4,2,wayback_bsnpr_players,https://web.archive.org/web/20070828230015id_/http://www.bsnpr.com:80/jugadores/jugador.asp?id=1193&e=,2026-09-08T14:38:04Z
1193,1984,"Polluelos, Aibonito",7,13,wayback_bsnpr_players,https://web.archive.org/web/20070828230015id_/http://www.bsnpr.com:80/jugadores/jugador.asp?id=1193&e=,2026-09-08T14:38:04Z
1193,1984,"Vaqueros, Bayamon",29,410,wayback_bsnpr_players,https://web.archive.org/web/20070828230015id_/http://www.bsnpr.com:80/jugadores/jugador.asp?id=1193&e=,2026-09-08T14:38:04Z
1193,1985,"Criollos, Caguas",18,44,wayback_bsnpr_players,https://web.archive.org/web/20070828230015id_/http://www.bsnpr.com:80/jugadores/jugador.asp?id=1193&e=,2026-09-08T14:38:04Z
1193,1985,"Maratonistas, Coamo",22,151,wayback_bsnpr_players,https://web.archive.org/web/20070828230015id_/http://www.bsnpr.com:80/jugadores/jugador.asp?id=1193&e=,2026-09-08T14:38:04Z
1193,1985,"Vaqueros, Bayamon",33,252,wayback_bsnpr_players,https://web.archive.org/web/20070828230015id_/http://www.bsnpr.com:80/jugadores/jugador.asp?id=1193&e=,2026-09-08T14:38:04Z
1193,1986,"Criollos, Caguas",25,112,wayback_bsnpr_players,https://web.archive.org/web/20070828230015id_/http://www.bsnpr.com:80/jugadores/jugador.asp?id=1193&e=,2026-09-08T14:38:04Z
1193,1986,"Vaqueros, Bayamon",7,65,wayback_bsnpr_players,https://web.archive.org/web/20070828230015id_/http://www.bsnpr.com:80/jugadores/jugador.asp?id=1193&e=,2026-09-08T14:38:04Z
1193,1987,"Atleticos, San German",22,80,wayback_bsnpr_players,https://web.archive.org/web/20070828230015id_/http://www.bsnpr.com:80/jugadores/jugador.asp?id=1193&e=,2026-09-08T14:38:04Z
1196,1979,"Atleticos, San German",11,18,wayback_bsnpr_players,https://web.archive.org/web/20070829040449id_/http://www.bsnpr.com:80/jugadores/jugador.asp?id=1196&e=,2026-09-08T14:38:06Z
1196,1980,"Capitanes, Arecibo",4,11,wayback_bsnpr_players,https://web.archive.org/web/20070829040449id_/http://www.bsnpr.com:80/jugadores/jugador.asp?id=1196&e=,2026-09-08T14:38:06Z
1196,1981,"Capitanes, Arecibo",5,2,wayback_bsnpr_players,https://web.archive.org/web/20070829040449id_/http://www.bsnpr.com:80/jugadores/jugador.asp?id=1196&e=,2026-09-08T14:38:06Z
1196,1982,"Capitanes, Arecibo",12,24,wayback_bsnpr_players,https://web.archive.org/web/20070829040449id_/http://www.bsnpr.com:80/jugadores/jugador.asp?id=1196&e=,2026-09-08T14:38:06Z
1196,1983,"Capitanes, Arecibo",9,17,wayback_bsnpr_players,https://web.archive.org/web/20070829040449id_/http://www.bsnpr.com:80/jugadores/jugador.asp?id=1196&e=,2026-09-08T14:38:06Z
1197,1990,"Criollos, Caguas",4,0,wayback_bsnpr_players,https://web.archive.org/web/20070828224508id_/http://www.bsnpr.com:80/jugadores/jugador.asp?id=1197&e=,2026-09-08T14:38:08Z
1201,1972,"Indios, Mayaguez",32,143,wayback_bsnpr_players,https://web.archive.org/web/20070828230901id_/http://www.bsnpr.com:80/jugadores/jugador.asp?id=1201&e=,2026-09-08T14:38:10Z
1201,1973,"Indios, Mayaguez",32,143,wayback_bsnpr_players,https://web.archive.org/web/20070828230901id_/http://www.bsnpr.com:80/jugadores/jugador.asp?id=1201&e=,2026-09-08T14:38:10Z
1201,1974,"Indios, Mayaguez",29,239,wayback_bsnpr_players,https://web.archive.org/web/20070828230901id_/http://www.bsnpr.com:80/jugadores/jugador.asp?id=1201&e=,2026-09-08T14:38:10Z
1201,1975,"Indios, Mayaguez",31,302,wayback_bsnpr_players,https://web.archive.org/web/20070828230901id_/http://www.bsnpr.com:80/jugadores/jugador.asp?id=1201&e=,2026-09-08T14:38:10Z
1201,1976,"Indios, Mayaguez",28,163,wayback_bsnpr_players,https://web.archive.org/web/20070828230901id_/http://www.bsnpr.com:80/jugadores/jugador.asp?id=1201&e=,2026-09-08T14:38:10Z
1201,1977,"Indios, Mayaguez",9,128,wayback_bsnpr_players,https://web.archive.org/web/20070828230901id_/http://www.bsnpr.com:80/jugadores/jugador.asp?id=1201&e=,2026-09-08T14:38:10Z
1201,1978,"Conquistadores, Guaynabo",23,131,wayback_bsnpr_players,https://web.archive.org/web/20070828230901id_/http://www.bsnpr.com:80/jugadores/jugador.asp?id=1201&e=,2026-09-08T14:38:10Z
1201,1979,"Indios, Mayaguez",29,377,wayback_bsnpr_players,https://web.archive.org/web/20070828230901id_/http://www.bsnpr.com:80/jugadores/jugador.asp?id=1201&e=,2026-09-08T14:38:10Z
1201,1980,"Indios, Mayaguez",30,320,wayback_bsnpr_players,https://web.archive.org/web/20070828230901id_/http://www.bsnpr.com:80/jugadores/jugador.asp?id=1201&e=,2026-09-08T14:38:10Z
1201,1981,"Indios, Mayaguez",30,174,wayback_bsnpr_players,https://web.archive.org/web/20070828230901id_/http://www.bsnpr.com:80/jugadores/jugador.asp?id=1201&e=,2026-09-08T14:38:10Z
1201,1982,"Indios, Mayaguez",32,240,wayback_bsnpr_players,https://web.archive.org/web/20070828230901id_/http://www.bsnpr.com:80/jugadores/jugador.asp?id=1201&e=,2026-09-08T14:38:10Z
1201,1983,"Indios, Mayaguez",31,134,wayback_bsnpr_players,https://web.archive.org/web/20070828230901id_/http://www.bsnpr.com:80/jugadores/jugador.asp?id=1201&e=,2026-09-08T14:38:10Z
1201,1985,"Capitanes, Arecibo",32,63,wayback_bsnpr_players,https://web.archive.org/web/20070828230901id_/http://www.bsnpr.com:80/jugadores/jugador.asp?id=1201&e=,2026-09-08T14:38:10Z
1205,1997,"Brujos, Guayama",4,4,wayback_bsnpr_players,https://web.archive.org/web/20090110023952id_/http://www.bsnpr.com:80/jugadores/jugador.asp?id=1205&e=,2026-09-08T14:38:12Z
1205,1999,"Conquistadores, Guaynabo",26,93,wayback_bsnpr_players,https://web.archive.org/web/20090110023952id_/http://www.bsnpr.com:80/jugadores/jugador.asp?id=1205&e=,2026-09-08T14:38:12Z
1205,2000,"Capitanes, Arecibo",10,80,wayback_bsnpr_players,https://web.archive.org/web/20090110023952id_/http://www.bsnpr.com:80/jugadores/jugador.asp?id=1205&e=,2026-09-08T14:38:12Z
1205,2000,"Conquistadores, Guaynabo",16,23,wayback_bsnpr_players,https://web.archive.org/web/20090110023952id_/http://www.bsnpr.com:80/jugadores/jugador.asp?id=1205&e=,2026-09-08T14:38:12Z
1205,2001,"Cangrejeros, Santurce",21,21,wayback_bsnpr_players,https://web.archive.org/web/20090110023952id_/http://www.bsnpr.com:80/jugadores/jugador.asp?id=1205&e=,2026-09-08T14:38:12Z
1205,2002,"Cangrejeros, Santurce",17,32,wayback_bsnpr_players,https://web.archive.org/web/20090110023952id_/http://www.bsnpr.com:80/jugadores/jugador.asp?id=1205&e=,2026-09-08T14:38:12Z
1205,2003,"Indios, Mayaguez",24,64,wayback_bsnpr_players,https://web.archive.org/web/20090110023952id_/http://www.bsnpr.com:80/jugadores/jugador.asp?id=1205&e=,2026-09-08T14:38:12Z
1205,2004,"Indios, Mayaguez",19,57,wayback_bsnpr_players,https://web.archive.org/web/20090110023952id_/http://www.bsnpr.com:80/jugadores/jugador.asp?id=1205&e=,2026-09-08T14:38:12Z
1205,2006,"Atleticos, San German",7,11,wayback_bsnpr_players,https://web.archive.org/web/20090110023952id_/http://www.bsnpr.com:80/jugadores/jugador.asp?id=1205&e=,2026-09-08T14:38:12Z
1205,2006,"Maratonistas, Coamo",12,33,wayback_bsnpr_players,https://web.archive.org/web/20090110023952id_/http://www.bsnpr.com:80/jugadores/jugador.asp?id=1205&e=,2026-09-08T14:38:12Z
1205,2007,"Brujos, Guayama",16,29,wayback_bsnpr_players,https://web.archive.org/web/20090110023952id_/http://www.bsnpr.com:80/jugadores/jugador.asp?id=1205&e=,2026-09-08T14:38:12Z
1205,2008,"Vaqueros, Bayamon",19,27,wayback_bsnpr_players,https://web.archive.org/web/20090110023952id_/http://www.bsnpr.com:80/jugadores/jugador.asp?id=1205&e=,2026-09-08T14:38:12Z
1206,1969,"Leones, Ponce",23,79,wayback_bsnpr_players,https://web.archive.org/web/20171030093357id_/http://www.bsnpr.com/jugadores/jugador.asp?id=1206,2026-09-08T14:38:14Z
1206,1970,"Leones, Ponce",27,241,wayback_bsnpr_players,https://web.archive.org/web/20171030093357id_/http://www.bsnpr.com/jugadores/jugador.asp?id=1206,2026-09-08T14:38:14Z
1206,1971,"Leones, Ponce",27,329,wayback_bsnpr_players,https://web.archive.org/web/20171030093357id_/http://www.bsnpr.com/jugadores/jugador.asp?id=1206,2026-09-08T14:38:14Z
1206,1972,"Leones, Ponce",25,334,wayback_bsnpr_players,https://web.archive.org/web/20171030093357id_/http://www.bsnpr.com/jugadores/jugador.asp?id=1206,2026-09-08T14:38:14Z
1206,1973,"Leones, Ponce",31,477,wayback_bsnpr_players,https://web.archive.org/web/20171030093357id_/http://www.bsnpr.com/jugadores/jugador.asp?id=1206,2026-09-08T14:38:14Z
1206,1974,"Leones, Ponce",32,500,wayback_bsnpr_players,https://web.archive.org/web/20171030093357id_/http://www.bsnpr.com/jugadores/jugador.asp?id=1206,2026-09-08T14:38:14Z
1206,1975,"Leones, Ponce",31,697,wayback_bsnpr_players,https://web.archive.org/web/20171030093357id_/http://www.bsnpr.com/jugadores/jugador.asp?id=1206,2026-09-08T14:38:14Z
1206,1976,"Leones, Ponce",31,670,wayback_bsnpr_players,https://web.archive.org/web/20171030093357id_/http://www.bsnpr.com/jugadores/jugador.asp?id=1206,2026-09-08T14:38:14Z
1206,1977,"Leones, Ponce",33,689,wayback_bsnpr_players,https://web.archive.org/web/20171030093357id_/http://www.bsnpr.com/jugadores/jugador.asp?id=1206,2026-09-08T14:38:14Z
1206,1978,"Leones, Ponce",25,503,wayback_bsnpr_players,https://web.archive.org/web/20171030093357id_/http://www.bsnpr.com/jugadores/jugador.asp?id=1206,2026-09-08T14:38:14Z
1206,1979,"Mets, Guaynabo",30,382,wayback_bsnpr_players,https://web.archive.org/web/20171030093357id_/http://www.bsnpr.com/jugadores/jugador.asp?id=1206,2026-09-08T14:38:14Z
1206,1980,"Leones, Ponce",29,457,wayback_bsnpr_players,https://web.archive.org/web/20171030093357id_/http://www.bsnpr.com/jugadores/jugador.asp?id=1206,2026-09-08T14:38:14Z
1206,1981,"Leones, Ponce",30,438,wayback_bsnpr_players,https://web.archive.org/web/20171030093357id_/http://www.bsnpr.com/jugadores/jugador.asp?id=1206,2026-09-08T14:38:14Z
1206,1982,"Leones, Ponce",33,250,wayback_bsnpr_players,https://web.archive.org/web/20171030093357id_/http://www.bsnpr.com/jugadores/jugador.asp?id=1206,2026-09-08T14:38:14Z
1206,1983,"Leones, Ponce",27,165,wayback_bsnpr_players,https://web.archive.org/web/20171030093357id_/http://www.bsnpr.com/jugadores/jugador.asp?id=1206,2026-09-08T14:38:14Z
1206,1984,"Leones, Ponce",13,83,wayback_bsnpr_players,https://web.archive.org/web/20171030093357id_/http://www.bsnpr.com/jugadores/jugador.asp?id=1206,2026-09-08T14:38:14Z
1206,1985,"Atleticos, San German",30,184,wayback_bsnpr_players,https://web.archive.org/web/20171030093357id_/http://www.bsnpr.com/jugadores/jugador.asp?id=1206,2026-09-08T14:38:14Z
1206,1986,"Titanes, Morovis",8,31,wayback_bsnpr_players,https://web.archive.org/web/20171030093357id_/http://www.bsnpr.com/jugadores/jugador.asp?id=1206,2026-09-08T14:38:14Z
1207,1957,"Cardenales, Rio Piedras",15,190,wayback_bsnpr_players,https://web.archive.org/web/20070829040022id_/http://www.bsnpr.com:80/jugadores/jugador.asp?id=1207&e=,2026-09-08T14:38:16Z
1207,1958,"Cardenales, Rio Piedras",18,298,wayback_bsnpr_players,https://web.archive.org/web/20070829040022id_/http://www.bsnpr.com:80/jugadores/jugador.asp?id=1207&e=,2026-09-08T14:38:16Z
1207,1959,"Cardenales, Rio Piedras",21,317,wayback_bsnpr_players,https://web.archive.org/web/20070829040022id_/http://www.bsnpr.com:80/jugadores/jugador.asp?id=1207&e=,2026-09-08T14:38:16Z
1207,1960,"Cardenales, Rio Piedras",21,346,wayback_bsnpr_players,https://web.archive.org/web/20070829040022id_/http://www.bsnpr.com:80/jugadores/jugador.asp?id=1207&e=,2026-09-08T14:38:16Z
1207,1961,"Cardenales, Rio Piedras",21,305,wayback_bsnpr_players,https://web.archive.org/web/20070829040022id_/http://www.bsnpr.com:80/jugadores/jugador.asp?id=1207&e=,2026-09-08T14:38:16Z
1207,1962,"Cardenales, Rio Piedras",9,80,wayback_bsnpr_players,https://web.archive.org/web/20070829040022id_/http://www.bsnpr.com:80/jugadores/jugador.asp?id=1207&e=,2026-09-08T14:38:16Z
1207,1963,"Cardenales, Rio Piedras",21,247,wayback_bsnpr_players,https://web.archive.org/web/20070829040022id_/http://www.bsnpr.com:80/jugadores/jugador.asp?id=1207&e=,2026-09-08T14:38:16Z
1207,1964,"Cardenales, Rio Piedras",19,124,wayback_bsnpr_players,https://web.archive.org/web/20070829040022id_/http://www.bsnpr.com:80/jugadores/jugador.asp?id=1207&e=,2026-09-08T14:38:16Z
1208,2006,"Vaqueros, Bayamon",6,3,wayback_bsnpr_players,https://web.archive.org/web/20080411054224id_/http://www.bsnpr.com:80/jugadores/jugador.asp?id=1208&e=,2026-09-08T14:38:18Z
1209,1975,"Cangrejeros, Santurce",3,20,wayback_bsnpr_players,https://web.archive.org/web/20070828231355id_/http://www.bsnpr.com:80/jugadores/jugador.asp?id=1209&e=,2026-09-08T14:38:20Z
1210,1982,"Conquistadores, Guaynabo",15,29,wayback_bsnpr_players,https://web.archive.org/web/20070828224518id_/http://www.bsnpr.com:80/jugadores/jugador.asp?id=1210&e=,2026-09-08T14:38:22Z
1210,1983,"Conquistadores, Guaynabo",20,59,wayback_bsnpr_players,https://web.archive.org/web/20070828224518id_/http://www.bsnpr.com:80/jugadores/jugador.asp?id=1210&e=,2026-09-08T14:38:22Z
1210,1984,"Conquistadores, Guaynabo",23,92,wayback_bsnpr_players,https://web.archive.org/web/20070828224518id_/http://www.bsnpr.com:80/jugadores/jugador.asp?id=1210&e=,2026-09-08T14:38:22Z
1210,1985,"Leones, Ponce",33,566,wayback_bsnpr_players,https://web.archive.org/web/20070828224518id_/http://www.bsnpr.com:80/jugadores/jugador.asp?id=1210&e=,2026-09-08T14:38:22Z
1210,1986,"Leones, Ponce",27,496,wayback_bsnpr_players,https://web.archive.org/web/20070828224518id_/http://www.bsnpr.com:80/jugadores/jugador.asp?id=1210&e=,2026-09-08T14:38:22Z
1210,1987,"Leones, Ponce",28,511,wayback_bsnpr_players,https://web.archive.org/web/20070828224518id_/http://www.bsnpr.com:80/jugadores/jugador.asp?id=1210&e=,2026-09-08T14:38:22Z
1210,1988,"Leones, Ponce",27,490,wayback_bsnpr_players,https://web.archive.org/web/20070828224518id_/http://www.bsnpr.com:80/jugadores/jugador.asp?id=1210&e=,2026-09-08T14:38:22Z
1210,1989,"Leones, Ponce",26,485,wayback_bsnpr_players,https://web.archive.org/web/20070828224518id_/http://www.bsnpr.com:80/jugadores/jugador.asp?id=1210&e=,2026-09-08T14:38:22Z
1210,1990,"Leones, Ponce",30,785,wayback_bsnpr_players,https://web.archive.org/web/20070828224518id_/http://www.bsnpr.com:80/jugadores/jugador.asp?id=1210&e=,2026-09-08T14:38:22Z
1210,1991,"Leones, Ponce",30,583,wayback_bsnpr_players,https://web.archive.org/web/20070828224518id_/http://www.bsnpr.com:80/jugadores/jugador.asp?id=1210&e=,2026-09-08T14:38:22Z
1210,1992,"Leones, Ponce",19,295,wayback_bsnpr_players,https://web.archive.org/web/20070828224518id_/http://www.bsnpr.com:80/jugadores/jugador.asp?id=1210&e=,2026-09-08T14:38:22Z
1210,1993,"Leones, Ponce",13,201,wayback_bsnpr_players,https://web.archive.org/web/20070828224518id_/http://www.bsnpr.com:80/jugadores/jugador.asp?id=1210&e=,2026-09-08T14:38:22Z
1210,1994,"Leones, Ponce",30,494,wayback_bsnpr_players,https://web.archive.org/web/20070828224518id_/http://www.bsnpr.com:80/jugadores/jugador.asp?id=1210&e=,2026-09-08T14:38:22Z
1210,1995,"Leones, Ponce",20,365,wayback_bsnpr_players,https://web.archive.org/web/20070828224518id_/http://www.bsnpr.com:80/jugadores/jugador.asp?id=1210&e=,2026-09-08T14:38:22Z
1210,1996,"Leones, Ponce",7,21,wayback_bsnpr_players,https://web.archive.org/web/20070828224518id_/http://www.bsnpr.com:80/jugadores/jugador.asp?id=1210&e=,2026-09-08T14:38:22Z
1210,1997,"Leones, Ponce",27,285,wayback_bsnpr_players,https://web.archive.org/web/20070828224518id_/http://www.bsnpr.com:80/jugadores/jugador.asp?id=1210&e=,2026-09-08T14:38:22Z
1210,1998,"Leones, Ponce",21,98,wayback_bsnpr_players,https://web.archive.org/web/20070828224518id_/http://www.bsnpr.com:80/jugadores/jugador.asp?id=1210&e=,2026-09-08T14:38:22Z
1210,1999,"Leones, Ponce",29,345,wayback_bsnpr_players,https://web.archive.org/web/20070828224518id_/http://www.bsnpr.com:80/jugadores/jugador.asp?id=1210&e=,2026-09-08T14:38:22Z
1210,2000,"Leones, Ponce",22,187,wayback_bsnpr_players,https://web.archive.org/web/20070828224518id_/http://www.bsnpr.com:80/jugadores/jugador.asp?id=1210&e=,2026-09-08T14:38:22Z
1210,2001,"Leones, Ponce",24,201,wayback_bsnpr_players,https://web.archive.org/web/20070828224518id_/http://www.bsnpr.com:80/jugadores/jugador.asp?id=1210&e=,2026-09-08T14:38:22Z
1210,2002,"Atleticos, San German",28,119,wayback_bsnpr_players,https://web.archive.org/web/20070828224518id_/http://www.bsnpr.com:80/jugadores/jugador.asp?id=1210&e=,2026-09-08T14:38:22Z
1210,2003,"Atleticos, San German",11,50,wayback_bsnpr_players,https://web.archive.org/web/20070828224518id_/http://www.bsnpr.com:80/jugadores/jugador.asp?id=1210&e=,2026-09-08T14:38:22Z
1214,1998,"Criollos, Caguas",3,4,wayback_bsnpr_players,https://web.archive.org/web/20070828225107id_/http://www.bsnpr.com:80/jugadores/jugador.asp?id=1214&e=,2026-09-08T14:38:23Z
1214,1999,"Criollos, Caguas",13,33,wayback_bsnpr_players,https://web.archive.org/web/20070828225107id_/http://www.bsnpr.com:80/jugadores/jugador.asp?id=1214&e=,2026-09-08T14:38:23Z
1214,2000,"Maratonistas, Coamo",10,21,wayback_bsnpr_players,https://web.archive.org/web/20070828225107id_/http://www.bsnpr.com:80/jugadores/jugador.asp?id=1214&e=,2026-09-08T14:38:23Z
1217,1992,"Gallitos, Isabela",11,56,wayback_bsnpr_players,https://web.archive.org/web/20070828224538id_/http://www.bsnpr.com:80/jugadores/jugador.asp?id=1217&e=,2026-09-08T14:38:25Z
1217,1993,"Tiburones, Aguadilla",18,90,wayback_bsnpr_players,https://web.archive.org/web/20070828224538id_/http://www.bsnpr.com:80/jugadores/jugador.asp?id=1217&e=,2026-09-08T14:38:25Z
1217,1994,"Vaqueros, Bayamon",2,0,wayback_bsnpr_players,https://web.archive.org/web/20070828224538id_/http://www.bsnpr.com:80/jugadores/jugador.asp?id=1217&e=,2026-09-08T14:38:25Z
1220,2000,"Maratonistas, Coamo",7,17,wayback_bsnpr_players,https://web.archive.org/web/20080803172212id_/http://bsnpr.com:80/jugadores/jugador.asp?id=1220&e=,2026-09-08T14:38:30Z
1220,2001,"Maratonistas, Coamo",6,13,wayback_bsnpr_players,https://web.archive.org/web/20080803172212id_/http://bsnpr.com:80/jugadores/jugador.asp?id=1220&e=,2026-09-08T14:38:30Z
1220,2004,"Leones, Ponce",10,15,wayback_bsnpr_players,https://web.archive.org/web/20080803172212id_/http://bsnpr.com:80/jugadores/jugador.asp?id=1220&e=,2026-09-08T14:38:30Z
1220,2008,"Indios, Mayaguez",18,64,wayback_bsnpr_players,https://web.archive.org/web/20080803172212id_/http://bsnpr.com:80/jugadores/jugador.asp?id=1220&e=,2026-09-08T14:38:30Z
1224,1971,"Brujos, Guayama",3,6,wayback_bsnpr_players,https://web.archive.org/web/20070828225708id_/http://www.bsnpr.com:80/jugadores/jugador.asp?id=1224&e=,2026-09-08T14:38:31Z
1231,2006,"Leones, Ponce",5,24,wayback_bsnpr_players,https://web.archive.org/web/20090710220933id_/http://www.bsnpr.com:80/jugadores/jugador.asp?id=1231&e=,2026-09-08T14:38:33Z
1231,2007,"Leones, Ponce",10,12,wayback_bsnpr_players,https://web.archive.org/web/20090710220933id_/http://www.bsnpr.com:80/jugadores/jugador.asp?id=1231&e=,2026-09-08T14:38:33Z
1231,2008,"Brujos, Guayama",19,95,wayback_bsnpr_players,https://web.archive.org/web/20090710220933id_/http://www.bsnpr.com:80/jugadores/jugador.asp?id=1231&e=,2026-09-08T14:38:33Z
1231,2009,"Criollos, Caguas",15,11,wayback_bsnpr_players,https://web.archive.org/web/20090710220933id_/http://www.bsnpr.com:80/jugadores/jugador.asp?id=1231&e=,2026-09-08T14:38:33Z
1232,2001,"Polluelos, Aibonito",13,127,wayback_bsnpr_players,https://web.archive.org/web/20070828230335id_/http://www.bsnpr.com:80/jugadores/jugador.asp?id=1232&e=,2026-09-08T14:38:35Z
1233,1979,"Leones, Ponce",7,29,wayback_bsnpr_players,https://web.archive.org/web/20070828224044id_/http://www.bsnpr.com:80/jugadores/jugador.asp?id=1233&e=,2026-09-08T14:38:37Z
1233,1980,"Leones, Ponce",8,13,wayback_bsnpr_players,https://web.archive.org/web/20070828224044id_/http://www.bsnpr.com:80/jugadores/jugador.asp?id=1233&e=,2026-09-08T14:38:37Z
1233,1981,"Criollos, Caguas",24,157,wayback_bsnpr_players,https://web.archive.org/web/20070828224044id_/http://www.bsnpr.com:80/jugadores/jugador.asp?id=1233&e=,2026-09-08T14:38:37Z
1233,1982,"Criollos, Caguas",32,413,wayback_bsnpr_players,https://web.archive.org/web/20070828224044id_/http://www.bsnpr.com:80/jugadores/jugador.asp?id=1233&e=,2026-09-08T14:38:37Z
1233,1983,"Criollos, Caguas",29,243,wayback_bsnpr_players,https://web.archive.org/web/20070828224044id_/http://www.bsnpr.com:80/jugadores/jugador.asp?id=1233&e=,2026-09-08T14:38:37Z
1233,1984,"Criollos, Caguas",21,82,wayback_bsnpr_players,https://web.archive.org/web/20070828224044id_/http://www.bsnpr.com:80/jugadores/jugador.asp?id=1233&e=,2026-09-08T14:38:37Z
1233,1985,"Polluelos, Aibonito",27,194,wayback_bsnpr_players,https://web.archive.org/web/20070828224044id_/http://www.bsnpr.com:80/jugadores/jugador.asp?id=1233&e=,2026-09-08T14:38:37Z
1233,1986,"Polluelos, Aibonito",31,401,wayback_bsnpr_players,https://web.archive.org/web/20070828224044id_/http://www.bsnpr.com:80/jugadores/jugador.asp?id=1233&e=,2026-09-08T14:38:37Z
1233,1987,"Polluelos, Aibonito",16,133,wayback_bsnpr_players,https://web.archive.org/web/20070828224044id_/http://www.bsnpr.com:80/jugadores/jugador.asp?id=1233&e=,2026-09-08T14:38:37Z
1234,2001,"Indios, Mayaguez",13,27,wayback_bsnpr_players,https://web.archive.org/web/20190220003341id_/https://www.bsnpr.com/jugadores/jugador.asp?id=1234,2026-09-08T14:38:39Z
1234,2002,"Indios, Mayaguez",14,39,wayback_bsnpr_players,https://web.archive.org/web/20190220003341id_/https://www.bsnpr.com/jugadores/jugador.asp?id=1234,2026-09-08T14:38:39Z
1234,2006,"Cangrejeros, Santurce",9,94,wayback_bsnpr_players,https://web.archive.org/web/20190220003341id_/https://www.bsnpr.com/jugadores/jugador.asp?id=1234,2026-09-08T14:38:39Z
1236,1994,"Indios, Mayaguez",15,8,wayback_bsnpr_players,https://web.archive.org/web/20070828223443id_/http://www.bsnpr.com:80/jugadores/jugador.asp?id=1236&e=,2026-09-08T14:38:41Z
1236,1995,"Indios, Mayaguez",7,17,wayback_bsnpr_players,https://web.archive.org/web/20070828223443id_/http://www.bsnpr.com:80/jugadores/jugador.asp?id=1236&e=,2026-09-08T14:38:41Z
1236,1996,"Indios, Mayaguez",15,14,wayback_bsnpr_players,https://web.archive.org/web/20070828223443id_/http://www.bsnpr.com:80/jugadores/jugador.asp?id=1236&e=,2026-09-08T14:38:41Z
1236,1997,"Polluelos, Aibonito",11,18,wayback_bsnpr_players,https://web.archive.org/web/20070828223443id_/http://www.bsnpr.com:80/jugadores/jugador.asp?id=1236&e=,2026-09-08T14:38:41Z
1236,1998,"Indios, Mayaguez",22,31,wayback_bsnpr_players,https://web.archive.org/web/20070828223443id_/http://www.bsnpr.com:80/jugadores/jugador.asp?id=1236&e=,2026-09-08T14:38:41Z
1236,1999,"Gallitos, Isabela",6,1,wayback_bsnpr_players,https://web.archive.org/web/20070828223443id_/http://www.bsnpr.com:80/jugadores/jugador.asp?id=1236&e=,2026-09-08T14:38:41Z
1238,1988,"Capitanes, Arecibo",23,83,wayback_bsnpr_players,https://web.archive.org/web/20070829041037id_/http://www.bsnpr.com:80/jugadores/jugador.asp?id=1238&e=,2026-09-08T14:38:43Z
1238,1989,"Capitanes, Arecibo",24,67,wayback_bsnpr_players,https://web.archive.org/web/20070829041037id_/http://www.bsnpr.com:80/jugadores/jugador.asp?id=1238&e=,2026-09-08T14:38:43Z
1238,1990,"Capitanes, Arecibo",25,138,wayback_bsnpr_players,https://web.archive.org/web/20070829041037id_/http://www.bsnpr.com:80/jugadores/jugador.asp?id=1238&e=,2026-09-08T14:38:43Z
1238,1991,"Tainos, Cabo Rojo",25,178,wayback_bsnpr_players,https://web.archive.org/web/20070829041037id_/http://www.bsnpr.com:80/jugadores/jugador.asp?id=1238&e=,2026-09-08T14:38:43Z
1238,1993,"Tainos, Cabo Rojo",22,192,wayback_bsnpr_players,https://web.archive.org/web/20070829041037id_/http://www.bsnpr.com:80/jugadores/jugador.asp?id=1238&e=,2026-09-08T14:38:43Z
1239,1990,"Gallitos, Isabela",14,34,wayback_bsnpr_players,https://web.archive.org/web/20070829035157id_/http://www.bsnpr.com:80/jugadores/jugador.asp?id=1239&e=,2026-09-08T14:38:45Z
1239,1991,"Piratas, Quebradillas",11,20,wayback_bsnpr_players,https://web.archive.org/web/20070829035157id_/http://www.bsnpr.com:80/jugadores/jugador.asp?id=1239&e=,2026-09-08T14:38:45Z
1239,1992,"Piratas, Quebradillas",2,4,wayback_bsnpr_players,https://web.archive.org/web/20070829035157id_/http://www.bsnpr.com:80/jugadores/jugador.asp?id=1239&e=,2026-09-08T14:38:45Z
1239,1993,"Gallitos, Isabela",6,2,wayback_bsnpr_players,https://web.archive.org/web/20070829035157id_/http://www.bsnpr.com:80/jugadores/jugador.asp?id=1239&e=,2026-09-08T14:38:45Z
1239,1993,"Santeros, Aguada",3,24,wayback_bsnpr_players,https://web.archive.org/web/20070829035157id_/http://www.bsnpr.com:80/jugadores/jugador.asp?id=1239&e=,2026-09-08T14:38:45Z
1239,1994,"Santeros, Aguada",10,4,wayback_bsnpr_players,https://web.archive.org/web/20070829035157id_/http://www.bsnpr.com:80/jugadores/jugador.asp?id=1239&e=,2026-09-08T14:38:45Z
1239,1995,"Santeros, Aguada",10,10,wayback_bsnpr_players,https://web.archive.org/web/20070829035157id_/http://www.bsnpr.com:80/jugadores/jugador.asp?id=1239&e=,2026-09-08T14:38:45Z
1240,1997,"Polluelos, Aibonito",4,0,wayback_bsnpr_players,https://web.archive.org/web/20070828225352id_/http://www.bsnpr.com:80/jugadores/jugador.asp?id=1240&e=,2026-09-08T14:38:47Z
1241,1958,"Capitanes, Arecibo",5,11,wayback_bsnpr_players,https://web.archive.org/web/20070828224054id_/http://www.bsnpr.com:80/jugadores/jugador.asp?id=1241&e=,2026-09-08T14:38:48Z
1241,1959,"Atleticos, San German",18,116,wayback_bsnpr_players,https://web.archive.org/web/20070828224054id_/http://www.bsnpr.com:80/jugadores/jugador.asp?id=1241&e=,2026-09-08T14:38:48Z
1241,1960,"Capitanes, Arecibo",20,82,wayback_bsnpr_players,https://web.archive.org/web/20070828224054id_/http://www.bsnpr.com:80/jugadores/jugador.asp?id=1241&e=,2026-09-08T14:38:48Z
1241,1961,"Capitanes, Arecibo",18,17,wayback_bsnpr_players,https://web.archive.org/web/20070828224054id_/http://www.bsnpr.com:80/jugadores/jugador.asp?id=1241&e=,2026-09-08T14:38:48Z
1241,1963,"Atleticos, San German",15,19,wayback_bsnpr_players,https://web.archive.org/web/20070828224054id_/http://www.bsnpr.com:80/jugadores/jugador.asp?id=1241&e=,2026-09-08T14:38:48Z
1241,1964,"Atleticos, San German",5,5,wayback_bsnpr_players,https://web.archive.org/web/20070828224054id_/http://www.bsnpr.com:80/jugadores/jugador.asp?id=1241&e=,2026-09-08T14:38:48Z
1241,1965,"Atleticos, San German",9,17,wayback_bsnpr_players,https://web.archive.org/web/20070828224054id_/http://www.bsnpr.com:80/jugadores/jugador.asp?id=1241&e=,2026-09-08T14:38:48Z
1241,1967,"Cardenales, Rio Piedras",2,2,wayback_bsnpr_players,https://web.archive.org/web/20070828224054id_/http://www.bsnpr.com:80/jugadores/jugador.asp?id=1241&e=,2026-09-08T14:38:48Z
1244,1978,"Capitanes, Arecibo",9,30,wayback_bsnpr_players,https://web.archive.org/web/20070828230450id_/http://www.bsnpr.com:80/jugadores/jugador.asp?id=1244&e=,2026-09-08T14:38:50Z
1246,1997,"Criollos, Caguas",6,10,wayback_bsnpr_players,https://web.archive.org/web/20070829042708id_/http://www.bsnpr.com:80/jugadores/jugador.asp?id=1246&e=,2026-09-08T14:38:52Z
1247,1978,"Polluelos, Aibonito",15,60,wayback_bsnpr_players,https://web.archive.org/web/20070828230405id_/http://www.bsnpr.com:80/jugadores/jugador.asp?id=1247&e=,2026-09-08T14:38:54Z
1247,1979,"Polluelos, Aibonito",29,218,wayback_bsnpr_players,https://web.archive.org/web/20070828230405id_/http://www.bsnpr.com:80/jugadores/jugador.asp?id=1247&e=,2026-09-08T14:38:54Z
1247,1980,"Polluelos, Aibonito",14,21,wayback_bsnpr_players,https://web.archive.org/web/20070828230405id_/http://www.bsnpr.com:80/jugadores/jugador.asp?id=1247&e=,2026-09-08T14:38:54Z
1247,1981,"Polluelos, Aibonito",27,142,wayback_bsnpr_players,https://web.archive.org/web/20070828230405id_/http://www.bsnpr.com:80/jugadores/jugador.asp?id=1247&e=,2026-09-08T14:38:54Z
1247,1982,"Polluelos, Aibonito",25,106,wayback_bsnpr_players,https://web.archive.org/web/20070828230405id_/http://www.bsnpr.com:80/jugadores/jugador.asp?id=1247&e=,2026-09-08T14:38:54Z
1247,1983,"Polluelos, Aibonito",21,52,wayback_bsnpr_players,https://web.archive.org/web/20070828230405id_/http://www.bsnpr.com:80/jugadores/jugador.asp?id=1247&e=,2026-09-08T14:38:54Z
1247,1984,"Vaqueros, Bayamon",20,31,wayback_bsnpr_players,https://web.archive.org/web/20070828230405id_/http://www.bsnpr.com:80/jugadores/jugador.asp?id=1247&e=,2026-09-08T14:38:54Z
1249,2004,"Piratas, Quebradillas",23,329,wayback_bsnpr_players,https://web.archive.org/web/20090911012339id_/http://www.bsnpr.com:80/jugadores/jugador.asp?id=1249&e=,2026-09-08T14:38:56Z
1249,2005,"Grises, Humacao",10,25,wayback_bsnpr_players,https://web.archive.org/web/20090911012339id_/http://www.bsnpr.com:80/jugadores/jugador.asp?id=1249&e=,2026-09-08T14:38:56Z
1249,2005,"Vaqueros, Bayamon",7,11,wayback_bsnpr_players,https://web.archive.org/web/20090911012339id_/http://www.bsnpr.com:80/jugadores/jugador.asp?id=1249&e=,2026-09-08T14:38:56Z
1249,2006,"Vaqueros, Bayamon",8,12,wayback_bsnpr_players,https://web.archive.org/web/20090911012339id_/http://www.bsnpr.com:80/jugadores/jugador.asp?id=1249&e=,2026-09-08T14:38:56Z
1249,2007,"Conquistadores, Guaynabo",7,10,wayback_bsnpr_players,https://web.archive.org/web/20090911012339id_/http://www.bsnpr.com:80/jugadores/jugador.asp?id=1249&e=,2026-09-08T14:38:56Z
1249,2007,"Vaqueros, Bayamon",4,3,wayback_bsnpr_players,https://web.archive.org/web/20090911012339id_/http://www.bsnpr.com:80/jugadores/jugador.asp?id=1249&e=,2026-09-08T14:38:56Z
1249,2009,"Criollos, Caguas",29,141,wayback_bsnpr_players,https://web.archive.org/web/20090911012339id_/http://www.bsnpr.com:80/jugadores/jugador.asp?id=1249&e=,2026-09-08T14:38:56Z
1252,1984,"Gallitos, Isabela",3,2,wayback_bsnpr_players,https://web.archive.org/web/20070829041830id_/http://www.bsnpr.com:80/jugadores/jugador.asp?id=1252&e=,2026-09-08T14:38:58Z
1255,1980,"Vaqueros, Bayamon",5,20,wayback_bsnpr_players,https://web.archive.org/web/20070828230400id_/http://www.bsnpr.com:80/jugadores/jugador.asp?id=1255&e=,2026-09-08T14:39:00Z
1260,1983,"Capitanes, Arecibo",6,13,wayback_bsnpr_players,https://web.archive.org/web/20070829040739id_/http://www.bsnpr.com:80/jugadores/jugador.asp?id=1260&e=,2026-09-08T14:39:02Z
1260,1984,"Atleticos, San German",14,25,wayback_bsnpr_players,https://web.archive.org/web/20070829040739id_/http://www.bsnpr.com:80/jugadores/jugador.asp?id=1260&e=,2026-09-08T14:39:02Z
1260,1985,"Atleticos, San German",8,2,wayback_bsnpr_players,https://web.archive.org/web/20070829040739id_/http://www.bsnpr.com:80/jugadores/jugador.asp?id=1260&e=,2026-09-08T14:39:02Z
1260,1986,"Atleticos, San German",33,142,wayback_bsnpr_players,https://web.archive.org/web/20070829040739id_/http://www.bsnpr.com:80/jugadores/jugador.asp?id=1260&e=,2026-09-08T14:39:02Z
1260,1987,"Atleticos, San German",29,201,wayback_bsnpr_players,https://web.archive.org/web/20070829040739id_/http://www.bsnpr.com:80/jugadores/jugador.asp?id=1260&e=,2026-09-08T14:39:02Z
1260,1988,"Atleticos, San German",32,386,wayback_bsnpr_players,https://web.archive.org/web/20070829040739id_/http://www.bsnpr.com:80/jugadores/jugador.asp?id=1260&e=,2026-09-08T14:39:02Z
1260,1989,"Atleticos, San German",30,466,wayback_bsnpr_players,https://web.archive.org/web/20070829040739id_/http://www.bsnpr.com:80/jugadores/jugador.asp?id=1260&e=,2026-09-08T14:39:02Z
1260,1990,"Atleticos, San German",30,570,wayback_bsnpr_players,https://web.archive.org/web/20070829040739id_/http://www.bsnpr.com:80/jugadores/jugador.asp?id=1260&e=,2026-09-08T14:39:02Z
1260,1991,"Atleticos, San German",30,635,wayback_bsnpr_players,https://web.archive.org/web/20070829040739id_/http://www.bsnpr.com:80/jugadores/jugador.asp?id=1260&e=,2026-09-08T14:39:02Z
1260,1992,"Atleticos, San German",21,351,wayback_bsnpr_players,https://web.archive.org/web/20070829040739id_/http://www.bsnpr.com:80/jugadores/jugador.asp?id=1260&e=,2026-09-08T14:39:02Z
1260,1993,"Atleticos, San German",34,551,wayback_bsnpr_players,https://web.archive.org/web/20070829040739id_/http://www.bsnpr.com:80/jugadores/jugador.asp?id=1260&e=,2026-09-08T14:39:02Z
1260,1994,"Atleticos, San German",30,402,wayback_bsnpr_players,https://web.archive.org/web/20070829040739id_/http://www.bsnpr.com:80/jugadores/jugador.asp?id=1260&e=,2026-09-08T14:39:02Z
1260,1996,"Atleticos, San German",17,118,wayback_bsnpr_players,https://web.archive.org/web/20070829040739id_/http://www.bsnpr.com:80/jugadores/jugador.asp?id=1260&e=,2026-09-08T14:39:02Z
1260,1997,"Conquistadores, Guaynabo",32,378,wayback_bsnpr_players,https://web.archive.org/web/20070829040739id_/http://www.bsnpr.com:80/jugadores/jugador.asp?id=1260&e=,2026-09-08T14:39:02Z
1260,1998,"Vaqueros, Bayamon",28,110,wayback_bsnpr_players,https://web.archive.org/web/20070829040739id_/http://www.bsnpr.com:80/jugadores/jugador.asp?id=1260&e=,2026-09-08T14:39:02Z
1261,1971,"Capitanes, Arecibo",6,4,wayback_bsnpr_players,https://web.archive.org/web/20070828224314id_/http://www.bsnpr.com:80/jugadores/jugador.asp?id=1261&e=,2026-09-08T14:39:03Z
1262,1991,"Gallitos, Isabela",7,6,wayback_bsnpr_players,https://web.archive.org/web/20070829041350id_/http://www.bsnpr.com:80/jugadores/jugador.asp?id=1262&e=,2026-09-08T14:39:05Z
1262,1992,"Gallitos, Isabela",5,19,wayback_bsnpr_players,https://web.archive.org/web/20070829041350id_/http://www.bsnpr.com:80/jugadores/jugador.asp?id=1262&e=,2026-09-08T14:39:05Z
1262,1994,"Atleticos, San German",8,16,wayback_bsnpr_players,https://web.archive.org/web/20070829041350id_/http://www.bsnpr.com:80/jugadores/jugador.asp?id=1262&e=,2026-09-08T14:39:05Z
1262,1995,"Tiburones, Aguadilla",14,13,wayback_bsnpr_players,https://web.archive.org/web/20070829041350id_/http://www.bsnpr.com:80/jugadores/jugador.asp?id=1262&e=,2026-09-08T14:39:05Z
1262,1996,"Gallitos, Isabela",11,127,wayback_bsnpr_players,https://web.archive.org/web/20070829041350id_/http://www.bsnpr.com:80/jugadores/jugador.asp?id=1262&e=,2026-09-08T14:39:05Z
1268,1999,"Gallitos, Isabela",11,2,wayback_bsnpr_players,https://web.archive.org/web/20070828224050id_/http://www.bsnpr.com:80/jugadores/jugador.asp?id=1268&e=,2026-09-08T14:39:07Z
1268,2000,"Gallitos, Isabela",1,0,wayback_bsnpr_players,https://web.archive.org/web/20070828224050id_/http://www.bsnpr.com:80/jugadores/jugador.asp?id=1268&e=,2026-09-08T14:39:07Z
1272,1992,"Brujos, Guayama",12,12,wayback_bsnpr_players,https://web.archive.org/web/20091209192016id_/http://www.bsnpr.com:80/jugadores/jugador.asp?id=1272&e=,2026-09-08T14:39:09Z
1272,1993,"Brujos, Guayama",25,73,wayback_bsnpr_players,https://web.archive.org/web/20091209192016id_/http://www.bsnpr.com:80/jugadores/jugador.asp?id=1272&e=,2026-09-08T14:39:09Z
1272,1994,"Brujos, Guayama",30,220,wayback_bsnpr_players,https://web.archive.org/web/20091209192016id_/http://www.bsnpr.com:80/jugadores/jugador.asp?id=1272&e=,2026-09-08T14:39:09Z
1272,1995,"Brujos, Guayama",32,244,wayback_bsnpr_players,https://web.archive.org/web/20091209192016id_/http://www.bsnpr.com:80/jugadores/jugador.asp?id=1272&e=,2026-09-08T14:39:09Z
1272,1996,"Brujos, Guayama",32,164,wayback_bsnpr_players,https://web.archive.org/web/20091209192016id_/http://www.bsnpr.com:80/jugadores/jugador.asp?id=1272&e=,2026-09-08T14:39:09Z
1272,1997,"Brujos, Guayama",32,214,wayback_bsnpr_players,https://web.archive.org/web/20091209192016id_/http://www.bsnpr.com:80/jugadores/jugador.asp?id=1272&e=,2026-09-08T14:39:09Z
1272,1998,"Brujos, Guayama",28,145,wayback_bsnpr_players,https://web.archive.org/web/20091209192016id_/http://www.bsnpr.com:80/jugadores/jugador.asp?id=1272&e=,2026-09-08T14:39:09Z
1272,1999,"Brujos, Guayama",30,281,wayback_bsnpr_players,https://web.archive.org/web/20091209192016id_/http://www.bsnpr.com:80/jugadores/jugador.asp?id=1272&e=,2026-09-08T14:39:09Z
1272,2000,"Brujos, Guayama",28,195,wayback_bsnpr_players,https://web.archive.org/web/20091209192016id_/http://www.bsnpr.com:80/jugadores/jugador.asp?id=1272&e=,2026-09-08T14:39:09Z
1272,2001,"Brujos, Guayama",26,352,wayback_bsnpr_players,https://web.archive.org/web/20091209192016id_/http://www.bsnpr.com:80/jugadores/jugador.asp?id=1272&e=,2026-09-08T14:39:09Z
1272,2002,"Gallitos, Isabela",26,508,wayback_bsnpr_players,https://web.archive.org/web/20091209192016id_/http://www.bsnpr.com:80/jugadores/jugador.asp?id=1272&e=,2026-09-08T14:39:09Z
1272,2003,"Gallitos, Isabela",30,465,wayback_bsnpr_players,https://web.archive.org/web/20091209192016id_/http://www.bsnpr.com:80/jugadores/jugador.asp?id=1272&e=,2026-09-08T14:39:09Z
1272,2004,"Gallitos, Isabela",29,437,wayback_bsnpr_players,https://web.archive.org/web/20091209192016id_/http://www.bsnpr.com:80/jugadores/jugador.asp?id=1272&e=,2026-09-08T14:39:09Z
1272,2005,"Brujos, Guayama",32,279,wayback_bsnpr_players,https://web.archive.org/web/20091209192016id_/http://www.bsnpr.com:80/jugadores/jugador.asp?id=1272&e=,2026-09-08T14:39:09Z
1272,2006,"Cangrejeros, Santurce",26,189,wayback_bsnpr_players,https://web.archive.org/web/20091209192016id_/http://www.bsnpr.com:80/jugadores/jugador.asp?id=1272&e=,2026-09-08T14:39:09Z
1272,2007,"Atleticos, San German",30,215,wayback_bsnpr_players,https://web.archive.org/web/20091209192016id_/http://www.bsnpr.com:80/jugadores/jugador.asp?id=1272&e=,2026-09-08T14:39:09Z
1272,2008,"Leones, Ponce",28,98,wayback_bsnpr_players,https://web.archive.org/web/20091209192016id_/http://www.bsnpr.com:80/jugadores/jugador.asp?id=1272&e=,2026-09-08T14:39:09Z
1272,2009,"Leones, Ponce",18,25,wayback_bsnpr_players,https://web.archive.org/web/20091209192016id_/http://www.bsnpr.com:80/jugadores/jugador.asp?id=1272&e=,2026-09-08T14:39:09Z
1273,1971,"Atleticos, San German",8,14,wayback_bsnpr_players,https://web.archive.org/web/20070828224637id_/http://www.bsnpr.com:80/jugadores/jugador.asp?id=1273&e=,2026-09-08T14:39:11Z
1273,1972,"Atleticos, San German",11,5,wayback_bsnpr_players,https://web.archive.org/web/20070828224637id_/http://www.bsnpr.com:80/jugadores/jugador.asp?id=1273&e=,2026-09-08T14:39:11Z
1273,1972,"Indios, Mayaguez",20,51,wayback_bsnpr_players,https://web.archive.org/web/20070828224637id_/http://www.bsnpr.com:80/jugadores/jugador.asp?id=1273&e=,2026-09-08T14:39:11Z
1273,1973,"Indios, Mayaguez",20,51,wayback_bsnpr_players,https://web.archive.org/web/20070828224637id_/http://www.bsnpr.com:80/jugadores/jugador.asp?id=1273&e=,2026-09-08T14:39:11Z
1273,1977,"Gallitos, Isabela",5,7,wayback_bsnpr_players,https://web.archive.org/web/20070828224637id_/http://www.bsnpr.com:80/jugadores/jugador.asp?id=1273&e=,2026-09-08T14:39:11Z
1274,2000,"Gallitos, Isabela",10,7,wayback_bsnpr_players,https://web.archive.org/web/20080411054506id_/http://www.bsnpr.com:80/jugadores/jugador.asp?id=1274&e=,2026-09-08T14:39:13Z
1274,2006,"Atleticos, San German",8,15,wayback_bsnpr_players,https://web.archive.org/web/20080411054506id_/http://www.bsnpr.com:80/jugadores/jugador.asp?id=1274&e=,2026-09-08T14:39:13Z
1274,2007,"Atleticos, San German",3,6,wayback_bsnpr_players,https://web.archive.org/web/20080411054506id_/http://www.bsnpr.com:80/jugadores/jugador.asp?id=1274&e=,2026-09-08T14:39:13Z
1275,1976,"Santos, San Juan",17,22,wayback_bsnpr_players,https://web.archive.org/web/20070828230829id_/http://www.bsnpr.com:80/jugadores/jugador.asp?id=1275&e=,2026-09-08T14:39:15Z
1275,1977,"Indios, Canovanas",14,8,wayback_bsnpr_players,https://web.archive.org/web/20070828230829id_/http://www.bsnpr.com:80/jugadores/jugador.asp?id=1275&e=,2026-09-08T14:39:15Z
1275,1978,"Indios, Canovanas",21,93,wayback_bsnpr_players,https://web.archive.org/web/20070828230829id_/http://www.bsnpr.com:80/jugadores/jugador.asp?id=1275&e=,2026-09-08T14:39:15Z
1275,1979,"Indios, Canovanas",30,339,wayback_bsnpr_players,https://web.archive.org/web/20070828230829id_/http://www.bsnpr.com:80/jugadores/jugador.asp?id=1275&e=,2026-09-08T14:39:15Z
1275,1980,"Indios, Canovanas",30,330,wayback_bsnpr_players,https://web.archive.org/web/20070828230829id_/http://www.bsnpr.com:80/jugadores/jugador.asp?id=1275&e=,2026-09-08T14:39:15Z
1275,1981,"Indios, Canovanas",33,399,wayback_bsnpr_players,https://web.archive.org/web/20070828230829id_/http://www.bsnpr.com:80/jugadores/jugador.asp?id=1275&e=,2026-09-08T14:39:15Z
1275,1982,"Gigantes, Carolina",33,522,wayback_bsnpr_players,https://web.archive.org/web/20070828230829id_/http://www.bsnpr.com:80/jugadores/jugador.asp?id=1275&e=,2026-09-08T14:39:15Z
1275,1983,"Gigantes, Carolina",33,443,wayback_bsnpr_players,https://web.archive.org/web/20070828230829id_/http://www.bsnpr.com:80/jugadores/jugador.asp?id=1275&e=,2026-09-08T14:39:15Z
1275,1984,"Gigantes, Carolina",29,369,wayback_bsnpr_players,https://web.archive.org/web/20070828230829id_/http://www.bsnpr.com:80/jugadores/jugador.asp?id=1275&e=,2026-09-08T14:39:15Z
1275,1985,"Capitanes, Arecibo",33,483,wayback_bsnpr_players,https://web.archive.org/web/20070828230829id_/http://www.bsnpr.com:80/jugadores/jugador.asp?id=1275&e=,2026-09-08T14:39:15Z
1275,1986,"Atleticos, San German",27,346,wayback_bsnpr_players,https://web.archive.org/web/20070828230829id_/http://www.bsnpr.com:80/jugadores/jugador.asp?id=1275&e=,2026-09-08T14:39:15Z
1275,1986,"Capitanes, Arecibo",1,0,wayback_bsnpr_players,https://web.archive.org/web/20070828230829id_/http://www.bsnpr.com:80/jugadores/jugador.asp?id=1275&e=,2026-09-08T14:39:15Z
1275,1987,"Atleticos, San German",30,327,wayback_bsnpr_players,https://web.archive.org/web/20070828230829id_/http://www.bsnpr.com:80/jugadores/jugador.asp?id=1275&e=,2026-09-08T14:39:15Z
1275,1988,"Atleticos, San German",33,411,wayback_bsnpr_players,https://web.archive.org/web/20070828230829id_/http://www.bsnpr.com:80/jugadores/jugador.asp?id=1275&e=,2026-09-08T14:39:15Z
1275,1989,"Titanes, Morovis",27,202,wayback_bsnpr_players,https://web.archive.org/web/20070828230829id_/http://www.bsnpr.com:80/jugadores/jugador.asp?id=1275&e=,2026-09-08T14:39:15Z
1275,1990,"Cariduros, Fajardo",27,297,wayback_bsnpr_players,https://web.archive.org/web/20070828230829id_/http://www.bsnpr.com:80/jugadores/jugador.asp?id=1275&e=,2026-09-08T14:39:15Z
1275,1991,"Cariduros, Fajardo",30,196,wayback_bsnpr_players,https://web.archive.org/web/20070828230829id_/http://www.bsnpr.com:80/jugadores/jugador.asp?id=1275&e=,2026-09-08T14:39:15Z
1275,1992,"Cariduros, Fajardo",32,165,wayback_bsnpr_players,https://web.archive.org/web/20070828230829id_/http://www.bsnpr.com:80/jugadores/jugador.asp?id=1275&e=,2026-09-08T14:39:15Z
1275,1993,"Vaqueros, Bayamon",29,73,wayback_bsnpr_players,https://web.archive.org/web/20070828230829id_/http://www.bsnpr.com:80/jugadores/jugador.asp?id=1275&e=,2026-09-08T14:39:15Z
1279,2000,"Cangrejeros, Santurce",2,0,wayback_bsnpr_players,https://web.archive.org/web/20070829041800id_/http://www.bsnpr.com:80/jugadores/jugador.asp?id=1279&e=,2026-09-08T14:39:17Z
1279,2001,"Gigantes, Carolina",26,156,wayback_bsnpr_players,https://web.archive.org/web/20070829041800id_/http://www.bsnpr.com:80/jugadores/jugador.asp?id=1279&e=,2026-09-08T14:39:17Z
1279,2002,"Gigantes, Carolina",30,258,wayback_bsnpr_players,https://web.archive.org/web/20070829041800id_/http://www.bsnpr.com:80/jugadores/jugador.asp?id=1279&e=,2026-09-08T14:39:17Z
1279,2003,"Piratas, Quebradillas",22,88,wayback_bsnpr_players,https://web.archive.org/web/20070829041800id_/http://www.bsnpr.com:80/jugadores/jugador.asp?id=1279&e=,2026-09-08T14:39:17Z
1279,2004,"Piratas, Quebradillas",30,457,wayback_bsnpr_players,https://web.archive.org/web/20070829041800id_/http://www.bsnpr.com:80/jugadores/jugador.asp?id=1279&e=,2026-09-08T14:39:17Z
1279,2005,"Atleticos, San German",29,90,wayback_bsnpr_players,https://web.archive.org/web/20070829041800id_/http://www.bsnpr.com:80/jugadores/jugador.asp?id=1279&e=,2026-09-08T14:39:17Z
1279,2006,"Vaqueros, Bayamon",13,30,wayback_bsnpr_players,https://web.archive.org/web/20070829041800id_/http://www.bsnpr.com:80/jugadores/jugador.asp?id=1279&e=,2026-09-08T14:39:17Z
1281,1972,"Criollos, Caguas",18,114,wayback_bsnpr_players,https://web.archive.org/web/20070829042405id_/http://www.bsnpr.com:80/jugadores/jugador.asp?id=1281&e=,2026-09-08T14:39:19Z
1281,1973,"Criollos, Caguas",23,127,wayback_bsnpr_players,https://web.archive.org/web/20070829042405id_/http://www.bsnpr.com:80/jugadores/jugador.asp?id=1281&e=,2026-09-08T14:39:19Z
1281,1974,"Criollos, Caguas",17,140,wayback_bsnpr_players,https://web.archive.org/web/20070829042405id_/http://www.bsnpr.com:80/jugadores/jugador.asp?id=1281&e=,2026-09-08T14:39:19Z
1281,1975,"Criollos, Caguas",32,309,wayback_bsnpr_players,https://web.archive.org/web/20070829042405id_/http://www.bsnpr.com:80/jugadores/jugador.asp?id=1281&e=,2026-09-08T14:39:19Z
1281,1976,"Atleticos, San German",26,267,wayback_bsnpr_players,https://web.archive.org/web/20070829042405id_/http://www.bsnpr.com:80/jugadores/jugador.asp?id=1281&e=,2026-09-08T14:39:19Z
1281,1977,"Atleticos, San German",3,2,wayback_bsnpr_players,https://web.archive.org/web/20070829042405id_/http://www.bsnpr.com:80/jugadores/jugador.asp?id=1281&e=,2026-09-08T14:39:19Z
1281,1977,"Polluelos, Aibonito",24,277,wayback_bsnpr_players,https://web.archive.org/web/20070829042405id_/http://www.bsnpr.com:80/jugadores/jugador.asp?id=1281&e=,2026-09-08T14:39:19Z
1281,1978,"Polluelos, Aibonito",23,312,wayback_bsnpr_players,https://web.archive.org/web/20070829042405id_/http://www.bsnpr.com:80/jugadores/jugador.asp?id=1281&e=,2026-09-08T14:39:19Z
1281,1979,"Polluelos, Aibonito",26,232,wayback_bsnpr_players,https://web.archive.org/web/20070829042405id_/http://www.bsnpr.com:80/jugadores/jugador.asp?id=1281&e=,2026-09-08T14:39:19Z
1281,1980,"Polluelos, Aibonito",30,236,wayback_bsnpr_players,https://web.archive.org/web/20070829042405id_/http://www.bsnpr.com:80/jugadores/jugador.asp?id=1281&e=,2026-09-08T14:39:19Z
1281,1981,"Polluelos, Aibonito",32,198,wayback_bsnpr_players,https://web.archive.org/web/20070829042405id_/http://www.bsnpr.com:80/jugadores/jugador.asp?id=1281&e=,2026-09-08T14:39:19Z
1281,1982,"Polluelos, Aibonito",29,277,wayback_bsnpr_players,https://web.archive.org/web/20070829042405id_/http://www.bsnpr.com:80/jugadores/jugador.asp?id=1281&e=,2026-09-08T14:39:19Z
1281,1983,"Brujos, Guayama",14,89,wayback_bsnpr_players,https://web.archive.org/web/20070829042405id_/http://www.bsnpr.com:80/jugadores/jugador.asp?id=1281&e=,2026-09-08T14:39:19Z
1281,1984,"Brujos, Guayama",28,126,wayback_bsnpr_players,https://web.archive.org/web/20070829042405id_/http://www.bsnpr.com:80/jugadores/jugador.asp?id=1281&e=,2026-09-08T14:39:19Z
1281,1985,"Indios, Canovanas",10,13,wayback_bsnpr_players,https://web.archive.org/web/20070829042405id_/http://www.bsnpr.com:80/jugadores/jugador.asp?id=1281&e=,2026-09-08T14:39:19Z
1282,1961,"Piratas, Quebradillas",15,258,wayback_bsnpr_players,https://web.archive.org/web/20070829040904id_/http://www.bsnpr.com:80/jugadores/jugador.asp?id=1282&e=,2026-09-08T14:39:21Z
1283,1978,"Cardenales, Rio Piedras",2,6,wayback_bsnpr_players,https://web.archive.org/web/20070828224303id_/http://www.bsnpr.com:80/jugadores/jugador.asp?id=1283&e=,2026-09-08T14:39:23Z
1283,1985,"Piratas, Quebradillas",11,21,wayback_bsnpr_players,https://web.archive.org/web/20070828224303id_/http://www.bsnpr.com:80/jugadores/jugador.asp?id=1283&e=,2026-09-08T14:39:23Z
1283,1987,"Brujos, Guayama",19,124,wayback_bsnpr_players,https://web.archive.org/web/20070828224303id_/http://www.bsnpr.com:80/jugadores/jugador.asp?id=1283&e=,2026-09-08T14:39:23Z
1283,1988,"Leones, Ponce",29,122,wayback_bsnpr_players,https://web.archive.org/web/20070828224303id_/http://www.bsnpr.com:80/jugadores/jugador.asp?id=1283&e=,2026-09-08T14:39:23Z
1283,1989,"Maratonistas, Coamo",10,60,wayback_bsnpr_players,https://web.archive.org/web/20070828224303id_/http://www.bsnpr.com:80/jugadores/jugador.asp?id=1283&e=,2026-09-08T14:39:23Z
1283,1990,"Brujos, Guayama",30,111,wayback_bsnpr_players,https://web.archive.org/web/20070828224303id_/http://www.bsnpr.com:80/jugadores/jugador.asp?id=1283&e=,2026-09-08T14:39:23Z
1283,1991,"Brujos, Guayama",29,160,wayback_bsnpr_players,https://web.archive.org/web/20070828224303id_/http://www.bsnpr.com:80/jugadores/jugador.asp?id=1283&e=,2026-09-08T14:39:23Z
1283,1993,"Brujos, Guayama",21,87,wayback_bsnpr_players,https://web.archive.org/web/20070828224303id_/http://www.bsnpr.com:80/jugadores/jugador.asp?id=1283&e=,2026-09-08T14:39:23Z
1283,1994,"Brujos, Guayama",15,37,wayback_bsnpr_players,https://web.archive.org/web/20070828224303id_/http://www.bsnpr.com:80/jugadores/jugador.asp?id=1283&e=,2026-09-08T14:39:23Z
1284,2000,"Gigantes, Carolina",15,45,wayback_bsnpr_players,https://web.archive.org/web/20080411054818id_/http://www.bsnpr.com:80/jugadores/jugador.asp?id=1284&e=,2026-09-08T14:39:25Z
1284,2001,"Titanes, Morovis",19,80,wayback_bsnpr_players,https://web.archive.org/web/20080411054818id_/http://www.bsnpr.com:80/jugadores/jugador.asp?id=1284&e=,2026-09-08T14:39:25Z
1284,2002,"Gigantes, Carolina",29,376,wayback_bsnpr_players,https://web.archive.org/web/20080411054818id_/http://www.bsnpr.com:80/jugadores/jugador.asp?id=1284&e=,2026-09-08T14:39:25Z
1284,2003,"Gigantes, Carolina",30,283,wayback_bsnpr_players,https://web.archive.org/web/20080411054818id_/http://www.bsnpr.com:80/jugadores/jugador.asp?id=1284&e=,2026-09-08T14:39:25Z
1284,2004,"Criollos, Caguas",17,72,wayback_bsnpr_players,https://web.archive.org/web/20080411054818id_/http://www.bsnpr.com:80/jugadores/jugador.asp?id=1284&e=,2026-09-08T14:39:25Z
1284,2004,"Piratas, Quebradillas",11,51,wayback_bsnpr_players,https://web.archive.org/web/20080411054818id_/http://www.bsnpr.com:80/jugadores/jugador.asp?id=1284&e=,2026-09-08T14:39:25Z
1284,2006,"Cangrejeros, Santurce",5,5,wayback_bsnpr_players,https://web.archive.org/web/20080411054818id_/http://www.bsnpr.com:80/jugadores/jugador.asp?id=1284&e=,2026-09-08T14:39:25Z
1284,2006,"Titanes, Morovis",7,67,wayback_bsnpr_players,https://web.archive.org/web/20080411054818id_/http://www.bsnpr.com:80/jugadores/jugador.asp?id=1284&e=,2026-09-08T14:39:25Z
1284,2007,"Vaqueros, Bayamon",12,17,wayback_bsnpr_players,https://web.archive.org/web/20080411054818id_/http://www.bsnpr.com:80/jugadores/jugador.asp?id=1284&e=,2026-09-08T14:39:25Z
1286,1991,"Cariduros, Fajardo",30,223,wayback_bsnpr_players,https://web.archive.org/web/20080228053258id_/http://www.bsnpr.com:80/jugadores/jugador.asp?id=1286&e=5,2026-09-08T14:39:27Z
1286,1992,"Cariduros, Fajardo",33,306,wayback_bsnpr_players,https://web.archive.org/web/20080228053258id_/http://www.bsnpr.com:80/jugadores/jugador.asp?id=1286&e=5,2026-09-08T14:39:27Z
1286,1993,"Cariduros, Fajardo",32,367,wayback_bsnpr_players,https://web.archive.org/web/20080228053258id_/http://www.bsnpr.com:80/jugadores/jugador.asp?id=1286&e=5,2026-09-08T14:39:27Z
1286,1994,"Cariduros, Fajardo",28,403,wayback_bsnpr_players,https://web.archive.org/web/20080228053258id_/http://www.bsnpr.com:80/jugadores/jugador.asp?id=1286&e=5,2026-09-08T14:39:27Z
1286,1995,"Cariduros, Fajardo",32,418,wayback_bsnpr_players,https://web.archive.org/web/20080228053258id_/http://www.bsnpr.com:80/jugadores/jugador.asp?id=1286&e=5,2026-09-08T14:39:27Z
1286,1996,"Cariduros, Fajardo",34,420,wayback_bsnpr_players,https://web.archive.org/web/20080228053258id_/http://www.bsnpr.com:80/jugadores/jugador.asp?id=1286&e=5,2026-09-08T14:39:27Z
1286,1997,"Cariduros, Fajardo",28,325,wayback_bsnpr_players,https://web.archive.org/web/20080228053258id_/http://www.bsnpr.com:80/jugadores/jugador.asp?id=1286&e=5,2026-09-08T14:39:27Z
1286,1998,"Leones, Ponce",30,222,wayback_bsnpr_players,https://web.archive.org/web/20080228053258id_/http://www.bsnpr.com:80/jugadores/jugador.asp?id=1286&e=5,2026-09-08T14:39:27Z
1286,1999,"Leones, Ponce",32,168,wayback_bsnpr_players,https://web.archive.org/web/20080228053258id_/http://www.bsnpr.com:80/jugadores/jugador.asp?id=1286&e=5,2026-09-08T14:39:27Z
1286,2000,"Polluelos, Aibonito",28,323,wayback_bsnpr_players,https://web.archive.org/web/20080228053258id_/http://www.bsnpr.com:80/jugadores/jugador.asp?id=1286&e=5,2026-09-08T14:39:27Z
1286,2001,"Polluelos, Aibonito",26,285,wayback_bsnpr_players,https://web.archive.org/web/20080228053258id_/http://www.bsnpr.com:80/jugadores/jugador.asp?id=1286&e=5,2026-09-08T14:39:27Z
1286,2002,"Toritos, Cayey",18,138,wayback_bsnpr_players,https://web.archive.org/web/20080228053258id_/http://www.bsnpr.com:80/jugadores/jugador.asp?id=1286&e=5,2026-09-08T14:39:27Z
1286,2003,"Indios, Mayaguez",22,27,wayback_bsnpr_players,https://web.archive.org/web/20080228053258id_/http://www.bsnpr.com:80/jugadores/jugador.asp?id=1286&e=5,2026-09-08T14:39:27Z
1286,2004,"Leones, Ponce",21,26,wayback_bsnpr_players,https://web.archive.org/web/20080228053258id_/http://www.bsnpr.com:80/jugadores/jugador.asp?id=1286&e=5,2026-09-08T14:39:27Z
1286,2005,"Atleticos, San German",26,56,wayback_bsnpr_players,https://web.archive.org/web/20080228053258id_/http://www.bsnpr.com:80/jugadores/jugador.asp?id=1286&e=5,2026-09-08T14:39:27Z
1286,2006,"Atleticos, San German",24,91,wayback_bsnpr_players,https://web.archive.org/web/20080228053258id_/http://www.bsnpr.com:80/jugadores/jugador.asp?id=1286&e=5,2026-09-08T14:39:27Z
1286,2007,"Leones, Ponce",27,37,wayback_bsnpr_players,https://web.archive.org/web/20080228053258id_/http://www.bsnpr.com:80/jugadores/jugador.asp?id=1286&e=5,2026-09-08T14:39:27Z
1289,1981,"Gallitos, Isabela",6,16,wayback_bsnpr_players,https://web.archive.org/web/20070828230445id_/http://www.bsnpr.com:80/jugadores/jugador.asp?id=1289&e=,2026-09-08T14:39:29Z
1289,1983,"Cariduros, Fajardo",4,4,wayback_bsnpr_players,https://web.archive.org/web/20070828230445id_/http://www.bsnpr.com:80/jugadores/jugador.asp?id=1289&e=,2026-09-08T14:39:29Z
1289,1984,"Cariduros, Fajardo",3,2,wayback_bsnpr_players,https://web.archive.org/web/20070828230445id_/http://www.bsnpr.com:80/jugadores/jugador.asp?id=1289&e=,2026-09-08T14:39:29Z
1290,2004,"Gallitos, Isabela",10,114,wayback_bsnpr_players,https://web.archive.org/web/20211122001755id_/https://www.bsnpr.com/jugadores/jugador.asp?id=1290&serie=1,2026-09-08T14:39:31Z
1290,2013,"Brujos, Guayama",9,47,wayback_bsnpr_players,https://web.archive.org/web/20211122001755id_/https://www.bsnpr.com/jugadores/jugador.asp?id=1290&serie=1,2026-09-08T14:39:31Z
1293,1993,"Criollos, Caguas",26,160,wayback_bsnpr_players,https://web.archive.org/web/20090422185032id_/http://www.bsnpr.com:80/jugadores/jugador.asp?id=1293&e=9,2026-09-08T14:39:33Z
1293,1994,"Criollos, Caguas",16,55,wayback_bsnpr_players,https://web.archive.org/web/20090422185032id_/http://www.bsnpr.com:80/jugadores/jugador.asp?id=1293&e=9,2026-09-08T14:39:33Z
1293,1995,"Criollos, Caguas",31,227,wayback_bsnpr_players,https://web.archive.org/web/20090422185032id_/http://www.bsnpr.com:80/jugadores/jugador.asp?id=1293&e=9,2026-09-08T14:39:33Z
1293,1996,"Criollos, Caguas",31,302,wayback_bsnpr_players,https://web.archive.org/web/20090422185032id_/http://www.bsnpr.com:80/jugadores/jugador.asp?id=1293&e=9,2026-09-08T14:39:33Z
1293,1997,"Criollos, Caguas",32,329,wayback_bsnpr_players,https://web.archive.org/web/20090422185032id_/http://www.bsnpr.com:80/jugadores/jugador.asp?id=1293&e=9,2026-09-08T14:39:33Z
1293,1998,"Criollos, Caguas",27,123,wayback_bsnpr_players,https://web.archive.org/web/20090422185032id_/http://www.bsnpr.com:80/jugadores/jugador.asp?id=1293&e=9,2026-09-08T14:39:33Z
1293,2000,"Criollos, Caguas",25,120,wayback_bsnpr_players,https://web.archive.org/web/20090422185032id_/http://www.bsnpr.com:80/jugadores/jugador.asp?id=1293&e=9,2026-09-08T14:39:33Z
1293,2001,"Criollos, Caguas",26,288,wayback_bsnpr_players,https://web.archive.org/web/20090422185032id_/http://www.bsnpr.com:80/jugadores/jugador.asp?id=1293&e=9,2026-09-08T14:39:33Z
1293,2002,"Criollos, Caguas",23,328,wayback_bsnpr_players,https://web.archive.org/web/20090422185032id_/http://www.bsnpr.com:80/jugadores/jugador.asp?id=1293&e=9,2026-09-08T14:39:33Z
1293,2003,"Criollos, Caguas",10,98,wayback_bsnpr_players,https://web.archive.org/web/20090422185032id_/http://www.bsnpr.com:80/jugadores/jugador.asp?id=1293&e=9,2026-09-08T14:39:33Z
1293,2003,"Indios, Mayaguez",20,116,wayback_bsnpr_players,https://web.archive.org/web/20090422185032id_/http://www.bsnpr.com:80/jugadores/jugador.asp?id=1293&e=9,2026-09-08T14:39:33Z
1293,2004,"Indios, Mayaguez",26,383,wayback_bsnpr_players,https://web.archive.org/web/20090422185032id_/http://www.bsnpr.com:80/jugadores/jugador.asp?id=1293&e=9,2026-09-08T14:39:33Z
1293,2005,"Capitanes, Arecibo",31,200,wayback_bsnpr_players,https://web.archive.org/web/20090422185032id_/http://www.bsnpr.com:80/jugadores/jugador.asp?id=1293&e=9,2026-09-08T14:39:33Z
1293,2006,"Capitanes, Arecibo",24,144,wayback_bsnpr_players,https://web.archive.org/web/20090422185032id_/http://www.bsnpr.com:80/jugadores/jugador.asp?id=1293&e=9,2026-09-08T14:39:33Z
1293,2008,"Vaqueros, Bayamon",2,17,wayback_bsnpr_players,https://web.archive.org/web/20090422185032id_/http://www.bsnpr.com:80/jugadores/jugador.asp?id=1293&e=9,2026-09-08T14:39:33Z
1294,1982,"Indios, Canovanas",1,6,wayback_bsnpr_players,https://web.archive.org/web/20070829041620id_/http://www.bsnpr.com:80/jugadores/jugador.asp?id=1294&e=,2026-09-08T14:39:35Z
1294,1982,"Indios, Mayaguez",13,24,wayback_bsnpr_players,https://web.archive.org/web/20070829041620id_/http://www.bsnpr.com:80/jugadores/jugador.asp?id=1294&e=,2026-09-08T14:39:35Z
1294,1983,"Indios, Mayaguez",29,154,wayback_bsnpr_players,https://web.archive.org/web/20070829041620id_/http://www.bsnpr.com:80/jugadores/jugador.asp?id=1294&e=,2026-09-08T14:39:35Z
1294,1984,"Indios, Mayaguez",29,292,wayback_bsnpr_players,https://web.archive.org/web/20070829041620id_/http://www.bsnpr.com:80/jugadores/jugador.asp?id=1294&e=,2026-09-08T14:39:35Z
1294,1985,"Indios, Mayaguez",33,488,wayback_bsnpr_players,https://web.archive.org/web/20070829041620id_/http://www.bsnpr.com:80/jugadores/jugador.asp?id=1294&e=,2026-09-08T14:39:35Z
1294,1986,"Indios, Mayaguez",33,538,wayback_bsnpr_players,https://web.archive.org/web/20070829041620id_/http://www.bsnpr.com:80/jugadores/jugador.asp?id=1294&e=,2026-09-08T14:39:35Z
1294,1987,"Piratas, Quebradillas",30,433,wayback_bsnpr_players,https://web.archive.org/web/20070829041620id_/http://www.bsnpr.com:80/jugadores/jugador.asp?id=1294&e=,2026-09-08T14:39:35Z
1294,1988,"Piratas, Quebradillas",30,479,wayback_bsnpr_players,https://web.archive.org/web/20070829041620id_/http://www.bsnpr.com:80/jugadores/jugador.asp?id=1294&e=,2026-09-08T14:39:35Z
1294,1989,"Atleticos, San German",21,152,wayback_bsnpr_players,https://web.archive.org/web/20070829041620id_/http://www.bsnpr.com:80/jugadores/jugador.asp?id=1294&e=,2026-09-08T14:39:35Z
1294,1990,"Tainos, Cabo Rojo",5,28,wayback_bsnpr_players,https://web.archive.org/web/20070829041620id_/http://www.bsnpr.com:80/jugadores/jugador.asp?id=1294&e=,2026-09-08T14:39:35Z
1294,1991,"Piratas, Quebradillas",29,267,wayback_bsnpr_players,https://web.archive.org/web/20070829041620id_/http://www.bsnpr.com:80/jugadores/jugador.asp?id=1294&e=,2026-09-08T14:39:35Z
1297,1999,"Capitanes, Arecibo",5,4,wayback_bsnpr_players,https://web.archive.org/web/20070828230738id_/http://www.bsnpr.com:80/jugadores/jugador.asp?id=1297&e=,2026-09-08T14:39:36Z
1301,1961,"Cardenales, Rio Piedras",10,5,wayback_bsnpr_players,https://web.archive.org/web/20070829040115id_/http://www.bsnpr.com:80/jugadores/jugador.asp?id=1301&e=,2026-09-08T14:39:38Z
1305,1964,"Leones, Ponce",9,12,wayback_bsnpr_players,https://web.archive.org/web/20070829042344id_/http://www.bsnpr.com:80/jugadores/jugador.asp?id=1305&e=,2026-09-08T14:39:40Z
1305,1996,"Polluelos, Aibonito",16,50,wayback_bsnpr_players,https://web.archive.org/web/20070829042344id_/http://www.bsnpr.com:80/jugadores/jugador.asp?id=1305&e=,2026-09-08T14:39:40Z
1309,1985,"Capitanes, Arecibo",4,0,wayback_bsnpr_players,https://web.archive.org/web/20070828231524id_/http://www.bsnpr.com:80/jugadores/jugador.asp?id=1309&e=,2026-09-08T14:39:42Z
1309,1986,"Leones, Ponce",31,110,wayback_bsnpr_players,https://web.archive.org/web/20070828231524id_/http://www.bsnpr.com:80/jugadores/jugador.asp?id=1309&e=,2026-09-08T14:39:42Z
1309,1987,"Leones, Ponce",23,94,wayback_bsnpr_players,https://web.archive.org/web/20070828231524id_/http://www.bsnpr.com:80/jugadores/jugador.asp?id=1309&e=,2026-09-08T14:39:42Z
1309,1988,"Capitanes, Arecibo",18,47,wayback_bsnpr_players,https://web.archive.org/web/20070828231524id_/http://www.bsnpr.com:80/jugadores/jugador.asp?id=1309&e=,2026-09-08T14:39:42Z
1309,1988,"Conquistadores, Guaynabo",7,14,wayback_bsnpr_players,https://web.archive.org/web/20070828231524id_/http://www.bsnpr.com:80/jugadores/jugador.asp?id=1309&e=,2026-09-08T14:39:42Z
1309,1989,"Piratas, Quebradillas",7,26,wayback_bsnpr_players,https://web.archive.org/web/20070828231524id_/http://www.bsnpr.com:80/jugadores/jugador.asp?id=1309&e=,2026-09-08T14:39:42Z
1309,1995,"Atleticos, San German",10,8,wayback_bsnpr_players,https://web.archive.org/web/20070828231524id_/http://www.bsnpr.com:80/jugadores/jugador.asp?id=1309&e=,2026-09-08T14:39:42Z
1311,1993,"Leones, Ponce",21,26,wayback_bsnpr_players,https://web.archive.org/web/20070828224309id_/http://www.bsnpr.com:80/jugadores/jugador.asp?id=1311&e=,2026-09-08T14:39:44Z
1311,1994,"Maratonistas, Coamo",17,35,wayback_bsnpr_players,https://web.archive.org/web/20070828224309id_/http://www.bsnpr.com:80/jugadores/jugador.asp?id=1311&e=,2026-09-08T14:39:44Z
1311,1995,"Maratonistas, Coamo",32,128,wayback_bsnpr_players,https://web.archive.org/web/20070828224309id_/http://www.bsnpr.com:80/jugadores/jugador.asp?id=1311&e=,2026-09-08T14:39:44Z
1311,1996,"Avancinos, Villalba",29,52,wayback_bsnpr_players,https://web.archive.org/web/20070828224309id_/http://www.bsnpr.com:80/jugadores/jugador.asp?id=1311&e=,2026-09-08T14:39:44Z
1311,1997,"Avancinos, Villalba",29,47,wayback_bsnpr_players,https://web.archive.org/web/20070828224309id_/http://www.bsnpr.com:80/jugadores/jugador.asp?id=1311&e=,2026-09-08T14:39:44Z
1311,1998,"Avancinos, Villalba",23,31,wayback_bsnpr_players,https://web.archive.org/web/20070828224309id_/http://www.bsnpr.com:80/jugadores/jugador.asp?id=1311&e=,2026-09-08T14:39:44Z
1316,1966,"Cangrejeros, Santurce",10,28,wayback_bsnpr_players,https://web.archive.org/web/20070829040137id_/http://www.bsnpr.com:80/jugadores/jugador.asp?id=1316&e=,2026-09-08T14:39:46Z
1316,1967,"Cangrejeros, Santurce",24,112,wayback_bsnpr_players,https://web.archive.org/web/20070829040137id_/http://www.bsnpr.com:80/jugadores/jugador.asp?id=1316&e=,2026-09-08T14:39:46Z
1316,1969,"Criollos, Caguas",25,316,wayback_bsnpr_players,https://web.archive.org/web/20070829040137id_/http://www.bsnpr.com:80/jugadores/jugador.asp?id=1316&e=,2026-09-08T14:39:46Z
1316,1970,"Criollos, Caguas",23,131,wayback_bsnpr_players,https://web.archive.org/web/20070829040137id_/http://www.bsnpr.com:80/jugadores/jugador.asp?id=1316&e=,2026-09-08T14:39:46Z
1316,1971,"Criollos, Caguas",22,129,wayback_bsnpr_players,https://web.archive.org/web/20070829040137id_/http://www.bsnpr.com:80/jugadores/jugador.asp?id=1316&e=,2026-09-08T14:39:46Z
1316,1972,"Cardenales, Rio Piedras",1,0,wayback_bsnpr_players,https://web.archive.org/web/20070829040137id_/http://www.bsnpr.com:80/jugadores/jugador.asp?id=1316&e=,2026-09-08T14:39:46Z
1316,1973,"Cariduros, Fajardo",15,43,wayback_bsnpr_players,https://web.archive.org/web/20070829040137id_/http://www.bsnpr.com:80/jugadores/jugador.asp?id=1316&e=,2026-09-08T14:39:46Z
1316,1974,"Brujos, Guayama",22,66,wayback_bsnpr_players,https://web.archive.org/web/20070829040137id_/http://www.bsnpr.com:80/jugadores/jugador.asp?id=1316&e=,2026-09-08T14:39:46Z
1316,1975,"Brujos, Guayama",23,72,wayback_bsnpr_players,https://web.archive.org/web/20070829040137id_/http://www.bsnpr.com:80/jugadores/jugador.asp?id=1316&e=,2026-09-08T14:39:46Z
1324,1978,"Vaqueros, Bayamon",18,47,wayback_bsnpr_players,https://web.archive.org/web/20171030093708id_/http://www.bsnpr.com/jugadores/jugador.asp?id=1324,2026-09-08T14:39:48Z
1324,1979,"Vaqueros, Bayamon",30,354,wayback_bsnpr_players,https://web.archive.org/web/20171030093708id_/http://www.bsnpr.com/jugadores/jugador.asp?id=1324,2026-09-08T14:39:48Z
1324,1980,"Vaqueros, Bayamon",30,489,wayback_bsnpr_players,https://web.archive.org/web/20171030093708id_/http://www.bsnpr.com/jugadores/jugador.asp?id=1324,2026-09-08T14:39:48Z
1324,1981,"Vaqueros, Bayamon",33,599,wayback_bsnpr_players,https://web.archive.org/web/20171030093708id_/http://www.bsnpr.com/jugadores/jugador.asp?id=1324,2026-09-08T14:39:48Z
1324,1982,"Vaqueros, Bayamon",33,637,wayback_bsnpr_players,https://web.archive.org/web/20171030093708id_/http://www.bsnpr.com/jugadores/jugador.asp?id=1324,2026-09-08T14:39:48Z
1324,1983,"Atleticos, San German",33,694,wayback_bsnpr_players,https://web.archive.org/web/20171030093708id_/http://www.bsnpr.com/jugadores/jugador.asp?id=1324,2026-09-08T14:39:48Z
1324,1984,"Atleticos, San German",28,651,wayback_bsnpr_players,https://web.archive.org/web/20171030093708id_/http://www.bsnpr.com/jugadores/jugador.asp?id=1324,2026-09-08T14:39:48Z
1324,1985,"Mets, Guaynabo",33,580,wayback_bsnpr_players,https://web.archive.org/web/20171030093708id_/http://www.bsnpr.com/jugadores/jugador.asp?id=1324,2026-09-08T14:39:48Z
1324,1986,"Mets, Guaynabo",33,713,wayback_bsnpr_players,https://web.archive.org/web/20171030093708id_/http://www.bsnpr.com/jugadores/jugador.asp?id=1324,2026-09-08T14:39:48Z
1324,1987,"Mets, Guaynabo",30,613,wayback_bsnpr_players,https://web.archive.org/web/20171030093708id_/http://www.bsnpr.com/jugadores/jugador.asp?id=1324,2026-09-08T14:39:48Z
1324,1988,"Mets, Guaynabo",33,676,wayback_bsnpr_players,https://web.archive.org/web/20171030093708id_/http://www.bsnpr.com/jugadores/jugador.asp?id=1324,2026-09-08T14:39:48Z
1324,1989,"Indios, Canovanas",27,543,wayback_bsnpr_players,https://web.archive.org/web/20171030093708id_/http://www.bsnpr.com/jugadores/jugador.asp?id=1324,2026-09-08T14:39:48Z
1324,1990,"Indios, Canovanas",27,449,wayback_bsnpr_players,https://web.archive.org/web/20171030093708id_/http://www.bsnpr.com/jugadores/jugador.asp?id=1324,2026-09-08T14:39:48Z
1324,1991,"Indios, Canovanas",29,629,wayback_bsnpr_players,https://web.archive.org/web/20171030093708id_/http://www.bsnpr.com/jugadores/jugador.asp?id=1324,2026-09-08T14:39:48Z
1324,1992,"Capitanes, Arecibo",29,330,wayback_bsnpr_players,https://web.archive.org/web/20171030093708id_/http://www.bsnpr.com/jugadores/jugador.asp?id=1324,2026-09-08T14:39:48Z
1336,1982,"Capitanes, Arecibo",5,11,wayback_bsnpr_players,https://web.archive.org/web/20070829040348id_/http://www.bsnpr.com:80/jugadores/jugador.asp?id=1336&e=,2026-09-08T14:39:50Z
1336,1983,"Criollos, Caguas",5,6,wayback_bsnpr_players,https://web.archive.org/web/20070829040348id_/http://www.bsnpr.com:80/jugadores/jugador.asp?id=1336&e=,2026-09-08T14:39:50Z
1336,1984,"Criollos, Caguas",5,4,wayback_bsnpr_players,https://web.archive.org/web/20070829040348id_/http://www.bsnpr.com:80/jugadores/jugador.asp?id=1336&e=,2026-09-08T14:39:50Z
1336,1985,"Maratonistas, Coamo",22,74,wayback_bsnpr_players,https://web.archive.org/web/20070829040348id_/http://www.bsnpr.com:80/jugadores/jugador.asp?id=1336&e=,2026-09-08T14:39:50Z
1336,1986,"Maratonistas, Coamo",26,77,wayback_bsnpr_players,https://web.archive.org/web/20070829040348id_/http://www.bsnpr.com:80/jugadores/jugador.asp?id=1336&e=,2026-09-08T14:39:50Z
1336,1988,"Maratonistas, Coamo",30,172,wayback_bsnpr_players,https://web.archive.org/web/20070829040348id_/http://www.bsnpr.com:80/jugadores/jugador.asp?id=1336&e=,2026-09-08T14:39:50Z
1336,1989,"Criollos, Caguas",18,129,wayback_bsnpr_players,https://web.archive.org/web/20070829040348id_/http://www.bsnpr.com:80/jugadores/jugador.asp?id=1336&e=,2026-09-08T14:39:50Z
1336,1990,"Criollos, Caguas",27,100,wayback_bsnpr_players,https://web.archive.org/web/20070829040348id_/http://www.bsnpr.com:80/jugadores/jugador.asp?id=1336&e=,2026-09-08T14:39:50Z
1336,1991,"Criollos, Caguas",30,427,wayback_bsnpr_players,https://web.archive.org/web/20070829040348id_/http://www.bsnpr.com:80/jugadores/jugador.asp?id=1336&e=,2026-09-08T14:39:50Z
1336,1992,"Criollos, Caguas",33,442,wayback_bsnpr_players,https://web.archive.org/web/20070829040348id_/http://www.bsnpr.com:80/jugadores/jugador.asp?id=1336&e=,2026-09-08T14:39:50Z
1336,1993,"Criollos, Caguas",34,794,wayback_bsnpr_players,https://web.archive.org/web/20070829040348id_/http://www.bsnpr.com:80/jugadores/jugador.asp?id=1336&e=,2026-09-08T14:39:50Z
1336,1994,"Criollos, Caguas",30,393,wayback_bsnpr_players,https://web.archive.org/web/20070829040348id_/http://www.bsnpr.com:80/jugadores/jugador.asp?id=1336&e=,2026-09-08T14:39:50Z
1336,1995,"Criollos, Caguas",29,322,wayback_bsnpr_players,https://web.archive.org/web/20070829040348id_/http://www.bsnpr.com:80/jugadores/jugador.asp?id=1336&e=,2026-09-08T14:39:50Z
1336,1996,"Santos, San Juan",20,192,wayback_bsnpr_players,https://web.archive.org/web/20070829040348id_/http://www.bsnpr.com:80/jugadores/jugador.asp?id=1336&e=,2026-09-08T14:39:50Z
1339,2004,"Toritos, Cayey",5,3,wayback_bsnpr_players,https://web.archive.org/web/20080423221417id_/http://www.bsnpr.com:80/jugadores/jugador.asp?id=1339&e=2,2026-09-08T14:39:52Z
1339,2006,"Titanes, Morovis",1,0,wayback_bsnpr_players,https://web.archive.org/web/20080423221417id_/http://www.bsnpr.com:80/jugadores/jugador.asp?id=1339&e=2,2026-09-08T14:39:52Z
1339,2007,"Capitanes, Arecibo",3,3,wayback_bsnpr_players,https://web.archive.org/web/20080423221417id_/http://www.bsnpr.com:80/jugadores/jugador.asp?id=1339&e=2,2026-09-08T14:39:52Z
1339,2008,"Capitanes, Arecibo",2,4,wayback_bsnpr_players,https://web.archive.org/web/20080423221417id_/http://www.bsnpr.com:80/jugadores/jugador.asp?id=1339&e=2,2026-09-08T14:39:52Z
1347,1978,"Leones, Ponce",29,152,wayback_bsnpr_players,https://web.archive.org/web/20070829042430id_/http://www.bsnpr.com:80/jugadores/jugador.asp?id=1347&e=,2026-09-08T14:39:54Z
1347,1979,"Cardenales, Rio Piedras",28,709,wayback_bsnpr_players,https://web.archive.org/web/20070829042430id_/http://www.bsnpr.com:80/jugadores/jugador.asp?id=1347&e=,2026-09-08T14:39:54Z
1347,1979,"Leones, Ponce",18,76,wayback_bsnpr_players,https://web.archive.org/web/20070829042430id_/http://www.bsnpr.com:80/jugadores/jugador.asp?id=1347&e=,2026-09-08T14:39:54Z
1347,1980,"Leones, Ponce",29,182,wayback_bsnpr_players,https://web.archive.org/web/20070829042430id_/http://www.bsnpr.com:80/jugadores/jugador.asp?id=1347&e=,2026-09-08T14:39:54Z
1347,1981,"Leones, Ponce",33,223,wayback_bsnpr_players,https://web.archive.org/web/20070829042430id_/http://www.bsnpr.com:80/jugadores/jugador.asp?id=1347&e=,2026-09-08T14:39:54Z
1347,1982,"Leones, Ponce",32,295,wayback_bsnpr_players,https://web.archive.org/web/20070829042430id_/http://www.bsnpr.com:80/jugadores/jugador.asp?id=1347&e=,2026-09-08T14:39:54Z
1347,1983,"Leones, Ponce",19,223,wayback_bsnpr_players,https://web.archive.org/web/20070829042430id_/http://www.bsnpr.com:80/jugadores/jugador.asp?id=1347&e=,2026-09-08T14:39:54Z
1347,1984,"Leones, Ponce",26,277,wayback_bsnpr_players,https://web.archive.org/web/20070829042430id_/http://www.bsnpr.com:80/jugadores/jugador.asp?id=1347&e=,2026-09-08T14:39:54Z
1347,1985,"Conquistadores, Guaynabo",33,193,wayback_bsnpr_players,https://web.archive.org/web/20070829042430id_/http://www.bsnpr.com:80/jugadores/jugador.asp?id=1347&e=,2026-09-08T14:39:54Z
1347,1986,"Conquistadores, Guaynabo",33,344,wayback_bsnpr_players,https://web.archive.org/web/20070829042430id_/http://www.bsnpr.com:80/jugadores/jugador.asp?id=1347&e=,2026-09-08T14:39:54Z
1347,1987,"Leones, Ponce",29,299,wayback_bsnpr_players,https://web.archive.org/web/20070829042430id_/http://www.bsnpr.com:80/jugadores/jugador.asp?id=1347&e=,2026-09-08T14:39:54Z
1347,1988,"Leones, Ponce",21,106,wayback_bsnpr_players,https://web.archive.org/web/20070829042430id_/http://www.bsnpr.com:80/jugadores/jugador.asp?id=1347&e=,2026-09-08T14:39:54Z
1347,1989,"Leones, Ponce",28,143,wayback_bsnpr_players,https://web.archive.org/web/20070829042430id_/http://www.bsnpr.com:80/jugadores/jugador.asp?id=1347&e=,2026-09-08T14:39:54Z
1347,1990,"Leones, Ponce",30,149,wayback_bsnpr_players,https://web.archive.org/web/20070829042430id_/http://www.bsnpr.com:80/jugadores/jugador.asp?id=1347&e=,2026-09-08T14:39:54Z
1347,1991,"Leones, Ponce",30,220,wayback_bsnpr_players,https://web.archive.org/web/20070829042430id_/http://www.bsnpr.com:80/jugadores/jugador.asp?id=1347&e=,2026-09-08T14:39:54Z
1347,1992,"Maratonistas, Coamo",27,93,wayback_bsnpr_players,https://web.archive.org/web/20070829042430id_/http://www.bsnpr.com:80/jugadores/jugador.asp?id=1347&e=,2026-09-08T14:39:54Z
1347,1993,"Gigantes, Carolina",25,43,wayback_bsnpr_players,https://web.archive.org/web/20070829042430id_/http://www.bsnpr.com:80/jugadores/jugador.asp?id=1347&e=,2026-09-08T14:39:54Z
1347,1994,"Vaqueros, Bayamon",4,0,wayback_bsnpr_players,https://web.archive.org/web/20070829042430id_/http://www.bsnpr.com:80/jugadores/jugador.asp?id=1347&e=,2026-09-08T14:39:54Z
1351,1959,"Atleticos, San German",16,26,wayback_bsnpr_players,https://web.archive.org/web/20070828230322id_/http://www.bsnpr.com:80/jugadores/jugador.asp?id=1351&e=,2026-09-08T14:39:56Z
1351,1960,"Atleticos, San German",5,11,wayback_bsnpr_players,https://web.archive.org/web/20070828230322id_/http://www.bsnpr.com:80/jugadores/jugador.asp?id=1351&e=,2026-09-08T14:39:56Z
1351,1963,"Atleticos, San German",5,12,wayback_bsnpr_players,https://web.archive.org/web/20070828230322id_/http://www.bsnpr.com:80/jugadores/jugador.asp?id=1351&e=,2026-09-08T14:39:56Z
1353,1971,"Piratas, Quebradillas",20,70,wayback_bsnpr_players,https://web.archive.org/web/20070828225130id_/http://www.bsnpr.com:80/jugadores/jugador.asp?id=1353&e=,2026-09-08T14:39:58Z
1353,1972,"Piratas, Quebradillas",14,40,wayback_bsnpr_players,https://web.archive.org/web/20070828225130id_/http://www.bsnpr.com:80/jugadores/jugador.asp?id=1353&e=,2026-09-08T14:39:58Z
1353,1973,"Piratas, Quebradillas",21,30,wayback_bsnpr_players,https://web.archive.org/web/20070828225130id_/http://www.bsnpr.com:80/jugadores/jugador.asp?id=1353&e=,2026-09-08T14:39:58Z
1357,2002,"Maratonistas, Coamo",14,10,wayback_bsnpr_players,https://web.archive.org/web/20070828223351id_/http://www.bsnpr.com:80/jugadores/jugador.asp?id=1357&e=,2026-09-08T14:40:00Z
1357,2004,"Maratonistas, Coamo",24,20,wayback_bsnpr_players,https://web.archive.org/web/20070828223351id_/http://www.bsnpr.com:80/jugadores/jugador.asp?id=1357&e=,2026-09-08T14:40:00Z
1358,1989,"Leones, Ponce",10,23,wayback_bsnpr_players,https://web.archive.org/web/20171029173052id_/http://www.bsnpr.com/jugadores/jugador.asp?id=1358,2026-09-08T14:40:02Z
1358,1990,"Leones, Ponce",22,32,wayback_bsnpr_players,https://web.archive.org/web/20171029173052id_/http://www.bsnpr.com/jugadores/jugador.asp?id=1358,2026-09-08T14:40:02Z
1358,1991,"Leones, Ponce",30,184,wayback_bsnpr_players,https://web.archive.org/web/20171029173052id_/http://www.bsnpr.com/jugadores/jugador.asp?id=1358,2026-09-08T14:40:02Z
1358,1992,"Leones, Ponce",33,183,wayback_bsnpr_players,https://web.archive.org/web/20171029173052id_/http://www.bsnpr.com/jugadores/jugador.asp?id=1358,2026-09-08T14:40:02Z
1358,1993,"Leones, Ponce",15,199,wayback_bsnpr_players,https://web.archive.org/web/20171029173052id_/http://www.bsnpr.com/jugadores/jugador.asp?id=1358,2026-09-08T14:40:02Z
1358,1994,"Leones, Ponce",3,17,wayback_bsnpr_players,https://web.archive.org/web/20171029173052id_/http://www.bsnpr.com/jugadores/jugador.asp?id=1358,2026-09-08T14:40:02Z
1359,1978,"Leones, Ponce",16,61,wayback_bsnpr_players,https://web.archive.org/web/20070829040038id_/http://www.bsnpr.com:80/jugadores/jugador.asp?id=1359&e=,2026-09-08T14:40:04Z
1359,1979,"Leones, Ponce",29,167,wayback_bsnpr_players,https://web.archive.org/web/20070829040038id_/http://www.bsnpr.com:80/jugadores/jugador.asp?id=1359&e=,2026-09-08T14:40:04Z
1359,1980,"Leones, Ponce",24,195,wayback_bsnpr_players,https://web.archive.org/web/20070829040038id_/http://www.bsnpr.com:80/jugadores/jugador.asp?id=1359&e=,2026-09-08T14:40:04Z
1359,1981,"Indios, Canovanas",29,212,wayback_bsnpr_players,https://web.archive.org/web/20070829040038id_/http://www.bsnpr.com:80/jugadores/jugador.asp?id=1359&e=,2026-09-08T14:40:04Z
1359,1982,"Indios, Canovanas",32,270,wayback_bsnpr_players,https://web.archive.org/web/20070829040038id_/http://www.bsnpr.com:80/jugadores/jugador.asp?id=1359&e=,2026-09-08T14:40:04Z
1359,1983,"Indios, Canovanas",27,92,wayback_bsnpr_players,https://web.archive.org/web/20070829040038id_/http://www.bsnpr.com:80/jugadores/jugador.asp?id=1359&e=,2026-09-08T14:40:04Z
1359,1984,"Indios, Canovanas",29,238,wayback_bsnpr_players,https://web.archive.org/web/20070829040038id_/http://www.bsnpr.com:80/jugadores/jugador.asp?id=1359&e=,2026-09-08T14:40:04Z
1359,1985,"Vaqueros, Bayamon",33,238,wayback_bsnpr_players,https://web.archive.org/web/20070829040038id_/http://www.bsnpr.com:80/jugadores/jugador.asp?id=1359&e=,2026-09-08T14:40:04Z
1359,1986,"Indios, Canovanas",33,131,wayback_bsnpr_players,https://web.archive.org/web/20070829040038id_/http://www.bsnpr.com:80/jugadores/jugador.asp?id=1359&e=,2026-09-08T14:40:04Z
1359,1987,"Criollos, Caguas",28,88,wayback_bsnpr_players,https://web.archive.org/web/20070829040038id_/http://www.bsnpr.com:80/jugadores/jugador.asp?id=1359&e=,2026-09-08T14:40:04Z
1359,1988,"Conquistadores, Guaynabo",19,19,wayback_bsnpr_players,https://web.archive.org/web/20070829040038id_/http://www.bsnpr.com:80/jugadores/jugador.asp?id=1359&e=,2026-09-08T14:40:04Z
1373,1995,"Vaqueros, Bayamon",9,19,wayback_bsnpr_players,https://web.archive.org/web/20080224155307id_/http://www.bsnpr.com:80/jugadores/jugador.asp?id=1373&e=11,2026-09-08T14:40:06Z
1373,1996,"Polluelos, Aibonito",29,140,wayback_bsnpr_players,https://web.archive.org/web/20080224155307id_/http://www.bsnpr.com:80/jugadores/jugador.asp?id=1373&e=11,2026-09-08T14:40:06Z
1373,1997,"Cariduros, Fajardo",19,99,wayback_bsnpr_players,https://web.archive.org/web/20080224155307id_/http://www.bsnpr.com:80/jugadores/jugador.asp?id=1373&e=11,2026-09-08T14:40:06Z
1373,1998,"Cariduros, Fajardo",1,1,wayback_bsnpr_players,https://web.archive.org/web/20080224155307id_/http://www.bsnpr.com:80/jugadores/jugador.asp?id=1373&e=11,2026-09-08T14:40:06Z
1373,1999,"Indios, Mayaguez",11,16,wayback_bsnpr_players,https://web.archive.org/web/20080224155307id_/http://www.bsnpr.com:80/jugadores/jugador.asp?id=1373&e=11,2026-09-08T14:40:06Z
1373,2007,"Criollos, Caguas",13,15,wayback_bsnpr_players,https://web.archive.org/web/20080224155307id_/http://www.bsnpr.com:80/jugadores/jugador.asp?id=1373&e=11,2026-09-08T14:40:06Z
1376,1977,"Titanes, Morovis",11,80,wayback_bsnpr_players,https://web.archive.org/web/20070829035105id_/http://www.bsnpr.com:80/jugadores/jugador.asp?id=1376&e=,2026-09-08T14:40:08Z
1376,1982,"Capitanes, Arecibo",1,0,wayback_bsnpr_players,https://web.archive.org/web/20070829035105id_/http://www.bsnpr.com:80/jugadores/jugador.asp?id=1376&e=,2026-09-08T14:40:08Z
1377,1961,"Santos, San Juan",21,179,wayback_bsnpr_players,https://web.archive.org/web/20200110122014id_/https://www.bsnpr.com/jugadores/jugador.asp?id=1377,2026-09-08T14:40:10Z
1377,1962,"Santos, San Juan",14,173,wayback_bsnpr_players,https://web.archive.org/web/20200110122014id_/https://www.bsnpr.com/jugadores/jugador.asp?id=1377,2026-09-08T14:40:10Z
1377,1963,"Santos, San Juan",21,224,wayback_bsnpr_players,https://web.archive.org/web/20200110122014id_/https://www.bsnpr.com/jugadores/jugador.asp?id=1377,2026-09-08T14:40:10Z
1377,1964,"Santos, San Juan",14,213,wayback_bsnpr_players,https://web.archive.org/web/20200110122014id_/https://www.bsnpr.com/jugadores/jugador.asp?id=1377,2026-09-08T14:40:10Z
1377,1965,"Santos, San Juan",21,196,wayback_bsnpr_players,https://web.archive.org/web/20200110122014id_/https://www.bsnpr.com/jugadores/jugador.asp?id=1377,2026-09-08T14:40:10Z
1377,1966,"Vaqueros, Bayamon",21,196,wayback_bsnpr_players,https://web.archive.org/web/20200110122014id_/https://www.bsnpr.com/jugadores/jugador.asp?id=1377,2026-09-08T14:40:10Z
1377,1967,"Vaqueros, Bayamon",28,333,wayback_bsnpr_players,https://web.archive.org/web/20200110122014id_/https://www.bsnpr.com/jugadores/jugador.asp?id=1377,2026-09-08T14:40:10Z
1377,1968,"Vaqueros, Bayamon",21,343,wayback_bsnpr_players,https://web.archive.org/web/20200110122014id_/https://www.bsnpr.com/jugadores/jugador.asp?id=1377,2026-09-08T14:40:10Z
1377,1969,"Vaqueros, Bayamon",14,99,wayback_bsnpr_players,https://web.archive.org/web/20200110122014id_/https://www.bsnpr.com/jugadores/jugador.asp?id=1377,2026-09-08T14:40:10Z
1377,1970,"Vaqueros, Bayamon",27,231,wayback_bsnpr_players,https://web.archive.org/web/20200110122014id_/https://www.bsnpr.com/jugadores/jugador.asp?id=1377,2026-09-08T14:40:10Z
1377,1971,"Santos, San Juan",24,148,wayback_bsnpr_players,https://web.archive.org/web/20200110122014id_/https://www.bsnpr.com/jugadores/jugador.asp?id=1377,2026-09-08T14:40:10Z
1377,1972,"Vaqueros, Bayamon",17,36,wayback_bsnpr_players,https://web.archive.org/web/20200110122014id_/https://www.bsnpr.com/jugadores/jugador.asp?id=1377,2026-09-08T14:40:10Z
1377,1973,"Gigantes, Carolina",31,205,wayback_bsnpr_players,https://web.archive.org/web/20200110122014id_/https://www.bsnpr.com/jugadores/jugador.asp?id=1377,2026-09-08T14:40:10Z
1377,1974,"Criollos, Caguas",3,15,wayback_bsnpr_players,https://web.archive.org/web/20200110122014id_/https://www.bsnpr.com/jugadores/jugador.asp?id=1377,2026-09-08T14:40:10Z
1379,1973,"Cardenales, Rio Piedras",11,17,wayback_bsnpr_players,https://web.archive.org/web/20070829035223id_/http://www.bsnpr.com:80/jugadores/jugador.asp?id=1379&e=,2026-09-08T14:40:12Z
1379,1974,"Cardenales, Rio Piedras",25,127,wayback_bsnpr_players,https://web.archive.org/web/20070829035223id_/http://www.bsnpr.com:80/jugadores/jugador.asp?id=1379&e=,2026-09-08T14:40:12Z
1379,1975,"Cardenales, Rio Piedras",24,111,wayback_bsnpr_players,https://web.archive.org/web/20070829035223id_/http://www.bsnpr.com:80/jugadores/jugador.asp?id=1379&e=,2026-09-08T14:40:12Z
1379,1976,"Cardenales, Rio Piedras",32,275,wayback_bsnpr_players,https://web.archive.org/web/20070829035223id_/http://www.bsnpr.com:80/jugadores/jugador.asp?id=1379&e=,2026-09-08T14:40:12Z
1379,1977,"Cardenales, Rio Piedras",33,398,wayback_bsnpr_players,https://web.archive.org/web/20070829035223id_/http://www.bsnpr.com:80/jugadores/jugador.asp?id=1379&e=,2026-09-08T14:40:12Z
1379,1978,"Cardenales, Rio Piedras",33,437,wayback_bsnpr_players,https://web.archive.org/web/20070829035223id_/http://www.bsnpr.com:80/jugadores/jugador.asp?id=1379&e=,2026-09-08T14:40:12Z
1379,1979,"Vaqueros, Bayamon",26,408,wayback_bsnpr_players,https://web.archive.org/web/20070829035223id_/http://www.bsnpr.com:80/jugadores/jugador.asp?id=1379&e=,2026-09-08T14:40:12Z
1379,1980,"Vaqueros, Bayamon",30,342,wayback_bsnpr_players,https://web.archive.org/web/20070829035223id_/http://www.bsnpr.com:80/jugadores/jugador.asp?id=1379&e=,2026-09-08T14:40:12Z
1379,1981,"Vaqueros, Bayamon",20,37,wayback_bsnpr_players,https://web.archive.org/web/20070829035223id_/http://www.bsnpr.com:80/jugadores/jugador.asp?id=1379&e=,2026-09-08T14:40:12Z
1379,1982,"Indios, Canovanas",9,62,wayback_bsnpr_players,https://web.archive.org/web/20070829035223id_/http://www.bsnpr.com:80/jugadores/jugador.asp?id=1379&e=,2026-09-08T14:40:12Z
1385,2001,"Brujos, Guayama",16,63,wayback_bsnpr_players,https://web.archive.org/web/20130428000839id_/http://www.bsnpr.com:80/jugadores/jugador.asp?id=1385&e=,2026-09-08T14:40:14Z
1385,2003,"Gallitos, Isabela",3,1,wayback_bsnpr_players,https://web.archive.org/web/20130428000839id_/http://www.bsnpr.com:80/jugadores/jugador.asp?id=1385&e=,2026-09-08T14:40:14Z
1385,2004,"Toritos, Cayey",17,69,wayback_bsnpr_players,https://web.archive.org/web/20130428000839id_/http://www.bsnpr.com:80/jugadores/jugador.asp?id=1385&e=,2026-09-08T14:40:14Z
1385,2006,"Titanes, Morovis",23,186,wayback_bsnpr_players,https://web.archive.org/web/20130428000839id_/http://www.bsnpr.com:80/jugadores/jugador.asp?id=1385&e=,2026-09-08T14:40:14Z
1385,2007,"Maratonistas, Coamo",30,146,wayback_bsnpr_players,https://web.archive.org/web/20130428000839id_/http://www.bsnpr.com:80/jugadores/jugador.asp?id=1385&e=,2026-09-08T14:40:14Z
1385,2008,"Caciques-Gigantes, Humacao-Carolina",17,49,wayback_bsnpr_players,https://web.archive.org/web/20130428000839id_/http://www.bsnpr.com:80/jugadores/jugador.asp?id=1385&e=,2026-09-08T14:40:14Z
1385,2009,"Leones, Ponce",5,0,wayback_bsnpr_players,https://web.archive.org/web/20130428000839id_/http://www.bsnpr.com:80/jugadores/jugador.asp?id=1385&e=,2026-09-08T14:40:14Z
1385,2010,"Atleticos, San German",3,22,wayback_bsnpr_players,https://web.archive.org/web/20130428000839id_/http://www.bsnpr.com:80/jugadores/jugador.asp?id=1385&e=,2026-09-08T14:40:14Z
1385,2013,"Mets, Guaynabo",1,0,wayback_bsnpr_players,https://web.archive.org/web/20130428000839id_/http://www.bsnpr.com:80/jugadores/jugador.asp?id=1385&e=,2026-09-08T14:40:14Z
1387,2000,"Atleticos, San German",28,541,wayback_bsnpr_players,https://web.archive.org/web/20180408010551id_/http://www.bsnpr.com/jugadores/jugador.asp?id=1387,2026-09-08T14:40:16Z
1388,2001,"Leones, Ponce",20,213,wayback_bsnpr_players,https://web.archive.org/web/20091206232034id_/http://www.bsnpr.com:80/jugadores/jugador.asp?id=1388&e=,2026-09-08T14:40:18Z
1388,2002,"Leones, Ponce",28,463,wayback_bsnpr_players,https://web.archive.org/web/20091206232034id_/http://www.bsnpr.com:80/jugadores/jugador.asp?id=1388&e=,2026-09-08T14:40:18Z
1388,2003,"Leones, Ponce",24,252,wayback_bsnpr_players,https://web.archive.org/web/20091206232034id_/http://www.bsnpr.com:80/jugadores/jugador.asp?id=1388&e=,2026-09-08T14:40:18Z
1388,2004,"Leones, Ponce",30,283,wayback_bsnpr_players,https://web.archive.org/web/20091206232034id_/http://www.bsnpr.com:80/jugadores/jugador.asp?id=1388&e=,2026-09-08T14:40:18Z
1388,2005,"Capitanes, Arecibo",32,381,wayback_bsnpr_players,https://web.archive.org/web/20091206232034id_/http://www.bsnpr.com:80/jugadores/jugador.asp?id=1388&e=,2026-09-08T14:40:18Z
1388,2006,"Capitanes, Arecibo",26,189,wayback_bsnpr_players,https://web.archive.org/web/20091206232034id_/http://www.bsnpr.com:80/jugadores/jugador.asp?id=1388&e=,2026-09-08T14:40:18Z
1388,2007,"Indios, Mayaguez",30,445,wayback_bsnpr_players,https://web.archive.org/web/20091206232034id_/http://www.bsnpr.com:80/jugadores/jugador.asp?id=1388&e=,2026-09-08T14:40:18Z
1388,2008,"Capitanes, Arecibo",11,61,wayback_bsnpr_players,https://web.archive.org/web/20091206232034id_/http://www.bsnpr.com:80/jugadores/jugador.asp?id=1388&e=,2026-09-08T14:40:18Z
1388,2008,"Indios, Mayaguez",20,309,wayback_bsnpr_players,https://web.archive.org/web/20091206232034id_/http://www.bsnpr.com:80/jugadores/jugador.asp?id=1388&e=,2026-09-08T14:40:18Z
1388,2009,"Indios, Mayaguez",30,257,wayback_bsnpr_players,https://web.archive.org/web/20091206232034id_/http://www.bsnpr.com:80/jugadores/jugador.asp?id=1388&e=,2026-09-08T14:40:18Z
1395,1993,"Cariduros, Fajardo",13,202,wayback_bsnpr_players,https://web.archive.org/web/20070828224319id_/http://www.bsnpr.com:80/jugadores/jugador.asp?id=1395&e=,2026-09-08T14:40:21Z
1403,1994,"Indios, Mayaguez",4,41,wayback_bsnpr_players,https://web.archive.org/web/20070828230940id_/http://www.bsnpr.com:80/jugadores/jugador.asp?id=1403&e=,2026-09-08T14:40:23Z
1405,2002,"Vaqueros, Bayamon",17,212,wayback_bsnpr_players,https://web.archive.org/web/20151224105242id_/http://bsnpr.com/jugadores/jugador.asp?id=1405&e=,2026-09-08T14:40:25Z
1405,2003,"Vaqueros, Bayamon",7,116,wayback_bsnpr_players,https://web.archive.org/web/20151224105242id_/http://bsnpr.com/jugadores/jugador.asp?id=1405&e=,2026-09-08T14:40:25Z
1408,1997,"Santos, San Juan",3,36,wayback_bsnpr_players,https://web.archive.org/web/20070829035344id_/http://www.bsnpr.com:80/jugadores/jugador.asp?id=1408&e=,2026-09-08T14:40:27Z
1411,2004,"Gallitos, Isabela",17,270,wayback_bsnpr_players,https://web.archive.org/web/20160214153825id_/http://bsnpr.com/jugadores/jugador.asp?id=1411,2026-09-08T14:40:29Z
1411,2006,"Mets, Guaynabo",26,370,wayback_bsnpr_players,https://web.archive.org/web/20160214153825id_/http://bsnpr.com/jugadores/jugador.asp?id=1411,2026-09-08T14:40:29Z
1411,2007,"Maratonistas, Coamo",15,211,wayback_bsnpr_players,https://web.archive.org/web/20160214153825id_/http://bsnpr.com/jugadores/jugador.asp?id=1411,2026-09-08T14:40:29Z
1411,2008,"Mets, Guaynabo",31,455,wayback_bsnpr_players,https://web.archive.org/web/20160214153825id_/http://bsnpr.com/jugadores/jugador.asp?id=1411,2026-09-08T14:40:29Z
1415,2004,"Toritos, Cayey",29,334,wayback_bsnpr_players,https://web.archive.org/web/20070829035442id_/http://www.bsnpr.com:80/jugadores/jugador.asp?id=1415&e=,2026-09-08T14:40:31Z
1416,2001,"Capitanes, Arecibo",9,103,wayback_bsnpr_players,https://web.archive.org/web/20070828231656id_/http://www.bsnpr.com:80/jugadores/jugador.asp?id=1416&e=,2026-09-08T14:40:33Z
1429,2004,"Indios, Mayaguez",5,101,wayback_bsnpr_players,https://web.archive.org/web/20090429221318id_/http://www.bsnpr.com:80/jugadores/jugador.asp?id=1429&e=14,2026-09-08T14:40:34Z
1429,2004,"Toritos, Cayey",17,412,wayback_bsnpr_players,https://web.archive.org/web/20090429221318id_/http://www.bsnpr.com:80/jugadores/jugador.asp?id=1429&e=14,2026-09-08T14:40:34Z
1429,2005,"Grises, Humacao",25,570,wayback_bsnpr_players,https://web.archive.org/web/20090429221318id_/http://www.bsnpr.com:80/jugadores/jugador.asp?id=1429&e=14,2026-09-08T14:40:34Z
1429,2006,"Capitanes, Arecibo",10,214,wayback_bsnpr_players,https://web.archive.org/web/20090429221318id_/http://www.bsnpr.com:80/jugadores/jugador.asp?id=1429&e=14,2026-09-08T14:40:34Z
1429,2007,"Vaqueros, Bayamon",9,126,wayback_bsnpr_players,https://web.archive.org/web/20090429221318id_/http://www.bsnpr.com:80/jugadores/jugador.asp?id=1429&e=14,2026-09-08T14:40:34Z
1429,2008,"Vaqueros, Bayamon",29,477,wayback_bsnpr_players,https://web.archive.org/web/20090429221318id_/http://www.bsnpr.com:80/jugadores/jugador.asp?id=1429&e=14,2026-09-08T14:40:34Z
1429,2009,"Conquistadores, Guaynabo",4,73,wayback_bsnpr_players,https://web.archive.org/web/20090429221318id_/http://www.bsnpr.com:80/jugadores/jugador.asp?id=1429&e=14,2026-09-08T14:40:34Z
1434,1995,"Leones, Ponce",2,2,wayback_bsnpr_players,https://web.archive.org/web/20070828223408id_/http://www.bsnpr.com:80/jugadores/jugador.asp?id=1434&e=,2026-09-08T14:40:36Z
1438,2002,"Toritos, Cayey",5,5,wayback_bsnpr_players,https://web.archive.org/web/20070828223646id_/http://www.bsnpr.com:80/jugadores/jugador.asp?id=1438&e=,2026-09-08T14:40:38Z
1440,2001,"Gallitos, Isabela",7,14,wayback_bsnpr_players,https://web.archive.org/web/20070828224105id_/http://www.bsnpr.com:80/jugadores/jugador.asp?id=1440&e=,2026-09-08T14:40:40Z
1442,1997,"Vaqueros, Bayamon",15,111,wayback_bsnpr_players,https://web.archive.org/web/20070828230728id_/http://www.bsnpr.com:80/jugadores/jugador.asp?id=1442&e=,2026-09-08T14:40:42Z
1442,1998,"Vaqueros, Bayamon",28,298,wayback_bsnpr_players,https://web.archive.org/web/20070828230728id_/http://www.bsnpr.com:80/jugadores/jugador.asp?id=1442&e=,2026-09-08T14:40:42Z
1442,1999,"Vaqueros, Bayamon",29,353,wayback_bsnpr_players,https://web.archive.org/web/20070828230728id_/http://www.bsnpr.com:80/jugadores/jugador.asp?id=1442&e=,2026-09-08T14:40:42Z
1442,2000,"Vaqueros, Bayamon",24,456,wayback_bsnpr_players,https://web.archive.org/web/20070828230728id_/http://www.bsnpr.com:80/jugadores/jugador.asp?id=1442&e=,2026-09-08T14:40:42Z
1442,2001,"Atleticos, San German",21,283,wayback_bsnpr_players,https://web.archive.org/web/20070828230728id_/http://www.bsnpr.com:80/jugadores/jugador.asp?id=1442&e=,2026-09-08T14:40:42Z
1442,2002,"Atleticos, San German",0,0,wayback_bsnpr_players,https://web.archive.org/web/20070828230728id_/http://www.bsnpr.com:80/jugadores/jugador.asp?id=1442&e=,2026-09-08T14:40:42Z
1442,2002,"Toritos, Cayey",9,154,wayback_bsnpr_players,https://web.archive.org/web/20070828230728id_/http://www.bsnpr.com:80/jugadores/jugador.asp?id=1442&e=,2026-09-08T14:40:42Z
1442,2003,"Indios, Mayaguez",25,328,wayback_bsnpr_players,https://web.archive.org/web/20070828230728id_/http://www.bsnpr.com:80/jugadores/jugador.asp?id=1442&e=,2026-09-08T14:40:42Z
1442,2004,"Vaqueros, Bayamon",14,95,wayback_bsnpr_players,https://web.archive.org/web/20070828230728id_/http://www.bsnpr.com:80/jugadores/jugador.asp?id=1442&e=,2026-09-08T14:40:42Z
1442,2005,"Grises, Humacao",7,91,wayback_bsnpr_players,https://web.archive.org/web/20070828230728id_/http://www.bsnpr.com:80/jugadores/jugador.asp?id=1442&e=,2026-09-08T14:40:42Z
1443,1991,"Gallitos, Isabela",27,74,wayback_bsnpr_players,https://web.archive.org/web/20070828223641id_/http://www.bsnpr.com:80/jugadores/jugador.asp?id=1443&e=,2026-09-08T14:40:44Z
1443,1992,"Gallitos, Isabela",29,105,wayback_bsnpr_players,https://web.archive.org/web/20070828223641id_/http://www.bsnpr.com:80/jugadores/jugador.asp?id=1443&e=,2026-09-08T14:40:44Z
1445,1997,"Tiburones, Aguadilla",8,7,wayback_bsnpr_players,https://web.archive.org/web/20070829042546id_/http://www.bsnpr.com:80/jugadores/jugador.asp?id=1445&e=,2026-09-08T14:40:46Z
1445,1999,"Conquistadores, Guaynabo",7,17,wayback_bsnpr_players,https://web.archive.org/web/20070829042546id_/http://www.bsnpr.com:80/jugadores/jugador.asp?id=1445&e=,2026-09-08T14:40:46Z
1445,2002,"Indios, Mayaguez",12,16,wayback_bsnpr_players,https://web.archive.org/web/20070829042546id_/http://www.bsnpr.com:80/jugadores/jugador.asp?id=1445&e=,2026-09-08T14:40:46Z
